window_size,window_id,line_start,line_end,lines,stable_lines,middle_lines,residual_lines,stable_share,middle_share,residual_share,residual_self_adjacent,residual_near_stable,residual_near_middle,residual_self_adjacent_share,residual_near_stable_share,dominant_residual_family_share,dominant_residual_family,local_residue_posture
25,1,1,25,25,25,0,0,1.0,0.0,0.0,,,,,,0.4,beat rr=rr_long delta=delta_up member=<num>,generic
25,2,26,50,25,23,2,0,0.92,0.08,0.0,,,,,,0.64,beat rr=rr_long delta=delta_down member=<num>,generic
25,3,51,75,25,25,0,0,1.0,0.0,0.0,,,,,,0.44,beat rr=rr_long delta=delta_up member=<num>,generic
25,4,76,100,25,22,3,0,0.88,0.12,0.0,,,,,,0.52,beat rr=rr_long delta=delta_down member=<num>,generic
25,5,101,125,25,25,0,0,1.0,0.0,0.0,,,,,,0.48,beat rr=rr_long delta=delta_up member=<num>,generic
25,6,126,150,25,23,2,0,0.92,0.08,0.0,,,,,,0.52,beat rr=rr_long delta=delta_up member=<num>,generic
25,7,151,175,25,25,0,0,1.0,0.0,0.0,,,,,,0.44,beat rr=rr_long delta=delta_down member=<num>,generic
25,8,176,200,25,25,0,0,1.0,0.0,0.0,,,,,,0.44,beat rr=rr_long delta=delta_up member=<num>,generic
25,9,201,225,25,25,0,0,1.0,0.0,0.0,,,,,,0.4,beat rr=rr_long delta=delta_down member=<num>,generic
25,10,226,250,25,25,0,0,1.0,0.0,0.0,,,,,,0.36,beat rr=rr_long delta=delta_up member=<num>,generic
25,11,251,275,25,25,0,0,1.0,0.0,0.0,,,,,,0.44,beat rr=rr_long delta=delta_up member=<num>,generic
25,12,276,300,25,25,0,0,1.0,0.0,0.0,,,,,,0.4,beat rr=rr_long delta=delta_up member=<num>,generic
25,13,301,325,25,25,0,0,1.0,0.0,0.0,,,,,,0.4,beat rr=rr_long delta=delta_up member=<num>,generic
25,14,326,350,25,25,0,0,1.0,0.0,0.0,,,,,,0.4,beat rr=rr_long delta=delta_down member=<num>,generic
25,15,351,375,25,25,0,0,1.0,0.0,0.0,,,,,,0.4,beat rr=rr_long delta=delta_down member=<num>,generic
25,16,376,400,25,25,0,0,1.0,0.0,0.0,,,,,,0.44,beat rr=rr_long delta=delta_flat member=<num>,generic
25,17,401,425,25,25,0,0,1.0,0.0,0.0,,,,,,0.52,beat rr=rr_long delta=delta_flat member=<num>,generic
25,18,426,450,25,25,0,0,1.0,0.0,0.0,,,,,,0.4,beat rr=rr_long delta=delta_up member=<num>,generic
25,19,451,475,25,25,0,0,1.0,0.0,0.0,,,,,,0.44,beat rr=rr_long delta=delta_down member=<num>,generic
25,20,476,500,25,25,0,0,1.0,0.0,0.0,,,,,,0.36,beat rr=rr_long delta=delta_down member=<num>,generic
25,21,501,525,25,25,0,0,1.0,0.0,0.0,,,,,,0.4,beat rr=rr_long delta=delta_down member=<num>,generic
25,22,526,550,25,25,0,0,1.0,0.0,0.0,,,,,,0.4,beat rr=rr_long delta=delta_up member=<num>,generic
25,23,551,575,25,25,0,0,1.0,0.0,0.0,,,,,,0.4,beat rr=rr_long delta=delta_flat member=<num>,generic
25,24,576,600,25,25,0,0,1.0,0.0,0.0,,,,,,0.48,beat rr=rr_long delta=delta_flat member=<num>,generic
25,25,601,625,25,25,0,0,1.0,0.0,0.0,,,,,,0.4,beat rr=rr_long delta=delta_flat member=<num>,generic
25,26,626,650,25,25,0,0,1.0,0.0,0.0,,,,,,0.36,beat rr=rr_long delta=delta_down member=<num>,generic
25,27,651,675,25,25,0,0,1.0,0.0,0.0,,,,,,0.4,beat rr=rr_long delta=delta_down member=<num>,generic
25,28,676,700,25,25,0,0,1.0,0.0,0.0,,,,,,0.56,beat rr=rr_long delta=delta_flat member=<num>,generic
25,29,701,725,25,25,0,0,1.0,0.0,0.0,,,,,,0.36,beat rr=rr_long delta=delta_up member=<num>,generic
25,30,726,750,25,25,0,0,1.0,0.0,0.0,,,,,,0.52,beat rr=rr_long delta=delta_flat member=<num>,generic
25,31,751,775,25,25,0,0,1.0,0.0,0.0,,,,,,0.4,beat rr=rr_long delta=delta_up member=<num>,generic
25,32,776,800,25,25,0,0,1.0,0.0,0.0,,,,,,0.56,beat rr=rr_long delta=delta_flat member=<num>,generic
25,33,801,825,25,25,0,0,1.0,0.0,0.0,,,,,,0.36,beat rr=rr_long delta=delta_flat member=<num>,generic
25,34,826,850,25,25,0,0,1.0,0.0,0.0,,,,,,0.44,beat rr=rr_long delta=delta_flat member=<num>,generic
25,35,851,875,25,25,0,0,1.0,0.0,0.0,,,,,,0.56,beat rr=rr_long delta=delta_flat member=<num>,generic
25,36,876,900,25,25,0,0,1.0,0.0,0.0,,,,,,0.44,beat rr=rr_long delta=delta_flat member=<num>,generic
25,37,901,925,25,25,0,0,1.0,0.0,0.0,,,,,,0.36,beat rr=rr_long delta=delta_flat member=<num>,generic
25,38,926,950,25,25,0,0,1.0,0.0,0.0,,,,,,0.4,beat rr=rr_long delta=delta_up member=<num>,generic
25,39,951,975,25,25,0,0,1.0,0.0,0.0,,,,,,0.36,beat rr=rr_long delta=delta_flat member=<num>,generic
25,40,976,1000,25,25,0,0,1.0,0.0,0.0,,,,,,0.44,beat rr=rr_long delta=delta_flat member=<num>,generic
25,41,1001,1025,25,25,0,0,1.0,0.0,0.0,,,,,,0.44,beat rr=rr_long delta=delta_down member=<num>,generic
25,42,1026,1050,25,25,0,0,1.0,0.0,0.0,,,,,,0.44,beat rr=rr_long delta=delta_up member=<num>,generic
25,43,1051,1075,25,22,3,0,0.88,0.12,0.0,,,,,,0.48,beat rr=rr_long delta=delta_down member=<num>,generic
25,44,1076,1100,25,23,2,0,0.92,0.08,0.0,,,,,,0.48,beat rr=rr_long delta=delta_down member=<num>,generic
25,45,1101,1125,25,25,0,0,1.0,0.0,0.0,,,,,,0.44,beat rr=rr_long delta=delta_down member=<num>,generic
25,46,1126,1150,25,25,0,0,1.0,0.0,0.0,,,,,,0.4,beat rr=rr_long delta=delta_up member=<num>,generic
25,47,1151,1175,25,25,0,0,1.0,0.0,0.0,,,,,,0.44,beat rr=rr_long delta=delta_down member=<num>,generic
25,48,1176,1200,25,25,0,0,1.0,0.0,0.0,,,,,,0.44,beat rr=rr_long delta=delta_down member=<num>,generic
25,49,1201,1225,25,25,0,0,1.0,0.0,0.0,,,,,,0.44,beat rr=rr_long delta=delta_down member=<num>,generic
25,50,1226,1250,25,25,0,0,1.0,0.0,0.0,,,,,,0.48,beat rr=rr_long delta=delta_down member=<num>,generic
25,51,1251,1275,25,22,3,0,0.88,0.12,0.0,,,,,,0.44,beat rr=rr_long delta=delta_down member=<num>,generic
25,52,1276,1300,25,25,0,0,1.0,0.0,0.0,,,,,,0.44,beat rr=rr_long delta=delta_up member=<num>,generic
25,53,1301,1325,25,25,0,0,1.0,0.0,0.0,,,,,,0.48,beat rr=rr_long delta=delta_down member=<num>,generic
25,54,1326,1350,25,25,0,0,1.0,0.0,0.0,,,,,,0.44,beat rr=rr_long delta=delta_down member=<num>,generic
25,55,1351,1375,25,25,0,0,1.0,0.0,0.0,,,,,,0.4,beat rr=rr_long delta=delta_down member=<num>,generic
25,56,1376,1400,25,25,0,0,1.0,0.0,0.0,,,,,,0.44,beat rr=rr_long delta=delta_down member=<num>,generic
25,57,1401,1425,25,25,0,0,1.0,0.0,0.0,,,,,,0.48,beat rr=rr_long delta=delta_up member=<num>,generic
25,58,1426,1450,25,25,0,0,1.0,0.0,0.0,,,,,,0.52,beat rr=rr_long delta=delta_down member=<num>,generic
25,59,1451,1475,25,22,3,0,0.88,0.12,0.0,,,,,,0.52,beat rr=rr_long delta=delta_down member=<num>,generic
25,60,1476,1500,25,25,0,0,1.0,0.0,0.0,,,,,,0.44,beat rr=rr_long delta=delta_down member=<num>,generic
25,61,1501,1525,25,25,0,0,1.0,0.0,0.0,,,,,,0.44,beat rr=rr_long delta=delta_up member=<num>,generic
25,62,1526,1550,25,23,2,0,0.92,0.08,0.0,,,,,,0.48,beat rr=rr_long delta=delta_down member=<num>,generic
25,63,1551,1575,25,22,3,0,0.88,0.12,0.0,,,,,,0.44,beat rr=rr_long delta=delta_up member=<num>,generic
25,64,1576,1600,25,25,0,0,1.0,0.0,0.0,,,,,,0.48,beat rr=rr_long delta=delta_up member=<num>,generic
25,65,1601,1625,25,22,3,0,0.88,0.12,0.0,,,,,,0.44,beat rr=rr_long delta=delta_down member=<num>,generic
25,66,1626,1650,25,25,0,0,1.0,0.0,0.0,,,,,,0.4,beat rr=rr_long delta=delta_up member=<num>,generic
25,67,1651,1675,25,25,0,0,1.0,0.0,0.0,,,,,,0.48,beat rr=rr_long delta=delta_down member=<num>,generic
25,68,1676,1700,25,25,0,0,1.0,0.0,0.0,,,,,,0.48,beat rr=rr_long delta=delta_down member=<num>,generic
25,69,1701,1725,25,25,0,0,1.0,0.0,0.0,,,,,,0.36,beat rr=rr_long delta=delta_down member=<num>,generic
25,70,1726,1750,25,25,0,0,1.0,0.0,0.0,,,,,,0.4,beat rr=rr_long delta=delta_down member=<num>,generic
25,71,1751,1775,25,25,0,0,1.0,0.0,0.0,,,,,,0.36,beat rr=rr_long delta=delta_up member=<num>,generic
25,72,1776,1800,25,25,0,0,1.0,0.0,0.0,,,,,,0.4,beat rr=rr_long delta=delta_up member=<num>,generic
25,73,1801,1825,25,25,0,0,1.0,0.0,0.0,,,,,,0.4,beat rr=rr_long delta=delta_down member=<num>,generic
25,74,1826,1850,25,25,0,0,1.0,0.0,0.0,,,,,,0.44,beat rr=rr_long delta=delta_up member=<num>,generic
25,75,1851,1875,25,25,0,0,1.0,0.0,0.0,,,,,,0.4,beat rr=rr_long delta=delta_down member=<num>,generic
25,76,1876,1900,25,25,0,0,1.0,0.0,0.0,,,,,,0.44,beat rr=rr_long delta=delta_down member=<num>,generic
25,77,1901,1925,25,22,3,0,0.88,0.12,0.0,,,,,,0.48,beat rr=rr_long delta=delta_up member=<num>,generic
25,78,1926,1950,25,25,0,0,1.0,0.0,0.0,,,,,,0.4,beat rr=rr_long delta=delta_down member=<num>,generic
25,79,1951,1975,25,25,0,0,1.0,0.0,0.0,,,,,,0.4,beat rr=rr_long delta=delta_up member=<num>,generic
25,80,1976,2000,25,25,0,0,1.0,0.0,0.0,,,,,,0.36,beat rr=rr_long delta=delta_down member=<num>,generic
25,81,2001,2025,25,25,0,0,1.0,0.0,0.0,,,,,,0.36,beat rr=rr_long delta=delta_down member=<num>,generic
25,82,2026,2050,25,25,0,0,1.0,0.0,0.0,,,,,,0.44,beat rr=rr_long delta=delta_up member=<num>,generic
25,83,2051,2075,25,25,0,0,1.0,0.0,0.0,,,,,,0.48,beat rr=rr_long delta=delta_down member=<num>,generic
25,84,2076,2100,25,22,3,0,0.88,0.12,0.0,,,,,,0.48,beat rr=rr_long delta=delta_up member=<num>,generic
25,85,2101,2125,25,23,2,0,0.92,0.08,0.0,,,,,,0.48,beat rr=rr_long delta=delta_up member=<num>,generic
25,86,2126,2150,25,25,0,0,1.0,0.0,0.0,,,,,,0.36,beat rr=rr_long delta=delta_up member=<num>,generic
25,87,2151,2175,25,25,0,0,1.0,0.0,0.0,,,,,,0.4,beat rr=rr_long delta=delta_up member=<num>,generic
25,88,2176,2200,25,22,3,0,0.88,0.12,0.0,,,,,,0.48,beat rr=rr_long delta=delta_down member=<num>,generic
25,89,2201,2225,25,25,0,0,1.0,0.0,0.0,,,,,,0.44,beat rr=rr_long delta=delta_up member=<num>,generic
25,90,2226,2250,25,25,0,0,1.0,0.0,0.0,,,,,,0.48,beat rr=rr_long delta=delta_down member=<num>,generic
25,91,2251,2275,25,22,3,0,0.88,0.12,0.0,,,,,,0.48,beat rr=rr_long delta=delta_up member=<num>,generic
25,92,2276,2300,25,25,0,0,1.0,0.0,0.0,,,,,,0.48,beat rr=rr_long delta=delta_down member=<num>,generic
25,93,2301,2325,25,22,3,0,0.88,0.12,0.0,,,,,,0.48,beat rr=rr_long delta=delta_up member=<num>,generic
25,94,2326,2350,25,25,0,0,1.0,0.0,0.0,,,,,,0.4,beat rr=rr_long delta=delta_up member=<num>,generic
25,95,2351,2375,25,24,0,1,0.96,0.0,0.04,,,,,,0.6,beat rr=rr_long delta=delta_down member=<num>,generic
25,96,2376,2400,25,25,0,0,1.0,0.0,0.0,,,,,,0.44,beat rr=rr_long delta=delta_up member=<num>,generic
25,97,2401,2425,25,25,0,0,1.0,0.0,0.0,,,,,,0.48,beat rr=rr_long delta=delta_down member=<num>,generic
25,98,2426,2450,25,25,0,0,1.0,0.0,0.0,,,,,,0.52,beat rr=rr_long delta=delta_down member=<num>,generic
25,99,2451,2475,25,23,2,0,0.92,0.08,0.0,,,,,,0.48,beat rr=rr_long delta=delta_up member=<num>,generic
25,100,2476,2500,25,25,0,0,1.0,0.0,0.0,,,,,,0.48,beat rr=rr_long delta=delta_down member=<num>,generic
25,101,2501,2525,25,25,0,0,1.0,0.0,0.0,,,,,,0.4,beat rr=rr_long delta=delta_up member=<num>,generic
25,102,2526,2550,25,24,0,1,0.96,0.0,0.04,,,,,,0.56,beat rr=rr_long delta=delta_up member=<num>,generic
25,103,2551,2575,25,25,0,0,1.0,0.0,0.0,,,,,,0.44,beat rr=rr_long delta=delta_down member=<num>,generic
25,104,2576,2600,25,24,0,1,0.96,0.0,0.04,,,,,,0.52,beat rr=rr_long delta=delta_down member=<num>,generic
25,105,2601,2625,25,25,0,0,1.0,0.0,0.0,,,,,,0.4,beat rr=rr_long delta=delta_up member=<num>,generic
25,106,2626,2650,25,25,0,0,1.0,0.0,0.0,,,,,,0.48,beat rr=rr_long delta=delta_up member=<num>,generic
25,107,2651,2675,25,25,0,0,1.0,0.0,0.0,,,,,,0.48,beat rr=rr_long delta=delta_down member=<num>,generic
25,108,2676,2700,25,24,0,1,0.96,0.0,0.04,,,,,,0.52,beat rr=rr_long delta=delta_up member=<num>,generic
25,109,2701,2725,25,25,0,0,1.0,0.0,0.0,,,,,,0.4,beat rr=rr_long delta=delta_down member=<num>,generic
25,110,2726,2750,25,25,0,0,1.0,0.0,0.0,,,,,,0.4,beat rr=rr_long delta=delta_up member=<num>,generic
25,111,2751,2775,25,25,0,0,1.0,0.0,0.0,,,,,,0.4,beat rr=rr_long delta=delta_down member=<num>,generic
25,112,2776,2800,25,25,0,0,1.0,0.0,0.0,,,,,,0.56,beat rr=rr_long delta=delta_down member=<num>,generic
25,113,2801,2825,25,25,0,0,1.0,0.0,0.0,,,,,,0.44,beat rr=rr_long delta=delta_flat member=<num>,generic
25,114,2826,2850,25,25,0,0,1.0,0.0,0.0,,,,,,0.4,beat rr=rr_long delta=delta_down member=<num>,generic
25,115,2851,2875,25,25,0,0,1.0,0.0,0.0,,,,,,0.48,beat rr=rr_long delta=delta_down member=<num>,generic
25,116,2876,2900,25,25,0,0,1.0,0.0,0.0,,,,,,0.36,beat rr=rr_long delta=delta_down member=<num>,generic
25,117,2901,2925,25,25,0,0,1.0,0.0,0.0,,,,,,0.52,beat rr=rr_long delta=delta_down member=<num>,generic
25,118,2926,2950,25,25,0,0,1.0,0.0,0.0,,,,,,0.44,beat rr=rr_long delta=delta_down member=<num>,generic
25,119,2951,2975,25,22,3,0,0.88,0.12,0.0,,,,,,0.48,beat rr=rr_long delta=delta_down member=<num>,generic
25,120,2976,3000,25,25,0,0,1.0,0.0,0.0,,,,,,0.4,beat rr=rr_long delta=delta_up member=<num>,generic
25,121,3001,3025,25,25,0,0,1.0,0.0,0.0,,,,,,0.36,beat rr=rr_long delta=delta_flat member=<num>,generic
25,122,3026,3050,25,25,0,0,1.0,0.0,0.0,,,,,,0.36,beat rr=rr_long delta=delta_up member=<num>,generic
25,123,3051,3075,25,25,0,0,1.0,0.0,0.0,,,,,,0.44,beat rr=rr_long delta=delta_up member=<num>,generic
25,124,3076,3100,25,25,0,0,1.0,0.0,0.0,,,,,,0.56,beat rr=rr_long delta=delta_down member=<num>,generic
25,125,3101,3125,25,25,0,0,1.0,0.0,0.0,,,,,,0.36,beat rr=rr_long delta=delta_down member=<num>,generic
25,126,3126,3150,25,25,0,0,1.0,0.0,0.0,,,,,,0.4,beat rr=rr_long delta=delta_down member=<num>,generic
25,127,3151,3175,25,25,0,0,1.0,0.0,0.0,,,,,,0.4,beat rr=rr_long delta=delta_down member=<num>,generic
25,128,3176,3200,25,25,0,0,1.0,0.0,0.0,,,,,,0.52,beat rr=rr_long delta=delta_down member=<num>,generic
25,129,3201,3225,25,25,0,0,1.0,0.0,0.0,,,,,,0.44,beat rr=rr_long delta=delta_down member=<num>,generic
25,130,3226,3250,25,25,0,0,1.0,0.0,0.0,,,,,,0.44,beat rr=rr_long delta=delta_down member=<num>,generic
25,131,3251,3275,25,22,3,0,0.88,0.12,0.0,,,,,,0.52,beat rr=rr_long delta=delta_down member=<num>,generic
25,132,3276,3300,25,25,0,0,1.0,0.0,0.0,,,,,,0.4,beat rr=rr_long delta=delta_up member=<num>,generic
25,133,3301,3325,25,25,0,0,1.0,0.0,0.0,,,,,,0.4,beat rr=rr_long delta=delta_down member=<num>,generic
25,134,3326,3350,25,25,0,0,1.0,0.0,0.0,,,,,,0.48,beat rr=rr_long delta=delta_down member=<num>,generic
25,135,3351,3375,25,25,0,0,1.0,0.0,0.0,,,,,,0.36,beat rr=rr_long delta=delta_down member=<num>,generic
25,136,3376,3400,25,25,0,0,1.0,0.0,0.0,,,,,,0.52,beat rr=rr_long delta=delta_down member=<num>,generic
25,137,3401,3425,25,25,0,0,1.0,0.0,0.0,,,,,,0.44,beat rr=rr_long delta=delta_up member=<num>,generic
25,138,3426,3450,25,25,0,0,1.0,0.0,0.0,,,,,,0.44,beat rr=rr_long delta=delta_down member=<num>,generic
25,139,3451,3475,25,23,2,0,0.92,0.08,0.0,,,,,,0.6,beat rr=rr_long delta=delta_down member=<num>,generic
25,140,3476,3500,25,25,0,0,1.0,0.0,0.0,,,,,,0.52,beat rr=rr_long delta=delta_up member=<num>,generic
25,141,3501,3525,25,23,2,0,0.92,0.08,0.0,,,,,,0.52,beat rr=rr_long delta=delta_down member=<num>,generic
25,142,3526,3550,25,25,0,0,1.0,0.0,0.0,,,,,,0.48,beat rr=rr_long delta=delta_down member=<num>,generic
25,143,3551,3575,25,25,0,0,1.0,0.0,0.0,,,,,,0.56,beat rr=rr_long delta=delta_down member=<num>,generic
25,144,3576,3600,25,25,0,0,1.0,0.0,0.0,,,,,,0.4,beat rr=rr_long delta=delta_up member=<num>,generic
25,145,3601,3625,25,25,0,0,1.0,0.0,0.0,,,,,,0.48,beat rr=rr_long delta=delta_up member=<num>,generic
25,146,3626,3650,25,25,0,0,1.0,0.0,0.0,,,,,,0.52,beat rr=rr_long delta=delta_down member=<num>,generic
25,147,3651,3675,25,23,2,0,0.92,0.08,0.0,,,,,,0.48,beat rr=rr_long delta=delta_down member=<num>,generic
25,148,3676,3700,25,22,3,0,0.88,0.12,0.0,,,,,,0.48,beat rr=rr_long delta=delta_down member=<num>,generic
25,149,3701,3725,25,24,0,1,0.96,0.0,0.04,,,,,,0.56,beat rr=rr_long delta=delta_down member=<num>,generic
25,150,3726,3750,25,25,0,0,1.0,0.0,0.0,,,,,,0.4,beat rr=rr_long delta=delta_up member=<num>,generic
25,151,3751,3775,25,25,0,0,1.0,0.0,0.0,,,,,,0.52,beat rr=rr_long delta=delta_down member=<num>,generic
25,152,3776,3800,25,22,3,0,0.88,0.12,0.0,,,,,,0.56,beat rr=rr_long delta=delta_down member=<num>,generic
25,153,3801,3825,25,25,0,0,1.0,0.0,0.0,,,,,,0.48,beat rr=rr_long delta=delta_up member=<num>,generic
25,154,3826,3850,25,25,0,0,1.0,0.0,0.0,,,,,,0.48,beat rr=rr_long delta=delta_down member=<num>,generic
25,155,3851,3875,25,25,0,0,1.0,0.0,0.0,,,,,,0.48,beat rr=rr_long delta=delta_down member=<num>,generic
25,156,3876,3900,25,22,3,0,0.88,0.12,0.0,,,,,,0.56,beat rr=rr_long delta=delta_down member=<num>,generic
25,157,3901,3925,25,25,0,0,1.0,0.0,0.0,,,,,,0.4,beat rr=rr_long delta=delta_up member=<num>,generic
25,158,3926,3950,25,25,0,0,1.0,0.0,0.0,,,,,,0.44,beat rr=rr_long delta=delta_down member=<num>,generic
25,159,3951,3975,25,25,0,0,1.0,0.0,0.0,,,,,,0.64,beat rr=rr_long delta=delta_down member=<num>,generic
25,160,3976,4000,25,25,0,0,1.0,0.0,0.0,,,,,,0.4,beat rr=rr_long delta=delta_down member=<num>,generic
25,161,4001,4025,25,25,0,0,1.0,0.0,0.0,,,,,,0.36,beat rr=rr_long delta=delta_flat member=<num>,generic
25,162,4026,4050,25,22,3,0,0.88,0.12,0.0,,,,,,0.64,beat rr=rr_long delta=delta_down member=<num>,generic
25,163,4051,4075,25,25,0,0,1.0,0.0,0.0,,,,,,0.36,beat rr=rr_long delta=delta_down member=<num>,generic
25,164,4076,4100,25,22,3,0,0.88,0.12,0.0,,,,,,0.72,beat rr=rr_long delta=delta_flat member=<num>,generic
25,165,4101,4125,25,25,0,0,1.0,0.0,0.0,,,,,,0.52,beat rr=rr_long delta=delta_flat member=<num>,generic
25,166,4126,4150,25,25,0,0,1.0,0.0,0.0,,,,,,0.4,beat rr=rr_long delta=delta_flat member=<num>,generic
25,167,4151,4175,25,25,0,0,1.0,0.0,0.0,,,,,,0.4,beat rr=rr_long delta=delta_up member=<num>,generic
25,168,4176,4200,25,25,0,0,1.0,0.0,0.0,,,,,,0.56,beat rr=rr_long delta=delta_flat member=<num>,generic
25,169,4201,4225,25,25,0,0,1.0,0.0,0.0,,,,,,0.56,beat rr=rr_long delta=delta_flat member=<num>,generic
25,170,4226,4250,25,25,0,0,1.0,0.0,0.0,,,,,,0.4,beat rr=rr_long delta=delta_flat member=<num>,generic
25,171,4251,4275,25,25,0,0,1.0,0.0,0.0,,,,,,0.48,beat rr=rr_long delta=delta_down member=<num>,generic
25,172,4276,4300,25,25,0,0,1.0,0.0,0.0,,,,,,0.44,beat rr=rr_long delta=delta_down member=<num>,generic
25,173,4301,4325,25,22,3,0,0.88,0.12,0.0,,,,,,0.56,beat rr=rr_long delta=delta_down member=<num>,generic
25,174,4326,4350,25,22,3,0,0.88,0.12,0.0,,,,,,0.44,beat rr=rr_long delta=delta_up member=<num>,generic
25,175,4351,4375,25,25,0,0,1.0,0.0,0.0,,,,,,0.52,beat rr=rr_long delta=delta_down member=<num>,generic
25,176,4376,4400,25,22,3,0,0.88,0.12,0.0,,,,,,0.44,beat rr=rr_long delta=delta_up member=<num>,generic
25,177,4401,4425,25,22,3,0,0.88,0.12,0.0,,,,,,0.48,beat rr=rr_long delta=delta_down member=<num>,generic
25,178,4426,4450,25,23,2,0,0.92,0.08,0.0,,,,,,0.48,beat rr=rr_long delta=delta_up member=<num>,generic
25,179,4451,4475,25,25,0,0,1.0,0.0,0.0,,,,,,0.64,beat rr=rr_long delta=delta_down member=<num>,generic
25,180,4476,4500,25,24,0,1,0.96,0.0,0.04,,,,,,0.52,beat rr=rr_long delta=delta_down member=<num>,generic
25,181,4501,4525,25,25,0,0,1.0,0.0,0.0,,,,,,0.56,beat rr=rr_long delta=delta_down member=<num>,generic
25,182,4526,4550,25,22,3,0,0.88,0.12,0.0,,,,,,0.48,beat rr=rr_long delta=delta_up member=<num>,generic
25,183,4551,4575,25,25,0,0,1.0,0.0,0.0,,,,,,0.48,beat rr=rr_long delta=delta_down member=<num>,generic
25,184,4576,4600,25,25,0,0,1.0,0.0,0.0,,,,,,0.48,beat rr=rr_long delta=delta_down member=<num>,generic
25,185,4601,4625,25,23,2,0,0.92,0.08,0.0,,,,,,0.64,beat rr=rr_long delta=delta_down member=<num>,generic
25,186,4626,4650,25,22,3,0,0.88,0.12,0.0,,,,,,0.48,beat rr=rr_long delta=delta_up member=<num>,generic
25,187,4651,4675,25,22,3,0,0.88,0.12,0.0,,,,,,0.52,beat rr=rr_long delta=delta_down member=<num>,generic
25,188,4676,4700,25,25,0,0,1.0,0.0,0.0,,,,,,0.52,beat rr=rr_long delta=delta_down member=<num>,generic
25,189,4701,4725,25,23,2,0,0.92,0.08,0.0,,,,,,0.52,beat rr=rr_long delta=delta_down member=<num>,generic
25,190,4726,4750,25,25,0,0,1.0,0.0,0.0,,,,,,0.52,beat rr=rr_long delta=delta_down member=<num>,generic
25,191,4751,4775,25,23,2,0,0.92,0.08,0.0,,,,,,0.52,beat rr=rr_long delta=delta_down member=<num>,generic
25,192,4776,4800,25,24,0,1,0.96,0.0,0.04,,,,,,0.6,beat rr=rr_long delta=delta_down member=<num>,generic
25,193,4801,4825,25,25,0,0,1.0,0.0,0.0,,,,,,0.48,beat rr=rr_long delta=delta_down member=<num>,generic
25,194,4826,4850,25,24,0,1,0.96,0.0,0.04,,,,,,0.48,beat rr=rr_long delta=delta_down member=<num>,generic
25,195,4851,4875,25,22,3,0,0.88,0.12,0.0,,,,,,0.56,beat rr=rr_long delta=delta_down member=<num>,generic
25,196,4876,4900,25,22,3,0,0.88,0.12,0.0,,,,,,0.48,beat rr=rr_long delta=delta_down member=<num>,generic
25,197,4901,4925,25,25,0,0,1.0,0.0,0.0,,,,,,0.52,beat rr=rr_long delta=delta_down member=<num>,generic
25,198,4926,4950,25,22,3,0,0.88,0.12,0.0,,,,,,0.48,beat rr=rr_long delta=delta_down member=<num>,generic
25,199,4951,4975,25,25,0,0,1.0,0.0,0.0,,,,,,0.56,beat rr=rr_long delta=delta_down member=<num>,generic
25,200,4976,5000,25,22,3,0,0.88,0.12,0.0,,,,,,0.52,beat rr=rr_long delta=delta_up member=<num>,generic
25,201,5001,5025,25,22,3,0,0.88,0.12,0.0,,,,,,0.48,beat rr=rr_long delta=delta_down member=<num>,generic
25,202,5026,5050,25,25,0,0,1.0,0.0,0.0,,,,,,0.44,beat rr=rr_long delta=delta_down member=<num>,generic
25,203,5051,5075,25,22,3,0,0.88,0.12,0.0,,,,,,0.44,beat rr=rr_long delta=delta_up member=<num>,generic
25,204,5076,5100,25,25,0,0,1.0,0.0,0.0,,,,,,0.44,beat rr=rr_long delta=delta_down member=<num>,generic
25,205,5101,5125,25,24,0,1,0.96,0.0,0.04,,,,,,0.68,beat rr=rr_long delta=delta_down member=<num>,generic
25,206,5126,5150,25,25,0,0,1.0,0.0,0.0,,,,,,0.44,beat rr=rr_long delta=delta_up member=<num>,generic
25,207,5151,5175,25,22,3,0,0.88,0.12,0.0,,,,,,0.64,beat rr=rr_long delta=delta_down member=<num>,generic
25,208,5176,5200,25,25,0,0,1.0,0.0,0.0,,,,,,0.44,beat rr=rr_long delta=delta_up member=<num>,generic
25,209,5201,5225,25,25,0,0,1.0,0.0,0.0,,,,,,0.44,beat rr=rr_long delta=delta_down member=<num>,generic
25,210,5226,5250,25,25,0,0,1.0,0.0,0.0,,,,,,0.44,beat rr=rr_long delta=delta_up member=<num>,generic
25,211,5251,5275,25,25,0,0,1.0,0.0,0.0,,,,,,0.48,beat rr=rr_long delta=delta_down member=<num>,generic
25,212,5276,5300,25,25,0,0,1.0,0.0,0.0,,,,,,0.36,beat rr=rr_long delta=delta_down member=<num>,generic
25,213,5301,5325,25,24,0,1,0.96,0.0,0.04,,,,,,0.56,beat rr=rr_long delta=delta_down member=<num>,generic
25,214,5326,5350,25,24,0,1,0.96,0.0,0.04,,,,,,0.52,beat rr=rr_long delta=delta_up member=<num>,generic
25,215,5351,5375,25,25,0,0,1.0,0.0,0.0,,,,,,0.48,beat rr=rr_long delta=delta_down member=<num>,generic
25,216,5376,5400,25,25,0,0,1.0,0.0,0.0,,,,,,0.4,beat rr=rr_long delta=delta_up member=<num>,generic
25,217,5401,5425,25,25,0,0,1.0,0.0,0.0,,,,,,0.48,beat rr=rr_long delta=delta_down member=<num>,generic
25,218,5426,5450,25,25,0,0,1.0,0.0,0.0,,,,,,0.4,beat rr=rr_long delta=delta_down member=<num>,generic
25,219,5451,5475,25,23,2,0,0.92,0.08,0.0,,,,,,0.68,beat rr=rr_long delta=delta_down member=<num>,generic
25,220,5476,5500,25,25,0,0,1.0,0.0,0.0,,,,,,0.44,beat rr=rr_long delta=delta_up member=<num>,generic
25,221,5501,5525,25,25,0,0,1.0,0.0,0.0,,,,,,0.52,beat rr=rr_long delta=delta_down member=<num>,generic
25,222,5526,5550,25,23,2,0,0.92,0.08,0.0,,,,,,0.6,beat rr=rr_long delta=delta_down member=<num>,generic
25,223,5551,5575,25,25,0,0,1.0,0.0,0.0,,,,,,0.48,beat rr=rr_long delta=delta_up member=<num>,generic
25,224,5576,5600,25,25,0,0,1.0,0.0,0.0,,,,,,0.4,beat rr=rr_long delta=delta_up member=<num>,generic
25,225,5601,5625,25,25,0,0,1.0,0.0,0.0,,,,,,0.48,beat rr=rr_long delta=delta_down member=<num>,generic
25,226,5626,5650,25,25,0,0,1.0,0.0,0.0,,,,,,0.48,beat rr=rr_long delta=delta_down member=<num>,generic
25,227,5651,5675,25,23,2,0,0.92,0.08,0.0,,,,,,0.48,beat rr=rr_long delta=delta_down member=<num>,generic
25,228,5676,5700,25,22,3,0,0.88,0.12,0.0,,,,,,0.48,beat rr=rr_long delta=delta_down member=<num>,generic
25,229,5701,5725,25,22,3,0,0.88,0.12,0.0,,,,,,0.52,beat rr=rr_long delta=delta_up member=<num>,generic
25,230,5726,5750,25,22,3,0,0.88,0.12,0.0,,,,,,0.48,beat rr=rr_long delta=delta_down member=<num>,generic
25,231,5751,5775,25,23,2,0,0.92,0.08,0.0,,,,,,0.72,beat rr=rr_long delta=delta_down member=<num>,generic
25,232,5776,5800,25,25,0,0,1.0,0.0,0.0,,,,,,0.48,beat rr=rr_long delta=delta_up member=<num>,generic
25,233,5801,5825,25,22,3,0,0.88,0.12,0.0,,,,,,0.56,beat rr=rr_long delta=delta_down member=<num>,generic
25,234,5826,5850,25,25,0,0,1.0,0.0,0.0,,,,,,0.44,beat rr=rr_long delta=delta_down member=<num>,generic
25,235,5851,5875,25,25,0,0,1.0,0.0,0.0,,,,,,0.4,beat rr=rr_long delta=delta_down member=<num>,generic
25,236,5876,5900,25,24,0,1,0.96,0.0,0.04,,,,,,0.6,beat rr=rr_long delta=delta_down member=<num>,generic
25,237,5901,5925,25,25,0,0,1.0,0.0,0.0,,,,,,0.44,beat rr=rr_long delta=delta_up member=<num>,generic
25,238,5926,5950,25,22,3,0,0.88,0.12,0.0,,,,,,0.52,beat rr=rr_long delta=delta_down member=<num>,generic
25,239,5951,5975,25,25,0,0,1.0,0.0,0.0,,,,,,0.44,beat rr=rr_long delta=delta_up member=<num>,generic
25,240,5976,6000,25,25,0,0,1.0,0.0,0.0,,,,,,0.68,beat rr=rr_long delta=delta_down member=<num>,generic
25,241,6001,6025,25,23,2,0,0.92,0.08,0.0,,,,,,0.56,beat rr=rr_long delta=delta_down member=<num>,generic
25,242,6026,6050,25,23,2,0,0.92,0.08,0.0,,,,,,0.64,beat rr=rr_long delta=delta_down member=<num>,generic
25,243,6051,6075,25,23,2,0,0.92,0.08,0.0,,,,,,0.52,beat rr=rr_long delta=delta_down member=<num>,generic
25,244,6076,6100,25,23,2,0,0.92,0.08,0.0,,,,,,0.52,beat rr=rr_long delta=delta_down member=<num>,generic
25,245,6101,6125,25,25,0,0,1.0,0.0,0.0,,,,,,0.48,beat rr=rr_long delta=delta_down member=<num>,generic
25,246,6126,6150,25,25,0,0,1.0,0.0,0.0,,,,,,0.52,beat rr=rr_long delta=delta_down member=<num>,generic
25,247,6151,6175,25,25,0,0,1.0,0.0,0.0,,,,,,0.36,beat rr=rr_long delta=delta_flat member=<num>,generic
25,248,6176,6200,25,25,0,0,1.0,0.0,0.0,,,,,,0.44,beat rr=rr_long delta=delta_down member=<num>,generic
25,249,6201,6225,25,25,0,0,1.0,0.0,0.0,,,,,,0.36,beat rr=rr_long delta=delta_down member=<num>,generic
25,250,6226,6250,25,25,0,0,1.0,0.0,0.0,,,,,,0.52,beat rr=rr_long delta=delta_up member=<num>,generic
25,251,6251,6275,25,25,0,0,1.0,0.0,0.0,,,,,,0.48,beat rr=rr_long delta=delta_up member=<num>,generic
25,252,6276,6300,25,22,3,0,0.88,0.12,0.0,,,,,,0.52,beat rr=rr_long delta=delta_down member=<num>,generic
25,253,6301,6325,25,25,0,0,1.0,0.0,0.0,,,,,,0.44,beat rr=rr_long delta=delta_up member=<num>,generic
25,254,6326,6350,25,25,0,0,1.0,0.0,0.0,,,,,,0.48,beat rr=rr_long delta=delta_down member=<num>,generic
25,255,6351,6375,25,25,0,0,1.0,0.0,0.0,,,,,,0.36,beat rr=rr_long delta=delta_up member=<num>,generic
25,256,6376,6400,25,23,2,0,0.92,0.08,0.0,,,,,,0.6,beat rr=rr_long delta=delta_down member=<num>,generic
25,257,6401,6425,25,22,3,0,0.88,0.12,0.0,,,,,,0.44,beat rr=rr_long delta=delta_up member=<num>,generic
25,258,6426,6450,25,25,0,0,1.0,0.0,0.0,,,,,,0.44,beat rr=rr_long delta=delta_up member=<num>,generic
25,259,6451,6475,25,24,0,1,0.96,0.0,0.04,,,,,,0.52,beat rr=rr_long delta=delta_up member=<num>,generic
25,260,6476,6500,25,25,0,0,1.0,0.0,0.0,,,,,,0.4,beat rr=rr_long delta=delta_down member=<num>,generic
25,261,6501,6525,25,25,0,0,1.0,0.0,0.0,,,,,,0.44,beat rr=rr_long delta=delta_down member=<num>,generic
25,262,6526,6550,25,25,0,0,1.0,0.0,0.0,,,,,,0.56,beat rr=rr_long delta=delta_down member=<num>,generic
25,263,6551,6575,25,25,0,0,1.0,0.0,0.0,,,,,,0.48,beat rr=rr_long delta=delta_down member=<num>,generic
25,264,6576,6600,25,23,2,0,0.92,0.08,0.0,,,,,,0.52,beat rr=rr_long delta=delta_down member=<num>,generic
25,265,6601,6625,25,25,0,0,1.0,0.0,0.0,,,,,,0.4,beat rr=rr_long delta=delta_down member=<num>,generic
25,266,6626,6650,25,25,0,0,1.0,0.0,0.0,,,,,,0.4,beat rr=rr_long delta=delta_down member=<num>,generic
25,267,6651,6675,25,25,0,0,1.0,0.0,0.0,,,,,,0.48,beat rr=rr_long delta=delta_up member=<num>,generic
25,268,6676,6700,25,25,0,0,1.0,0.0,0.0,,,,,,0.52,beat rr=rr_long delta=delta_down member=<num>,generic
25,269,6701,6725,25,25,0,0,1.0,0.0,0.0,,,,,,0.52,beat rr=rr_long delta=delta_down member=<num>,generic
25,270,6726,6750,25,25,0,0,1.0,0.0,0.0,,,,,,0.52,beat rr=rr_long delta=delta_down member=<num>,generic
25,271,6751,6775,25,25,0,0,1.0,0.0,0.0,,,,,,0.44,beat rr=rr_long delta=delta_down member=<num>,generic
25,272,6776,6800,25,25,0,0,1.0,0.0,0.0,,,,,,0.48,beat rr=rr_long delta=delta_up member=<num>,generic
25,273,6801,6825,25,25,0,0,1.0,0.0,0.0,,,,,,0.44,beat rr=rr_long delta=delta_down member=<num>,generic
25,274,6826,6850,25,25,0,0,1.0,0.0,0.0,,,,,,0.4,beat rr=rr_long delta=delta_up member=<num>,generic
25,275,6851,6875,25,23,2,0,0.92,0.08,0.0,,,,,,0.48,beat rr=rr_long delta=delta_down member=<num>,generic
25,276,6876,6900,25,22,3,0,0.88,0.12,0.0,,,,,,0.48,beat rr=rr_long delta=delta_down member=<num>,generic
25,277,6901,6925,25,23,2,0,0.92,0.08,0.0,,,,,,0.48,beat rr=rr_long delta=delta_down member=<num>,generic
25,278,6926,6950,25,22,3,0,0.88,0.12,0.0,,,,,,0.44,beat rr=rr_long delta=delta_down member=<num>,generic
25,279,6951,6975,25,25,0,0,1.0,0.0,0.0,,,,,,0.48,beat rr=rr_long delta=delta_down member=<num>,generic
25,280,6976,7000,25,25,0,0,1.0,0.0,0.0,,,,,,0.52,beat rr=rr_long delta=delta_down member=<num>,generic
25,281,7001,7025,25,25,0,0,1.0,0.0,0.0,,,,,,0.44,beat rr=rr_long delta=delta_up member=<num>,generic
25,282,7026,7050,25,22,3,0,0.88,0.12,0.0,,,,,,0.48,beat rr=rr_long delta=delta_down member=<num>,generic
25,283,7051,7075,25,25,0,0,1.0,0.0,0.0,,,,,,0.48,beat rr=rr_long delta=delta_down member=<num>,generic
25,284,7076,7100,25,25,0,0,1.0,0.0,0.0,,,,,,0.44,beat rr=rr_long delta=delta_down member=<num>,generic
25,285,7101,7125,25,25,0,0,1.0,0.0,0.0,,,,,,0.52,beat rr=rr_long delta=delta_down member=<num>,generic
25,286,7126,7150,25,25,0,0,1.0,0.0,0.0,,,,,,0.48,beat rr=rr_long delta=delta_up member=<num>,generic
25,287,7151,7175,25,25,0,0,1.0,0.0,0.0,,,,,,0.48,beat rr=rr_long delta=delta_down member=<num>,generic
25,288,7176,7200,25,25,0,0,1.0,0.0,0.0,,,,,,0.44,beat rr=rr_long delta=delta_up member=<num>,generic
25,289,7201,7225,25,22,3,0,0.88,0.12,0.0,,,,,,0.48,beat rr=rr_long delta=delta_down member=<num>,generic
25,290,7226,7250,25,24,0,1,0.96,0.0,0.04,,,,,,0.6,beat rr=rr_long delta=delta_down member=<num>,generic
25,291,7251,7275,25,24,0,1,0.96,0.0,0.04,,,,,,0.56,beat rr=rr_long delta=delta_down member=<num>,generic
25,292,7276,7300,25,25,0,0,1.0,0.0,0.0,,,,,,0.52,beat rr=rr_long delta=delta_up member=<num>,generic
25,293,7301,7325,25,25,0,0,1.0,0.0,0.0,,,,,,0.52,beat rr=rr_long delta=delta_down member=<num>,generic
25,294,7326,7350,25,22,3,0,0.88,0.12,0.0,,,,,,0.44,beat rr=rr_long delta=delta_down member=<num>,generic
25,295,7351,7375,25,25,0,0,1.0,0.0,0.0,,,,,,0.48,beat rr=rr_long delta=delta_down member=<num>,generic
25,296,7376,7400,25,22,3,0,0.88,0.12,0.0,,,,,,0.52,beat rr=rr_long delta=delta_down member=<num>,generic
25,297,7401,7425,25,25,0,0,1.0,0.0,0.0,,,,,,0.44,beat rr=rr_long delta=delta_down member=<num>,generic
25,298,7426,7450,25,24,0,1,0.96,0.0,0.04,,,,,,0.52,beat rr=rr_long delta=delta_up member=<num>,generic
25,299,7451,7475,25,22,3,0,0.88,0.12,0.0,,,,,,0.48,beat rr=rr_long delta=delta_up member=<num>,generic
25,300,7476,7500,25,25,0,0,1.0,0.0,0.0,,,,,,0.44,beat rr=rr_long delta=delta_up member=<num>,generic
25,301,7501,7525,25,22,3,0,0.88,0.12,0.0,,,,,,0.44,beat rr=rr_long delta=delta_down member=<num>,generic
25,302,7526,7550,25,25,0,0,1.0,0.0,0.0,,,,,,0.4,beat rr=rr_long delta=delta_down member=<num>,generic
25,303,7551,7575,25,24,0,1,0.96,0.0,0.04,,,,,,0.48,beat rr=rr_long delta=delta_up member=<num>,generic
25,304,7576,7600,25,23,2,0,0.92,0.08,0.0,,,,,,0.56,beat rr=rr_long delta=delta_down member=<num>,generic
25,305,7601,7625,25,23,2,0,0.92,0.08,0.0,,,,,,0.64,beat rr=rr_long delta=delta_down member=<num>,generic
25,306,7626,7650,25,22,3,0,0.88,0.12,0.0,,,,,,0.44,beat rr=rr_long delta=delta_up member=<num>,generic
25,307,7651,7675,25,25,0,0,1.0,0.0,0.0,,,,,,0.48,beat rr=rr_long delta=delta_down member=<num>,generic
25,308,7676,7700,25,25,0,0,1.0,0.0,0.0,,,,,,0.56,beat rr=rr_long delta=delta_up member=<num>,generic
25,309,7701,7725,25,25,0,0,1.0,0.0,0.0,,,,,,0.56,beat rr=rr_long delta=delta_down member=<num>,generic
25,310,7726,7750,25,25,0,0,1.0,0.0,0.0,,,,,,0.52,beat rr=rr_long delta=delta_down member=<num>,generic
25,311,7751,7775,25,25,0,0,1.0,0.0,0.0,,,,,,0.44,beat rr=rr_long delta=delta_down member=<num>,generic
25,312,7776,7800,25,23,2,0,0.92,0.08,0.0,,,,,,0.6,beat rr=rr_long delta=delta_up member=<num>,generic
25,313,7801,7825,25,25,0,0,1.0,0.0,0.0,,,,,,0.4,beat rr=rr_long delta=delta_up member=<num>,generic
25,314,7826,7850,25,22,3,0,0.88,0.12,0.0,,,,,,0.48,beat rr=rr_long delta=delta_down member=<num>,generic
25,315,7851,7875,25,25,0,0,1.0,0.0,0.0,,,,,,0.36,beat rr=rr_long delta=delta_up member=<num>,generic
25,316,7876,7900,25,25,0,0,1.0,0.0,0.0,,,,,,0.48,beat rr=rr_long delta=delta_down member=<num>,generic
25,317,7901,7925,25,22,3,0,0.88,0.12,0.0,,,,,,0.48,beat rr=rr_long delta=delta_down member=<num>,generic
25,318,7926,7950,25,24,0,1,0.96,0.0,0.04,,,,,,0.52,beat rr=rr_long delta=delta_down member=<num>,generic
25,319,7951,7975,25,23,2,0,0.92,0.08,0.0,,,,,,0.48,beat rr=rr_long delta=delta_down member=<num>,generic
25,320,7976,8000,25,25,0,0,1.0,0.0,0.0,,,,,,0.44,beat rr=rr_long delta=delta_flat member=<num>,generic
25,321,8001,8025,25,23,2,0,0.92,0.08,0.0,,,,,,0.52,beat rr=rr_long delta=delta_up member=<num>,generic
25,322,8026,8050,25,24,0,1,0.96,0.0,0.04,,,,,,0.52,beat rr=rr_long delta=delta_down member=<num>,generic
25,323,8051,8075,25,25,0,0,1.0,0.0,0.0,,,,,,0.4,beat rr=rr_long delta=delta_down member=<num>,generic
25,324,8076,8100,25,25,0,0,1.0,0.0,0.0,,,,,,0.44,beat rr=rr_long delta=delta_up member=<num>,generic
25,325,8101,8125,25,23,2,0,0.92,0.08,0.0,,,,,,0.48,beat rr=rr_long delta=delta_up member=<num>,generic
25,326,8126,8150,25,23,2,0,0.92,0.08,0.0,,,,,,0.52,beat rr=rr_long delta=delta_down member=<num>,generic
25,327,8151,8175,25,25,0,0,1.0,0.0,0.0,,,,,,0.4,beat rr=rr_long delta=delta_flat member=<num>,generic
25,328,8176,8200,25,25,0,0,1.0,0.0,0.0,,,,,,0.44,beat rr=rr_long delta=delta_up member=<num>,generic
25,329,8201,8225,25,25,0,0,1.0,0.0,0.0,,,,,,0.44,beat rr=rr_long delta=delta_down member=<num>,generic
25,330,8226,8250,25,25,0,0,1.0,0.0,0.0,,,,,,0.52,beat rr=rr_long delta=delta_up member=<num>,generic
25,331,8251,8275,25,25,0,0,1.0,0.0,0.0,,,,,,0.44,beat rr=rr_long delta=delta_up member=<num>,generic
25,332,8276,8300,25,25,0,0,1.0,0.0,0.0,,,,,,0.44,beat rr=rr_long delta=delta_down member=<num>,generic
25,333,8301,8325,25,22,3,0,0.88,0.12,0.0,,,,,,0.44,beat rr=rr_long delta=delta_up member=<num>,generic
25,334,8326,8350,25,25,0,0,1.0,0.0,0.0,,,,,,0.6,beat rr=rr_long delta=delta_down member=<num>,generic
25,335,8351,8375,25,25,0,0,1.0,0.0,0.0,,,,,,0.4,beat rr=rr_long delta=delta_down member=<num>,generic
25,336,8376,8400,25,24,0,1,0.96,0.0,0.04,,,,,,0.6,beat rr=rr_long delta=delta_up member=<num>,generic
25,337,8401,8425,25,22,3,0,0.88,0.12,0.0,,,,,,0.48,beat rr=rr_long delta=delta_down member=<num>,generic
25,338,8426,8450,25,25,0,0,1.0,0.0,0.0,,,,,,0.44,beat rr=rr_long delta=delta_down member=<num>,generic
25,339,8451,8475,25,23,2,0,0.92,0.08,0.0,,,,,,0.6,beat rr=rr_long delta=delta_down member=<num>,generic
25,340,8476,8500,25,25,0,0,1.0,0.0,0.0,,,,,,0.44,beat rr=rr_long delta=delta_down member=<num>,generic
25,341,8501,8525,25,25,0,0,1.0,0.0,0.0,,,,,,0.44,beat rr=rr_long delta=delta_up member=<num>,generic
25,342,8526,8550,25,25,0,0,1.0,0.0,0.0,,,,,,0.36,beat rr=rr_long delta=delta_up member=<num>,generic
25,343,8551,8575,25,25,0,0,1.0,0.0,0.0,,,,,,0.4,beat rr=rr_long delta=delta_flat member=<num>,generic
25,344,8576,8600,25,24,0,1,0.96,0.0,0.04,,,,,,0.56,beat rr=rr_long delta=delta_down member=<num>,generic
25,345,8601,8625,25,25,0,0,1.0,0.0,0.0,,,,,,0.4,beat rr=rr_long delta=delta_down member=<num>,generic
25,346,8626,8650,25,24,0,1,0.96,0.0,0.04,,,,,,0.52,beat rr=rr_long delta=delta_down member=<num>,generic
25,347,8651,8675,25,23,2,0,0.92,0.08,0.0,,,,,,0.48,beat rr=rr_long delta=delta_up member=<num>,generic
25,348,8676,8700,25,25,0,0,1.0,0.0,0.0,,,,,,0.48,beat rr=rr_long delta=delta_down member=<num>,generic
25,349,8701,8725,25,25,0,0,1.0,0.0,0.0,,,,,,0.4,beat rr=rr_long delta=delta_down member=<num>,generic
25,350,8726,8750,25,25,0,0,1.0,0.0,0.0,,,,,,0.44,beat rr=rr_long delta=delta_up member=<num>,generic
25,351,8751,8775,25,25,0,0,1.0,0.0,0.0,,,,,,0.44,beat rr=rr_long delta=delta_down member=<num>,generic
25,352,8776,8800,25,23,2,0,0.92,0.08,0.0,,,,,,0.48,beat rr=rr_long delta=delta_up member=<num>,generic
25,353,8801,8825,25,22,3,0,0.88,0.12,0.0,,,,,,0.52,beat rr=rr_long delta=delta_up member=<num>,generic
25,354,8826,8850,25,25,0,0,1.0,0.0,0.0,,,,,,0.4,beat rr=rr_long delta=delta_down member=<num>,generic
25,355,8851,8875,25,25,0,0,1.0,0.0,0.0,,,,,,0.44,beat rr=rr_long delta=delta_up member=<num>,generic
25,356,8876,8900,25,25,0,0,1.0,0.0,0.0,,,,,,0.4,beat rr=rr_long delta=delta_up member=<num>,generic
25,357,8901,8925,25,25,0,0,1.0,0.0,0.0,,,,,,0.44,beat rr=rr_long delta=delta_up member=<num>,generic
25,358,8926,8950,25,23,2,0,0.92,0.08,0.0,,,,,,0.6,beat rr=rr_long delta=delta_down member=<num>,generic
25,359,8951,8975,25,25,0,0,1.0,0.0,0.0,,,,,,0.4,beat rr=rr_long delta=delta_up member=<num>,generic
25,360,8976,9000,25,25,0,0,1.0,0.0,0.0,,,,,,0.44,beat rr=rr_long delta=delta_down member=<num>,generic
25,361,9001,9025,25,23,2,0,0.92,0.08,0.0,,,,,,0.56,beat rr=rr_long delta=delta_up member=<num>,generic
25,362,9026,9050,25,25,0,0,1.0,0.0,0.0,,,,,,0.52,beat rr=rr_long delta=delta_down member=<num>,generic
25,363,9051,9075,25,22,3,0,0.88,0.12,0.0,,,,,,0.6,beat rr=rr_long delta=delta_down member=<num>,generic
25,364,9076,9100,25,25,0,0,1.0,0.0,0.0,,,,,,0.44,beat rr=rr_long delta=delta_flat member=<num>,generic
25,365,9101,9125,25,25,0,0,1.0,0.0,0.0,,,,,,0.36,beat rr=rr_long delta=delta_flat member=<num>,generic
25,366,9126,9150,25,25,0,0,1.0,0.0,0.0,,,,,,0.4,beat rr=rr_long delta=delta_up member=<num>,generic
25,367,9151,9175,25,25,0,0,1.0,0.0,0.0,,,,,,0.52,beat rr=rr_long delta=delta_down member=<num>,generic
25,368,9176,9200,25,25,0,0,1.0,0.0,0.0,,,,,,0.4,beat rr=rr_long delta=delta_down member=<num>,generic
25,369,9201,9225,25,22,3,0,0.88,0.12,0.0,,,,,,0.44,beat rr=rr_long delta=delta_up member=<num>,generic
25,370,9226,9250,25,25,0,0,1.0,0.0,0.0,,,,,,0.4,beat rr=rr_long delta=delta_down member=<num>,generic
25,371,9251,9275,25,25,0,0,1.0,0.0,0.0,,,,,,0.4,beat rr=rr_long delta=delta_down member=<num>,generic
25,372,9276,9300,25,25,0,0,1.0,0.0,0.0,,,,,,0.48,beat rr=rr_long delta=delta_down member=<num>,generic
25,373,9301,9325,25,25,0,0,1.0,0.0,0.0,,,,,,0.56,beat rr=rr_long delta=delta_down member=<num>,generic
25,374,9326,9350,25,25,0,0,1.0,0.0,0.0,,,,,,0.4,beat rr=rr_long delta=delta_down member=<num>,generic
25,375,9351,9375,25,25,0,0,1.0,0.0,0.0,,,,,,0.4,beat rr=rr_long delta=delta_up member=<num>,generic
25,376,9376,9400,25,25,0,0,1.0,0.0,0.0,,,,,,0.52,beat rr=rr_long delta=delta_up member=<num>,generic
25,377,9401,9425,25,22,3,0,0.88,0.12,0.0,,,,,,0.44,beat rr=rr_long delta=delta_down member=<num>,generic
25,378,9426,9450,25,25,0,0,1.0,0.0,0.0,,,,,,0.44,beat rr=rr_long delta=delta_down member=<num>,generic
25,379,9451,9475,25,25,0,0,1.0,0.0,0.0,,,,,,0.6,beat rr=rr_long delta=delta_down member=<num>,generic
25,380,9476,9500,25,25,0,0,1.0,0.0,0.0,,,,,,0.4,beat rr=rr_long delta=delta_down member=<num>,generic
25,381,9501,9525,25,22,3,0,0.88,0.12,0.0,,,,,,0.48,beat rr=rr_long delta=delta_down member=<num>,generic
25,382,9526,9550,25,25,0,0,1.0,0.0,0.0,,,,,,0.4,beat rr=rr_long delta=delta_flat member=<num>,generic
25,383,9551,9575,25,25,0,0,1.0,0.0,0.0,,,,,,0.48,beat rr=rr_long delta=delta_up member=<num>,generic
25,384,9576,9600,25,25,0,0,1.0,0.0,0.0,,,,,,0.44,beat rr=rr_long delta=delta_down member=<num>,generic
25,385,9601,9625,25,25,0,0,1.0,0.0,0.0,,,,,,0.44,beat rr=rr_long delta=delta_down member=<num>,generic
25,386,9626,9650,25,22,3,0,0.88,0.12,0.0,,,,,,0.44,beat rr=rr_long delta=delta_down member=<num>,generic
25,387,9651,9675,25,25,0,0,1.0,0.0,0.0,,,,,,0.48,beat rr=rr_long delta=delta_down member=<num>,generic
25,388,9676,9700,25,23,2,0,0.92,0.08,0.0,,,,,,0.52,beat rr=rr_long delta=delta_down member=<num>,generic
25,389,9701,9725,25,25,0,0,1.0,0.0,0.0,,,,,,0.52,beat rr=rr_long delta=delta_up member=<num>,generic
25,390,9726,9750,25,22,3,0,0.88,0.12,0.0,,,,,,0.48,beat rr=rr_long delta=delta_down member=<num>,generic
25,391,9751,9775,25,25,0,0,1.0,0.0,0.0,,,,,,0.48,beat rr=rr_long delta=delta_up member=<num>,generic
25,392,9776,9800,25,25,0,0,1.0,0.0,0.0,,,,,,0.52,beat rr=rr_long delta=delta_up member=<num>,generic
25,393,9801,9825,25,24,0,1,0.96,0.0,0.04,,,,,,0.48,beat rr=rr_long delta=delta_up member=<num>,generic
25,394,9826,9850,25,23,2,0,0.92,0.08,0.0,,,,,,0.52,beat rr=rr_long delta=delta_down member=<num>,generic
25,395,9851,9875,25,25,0,0,1.0,0.0,0.0,,,,,,0.44,beat rr=rr_long delta=delta_down member=<num>,generic
25,396,9876,9900,25,23,2,0,0.92,0.08,0.0,,,,,,0.48,beat rr=rr_long delta=delta_down member=<num>,generic
25,397,9901,9925,25,25,0,0,1.0,0.0,0.0,,,,,,0.44,beat rr=rr_long delta=delta_down member=<num>,generic
25,398,9926,9950,25,22,3,0,0.88,0.12,0.0,,,,,,0.48,beat rr=rr_long delta=delta_up member=<num>,generic
25,399,9951,9975,25,25,0,0,1.0,0.0,0.0,,,,,,0.52,beat rr=rr_long delta=delta_down member=<num>,generic
25,400,9976,10000,25,25,0,0,1.0,0.0,0.0,,,,,,0.44,beat rr=rr_long delta=delta_down member=<num>,generic
25,401,10001,10025,25,25,0,0,1.0,0.0,0.0,,,,,,0.52,beat rr=rr_long delta=delta_down member=<num>,generic
25,402,10026,10050,25,25,0,0,1.0,0.0,0.0,,,,,,0.52,beat rr=rr_long delta=delta_up member=<num>,generic
25,403,10051,10075,25,25,0,0,1.0,0.0,0.0,,,,,,0.4,beat rr=rr_long delta=delta_up member=<num>,generic
25,404,10076,10100,25,25,0,0,1.0,0.0,0.0,,,,,,0.52,beat rr=rr_long delta=delta_down member=<num>,generic
25,405,10101,10125,25,25,0,0,1.0,0.0,0.0,,,,,,0.36,beat rr=rr_long delta=delta_up member=<num>,generic
25,406,10126,10150,25,25,0,0,1.0,0.0,0.0,,,,,,0.44,beat rr=rr_long delta=delta_up member=<num>,generic
25,407,10151,10175,25,25,0,0,1.0,0.0,0.0,,,,,,0.48,beat rr=rr_long delta=delta_up member=<num>,generic
25,408,10176,10200,25,25,0,0,1.0,0.0,0.0,,,,,,0.36,beat rr=rr_long delta=delta_up member=<num>,generic
25,409,10201,10225,25,25,0,0,1.0,0.0,0.0,,,,,,0.44,beat rr=rr_long delta=delta_down member=<num>,generic
25,410,10226,10250,25,25,0,0,1.0,0.0,0.0,,,,,,0.48,beat rr=rr_long delta=delta_down member=<num>,generic
25,411,10251,10275,25,25,0,0,1.0,0.0,0.0,,,,,,0.48,beat rr=rr_long delta=delta_down member=<num>,generic
25,412,10276,10300,25,25,0,0,1.0,0.0,0.0,,,,,,0.44,beat rr=rr_long delta=delta_up member=<num>,generic
25,413,10301,10325,25,25,0,0,1.0,0.0,0.0,,,,,,0.48,beat rr=rr_long delta=delta_down member=<num>,generic
25,414,10326,10350,25,25,0,0,1.0,0.0,0.0,,,,,,0.4,beat rr=rr_long delta=delta_down member=<num>,generic
25,415,10351,10375,25,25,0,0,1.0,0.0,0.0,,,,,,0.4,beat rr=rr_long delta=delta_down member=<num>,generic
25,416,10376,10400,25,25,0,0,1.0,0.0,0.0,,,,,,0.44,beat rr=rr_long delta=delta_down member=<num>,generic
25,417,10401,10425,25,25,0,0,1.0,0.0,0.0,,,,,,0.48,beat rr=rr_long delta=delta_up member=<num>,generic
25,418,10426,10450,25,25,0,0,1.0,0.0,0.0,,,,,,0.44,beat rr=rr_long delta=delta_down member=<num>,generic
25,419,10451,10475,25,25,0,0,1.0,0.0,0.0,,,,,,0.48,beat rr=rr_long delta=delta_down member=<num>,generic
25,420,10476,10500,25,24,0,1,0.96,0.0,0.04,,,,,,0.48,beat rr=rr_long delta=delta_down member=<num>,generic
25,421,10501,10525,25,25,0,0,1.0,0.0,0.0,,,,,,0.48,beat rr=rr_long delta=delta_up member=<num>,generic
25,422,10526,10550,25,25,0,0,1.0,0.0,0.0,,,,,,0.48,beat rr=rr_long delta=delta_down member=<num>,generic
25,423,10551,10575,25,25,0,0,1.0,0.0,0.0,,,,,,0.48,beat rr=rr_long delta=delta_up member=<num>,generic
25,424,10576,10600,25,23,2,0,0.92,0.08,0.0,,,,,,0.56,beat rr=rr_long delta=delta_down member=<num>,generic
25,425,10601,10625,25,22,3,0,0.88,0.12,0.0,,,,,,0.56,beat rr=rr_long delta=delta_down member=<num>,generic
25,426,10626,10650,25,22,3,0,0.88,0.12,0.0,,,,,,0.52,beat rr=rr_long delta=delta_down member=<num>,generic
25,427,10651,10675,25,23,2,0,0.92,0.08,0.0,,,,,,0.48,beat rr=rr_long delta=delta_up member=<num>,generic
25,428,10676,10700,25,25,0,0,1.0,0.0,0.0,,,,,,0.52,beat rr=rr_long delta=delta_up member=<num>,generic
25,429,10701,10725,25,22,3,0,0.88,0.12,0.0,,,,,,0.56,beat rr=rr_long delta=delta_down member=<num>,generic
25,430,10726,10750,25,25,0,0,1.0,0.0,0.0,,,,,,0.44,beat rr=rr_long delta=delta_down member=<num>,generic
25,431,10751,10775,25,25,0,0,1.0,0.0,0.0,,,,,,0.36,beat rr=rr_long delta=delta_flat member=<num>,generic
25,432,10776,10800,25,25,0,0,1.0,0.0,0.0,,,,,,0.44,beat rr=rr_long delta=delta_up member=<num>,generic
25,433,10801,10825,25,24,0,1,0.96,0.0,0.04,,,,,,0.56,beat rr=rr_long delta=delta_down member=<num>,generic
25,434,10826,10850,25,22,3,0,0.88,0.12,0.0,,,,,,0.48,beat rr=rr_long delta=delta_down member=<num>,generic
25,435,10851,10875,25,25,0,0,1.0,0.0,0.0,,,,,,0.52,beat rr=rr_long delta=delta_down member=<num>,generic
25,436,10876,10900,25,23,2,0,0.92,0.08,0.0,,,,,,0.48,beat rr=rr_long delta=delta_down member=<num>,generic
25,437,10901,10925,25,25,0,0,1.0,0.0,0.0,,,,,,0.4,beat rr=rr_long delta=delta_down member=<num>,generic
25,438,10926,10950,25,25,0,0,1.0,0.0,0.0,,,,,,0.44,beat rr=rr_long delta=delta_down member=<num>,generic
25,439,10951,10975,25,25,0,0,1.0,0.0,0.0,,,,,,0.4,beat rr=rr_long delta=delta_down member=<num>,generic
25,440,10976,11000,25,22,3,0,0.88,0.12,0.0,,,,,,0.48,beat rr=rr_long delta=delta_up member=<num>,generic
25,441,11001,11025,25,22,3,0,0.88,0.12,0.0,,,,,,0.48,beat rr=rr_long delta=delta_down member=<num>,generic
25,442,11026,11050,25,25,0,0,1.0,0.0,0.0,,,,,,0.48,beat rr=rr_long delta=delta_down member=<num>,generic
25,443,11051,11075,25,23,2,0,0.92,0.08,0.0,,,,,,0.52,beat rr=rr_long delta=delta_down member=<num>,generic
25,444,11076,11100,25,25,0,0,1.0,0.0,0.0,,,,,,0.48,beat rr=rr_long delta=delta_down member=<num>,generic
25,445,11101,11125,25,22,3,0,0.88,0.12,0.0,,,,,,0.52,beat rr=rr_long delta=delta_down member=<num>,generic
25,446,11126,11150,25,25,0,0,1.0,0.0,0.0,,,,,,0.48,beat rr=rr_long delta=delta_up member=<num>,generic
25,447,11151,11175,25,23,2,0,0.92,0.08,0.0,,,,,,0.56,beat rr=rr_long delta=delta_down member=<num>,generic
25,448,11176,11200,25,25,0,0,1.0,0.0,0.0,,,,,,0.44,beat rr=rr_long delta=delta_down member=<num>,generic
25,449,11201,11225,25,25,0,0,1.0,0.0,0.0,,,,,,0.44,beat rr=rr_long delta=delta_down member=<num>,generic
25,450,11226,11250,25,22,3,0,0.88,0.12,0.0,,,,,,0.48,beat rr=rr_long delta=delta_down member=<num>,generic
25,451,11251,11275,25,22,3,0,0.88,0.12,0.0,,,,,,0.44,beat rr=rr_long delta=delta_up member=<num>,generic
25,452,11276,11300,25,23,2,0,0.92,0.08,0.0,,,,,,0.52,beat rr=rr_long delta=delta_down member=<num>,generic
25,453,11301,11325,25,25,0,0,1.0,0.0,0.0,,,,,,0.44,beat rr=rr_long delta=delta_up member=<num>,generic
25,454,11326,11350,25,25,0,0,1.0,0.0,0.0,,,,,,0.44,beat rr=rr_long delta=delta_down member=<num>,generic
25,455,11351,11375,25,25,0,0,1.0,0.0,0.0,,,,,,0.56,beat rr=rr_long delta=delta_down member=<num>,generic
25,456,11376,11400,25,25,0,0,1.0,0.0,0.0,,,,,,0.36,beat rr=rr_long delta=delta_up member=<num>,generic
25,457,11401,11425,25,22,3,0,0.88,0.12,0.0,,,,,,0.52,beat rr=rr_long delta=delta_down member=<num>,generic
25,458,11426,11450,25,25,0,0,1.0,0.0,0.0,,,,,,0.48,beat rr=rr_long delta=delta_down member=<num>,generic
25,459,11451,11475,25,25,0,0,1.0,0.0,0.0,,,,,,0.4,beat rr=rr_long delta=delta_down member=<num>,generic
25,460,11476,11500,25,25,0,0,1.0,0.0,0.0,,,,,,0.44,beat rr=rr_long delta=delta_up member=<num>,generic
25,461,11501,11525,25,25,0,0,1.0,0.0,0.0,,,,,,0.44,beat rr=rr_long delta=delta_up member=<num>,generic
25,462,11526,11550,25,22,3,0,0.88,0.12,0.0,,,,,,0.68,beat rr=rr_long delta=delta_down member=<num>,generic
25,463,11551,11575,25,25,0,0,1.0,0.0,0.0,,,,,,0.52,beat rr=rr_long delta=delta_up member=<num>,generic
25,464,11576,11600,25,25,0,0,1.0,0.0,0.0,,,,,,0.48,beat rr=rr_long delta=delta_down member=<num>,generic
25,465,11601,11625,25,25,0,0,1.0,0.0,0.0,,,,,,0.48,beat rr=rr_long delta=delta_up member=<num>,generic
25,466,11626,11650,25,22,3,0,0.88,0.12,0.0,,,,,,0.48,beat rr=rr_long delta=delta_up member=<num>,generic
25,467,11651,11675,25,25,0,0,1.0,0.0,0.0,,,,,,0.44,beat rr=rr_long delta=delta_up member=<num>,generic
25,468,11676,11700,25,25,0,0,1.0,0.0,0.0,,,,,,0.44,beat rr=rr_long delta=delta_down member=<num>,generic
25,469,11701,11725,25,25,0,0,1.0,0.0,0.0,,,,,,0.48,beat rr=rr_long delta=delta_up member=<num>,generic
25,470,11726,11750,25,25,0,0,1.0,0.0,0.0,,,,,,0.48,beat rr=rr_long delta=delta_up member=<num>,generic
25,471,11751,11775,25,25,0,0,1.0,0.0,0.0,,,,,,0.4,beat rr=rr_long delta=delta_up member=<num>,generic
25,472,11776,11800,25,22,3,0,0.88,0.12,0.0,,,,,,0.48,beat rr=rr_long delta=delta_up member=<num>,generic
25,473,11801,11825,25,23,2,0,0.92,0.08,0.0,,,,,,0.52,beat rr=rr_long delta=delta_down member=<num>,generic
25,474,11826,11850,25,24,0,1,0.96,0.0,0.04,,,,,,0.52,beat rr=rr_long delta=delta_up member=<num>,generic
25,475,11851,11875,25,24,0,1,0.96,0.0,0.04,,,,,,0.56,beat rr=rr_long delta=delta_down member=<num>,generic
25,476,11876,11900,25,25,0,0,1.0,0.0,0.0,,,,,,0.36,beat rr=rr_long delta=delta_down member=<num>,generic
25,477,11901,11925,25,22,3,0,0.88,0.12,0.0,,,,,,0.48,beat rr=rr_long delta=delta_down member=<num>,generic
25,478,11926,11950,25,25,0,0,1.0,0.0,0.0,,,,,,0.48,beat rr=rr_long delta=delta_up member=<num>,generic
25,479,11951,11975,25,24,0,1,0.96,0.0,0.04,,,,,,0.52,beat rr=rr_long delta=delta_up member=<num>,generic
25,480,11976,12000,25,25,0,0,1.0,0.0,0.0,,,,,,0.4,beat rr=rr_long delta=delta_down member=<num>,generic
25,481,12001,12025,25,24,0,1,0.96,0.0,0.04,,,,,,0.52,beat rr=rr_long delta=delta_up member=<num>,generic
25,482,12026,12050,25,25,0,0,1.0,0.0,0.0,,,,,,0.44,beat rr=rr_long delta=delta_down member=<num>,generic
25,483,12051,12075,25,22,3,0,0.88,0.12,0.0,,,,,,0.44,beat rr=rr_long delta=delta_up member=<num>,generic
25,484,12076,12100,25,25,0,0,1.0,0.0,0.0,,,,,,0.4,beat rr=rr_long delta=delta_up member=<num>,generic
25,485,12101,12125,25,25,0,0,1.0,0.0,0.0,,,,,,0.48,beat rr=rr_long delta=delta_down member=<num>,generic
25,486,12126,12150,25,25,0,0,1.0,0.0,0.0,,,,,,0.36,beat rr=rr_long delta=delta_up member=<num>,generic
25,487,12151,12175,25,25,0,0,1.0,0.0,0.0,,,,,,0.4,beat rr=rr_long delta=delta_down member=<num>,generic
25,488,12176,12200,25,22,3,0,0.88,0.12,0.0,,,,,,0.52,beat rr=rr_long delta=delta_down member=<num>,generic
25,489,12201,12225,25,25,0,0,1.0,0.0,0.0,,,,,,0.36,beat rr=rr_long delta=delta_up member=<num>,generic
25,490,12226,12250,25,25,0,0,1.0,0.0,0.0,,,,,,0.68,beat rr=rr_long delta=delta_down member=<num>,generic
25,491,12251,12275,25,25,0,0,1.0,0.0,0.0,,,,,,0.48,beat rr=rr_long delta=delta_down member=<num>,generic
25,492,12276,12300,25,22,3,0,0.88,0.12,0.0,,,,,,0.52,beat rr=rr_long delta=delta_down member=<num>,generic
25,493,12301,12325,25,22,3,0,0.88,0.12,0.0,,,,,,0.44,beat rr=rr_long delta=delta_down member=<num>,generic
25,494,12326,12350,25,24,0,1,0.96,0.0,0.04,,,,,,0.48,beat rr=rr_long delta=delta_up member=<num>,generic
25,495,12351,12375,25,25,0,0,1.0,0.0,0.0,,,,,,0.52,beat rr=rr_long delta=delta_down member=<num>,generic
25,496,12376,12400,25,22,3,0,0.88,0.12,0.0,,,,,,0.48,beat rr=rr_long delta=delta_down member=<num>,generic
25,497,12401,12425,25,22,3,0,0.88,0.12,0.0,,,,,,0.48,beat rr=rr_long delta=delta_up member=<num>,generic
25,498,12426,12450,25,23,2,0,0.92,0.08,0.0,,,,,,0.48,beat rr=rr_long delta=delta_up member=<num>,generic
25,499,12451,12475,25,22,3,0,0.88,0.12,0.0,,,,,,0.44,beat rr=rr_long delta=delta_down member=<num>,generic
25,500,12476,12500,25,25,0,0,1.0,0.0,0.0,,,,,,0.4,beat rr=rr_long delta=delta_down member=<num>,generic
25,501,12501,12525,25,25,0,0,1.0,0.0,0.0,,,,,,0.44,beat rr=rr_long delta=delta_up member=<num>,generic
25,502,12526,12550,25,25,0,0,1.0,0.0,0.0,,,,,,0.48,beat rr=rr_long delta=delta_up member=<num>,generic
25,503,12551,12575,25,24,0,1,0.96,0.0,0.04,,,,,,0.52,beat rr=rr_long delta=delta_up member=<num>,generic
25,504,12576,12600,25,23,2,0,0.92,0.08,0.0,,,,,,0.48,beat rr=rr_long delta=delta_up member=<num>,generic
25,505,12601,12625,25,25,0,0,1.0,0.0,0.0,,,,,,0.44,beat rr=rr_long delta=delta_up member=<num>,generic
25,506,12626,12650,25,25,0,0,1.0,0.0,0.0,,,,,,0.56,beat rr=rr_long delta=delta_down member=<num>,generic
25,507,12651,12675,25,25,0,0,1.0,0.0,0.0,,,,,,0.48,beat rr=rr_long delta=delta_down member=<num>,generic
25,508,12676,12700,25,25,0,0,1.0,0.0,0.0,,,,,,0.48,beat rr=rr_long delta=delta_up member=<num>,generic
25,509,12701,12725,25,24,0,1,0.96,0.0,0.04,,,,,,0.52,beat rr=rr_long delta=delta_down member=<num>,generic
25,510,12726,12750,25,23,2,0,0.92,0.08,0.0,,,,,,0.56,beat rr=rr_long delta=delta_up member=<num>,generic
25,511,12751,12775,25,22,3,0,0.88,0.12,0.0,,,,,,0.52,beat rr=rr_long delta=delta_up member=<num>,generic
25,512,12776,12800,25,24,0,1,0.96,0.0,0.04,,,,,,0.56,beat rr=rr_long delta=delta_down member=<num>,generic
25,513,12801,12825,25,23,2,0,0.92,0.08,0.0,,,,,,0.56,beat rr=rr_long delta=delta_up member=<num>,generic
25,514,12826,12850,25,25,0,0,1.0,0.0,0.0,,,,,,0.36,beat rr=rr_long delta=delta_up member=<num>,generic
25,515,12851,12875,25,25,0,0,1.0,0.0,0.0,,,,,,0.4,beat rr=rr_long delta=delta_down member=<num>,generic
25,516,12876,12900,25,25,0,0,1.0,0.0,0.0,,,,,,0.52,beat rr=rr_long delta=delta_up member=<num>,generic
25,517,12901,12925,25,25,0,0,1.0,0.0,0.0,,,,,,0.44,beat rr=rr_long delta=delta_up member=<num>,generic
25,518,12926,12950,25,22,3,0,0.88,0.12,0.0,,,,,,0.44,beat rr=rr_long delta=delta_down member=<num>,generic
25,519,12951,12975,25,25,0,0,1.0,0.0,0.0,,,,,,0.4,beat rr=rr_long delta=delta_down member=<num>,generic
25,520,12976,13000,25,25,0,0,1.0,0.0,0.0,,,,,,0.4,beat rr=rr_long delta=delta_up member=<num>,generic
25,521,13001,13025,25,22,3,0,0.88,0.12,0.0,,,,,,0.56,beat rr=rr_long delta=delta_up member=<num>,generic
25,522,13026,13050,25,25,0,0,1.0,0.0,0.0,,,,,,0.48,beat rr=rr_long delta=delta_up member=<num>,generic
25,523,13051,13075,25,25,0,0,1.0,0.0,0.0,,,,,,0.44,beat rr=rr_long delta=delta_up member=<num>,generic
25,524,13076,13100,25,22,3,0,0.88,0.12,0.0,,,,,,0.48,beat rr=rr_long delta=delta_up member=<num>,generic
25,525,13101,13125,25,25,0,0,1.0,0.0,0.0,,,,,,0.44,beat rr=rr_long delta=delta_up member=<num>,generic
25,526,13126,13150,25,24,0,1,0.96,0.0,0.04,,,,,,0.48,beat rr=rr_long delta=delta_up member=<num>,generic
25,527,13151,13175,25,25,0,0,1.0,0.0,0.0,,,,,,0.48,beat rr=rr_long delta=delta_down member=<num>,generic
25,528,13176,13200,25,25,0,0,1.0,0.0,0.0,,,,,,0.44,beat rr=rr_long delta=delta_up member=<num>,generic
25,529,13201,13225,25,25,0,0,1.0,0.0,0.0,,,,,,0.48,beat rr=rr_long delta=delta_up member=<num>,generic
25,530,13226,13250,25,22,3,0,0.88,0.12,0.0,,,,,,0.48,beat rr=rr_long delta=delta_down member=<num>,generic
25,531,13251,13275,25,25,0,0,1.0,0.0,0.0,,,,,,0.44,beat rr=rr_long delta=delta_up member=<num>,generic
25,532,13276,13300,25,25,0,0,1.0,0.0,0.0,,,,,,0.44,beat rr=rr_long delta=delta_up member=<num>,generic
25,533,13301,13325,25,25,0,0,1.0,0.0,0.0,,,,,,0.48,beat rr=rr_long delta=delta_down member=<num>,generic
25,534,13326,13350,25,25,0,0,1.0,0.0,0.0,,,,,,0.4,beat rr=rr_long delta=delta_down member=<num>,generic
25,535,13351,13375,25,25,0,0,1.0,0.0,0.0,,,,,,0.48,beat rr=rr_long delta=delta_down member=<num>,generic
25,536,13376,13400,25,24,0,1,0.96,0.0,0.04,,,,,,0.48,beat rr=rr_long delta=delta_up member=<num>,generic
25,537,13401,13425,25,25,0,0,1.0,0.0,0.0,,,,,,0.48,beat rr=rr_long delta=delta_down member=<num>,generic
25,538,13426,13450,25,22,3,0,0.88,0.12,0.0,,,,,,0.44,beat rr=rr_long delta=delta_down member=<num>,generic
25,539,13451,13475,25,25,0,0,1.0,0.0,0.0,,,,,,0.4,beat rr=rr_long delta=delta_up member=<num>,generic
25,540,13476,13500,25,25,0,0,1.0,0.0,0.0,,,,,,0.44,beat rr=rr_long delta=delta_up member=<num>,generic
25,541,13501,13525,25,25,0,0,1.0,0.0,0.0,,,,,,0.44,beat rr=rr_long delta=delta_down member=<num>,generic
25,542,13526,13550,25,24,0,1,0.96,0.0,0.04,,,,,,0.56,beat rr=rr_long delta=delta_down member=<num>,generic
25,543,13551,13575,25,25,0,0,1.0,0.0,0.0,,,,,,0.52,beat rr=rr_long delta=delta_down member=<num>,generic
25,544,13576,13600,25,25,0,0,1.0,0.0,0.0,,,,,,0.4,beat rr=rr_long delta=delta_up member=<num>,generic
25,545,13601,13625,25,25,0,0,1.0,0.0,0.0,,,,,,0.44,beat rr=rr_long delta=delta_down member=<num>,generic
25,546,13626,13650,25,23,2,0,0.92,0.08,0.0,,,,,,0.56,beat rr=rr_long delta=delta_down member=<num>,generic
25,547,13651,13675,25,25,0,0,1.0,0.0,0.0,,,,,,0.56,beat rr=rr_long delta=delta_down member=<num>,generic
25,548,13676,13700,25,25,0,0,1.0,0.0,0.0,,,,,,0.52,beat rr=rr_long delta=delta_down member=<num>,generic
25,549,13701,13725,25,22,3,0,0.88,0.12,0.0,,,,,,0.48,beat rr=rr_long delta=delta_down member=<num>,generic
25,550,13726,13750,25,25,0,0,1.0,0.0,0.0,,,,,,0.48,beat rr=rr_long delta=delta_down member=<num>,generic
25,551,13751,13775,25,25,0,0,1.0,0.0,0.0,,,,,,0.48,beat rr=rr_long delta=delta_down member=<num>,generic
25,552,13776,13800,25,22,3,0,0.88,0.12,0.0,,,,,,0.44,beat rr=rr_long delta=delta_up member=<num>,generic
25,553,13801,13825,25,22,3,0,0.88,0.12,0.0,,,,,,0.56,beat rr=rr_long delta=delta_up member=<num>,generic
25,554,13826,13850,25,23,2,0,0.92,0.08,0.0,,,,,,0.48,beat rr=rr_long delta=delta_up member=<num>,generic
25,555,13851,13875,25,22,3,0,0.88,0.12,0.0,,,,,,0.48,beat rr=rr_long delta=delta_down member=<num>,generic
25,556,13876,13900,25,22,3,0,0.88,0.12,0.0,,,,,,0.44,beat rr=rr_long delta=delta_down member=<num>,generic
25,557,13901,13925,25,25,0,0,1.0,0.0,0.0,,,,,,0.52,beat rr=rr_long delta=delta_down member=<num>,generic
25,558,13926,13950,25,25,0,0,1.0,0.0,0.0,,,,,,0.4,beat rr=rr_long delta=delta_down member=<num>,generic
25,559,13951,13975,25,23,2,0,0.92,0.08,0.0,,,,,,0.48,beat rr=rr_long delta=delta_down member=<num>,generic
25,560,13976,14000,25,25,0,0,1.0,0.0,0.0,,,,,,0.4,beat rr=rr_long delta=delta_up member=<num>,generic
25,561,14001,14025,25,25,0,0,1.0,0.0,0.0,,,,,,0.44,beat rr=rr_long delta=delta_down member=<num>,generic
25,562,14026,14050,25,23,2,0,0.92,0.08,0.0,,,,,,0.48,beat rr=rr_long delta=delta_down member=<num>,generic
25,563,14051,14075,25,25,0,0,1.0,0.0,0.0,,,,,,0.48,beat rr=rr_long delta=delta_up member=<num>,generic
25,564,14076,14100,25,23,2,0,0.92,0.08,0.0,,,,,,0.52,beat rr=rr_long delta=delta_down member=<num>,generic
25,565,14101,14125,25,25,0,0,1.0,0.0,0.0,,,,,,0.4,beat rr=rr_long delta=delta_down member=<num>,generic
25,566,14126,14150,25,24,0,1,0.96,0.0,0.04,,,,,,0.52,beat rr=rr_long delta=delta_up member=<num>,generic
25,567,14151,14175,25,24,0,1,0.96,0.0,0.04,,,,,,0.48,beat rr=rr_long delta=delta_down member=<num>,generic
25,568,14176,14200,25,22,3,0,0.88,0.12,0.0,,,,,,0.6,beat rr=rr_long delta=delta_down member=<num>,generic
25,569,14201,14225,25,24,0,1,0.96,0.0,0.04,,,,,,0.52,beat rr=rr_long delta=delta_down member=<num>,generic
25,570,14226,14250,25,25,0,0,1.0,0.0,0.0,,,,,,0.44,beat rr=rr_long delta=delta_up member=<num>,generic
25,571,14251,14275,25,25,0,0,1.0,0.0,0.0,,,,,,0.44,beat rr=rr_long delta=delta_down member=<num>,generic
25,572,14276,14300,25,25,0,0,1.0,0.0,0.0,,,,,,0.52,beat rr=rr_long delta=delta_down member=<num>,generic
25,573,14301,14325,25,25,0,0,1.0,0.0,0.0,,,,,,0.48,beat rr=rr_long delta=delta_up member=<num>,generic
25,574,14326,14350,25,22,3,0,0.88,0.12,0.0,,,,,,0.48,beat rr=rr_long delta=delta_up member=<num>,generic
25,575,14351,14375,25,25,0,0,1.0,0.0,0.0,,,,,,0.44,beat rr=rr_long delta=delta_up member=<num>,generic
25,576,14376,14400,25,25,0,0,1.0,0.0,0.0,,,,,,0.44,beat rr=rr_long delta=delta_up member=<num>,generic
25,577,14401,14425,25,24,0,1,0.96,0.0,0.04,,,,,,0.56,beat rr=rr_long delta=delta_up member=<num>,generic
25,578,14426,14450,25,24,0,1,0.96,0.0,0.04,,,,,,0.56,beat rr=rr_long delta=delta_down member=<num>,generic
25,579,14451,14475,25,25,0,0,1.0,0.0,0.0,,,,,,0.44,beat rr=rr_long delta=delta_down member=<num>,generic
25,580,14476,14500,25,22,3,0,0.88,0.12,0.0,,,,,,0.48,beat rr=rr_long delta=delta_up member=<num>,generic
25,581,14501,14525,25,25,0,0,1.0,0.0,0.0,,,,,,0.44,beat rr=rr_long delta=delta_down member=<num>,generic
25,582,14526,14550,25,22,3,0,0.88,0.12,0.0,,,,,,0.48,beat rr=rr_long delta=delta_down member=<num>,generic
25,583,14551,14575,25,22,3,0,0.88,0.12,0.0,,,,,,0.52,beat rr=rr_long delta=delta_down member=<num>,generic
25,584,14576,14600,25,23,2,0,0.92,0.08,0.0,,,,,,0.6,beat rr=rr_long delta=delta_down member=<num>,generic
25,585,14601,14625,25,25,0,0,1.0,0.0,0.0,,,,,,0.44,beat rr=rr_long delta=delta_up member=<num>,generic
25,586,14626,14650,25,25,0,0,1.0,0.0,0.0,,,,,,0.44,beat rr=rr_long delta=delta_down member=<num>,generic
25,587,14651,14675,25,22,3,0,0.88,0.12,0.0,,,,,,0.44,beat rr=rr_long delta=delta_up member=<num>,generic
25,588,14676,14700,25,22,3,0,0.88,0.12,0.0,,,,,,0.52,beat rr=rr_long delta=delta_down member=<num>,generic
25,589,14701,14725,25,25,0,0,1.0,0.0,0.0,,,,,,0.36,beat rr=rr_long delta=delta_up member=<num>,generic
25,590,14726,14750,25,23,2,0,0.92,0.08,0.0,,,,,,0.48,beat rr=rr_long delta=delta_down member=<num>,generic
25,591,14751,14775,25,25,0,0,1.0,0.0,0.0,,,,,,0.44,beat rr=rr_long delta=delta_down member=<num>,generic
25,592,14776,14800,25,25,0,0,1.0,0.0,0.0,,,,,,0.4,beat rr=rr_long delta=delta_down member=<num>,generic
25,593,14801,14825,25,25,0,0,1.0,0.0,0.0,,,,,,0.44,beat rr=rr_long delta=delta_down member=<num>,generic
25,594,14826,14850,25,22,3,0,0.88,0.12,0.0,,,,,,0.48,beat rr=rr_long delta=delta_down member=<num>,generic
25,595,14851,14875,25,22,3,0,0.88,0.12,0.0,,,,,,0.48,beat rr=rr_long delta=delta_down member=<num>,generic
25,596,14876,14900,25,24,0,1,0.96,0.0,0.04,,,,,,0.6,beat rr=rr_long delta=delta_down member=<num>,generic
25,597,14901,14925,25,25,0,0,1.0,0.0,0.0,,,,,,0.4,beat rr=rr_long delta=delta_down member=<num>,generic
25,598,14926,14950,25,25,0,0,1.0,0.0,0.0,,,,,,0.52,beat rr=rr_long delta=delta_down member=<num>,generic
25,599,14951,14975,25,25,0,0,1.0,0.0,0.0,,,,,,0.4,beat rr=rr_long delta=delta_down member=<num>,generic
25,600,14976,15000,25,25,0,0,1.0,0.0,0.0,,,,,,0.44,beat rr=rr_long delta=delta_up member=<num>,generic
25,601,15001,15025,25,25,0,0,1.0,0.0,0.0,,,,,,0.44,beat rr=rr_long delta=delta_down member=<num>,generic
25,602,15026,15050,25,25,0,0,1.0,0.0,0.0,,,,,,0.44,beat rr=rr_long delta=delta_up member=<num>,generic
25,603,15051,15075,25,22,3,0,0.88,0.12,0.0,,,,,,0.48,beat rr=rr_long delta=delta_up member=<num>,generic
25,604,15076,15100,25,25,0,0,1.0,0.0,0.0,,,,,,0.4,beat rr=rr_long delta=delta_up member=<num>,generic
25,605,15101,15125,25,25,0,0,1.0,0.0,0.0,,,,,,0.44,beat rr=rr_long delta=delta_down member=<num>,generic
25,606,15126,15150,25,25,0,0,1.0,0.0,0.0,,,,,,0.44,beat rr=rr_long delta=delta_down member=<num>,generic
25,607,15151,15175,25,25,0,0,1.0,0.0,0.0,,,,,,0.52,beat rr=rr_long delta=delta_down member=<num>,generic
25,608,15176,15200,25,25,0,0,1.0,0.0,0.0,,,,,,0.44,beat rr=rr_long delta=delta_down member=<num>,generic
25,609,15201,15225,25,25,0,0,1.0,0.0,0.0,,,,,,0.44,beat rr=rr_long delta=delta_down member=<num>,generic
25,610,15226,15250,25,23,2,0,0.92,0.08,0.0,,,,,,0.56,beat rr=rr_long delta=delta_down member=<num>,generic
25,611,15251,15275,25,22,3,0,0.88,0.12,0.0,,,,,,0.44,beat rr=rr_long delta=delta_up member=<num>,generic
25,612,15276,15300,25,23,2,0,0.92,0.08,0.0,,,,,,0.68,beat rr=rr_long delta=delta_down member=<num>,generic
25,613,15301,15325,25,22,3,0,0.88,0.12,0.0,,,,,,0.48,beat rr=rr_long delta=delta_down member=<num>,generic
25,614,15326,15350,25,25,0,0,1.0,0.0,0.0,,,,,,0.6,beat rr=rr_long delta=delta_down member=<num>,generic
25,615,15351,15375,25,22,3,0,0.88,0.12,0.0,,,,,,0.52,beat rr=rr_long delta=delta_down member=<num>,generic
25,616,15376,15400,25,25,0,0,1.0,0.0,0.0,,,,,,0.4,beat rr=rr_long delta=delta_down member=<num>,generic
25,617,15401,15425,25,23,2,0,0.92,0.08,0.0,,,,,,0.52,beat rr=rr_long delta=delta_up member=<num>,generic
25,618,15426,15450,25,25,0,0,1.0,0.0,0.0,,,,,,0.44,beat rr=rr_long delta=delta_up member=<num>,generic
25,619,15451,15475,25,22,3,0,0.88,0.12,0.0,,,,,,0.48,beat rr=rr_long delta=delta_down member=<num>,generic
25,620,15476,15500,25,22,3,0,0.88,0.12,0.0,,,,,,0.48,beat rr=rr_long delta=delta_down member=<num>,generic
25,621,15501,15525,25,25,0,0,1.0,0.0,0.0,,,,,,0.64,beat rr=rr_long delta=delta_down member=<num>,generic
25,622,15526,15550,25,24,0,1,0.96,0.0,0.04,,,,,,0.52,beat rr=rr_long delta=delta_down member=<num>,generic
25,623,15551,15575,25,24,0,1,0.96,0.0,0.04,,,,,,0.52,beat rr=rr_long delta=delta_up member=<num>,generic
25,624,15576,15600,25,25,0,0,1.0,0.0,0.0,,,,,,0.4,beat rr=rr_long delta=delta_down member=<num>,generic
25,625,15601,15625,25,25,0,0,1.0,0.0,0.0,,,,,,0.52,beat rr=rr_long delta=delta_down member=<num>,generic
25,626,15626,15650,25,25,0,0,1.0,0.0,0.0,,,,,,0.4,beat rr=rr_long delta=delta_down member=<num>,generic
25,627,15651,15675,25,25,0,0,1.0,0.0,0.0,,,,,,0.44,beat rr=rr_long delta=delta_down member=<num>,generic
25,628,15676,15700,25,23,2,0,0.92,0.08,0.0,,,,,,0.48,beat rr=rr_long delta=delta_down member=<num>,generic
25,629,15701,15725,25,25,0,0,1.0,0.0,0.0,,,,,,0.4,beat rr=rr_long delta=delta_down member=<num>,generic
25,630,15726,15750,25,22,3,0,0.88,0.12,0.0,,,,,,0.48,beat rr=rr_long delta=delta_down member=<num>,generic
25,631,15751,15775,25,22,3,0,0.88,0.12,0.0,,,,,,0.44,beat rr=rr_long delta=delta_down member=<num>,generic
25,632,15776,15800,25,25,0,0,1.0,0.0,0.0,,,,,,0.52,beat rr=rr_long delta=delta_down member=<num>,generic
25,633,15801,15825,25,25,0,0,1.0,0.0,0.0,,,,,,0.48,beat rr=rr_long delta=delta_down member=<num>,generic
25,634,15826,15850,25,22,3,0,0.88,0.12,0.0,,,,,,0.52,beat rr=rr_long delta=delta_down member=<num>,generic
25,635,15851,15875,25,22,3,0,0.88,0.12,0.0,,,,,,0.52,beat rr=rr_long delta=delta_down member=<num>,generic
25,636,15876,15900,25,23,2,0,0.92,0.08,0.0,,,,,,0.52,beat rr=rr_long delta=delta_down member=<num>,generic
25,637,15901,15925,25,24,0,1,0.96,0.0,0.04,,,,,,0.64,beat rr=rr_long delta=delta_down member=<num>,generic
25,638,15926,15950,25,22,3,0,0.88,0.12,0.0,,,,,,0.44,beat rr=rr_long delta=delta_down member=<num>,generic
25,639,15951,15975,25,25,0,0,1.0,0.0,0.0,,,,,,0.36,beat rr=rr_long delta=delta_flat member=<num>,generic
25,640,15976,16000,25,25,0,0,1.0,0.0,0.0,,,,,,0.4,beat rr=rr_long delta=delta_down member=<num>,generic
25,641,16001,16025,25,24,0,1,0.96,0.0,0.04,,,,,,0.48,beat rr=rr_long delta=delta_up member=<num>,generic
25,642,16026,16050,25,22,3,0,0.88,0.12,0.0,,,,,,0.52,beat rr=rr_long delta=delta_down member=<num>,generic
25,643,16051,16075,25,25,0,0,1.0,0.0,0.0,,,,,,0.44,beat rr=rr_long delta=delta_down member=<num>,generic
25,644,16076,16100,25,22,3,0,0.88,0.12,0.0,,,,,,0.44,beat rr=rr_long delta=delta_up member=<num>,generic
25,645,16101,16125,25,25,0,0,1.0,0.0,0.0,,,,,,0.48,beat rr=rr_long delta=delta_down member=<num>,generic
25,646,16126,16150,25,23,2,0,0.92,0.08,0.0,,,,,,0.64,beat rr=rr_long delta=delta_down member=<num>,generic
25,647,16151,16175,25,23,2,0,0.92,0.08,0.0,,,,,,0.56,beat rr=rr_long delta=delta_up member=<num>,generic
25,648,16176,16200,25,25,0,0,1.0,0.0,0.0,,,,,,0.44,beat rr=rr_long delta=delta_up member=<num>,generic
25,649,16201,16225,25,25,0,0,1.0,0.0,0.0,,,,,,0.44,beat rr=rr_long delta=delta_up member=<num>,generic
25,650,16226,16250,25,23,2,0,0.92,0.08,0.0,,,,,,0.6,beat rr=rr_long delta=delta_up member=<num>,generic
25,651,16251,16275,25,23,2,0,0.92,0.08,0.0,,,,,,0.6,beat rr=rr_long delta=delta_down member=<num>,generic
25,652,16276,16300,25,23,2,0,0.92,0.08,0.0,,,,,,0.6,beat rr=rr_long delta=delta_down member=<num>,generic
25,653,16301,16325,25,25,0,0,1.0,0.0,0.0,,,,,,0.52,beat rr=rr_long delta=delta_down member=<num>,generic
25,654,16326,16350,25,22,3,0,0.88,0.12,0.0,,,,,,0.56,beat rr=rr_long delta=delta_down member=<num>,generic
25,655,16351,16375,25,23,2,0,0.92,0.08,0.0,,,,,,0.56,beat rr=rr_long delta=delta_down member=<num>,generic
25,656,16376,16400,25,23,2,0,0.92,0.08,0.0,,,,,,0.52,beat rr=rr_long delta=delta_up member=<num>,generic
25,657,16401,16425,25,25,0,0,1.0,0.0,0.0,,,,,,0.52,beat rr=rr_long delta=delta_down member=<num>,generic
25,658,16426,16450,25,22,3,0,0.88,0.12,0.0,,,,,,0.44,beat rr=rr_long delta=delta_down member=<num>,generic
25,659,16451,16475,25,23,2,0,0.92,0.08,0.0,,,,,,0.52,beat rr=rr_long delta=delta_down member=<num>,generic
25,660,16476,16500,25,22,3,0,0.88,0.12,0.0,,,,,,0.48,beat rr=rr_long delta=delta_down member=<num>,generic
25,661,16501,16525,25,25,0,0,1.0,0.0,0.0,,,,,,0.48,beat rr=rr_long delta=delta_down member=<num>,generic
25,662,16526,16550,25,24,0,1,0.96,0.0,0.04,,,,,,0.52,beat rr=rr_long delta=delta_up member=<num>,generic
25,663,16551,16575,25,25,0,0,1.0,0.0,0.0,,,,,,0.6,beat rr=rr_long delta=delta_down member=<num>,generic
25,664,16576,16600,25,22,3,0,0.88,0.12,0.0,,,,,,0.48,beat rr=rr_long delta=delta_down member=<num>,generic
25,665,16601,16625,25,25,0,0,1.0,0.0,0.0,,,,,,0.48,beat rr=rr_long delta=delta_up member=<num>,generic
25,666,16626,16650,25,25,0,0,1.0,0.0,0.0,,,,,,0.4,beat rr=rr_long delta=delta_down member=<num>,generic
25,667,16651,16675,25,22,3,0,0.88,0.12,0.0,,,,,,0.6,beat rr=rr_long delta=delta_down member=<num>,generic
25,668,16676,16700,25,25,0,0,1.0,0.0,0.0,,,,,,0.36,beat rr=rr_long delta=delta_down member=<num>,generic
25,669,16701,16725,25,25,0,0,1.0,0.0,0.0,,,,,,0.48,beat rr=rr_long delta=delta_down member=<num>,generic
25,670,16726,16750,25,25,0,0,1.0,0.0,0.0,,,,,,0.52,beat rr=rr_long delta=delta_down member=<num>,generic
25,671,16751,16775,25,22,3,0,0.88,0.12,0.0,,,,,,0.52,beat rr=rr_long delta=delta_up member=<num>,generic
25,672,16776,16800,25,25,0,0,1.0,0.0,0.0,,,,,,0.4,beat rr=rr_long delta=delta_down member=<num>,generic
25,673,16801,16825,25,25,0,0,1.0,0.0,0.0,,,,,,0.48,beat rr=rr_long delta=delta_down member=<num>,generic
25,674,16826,16850,25,23,2,0,0.92,0.08,0.0,,,,,,0.56,beat rr=rr_long delta=delta_down member=<num>,generic
25,675,16851,16875,25,25,0,0,1.0,0.0,0.0,,,,,,0.52,beat rr=rr_long delta=delta_down member=<num>,generic
25,676,16876,16900,25,25,0,0,1.0,0.0,0.0,,,,,,0.48,beat rr=rr_long delta=delta_down member=<num>,generic
25,677,16901,16925,25,25,0,0,1.0,0.0,0.0,,,,,,0.52,beat rr=rr_long delta=delta_down member=<num>,generic
25,678,16926,16950,25,23,2,0,0.92,0.08,0.0,,,,,,0.48,beat rr=rr_long delta=delta_up member=<num>,generic
25,679,16951,16975,25,25,0,0,1.0,0.0,0.0,,,,,,0.4,beat rr=rr_long delta=delta_down member=<num>,generic
25,680,16976,17000,25,25,0,0,1.0,0.0,0.0,,,,,,0.48,beat rr=rr_long delta=delta_down member=<num>,generic
25,681,17001,17025,25,23,2,0,0.92,0.08,0.0,,,,,,0.48,beat rr=rr_long delta=delta_down member=<num>,generic
25,682,17026,17050,25,25,0,0,1.0,0.0,0.0,,,,,,0.36,beat rr=rr_long delta=delta_down member=<num>,generic
25,683,17051,17075,25,25,0,0,1.0,0.0,0.0,,,,,,0.4,beat rr=rr_long delta=delta_up member=<num>,generic
25,684,17076,17100,25,25,0,0,1.0,0.0,0.0,,,,,,0.44,beat rr=rr_long delta=delta_down member=<num>,generic
25,685,17101,17125,25,25,0,0,1.0,0.0,0.0,,,,,,0.36,beat rr=rr_long delta=delta_up member=<num>,generic
25,686,17126,17150,25,25,0,0,1.0,0.0,0.0,,,,,,0.48,beat rr=rr_long delta=delta_up member=<num>,generic
25,687,17151,17175,25,23,2,0,0.92,0.08,0.0,,,,,,0.48,beat rr=rr_long delta=delta_up member=<num>,generic
25,688,17176,17200,25,22,3,0,0.88,0.12,0.0,,,,,,0.52,beat rr=rr_long delta=delta_up member=<num>,generic
25,689,17201,17225,25,22,3,0,0.88,0.12,0.0,,,,,,0.44,beat rr=rr_long delta=delta_down member=<num>,generic
25,690,17226,17250,25,25,0,0,1.0,0.0,0.0,,,,,,0.56,beat rr=rr_long delta=delta_down member=<num>,generic
25,691,17251,17275,25,25,0,0,1.0,0.0,0.0,,,,,,0.44,beat rr=rr_long delta=delta_up member=<num>,generic
25,692,17276,17300,25,25,0,0,1.0,0.0,0.0,,,,,,0.56,beat rr=rr_long delta=delta_down member=<num>,generic
25,693,17301,17325,25,25,0,0,1.0,0.0,0.0,,,,,,0.36,beat rr=rr_long delta=delta_down member=<num>,generic
25,694,17326,17350,25,25,0,0,1.0,0.0,0.0,,,,,,0.4,beat rr=rr_long delta=delta_down member=<num>,generic
25,695,17351,17375,25,25,0,0,1.0,0.0,0.0,,,,,,0.52,beat rr=rr_long delta=delta_flat member=<num>,generic
25,696,17376,17400,25,25,0,0,1.0,0.0,0.0,,,,,,0.44,beat rr=rr_long delta=delta_flat member=<num>,generic
25,697,17401,17425,25,25,0,0,1.0,0.0,0.0,,,,,,0.36,beat rr=rr_long delta=delta_down member=<num>,generic
25,698,17426,17450,25,25,0,0,1.0,0.0,0.0,,,,,,0.44,beat rr=rr_long delta=delta_down member=<num>,generic
25,699,17451,17475,25,25,0,0,1.0,0.0,0.0,,,,,,0.56,beat rr=rr_long delta=delta_up member=<num>,generic
25,700,17476,17500,25,22,3,0,0.88,0.12,0.0,,,,,,0.44,beat rr=rr_long delta=delta_down member=<num>,generic
25,701,17501,17525,25,25,0,0,1.0,0.0,0.0,,,,,,0.48,beat rr=rr_long delta=delta_down member=<num>,generic
25,702,17526,17550,25,25,0,0,1.0,0.0,0.0,,,,,,0.36,beat rr=rr_long delta=delta_down member=<num>,generic
25,703,17551,17575,25,25,0,0,1.0,0.0,0.0,,,,,,0.36,beat rr=rr_long delta=delta_down member=<num>,generic
25,704,17576,17600,25,23,2,0,0.92,0.08,0.0,,,,,,0.52,beat rr=rr_long delta=delta_down member=<num>,generic
25,705,17601,17625,25,25,0,0,1.0,0.0,0.0,,,,,,0.4,beat rr=rr_long delta=delta_flat member=<num>,generic
25,706,17626,17650,25,25,0,0,1.0,0.0,0.0,,,,,,0.52,beat rr=rr_long delta=delta_down member=<num>,generic
25,707,17651,17675,25,25,0,0,1.0,0.0,0.0,,,,,,0.44,beat rr=rr_long delta=delta_down member=<num>,generic
25,708,17676,17700,25,22,3,0,0.88,0.12,0.0,,,,,,0.48,beat rr=rr_long delta=delta_up member=<num>,generic
25,709,17701,17725,25,25,0,0,1.0,0.0,0.0,,,,,,0.36,beat rr=rr_long delta=delta_up member=<num>,generic
25,710,17726,17750,25,25,0,0,1.0,0.0,0.0,,,,,,0.56,beat rr=rr_long delta=delta_up member=<num>,generic
25,711,17751,17775,25,25,0,0,1.0,0.0,0.0,,,,,,0.44,beat rr=rr_long delta=delta_down member=<num>,generic
25,712,17776,17800,25,25,0,0,1.0,0.0,0.0,,,,,,0.36,beat rr=rr_long delta=delta_down member=<num>,generic
25,713,17801,17825,25,25,0,0,1.0,0.0,0.0,,,,,,0.4,beat rr=rr_long delta=delta_up member=<num>,generic
25,714,17826,17850,25,25,0,0,1.0,0.0,0.0,,,,,,0.44,beat rr=rr_long delta=delta_up member=<num>,generic
25,715,17851,17875,25,25,0,0,1.0,0.0,0.0,,,,,,0.4,beat rr=rr_long delta=delta_down member=<num>,generic
25,716,17876,17900,25,25,0,0,1.0,0.0,0.0,,,,,,0.44,beat rr=rr_long delta=delta_up member=<num>,generic
25,717,17901,17925,25,25,0,0,1.0,0.0,0.0,,,,,,0.4,beat rr=rr_long delta=delta_flat member=<num>,generic
25,718,17926,17950,25,22,3,0,0.88,0.12,0.0,,,,,,0.44,beat rr=rr_long delta=delta_up member=<num>,generic
25,719,17951,17975,25,25,0,0,1.0,0.0,0.0,,,,,,0.36,beat rr=rr_long delta=delta_up member=<num>,generic
25,720,17976,18000,25,25,0,0,1.0,0.0,0.0,,,,,,0.48,beat rr=rr_long delta=delta_flat member=<num>,generic
25,721,18001,18025,25,25,0,0,1.0,0.0,0.0,,,,,,0.44,beat rr=rr_long delta=delta_down member=<num>,generic
25,722,18026,18050,25,25,0,0,1.0,0.0,0.0,,,,,,0.48,beat rr=rr_long delta=delta_up member=<num>,generic
25,723,18051,18075,25,25,0,0,1.0,0.0,0.0,,,,,,0.44,beat rr=rr_long delta=delta_down member=<num>,generic
25,724,18076,18100,25,25,0,0,1.0,0.0,0.0,,,,,,0.4,beat rr=rr_long delta=delta_up member=<num>,generic
25,725,18101,18125,25,25,0,0,1.0,0.0,0.0,,,,,,0.44,beat rr=rr_long delta=delta_up member=<num>,generic
25,726,18126,18150,25,25,0,0,1.0,0.0,0.0,,,,,,0.52,beat rr=rr_long delta=delta_down member=<num>,generic
25,727,18151,18175,25,22,3,0,0.88,0.12,0.0,,,,,,0.48,beat rr=rr_long delta=delta_down member=<num>,generic
25,728,18176,18200,25,25,0,0,1.0,0.0,0.0,,,,,,0.36,beat rr=rr_long delta=delta_down member=<num>,generic
25,729,18201,18225,25,24,0,1,0.96,0.0,0.04,,,,,,0.6,beat rr=rr_long delta=delta_down member=<num>,generic
25,730,18226,18250,25,23,2,0,0.92,0.08,0.0,,,,,,0.48,beat rr=rr_long delta=delta_up member=<num>,generic
25,731,18251,18275,25,22,3,0,0.88,0.12,0.0,,,,,,0.48,beat rr=rr_long delta=delta_up member=<num>,generic
25,732,18276,18300,25,25,0,0,1.0,0.0,0.0,,,,,,0.48,beat rr=rr_long delta=delta_down member=<num>,generic
25,733,18301,18325,25,25,0,0,1.0,0.0,0.0,,,,,,0.6,beat rr=rr_long delta=delta_flat member=<num>,generic
25,734,18326,18350,25,25,0,0,1.0,0.0,0.0,,,,,,0.52,beat rr=rr_long delta=delta_down member=<num>,generic
25,735,18351,18375,25,25,0,0,1.0,0.0,0.0,,,,,,0.4,beat rr=rr_long delta=delta_flat member=<num>,generic
25,736,18376,18400,25,25,0,0,1.0,0.0,0.0,,,,,,0.36,beat rr=rr_long delta=delta_down member=<num>,generic
25,737,18401,18425,25,25,0,0,1.0,0.0,0.0,,,,,,0.4,beat rr=rr_long delta=delta_flat member=<num>,generic
25,738,18426,18450,25,25,0,0,1.0,0.0,0.0,,,,,,0.44,beat rr=rr_long delta=delta_up member=<num>,generic
25,739,18451,18475,25,25,0,0,1.0,0.0,0.0,,,,,,0.36,beat rr=rr_long delta=delta_up member=<num>,generic
25,740,18476,18500,25,25,0,0,1.0,0.0,0.0,,,,,,0.44,beat rr=rr_long delta=delta_up member=<num>,generic
25,741,18501,18525,25,25,0,0,1.0,0.0,0.0,,,,,,0.48,beat rr=rr_long delta=delta_up member=<num>,generic
25,742,18526,18550,25,25,0,0,1.0,0.0,0.0,,,,,,0.4,beat rr=rr_long delta=delta_up member=<num>,generic
25,743,18551,18575,25,22,3,0,0.88,0.12,0.0,,,,,,0.56,beat rr=rr_long delta=delta_down member=<num>,generic
25,744,18576,18600,25,25,0,0,1.0,0.0,0.0,,,,,,0.44,beat rr=rr_long delta=delta_up member=<num>,generic
25,745,18601,18625,25,22,3,0,0.88,0.12,0.0,,,,,,0.52,beat rr=rr_long delta=delta_down member=<num>,generic
25,746,18626,18650,25,25,0,0,1.0,0.0,0.0,,,,,,0.4,beat rr=rr_long delta=delta_up member=<num>,generic
25,747,18651,18675,25,22,3,0,0.88,0.12,0.0,,,,,,0.44,beat rr=rr_long delta=delta_down member=<num>,generic
25,748,18676,18700,25,25,0,0,1.0,0.0,0.0,,,,,,0.4,beat rr=rr_long delta=delta_down member=<num>,generic
25,749,18701,18725,25,25,0,0,1.0,0.0,0.0,,,,,,0.44,beat rr=rr_long delta=delta_up member=<num>,generic
25,750,18726,18750,25,23,2,0,0.92,0.08,0.0,,,,,,0.48,beat rr=rr_long delta=delta_up member=<num>,generic
25,751,18751,18775,25,22,3,0,0.88,0.12,0.0,,,,,,0.48,beat rr=rr_long delta=delta_up member=<num>,generic
25,752,18776,18800,25,22,3,0,0.88,0.12,0.0,,,,,,0.48,beat rr=rr_long delta=delta_down member=<num>,generic
25,753,18801,18825,25,22,3,0,0.88,0.12,0.0,,,,,,0.48,beat rr=rr_long delta=delta_down member=<num>,generic
25,754,18826,18850,25,23,2,0,0.92,0.08,0.0,,,,,,0.52,beat rr=rr_long delta=delta_up member=<num>,generic
25,755,18851,18875,25,25,0,0,1.0,0.0,0.0,,,,,,0.48,beat rr=rr_long delta=delta_down member=<num>,generic
25,756,18876,18900,25,25,0,0,1.0,0.0,0.0,,,,,,0.44,beat rr=rr_long delta=delta_up member=<num>,generic
25,757,18901,18925,25,25,0,0,1.0,0.0,0.0,,,,,,0.4,beat rr=rr_long delta=delta_down member=<num>,generic
25,758,18926,18950,25,25,0,0,1.0,0.0,0.0,,,,,,0.4,beat rr=rr_long delta=delta_up member=<num>,generic
25,759,18951,18975,25,25,0,0,1.0,0.0,0.0,,,,,,0.36,beat rr=rr_long delta=delta_up member=<num>,generic
25,760,18976,19000,25,22,3,0,0.88,0.12,0.0,,,,,,0.44,beat rr=rr_long delta=delta_up member=<num>,generic
25,761,19001,19025,25,25,0,0,1.0,0.0,0.0,,,,,,0.48,beat rr=rr_long delta=delta_up member=<num>,generic
25,762,19026,19050,25,25,0,0,1.0,0.0,0.0,,,,,,0.64,beat rr=rr_long delta=delta_down member=<num>,generic
25,763,19051,19075,25,25,0,0,1.0,0.0,0.0,,,,,,0.44,beat rr=rr_long delta=delta_down member=<num>,generic
25,764,19076,19100,25,22,3,0,0.88,0.12,0.0,,,,,,0.56,beat rr=rr_long delta=delta_up member=<num>,generic
25,765,19101,19125,25,24,0,1,0.96,0.0,0.04,,,,,,0.52,beat rr=rr_long delta=delta_down member=<num>,generic
25,766,19126,19150,25,25,0,0,1.0,0.0,0.0,,,,,,0.64,beat rr=rr_long delta=delta_down member=<num>,generic
25,767,19151,19175,25,24,0,1,0.96,0.0,0.04,,,,,,0.52,beat rr=rr_long delta=delta_down member=<num>,generic
25,768,19176,19200,25,22,3,0,0.88,0.12,0.0,,,,,,0.6,beat rr=rr_long delta=delta_down member=<num>,generic
25,769,19201,19225,25,23,2,0,0.92,0.08,0.0,,,,,,0.6,beat rr=rr_long delta=delta_down member=<num>,generic
25,770,19226,19250,25,24,0,1,0.96,0.0,0.04,,,,,,0.52,beat rr=rr_long delta=delta_down member=<num>,generic
25,771,19251,19275,25,22,3,0,0.88,0.12,0.0,,,,,,0.44,beat rr=rr_long delta=delta_up member=<num>,generic
25,772,19276,19300,25,25,0,0,1.0,0.0,0.0,,,,,,0.44,beat rr=rr_long delta=delta_down member=<num>,generic
25,773,19301,19325,25,25,0,0,1.0,0.0,0.0,,,,,,0.44,beat rr=rr_long delta=delta_down member=<num>,generic
25,774,19326,19350,25,25,0,0,1.0,0.0,0.0,,,,,,0.56,beat rr=rr_long delta=delta_up member=<num>,generic
25,775,19351,19375,25,25,0,0,1.0,0.0,0.0,,,,,,0.56,beat rr=rr_long delta=delta_down member=<num>,generic
25,776,19376,19400,25,25,0,0,1.0,0.0,0.0,,,,,,0.52,beat rr=rr_long delta=delta_down member=<num>,generic
25,777,19401,19425,25,25,0,0,1.0,0.0,0.0,,,,,,0.6,beat rr=rr_long delta=delta_down member=<num>,generic
25,778,19426,19450,25,25,0,0,1.0,0.0,0.0,,,,,,0.48,beat rr=rr_long delta=delta_down member=<num>,generic
25,779,19451,19475,25,22,3,0,0.88,0.12,0.0,,,,,,0.48,beat rr=rr_long delta=delta_up member=<num>,generic
25,780,19476,19500,25,25,0,0,1.0,0.0,0.0,,,,,,0.4,beat rr=rr_long delta=delta_down member=<num>,generic
25,781,19501,19525,25,25,0,0,1.0,0.0,0.0,,,,,,0.44,beat rr=rr_long delta=delta_down member=<num>,generic
25,782,19526,19550,25,25,0,0,1.0,0.0,0.0,,,,,,0.4,beat rr=rr_long delta=delta_down member=<num>,generic
25,783,19551,19575,25,23,2,0,0.92,0.08,0.0,,,,,,0.48,beat rr=rr_long delta=delta_down member=<num>,generic
25,784,19576,19600,25,25,0,0,1.0,0.0,0.0,,,,,,0.36,beat rr=rr_long delta=delta_flat member=<num>,generic
25,785,19601,19625,25,25,0,0,1.0,0.0,0.0,,,,,,0.4,beat rr=rr_long delta=delta_up member=<num>,generic
25,786,19626,19650,25,25,0,0,1.0,0.0,0.0,,,,,,0.4,beat rr=rr_long delta=delta_up member=<num>,generic
25,787,19651,19675,25,25,0,0,1.0,0.0,0.0,,,,,,0.4,beat rr=rr_long delta=delta_down member=<num>,generic
25,788,19676,19700,25,22,3,0,0.88,0.12,0.0,,,,,,0.44,beat rr=rr_long delta=delta_up member=<num>,generic
25,789,19701,19725,25,22,3,0,0.88,0.12,0.0,,,,,,0.56,beat rr=rr_long delta=delta_up member=<num>,generic
25,790,19726,19750,25,22,3,0,0.88,0.12,0.0,,,,,,0.48,beat rr=rr_long delta=delta_up member=<num>,generic
25,791,19751,19775,25,25,0,0,1.0,0.0,0.0,,,,,,0.44,beat rr=rr_long delta=delta_down member=<num>,generic
25,792,19776,19800,25,25,0,0,1.0,0.0,0.0,,,,,,0.36,beat rr=rr_long delta=delta_up member=<num>,generic
25,793,19801,19825,25,25,0,0,1.0,0.0,0.0,,,,,,0.48,beat rr=rr_long delta=delta_down member=<num>,generic
25,794,19826,19850,25,25,0,0,1.0,0.0,0.0,,,,,,0.36,beat rr=rr_long delta=delta_up member=<num>,generic
25,795,19851,19875,25,23,2,0,0.92,0.08,0.0,,,,,,0.48,beat rr=rr_long delta=delta_down member=<num>,generic
25,796,19876,19900,25,25,0,0,1.0,0.0,0.0,,,,,,0.48,beat rr=rr_long delta=delta_down member=<num>,generic
25,797,19901,19925,25,25,0,0,1.0,0.0,0.0,,,,,,0.52,beat rr=rr_long delta=delta_down member=<num>,generic
25,798,19926,19950,25,25,0,0,1.0,0.0,0.0,,,,,,0.44,beat rr=rr_long delta=delta_flat member=<num>,generic
25,799,19951,19975,25,25,0,0,1.0,0.0,0.0,,,,,,0.4,beat rr=rr_long delta=delta_down member=<num>,generic
25,800,19976,20000,25,22,3,0,0.88,0.12,0.0,,,,,,0.56,beat rr=rr_long delta=delta_down member=<num>,generic
25,801,20001,20025,25,25,0,0,1.0,0.0,0.0,,,,,,0.48,beat rr=rr_long delta=delta_flat member=<num>,generic
25,802,20026,20050,25,25,0,0,1.0,0.0,0.0,,,,,,0.36,beat rr=rr_long delta=delta_down member=<num>,generic
25,803,20051,20075,25,25,0,0,1.0,0.0,0.0,,,,,,0.52,beat rr=rr_long delta=delta_down member=<num>,generic
25,804,20076,20100,25,25,0,0,1.0,0.0,0.0,,,,,,0.4,beat rr=rr_long delta=delta_flat member=<num>,generic
25,805,20101,20125,25,25,0,0,1.0,0.0,0.0,,,,,,0.4,beat rr=rr_long delta=delta_down member=<num>,generic
25,806,20126,20150,25,25,0,0,1.0,0.0,0.0,,,,,,0.44,beat rr=rr_long delta=delta_down member=<num>,generic
25,807,20151,20175,25,23,2,0,0.92,0.08,0.0,,,,,,0.56,beat rr=rr_long delta=delta_up member=<num>,generic
25,808,20176,20200,25,25,0,0,1.0,0.0,0.0,,,,,,0.36,beat rr=rr_long delta=delta_up member=<num>,generic
25,809,20201,20225,25,25,0,0,1.0,0.0,0.0,,,,,,0.36,beat rr=rr_long delta=delta_up member=<num>,generic
25,810,20226,20250,25,25,0,0,1.0,0.0,0.0,,,,,,0.44,beat rr=rr_long delta=delta_down member=<num>,generic
25,811,20251,20275,25,24,0,1,0.96,0.0,0.04,,,,,,0.52,beat rr=rr_long delta=delta_down member=<num>,generic
25,812,20276,20300,25,25,0,0,1.0,0.0,0.0,,,,,,0.44,beat rr=rr_long delta=delta_up member=<num>,generic
25,813,20301,20325,25,22,3,0,0.88,0.12,0.0,,,,,,0.6,beat rr=rr_long delta=delta_down member=<num>,generic
25,814,20326,20350,25,23,2,0,0.92,0.08,0.0,,,,,,0.56,beat rr=rr_long delta=delta_down member=<num>,generic
25,815,20351,20375,25,25,0,0,1.0,0.0,0.0,,,,,,0.4,beat rr=rr_long delta=delta_up member=<num>,generic
25,816,20376,20400,25,25,0,0,1.0,0.0,0.0,,,,,,0.4,beat rr=rr_long delta=delta_down member=<num>,generic
25,817,20401,20425,25,25,0,0,1.0,0.0,0.0,,,,,,0.52,beat rr=rr_long delta=delta_flat member=<num>,generic
25,818,20426,20450,25,25,0,0,1.0,0.0,0.0,,,,,,0.4,beat rr=rr_long delta=delta_up member=<num>,generic
25,819,20451,20475,25,23,2,0,0.92,0.08,0.0,,,,,,0.6,beat rr=rr_long delta=delta_down member=<num>,generic
25,820,20476,20500,25,24,0,1,0.96,0.0,0.04,,,,,,0.56,beat rr=rr_long delta=delta_up member=<num>,generic
25,821,20501,20525,25,23,2,0,0.92,0.08,0.0,,,,,,0.68,beat rr=rr_long delta=delta_down member=<num>,generic
25,822,20526,20550,25,25,0,0,1.0,0.0,0.0,,,,,,0.44,beat rr=rr_long delta=delta_down member=<num>,generic
25,823,20551,20575,25,25,0,0,1.0,0.0,0.0,,,,,,0.48,beat rr=rr_long delta=delta_up member=<num>,generic
25,824,20576,20600,25,24,0,1,0.96,0.0,0.04,,,,,,0.52,beat rr=rr_long delta=delta_up member=<num>,generic
25,825,20601,20625,25,22,3,0,0.88,0.12,0.0,,,,,,0.44,beat rr=rr_long delta=delta_down member=<num>,generic
25,826,20626,20650,25,25,0,0,1.0,0.0,0.0,,,,,,0.4,beat rr=rr_long delta=delta_up member=<num>,generic
25,827,20651,20675,25,25,0,0,1.0,0.0,0.0,,,,,,0.36,beat rr=rr_long delta=delta_flat member=<num>,generic
25,828,20676,20700,25,25,0,0,1.0,0.0,0.0,,,,,,0.36,beat rr=rr_long delta=delta_down member=<num>,generic
25,829,20701,20725,25,22,3,0,0.88,0.12,0.0,,,,,,0.48,beat rr=rr_long delta=delta_down member=<num>,generic
25,830,20726,20750,25,22,3,0,0.88,0.12,0.0,,,,,,0.56,beat rr=rr_long delta=delta_down member=<num>,generic
25,831,20751,20775,25,25,0,0,1.0,0.0,0.0,,,,,,0.4,beat rr=rr_long delta=delta_up member=<num>,generic
25,832,20776,20800,25,24,0,1,0.96,0.0,0.04,,,,,,0.56,beat rr=rr_long delta=delta_down member=<num>,generic
25,833,20801,20825,25,25,0,0,1.0,0.0,0.0,,,,,,0.56,beat rr=rr_long delta=delta_down member=<num>,generic
25,834,20826,20850,25,25,0,0,1.0,0.0,0.0,,,,,,0.52,beat rr=rr_long delta=delta_up member=<num>,generic
25,835,20851,20875,25,25,0,0,1.0,0.0,0.0,,,,,,0.48,beat rr=rr_long delta=delta_down member=<num>,generic
25,836,20876,20900,25,25,0,0,1.0,0.0,0.0,,,,,,0.44,beat rr=rr_long delta=delta_down member=<num>,generic
25,837,20901,20925,25,25,0,0,1.0,0.0,0.0,,,,,,0.44,beat rr=rr_long delta=delta_down member=<num>,generic
25,838,20926,20950,25,25,0,0,1.0,0.0,0.0,,,,,,0.48,beat rr=rr_long delta=delta_down member=<num>,generic
25,839,20951,20975,25,23,2,0,0.92,0.08,0.0,,,,,,0.56,beat rr=rr_long delta=delta_down member=<num>,generic
25,840,20976,21000,25,23,2,0,0.92,0.08,0.0,,,,,,0.56,beat rr=rr_long delta=delta_down member=<num>,generic
25,841,21001,21025,25,25,0,0,1.0,0.0,0.0,,,,,,0.48,beat rr=rr_long delta=delta_down member=<num>,generic
25,842,21026,21050,25,25,0,0,1.0,0.0,0.0,,,,,,0.44,beat rr=rr_long delta=delta_up member=<num>,generic
25,843,21051,21075,25,25,0,0,1.0,0.0,0.0,,,,,,0.48,beat rr=rr_long delta=delta_up member=<num>,generic
25,844,21076,21100,25,25,0,0,1.0,0.0,0.0,,,,,,0.44,beat rr=rr_long delta=delta_down member=<num>,generic
25,845,21101,21125,25,25,0,0,1.0,0.0,0.0,,,,,,0.44,beat rr=rr_long delta=delta_down member=<num>,generic
25,846,21126,21150,25,25,0,0,1.0,0.0,0.0,,,,,,0.4,beat rr=rr_long delta=delta_down member=<num>,generic
25,847,21151,21175,25,25,0,0,1.0,0.0,0.0,,,,,,0.52,beat rr=rr_long delta=delta_down member=<num>,generic
25,848,21176,21200,25,22,3,0,0.88,0.12,0.0,,,,,,0.56,beat rr=rr_long delta=delta_down member=<num>,generic
25,849,21201,21225,25,25,0,0,1.0,0.0,0.0,,,,,,0.4,beat rr=rr_long delta=delta_down member=<num>,generic
25,850,21226,21250,25,25,0,0,1.0,0.0,0.0,,,,,,0.36,beat rr=rr_long delta=delta_up member=<num>,generic
25,851,21251,21275,25,25,0,0,1.0,0.0,0.0,,,,,,0.4,beat rr=rr_long delta=delta_down member=<num>,generic
25,852,21276,21300,25,25,0,0,1.0,0.0,0.0,,,,,,0.36,beat rr=rr_long delta=delta_up member=<num>,generic
25,853,21301,21325,25,25,0,0,1.0,0.0,0.0,,,,,,0.56,beat rr=rr_long delta=delta_down member=<num>,generic
25,854,21326,21350,25,22,3,0,0.88,0.12,0.0,,,,,,0.48,beat rr=rr_long delta=delta_down member=<num>,generic
25,855,21351,21375,25,25,0,0,1.0,0.0,0.0,,,,,,0.4,beat rr=rr_long delta=delta_down member=<num>,generic
25,856,21376,21400,25,23,2,0,0.92,0.08,0.0,,,,,,0.56,beat rr=rr_long delta=delta_up member=<num>,generic
25,857,21401,21425,25,22,3,0,0.88,0.12,0.0,,,,,,0.44,beat rr=rr_long delta=delta_up member=<num>,generic
25,858,21426,21450,25,22,3,0,0.88,0.12,0.0,,,,,,0.52,beat rr=rr_long delta=delta_down member=<num>,generic
25,859,21451,21475,25,25,0,0,1.0,0.0,0.0,,,,,,0.36,beat rr=rr_long delta=delta_down member=<num>,generic
25,860,21476,21500,25,23,2,0,0.92,0.08,0.0,,,,,,0.48,beat rr=rr_long delta=delta_down member=<num>,generic
25,861,21501,21525,25,24,0,1,0.96,0.0,0.04,,,,,,0.56,beat rr=rr_long delta=delta_down member=<num>,generic
25,862,21526,21550,25,25,0,0,1.0,0.0,0.0,,,,,,0.44,beat rr=rr_long delta=delta_up member=<num>,generic
25,863,21551,21575,25,25,0,0,1.0,0.0,0.0,,,,,,0.52,beat rr=rr_long delta=delta_down member=<num>,generic
25,864,21576,21600,25,25,0,0,1.0,0.0,0.0,,,,,,0.44,beat rr=rr_long delta=delta_down member=<num>,generic
25,865,21601,21625,25,25,0,0,1.0,0.0,0.0,,,,,,0.48,beat rr=rr_long delta=delta_down member=<num>,generic
25,866,21626,21650,25,25,0,0,1.0,0.0,0.0,,,,,,0.4,beat rr=rr_long delta=delta_down member=<num>,generic
25,867,21651,21675,25,25,0,0,1.0,0.0,0.0,,,,,,0.44,beat rr=rr_long delta=delta_flat member=<num>,generic
25,868,21676,21700,25,25,0,0,1.0,0.0,0.0,,,,,,0.48,beat rr=rr_long delta=delta_down member=<num>,generic
25,869,21701,21725,25,25,0,0,1.0,0.0,0.0,,,,,,0.4,beat rr=rr_long delta=delta_down member=<num>,generic
25,870,21726,21750,25,23,2,0,0.92,0.08,0.0,,,,,,0.48,beat rr=rr_long delta=delta_down member=<num>,generic
25,871,21751,21775,25,23,2,0,0.92,0.08,0.0,,,,,,0.56,beat rr=rr_long delta=delta_down member=<num>,generic
25,872,21776,21800,25,22,3,0,0.88,0.12,0.0,,,,,,0.52,beat rr=rr_long delta=delta_down member=<num>,generic
25,873,21801,21825,25,25,0,0,1.0,0.0,0.0,,,,,,0.44,beat rr=rr_long delta=delta_up member=<num>,generic
25,874,21826,21850,25,25,0,0,1.0,0.0,0.0,,,,,,0.4,beat rr=rr_long delta=delta_down member=<num>,generic
25,875,21851,21875,25,25,0,0,1.0,0.0,0.0,,,,,,0.44,beat rr=rr_long delta=delta_down member=<num>,generic
25,876,21876,21900,25,25,0,0,1.0,0.0,0.0,,,,,,0.36,beat rr=rr_long delta=delta_up member=<num>,generic
25,877,21901,21925,25,25,0,0,1.0,0.0,0.0,,,,,,0.4,beat rr=rr_long delta=delta_up member=<num>,generic
25,878,21926,21950,25,22,3,0,0.88,0.12,0.0,,,,,,0.52,beat rr=rr_long delta=delta_down member=<num>,generic
25,879,21951,21975,25,24,0,1,0.96,0.0,0.04,,,,,,0.6,beat rr=rr_long delta=delta_up member=<num>,generic
25,880,21976,22000,25,23,2,0,0.92,0.08,0.0,,,,,,0.48,beat rr=rr_long delta=delta_up member=<num>,generic
25,881,22001,22025,25,25,0,0,1.0,0.0,0.0,,,,,,0.48,beat rr=rr_long delta=delta_down member=<num>,generic
25,882,22026,22050,25,25,0,0,1.0,0.0,0.0,,,,,,0.52,beat rr=rr_long delta=delta_down member=<num>,generic
25,883,22051,22075,25,22,3,0,0.88,0.12,0.0,,,,,,0.52,beat rr=rr_long delta=delta_up member=<num>,generic
25,884,22076,22100,25,25,0,0,1.0,0.0,0.0,,,,,,0.4,beat rr=rr_long delta=delta_up member=<num>,generic
25,885,22101,22125,25,25,0,0,1.0,0.0,0.0,,,,,,0.36,beat rr=rr_long delta=delta_down member=<num>,generic
25,886,22126,22150,25,25,0,0,1.0,0.0,0.0,,,,,,0.44,beat rr=rr_long delta=delta_down member=<num>,generic
25,887,22151,22175,25,25,0,0,1.0,0.0,0.0,,,,,,0.44,beat rr=rr_long delta=delta_up member=<num>,generic
25,888,22176,22200,25,25,0,0,1.0,0.0,0.0,,,,,,0.48,beat rr=rr_long delta=delta_down member=<num>,generic
25,889,22201,22225,25,25,0,0,1.0,0.0,0.0,,,,,,0.48,beat rr=rr_long delta=delta_down member=<num>,generic
25,890,22226,22250,25,25,0,0,1.0,0.0,0.0,,,,,,0.44,beat rr=rr_long delta=delta_down member=<num>,generic
25,891,22251,22275,25,22,3,0,0.88,0.12,0.0,,,,,,0.6,beat rr=rr_long delta=delta_down member=<num>,generic
25,892,22276,22300,25,25,0,0,1.0,0.0,0.0,,,,,,0.44,beat rr=rr_long delta=delta_up member=<num>,generic
25,893,22301,22325,25,23,2,0,0.92,0.08,0.0,,,,,,0.48,beat rr=rr_long delta=delta_up member=<num>,generic
25,894,22326,22350,25,25,0,0,1.0,0.0,0.0,,,,,,0.4,beat rr=rr_long delta=delta_up member=<num>,generic
25,895,22351,22375,25,25,0,0,1.0,0.0,0.0,,,,,,0.44,beat rr=rr_long delta=delta_down member=<num>,generic
25,896,22376,22400,25,22,3,0,0.88,0.12,0.0,,,,,,0.44,beat rr=rr_long delta=delta_up member=<num>,generic
25,897,22401,22425,25,22,3,0,0.88,0.12,0.0,,,,,,0.52,beat rr=rr_long delta=delta_down member=<num>,generic
25,898,22426,22450,25,25,0,0,1.0,0.0,0.0,,,,,,0.4,beat rr=rr_long delta=delta_up member=<num>,generic
25,899,22451,22475,25,25,0,0,1.0,0.0,0.0,,,,,,0.44,beat rr=rr_long delta=delta_down member=<num>,generic
25,900,22476,22500,25,24,0,1,0.96,0.0,0.04,,,,,,0.6,beat rr=rr_long delta=delta_down member=<num>,generic
25,901,22501,22525,25,25,0,0,1.0,0.0,0.0,,,,,,0.48,beat rr=rr_long delta=delta_down member=<num>,generic
25,902,22526,22550,25,25,0,0,1.0,0.0,0.0,,,,,,0.6,beat rr=rr_long delta=delta_down member=<num>,generic
25,903,22551,22575,25,25,0,0,1.0,0.0,0.0,,,,,,0.48,beat rr=rr_long delta=delta_down member=<num>,generic
25,904,22576,22600,25,23,2,0,0.92,0.08,0.0,,,,,,0.6,beat rr=rr_long delta=delta_down member=<num>,generic
25,905,22601,22625,25,25,0,0,1.0,0.0,0.0,,,,,,0.52,beat rr=rr_long delta=delta_down member=<num>,generic
25,906,22626,22650,25,25,0,0,1.0,0.0,0.0,,,,,,0.4,beat rr=rr_long delta=delta_flat member=<num>,generic
25,907,22651,22675,25,25,0,0,1.0,0.0,0.0,,,,,,0.4,beat rr=rr_long delta=delta_down member=<num>,generic
25,908,22676,22700,25,22,3,0,0.88,0.12,0.0,,,,,,0.48,beat rr=rr_long delta=delta_up member=<num>,generic
25,909,22701,22725,25,22,3,0,0.88,0.12,0.0,,,,,,0.44,beat rr=rr_long delta=delta_down member=<num>,generic
25,910,22726,22750,25,25,0,0,1.0,0.0,0.0,,,,,,0.4,beat rr=rr_long delta=delta_down member=<num>,generic
25,911,22751,22775,25,23,2,0,0.92,0.08,0.0,,,,,,0.56,beat rr=rr_long delta=delta_down member=<num>,generic
25,912,22776,22800,25,22,3,0,0.88,0.12,0.0,,,,,,0.48,beat rr=rr_long delta=delta_down member=<num>,generic
25,913,22801,22825,25,25,0,0,1.0,0.0,0.0,,,,,,0.4,beat rr=rr_long delta=delta_down member=<num>,generic
25,914,22826,22850,25,25,0,0,1.0,0.0,0.0,,,,,,0.48,beat rr=rr_long delta=delta_flat member=<num>,generic
25,915,22851,22875,25,25,0,0,1.0,0.0,0.0,,,,,,0.4,beat rr=rr_long delta=delta_up member=<num>,generic
25,916,22876,22900,25,25,0,0,1.0,0.0,0.0,,,,,,0.48,beat rr=rr_long delta=delta_down member=<num>,generic
25,917,22901,22925,25,25,0,0,1.0,0.0,0.0,,,,,,0.44,beat rr=rr_long delta=delta_up member=<num>,generic
25,918,22926,22950,25,22,3,0,0.88,0.12,0.0,,,,,,0.52,beat rr=rr_long delta=delta_down member=<num>,generic
25,919,22951,22975,25,25,0,0,1.0,0.0,0.0,,,,,,0.44,beat rr=rr_long delta=delta_down member=<num>,generic
25,920,22976,23000,25,21,3,1,0.84,0.12,0.04,,,,,,0.52,beat rr=rr_long delta=delta_down member=<num>,generic
25,921,23001,23025,25,25,0,0,1.0,0.0,0.0,,,,,,0.44,beat rr=rr_long delta=delta_down member=<num>,generic
25,922,23026,23050,25,22,3,0,0.88,0.12,0.0,,,,,,0.56,beat rr=rr_long delta=delta_down member=<num>,generic
25,923,23051,23075,25,25,0,0,1.0,0.0,0.0,,,,,,0.48,beat rr=rr_long delta=delta_up member=<num>,generic
25,924,23076,23100,25,22,3,0,0.88,0.12,0.0,,,,,,0.6,beat rr=rr_long delta=delta_down member=<num>,generic
25,925,23101,23125,25,25,0,0,1.0,0.0,0.0,,,,,,0.48,beat rr=rr_long delta=delta_down member=<num>,generic
25,926,23126,23150,25,22,3,0,0.88,0.12,0.0,,,,,,0.48,beat rr=rr_long delta=delta_down member=<num>,generic
25,927,23151,23175,25,25,0,0,1.0,0.0,0.0,,,,,,0.44,beat rr=rr_long delta=delta_up member=<num>,generic
25,928,23176,23200,25,25,0,0,1.0,0.0,0.0,,,,,,0.36,beat rr=rr_long delta=delta_flat member=<num>,generic
25,929,23201,23225,25,23,2,0,0.92,0.08,0.0,,,,,,0.56,beat rr=rr_long delta=delta_down member=<num>,generic
25,930,23226,23250,25,25,0,0,1.0,0.0,0.0,,,,,,0.48,beat rr=rr_long delta=delta_down member=<num>,generic
25,931,23251,23275,25,22,3,0,0.88,0.12,0.0,,,,,,0.6,beat rr=rr_long delta=delta_down member=<num>,generic
25,932,23276,23300,25,25,0,0,1.0,0.0,0.0,,,,,,0.4,beat rr=rr_long delta=delta_down member=<num>,generic
25,933,23301,23325,25,25,0,0,1.0,0.0,0.0,,,,,,0.56,beat rr=rr_long delta=delta_down member=<num>,generic
25,934,23326,23350,25,23,2,0,0.92,0.08,0.0,,,,,,0.6,beat rr=rr_long delta=delta_down member=<num>,generic
25,935,23351,23375,25,22,3,0,0.88,0.12,0.0,,,,,,0.48,beat rr=rr_long delta=delta_up member=<num>,generic
25,936,23376,23400,25,25,0,0,1.0,0.0,0.0,,,,,,0.48,beat rr=rr_long delta=delta_down member=<num>,generic
25,937,23401,23425,25,25,0,0,1.0,0.0,0.0,,,,,,0.48,beat rr=rr_long delta=delta_down member=<num>,generic
25,938,23426,23450,25,25,0,0,1.0,0.0,0.0,,,,,,0.52,beat rr=rr_long delta=delta_down member=<num>,generic
25,939,23451,23475,25,25,0,0,1.0,0.0,0.0,,,,,,0.6,beat rr=rr_long delta=delta_down member=<num>,generic
25,940,23476,23500,25,23,2,0,0.92,0.08,0.0,,,,,,0.52,beat rr=rr_long delta=delta_down member=<num>,generic
25,941,23501,23525,25,25,0,0,1.0,0.0,0.0,,,,,,0.52,beat rr=rr_long delta=delta_down member=<num>,generic
25,942,23526,23550,25,24,0,1,0.96,0.0,0.04,,,,,,0.48,beat rr=rr_long delta=delta_down member=<num>,generic
25,943,23551,23575,25,25,0,0,1.0,0.0,0.0,,,,,,0.48,beat rr=rr_long delta=delta_down member=<num>,generic
25,944,23576,23600,25,22,3,0,0.88,0.12,0.0,,,,,,0.56,beat rr=rr_long delta=delta_down member=<num>,generic
25,945,23601,23625,25,22,3,0,0.88,0.12,0.0,,,,,,0.6,beat rr=rr_long delta=delta_down member=<num>,generic
25,946,23626,23650,25,25,0,0,1.0,0.0,0.0,,,,,,0.52,beat rr=rr_long delta=delta_up member=<num>,generic
25,947,23651,23675,25,25,0,0,1.0,0.0,0.0,,,,,,0.4,beat rr=rr_long delta=delta_down member=<num>,generic
25,948,23676,23700,25,25,0,0,1.0,0.0,0.0,,,,,,0.44,beat rr=rr_long delta=delta_down member=<num>,generic
25,949,23701,23725,25,25,0,0,1.0,0.0,0.0,,,,,,0.52,beat rr=rr_long delta=delta_up member=<num>,generic
25,950,23726,23750,25,25,0,0,1.0,0.0,0.0,,,,,,0.48,beat rr=rr_long delta=delta_down member=<num>,generic
25,951,23751,23775,25,25,0,0,1.0,0.0,0.0,,,,,,0.4,beat rr=rr_long delta=delta_down member=<num>,generic
25,952,23776,23800,25,25,0,0,1.0,0.0,0.0,,,,,,0.52,beat rr=rr_long delta=delta_down member=<num>,generic
25,953,23801,23825,25,22,3,0,0.88,0.12,0.0,,,,,,0.44,beat rr=rr_long delta=delta_up member=<num>,generic
25,954,23826,23850,25,25,0,0,1.0,0.0,0.0,,,,,,0.48,beat rr=rr_long delta=delta_down member=<num>,generic
25,955,23851,23875,25,25,0,0,1.0,0.0,0.0,,,,,,0.36,beat rr=rr_long delta=delta_down member=<num>,generic
25,956,23876,23900,25,22,3,0,0.88,0.12,0.0,,,,,,0.48,beat rr=rr_long delta=delta_up member=<num>,generic
25,957,23901,23925,25,25,0,0,1.0,0.0,0.0,,,,,,0.48,beat rr=rr_long delta=delta_up member=<num>,generic
25,958,23926,23950,25,22,3,0,0.88,0.12,0.0,,,,,,0.44,beat rr=rr_long delta=delta_up member=<num>,generic
25,959,23951,23975,25,25,0,0,1.0,0.0,0.0,,,,,,0.36,beat rr=rr_long delta=delta_up member=<num>,generic
25,960,23976,24000,25,25,0,0,1.0,0.0,0.0,,,,,,0.44,beat rr=rr_long delta=delta_down member=<num>,generic
25,961,24001,24025,25,22,3,0,0.88,0.12,0.0,,,,,,0.48,beat rr=rr_long delta=delta_up member=<num>,generic
25,962,24026,24050,25,25,0,0,1.0,0.0,0.0,,,,,,0.36,beat rr=rr_long delta=delta_up member=<num>,generic
25,963,24051,24075,25,25,0,0,1.0,0.0,0.0,,,,,,0.36,beat rr=rr_long delta=delta_up member=<num>,generic
25,964,24076,24100,25,22,3,0,0.88,0.12,0.0,,,,,,0.44,beat rr=rr_long delta=delta_down member=<num>,generic
25,965,24101,24125,25,25,0,0,1.0,0.0,0.0,,,,,,0.44,beat rr=rr_long delta=delta_down member=<num>,generic
25,966,24126,24150,25,25,0,0,1.0,0.0,0.0,,,,,,0.52,beat rr=rr_long delta=delta_down member=<num>,generic
25,967,24151,24175,25,25,0,0,1.0,0.0,0.0,,,,,,0.44,beat rr=rr_long delta=delta_down member=<num>,generic
25,968,24176,24200,25,22,3,0,0.88,0.12,0.0,,,,,,0.48,beat rr=rr_long delta=delta_up member=<num>,generic
25,969,24201,24225,25,25,0,0,1.0,0.0,0.0,,,,,,0.36,beat rr=rr_long delta=delta_up member=<num>,generic
25,970,24226,24250,25,25,0,0,1.0,0.0,0.0,,,,,,0.4,beat rr=rr_long delta=delta_down member=<num>,generic
25,971,24251,24275,25,22,3,0,0.88,0.12,0.0,,,,,,0.48,beat rr=rr_long delta=delta_down member=<num>,generic
25,972,24276,24300,25,25,0,0,1.0,0.0,0.0,,,,,,0.4,beat rr=rr_long delta=delta_flat member=<num>,generic
25,973,24301,24325,25,25,0,0,1.0,0.0,0.0,,,,,,0.4,beat rr=rr_long delta=delta_up member=<num>,generic
25,974,24326,24350,25,22,3,0,0.88,0.12,0.0,,,,,,0.44,beat rr=rr_long delta=delta_up member=<num>,generic
25,975,24351,24375,25,25,0,0,1.0,0.0,0.0,,,,,,0.56,beat rr=rr_long delta=delta_flat member=<num>,generic
25,976,24376,24400,25,25,0,0,1.0,0.0,0.0,,,,,,0.56,beat rr=rr_long delta=delta_down member=<num>,generic
25,977,24401,24425,25,25,0,0,1.0,0.0,0.0,,,,,,0.44,beat rr=rr_long delta=delta_down member=<num>,generic
25,978,24426,24450,25,25,0,0,1.0,0.0,0.0,,,,,,0.44,beat rr=rr_long delta=delta_down member=<num>,generic
25,979,24451,24475,25,25,0,0,1.0,0.0,0.0,,,,,,0.44,beat rr=rr_long delta=delta_down member=<num>,generic
25,980,24476,24500,25,25,0,0,1.0,0.0,0.0,,,,,,0.44,beat rr=rr_long delta=delta_up member=<num>,generic
25,981,24501,24525,25,25,0,0,1.0,0.0,0.0,,,,,,0.44,beat rr=rr_long delta=delta_down member=<num>,generic
25,982,24526,24550,25,25,0,0,1.0,0.0,0.0,,,,,,0.48,beat rr=rr_long delta=delta_down member=<num>,generic
25,983,24551,24575,25,22,3,0,0.88,0.12,0.0,,,,,,0.6,beat rr=rr_long delta=delta_down member=<num>,generic
25,984,24576,24600,25,25,0,0,1.0,0.0,0.0,,,,,,0.4,beat rr=rr_long delta=delta_up member=<num>,generic
25,985,24601,24625,25,25,0,0,1.0,0.0,0.0,,,,,,0.48,beat rr=rr_long delta=delta_down member=<num>,generic
25,986,24626,24650,25,25,0,0,1.0,0.0,0.0,,,,,,0.44,beat rr=rr_long delta=delta_up member=<num>,generic
25,987,24651,24675,25,25,0,0,1.0,0.0,0.0,,,,,,0.4,beat rr=rr_long delta=delta_down member=<num>,generic
25,988,24676,24700,25,25,0,0,1.0,0.0,0.0,,,,,,0.4,beat rr=rr_long delta=delta_down member=<num>,generic
25,989,24701,24725,25,25,0,0,1.0,0.0,0.0,,,,,,0.4,beat rr=rr_long delta=delta_down member=<num>,generic
25,990,24726,24750,25,25,0,0,1.0,0.0,0.0,,,,,,0.36,beat rr=rr_long delta=delta_down member=<num>,generic
25,991,24751,24775,25,25,0,0,1.0,0.0,0.0,,,,,,0.44,beat rr=rr_long delta=delta_up member=<num>,generic
25,992,24776,24800,25,25,0,0,1.0,0.0,0.0,,,,,,0.52,beat rr=rr_long delta=delta_down member=<num>,generic
25,993,24801,24825,25,22,3,0,0.88,0.12,0.0,,,,,,0.52,beat rr=rr_long delta=delta_up member=<num>,generic
25,994,24826,24850,25,25,0,0,1.0,0.0,0.0,,,,,,0.48,beat rr=rr_long delta=delta_down member=<num>,generic
25,995,24851,24875,25,25,0,0,1.0,0.0,0.0,,,,,,0.44,beat rr=rr_long delta=delta_down member=<num>,generic
25,996,24876,24900,25,25,0,0,1.0,0.0,0.0,,,,,,0.44,beat rr=rr_long delta=delta_up member=<num>,generic
25,997,24901,24925,25,25,0,0,1.0,0.0,0.0,,,,,,0.44,beat rr=rr_long delta=delta_up member=<num>,generic
25,998,24926,24950,25,25,0,0,1.0,0.0,0.0,,,,,,0.48,beat rr=rr_long delta=delta_down member=<num>,generic
25,999,24951,24975,25,24,0,1,0.96,0.0,0.04,,,,,,0.52,beat rr=rr_long delta=delta_up member=<num>,generic
25,1000,24976,25000,25,22,3,0,0.88,0.12,0.0,,,,,,0.52,beat rr=rr_long delta=delta_down member=<num>,generic
25,1001,25001,25025,25,25,0,0,1.0,0.0,0.0,,,,,,0.4,beat rr=rr_long delta=delta_down member=<num>,generic
25,1002,25026,25050,25,25,0,0,1.0,0.0,0.0,,,,,,0.44,beat rr=rr_long delta=delta_down member=<num>,generic
25,1003,25051,25075,25,25,0,0,1.0,0.0,0.0,,,,,,0.4,beat rr=rr_long delta=delta_up member=<num>,generic
25,1004,25076,25100,25,25,0,0,1.0,0.0,0.0,,,,,,0.4,beat rr=rr_long delta=delta_down member=<num>,generic
25,1005,25101,25125,25,25,0,0,1.0,0.0,0.0,,,,,,0.36,beat rr=rr_long delta=delta_up member=<num>,generic
25,1006,25126,25150,25,23,2,0,0.92,0.08,0.0,,,,,,0.52,beat rr=rr_long delta=delta_up member=<num>,generic
25,1007,25151,25175,25,25,0,0,1.0,0.0,0.0,,,,,,0.36,beat rr=rr_long delta=delta_up member=<num>,generic
25,1008,25176,25200,25,25,0,0,1.0,0.0,0.0,,,,,,0.4,beat rr=rr_long delta=delta_down member=<num>,generic
25,1009,25201,25225,25,25,0,0,1.0,0.0,0.0,,,,,,0.36,beat rr=rr_long delta=delta_up member=<num>,generic
25,1010,25226,25250,25,25,0,0,1.0,0.0,0.0,,,,,,0.48,beat rr=rr_long delta=delta_down member=<num>,generic
25,1011,25251,25275,25,25,0,0,1.0,0.0,0.0,,,,,,0.36,beat rr=rr_long delta=delta_flat member=<num>,generic
25,1012,25276,25300,25,22,3,0,0.88,0.12,0.0,,,,,,0.52,beat rr=rr_long delta=delta_flat member=<num>,generic
25,1013,25301,25325,25,25,0,0,1.0,0.0,0.0,,,,,,0.44,beat rr=rr_long delta=delta_down member=<num>,generic
25,1014,25326,25350,25,25,0,0,1.0,0.0,0.0,,,,,,0.48,beat rr=rr_long delta=delta_up member=<num>,generic
25,1015,25351,25375,25,25,0,0,1.0,0.0,0.0,,,,,,0.52,beat rr=rr_long delta=delta_down member=<num>,generic
25,1016,25376,25400,25,25,0,0,1.0,0.0,0.0,,,,,,0.52,beat rr=rr_long delta=delta_down member=<num>,generic
25,1017,25401,25425,25,24,0,1,0.96,0.0,0.04,,,,,,0.56,beat rr=rr_long delta=delta_down member=<num>,generic
25,1018,25426,25450,25,25,0,0,1.0,0.0,0.0,,,,,,0.4,beat rr=rr_long delta=delta_up member=<num>,generic
25,1019,25451,25475,25,24,0,1,0.96,0.0,0.04,,,,,,0.64,beat rr=rr_long delta=delta_down member=<num>,generic
25,1020,25476,25500,25,22,3,0,0.88,0.12,0.0,,,,,,0.48,beat rr=rr_long delta=delta_down member=<num>,generic
25,1021,25501,25525,25,25,0,0,1.0,0.0,0.0,,,,,,0.36,beat rr=rr_long delta=delta_down member=<num>,generic
25,1022,25526,25550,25,23,2,0,0.92,0.08,0.0,,,,,,0.48,beat rr=rr_long delta=delta_up member=<num>,generic
25,1023,25551,25575,25,25,0,0,1.0,0.0,0.0,,,,,,0.6,beat rr=rr_long delta=delta_down member=<num>,generic
25,1024,25576,25600,25,25,0,0,1.0,0.0,0.0,,,,,,0.44,beat rr=rr_long delta=delta_up member=<num>,generic
25,1025,25601,25625,25,25,0,0,1.0,0.0,0.0,,,,,,0.44,beat rr=rr_long delta=delta_down member=<num>,generic
25,1026,25626,25650,25,25,0,0,1.0,0.0,0.0,,,,,,0.36,beat rr=rr_long delta=delta_flat member=<num>,generic
25,1027,25651,25675,25,25,0,0,1.0,0.0,0.0,,,,,,0.4,beat rr=rr_long delta=delta_up member=<num>,generic
25,1028,25676,25700,25,25,0,0,1.0,0.0,0.0,,,,,,0.48,beat rr=rr_long delta=delta_up member=<num>,generic
25,1029,25701,25725,25,25,0,0,1.0,0.0,0.0,,,,,,0.48,beat rr=rr_long delta=delta_down member=<num>,generic
25,1030,25726,25750,25,22,3,0,0.88,0.12,0.0,,,,,,0.48,beat rr=rr_long delta=delta_down member=<num>,generic
25,1031,25751,25775,25,22,3,0,0.88,0.12,0.0,,,,,,0.44,beat rr=rr_long delta=delta_down member=<num>,generic
25,1032,25776,25800,25,25,0,0,1.0,0.0,0.0,,,,,,0.52,beat rr=rr_long delta=delta_down member=<num>,generic
25,1033,25801,25825,25,22,3,0,0.88,0.12,0.0,,,,,,0.48,beat rr=rr_long delta=delta_down member=<num>,generic
25,1034,25826,25850,25,25,0,0,1.0,0.0,0.0,,,,,,0.52,beat rr=rr_long delta=delta_down member=<num>,generic
25,1035,25851,25875,25,25,0,0,1.0,0.0,0.0,,,,,,0.48,beat rr=rr_long delta=delta_down member=<num>,generic
25,1036,25876,25900,25,22,3,0,0.88,0.12,0.0,,,,,,0.52,beat rr=rr_long delta=delta_down member=<num>,generic
25,1037,25901,25925,25,23,2,0,0.92,0.08,0.0,,,,,,0.56,beat rr=rr_long delta=delta_down member=<num>,generic
25,1038,25926,25950,25,25,0,0,1.0,0.0,0.0,,,,,,0.44,beat rr=rr_long delta=delta_up member=<num>,generic
25,1039,25951,25975,25,25,0,0,1.0,0.0,0.0,,,,,,0.48,beat rr=rr_long delta=delta_down member=<num>,generic
25,1040,25976,26000,25,22,3,0,0.88,0.12,0.0,,,,,,0.56,beat rr=rr_long delta=delta_down member=<num>,generic
25,1041,26001,26025,25,23,2,0,0.92,0.08,0.0,,,,,,0.68,beat rr=rr_long delta=delta_down member=<num>,generic
25,1042,26026,26050,25,25,0,0,1.0,0.0,0.0,,,,,,0.48,beat rr=rr_long delta=delta_down member=<num>,generic
25,1043,26051,26075,25,25,0,0,1.0,0.0,0.0,,,,,,0.4,beat rr=rr_long delta=delta_down member=<num>,generic
25,1044,26076,26100,25,25,0,0,1.0,0.0,0.0,,,,,,0.44,beat rr=rr_long delta=delta_down member=<num>,generic
25,1045,26101,26125,25,25,0,0,1.0,0.0,0.0,,,,,,0.52,beat rr=rr_long delta=delta_down member=<num>,generic
25,1046,26126,26150,25,25,0,0,1.0,0.0,0.0,,,,,,0.48,beat rr=rr_long delta=delta_down member=<num>,generic
25,1047,26151,26175,25,23,2,0,0.92,0.08,0.0,,,,,,0.64,beat rr=rr_long delta=delta_down member=<num>,generic
25,1048,26176,26200,25,24,0,1,0.96,0.0,0.04,,,,,,0.52,beat rr=rr_long delta=delta_down member=<num>,generic
25,1049,26201,26225,25,25,0,0,1.0,0.0,0.0,,,,,,0.56,beat rr=rr_long delta=delta_down member=<num>,generic
25,1050,26226,26250,25,23,2,0,0.92,0.08,0.0,,,,,,0.52,beat rr=rr_long delta=delta_up member=<num>,generic
25,1051,26251,26275,25,23,2,0,0.92,0.08,0.0,,,,,,0.56,beat rr=rr_long delta=delta_down member=<num>,generic
25,1052,26276,26300,25,25,0,0,1.0,0.0,0.0,,,,,,0.48,beat rr=rr_long delta=delta_down member=<num>,generic
25,1053,26301,26325,25,25,0,0,1.0,0.0,0.0,,,,,,0.44,beat rr=rr_long delta=delta_up member=<num>,generic
25,1054,26326,26350,25,25,0,0,1.0,0.0,0.0,,,,,,0.52,beat rr=rr_long delta=delta_down member=<num>,generic
25,1055,26351,26375,25,25,0,0,1.0,0.0,0.0,,,,,,0.4,beat rr=rr_long delta=delta_up member=<num>,generic
25,1056,26376,26400,25,25,0,0,1.0,0.0,0.0,,,,,,0.4,beat rr=rr_long delta=delta_down member=<num>,generic
25,1057,26401,26425,25,22,3,0,0.88,0.12,0.0,,,,,,0.44,beat rr=rr_long delta=delta_down member=<num>,generic
25,1058,26426,26450,25,25,0,0,1.0,0.0,0.0,,,,,,0.36,beat rr=rr_long delta=delta_up member=<num>,generic
25,1059,26451,26475,25,25,0,0,1.0,0.0,0.0,,,,,,0.48,beat rr=rr_long delta=delta_down member=<num>,generic
25,1060,26476,26500,25,25,0,0,1.0,0.0,0.0,,,,,,0.56,beat rr=rr_long delta=delta_down member=<num>,generic
25,1061,26501,26525,25,25,0,0,1.0,0.0,0.0,,,,,,0.4,beat rr=rr_long delta=delta_up member=<num>,generic
25,1062,26526,26550,25,23,2,0,0.92,0.08,0.0,,,,,,0.6,beat rr=rr_long delta=delta_down member=<num>,generic
25,1063,26551,26575,25,25,0,0,1.0,0.0,0.0,,,,,,0.56,beat rr=rr_long delta=delta_down member=<num>,generic
25,1064,26576,26600,25,25,0,0,1.0,0.0,0.0,,,,,,0.44,beat rr=rr_long delta=delta_down member=<num>,generic
25,1065,26601,26625,25,25,0,0,1.0,0.0,0.0,,,,,,0.44,beat rr=rr_long delta=delta_down member=<num>,generic
25,1066,26626,26650,25,25,0,0,1.0,0.0,0.0,,,,,,0.48,beat rr=rr_long delta=delta_down member=<num>,generic
25,1067,26651,26675,25,25,0,0,1.0,0.0,0.0,,,,,,0.48,beat rr=rr_long delta=delta_up member=<num>,generic
25,1068,26676,26700,25,23,2,0,0.92,0.08,0.0,,,,,,0.6,beat rr=rr_long delta=delta_down member=<num>,generic
25,1069,26701,26725,25,25,0,0,1.0,0.0,0.0,,,,,,0.44,beat rr=rr_long delta=delta_down member=<num>,generic
25,1070,26726,26750,25,23,2,0,0.92,0.08,0.0,,,,,,0.48,beat rr=rr_long delta=delta_down member=<num>,generic
25,1071,26751,26775,25,25,0,0,1.0,0.0,0.0,,,,,,0.44,beat rr=rr_long delta=delta_up member=<num>,generic
25,1072,26776,26800,25,25,0,0,1.0,0.0,0.0,,,,,,0.4,beat rr=rr_long delta=delta_up member=<num>,generic
25,1073,26801,26825,25,25,0,0,1.0,0.0,0.0,,,,,,0.52,beat rr=rr_long delta=delta_up member=<num>,generic
25,1074,26826,26850,25,25,0,0,1.0,0.0,0.0,,,,,,0.56,beat rr=rr_long delta=delta_down member=<num>,generic
25,1075,26851,26875,25,25,0,0,1.0,0.0,0.0,,,,,,0.48,beat rr=rr_long delta=delta_down member=<num>,generic
25,1076,26876,26900,25,25,0,0,1.0,0.0,0.0,,,,,,0.44,beat rr=rr_long delta=delta_up member=<num>,generic
25,1077,26901,26925,25,25,0,0,1.0,0.0,0.0,,,,,,0.44,beat rr=rr_long delta=delta_down member=<num>,generic
25,1078,26926,26950,25,25,0,0,1.0,0.0,0.0,,,,,,0.48,beat rr=rr_long delta=delta_down member=<num>,generic
25,1079,26951,26975,25,25,0,0,1.0,0.0,0.0,,,,,,0.56,beat rr=rr_long delta=delta_up member=<num>,generic
25,1080,26976,27000,25,22,3,0,0.88,0.12,0.0,,,,,,0.6,beat rr=rr_long delta=delta_down member=<num>,generic
25,1081,27001,27025,25,25,0,0,1.0,0.0,0.0,,,,,,0.48,beat rr=rr_long delta=delta_down member=<num>,generic
25,1082,27026,27050,25,24,0,1,0.96,0.0,0.04,,,,,,0.56,beat rr=rr_long delta=delta_down member=<num>,generic
25,1083,27051,27075,25,25,0,0,1.0,0.0,0.0,,,,,,0.44,beat rr=rr_long delta=delta_down member=<num>,generic
25,1084,27076,27100,25,25,0,0,1.0,0.0,0.0,,,,,,0.56,beat rr=rr_long delta=delta_down member=<num>,generic
25,1085,27101,27125,25,25,0,0,1.0,0.0,0.0,,,,,,0.4,beat rr=rr_long delta=delta_up member=<num>,generic
25,1086,27126,27150,25,25,0,0,1.0,0.0,0.0,,,,,,0.44,beat rr=rr_long delta=delta_down member=<num>,generic
25,1087,27151,27175,25,25,0,0,1.0,0.0,0.0,,,,,,0.36,beat rr=rr_long delta=delta_down member=<num>,generic
25,1088,27176,27200,25,25,0,0,1.0,0.0,0.0,,,,,,0.4,beat rr=rr_long delta=delta_up member=<num>,generic
25,1089,27201,27225,25,25,0,0,1.0,0.0,0.0,,,,,,0.44,beat rr=rr_long delta=delta_down member=<num>,generic
25,1090,27226,27250,25,24,0,1,0.96,0.0,0.04,,,,,,0.6,beat rr=rr_long delta=delta_down member=<num>,generic
25,1091,27251,27275,25,24,0,1,0.96,0.0,0.04,,,,,,0.56,beat rr=rr_long delta=delta_up member=<num>,generic
25,1092,27276,27300,25,23,2,0,0.92,0.08,0.0,,,,,,0.56,beat rr=rr_long delta=delta_down member=<num>,generic
25,1093,27301,27325,25,22,3,0,0.88,0.12,0.0,,,,,,0.48,beat rr=rr_long delta=delta_down member=<num>,generic
25,1094,27326,27350,25,23,2,0,0.92,0.08,0.0,,,,,,0.64,beat rr=rr_long delta=delta_down member=<num>,generic
25,1095,27351,27375,25,25,0,0,1.0,0.0,0.0,,,,,,0.56,beat rr=rr_long delta=delta_down member=<num>,generic
25,1096,27376,27400,25,23,2,0,0.92,0.08,0.0,,,,,,0.64,beat rr=rr_long delta=delta_down member=<num>,generic
25,1097,27401,27425,25,22,3,0,0.88,0.12,0.0,,,,,,0.48,beat rr=rr_long delta=delta_up member=<num>,generic
25,1098,27426,27450,25,22,3,0,0.88,0.12,0.0,,,,,,0.48,beat rr=rr_long delta=delta_down member=<num>,generic
25,1099,27451,27475,25,23,2,0,0.92,0.08,0.0,,,,,,0.56,beat rr=rr_long delta=delta_down member=<num>,generic
25,1100,27476,27500,25,25,0,0,1.0,0.0,0.0,,,,,,0.4,beat rr=rr_long delta=delta_down member=<num>,generic
25,1101,27501,27525,25,22,3,0,0.88,0.12,0.0,,,,,,0.52,beat rr=rr_long delta=delta_up member=<num>,generic
25,1102,27526,27550,25,22,3,0,0.88,0.12,0.0,,,,,,0.48,beat rr=rr_long delta=delta_down member=<num>,generic
25,1103,27551,27575,25,22,3,0,0.88,0.12,0.0,,,,,,0.56,beat rr=rr_long delta=delta_down member=<num>,generic
25,1104,27576,27600,25,23,2,0,0.92,0.08,0.0,,,,,,0.48,beat rr=rr_long delta=delta_up member=<num>,generic
25,1105,27601,27625,25,25,0,0,1.0,0.0,0.0,,,,,,0.4,beat rr=rr_long delta=delta_up member=<num>,generic
25,1106,27626,27650,25,25,0,0,1.0,0.0,0.0,,,,,,0.44,beat rr=rr_long delta=delta_down member=<num>,generic
25,1107,27651,27675,25,25,0,0,1.0,0.0,0.0,,,,,,0.56,beat rr=rr_long delta=delta_down member=<num>,generic
25,1108,27676,27700,25,25,0,0,1.0,0.0,0.0,,,,,,0.44,beat rr=rr_long delta=delta_up member=<num>,generic
25,1109,27701,27725,25,25,0,0,1.0,0.0,0.0,,,,,,0.36,beat rr=rr_long delta=delta_up member=<num>,generic
25,1110,27726,27750,25,25,0,0,1.0,0.0,0.0,,,,,,0.44,beat rr=rr_long delta=delta_down member=<num>,generic
25,1111,27751,27775,25,24,0,1,0.96,0.0,0.04,,,,,,0.56,beat rr=rr_long delta=delta_down member=<num>,generic
25,1112,27776,27800,25,25,0,0,1.0,0.0,0.0,,,,,,0.48,beat rr=rr_long delta=delta_down member=<num>,generic
25,1113,27801,27825,25,25,0,0,1.0,0.0,0.0,,,,,,0.56,beat rr=rr_long delta=delta_down member=<num>,generic
25,1114,27826,27850,25,25,0,0,1.0,0.0,0.0,,,,,,0.4,beat rr=rr_long delta=delta_down member=<num>,generic
25,1115,27851,27875,25,25,0,0,1.0,0.0,0.0,,,,,,0.48,beat rr=rr_long delta=delta_down member=<num>,generic
25,1116,27876,27900,25,25,0,0,1.0,0.0,0.0,,,,,,0.44,beat rr=rr_long delta=delta_down member=<num>,generic
25,1117,27901,27925,25,25,0,0,1.0,0.0,0.0,,,,,,0.56,beat rr=rr_long delta=delta_up member=<num>,generic
25,1118,27926,27950,25,25,0,0,1.0,0.0,0.0,,,,,,0.64,beat rr=rr_long delta=delta_down member=<num>,generic
25,1119,27951,27975,25,23,2,0,0.92,0.08,0.0,,,,,,0.52,beat rr=rr_long delta=delta_down member=<num>,generic
25,1120,27976,28000,25,24,0,1,0.96,0.0,0.04,,,,,,0.56,beat rr=rr_long delta=delta_down member=<num>,generic
25,1121,28001,28025,25,25,0,0,1.0,0.0,0.0,,,,,,0.44,beat rr=rr_long delta=delta_down member=<num>,generic
25,1122,28026,28050,25,23,2,0,0.92,0.08,0.0,,,,,,0.48,beat rr=rr_long delta=delta_down member=<num>,generic
25,1123,28051,28075,25,25,0,0,1.0,0.0,0.0,,,,,,0.4,beat rr=rr_long delta=delta_down member=<num>,generic
25,1124,28076,28100,25,22,3,0,0.88,0.12,0.0,,,,,,0.48,beat rr=rr_long delta=delta_down member=<num>,generic
25,1125,28101,28125,25,22,3,0,0.88,0.12,0.0,,,,,,0.6,beat rr=rr_long delta=delta_down member=<num>,generic
25,1126,28126,28150,25,25,0,0,1.0,0.0,0.0,,,,,,0.4,beat rr=rr_long delta=delta_down member=<num>,generic
25,1127,28151,28175,25,25,0,0,1.0,0.0,0.0,,,,,,0.4,beat rr=rr_long delta=delta_up member=<num>,generic
25,1128,28176,28200,25,25,0,0,1.0,0.0,0.0,,,,,,0.52,beat rr=rr_long delta=delta_down member=<num>,generic
25,1129,28201,28225,25,25,0,0,1.0,0.0,0.0,,,,,,0.52,beat rr=rr_long delta=delta_down member=<num>,generic
25,1130,28226,28250,25,24,0,1,0.96,0.0,0.04,,,,,,0.52,beat rr=rr_long delta=delta_down member=<num>,generic
25,1131,28251,28275,25,25,0,0,1.0,0.0,0.0,,,,,,0.56,beat rr=rr_long delta=delta_down member=<num>,generic
25,1132,28276,28300,25,25,0,0,1.0,0.0,0.0,,,,,,0.48,beat rr=rr_long delta=delta_down member=<num>,generic
25,1133,28301,28325,25,25,0,0,1.0,0.0,0.0,,,,,,0.48,beat rr=rr_long delta=delta_down member=<num>,generic
25,1134,28326,28350,25,25,0,0,1.0,0.0,0.0,,,,,,0.48,beat rr=rr_long delta=delta_down member=<num>,generic
25,1135,28351,28375,25,25,0,0,1.0,0.0,0.0,,,,,,0.48,beat rr=rr_long delta=delta_up member=<num>,generic
25,1136,28376,28400,25,22,3,0,0.88,0.12,0.0,,,,,,0.56,beat rr=rr_long delta=delta_down member=<num>,generic
25,1137,28401,28425,25,23,2,0,0.92,0.08,0.0,,,,,,0.56,beat rr=rr_long delta=delta_down member=<num>,generic
25,1138,28426,28450,25,25,0,0,1.0,0.0,0.0,,,,,,0.36,beat rr=rr_long delta=delta_flat member=<num>,generic
25,1139,28451,28475,25,25,0,0,1.0,0.0,0.0,,,,,,0.36,beat rr=rr_long delta=delta_up member=<num>,generic
25,1140,28476,28500,25,25,0,0,1.0,0.0,0.0,,,,,,0.44,beat rr=rr_long delta=delta_down member=<num>,generic
25,1141,28501,28525,25,22,3,0,0.88,0.12,0.0,,,,,,0.52,beat rr=rr_long delta=delta_down member=<num>,generic
25,1142,28526,28550,25,24,0,1,0.96,0.0,0.04,,,,,,0.52,beat rr=rr_long delta=delta_down member=<num>,generic
25,1143,28551,28575,25,25,0,0,1.0,0.0,0.0,,,,,,0.36,beat rr=rr_long delta=delta_up member=<num>,generic
25,1144,28576,28600,25,25,0,0,1.0,0.0,0.0,,,,,,0.4,beat rr=rr_long delta=delta_up member=<num>,generic
25,1145,28601,28625,25,22,3,0,0.88,0.12,0.0,,,,,,0.52,beat rr=rr_long delta=delta_down member=<num>,generic
25,1146,28626,28650,25,24,0,1,0.96,0.0,0.04,,,,,,0.52,beat rr=rr_long delta=delta_down member=<num>,generic
25,1147,28651,28675,25,25,0,0,1.0,0.0,0.0,,,,,,0.44,beat rr=rr_long delta=delta_down member=<num>,generic
25,1148,28676,28700,25,25,0,0,1.0,0.0,0.0,,,,,,0.36,beat rr=rr_long delta=delta_up member=<num>,generic
25,1149,28701,28725,25,25,0,0,1.0,0.0,0.0,,,,,,0.44,beat rr=rr_long delta=delta_down member=<num>,generic
25,1150,28726,28750,25,25,0,0,1.0,0.0,0.0,,,,,,0.4,beat rr=rr_long delta=delta_up member=<num>,generic
25,1151,28751,28775,25,25,0,0,1.0,0.0,0.0,,,,,,0.4,beat rr=rr_long delta=delta_down member=<num>,generic
25,1152,28776,28800,25,25,0,0,1.0,0.0,0.0,,,,,,0.44,beat rr=rr_long delta=delta_up member=<num>,generic
25,1153,28801,28825,25,25,0,0,1.0,0.0,0.0,,,,,,0.4,beat rr=rr_long delta=delta_up member=<num>,generic
25,1154,28826,28850,25,25,0,0,1.0,0.0,0.0,,,,,,0.4,beat rr=rr_long delta=delta_up member=<num>,generic
25,1155,28851,28875,25,23,2,0,0.92,0.08,0.0,,,,,,0.52,beat rr=rr_long delta=delta_down member=<num>,generic
25,1156,28876,28900,25,25,0,0,1.0,0.0,0.0,,,,,,0.6,beat rr=rr_long delta=delta_down member=<num>,generic
25,1157,28901,28925,25,25,0,0,1.0,0.0,0.0,,,,,,0.4,beat rr=rr_long delta=delta_flat member=<num>,generic
25,1158,28926,28950,25,25,0,0,1.0,0.0,0.0,,,,,,0.4,beat rr=rr_long delta=delta_down member=<num>,generic
25,1159,28951,28975,25,25,0,0,1.0,0.0,0.0,,,,,,0.48,beat rr=rr_long delta=delta_up member=<num>,generic
25,1160,28976,29000,25,24,0,1,0.96,0.0,0.04,,,,,,0.52,beat rr=rr_long delta=delta_down member=<num>,generic
25,1161,29001,29025,25,22,3,0,0.88,0.12,0.0,,,,,,0.44,beat rr=rr_long delta=delta_up member=<num>,generic
25,1162,29026,29050,25,24,0,1,0.96,0.0,0.04,,,,,,0.6,beat rr=rr_long delta=delta_down member=<num>,generic
25,1163,29051,29075,25,22,3,0,0.88,0.12,0.0,,,,,,0.52,beat rr=rr_long delta=delta_up member=<num>,generic
25,1164,29076,29100,25,25,0,0,1.0,0.0,0.0,,,,,,0.4,beat rr=rr_long delta=delta_up member=<num>,generic
25,1165,29101,29125,25,22,3,0,0.88,0.12,0.0,,,,,,0.48,beat rr=rr_long delta=delta_up member=<num>,generic
25,1166,29126,29150,25,22,3,0,0.88,0.12,0.0,,,,,,0.72,beat rr=rr_long delta=delta_down member=<num>,generic
25,1167,29151,29175,25,25,0,0,1.0,0.0,0.0,,,,,,0.44,beat rr=rr_long delta=delta_down member=<num>,generic
25,1168,29176,29200,25,25,0,0,1.0,0.0,0.0,,,,,,0.48,beat rr=rr_long delta=delta_down member=<num>,generic
25,1169,29201,29225,25,25,0,0,1.0,0.0,0.0,,,,,,0.36,beat rr=rr_long delta=delta_up member=<num>,generic
25,1170,29226,29250,25,25,0,0,1.0,0.0,0.0,,,,,,0.4,beat rr=rr_long delta=delta_up member=<num>,generic
25,1171,29251,29275,25,25,0,0,1.0,0.0,0.0,,,,,,0.44,beat rr=rr_long delta=delta_down member=<num>,generic
25,1172,29276,29300,25,25,0,0,1.0,0.0,0.0,,,,,,0.48,beat rr=rr_long delta=delta_up member=<num>,generic
25,1173,29301,29325,25,24,0,1,0.96,0.0,0.04,,,,,,0.6,beat rr=rr_long delta=delta_down member=<num>,generic
25,1174,29326,29350,25,25,0,0,1.0,0.0,0.0,,,,,,0.4,beat rr=rr_long delta=delta_flat member=<num>,generic
25,1175,29351,29375,25,25,0,0,1.0,0.0,0.0,,,,,,0.48,beat rr=rr_long delta=delta_up member=<num>,generic
25,1176,29376,29400,25,23,2,0,0.92,0.08,0.0,,,,,,0.48,beat rr=rr_long delta=delta_down member=<num>,generic
25,1177,29401,29425,25,25,0,0,1.0,0.0,0.0,,,,,,0.36,beat rr=rr_long delta=delta_flat member=<num>,generic
25,1178,29426,29450,25,25,0,0,1.0,0.0,0.0,,,,,,0.4,beat rr=rr_long delta=delta_down member=<num>,generic
25,1179,29451,29475,25,25,0,0,1.0,0.0,0.0,,,,,,0.44,beat rr=rr_long delta=delta_down member=<num>,generic
25,1180,29476,29500,25,25,0,0,1.0,0.0,0.0,,,,,,0.36,beat rr=rr_long delta=delta_down member=<num>,generic
25,1181,29501,29525,25,25,0,0,1.0,0.0,0.0,,,,,,0.36,beat rr=rr_long delta=delta_down member=<num>,generic
25,1182,29526,29550,25,25,0,0,1.0,0.0,0.0,,,,,,0.44,beat rr=rr_long delta=delta_down member=<num>,generic
25,1183,29551,29575,25,25,0,0,1.0,0.0,0.0,,,,,,0.36,beat rr=rr_long delta=delta_down member=<num>,generic
25,1184,29576,29600,25,25,0,0,1.0,0.0,0.0,,,,,,0.4,beat rr=rr_long delta=delta_up member=<num>,generic
25,1185,29601,29625,25,24,0,1,0.96,0.0,0.04,,,,,,0.64,beat rr=rr_long delta=delta_down member=<num>,generic
25,1186,29626,29650,25,25,0,0,1.0,0.0,0.0,,,,,,0.48,beat rr=rr_long delta=delta_down member=<num>,generic
25,1187,29651,29675,25,22,3,0,0.88,0.12,0.0,,,,,,0.44,beat rr=rr_long delta=delta_down member=<num>,generic
25,1188,29676,29700,25,25,0,0,1.0,0.0,0.0,,,,,,0.48,beat rr=rr_long delta=delta_down member=<num>,generic
25,1189,29701,29725,25,25,0,0,1.0,0.0,0.0,,,,,,0.52,beat rr=rr_long delta=delta_up member=<num>,generic
25,1190,29726,29750,25,25,0,0,1.0,0.0,0.0,,,,,,0.52,beat rr=rr_long delta=delta_down member=<num>,generic
25,1191,29751,29775,25,22,3,0,0.88,0.12,0.0,,,,,,0.56,beat rr=rr_long delta=delta_down member=<num>,generic
25,1192,29776,29800,25,25,0,0,1.0,0.0,0.0,,,,,,0.52,beat rr=rr_long delta=delta_up member=<num>,generic
25,1193,29801,29825,25,22,3,0,0.88,0.12,0.0,,,,,,0.44,beat rr=rr_long delta=delta_down member=<num>,generic
25,1194,29826,29850,25,25,0,0,1.0,0.0,0.0,,,,,,0.6,beat rr=rr_long delta=delta_down member=<num>,generic
25,1195,29851,29875,25,25,0,0,1.0,0.0,0.0,,,,,,0.56,beat rr=rr_long delta=delta_down member=<num>,generic
25,1196,29876,29900,25,23,2,0,0.92,0.08,0.0,,,,,,0.56,beat rr=rr_long delta=delta_up member=<num>,generic
25,1197,29901,29925,25,25,0,0,1.0,0.0,0.0,,,,,,0.44,beat rr=rr_long delta=delta_down member=<num>,generic
25,1198,29926,29950,25,23,2,0,0.92,0.08,0.0,,,,,,0.56,beat rr=rr_long delta=delta_down member=<num>,generic
25,1199,29951,29975,25,23,2,0,0.92,0.08,0.0,,,,,,0.52,beat rr=rr_long delta=delta_down member=<num>,generic
25,1200,29976,30000,25,25,0,0,1.0,0.0,0.0,,,,,,0.72,beat rr=rr_long delta=delta_down member=<num>,generic
25,1201,30001,30025,25,24,0,1,0.96,0.0,0.04,,,,,,0.52,beat rr=rr_long delta=delta_down member=<num>,generic
25,1202,30026,30050,25,25,0,0,1.0,0.0,0.0,,,,,,0.52,beat rr=rr_long delta=delta_down member=<num>,generic
25,1203,30051,30075,25,22,3,0,0.88,0.12,0.0,,,,,,0.64,beat rr=rr_long delta=delta_down member=<num>,generic
25,1204,30076,30100,25,22,3,0,0.88,0.12,0.0,,,,,,0.44,beat rr=rr_long delta=delta_up member=<num>,generic
25,1205,30101,30125,25,22,3,0,0.88,0.12,0.0,,,,,,0.44,beat rr=rr_long delta=delta_down member=<num>,generic
25,1206,30126,30150,25,25,0,0,1.0,0.0,0.0,,,,,,0.48,beat rr=rr_long delta=delta_up member=<num>,generic
25,1207,30151,30175,25,25,0,0,1.0,0.0,0.0,,,,,,0.44,beat rr=rr_long delta=delta_down member=<num>,generic
25,1208,30176,30200,25,25,0,0,1.0,0.0,0.0,,,,,,0.48,beat rr=rr_long delta=delta_down member=<num>,generic
25,1209,30201,30225,25,25,0,0,1.0,0.0,0.0,,,,,,0.48,beat rr=rr_long delta=delta_down member=<num>,generic
25,1210,30226,30250,25,22,3,0,0.88,0.12,0.0,,,,,,0.44,beat rr=rr_long delta=delta_up member=<num>,generic
25,1211,30251,30275,25,25,0,0,1.0,0.0,0.0,,,,,,0.52,beat rr=rr_long delta=delta_down member=<num>,generic
25,1212,30276,30300,25,25,0,0,1.0,0.0,0.0,,,,,,0.6,beat rr=rr_long delta=delta_down member=<num>,generic
25,1213,30301,30325,25,22,3,0,0.88,0.12,0.0,,,,,,0.52,beat rr=rr_long delta=delta_down member=<num>,generic
25,1214,30326,30350,25,25,0,0,1.0,0.0,0.0,,,,,,0.68,beat rr=rr_long delta=delta_down member=<num>,generic
25,1215,30351,30375,25,25,0,0,1.0,0.0,0.0,,,,,,0.68,beat rr=rr_long delta=delta_down member=<num>,generic
25,1216,30376,30400,25,22,3,0,0.88,0.12,0.0,,,,,,0.48,beat rr=rr_long delta=delta_down member=<num>,generic
25,1217,30401,30425,25,25,0,0,1.0,0.0,0.0,,,,,,0.48,beat rr=rr_long delta=delta_down member=<num>,generic
25,1218,30426,30450,25,23,2,0,0.92,0.08,0.0,,,,,,0.52,beat rr=rr_long delta=delta_down member=<num>,generic
25,1219,30451,30475,25,25,0,0,1.0,0.0,0.0,,,,,,0.48,beat rr=rr_long delta=delta_up member=<num>,generic
25,1220,30476,30500,25,23,2,0,0.92,0.08,0.0,,,,,,0.48,beat rr=rr_long delta=delta_down member=<num>,generic
25,1221,30501,30525,25,22,3,0,0.88,0.12,0.0,,,,,,0.56,beat rr=rr_long delta=delta_down member=<num>,generic
25,1222,30526,30550,25,25,0,0,1.0,0.0,0.0,,,,,,0.44,beat rr=rr_long delta=delta_down member=<num>,generic
25,1223,30551,30575,25,24,0,1,0.96,0.0,0.04,,,,,,0.52,beat rr=rr_long delta=delta_up member=<num>,generic
25,1224,30576,30600,25,25,0,0,1.0,0.0,0.0,,,,,,0.44,beat rr=rr_long delta=delta_down member=<num>,generic
25,1225,30601,30625,25,24,0,1,0.96,0.0,0.04,,,,,,0.52,beat rr=rr_long delta=delta_down member=<num>,generic
25,1226,30626,30650,25,25,0,0,1.0,0.0,0.0,,,,,,0.52,beat rr=rr_long delta=delta_down member=<num>,generic
25,1227,30651,30675,25,25,0,0,1.0,0.0,0.0,,,,,,0.56,beat rr=rr_long delta=delta_down member=<num>,generic
25,1228,30676,30700,25,25,0,0,1.0,0.0,0.0,,,,,,0.44,beat rr=rr_long delta=delta_down member=<num>,generic
25,1229,30701,30725,25,24,0,1,0.96,0.0,0.04,,,,,,0.52,beat rr=rr_long delta=delta_down member=<num>,generic
25,1230,30726,30750,25,25,0,0,1.0,0.0,0.0,,,,,,0.6,beat rr=rr_long delta=delta_down member=<num>,generic
25,1231,30751,30775,25,24,0,1,0.96,0.0,0.04,,,,,,0.64,beat rr=rr_long delta=delta_down member=<num>,generic
25,1232,30776,30800,25,22,3,0,0.88,0.12,0.0,,,,,,0.52,beat rr=rr_long delta=delta_down member=<num>,generic
25,1233,30801,30825,25,25,0,0,1.0,0.0,0.0,,,,,,0.48,beat rr=rr_long delta=delta_down member=<num>,generic
25,1234,30826,30850,25,22,3,0,0.88,0.12,0.0,,,,,,0.52,beat rr=rr_long delta=delta_down member=<num>,generic
25,1235,30851,30875,25,25,0,0,1.0,0.0,0.0,,,,,,0.48,beat rr=rr_long delta=delta_down member=<num>,generic
25,1236,30876,30900,25,25,0,0,1.0,0.0,0.0,,,,,,0.36,beat rr=rr_long delta=delta_flat member=<num>,generic
25,1237,30901,30925,25,25,0,0,1.0,0.0,0.0,,,,,,0.44,beat rr=rr_long delta=delta_up member=<num>,generic
25,1238,30926,30950,25,25,0,0,1.0,0.0,0.0,,,,,,0.44,beat rr=rr_long delta=delta_down member=<num>,generic
25,1239,30951,30975,25,25,0,0,1.0,0.0,0.0,,,,,,0.48,beat rr=rr_long delta=delta_down member=<num>,generic
25,1240,30976,31000,25,22,3,0,0.88,0.12,0.0,,,,,,0.44,beat rr=rr_long delta=delta_down member=<num>,generic
25,1241,31001,31025,25,25,0,0,1.0,0.0,0.0,,,,,,0.52,beat rr=rr_long delta=delta_down member=<num>,generic
25,1242,31026,31050,25,23,2,0,0.92,0.08,0.0,,,,,,0.52,beat rr=rr_long delta=delta_down member=<num>,generic
25,1243,31051,31075,25,22,3,0,0.88,0.12,0.0,,,,,,0.52,beat rr=rr_long delta=delta_down member=<num>,generic
25,1244,31076,31100,25,24,0,1,0.96,0.0,0.04,,,,,,0.64,beat rr=rr_long delta=delta_down member=<num>,generic
25,1245,31101,31125,25,22,3,0,0.88,0.12,0.0,,,,,,0.48,beat rr=rr_long delta=delta_up member=<num>,generic
25,1246,31126,31150,25,25,0,0,1.0,0.0,0.0,,,,,,0.44,beat rr=rr_long delta=delta_down member=<num>,generic
25,1247,31151,31175,25,25,0,0,1.0,0.0,0.0,,,,,,0.44,beat rr=rr_long delta=delta_down member=<num>,generic
25,1248,31176,31200,25,23,2,0,0.92,0.08,0.0,,,,,,0.48,beat rr=rr_long delta=delta_down member=<num>,generic
25,1249,31201,31225,25,23,2,0,0.92,0.08,0.0,,,,,,0.56,beat rr=rr_long delta=delta_down member=<num>,generic
25,1250,31226,31250,25,22,3,0,0.88,0.12,0.0,,,,,,0.56,beat rr=rr_long delta=delta_down member=<num>,generic
25,1251,31251,31275,25,25,0,0,1.0,0.0,0.0,,,,,,0.4,beat rr=rr_long delta=delta_up member=<num>,generic
25,1252,31276,31300,25,25,0,0,1.0,0.0,0.0,,,,,,0.48,beat rr=rr_long delta=delta_down member=<num>,generic
25,1253,31301,31325,25,25,0,0,1.0,0.0,0.0,,,,,,0.52,beat rr=rr_long delta=delta_down member=<num>,generic
25,1254,31326,31350,25,22,3,0,0.88,0.12,0.0,,,,,,0.44,beat rr=rr_long delta=delta_up member=<num>,generic
25,1255,31351,31375,25,25,0,0,1.0,0.0,0.0,,,,,,0.56,beat rr=rr_long delta=delta_down member=<num>,generic
25,1256,31376,31400,25,25,0,0,1.0,0.0,0.0,,,,,,0.56,beat rr=rr_long delta=delta_down member=<num>,generic
25,1257,31401,31425,25,25,0,0,1.0,0.0,0.0,,,,,,0.52,beat rr=rr_long delta=delta_down member=<num>,generic
25,1258,31426,31450,25,25,0,0,1.0,0.0,0.0,,,,,,0.56,beat rr=rr_long delta=delta_down member=<num>,generic
25,1259,31451,31475,25,23,2,0,0.92,0.08,0.0,,,,,,0.6,beat rr=rr_long delta=delta_down member=<num>,generic
25,1260,31476,31500,25,25,0,0,1.0,0.0,0.0,,,,,,0.56,beat rr=rr_long delta=delta_down member=<num>,generic
25,1261,31501,31525,25,25,0,0,1.0,0.0,0.0,,,,,,0.4,beat rr=rr_long delta=delta_up member=<num>,generic
25,1262,31526,31550,25,25,0,0,1.0,0.0,0.0,,,,,,0.44,beat rr=rr_long delta=delta_down member=<num>,generic
25,1263,31551,31575,25,25,0,0,1.0,0.0,0.0,,,,,,0.44,beat rr=rr_long delta=delta_down member=<num>,generic
25,1264,31576,31600,25,22,3,0,0.88,0.12,0.0,,,,,,0.44,beat rr=rr_long delta=delta_up member=<num>,generic
25,1265,31601,31625,25,25,0,0,1.0,0.0,0.0,,,,,,0.48,beat rr=rr_long delta=delta_down member=<num>,generic
25,1266,31626,31650,25,23,2,0,0.92,0.08,0.0,,,,,,0.56,beat rr=rr_long delta=delta_down member=<num>,generic
25,1267,31651,31675,25,25,0,0,1.0,0.0,0.0,,,,,,0.48,beat rr=rr_long delta=delta_down member=<num>,generic
25,1268,31676,31700,25,25,0,0,1.0,0.0,0.0,,,,,,0.44,beat rr=rr_long delta=delta_up member=<num>,generic
25,1269,31701,31725,25,25,0,0,1.0,0.0,0.0,,,,,,0.44,beat rr=rr_long delta=delta_down member=<num>,generic
25,1270,31726,31750,25,24,0,1,0.96,0.0,0.04,,,,,,0.56,beat rr=rr_long delta=delta_up member=<num>,generic
25,1271,31751,31775,25,22,3,0,0.88,0.12,0.0,,,,,,0.48,beat rr=rr_long delta=delta_down member=<num>,generic
25,1272,31776,31800,25,25,0,0,1.0,0.0,0.0,,,,,,0.48,beat rr=rr_long delta=delta_down member=<num>,generic
25,1273,31801,31825,25,25,0,0,1.0,0.0,0.0,,,,,,0.56,beat rr=rr_long delta=delta_down member=<num>,generic
25,1274,31826,31850,25,24,0,1,0.96,0.0,0.04,,,,,,0.52,beat rr=rr_long delta=delta_up member=<num>,generic
25,1275,31851,31875,25,25,0,0,1.0,0.0,0.0,,,,,,0.44,beat rr=rr_long delta=delta_up member=<num>,generic
25,1276,31876,31900,25,22,3,0,0.88,0.12,0.0,,,,,,0.44,beat rr=rr_long delta=delta_up member=<num>,generic
25,1277,31901,31925,25,23,2,0,0.92,0.08,0.0,,,,,,0.56,beat rr=rr_long delta=delta_down member=<num>,generic
25,1278,31926,31950,25,24,0,1,0.96,0.0,0.04,,,,,,0.56,beat rr=rr_long delta=delta_down member=<num>,generic
25,1279,31951,31975,25,23,2,0,0.92,0.08,0.0,,,,,,0.48,beat rr=rr_long delta=delta_down member=<num>,generic
25,1280,31976,32000,25,23,2,0,0.92,0.08,0.0,,,,,,0.48,beat rr=rr_long delta=delta_up member=<num>,generic
25,1281,32001,32025,25,22,3,0,0.88,0.12,0.0,,,,,,0.44,beat rr=rr_long delta=delta_down member=<num>,generic
25,1282,32026,32050,25,22,3,0,0.88,0.12,0.0,,,,,,0.48,beat rr=rr_long delta=delta_up member=<num>,generic
25,1283,32051,32075,25,25,0,0,1.0,0.0,0.0,,,,,,0.56,beat rr=rr_long delta=delta_down member=<num>,generic
25,1284,32076,32100,25,22,3,0,0.88,0.12,0.0,,,,,,0.44,beat rr=rr_long delta=delta_down member=<num>,generic
25,1285,32101,32125,25,23,2,0,0.92,0.08,0.0,,,,,,0.6,beat rr=rr_long delta=delta_down member=<num>,generic
25,1286,32126,32150,25,25,0,0,1.0,0.0,0.0,,,,,,0.44,beat rr=rr_long delta=delta_up member=<num>,generic
25,1287,32151,32175,25,22,3,0,0.88,0.12,0.0,,,,,,0.56,beat rr=rr_long delta=delta_down member=<num>,generic
25,1288,32176,32200,25,25,0,0,1.0,0.0,0.0,,,,,,0.4,beat rr=rr_long delta=delta_up member=<num>,generic
25,1289,32201,32225,25,25,0,0,1.0,0.0,0.0,,,,,,0.4,beat rr=rr_long delta=delta_flat member=<num>,generic
25,1290,32226,32250,25,25,0,0,1.0,0.0,0.0,,,,,,0.44,beat rr=rr_long delta=delta_up member=<num>,generic
25,1291,32251,32275,25,23,2,0,0.92,0.08,0.0,,,,,,0.64,beat rr=rr_long delta=delta_down member=<num>,generic
25,1292,32276,32300,25,23,2,0,0.92,0.08,0.0,,,,,,0.52,beat rr=rr_long delta=delta_down member=<num>,generic
25,1293,32301,32325,25,22,3,0,0.88,0.12,0.0,,,,,,0.52,beat rr=rr_long delta=delta_down member=<num>,generic
25,1294,32326,32350,25,25,0,0,1.0,0.0,0.0,,,,,,0.4,beat rr=rr_long delta=delta_up member=<num>,generic
25,1295,32351,32375,25,25,0,0,1.0,0.0,0.0,,,,,,0.48,beat rr=rr_long delta=delta_down member=<num>,generic
25,1296,32376,32400,25,25,0,0,1.0,0.0,0.0,,,,,,0.44,beat rr=rr_long delta=delta_down member=<num>,generic
25,1297,32401,32425,25,25,0,0,1.0,0.0,0.0,,,,,,0.52,beat rr=rr_long delta=delta_up member=<num>,generic
25,1298,32426,32450,25,22,3,0,0.88,0.12,0.0,,,,,,0.48,beat rr=rr_long delta=delta_down member=<num>,generic
25,1299,32451,32475,25,25,0,0,1.0,0.0,0.0,,,,,,0.48,beat rr=rr_long delta=delta_down member=<num>,generic
25,1300,32476,32500,25,22,3,0,0.88,0.12,0.0,,,,,,0.52,beat rr=rr_long delta=delta_down member=<num>,generic
25,1301,32501,32525,25,22,3,0,0.88,0.12,0.0,,,,,,0.56,beat rr=rr_long delta=delta_down member=<num>,generic
25,1302,32526,32550,25,22,3,0,0.88,0.12,0.0,,,,,,0.48,beat rr=rr_long delta=delta_down member=<num>,generic
25,1303,32551,32575,25,25,0,0,1.0,0.0,0.0,,,,,,0.4,beat rr=rr_long delta=delta_up member=<num>,generic
25,1304,32576,32600,25,25,0,0,1.0,0.0,0.0,,,,,,0.36,beat rr=rr_long delta=delta_down member=<num>,generic
25,1305,32601,32625,25,22,3,0,0.88,0.12,0.0,,,,,,0.48,beat rr=rr_long delta=delta_up member=<num>,generic
25,1306,32626,32650,25,25,0,0,1.0,0.0,0.0,,,,,,0.52,beat rr=rr_long delta=delta_down member=<num>,generic
25,1307,32651,32675,25,25,0,0,1.0,0.0,0.0,,,,,,0.44,beat rr=rr_long delta=delta_down member=<num>,generic
25,1308,32676,32700,25,25,0,0,1.0,0.0,0.0,,,,,,0.44,beat rr=rr_long delta=delta_down member=<num>,generic
25,1309,32701,32725,25,25,0,0,1.0,0.0,0.0,,,,,,0.52,beat rr=rr_long delta=delta_down member=<num>,generic
25,1310,32726,32750,25,23,2,0,0.92,0.08,0.0,,,,,,0.56,beat rr=rr_long delta=delta_up member=<num>,generic
25,1311,32751,32775,25,25,0,0,1.0,0.0,0.0,,,,,,0.56,beat rr=rr_long delta=delta_down member=<num>,generic
25,1312,32776,32800,25,25,0,0,1.0,0.0,0.0,,,,,,0.48,beat rr=rr_long delta=delta_down member=<num>,generic
25,1313,32801,32825,25,25,0,0,1.0,0.0,0.0,,,,,,0.44,beat rr=rr_long delta=delta_down member=<num>,generic
25,1314,32826,32850,25,22,3,0,0.88,0.12,0.0,,,,,,0.56,beat rr=rr_long delta=delta_down member=<num>,generic
25,1315,32851,32875,25,25,0,0,1.0,0.0,0.0,,,,,,0.4,beat rr=rr_long delta=delta_down member=<num>,generic
25,1316,32876,32900,25,22,3,0,0.88,0.12,0.0,,,,,,0.48,beat rr=rr_long delta=delta_down member=<num>,generic
25,1317,32901,32925,25,25,0,0,1.0,0.0,0.0,,,,,,0.48,beat rr=rr_long delta=delta_down member=<num>,generic
25,1318,32926,32950,25,25,0,0,1.0,0.0,0.0,,,,,,0.44,beat rr=rr_long delta=delta_down member=<num>,generic
25,1319,32951,32975,25,22,3,0,0.88,0.12,0.0,,,,,,0.56,beat rr=rr_long delta=delta_down member=<num>,generic
25,1320,32976,33000,25,25,0,0,1.0,0.0,0.0,,,,,,0.6,beat rr=rr_long delta=delta_down member=<num>,generic
25,1321,33001,33025,25,23,2,0,0.92,0.08,0.0,,,,,,0.52,beat rr=rr_long delta=delta_down member=<num>,generic
25,1322,33026,33050,25,25,0,0,1.0,0.0,0.0,,,,,,0.44,beat rr=rr_long delta=delta_down member=<num>,generic
25,1323,33051,33075,25,24,0,1,0.96,0.0,0.04,,,,,,0.64,beat rr=rr_long delta=delta_up member=<num>,generic
25,1324,33076,33100,25,22,3,0,0.88,0.12,0.0,,,,,,0.44,beat rr=rr_long delta=delta_down member=<num>,generic
25,1325,33101,33125,25,23,2,0,0.92,0.08,0.0,,,,,,0.52,beat rr=rr_long delta=delta_down member=<num>,generic
25,1326,33126,33150,25,25,0,0,1.0,0.0,0.0,,,,,,0.52,beat rr=rr_long delta=delta_down member=<num>,generic
25,1327,33151,33175,25,23,2,0,0.92,0.08,0.0,,,,,,0.52,beat rr=rr_long delta=delta_down member=<num>,generic
25,1328,33176,33200,25,22,3,0,0.88,0.12,0.0,,,,,,0.52,beat rr=rr_long delta=delta_down member=<num>,generic
25,1329,33201,33225,25,24,0,1,0.96,0.0,0.04,,,,,,0.56,beat rr=rr_long delta=delta_down member=<num>,generic
25,1330,33226,33250,25,25,0,0,1.0,0.0,0.0,,,,,,0.4,beat rr=rr_long delta=delta_down member=<num>,generic
25,1331,33251,33275,25,25,0,0,1.0,0.0,0.0,,,,,,0.44,beat rr=rr_long delta=delta_up member=<num>,generic
25,1332,33276,33300,25,23,2,0,0.92,0.08,0.0,,,,,,0.56,beat rr=rr_long delta=delta_down member=<num>,generic
25,1333,33301,33325,25,25,0,0,1.0,0.0,0.0,,,,,,0.44,beat rr=rr_long delta=delta_up member=<num>,generic
25,1334,33326,33350,25,23,2,0,0.92,0.08,0.0,,,,,,0.6,beat rr=rr_long delta=delta_down member=<num>,generic
25,1335,33351,33375,25,23,2,0,0.92,0.08,0.0,,,,,,0.6,beat rr=rr_long delta=delta_down member=<num>,generic
25,1336,33376,33400,25,22,3,0,0.88,0.12,0.0,,,,,,0.48,beat rr=rr_long delta=delta_down member=<num>,generic
25,1337,33401,33425,25,22,3,0,0.88,0.12,0.0,,,,,,0.48,beat rr=rr_long delta=delta_down member=<num>,generic
25,1338,33426,33450,25,22,3,0,0.88,0.12,0.0,,,,,,0.48,beat rr=rr_long delta=delta_down member=<num>,generic
25,1339,33451,33475,25,25,0,0,1.0,0.0,0.0,,,,,,0.4,beat rr=rr_long delta=delta_up member=<num>,generic
25,1340,33476,33500,25,25,0,0,1.0,0.0,0.0,,,,,,0.44,beat rr=rr_long delta=delta_down member=<num>,generic
25,1341,33501,33525,25,25,0,0,1.0,0.0,0.0,,,,,,0.4,beat rr=rr_long delta=delta_down member=<num>,generic
25,1342,33526,33550,25,22,3,0,0.88,0.12,0.0,,,,,,0.48,beat rr=rr_long delta=delta_down member=<num>,generic
25,1343,33551,33575,25,24,0,1,0.96,0.0,0.04,,,,,,0.6,beat rr=rr_long delta=delta_down member=<num>,generic
25,1344,33576,33600,25,23,2,0,0.92,0.08,0.0,,,,,,0.48,beat rr=rr_long delta=delta_down member=<num>,generic
25,1345,33601,33625,25,25,0,0,1.0,0.0,0.0,,,,,,0.36,beat rr=rr_long delta=delta_up member=<num>,generic
25,1346,33626,33650,25,25,0,0,1.0,0.0,0.0,,,,,,0.56,beat rr=rr_long delta=delta_down member=<num>,generic
25,1347,33651,33675,25,23,2,0,0.92,0.08,0.0,,,,,,0.48,beat rr=rr_long delta=delta_up member=<num>,generic
25,1348,33676,33700,25,24,0,1,0.96,0.0,0.04,,,,,,0.56,beat rr=rr_long delta=delta_down member=<num>,generic
25,1349,33701,33725,25,22,3,0,0.88,0.12,0.0,,,,,,0.52,beat rr=rr_long delta=delta_down member=<num>,generic
25,1350,33726,33750,25,25,0,0,1.0,0.0,0.0,,,,,,0.4,beat rr=rr_long delta=delta_down member=<num>,generic
25,1351,33751,33775,25,25,0,0,1.0,0.0,0.0,,,,,,0.56,beat rr=rr_long delta=delta_down member=<num>,generic
25,1352,33776,33800,25,23,2,0,0.92,0.08,0.0,,,,,,0.48,beat rr=rr_long delta=delta_up member=<num>,generic
25,1353,33801,33825,25,25,0,0,1.0,0.0,0.0,,,,,,0.36,beat rr=rr_long delta=delta_down member=<num>,generic
25,1354,33826,33850,25,22,3,0,0.88,0.12,0.0,,,,,,0.48,beat rr=rr_long delta=delta_down member=<num>,generic
25,1355,33851,33875,25,22,3,0,0.88,0.12,0.0,,,,,,0.52,beat rr=rr_long delta=delta_down member=<num>,generic
25,1356,33876,33900,25,22,3,0,0.88,0.12,0.0,,,,,,0.44,beat rr=rr_long delta=delta_up member=<num>,generic
25,1357,33901,33925,25,24,0,1,0.96,0.0,0.04,,,,,,0.56,beat rr=rr_long delta=delta_down member=<num>,generic
25,1358,33926,33950,25,25,0,0,1.0,0.0,0.0,,,,,,0.52,beat rr=rr_long delta=delta_down member=<num>,generic
25,1359,33951,33975,25,24,0,1,0.96,0.0,0.04,,,,,,0.6,beat rr=rr_long delta=delta_down member=<num>,generic
25,1360,33976,34000,25,23,2,0,0.92,0.08,0.0,,,,,,0.52,beat rr=rr_long delta=delta_down member=<num>,generic
25,1361,34001,34025,25,25,0,0,1.0,0.0,0.0,,,,,,0.48,beat rr=rr_long delta=delta_down member=<num>,generic
25,1362,34026,34050,25,25,0,0,1.0,0.0,0.0,,,,,,0.52,beat rr=rr_long delta=delta_down member=<num>,generic
25,1363,34051,34075,25,25,0,0,1.0,0.0,0.0,,,,,,0.4,beat rr=rr_long delta=delta_flat member=<num>,generic
25,1364,34076,34100,25,25,0,0,1.0,0.0,0.0,,,,,,0.48,beat rr=rr_long delta=delta_down member=<num>,generic
25,1365,34101,34125,25,23,2,0,0.92,0.08,0.0,,,,,,0.48,beat rr=rr_long delta=delta_down member=<num>,generic
25,1366,34126,34150,25,23,2,0,0.92,0.08,0.0,,,,,,0.52,beat rr=rr_long delta=delta_down member=<num>,generic
25,1367,34151,34175,25,25,0,0,1.0,0.0,0.0,,,,,,0.48,beat rr=rr_long delta=delta_down member=<num>,generic
25,1368,34176,34200,25,25,0,0,1.0,0.0,0.0,,,,,,0.64,beat rr=rr_long delta=delta_down member=<num>,generic
25,1369,34201,34225,25,25,0,0,1.0,0.0,0.0,,,,,,0.52,beat rr=rr_long delta=delta_down member=<num>,generic
25,1370,34226,34250,25,22,3,0,0.88,0.12,0.0,,,,,,0.48,beat rr=rr_long delta=delta_down member=<num>,generic
25,1371,34251,34275,25,25,0,0,1.0,0.0,0.0,,,,,,0.44,beat rr=rr_long delta=delta_down member=<num>,generic
25,1372,34276,34300,25,23,2,0,0.92,0.08,0.0,,,,,,0.52,beat rr=rr_long delta=delta_down member=<num>,generic
25,1373,34301,34325,25,23,2,0,0.92,0.08,0.0,,,,,,0.64,beat rr=rr_long delta=delta_down member=<num>,generic
25,1374,34326,34350,25,25,0,0,1.0,0.0,0.0,,,,,,0.48,beat rr=rr_long delta=delta_down member=<num>,generic
25,1375,34351,34375,25,25,0,0,1.0,0.0,0.0,,,,,,0.4,beat rr=rr_long delta=delta_up member=<num>,generic
25,1376,34376,34400,25,25,0,0,1.0,0.0,0.0,,,,,,0.52,beat rr=rr_long delta=delta_down member=<num>,generic
25,1377,34401,34425,25,25,0,0,1.0,0.0,0.0,,,,,,0.44,beat rr=rr_long delta=delta_down member=<num>,generic
25,1378,34426,34450,25,25,0,0,1.0,0.0,0.0,,,,,,0.56,beat rr=rr_long delta=delta_down member=<num>,generic
25,1379,34451,34475,25,25,0,0,1.0,0.0,0.0,,,,,,0.44,beat rr=rr_long delta=delta_down member=<num>,generic
25,1380,34476,34500,25,25,0,0,1.0,0.0,0.0,,,,,,0.4,beat rr=rr_long delta=delta_flat member=<num>,generic
25,1381,34501,34525,25,22,3,0,0.88,0.12,0.0,,,,,,0.6,beat rr=rr_long delta=delta_down member=<num>,generic
25,1382,34526,34550,25,25,0,0,1.0,0.0,0.0,,,,,,0.44,beat rr=rr_long delta=delta_down member=<num>,generic
25,1383,34551,34575,25,22,3,0,0.88,0.12,0.0,,,,,,0.44,beat rr=rr_long delta=delta_up member=<num>,generic
25,1384,34576,34600,25,25,0,0,1.0,0.0,0.0,,,,,,0.44,beat rr=rr_long delta=delta_up member=<num>,generic
25,1385,34601,34625,25,25,0,0,1.0,0.0,0.0,,,,,,0.48,beat rr=rr_long delta=delta_down member=<num>,generic
25,1386,34626,34650,25,22,3,0,0.88,0.12,0.0,,,,,,0.52,beat rr=rr_long delta=delta_up member=<num>,generic
25,1387,34651,34675,25,23,2,0,0.92,0.08,0.0,,,,,,0.52,beat rr=rr_long delta=delta_down member=<num>,generic
25,1388,34676,34700,25,25,0,0,1.0,0.0,0.0,,,,,,0.56,beat rr=rr_long delta=delta_down member=<num>,generic
25,1389,34701,34725,25,24,0,1,0.96,0.0,0.04,,,,,,0.64,beat rr=rr_long delta=delta_down member=<num>,generic
25,1390,34726,34750,25,24,0,1,0.96,0.0,0.04,,,,,,0.48,beat rr=rr_long delta=delta_down member=<num>,generic
25,1391,34751,34775,25,22,3,0,0.88,0.12,0.0,,,,,,0.48,beat rr=rr_long delta=delta_down member=<num>,generic
25,1392,34776,34800,25,25,0,0,1.0,0.0,0.0,,,,,,0.48,beat rr=rr_long delta=delta_down member=<num>,generic
25,1393,34801,34825,25,23,2,0,0.92,0.08,0.0,,,,,,0.52,beat rr=rr_long delta=delta_down member=<num>,generic
25,1394,34826,34850,25,25,0,0,1.0,0.0,0.0,,,,,,0.36,beat rr=rr_long delta=delta_up member=<num>,generic
25,1395,34851,34875,25,25,0,0,1.0,0.0,0.0,,,,,,0.44,beat rr=rr_long delta=delta_down member=<num>,generic
25,1396,34876,34900,25,25,0,0,1.0,0.0,0.0,,,,,,0.4,beat rr=rr_long delta=delta_down member=<num>,generic
25,1397,34901,34925,25,22,3,0,0.88,0.12,0.0,,,,,,0.52,beat rr=rr_long delta=delta_down member=<num>,generic
25,1398,34926,34950,25,25,0,0,1.0,0.0,0.0,,,,,,0.52,beat rr=rr_long delta=delta_down member=<num>,generic
25,1399,34951,34975,25,22,3,0,0.88,0.12,0.0,,,,,,0.6,beat rr=rr_long delta=delta_down member=<num>,generic
25,1400,34976,35000,25,22,3,0,0.88,0.12,0.0,,,,,,0.48,beat rr=rr_long delta=delta_up member=<num>,generic
25,1401,35001,35025,25,25,0,0,1.0,0.0,0.0,,,,,,0.52,beat rr=rr_long delta=delta_down member=<num>,generic
25,1402,35026,35050,25,25,0,0,1.0,0.0,0.0,,,,,,0.44,beat rr=rr_long delta=delta_down member=<num>,generic
25,1403,35051,35075,25,22,3,0,0.88,0.12,0.0,,,,,,0.48,beat rr=rr_long delta=delta_down member=<num>,generic
25,1404,35076,35100,25,25,0,0,1.0,0.0,0.0,,,,,,0.4,beat rr=rr_long delta=delta_down member=<num>,generic
25,1405,35101,35125,25,22,3,0,0.88,0.12,0.0,,,,,,0.52,beat rr=rr_long delta=delta_down member=<num>,generic
25,1406,35126,35150,25,25,0,0,1.0,0.0,0.0,,,,,,0.52,beat rr=rr_long delta=delta_down member=<num>,generic
25,1407,35151,35175,25,24,0,1,0.96,0.0,0.04,,,,,,0.6,beat rr=rr_long delta=delta_down member=<num>,generic
25,1408,35176,35200,25,22,3,0,0.88,0.12,0.0,,,,,,0.52,beat rr=rr_long delta=delta_down member=<num>,generic
25,1409,35201,35225,25,22,3,0,0.88,0.12,0.0,,,,,,0.52,beat rr=rr_long delta=delta_down member=<num>,generic
25,1410,35226,35250,25,25,0,0,1.0,0.0,0.0,,,,,,0.36,beat rr=rr_long delta=delta_up member=<num>,generic
25,1411,35251,35275,25,24,0,1,0.96,0.0,0.04,,,,,,0.52,beat rr=rr_long delta=delta_down member=<num>,generic
25,1412,35276,35300,25,22,3,0,0.88,0.12,0.0,,,,,,0.52,beat rr=rr_long delta=delta_up member=<num>,generic
25,1413,35301,35325,25,25,0,0,1.0,0.0,0.0,,,,,,0.48,beat rr=rr_long delta=delta_down member=<num>,generic
25,1414,35326,35350,25,23,2,0,0.92,0.08,0.0,,,,,,0.52,beat rr=rr_long delta=delta_down member=<num>,generic
25,1415,35351,35375,25,25,0,0,1.0,0.0,0.0,,,,,,0.44,beat rr=rr_long delta=delta_up member=<num>,generic
25,1416,35376,35400,25,25,0,0,1.0,0.0,0.0,,,,,,0.4,beat rr=rr_long delta=delta_down member=<num>,generic
25,1417,35401,35425,25,25,0,0,1.0,0.0,0.0,,,,,,0.48,beat rr=rr_long delta=delta_down member=<num>,generic
25,1418,35426,35450,25,25,0,0,1.0,0.0,0.0,,,,,,0.44,beat rr=rr_long delta=delta_down member=<num>,generic
25,1419,35451,35475,25,25,0,0,1.0,0.0,0.0,,,,,,0.44,beat rr=rr_long delta=delta_down member=<num>,generic
25,1420,35476,35500,25,25,0,0,1.0,0.0,0.0,,,,,,0.48,beat rr=rr_long delta=delta_down member=<num>,generic
25,1421,35501,35525,25,25,0,0,1.0,0.0,0.0,,,,,,0.44,beat rr=rr_long delta=delta_flat member=<num>,generic
25,1422,35526,35550,25,25,0,0,1.0,0.0,0.0,,,,,,0.36,beat rr=rr_long delta=delta_up member=<num>,generic
25,1423,35551,35575,25,25,0,0,1.0,0.0,0.0,,,,,,0.44,beat rr=rr_long delta=delta_down member=<num>,generic
25,1424,35576,35600,25,24,0,1,0.96,0.0,0.04,,,,,,0.56,beat rr=rr_long delta=delta_down member=<num>,generic
25,1425,35601,35625,25,23,2,0,0.92,0.08,0.0,,,,,,0.48,beat rr=rr_long delta=delta_up member=<num>,generic
25,1426,35626,35650,25,23,2,0,0.92,0.08,0.0,,,,,,0.6,beat rr=rr_long delta=delta_down member=<num>,generic
25,1427,35651,35675,25,23,2,0,0.92,0.08,0.0,,,,,,0.48,beat rr=rr_long delta=delta_up member=<num>,generic
25,1428,35676,35700,25,25,0,0,1.0,0.0,0.0,,,,,,0.48,beat rr=rr_long delta=delta_down member=<num>,generic
25,1429,35701,35725,25,25,0,0,1.0,0.0,0.0,,,,,,0.52,beat rr=rr_long delta=delta_down member=<num>,generic
25,1430,35726,35750,25,23,2,0,0.92,0.08,0.0,,,,,,0.48,beat rr=rr_long delta=delta_down member=<num>,generic
25,1431,35751,35775,25,22,3,0,0.88,0.12,0.0,,,,,,0.48,beat rr=rr_long delta=delta_down member=<num>,generic
25,1432,35776,35800,25,25,0,0,1.0,0.0,0.0,,,,,,0.4,beat rr=rr_long delta=delta_up member=<num>,generic
25,1433,35801,35825,25,25,0,0,1.0,0.0,0.0,,,,,,0.36,beat rr=rr_long delta=delta_down member=<num>,generic
25,1434,35826,35850,25,25,0,0,1.0,0.0,0.0,,,,,,0.52,beat rr=rr_long delta=delta_down member=<num>,generic
25,1435,35851,35875,25,25,0,0,1.0,0.0,0.0,,,,,,0.44,beat rr=rr_long delta=delta_up member=<num>,generic
25,1436,35876,35900,25,25,0,0,1.0,0.0,0.0,,,,,,0.6,beat rr=rr_long delta=delta_down member=<num>,generic
25,1437,35901,35925,25,25,0,0,1.0,0.0,0.0,,,,,,0.44,beat rr=rr_long delta=delta_up member=<num>,generic
25,1438,35926,35950,25,25,0,0,1.0,0.0,0.0,,,,,,0.44,beat rr=rr_long delta=delta_up member=<num>,generic
25,1439,35951,35975,25,22,3,0,0.88,0.12,0.0,,,,,,0.44,beat rr=rr_long delta=delta_up member=<num>,generic
25,1440,35976,36000,25,25,0,0,1.0,0.0,0.0,,,,,,0.52,beat rr=rr_long delta=delta_down member=<num>,generic
25,1441,36001,36025,25,25,0,0,1.0,0.0,0.0,,,,,,0.52,beat rr=rr_long delta=delta_up member=<num>,generic
25,1442,36026,36050,25,23,2,0,0.92,0.08,0.0,,,,,,0.48,beat rr=rr_long delta=delta_down member=<num>,generic
25,1443,36051,36075,25,25,0,0,1.0,0.0,0.0,,,,,,0.44,beat rr=rr_long delta=delta_down member=<num>,generic
25,1444,36076,36100,25,25,0,0,1.0,0.0,0.0,,,,,,0.4,beat rr=rr_long delta=delta_down member=<num>,generic
25,1445,36101,36125,25,23,2,0,0.92,0.08,0.0,,,,,,0.52,beat rr=rr_long delta=delta_down member=<num>,generic
25,1446,36126,36150,25,25,0,0,1.0,0.0,0.0,,,,,,0.48,beat rr=rr_long delta=delta_down member=<num>,generic
25,1447,36151,36175,25,23,2,0,0.92,0.08,0.0,,,,,,0.48,beat rr=rr_long delta=delta_down member=<num>,generic
25,1448,36176,36200,25,24,0,1,0.96,0.0,0.04,,,,,,0.6,beat rr=rr_long delta=delta_down member=<num>,generic
25,1449,36201,36225,25,22,3,0,0.88,0.12,0.0,,,,,,0.52,beat rr=rr_long delta=delta_down member=<num>,generic
25,1450,36226,36250,25,25,0,0,1.0,0.0,0.0,,,,,,0.44,beat rr=rr_long delta=delta_down member=<num>,generic
25,1451,36251,36275,25,25,0,0,1.0,0.0,0.0,,,,,,0.44,beat rr=rr_long delta=delta_up member=<num>,generic
25,1452,36276,36300,25,24,0,1,0.96,0.0,0.04,,,,,,0.6,beat rr=rr_long delta=delta_down member=<num>,generic
25,1453,36301,36325,25,25,0,0,1.0,0.0,0.0,,,,,,0.48,beat rr=rr_long delta=delta_up member=<num>,generic
25,1454,36326,36350,25,22,3,0,0.88,0.12,0.0,,,,,,0.44,beat rr=rr_long delta=delta_down member=<num>,generic
25,1455,36351,36375,25,22,3,0,0.88,0.12,0.0,,,,,,0.48,beat rr=rr_long delta=delta_down member=<num>,generic
25,1456,36376,36400,25,25,0,0,1.0,0.0,0.0,,,,,,0.4,beat rr=rr_long delta=delta_down member=<num>,generic
25,1457,36401,36425,25,25,0,0,1.0,0.0,0.0,,,,,,0.4,beat rr=rr_long delta=delta_down member=<num>,generic
25,1458,36426,36450,25,23,2,0,0.92,0.08,0.0,,,,,,0.48,beat rr=rr_long delta=delta_up member=<num>,generic
25,1459,36451,36475,25,25,0,0,1.0,0.0,0.0,,,,,,0.4,beat rr=rr_long delta=delta_down member=<num>,generic
25,1460,36476,36500,25,22,3,0,0.88,0.12,0.0,,,,,,0.44,beat rr=rr_long delta=delta_up member=<num>,generic
25,1461,36501,36525,25,22,3,0,0.88,0.12,0.0,,,,,,0.52,beat rr=rr_long delta=delta_up member=<num>,generic
25,1462,36526,36550,25,22,3,0,0.88,0.12,0.0,,,,,,0.48,beat rr=rr_long delta=delta_up member=<num>,generic
25,1463,36551,36575,25,23,2,0,0.92,0.08,0.0,,,,,,0.52,beat rr=rr_long delta=delta_down member=<num>,generic
25,1464,36576,36600,25,25,0,0,1.0,0.0,0.0,,,,,,0.4,beat rr=rr_long delta=delta_down member=<num>,generic
25,1465,36601,36625,25,25,0,0,1.0,0.0,0.0,,,,,,0.48,beat rr=rr_long delta=delta_down member=<num>,generic
25,1466,36626,36650,25,24,0,1,0.96,0.0,0.04,,,,,,0.56,beat rr=rr_long delta=delta_up member=<num>,generic
25,1467,36651,36675,25,24,0,1,0.96,0.0,0.04,,,,,,0.52,beat rr=rr_long delta=delta_down member=<num>,generic
25,1468,36676,36700,25,23,2,0,0.92,0.08,0.0,,,,,,0.64,beat rr=rr_long delta=delta_down member=<num>,generic
25,1469,36701,36725,25,25,0,0,1.0,0.0,0.0,,,,,,0.48,beat rr=rr_long delta=delta_up member=<num>,generic
25,1470,36726,36750,25,23,2,0,0.92,0.08,0.0,,,,,,0.52,beat rr=rr_long delta=delta_down member=<num>,generic
25,1471,36751,36775,25,24,0,1,0.96,0.0,0.04,,,,,,0.56,beat rr=rr_long delta=delta_down member=<num>,generic
25,1472,36776,36800,25,23,2,0,0.92,0.08,0.0,,,,,,0.56,beat rr=rr_long delta=delta_up member=<num>,generic
25,1473,36801,36825,25,25,0,0,1.0,0.0,0.0,,,,,,0.48,beat rr=rr_long delta=delta_down member=<num>,generic
25,1474,36826,36850,25,25,0,0,1.0,0.0,0.0,,,,,,0.52,beat rr=rr_long delta=delta_up member=<num>,generic
25,1475,36851,36875,25,22,3,0,0.88,0.12,0.0,,,,,,0.64,beat rr=rr_long delta=delta_down member=<num>,generic
25,1476,36876,36900,25,25,0,0,1.0,0.0,0.0,,,,,,0.48,beat rr=rr_long delta=delta_up member=<num>,generic
25,1477,36901,36925,25,25,0,0,1.0,0.0,0.0,,,,,,0.4,beat rr=rr_long delta=delta_flat member=<num>,generic
25,1478,36926,36950,25,25,0,0,1.0,0.0,0.0,,,,,,0.6,beat rr=rr_long delta=delta_down member=<num>,generic
25,1479,36951,36975,25,25,0,0,1.0,0.0,0.0,,,,,,0.44,beat rr=rr_long delta=delta_up member=<num>,generic
25,1480,36976,37000,25,22,3,0,0.88,0.12,0.0,,,,,,0.48,beat rr=rr_long delta=delta_up member=<num>,generic
25,1481,37001,37025,25,25,0,0,1.0,0.0,0.0,,,,,,0.44,beat rr=rr_long delta=delta_up member=<num>,generic
25,1482,37026,37050,25,23,2,0,0.92,0.08,0.0,,,,,,0.48,beat rr=rr_long delta=delta_up member=<num>,generic
25,1483,37051,37075,25,22,3,0,0.88,0.12,0.0,,,,,,0.48,beat rr=rr_long delta=delta_down member=<num>,generic
25,1484,37076,37100,25,25,0,0,1.0,0.0,0.0,,,,,,0.44,beat rr=rr_long delta=delta_down member=<num>,generic
25,1485,37101,37125,25,25,0,0,1.0,0.0,0.0,,,,,,0.56,beat rr=rr_long delta=delta_down member=<num>,generic
25,1486,37126,37150,25,25,0,0,1.0,0.0,0.0,,,,,,0.52,beat rr=rr_long delta=delta_up member=<num>,generic
25,1487,37151,37175,25,23,2,0,0.92,0.08,0.0,,,,,,0.56,beat rr=rr_long delta=delta_up member=<num>,generic
25,1488,37176,37200,25,23,2,0,0.92,0.08,0.0,,,,,,0.56,beat rr=rr_long delta=delta_down member=<num>,generic
25,1489,37201,37225,25,25,0,0,1.0,0.0,0.0,,,,,,0.56,beat rr=rr_long delta=delta_up member=<num>,generic
25,1490,37226,37250,25,25,0,0,1.0,0.0,0.0,,,,,,0.48,beat rr=rr_long delta=delta_down member=<num>,generic
25,1491,37251,37275,25,25,0,0,1.0,0.0,0.0,,,,,,0.4,beat rr=rr_long delta=delta_down member=<num>,generic
25,1492,37276,37300,25,22,3,0,0.88,0.12,0.0,,,,,,0.56,beat rr=rr_long delta=delta_down member=<num>,generic
25,1493,37301,37325,25,25,0,0,1.0,0.0,0.0,,,,,,0.48,beat rr=rr_long delta=delta_down member=<num>,generic
25,1494,37326,37350,25,23,2,0,0.92,0.08,0.0,,,,,,0.52,beat rr=rr_long delta=delta_down member=<num>,generic
25,1495,37351,37375,25,25,0,0,1.0,0.0,0.0,,,,,,0.56,beat rr=rr_long delta=delta_down member=<num>,generic
25,1496,37376,37400,25,22,3,0,0.88,0.12,0.0,,,,,,0.6,beat rr=rr_long delta=delta_down member=<num>,generic
25,1497,37401,37425,25,24,0,1,0.96,0.0,0.04,,,,,,0.48,beat rr=rr_long delta=delta_up member=<num>,generic
25,1498,37426,37450,25,23,2,0,0.92,0.08,0.0,,,,,,0.52,beat rr=rr_long delta=delta_down member=<num>,generic
25,1499,37451,37475,25,25,0,0,1.0,0.0,0.0,,,,,,0.36,beat rr=rr_long delta=delta_up member=<num>,generic
25,1500,37476,37500,25,25,0,0,1.0,0.0,0.0,,,,,,0.4,beat rr=rr_long delta=delta_down member=<num>,generic
25,1501,37501,37525,25,23,2,0,0.92,0.08,0.0,,,,,,0.56,beat rr=rr_long delta=delta_down member=<num>,generic
25,1502,37526,37550,25,25,0,0,1.0,0.0,0.0,,,,,,0.36,beat rr=rr_long delta=delta_down member=<num>,generic
25,1503,37551,37575,25,25,0,0,1.0,0.0,0.0,,,,,,0.44,beat rr=rr_long delta=delta_up member=<num>,generic
25,1504,37576,37600,25,25,0,0,1.0,0.0,0.0,,,,,,0.48,beat rr=rr_long delta=delta_down member=<num>,generic
25,1505,37601,37625,25,25,0,0,1.0,0.0,0.0,,,,,,0.4,beat rr=rr_long delta=delta_up member=<num>,generic
25,1506,37626,37650,25,22,3,0,0.88,0.12,0.0,,,,,,0.44,beat rr=rr_long delta=delta_up member=<num>,generic
25,1507,37651,37675,25,25,0,0,1.0,0.0,0.0,,,,,,0.4,beat rr=rr_long delta=delta_flat member=<num>,generic
25,1508,37676,37700,25,25,0,0,1.0,0.0,0.0,,,,,,0.4,beat rr=rr_long delta=delta_down member=<num>,generic
25,1509,37701,37725,25,25,0,0,1.0,0.0,0.0,,,,,,0.6,beat rr=rr_long delta=delta_down member=<num>,generic
25,1510,37726,37750,25,25,0,0,1.0,0.0,0.0,,,,,,0.4,beat rr=rr_long delta=delta_down member=<num>,generic
25,1511,37751,37775,25,25,0,0,1.0,0.0,0.0,,,,,,0.44,beat rr=rr_long delta=delta_down member=<num>,generic
25,1512,37776,37800,25,23,2,0,0.92,0.08,0.0,,,,,,0.52,beat rr=rr_long delta=delta_down member=<num>,generic
25,1513,37801,37825,25,24,0,1,0.96,0.0,0.04,,,,,,0.64,beat rr=rr_long delta=delta_down member=<num>,generic
25,1514,37826,37850,25,25,0,0,1.0,0.0,0.0,,,,,,0.48,beat rr=rr_long delta=delta_down member=<num>,generic
25,1515,37851,37875,25,25,0,0,1.0,0.0,0.0,,,,,,0.64,beat rr=rr_long delta=delta_down member=<num>,generic
25,1516,37876,37900,25,25,0,0,1.0,0.0,0.0,,,,,,0.44,beat rr=rr_long delta=delta_down member=<num>,generic
25,1517,37901,37925,25,22,3,0,0.88,0.12,0.0,,,,,,0.52,beat rr=rr_long delta=delta_down member=<num>,generic
25,1518,37926,37950,25,22,3,0,0.88,0.12,0.0,,,,,,0.48,beat rr=rr_long delta=delta_up member=<num>,generic
25,1519,37951,37975,25,23,2,0,0.92,0.08,0.0,,,,,,0.48,beat rr=rr_long delta=delta_down member=<num>,generic
25,1520,37976,38000,25,23,2,0,0.92,0.08,0.0,,,,,,0.52,beat rr=rr_long delta=delta_up member=<num>,generic
25,1521,38001,38025,25,22,3,0,0.88,0.12,0.0,,,,,,0.56,beat rr=rr_long delta=delta_down member=<num>,generic
25,1522,38026,38050,25,25,0,0,1.0,0.0,0.0,,,,,,0.36,beat rr=rr_long delta=delta_flat member=<num>,generic
25,1523,38051,38075,25,22,3,0,0.88,0.12,0.0,,,,,,0.52,beat rr=rr_long delta=delta_up member=<num>,generic
25,1524,38076,38100,25,24,0,1,0.96,0.0,0.04,,,,,,0.6,beat rr=rr_long delta=delta_down member=<num>,generic
25,1525,38101,38125,25,25,0,0,1.0,0.0,0.0,,,,,,0.44,beat rr=rr_long delta=delta_up member=<num>,generic
25,1526,38126,38150,25,22,3,0,0.88,0.12,0.0,,,,,,0.52,beat rr=rr_long delta=delta_down member=<num>,generic
25,1527,38151,38175,25,25,0,0,1.0,0.0,0.0,,,,,,0.36,beat rr=rr_long delta=delta_up member=<num>,generic
25,1528,38176,38200,25,22,3,0,0.88,0.12,0.0,,,,,,0.56,beat rr=rr_long delta=delta_down member=<num>,generic
25,1529,38201,38225,25,22,3,0,0.88,0.12,0.0,,,,,,0.52,beat rr=rr_long delta=delta_down member=<num>,generic
25,1530,38226,38250,25,23,2,0,0.92,0.08,0.0,,,,,,0.64,beat rr=rr_long delta=delta_down member=<num>,generic
25,1531,38251,38275,25,22,3,0,0.88,0.12,0.0,,,,,,0.64,beat rr=rr_long delta=delta_up member=<num>,generic
25,1532,38276,38300,25,25,0,0,1.0,0.0,0.0,,,,,,0.48,beat rr=rr_long delta=delta_down member=<num>,generic
25,1533,38301,38325,25,22,3,0,0.88,0.12,0.0,,,,,,0.52,beat rr=rr_long delta=delta_up member=<num>,generic
25,1534,38326,38350,25,24,0,1,0.96,0.0,0.04,,,,,,0.64,beat rr=rr_long delta=delta_down member=<num>,generic
25,1535,38351,38375,25,25,0,0,1.0,0.0,0.0,,,,,,0.44,beat rr=rr_long delta=delta_down member=<num>,generic
25,1536,38376,38400,25,23,2,0,0.92,0.08,0.0,,,,,,0.48,beat rr=rr_long delta=delta_down member=<num>,generic
25,1537,38401,38425,25,25,0,0,1.0,0.0,0.0,,,,,,0.48,beat rr=rr_long delta=delta_down member=<num>,generic
25,1538,38426,38450,25,24,0,1,0.96,0.0,0.04,,,,,,0.56,beat rr=rr_long delta=delta_down member=<num>,generic
25,1539,38451,38475,25,25,0,0,1.0,0.0,0.0,,,,,,0.4,beat rr=rr_long delta=delta_up member=<num>,generic
25,1540,38476,38500,25,22,3,0,0.88,0.12,0.0,,,,,,0.52,beat rr=rr_long delta=delta_down member=<num>,generic
25,1541,38501,38525,25,23,2,0,0.92,0.08,0.0,,,,,,0.56,beat rr=rr_long delta=delta_up member=<num>,generic
25,1542,38526,38550,25,23,2,0,0.92,0.08,0.0,,,,,,0.48,beat rr=rr_long delta=delta_down member=<num>,generic
25,1543,38551,38575,25,25,0,0,1.0,0.0,0.0,,,,,,0.44,beat rr=rr_long delta=delta_down member=<num>,generic
25,1544,38576,38600,25,22,3,0,0.88,0.12,0.0,,,,,,0.52,beat rr=rr_long delta=delta_up member=<num>,generic
25,1545,38601,38625,25,25,0,0,1.0,0.0,0.0,,,,,,0.48,beat rr=rr_long delta=delta_down member=<num>,generic
25,1546,38626,38650,25,25,0,0,1.0,0.0,0.0,,,,,,0.44,beat rr=rr_long delta=delta_up member=<num>,generic
25,1547,38651,38675,25,25,0,0,1.0,0.0,0.0,,,,,,0.44,beat rr=rr_long delta=delta_down member=<num>,generic
25,1548,38676,38700,25,25,0,0,1.0,0.0,0.0,,,,,,0.56,beat rr=rr_long delta=delta_up member=<num>,generic
25,1549,38701,38725,25,24,0,1,0.96,0.0,0.04,,,,,,0.56,beat rr=rr_long delta=delta_down member=<num>,generic
25,1550,38726,38750,25,25,0,0,1.0,0.0,0.0,,,,,,0.52,beat rr=rr_long delta=delta_up member=<num>,generic
25,1551,38751,38775,25,23,2,0,0.92,0.08,0.0,,,,,,0.48,beat rr=rr_long delta=delta_up member=<num>,generic
25,1552,38776,38800,25,22,3,0,0.88,0.12,0.0,,,,,,0.64,beat rr=rr_long delta=delta_down member=<num>,generic
25,1553,38801,38825,25,25,0,0,1.0,0.0,0.0,,,,,,0.4,beat rr=rr_long delta=delta_down member=<num>,generic
25,1554,38826,38850,25,25,0,0,1.0,0.0,0.0,,,,,,0.36,beat rr=rr_long delta=delta_down member=<num>,generic
25,1555,38851,38875,25,22,3,0,0.88,0.12,0.0,,,,,,0.44,beat rr=rr_long delta=delta_up member=<num>,generic
25,1556,38876,38900,25,25,0,0,1.0,0.0,0.0,,,,,,0.48,beat rr=rr_long delta=delta_up member=<num>,generic
25,1557,38901,38925,25,25,0,0,1.0,0.0,0.0,,,,,,0.52,beat rr=rr_long delta=delta_down member=<num>,generic
25,1558,38926,38950,25,24,0,1,0.96,0.0,0.04,,,,,,0.52,beat rr=rr_long delta=delta_up member=<num>,generic
25,1559,38951,38975,25,22,3,0,0.88,0.12,0.0,,,,,,0.48,beat rr=rr_long delta=delta_up member=<num>,generic
25,1560,38976,39000,25,25,0,0,1.0,0.0,0.0,,,,,,0.52,beat rr=rr_long delta=delta_down member=<num>,generic
25,1561,39001,39025,25,25,0,0,1.0,0.0,0.0,,,,,,0.44,beat rr=rr_long delta=delta_up member=<num>,generic
25,1562,39026,39050,25,25,0,0,1.0,0.0,0.0,,,,,,0.44,beat rr=rr_long delta=delta_down member=<num>,generic
25,1563,39051,39075,25,23,2,0,0.92,0.08,0.0,,,,,,0.48,beat rr=rr_long delta=delta_down member=<num>,generic
25,1564,39076,39100,25,23,2,0,0.92,0.08,0.0,,,,,,0.52,beat rr=rr_long delta=delta_up member=<num>,generic
25,1565,39101,39125,25,25,0,0,1.0,0.0,0.0,,,,,,0.48,beat rr=rr_long delta=delta_up member=<num>,generic
25,1566,39126,39150,25,25,0,0,1.0,0.0,0.0,,,,,,0.56,beat rr=rr_long delta=delta_up member=<num>,generic
25,1567,39151,39175,25,22,3,0,0.88,0.12,0.0,,,,,,0.48,beat rr=rr_long delta=delta_down member=<num>,generic
25,1568,39176,39200,25,25,0,0,1.0,0.0,0.0,,,,,,0.48,beat rr=rr_long delta=delta_down member=<num>,generic
25,1569,39201,39225,25,23,2,0,0.92,0.08,0.0,,,,,,0.6,beat rr=rr_long delta=delta_up member=<num>,generic
25,1570,39226,39250,25,25,0,0,1.0,0.0,0.0,,,,,,0.4,beat rr=rr_long delta=delta_down member=<num>,generic
25,1571,39251,39275,25,23,2,0,0.92,0.08,0.0,,,,,,0.48,beat rr=rr_long delta=delta_up member=<num>,generic
25,1572,39276,39300,25,25,0,0,1.0,0.0,0.0,,,,,,0.48,beat rr=rr_long delta=delta_up member=<num>,generic
25,1573,39301,39325,25,25,0,0,1.0,0.0,0.0,,,,,,0.44,beat rr=rr_long delta=delta_down member=<num>,generic
25,1574,39326,39350,25,25,0,0,1.0,0.0,0.0,,,,,,0.44,beat rr=rr_long delta=delta_up member=<num>,generic
25,1575,39351,39375,25,25,0,0,1.0,0.0,0.0,,,,,,0.44,beat rr=rr_long delta=delta_down member=<num>,generic
25,1576,39376,39400,25,25,0,0,1.0,0.0,0.0,,,,,,0.44,beat rr=rr_long delta=delta_down member=<num>,generic
25,1577,39401,39425,25,25,0,0,1.0,0.0,0.0,,,,,,0.4,beat rr=rr_long delta=delta_flat member=<num>,generic
25,1578,39426,39450,25,23,2,0,0.92,0.08,0.0,,,,,,0.56,beat rr=rr_long delta=delta_down member=<num>,generic
25,1579,39451,39475,25,25,0,0,1.0,0.0,0.0,,,,,,0.44,beat rr=rr_long delta=delta_up member=<num>,generic
25,1580,39476,39500,25,22,3,0,0.88,0.12,0.0,,,,,,0.56,beat rr=rr_long delta=delta_down member=<num>,generic
25,1581,39501,39525,25,25,0,0,1.0,0.0,0.0,,,,,,0.44,beat rr=rr_long delta=delta_down member=<num>,generic
25,1582,39526,39550,25,25,0,0,1.0,0.0,0.0,,,,,,0.48,beat rr=rr_long delta=delta_down member=<num>,generic
25,1583,39551,39575,25,25,0,0,1.0,0.0,0.0,,,,,,0.48,beat rr=rr_long delta=delta_down member=<num>,generic
25,1584,39576,39600,25,24,0,1,0.96,0.0,0.04,,,,,,0.56,beat rr=rr_long delta=delta_up member=<num>,generic
25,1585,39601,39625,25,23,2,0,0.92,0.08,0.0,,,,,,0.48,beat rr=rr_long delta=delta_down member=<num>,generic
25,1586,39626,39650,25,22,3,0,0.88,0.12,0.0,,,,,,0.6,beat rr=rr_long delta=delta_down member=<num>,generic
25,1587,39651,39675,25,24,0,1,0.96,0.0,0.04,,,,,,0.52,beat rr=rr_long delta=delta_down member=<num>,generic
25,1588,39676,39700,25,25,0,0,1.0,0.0,0.0,,,,,,0.4,beat rr=rr_long delta=delta_down member=<num>,generic
25,1589,39701,39725,25,22,3,0,0.88,0.12,0.0,,,,,,0.48,beat rr=rr_long delta=delta_up member=<num>,generic
25,1590,39726,39750,25,25,0,0,1.0,0.0,0.0,,,,,,0.4,beat rr=rr_long delta=delta_up member=<num>,generic
25,1591,39751,39775,25,22,3,0,0.88,0.12,0.0,,,,,,0.44,beat rr=rr_long delta=delta_down member=<num>,generic
25,1592,39776,39800,25,25,0,0,1.0,0.0,0.0,,,,,,0.4,beat rr=rr_long delta=delta_up member=<num>,generic
25,1593,39801,39825,25,25,0,0,1.0,0.0,0.0,,,,,,0.4,beat rr=rr_long delta=delta_up member=<num>,generic
25,1594,39826,39850,25,22,3,0,0.88,0.12,0.0,,,,,,0.48,beat rr=rr_long delta=delta_down member=<num>,generic
25,1595,39851,39875,25,25,0,0,1.0,0.0,0.0,,,,,,0.48,beat rr=rr_long delta=delta_down member=<num>,generic
25,1596,39876,39900,25,25,0,0,1.0,0.0,0.0,,,,,,0.4,beat rr=rr_long delta=delta_up member=<num>,generic
25,1597,39901,39925,25,23,2,0,0.92,0.08,0.0,,,,,,0.48,beat rr=rr_long delta=delta_down member=<num>,generic
25,1598,39926,39950,25,25,0,0,1.0,0.0,0.0,,,,,,0.44,beat rr=rr_long delta=delta_up member=<num>,generic
25,1599,39951,39975,25,25,0,0,1.0,0.0,0.0,,,,,,0.4,beat rr=rr_long delta=delta_down member=<num>,generic
25,1600,39976,40000,25,25,0,0,1.0,0.0,0.0,,,,,,0.4,beat rr=rr_long delta=delta_down member=<num>,generic
25,1601,40001,40025,25,25,0,0,1.0,0.0,0.0,,,,,,0.4,beat rr=rr_long delta=delta_down member=<num>,generic
25,1602,40026,40050,25,25,0,0,1.0,0.0,0.0,,,,,,0.48,beat rr=rr_long delta=delta_flat member=<num>,generic
25,1603,40051,40075,25,25,0,0,1.0,0.0,0.0,,,,,,0.44,beat rr=rr_long delta=delta_down member=<num>,generic
25,1604,40076,40100,25,25,0,0,1.0,0.0,0.0,,,,,,0.36,beat rr=rr_long delta=delta_up member=<num>,generic
25,1605,40101,40125,25,25,0,0,1.0,0.0,0.0,,,,,,0.44,beat rr=rr_long delta=delta_down member=<num>,generic
25,1606,40126,40150,25,25,0,0,1.0,0.0,0.0,,,,,,0.48,beat rr=rr_long delta=delta_up member=<num>,generic
25,1607,40151,40175,25,25,0,0,1.0,0.0,0.0,,,,,,0.48,beat rr=rr_long delta=delta_down member=<num>,generic
25,1608,40176,40200,25,25,0,0,1.0,0.0,0.0,,,,,,0.44,beat rr=rr_long delta=delta_up member=<num>,generic
25,1609,40201,40225,25,25,0,0,1.0,0.0,0.0,,,,,,0.48,beat rr=rr_long delta=delta_down member=<num>,generic
25,1610,40226,40250,25,25,0,0,1.0,0.0,0.0,,,,,,0.4,beat rr=rr_long delta=delta_down member=<num>,generic
25,1611,40251,40275,25,25,0,0,1.0,0.0,0.0,,,,,,0.44,beat rr=rr_long delta=delta_down member=<num>,generic
25,1612,40276,40300,25,25,0,0,1.0,0.0,0.0,,,,,,0.4,beat rr=rr_long delta=delta_down member=<num>,generic
25,1613,40301,40325,25,25,0,0,1.0,0.0,0.0,,,,,,0.4,beat rr=rr_long delta=delta_flat member=<num>,generic
25,1614,40326,40350,25,25,0,0,1.0,0.0,0.0,,,,,,0.52,beat rr=rr_long delta=delta_down member=<num>,generic
25,1615,40351,40375,25,25,0,0,1.0,0.0,0.0,,,,,,0.44,beat rr=rr_long delta=delta_up member=<num>,generic
25,1616,40376,40400,25,25,0,0,1.0,0.0,0.0,,,,,,0.48,beat rr=rr_long delta=delta_down member=<num>,generic
25,1617,40401,40425,25,24,0,1,0.96,0.0,0.04,,,,,,0.52,beat rr=rr_long delta=delta_down member=<num>,generic
25,1618,40426,40450,25,24,0,1,0.96,0.0,0.04,,,,,,0.6,beat rr=rr_long delta=delta_down member=<num>,generic
25,1619,40451,40475,25,25,0,0,1.0,0.0,0.0,,,,,,0.44,beat rr=rr_long delta=delta_down member=<num>,generic
25,1620,40476,40500,25,25,0,0,1.0,0.0,0.0,,,,,,0.48,beat rr=rr_long delta=delta_down member=<num>,generic
25,1621,40501,40525,25,25,0,0,1.0,0.0,0.0,,,,,,0.44,beat rr=rr_long delta=delta_down member=<num>,generic
25,1622,40526,40550,25,22,3,0,0.88,0.12,0.0,,,,,,0.52,beat rr=rr_long delta=delta_up member=<num>,generic
25,1623,40551,40575,25,22,3,0,0.88,0.12,0.0,,,,,,0.52,beat rr=rr_long delta=delta_down member=<num>,generic
25,1624,40576,40600,25,23,2,0,0.92,0.08,0.0,,,,,,0.48,beat rr=rr_long delta=delta_down member=<num>,generic
25,1625,40601,40625,25,25,0,0,1.0,0.0,0.0,,,,,,0.4,beat rr=rr_long delta=delta_up member=<num>,generic
25,1626,40626,40650,25,25,0,0,1.0,0.0,0.0,,,,,,0.4,beat rr=rr_long delta=delta_down member=<num>,generic
25,1627,40651,40675,25,22,3,0,0.88,0.12,0.0,,,,,,0.56,beat rr=rr_long delta=delta_up member=<num>,generic
25,1628,40676,40700,25,23,2,0,0.92,0.08,0.0,,,,,,0.48,beat rr=rr_long delta=delta_up member=<num>,generic
25,1629,40701,40725,25,22,3,0,0.88,0.12,0.0,,,,,,0.48,beat rr=rr_long delta=delta_up member=<num>,generic
25,1630,40726,40750,25,25,0,0,1.0,0.0,0.0,,,,,,0.44,beat rr=rr_long delta=delta_down member=<num>,generic
25,1631,40751,40775,25,25,0,0,1.0,0.0,0.0,,,,,,0.4,beat rr=rr_long delta=delta_down member=<num>,generic
25,1632,40776,40800,25,24,0,1,0.96,0.0,0.04,,,,,,0.52,beat rr=rr_long delta=delta_down member=<num>,generic
25,1633,40801,40825,25,22,3,0,0.88,0.12,0.0,,,,,,0.48,beat rr=rr_long delta=delta_down member=<num>,generic
25,1634,40826,40850,25,22,3,0,0.88,0.12,0.0,,,,,,0.48,beat rr=rr_long delta=delta_up member=<num>,generic
25,1635,40851,40875,25,25,0,0,1.0,0.0,0.0,,,,,,0.48,beat rr=rr_long delta=delta_up member=<num>,generic
25,1636,40876,40900,25,25,0,0,1.0,0.0,0.0,,,,,,0.48,beat rr=rr_long delta=delta_down member=<num>,generic
25,1637,40901,40925,25,25,0,0,1.0,0.0,0.0,,,,,,0.36,beat rr=rr_long delta=delta_up member=<num>,generic
25,1638,40926,40950,25,25,0,0,1.0,0.0,0.0,,,,,,0.56,beat rr=rr_long delta=delta_down member=<num>,generic
25,1639,40951,40975,25,24,0,1,0.96,0.0,0.04,,,,,,0.52,beat rr=rr_long delta=delta_down member=<num>,generic
25,1640,40976,41000,25,25,0,0,1.0,0.0,0.0,,,,,,0.48,beat rr=rr_long delta=delta_down member=<num>,generic
25,1641,41001,41025,25,22,3,0,0.88,0.12,0.0,,,,,,0.48,beat rr=rr_long delta=delta_up member=<num>,generic
25,1642,41026,41050,25,25,0,0,1.0,0.0,0.0,,,,,,0.4,beat rr=rr_long delta=delta_up member=<num>,generic
25,1643,41051,41075,25,25,0,0,1.0,0.0,0.0,,,,,,0.4,beat rr=rr_long delta=delta_up member=<num>,generic
25,1644,41076,41100,25,25,0,0,1.0,0.0,0.0,,,,,,0.48,beat rr=rr_long delta=delta_down member=<num>,generic
25,1645,41101,41125,25,25,0,0,1.0,0.0,0.0,,,,,,0.4,beat rr=rr_long delta=delta_down member=<num>,generic
25,1646,41126,41150,25,22,3,0,0.88,0.12,0.0,,,,,,0.56,beat rr=rr_long delta=delta_up member=<num>,generic
25,1647,41151,41175,25,25,0,0,1.0,0.0,0.0,,,,,,0.48,beat rr=rr_long delta=delta_down member=<num>,generic
25,1648,41176,41200,25,23,2,0,0.92,0.08,0.0,,,,,,0.52,beat rr=rr_long delta=delta_up member=<num>,generic
25,1649,41201,41225,25,25,0,0,1.0,0.0,0.0,,,,,,0.48,beat rr=rr_long delta=delta_up member=<num>,generic
25,1650,41226,41250,25,25,0,0,1.0,0.0,0.0,,,,,,0.4,beat rr=rr_long delta=delta_up member=<num>,generic
25,1651,41251,41275,25,22,3,0,0.88,0.12,0.0,,,,,,0.52,beat rr=rr_long delta=delta_down member=<num>,generic
25,1652,41276,41300,25,22,3,0,0.88,0.12,0.0,,,,,,0.44,beat rr=rr_long delta=delta_down member=<num>,generic
25,1653,41301,41325,25,22,3,0,0.88,0.12,0.0,,,,,,0.48,beat rr=rr_long delta=delta_down member=<num>,generic
25,1654,41326,41350,25,24,0,1,0.96,0.0,0.04,,,,,,0.4,beat rr=rr_long delta=delta_down member=<num>,generic
25,1655,41351,41375,25,25,0,0,1.0,0.0,0.0,,,,,,0.44,beat rr=rr_long delta=delta_up member=<num>,generic
25,1656,41376,41400,25,23,2,0,0.92,0.08,0.0,,,,,,0.48,beat rr=rr_long delta=delta_down member=<num>,generic
25,1657,41401,41425,25,25,0,0,1.0,0.0,0.0,,,,,,0.52,beat rr=rr_long delta=delta_down member=<num>,generic
25,1658,41426,41450,25,25,0,0,1.0,0.0,0.0,,,,,,0.52,beat rr=rr_long delta=delta_down member=<num>,generic
25,1659,41451,41475,25,25,0,0,1.0,0.0,0.0,,,,,,0.4,beat rr=rr_long delta=delta_up member=<num>,generic
25,1660,41476,41500,25,25,0,0,1.0,0.0,0.0,,,,,,0.52,beat rr=rr_long delta=delta_down member=<num>,generic
25,1661,41501,41525,25,25,0,0,1.0,0.0,0.0,,,,,,0.36,beat rr=rr_long delta=delta_down member=<num>,generic
25,1662,41526,41550,25,25,0,0,1.0,0.0,0.0,,,,,,0.4,beat rr=rr_long delta=delta_up member=<num>,generic
25,1663,41551,41575,25,23,2,0,0.92,0.08,0.0,,,,,,0.48,beat rr=rr_long delta=delta_down member=<num>,generic
25,1664,41576,41600,25,25,0,0,1.0,0.0,0.0,,,,,,0.48,beat rr=rr_long delta=delta_up member=<num>,generic
25,1665,41601,41625,25,25,0,0,1.0,0.0,0.0,,,,,,0.64,beat rr=rr_long delta=delta_down member=<num>,generic
25,1666,41626,41650,25,25,0,0,1.0,0.0,0.0,,,,,,0.4,beat rr=rr_long delta=delta_down member=<num>,generic
25,1667,41651,41675,25,22,3,0,0.88,0.12,0.0,,,,,,0.48,beat rr=rr_long delta=delta_up member=<num>,generic
25,1668,41676,41700,25,22,3,0,0.88,0.12,0.0,,,,,,0.44,beat rr=rr_long delta=delta_up member=<num>,generic
25,1669,41701,41725,25,25,0,0,1.0,0.0,0.0,,,,,,0.36,beat rr=rr_long delta=delta_flat member=<num>,generic
25,1670,41726,41750,25,25,0,0,1.0,0.0,0.0,,,,,,0.44,beat rr=rr_long delta=delta_up member=<num>,generic
25,1671,41751,41775,25,25,0,0,1.0,0.0,0.0,,,,,,0.44,beat rr=rr_long delta=delta_down member=<num>,generic
25,1672,41776,41800,25,25,0,0,1.0,0.0,0.0,,,,,,0.44,beat rr=rr_long delta=delta_down member=<num>,generic
25,1673,41801,41825,25,25,0,0,1.0,0.0,0.0,,,,,,0.52,beat rr=rr_long delta=delta_down member=<num>,generic
25,1674,41826,41850,25,25,0,0,1.0,0.0,0.0,,,,,,0.4,beat rr=rr_long delta=delta_up member=<num>,generic
25,1675,41851,41875,25,25,0,0,1.0,0.0,0.0,,,,,,0.36,beat rr=rr_long delta=delta_up member=<num>,generic
25,1676,41876,41900,25,25,0,0,1.0,0.0,0.0,,,,,,0.44,beat rr=rr_long delta=delta_down member=<num>,generic
25,1677,41901,41925,25,24,0,1,0.96,0.0,0.04,,,,,,0.52,beat rr=rr_long delta=delta_down member=<num>,generic
25,1678,41926,41950,25,23,2,0,0.92,0.08,0.0,,,,,,0.52,beat rr=rr_long delta=delta_up member=<num>,generic
25,1679,41951,41975,25,25,0,0,1.0,0.0,0.0,,,,,,0.44,beat rr=rr_long delta=delta_down member=<num>,generic
25,1680,41976,42000,25,25,0,0,1.0,0.0,0.0,,,,,,0.4,beat rr=rr_long delta=delta_down member=<num>,generic
25,1681,42001,42025,25,25,0,0,1.0,0.0,0.0,,,,,,0.44,beat rr=rr_long delta=delta_down member=<num>,generic
25,1682,42026,42050,25,25,0,0,1.0,0.0,0.0,,,,,,0.44,beat rr=rr_long delta=delta_down member=<num>,generic
25,1683,42051,42075,25,22,3,0,0.88,0.12,0.0,,,,,,0.52,beat rr=rr_long delta=delta_up member=<num>,generic
25,1684,42076,42100,25,22,3,0,0.88,0.12,0.0,,,,,,0.52,beat rr=rr_long delta=delta_down member=<num>,generic
25,1685,42101,42125,25,22,3,0,0.88,0.12,0.0,,,,,,0.52,beat rr=rr_long delta=delta_down member=<num>,generic
25,1686,42126,42150,25,25,0,0,1.0,0.0,0.0,,,,,,0.52,beat rr=rr_long delta=delta_flat member=<num>,generic
25,1687,42151,42175,25,25,0,0,1.0,0.0,0.0,,,,,,0.44,beat rr=rr_long delta=delta_down member=<num>,generic
25,1688,42176,42200,25,25,0,0,1.0,0.0,0.0,,,,,,0.48,beat rr=rr_long delta=delta_up member=<num>,generic
25,1689,42201,42225,25,25,0,0,1.0,0.0,0.0,,,,,,0.56,beat rr=rr_long delta=delta_down member=<num>,generic
25,1690,42226,42250,25,25,0,0,1.0,0.0,0.0,,,,,,0.44,beat rr=rr_long delta=delta_up member=<num>,generic
25,1691,42251,42275,25,22,3,0,0.88,0.12,0.0,,,,,,0.64,beat rr=rr_long delta=delta_down member=<num>,generic
25,1692,42276,42300,25,25,0,0,1.0,0.0,0.0,,,,,,0.4,beat rr=rr_long delta=delta_up member=<num>,generic
25,1693,42301,42325,25,25,0,0,1.0,0.0,0.0,,,,,,0.44,beat rr=rr_long delta=delta_down member=<num>,generic
25,1694,42326,42350,25,23,2,0,0.92,0.08,0.0,,,,,,0.52,beat rr=rr_long delta=delta_up member=<num>,generic
25,1695,42351,42375,25,23,2,0,0.92,0.08,0.0,,,,,,0.52,beat rr=rr_long delta=delta_down member=<num>,generic
25,1696,42376,42400,25,24,0,1,0.96,0.0,0.04,,,,,,0.48,beat rr=rr_long delta=delta_down member=<num>,generic
25,1697,42401,42425,25,23,2,0,0.92,0.08,0.0,,,,,,0.52,beat rr=rr_long delta=delta_down member=<num>,generic
25,1698,42426,42450,25,25,0,0,1.0,0.0,0.0,,,,,,0.44,beat rr=rr_long delta=delta_up member=<num>,generic
25,1699,42451,42475,25,25,0,0,1.0,0.0,0.0,,,,,,0.52,beat rr=rr_long delta=delta_down member=<num>,generic
25,1700,42476,42500,25,25,0,0,1.0,0.0,0.0,,,,,,0.52,beat rr=rr_long delta=delta_up member=<num>,generic
25,1701,42501,42525,25,23,2,0,0.92,0.08,0.0,,,,,,0.6,beat rr=rr_long delta=delta_down member=<num>,generic
25,1702,42526,42550,25,23,2,0,0.92,0.08,0.0,,,,,,0.48,beat rr=rr_long delta=delta_down member=<num>,generic
25,1703,42551,42575,25,22,3,0,0.88,0.12,0.0,,,,,,0.52,beat rr=rr_long delta=delta_down member=<num>,generic
25,1704,42576,42600,25,23,2,0,0.92,0.08,0.0,,,,,,0.48,beat rr=rr_long delta=delta_up member=<num>,generic
25,1705,42601,42625,25,22,3,0,0.88,0.12,0.0,,,,,,0.48,beat rr=rr_long delta=delta_down member=<num>,generic
25,1706,42626,42650,25,25,0,0,1.0,0.0,0.0,,,,,,0.4,beat rr=rr_long delta=delta_up member=<num>,generic
25,1707,42651,42675,25,25,0,0,1.0,0.0,0.0,,,,,,0.44,beat rr=rr_long delta=delta_down member=<num>,generic
25,1708,42676,42700,25,25,0,0,1.0,0.0,0.0,,,,,,0.48,beat rr=rr_long delta=delta_up member=<num>,generic
25,1709,42701,42725,25,24,0,1,0.96,0.0,0.04,,,,,,0.48,beat rr=rr_long delta=delta_down member=<num>,generic
25,1710,42726,42750,25,22,3,0,0.88,0.12,0.0,,,,,,0.48,beat rr=rr_long delta=delta_down member=<num>,generic
25,1711,42751,42775,25,25,0,0,1.0,0.0,0.0,,,,,,0.44,beat rr=rr_long delta=delta_up member=<num>,generic
25,1712,42776,42800,25,25,0,0,1.0,0.0,0.0,,,,,,0.48,beat rr=rr_long delta=delta_down member=<num>,generic
25,1713,42801,42825,25,25,0,0,1.0,0.0,0.0,,,,,,0.52,beat rr=rr_long delta=delta_up member=<num>,generic
25,1714,42826,42850,25,22,3,0,0.88,0.12,0.0,,,,,,0.48,beat rr=rr_long delta=delta_down member=<num>,generic
25,1715,42851,42875,25,23,2,0,0.92,0.08,0.0,,,,,,0.48,beat rr=rr_long delta=delta_down member=<num>,generic
25,1716,42876,42900,25,25,0,0,1.0,0.0,0.0,,,,,,0.48,beat rr=rr_long delta=delta_up member=<num>,generic
25,1717,42901,42925,25,25,0,0,1.0,0.0,0.0,,,,,,0.56,beat rr=rr_long delta=delta_down member=<num>,generic
25,1718,42926,42950,25,22,3,0,0.88,0.12,0.0,,,,,,0.64,beat rr=rr_long delta=delta_down member=<num>,generic
25,1719,42951,42975,25,25,0,0,1.0,0.0,0.0,,,,,,0.48,beat rr=rr_long delta=delta_down member=<num>,generic
25,1720,42976,43000,25,23,2,0,0.92,0.08,0.0,,,,,,0.52,beat rr=rr_long delta=delta_down member=<num>,generic
25,1721,43001,43025,25,23,2,0,0.92,0.08,0.0,,,,,,0.6,beat rr=rr_long delta=delta_down member=<num>,generic
25,1722,43026,43050,25,22,3,0,0.88,0.12,0.0,,,,,,0.44,beat rr=rr_long delta=delta_down member=<num>,generic
25,1723,43051,43075,25,24,0,1,0.96,0.0,0.04,,,,,,0.6,beat rr=rr_long delta=delta_down member=<num>,generic
25,1724,43076,43100,25,25,0,0,1.0,0.0,0.0,,,,,,0.4,beat rr=rr_long delta=delta_up member=<num>,generic
25,1725,43101,43125,25,23,2,0,0.92,0.08,0.0,,,,,,0.56,beat rr=rr_long delta=delta_down member=<num>,generic
25,1726,43126,43150,25,25,0,0,1.0,0.0,0.0,,,,,,0.44,beat rr=rr_long delta=delta_down member=<num>,generic
25,1727,43151,43175,25,22,3,0,0.88,0.12,0.0,,,,,,0.68,beat rr=rr_long delta=delta_down member=<num>,generic
25,1728,43176,43200,25,25,0,0,1.0,0.0,0.0,,,,,,0.52,beat rr=rr_long delta=delta_down member=<num>,generic
25,1729,43201,43225,25,25,0,0,1.0,0.0,0.0,,,,,,0.4,beat rr=rr_long delta=delta_up member=<num>,generic
25,1730,43226,43250,25,25,0,0,1.0,0.0,0.0,,,,,,0.4,beat rr=rr_long delta=delta_up member=<num>,generic
25,1731,43251,43275,25,25,0,0,1.0,0.0,0.0,,,,,,0.44,beat rr=rr_long delta=delta_up member=<num>,generic
25,1732,43276,43300,25,25,0,0,1.0,0.0,0.0,,,,,,0.4,beat rr=rr_long delta=delta_up member=<num>,generic
25,1733,43301,43325,25,25,0,0,1.0,0.0,0.0,,,,,,0.48,beat rr=rr_long delta=delta_down member=<num>,generic
25,1734,43326,43350,25,23,2,0,0.92,0.08,0.0,,,,,,0.52,beat rr=rr_long delta=delta_down member=<num>,generic
25,1735,43351,43375,25,23,2,0,0.92,0.08,0.0,,,,,,0.52,beat rr=rr_long delta=delta_down member=<num>,generic
25,1736,43376,43400,25,25,0,0,1.0,0.0,0.0,,,,,,0.4,beat rr=rr_long delta=delta_flat member=<num>,generic
25,1737,43401,43425,25,25,0,0,1.0,0.0,0.0,,,,,,0.4,beat rr=rr_long delta=delta_down member=<num>,generic
25,1738,43426,43450,25,25,0,0,1.0,0.0,0.0,,,,,,0.44,beat rr=rr_long delta=delta_flat member=<num>,generic
25,1739,43451,43475,25,25,0,0,1.0,0.0,0.0,,,,,,0.68,beat rr=rr_long delta=delta_flat member=<num>,generic
25,1740,43476,43500,25,25,0,0,1.0,0.0,0.0,,,,,,0.36,beat rr=rr_long delta=delta_down member=<num>,generic
25,1741,43501,43525,25,25,0,0,1.0,0.0,0.0,,,,,,0.52,beat rr=rr_long delta=delta_flat member=<num>,generic
25,1742,43526,43550,25,25,0,0,1.0,0.0,0.0,,,,,,0.48,beat rr=rr_long delta=delta_down member=<num>,generic
25,1743,43551,43575,25,25,0,0,1.0,0.0,0.0,,,,,,0.4,beat rr=rr_long delta=delta_up member=<num>,generic
25,1744,43576,43600,25,22,3,0,0.88,0.12,0.0,,,,,,0.52,beat rr=rr_long delta=delta_down member=<num>,generic
25,1745,43601,43625,25,22,3,0,0.88,0.12,0.0,,,,,,0.44,beat rr=rr_long delta=delta_up member=<num>,generic
25,1746,43626,43650,25,25,0,0,1.0,0.0,0.0,,,,,,0.4,beat rr=rr_long delta=delta_down member=<num>,generic
25,1747,43651,43675,25,24,0,1,0.96,0.0,0.04,,,,,,0.52,beat rr=rr_long delta=delta_up member=<num>,generic
25,1748,43676,43700,25,22,3,0,0.88,0.12,0.0,,,,,,0.48,beat rr=rr_long delta=delta_down member=<num>,generic
25,1749,43701,43725,25,24,0,1,0.96,0.0,0.04,,,,,,0.52,beat rr=rr_long delta=delta_up member=<num>,generic
25,1750,43726,43750,25,25,0,0,1.0,0.0,0.0,,,,,,0.44,beat rr=rr_long delta=delta_up member=<num>,generic
25,1751,43751,43775,25,23,2,0,0.92,0.08,0.0,,,,,,0.48,beat rr=rr_long delta=delta_up member=<num>,generic
25,1752,43776,43800,25,25,0,0,1.0,0.0,0.0,,,,,,0.44,beat rr=rr_long delta=delta_down member=<num>,generic
25,1753,43801,43825,25,23,2,0,0.92,0.08,0.0,,,,,,0.56,beat rr=rr_long delta=delta_down member=<num>,generic
25,1754,43826,43850,25,22,3,0,0.88,0.12,0.0,,,,,,0.48,beat rr=rr_long delta=delta_down member=<num>,generic
25,1755,43851,43875,25,22,3,0,0.88,0.12,0.0,,,,,,0.56,beat rr=rr_long delta=delta_down member=<num>,generic
25,1756,43876,43900,25,25,0,0,1.0,0.0,0.0,,,,,,0.52,beat rr=rr_long delta=delta_down member=<num>,generic
25,1757,43901,43925,25,23,2,0,0.92,0.08,0.0,,,,,,0.52,beat rr=rr_long delta=delta_up member=<num>,generic
25,1758,43926,43950,25,25,0,0,1.0,0.0,0.0,,,,,,0.44,beat rr=rr_long delta=delta_down member=<num>,generic
25,1759,43951,43975,25,24,0,1,0.96,0.0,0.04,,,,,,0.48,beat rr=rr_long delta=delta_up member=<num>,generic
25,1760,43976,44000,25,22,3,0,0.88,0.12,0.0,,,,,,0.48,beat rr=rr_long delta=delta_down member=<num>,generic
25,1761,44001,44025,25,22,3,0,0.88,0.12,0.0,,,,,,0.44,beat rr=rr_long delta=delta_down member=<num>,generic
25,1762,44026,44050,25,25,0,0,1.0,0.0,0.0,,,,,,0.48,beat rr=rr_long delta=delta_up member=<num>,generic
25,1763,44051,44075,25,22,3,0,0.88,0.12,0.0,,,,,,0.48,beat rr=rr_long delta=delta_up member=<num>,generic
25,1764,44076,44100,25,25,0,0,1.0,0.0,0.0,,,,,,0.4,beat rr=rr_long delta=delta_up member=<num>,generic
25,1765,44101,44125,25,25,0,0,1.0,0.0,0.0,,,,,,0.4,beat rr=rr_long delta=delta_flat member=<num>,generic
25,1766,44126,44150,25,22,3,0,0.88,0.12,0.0,,,,,,0.52,beat rr=rr_long delta=delta_down member=<num>,generic
25,1767,44151,44175,25,25,0,0,1.0,0.0,0.0,,,,,,0.48,beat rr=rr_long delta=delta_down member=<num>,generic
25,1768,44176,44200,25,22,3,0,0.88,0.12,0.0,,,,,,0.48,beat rr=rr_long delta=delta_down member=<num>,generic
25,1769,44201,44225,25,25,0,0,1.0,0.0,0.0,,,,,,0.52,beat rr=rr_long delta=delta_down member=<num>,generic
25,1770,44226,44250,25,25,0,0,1.0,0.0,0.0,,,,,,0.4,beat rr=rr_long delta=delta_up member=<num>,generic
25,1771,44251,44275,25,25,0,0,1.0,0.0,0.0,,,,,,0.44,beat rr=rr_long delta=delta_up member=<num>,generic
25,1772,44276,44300,25,24,0,1,0.96,0.0,0.04,,,,,,0.48,beat rr=rr_long delta=delta_up member=<num>,generic
25,1773,44301,44325,25,25,0,0,1.0,0.0,0.0,,,,,,0.44,beat rr=rr_long delta=delta_down member=<num>,generic
25,1774,44326,44350,25,25,0,0,1.0,0.0,0.0,,,,,,0.36,beat rr=rr_long delta=delta_flat member=<num>,generic
25,1775,44351,44375,25,25,0,0,1.0,0.0,0.0,,,,,,0.36,beat rr=rr_long delta=delta_flat member=<num>,generic
25,1776,44376,44400,25,25,0,0,1.0,0.0,0.0,,,,,,0.4,beat rr=rr_long delta=delta_up member=<num>,generic
25,1777,44401,44425,25,25,0,0,1.0,0.0,0.0,,,,,,0.4,beat rr=rr_long delta=delta_down member=<num>,generic
25,1778,44426,44450,25,25,0,0,1.0,0.0,0.0,,,,,,0.48,beat rr=rr_long delta=delta_up member=<num>,generic
25,1779,44451,44475,25,23,2,0,0.92,0.08,0.0,,,,,,0.56,beat rr=rr_long delta=delta_down member=<num>,generic
25,1780,44476,44500,25,25,0,0,1.0,0.0,0.0,,,,,,0.44,beat rr=rr_long delta=delta_down member=<num>,generic
25,1781,44501,44525,25,22,3,0,0.88,0.12,0.0,,,,,,0.48,beat rr=rr_long delta=delta_up member=<num>,generic
25,1782,44526,44550,25,23,2,0,0.92,0.08,0.0,,,,,,0.52,beat rr=rr_long delta=delta_down member=<num>,generic
25,1783,44551,44575,25,24,0,1,0.96,0.0,0.04,,,,,,0.48,beat rr=rr_long delta=delta_up member=<num>,generic
25,1784,44576,44600,25,25,0,0,1.0,0.0,0.0,,,,,,0.44,beat rr=rr_long delta=delta_up member=<num>,generic
25,1785,44601,44625,25,25,0,0,1.0,0.0,0.0,,,,,,0.44,beat rr=rr_long delta=delta_up member=<num>,generic
25,1786,44626,44650,25,22,3,0,0.88,0.12,0.0,,,,,,0.48,beat rr=rr_long delta=delta_up member=<num>,generic
25,1787,44651,44675,25,22,3,0,0.88,0.12,0.0,,,,,,0.52,beat rr=rr_long delta=delta_down member=<num>,generic
25,1788,44676,44700,25,23,2,0,0.92,0.08,0.0,,,,,,0.48,beat rr=rr_long delta=delta_up member=<num>,generic
25,1789,44701,44725,25,22,3,0,0.88,0.12,0.0,,,,,,0.52,beat rr=rr_long delta=delta_down member=<num>,generic
25,1790,44726,44750,25,25,0,0,1.0,0.0,0.0,,,,,,0.36,beat rr=rr_long delta=delta_up member=<num>,generic
25,1791,44751,44775,25,25,0,0,1.0,0.0,0.0,,,,,,0.44,beat rr=rr_long delta=delta_flat member=<num>,generic
25,1792,44776,44800,25,25,0,0,1.0,0.0,0.0,,,,,,0.4,beat rr=rr_long delta=delta_up member=<num>,generic
25,1793,44801,44825,25,22,3,0,0.88,0.12,0.0,,,,,,0.48,beat rr=rr_long delta=delta_up member=<num>,generic
25,1794,44826,44850,25,23,2,0,0.92,0.08,0.0,,,,,,0.52,beat rr=rr_long delta=delta_up member=<num>,generic
25,1795,44851,44875,25,25,0,0,1.0,0.0,0.0,,,,,,0.56,beat rr=rr_long delta=delta_down member=<num>,generic
25,1796,44876,44900,25,25,0,0,1.0,0.0,0.0,,,,,,0.4,beat rr=rr_long delta=delta_down member=<num>,generic
25,1797,44901,44925,25,25,0,0,1.0,0.0,0.0,,,,,,0.36,beat rr=rr_long delta=delta_up member=<num>,generic
25,1798,44926,44950,25,25,0,0,1.0,0.0,0.0,,,,,,0.4,beat rr=rr_long delta=delta_down member=<num>,generic
25,1799,44951,44975,25,25,0,0,1.0,0.0,0.0,,,,,,0.4,beat rr=rr_long delta=delta_up member=<num>,generic
25,1800,44976,45000,25,25,0,0,1.0,0.0,0.0,,,,,,0.44,beat rr=rr_long delta=delta_down member=<num>,generic
25,1801,45001,45025,25,25,0,0,1.0,0.0,0.0,,,,,,0.4,beat rr=rr_long delta=delta_flat member=<num>,generic
25,1802,45026,45050,25,25,0,0,1.0,0.0,0.0,,,,,,0.4,beat rr=rr_long delta=delta_down member=<num>,generic
25,1803,45051,45075,25,25,0,0,1.0,0.0,0.0,,,,,,0.36,beat rr=rr_long delta=delta_up member=<num>,generic
25,1804,45076,45100,25,25,0,0,1.0,0.0,0.0,,,,,,0.4,beat rr=rr_long delta=delta_down member=<num>,generic
25,1805,45101,45125,25,25,0,0,1.0,0.0,0.0,,,,,,0.4,beat rr=rr_long delta=delta_down member=<num>,generic
25,1806,45126,45150,25,25,0,0,1.0,0.0,0.0,,,,,,0.4,beat rr=rr_long delta=delta_flat member=<num>,generic
25,1807,45151,45175,25,25,0,0,1.0,0.0,0.0,,,,,,0.36,beat rr=rr_long delta=delta_down member=<num>,generic
25,1808,45176,45200,25,22,3,0,0.88,0.12,0.0,,,,,,0.48,beat rr=rr_long delta=delta_down member=<num>,generic
25,1809,45201,45225,25,22,3,0,0.88,0.12,0.0,,,,,,0.44,beat rr=rr_long delta=delta_up member=<num>,generic
25,1810,45226,45250,25,22,3,0,0.88,0.12,0.0,,,,,,0.48,beat rr=rr_long delta=delta_up member=<num>,generic
25,1811,45251,45275,25,24,0,1,0.96,0.0,0.04,,,,,,0.52,beat rr=rr_long delta=delta_down member=<num>,generic
25,1812,45276,45300,25,24,0,1,0.96,0.0,0.04,,,,,,0.52,beat rr=rr_long delta=delta_down member=<num>,generic
25,1813,45301,45325,25,25,0,0,1.0,0.0,0.0,,,,,,0.52,beat rr=rr_long delta=delta_down member=<num>,generic
25,1814,45326,45350,25,25,0,0,1.0,0.0,0.0,,,,,,0.44,beat rr=rr_long delta=delta_down member=<num>,generic
25,1815,45351,45375,25,25,0,0,1.0,0.0,0.0,,,,,,0.44,beat rr=rr_long delta=delta_down member=<num>,generic
25,1816,45376,45400,25,22,3,0,0.88,0.12,0.0,,,,,,0.48,beat rr=rr_long delta=delta_down member=<num>,generic
25,1817,45401,45425,25,25,0,0,1.0,0.0,0.0,,,,,,0.44,beat rr=rr_long delta=delta_up member=<num>,generic
25,1818,45426,45450,25,23,2,0,0.92,0.08,0.0,,,,,,0.48,beat rr=rr_long delta=delta_down member=<num>,generic
25,1819,45451,45475,25,25,0,0,1.0,0.0,0.0,,,,,,0.44,beat rr=rr_long delta=delta_up member=<num>,generic
25,1820,45476,45500,25,22,3,0,0.88,0.12,0.0,,,,,,0.48,beat rr=rr_long delta=delta_down member=<num>,generic
25,1821,45501,45525,25,23,2,0,0.92,0.08,0.0,,,,,,0.6,beat rr=rr_long delta=delta_down member=<num>,generic
25,1822,45526,45550,25,25,0,0,1.0,0.0,0.0,,,,,,0.44,beat rr=rr_long delta=delta_up member=<num>,generic
25,1823,45551,45575,25,25,0,0,1.0,0.0,0.0,,,,,,0.52,beat rr=rr_long delta=delta_up member=<num>,generic
25,1824,45576,45600,25,25,0,0,1.0,0.0,0.0,,,,,,0.44,beat rr=rr_long delta=delta_down member=<num>,generic
25,1825,45601,45625,25,22,3,0,0.88,0.12,0.0,,,,,,0.52,beat rr=rr_long delta=delta_up member=<num>,generic
25,1826,45626,45650,25,24,0,1,0.96,0.0,0.04,,,,,,0.52,beat rr=rr_long delta=delta_down member=<num>,generic
25,1827,45651,45675,25,25,0,0,1.0,0.0,0.0,,,,,,0.48,beat rr=rr_long delta=delta_down member=<num>,generic
25,1828,45676,45700,25,25,0,0,1.0,0.0,0.0,,,,,,0.44,beat rr=rr_long delta=delta_up member=<num>,generic
25,1829,45701,45725,25,23,2,0,0.92,0.08,0.0,,,,,,0.52,beat rr=rr_long delta=delta_up member=<num>,generic
25,1830,45726,45750,25,24,0,1,0.96,0.0,0.04,,,,,,0.6,beat rr=rr_long delta=delta_down member=<num>,generic
25,1831,45751,45775,25,25,0,0,1.0,0.0,0.0,,,,,,0.4,beat rr=rr_long delta=delta_down member=<num>,generic
25,1832,45776,45800,25,23,2,0,0.92,0.08,0.0,,,,,,0.52,beat rr=rr_long delta=delta_up member=<num>,generic
25,1833,45801,45825,25,22,3,0,0.88,0.12,0.0,,,,,,0.48,beat rr=rr_long delta=delta_down member=<num>,generic
25,1834,45826,45850,25,25,0,0,1.0,0.0,0.0,,,,,,0.44,beat rr=rr_long delta=delta_down member=<num>,generic
25,1835,45851,45875,25,24,0,1,0.96,0.0,0.04,,,,,,0.52,beat rr=rr_long delta=delta_up member=<num>,generic
25,1836,45876,45900,25,25,0,0,1.0,0.0,0.0,,,,,,0.36,beat rr=rr_long delta=delta_up member=<num>,generic
25,1837,45901,45925,25,24,0,1,0.96,0.0,0.04,,,,,,0.56,beat rr=rr_long delta=delta_down member=<num>,generic
25,1838,45926,45950,25,25,0,0,1.0,0.0,0.0,,,,,,0.36,beat rr=rr_long delta=delta_down member=<num>,generic
25,1839,45951,45975,25,23,2,0,0.92,0.08,0.0,,,,,,0.52,beat rr=rr_long delta=delta_down member=<num>,generic
25,1840,45976,46000,25,23,2,0,0.92,0.08,0.0,,,,,,0.48,beat rr=rr_long delta=delta_down member=<num>,generic
25,1841,46001,46025,25,25,0,0,1.0,0.0,0.0,,,,,,0.52,beat rr=rr_long delta=delta_down member=<num>,generic
25,1842,46026,46050,25,25,0,0,1.0,0.0,0.0,,,,,,0.44,beat rr=rr_long delta=delta_down member=<num>,generic
25,1843,46051,46075,25,25,0,0,1.0,0.0,0.0,,,,,,0.44,beat rr=rr_long delta=delta_down member=<num>,generic
25,1844,46076,46100,25,25,0,0,1.0,0.0,0.0,,,,,,0.48,beat rr=rr_long delta=delta_down member=<num>,generic
25,1845,46101,46125,25,25,0,0,1.0,0.0,0.0,,,,,,0.52,beat rr=rr_long delta=delta_down member=<num>,generic
25,1846,46126,46150,25,25,0,0,1.0,0.0,0.0,,,,,,0.36,beat rr=rr_long delta=delta_down member=<num>,generic
25,1847,46151,46175,25,25,0,0,1.0,0.0,0.0,,,,,,0.6,beat rr=rr_long delta=delta_down member=<num>,generic
25,1848,46176,46200,25,25,0,0,1.0,0.0,0.0,,,,,,0.4,beat rr=rr_long delta=delta_up member=<num>,generic
25,1849,46201,46225,25,22,3,0,0.88,0.12,0.0,,,,,,0.48,beat rr=rr_long delta=delta_down member=<num>,generic
25,1850,46226,46250,25,22,3,0,0.88,0.12,0.0,,,,,,0.44,beat rr=rr_long delta=delta_down member=<num>,generic
25,1851,46251,46275,25,25,0,0,1.0,0.0,0.0,,,,,,0.56,beat rr=rr_long delta=delta_down member=<num>,generic
25,1852,46276,46300,25,25,0,0,1.0,0.0,0.0,,,,,,0.44,beat rr=rr_long delta=delta_down member=<num>,generic
25,1853,46301,46325,25,25,0,0,1.0,0.0,0.0,,,,,,0.4,beat rr=rr_long delta=delta_up member=<num>,generic
25,1854,46326,46350,25,25,0,0,1.0,0.0,0.0,,,,,,0.44,beat rr=rr_long delta=delta_up member=<num>,generic
25,1855,46351,46375,25,23,2,0,0.92,0.08,0.0,,,,,,0.48,beat rr=rr_long delta=delta_down member=<num>,generic
25,1856,46376,46400,25,25,0,0,1.0,0.0,0.0,,,,,,0.48,beat rr=rr_long delta=delta_up member=<num>,generic
25,1857,46401,46425,25,23,2,0,0.92,0.08,0.0,,,,,,0.48,beat rr=rr_long delta=delta_up member=<num>,generic
25,1858,46426,46450,25,25,0,0,1.0,0.0,0.0,,,,,,0.44,beat rr=rr_long delta=delta_up member=<num>,generic
25,1859,46451,46475,25,22,3,0,0.88,0.12,0.0,,,,,,0.48,beat rr=rr_long delta=delta_up member=<num>,generic
25,1860,46476,46500,25,25,0,0,1.0,0.0,0.0,,,,,,0.48,beat rr=rr_long delta=delta_down member=<num>,generic
25,1861,46501,46525,25,25,0,0,1.0,0.0,0.0,,,,,,0.44,beat rr=rr_long delta=delta_down member=<num>,generic
25,1862,46526,46550,25,25,0,0,1.0,0.0,0.0,,,,,,0.48,beat rr=rr_long delta=delta_up member=<num>,generic
25,1863,46551,46575,25,22,3,0,0.88,0.12,0.0,,,,,,0.44,beat rr=rr_long delta=delta_up member=<num>,generic
25,1864,46576,46600,25,25,0,0,1.0,0.0,0.0,,,,,,0.48,beat rr=rr_long delta=delta_down member=<num>,generic
25,1865,46601,46625,25,25,0,0,1.0,0.0,0.0,,,,,,0.48,beat rr=rr_long delta=delta_up member=<num>,generic
25,1866,46626,46650,25,25,0,0,1.0,0.0,0.0,,,,,,0.48,beat rr=rr_long delta=delta_down member=<num>,generic
25,1867,46651,46675,25,25,0,0,1.0,0.0,0.0,,,,,,0.36,beat rr=rr_long delta=delta_up member=<num>,generic
25,1868,46676,46700,25,22,3,0,0.88,0.12,0.0,,,,,,0.52,beat rr=rr_long delta=delta_down member=<num>,generic
25,1869,46701,46725,25,25,0,0,1.0,0.0,0.0,,,,,,0.44,beat rr=rr_long delta=delta_down member=<num>,generic
25,1870,46726,46750,25,25,0,0,1.0,0.0,0.0,,,,,,0.44,beat rr=rr_long delta=delta_up member=<num>,generic
25,1871,46751,46775,25,25,0,0,1.0,0.0,0.0,,,,,,0.44,beat rr=rr_long delta=delta_down member=<num>,generic
25,1872,46776,46800,25,25,0,0,1.0,0.0,0.0,,,,,,0.4,beat rr=rr_long delta=delta_up member=<num>,generic
25,1873,46801,46825,25,25,0,0,1.0,0.0,0.0,,,,,,0.52,beat rr=rr_long delta=delta_down member=<num>,generic
25,1874,46826,46850,25,25,0,0,1.0,0.0,0.0,,,,,,0.4,beat rr=rr_long delta=delta_down member=<num>,generic
25,1875,46851,46875,25,25,0,0,1.0,0.0,0.0,,,,,,0.48,beat rr=rr_long delta=delta_down member=<num>,generic
25,1876,46876,46900,25,24,0,1,0.96,0.0,0.04,,,,,,0.48,beat rr=rr_long delta=delta_down member=<num>,generic
25,1877,46901,46925,25,25,0,0,1.0,0.0,0.0,,,,,,0.4,beat rr=rr_long delta=delta_down member=<num>,generic
25,1878,46926,46950,25,23,2,0,0.92,0.08,0.0,,,,,,0.48,beat rr=rr_long delta=delta_down member=<num>,generic
25,1879,46951,46975,25,25,0,0,1.0,0.0,0.0,,,,,,0.44,beat rr=rr_long delta=delta_up member=<num>,generic
25,1880,46976,47000,25,25,0,0,1.0,0.0,0.0,,,,,,0.44,beat rr=rr_long delta=delta_flat member=<num>,generic
25,1881,47001,47025,25,25,0,0,1.0,0.0,0.0,,,,,,0.44,beat rr=rr_long delta=delta_down member=<num>,generic
25,1882,47026,47050,25,25,0,0,1.0,0.0,0.0,,,,,,0.48,beat rr=rr_long delta=delta_up member=<num>,generic
25,1883,47051,47075,25,25,0,0,1.0,0.0,0.0,,,,,,0.48,beat rr=rr_long delta=delta_down member=<num>,generic
25,1884,47076,47100,25,23,2,0,0.92,0.08,0.0,,,,,,0.52,beat rr=rr_long delta=delta_down member=<num>,generic
25,1885,47101,47125,25,25,0,0,1.0,0.0,0.0,,,,,,0.44,beat rr=rr_long delta=delta_up member=<num>,generic
25,1886,47126,47150,25,25,0,0,1.0,0.0,0.0,,,,,,0.44,beat rr=rr_long delta=delta_down member=<num>,generic
25,1887,47151,47175,25,25,0,0,1.0,0.0,0.0,,,,,,0.44,beat rr=rr_long delta=delta_down member=<num>,generic
25,1888,47176,47200,25,23,2,0,0.92,0.08,0.0,,,,,,0.48,beat rr=rr_long delta=delta_up member=<num>,generic
25,1889,47201,47225,25,22,3,0,0.88,0.12,0.0,,,,,,0.44,beat rr=rr_long delta=delta_up member=<num>,generic
25,1890,47226,47250,25,23,2,0,0.92,0.08,0.0,,,,,,0.56,beat rr=rr_long delta=delta_down member=<num>,generic
25,1891,47251,47275,25,25,0,0,1.0,0.0,0.0,,,,,,0.44,beat rr=rr_long delta=delta_up member=<num>,generic
25,1892,47276,47300,25,25,0,0,1.0,0.0,0.0,,,,,,0.44,beat rr=rr_long delta=delta_down member=<num>,generic
25,1893,47301,47325,25,22,3,0,0.88,0.12,0.0,,,,,,0.52,beat rr=rr_long delta=delta_down member=<num>,generic
25,1894,47326,47350,25,22,3,0,0.88,0.12,0.0,,,,,,0.44,beat rr=rr_long delta=delta_down member=<num>,generic
25,1895,47351,47375,25,25,0,0,1.0,0.0,0.0,,,,,,0.44,beat rr=rr_long delta=delta_down member=<num>,generic
25,1896,47376,47400,25,22,3,0,0.88,0.12,0.0,,,,,,0.48,beat rr=rr_long delta=delta_up member=<num>,generic
25,1897,47401,47425,25,25,0,0,1.0,0.0,0.0,,,,,,0.56,beat rr=rr_long delta=delta_down member=<num>,generic
25,1898,47426,47450,25,25,0,0,1.0,0.0,0.0,,,,,,0.44,beat rr=rr_long delta=delta_up member=<num>,generic
25,1899,47451,47475,25,25,0,0,1.0,0.0,0.0,,,,,,0.44,beat rr=rr_long delta=delta_down member=<num>,generic
25,1900,47476,47500,25,25,0,0,1.0,0.0,0.0,,,,,,0.44,beat rr=rr_long delta=delta_up member=<num>,generic
25,1901,47501,47525,25,24,0,1,0.96,0.0,0.04,,,,,,0.6,beat rr=rr_long delta=delta_down member=<num>,generic
25,1902,47526,47550,25,25,0,0,1.0,0.0,0.0,,,,,,0.52,beat rr=rr_long delta=delta_up member=<num>,generic
25,1903,47551,47575,25,24,0,1,0.96,0.0,0.04,,,,,,0.56,beat rr=rr_long delta=delta_down member=<num>,generic
25,1904,47576,47600,25,25,0,0,1.0,0.0,0.0,,,,,,0.4,beat rr=rr_long delta=delta_down member=<num>,generic
25,1905,47601,47625,25,23,2,0,0.92,0.08,0.0,,,,,,0.48,beat rr=rr_long delta=delta_up member=<num>,generic
25,1906,47626,47650,25,22,3,0,0.88,0.12,0.0,,,,,,0.44,beat rr=rr_long delta=delta_up member=<num>,generic
25,1907,47651,47675,25,25,0,0,1.0,0.0,0.0,,,,,,0.48,beat rr=rr_long delta=delta_down member=<num>,generic
25,1908,47676,47700,25,23,2,0,0.92,0.08,0.0,,,,,,0.52,beat rr=rr_long delta=delta_up member=<num>,generic
25,1909,47701,47725,25,22,3,0,0.88,0.12,0.0,,,,,,0.44,beat rr=rr_long delta=delta_up member=<num>,generic
25,1910,47726,47750,25,25,0,0,1.0,0.0,0.0,,,,,,0.44,beat rr=rr_long delta=delta_down member=<num>,generic
25,1911,47751,47775,25,25,0,0,1.0,0.0,0.0,,,,,,0.44,beat rr=rr_long delta=delta_down member=<num>,generic
25,1912,47776,47800,25,23,2,0,0.92,0.08,0.0,,,,,,0.48,beat rr=rr_long delta=delta_up member=<num>,generic
25,1913,47801,47825,25,25,0,0,1.0,0.0,0.0,,,,,,0.56,beat rr=rr_long delta=delta_down member=<num>,generic
25,1914,47826,47850,25,23,2,0,0.92,0.08,0.0,,,,,,0.52,beat rr=rr_long delta=delta_down member=<num>,generic
25,1915,47851,47875,25,23,2,0,0.92,0.08,0.0,,,,,,0.6,beat rr=rr_long delta=delta_down member=<num>,generic
25,1916,47876,47900,25,22,3,0,0.88,0.12,0.0,,,,,,0.44,beat rr=rr_long delta=delta_down member=<num>,generic
25,1917,47901,47925,25,25,0,0,1.0,0.0,0.0,,,,,,0.44,beat rr=rr_long delta=delta_down member=<num>,generic
25,1918,47926,47950,25,25,0,0,1.0,0.0,0.0,,,,,,0.4,beat rr=rr_long delta=delta_down member=<num>,generic
25,1919,47951,47975,25,25,0,0,1.0,0.0,0.0,,,,,,0.4,beat rr=rr_long delta=delta_up member=<num>,generic
25,1920,47976,48000,25,23,2,0,0.92,0.08,0.0,,,,,,0.48,beat rr=rr_long delta=delta_down member=<num>,generic
25,1921,48001,48025,25,25,0,0,1.0,0.0,0.0,,,,,,0.36,beat rr=rr_long delta=delta_up member=<num>,generic
25,1922,48026,48050,25,22,3,0,0.88,0.12,0.0,,,,,,0.48,beat rr=rr_long delta=delta_up member=<num>,generic
25,1923,48051,48075,25,23,2,0,0.92,0.08,0.0,,,,,,0.52,beat rr=rr_long delta=delta_up member=<num>,generic
25,1924,48076,48100,25,23,2,0,0.92,0.08,0.0,,,,,,0.48,beat rr=rr_long delta=delta_up member=<num>,generic
25,1925,48101,48125,25,22,3,0,0.88,0.12,0.0,,,,,,0.48,beat rr=rr_long delta=delta_down member=<num>,generic
25,1926,48126,48150,25,25,0,0,1.0,0.0,0.0,,,,,,0.44,beat rr=rr_long delta=delta_down member=<num>,generic
25,1927,48151,48175,25,25,0,0,1.0,0.0,0.0,,,,,,0.44,beat rr=rr_long delta=delta_down member=<num>,generic
25,1928,48176,48200,25,22,3,0,0.88,0.12,0.0,,,,,,0.68,beat rr=rr_long delta=delta_down member=<num>,generic
25,1929,48201,48225,25,23,2,0,0.92,0.08,0.0,,,,,,0.6,beat rr=rr_long delta=delta_down member=<num>,generic
25,1930,48226,48250,25,25,0,0,1.0,0.0,0.0,,,,,,0.4,beat rr=rr_long delta=delta_up member=<num>,generic
25,1931,48251,48275,25,25,0,0,1.0,0.0,0.0,,,,,,0.36,beat rr=rr_long delta=delta_down member=<num>,generic
25,1932,48276,48300,25,25,0,0,1.0,0.0,0.0,,,,,,0.56,beat rr=rr_long delta=delta_down member=<num>,generic
25,1933,48301,48325,25,25,0,0,1.0,0.0,0.0,,,,,,0.4,beat rr=rr_long delta=delta_up member=<num>,generic
25,1934,48326,48350,25,25,0,0,1.0,0.0,0.0,,,,,,0.4,beat rr=rr_long delta=delta_up member=<num>,generic
25,1935,48351,48375,25,25,0,0,1.0,0.0,0.0,,,,,,0.4,beat rr=rr_long delta=delta_up member=<num>,generic
25,1936,48376,48400,25,22,3,0,0.88,0.12,0.0,,,,,,0.44,beat rr=rr_long delta=delta_down member=<num>,generic
25,1937,48401,48425,25,23,2,0,0.92,0.08,0.0,,,,,,0.64,beat rr=rr_long delta=delta_down member=<num>,generic
25,1938,48426,48450,25,25,0,0,1.0,0.0,0.0,,,,,,0.6,beat rr=rr_long delta=delta_up member=<num>,generic
25,1939,48451,48475,25,23,2,0,0.92,0.08,0.0,,,,,,0.68,beat rr=rr_long delta=delta_down member=<num>,generic
25,1940,48476,48500,25,23,2,0,0.92,0.08,0.0,,,,,,0.64,beat rr=rr_long delta=delta_down member=<num>,generic
25,1941,48501,48525,25,25,0,0,1.0,0.0,0.0,,,,,,0.52,beat rr=rr_long delta=delta_down member=<num>,generic
25,1942,48526,48550,25,25,0,0,1.0,0.0,0.0,,,,,,0.44,beat rr=rr_long delta=delta_down member=<num>,generic
25,1943,48551,48575,25,23,2,0,0.92,0.08,0.0,,,,,,0.48,beat rr=rr_long delta=delta_down member=<num>,generic
25,1944,48576,48600,25,24,0,1,0.96,0.0,0.04,,,,,,0.64,beat rr=rr_long delta=delta_down member=<num>,generic
25,1945,48601,48625,25,25,0,0,1.0,0.0,0.0,,,,,,0.44,beat rr=rr_long delta=delta_down member=<num>,generic
25,1946,48626,48650,25,25,0,0,1.0,0.0,0.0,,,,,,0.4,beat rr=rr_long delta=delta_down member=<num>,generic
25,1947,48651,48675,25,25,0,0,1.0,0.0,0.0,,,,,,0.4,beat rr=rr_long delta=delta_up member=<num>,generic
25,1948,48676,48700,25,25,0,0,1.0,0.0,0.0,,,,,,0.48,beat rr=rr_long delta=delta_up member=<num>,generic
25,1949,48701,48725,25,22,3,0,0.88,0.12,0.0,,,,,,0.48,beat rr=rr_long delta=delta_down member=<num>,generic
25,1950,48726,48750,25,23,2,0,0.92,0.08,0.0,,,,,,0.52,beat rr=rr_long delta=delta_down member=<num>,generic
25,1951,48751,48775,25,23,2,0,0.92,0.08,0.0,,,,,,0.52,beat rr=rr_long delta=delta_down member=<num>,generic
25,1952,48776,48800,25,25,0,0,1.0,0.0,0.0,,,,,,0.4,beat rr=rr_long delta=delta_down member=<num>,generic
25,1953,48801,48825,25,22,3,0,0.88,0.12,0.0,,,,,,0.52,beat rr=rr_long delta=delta_down member=<num>,generic
25,1954,48826,48850,25,23,2,0,0.92,0.08,0.0,,,,,,0.48,beat rr=rr_long delta=delta_up member=<num>,generic
25,1955,48851,48875,25,23,2,0,0.92,0.08,0.0,,,,,,0.48,beat rr=rr_long delta=delta_down member=<num>,generic
25,1956,48876,48900,25,25,0,0,1.0,0.0,0.0,,,,,,0.4,beat rr=rr_long delta=delta_up member=<num>,generic
25,1957,48901,48925,25,23,2,0,0.92,0.08,0.0,,,,,,0.56,beat rr=rr_long delta=delta_down member=<num>,generic
25,1958,48926,48950,25,23,2,0,0.92,0.08,0.0,,,,,,0.52,beat rr=rr_long delta=delta_down member=<num>,generic
25,1959,48951,48975,25,25,0,0,1.0,0.0,0.0,,,,,,0.48,beat rr=rr_long delta=delta_up member=<num>,generic
25,1960,48976,49000,25,22,3,0,0.88,0.12,0.0,,,,,,0.44,beat rr=rr_long delta=delta_up member=<num>,generic
25,1961,49001,49025,25,22,3,0,0.88,0.12,0.0,,,,,,0.64,beat rr=rr_long delta=delta_down member=<num>,generic
25,1962,49026,49050,25,24,0,1,0.96,0.0,0.04,,,,,,0.52,beat rr=rr_long delta=delta_down member=<num>,generic
25,1963,49051,49075,25,25,0,0,1.0,0.0,0.0,,,,,,0.56,beat rr=rr_long delta=delta_down member=<num>,generic
25,1964,49076,49100,25,25,0,0,1.0,0.0,0.0,,,,,,0.52,beat rr=rr_long delta=delta_down member=<num>,generic
25,1965,49101,49125,25,24,0,1,0.96,0.0,0.04,,,,,,0.52,beat rr=rr_long delta=delta_up member=<num>,generic
25,1966,49126,49150,25,25,0,0,1.0,0.0,0.0,,,,,,0.6,beat rr=rr_long delta=delta_down member=<num>,generic
25,1967,49151,49175,25,22,3,0,0.88,0.12,0.0,,,,,,0.44,beat rr=rr_long delta=delta_down member=<num>,generic
25,1968,49176,49200,25,25,0,0,1.0,0.0,0.0,,,,,,0.36,beat rr=rr_long delta=delta_flat member=<num>,generic
25,1969,49201,49225,25,25,0,0,1.0,0.0,0.0,,,,,,0.44,beat rr=rr_long delta=delta_up member=<num>,generic
25,1970,49226,49250,25,22,3,0,0.88,0.12,0.0,,,,,,0.44,beat rr=rr_long delta=delta_up member=<num>,generic
25,1971,49251,49275,25,25,0,0,1.0,0.0,0.0,,,,,,0.44,beat rr=rr_long delta=delta_down member=<num>,generic
25,1972,49276,49300,25,25,0,0,1.0,0.0,0.0,,,,,,0.44,beat rr=rr_long delta=delta_down member=<num>,generic
25,1973,49301,49325,25,23,2,0,0.92,0.08,0.0,,,,,,0.48,beat rr=rr_long delta=delta_down member=<num>,generic
25,1974,49326,49350,25,24,0,1,0.96,0.0,0.04,,,,,,0.56,beat rr=rr_long delta=delta_down member=<num>,generic
25,1975,49351,49375,25,23,2,0,0.92,0.08,0.0,,,,,,0.52,beat rr=rr_long delta=delta_down member=<num>,generic
25,1976,49376,49400,25,25,0,0,1.0,0.0,0.0,,,,,,0.48,beat rr=rr_long delta=delta_down member=<num>,generic
25,1977,49401,49425,25,23,2,0,0.92,0.08,0.0,,,,,,0.6,beat rr=rr_long delta=delta_down member=<num>,generic
25,1978,49426,49450,25,22,3,0,0.88,0.12,0.0,,,,,,0.48,beat rr=rr_long delta=delta_down member=<num>,generic
25,1979,49451,49475,25,24,0,1,0.96,0.0,0.04,,,,,,0.56,beat rr=rr_long delta=delta_down member=<num>,generic
25,1980,49476,49500,25,23,2,0,0.92,0.08,0.0,,,,,,0.56,beat rr=rr_long delta=delta_down member=<num>,generic
25,1981,49501,49525,25,22,3,0,0.88,0.12,0.0,,,,,,0.48,beat rr=rr_long delta=delta_up member=<num>,generic
25,1982,49526,49550,25,23,2,0,0.92,0.08,0.0,,,,,,0.52,beat rr=rr_long delta=delta_down member=<num>,generic
25,1983,49551,49575,25,25,0,0,1.0,0.0,0.0,,,,,,0.48,beat rr=rr_long delta=delta_down member=<num>,generic
25,1984,49576,49600,25,22,3,0,0.88,0.12,0.0,,,,,,0.48,beat rr=rr_long delta=delta_down member=<num>,generic
25,1985,49601,49625,25,25,0,0,1.0,0.0,0.0,,,,,,0.48,beat rr=rr_long delta=delta_down member=<num>,generic
25,1986,49626,49650,25,25,0,0,1.0,0.0,0.0,,,,,,0.4,beat rr=rr_long delta=delta_down member=<num>,generic
25,1987,49651,49675,25,22,3,0,0.88,0.12,0.0,,,,,,0.44,beat rr=rr_long delta=delta_up member=<num>,generic
25,1988,49676,49700,25,23,2,0,0.92,0.08,0.0,,,,,,0.64,beat rr=rr_long delta=delta_down member=<num>,generic
25,1989,49701,49725,25,25,0,0,1.0,0.0,0.0,,,,,,0.48,beat rr=rr_long delta=delta_down member=<num>,generic
25,1990,49726,49750,25,23,2,0,0.92,0.08,0.0,,,,,,0.56,beat rr=rr_long delta=delta_down member=<num>,generic
25,1991,49751,49775,25,22,3,0,0.88,0.12,0.0,,,,,,0.48,beat rr=rr_long delta=delta_down member=<num>,generic
25,1992,49776,49800,25,22,3,0,0.88,0.12,0.0,,,,,,0.48,beat rr=rr_long delta=delta_down member=<num>,generic
25,1993,49801,49825,25,24,0,1,0.96,0.0,0.04,,,,,,0.52,beat rr=rr_long delta=delta_down member=<num>,generic
25,1994,49826,49850,25,25,0,0,1.0,0.0,0.0,,,,,,0.4,beat rr=rr_long delta=delta_up member=<num>,generic
25,1995,49851,49875,25,23,2,0,0.92,0.08,0.0,,,,,,0.52,beat rr=rr_long delta=delta_down member=<num>,generic
25,1996,49876,49900,25,23,2,0,0.92,0.08,0.0,,,,,,0.56,beat rr=rr_long delta=delta_up member=<num>,generic
25,1997,49901,49925,25,23,2,0,0.92,0.08,0.0,,,,,,0.56,beat rr=rr_long delta=delta_down member=<num>,generic
25,1998,49926,49950,25,22,3,0,0.88,0.12,0.0,,,,,,0.52,beat rr=rr_long delta=delta_down member=<num>,generic
25,1999,49951,49975,25,25,0,0,1.0,0.0,0.0,,,,,,0.52,beat rr=rr_long delta=delta_down member=<num>,generic
25,2000,49976,50000,25,25,0,0,1.0,0.0,0.0,,,,,,0.48,beat rr=rr_long delta=delta_down member=<num>,generic
50,1,1,50,50,50,0,0,1.0,0.0,0.0,,,,,,0.52,beat rr=rr_long delta=delta_down member=<num>,generic
50,2,51,100,50,50,0,0,1.0,0.0,0.0,,,,,,0.44,beat rr=rr_long delta=delta_down member=<num>,generic
50,3,101,150,50,50,0,0,1.0,0.0,0.0,,,,,,0.5,beat rr=rr_long delta=delta_up member=<num>,generic
50,4,151,200,50,50,0,0,1.0,0.0,0.0,,,,,,0.42,beat rr=rr_long delta=delta_up member=<num>,generic
50,5,201,250,50,50,0,0,1.0,0.0,0.0,,,,,,0.38,beat rr=rr_long delta=delta_down member=<num>,generic
50,6,251,300,50,50,0,0,1.0,0.0,0.0,,,,,,0.42,beat rr=rr_long delta=delta_up member=<num>,generic
50,7,301,350,50,50,0,0,1.0,0.0,0.0,,,,,,0.34,beat rr=rr_long delta=delta_up member=<num>,generic
50,8,351,400,50,50,0,0,1.0,0.0,0.0,,,,,,0.36,beat rr=rr_long delta=delta_flat member=<num>,generic
50,9,401,450,50,50,0,0,1.0,0.0,0.0,,,,,,0.4,beat rr=rr_long delta=delta_flat member=<num>,generic
50,10,451,500,50,50,0,0,1.0,0.0,0.0,,,,,,0.4,beat rr=rr_long delta=delta_down member=<num>,generic
50,11,501,550,50,50,0,0,1.0,0.0,0.0,,,,,,0.4,beat rr=rr_long delta=delta_up member=<num>,generic
50,12,551,600,50,50,0,0,1.0,0.0,0.0,,,,,,0.44,beat rr=rr_long delta=delta_flat member=<num>,generic
50,13,601,650,50,50,0,0,1.0,0.0,0.0,,,,,,0.36,beat rr=rr_long delta=delta_flat member=<num>,generic
50,14,651,700,50,50,0,0,1.0,0.0,0.0,,,,,,0.4,beat rr=rr_long delta=delta_flat member=<num>,generic
50,15,701,750,50,50,0,0,1.0,0.0,0.0,,,,,,0.44,beat rr=rr_long delta=delta_flat member=<num>,generic
50,16,751,800,50,50,0,0,1.0,0.0,0.0,,,,,,0.44,beat rr=rr_long delta=delta_flat member=<num>,generic
50,17,801,850,50,50,0,0,1.0,0.0,0.0,,,,,,0.4,beat rr=rr_long delta=delta_flat member=<num>,generic
50,18,851,900,50,50,0,0,1.0,0.0,0.0,,,,,,0.5,beat rr=rr_long delta=delta_flat member=<num>,generic
50,19,901,950,50,50,0,0,1.0,0.0,0.0,,,,,,0.36,beat rr=rr_long delta=delta_up member=<num>,generic
50,20,951,1000,50,50,0,0,1.0,0.0,0.0,,,,,,0.4,beat rr=rr_long delta=delta_flat member=<num>,generic
50,21,1001,1050,50,50,0,0,1.0,0.0,0.0,,,,,,0.42,beat rr=rr_long delta=delta_up member=<num>,generic
50,22,1051,1100,50,50,0,0,1.0,0.0,0.0,,,,,,0.48,beat rr=rr_long delta=delta_down member=<num>,generic
50,23,1101,1150,50,50,0,0,1.0,0.0,0.0,,,,,,0.42,beat rr=rr_long delta=delta_down member=<num>,generic
50,24,1151,1200,50,50,0,0,1.0,0.0,0.0,,,,,,0.44,beat rr=rr_long delta=delta_down member=<num>,generic
50,25,1201,1250,50,50,0,0,1.0,0.0,0.0,,,,,,0.46,beat rr=rr_long delta=delta_down member=<num>,generic
50,26,1251,1300,50,50,0,0,1.0,0.0,0.0,,,,,,0.44,beat rr=rr_long delta=delta_up member=<num>,generic
50,27,1301,1350,50,50,0,0,1.0,0.0,0.0,,,,,,0.46,beat rr=rr_long delta=delta_down member=<num>,generic
50,28,1351,1400,50,50,0,0,1.0,0.0,0.0,,,,,,0.42,beat rr=rr_long delta=delta_down member=<num>,generic
50,29,1401,1450,50,50,0,0,1.0,0.0,0.0,,,,,,0.44,beat rr=rr_long delta=delta_down member=<num>,generic
50,30,1451,1500,50,50,0,0,1.0,0.0,0.0,,,,,,0.48,beat rr=rr_long delta=delta_down member=<num>,generic
50,31,1501,1550,50,50,0,0,1.0,0.0,0.0,,,,,,0.44,beat rr=rr_long delta=delta_up member=<num>,generic
50,32,1551,1600,50,50,0,0,1.0,0.0,0.0,,,,,,0.46,beat rr=rr_long delta=delta_up member=<num>,generic
50,33,1601,1650,50,50,0,0,1.0,0.0,0.0,,,,,,0.42,beat rr=rr_long delta=delta_up member=<num>,generic
50,34,1651,1700,50,50,0,0,1.0,0.0,0.0,,,,,,0.48,beat rr=rr_long delta=delta_down member=<num>,generic
50,35,1701,1750,50,50,0,0,1.0,0.0,0.0,,,,,,0.38,beat rr=rr_long delta=delta_down member=<num>,generic
50,36,1751,1800,50,50,0,0,1.0,0.0,0.0,,,,,,0.38,beat rr=rr_long delta=delta_up member=<num>,generic
50,37,1801,1850,50,50,0,0,1.0,0.0,0.0,,,,,,0.4,beat rr=rr_long delta=delta_down member=<num>,generic
50,38,1851,1900,50,50,0,0,1.0,0.0,0.0,,,,,,0.42,beat rr=rr_long delta=delta_down member=<num>,generic
50,39,1901,1950,50,50,0,0,1.0,0.0,0.0,,,,,,0.42,beat rr=rr_long delta=delta_up member=<num>,generic
50,40,1951,2000,50,50,0,0,1.0,0.0,0.0,,,,,,0.38,beat rr=rr_long delta=delta_up member=<num>,generic
50,41,2001,2050,50,50,0,0,1.0,0.0,0.0,,,,,,0.38,beat rr=rr_long delta=delta_down member=<num>,generic
50,42,2051,2100,50,50,0,0,1.0,0.0,0.0,,,,,,0.44,beat rr=rr_long delta=delta_down member=<num>,generic
50,43,2101,2150,50,50,0,0,1.0,0.0,0.0,,,,,,0.42,beat rr=rr_long delta=delta_up member=<num>,generic
50,44,2151,2200,50,50,0,0,1.0,0.0,0.0,,,,,,0.44,beat rr=rr_long delta=delta_down member=<num>,generic
50,45,2201,2250,50,50,0,0,1.0,0.0,0.0,,,,,,0.36,beat rr=rr_long delta=delta_down member=<num>,generic
50,46,2251,2300,50,50,0,0,1.0,0.0,0.0,,,,,,0.44,beat rr=rr_long delta=delta_down member=<num>,generic
50,47,2301,2350,50,50,0,0,1.0,0.0,0.0,,,,,,0.44,beat rr=rr_long delta=delta_up member=<num>,generic
50,48,2351,2400,50,50,0,0,1.0,0.0,0.0,,,,,,0.5,beat rr=rr_long delta=delta_down member=<num>,generic
50,49,2401,2450,50,50,0,0,1.0,0.0,0.0,,,,,,0.5,beat rr=rr_long delta=delta_down member=<num>,generic
50,50,2451,2500,50,50,0,0,1.0,0.0,0.0,,,,,,0.46,beat rr=rr_long delta=delta_down member=<num>,generic
50,51,2501,2550,50,50,0,0,1.0,0.0,0.0,,,,,,0.48,beat rr=rr_long delta=delta_up member=<num>,generic
50,52,2551,2600,50,50,0,0,1.0,0.0,0.0,,,,,,0.48,beat rr=rr_long delta=delta_down member=<num>,generic
50,53,2601,2650,50,50,0,0,1.0,0.0,0.0,,,,,,0.44,beat rr=rr_long delta=delta_up member=<num>,generic
50,54,2651,2700,50,50,0,0,1.0,0.0,0.0,,,,,,0.46,beat rr=rr_long delta=delta_down member=<num>,generic
50,55,2701,2750,50,50,0,0,1.0,0.0,0.0,,,,,,0.38,beat rr=rr_long delta=delta_up member=<num>,generic
50,56,2751,2800,50,50,0,0,1.0,0.0,0.0,,,,,,0.48,beat rr=rr_long delta=delta_down member=<num>,generic
50,57,2801,2850,50,50,0,0,1.0,0.0,0.0,,,,,,0.34,beat rr=rr_long delta=delta_flat member=<num>,generic
50,58,2851,2900,50,50,0,0,1.0,0.0,0.0,,,,,,0.42,beat rr=rr_long delta=delta_down member=<num>,generic
50,59,2901,2950,50,50,0,0,1.0,0.0,0.0,,,,,,0.48,beat rr=rr_long delta=delta_down member=<num>,generic
50,60,2951,3000,50,50,0,0,1.0,0.0,0.0,,,,,,0.4,beat rr=rr_long delta=delta_down member=<num>,generic
50,61,3001,3050,50,50,0,0,1.0,0.0,0.0,,,,,,0.34,beat rr=rr_long delta=delta_up member=<num>,generic
50,62,3051,3100,50,50,0,0,1.0,0.0,0.0,,,,,,0.46,beat rr=rr_long delta=delta_down member=<num>,generic
50,63,3101,3150,50,50,0,0,1.0,0.0,0.0,,,,,,0.38,beat rr=rr_long delta=delta_down member=<num>,generic
50,64,3151,3200,50,50,0,0,1.0,0.0,0.0,,,,,,0.46,beat rr=rr_long delta=delta_down member=<num>,generic
50,65,3201,3250,50,50,0,0,1.0,0.0,0.0,,,,,,0.44,beat rr=rr_long delta=delta_down member=<num>,generic
50,66,3251,3300,50,50,0,0,1.0,0.0,0.0,,,,,,0.42,beat rr=rr_long delta=delta_down member=<num>,generic
50,67,3301,3350,50,50,0,0,1.0,0.0,0.0,,,,,,0.44,beat rr=rr_long delta=delta_down member=<num>,generic
50,68,3351,3400,50,50,0,0,1.0,0.0,0.0,,,,,,0.44,beat rr=rr_long delta=delta_down member=<num>,generic
50,69,3401,3450,50,50,0,0,1.0,0.0,0.0,,,,,,0.42,beat rr=rr_long delta=delta_up member=<num>,generic
50,70,3451,3500,50,50,0,0,1.0,0.0,0.0,,,,,,0.46,beat rr=rr_long delta=delta_down member=<num>,generic
50,71,3501,3550,50,50,0,0,1.0,0.0,0.0,,,,,,0.5,beat rr=rr_long delta=delta_down member=<num>,generic
50,72,3551,3600,50,50,0,0,1.0,0.0,0.0,,,,,,0.46,beat rr=rr_long delta=delta_down member=<num>,generic
50,73,3601,3650,50,50,0,0,1.0,0.0,0.0,,,,,,0.42,beat rr=rr_long delta=delta_down member=<num>,generic
50,74,3651,3700,50,50,0,0,1.0,0.0,0.0,,,,,,0.48,beat rr=rr_long delta=delta_down member=<num>,generic
50,75,3701,3750,50,50,0,0,1.0,0.0,0.0,,,,,,0.42,beat rr=rr_long delta=delta_down member=<num>,generic
50,76,3751,3800,50,50,0,0,1.0,0.0,0.0,,,,,,0.54,beat rr=rr_long delta=delta_down member=<num>,generic
50,77,3801,3850,50,50,0,0,1.0,0.0,0.0,,,,,,0.42,beat rr=rr_long delta=delta_down member=<num>,generic
50,78,3851,3900,50,50,0,0,1.0,0.0,0.0,,,,,,0.52,beat rr=rr_long delta=delta_down member=<num>,generic
50,79,3901,3950,50,50,0,0,1.0,0.0,0.0,,,,,,0.38,beat rr=rr_long delta=delta_down member=<num>,generic
50,80,3951,4000,50,50,0,0,1.0,0.0,0.0,,,,,,0.52,beat rr=rr_long delta=delta_down member=<num>,generic
50,81,4001,4050,50,50,0,0,1.0,0.0,0.0,,,,,,0.46,beat rr=rr_long delta=delta_down member=<num>,generic
50,82,4051,4100,50,50,0,0,1.0,0.0,0.0,,,,,,0.54,beat rr=rr_long delta=delta_flat member=<num>,generic
50,83,4101,4150,50,50,0,0,1.0,0.0,0.0,,,,,,0.46,beat rr=rr_long delta=delta_flat member=<num>,generic
50,84,4151,4200,50,50,0,0,1.0,0.0,0.0,,,,,,0.4,beat rr=rr_long delta=delta_flat member=<num>,generic
50,85,4201,4250,50,50,0,0,1.0,0.0,0.0,,,,,,0.48,beat rr=rr_long delta=delta_flat member=<num>,generic
50,86,4251,4300,50,50,0,0,1.0,0.0,0.0,,,,,,0.46,beat rr=rr_long delta=delta_down member=<num>,generic
50,87,4301,4350,50,50,0,0,1.0,0.0,0.0,,,,,,0.5,beat rr=rr_long delta=delta_down member=<num>,generic
50,88,4351,4400,50,50,0,0,1.0,0.0,0.0,,,,,,0.48,beat rr=rr_long delta=delta_down member=<num>,generic
50,89,4401,4450,50,50,0,0,1.0,0.0,0.0,,,,,,0.46,beat rr=rr_long delta=delta_down member=<num>,generic
50,90,4451,4500,50,50,0,0,1.0,0.0,0.0,,,,,,0.58,beat rr=rr_long delta=delta_down member=<num>,generic
50,91,4501,4550,50,50,0,0,1.0,0.0,0.0,,,,,,0.48,beat rr=rr_long delta=delta_down member=<num>,generic
50,92,4551,4600,50,50,0,0,1.0,0.0,0.0,,,,,,0.48,beat rr=rr_long delta=delta_down member=<num>,generic
50,93,4601,4650,50,50,0,0,1.0,0.0,0.0,,,,,,0.52,beat rr=rr_long delta=delta_down member=<num>,generic
50,94,4651,4700,50,47,3,0,0.94,0.06,0.0,,,,,,0.52,beat rr=rr_long delta=delta_down member=<num>,generic
50,95,4701,4750,50,50,0,0,1.0,0.0,0.0,,,,,,0.52,beat rr=rr_long delta=delta_down member=<num>,generic
50,96,4751,4800,50,47,3,0,0.94,0.06,0.0,,,,,,0.56,beat rr=rr_long delta=delta_down member=<num>,generic
50,97,4801,4850,50,50,0,0,1.0,0.0,0.0,,,,,,0.48,beat rr=rr_long delta=delta_down member=<num>,generic
50,98,4851,4900,50,50,0,0,1.0,0.0,0.0,,,,,,0.52,beat rr=rr_long delta=delta_down member=<num>,generic
50,99,4901,4950,50,50,0,0,1.0,0.0,0.0,,,,,,0.5,beat rr=rr_long delta=delta_down member=<num>,generic
50,100,4951,5000,50,50,0,0,1.0,0.0,0.0,,,,,,0.46,beat rr=rr_long delta=delta_down member=<num>,generic
50,101,5001,5050,50,50,0,0,1.0,0.0,0.0,,,,,,0.46,beat rr=rr_long delta=delta_down member=<num>,generic
50,102,5051,5100,50,50,0,0,1.0,0.0,0.0,,,,,,0.44,beat rr=rr_long delta=delta_down member=<num>,generic
50,103,5101,5150,50,50,0,0,1.0,0.0,0.0,,,,,,0.52,beat rr=rr_long delta=delta_down member=<num>,generic
50,104,5151,5200,50,50,0,0,1.0,0.0,0.0,,,,,,0.44,beat rr=rr_long delta=delta_down member=<num>,generic
50,105,5201,5250,50,50,0,0,1.0,0.0,0.0,,,,,,0.38,beat rr=rr_long delta=delta_down member=<num>,generic
50,106,5251,5300,50,50,0,0,1.0,0.0,0.0,,,,,,0.42,beat rr=rr_long delta=delta_down member=<num>,generic
50,107,5301,5350,50,48,2,0,0.96,0.04,0.0,,,,,,0.5,beat rr=rr_long delta=delta_down member=<num>,generic
50,108,5351,5400,50,50,0,0,1.0,0.0,0.0,,,,,,0.4,beat rr=rr_long delta=delta_down member=<num>,generic
50,109,5401,5450,50,50,0,0,1.0,0.0,0.0,,,,,,0.44,beat rr=rr_long delta=delta_down member=<num>,generic
50,110,5451,5500,50,50,0,0,1.0,0.0,0.0,,,,,,0.52,beat rr=rr_long delta=delta_down member=<num>,generic
50,111,5501,5550,50,50,0,0,1.0,0.0,0.0,,,,,,0.56,beat rr=rr_long delta=delta_down member=<num>,generic
50,112,5551,5600,50,50,0,0,1.0,0.0,0.0,,,,,,0.44,beat rr=rr_long delta=delta_up member=<num>,generic
50,113,5601,5650,50,50,0,0,1.0,0.0,0.0,,,,,,0.48,beat rr=rr_long delta=delta_down member=<num>,generic
50,114,5651,5700,50,50,0,0,1.0,0.0,0.0,,,,,,0.48,beat rr=rr_long delta=delta_down member=<num>,generic
50,115,5701,5750,50,50,0,0,1.0,0.0,0.0,,,,,,0.46,beat rr=rr_long delta=delta_up member=<num>,generic
50,116,5751,5800,50,50,0,0,1.0,0.0,0.0,,,,,,0.52,beat rr=rr_long delta=delta_down member=<num>,generic
50,117,5801,5850,50,50,0,0,1.0,0.0,0.0,,,,,,0.5,beat rr=rr_long delta=delta_down member=<num>,generic
50,118,5851,5900,50,50,0,0,1.0,0.0,0.0,,,,,,0.5,beat rr=rr_long delta=delta_down member=<num>,generic
50,119,5901,5950,50,50,0,0,1.0,0.0,0.0,,,,,,0.44,beat rr=rr_long delta=delta_down member=<num>,generic
50,120,5951,6000,50,50,0,0,1.0,0.0,0.0,,,,,,0.54,beat rr=rr_long delta=delta_down member=<num>,generic
50,121,6001,6050,50,50,0,0,1.0,0.0,0.0,,,,,,0.6,beat rr=rr_long delta=delta_down member=<num>,generic
50,122,6051,6100,50,50,0,0,1.0,0.0,0.0,,,,,,0.52,beat rr=rr_long delta=delta_down member=<num>,generic
50,123,6101,6150,50,50,0,0,1.0,0.0,0.0,,,,,,0.5,beat rr=rr_long delta=delta_down member=<num>,generic
50,124,6151,6200,50,50,0,0,1.0,0.0,0.0,,,,,,0.4,beat rr=rr_long delta=delta_down member=<num>,generic
50,125,6201,6250,50,50,0,0,1.0,0.0,0.0,,,,,,0.42,beat rr=rr_long delta=delta_up member=<num>,generic
50,126,6251,6300,50,50,0,0,1.0,0.0,0.0,,,,,,0.44,beat rr=rr_long delta=delta_down member=<num>,generic
50,127,6301,6350,50,50,0,0,1.0,0.0,0.0,,,,,,0.36,beat rr=rr_long delta=delta_up member=<num>,generic
50,128,6351,6400,50,50,0,0,1.0,0.0,0.0,,,,,,0.48,beat rr=rr_long delta=delta_down member=<num>,generic
50,129,6401,6450,50,50,0,0,1.0,0.0,0.0,,,,,,0.44,beat rr=rr_long delta=delta_up member=<num>,generic
50,130,6451,6500,50,50,0,0,1.0,0.0,0.0,,,,,,0.42,beat rr=rr_long delta=delta_down member=<num>,generic
50,131,6501,6550,50,50,0,0,1.0,0.0,0.0,,,,,,0.5,beat rr=rr_long delta=delta_down member=<num>,generic
50,132,6551,6600,50,50,0,0,1.0,0.0,0.0,,,,,,0.5,beat rr=rr_long delta=delta_down member=<num>,generic
50,133,6601,6650,50,50,0,0,1.0,0.0,0.0,,,,,,0.4,beat rr=rr_long delta=delta_down member=<num>,generic
50,134,6651,6700,50,50,0,0,1.0,0.0,0.0,,,,,,0.48,beat rr=rr_long delta=delta_up member=<num>,generic
50,135,6701,6750,50,50,0,0,1.0,0.0,0.0,,,,,,0.52,beat rr=rr_long delta=delta_down member=<num>,generic
50,136,6751,6800,50,50,0,0,1.0,0.0,0.0,,,,,,0.38,beat rr=rr_long delta=delta_up member=<num>,generic
50,137,6801,6850,50,50,0,0,1.0,0.0,0.0,,,,,,0.38,beat rr=rr_long delta=delta_down member=<num>,generic
50,138,6851,6900,50,50,0,0,1.0,0.0,0.0,,,,,,0.48,beat rr=rr_long delta=delta_down member=<num>,generic
50,139,6901,6950,50,50,0,0,1.0,0.0,0.0,,,,,,0.46,beat rr=rr_long delta=delta_down member=<num>,generic
50,140,6951,7000,50,50,0,0,1.0,0.0,0.0,,,,,,0.5,beat rr=rr_long delta=delta_down member=<num>,generic
50,141,7001,7050,50,50,0,0,1.0,0.0,0.0,,,,,,0.44,beat rr=rr_long delta=delta_down member=<num>,generic
50,142,7051,7100,50,50,0,0,1.0,0.0,0.0,,,,,,0.46,beat rr=rr_long delta=delta_down member=<num>,generic
50,143,7101,7150,50,50,0,0,1.0,0.0,0.0,,,,,,0.44,beat rr=rr_long delta=delta_down member=<num>,generic
50,144,7151,7200,50,50,0,0,1.0,0.0,0.0,,,,,,0.4,beat rr=rr_long delta=delta_up member=<num>,generic
50,145,7201,7250,50,50,0,0,1.0,0.0,0.0,,,,,,0.54,beat rr=rr_long delta=delta_down member=<num>,generic
50,146,7251,7300,50,50,0,0,1.0,0.0,0.0,,,,,,0.46,beat rr=rr_long delta=delta_up member=<num>,generic
50,147,7301,7350,50,50,0,0,1.0,0.0,0.0,,,,,,0.48,beat rr=rr_long delta=delta_down member=<num>,generic
50,148,7351,7400,50,50,0,0,1.0,0.0,0.0,,,,,,0.5,beat rr=rr_long delta=delta_down member=<num>,generic
50,149,7401,7450,50,50,0,0,1.0,0.0,0.0,,,,,,0.46,beat rr=rr_long delta=delta_up member=<num>,generic
50,150,7451,7500,50,50,0,0,1.0,0.0,0.0,,,,,,0.46,beat rr=rr_long delta=delta_up member=<num>,generic
50,151,7501,7550,50,50,0,0,1.0,0.0,0.0,,,,,,0.42,beat rr=rr_long delta=delta_down member=<num>,generic
50,152,7551,7600,50,47,3,0,0.94,0.06,0.0,,,,,,0.52,beat rr=rr_long delta=delta_down member=<num>,generic
50,153,7601,7650,50,50,0,0,1.0,0.0,0.0,,,,,,0.54,beat rr=rr_long delta=delta_down member=<num>,generic
50,154,7651,7700,50,50,0,0,1.0,0.0,0.0,,,,,,0.44,beat rr=rr_long delta=delta_up member=<num>,generic
50,155,7701,7750,50,50,0,0,1.0,0.0,0.0,,,,,,0.54,beat rr=rr_long delta=delta_down member=<num>,generic
50,156,7751,7800,50,50,0,0,1.0,0.0,0.0,,,,,,0.48,beat rr=rr_long delta=delta_up member=<num>,generic
50,157,7801,7850,50,50,0,0,1.0,0.0,0.0,,,,,,0.4,beat rr=rr_long delta=delta_down member=<num>,generic
50,158,7851,7900,50,50,0,0,1.0,0.0,0.0,,,,,,0.38,beat rr=rr_long delta=delta_down member=<num>,generic
50,159,7901,7950,50,50,0,0,1.0,0.0,0.0,,,,,,0.5,beat rr=rr_long delta=delta_down member=<num>,generic
50,160,7951,8000,50,50,0,0,1.0,0.0,0.0,,,,,,0.4,beat rr=rr_long delta=delta_down member=<num>,generic
50,161,8001,8050,50,47,3,0,0.94,0.06,0.0,,,,,,0.48,beat rr=rr_long delta=delta_up member=<num>,generic
50,162,8051,8100,50,50,0,0,1.0,0.0,0.0,,,,,,0.4,beat rr=rr_long delta=delta_up member=<num>,generic
50,163,8101,8150,50,50,0,0,1.0,0.0,0.0,,,,,,0.48,beat rr=rr_long delta=delta_down member=<num>,generic
50,164,8151,8200,50,50,0,0,1.0,0.0,0.0,,,,,,0.4,beat rr=rr_long delta=delta_up member=<num>,generic
50,165,8201,8250,50,50,0,0,1.0,0.0,0.0,,,,,,0.46,beat rr=rr_long delta=delta_up member=<num>,generic
50,166,8251,8300,50,50,0,0,1.0,0.0,0.0,,,,,,0.4,beat rr=rr_long delta=delta_up member=<num>,generic
50,167,8301,8350,50,50,0,0,1.0,0.0,0.0,,,,,,0.52,beat rr=rr_long delta=delta_down member=<num>,generic
50,168,8351,8400,50,50,0,0,1.0,0.0,0.0,,,,,,0.48,beat rr=rr_long delta=delta_up member=<num>,generic
50,169,8401,8450,50,50,0,0,1.0,0.0,0.0,,,,,,0.46,beat rr=rr_long delta=delta_down member=<num>,generic
50,170,8451,8500,50,50,0,0,1.0,0.0,0.0,,,,,,0.52,beat rr=rr_long delta=delta_down member=<num>,generic
50,171,8501,8550,50,50,0,0,1.0,0.0,0.0,,,,,,0.4,beat rr=rr_long delta=delta_up member=<num>,generic
50,172,8551,8600,50,50,0,0,1.0,0.0,0.0,,,,,,0.4,beat rr=rr_long delta=delta_down member=<num>,generic
50,173,8601,8650,50,50,0,0,1.0,0.0,0.0,,,,,,0.46,beat rr=rr_long delta=delta_down member=<num>,generic
50,174,8651,8700,50,50,0,0,1.0,0.0,0.0,,,,,,0.46,beat rr=rr_long delta=delta_down member=<num>,generic
50,175,8701,8750,50,50,0,0,1.0,0.0,0.0,,,,,,0.42,beat rr=rr_long delta=delta_up member=<num>,generic
50,176,8751,8800,50,50,0,0,1.0,0.0,0.0,,,,,,0.44,beat rr=rr_long delta=delta_down member=<num>,generic
50,177,8801,8850,50,50,0,0,1.0,0.0,0.0,,,,,,0.46,beat rr=rr_long delta=delta_up member=<num>,generic
50,178,8851,8900,50,50,0,0,1.0,0.0,0.0,,,,,,0.42,beat rr=rr_long delta=delta_up member=<num>,generic
50,179,8901,8950,50,50,0,0,1.0,0.0,0.0,,,,,,0.5,beat rr=rr_long delta=delta_down member=<num>,generic
50,180,8951,9000,50,50,0,0,1.0,0.0,0.0,,,,,,0.4,beat rr=rr_long delta=delta_up member=<num>,generic
50,181,9001,9050,50,48,2,0,0.96,0.04,0.0,,,,,,0.52,beat rr=rr_long delta=delta_up member=<num>,generic
50,182,9051,9100,50,50,0,0,1.0,0.0,0.0,,,,,,0.46,beat rr=rr_long delta=delta_down member=<num>,generic
50,183,9101,9150,50,50,0,0,1.0,0.0,0.0,,,,,,0.38,beat rr=rr_long delta=delta_up member=<num>,generic
50,184,9151,9200,50,50,0,0,1.0,0.0,0.0,,,,,,0.46,beat rr=rr_long delta=delta_down member=<num>,generic
50,185,9201,9250,50,50,0,0,1.0,0.0,0.0,,,,,,0.42,beat rr=rr_long delta=delta_down member=<num>,generic
50,186,9251,9300,50,50,0,0,1.0,0.0,0.0,,,,,,0.44,beat rr=rr_long delta=delta_down member=<num>,generic
50,187,9301,9350,50,50,0,0,1.0,0.0,0.0,,,,,,0.48,beat rr=rr_long delta=delta_down member=<num>,generic
50,188,9351,9400,50,50,0,0,1.0,0.0,0.0,,,,,,0.46,beat rr=rr_long delta=delta_up member=<num>,generic
50,189,9401,9450,50,50,0,0,1.0,0.0,0.0,,,,,,0.44,beat rr=rr_long delta=delta_down member=<num>,generic
50,190,9451,9500,50,50,0,0,1.0,0.0,0.0,,,,,,0.5,beat rr=rr_long delta=delta_down member=<num>,generic
50,191,9501,9550,50,50,0,0,1.0,0.0,0.0,,,,,,0.42,beat rr=rr_long delta=delta_down member=<num>,generic
50,192,9551,9600,50,50,0,0,1.0,0.0,0.0,,,,,,0.4,beat rr=rr_long delta=delta_down member=<num>,generic
50,193,9601,9650,50,50,0,0,1.0,0.0,0.0,,,,,,0.44,beat rr=rr_long delta=delta_down member=<num>,generic
50,194,9651,9700,50,50,0,0,1.0,0.0,0.0,,,,,,0.5,beat rr=rr_long delta=delta_down member=<num>,generic
50,195,9701,9750,50,50,0,0,1.0,0.0,0.0,,,,,,0.46,beat rr=rr_long delta=delta_up member=<num>,generic
50,196,9751,9800,50,50,0,0,1.0,0.0,0.0,,,,,,0.5,beat rr=rr_long delta=delta_up member=<num>,generic
50,197,9801,9850,50,47,3,0,0.94,0.06,0.0,,,,,,0.5,beat rr=rr_long delta=delta_down member=<num>,generic
50,198,9851,9900,50,50,0,0,1.0,0.0,0.0,,,,,,0.46,beat rr=rr_long delta=delta_down member=<num>,generic
50,199,9901,9950,50,50,0,0,1.0,0.0,0.0,,,,,,0.42,beat rr=rr_long delta=delta_down member=<num>,generic
50,200,9951,10000,50,50,0,0,1.0,0.0,0.0,,,,,,0.48,beat rr=rr_long delta=delta_down member=<num>,generic
50,201,10001,10050,50,50,0,0,1.0,0.0,0.0,,,,,,0.42,beat rr=rr_long delta=delta_down member=<num>,generic
50,202,10051,10100,50,50,0,0,1.0,0.0,0.0,,,,,,0.46,beat rr=rr_long delta=delta_down member=<num>,generic
50,203,10101,10150,50,50,0,0,1.0,0.0,0.0,,,,,,0.4,beat rr=rr_long delta=delta_up member=<num>,generic
50,204,10151,10200,50,50,0,0,1.0,0.0,0.0,,,,,,0.42,beat rr=rr_long delta=delta_up member=<num>,generic
50,205,10201,10250,50,50,0,0,1.0,0.0,0.0,,,,,,0.46,beat rr=rr_long delta=delta_down member=<num>,generic
50,206,10251,10300,50,50,0,0,1.0,0.0,0.0,,,,,,0.42,beat rr=rr_long delta=delta_down member=<num>,generic
50,207,10301,10350,50,50,0,0,1.0,0.0,0.0,,,,,,0.44,beat rr=rr_long delta=delta_down member=<num>,generic
50,208,10351,10400,50,50,0,0,1.0,0.0,0.0,,,,,,0.42,beat rr=rr_long delta=delta_down member=<num>,generic
50,209,10401,10450,50,50,0,0,1.0,0.0,0.0,,,,,,0.42,beat rr=rr_long delta=delta_up member=<num>,generic
50,210,10451,10500,50,50,0,0,1.0,0.0,0.0,,,,,,0.48,beat rr=rr_long delta=delta_down member=<num>,generic
50,211,10501,10550,50,50,0,0,1.0,0.0,0.0,,,,,,0.42,beat rr=rr_long delta=delta_down member=<num>,generic
50,212,10551,10600,50,50,0,0,1.0,0.0,0.0,,,,,,0.46,beat rr=rr_long delta=delta_down member=<num>,generic
50,213,10601,10650,50,50,0,0,1.0,0.0,0.0,,,,,,0.54,beat rr=rr_long delta=delta_down member=<num>,generic
50,214,10651,10700,50,50,0,0,1.0,0.0,0.0,,,,,,0.5,beat rr=rr_long delta=delta_up member=<num>,generic
50,215,10701,10750,50,50,0,0,1.0,0.0,0.0,,,,,,0.5,beat rr=rr_long delta=delta_down member=<num>,generic
50,216,10751,10800,50,50,0,0,1.0,0.0,0.0,,,,,,0.38,beat rr=rr_long delta=delta_up member=<num>,generic
50,217,10801,10850,50,50,0,0,1.0,0.0,0.0,,,,,,0.52,beat rr=rr_long delta=delta_down member=<num>,generic
50,218,10851,10900,50,48,2,0,0.96,0.04,0.0,,,,,,0.5,beat rr=rr_long delta=delta_down member=<num>,generic
50,219,10901,10950,50,50,0,0,1.0,0.0,0.0,,,,,,0.42,beat rr=rr_long delta=delta_down member=<num>,generic
50,220,10951,11000,50,50,0,0,1.0,0.0,0.0,,,,,,0.44,beat rr=rr_long delta=delta_up member=<num>,generic
50,221,11001,11050,50,50,0,0,1.0,0.0,0.0,,,,,,0.48,beat rr=rr_long delta=delta_down member=<num>,generic
50,222,11051,11100,50,50,0,0,1.0,0.0,0.0,,,,,,0.5,beat rr=rr_long delta=delta_down member=<num>,generic
50,223,11101,11150,50,50,0,0,1.0,0.0,0.0,,,,,,0.42,beat rr=rr_long delta=delta_down member=<num>,generic
50,224,11151,11200,50,50,0,0,1.0,0.0,0.0,,,,,,0.5,beat rr=rr_long delta=delta_down member=<num>,generic
50,225,11201,11250,50,50,0,0,1.0,0.0,0.0,,,,,,0.46,beat rr=rr_long delta=delta_down member=<num>,generic
50,226,11251,11300,50,50,0,0,1.0,0.0,0.0,,,,,,0.48,beat rr=rr_long delta=delta_down member=<num>,generic
50,227,11301,11350,50,50,0,0,1.0,0.0,0.0,,,,,,0.42,beat rr=rr_long delta=delta_down member=<num>,generic
50,228,11351,11400,50,50,0,0,1.0,0.0,0.0,,,,,,0.46,beat rr=rr_long delta=delta_down member=<num>,generic
50,229,11401,11450,50,50,0,0,1.0,0.0,0.0,,,,,,0.5,beat rr=rr_long delta=delta_down member=<num>,generic
50,230,11451,11500,50,50,0,0,1.0,0.0,0.0,,,,,,0.4,beat rr=rr_long delta=delta_up member=<num>,generic
50,231,11501,11550,50,50,0,0,1.0,0.0,0.0,,,,,,0.5,beat rr=rr_long delta=delta_down member=<num>,generic
50,232,11551,11600,50,50,0,0,1.0,0.0,0.0,,,,,,0.4,beat rr=rr_long delta=delta_down member=<num>,generic
50,233,11601,11650,50,50,0,0,1.0,0.0,0.0,,,,,,0.48,beat rr=rr_long delta=delta_up member=<num>,generic
50,234,11651,11700,50,50,0,0,1.0,0.0,0.0,,,,,,0.42,beat rr=rr_long delta=delta_down member=<num>,generic
50,235,11701,11750,50,50,0,0,1.0,0.0,0.0,,,,,,0.48,beat rr=rr_long delta=delta_up member=<num>,generic
50,236,11751,11800,50,50,0,0,1.0,0.0,0.0,,,,,,0.44,beat rr=rr_long delta=delta_up member=<num>,generic
50,237,11801,11850,50,47,3,0,0.94,0.06,0.0,,,,,,0.48,beat rr=rr_long delta=delta_down member=<num>,generic
50,238,11851,11900,50,50,0,0,1.0,0.0,0.0,,,,,,0.46,beat rr=rr_long delta=delta_down member=<num>,generic
50,239,11901,11950,50,50,0,0,1.0,0.0,0.0,,,,,,0.44,beat rr=rr_long delta=delta_up member=<num>,generic
50,240,11951,12000,50,50,0,0,1.0,0.0,0.0,,,,,,0.44,beat rr=rr_long delta=delta_up member=<num>,generic
50,241,12001,12050,50,50,0,0,1.0,0.0,0.0,,,,,,0.46,beat rr=rr_long delta=delta_up member=<num>,generic
50,242,12051,12100,50,50,0,0,1.0,0.0,0.0,,,,,,0.42,beat rr=rr_long delta=delta_up member=<num>,generic
50,243,12101,12150,50,50,0,0,1.0,0.0,0.0,,,,,,0.4,beat rr=rr_long delta=delta_down member=<num>,generic
50,244,12151,12200,50,50,0,0,1.0,0.0,0.0,,,,,,0.46,beat rr=rr_long delta=delta_down member=<num>,generic
50,245,12201,12250,50,50,0,0,1.0,0.0,0.0,,,,,,0.5,beat rr=rr_long delta=delta_down member=<num>,generic
50,246,12251,12300,50,50,0,0,1.0,0.0,0.0,,,,,,0.5,beat rr=rr_long delta=delta_down member=<num>,generic
50,247,12301,12350,50,50,0,0,1.0,0.0,0.0,,,,,,0.46,beat rr=rr_long delta=delta_down member=<num>,generic
50,248,12351,12400,50,50,0,0,1.0,0.0,0.0,,,,,,0.5,beat rr=rr_long delta=delta_down member=<num>,generic
50,249,12401,12450,50,50,0,0,1.0,0.0,0.0,,,,,,0.48,beat rr=rr_long delta=delta_up member=<num>,generic
50,250,12451,12500,50,50,0,0,1.0,0.0,0.0,,,,,,0.42,beat rr=rr_long delta=delta_down member=<num>,generic
50,251,12501,12550,50,50,0,0,1.0,0.0,0.0,,,,,,0.46,beat rr=rr_long delta=delta_up member=<num>,generic
50,252,12551,12600,50,47,3,0,0.94,0.06,0.0,,,,,,0.5,beat rr=rr_long delta=delta_up member=<num>,generic
50,253,12601,12650,50,50,0,0,1.0,0.0,0.0,,,,,,0.48,beat rr=rr_long delta=delta_down member=<num>,generic
50,254,12651,12700,50,50,0,0,1.0,0.0,0.0,,,,,,0.36,beat rr=rr_long delta=delta_up member=<num>,generic
50,255,12701,12750,50,47,3,0,0.94,0.06,0.0,,,,,,0.5,beat rr=rr_long delta=delta_up member=<num>,generic
50,256,12751,12800,50,50,0,0,1.0,0.0,0.0,,,,,,0.46,beat rr=rr_long delta=delta_down member=<num>,generic
50,257,12801,12850,50,50,0,0,1.0,0.0,0.0,,,,,,0.46,beat rr=rr_long delta=delta_up member=<num>,generic
50,258,12851,12900,50,50,0,0,1.0,0.0,0.0,,,,,,0.44,beat rr=rr_long delta=delta_up member=<num>,generic
50,259,12901,12950,50,50,0,0,1.0,0.0,0.0,,,,,,0.44,beat rr=rr_long delta=delta_up member=<num>,generic
50,260,12951,13000,50,50,0,0,1.0,0.0,0.0,,,,,,0.38,beat rr=rr_long delta=delta_down member=<num>,generic
50,261,13001,13050,50,50,0,0,1.0,0.0,0.0,,,,,,0.52,beat rr=rr_long delta=delta_up member=<num>,generic
50,262,13051,13100,50,50,0,0,1.0,0.0,0.0,,,,,,0.46,beat rr=rr_long delta=delta_up member=<num>,generic
50,263,13101,13150,50,50,0,0,1.0,0.0,0.0,,,,,,0.46,beat rr=rr_long delta=delta_up member=<num>,generic
50,264,13151,13200,50,50,0,0,1.0,0.0,0.0,,,,,,0.42,beat rr=rr_long delta=delta_down member=<num>,generic
50,265,13201,13250,50,50,0,0,1.0,0.0,0.0,,,,,,0.44,beat rr=rr_long delta=delta_up member=<num>,generic
50,266,13251,13300,50,50,0,0,1.0,0.0,0.0,,,,,,0.44,beat rr=rr_long delta=delta_up member=<num>,generic
50,267,13301,13350,50,50,0,0,1.0,0.0,0.0,,,,,,0.44,beat rr=rr_long delta=delta_down member=<num>,generic
50,268,13351,13400,50,50,0,0,1.0,0.0,0.0,,,,,,0.48,beat rr=rr_long delta=delta_down member=<num>,generic
50,269,13401,13450,50,50,0,0,1.0,0.0,0.0,,,,,,0.46,beat rr=rr_long delta=delta_down member=<num>,generic
50,270,13451,13500,50,50,0,0,1.0,0.0,0.0,,,,,,0.42,beat rr=rr_long delta=delta_up member=<num>,generic
50,271,13501,13550,50,50,0,0,1.0,0.0,0.0,,,,,,0.5,beat rr=rr_long delta=delta_down member=<num>,generic
50,272,13551,13600,50,50,0,0,1.0,0.0,0.0,,,,,,0.44,beat rr=rr_long delta=delta_down member=<num>,generic
50,273,13601,13650,50,50,0,0,1.0,0.0,0.0,,,,,,0.5,beat rr=rr_long delta=delta_down member=<num>,generic
50,274,13651,13700,50,50,0,0,1.0,0.0,0.0,,,,,,0.54,beat rr=rr_long delta=delta_down member=<num>,generic
50,275,13701,13750,50,50,0,0,1.0,0.0,0.0,,,,,,0.48,beat rr=rr_long delta=delta_down member=<num>,generic
50,276,13751,13800,50,50,0,0,1.0,0.0,0.0,,,,,,0.46,beat rr=rr_long delta=delta_down member=<num>,generic
50,277,13801,13850,50,50,0,0,1.0,0.0,0.0,,,,,,0.52,beat rr=rr_long delta=delta_up member=<num>,generic
50,278,13851,13900,50,50,0,0,1.0,0.0,0.0,,,,,,0.46,beat rr=rr_long delta=delta_down member=<num>,generic
50,279,13901,13950,50,50,0,0,1.0,0.0,0.0,,,,,,0.46,beat rr=rr_long delta=delta_down member=<num>,generic
50,280,13951,14000,50,50,0,0,1.0,0.0,0.0,,,,,,0.44,beat rr=rr_long delta=delta_down member=<num>,generic
50,281,14001,14050,50,50,0,0,1.0,0.0,0.0,,,,,,0.46,beat rr=rr_long delta=delta_down member=<num>,generic
50,282,14051,14100,50,50,0,0,1.0,0.0,0.0,,,,,,0.44,beat rr=rr_long delta=delta_up member=<num>,generic
50,283,14101,14150,50,50,0,0,1.0,0.0,0.0,,,,,,0.42,beat rr=rr_long delta=delta_down member=<num>,generic
50,284,14151,14200,50,50,0,0,1.0,0.0,0.0,,,,,,0.54,beat rr=rr_long delta=delta_down member=<num>,generic
50,285,14201,14250,50,50,0,0,1.0,0.0,0.0,,,,,,0.44,beat rr=rr_long delta=delta_down member=<num>,generic
50,286,14251,14300,50,50,0,0,1.0,0.0,0.0,,,,,,0.48,beat rr=rr_long delta=delta_down member=<num>,generic
50,287,14301,14350,50,50,0,0,1.0,0.0,0.0,,,,,,0.48,beat rr=rr_long delta=delta_up member=<num>,generic
50,288,14351,14400,50,50,0,0,1.0,0.0,0.0,,,,,,0.44,beat rr=rr_long delta=delta_up member=<num>,generic
50,289,14401,14450,50,48,2,0,0.96,0.04,0.0,,,,,,0.48,beat rr=rr_long delta=delta_down member=<num>,generic
50,290,14451,14500,50,50,0,0,1.0,0.0,0.0,,,,,,0.44,beat rr=rr_long delta=delta_up member=<num>,generic
50,291,14501,14550,50,50,0,0,1.0,0.0,0.0,,,,,,0.46,beat rr=rr_long delta=delta_down member=<num>,generic
50,292,14551,14600,50,50,0,0,1.0,0.0,0.0,,,,,,0.56,beat rr=rr_long delta=delta_down member=<num>,generic
50,293,14601,14650,50,50,0,0,1.0,0.0,0.0,,,,,,0.42,beat rr=rr_long delta=delta_up member=<num>,generic
50,294,14651,14700,50,50,0,0,1.0,0.0,0.0,,,,,,0.48,beat rr=rr_long delta=delta_down member=<num>,generic
50,295,14701,14750,50,50,0,0,1.0,0.0,0.0,,,,,,0.4,beat rr=rr_long delta=delta_down member=<num>,generic
50,296,14751,14800,50,50,0,0,1.0,0.0,0.0,,,,,,0.42,beat rr=rr_long delta=delta_down member=<num>,generic
50,297,14801,14850,50,50,0,0,1.0,0.0,0.0,,,,,,0.46,beat rr=rr_long delta=delta_down member=<num>,generic
50,298,14851,14900,50,50,0,0,1.0,0.0,0.0,,,,,,0.54,beat rr=rr_long delta=delta_down member=<num>,generic
50,299,14901,14950,50,50,0,0,1.0,0.0,0.0,,,,,,0.46,beat rr=rr_long delta=delta_down member=<num>,generic
50,300,14951,15000,50,50,0,0,1.0,0.0,0.0,,,,,,0.4,beat rr=rr_long delta=delta_down member=<num>,generic
50,301,15001,15050,50,50,0,0,1.0,0.0,0.0,,,,,,0.42,beat rr=rr_long delta=delta_up member=<num>,generic
50,302,15051,15100,50,50,0,0,1.0,0.0,0.0,,,,,,0.44,beat rr=rr_long delta=delta_up member=<num>,generic
50,303,15101,15150,50,50,0,0,1.0,0.0,0.0,,,,,,0.44,beat rr=rr_long delta=delta_down member=<num>,generic
50,304,15151,15200,50,50,0,0,1.0,0.0,0.0,,,,,,0.48,beat rr=rr_long delta=delta_down member=<num>,generic
50,305,15201,15250,50,50,0,0,1.0,0.0,0.0,,,,,,0.5,beat rr=rr_long delta=delta_down member=<num>,generic
50,306,15251,15300,50,50,0,0,1.0,0.0,0.0,,,,,,0.56,beat rr=rr_long delta=delta_down member=<num>,generic
50,307,15301,15350,50,50,0,0,1.0,0.0,0.0,,,,,,0.54,beat rr=rr_long delta=delta_down member=<num>,generic
50,308,15351,15400,50,50,0,0,1.0,0.0,0.0,,,,,,0.46,beat rr=rr_long delta=delta_down member=<num>,generic
50,309,15401,15450,50,50,0,0,1.0,0.0,0.0,,,,,,0.48,beat rr=rr_long delta=delta_up member=<num>,generic
50,310,15451,15500,50,50,0,0,1.0,0.0,0.0,,,,,,0.48,beat rr=rr_long delta=delta_down member=<num>,generic
50,311,15501,15550,50,50,0,0,1.0,0.0,0.0,,,,,,0.58,beat rr=rr_long delta=delta_down member=<num>,generic
50,312,15551,15600,50,50,0,0,1.0,0.0,0.0,,,,,,0.46,beat rr=rr_long delta=delta_up member=<num>,generic
50,313,15601,15650,50,50,0,0,1.0,0.0,0.0,,,,,,0.46,beat rr=rr_long delta=delta_down member=<num>,generic
50,314,15651,15700,50,50,0,0,1.0,0.0,0.0,,,,,,0.46,beat rr=rr_long delta=delta_down member=<num>,generic
50,315,15701,15750,50,50,0,0,1.0,0.0,0.0,,,,,,0.44,beat rr=rr_long delta=delta_down member=<num>,generic
50,316,15751,15800,50,50,0,0,1.0,0.0,0.0,,,,,,0.48,beat rr=rr_long delta=delta_down member=<num>,generic
50,317,15801,15850,50,50,0,0,1.0,0.0,0.0,,,,,,0.5,beat rr=rr_long delta=delta_down member=<num>,generic
50,318,15851,15900,50,50,0,0,1.0,0.0,0.0,,,,,,0.52,beat rr=rr_long delta=delta_down member=<num>,generic
50,319,15901,15950,50,50,0,0,1.0,0.0,0.0,,,,,,0.54,beat rr=rr_long delta=delta_down member=<num>,generic
50,320,15951,16000,50,50,0,0,1.0,0.0,0.0,,,,,,0.36,beat rr=rr_long delta=delta_down member=<num>,generic
50,321,16001,16050,50,50,0,0,1.0,0.0,0.0,,,,,,0.5,beat rr=rr_long delta=delta_down member=<num>,generic
50,322,16051,16100,50,50,0,0,1.0,0.0,0.0,,,,,,0.44,beat rr=rr_long delta=delta_down member=<num>,generic
50,323,16101,16150,50,50,0,0,1.0,0.0,0.0,,,,,,0.56,beat rr=rr_long delta=delta_down member=<num>,generic
50,324,16151,16200,50,50,0,0,1.0,0.0,0.0,,,,,,0.5,beat rr=rr_long delta=delta_up member=<num>,generic
50,325,16201,16250,50,50,0,0,1.0,0.0,0.0,,,,,,0.52,beat rr=rr_long delta=delta_up member=<num>,generic
50,326,16251,16300,50,50,0,0,1.0,0.0,0.0,,,,,,0.6,beat rr=rr_long delta=delta_down member=<num>,generic
50,327,16301,16350,50,50,0,0,1.0,0.0,0.0,,,,,,0.54,beat rr=rr_long delta=delta_down member=<num>,generic
50,328,16351,16400,50,50,0,0,1.0,0.0,0.0,,,,,,0.48,beat rr=rr_long delta=delta_down member=<num>,generic
50,329,16401,16450,50,50,0,0,1.0,0.0,0.0,,,,,,0.48,beat rr=rr_long delta=delta_down member=<num>,generic
50,330,16451,16500,50,50,0,0,1.0,0.0,0.0,,,,,,0.5,beat rr=rr_long delta=delta_down member=<num>,generic
50,331,16501,16550,50,50,0,0,1.0,0.0,0.0,,,,,,0.46,beat rr=rr_long delta=delta_down member=<num>,generic
50,332,16551,16600,50,50,0,0,1.0,0.0,0.0,,,,,,0.54,beat rr=rr_long delta=delta_down member=<num>,generic
50,333,16601,16650,50,50,0,0,1.0,0.0,0.0,,,,,,0.42,beat rr=rr_long delta=delta_up member=<num>,generic
50,334,16651,16700,50,50,0,0,1.0,0.0,0.0,,,,,,0.48,beat rr=rr_long delta=delta_down member=<num>,generic
50,335,16701,16750,50,50,0,0,1.0,0.0,0.0,,,,,,0.5,beat rr=rr_long delta=delta_down member=<num>,generic
50,336,16751,16800,50,50,0,0,1.0,0.0,0.0,,,,,,0.42,beat rr=rr_long delta=delta_up member=<num>,generic
50,337,16801,16850,50,50,0,0,1.0,0.0,0.0,,,,,,0.52,beat rr=rr_long delta=delta_down member=<num>,generic
50,338,16851,16900,50,50,0,0,1.0,0.0,0.0,,,,,,0.5,beat rr=rr_long delta=delta_down member=<num>,generic
50,339,16901,16950,50,50,0,0,1.0,0.0,0.0,,,,,,0.48,beat rr=rr_long delta=delta_down member=<num>,generic
50,340,16951,17000,50,50,0,0,1.0,0.0,0.0,,,,,,0.44,beat rr=rr_long delta=delta_down member=<num>,generic
50,341,17001,17050,50,50,0,0,1.0,0.0,0.0,,,,,,0.42,beat rr=rr_long delta=delta_down member=<num>,generic
50,342,17051,17100,50,50,0,0,1.0,0.0,0.0,,,,,,0.42,beat rr=rr_long delta=delta_down member=<num>,generic
50,343,17101,17150,50,50,0,0,1.0,0.0,0.0,,,,,,0.42,beat rr=rr_long delta=delta_up member=<num>,generic
50,344,17151,17200,50,50,0,0,1.0,0.0,0.0,,,,,,0.5,beat rr=rr_long delta=delta_up member=<num>,generic
50,345,17201,17250,50,50,0,0,1.0,0.0,0.0,,,,,,0.5,beat rr=rr_long delta=delta_down member=<num>,generic
50,346,17251,17300,50,50,0,0,1.0,0.0,0.0,,,,,,0.46,beat rr=rr_long delta=delta_down member=<num>,generic
50,347,17301,17350,50,50,0,0,1.0,0.0,0.0,,,,,,0.38,beat rr=rr_long delta=delta_down member=<num>,generic
50,348,17351,17400,50,50,0,0,1.0,0.0,0.0,,,,,,0.48,beat rr=rr_long delta=delta_flat member=<num>,generic
50,349,17401,17450,50,50,0,0,1.0,0.0,0.0,,,,,,0.4,beat rr=rr_long delta=delta_down member=<num>,generic
50,350,17451,17500,50,50,0,0,1.0,0.0,0.0,,,,,,0.5,beat rr=rr_long delta=delta_up member=<num>,generic
50,351,17501,17550,50,50,0,0,1.0,0.0,0.0,,,,,,0.42,beat rr=rr_long delta=delta_down member=<num>,generic
50,352,17551,17600,50,50,0,0,1.0,0.0,0.0,,,,,,0.44,beat rr=rr_long delta=delta_down member=<num>,generic
50,353,17601,17650,50,50,0,0,1.0,0.0,0.0,,,,,,0.38,beat rr=rr_long delta=delta_down member=<num>,generic
50,354,17651,17700,50,50,0,0,1.0,0.0,0.0,,,,,,0.42,beat rr=rr_long delta=delta_up member=<num>,generic
50,355,17701,17750,50,50,0,0,1.0,0.0,0.0,,,,,,0.46,beat rr=rr_long delta=delta_up member=<num>,generic
50,356,17751,17800,50,50,0,0,1.0,0.0,0.0,,,,,,0.4,beat rr=rr_long delta=delta_down member=<num>,generic
50,357,17801,17850,50,50,0,0,1.0,0.0,0.0,,,,,,0.42,beat rr=rr_long delta=delta_up member=<num>,generic
50,358,17851,17900,50,50,0,0,1.0,0.0,0.0,,,,,,0.38,beat rr=rr_long delta=delta_down member=<num>,generic
50,359,17901,17950,50,50,0,0,1.0,0.0,0.0,,,,,,0.38,beat rr=rr_long delta=delta_down member=<num>,generic
50,360,17951,18000,50,50,0,0,1.0,0.0,0.0,,,,,,0.38,beat rr=rr_long delta=delta_flat member=<num>,generic
50,361,18001,18050,50,50,0,0,1.0,0.0,0.0,,,,,,0.38,beat rr=rr_long delta=delta_down member=<num>,generic
50,362,18051,18100,50,50,0,0,1.0,0.0,0.0,,,,,,0.42,beat rr=rr_long delta=delta_down member=<num>,generic
50,363,18101,18150,50,50,0,0,1.0,0.0,0.0,,,,,,0.4,beat rr=rr_long delta=delta_down member=<num>,generic
50,364,18151,18200,50,50,0,0,1.0,0.0,0.0,,,,,,0.42,beat rr=rr_long delta=delta_down member=<num>,generic
50,365,18201,18250,50,47,3,0,0.94,0.06,0.0,,,,,,0.52,beat rr=rr_long delta=delta_down member=<num>,generic
50,366,18251,18300,50,50,0,0,1.0,0.0,0.0,,,,,,0.44,beat rr=rr_long delta=delta_down member=<num>,generic
50,367,18301,18350,50,50,0,0,1.0,0.0,0.0,,,,,,0.38,beat rr=rr_long delta=delta_flat member=<num>,generic
50,368,18351,18400,50,50,0,0,1.0,0.0,0.0,,,,,,0.36,beat rr=rr_long delta=delta_flat member=<num>,generic
50,369,18401,18450,50,50,0,0,1.0,0.0,0.0,,,,,,0.38,beat rr=rr_long delta=delta_up member=<num>,generic
50,370,18451,18500,50,50,0,0,1.0,0.0,0.0,,,,,,0.4,beat rr=rr_long delta=delta_up member=<num>,generic
50,371,18501,18550,50,50,0,0,1.0,0.0,0.0,,,,,,0.44,beat rr=rr_long delta=delta_up member=<num>,generic
50,372,18551,18600,50,50,0,0,1.0,0.0,0.0,,,,,,0.46,beat rr=rr_long delta=delta_down member=<num>,generic
50,373,18601,18650,50,50,0,0,1.0,0.0,0.0,,,,,,0.46,beat rr=rr_long delta=delta_down member=<num>,generic
50,374,18651,18700,50,50,0,0,1.0,0.0,0.0,,,,,,0.42,beat rr=rr_long delta=delta_down member=<num>,generic
50,375,18701,18750,50,50,0,0,1.0,0.0,0.0,,,,,,0.46,beat rr=rr_long delta=delta_up member=<num>,generic
50,376,18751,18800,50,50,0,0,1.0,0.0,0.0,,,,,,0.44,beat rr=rr_long delta=delta_up member=<num>,generic
50,377,18801,18850,50,50,0,0,1.0,0.0,0.0,,,,,,0.46,beat rr=rr_long delta=delta_up member=<num>,generic
50,378,18851,18900,50,50,0,0,1.0,0.0,0.0,,,,,,0.4,beat rr=rr_long delta=delta_down member=<num>,generic
50,379,18901,18950,50,50,0,0,1.0,0.0,0.0,,,,,,0.38,beat rr=rr_long delta=delta_up member=<num>,generic
50,380,18951,19000,50,50,0,0,1.0,0.0,0.0,,,,,,0.4,beat rr=rr_long delta=delta_up member=<num>,generic
50,381,19001,19050,50,50,0,0,1.0,0.0,0.0,,,,,,0.5,beat rr=rr_long delta=delta_down member=<num>,generic
50,382,19051,19100,50,50,0,0,1.0,0.0,0.0,,,,,,0.44,beat rr=rr_long delta=delta_up member=<num>,generic
50,383,19101,19150,50,50,0,0,1.0,0.0,0.0,,,,,,0.58,beat rr=rr_long delta=delta_down member=<num>,generic
50,384,19151,19200,50,50,0,0,1.0,0.0,0.0,,,,,,0.56,beat rr=rr_long delta=delta_down member=<num>,generic
50,385,19201,19250,50,47,3,0,0.94,0.06,0.0,,,,,,0.56,beat rr=rr_long delta=delta_down member=<num>,generic
50,386,19251,19300,50,50,0,0,1.0,0.0,0.0,,,,,,0.44,beat rr=rr_long delta=delta_down member=<num>,generic
50,387,19301,19350,50,50,0,0,1.0,0.0,0.0,,,,,,0.46,beat rr=rr_long delta=delta_up member=<num>,generic
50,388,19351,19400,50,50,0,0,1.0,0.0,0.0,,,,,,0.54,beat rr=rr_long delta=delta_down member=<num>,generic
50,389,19401,19450,50,50,0,0,1.0,0.0,0.0,,,,,,0.54,beat rr=rr_long delta=delta_down member=<num>,generic
50,390,19451,19500,50,50,0,0,1.0,0.0,0.0,,,,,,0.4,beat rr=rr_long delta=delta_up member=<num>,generic
50,391,19501,19550,50,50,0,0,1.0,0.0,0.0,,,,,,0.42,beat rr=rr_long delta=delta_down member=<num>,generic
50,392,19551,19600,50,50,0,0,1.0,0.0,0.0,,,,,,0.42,beat rr=rr_long delta=delta_down member=<num>,generic
50,393,19601,19650,50,50,0,0,1.0,0.0,0.0,,,,,,0.4,beat rr=rr_long delta=delta_up member=<num>,generic
50,394,19651,19700,50,50,0,0,1.0,0.0,0.0,,,,,,0.42,beat rr=rr_long delta=delta_down member=<num>,generic
50,395,19701,19750,50,50,0,0,1.0,0.0,0.0,,,,,,0.52,beat rr=rr_long delta=delta_up member=<num>,generic
50,396,19751,19800,50,50,0,0,1.0,0.0,0.0,,,,,,0.36,beat rr=rr_long delta=delta_down member=<num>,generic
50,397,19801,19850,50,50,0,0,1.0,0.0,0.0,,,,,,0.4,beat rr=rr_long delta=delta_down member=<num>,generic
50,398,19851,19900,50,50,0,0,1.0,0.0,0.0,,,,,,0.48,beat rr=rr_long delta=delta_down member=<num>,generic
50,399,19901,19950,50,50,0,0,1.0,0.0,0.0,,,,,,0.38,beat rr=rr_long delta=delta_down member=<num>,generic
50,400,19951,20000,50,50,0,0,1.0,0.0,0.0,,,,,,0.48,beat rr=rr_long delta=delta_down member=<num>,generic
50,401,20001,20050,50,50,0,0,1.0,0.0,0.0,,,,,,0.42,beat rr=rr_long delta=delta_flat member=<num>,generic
50,402,20051,20100,50,50,0,0,1.0,0.0,0.0,,,,,,0.44,beat rr=rr_long delta=delta_down member=<num>,generic
50,403,20101,20150,50,50,0,0,1.0,0.0,0.0,,,,,,0.42,beat rr=rr_long delta=delta_down member=<num>,generic
50,404,20151,20200,50,50,0,0,1.0,0.0,0.0,,,,,,0.46,beat rr=rr_long delta=delta_up member=<num>,generic
50,405,20201,20250,50,50,0,0,1.0,0.0,0.0,,,,,,0.4,beat rr=rr_long delta=delta_down member=<num>,generic
50,406,20251,20300,50,50,0,0,1.0,0.0,0.0,,,,,,0.46,beat rr=rr_long delta=delta_down member=<num>,generic
50,407,20301,20350,50,50,0,0,1.0,0.0,0.0,,,,,,0.58,beat rr=rr_long delta=delta_down member=<num>,generic
50,408,20351,20400,50,50,0,0,1.0,0.0,0.0,,,,,,0.38,beat rr=rr_long delta=delta_down member=<num>,generic
50,409,20401,20450,50,50,0,0,1.0,0.0,0.0,,,,,,0.4,beat rr=rr_long delta=delta_flat member=<num>,generic
50,410,20451,20500,50,47,3,0,0.94,0.06,0.0,,,,,,0.5,beat rr=rr_long delta=delta_down member=<num>,generic
50,411,20501,20550,50,50,0,0,1.0,0.0,0.0,,,,,,0.56,beat rr=rr_long delta=delta_down member=<num>,generic
50,412,20551,20600,50,50,0,0,1.0,0.0,0.0,,,,,,0.5,beat rr=rr_long delta=delta_up member=<num>,generic
50,413,20601,20650,50,50,0,0,1.0,0.0,0.0,,,,,,0.42,beat rr=rr_long delta=delta_up member=<num>,generic
50,414,20651,20700,50,50,0,0,1.0,0.0,0.0,,,,,,0.34,beat rr=rr_long delta=delta_down member=<num>,generic
50,415,20701,20750,50,50,0,0,1.0,0.0,0.0,,,,,,0.52,beat rr=rr_long delta=delta_down member=<num>,generic
50,416,20751,20800,50,50,0,0,1.0,0.0,0.0,,,,,,0.42,beat rr=rr_long delta=delta_down member=<num>,generic
50,417,20801,20850,50,50,0,0,1.0,0.0,0.0,,,,,,0.42,beat rr=rr_long delta=delta_down member=<num>,generic
50,418,20851,20900,50,50,0,0,1.0,0.0,0.0,,,,,,0.46,beat rr=rr_long delta=delta_down member=<num>,generic
50,419,20901,20950,50,50,0,0,1.0,0.0,0.0,,,,,,0.46,beat rr=rr_long delta=delta_down member=<num>,generic
50,420,20951,21000,50,50,0,0,1.0,0.0,0.0,,,,,,0.56,beat rr=rr_long delta=delta_down member=<num>,generic
50,421,21001,21050,50,50,0,0,1.0,0.0,0.0,,,,,,0.4,beat rr=rr_long delta=delta_up member=<num>,generic
50,422,21051,21100,50,50,0,0,1.0,0.0,0.0,,,,,,0.42,beat rr=rr_long delta=delta_up member=<num>,generic
50,423,21101,21150,50,50,0,0,1.0,0.0,0.0,,,,,,0.42,beat rr=rr_long delta=delta_down member=<num>,generic
50,424,21151,21200,50,50,0,0,1.0,0.0,0.0,,,,,,0.54,beat rr=rr_long delta=delta_down member=<num>,generic
50,425,21201,21250,50,50,0,0,1.0,0.0,0.0,,,,,,0.38,beat rr=rr_long delta=delta_down member=<num>,generic
50,426,21251,21300,50,50,0,0,1.0,0.0,0.0,,,,,,0.38,beat rr=rr_long delta=delta_up member=<num>,generic
50,427,21301,21350,50,50,0,0,1.0,0.0,0.0,,,,,,0.52,beat rr=rr_long delta=delta_down member=<num>,generic
50,428,21351,21400,50,50,0,0,1.0,0.0,0.0,,,,,,0.48,beat rr=rr_long delta=delta_up member=<num>,generic
50,429,21401,21450,50,50,0,0,1.0,0.0,0.0,,,,,,0.48,beat rr=rr_long delta=delta_down member=<num>,generic
50,430,21451,21500,50,50,0,0,1.0,0.0,0.0,,,,,,0.42,beat rr=rr_long delta=delta_down member=<num>,generic
50,431,21501,21550,50,50,0,0,1.0,0.0,0.0,,,,,,0.44,beat rr=rr_long delta=delta_down member=<num>,generic
50,432,21551,21600,50,50,0,0,1.0,0.0,0.0,,,,,,0.48,beat rr=rr_long delta=delta_down member=<num>,generic
50,433,21601,21650,50,50,0,0,1.0,0.0,0.0,,,,,,0.44,beat rr=rr_long delta=delta_down member=<num>,generic
50,434,21651,21700,50,50,0,0,1.0,0.0,0.0,,,,,,0.38,beat rr=rr_long delta=delta_down member=<num>,generic
50,435,21701,21750,50,50,0,0,1.0,0.0,0.0,,,,,,0.44,beat rr=rr_long delta=delta_down member=<num>,generic
50,436,21751,21800,50,50,0,0,1.0,0.0,0.0,,,,,,0.54,beat rr=rr_long delta=delta_down member=<num>,generic
50,437,21801,21850,50,50,0,0,1.0,0.0,0.0,,,,,,0.42,beat rr=rr_long delta=delta_up member=<num>,generic
50,438,21851,21900,50,50,0,0,1.0,0.0,0.0,,,,,,0.38,beat rr=rr_long delta=delta_down member=<num>,generic
50,439,21901,21950,50,50,0,0,1.0,0.0,0.0,,,,,,0.4,beat rr=rr_long delta=delta_down member=<num>,generic
50,440,21951,22000,50,47,3,0,0.94,0.06,0.0,,,,,,0.54,beat rr=rr_long delta=delta_up member=<num>,generic
50,441,22001,22050,50,50,0,0,1.0,0.0,0.0,,,,,,0.5,beat rr=rr_long delta=delta_down member=<num>,generic
50,442,22051,22100,50,50,0,0,1.0,0.0,0.0,,,,,,0.46,beat rr=rr_long delta=delta_up member=<num>,generic
50,443,22101,22150,50,50,0,0,1.0,0.0,0.0,,,,,,0.4,beat rr=rr_long delta=delta_down member=<num>,generic
50,444,22151,22200,50,50,0,0,1.0,0.0,0.0,,,,,,0.4,beat rr=rr_long delta=delta_down member=<num>,generic
50,445,22201,22250,50,50,0,0,1.0,0.0,0.0,,,,,,0.46,beat rr=rr_long delta=delta_down member=<num>,generic
50,446,22251,22300,50,50,0,0,1.0,0.0,0.0,,,,,,0.5,beat rr=rr_long delta=delta_down member=<num>,generic
50,447,22301,22350,50,50,0,0,1.0,0.0,0.0,,,,,,0.44,beat rr=rr_long delta=delta_up member=<num>,generic
50,448,22351,22400,50,50,0,0,1.0,0.0,0.0,,,,,,0.44,beat rr=rr_long delta=delta_down member=<num>,generic
50,449,22401,22450,50,50,0,0,1.0,0.0,0.0,,,,,,0.42,beat rr=rr_long delta=delta_down member=<num>,generic
50,450,22451,22500,50,50,0,0,1.0,0.0,0.0,,,,,,0.52,beat rr=rr_long delta=delta_down member=<num>,generic
50,451,22501,22550,50,50,0,0,1.0,0.0,0.0,,,,,,0.54,beat rr=rr_long delta=delta_down member=<num>,generic
50,452,22551,22600,50,50,0,0,1.0,0.0,0.0,,,,,,0.54,beat rr=rr_long delta=delta_down member=<num>,generic
50,453,22601,22650,50,50,0,0,1.0,0.0,0.0,,,,,,0.42,beat rr=rr_long delta=delta_down member=<num>,generic
50,454,22651,22700,50,50,0,0,1.0,0.0,0.0,,,,,,0.42,beat rr=rr_long delta=delta_up member=<num>,generic
50,455,22701,22750,50,50,0,0,1.0,0.0,0.0,,,,,,0.42,beat rr=rr_long delta=delta_down member=<num>,generic
50,456,22751,22800,50,50,0,0,1.0,0.0,0.0,,,,,,0.52,beat rr=rr_long delta=delta_down member=<num>,generic
50,457,22801,22850,50,50,0,0,1.0,0.0,0.0,,,,,,0.36,beat rr=rr_long delta=delta_flat member=<num>,generic
50,458,22851,22900,50,50,0,0,1.0,0.0,0.0,,,,,,0.42,beat rr=rr_long delta=delta_down member=<num>,generic
50,459,22901,22950,50,50,0,0,1.0,0.0,0.0,,,,,,0.44,beat rr=rr_long delta=delta_down member=<num>,generic
50,460,22951,23000,50,49,0,1,0.98,0.0,0.02,,,,,,0.48,beat rr=rr_long delta=delta_down member=<num>,generic
50,461,23001,23050,50,50,0,0,1.0,0.0,0.0,,,,,,0.5,beat rr=rr_long delta=delta_down member=<num>,generic
50,462,23051,23100,50,50,0,0,1.0,0.0,0.0,,,,,,0.46,beat rr=rr_long delta=delta_down member=<num>,generic
50,463,23101,23150,50,50,0,0,1.0,0.0,0.0,,,,,,0.48,beat rr=rr_long delta=delta_down member=<num>,generic
50,464,23151,23200,50,50,0,0,1.0,0.0,0.0,,,,,,0.38,beat rr=rr_long delta=delta_up member=<num>,generic
50,465,23201,23250,50,50,0,0,1.0,0.0,0.0,,,,,,0.52,beat rr=rr_long delta=delta_down member=<num>,generic
50,466,23251,23300,50,50,0,0,1.0,0.0,0.0,,,,,,0.5,beat rr=rr_long delta=delta_down member=<num>,generic
50,467,23301,23350,50,50,0,0,1.0,0.0,0.0,,,,,,0.58,beat rr=rr_long delta=delta_down member=<num>,generic
50,468,23351,23400,50,50,0,0,1.0,0.0,0.0,,,,,,0.44,beat rr=rr_long delta=delta_down member=<num>,generic
50,469,23401,23450,50,50,0,0,1.0,0.0,0.0,,,,,,0.5,beat rr=rr_long delta=delta_down member=<num>,generic
50,470,23451,23500,50,50,0,0,1.0,0.0,0.0,,,,,,0.56,beat rr=rr_long delta=delta_down member=<num>,generic
50,471,23501,23550,50,50,0,0,1.0,0.0,0.0,,,,,,0.5,beat rr=rr_long delta=delta_down member=<num>,generic
50,472,23551,23600,50,50,0,0,1.0,0.0,0.0,,,,,,0.52,beat rr=rr_long delta=delta_down member=<num>,generic
50,473,23601,23650,50,47,3,0,0.94,0.06,0.0,,,,,,0.54,beat rr=rr_long delta=delta_down member=<num>,generic
50,474,23651,23700,50,50,0,0,1.0,0.0,0.0,,,,,,0.42,beat rr=rr_long delta=delta_down member=<num>,generic
50,475,23701,23750,50,50,0,0,1.0,0.0,0.0,,,,,,0.42,beat rr=rr_long delta=delta_up member=<num>,generic
50,476,23751,23800,50,50,0,0,1.0,0.0,0.0,,,,,,0.46,beat rr=rr_long delta=delta_down member=<num>,generic
50,477,23801,23850,50,50,0,0,1.0,0.0,0.0,,,,,,0.46,beat rr=rr_long delta=delta_down member=<num>,generic
50,478,23851,23900,50,50,0,0,1.0,0.0,0.0,,,,,,0.4,beat rr=rr_long delta=delta_up member=<num>,generic
50,479,23901,23950,50,50,0,0,1.0,0.0,0.0,,,,,,0.46,beat rr=rr_long delta=delta_up member=<num>,generic
50,480,23951,24000,50,50,0,0,1.0,0.0,0.0,,,,,,0.4,beat rr=rr_long delta=delta_down member=<num>,generic
50,481,24001,24050,50,50,0,0,1.0,0.0,0.0,,,,,,0.42,beat rr=rr_long delta=delta_up member=<num>,generic
50,482,24051,24100,50,50,0,0,1.0,0.0,0.0,,,,,,0.4,beat rr=rr_long delta=delta_up member=<num>,generic
50,483,24101,24150,50,50,0,0,1.0,0.0,0.0,,,,,,0.48,beat rr=rr_long delta=delta_down member=<num>,generic
50,484,24151,24200,50,50,0,0,1.0,0.0,0.0,,,,,,0.42,beat rr=rr_long delta=delta_up member=<num>,generic
50,485,24201,24250,50,50,0,0,1.0,0.0,0.0,,,,,,0.38,beat rr=rr_long delta=delta_up member=<num>,generic
50,486,24251,24300,50,50,0,0,1.0,0.0,0.0,,,,,,0.38,beat rr=rr_long delta=delta_down member=<num>,generic
50,487,24301,24350,50,50,0,0,1.0,0.0,0.0,,,,,,0.42,beat rr=rr_long delta=delta_up member=<num>,generic
50,488,24351,24400,50,50,0,0,1.0,0.0,0.0,,,,,,0.4,beat rr=rr_long delta=delta_down member=<num>,generic
50,489,24401,24450,50,50,0,0,1.0,0.0,0.0,,,,,,0.44,beat rr=rr_long delta=delta_down member=<num>,generic
50,490,24451,24500,50,50,0,0,1.0,0.0,0.0,,,,,,0.42,beat rr=rr_long delta=delta_up member=<num>,generic
50,491,24501,24550,50,50,0,0,1.0,0.0,0.0,,,,,,0.46,beat rr=rr_long delta=delta_down member=<num>,generic
50,492,24551,24600,50,50,0,0,1.0,0.0,0.0,,,,,,0.5,beat rr=rr_long delta=delta_down member=<num>,generic
50,493,24601,24650,50,50,0,0,1.0,0.0,0.0,,,,,,0.44,beat rr=rr_long delta=delta_down member=<num>,generic
50,494,24651,24700,50,50,0,0,1.0,0.0,0.0,,,,,,0.4,beat rr=rr_long delta=delta_down member=<num>,generic
50,495,24701,24750,50,50,0,0,1.0,0.0,0.0,,,,,,0.38,beat rr=rr_long delta=delta_down member=<num>,generic
50,496,24751,24800,50,50,0,0,1.0,0.0,0.0,,,,,,0.46,beat rr=rr_long delta=delta_down member=<num>,generic
50,497,24801,24850,50,50,0,0,1.0,0.0,0.0,,,,,,0.42,beat rr=rr_long delta=delta_down member=<num>,generic
50,498,24851,24900,50,50,0,0,1.0,0.0,0.0,,,,,,0.36,beat rr=rr_long delta=delta_down member=<num>,generic
50,499,24901,24950,50,50,0,0,1.0,0.0,0.0,,,,,,0.38,beat rr=rr_long delta=delta_down member=<num>,generic
50,500,24951,25000,50,50,0,0,1.0,0.0,0.0,,,,,,0.48,beat rr=rr_long delta=delta_down member=<num>,generic
50,501,25001,25050,50,50,0,0,1.0,0.0,0.0,,,,,,0.42,beat rr=rr_long delta=delta_down member=<num>,generic
50,502,25051,25100,50,50,0,0,1.0,0.0,0.0,,,,,,0.38,beat rr=rr_long delta=delta_up member=<num>,generic
50,503,25101,25150,50,50,0,0,1.0,0.0,0.0,,,,,,0.44,beat rr=rr_long delta=delta_up member=<num>,generic
50,504,25151,25200,50,50,0,0,1.0,0.0,0.0,,,,,,0.38,beat rr=rr_long delta=delta_down member=<num>,generic
50,505,25201,25250,50,50,0,0,1.0,0.0,0.0,,,,,,0.42,beat rr=rr_long delta=delta_down member=<num>,generic
50,506,25251,25300,50,50,0,0,1.0,0.0,0.0,,,,,,0.44,beat rr=rr_long delta=delta_flat member=<num>,generic
50,507,25301,25350,50,50,0,0,1.0,0.0,0.0,,,,,,0.4,beat rr=rr_long delta=delta_up member=<num>,generic
50,508,25351,25400,50,50,0,0,1.0,0.0,0.0,,,,,,0.52,beat rr=rr_long delta=delta_down member=<num>,generic
50,509,25401,25450,50,50,0,0,1.0,0.0,0.0,,,,,,0.48,beat rr=rr_long delta=delta_down member=<num>,generic
50,510,25451,25500,50,50,0,0,1.0,0.0,0.0,,,,,,0.56,beat rr=rr_long delta=delta_down member=<num>,generic
50,511,25501,25550,50,50,0,0,1.0,0.0,0.0,,,,,,0.4,beat rr=rr_long delta=delta_down member=<num>,generic
50,512,25551,25600,50,50,0,0,1.0,0.0,0.0,,,,,,0.48,beat rr=rr_long delta=delta_down member=<num>,generic
50,513,25601,25650,50,50,0,0,1.0,0.0,0.0,,,,,,0.38,beat rr=rr_long delta=delta_down member=<num>,generic
50,514,25651,25700,50,50,0,0,1.0,0.0,0.0,,,,,,0.44,beat rr=rr_long delta=delta_up member=<num>,generic
50,515,25701,25750,50,50,0,0,1.0,0.0,0.0,,,,,,0.48,beat rr=rr_long delta=delta_down member=<num>,generic
50,516,25751,25800,50,50,0,0,1.0,0.0,0.0,,,,,,0.48,beat rr=rr_long delta=delta_down member=<num>,generic
50,517,25801,25850,50,50,0,0,1.0,0.0,0.0,,,,,,0.5,beat rr=rr_long delta=delta_down member=<num>,generic
50,518,25851,25900,50,50,0,0,1.0,0.0,0.0,,,,,,0.5,beat rr=rr_long delta=delta_down member=<num>,generic
50,519,25901,25950,50,50,0,0,1.0,0.0,0.0,,,,,,0.46,beat rr=rr_long delta=delta_down member=<num>,generic
50,520,25951,26000,50,50,0,0,1.0,0.0,0.0,,,,,,0.52,beat rr=rr_long delta=delta_down member=<num>,generic
50,521,26001,26050,50,50,0,0,1.0,0.0,0.0,,,,,,0.58,beat rr=rr_long delta=delta_down member=<num>,generic
50,522,26051,26100,50,50,0,0,1.0,0.0,0.0,,,,,,0.42,beat rr=rr_long delta=delta_down member=<num>,generic
50,523,26101,26150,50,50,0,0,1.0,0.0,0.0,,,,,,0.5,beat rr=rr_long delta=delta_down member=<num>,generic
50,524,26151,26200,50,47,3,0,0.94,0.06,0.0,,,,,,0.58,beat rr=rr_long delta=delta_down member=<num>,generic
50,525,26201,26250,50,50,0,0,1.0,0.0,0.0,,,,,,0.48,beat rr=rr_long delta=delta_down member=<num>,generic
50,526,26251,26300,50,50,0,0,1.0,0.0,0.0,,,,,,0.52,beat rr=rr_long delta=delta_down member=<num>,generic
50,527,26301,26350,50,50,0,0,1.0,0.0,0.0,,,,,,0.46,beat rr=rr_long delta=delta_down member=<num>,generic
50,528,26351,26400,50,50,0,0,1.0,0.0,0.0,,,,,,0.38,beat rr=rr_long delta=delta_down member=<num>,generic
50,529,26401,26450,50,50,0,0,1.0,0.0,0.0,,,,,,0.4,beat rr=rr_long delta=delta_down member=<num>,generic
50,530,26451,26500,50,50,0,0,1.0,0.0,0.0,,,,,,0.52,beat rr=rr_long delta=delta_down member=<num>,generic
50,531,26501,26550,50,50,0,0,1.0,0.0,0.0,,,,,,0.48,beat rr=rr_long delta=delta_down member=<num>,generic
50,532,26551,26600,50,50,0,0,1.0,0.0,0.0,,,,,,0.5,beat rr=rr_long delta=delta_down member=<num>,generic
50,533,26601,26650,50,50,0,0,1.0,0.0,0.0,,,,,,0.46,beat rr=rr_long delta=delta_down member=<num>,generic
50,534,26651,26700,50,50,0,0,1.0,0.0,0.0,,,,,,0.48,beat rr=rr_long delta=delta_down member=<num>,generic
50,535,26701,26750,50,50,0,0,1.0,0.0,0.0,,,,,,0.46,beat rr=rr_long delta=delta_down member=<num>,generic
50,536,26751,26800,50,50,0,0,1.0,0.0,0.0,,,,,,0.42,beat rr=rr_long delta=delta_up member=<num>,generic
50,537,26801,26850,50,50,0,0,1.0,0.0,0.0,,,,,,0.42,beat rr=rr_long delta=delta_down member=<num>,generic
50,538,26851,26900,50,50,0,0,1.0,0.0,0.0,,,,,,0.44,beat rr=rr_long delta=delta_down member=<num>,generic
50,539,26901,26950,50,50,0,0,1.0,0.0,0.0,,,,,,0.46,beat rr=rr_long delta=delta_down member=<num>,generic
50,540,26951,27000,50,47,3,0,0.94,0.06,0.0,,,,,,0.52,beat rr=rr_long delta=delta_down member=<num>,generic
50,541,27001,27050,50,50,0,0,1.0,0.0,0.0,,,,,,0.52,beat rr=rr_long delta=delta_down member=<num>,generic
50,542,27051,27100,50,50,0,0,1.0,0.0,0.0,,,,,,0.5,beat rr=rr_long delta=delta_down member=<num>,generic
50,543,27101,27150,50,50,0,0,1.0,0.0,0.0,,,,,,0.42,beat rr=rr_long delta=delta_down member=<num>,generic
50,544,27151,27200,50,50,0,0,1.0,0.0,0.0,,,,,,0.38,beat rr=rr_long delta=delta_up member=<num>,generic
50,545,27201,27250,50,50,0,0,1.0,0.0,0.0,,,,,,0.52,beat rr=rr_long delta=delta_down member=<num>,generic
50,546,27251,27300,50,47,3,0,0.94,0.06,0.0,,,,,,0.48,beat rr=rr_long delta=delta_down member=<num>,generic
50,547,27301,27350,50,50,0,0,1.0,0.0,0.0,,,,,,0.56,beat rr=rr_long delta=delta_down member=<num>,generic
50,548,27351,27400,50,50,0,0,1.0,0.0,0.0,,,,,,0.6,beat rr=rr_long delta=delta_down member=<num>,generic
50,549,27401,27450,50,50,0,0,1.0,0.0,0.0,,,,,,0.44,beat rr=rr_long delta=delta_up member=<num>,generic
50,550,27451,27500,50,50,0,0,1.0,0.0,0.0,,,,,,0.48,beat rr=rr_long delta=delta_down member=<num>,generic
50,551,27501,27550,50,50,0,0,1.0,0.0,0.0,,,,,,0.46,beat rr=rr_long delta=delta_up member=<num>,generic
50,552,27551,27600,50,50,0,0,1.0,0.0,0.0,,,,,,0.5,beat rr=rr_long delta=delta_down member=<num>,generic
50,553,27601,27650,50,50,0,0,1.0,0.0,0.0,,,,,,0.4,beat rr=rr_long delta=delta_up member=<num>,generic
50,554,27651,27700,50,50,0,0,1.0,0.0,0.0,,,,,,0.46,beat rr=rr_long delta=delta_down member=<num>,generic
50,555,27701,27750,50,50,0,0,1.0,0.0,0.0,,,,,,0.36,beat rr=rr_long delta=delta_down member=<num>,generic
50,556,27751,27800,50,50,0,0,1.0,0.0,0.0,,,,,,0.52,beat rr=rr_long delta=delta_down member=<num>,generic
50,557,27801,27850,50,50,0,0,1.0,0.0,0.0,,,,,,0.48,beat rr=rr_long delta=delta_down member=<num>,generic
50,558,27851,27900,50,50,0,0,1.0,0.0,0.0,,,,,,0.46,beat rr=rr_long delta=delta_down member=<num>,generic
50,559,27901,27950,50,50,0,0,1.0,0.0,0.0,,,,,,0.54,beat rr=rr_long delta=delta_down member=<num>,generic
50,560,27951,28000,50,47,3,0,0.94,0.06,0.0,,,,,,0.54,beat rr=rr_long delta=delta_down member=<num>,generic
50,561,28001,28050,50,50,0,0,1.0,0.0,0.0,,,,,,0.46,beat rr=rr_long delta=delta_down member=<num>,generic
50,562,28051,28100,50,50,0,0,1.0,0.0,0.0,,,,,,0.44,beat rr=rr_long delta=delta_down member=<num>,generic
50,563,28101,28150,50,50,0,0,1.0,0.0,0.0,,,,,,0.5,beat rr=rr_long delta=delta_down member=<num>,generic
50,564,28151,28200,50,50,0,0,1.0,0.0,0.0,,,,,,0.38,beat rr=rr_long delta=delta_down member=<num>,generic
50,565,28201,28250,50,50,0,0,1.0,0.0,0.0,,,,,,0.52,beat rr=rr_long delta=delta_down member=<num>,generic
50,566,28251,28300,50,50,0,0,1.0,0.0,0.0,,,,,,0.52,beat rr=rr_long delta=delta_down member=<num>,generic
50,567,28301,28350,50,50,0,0,1.0,0.0,0.0,,,,,,0.48,beat rr=rr_long delta=delta_down member=<num>,generic
50,568,28351,28400,50,50,0,0,1.0,0.0,0.0,,,,,,0.46,beat rr=rr_long delta=delta_down member=<num>,generic
50,569,28401,28450,50,50,0,0,1.0,0.0,0.0,,,,,,0.44,beat rr=rr_long delta=delta_down member=<num>,generic
50,570,28451,28500,50,50,0,0,1.0,0.0,0.0,,,,,,0.4,beat rr=rr_long delta=delta_down member=<num>,generic
50,571,28501,28550,50,50,0,0,1.0,0.0,0.0,,,,,,0.52,beat rr=rr_long delta=delta_down member=<num>,generic
50,572,28551,28600,50,50,0,0,1.0,0.0,0.0,,,,,,0.38,beat rr=rr_long delta=delta_up member=<num>,generic
50,573,28601,28650,50,50,0,0,1.0,0.0,0.0,,,,,,0.52,beat rr=rr_long delta=delta_down member=<num>,generic
50,574,28651,28700,50,50,0,0,1.0,0.0,0.0,,,,,,0.38,beat rr=rr_long delta=delta_down member=<num>,generic
50,575,28701,28750,50,50,0,0,1.0,0.0,0.0,,,,,,0.42,beat rr=rr_long delta=delta_down member=<num>,generic
50,576,28751,28800,50,50,0,0,1.0,0.0,0.0,,,,,,0.4,beat rr=rr_long delta=delta_up member=<num>,generic
50,577,28801,28850,50,50,0,0,1.0,0.0,0.0,,,,,,0.4,beat rr=rr_long delta=delta_up member=<num>,generic
50,578,28851,28900,50,48,2,0,0.96,0.04,0.0,,,,,,0.56,beat rr=rr_long delta=delta_down member=<num>,generic
50,579,28901,28950,50,50,0,0,1.0,0.0,0.0,,,,,,0.36,beat rr=rr_long delta=delta_down member=<num>,generic
50,580,28951,29000,50,50,0,0,1.0,0.0,0.0,,,,,,0.46,beat rr=rr_long delta=delta_up member=<num>,generic
50,581,29001,29050,50,50,0,0,1.0,0.0,0.0,,,,,,0.52,beat rr=rr_long delta=delta_down member=<num>,generic
50,582,29051,29100,50,50,0,0,1.0,0.0,0.0,,,,,,0.46,beat rr=rr_long delta=delta_up member=<num>,generic
50,583,29101,29150,50,50,0,0,1.0,0.0,0.0,,,,,,0.56,beat rr=rr_long delta=delta_down member=<num>,generic
50,584,29151,29200,50,50,0,0,1.0,0.0,0.0,,,,,,0.46,beat rr=rr_long delta=delta_down member=<num>,generic
50,585,29201,29250,50,50,0,0,1.0,0.0,0.0,,,,,,0.38,beat rr=rr_long delta=delta_up member=<num>,generic
50,586,29251,29300,50,50,0,0,1.0,0.0,0.0,,,,,,0.36,beat rr=rr_long delta=delta_down member=<num>,generic
50,587,29301,29350,50,50,0,0,1.0,0.0,0.0,,,,,,0.44,beat rr=rr_long delta=delta_down member=<num>,generic
50,588,29351,29400,50,50,0,0,1.0,0.0,0.0,,,,,,0.46,beat rr=rr_long delta=delta_up member=<num>,generic
50,589,29401,29450,50,50,0,0,1.0,0.0,0.0,,,,,,0.36,beat rr=rr_long delta=delta_down member=<num>,generic
50,590,29451,29500,50,50,0,0,1.0,0.0,0.0,,,,,,0.4,beat rr=rr_long delta=delta_down member=<num>,generic
50,591,29501,29550,50,50,0,0,1.0,0.0,0.0,,,,,,0.4,beat rr=rr_long delta=delta_down member=<num>,generic
50,592,29551,29600,50,50,0,0,1.0,0.0,0.0,,,,,,0.34,beat rr=rr_long delta=delta_flat member=<num>,generic
50,593,29601,29650,50,50,0,0,1.0,0.0,0.0,,,,,,0.56,beat rr=rr_long delta=delta_down member=<num>,generic
50,594,29651,29700,50,50,0,0,1.0,0.0,0.0,,,,,,0.46,beat rr=rr_long delta=delta_down member=<num>,generic
50,595,29701,29750,50,50,0,0,1.0,0.0,0.0,,,,,,0.5,beat rr=rr_long delta=delta_up member=<num>,generic
50,596,29751,29800,50,47,3,0,0.94,0.06,0.0,,,,,,0.52,beat rr=rr_long delta=delta_down member=<num>,generic
50,597,29801,29850,50,50,0,0,1.0,0.0,0.0,,,,,,0.52,beat rr=rr_long delta=delta_down member=<num>,generic
50,598,29851,29900,50,50,0,0,1.0,0.0,0.0,,,,,,0.46,beat rr=rr_long delta=delta_down member=<num>,generic
50,599,29901,29950,50,50,0,0,1.0,0.0,0.0,,,,,,0.5,beat rr=rr_long delta=delta_down member=<num>,generic
50,600,29951,30000,50,48,2,0,0.96,0.04,0.0,,,,,,0.62,beat rr=rr_long delta=delta_down member=<num>,generic
50,601,30001,30050,50,50,0,0,1.0,0.0,0.0,,,,,,0.52,beat rr=rr_long delta=delta_down member=<num>,generic
50,602,30051,30100,50,50,0,0,1.0,0.0,0.0,,,,,,0.54,beat rr=rr_long delta=delta_down member=<num>,generic
50,603,30101,30150,50,50,0,0,1.0,0.0,0.0,,,,,,0.46,beat rr=rr_long delta=delta_up member=<num>,generic
50,604,30151,30200,50,50,0,0,1.0,0.0,0.0,,,,,,0.46,beat rr=rr_long delta=delta_down member=<num>,generic
50,605,30201,30250,50,50,0,0,1.0,0.0,0.0,,,,,,0.46,beat rr=rr_long delta=delta_down member=<num>,generic
50,606,30251,30300,50,50,0,0,1.0,0.0,0.0,,,,,,0.56,beat rr=rr_long delta=delta_down member=<num>,generic
50,607,30301,30350,50,47,3,0,0.94,0.06,0.0,,,,,,0.6,beat rr=rr_long delta=delta_down member=<num>,generic
50,608,30351,30400,50,47,3,0,0.94,0.06,0.0,,,,,,0.58,beat rr=rr_long delta=delta_down member=<num>,generic
50,609,30401,30450,50,50,0,0,1.0,0.0,0.0,,,,,,0.5,beat rr=rr_long delta=delta_down member=<num>,generic
50,610,30451,30500,50,50,0,0,1.0,0.0,0.0,,,,,,0.46,beat rr=rr_long delta=delta_up member=<num>,generic
50,611,30501,30550,50,50,0,0,1.0,0.0,0.0,,,,,,0.5,beat rr=rr_long delta=delta_down member=<num>,generic
50,612,30551,30600,50,50,0,0,1.0,0.0,0.0,,,,,,0.44,beat rr=rr_long delta=delta_up member=<num>,generic
50,613,30601,30650,50,50,0,0,1.0,0.0,0.0,,,,,,0.52,beat rr=rr_long delta=delta_down member=<num>,generic
50,614,30651,30700,50,50,0,0,1.0,0.0,0.0,,,,,,0.5,beat rr=rr_long delta=delta_down member=<num>,generic
50,615,30701,30750,50,49,0,1,0.98,0.0,0.02,,,,,,0.56,beat rr=rr_long delta=delta_down member=<num>,generic
50,616,30751,30800,50,50,0,0,1.0,0.0,0.0,,,,,,0.58,beat rr=rr_long delta=delta_down member=<num>,generic
50,617,30801,30850,50,50,0,0,1.0,0.0,0.0,,,,,,0.5,beat rr=rr_long delta=delta_down member=<num>,generic
50,618,30851,30900,50,50,0,0,1.0,0.0,0.0,,,,,,0.42,beat rr=rr_long delta=delta_down member=<num>,generic
50,619,30901,30950,50,50,0,0,1.0,0.0,0.0,,,,,,0.42,beat rr=rr_long delta=delta_up member=<num>,generic
50,620,30951,31000,50,50,0,0,1.0,0.0,0.0,,,,,,0.46,beat rr=rr_long delta=delta_down member=<num>,generic
50,621,31001,31050,50,50,0,0,1.0,0.0,0.0,,,,,,0.52,beat rr=rr_long delta=delta_down member=<num>,generic
50,622,31051,31100,50,50,0,0,1.0,0.0,0.0,,,,,,0.58,beat rr=rr_long delta=delta_down member=<num>,generic
50,623,31101,31150,50,50,0,0,1.0,0.0,0.0,,,,,,0.42,beat rr=rr_long delta=delta_up member=<num>,generic
50,624,31151,31200,50,50,0,0,1.0,0.0,0.0,,,,,,0.46,beat rr=rr_long delta=delta_down member=<num>,generic
50,625,31201,31250,50,50,0,0,1.0,0.0,0.0,,,,,,0.56,beat rr=rr_long delta=delta_down member=<num>,generic
50,626,31251,31300,50,50,0,0,1.0,0.0,0.0,,,,,,0.44,beat rr=rr_long delta=delta_down member=<num>,generic
50,627,31301,31350,50,50,0,0,1.0,0.0,0.0,,,,,,0.48,beat rr=rr_long delta=delta_down member=<num>,generic
50,628,31351,31400,50,50,0,0,1.0,0.0,0.0,,,,,,0.56,beat rr=rr_long delta=delta_down member=<num>,generic
50,629,31401,31450,50,50,0,0,1.0,0.0,0.0,,,,,,0.54,beat rr=rr_long delta=delta_down member=<num>,generic
50,630,31451,31500,50,50,0,0,1.0,0.0,0.0,,,,,,0.58,beat rr=rr_long delta=delta_down member=<num>,generic
50,631,31501,31550,50,50,0,0,1.0,0.0,0.0,,,,,,0.42,beat rr=rr_long delta=delta_down member=<num>,generic
50,632,31551,31600,50,50,0,0,1.0,0.0,0.0,,,,,,0.44,beat rr=rr_long delta=delta_down member=<num>,generic
50,633,31601,31650,50,50,0,0,1.0,0.0,0.0,,,,,,0.52,beat rr=rr_long delta=delta_down member=<num>,generic
50,634,31651,31700,50,50,0,0,1.0,0.0,0.0,,,,,,0.42,beat rr=rr_long delta=delta_down member=<num>,generic
50,635,31701,31750,50,50,0,0,1.0,0.0,0.0,,,,,,0.48,beat rr=rr_long delta=delta_up member=<num>,generic
50,636,31751,31800,50,50,0,0,1.0,0.0,0.0,,,,,,0.48,beat rr=rr_long delta=delta_down member=<num>,generic
50,637,31801,31850,50,49,0,1,0.98,0.0,0.02,,,,,,0.5,beat rr=rr_long delta=delta_down member=<num>,generic
50,638,31851,31900,50,50,0,0,1.0,0.0,0.0,,,,,,0.44,beat rr=rr_long delta=delta_up member=<num>,generic
50,639,31901,31950,50,47,3,0,0.94,0.06,0.0,,,,,,0.56,beat rr=rr_long delta=delta_down member=<num>,generic
50,640,31951,32000,50,50,0,0,1.0,0.0,0.0,,,,,,0.46,beat rr=rr_long delta=delta_down member=<num>,generic
50,641,32001,32050,50,50,0,0,1.0,0.0,0.0,,,,,,0.46,beat rr=rr_long delta=delta_up member=<num>,generic
50,642,32051,32100,50,50,0,0,1.0,0.0,0.0,,,,,,0.5,beat rr=rr_long delta=delta_down member=<num>,generic
50,643,32101,32150,50,50,0,0,1.0,0.0,0.0,,,,,,0.5,beat rr=rr_long delta=delta_down member=<num>,generic
50,644,32151,32200,50,50,0,0,1.0,0.0,0.0,,,,,,0.48,beat rr=rr_long delta=delta_down member=<num>,generic
50,645,32201,32250,50,50,0,0,1.0,0.0,0.0,,,,,,0.36,beat rr=rr_long delta=delta_down member=<num>,generic
50,646,32251,32300,50,50,0,0,1.0,0.0,0.0,,,,,,0.58,beat rr=rr_long delta=delta_down member=<num>,generic
50,647,32301,32350,50,50,0,0,1.0,0.0,0.0,,,,,,0.44,beat rr=rr_long delta=delta_down member=<num>,generic
50,648,32351,32400,50,50,0,0,1.0,0.0,0.0,,,,,,0.46,beat rr=rr_long delta=delta_down member=<num>,generic
50,649,32401,32450,50,50,0,0,1.0,0.0,0.0,,,,,,0.46,beat rr=rr_long delta=delta_up member=<num>,generic
50,650,32451,32500,50,50,0,0,1.0,0.0,0.0,,,,,,0.5,beat rr=rr_long delta=delta_down member=<num>,generic
50,651,32501,32550,50,50,0,0,1.0,0.0,0.0,,,,,,0.52,beat rr=rr_long delta=delta_down member=<num>,generic
50,652,32551,32600,50,50,0,0,1.0,0.0,0.0,,,,,,0.36,beat rr=rr_long delta=delta_up member=<num>,generic
50,653,32601,32650,50,50,0,0,1.0,0.0,0.0,,,,,,0.46,beat rr=rr_long delta=delta_down member=<num>,generic
50,654,32651,32700,50,50,0,0,1.0,0.0,0.0,,,,,,0.44,beat rr=rr_long delta=delta_down member=<num>,generic
50,655,32701,32750,50,50,0,0,1.0,0.0,0.0,,,,,,0.44,beat rr=rr_long delta=delta_down member=<num>,generic
50,656,32751,32800,50,50,0,0,1.0,0.0,0.0,,,,,,0.52,beat rr=rr_long delta=delta_down member=<num>,generic
50,657,32801,32850,50,50,0,0,1.0,0.0,0.0,,,,,,0.5,beat rr=rr_long delta=delta_down member=<num>,generic
50,658,32851,32900,50,50,0,0,1.0,0.0,0.0,,,,,,0.44,beat rr=rr_long delta=delta_down member=<num>,generic
50,659,32901,32950,50,50,0,0,1.0,0.0,0.0,,,,,,0.46,beat rr=rr_long delta=delta_down member=<num>,generic
50,660,32951,33000,50,50,0,0,1.0,0.0,0.0,,,,,,0.58,beat rr=rr_long delta=delta_down member=<num>,generic
50,661,33001,33050,50,50,0,0,1.0,0.0,0.0,,,,,,0.48,beat rr=rr_long delta=delta_down member=<num>,generic
50,662,33051,33100,50,50,0,0,1.0,0.0,0.0,,,,,,0.54,beat rr=rr_long delta=delta_up member=<num>,generic
50,663,33101,33150,50,50,0,0,1.0,0.0,0.0,,,,,,0.52,beat rr=rr_long delta=delta_down member=<num>,generic
50,664,33151,33200,50,50,0,0,1.0,0.0,0.0,,,,,,0.52,beat rr=rr_long delta=delta_down member=<num>,generic
50,665,33201,33250,50,50,0,0,1.0,0.0,0.0,,,,,,0.48,beat rr=rr_long delta=delta_down member=<num>,generic
50,666,33251,33300,50,50,0,0,1.0,0.0,0.0,,,,,,0.48,beat rr=rr_long delta=delta_down member=<num>,generic
50,667,33301,33350,50,50,0,0,1.0,0.0,0.0,,,,,,0.5,beat rr=rr_long delta=delta_down member=<num>,generic
50,668,33351,33400,50,50,0,0,1.0,0.0,0.0,,,,,,0.54,beat rr=rr_long delta=delta_down member=<num>,generic
50,669,33401,33450,50,50,0,0,1.0,0.0,0.0,,,,,,0.48,beat rr=rr_long delta=delta_down member=<num>,generic
50,670,33451,33500,50,50,0,0,1.0,0.0,0.0,,,,,,0.4,beat rr=rr_long delta=delta_up member=<num>,generic
50,671,33501,33550,50,50,0,0,1.0,0.0,0.0,,,,,,0.44,beat rr=rr_long delta=delta_down member=<num>,generic
50,672,33551,33600,50,47,3,0,0.94,0.06,0.0,,,,,,0.54,beat rr=rr_long delta=delta_down member=<num>,generic
50,673,33601,33650,50,50,0,0,1.0,0.0,0.0,,,,,,0.44,beat rr=rr_long delta=delta_down member=<num>,generic
50,674,33651,33700,50,47,3,0,0.94,0.06,0.0,,,,,,0.5,beat rr=rr_long delta=delta_down member=<num>,generic
50,675,33701,33750,50,50,0,0,1.0,0.0,0.0,,,,,,0.46,beat rr=rr_long delta=delta_down member=<num>,generic
50,676,33751,33800,50,50,0,0,1.0,0.0,0.0,,,,,,0.5,beat rr=rr_long delta=delta_down member=<num>,generic
50,677,33801,33850,50,50,0,0,1.0,0.0,0.0,,,,,,0.42,beat rr=rr_long delta=delta_down member=<num>,generic
50,678,33851,33900,50,50,0,0,1.0,0.0,0.0,,,,,,0.48,beat rr=rr_long delta=delta_down member=<num>,generic
50,679,33901,33950,50,50,0,0,1.0,0.0,0.0,,,,,,0.54,beat rr=rr_long delta=delta_down member=<num>,generic
50,680,33951,34000,50,47,3,0,0.94,0.06,0.0,,,,,,0.56,beat rr=rr_long delta=delta_down member=<num>,generic
50,681,34001,34050,50,50,0,0,1.0,0.0,0.0,,,,,,0.5,beat rr=rr_long delta=delta_down member=<num>,generic
50,682,34051,34100,50,50,0,0,1.0,0.0,0.0,,,,,,0.4,beat rr=rr_long delta=delta_down member=<num>,generic
50,683,34101,34150,50,50,0,0,1.0,0.0,0.0,,,,,,0.5,beat rr=rr_long delta=delta_down member=<num>,generic
50,684,34151,34200,50,50,0,0,1.0,0.0,0.0,,,,,,0.56,beat rr=rr_long delta=delta_down member=<num>,generic
50,685,34201,34250,50,50,0,0,1.0,0.0,0.0,,,,,,0.5,beat rr=rr_long delta=delta_down member=<num>,generic
50,686,34251,34300,50,50,0,0,1.0,0.0,0.0,,,,,,0.48,beat rr=rr_long delta=delta_down member=<num>,generic
50,687,34301,34350,50,50,0,0,1.0,0.0,0.0,,,,,,0.56,beat rr=rr_long delta=delta_down member=<num>,generic
50,688,34351,34400,50,50,0,0,1.0,0.0,0.0,,,,,,0.44,beat rr=rr_long delta=delta_down member=<num>,generic
50,689,34401,34450,50,50,0,0,1.0,0.0,0.0,,,,,,0.5,beat rr=rr_long delta=delta_down member=<num>,generic
50,690,34451,34500,50,50,0,0,1.0,0.0,0.0,,,,,,0.38,beat rr=rr_long delta=delta_down member=<num>,generic
50,691,34501,34550,50,50,0,0,1.0,0.0,0.0,,,,,,0.52,beat rr=rr_long delta=delta_down member=<num>,generic
50,692,34551,34600,50,50,0,0,1.0,0.0,0.0,,,,,,0.44,beat rr=rr_long delta=delta_up member=<num>,generic
50,693,34601,34650,50,50,0,0,1.0,0.0,0.0,,,,,,0.44,beat rr=rr_long delta=delta_up member=<num>,generic
50,694,34651,34700,50,50,0,0,1.0,0.0,0.0,,,,,,0.54,beat rr=rr_long delta=delta_down member=<num>,generic
50,695,34701,34750,50,48,2,0,0.96,0.04,0.0,,,,,,0.56,beat rr=rr_long delta=delta_down member=<num>,generic
50,696,34751,34800,50,50,0,0,1.0,0.0,0.0,,,,,,0.48,beat rr=rr_long delta=delta_down member=<num>,generic
50,697,34801,34850,50,50,0,0,1.0,0.0,0.0,,,,,,0.4,beat rr=rr_long delta=delta_down member=<num>,generic
50,698,34851,34900,50,50,0,0,1.0,0.0,0.0,,,,,,0.42,beat rr=rr_long delta=delta_down member=<num>,generic
50,699,34901,34950,50,50,0,0,1.0,0.0,0.0,,,,,,0.52,beat rr=rr_long delta=delta_down member=<num>,generic
50,700,34951,35000,50,50,0,0,1.0,0.0,0.0,,,,,,0.5,beat rr=rr_long delta=delta_down member=<num>,generic
50,701,35001,35050,50,50,0,0,1.0,0.0,0.0,,,,,,0.48,beat rr=rr_long delta=delta_down member=<num>,generic
50,702,35051,35100,50,50,0,0,1.0,0.0,0.0,,,,,,0.44,beat rr=rr_long delta=delta_down member=<num>,generic
50,703,35101,35150,50,50,0,0,1.0,0.0,0.0,,,,,,0.52,beat rr=rr_long delta=delta_down member=<num>,generic
50,704,35151,35200,50,50,0,0,1.0,0.0,0.0,,,,,,0.56,beat rr=rr_long delta=delta_down member=<num>,generic
50,705,35201,35250,50,50,0,0,1.0,0.0,0.0,,,,,,0.44,beat rr=rr_long delta=delta_down member=<num>,generic
50,706,35251,35300,50,50,0,0,1.0,0.0,0.0,,,,,,0.48,beat rr=rr_long delta=delta_up member=<num>,generic
50,707,35301,35350,50,50,0,0,1.0,0.0,0.0,,,,,,0.5,beat rr=rr_long delta=delta_down member=<num>,generic
50,708,35351,35400,50,50,0,0,1.0,0.0,0.0,,,,,,0.38,beat rr=rr_long delta=delta_up member=<num>,generic
50,709,35401,35450,50,50,0,0,1.0,0.0,0.0,,,,,,0.46,beat rr=rr_long delta=delta_down member=<num>,generic
50,710,35451,35500,50,50,0,0,1.0,0.0,0.0,,,,,,0.46,beat rr=rr_long delta=delta_down member=<num>,generic
50,711,35501,35550,50,50,0,0,1.0,0.0,0.0,,,,,,0.38,beat rr=rr_long delta=delta_flat member=<num>,generic
50,712,35551,35600,50,50,0,0,1.0,0.0,0.0,,,,,,0.5,beat rr=rr_long delta=delta_down member=<num>,generic
50,713,35601,35650,50,50,0,0,1.0,0.0,0.0,,,,,,0.52,beat rr=rr_long delta=delta_down member=<num>,generic
50,714,35651,35700,50,50,0,0,1.0,0.0,0.0,,,,,,0.46,beat rr=rr_long delta=delta_down member=<num>,generic
50,715,35701,35750,50,50,0,0,1.0,0.0,0.0,,,,,,0.5,beat rr=rr_long delta=delta_down member=<num>,generic
50,716,35751,35800,50,50,0,0,1.0,0.0,0.0,,,,,,0.4,beat rr=rr_long delta=delta_up member=<num>,generic
50,717,35801,35850,50,50,0,0,1.0,0.0,0.0,,,,,,0.44,beat rr=rr_long delta=delta_down member=<num>,generic
50,718,35851,35900,50,50,0,0,1.0,0.0,0.0,,,,,,0.48,beat rr=rr_long delta=delta_down member=<num>,generic
50,719,35901,35950,50,50,0,0,1.0,0.0,0.0,,,,,,0.44,beat rr=rr_long delta=delta_up member=<num>,generic
50,720,35951,36000,50,50,0,0,1.0,0.0,0.0,,,,,,0.48,beat rr=rr_long delta=delta_down member=<num>,generic
50,721,36001,36050,50,50,0,0,1.0,0.0,0.0,,,,,,0.48,beat rr=rr_long delta=delta_up member=<num>,generic
50,722,36051,36100,50,50,0,0,1.0,0.0,0.0,,,,,,0.42,beat rr=rr_long delta=delta_down member=<num>,generic
50,723,36101,36150,50,50,0,0,1.0,0.0,0.0,,,,,,0.5,beat rr=rr_long delta=delta_down member=<num>,generic
50,724,36151,36200,50,47,3,0,0.94,0.06,0.0,,,,,,0.54,beat rr=rr_long delta=delta_down member=<num>,generic
50,725,36201,36250,50,50,0,0,1.0,0.0,0.0,,,,,,0.48,beat rr=rr_long delta=delta_down member=<num>,generic
50,726,36251,36300,50,50,0,0,1.0,0.0,0.0,,,,,,0.44,beat rr=rr_long delta=delta_down member=<num>,generic
50,727,36301,36350,50,50,0,0,1.0,0.0,0.0,,,,,,0.46,beat rr=rr_long delta=delta_up member=<num>,generic
50,728,36351,36400,50,50,0,0,1.0,0.0,0.0,,,,,,0.44,beat rr=rr_long delta=delta_down member=<num>,generic
50,729,36401,36450,50,50,0,0,1.0,0.0,0.0,,,,,,0.42,beat rr=rr_long delta=delta_down member=<num>,generic
50,730,36451,36500,50,50,0,0,1.0,0.0,0.0,,,,,,0.42,beat rr=rr_long delta=delta_down member=<num>,generic
50,731,36501,36550,50,50,0,0,1.0,0.0,0.0,,,,,,0.5,beat rr=rr_long delta=delta_up member=<num>,generic
50,732,36551,36600,50,50,0,0,1.0,0.0,0.0,,,,,,0.46,beat rr=rr_long delta=delta_down member=<num>,generic
50,733,36601,36650,50,50,0,0,1.0,0.0,0.0,,,,,,0.44,beat rr=rr_long delta=delta_down member=<num>,generic
50,734,36651,36700,50,47,3,0,0.94,0.06,0.0,,,,,,0.58,beat rr=rr_long delta=delta_down member=<num>,generic
50,735,36701,36750,50,50,0,0,1.0,0.0,0.0,,,,,,0.44,beat rr=rr_long delta=delta_up member=<num>,generic
50,736,36751,36800,50,47,3,0,0.94,0.06,0.0,,,,,,0.48,beat rr=rr_long delta=delta_up member=<num>,generic
50,737,36801,36850,50,50,0,0,1.0,0.0,0.0,,,,,,0.44,beat rr=rr_long delta=delta_up member=<num>,generic
50,738,36851,36900,50,50,0,0,1.0,0.0,0.0,,,,,,0.5,beat rr=rr_long delta=delta_down member=<num>,generic
50,739,36901,36950,50,50,0,0,1.0,0.0,0.0,,,,,,0.44,beat rr=rr_long delta=delta_down member=<num>,generic
50,740,36951,37000,50,50,0,0,1.0,0.0,0.0,,,,,,0.46,beat rr=rr_long delta=delta_up member=<num>,generic
50,741,37001,37050,50,50,0,0,1.0,0.0,0.0,,,,,,0.46,beat rr=rr_long delta=delta_up member=<num>,generic
50,742,37051,37100,50,50,0,0,1.0,0.0,0.0,,,,,,0.46,beat rr=rr_long delta=delta_down member=<num>,generic
50,743,37101,37150,50,50,0,0,1.0,0.0,0.0,,,,,,0.44,beat rr=rr_long delta=delta_down member=<num>,generic
50,744,37151,37200,50,50,0,0,1.0,0.0,0.0,,,,,,0.46,beat rr=rr_long delta=delta_down member=<num>,generic
50,745,37201,37250,50,50,0,0,1.0,0.0,0.0,,,,,,0.42,beat rr=rr_long delta=delta_up member=<num>,generic
50,746,37251,37300,50,50,0,0,1.0,0.0,0.0,,,,,,0.48,beat rr=rr_long delta=delta_down member=<num>,generic
50,747,37301,37350,50,50,0,0,1.0,0.0,0.0,,,,,,0.5,beat rr=rr_long delta=delta_down member=<num>,generic
50,748,37351,37400,50,50,0,0,1.0,0.0,0.0,,,,,,0.58,beat rr=rr_long delta=delta_down member=<num>,generic
50,749,37401,37450,50,47,3,0,0.94,0.06,0.0,,,,,,0.5,beat rr=rr_long delta=delta_down member=<num>,generic
50,750,37451,37500,50,50,0,0,1.0,0.0,0.0,,,,,,0.38,beat rr=rr_long delta=delta_up member=<num>,generic
50,751,37501,37550,50,50,0,0,1.0,0.0,0.0,,,,,,0.46,beat rr=rr_long delta=delta_down member=<num>,generic
50,752,37551,37600,50,50,0,0,1.0,0.0,0.0,,,,,,0.4,beat rr=rr_long delta=delta_up member=<num>,generic
50,753,37601,37650,50,50,0,0,1.0,0.0,0.0,,,,,,0.42,beat rr=rr_long delta=delta_up member=<num>,generic
50,754,37651,37700,50,50,0,0,1.0,0.0,0.0,,,,,,0.36,beat rr=rr_long delta=delta_down member=<num>,generic
50,755,37701,37750,50,50,0,0,1.0,0.0,0.0,,,,,,0.5,beat rr=rr_long delta=delta_down member=<num>,generic
50,756,37751,37800,50,50,0,0,1.0,0.0,0.0,,,,,,0.48,beat rr=rr_long delta=delta_down member=<num>,generic
50,757,37801,37850,50,50,0,0,1.0,0.0,0.0,,,,,,0.56,beat rr=rr_long delta=delta_down member=<num>,generic
50,758,37851,37900,50,50,0,0,1.0,0.0,0.0,,,,,,0.54,beat rr=rr_long delta=delta_down member=<num>,generic
50,759,37901,37950,50,50,0,0,1.0,0.0,0.0,,,,,,0.46,beat rr=rr_long delta=delta_down member=<num>,generic
50,760,37951,38000,50,50,0,0,1.0,0.0,0.0,,,,,,0.48,beat rr=rr_long delta=delta_up member=<num>,generic
50,761,38001,38050,50,50,0,0,1.0,0.0,0.0,,,,,,0.44,beat rr=rr_long delta=delta_down member=<num>,generic
50,762,38051,38100,50,50,0,0,1.0,0.0,0.0,,,,,,0.48,beat rr=rr_long delta=delta_down member=<num>,generic
50,763,38101,38150,50,50,0,0,1.0,0.0,0.0,,,,,,0.46,beat rr=rr_long delta=delta_down member=<num>,generic
50,764,38151,38200,50,50,0,0,1.0,0.0,0.0,,,,,,0.46,beat rr=rr_long delta=delta_down member=<num>,generic
50,765,38201,38250,50,50,0,0,1.0,0.0,0.0,,,,,,0.58,beat rr=rr_long delta=delta_down member=<num>,generic
50,766,38251,38300,50,50,0,0,1.0,0.0,0.0,,,,,,0.42,beat rr=rr_long delta=delta_up member=<num>,generic
50,767,38301,38350,50,50,0,0,1.0,0.0,0.0,,,,,,0.5,beat rr=rr_long delta=delta_down member=<num>,generic
50,768,38351,38400,50,50,0,0,1.0,0.0,0.0,,,,,,0.46,beat rr=rr_long delta=delta_down member=<num>,generic
50,769,38401,38450,50,50,0,0,1.0,0.0,0.0,,,,,,0.52,beat rr=rr_long delta=delta_down member=<num>,generic
50,770,38451,38500,50,50,0,0,1.0,0.0,0.0,,,,,,0.46,beat rr=rr_long delta=delta_down member=<num>,generic
50,771,38501,38550,50,50,0,0,1.0,0.0,0.0,,,,,,0.5,beat rr=rr_long delta=delta_up member=<num>,generic
50,772,38551,38600,50,50,0,0,1.0,0.0,0.0,,,,,,0.46,beat rr=rr_long delta=delta_up member=<num>,generic
50,773,38601,38650,50,50,0,0,1.0,0.0,0.0,,,,,,0.44,beat rr=rr_long delta=delta_down member=<num>,generic
50,774,38651,38700,50,50,0,0,1.0,0.0,0.0,,,,,,0.48,beat rr=rr_long delta=delta_up member=<num>,generic
50,775,38701,38750,50,50,0,0,1.0,0.0,0.0,,,,,,0.46,beat rr=rr_long delta=delta_up member=<num>,generic
50,776,38751,38800,50,50,0,0,1.0,0.0,0.0,,,,,,0.54,beat rr=rr_long delta=delta_down member=<num>,generic
50,777,38801,38850,50,50,0,0,1.0,0.0,0.0,,,,,,0.38,beat rr=rr_long delta=delta_down member=<num>,generic
50,778,38851,38900,50,50,0,0,1.0,0.0,0.0,,,,,,0.46,beat rr=rr_long delta=delta_up member=<num>,generic
50,779,38901,38950,50,50,0,0,1.0,0.0,0.0,,,,,,0.48,beat rr=rr_long delta=delta_down member=<num>,generic
50,780,38951,39000,50,50,0,0,1.0,0.0,0.0,,,,,,0.46,beat rr=rr_long delta=delta_down member=<num>,generic
50,781,39001,39050,50,50,0,0,1.0,0.0,0.0,,,,,,0.42,beat rr=rr_long delta=delta_down member=<num>,generic
50,782,39051,39100,50,50,0,0,1.0,0.0,0.0,,,,,,0.48,beat rr=rr_long delta=delta_up member=<num>,generic
50,783,39101,39150,50,50,0,0,1.0,0.0,0.0,,,,,,0.52,beat rr=rr_long delta=delta_up member=<num>,generic
50,784,39151,39200,50,50,0,0,1.0,0.0,0.0,,,,,,0.48,beat rr=rr_long delta=delta_down member=<num>,generic
50,785,39201,39250,50,50,0,0,1.0,0.0,0.0,,,,,,0.46,beat rr=rr_long delta=delta_up member=<num>,generic
50,786,39251,39300,50,50,0,0,1.0,0.0,0.0,,,,,,0.48,beat rr=rr_long delta=delta_up member=<num>,generic
50,787,39301,39350,50,50,0,0,1.0,0.0,0.0,,,,,,0.4,beat rr=rr_long delta=delta_down member=<num>,generic
50,788,39351,39400,50,50,0,0,1.0,0.0,0.0,,,,,,0.44,beat rr=rr_long delta=delta_down member=<num>,generic
50,789,39401,39450,50,50,0,0,1.0,0.0,0.0,,,,,,0.42,beat rr=rr_long delta=delta_down member=<num>,generic
50,790,39451,39500,50,50,0,0,1.0,0.0,0.0,,,,,,0.42,beat rr=rr_long delta=delta_down member=<num>,generic
50,791,39501,39550,50,50,0,0,1.0,0.0,0.0,,,,,,0.46,beat rr=rr_long delta=delta_down member=<num>,generic
50,792,39551,39600,50,50,0,0,1.0,0.0,0.0,,,,,,0.46,beat rr=rr_long delta=delta_up member=<num>,generic
50,793,39601,39650,50,50,0,0,1.0,0.0,0.0,,,,,,0.54,beat rr=rr_long delta=delta_down member=<num>,generic
50,794,39651,39700,50,50,0,0,1.0,0.0,0.0,,,,,,0.46,beat rr=rr_long delta=delta_down member=<num>,generic
50,795,39701,39750,50,50,0,0,1.0,0.0,0.0,,,,,,0.44,beat rr=rr_long delta=delta_up member=<num>,generic
50,796,39751,39800,50,50,0,0,1.0,0.0,0.0,,,,,,0.42,beat rr=rr_long delta=delta_up member=<num>,generic
50,797,39801,39850,50,50,0,0,1.0,0.0,0.0,,,,,,0.42,beat rr=rr_long delta=delta_down member=<num>,generic
50,798,39851,39900,50,50,0,0,1.0,0.0,0.0,,,,,,0.42,beat rr=rr_long delta=delta_down member=<num>,generic
50,799,39901,39950,50,50,0,0,1.0,0.0,0.0,,,,,,0.44,beat rr=rr_long delta=delta_down member=<num>,generic
50,800,39951,40000,50,50,0,0,1.0,0.0,0.0,,,,,,0.4,beat rr=rr_long delta=delta_down member=<num>,generic
50,801,40001,40050,50,50,0,0,1.0,0.0,0.0,,,,,,0.4,beat rr=rr_long delta=delta_flat member=<num>,generic
50,802,40051,40100,50,50,0,0,1.0,0.0,0.0,,,,,,0.38,beat rr=rr_long delta=delta_down member=<num>,generic
50,803,40101,40150,50,50,0,0,1.0,0.0,0.0,,,,,,0.38,beat rr=rr_long delta=delta_down member=<num>,generic
50,804,40151,40200,50,50,0,0,1.0,0.0,0.0,,,,,,0.44,beat rr=rr_long delta=delta_down member=<num>,generic
50,805,40201,40250,50,50,0,0,1.0,0.0,0.0,,,,,,0.44,beat rr=rr_long delta=delta_down member=<num>,generic
50,806,40251,40300,50,50,0,0,1.0,0.0,0.0,,,,,,0.42,beat rr=rr_long delta=delta_down member=<num>,generic
50,807,40301,40350,50,50,0,0,1.0,0.0,0.0,,,,,,0.36,beat rr=rr_long delta=delta_flat member=<num>,generic
50,808,40351,40400,50,50,0,0,1.0,0.0,0.0,,,,,,0.44,beat rr=rr_long delta=delta_down member=<num>,generic
50,809,40401,40450,50,48,2,0,0.96,0.04,0.0,,,,,,0.56,beat rr=rr_long delta=delta_down member=<num>,generic
50,810,40451,40500,50,50,0,0,1.0,0.0,0.0,,,,,,0.46,beat rr=rr_long delta=delta_down member=<num>,generic
50,811,40501,40550,50,50,0,0,1.0,0.0,0.0,,,,,,0.44,beat rr=rr_long delta=delta_up member=<num>,generic
50,812,40551,40600,50,50,0,0,1.0,0.0,0.0,,,,,,0.5,beat rr=rr_long delta=delta_down member=<num>,generic
50,813,40601,40650,50,50,0,0,1.0,0.0,0.0,,,,,,0.38,beat rr=rr_long delta=delta_down member=<num>,generic
50,814,40651,40700,50,50,0,0,1.0,0.0,0.0,,,,,,0.52,beat rr=rr_long delta=delta_up member=<num>,generic
50,815,40701,40750,50,50,0,0,1.0,0.0,0.0,,,,,,0.42,beat rr=rr_long delta=delta_down member=<num>,generic
50,816,40751,40800,50,50,0,0,1.0,0.0,0.0,,,,,,0.46,beat rr=rr_long delta=delta_down member=<num>,generic
50,817,40801,40850,50,50,0,0,1.0,0.0,0.0,,,,,,0.44,beat rr=rr_long delta=delta_up member=<num>,generic
50,818,40851,40900,50,50,0,0,1.0,0.0,0.0,,,,,,0.42,beat rr=rr_long delta=delta_down member=<num>,generic
50,819,40901,40950,50,50,0,0,1.0,0.0,0.0,,,,,,0.44,beat rr=rr_long delta=delta_down member=<num>,generic
50,820,40951,41000,50,50,0,0,1.0,0.0,0.0,,,,,,0.5,beat rr=rr_long delta=delta_down member=<num>,generic
50,821,41001,41050,50,50,0,0,1.0,0.0,0.0,,,,,,0.44,beat rr=rr_long delta=delta_up member=<num>,generic
50,822,41051,41100,50,50,0,0,1.0,0.0,0.0,,,,,,0.42,beat rr=rr_long delta=delta_down member=<num>,generic
50,823,41101,41150,50,50,0,0,1.0,0.0,0.0,,,,,,0.48,beat rr=rr_long delta=delta_up member=<num>,generic
50,824,41151,41200,50,50,0,0,1.0,0.0,0.0,,,,,,0.44,beat rr=rr_long delta=delta_up member=<num>,generic
50,825,41201,41250,50,50,0,0,1.0,0.0,0.0,,,,,,0.44,beat rr=rr_long delta=delta_up member=<num>,generic
50,826,41251,41300,50,50,0,0,1.0,0.0,0.0,,,,,,0.48,beat rr=rr_long delta=delta_down member=<num>,generic
50,827,41301,41350,50,49,0,1,0.98,0.0,0.02,,,,,,0.44,beat rr=rr_long delta=delta_down member=<num>,generic
50,828,41351,41400,50,50,0,0,1.0,0.0,0.0,,,,,,0.44,beat rr=rr_long delta=delta_up member=<num>,generic
50,829,41401,41450,50,50,0,0,1.0,0.0,0.0,,,,,,0.52,beat rr=rr_long delta=delta_down member=<num>,generic
50,830,41451,41500,50,50,0,0,1.0,0.0,0.0,,,,,,0.44,beat rr=rr_long delta=delta_up member=<num>,generic
50,831,41501,41550,50,50,0,0,1.0,0.0,0.0,,,,,,0.38,beat rr=rr_long delta=delta_down member=<num>,generic
50,832,41551,41600,50,50,0,0,1.0,0.0,0.0,,,,,,0.46,beat rr=rr_long delta=delta_up member=<num>,generic
50,833,41601,41650,50,50,0,0,1.0,0.0,0.0,,,,,,0.52,beat rr=rr_long delta=delta_down member=<num>,generic
50,834,41651,41700,50,50,0,0,1.0,0.0,0.0,,,,,,0.46,beat rr=rr_long delta=delta_up member=<num>,generic
50,835,41701,41750,50,50,0,0,1.0,0.0,0.0,,,,,,0.38,beat rr=rr_long delta=delta_up member=<num>,generic
50,836,41751,41800,50,50,0,0,1.0,0.0,0.0,,,,,,0.44,beat rr=rr_long delta=delta_down member=<num>,generic
50,837,41801,41850,50,50,0,0,1.0,0.0,0.0,,,,,,0.46,beat rr=rr_long delta=delta_down member=<num>,generic
50,838,41851,41900,50,50,0,0,1.0,0.0,0.0,,,,,,0.38,beat rr=rr_long delta=delta_down member=<num>,generic
50,839,41901,41950,50,47,3,0,0.94,0.06,0.0,,,,,,0.48,beat rr=rr_long delta=delta_up member=<num>,generic
50,840,41951,42000,50,50,0,0,1.0,0.0,0.0,,,,,,0.42,beat rr=rr_long delta=delta_down member=<num>,generic
50,841,42001,42050,50,50,0,0,1.0,0.0,0.0,,,,,,0.44,beat rr=rr_long delta=delta_down member=<num>,generic
50,842,42051,42100,50,50,0,0,1.0,0.0,0.0,,,,,,0.44,beat rr=rr_long delta=delta_up member=<num>,generic
50,843,42101,42150,50,50,0,0,1.0,0.0,0.0,,,,,,0.34,beat rr=rr_long delta=delta_down member=<num>,generic
50,844,42151,42200,50,50,0,0,1.0,0.0,0.0,,,,,,0.44,beat rr=rr_long delta=delta_up member=<num>,generic
50,845,42201,42250,50,50,0,0,1.0,0.0,0.0,,,,,,0.46,beat rr=rr_long delta=delta_down member=<num>,generic
50,846,42251,42300,50,50,0,0,1.0,0.0,0.0,,,,,,0.52,beat rr=rr_long delta=delta_down member=<num>,generic
50,847,42301,42350,50,50,0,0,1.0,0.0,0.0,,,,,,0.42,beat rr=rr_long delta=delta_up member=<num>,generic
50,848,42351,42400,50,47,3,0,0.94,0.06,0.0,,,,,,0.5,beat rr=rr_long delta=delta_down member=<num>,generic
50,849,42401,42450,50,50,0,0,1.0,0.0,0.0,,,,,,0.44,beat rr=rr_long delta=delta_down member=<num>,generic
50,850,42451,42500,50,50,0,0,1.0,0.0,0.0,,,,,,0.42,beat rr=rr_long delta=delta_up member=<num>,generic
50,851,42501,42550,50,50,0,0,1.0,0.0,0.0,,,,,,0.54,beat rr=rr_long delta=delta_down member=<num>,generic
50,852,42551,42600,50,50,0,0,1.0,0.0,0.0,,,,,,0.48,beat rr=rr_long delta=delta_down member=<num>,generic
50,853,42601,42650,50,50,0,0,1.0,0.0,0.0,,,,,,0.42,beat rr=rr_long delta=delta_down member=<num>,generic
50,854,42651,42700,50,50,0,0,1.0,0.0,0.0,,,,,,0.42,beat rr=rr_long delta=delta_up member=<num>,generic
50,855,42701,42750,50,50,0,0,1.0,0.0,0.0,,,,,,0.48,beat rr=rr_long delta=delta_down member=<num>,generic
50,856,42751,42800,50,50,0,0,1.0,0.0,0.0,,,,,,0.44,beat rr=rr_long delta=delta_down member=<num>,generic
50,857,42801,42850,50,50,0,0,1.0,0.0,0.0,,,,,,0.46,beat rr=rr_long delta=delta_up member=<num>,generic
50,858,42851,42900,50,50,0,0,1.0,0.0,0.0,,,,,,0.46,beat rr=rr_long delta=delta_up member=<num>,generic
50,859,42901,42950,50,50,0,0,1.0,0.0,0.0,,,,,,0.6,beat rr=rr_long delta=delta_down member=<num>,generic
50,860,42951,43000,50,50,0,0,1.0,0.0,0.0,,,,,,0.5,beat rr=rr_long delta=delta_down member=<num>,generic
50,861,43001,43050,50,50,0,0,1.0,0.0,0.0,,,,,,0.52,beat rr=rr_long delta=delta_down member=<num>,generic
50,862,43051,43100,50,50,0,0,1.0,0.0,0.0,,,,,,0.5,beat rr=rr_long delta=delta_down member=<num>,generic
50,863,43101,43150,50,50,0,0,1.0,0.0,0.0,,,,,,0.5,beat rr=rr_long delta=delta_down member=<num>,generic
50,864,43151,43200,50,50,0,0,1.0,0.0,0.0,,,,,,0.6,beat rr=rr_long delta=delta_down member=<num>,generic
50,865,43201,43250,50,50,0,0,1.0,0.0,0.0,,,,,,0.4,beat rr=rr_long delta=delta_up member=<num>,generic
50,866,43251,43300,50,50,0,0,1.0,0.0,0.0,,,,,,0.42,beat rr=rr_long delta=delta_up member=<num>,generic
50,867,43301,43350,50,50,0,0,1.0,0.0,0.0,,,,,,0.5,beat rr=rr_long delta=delta_down member=<num>,generic
50,868,43351,43400,50,50,0,0,1.0,0.0,0.0,,,,,,0.4,beat rr=rr_long delta=delta_down member=<num>,generic
50,869,43401,43450,50,50,0,0,1.0,0.0,0.0,,,,,,0.4,beat rr=rr_long delta=delta_flat member=<num>,generic
50,870,43451,43500,50,50,0,0,1.0,0.0,0.0,,,,,,0.52,beat rr=rr_long delta=delta_flat member=<num>,generic
50,871,43501,43550,50,50,0,0,1.0,0.0,0.0,,,,,,0.36,beat rr=rr_long delta=delta_down member=<num>,generic
50,872,43551,43600,50,50,0,0,1.0,0.0,0.0,,,,,,0.44,beat rr=rr_long delta=delta_down member=<num>,generic
50,873,43601,43650,50,50,0,0,1.0,0.0,0.0,,,,,,0.42,beat rr=rr_long delta=delta_down member=<num>,generic
50,874,43651,43700,50,50,0,0,1.0,0.0,0.0,,,,,,0.46,beat rr=rr_long delta=delta_down member=<num>,generic
50,875,43701,43750,50,50,0,0,1.0,0.0,0.0,,,,,,0.48,beat rr=rr_long delta=delta_up member=<num>,generic
50,876,43751,43800,50,50,0,0,1.0,0.0,0.0,,,,,,0.44,beat rr=rr_long delta=delta_up member=<num>,generic
50,877,43801,43850,50,50,0,0,1.0,0.0,0.0,,,,,,0.52,beat rr=rr_long delta=delta_down member=<num>,generic
50,878,43851,43900,50,47,3,0,0.94,0.06,0.0,,,,,,0.54,beat rr=rr_long delta=delta_down member=<num>,generic
50,879,43901,43950,50,50,0,0,1.0,0.0,0.0,,,,,,0.44,beat rr=rr_long delta=delta_up member=<num>,generic
50,880,43951,44000,50,50,0,0,1.0,0.0,0.0,,,,,,0.48,beat rr=rr_long delta=delta_down member=<num>,generic
50,881,44001,44050,50,50,0,0,1.0,0.0,0.0,,,,,,0.46,beat rr=rr_long delta=delta_up member=<num>,generic
50,882,44051,44100,50,50,0,0,1.0,0.0,0.0,,,,,,0.44,beat rr=rr_long delta=delta_up member=<num>,generic
50,883,44101,44150,50,50,0,0,1.0,0.0,0.0,,,,,,0.4,beat rr=rr_long delta=delta_down member=<num>,generic
50,884,44151,44200,50,50,0,0,1.0,0.0,0.0,,,,,,0.48,beat rr=rr_long delta=delta_down member=<num>,generic
50,885,44201,44250,50,50,0,0,1.0,0.0,0.0,,,,,,0.42,beat rr=rr_long delta=delta_down member=<num>,generic
50,886,44251,44300,50,50,0,0,1.0,0.0,0.0,,,,,,0.46,beat rr=rr_long delta=delta_up member=<num>,generic
50,887,44301,44350,50,50,0,0,1.0,0.0,0.0,,,,,,0.38,beat rr=rr_long delta=delta_up member=<num>,generic
50,888,44351,44400,50,50,0,0,1.0,0.0,0.0,,,,,,0.36,beat rr=rr_long delta=delta_up member=<num>,generic
50,889,44401,44450,50,50,0,0,1.0,0.0,0.0,,,,,,0.38,beat rr=rr_long delta=delta_up member=<num>,generic
50,890,44451,44500,50,50,0,0,1.0,0.0,0.0,,,,,,0.5,beat rr=rr_long delta=delta_down member=<num>,generic
50,891,44501,44550,50,50,0,0,1.0,0.0,0.0,,,,,,0.46,beat rr=rr_long delta=delta_down member=<num>,generic
50,892,44551,44600,50,50,0,0,1.0,0.0,0.0,,,,,,0.46,beat rr=rr_long delta=delta_up member=<num>,generic
50,893,44601,44650,50,50,0,0,1.0,0.0,0.0,,,,,,0.46,beat rr=rr_long delta=delta_up member=<num>,generic
50,894,44651,44700,50,50,0,0,1.0,0.0,0.0,,,,,,0.48,beat rr=rr_long delta=delta_down member=<num>,generic
50,895,44701,44750,50,50,0,0,1.0,0.0,0.0,,,,,,0.42,beat rr=rr_long delta=delta_down member=<num>,generic
50,896,44751,44800,50,50,0,0,1.0,0.0,0.0,,,,,,0.38,beat rr=rr_long delta=delta_flat member=<num>,generic
50,897,44801,44850,50,50,0,0,1.0,0.0,0.0,,,,,,0.5,beat rr=rr_long delta=delta_up member=<num>,generic
50,898,44851,44900,50,50,0,0,1.0,0.0,0.0,,,,,,0.48,beat rr=rr_long delta=delta_down member=<num>,generic
50,899,44901,44950,50,50,0,0,1.0,0.0,0.0,,,,,,0.36,beat rr=rr_long delta=delta_down member=<num>,generic
50,900,44951,45000,50,50,0,0,1.0,0.0,0.0,,,,,,0.42,beat rr=rr_long delta=delta_down member=<num>,generic
50,901,45001,45050,50,50,0,0,1.0,0.0,0.0,,,,,,0.38,beat rr=rr_long delta=delta_flat member=<num>,generic
50,902,45051,45100,50,50,0,0,1.0,0.0,0.0,,,,,,0.38,beat rr=rr_long delta=delta_down member=<num>,generic
50,903,45101,45150,50,50,0,0,1.0,0.0,0.0,,,,,,0.34,beat rr=rr_long delta=delta_down member=<num>,generic
50,904,45151,45200,50,50,0,0,1.0,0.0,0.0,,,,,,0.42,beat rr=rr_long delta=delta_down member=<num>,generic
50,905,45201,45250,50,50,0,0,1.0,0.0,0.0,,,,,,0.46,beat rr=rr_long delta=delta_up member=<num>,generic
50,906,45251,45300,50,48,2,0,0.96,0.04,0.0,,,,,,0.52,beat rr=rr_long delta=delta_down member=<num>,generic
50,907,45301,45350,50,50,0,0,1.0,0.0,0.0,,,,,,0.48,beat rr=rr_long delta=delta_down member=<num>,generic
50,908,45351,45400,50,50,0,0,1.0,0.0,0.0,,,,,,0.46,beat rr=rr_long delta=delta_down member=<num>,generic
50,909,45401,45450,50,50,0,0,1.0,0.0,0.0,,,,,,0.44,beat rr=rr_long delta=delta_up member=<num>,generic
50,910,45451,45500,50,50,0,0,1.0,0.0,0.0,,,,,,0.42,beat rr=rr_long delta=delta_up member=<num>,generic
50,911,45501,45550,50,50,0,0,1.0,0.0,0.0,,,,,,0.46,beat rr=rr_long delta=delta_down member=<num>,generic
50,912,45551,45600,50,50,0,0,1.0,0.0,0.0,,,,,,0.46,beat rr=rr_long delta=delta_up member=<num>,generic
50,913,45601,45650,50,50,0,0,1.0,0.0,0.0,,,,,,0.48,beat rr=rr_long delta=delta_up member=<num>,generic
50,914,45651,45700,50,50,0,0,1.0,0.0,0.0,,,,,,0.4,beat rr=rr_long delta=delta_down member=<num>,generic
50,915,45701,45750,50,47,3,0,0.94,0.06,0.0,,,,,,0.5,beat rr=rr_long delta=delta_down member=<num>,generic
50,916,45751,45800,50,50,0,0,1.0,0.0,0.0,,,,,,0.46,beat rr=rr_long delta=delta_up member=<num>,generic
50,917,45801,45850,50,50,0,0,1.0,0.0,0.0,,,,,,0.46,beat rr=rr_long delta=delta_down member=<num>,generic
50,918,45851,45900,50,50,0,0,1.0,0.0,0.0,,,,,,0.44,beat rr=rr_long delta=delta_up member=<num>,generic
50,919,45901,45950,50,50,0,0,1.0,0.0,0.0,,,,,,0.46,beat rr=rr_long delta=delta_down member=<num>,generic
50,920,45951,46000,50,50,0,0,1.0,0.0,0.0,,,,,,0.5,beat rr=rr_long delta=delta_down member=<num>,generic
50,921,46001,46050,50,50,0,0,1.0,0.0,0.0,,,,,,0.48,beat rr=rr_long delta=delta_down member=<num>,generic
50,922,46051,46100,50,50,0,0,1.0,0.0,0.0,,,,,,0.46,beat rr=rr_long delta=delta_down member=<num>,generic
50,923,46101,46150,50,50,0,0,1.0,0.0,0.0,,,,,,0.44,beat rr=rr_long delta=delta_down member=<num>,generic
50,924,46151,46200,50,50,0,0,1.0,0.0,0.0,,,,,,0.48,beat rr=rr_long delta=delta_down member=<num>,generic
50,925,46201,46250,50,50,0,0,1.0,0.0,0.0,,,,,,0.46,beat rr=rr_long delta=delta_down member=<num>,generic
50,926,46251,46300,50,50,0,0,1.0,0.0,0.0,,,,,,0.5,beat rr=rr_long delta=delta_down member=<num>,generic
50,927,46301,46350,50,50,0,0,1.0,0.0,0.0,,,,,,0.42,beat rr=rr_long delta=delta_up member=<num>,generic
50,928,46351,46400,50,50,0,0,1.0,0.0,0.0,,,,,,0.46,beat rr=rr_long delta=delta_up member=<num>,generic
50,929,46401,46450,50,50,0,0,1.0,0.0,0.0,,,,,,0.46,beat rr=rr_long delta=delta_up member=<num>,generic
50,930,46451,46500,50,50,0,0,1.0,0.0,0.0,,,,,,0.44,beat rr=rr_long delta=delta_down member=<num>,generic
50,931,46501,46550,50,50,0,0,1.0,0.0,0.0,,,,,,0.4,beat rr=rr_long delta=delta_down member=<num>,generic
50,932,46551,46600,50,50,0,0,1.0,0.0,0.0,,,,,,0.46,beat rr=rr_long delta=delta_down member=<num>,generic
50,933,46601,46650,50,50,0,0,1.0,0.0,0.0,,,,,,0.42,beat rr=rr_long delta=delta_up member=<num>,generic
50,934,46651,46700,50,50,0,0,1.0,0.0,0.0,,,,,,0.44,beat rr=rr_long delta=delta_down member=<num>,generic
50,935,46701,46750,50,50,0,0,1.0,0.0,0.0,,,,,,0.42,beat rr=rr_long delta=delta_up member=<num>,generic
50,936,46751,46800,50,50,0,0,1.0,0.0,0.0,,,,,,0.4,beat rr=rr_long delta=delta_down member=<num>,generic
50,937,46801,46850,50,50,0,0,1.0,0.0,0.0,,,,,,0.46,beat rr=rr_long delta=delta_down member=<num>,generic
50,938,46851,46900,50,50,0,0,1.0,0.0,0.0,,,,,,0.48,beat rr=rr_long delta=delta_down member=<num>,generic
50,939,46901,46950,50,50,0,0,1.0,0.0,0.0,,,,,,0.44,beat rr=rr_long delta=delta_down member=<num>,generic
50,940,46951,47000,50,50,0,0,1.0,0.0,0.0,,,,,,0.36,beat rr=rr_long delta=delta_down member=<num>,generic
50,941,47001,47050,50,50,0,0,1.0,0.0,0.0,,,,,,0.4,beat rr=rr_long delta=delta_down member=<num>,generic
50,942,47051,47100,50,50,0,0,1.0,0.0,0.0,,,,,,0.5,beat rr=rr_long delta=delta_down member=<num>,generic
50,943,47101,47150,50,50,0,0,1.0,0.0,0.0,,,,,,0.42,beat rr=rr_long delta=delta_up member=<num>,generic
50,944,47151,47200,50,50,0,0,1.0,0.0,0.0,,,,,,0.44,beat rr=rr_long delta=delta_down member=<num>,generic
50,945,47201,47250,50,50,0,0,1.0,0.0,0.0,,,,,,0.5,beat rr=rr_long delta=delta_down member=<num>,generic
50,946,47251,47300,50,50,0,0,1.0,0.0,0.0,,,,,,0.42,beat rr=rr_long delta=delta_down member=<num>,generic
50,947,47301,47350,50,50,0,0,1.0,0.0,0.0,,,,,,0.48,beat rr=rr_long delta=delta_down member=<num>,generic
50,948,47351,47400,50,50,0,0,1.0,0.0,0.0,,,,,,0.44,beat rr=rr_long delta=delta_up member=<num>,generic
50,949,47401,47450,50,50,0,0,1.0,0.0,0.0,,,,,,0.44,beat rr=rr_long delta=delta_down member=<num>,generic
50,950,47451,47500,50,50,0,0,1.0,0.0,0.0,,,,,,0.38,beat rr=rr_long delta=delta_up member=<num>,generic
50,951,47501,47550,50,50,0,0,1.0,0.0,0.0,,,,,,0.46,beat rr=rr_long delta=delta_down member=<num>,generic
50,952,47551,47600,50,50,0,0,1.0,0.0,0.0,,,,,,0.48,beat rr=rr_long delta=delta_down member=<num>,generic
50,953,47601,47650,50,50,0,0,1.0,0.0,0.0,,,,,,0.46,beat rr=rr_long delta=delta_up member=<num>,generic
50,954,47651,47700,50,50,0,0,1.0,0.0,0.0,,,,,,0.44,beat rr=rr_long delta=delta_down member=<num>,generic
50,955,47701,47750,50,50,0,0,1.0,0.0,0.0,,,,,,0.44,beat rr=rr_long delta=delta_down member=<num>,generic
50,956,47751,47800,50,50,0,0,1.0,0.0,0.0,,,,,,0.44,beat rr=rr_long delta=delta_down member=<num>,generic
50,957,47801,47850,50,50,0,0,1.0,0.0,0.0,,,,,,0.54,beat rr=rr_long delta=delta_down member=<num>,generic
50,958,47851,47900,50,50,0,0,1.0,0.0,0.0,,,,,,0.52,beat rr=rr_long delta=delta_down member=<num>,generic
50,959,47901,47950,50,50,0,0,1.0,0.0,0.0,,,,,,0.42,beat rr=rr_long delta=delta_down member=<num>,generic
50,960,47951,48000,50,50,0,0,1.0,0.0,0.0,,,,,,0.42,beat rr=rr_long delta=delta_down member=<num>,generic
50,961,48001,48050,50,50,0,0,1.0,0.0,0.0,,,,,,0.42,beat rr=rr_long delta=delta_up member=<num>,generic
50,962,48051,48100,50,50,0,0,1.0,0.0,0.0,,,,,,0.5,beat rr=rr_long delta=delta_up member=<num>,generic
50,963,48101,48150,50,50,0,0,1.0,0.0,0.0,,,,,,0.46,beat rr=rr_long delta=delta_down member=<num>,generic
50,964,48151,48200,50,50,0,0,1.0,0.0,0.0,,,,,,0.56,beat rr=rr_long delta=delta_down member=<num>,generic
50,965,48201,48250,50,50,0,0,1.0,0.0,0.0,,,,,,0.42,beat rr=rr_long delta=delta_down member=<num>,generic
50,966,48251,48300,50,50,0,0,1.0,0.0,0.0,,,,,,0.46,beat rr=rr_long delta=delta_down member=<num>,generic
50,967,48301,48350,50,50,0,0,1.0,0.0,0.0,,,,,,0.4,beat rr=rr_long delta=delta_up member=<num>,generic
50,968,48351,48400,50,50,0,0,1.0,0.0,0.0,,,,,,0.42,beat rr=rr_long delta=delta_up member=<num>,generic
50,969,48401,48450,50,48,2,0,0.96,0.04,0.0,,,,,,0.52,beat rr=rr_long delta=delta_down member=<num>,generic
50,970,48451,48500,50,50,0,0,1.0,0.0,0.0,,,,,,0.66,beat rr=rr_long delta=delta_down member=<num>,generic
50,971,48501,48550,50,50,0,0,1.0,0.0,0.0,,,,,,0.48,beat rr=rr_long delta=delta_down member=<num>,generic
50,972,48551,48600,50,47,3,0,0.94,0.06,0.0,,,,,,0.56,beat rr=rr_long delta=delta_down member=<num>,generic
50,973,48601,48650,50,50,0,0,1.0,0.0,0.0,,,,,,0.42,beat rr=rr_long delta=delta_down member=<num>,generic
50,974,48651,48700,50,50,0,0,1.0,0.0,0.0,,,,,,0.44,beat rr=rr_long delta=delta_up member=<num>,generic
50,975,48701,48750,50,50,0,0,1.0,0.0,0.0,,,,,,0.5,beat rr=rr_long delta=delta_down member=<num>,generic
50,976,48751,48800,50,50,0,0,1.0,0.0,0.0,,,,,,0.46,beat rr=rr_long delta=delta_down member=<num>,generic
50,977,48801,48850,50,50,0,0,1.0,0.0,0.0,,,,,,0.48,beat rr=rr_long delta=delta_down member=<num>,generic
50,978,48851,48900,50,50,0,0,1.0,0.0,0.0,,,,,,0.44,beat rr=rr_long delta=delta_down member=<num>,generic
50,979,48901,48950,50,50,0,0,1.0,0.0,0.0,,,,,,0.54,beat rr=rr_long delta=delta_down member=<num>,generic
50,980,48951,49000,50,50,0,0,1.0,0.0,0.0,,,,,,0.46,beat rr=rr_long delta=delta_up member=<num>,generic
50,981,49001,49050,50,50,0,0,1.0,0.0,0.0,,,,,,0.58,beat rr=rr_long delta=delta_down member=<num>,generic
50,982,49051,49100,50,50,0,0,1.0,0.0,0.0,,,,,,0.54,beat rr=rr_long delta=delta_down member=<num>,generic
50,983,49101,49150,50,50,0,0,1.0,0.0,0.0,,,,,,0.52,beat rr=rr_long delta=delta_down member=<num>,generic
50,984,49151,49200,50,50,0,0,1.0,0.0,0.0,,,,,,0.38,beat rr=rr_long delta=delta_down member=<num>,generic
50,985,49201,49250,50,50,0,0,1.0,0.0,0.0,,,,,,0.44,beat rr=rr_long delta=delta_up member=<num>,generic
50,986,49251,49300,50,50,0,0,1.0,0.0,0.0,,,,,,0.44,beat rr=rr_long delta=delta_down member=<num>,generic
50,987,49301,49350,50,47,3,0,0.94,0.06,0.0,,,,,,0.52,beat rr=rr_long delta=delta_down member=<num>,generic
50,988,49351,49400,50,50,0,0,1.0,0.0,0.0,,,,,,0.5,beat rr=rr_long delta=delta_down member=<num>,generic
50,989,49401,49450,50,50,0,0,1.0,0.0,0.0,,,,,,0.54,beat rr=rr_long delta=delta_down member=<num>,generic
50,990,49451,49500,50,47,3,0,0.94,0.06,0.0,,,,,,0.56,beat rr=rr_long delta=delta_down member=<num>,generic
50,991,49501,49550,50,50,0,0,1.0,0.0,0.0,,,,,,0.46,beat rr=rr_long delta=delta_down member=<num>,generic
50,992,49551,49600,50,50,0,0,1.0,0.0,0.0,,,,,,0.48,beat rr=rr_long delta=delta_down member=<num>,generic
50,993,49601,49650,50,50,0,0,1.0,0.0,0.0,,,,,,0.44,beat rr=rr_long delta=delta_down member=<num>,generic
50,994,49651,49700,50,50,0,0,1.0,0.0,0.0,,,,,,0.54,beat rr=rr_long delta=delta_down member=<num>,generic
50,995,49701,49750,50,50,0,0,1.0,0.0,0.0,,,,,,0.52,beat rr=rr_long delta=delta_down member=<num>,generic
50,996,49751,49800,50,50,0,0,1.0,0.0,0.0,,,,,,0.48,beat rr=rr_long delta=delta_down member=<num>,generic
50,997,49801,49850,50,50,0,0,1.0,0.0,0.0,,,,,,0.44,beat rr=rr_long delta=delta_down member=<num>,generic
50,998,49851,49900,50,50,0,0,1.0,0.0,0.0,,,,,,0.48,beat rr=rr_long delta=delta_up member=<num>,generic
50,999,49901,49950,50,50,0,0,1.0,0.0,0.0,,,,,,0.54,beat rr=rr_long delta=delta_down member=<num>,generic
50,1000,49951,50000,50,50,0,0,1.0,0.0,0.0,,,,,,0.5,beat rr=rr_long delta=delta_down member=<num>,generic
75,1,1,75,75,75,0,0,1.0,0.0,0.0,,,,,,0.4666666666666667,beat rr=rr_long delta=delta_down member=<num>,generic
75,2,76,150,75,75,0,0,1.0,0.0,0.0,,,,,,0.4533333333333333,beat rr=rr_long delta=delta_up member=<num>,generic
75,3,151,225,75,75,0,0,1.0,0.0,0.0,,,,,,0.4,beat rr=rr_long delta=delta_down member=<num>,generic
75,4,226,300,75,75,0,0,1.0,0.0,0.0,,,,,,0.4,beat rr=rr_long delta=delta_up member=<num>,generic
75,5,301,375,75,75,0,0,1.0,0.0,0.0,,,,,,0.36,beat rr=rr_long delta=delta_down member=<num>,generic
75,6,376,450,75,75,0,0,1.0,0.0,0.0,,,,,,0.41333333333333333,beat rr=rr_long delta=delta_flat member=<num>,generic
75,7,451,525,75,75,0,0,1.0,0.0,0.0,,,,,,0.4,beat rr=rr_long delta=delta_down member=<num>,generic
75,8,526,600,75,75,0,0,1.0,0.0,0.0,,,,,,0.38666666666666666,beat rr=rr_long delta=delta_flat member=<num>,generic
75,9,601,675,75,75,0,0,1.0,0.0,0.0,,,,,,0.3466666666666667,beat rr=rr_long delta=delta_down member=<num>,generic
75,10,676,750,75,75,0,0,1.0,0.0,0.0,,,,,,0.48,beat rr=rr_long delta=delta_flat member=<num>,generic
75,11,751,825,75,75,0,0,1.0,0.0,0.0,,,,,,0.41333333333333333,beat rr=rr_long delta=delta_flat member=<num>,generic
75,12,826,900,75,75,0,0,1.0,0.0,0.0,,,,,,0.48,beat rr=rr_long delta=delta_flat member=<num>,generic
75,13,901,975,75,75,0,0,1.0,0.0,0.0,,,,,,0.3333333333333333,beat rr=rr_long delta=delta_down member=<num>,generic
75,14,976,1050,75,75,0,0,1.0,0.0,0.0,,,,,,0.4,beat rr=rr_long delta=delta_up member=<num>,generic
75,15,1051,1125,75,75,0,0,1.0,0.0,0.0,,,,,,0.4666666666666667,beat rr=rr_long delta=delta_down member=<num>,generic
75,16,1126,1200,75,75,0,0,1.0,0.0,0.0,,,,,,0.4266666666666667,beat rr=rr_long delta=delta_down member=<num>,generic
75,17,1201,1275,75,75,0,0,1.0,0.0,0.0,,,,,,0.4533333333333333,beat rr=rr_long delta=delta_down member=<num>,generic
75,18,1276,1350,75,75,0,0,1.0,0.0,0.0,,,,,,0.44,beat rr=rr_long delta=delta_down member=<num>,generic
75,19,1351,1425,75,75,0,0,1.0,0.0,0.0,,,,,,0.4,beat rr=rr_long delta=delta_down member=<num>,generic
75,20,1426,1500,75,75,0,0,1.0,0.0,0.0,,,,,,0.49333333333333335,beat rr=rr_long delta=delta_down member=<num>,generic
75,21,1501,1575,75,75,0,0,1.0,0.0,0.0,,,,,,0.44,beat rr=rr_long delta=delta_up member=<num>,generic
75,22,1576,1650,75,75,0,0,1.0,0.0,0.0,,,,,,0.44,beat rr=rr_long delta=delta_up member=<num>,generic
75,23,1651,1725,75,75,0,0,1.0,0.0,0.0,,,,,,0.44,beat rr=rr_long delta=delta_down member=<num>,generic
75,24,1726,1800,75,75,0,0,1.0,0.0,0.0,,,,,,0.38666666666666666,beat rr=rr_long delta=delta_up member=<num>,generic
75,25,1801,1875,75,75,0,0,1.0,0.0,0.0,,,,,,0.4,beat rr=rr_long delta=delta_down member=<num>,generic
75,26,1876,1950,75,75,0,0,1.0,0.0,0.0,,,,,,0.41333333333333333,beat rr=rr_long delta=delta_down member=<num>,generic
75,27,1951,2025,75,75,0,0,1.0,0.0,0.0,,,,,,0.36,beat rr=rr_long delta=delta_down member=<num>,generic
75,28,2026,2100,75,75,0,0,1.0,0.0,0.0,,,,,,0.4266666666666667,beat rr=rr_long delta=delta_down member=<num>,generic
75,29,2101,2175,75,75,0,0,1.0,0.0,0.0,,,,,,0.41333333333333333,beat rr=rr_long delta=delta_up member=<num>,generic
75,30,2176,2250,75,75,0,0,1.0,0.0,0.0,,,,,,0.4,beat rr=rr_long delta=delta_down member=<num>,generic
75,31,2251,2325,75,75,0,0,1.0,0.0,0.0,,,,,,0.44,beat rr=rr_long delta=delta_up member=<num>,generic
75,32,2326,2400,75,75,0,0,1.0,0.0,0.0,,,,,,0.4533333333333333,beat rr=rr_long delta=delta_down member=<num>,generic
75,33,2401,2475,75,75,0,0,1.0,0.0,0.0,,,,,,0.48,beat rr=rr_long delta=delta_down member=<num>,generic
75,34,2476,2550,75,75,0,0,1.0,0.0,0.0,,,,,,0.4266666666666667,beat rr=rr_long delta=delta_down member=<num>,generic
75,35,2551,2625,75,75,0,0,1.0,0.0,0.0,,,,,,0.44,beat rr=rr_long delta=delta_down member=<num>,generic
75,36,2626,2700,75,75,0,0,1.0,0.0,0.0,,,,,,0.44,beat rr=rr_long delta=delta_up member=<num>,generic
75,37,2701,2775,75,75,0,0,1.0,0.0,0.0,,,,,,0.38666666666666666,beat rr=rr_long delta=delta_down member=<num>,generic
75,38,2776,2850,75,75,0,0,1.0,0.0,0.0,,,,,,0.41333333333333333,beat rr=rr_long delta=delta_down member=<num>,generic
75,39,2851,2925,75,75,0,0,1.0,0.0,0.0,,,,,,0.4533333333333333,beat rr=rr_long delta=delta_down member=<num>,generic
75,40,2926,3000,75,75,0,0,1.0,0.0,0.0,,,,,,0.41333333333333333,beat rr=rr_long delta=delta_down member=<num>,generic
75,41,3001,3075,75,75,0,0,1.0,0.0,0.0,,,,,,0.37333333333333335,beat rr=rr_long delta=delta_up member=<num>,generic
75,42,3076,3150,75,75,0,0,1.0,0.0,0.0,,,,,,0.44,beat rr=rr_long delta=delta_down member=<num>,generic
75,43,3151,3225,75,75,0,0,1.0,0.0,0.0,,,,,,0.4533333333333333,beat rr=rr_long delta=delta_down member=<num>,generic
75,44,3226,3300,75,75,0,0,1.0,0.0,0.0,,,,,,0.4266666666666667,beat rr=rr_long delta=delta_down member=<num>,generic
75,45,3301,3375,75,75,0,0,1.0,0.0,0.0,,,,,,0.41333333333333333,beat rr=rr_long delta=delta_down member=<num>,generic
75,46,3376,3450,75,75,0,0,1.0,0.0,0.0,,,,,,0.4533333333333333,beat rr=rr_long delta=delta_down member=<num>,generic
75,47,3451,3525,75,75,0,0,1.0,0.0,0.0,,,,,,0.48,beat rr=rr_long delta=delta_down member=<num>,generic
75,48,3526,3600,75,75,0,0,1.0,0.0,0.0,,,,,,0.4666666666666667,beat rr=rr_long delta=delta_down member=<num>,generic
75,49,3601,3675,75,75,0,0,1.0,0.0,0.0,,,,,,0.44,beat rr=rr_long delta=delta_down member=<num>,generic
75,50,3676,3750,75,75,0,0,1.0,0.0,0.0,,,,,,0.44,beat rr=rr_long delta=delta_down member=<num>,generic
75,51,3751,3825,75,75,0,0,1.0,0.0,0.0,,,,,,0.48,beat rr=rr_long delta=delta_down member=<num>,generic
75,52,3826,3900,75,75,0,0,1.0,0.0,0.0,,,,,,0.5066666666666667,beat rr=rr_long delta=delta_down member=<num>,generic
75,53,3901,3975,75,75,0,0,1.0,0.0,0.0,,,,,,0.4666666666666667,beat rr=rr_long delta=delta_down member=<num>,generic
75,54,3976,4050,75,75,0,0,1.0,0.0,0.0,,,,,,0.44,beat rr=rr_long delta=delta_down member=<num>,generic
75,55,4051,4125,75,75,0,0,1.0,0.0,0.0,,,,,,0.5333333333333333,beat rr=rr_long delta=delta_flat member=<num>,generic
75,56,4126,4200,75,75,0,0,1.0,0.0,0.0,,,,,,0.4,beat rr=rr_long delta=delta_flat member=<num>,generic
75,57,4201,4275,75,75,0,0,1.0,0.0,0.0,,,,,,0.37333333333333335,beat rr=rr_long delta=delta_flat member=<num>,generic
75,58,4276,4350,75,75,0,0,1.0,0.0,0.0,,,,,,0.48,beat rr=rr_long delta=delta_down member=<num>,generic
75,59,4351,4425,75,75,0,0,1.0,0.0,0.0,,,,,,0.48,beat rr=rr_long delta=delta_down member=<num>,generic
75,60,4426,4500,75,75,0,0,1.0,0.0,0.0,,,,,,0.5333333333333333,beat rr=rr_long delta=delta_down member=<num>,generic
75,61,4501,4575,75,75,0,0,1.0,0.0,0.0,,,,,,0.48,beat rr=rr_long delta=delta_down member=<num>,generic
75,62,4576,4650,75,75,0,0,1.0,0.0,0.0,,,,,,0.5066666666666667,beat rr=rr_long delta=delta_down member=<num>,generic
75,63,4651,4725,75,75,0,0,1.0,0.0,0.0,,,,,,0.52,beat rr=rr_long delta=delta_down member=<num>,generic
75,64,4726,4800,75,75,0,0,1.0,0.0,0.0,,,,,,0.5466666666666666,beat rr=rr_long delta=delta_down member=<num>,generic
75,65,4801,4875,75,75,0,0,1.0,0.0,0.0,,,,,,0.5066666666666667,beat rr=rr_long delta=delta_down member=<num>,generic
75,66,4876,4950,75,75,0,0,1.0,0.0,0.0,,,,,,0.49333333333333335,beat rr=rr_long delta=delta_down member=<num>,generic
75,67,4951,5025,75,75,0,0,1.0,0.0,0.0,,,,,,0.4666666666666667,beat rr=rr_long delta=delta_down member=<num>,generic
75,68,5026,5100,75,75,0,0,1.0,0.0,0.0,,,,,,0.44,beat rr=rr_long delta=delta_down member=<num>,generic
75,69,5101,5175,75,75,0,0,1.0,0.0,0.0,,,,,,0.56,beat rr=rr_long delta=delta_down member=<num>,generic
75,70,5176,5250,75,75,0,0,1.0,0.0,0.0,,,,,,0.38666666666666666,beat rr=rr_long delta=delta_up member=<num>,generic
75,71,5251,5325,75,75,0,0,1.0,0.0,0.0,,,,,,0.4666666666666667,beat rr=rr_long delta=delta_down member=<num>,generic
75,72,5326,5400,75,75,0,0,1.0,0.0,0.0,,,,,,0.4266666666666667,beat rr=rr_long delta=delta_up member=<num>,generic
75,73,5401,5475,75,75,0,0,1.0,0.0,0.0,,,,,,0.52,beat rr=rr_long delta=delta_down member=<num>,generic
75,74,5476,5550,75,75,0,0,1.0,0.0,0.0,,,,,,0.49333333333333335,beat rr=rr_long delta=delta_down member=<num>,generic
75,75,5551,5625,75,75,0,0,1.0,0.0,0.0,,,,,,0.4,beat rr=rr_long delta=delta_down member=<num>,generic
75,76,5626,5700,75,75,0,0,1.0,0.0,0.0,,,,,,0.48,beat rr=rr_long delta=delta_down member=<num>,generic
75,77,5701,5775,75,75,0,0,1.0,0.0,0.0,,,,,,0.52,beat rr=rr_long delta=delta_down member=<num>,generic
75,78,5776,5850,75,75,0,0,1.0,0.0,0.0,,,,,,0.44,beat rr=rr_long delta=delta_down member=<num>,generic
75,79,5851,5925,75,75,0,0,1.0,0.0,0.0,,,,,,0.4533333333333333,beat rr=rr_long delta=delta_down member=<num>,generic
75,80,5926,6000,75,75,0,0,1.0,0.0,0.0,,,,,,0.5333333333333333,beat rr=rr_long delta=delta_down member=<num>,generic
75,81,6001,6075,75,75,0,0,1.0,0.0,0.0,,,,,,0.5733333333333334,beat rr=rr_long delta=delta_down member=<num>,generic
75,82,6076,6150,75,75,0,0,1.0,0.0,0.0,,,,,,0.5066666666666667,beat rr=rr_long delta=delta_down member=<num>,generic
75,83,6151,6225,75,75,0,0,1.0,0.0,0.0,,,,,,0.38666666666666666,beat rr=rr_long delta=delta_down member=<num>,generic
75,84,6226,6300,75,75,0,0,1.0,0.0,0.0,,,,,,0.4533333333333333,beat rr=rr_long delta=delta_up member=<num>,generic
75,85,6301,6375,75,75,0,0,1.0,0.0,0.0,,,,,,0.36,beat rr=rr_long delta=delta_up member=<num>,generic
75,86,6376,6450,75,75,0,0,1.0,0.0,0.0,,,,,,0.4666666666666667,beat rr=rr_long delta=delta_down member=<num>,generic
75,87,6451,6525,75,75,0,0,1.0,0.0,0.0,,,,,,0.4266666666666667,beat rr=rr_long delta=delta_down member=<num>,generic
75,88,6526,6600,75,75,0,0,1.0,0.0,0.0,,,,,,0.52,beat rr=rr_long delta=delta_down member=<num>,generic
75,89,6601,6675,75,75,0,0,1.0,0.0,0.0,,,,,,0.41333333333333333,beat rr=rr_long delta=delta_up member=<num>,generic
75,90,6676,6750,75,75,0,0,1.0,0.0,0.0,,,,,,0.52,beat rr=rr_long delta=delta_down member=<num>,generic
75,91,6751,6825,75,75,0,0,1.0,0.0,0.0,,,,,,0.37333333333333335,beat rr=rr_long delta=delta_down member=<num>,generic
75,92,6826,6900,75,75,0,0,1.0,0.0,0.0,,,,,,0.4266666666666667,beat rr=rr_long delta=delta_down member=<num>,generic
75,93,6901,6975,75,75,0,0,1.0,0.0,0.0,,,,,,0.4666666666666667,beat rr=rr_long delta=delta_down member=<num>,generic
75,94,6976,7050,75,75,0,0,1.0,0.0,0.0,,,,,,0.4666666666666667,beat rr=rr_long delta=delta_down member=<num>,generic
75,95,7051,7125,75,75,0,0,1.0,0.0,0.0,,,,,,0.48,beat rr=rr_long delta=delta_down member=<num>,generic
75,96,7126,7200,75,75,0,0,1.0,0.0,0.0,,,,,,0.4266666666666667,beat rr=rr_long delta=delta_up member=<num>,generic
75,97,7201,7275,75,75,0,0,1.0,0.0,0.0,,,,,,0.5466666666666666,beat rr=rr_long delta=delta_down member=<num>,generic
75,98,7276,7350,75,75,0,0,1.0,0.0,0.0,,,,,,0.4266666666666667,beat rr=rr_long delta=delta_down member=<num>,generic
75,99,7351,7425,75,75,0,0,1.0,0.0,0.0,,,,,,0.48,beat rr=rr_long delta=delta_down member=<num>,generic
75,100,7426,7500,75,75,0,0,1.0,0.0,0.0,,,,,,0.48,beat rr=rr_long delta=delta_up member=<num>,generic
75,101,7501,7575,75,75,0,0,1.0,0.0,0.0,,,,,,0.44,beat rr=rr_long delta=delta_down member=<num>,generic
75,102,7576,7650,75,75,0,0,1.0,0.0,0.0,,,,,,0.5466666666666666,beat rr=rr_long delta=delta_down member=<num>,generic
75,103,7651,7725,75,75,0,0,1.0,0.0,0.0,,,,,,0.44,beat rr=rr_long delta=delta_down member=<num>,generic
75,104,7726,7800,75,75,0,0,1.0,0.0,0.0,,,,,,0.4266666666666667,beat rr=rr_long delta=delta_up member=<num>,generic
75,105,7801,7875,75,75,0,0,1.0,0.0,0.0,,,,,,0.38666666666666666,beat rr=rr_long delta=delta_up member=<num>,generic
75,106,7876,7950,75,75,0,0,1.0,0.0,0.0,,,,,,0.49333333333333335,beat rr=rr_long delta=delta_down member=<num>,generic
75,107,7951,8025,75,75,0,0,1.0,0.0,0.0,,,,,,0.4,beat rr=rr_long delta=delta_up member=<num>,generic
75,108,8026,8100,75,75,0,0,1.0,0.0,0.0,,,,,,0.44,beat rr=rr_long delta=delta_down member=<num>,generic
75,109,8101,8175,75,75,0,0,1.0,0.0,0.0,,,,,,0.41333333333333333,beat rr=rr_long delta=delta_up member=<num>,generic
75,110,8176,8250,75,75,0,0,1.0,0.0,0.0,,,,,,0.4533333333333333,beat rr=rr_long delta=delta_up member=<num>,generic
75,111,8251,8325,75,75,0,0,1.0,0.0,0.0,,,,,,0.41333333333333333,beat rr=rr_long delta=delta_up member=<num>,generic
75,112,8326,8400,75,75,0,0,1.0,0.0,0.0,,,,,,0.4533333333333333,beat rr=rr_long delta=delta_down member=<num>,generic
75,113,8401,8475,75,75,0,0,1.0,0.0,0.0,,,,,,0.5066666666666667,beat rr=rr_long delta=delta_down member=<num>,generic
75,114,8476,8550,75,75,0,0,1.0,0.0,0.0,,,,,,0.4,beat rr=rr_long delta=delta_down member=<num>,generic
75,115,8551,8625,75,75,0,0,1.0,0.0,0.0,,,,,,0.4,beat rr=rr_long delta=delta_down member=<num>,generic
75,116,8626,8700,75,75,0,0,1.0,0.0,0.0,,,,,,0.48,beat rr=rr_long delta=delta_down member=<num>,generic
75,117,8701,8775,75,75,0,0,1.0,0.0,0.0,,,,,,0.41333333333333333,beat rr=rr_long delta=delta_down member=<num>,generic
75,118,8776,8850,75,75,0,0,1.0,0.0,0.0,,,,,,0.4666666666666667,beat rr=rr_long delta=delta_up member=<num>,generic
75,119,8851,8925,75,75,0,0,1.0,0.0,0.0,,,,,,0.4266666666666667,beat rr=rr_long delta=delta_up member=<num>,generic
75,120,8926,9000,75,75,0,0,1.0,0.0,0.0,,,,,,0.4533333333333333,beat rr=rr_long delta=delta_down member=<num>,generic
75,121,9001,9075,75,75,0,0,1.0,0.0,0.0,,,,,,0.49333333333333335,beat rr=rr_long delta=delta_down member=<num>,generic
75,122,9076,9150,75,75,0,0,1.0,0.0,0.0,,,,,,0.37333333333333335,beat rr=rr_long delta=delta_flat member=<num>,generic
75,123,9151,9225,75,75,0,0,1.0,0.0,0.0,,,,,,0.4533333333333333,beat rr=rr_long delta=delta_down member=<num>,generic
75,124,9226,9300,75,75,0,0,1.0,0.0,0.0,,,,,,0.4266666666666667,beat rr=rr_long delta=delta_down member=<num>,generic
75,125,9301,9375,75,75,0,0,1.0,0.0,0.0,,,,,,0.4533333333333333,beat rr=rr_long delta=delta_down member=<num>,generic
75,126,9376,9450,75,75,0,0,1.0,0.0,0.0,,,,,,0.41333333333333333,beat rr=rr_long delta=delta_up member=<num>,generic
75,127,9451,9525,75,75,0,0,1.0,0.0,0.0,,,,,,0.49333333333333335,beat rr=rr_long delta=delta_down member=<num>,generic
75,128,9526,9600,75,75,0,0,1.0,0.0,0.0,,,,,,0.38666666666666666,beat rr=rr_long delta=delta_down member=<num>,generic
75,129,9601,9675,75,75,0,0,1.0,0.0,0.0,,,,,,0.4533333333333333,beat rr=rr_long delta=delta_down member=<num>,generic
75,130,9676,9750,75,75,0,0,1.0,0.0,0.0,,,,,,0.44,beat rr=rr_long delta=delta_down member=<num>,generic
75,131,9751,9825,75,75,0,0,1.0,0.0,0.0,,,,,,0.49333333333333335,beat rr=rr_long delta=delta_up member=<num>,generic
75,132,9826,9900,75,75,0,0,1.0,0.0,0.0,,,,,,0.48,beat rr=rr_long delta=delta_down member=<num>,generic
75,133,9901,9975,75,75,0,0,1.0,0.0,0.0,,,,,,0.4533333333333333,beat rr=rr_long delta=delta_down member=<num>,generic
75,134,9976,10050,75,75,0,0,1.0,0.0,0.0,,,,,,0.4266666666666667,beat rr=rr_long delta=delta_down member=<num>,generic
75,135,10051,10125,75,75,0,0,1.0,0.0,0.0,,,,,,0.4266666666666667,beat rr=rr_long delta=delta_down member=<num>,generic
75,136,10126,10200,75,75,0,0,1.0,0.0,0.0,,,,,,0.4266666666666667,beat rr=rr_long delta=delta_up member=<num>,generic
75,137,10201,10275,75,75,0,0,1.0,0.0,0.0,,,,,,0.4666666666666667,beat rr=rr_long delta=delta_down member=<num>,generic
75,138,10276,10350,75,75,0,0,1.0,0.0,0.0,,,,,,0.41333333333333333,beat rr=rr_long delta=delta_down member=<num>,generic
75,139,10351,10425,75,75,0,0,1.0,0.0,0.0,,,,,,0.4,beat rr=rr_long delta=delta_up member=<num>,generic
75,140,10426,10500,75,75,0,0,1.0,0.0,0.0,,,,,,0.4666666666666667,beat rr=rr_long delta=delta_down member=<num>,generic
75,141,10501,10575,75,75,0,0,1.0,0.0,0.0,,,,,,0.4266666666666667,beat rr=rr_long delta=delta_up member=<num>,generic
75,142,10576,10650,75,75,0,0,1.0,0.0,0.0,,,,,,0.5466666666666666,beat rr=rr_long delta=delta_down member=<num>,generic
75,143,10651,10725,75,75,0,0,1.0,0.0,0.0,,,,,,0.44,beat rr=rr_long delta=delta_up member=<num>,generic
75,144,10726,10800,75,75,0,0,1.0,0.0,0.0,,,,,,0.38666666666666666,beat rr=rr_long delta=delta_up member=<num>,generic
75,145,10801,10875,75,75,0,0,1.0,0.0,0.0,,,,,,0.52,beat rr=rr_long delta=delta_down member=<num>,generic
75,146,10876,10950,75,75,0,0,1.0,0.0,0.0,,,,,,0.44,beat rr=rr_long delta=delta_down member=<num>,generic
75,147,10951,11025,75,75,0,0,1.0,0.0,0.0,,,,,,0.4266666666666667,beat rr=rr_long delta=delta_down member=<num>,generic
75,148,11026,11100,75,75,0,0,1.0,0.0,0.0,,,,,,0.49333333333333335,beat rr=rr_long delta=delta_down member=<num>,generic
75,149,11101,11175,75,75,0,0,1.0,0.0,0.0,,,,,,0.4666666666666667,beat rr=rr_long delta=delta_down member=<num>,generic
75,150,11176,11250,75,75,0,0,1.0,0.0,0.0,,,,,,0.4533333333333333,beat rr=rr_long delta=delta_down member=<num>,generic
75,151,11251,11325,75,75,0,0,1.0,0.0,0.0,,,,,,0.4533333333333333,beat rr=rr_long delta=delta_down member=<num>,generic
75,152,11326,11400,75,75,0,0,1.0,0.0,0.0,,,,,,0.4533333333333333,beat rr=rr_long delta=delta_down member=<num>,generic
75,153,11401,11475,75,75,0,0,1.0,0.0,0.0,,,,,,0.4666666666666667,beat rr=rr_long delta=delta_down member=<num>,generic
75,154,11476,11550,75,75,0,0,1.0,0.0,0.0,,,,,,0.4666666666666667,beat rr=rr_long delta=delta_down member=<num>,generic
75,155,11551,11625,75,75,0,0,1.0,0.0,0.0,,,,,,0.41333333333333333,beat rr=rr_long delta=delta_up member=<num>,generic
75,156,11626,11700,75,75,0,0,1.0,0.0,0.0,,,,,,0.41333333333333333,beat rr=rr_long delta=delta_down member=<num>,generic
75,157,11701,11775,75,75,0,0,1.0,0.0,0.0,,,,,,0.4533333333333333,beat rr=rr_long delta=delta_up member=<num>,generic
75,158,11776,11850,75,75,0,0,1.0,0.0,0.0,,,,,,0.4666666666666667,beat rr=rr_long delta=delta_up member=<num>,generic
75,159,11851,11925,75,75,0,0,1.0,0.0,0.0,,,,,,0.4666666666666667,beat rr=rr_long delta=delta_down member=<num>,generic
75,160,11926,12000,75,75,0,0,1.0,0.0,0.0,,,,,,0.4533333333333333,beat rr=rr_long delta=delta_up member=<num>,generic
75,161,12001,12075,75,75,0,0,1.0,0.0,0.0,,,,,,0.4533333333333333,beat rr=rr_long delta=delta_up member=<num>,generic
75,162,12076,12150,75,75,0,0,1.0,0.0,0.0,,,,,,0.4,beat rr=rr_long delta=delta_down member=<num>,generic
75,163,12151,12225,75,75,0,0,1.0,0.0,0.0,,,,,,0.41333333333333333,beat rr=rr_long delta=delta_down member=<num>,generic
75,164,12226,12300,75,75,0,0,1.0,0.0,0.0,,,,,,0.56,beat rr=rr_long delta=delta_down member=<num>,generic
75,165,12301,12375,75,75,0,0,1.0,0.0,0.0,,,,,,0.48,beat rr=rr_long delta=delta_down member=<num>,generic
75,166,12376,12450,75,75,0,0,1.0,0.0,0.0,,,,,,0.4533333333333333,beat rr=rr_long delta=delta_up member=<num>,generic
75,167,12451,12525,75,75,0,0,1.0,0.0,0.0,,,,,,0.4,beat rr=rr_long delta=delta_up member=<num>,generic
75,168,12526,12600,75,75,0,0,1.0,0.0,0.0,,,,,,0.49333333333333335,beat rr=rr_long delta=delta_up member=<num>,generic
75,169,12601,12675,75,75,0,0,1.0,0.0,0.0,,,,,,0.48,beat rr=rr_long delta=delta_down member=<num>,generic
75,170,12676,12750,75,75,0,0,1.0,0.0,0.0,,,,,,0.49333333333333335,beat rr=rr_long delta=delta_up member=<num>,generic
75,171,12751,12825,75,75,0,0,1.0,0.0,0.0,,,,,,0.49333333333333335,beat rr=rr_long delta=delta_up member=<num>,generic
75,172,12826,12900,75,75,0,0,1.0,0.0,0.0,,,,,,0.41333333333333333,beat rr=rr_long delta=delta_up member=<num>,generic
75,173,12901,12975,75,75,0,0,1.0,0.0,0.0,,,,,,0.38666666666666666,beat rr=rr_long delta=delta_down member=<num>,generic
75,174,12976,13050,75,75,0,0,1.0,0.0,0.0,,,,,,0.48,beat rr=rr_long delta=delta_up member=<num>,generic
75,175,13051,13125,75,75,0,0,1.0,0.0,0.0,,,,,,0.4533333333333333,beat rr=rr_long delta=delta_up member=<num>,generic
75,176,13126,13200,75,75,0,0,1.0,0.0,0.0,,,,,,0.44,beat rr=rr_long delta=delta_down member=<num>,generic
75,177,13201,13275,75,75,0,0,1.0,0.0,0.0,,,,,,0.44,beat rr=rr_long delta=delta_up member=<num>,generic
75,178,13276,13350,75,75,0,0,1.0,0.0,0.0,,,,,,0.4266666666666667,beat rr=rr_long delta=delta_down member=<num>,generic
75,179,13351,13425,75,75,0,0,1.0,0.0,0.0,,,,,,0.48,beat rr=rr_long delta=delta_down member=<num>,generic
75,180,13426,13500,75,75,0,0,1.0,0.0,0.0,,,,,,0.4266666666666667,beat rr=rr_long delta=delta_up member=<num>,generic
75,181,13501,13575,75,75,0,0,1.0,0.0,0.0,,,,,,0.5066666666666667,beat rr=rr_long delta=delta_down member=<num>,generic
75,182,13576,13650,75,75,0,0,1.0,0.0,0.0,,,,,,0.4533333333333333,beat rr=rr_long delta=delta_down member=<num>,generic
75,183,13651,13725,75,75,0,0,1.0,0.0,0.0,,,,,,0.52,beat rr=rr_long delta=delta_down member=<num>,generic
75,184,13726,13800,75,75,0,0,1.0,0.0,0.0,,,,,,0.4666666666666667,beat rr=rr_long delta=delta_down member=<num>,generic
75,185,13801,13875,75,75,0,0,1.0,0.0,0.0,,,,,,0.48,beat rr=rr_long delta=delta_up member=<num>,generic
75,186,13876,13950,75,75,0,0,1.0,0.0,0.0,,,,,,0.4533333333333333,beat rr=rr_long delta=delta_down member=<num>,generic
75,187,13951,14025,75,75,0,0,1.0,0.0,0.0,,,,,,0.44,beat rr=rr_long delta=delta_down member=<num>,generic
75,188,14026,14100,75,75,0,0,1.0,0.0,0.0,,,,,,0.44,beat rr=rr_long delta=delta_up member=<num>,generic
75,189,14101,14175,75,75,0,0,1.0,0.0,0.0,,,,,,0.44,beat rr=rr_long delta=delta_down member=<num>,generic
75,190,14176,14250,75,75,0,0,1.0,0.0,0.0,,,,,,0.49333333333333335,beat rr=rr_long delta=delta_down member=<num>,generic
75,191,14251,14325,75,75,0,0,1.0,0.0,0.0,,,,,,0.44,beat rr=rr_long delta=delta_down member=<num>,generic
75,192,14326,14400,75,75,0,0,1.0,0.0,0.0,,,,,,0.4533333333333333,beat rr=rr_long delta=delta_up member=<num>,generic
75,193,14401,14475,75,75,0,0,1.0,0.0,0.0,,,,,,0.4666666666666667,beat rr=rr_long delta=delta_down member=<num>,generic
75,194,14476,14550,75,75,0,0,1.0,0.0,0.0,,,,,,0.44,beat rr=rr_long delta=delta_down member=<num>,generic
75,195,14551,14625,75,75,0,0,1.0,0.0,0.0,,,,,,0.49333333333333335,beat rr=rr_long delta=delta_down member=<num>,generic
75,196,14626,14700,75,75,0,0,1.0,0.0,0.0,,,,,,0.4666666666666667,beat rr=rr_long delta=delta_down member=<num>,generic
75,197,14701,14775,75,75,0,0,1.0,0.0,0.0,,,,,,0.41333333333333333,beat rr=rr_long delta=delta_down member=<num>,generic
75,198,14776,14850,75,75,0,0,1.0,0.0,0.0,,,,,,0.44,beat rr=rr_long delta=delta_down member=<num>,generic
75,199,14851,14925,75,75,0,0,1.0,0.0,0.0,,,,,,0.49333333333333335,beat rr=rr_long delta=delta_down member=<num>,generic
75,200,14926,15000,75,75,0,0,1.0,0.0,0.0,,,,,,0.44,beat rr=rr_long delta=delta_down member=<num>,generic
75,201,15001,15075,75,75,0,0,1.0,0.0,0.0,,,,,,0.44,beat rr=rr_long delta=delta_up member=<num>,generic
75,202,15076,15150,75,75,0,0,1.0,0.0,0.0,,,,,,0.4266666666666667,beat rr=rr_long delta=delta_down member=<num>,generic
75,203,15151,15225,75,75,0,0,1.0,0.0,0.0,,,,,,0.4666666666666667,beat rr=rr_long delta=delta_down member=<num>,generic
75,204,15226,15300,75,75,0,0,1.0,0.0,0.0,,,,,,0.56,beat rr=rr_long delta=delta_down member=<num>,generic
75,205,15301,15375,75,75,0,0,1.0,0.0,0.0,,,,,,0.5333333333333333,beat rr=rr_long delta=delta_down member=<num>,generic
75,206,15376,15450,75,75,0,0,1.0,0.0,0.0,,,,,,0.44,beat rr=rr_long delta=delta_up member=<num>,generic
75,207,15451,15525,75,75,0,0,1.0,0.0,0.0,,,,,,0.5333333333333333,beat rr=rr_long delta=delta_down member=<num>,generic
75,208,15526,15600,75,75,0,0,1.0,0.0,0.0,,,,,,0.4533333333333333,beat rr=rr_long delta=delta_down member=<num>,generic
75,209,15601,15675,75,75,0,0,1.0,0.0,0.0,,,,,,0.4533333333333333,beat rr=rr_long delta=delta_down member=<num>,generic
75,210,15676,15750,75,75,0,0,1.0,0.0,0.0,,,,,,0.4533333333333333,beat rr=rr_long delta=delta_down member=<num>,generic
75,211,15751,15825,75,75,0,0,1.0,0.0,0.0,,,,,,0.48,beat rr=rr_long delta=delta_down member=<num>,generic
75,212,15826,15900,75,75,0,0,1.0,0.0,0.0,,,,,,0.52,beat rr=rr_long delta=delta_down member=<num>,generic
75,213,15901,15975,75,75,0,0,1.0,0.0,0.0,,,,,,0.4666666666666667,beat rr=rr_long delta=delta_down member=<num>,generic
75,214,15976,16050,75,75,0,0,1.0,0.0,0.0,,,,,,0.4666666666666667,beat rr=rr_long delta=delta_down member=<num>,generic
75,215,16051,16125,75,75,0,0,1.0,0.0,0.0,,,,,,0.4533333333333333,beat rr=rr_long delta=delta_down member=<num>,generic
75,216,16126,16200,75,75,0,0,1.0,0.0,0.0,,,,,,0.4533333333333333,beat rr=rr_long delta=delta_down member=<num>,generic
75,217,16201,16275,75,75,0,0,1.0,0.0,0.0,,,,,,0.4533333333333333,beat rr=rr_long delta=delta_up member=<num>,generic
75,218,16276,16350,75,75,0,0,1.0,0.0,0.0,,,,,,0.56,beat rr=rr_long delta=delta_down member=<num>,generic
75,219,16351,16425,75,75,0,0,1.0,0.0,0.0,,,,,,0.49333333333333335,beat rr=rr_long delta=delta_down member=<num>,generic
75,220,16426,16500,75,75,0,0,1.0,0.0,0.0,,,,,,0.48,beat rr=rr_long delta=delta_down member=<num>,generic
75,221,16501,16575,75,75,0,0,1.0,0.0,0.0,,,,,,0.5066666666666667,beat rr=rr_long delta=delta_down member=<num>,generic
75,222,16576,16650,75,75,0,0,1.0,0.0,0.0,,,,,,0.41333333333333333,beat rr=rr_long delta=delta_down member=<num>,generic
75,223,16651,16725,75,75,0,0,1.0,0.0,0.0,,,,,,0.48,beat rr=rr_long delta=delta_down member=<num>,generic
75,224,16726,16800,75,75,0,0,1.0,0.0,0.0,,,,,,0.4266666666666667,beat rr=rr_long delta=delta_down member=<num>,generic
75,225,16801,16875,75,75,0,0,1.0,0.0,0.0,,,,,,0.52,beat rr=rr_long delta=delta_down member=<num>,generic
75,226,16876,16950,75,75,0,0,1.0,0.0,0.0,,,,,,0.48,beat rr=rr_long delta=delta_down member=<num>,generic
75,227,16951,17025,75,75,0,0,1.0,0.0,0.0,,,,,,0.4533333333333333,beat rr=rr_long delta=delta_down member=<num>,generic
75,228,17026,17100,75,75,0,0,1.0,0.0,0.0,,,,,,0.4,beat rr=rr_long delta=delta_down member=<num>,generic
75,229,17101,17175,75,75,0,0,1.0,0.0,0.0,,,,,,0.44,beat rr=rr_long delta=delta_up member=<num>,generic
75,230,17176,17250,75,75,0,0,1.0,0.0,0.0,,,,,,0.4533333333333333,beat rr=rr_long delta=delta_down member=<num>,generic
75,231,17251,17325,75,75,0,0,1.0,0.0,0.0,,,,,,0.4266666666666667,beat rr=rr_long delta=delta_down member=<num>,generic
75,232,17326,17400,75,75,0,0,1.0,0.0,0.0,,,,,,0.4533333333333333,beat rr=rr_long delta=delta_flat member=<num>,generic
75,233,17401,17475,75,75,0,0,1.0,0.0,0.0,,,,,,0.36,beat rr=rr_long delta=delta_down member=<num>,generic
75,234,17476,17550,75,75,0,0,1.0,0.0,0.0,,,,,,0.4266666666666667,beat rr=rr_long delta=delta_down member=<num>,generic
75,235,17551,17625,75,75,0,0,1.0,0.0,0.0,,,,,,0.37333333333333335,beat rr=rr_long delta=delta_down member=<num>,generic
75,236,17626,17700,75,75,0,0,1.0,0.0,0.0,,,,,,0.4533333333333333,beat rr=rr_long delta=delta_down member=<num>,generic
75,237,17701,17775,75,75,0,0,1.0,0.0,0.0,,,,,,0.4266666666666667,beat rr=rr_long delta=delta_up member=<num>,generic
75,238,17776,17850,75,75,0,0,1.0,0.0,0.0,,,,,,0.38666666666666666,beat rr=rr_long delta=delta_down member=<num>,generic
75,239,17851,17925,75,75,0,0,1.0,0.0,0.0,,,,,,0.36,beat rr=rr_long delta=delta_down member=<num>,generic
75,240,17926,18000,75,75,0,0,1.0,0.0,0.0,,,,,,0.37333333333333335,beat rr=rr_long delta=delta_down member=<num>,generic
75,241,18001,18075,75,75,0,0,1.0,0.0,0.0,,,,,,0.4,beat rr=rr_long delta=delta_down member=<num>,generic
75,242,18076,18150,75,75,0,0,1.0,0.0,0.0,,,,,,0.4,beat rr=rr_long delta=delta_down member=<num>,generic
75,243,18151,18225,75,75,0,0,1.0,0.0,0.0,,,,,,0.48,beat rr=rr_long delta=delta_down member=<num>,generic
75,244,18226,18300,75,75,0,0,1.0,0.0,0.0,,,,,,0.44,beat rr=rr_long delta=delta_down member=<num>,generic
75,245,18301,18375,75,75,0,0,1.0,0.0,0.0,,,,,,0.38666666666666666,beat rr=rr_long delta=delta_flat member=<num>,generic
75,246,18376,18450,75,75,0,0,1.0,0.0,0.0,,,,,,0.36,beat rr=rr_long delta=delta_up member=<num>,generic
75,247,18451,18525,75,75,0,0,1.0,0.0,0.0,,,,,,0.4266666666666667,beat rr=rr_long delta=delta_up member=<num>,generic
75,248,18526,18600,75,75,0,0,1.0,0.0,0.0,,,,,,0.41333333333333333,beat rr=rr_long delta=delta_down member=<num>,generic
75,249,18601,18675,75,75,0,0,1.0,0.0,0.0,,,,,,0.4533333333333333,beat rr=rr_long delta=delta_down member=<num>,generic
75,250,18676,18750,75,75,0,0,1.0,0.0,0.0,,,,,,0.4266666666666667,beat rr=rr_long delta=delta_up member=<num>,generic
75,251,18751,18825,75,75,0,0,1.0,0.0,0.0,,,,,,0.4533333333333333,beat rr=rr_long delta=delta_down member=<num>,generic
75,252,18826,18900,75,75,0,0,1.0,0.0,0.0,,,,,,0.4,beat rr=rr_long delta=delta_down member=<num>,generic
75,253,18901,18975,75,75,0,0,1.0,0.0,0.0,,,,,,0.37333333333333335,beat rr=rr_long delta=delta_up member=<num>,generic
75,254,18976,19050,75,75,0,0,1.0,0.0,0.0,,,,,,0.48,beat rr=rr_long delta=delta_down member=<num>,generic
75,255,19051,19125,75,75,0,0,1.0,0.0,0.0,,,,,,0.44,beat rr=rr_long delta=delta_up member=<num>,generic
75,256,19126,19200,75,75,0,0,1.0,0.0,0.0,,,,,,0.5866666666666667,beat rr=rr_long delta=delta_down member=<num>,generic
75,257,19201,19275,75,75,0,0,1.0,0.0,0.0,,,,,,0.52,beat rr=rr_long delta=delta_down member=<num>,generic
75,258,19276,19350,75,75,0,0,1.0,0.0,0.0,,,,,,0.44,beat rr=rr_long delta=delta_up member=<num>,generic
75,259,19351,19425,75,75,0,0,1.0,0.0,0.0,,,,,,0.56,beat rr=rr_long delta=delta_down member=<num>,generic
75,260,19426,19500,75,75,0,0,1.0,0.0,0.0,,,,,,0.4266666666666667,beat rr=rr_long delta=delta_down member=<num>,generic
75,261,19501,19575,75,75,0,0,1.0,0.0,0.0,,,,,,0.44,beat rr=rr_long delta=delta_down member=<num>,generic
75,262,19576,19650,75,75,0,0,1.0,0.0,0.0,,,,,,0.36,beat rr=rr_long delta=delta_up member=<num>,generic
75,263,19651,19725,75,75,0,0,1.0,0.0,0.0,,,,,,0.4533333333333333,beat rr=rr_long delta=delta_up member=<num>,generic
75,264,19726,19800,75,75,0,0,1.0,0.0,0.0,,,,,,0.38666666666666666,beat rr=rr_long delta=delta_up member=<num>,generic
75,265,19801,19875,75,75,0,0,1.0,0.0,0.0,,,,,,0.4266666666666667,beat rr=rr_long delta=delta_down member=<num>,generic
75,266,19876,19950,75,75,0,0,1.0,0.0,0.0,,,,,,0.41333333333333333,beat rr=rr_long delta=delta_down member=<num>,generic
75,267,19951,20025,75,75,0,0,1.0,0.0,0.0,,,,,,0.41333333333333333,beat rr=rr_long delta=delta_down member=<num>,generic
75,268,20026,20100,75,75,0,0,1.0,0.0,0.0,,,,,,0.41333333333333333,beat rr=rr_long delta=delta_down member=<num>,generic
75,269,20101,20175,75,75,0,0,1.0,0.0,0.0,,,,,,0.4,beat rr=rr_long delta=delta_down member=<num>,generic
75,270,20176,20250,75,75,0,0,1.0,0.0,0.0,,,,,,0.38666666666666666,beat rr=rr_long delta=delta_down member=<num>,generic
75,271,20251,20325,75,75,0,0,1.0,0.0,0.0,,,,,,0.5066666666666667,beat rr=rr_long delta=delta_down member=<num>,generic
75,272,20326,20400,75,75,0,0,1.0,0.0,0.0,,,,,,0.44,beat rr=rr_long delta=delta_down member=<num>,generic
75,273,20401,20475,75,75,0,0,1.0,0.0,0.0,,,,,,0.4,beat rr=rr_long delta=delta_down member=<num>,generic
75,274,20476,20550,75,75,0,0,1.0,0.0,0.0,,,,,,0.5066666666666667,beat rr=rr_long delta=delta_down member=<num>,generic
75,275,20551,20625,75,75,0,0,1.0,0.0,0.0,,,,,,0.48,beat rr=rr_long delta=delta_up member=<num>,generic
75,276,20626,20700,75,75,0,0,1.0,0.0,0.0,,,,,,0.36,beat rr=rr_long delta=delta_up member=<num>,generic
75,277,20701,20775,75,75,0,0,1.0,0.0,0.0,,,,,,0.44,beat rr=rr_long delta=delta_down member=<num>,generic
75,278,20776,20850,75,75,0,0,1.0,0.0,0.0,,,,,,0.4666666666666667,beat rr=rr_long delta=delta_down member=<num>,generic
75,279,20851,20925,75,75,0,0,1.0,0.0,0.0,,,,,,0.4533333333333333,beat rr=rr_long delta=delta_down member=<num>,generic
75,280,20926,21000,75,75,0,0,1.0,0.0,0.0,,,,,,0.5333333333333333,beat rr=rr_long delta=delta_down member=<num>,generic
75,281,21001,21075,75,75,0,0,1.0,0.0,0.0,,,,,,0.4266666666666667,beat rr=rr_long delta=delta_up member=<num>,generic
75,282,21076,21150,75,75,0,0,1.0,0.0,0.0,,,,,,0.4266666666666667,beat rr=rr_long delta=delta_down member=<num>,generic
75,283,21151,21225,75,75,0,0,1.0,0.0,0.0,,,,,,0.49333333333333335,beat rr=rr_long delta=delta_down member=<num>,generic
75,284,21226,21300,75,75,0,0,1.0,0.0,0.0,,,,,,0.37333333333333335,beat rr=rr_long delta=delta_up member=<num>,generic
75,285,21301,21375,75,75,0,0,1.0,0.0,0.0,,,,,,0.48,beat rr=rr_long delta=delta_down member=<num>,generic
75,286,21376,21450,75,75,0,0,1.0,0.0,0.0,,,,,,0.4533333333333333,beat rr=rr_long delta=delta_up member=<num>,generic
75,287,21451,21525,75,75,0,0,1.0,0.0,0.0,,,,,,0.4666666666666667,beat rr=rr_long delta=delta_down member=<num>,generic
75,288,21526,21600,75,75,0,0,1.0,0.0,0.0,,,,,,0.4266666666666667,beat rr=rr_long delta=delta_down member=<num>,generic
75,289,21601,21675,75,75,0,0,1.0,0.0,0.0,,,,,,0.38666666666666666,beat rr=rr_long delta=delta_down member=<num>,generic
75,290,21676,21750,75,75,0,0,1.0,0.0,0.0,,,,,,0.4533333333333333,beat rr=rr_long delta=delta_down member=<num>,generic
75,291,21751,21825,75,75,0,0,1.0,0.0,0.0,,,,,,0.48,beat rr=rr_long delta=delta_down member=<num>,generic
75,292,21826,21900,75,75,0,0,1.0,0.0,0.0,,,,,,0.38666666666666666,beat rr=rr_long delta=delta_down member=<num>,generic
75,293,21901,21975,75,75,0,0,1.0,0.0,0.0,,,,,,0.4533333333333333,beat rr=rr_long delta=delta_up member=<num>,generic
75,294,21976,22050,75,75,0,0,1.0,0.0,0.0,,,,,,0.48,beat rr=rr_long delta=delta_down member=<num>,generic
75,295,22051,22125,75,75,0,0,1.0,0.0,0.0,,,,,,0.41333333333333333,beat rr=rr_long delta=delta_up member=<num>,generic
75,296,22126,22200,75,75,0,0,1.0,0.0,0.0,,,,,,0.41333333333333333,beat rr=rr_long delta=delta_down member=<num>,generic
75,297,22201,22275,75,75,0,0,1.0,0.0,0.0,,,,,,0.5066666666666667,beat rr=rr_long delta=delta_down member=<num>,generic
75,298,22276,22350,75,75,0,0,1.0,0.0,0.0,,,,,,0.44,beat rr=rr_long delta=delta_up member=<num>,generic
75,299,22351,22425,75,75,0,0,1.0,0.0,0.0,,,,,,0.4666666666666667,beat rr=rr_long delta=delta_down member=<num>,generic
75,300,22426,22500,75,75,0,0,1.0,0.0,0.0,,,,,,0.4533333333333333,beat rr=rr_long delta=delta_down member=<num>,generic
75,301,22501,22575,75,75,0,0,1.0,0.0,0.0,,,,,,0.52,beat rr=rr_long delta=delta_down member=<num>,generic
75,302,22576,22650,75,75,0,0,1.0,0.0,0.0,,,,,,0.48,beat rr=rr_long delta=delta_down member=<num>,generic
75,303,22651,22725,75,75,0,0,1.0,0.0,0.0,,,,,,0.4266666666666667,beat rr=rr_long delta=delta_up member=<num>,generic
75,304,22726,22800,75,75,0,0,1.0,0.0,0.0,,,,,,0.48,beat rr=rr_long delta=delta_down member=<num>,generic
75,305,22801,22875,75,75,0,0,1.0,0.0,0.0,,,,,,0.3466666666666667,beat rr=rr_long delta=delta_up member=<num>,generic
75,306,22876,22950,75,75,0,0,1.0,0.0,0.0,,,,,,0.4533333333333333,beat rr=rr_long delta=delta_down member=<num>,generic
75,307,22951,23025,75,74,0,1,0.9866666666666667,0.0,0.013333333333333334,,,,,,0.4666666666666667,beat rr=rr_long delta=delta_down member=<num>,generic
75,308,23026,23100,75,75,0,0,1.0,0.0,0.0,,,,,,0.49333333333333335,beat rr=rr_long delta=delta_down member=<num>,generic
75,309,23101,23175,75,75,0,0,1.0,0.0,0.0,,,,,,0.41333333333333333,beat rr=rr_long delta=delta_down member=<num>,generic
75,310,23176,23250,75,75,0,0,1.0,0.0,0.0,,,,,,0.4533333333333333,beat rr=rr_long delta=delta_down member=<num>,generic
75,311,23251,23325,75,75,0,0,1.0,0.0,0.0,,,,,,0.52,beat rr=rr_long delta=delta_down member=<num>,generic
75,312,23326,23400,75,75,0,0,1.0,0.0,0.0,,,,,,0.49333333333333335,beat rr=rr_long delta=delta_down member=<num>,generic
75,313,23401,23475,75,75,0,0,1.0,0.0,0.0,,,,,,0.5333333333333333,beat rr=rr_long delta=delta_down member=<num>,generic
75,314,23476,23550,75,75,0,0,1.0,0.0,0.0,,,,,,0.5066666666666667,beat rr=rr_long delta=delta_down member=<num>,generic
75,315,23551,23625,75,75,0,0,1.0,0.0,0.0,,,,,,0.5466666666666666,beat rr=rr_long delta=delta_down member=<num>,generic
75,316,23626,23700,75,75,0,0,1.0,0.0,0.0,,,,,,0.44,beat rr=rr_long delta=delta_down member=<num>,generic
75,317,23701,23775,75,75,0,0,1.0,0.0,0.0,,,,,,0.41333333333333333,beat rr=rr_long delta=delta_up member=<num>,generic
75,318,23776,23850,75,75,0,0,1.0,0.0,0.0,,,,,,0.48,beat rr=rr_long delta=delta_down member=<num>,generic
75,319,23851,23925,75,75,0,0,1.0,0.0,0.0,,,,,,0.4266666666666667,beat rr=rr_long delta=delta_up member=<num>,generic
75,320,23926,24000,75,75,0,0,1.0,0.0,0.0,,,,,,0.41333333333333333,beat rr=rr_long delta=delta_down member=<num>,generic
75,321,24001,24075,75,75,0,0,1.0,0.0,0.0,,,,,,0.4,beat rr=rr_long delta=delta_up member=<num>,generic
75,322,24076,24150,75,75,0,0,1.0,0.0,0.0,,,,,,0.4666666666666667,beat rr=rr_long delta=delta_down member=<num>,generic
75,323,24151,24225,75,75,0,0,1.0,0.0,0.0,,,,,,0.4,beat rr=rr_long delta=delta_up member=<num>,generic
75,324,24226,24300,75,75,0,0,1.0,0.0,0.0,,,,,,0.38666666666666666,beat rr=rr_long delta=delta_down member=<num>,generic
75,325,24301,24375,75,75,0,0,1.0,0.0,0.0,,,,,,0.3466666666666667,beat rr=rr_long delta=delta_up member=<num>,generic
75,326,24376,24450,75,75,0,0,1.0,0.0,0.0,,,,,,0.48,beat rr=rr_long delta=delta_down member=<num>,generic
75,327,24451,24525,75,75,0,0,1.0,0.0,0.0,,,,,,0.41333333333333333,beat rr=rr_long delta=delta_up member=<num>,generic
75,328,24526,24600,75,75,0,0,1.0,0.0,0.0,,,,,,0.49333333333333335,beat rr=rr_long delta=delta_down member=<num>,generic
75,329,24601,24675,75,75,0,0,1.0,0.0,0.0,,,,,,0.4266666666666667,beat rr=rr_long delta=delta_down member=<num>,generic
75,330,24676,24750,75,75,0,0,1.0,0.0,0.0,,,,,,0.38666666666666666,beat rr=rr_long delta=delta_down member=<num>,generic
75,331,24751,24825,75,75,0,0,1.0,0.0,0.0,,,,,,0.4266666666666667,beat rr=rr_long delta=delta_down member=<num>,generic
75,332,24826,24900,75,75,0,0,1.0,0.0,0.0,,,,,,0.4,beat rr=rr_long delta=delta_down member=<num>,generic
75,333,24901,24975,75,75,0,0,1.0,0.0,0.0,,,,,,0.4,beat rr=rr_long delta=delta_down member=<num>,generic
75,334,24976,25050,75,75,0,0,1.0,0.0,0.0,,,,,,0.4533333333333333,beat rr=rr_long delta=delta_down member=<num>,generic
75,335,25051,25125,75,75,0,0,1.0,0.0,0.0,,,,,,0.37333333333333335,beat rr=rr_long delta=delta_up member=<num>,generic
75,336,25126,25200,75,75,0,0,1.0,0.0,0.0,,,,,,0.4,beat rr=rr_long delta=delta_up member=<num>,generic
75,337,25201,25275,75,75,0,0,1.0,0.0,0.0,,,,,,0.38666666666666666,beat rr=rr_long delta=delta_down member=<num>,generic
75,338,25276,25350,75,75,0,0,1.0,0.0,0.0,,,,,,0.38666666666666666,beat rr=rr_long delta=delta_down member=<num>,generic
75,339,25351,25425,75,75,0,0,1.0,0.0,0.0,,,,,,0.5333333333333333,beat rr=rr_long delta=delta_down member=<num>,generic
75,340,25426,25500,75,75,0,0,1.0,0.0,0.0,,,,,,0.5066666666666667,beat rr=rr_long delta=delta_down member=<num>,generic
75,341,25501,25575,75,75,0,0,1.0,0.0,0.0,,,,,,0.4666666666666667,beat rr=rr_long delta=delta_down member=<num>,generic
75,342,25576,25650,75,75,0,0,1.0,0.0,0.0,,,,,,0.37333333333333335,beat rr=rr_long delta=delta_down member=<num>,generic
75,343,25651,25725,75,75,0,0,1.0,0.0,0.0,,,,,,0.38666666666666666,beat rr=rr_long delta=delta_up member=<num>,generic
75,344,25726,25800,75,75,0,0,1.0,0.0,0.0,,,,,,0.48,beat rr=rr_long delta=delta_down member=<num>,generic
75,345,25801,25875,75,75,0,0,1.0,0.0,0.0,,,,,,0.49333333333333335,beat rr=rr_long delta=delta_down member=<num>,generic
75,346,25876,25950,75,75,0,0,1.0,0.0,0.0,,,,,,0.48,beat rr=rr_long delta=delta_down member=<num>,generic
75,347,25951,26025,75,75,0,0,1.0,0.0,0.0,,,,,,0.5733333333333334,beat rr=rr_long delta=delta_down member=<num>,generic
75,348,26026,26100,75,75,0,0,1.0,0.0,0.0,,,,,,0.44,beat rr=rr_long delta=delta_down member=<num>,generic
75,349,26101,26175,75,75,0,0,1.0,0.0,0.0,,,,,,0.5466666666666666,beat rr=rr_long delta=delta_down member=<num>,generic
75,350,26176,26250,75,75,0,0,1.0,0.0,0.0,,,,,,0.49333333333333335,beat rr=rr_long delta=delta_down member=<num>,generic
75,351,26251,26325,75,75,0,0,1.0,0.0,0.0,,,,,,0.48,beat rr=rr_long delta=delta_down member=<num>,generic
75,352,26326,26400,75,75,0,0,1.0,0.0,0.0,,,,,,0.4266666666666667,beat rr=rr_long delta=delta_down member=<num>,generic
75,353,26401,26475,75,75,0,0,1.0,0.0,0.0,,,,,,0.4266666666666667,beat rr=rr_long delta=delta_down member=<num>,generic
75,354,26476,26550,75,75,0,0,1.0,0.0,0.0,,,,,,0.5066666666666667,beat rr=rr_long delta=delta_down member=<num>,generic
75,355,26551,26625,75,75,0,0,1.0,0.0,0.0,,,,,,0.48,beat rr=rr_long delta=delta_down member=<num>,generic
75,356,26626,26700,75,75,0,0,1.0,0.0,0.0,,,,,,0.48,beat rr=rr_long delta=delta_down member=<num>,generic
75,357,26701,26775,75,75,0,0,1.0,0.0,0.0,,,,,,0.4266666666666667,beat rr=rr_long delta=delta_down member=<num>,generic
75,358,26776,26850,75,75,0,0,1.0,0.0,0.0,,,,,,0.4,beat rr=rr_long delta=delta_down member=<num>,generic
75,359,26851,26925,75,75,0,0,1.0,0.0,0.0,,,,,,0.44,beat rr=rr_long delta=delta_down member=<num>,generic
75,360,26926,27000,75,75,0,0,1.0,0.0,0.0,,,,,,0.5066666666666667,beat rr=rr_long delta=delta_down member=<num>,generic
75,361,27001,27075,75,75,0,0,1.0,0.0,0.0,,,,,,0.49333333333333335,beat rr=rr_long delta=delta_down member=<num>,generic
75,362,27076,27150,75,75,0,0,1.0,0.0,0.0,,,,,,0.4666666666666667,beat rr=rr_long delta=delta_down member=<num>,generic
75,363,27151,27225,75,75,0,0,1.0,0.0,0.0,,,,,,0.38666666666666666,beat rr=rr_long delta=delta_down member=<num>,generic
75,364,27226,27300,75,75,0,0,1.0,0.0,0.0,,,,,,0.52,beat rr=rr_long delta=delta_down member=<num>,generic
75,365,27301,27375,75,75,0,0,1.0,0.0,0.0,,,,,,0.56,beat rr=rr_long delta=delta_down member=<num>,generic
75,366,27376,27450,75,75,0,0,1.0,0.0,0.0,,,,,,0.5066666666666667,beat rr=rr_long delta=delta_down member=<num>,generic
75,367,27451,27525,75,75,0,0,1.0,0.0,0.0,,,,,,0.44,beat rr=rr_long delta=delta_down member=<num>,generic
75,368,27526,27600,75,75,0,0,1.0,0.0,0.0,,,,,,0.49333333333333335,beat rr=rr_long delta=delta_down member=<num>,generic
75,369,27601,27675,75,75,0,0,1.0,0.0,0.0,,,,,,0.4533333333333333,beat rr=rr_long delta=delta_down member=<num>,generic
75,370,27676,27750,75,75,0,0,1.0,0.0,0.0,,,,,,0.37333333333333335,beat rr=rr_long delta=delta_up member=<num>,generic
75,371,27751,27825,75,75,0,0,1.0,0.0,0.0,,,,,,0.5333333333333333,beat rr=rr_long delta=delta_down member=<num>,generic
75,372,27826,27900,75,75,0,0,1.0,0.0,0.0,,,,,,0.44,beat rr=rr_long delta=delta_down member=<num>,generic
75,373,27901,27975,75,73,2,0,0.9733333333333334,0.02666666666666667,0.0,,,,,,0.5333333333333333,beat rr=rr_long delta=delta_down member=<num>,generic
75,374,27976,28050,75,75,0,0,1.0,0.0,0.0,,,,,,0.49333333333333335,beat rr=rr_long delta=delta_down member=<num>,generic
75,375,28051,28125,75,75,0,0,1.0,0.0,0.0,,,,,,0.49333333333333335,beat rr=rr_long delta=delta_down member=<num>,generic
75,376,28126,28200,75,75,0,0,1.0,0.0,0.0,,,,,,0.38666666666666666,beat rr=rr_long delta=delta_down member=<num>,generic
75,377,28201,28275,75,75,0,0,1.0,0.0,0.0,,,,,,0.5333333333333333,beat rr=rr_long delta=delta_down member=<num>,generic
75,378,28276,28350,75,75,0,0,1.0,0.0,0.0,,,,,,0.48,beat rr=rr_long delta=delta_down member=<num>,generic
75,379,28351,28425,75,75,0,0,1.0,0.0,0.0,,,,,,0.49333333333333335,beat rr=rr_long delta=delta_down member=<num>,generic
75,380,28426,28500,75,75,0,0,1.0,0.0,0.0,,,,,,0.37333333333333335,beat rr=rr_long delta=delta_down member=<num>,generic
75,381,28501,28575,75,75,0,0,1.0,0.0,0.0,,,,,,0.4533333333333333,beat rr=rr_long delta=delta_down member=<num>,generic
75,382,28576,28650,75,75,0,0,1.0,0.0,0.0,,,,,,0.48,beat rr=rr_long delta=delta_down member=<num>,generic
75,383,28651,28725,75,75,0,0,1.0,0.0,0.0,,,,,,0.4,beat rr=rr_long delta=delta_down member=<num>,generic
75,384,28726,28800,75,75,0,0,1.0,0.0,0.0,,,,,,0.4,beat rr=rr_long delta=delta_up member=<num>,generic
75,385,28801,28875,75,75,0,0,1.0,0.0,0.0,,,,,,0.4266666666666667,beat rr=rr_long delta=delta_down member=<num>,generic
75,386,28876,28950,75,75,0,0,1.0,0.0,0.0,,,,,,0.44,beat rr=rr_long delta=delta_down member=<num>,generic
75,387,28951,29025,75,75,0,0,1.0,0.0,0.0,,,,,,0.4533333333333333,beat rr=rr_long delta=delta_up member=<num>,generic
75,388,29026,29100,75,75,0,0,1.0,0.0,0.0,,,,,,0.4266666666666667,beat rr=rr_long delta=delta_down member=<num>,generic
75,389,29101,29175,75,75,0,0,1.0,0.0,0.0,,,,,,0.52,beat rr=rr_long delta=delta_down member=<num>,generic
75,390,29176,29250,75,75,0,0,1.0,0.0,0.0,,,,,,0.38666666666666666,beat rr=rr_long delta=delta_down member=<num>,generic
75,391,29251,29325,75,75,0,0,1.0,0.0,0.0,,,,,,0.44,beat rr=rr_long delta=delta_down member=<num>,generic
75,392,29326,29400,75,75,0,0,1.0,0.0,0.0,,,,,,0.41333333333333333,beat rr=rr_long delta=delta_up member=<num>,generic
75,393,29401,29475,75,75,0,0,1.0,0.0,0.0,,,,,,0.38666666666666666,beat rr=rr_long delta=delta_down member=<num>,generic
75,394,29476,29550,75,75,0,0,1.0,0.0,0.0,,,,,,0.38666666666666666,beat rr=rr_long delta=delta_down member=<num>,generic
75,395,29551,29625,75,75,0,0,1.0,0.0,0.0,,,,,,0.4266666666666667,beat rr=rr_long delta=delta_down member=<num>,generic
75,396,29626,29700,75,75,0,0,1.0,0.0,0.0,,,,,,0.4666666666666667,beat rr=rr_long delta=delta_down member=<num>,generic
75,397,29701,29775,75,72,3,0,0.96,0.04,0.0,,,,,,0.52,beat rr=rr_long delta=delta_down member=<num>,generic
75,398,29776,29850,75,75,0,0,1.0,0.0,0.0,,,,,,0.5066666666666667,beat rr=rr_long delta=delta_down member=<num>,generic
75,399,29851,29925,75,75,0,0,1.0,0.0,0.0,,,,,,0.4533333333333333,beat rr=rr_long delta=delta_down member=<num>,generic
75,400,29926,30000,75,75,0,0,1.0,0.0,0.0,,,,,,0.6,beat rr=rr_long delta=delta_down member=<num>,generic
75,401,30001,30075,75,75,0,0,1.0,0.0,0.0,,,,,,0.56,beat rr=rr_long delta=delta_down member=<num>,generic
75,402,30076,30150,75,75,0,0,1.0,0.0,0.0,,,,,,0.4533333333333333,beat rr=rr_long delta=delta_up member=<num>,generic
75,403,30151,30225,75,75,0,0,1.0,0.0,0.0,,,,,,0.4666666666666667,beat rr=rr_long delta=delta_down member=<num>,generic
75,404,30226,30300,75,75,0,0,1.0,0.0,0.0,,,,,,0.52,beat rr=rr_long delta=delta_down member=<num>,generic
75,405,30301,30375,75,72,3,0,0.96,0.04,0.0,,,,,,0.6266666666666667,beat rr=rr_long delta=delta_down member=<num>,generic
75,406,30376,30450,75,75,0,0,1.0,0.0,0.0,,,,,,0.49333333333333335,beat rr=rr_long delta=delta_down member=<num>,generic
75,407,30451,30525,75,75,0,0,1.0,0.0,0.0,,,,,,0.4533333333333333,beat rr=rr_long delta=delta_down member=<num>,generic
75,408,30526,30600,75,75,0,0,1.0,0.0,0.0,,,,,,0.44,beat rr=rr_long delta=delta_down member=<num>,generic
75,409,30601,30675,75,75,0,0,1.0,0.0,0.0,,,,,,0.5333333333333333,beat rr=rr_long delta=delta_down member=<num>,generic
75,410,30676,30750,75,75,0,0,1.0,0.0,0.0,,,,,,0.52,beat rr=rr_long delta=delta_down member=<num>,generic
75,411,30751,30825,75,75,0,0,1.0,0.0,0.0,,,,,,0.5466666666666666,beat rr=rr_long delta=delta_down member=<num>,generic
75,412,30826,30900,75,75,0,0,1.0,0.0,0.0,,,,,,0.4533333333333333,beat rr=rr_long delta=delta_down member=<num>,generic
75,413,30901,30975,75,75,0,0,1.0,0.0,0.0,,,,,,0.44,beat rr=rr_long delta=delta_down member=<num>,generic
75,414,30976,31050,75,75,0,0,1.0,0.0,0.0,,,,,,0.49333333333333335,beat rr=rr_long delta=delta_down member=<num>,generic
75,415,31051,31125,75,75,0,0,1.0,0.0,0.0,,,,,,0.52,beat rr=rr_long delta=delta_down member=<num>,generic
75,416,31126,31200,75,75,0,0,1.0,0.0,0.0,,,,,,0.4533333333333333,beat rr=rr_long delta=delta_down member=<num>,generic
75,417,31201,31275,75,75,0,0,1.0,0.0,0.0,,,,,,0.5066666666666667,beat rr=rr_long delta=delta_down member=<num>,generic
75,418,31276,31350,75,75,0,0,1.0,0.0,0.0,,,,,,0.48,beat rr=rr_long delta=delta_down member=<num>,generic
75,419,31351,31425,75,75,0,0,1.0,0.0,0.0,,,,,,0.5466666666666666,beat rr=rr_long delta=delta_down member=<num>,generic
75,420,31426,31500,75,75,0,0,1.0,0.0,0.0,,,,,,0.5733333333333334,beat rr=rr_long delta=delta_down member=<num>,generic
75,421,31501,31575,75,75,0,0,1.0,0.0,0.0,,,,,,0.4266666666666667,beat rr=rr_long delta=delta_down member=<num>,generic
75,422,31576,31650,75,75,0,0,1.0,0.0,0.0,,,,,,0.49333333333333335,beat rr=rr_long delta=delta_down member=<num>,generic
75,423,31651,31725,75,75,0,0,1.0,0.0,0.0,,,,,,0.4266666666666667,beat rr=rr_long delta=delta_down member=<num>,generic
75,424,31726,31800,75,75,0,0,1.0,0.0,0.0,,,,,,0.4533333333333333,beat rr=rr_long delta=delta_down member=<num>,generic
75,425,31801,31875,75,75,0,0,1.0,0.0,0.0,,,,,,0.4666666666666667,beat rr=rr_long delta=delta_up member=<num>,generic
75,426,31876,31950,75,75,0,0,1.0,0.0,0.0,,,,,,0.52,beat rr=rr_long delta=delta_down member=<num>,generic
75,427,31951,32025,75,75,0,0,1.0,0.0,0.0,,,,,,0.4533333333333333,beat rr=rr_long delta=delta_down member=<num>,generic
75,428,32026,32100,75,75,0,0,1.0,0.0,0.0,,,,,,0.4666666666666667,beat rr=rr_long delta=delta_down member=<num>,generic
75,429,32101,32175,75,75,0,0,1.0,0.0,0.0,,,,,,0.52,beat rr=rr_long delta=delta_down member=<num>,generic
75,430,32176,32250,75,75,0,0,1.0,0.0,0.0,,,,,,0.37333333333333335,beat rr=rr_long delta=delta_up member=<num>,generic
75,431,32251,32325,75,75,0,0,1.0,0.0,0.0,,,,,,0.56,beat rr=rr_long delta=delta_down member=<num>,generic
75,432,32326,32400,75,75,0,0,1.0,0.0,0.0,,,,,,0.4266666666666667,beat rr=rr_long delta=delta_down member=<num>,generic
75,433,32401,32475,75,75,0,0,1.0,0.0,0.0,,,,,,0.4266666666666667,beat rr=rr_long delta=delta_down member=<num>,generic
75,434,32476,32550,75,75,0,0,1.0,0.0,0.0,,,,,,0.52,beat rr=rr_long delta=delta_down member=<num>,generic
75,435,32551,32625,75,75,0,0,1.0,0.0,0.0,,,,,,0.4,beat rr=rr_long delta=delta_up member=<num>,generic
75,436,32626,32700,75,75,0,0,1.0,0.0,0.0,,,,,,0.4666666666666667,beat rr=rr_long delta=delta_down member=<num>,generic
75,437,32701,32775,75,75,0,0,1.0,0.0,0.0,,,,,,0.48,beat rr=rr_long delta=delta_down member=<num>,generic
75,438,32776,32850,75,75,0,0,1.0,0.0,0.0,,,,,,0.49333333333333335,beat rr=rr_long delta=delta_down member=<num>,generic
75,439,32851,32925,75,75,0,0,1.0,0.0,0.0,,,,,,0.4533333333333333,beat rr=rr_long delta=delta_down member=<num>,generic
75,440,32926,33000,75,75,0,0,1.0,0.0,0.0,,,,,,0.5333333333333333,beat rr=rr_long delta=delta_down member=<num>,generic
75,441,33001,33075,75,75,0,0,1.0,0.0,0.0,,,,,,0.44,beat rr=rr_long delta=delta_up member=<num>,generic
75,442,33076,33150,75,75,0,0,1.0,0.0,0.0,,,,,,0.49333333333333335,beat rr=rr_long delta=delta_down member=<num>,generic
75,443,33151,33225,75,75,0,0,1.0,0.0,0.0,,,,,,0.5333333333333333,beat rr=rr_long delta=delta_down member=<num>,generic
75,444,33226,33300,75,75,0,0,1.0,0.0,0.0,,,,,,0.4533333333333333,beat rr=rr_long delta=delta_down member=<num>,generic
75,445,33301,33375,75,75,0,0,1.0,0.0,0.0,,,,,,0.5333333333333333,beat rr=rr_long delta=delta_down member=<num>,generic
75,446,33376,33450,75,75,0,0,1.0,0.0,0.0,,,,,,0.48,beat rr=rr_long delta=delta_down member=<num>,generic
75,447,33451,33525,75,75,0,0,1.0,0.0,0.0,,,,,,0.4,beat rr=rr_long delta=delta_up member=<num>,generic
75,448,33526,33600,75,75,0,0,1.0,0.0,0.0,,,,,,0.52,beat rr=rr_long delta=delta_down member=<num>,generic
75,449,33601,33675,75,75,0,0,1.0,0.0,0.0,,,,,,0.44,beat rr=rr_long delta=delta_down member=<num>,generic
75,450,33676,33750,75,75,0,0,1.0,0.0,0.0,,,,,,0.49333333333333335,beat rr=rr_long delta=delta_down member=<num>,generic
75,451,33751,33825,75,75,0,0,1.0,0.0,0.0,,,,,,0.4533333333333333,beat rr=rr_long delta=delta_down member=<num>,generic
75,452,33826,33900,75,75,0,0,1.0,0.0,0.0,,,,,,0.48,beat rr=rr_long delta=delta_down member=<num>,generic
75,453,33901,33975,75,75,0,0,1.0,0.0,0.0,,,,,,0.56,beat rr=rr_long delta=delta_down member=<num>,generic
75,454,33976,34050,75,75,0,0,1.0,0.0,0.0,,,,,,0.5066666666666667,beat rr=rr_long delta=delta_down member=<num>,generic
75,455,34051,34125,75,75,0,0,1.0,0.0,0.0,,,,,,0.4266666666666667,beat rr=rr_long delta=delta_down member=<num>,generic
75,456,34126,34200,75,75,0,0,1.0,0.0,0.0,,,,,,0.5466666666666666,beat rr=rr_long delta=delta_down member=<num>,generic
75,457,34201,34275,75,75,0,0,1.0,0.0,0.0,,,,,,0.48,beat rr=rr_long delta=delta_down member=<num>,generic
75,458,34276,34350,75,75,0,0,1.0,0.0,0.0,,,,,,0.5466666666666666,beat rr=rr_long delta=delta_down member=<num>,generic
75,459,34351,34425,75,75,0,0,1.0,0.0,0.0,,,,,,0.44,beat rr=rr_long delta=delta_down member=<num>,generic
75,460,34426,34500,75,75,0,0,1.0,0.0,0.0,,,,,,0.44,beat rr=rr_long delta=delta_down member=<num>,generic
75,461,34501,34575,75,75,0,0,1.0,0.0,0.0,,,,,,0.49333333333333335,beat rr=rr_long delta=delta_down member=<num>,generic
75,462,34576,34650,75,75,0,0,1.0,0.0,0.0,,,,,,0.44,beat rr=rr_long delta=delta_up member=<num>,generic
75,463,34651,34725,75,75,0,0,1.0,0.0,0.0,,,,,,0.5733333333333334,beat rr=rr_long delta=delta_down member=<num>,generic
75,464,34726,34800,75,75,0,0,1.0,0.0,0.0,,,,,,0.48,beat rr=rr_long delta=delta_down member=<num>,generic
75,465,34801,34875,75,75,0,0,1.0,0.0,0.0,,,,,,0.41333333333333333,beat rr=rr_long delta=delta_down member=<num>,generic
75,466,34876,34950,75,75,0,0,1.0,0.0,0.0,,,,,,0.48,beat rr=rr_long delta=delta_down member=<num>,generic
75,467,34951,35025,75,75,0,0,1.0,0.0,0.0,,,,,,0.5066666666666667,beat rr=rr_long delta=delta_down member=<num>,generic
75,468,35026,35100,75,75,0,0,1.0,0.0,0.0,,,,,,0.44,beat rr=rr_long delta=delta_down member=<num>,generic
75,469,35101,35175,75,75,0,0,1.0,0.0,0.0,,,,,,0.5466666666666666,beat rr=rr_long delta=delta_down member=<num>,generic
75,470,35176,35250,75,75,0,0,1.0,0.0,0.0,,,,,,0.4666666666666667,beat rr=rr_long delta=delta_down member=<num>,generic
75,471,35251,35325,75,75,0,0,1.0,0.0,0.0,,,,,,0.4533333333333333,beat rr=rr_long delta=delta_down member=<num>,generic
75,472,35326,35400,75,75,0,0,1.0,0.0,0.0,,,,,,0.4266666666666667,beat rr=rr_long delta=delta_down member=<num>,generic
75,473,35401,35475,75,75,0,0,1.0,0.0,0.0,,,,,,0.4533333333333333,beat rr=rr_long delta=delta_down member=<num>,generic
75,474,35476,35550,75,75,0,0,1.0,0.0,0.0,,,,,,0.38666666666666666,beat rr=rr_long delta=delta_down member=<num>,generic
75,475,35551,35625,75,75,0,0,1.0,0.0,0.0,,,,,,0.48,beat rr=rr_long delta=delta_down member=<num>,generic
75,476,35626,35700,75,75,0,0,1.0,0.0,0.0,,,,,,0.5066666666666667,beat rr=rr_long delta=delta_down member=<num>,generic
75,477,35701,35775,75,75,0,0,1.0,0.0,0.0,,,,,,0.49333333333333335,beat rr=rr_long delta=delta_down member=<num>,generic
75,478,35776,35850,75,75,0,0,1.0,0.0,0.0,,,,,,0.4,beat rr=rr_long delta=delta_down member=<num>,generic
75,479,35851,35925,75,75,0,0,1.0,0.0,0.0,,,,,,0.4533333333333333,beat rr=rr_long delta=delta_down member=<num>,generic
75,480,35926,36000,75,75,0,0,1.0,0.0,0.0,,,,,,0.4266666666666667,beat rr=rr_long delta=delta_down member=<num>,generic
75,481,36001,36075,75,75,0,0,1.0,0.0,0.0,,,,,,0.44,beat rr=rr_long delta=delta_up member=<num>,generic
75,482,36076,36150,75,75,0,0,1.0,0.0,0.0,,,,,,0.4666666666666667,beat rr=rr_long delta=delta_down member=<num>,generic
75,483,36151,36225,75,75,0,0,1.0,0.0,0.0,,,,,,0.5333333333333333,beat rr=rr_long delta=delta_down member=<num>,generic
75,484,36226,36300,75,75,0,0,1.0,0.0,0.0,,,,,,0.44,beat rr=rr_long delta=delta_down member=<num>,generic
75,485,36301,36375,75,75,0,0,1.0,0.0,0.0,,,,,,0.44,beat rr=rr_long delta=delta_up member=<num>,generic
75,486,36376,36450,75,75,0,0,1.0,0.0,0.0,,,,,,0.41333333333333333,beat rr=rr_long delta=delta_down member=<num>,generic
75,487,36451,36525,75,75,0,0,1.0,0.0,0.0,,,,,,0.44,beat rr=rr_long delta=delta_up member=<num>,generic
75,488,36526,36600,75,75,0,0,1.0,0.0,0.0,,,,,,0.44,beat rr=rr_long delta=delta_down member=<num>,generic
75,489,36601,36675,75,75,0,0,1.0,0.0,0.0,,,,,,0.4666666666666667,beat rr=rr_long delta=delta_down member=<num>,generic
75,490,36676,36750,75,75,0,0,1.0,0.0,0.0,,,,,,0.5066666666666667,beat rr=rr_long delta=delta_down member=<num>,generic
75,491,36751,36825,75,75,0,0,1.0,0.0,0.0,,,,,,0.4666666666666667,beat rr=rr_long delta=delta_down member=<num>,generic
75,492,36826,36900,75,75,0,0,1.0,0.0,0.0,,,,,,0.4266666666666667,beat rr=rr_long delta=delta_down member=<num>,generic
75,493,36901,36975,75,75,0,0,1.0,0.0,0.0,,,,,,0.4266666666666667,beat rr=rr_long delta=delta_down member=<num>,generic
75,494,36976,37050,75,75,0,0,1.0,0.0,0.0,,,,,,0.4666666666666667,beat rr=rr_long delta=delta_up member=<num>,generic
75,495,37051,37125,75,75,0,0,1.0,0.0,0.0,,,,,,0.49333333333333335,beat rr=rr_long delta=delta_down member=<num>,generic
75,496,37126,37200,75,75,0,0,1.0,0.0,0.0,,,,,,0.48,beat rr=rr_long delta=delta_up member=<num>,generic
75,497,37201,37275,75,75,0,0,1.0,0.0,0.0,,,,,,0.38666666666666666,beat rr=rr_long delta=delta_down member=<num>,generic
75,498,37276,37350,75,75,0,0,1.0,0.0,0.0,,,,,,0.52,beat rr=rr_long delta=delta_down member=<num>,generic
75,499,37351,37425,75,75,0,0,1.0,0.0,0.0,,,,,,0.5466666666666666,beat rr=rr_long delta=delta_down member=<num>,generic
75,500,37426,37500,75,75,0,0,1.0,0.0,0.0,,,,,,0.4,beat rr=rr_long delta=delta_down member=<num>,generic
75,501,37501,37575,75,75,0,0,1.0,0.0,0.0,,,,,,0.4,beat rr=rr_long delta=delta_down member=<num>,generic
75,502,37576,37650,75,75,0,0,1.0,0.0,0.0,,,,,,0.44,beat rr=rr_long delta=delta_down member=<num>,generic
75,503,37651,37725,75,75,0,0,1.0,0.0,0.0,,,,,,0.44,beat rr=rr_long delta=delta_down member=<num>,generic
75,504,37726,37800,75,75,0,0,1.0,0.0,0.0,,,,,,0.4533333333333333,beat rr=rr_long delta=delta_down member=<num>,generic
75,505,37801,37875,75,75,0,0,1.0,0.0,0.0,,,,,,0.5866666666666667,beat rr=rr_long delta=delta_down member=<num>,generic
75,506,37876,37950,75,75,0,0,1.0,0.0,0.0,,,,,,0.4533333333333333,beat rr=rr_long delta=delta_down member=<num>,generic
75,507,37951,38025,75,75,0,0,1.0,0.0,0.0,,,,,,0.48,beat rr=rr_long delta=delta_down member=<num>,generic
75,508,38026,38100,75,75,0,0,1.0,0.0,0.0,,,,,,0.4266666666666667,beat rr=rr_long delta=delta_down member=<num>,generic
75,509,38101,38175,75,75,0,0,1.0,0.0,0.0,,,,,,0.4266666666666667,beat rr=rr_long delta=delta_down member=<num>,generic
75,510,38176,38250,75,75,0,0,1.0,0.0,0.0,,,,,,0.5733333333333334,beat rr=rr_long delta=delta_down member=<num>,generic
75,511,38251,38325,75,75,0,0,1.0,0.0,0.0,,,,,,0.4533333333333333,beat rr=rr_long delta=delta_up member=<num>,generic
75,512,38326,38400,75,75,0,0,1.0,0.0,0.0,,,,,,0.52,beat rr=rr_long delta=delta_down member=<num>,generic
75,513,38401,38475,75,75,0,0,1.0,0.0,0.0,,,,,,0.48,beat rr=rr_long delta=delta_down member=<num>,generic
75,514,38476,38550,75,75,0,0,1.0,0.0,0.0,,,,,,0.4533333333333333,beat rr=rr_long delta=delta_down member=<num>,generic
75,515,38551,38625,75,75,0,0,1.0,0.0,0.0,,,,,,0.4266666666666667,beat rr=rr_long delta=delta_down member=<num>,generic
75,516,38626,38700,75,75,0,0,1.0,0.0,0.0,,,,,,0.4666666666666667,beat rr=rr_long delta=delta_up member=<num>,generic
75,517,38701,38775,75,75,0,0,1.0,0.0,0.0,,,,,,0.4666666666666667,beat rr=rr_long delta=delta_up member=<num>,generic
75,518,38776,38850,75,75,0,0,1.0,0.0,0.0,,,,,,0.4666666666666667,beat rr=rr_long delta=delta_down member=<num>,generic
75,519,38851,38925,75,75,0,0,1.0,0.0,0.0,,,,,,0.44,beat rr=rr_long delta=delta_down member=<num>,generic
75,520,38926,39000,75,75,0,0,1.0,0.0,0.0,,,,,,0.4533333333333333,beat rr=rr_long delta=delta_down member=<num>,generic
75,521,39001,39075,75,75,0,0,1.0,0.0,0.0,,,,,,0.44,beat rr=rr_long delta=delta_down member=<num>,generic
75,522,39076,39150,75,75,0,0,1.0,0.0,0.0,,,,,,0.52,beat rr=rr_long delta=delta_up member=<num>,generic
75,523,39151,39225,75,75,0,0,1.0,0.0,0.0,,,,,,0.4533333333333333,beat rr=rr_long delta=delta_up member=<num>,generic
75,524,39226,39300,75,75,0,0,1.0,0.0,0.0,,,,,,0.4266666666666667,beat rr=rr_long delta=delta_up member=<num>,generic
75,525,39301,39375,75,75,0,0,1.0,0.0,0.0,,,,,,0.41333333333333333,beat rr=rr_long delta=delta_down member=<num>,generic
75,526,39376,39450,75,75,0,0,1.0,0.0,0.0,,,,,,0.4266666666666667,beat rr=rr_long delta=delta_down member=<num>,generic
75,527,39451,39525,75,75,0,0,1.0,0.0,0.0,,,,,,0.4266666666666667,beat rr=rr_long delta=delta_down member=<num>,generic
75,528,39526,39600,75,75,0,0,1.0,0.0,0.0,,,,,,0.4533333333333333,beat rr=rr_long delta=delta_down member=<num>,generic
75,529,39601,39675,75,75,0,0,1.0,0.0,0.0,,,,,,0.5333333333333333,beat rr=rr_long delta=delta_down member=<num>,generic
75,530,39676,39750,75,75,0,0,1.0,0.0,0.0,,,,,,0.38666666666666666,beat rr=rr_long delta=delta_up member=<num>,generic
75,531,39751,39825,75,75,0,0,1.0,0.0,0.0,,,,,,0.41333333333333333,beat rr=rr_long delta=delta_up member=<num>,generic
75,532,39826,39900,75,75,0,0,1.0,0.0,0.0,,,,,,0.44,beat rr=rr_long delta=delta_down member=<num>,generic
75,533,39901,39975,75,75,0,0,1.0,0.0,0.0,,,,,,0.4266666666666667,beat rr=rr_long delta=delta_down member=<num>,generic
75,534,39976,40050,75,75,0,0,1.0,0.0,0.0,,,,,,0.37333333333333335,beat rr=rr_long delta=delta_down member=<num>,generic
75,535,40051,40125,75,75,0,0,1.0,0.0,0.0,,,,,,0.4,beat rr=rr_long delta=delta_down member=<num>,generic
75,536,40126,40200,75,75,0,0,1.0,0.0,0.0,,,,,,0.41333333333333333,beat rr=rr_long delta=delta_up member=<num>,generic
75,537,40201,40275,75,75,0,0,1.0,0.0,0.0,,,,,,0.44,beat rr=rr_long delta=delta_down member=<num>,generic
75,538,40276,40350,75,75,0,0,1.0,0.0,0.0,,,,,,0.37333333333333335,beat rr=rr_long delta=delta_down member=<num>,generic
75,539,40351,40425,75,75,0,0,1.0,0.0,0.0,,,,,,0.4666666666666667,beat rr=rr_long delta=delta_down member=<num>,generic
75,540,40426,40500,75,75,0,0,1.0,0.0,0.0,,,,,,0.5066666666666667,beat rr=rr_long delta=delta_down member=<num>,generic
75,541,40501,40575,75,75,0,0,1.0,0.0,0.0,,,,,,0.44,beat rr=rr_long delta=delta_down member=<num>,generic
75,542,40576,40650,75,75,0,0,1.0,0.0,0.0,,,,,,0.41333333333333333,beat rr=rr_long delta=delta_down member=<num>,generic
75,543,40651,40725,75,75,0,0,1.0,0.0,0.0,,,,,,0.5066666666666667,beat rr=rr_long delta=delta_up member=<num>,generic
75,544,40726,40800,75,75,0,0,1.0,0.0,0.0,,,,,,0.4533333333333333,beat rr=rr_long delta=delta_down member=<num>,generic
75,545,40801,40875,75,75,0,0,1.0,0.0,0.0,,,,,,0.4533333333333333,beat rr=rr_long delta=delta_up member=<num>,generic
75,546,40876,40950,75,75,0,0,1.0,0.0,0.0,,,,,,0.4533333333333333,beat rr=rr_long delta=delta_down member=<num>,generic
75,547,40951,41025,75,75,0,0,1.0,0.0,0.0,,,,,,0.4666666666666667,beat rr=rr_long delta=delta_down member=<num>,generic
75,548,41026,41100,75,75,0,0,1.0,0.0,0.0,,,,,,0.38666666666666666,beat rr=rr_long delta=delta_down member=<num>,generic
75,549,41101,41175,75,75,0,0,1.0,0.0,0.0,,,,,,0.44,beat rr=rr_long delta=delta_up member=<num>,generic
75,550,41176,41250,75,75,0,0,1.0,0.0,0.0,,,,,,0.4666666666666667,beat rr=rr_long delta=delta_up member=<num>,generic
75,551,41251,41325,75,75,0,0,1.0,0.0,0.0,,,,,,0.48,beat rr=rr_long delta=delta_down member=<num>,generic
75,552,41326,41400,75,74,0,1,0.9866666666666667,0.0,0.013333333333333334,,,,,,0.4266666666666667,beat rr=rr_long delta=delta_down member=<num>,generic
75,553,41401,41475,75,75,0,0,1.0,0.0,0.0,,,,,,0.4666666666666667,beat rr=rr_long delta=delta_down member=<num>,generic
75,554,41476,41550,75,75,0,0,1.0,0.0,0.0,,,,,,0.4266666666666667,beat rr=rr_long delta=delta_down member=<num>,generic
75,555,41551,41625,75,75,0,0,1.0,0.0,0.0,,,,,,0.49333333333333335,beat rr=rr_long delta=delta_down member=<num>,generic
75,556,41626,41700,75,75,0,0,1.0,0.0,0.0,,,,,,0.4266666666666667,beat rr=rr_long delta=delta_up member=<num>,generic
75,557,41701,41775,75,75,0,0,1.0,0.0,0.0,,,,,,0.38666666666666666,beat rr=rr_long delta=delta_down member=<num>,generic
75,558,41776,41850,75,75,0,0,1.0,0.0,0.0,,,,,,0.4533333333333333,beat rr=rr_long delta=delta_down member=<num>,generic
75,559,41851,41925,75,75,0,0,1.0,0.0,0.0,,,,,,0.4266666666666667,beat rr=rr_long delta=delta_down member=<num>,generic
75,560,41926,42000,75,75,0,0,1.0,0.0,0.0,,,,,,0.41333333333333333,beat rr=rr_long delta=delta_down member=<num>,generic
75,561,42001,42075,75,75,0,0,1.0,0.0,0.0,,,,,,0.41333333333333333,beat rr=rr_long delta=delta_down member=<num>,generic
75,562,42076,42150,75,75,0,0,1.0,0.0,0.0,,,,,,0.4,beat rr=rr_long delta=delta_down member=<num>,generic
75,563,42151,42225,75,75,0,0,1.0,0.0,0.0,,,,,,0.4533333333333333,beat rr=rr_long delta=delta_down member=<num>,generic
75,564,42226,42300,75,75,0,0,1.0,0.0,0.0,,,,,,0.4666666666666667,beat rr=rr_long delta=delta_down member=<num>,generic
75,565,42301,42375,75,75,0,0,1.0,0.0,0.0,,,,,,0.4533333333333333,beat rr=rr_long delta=delta_down member=<num>,generic
75,566,42376,42450,75,75,0,0,1.0,0.0,0.0,,,,,,0.4533333333333333,beat rr=rr_long delta=delta_down member=<num>,generic
75,567,42451,42525,75,75,0,0,1.0,0.0,0.0,,,,,,0.4666666666666667,beat rr=rr_long delta=delta_down member=<num>,generic
75,568,42526,42600,75,75,0,0,1.0,0.0,0.0,,,,,,0.48,beat rr=rr_long delta=delta_down member=<num>,generic
75,569,42601,42675,75,75,0,0,1.0,0.0,0.0,,,,,,0.4266666666666667,beat rr=rr_long delta=delta_down member=<num>,generic
75,570,42676,42750,75,75,0,0,1.0,0.0,0.0,,,,,,0.4533333333333333,beat rr=rr_long delta=delta_up member=<num>,generic
75,571,42751,42825,75,75,0,0,1.0,0.0,0.0,,,,,,0.44,beat rr=rr_long delta=delta_up member=<num>,generic
75,572,42826,42900,75,75,0,0,1.0,0.0,0.0,,,,,,0.44,beat rr=rr_long delta=delta_up member=<num>,generic
75,573,42901,42975,75,75,0,0,1.0,0.0,0.0,,,,,,0.56,beat rr=rr_long delta=delta_down member=<num>,generic
75,574,42976,43050,75,75,0,0,1.0,0.0,0.0,,,,,,0.52,beat rr=rr_long delta=delta_down member=<num>,generic
75,575,43051,43125,75,75,0,0,1.0,0.0,0.0,,,,,,0.52,beat rr=rr_long delta=delta_down member=<num>,generic
75,576,43126,43200,75,75,0,0,1.0,0.0,0.0,,,,,,0.5466666666666666,beat rr=rr_long delta=delta_down member=<num>,generic
75,577,43201,43275,75,75,0,0,1.0,0.0,0.0,,,,,,0.41333333333333333,beat rr=rr_long delta=delta_up member=<num>,generic
75,578,43276,43350,75,75,0,0,1.0,0.0,0.0,,,,,,0.4666666666666667,beat rr=rr_long delta=delta_down member=<num>,generic
75,579,43351,43425,75,75,0,0,1.0,0.0,0.0,,,,,,0.4,beat rr=rr_long delta=delta_down member=<num>,generic
75,580,43426,43500,75,75,0,0,1.0,0.0,0.0,,,,,,0.49333333333333335,beat rr=rr_long delta=delta_flat member=<num>,generic
75,581,43501,43575,75,75,0,0,1.0,0.0,0.0,,,,,,0.36,beat rr=rr_long delta=delta_down member=<num>,generic
75,582,43576,43650,75,75,0,0,1.0,0.0,0.0,,,,,,0.4533333333333333,beat rr=rr_long delta=delta_down member=<num>,generic
75,583,43651,43725,75,75,0,0,1.0,0.0,0.0,,,,,,0.48,beat rr=rr_long delta=delta_up member=<num>,generic
75,584,43726,43800,75,75,0,0,1.0,0.0,0.0,,,,,,0.44,beat rr=rr_long delta=delta_up member=<num>,generic
75,585,43801,43875,75,75,0,0,1.0,0.0,0.0,,,,,,0.5333333333333333,beat rr=rr_long delta=delta_down member=<num>,generic
75,586,43876,43950,75,75,0,0,1.0,0.0,0.0,,,,,,0.4533333333333333,beat rr=rr_long delta=delta_down member=<num>,generic
75,587,43951,44025,75,75,0,0,1.0,0.0,0.0,,,,,,0.4666666666666667,beat rr=rr_long delta=delta_down member=<num>,generic
75,588,44026,44100,75,75,0,0,1.0,0.0,0.0,,,,,,0.4533333333333333,beat rr=rr_long delta=delta_up member=<num>,generic
75,589,44101,44175,75,75,0,0,1.0,0.0,0.0,,,,,,0.4266666666666667,beat rr=rr_long delta=delta_down member=<num>,generic
75,590,44176,44250,75,75,0,0,1.0,0.0,0.0,,,,,,0.44,beat rr=rr_long delta=delta_down member=<num>,generic
75,591,44251,44325,75,75,0,0,1.0,0.0,0.0,,,,,,0.44,beat rr=rr_long delta=delta_down member=<num>,generic
75,592,44326,44400,75,75,0,0,1.0,0.0,0.0,,,,,,0.36,beat rr=rr_long delta=delta_up member=<num>,generic
75,593,44401,44475,75,75,0,0,1.0,0.0,0.0,,,,,,0.4266666666666667,beat rr=rr_long delta=delta_down member=<num>,generic
75,594,44476,44550,75,75,0,0,1.0,0.0,0.0,,,,,,0.4533333333333333,beat rr=rr_long delta=delta_down member=<num>,generic
75,595,44551,44625,75,75,0,0,1.0,0.0,0.0,,,,,,0.4533333333333333,beat rr=rr_long delta=delta_up member=<num>,generic
75,596,44626,44700,75,75,0,0,1.0,0.0,0.0,,,,,,0.4533333333333333,beat rr=rr_long delta=delta_down member=<num>,generic
75,597,44701,44775,75,75,0,0,1.0,0.0,0.0,,,,,,0.4,beat rr=rr_long delta=delta_down member=<num>,generic
75,598,44776,44850,75,75,0,0,1.0,0.0,0.0,,,,,,0.4666666666666667,beat rr=rr_long delta=delta_up member=<num>,generic
75,599,44851,44925,75,75,0,0,1.0,0.0,0.0,,,,,,0.4266666666666667,beat rr=rr_long delta=delta_down member=<num>,generic
75,600,44926,45000,75,75,0,0,1.0,0.0,0.0,,,,,,0.41333333333333333,beat rr=rr_long delta=delta_down member=<num>,generic
75,601,45001,45075,75,75,0,0,1.0,0.0,0.0,,,,,,0.36,beat rr=rr_long delta=delta_down member=<num>,generic
75,602,45076,45150,75,75,0,0,1.0,0.0,0.0,,,,,,0.36,beat rr=rr_long delta=delta_down member=<num>,generic
75,603,45151,45225,75,75,0,0,1.0,0.0,0.0,,,,,,0.4266666666666667,beat rr=rr_long delta=delta_down member=<num>,generic
75,604,45226,45300,75,75,0,0,1.0,0.0,0.0,,,,,,0.48,beat rr=rr_long delta=delta_down member=<num>,generic
75,605,45301,45375,75,75,0,0,1.0,0.0,0.0,,,,,,0.4666666666666667,beat rr=rr_long delta=delta_down member=<num>,generic
75,606,45376,45450,75,75,0,0,1.0,0.0,0.0,,,,,,0.4533333333333333,beat rr=rr_long delta=delta_down member=<num>,generic
75,607,45451,45525,75,75,0,0,1.0,0.0,0.0,,,,,,0.4666666666666667,beat rr=rr_long delta=delta_down member=<num>,generic
75,608,45526,45600,75,75,0,0,1.0,0.0,0.0,,,,,,0.4533333333333333,beat rr=rr_long delta=delta_up member=<num>,generic
75,609,45601,45675,75,75,0,0,1.0,0.0,0.0,,,,,,0.4533333333333333,beat rr=rr_long delta=delta_down member=<num>,generic
75,610,45676,45750,75,75,0,0,1.0,0.0,0.0,,,,,,0.44,beat rr=rr_long delta=delta_down member=<num>,generic
75,611,45751,45825,75,75,0,0,1.0,0.0,0.0,,,,,,0.44,beat rr=rr_long delta=delta_up member=<num>,generic
75,612,45826,45900,75,75,0,0,1.0,0.0,0.0,,,,,,0.4,beat rr=rr_long delta=delta_down member=<num>,generic
75,613,45901,45975,75,75,0,0,1.0,0.0,0.0,,,,,,0.48,beat rr=rr_long delta=delta_down member=<num>,generic
75,614,45976,46050,75,75,0,0,1.0,0.0,0.0,,,,,,0.48,beat rr=rr_long delta=delta_down member=<num>,generic
75,615,46051,46125,75,75,0,0,1.0,0.0,0.0,,,,,,0.48,beat rr=rr_long delta=delta_down member=<num>,generic
75,616,46126,46200,75,75,0,0,1.0,0.0,0.0,,,,,,0.44,beat rr=rr_long delta=delta_down member=<num>,generic
75,617,46201,46275,75,75,0,0,1.0,0.0,0.0,,,,,,0.49333333333333335,beat rr=rr_long delta=delta_down member=<num>,generic
75,618,46276,46350,75,75,0,0,1.0,0.0,0.0,,,,,,0.4,beat rr=rr_long delta=delta_up member=<num>,generic
75,619,46351,46425,75,75,0,0,1.0,0.0,0.0,,,,,,0.4666666666666667,beat rr=rr_long delta=delta_up member=<num>,generic
75,620,46426,46500,75,75,0,0,1.0,0.0,0.0,,,,,,0.4266666666666667,beat rr=rr_long delta=delta_down member=<num>,generic
75,621,46501,46575,75,75,0,0,1.0,0.0,0.0,,,,,,0.41333333333333333,beat rr=rr_long delta=delta_down member=<num>,generic
75,622,46576,46650,75,75,0,0,1.0,0.0,0.0,,,,,,0.41333333333333333,beat rr=rr_long delta=delta_down member=<num>,generic
75,623,46651,46725,75,75,0,0,1.0,0.0,0.0,,,,,,0.44,beat rr=rr_long delta=delta_down member=<num>,generic
75,624,46726,46800,75,75,0,0,1.0,0.0,0.0,,,,,,0.38666666666666666,beat rr=rr_long delta=delta_down member=<num>,generic
75,625,46801,46875,75,75,0,0,1.0,0.0,0.0,,,,,,0.4666666666666667,beat rr=rr_long delta=delta_down member=<num>,generic
75,626,46876,46950,75,75,0,0,1.0,0.0,0.0,,,,,,0.4533333333333333,beat rr=rr_long delta=delta_down member=<num>,generic
75,627,46951,47025,75,75,0,0,1.0,0.0,0.0,,,,,,0.38666666666666666,beat rr=rr_long delta=delta_down member=<num>,generic
75,628,47026,47100,75,75,0,0,1.0,0.0,0.0,,,,,,0.4533333333333333,beat rr=rr_long delta=delta_down member=<num>,generic
75,629,47101,47175,75,75,0,0,1.0,0.0,0.0,,,,,,0.4266666666666667,beat rr=rr_long delta=delta_down member=<num>,generic
75,630,47176,47250,75,75,0,0,1.0,0.0,0.0,,,,,,0.48,beat rr=rr_long delta=delta_down member=<num>,generic
75,631,47251,47325,75,75,0,0,1.0,0.0,0.0,,,,,,0.4533333333333333,beat rr=rr_long delta=delta_down member=<num>,generic
75,632,47326,47400,75,75,0,0,1.0,0.0,0.0,,,,,,0.44,beat rr=rr_long delta=delta_up member=<num>,generic
75,633,47401,47475,75,75,0,0,1.0,0.0,0.0,,,,,,0.44,beat rr=rr_long delta=delta_down member=<num>,generic
75,634,47476,47550,75,75,0,0,1.0,0.0,0.0,,,,,,0.44,beat rr=rr_long delta=delta_up member=<num>,generic
75,635,47551,47625,75,75,0,0,1.0,0.0,0.0,,,,,,0.4666666666666667,beat rr=rr_long delta=delta_down member=<num>,generic
75,636,47626,47700,75,75,0,0,1.0,0.0,0.0,,,,,,0.44,beat rr=rr_long delta=delta_down member=<num>,generic
75,637,47701,47775,75,75,0,0,1.0,0.0,0.0,,,,,,0.44,beat rr=rr_long delta=delta_down member=<num>,generic
75,638,47776,47850,75,75,0,0,1.0,0.0,0.0,,,,,,0.5066666666666667,beat rr=rr_long delta=delta_down member=<num>,generic
75,639,47851,47925,75,75,0,0,1.0,0.0,0.0,,,,,,0.49333333333333335,beat rr=rr_long delta=delta_down member=<num>,generic
75,640,47926,48000,75,75,0,0,1.0,0.0,0.0,,,,,,0.41333333333333333,beat rr=rr_long delta=delta_down member=<num>,generic
75,641,48001,48075,75,75,0,0,1.0,0.0,0.0,,,,,,0.4533333333333333,beat rr=rr_long delta=delta_up member=<num>,generic
75,642,48076,48150,75,75,0,0,1.0,0.0,0.0,,,,,,0.4533333333333333,beat rr=rr_long delta=delta_down member=<num>,generic
75,643,48151,48225,75,75,0,0,1.0,0.0,0.0,,,,,,0.5733333333333334,beat rr=rr_long delta=delta_down member=<num>,generic
75,644,48226,48300,75,75,0,0,1.0,0.0,0.0,,,,,,0.38666666666666666,beat rr=rr_long delta=delta_down member=<num>,generic
75,645,48301,48375,75,75,0,0,1.0,0.0,0.0,,,,,,0.4,beat rr=rr_long delta=delta_up member=<num>,generic
75,646,48376,48450,75,75,0,0,1.0,0.0,0.0,,,,,,0.49333333333333335,beat rr=rr_long delta=delta_down member=<num>,generic
75,647,48451,48525,75,75,0,0,1.0,0.0,0.0,,,,,,0.6133333333333333,beat rr=rr_long delta=delta_down member=<num>,generic
75,648,48526,48600,75,75,0,0,1.0,0.0,0.0,,,,,,0.52,beat rr=rr_long delta=delta_down member=<num>,generic
75,649,48601,48675,75,75,0,0,1.0,0.0,0.0,,,,,,0.41333333333333333,beat rr=rr_long delta=delta_down member=<num>,generic
75,650,48676,48750,75,75,0,0,1.0,0.0,0.0,,,,,,0.4266666666666667,beat rr=rr_long delta=delta_up member=<num>,generic
75,651,48751,48825,75,75,0,0,1.0,0.0,0.0,,,,,,0.48,beat rr=rr_long delta=delta_down member=<num>,generic
75,652,48826,48900,75,75,0,0,1.0,0.0,0.0,,,,,,0.44,beat rr=rr_long delta=delta_down member=<num>,generic
75,653,48901,48975,75,75,0,0,1.0,0.0,0.0,,,,,,0.44,beat rr=rr_long delta=delta_down member=<num>,generic
75,654,48976,49050,75,75,0,0,1.0,0.0,0.0,,,,,,0.5333333333333333,beat rr=rr_long delta=delta_down member=<num>,generic
75,655,49051,49125,75,75,0,0,1.0,0.0,0.0,,,,,,0.5066666666666667,beat rr=rr_long delta=delta_down member=<num>,generic
75,656,49126,49200,75,75,0,0,1.0,0.0,0.0,,,,,,0.4533333333333333,beat rr=rr_long delta=delta_down member=<num>,generic
75,657,49201,49275,75,75,0,0,1.0,0.0,0.0,,,,,,0.41333333333333333,beat rr=rr_long delta=delta_up member=<num>,generic
75,658,49276,49350,75,75,0,0,1.0,0.0,0.0,,,,,,0.49333333333333335,beat rr=rr_long delta=delta_down member=<num>,generic
75,659,49351,49425,75,75,0,0,1.0,0.0,0.0,,,,,,0.5333333333333333,beat rr=rr_long delta=delta_down member=<num>,generic
75,660,49426,49500,75,75,0,0,1.0,0.0,0.0,,,,,,0.5333333333333333,beat rr=rr_long delta=delta_down member=<num>,generic
75,661,49501,49575,75,75,0,0,1.0,0.0,0.0,,,,,,0.4666666666666667,beat rr=rr_long delta=delta_down member=<num>,generic
75,662,49576,49650,75,75,0,0,1.0,0.0,0.0,,,,,,0.4533333333333333,beat rr=rr_long delta=delta_down member=<num>,generic
75,663,49651,49725,75,75,0,0,1.0,0.0,0.0,,,,,,0.52,beat rr=rr_long delta=delta_down member=<num>,generic
75,664,49726,49800,75,75,0,0,1.0,0.0,0.0,,,,,,0.5066666666666667,beat rr=rr_long delta=delta_down member=<num>,generic
75,665,49801,49875,75,75,0,0,1.0,0.0,0.0,,,,,,0.4666666666666667,beat rr=rr_long delta=delta_down member=<num>,generic
75,666,49876,49950,75,75,0,0,1.0,0.0,0.0,,,,,,0.48,beat rr=rr_long delta=delta_down member=<num>,generic
75,667,49951,50000,50,50,0,0,1.0,0.0,0.0,,,,,,0.5,beat rr=rr_long delta=delta_down member=<num>,generic
100,1,1,100,100,100,0,0,1.0,0.0,0.0,,,,,,0.48,beat rr=rr_long delta=delta_down member=<num>,generic
100,2,101,200,100,100,0,0,1.0,0.0,0.0,,,,,,0.46,beat rr=rr_long delta=delta_up member=<num>,generic
100,3,201,300,100,100,0,0,1.0,0.0,0.0,,,,,,0.39,beat rr=rr_long delta=delta_up member=<num>,generic
100,4,301,400,100,100,0,0,1.0,0.0,0.0,,,,,,0.34,beat rr=rr_long delta=delta_flat member=<num>,generic
100,5,401,500,100,100,0,0,1.0,0.0,0.0,,,,,,0.34,beat rr=rr_long delta=delta_down member=<num>,generic
100,6,501,600,100,100,0,0,1.0,0.0,0.0,,,,,,0.34,beat rr=rr_long delta=delta_flat member=<num>,generic
100,7,601,700,100,100,0,0,1.0,0.0,0.0,,,,,,0.38,beat rr=rr_long delta=delta_flat member=<num>,generic
100,8,701,800,100,100,0,0,1.0,0.0,0.0,,,,,,0.44,beat rr=rr_long delta=delta_flat member=<num>,generic
100,9,801,900,100,100,0,0,1.0,0.0,0.0,,,,,,0.45,beat rr=rr_long delta=delta_flat member=<num>,generic
100,10,901,1000,100,100,0,0,1.0,0.0,0.0,,,,,,0.36,beat rr=rr_long delta=delta_flat member=<num>,generic
100,11,1001,1100,100,100,0,0,1.0,0.0,0.0,,,,,,0.44,beat rr=rr_long delta=delta_down member=<num>,generic
100,12,1101,1200,100,100,0,0,1.0,0.0,0.0,,,,,,0.43,beat rr=rr_long delta=delta_down member=<num>,generic
100,13,1201,1300,100,100,0,0,1.0,0.0,0.0,,,,,,0.44,beat rr=rr_long delta=delta_down member=<num>,generic
100,14,1301,1400,100,100,0,0,1.0,0.0,0.0,,,,,,0.44,beat rr=rr_long delta=delta_down member=<num>,generic
100,15,1401,1500,100,100,0,0,1.0,0.0,0.0,,,,,,0.46,beat rr=rr_long delta=delta_down member=<num>,generic
100,16,1501,1600,100,100,0,0,1.0,0.0,0.0,,,,,,0.45,beat rr=rr_long delta=delta_up member=<num>,generic
100,17,1601,1700,100,100,0,0,1.0,0.0,0.0,,,,,,0.42,beat rr=rr_long delta=delta_down member=<num>,generic
100,18,1701,1800,100,100,0,0,1.0,0.0,0.0,,,,,,0.38,beat rr=rr_long delta=delta_up member=<num>,generic
100,19,1801,1900,100,100,0,0,1.0,0.0,0.0,,,,,,0.41,beat rr=rr_long delta=delta_down member=<num>,generic
100,20,1901,2000,100,100,0,0,1.0,0.0,0.0,,,,,,0.4,beat rr=rr_long delta=delta_up member=<num>,generic
100,21,2001,2100,100,100,0,0,1.0,0.0,0.0,,,,,,0.41,beat rr=rr_long delta=delta_down member=<num>,generic
100,22,2101,2200,100,100,0,0,1.0,0.0,0.0,,,,,,0.42,beat rr=rr_long delta=delta_down member=<num>,generic
100,23,2201,2300,100,100,0,0,1.0,0.0,0.0,,,,,,0.4,beat rr=rr_long delta=delta_down member=<num>,generic
100,24,2301,2400,100,100,0,0,1.0,0.0,0.0,,,,,,0.44,beat rr=rr_long delta=delta_down member=<num>,generic
100,25,2401,2500,100,100,0,0,1.0,0.0,0.0,,,,,,0.48,beat rr=rr_long delta=delta_down member=<num>,generic
100,26,2501,2600,100,100,0,0,1.0,0.0,0.0,,,,,,0.44,beat rr=rr_long delta=delta_down member=<num>,generic
100,27,2601,2700,100,100,0,0,1.0,0.0,0.0,,,,,,0.43,beat rr=rr_long delta=delta_up member=<num>,generic
100,28,2701,2800,100,100,0,0,1.0,0.0,0.0,,,,,,0.43,beat rr=rr_long delta=delta_down member=<num>,generic
100,29,2801,2900,100,100,0,0,1.0,0.0,0.0,,,,,,0.38,beat rr=rr_long delta=delta_down member=<num>,generic
100,30,2901,3000,100,100,0,0,1.0,0.0,0.0,,,,,,0.44,beat rr=rr_long delta=delta_down member=<num>,generic
100,31,3001,3100,100,100,0,0,1.0,0.0,0.0,,,,,,0.4,beat rr=rr_long delta=delta_down member=<num>,generic
100,32,3101,3200,100,100,0,0,1.0,0.0,0.0,,,,,,0.42,beat rr=rr_long delta=delta_down member=<num>,generic
100,33,3201,3300,100,100,0,0,1.0,0.0,0.0,,,,,,0.43,beat rr=rr_long delta=delta_down member=<num>,generic
100,34,3301,3400,100,100,0,0,1.0,0.0,0.0,,,,,,0.44,beat rr=rr_long delta=delta_down member=<num>,generic
100,35,3401,3500,100,100,0,0,1.0,0.0,0.0,,,,,,0.44,beat rr=rr_long delta=delta_down member=<num>,generic
100,36,3501,3600,100,100,0,0,1.0,0.0,0.0,,,,,,0.48,beat rr=rr_long delta=delta_down member=<num>,generic
100,37,3601,3700,100,100,0,0,1.0,0.0,0.0,,,,,,0.45,beat rr=rr_long delta=delta_down member=<num>,generic
100,38,3701,3800,100,100,0,0,1.0,0.0,0.0,,,,,,0.48,beat rr=rr_long delta=delta_down member=<num>,generic
100,39,3801,3900,100,100,0,0,1.0,0.0,0.0,,,,,,0.47,beat rr=rr_long delta=delta_down member=<num>,generic
100,40,3901,4000,100,100,0,0,1.0,0.0,0.0,,,,,,0.45,beat rr=rr_long delta=delta_down member=<num>,generic
100,41,4001,4100,100,100,0,0,1.0,0.0,0.0,,,,,,0.39,beat rr=rr_long delta=delta_flat member=<num>,generic
100,42,4101,4200,100,100,0,0,1.0,0.0,0.0,,,,,,0.43,beat rr=rr_long delta=delta_flat member=<num>,generic
100,43,4201,4300,100,100,0,0,1.0,0.0,0.0,,,,,,0.34,beat rr=rr_long delta=delta_down member=<num>,generic
100,44,4301,4400,100,100,0,0,1.0,0.0,0.0,,,,,,0.49,beat rr=rr_long delta=delta_down member=<num>,generic
100,45,4401,4500,100,100,0,0,1.0,0.0,0.0,,,,,,0.52,beat rr=rr_long delta=delta_down member=<num>,generic
100,46,4501,4600,100,100,0,0,1.0,0.0,0.0,,,,,,0.48,beat rr=rr_long delta=delta_down member=<num>,generic
100,47,4601,4700,100,100,0,0,1.0,0.0,0.0,,,,,,0.52,beat rr=rr_long delta=delta_down member=<num>,generic
100,48,4701,4800,100,100,0,0,1.0,0.0,0.0,,,,,,0.54,beat rr=rr_long delta=delta_down member=<num>,generic
100,49,4801,4900,100,100,0,0,1.0,0.0,0.0,,,,,,0.5,beat rr=rr_long delta=delta_down member=<num>,generic
100,50,4901,5000,100,100,0,0,1.0,0.0,0.0,,,,,,0.48,beat rr=rr_long delta=delta_down member=<num>,generic
100,51,5001,5100,100,100,0,0,1.0,0.0,0.0,,,,,,0.45,beat rr=rr_long delta=delta_down member=<num>,generic
100,52,5101,5200,100,100,0,0,1.0,0.0,0.0,,,,,,0.48,beat rr=rr_long delta=delta_down member=<num>,generic
100,53,5201,5300,100,100,0,0,1.0,0.0,0.0,,,,,,0.4,beat rr=rr_long delta=delta_down member=<num>,generic
100,54,5301,5400,100,100,0,0,1.0,0.0,0.0,,,,,,0.45,beat rr=rr_long delta=delta_down member=<num>,generic
100,55,5401,5500,100,100,0,0,1.0,0.0,0.0,,,,,,0.48,beat rr=rr_long delta=delta_down member=<num>,generic
100,56,5501,5600,100,100,0,0,1.0,0.0,0.0,,,,,,0.46,beat rr=rr_long delta=delta_down member=<num>,generic
100,57,5601,5700,100,100,0,0,1.0,0.0,0.0,,,,,,0.48,beat rr=rr_long delta=delta_down member=<num>,generic
100,58,5701,5800,100,100,0,0,1.0,0.0,0.0,,,,,,0.47,beat rr=rr_long delta=delta_down member=<num>,generic
100,59,5801,5900,100,100,0,0,1.0,0.0,0.0,,,,,,0.5,beat rr=rr_long delta=delta_down member=<num>,generic
100,60,5901,6000,100,100,0,0,1.0,0.0,0.0,,,,,,0.49,beat rr=rr_long delta=delta_down member=<num>,generic
100,61,6001,6100,100,100,0,0,1.0,0.0,0.0,,,,,,0.56,beat rr=rr_long delta=delta_down member=<num>,generic
100,62,6101,6200,100,100,0,0,1.0,0.0,0.0,,,,,,0.45,beat rr=rr_long delta=delta_down member=<num>,generic
100,63,6201,6300,100,100,0,0,1.0,0.0,0.0,,,,,,0.42,beat rr=rr_long delta=delta_up member=<num>,generic
100,64,6301,6400,100,100,0,0,1.0,0.0,0.0,,,,,,0.42,beat rr=rr_long delta=delta_down member=<num>,generic
100,65,6401,6500,100,100,0,0,1.0,0.0,0.0,,,,,,0.41,beat rr=rr_long delta=delta_up member=<num>,generic
100,66,6501,6600,100,100,0,0,1.0,0.0,0.0,,,,,,0.5,beat rr=rr_long delta=delta_down member=<num>,generic
100,67,6601,6700,100,100,0,0,1.0,0.0,0.0,,,,,,0.43,beat rr=rr_long delta=delta_up member=<num>,generic
100,68,6701,6800,100,100,0,0,1.0,0.0,0.0,,,,,,0.43,beat rr=rr_long delta=delta_down member=<num>,generic
100,69,6801,6900,100,100,0,0,1.0,0.0,0.0,,,,,,0.43,beat rr=rr_long delta=delta_down member=<num>,generic
100,70,6901,7000,100,100,0,0,1.0,0.0,0.0,,,,,,0.48,beat rr=rr_long delta=delta_down member=<num>,generic
100,71,7001,7100,100,100,0,0,1.0,0.0,0.0,,,,,,0.45,beat rr=rr_long delta=delta_down member=<num>,generic
100,72,7101,7200,100,100,0,0,1.0,0.0,0.0,,,,,,0.4,beat rr=rr_long delta=delta_down member=<num>,generic
100,73,7201,7300,100,100,0,0,1.0,0.0,0.0,,,,,,0.49,beat rr=rr_long delta=delta_down member=<num>,generic
100,74,7301,7400,100,100,0,0,1.0,0.0,0.0,,,,,,0.49,beat rr=rr_long delta=delta_down member=<num>,generic
100,75,7401,7500,100,100,0,0,1.0,0.0,0.0,,,,,,0.46,beat rr=rr_long delta=delta_up member=<num>,generic
100,76,7501,7600,100,100,0,0,1.0,0.0,0.0,,,,,,0.47,beat rr=rr_long delta=delta_down member=<num>,generic
100,77,7601,7700,100,100,0,0,1.0,0.0,0.0,,,,,,0.46,beat rr=rr_long delta=delta_down member=<num>,generic
100,78,7701,7800,100,100,0,0,1.0,0.0,0.0,,,,,,0.46,beat rr=rr_long delta=delta_down member=<num>,generic
100,79,7801,7900,100,100,0,0,1.0,0.0,0.0,,,,,,0.39,beat rr=rr_long delta=delta_down member=<num>,generic
100,80,7901,8000,100,100,0,0,1.0,0.0,0.0,,,,,,0.45,beat rr=rr_long delta=delta_down member=<num>,generic
100,81,8001,8100,100,100,0,0,1.0,0.0,0.0,,,,,,0.44,beat rr=rr_long delta=delta_up member=<num>,generic
100,82,8101,8200,100,100,0,0,1.0,0.0,0.0,,,,,,0.42,beat rr=rr_long delta=delta_up member=<num>,generic
100,83,8201,8300,100,100,0,0,1.0,0.0,0.0,,,,,,0.43,beat rr=rr_long delta=delta_up member=<num>,generic
100,84,8301,8400,100,100,0,0,1.0,0.0,0.0,,,,,,0.45,beat rr=rr_long delta=delta_down member=<num>,generic
100,85,8401,8500,100,100,0,0,1.0,0.0,0.0,,,,,,0.49,beat rr=rr_long delta=delta_down member=<num>,generic
100,86,8501,8600,100,100,0,0,1.0,0.0,0.0,,,,,,0.39,beat rr=rr_long delta=delta_up member=<num>,generic
100,87,8601,8700,100,100,0,0,1.0,0.0,0.0,,,,,,0.46,beat rr=rr_long delta=delta_down member=<num>,generic
100,88,8701,8800,100,100,0,0,1.0,0.0,0.0,,,,,,0.42,beat rr=rr_long delta=delta_down member=<num>,generic
100,89,8801,8900,100,100,0,0,1.0,0.0,0.0,,,,,,0.44,beat rr=rr_long delta=delta_up member=<num>,generic
100,90,8901,9000,100,100,0,0,1.0,0.0,0.0,,,,,,0.44,beat rr=rr_long delta=delta_down member=<num>,generic
100,91,9001,9100,100,100,0,0,1.0,0.0,0.0,,,,,,0.45,beat rr=rr_long delta=delta_down member=<num>,generic
100,92,9101,9200,100,100,0,0,1.0,0.0,0.0,,,,,,0.37,beat rr=rr_long delta=delta_down member=<num>,generic
100,93,9201,9300,100,100,0,0,1.0,0.0,0.0,,,,,,0.43,beat rr=rr_long delta=delta_down member=<num>,generic
100,94,9301,9400,100,100,0,0,1.0,0.0,0.0,,,,,,0.38,beat rr=rr_long delta=delta_down member=<num>,generic
100,95,9401,9500,100,100,0,0,1.0,0.0,0.0,,,,,,0.47,beat rr=rr_long delta=delta_down member=<num>,generic
100,96,9501,9600,100,100,0,0,1.0,0.0,0.0,,,,,,0.41,beat rr=rr_long delta=delta_down member=<num>,generic
100,97,9601,9700,100,100,0,0,1.0,0.0,0.0,,,,,,0.47,beat rr=rr_long delta=delta_down member=<num>,generic
100,98,9701,9800,100,100,0,0,1.0,0.0,0.0,,,,,,0.48,beat rr=rr_long delta=delta_up member=<num>,generic
100,99,9801,9900,100,100,0,0,1.0,0.0,0.0,,,,,,0.48,beat rr=rr_long delta=delta_down member=<num>,generic
100,100,9901,10000,100,100,0,0,1.0,0.0,0.0,,,,,,0.45,beat rr=rr_long delta=delta_down member=<num>,generic
100,101,10001,10100,100,100,0,0,1.0,0.0,0.0,,,,,,0.44,beat rr=rr_long delta=delta_down member=<num>,generic
100,102,10101,10200,100,100,0,0,1.0,0.0,0.0,,,,,,0.41,beat rr=rr_long delta=delta_up member=<num>,generic
100,103,10201,10300,100,100,0,0,1.0,0.0,0.0,,,,,,0.44,beat rr=rr_long delta=delta_down member=<num>,generic
100,104,10301,10400,100,100,0,0,1.0,0.0,0.0,,,,,,0.43,beat rr=rr_long delta=delta_down member=<num>,generic
100,105,10401,10500,100,100,0,0,1.0,0.0,0.0,,,,,,0.42,beat rr=rr_long delta=delta_down member=<num>,generic
100,106,10501,10600,100,100,0,0,1.0,0.0,0.0,,,,,,0.44,beat rr=rr_long delta=delta_down member=<num>,generic
100,107,10601,10700,100,100,0,0,1.0,0.0,0.0,,,,,,0.46,beat rr=rr_long delta=delta_down member=<num>,generic
100,108,10701,10800,100,100,0,0,1.0,0.0,0.0,,,,,,0.41,beat rr=rr_long delta=delta_down member=<num>,generic
100,109,10801,10900,100,100,0,0,1.0,0.0,0.0,,,,,,0.51,beat rr=rr_long delta=delta_down member=<num>,generic
100,110,10901,11000,100,100,0,0,1.0,0.0,0.0,,,,,,0.41,beat rr=rr_long delta=delta_down member=<num>,generic
100,111,11001,11100,100,100,0,0,1.0,0.0,0.0,,,,,,0.49,beat rr=rr_long delta=delta_down member=<num>,generic
100,112,11101,11200,100,100,0,0,1.0,0.0,0.0,,,,,,0.46,beat rr=rr_long delta=delta_down member=<num>,generic
100,113,11201,11300,100,100,0,0,1.0,0.0,0.0,,,,,,0.47,beat rr=rr_long delta=delta_down member=<num>,generic
100,114,11301,11400,100,100,0,0,1.0,0.0,0.0,,,,,,0.44,beat rr=rr_long delta=delta_down member=<num>,generic
100,115,11401,11500,100,100,0,0,1.0,0.0,0.0,,,,,,0.45,beat rr=rr_long delta=delta_down member=<num>,generic
100,116,11501,11600,100,100,0,0,1.0,0.0,0.0,,,,,,0.45,beat rr=rr_long delta=delta_down member=<num>,generic
100,117,11601,11700,100,100,0,0,1.0,0.0,0.0,,,,,,0.42,beat rr=rr_long delta=delta_up member=<num>,generic
100,118,11701,11800,100,100,0,0,1.0,0.0,0.0,,,,,,0.46,beat rr=rr_long delta=delta_up member=<num>,generic
100,119,11801,11900,100,100,0,0,1.0,0.0,0.0,,,,,,0.47,beat rr=rr_long delta=delta_down member=<num>,generic
100,120,11901,12000,100,100,0,0,1.0,0.0,0.0,,,,,,0.44,beat rr=rr_long delta=delta_up member=<num>,generic
100,121,12001,12100,100,100,0,0,1.0,0.0,0.0,,,,,,0.44,beat rr=rr_long delta=delta_up member=<num>,generic
100,122,12101,12200,100,100,0,0,1.0,0.0,0.0,,,,,,0.43,beat rr=rr_long delta=delta_down member=<num>,generic
100,123,12201,12300,100,100,0,0,1.0,0.0,0.0,,,,,,0.5,beat rr=rr_long delta=delta_down member=<num>,generic
100,124,12301,12400,100,100,0,0,1.0,0.0,0.0,,,,,,0.48,beat rr=rr_long delta=delta_down member=<num>,generic
100,125,12401,12500,100,100,0,0,1.0,0.0,0.0,,,,,,0.43,beat rr=rr_long delta=delta_up member=<num>,generic
100,126,12501,12600,100,100,0,0,1.0,0.0,0.0,,,,,,0.48,beat rr=rr_long delta=delta_up member=<num>,generic
100,127,12601,12700,100,100,0,0,1.0,0.0,0.0,,,,,,0.42,beat rr=rr_long delta=delta_down member=<num>,generic
100,128,12701,12800,100,100,0,0,1.0,0.0,0.0,,,,,,0.48,beat rr=rr_long delta=delta_up member=<num>,generic
100,129,12801,12900,100,100,0,0,1.0,0.0,0.0,,,,,,0.45,beat rr=rr_long delta=delta_up member=<num>,generic
100,130,12901,13000,100,100,0,0,1.0,0.0,0.0,,,,,,0.39,beat rr=rr_long delta=delta_up member=<num>,generic
100,131,13001,13100,100,100,0,0,1.0,0.0,0.0,,,,,,0.49,beat rr=rr_long delta=delta_up member=<num>,generic
100,132,13101,13200,100,100,0,0,1.0,0.0,0.0,,,,,,0.43,beat rr=rr_long delta=delta_down member=<num>,generic
100,133,13201,13300,100,100,0,0,1.0,0.0,0.0,,,,,,0.44,beat rr=rr_long delta=delta_up member=<num>,generic
100,134,13301,13400,100,100,0,0,1.0,0.0,0.0,,,,,,0.46,beat rr=rr_long delta=delta_down member=<num>,generic
100,135,13401,13500,100,100,0,0,1.0,0.0,0.0,,,,,,0.42,beat rr=rr_long delta=delta_down member=<num>,generic
100,136,13501,13600,100,100,0,0,1.0,0.0,0.0,,,,,,0.47,beat rr=rr_long delta=delta_down member=<num>,generic
100,137,13601,13700,100,100,0,0,1.0,0.0,0.0,,,,,,0.52,beat rr=rr_long delta=delta_down member=<num>,generic
100,138,13701,13800,100,100,0,0,1.0,0.0,0.0,,,,,,0.47,beat rr=rr_long delta=delta_down member=<num>,generic
100,139,13801,13900,100,100,0,0,1.0,0.0,0.0,,,,,,0.47,beat rr=rr_long delta=delta_up member=<num>,generic
100,140,13901,14000,100,100,0,0,1.0,0.0,0.0,,,,,,0.45,beat rr=rr_long delta=delta_down member=<num>,generic
100,141,14001,14100,100,100,0,0,1.0,0.0,0.0,,,,,,0.44,beat rr=rr_long delta=delta_down member=<num>,generic
100,142,14101,14200,100,100,0,0,1.0,0.0,0.0,,,,,,0.48,beat rr=rr_long delta=delta_down member=<num>,generic
100,143,14201,14300,100,100,0,0,1.0,0.0,0.0,,,,,,0.46,beat rr=rr_long delta=delta_down member=<num>,generic
100,144,14301,14400,100,100,0,0,1.0,0.0,0.0,,,,,,0.46,beat rr=rr_long delta=delta_up member=<num>,generic
100,145,14401,14500,100,100,0,0,1.0,0.0,0.0,,,,,,0.46,beat rr=rr_long delta=delta_up member=<num>,generic
100,146,14501,14600,100,100,0,0,1.0,0.0,0.0,,,,,,0.51,beat rr=rr_long delta=delta_down member=<num>,generic
100,147,14601,14700,100,100,0,0,1.0,0.0,0.0,,,,,,0.44,beat rr=rr_long delta=delta_down member=<num>,generic
100,148,14701,14800,100,100,0,0,1.0,0.0,0.0,,,,,,0.41,beat rr=rr_long delta=delta_down member=<num>,generic
100,149,14801,14900,100,100,0,0,1.0,0.0,0.0,,,,,,0.5,beat rr=rr_long delta=delta_down member=<num>,generic
100,150,14901,15000,100,100,0,0,1.0,0.0,0.0,,,,,,0.43,beat rr=rr_long delta=delta_down member=<num>,generic
100,151,15001,15100,100,100,0,0,1.0,0.0,0.0,,,,,,0.43,beat rr=rr_long delta=delta_up member=<num>,generic
100,152,15101,15200,100,100,0,0,1.0,0.0,0.0,,,,,,0.46,beat rr=rr_long delta=delta_down member=<num>,generic
100,153,15201,15300,100,100,0,0,1.0,0.0,0.0,,,,,,0.53,beat rr=rr_long delta=delta_down member=<num>,generic
100,154,15301,15400,100,100,0,0,1.0,0.0,0.0,,,,,,0.5,beat rr=rr_long delta=delta_down member=<num>,generic
100,155,15401,15500,100,100,0,0,1.0,0.0,0.0,,,,,,0.44,beat rr=rr_long delta=delta_up member=<num>,generic
100,156,15501,15600,100,100,0,0,1.0,0.0,0.0,,,,,,0.5,beat rr=rr_long delta=delta_down member=<num>,generic
100,157,15601,15700,100,100,0,0,1.0,0.0,0.0,,,,,,0.46,beat rr=rr_long delta=delta_down member=<num>,generic
100,158,15701,15800,100,100,0,0,1.0,0.0,0.0,,,,,,0.46,beat rr=rr_long delta=delta_down member=<num>,generic
100,159,15801,15900,100,100,0,0,1.0,0.0,0.0,,,,,,0.51,beat rr=rr_long delta=delta_down member=<num>,generic
100,160,15901,16000,100,100,0,0,1.0,0.0,0.0,,,,,,0.45,beat rr=rr_long delta=delta_down member=<num>,generic
100,161,16001,16100,100,100,0,0,1.0,0.0,0.0,,,,,,0.47,beat rr=rr_long delta=delta_down member=<num>,generic
100,162,16101,16200,100,100,0,0,1.0,0.0,0.0,,,,,,0.46,beat rr=rr_long delta=delta_down member=<num>,generic
100,163,16201,16300,100,100,0,0,1.0,0.0,0.0,,,,,,0.47,beat rr=rr_long delta=delta_down member=<num>,generic
100,164,16301,16400,100,100,0,0,1.0,0.0,0.0,,,,,,0.51,beat rr=rr_long delta=delta_down member=<num>,generic
100,165,16401,16500,100,100,0,0,1.0,0.0,0.0,,,,,,0.49,beat rr=rr_long delta=delta_down member=<num>,generic
100,166,16501,16600,100,100,0,0,1.0,0.0,0.0,,,,,,0.5,beat rr=rr_long delta=delta_down member=<num>,generic
100,167,16601,16700,100,100,0,0,1.0,0.0,0.0,,,,,,0.43,beat rr=rr_long delta=delta_down member=<num>,generic
100,168,16701,16800,100,100,0,0,1.0,0.0,0.0,,,,,,0.44,beat rr=rr_long delta=delta_down member=<num>,generic
100,169,16801,16900,100,100,0,0,1.0,0.0,0.0,,,,,,0.51,beat rr=rr_long delta=delta_down member=<num>,generic
100,170,16901,17000,100,100,0,0,1.0,0.0,0.0,,,,,,0.46,beat rr=rr_long delta=delta_down member=<num>,generic
100,171,17001,17100,100,100,0,0,1.0,0.0,0.0,,,,,,0.42,beat rr=rr_long delta=delta_down member=<num>,generic
100,172,17101,17200,100,100,0,0,1.0,0.0,0.0,,,,,,0.46,beat rr=rr_long delta=delta_up member=<num>,generic
100,173,17201,17300,100,100,0,0,1.0,0.0,0.0,,,,,,0.48,beat rr=rr_long delta=delta_down member=<num>,generic
100,174,17301,17400,100,100,0,0,1.0,0.0,0.0,,,,,,0.43,beat rr=rr_long delta=delta_flat member=<num>,generic
100,175,17401,17500,100,100,0,0,1.0,0.0,0.0,,,,,,0.38,beat rr=rr_long delta=delta_down member=<num>,generic
100,176,17501,17600,100,100,0,0,1.0,0.0,0.0,,,,,,0.43,beat rr=rr_long delta=delta_down member=<num>,generic
100,177,17601,17700,100,100,0,0,1.0,0.0,0.0,,,,,,0.4,beat rr=rr_long delta=delta_down member=<num>,generic
100,178,17701,17800,100,100,0,0,1.0,0.0,0.0,,,,,,0.4,beat rr=rr_long delta=delta_up member=<num>,generic
100,179,17801,17900,100,100,0,0,1.0,0.0,0.0,,,,,,0.39,beat rr=rr_long delta=delta_up member=<num>,generic
100,180,17901,18000,100,100,0,0,1.0,0.0,0.0,,,,,,0.36,beat rr=rr_long delta=delta_down member=<num>,generic
100,181,18001,18100,100,100,0,0,1.0,0.0,0.0,,,,,,0.4,beat rr=rr_long delta=delta_down member=<num>,generic
100,182,18101,18200,100,100,0,0,1.0,0.0,0.0,,,,,,0.41,beat rr=rr_long delta=delta_down member=<num>,generic
100,183,18201,18300,100,100,0,0,1.0,0.0,0.0,,,,,,0.48,beat rr=rr_long delta=delta_down member=<num>,generic
100,184,18301,18400,100,100,0,0,1.0,0.0,0.0,,,,,,0.37,beat rr=rr_long delta=delta_flat member=<num>,generic
100,185,18401,18500,100,100,0,0,1.0,0.0,0.0,,,,,,0.39,beat rr=rr_long delta=delta_up member=<num>,generic
100,186,18501,18600,100,100,0,0,1.0,0.0,0.0,,,,,,0.41,beat rr=rr_long delta=delta_up member=<num>,generic
100,187,18601,18700,100,100,0,0,1.0,0.0,0.0,,,,,,0.44,beat rr=rr_long delta=delta_down member=<num>,generic
100,188,18701,18800,100,100,0,0,1.0,0.0,0.0,,,,,,0.45,beat rr=rr_long delta=delta_up member=<num>,generic
100,189,18801,18900,100,100,0,0,1.0,0.0,0.0,,,,,,0.42,beat rr=rr_long delta=delta_down member=<num>,generic
100,190,18901,19000,100,100,0,0,1.0,0.0,0.0,,,,,,0.39,beat rr=rr_long delta=delta_up member=<num>,generic
100,191,19001,19100,100,100,0,0,1.0,0.0,0.0,,,,,,0.44,beat rr=rr_long delta=delta_down member=<num>,generic
100,192,19101,19200,100,100,0,0,1.0,0.0,0.0,,,,,,0.57,beat rr=rr_long delta=delta_down member=<num>,generic
100,193,19201,19300,100,100,0,0,1.0,0.0,0.0,,,,,,0.5,beat rr=rr_long delta=delta_down member=<num>,generic
100,194,19301,19400,100,100,0,0,1.0,0.0,0.0,,,,,,0.49,beat rr=rr_long delta=delta_down member=<num>,generic
100,195,19401,19500,100,100,0,0,1.0,0.0,0.0,,,,,,0.47,beat rr=rr_long delta=delta_down member=<num>,generic
100,196,19501,19600,100,100,0,0,1.0,0.0,0.0,,,,,,0.42,beat rr=rr_long delta=delta_down member=<num>,generic
100,197,19601,19700,100,100,0,0,1.0,0.0,0.0,,,,,,0.4,beat rr=rr_long delta=delta_up member=<num>,generic
100,198,19701,19800,100,100,0,0,1.0,0.0,0.0,,,,,,0.43,beat rr=rr_long delta=delta_up member=<num>,generic
100,199,19801,19900,100,100,0,0,1.0,0.0,0.0,,,,,,0.44,beat rr=rr_long delta=delta_down member=<num>,generic
100,200,19901,20000,100,100,0,0,1.0,0.0,0.0,,,,,,0.43,beat rr=rr_long delta=delta_down member=<num>,generic
100,201,20001,20100,100,100,0,0,1.0,0.0,0.0,,,,,,0.39,beat rr=rr_long delta=delta_flat member=<num>,generic
100,202,20101,20200,100,100,0,0,1.0,0.0,0.0,,,,,,0.39,beat rr=rr_long delta=delta_down member=<num>,generic
100,203,20201,20300,100,100,0,0,1.0,0.0,0.0,,,,,,0.43,beat rr=rr_long delta=delta_down member=<num>,generic
100,204,20301,20400,100,100,0,0,1.0,0.0,0.0,,,,,,0.48,beat rr=rr_long delta=delta_down member=<num>,generic
100,205,20401,20500,100,100,0,0,1.0,0.0,0.0,,,,,,0.4,beat rr=rr_long delta=delta_down member=<num>,generic
100,206,20501,20600,100,100,0,0,1.0,0.0,0.0,,,,,,0.47,beat rr=rr_long delta=delta_down member=<num>,generic
100,207,20601,20700,100,100,0,0,1.0,0.0,0.0,,,,,,0.38,beat rr=rr_long delta=delta_up member=<num>,generic
100,208,20701,20800,100,100,0,0,1.0,0.0,0.0,,,,,,0.47,beat rr=rr_long delta=delta_down member=<num>,generic
100,209,20801,20900,100,100,0,0,1.0,0.0,0.0,,,,,,0.44,beat rr=rr_long delta=delta_down member=<num>,generic
100,210,20901,21000,100,100,0,0,1.0,0.0,0.0,,,,,,0.51,beat rr=rr_long delta=delta_down member=<num>,generic
100,211,21001,21100,100,100,0,0,1.0,0.0,0.0,,,,,,0.41,beat rr=rr_long delta=delta_up member=<num>,generic
100,212,21101,21200,100,100,0,0,1.0,0.0,0.0,,,,,,0.48,beat rr=rr_long delta=delta_down member=<num>,generic
100,213,21201,21300,100,100,0,0,1.0,0.0,0.0,,,,,,0.36,beat rr=rr_long delta=delta_down member=<num>,generic
100,214,21301,21400,100,100,0,0,1.0,0.0,0.0,,,,,,0.45,beat rr=rr_long delta=delta_down member=<num>,generic
100,215,21401,21500,100,100,0,0,1.0,0.0,0.0,,,,,,0.45,beat rr=rr_long delta=delta_down member=<num>,generic
100,216,21501,21600,100,100,0,0,1.0,0.0,0.0,,,,,,0.46,beat rr=rr_long delta=delta_down member=<num>,generic
100,217,21601,21700,100,100,0,0,1.0,0.0,0.0,,,,,,0.41,beat rr=rr_long delta=delta_down member=<num>,generic
100,218,21701,21800,100,100,0,0,1.0,0.0,0.0,,,,,,0.49,beat rr=rr_long delta=delta_down member=<num>,generic
100,219,21801,21900,100,100,0,0,1.0,0.0,0.0,,,,,,0.38,beat rr=rr_long delta=delta_up member=<num>,generic
100,220,21901,22000,100,100,0,0,1.0,0.0,0.0,,,,,,0.46,beat rr=rr_long delta=delta_up member=<num>,generic
100,221,22001,22100,100,100,0,0,1.0,0.0,0.0,,,,,,0.41,beat rr=rr_long delta=delta_down member=<num>,generic
100,222,22101,22200,100,100,0,0,1.0,0.0,0.0,,,,,,0.4,beat rr=rr_long delta=delta_down member=<num>,generic
100,223,22201,22300,100,100,0,0,1.0,0.0,0.0,,,,,,0.48,beat rr=rr_long delta=delta_down member=<num>,generic
100,224,22301,22400,100,100,0,0,1.0,0.0,0.0,,,,,,0.42,beat rr=rr_long delta=delta_down member=<num>,generic
100,225,22401,22500,100,100,0,0,1.0,0.0,0.0,,,,,,0.47,beat rr=rr_long delta=delta_down member=<num>,generic
100,226,22501,22600,100,100,0,0,1.0,0.0,0.0,,,,,,0.54,beat rr=rr_long delta=delta_down member=<num>,generic
100,227,22601,22700,100,100,0,0,1.0,0.0,0.0,,,,,,0.41,beat rr=rr_long delta=delta_down member=<num>,generic
100,228,22701,22800,100,100,0,0,1.0,0.0,0.0,,,,,,0.47,beat rr=rr_long delta=delta_down member=<num>,generic
100,229,22801,22900,100,100,0,0,1.0,0.0,0.0,,,,,,0.37,beat rr=rr_long delta=delta_down member=<num>,generic
100,230,22901,23000,100,99,0,1,0.99,0.0,0.01,,,,,,0.46,beat rr=rr_long delta=delta_down member=<num>,generic
100,231,23001,23100,100,100,0,0,1.0,0.0,0.0,,,,,,0.48,beat rr=rr_long delta=delta_down member=<num>,generic
100,232,23101,23200,100,100,0,0,1.0,0.0,0.0,,,,,,0.39,beat rr=rr_long delta=delta_down member=<num>,generic
100,233,23201,23300,100,100,0,0,1.0,0.0,0.0,,,,,,0.51,beat rr=rr_long delta=delta_down member=<num>,generic
100,234,23301,23400,100,100,0,0,1.0,0.0,0.0,,,,,,0.51,beat rr=rr_long delta=delta_down member=<num>,generic
100,235,23401,23500,100,100,0,0,1.0,0.0,0.0,,,,,,0.53,beat rr=rr_long delta=delta_down member=<num>,generic
100,236,23501,23600,100,100,0,0,1.0,0.0,0.0,,,,,,0.51,beat rr=rr_long delta=delta_down member=<num>,generic
100,237,23601,23700,100,100,0,0,1.0,0.0,0.0,,,,,,0.48,beat rr=rr_long delta=delta_down member=<num>,generic
100,238,23701,23800,100,100,0,0,1.0,0.0,0.0,,,,,,0.43,beat rr=rr_long delta=delta_down member=<num>,generic
100,239,23801,23900,100,100,0,0,1.0,0.0,0.0,,,,,,0.42,beat rr=rr_long delta=delta_down member=<num>,generic
100,240,23901,24000,100,100,0,0,1.0,0.0,0.0,,,,,,0.41,beat rr=rr_long delta=delta_up member=<num>,generic
100,241,24001,24100,100,100,0,0,1.0,0.0,0.0,,,,,,0.41,beat rr=rr_long delta=delta_up member=<num>,generic
100,242,24101,24200,100,100,0,0,1.0,0.0,0.0,,,,,,0.45,beat rr=rr_long delta=delta_down member=<num>,generic
100,243,24201,24300,100,100,0,0,1.0,0.0,0.0,,,,,,0.38,beat rr=rr_long delta=delta_down member=<num>,generic
100,244,24301,24400,100,100,0,0,1.0,0.0,0.0,,,,,,0.38,beat rr=rr_long delta=delta_down member=<num>,generic
100,245,24401,24500,100,100,0,0,1.0,0.0,0.0,,,,,,0.42,beat rr=rr_long delta=delta_down member=<num>,generic
100,246,24501,24600,100,100,0,0,1.0,0.0,0.0,,,,,,0.48,beat rr=rr_long delta=delta_down member=<num>,generic
100,247,24601,24700,100,100,0,0,1.0,0.0,0.0,,,,,,0.42,beat rr=rr_long delta=delta_down member=<num>,generic
100,248,24701,24800,100,100,0,0,1.0,0.0,0.0,,,,,,0.42,beat rr=rr_long delta=delta_down member=<num>,generic
100,249,24801,24900,100,100,0,0,1.0,0.0,0.0,,,,,,0.39,beat rr=rr_long delta=delta_down member=<num>,generic
100,250,24901,25000,100,100,0,0,1.0,0.0,0.0,,,,,,0.43,beat rr=rr_long delta=delta_down member=<num>,generic
100,251,25001,25100,100,100,0,0,1.0,0.0,0.0,,,,,,0.4,beat rr=rr_long delta=delta_down member=<num>,generic
100,252,25101,25200,100,100,0,0,1.0,0.0,0.0,,,,,,0.39,beat rr=rr_long delta=delta_up member=<num>,generic
100,253,25201,25300,100,100,0,0,1.0,0.0,0.0,,,,,,0.38,beat rr=rr_long delta=delta_down member=<num>,generic
100,254,25301,25400,100,100,0,0,1.0,0.0,0.0,,,,,,0.46,beat rr=rr_long delta=delta_down member=<num>,generic
100,255,25401,25500,100,100,0,0,1.0,0.0,0.0,,,,,,0.52,beat rr=rr_long delta=delta_down member=<num>,generic
100,256,25501,25600,100,100,0,0,1.0,0.0,0.0,,,,,,0.44,beat rr=rr_long delta=delta_down member=<num>,generic
100,257,25601,25700,100,100,0,0,1.0,0.0,0.0,,,,,,0.38,beat rr=rr_long delta=delta_up member=<num>,generic
100,258,25701,25800,100,100,0,0,1.0,0.0,0.0,,,,,,0.48,beat rr=rr_long delta=delta_down member=<num>,generic
100,259,25801,25900,100,100,0,0,1.0,0.0,0.0,,,,,,0.5,beat rr=rr_long delta=delta_down member=<num>,generic
100,260,25901,26000,100,100,0,0,1.0,0.0,0.0,,,,,,0.49,beat rr=rr_long delta=delta_down member=<num>,generic
100,261,26001,26100,100,100,0,0,1.0,0.0,0.0,,,,,,0.5,beat rr=rr_long delta=delta_down member=<num>,generic
100,262,26101,26200,100,100,0,0,1.0,0.0,0.0,,,,,,0.54,beat rr=rr_long delta=delta_down member=<num>,generic
100,263,26201,26300,100,100,0,0,1.0,0.0,0.0,,,,,,0.5,beat rr=rr_long delta=delta_down member=<num>,generic
100,264,26301,26400,100,100,0,0,1.0,0.0,0.0,,,,,,0.42,beat rr=rr_long delta=delta_down member=<num>,generic
100,265,26401,26500,100,100,0,0,1.0,0.0,0.0,,,,,,0.46,beat rr=rr_long delta=delta_down member=<num>,generic
100,266,26501,26600,100,100,0,0,1.0,0.0,0.0,,,,,,0.49,beat rr=rr_long delta=delta_down member=<num>,generic
100,267,26601,26700,100,100,0,0,1.0,0.0,0.0,,,,,,0.47,beat rr=rr_long delta=delta_down member=<num>,generic
100,268,26701,26800,100,100,0,0,1.0,0.0,0.0,,,,,,0.42,beat rr=rr_long delta=delta_up member=<num>,generic
100,269,26801,26900,100,100,0,0,1.0,0.0,0.0,,,,,,0.43,beat rr=rr_long delta=delta_down member=<num>,generic
100,270,26901,27000,100,100,0,0,1.0,0.0,0.0,,,,,,0.49,beat rr=rr_long delta=delta_down member=<num>,generic
100,271,27001,27100,100,100,0,0,1.0,0.0,0.0,,,,,,0.51,beat rr=rr_long delta=delta_down member=<num>,generic
100,272,27101,27200,100,100,0,0,1.0,0.0,0.0,,,,,,0.39,beat rr=rr_long delta=delta_down member=<num>,generic
100,273,27201,27300,100,100,0,0,1.0,0.0,0.0,,,,,,0.5,beat rr=rr_long delta=delta_down member=<num>,generic
100,274,27301,27400,100,100,0,0,1.0,0.0,0.0,,,,,,0.58,beat rr=rr_long delta=delta_down member=<num>,generic
100,275,27401,27500,100,100,0,0,1.0,0.0,0.0,,,,,,0.46,beat rr=rr_long delta=delta_down member=<num>,generic
100,276,27501,27600,100,100,0,0,1.0,0.0,0.0,,,,,,0.46,beat rr=rr_long delta=delta_down member=<num>,generic
100,277,27601,27700,100,100,0,0,1.0,0.0,0.0,,,,,,0.43,beat rr=rr_long delta=delta_down member=<num>,generic
100,278,27701,27800,100,100,0,0,1.0,0.0,0.0,,,,,,0.44,beat rr=rr_long delta=delta_down member=<num>,generic
100,279,27801,27900,100,100,0,0,1.0,0.0,0.0,,,,,,0.47,beat rr=rr_long delta=delta_down member=<num>,generic
100,280,27901,28000,100,97,3,0,0.97,0.03,0.0,,,,,,0.54,beat rr=rr_long delta=delta_down member=<num>,generic
100,281,28001,28100,100,100,0,0,1.0,0.0,0.0,,,,,,0.45,beat rr=rr_long delta=delta_down member=<num>,generic
100,282,28101,28200,100,100,0,0,1.0,0.0,0.0,,,,,,0.44,beat rr=rr_long delta=delta_down member=<num>,generic
100,283,28201,28300,100,100,0,0,1.0,0.0,0.0,,,,,,0.52,beat rr=rr_long delta=delta_down member=<num>,generic
100,284,28301,28400,100,100,0,0,1.0,0.0,0.0,,,,,,0.47,beat rr=rr_long delta=delta_down member=<num>,generic
100,285,28401,28500,100,100,0,0,1.0,0.0,0.0,,,,,,0.42,beat rr=rr_long delta=delta_down member=<num>,generic
100,286,28501,28600,100,100,0,0,1.0,0.0,0.0,,,,,,0.44,beat rr=rr_long delta=delta_down member=<num>,generic
100,287,28601,28700,100,100,0,0,1.0,0.0,0.0,,,,,,0.45,beat rr=rr_long delta=delta_down member=<num>,generic
100,288,28701,28800,100,100,0,0,1.0,0.0,0.0,,,,,,0.39,beat rr=rr_long delta=delta_down member=<num>,generic
100,289,28801,28900,100,100,0,0,1.0,0.0,0.0,,,,,,0.47,beat rr=rr_long delta=delta_down member=<num>,generic
100,290,28901,29000,100,100,0,0,1.0,0.0,0.0,,,,,,0.4,beat rr=rr_long delta=delta_down member=<num>,generic
100,291,29001,29100,100,100,0,0,1.0,0.0,0.0,,,,,,0.43,beat rr=rr_long delta=delta_up member=<num>,generic
100,292,29101,29200,100,100,0,0,1.0,0.0,0.0,,,,,,0.51,beat rr=rr_long delta=delta_down member=<num>,generic
100,293,29201,29300,100,100,0,0,1.0,0.0,0.0,,,,,,0.37,beat rr=rr_long delta=delta_up member=<num>,generic
100,294,29301,29400,100,100,0,0,1.0,0.0,0.0,,,,,,0.41,beat rr=rr_long delta=delta_down member=<num>,generic
100,295,29401,29500,100,100,0,0,1.0,0.0,0.0,,,,,,0.38,beat rr=rr_long delta=delta_down member=<num>,generic
100,296,29501,29600,100,100,0,0,1.0,0.0,0.0,,,,,,0.36,beat rr=rr_long delta=delta_down member=<num>,generic
100,297,29601,29700,100,100,0,0,1.0,0.0,0.0,,,,,,0.51,beat rr=rr_long delta=delta_down member=<num>,generic
100,298,29701,29800,100,97,3,0,0.97,0.03,0.0,,,,,,0.51,beat rr=rr_long delta=delta_down member=<num>,generic
100,299,29801,29900,100,100,0,0,1.0,0.0,0.0,,,,,,0.49,beat rr=rr_long delta=delta_down member=<num>,generic
100,300,29901,30000,100,100,0,0,1.0,0.0,0.0,,,,,,0.56,beat rr=rr_long delta=delta_down member=<num>,generic
100,301,30001,30100,100,100,0,0,1.0,0.0,0.0,,,,,,0.53,beat rr=rr_long delta=delta_down member=<num>,generic
100,302,30101,30200,100,100,0,0,1.0,0.0,0.0,,,,,,0.43,beat rr=rr_long delta=delta_down member=<num>,generic
100,303,30201,30300,100,100,0,0,1.0,0.0,0.0,,,,,,0.51,beat rr=rr_long delta=delta_down member=<num>,generic
100,304,30301,30400,100,100,0,0,1.0,0.0,0.0,,,,,,0.59,beat rr=rr_long delta=delta_down member=<num>,generic
100,305,30401,30500,100,100,0,0,1.0,0.0,0.0,,,,,,0.45,beat rr=rr_long delta=delta_down member=<num>,generic
100,306,30501,30600,100,100,0,0,1.0,0.0,0.0,,,,,,0.47,beat rr=rr_long delta=delta_down member=<num>,generic
100,307,30601,30700,100,100,0,0,1.0,0.0,0.0,,,,,,0.51,beat rr=rr_long delta=delta_down member=<num>,generic
100,308,30701,30800,100,100,0,0,1.0,0.0,0.0,,,,,,0.57,beat rr=rr_long delta=delta_down member=<num>,generic
100,309,30801,30900,100,100,0,0,1.0,0.0,0.0,,,,,,0.46,beat rr=rr_long delta=delta_down member=<num>,generic
100,310,30901,31000,100,100,0,0,1.0,0.0,0.0,,,,,,0.44,beat rr=rr_long delta=delta_down member=<num>,generic
100,311,31001,31100,100,100,0,0,1.0,0.0,0.0,,,,,,0.55,beat rr=rr_long delta=delta_down member=<num>,generic
100,312,31101,31200,100,100,0,0,1.0,0.0,0.0,,,,,,0.44,beat rr=rr_long delta=delta_down member=<num>,generic
100,313,31201,31300,100,100,0,0,1.0,0.0,0.0,,,,,,0.5,beat rr=rr_long delta=delta_down member=<num>,generic
100,314,31301,31400,100,100,0,0,1.0,0.0,0.0,,,,,,0.52,beat rr=rr_long delta=delta_down member=<num>,generic
100,315,31401,31500,100,100,0,0,1.0,0.0,0.0,,,,,,0.56,beat rr=rr_long delta=delta_down member=<num>,generic
100,316,31501,31600,100,100,0,0,1.0,0.0,0.0,,,,,,0.43,beat rr=rr_long delta=delta_down member=<num>,generic
100,317,31601,31700,100,100,0,0,1.0,0.0,0.0,,,,,,0.47,beat rr=rr_long delta=delta_down member=<num>,generic
100,318,31701,31800,100,100,0,0,1.0,0.0,0.0,,,,,,0.45,beat rr=rr_long delta=delta_down member=<num>,generic
100,319,31801,31900,100,100,0,0,1.0,0.0,0.0,,,,,,0.46,beat rr=rr_long delta=delta_up member=<num>,generic
100,320,31901,32000,100,100,0,0,1.0,0.0,0.0,,,,,,0.51,beat rr=rr_long delta=delta_down member=<num>,generic
100,321,32001,32100,100,100,0,0,1.0,0.0,0.0,,,,,,0.46,beat rr=rr_long delta=delta_down member=<num>,generic
100,322,32101,32200,100,100,0,0,1.0,0.0,0.0,,,,,,0.49,beat rr=rr_long delta=delta_down member=<num>,generic
100,323,32201,32300,100,100,0,0,1.0,0.0,0.0,,,,,,0.47,beat rr=rr_long delta=delta_down member=<num>,generic
100,324,32301,32400,100,100,0,0,1.0,0.0,0.0,,,,,,0.45,beat rr=rr_long delta=delta_down member=<num>,generic
100,325,32401,32500,100,100,0,0,1.0,0.0,0.0,,,,,,0.45,beat rr=rr_long delta=delta_down member=<num>,generic
100,326,32501,32600,100,100,0,0,1.0,0.0,0.0,,,,,,0.43,beat rr=rr_long delta=delta_down member=<num>,generic
100,327,32601,32700,100,100,0,0,1.0,0.0,0.0,,,,,,0.45,beat rr=rr_long delta=delta_down member=<num>,generic
100,328,32701,32800,100,100,0,0,1.0,0.0,0.0,,,,,,0.48,beat rr=rr_long delta=delta_down member=<num>,generic
100,329,32801,32900,100,100,0,0,1.0,0.0,0.0,,,,,,0.47,beat rr=rr_long delta=delta_down member=<num>,generic
100,330,32901,33000,100,100,0,0,1.0,0.0,0.0,,,,,,0.52,beat rr=rr_long delta=delta_down member=<num>,generic
100,331,33001,33100,100,100,0,0,1.0,0.0,0.0,,,,,,0.44,beat rr=rr_long delta=delta_up member=<num>,generic
100,332,33101,33200,100,100,0,0,1.0,0.0,0.0,,,,,,0.52,beat rr=rr_long delta=delta_down member=<num>,generic
100,333,33201,33300,100,100,0,0,1.0,0.0,0.0,,,,,,0.48,beat rr=rr_long delta=delta_down member=<num>,generic
100,334,33301,33400,100,100,0,0,1.0,0.0,0.0,,,,,,0.52,beat rr=rr_long delta=delta_down member=<num>,generic
100,335,33401,33500,100,100,0,0,1.0,0.0,0.0,,,,,,0.43,beat rr=rr_long delta=delta_down member=<num>,generic
100,336,33501,33600,100,100,0,0,1.0,0.0,0.0,,,,,,0.49,beat rr=rr_long delta=delta_down member=<num>,generic
100,337,33601,33700,100,100,0,0,1.0,0.0,0.0,,,,,,0.47,beat rr=rr_long delta=delta_down member=<num>,generic
100,338,33701,33800,100,100,0,0,1.0,0.0,0.0,,,,,,0.48,beat rr=rr_long delta=delta_down member=<num>,generic
100,339,33801,33900,100,100,0,0,1.0,0.0,0.0,,,,,,0.45,beat rr=rr_long delta=delta_down member=<num>,generic
100,340,33901,34000,100,100,0,0,1.0,0.0,0.0,,,,,,0.55,beat rr=rr_long delta=delta_down member=<num>,generic
100,341,34001,34100,100,100,0,0,1.0,0.0,0.0,,,,,,0.45,beat rr=rr_long delta=delta_down member=<num>,generic
100,342,34101,34200,100,100,0,0,1.0,0.0,0.0,,,,,,0.53,beat rr=rr_long delta=delta_down member=<num>,generic
100,343,34201,34300,100,100,0,0,1.0,0.0,0.0,,,,,,0.49,beat rr=rr_long delta=delta_down member=<num>,generic
100,344,34301,34400,100,100,0,0,1.0,0.0,0.0,,,,,,0.5,beat rr=rr_long delta=delta_down member=<num>,generic
100,345,34401,34500,100,100,0,0,1.0,0.0,0.0,,,,,,0.44,beat rr=rr_long delta=delta_down member=<num>,generic
100,346,34501,34600,100,100,0,0,1.0,0.0,0.0,,,,,,0.47,beat rr=rr_long delta=delta_down member=<num>,generic
100,347,34601,34700,100,100,0,0,1.0,0.0,0.0,,,,,,0.48,beat rr=rr_long delta=delta_down member=<num>,generic
100,348,34701,34800,100,100,0,0,1.0,0.0,0.0,,,,,,0.52,beat rr=rr_long delta=delta_down member=<num>,generic
100,349,34801,34900,100,100,0,0,1.0,0.0,0.0,,,,,,0.41,beat rr=rr_long delta=delta_down member=<num>,generic
100,350,34901,35000,100,100,0,0,1.0,0.0,0.0,,,,,,0.51,beat rr=rr_long delta=delta_down member=<num>,generic
100,351,35001,35100,100,100,0,0,1.0,0.0,0.0,,,,,,0.46,beat rr=rr_long delta=delta_down member=<num>,generic
100,352,35101,35200,100,100,0,0,1.0,0.0,0.0,,,,,,0.54,beat rr=rr_long delta=delta_down member=<num>,generic
100,353,35201,35300,100,100,0,0,1.0,0.0,0.0,,,,,,0.44,beat rr=rr_long delta=delta_down member=<num>,generic
100,354,35301,35400,100,100,0,0,1.0,0.0,0.0,,,,,,0.44,beat rr=rr_long delta=delta_down member=<num>,generic
100,355,35401,35500,100,100,0,0,1.0,0.0,0.0,,,,,,0.46,beat rr=rr_long delta=delta_down member=<num>,generic
100,356,35501,35600,100,100,0,0,1.0,0.0,0.0,,,,,,0.42,beat rr=rr_long delta=delta_down member=<num>,generic
100,357,35601,35700,100,100,0,0,1.0,0.0,0.0,,,,,,0.49,beat rr=rr_long delta=delta_down member=<num>,generic
100,358,35701,35800,100,100,0,0,1.0,0.0,0.0,,,,,,0.45,beat rr=rr_long delta=delta_down member=<num>,generic
100,359,35801,35900,100,100,0,0,1.0,0.0,0.0,,,,,,0.46,beat rr=rr_long delta=delta_down member=<num>,generic
100,360,35901,36000,100,100,0,0,1.0,0.0,0.0,,,,,,0.42,beat rr=rr_long delta=delta_down member=<num>,generic
100,361,36001,36100,100,100,0,0,1.0,0.0,0.0,,,,,,0.42,beat rr=rr_long delta=delta_up member=<num>,generic
100,362,36101,36200,100,100,0,0,1.0,0.0,0.0,,,,,,0.52,beat rr=rr_long delta=delta_down member=<num>,generic
100,363,36201,36300,100,100,0,0,1.0,0.0,0.0,,,,,,0.46,beat rr=rr_long delta=delta_down member=<num>,generic
100,364,36301,36400,100,100,0,0,1.0,0.0,0.0,,,,,,0.43,beat rr=rr_long delta=delta_up member=<num>,generic
100,365,36401,36500,100,100,0,0,1.0,0.0,0.0,,,,,,0.42,beat rr=rr_long delta=delta_down member=<num>,generic
100,366,36501,36600,100,100,0,0,1.0,0.0,0.0,,,,,,0.44,beat rr=rr_long delta=delta_up member=<num>,generic
100,367,36601,36700,100,100,0,0,1.0,0.0,0.0,,,,,,0.51,beat rr=rr_long delta=delta_down member=<num>,generic
100,368,36701,36800,100,100,0,0,1.0,0.0,0.0,,,,,,0.46,beat rr=rr_long delta=delta_up member=<num>,generic
100,369,36801,36900,100,100,0,0,1.0,0.0,0.0,,,,,,0.44,beat rr=rr_long delta=delta_down member=<num>,generic
100,370,36901,37000,100,100,0,0,1.0,0.0,0.0,,,,,,0.42,beat rr=rr_long delta=delta_down member=<num>,generic
100,371,37001,37100,100,100,0,0,1.0,0.0,0.0,,,,,,0.42,beat rr=rr_long delta=delta_down member=<num>,generic
100,372,37101,37200,100,100,0,0,1.0,0.0,0.0,,,,,,0.45,beat rr=rr_long delta=delta_down member=<num>,generic
100,373,37201,37300,100,100,0,0,1.0,0.0,0.0,,,,,,0.43,beat rr=rr_long delta=delta_down member=<num>,generic
100,374,37301,37400,100,100,0,0,1.0,0.0,0.0,,,,,,0.54,beat rr=rr_long delta=delta_down member=<num>,generic
100,375,37401,37500,100,100,0,0,1.0,0.0,0.0,,,,,,0.42,beat rr=rr_long delta=delta_down member=<num>,generic
100,376,37501,37600,100,100,0,0,1.0,0.0,0.0,,,,,,0.42,beat rr=rr_long delta=delta_down member=<num>,generic
100,377,37601,37700,100,100,0,0,1.0,0.0,0.0,,,,,,0.39,beat rr=rr_long delta=delta_down member=<num>,generic
100,378,37701,37800,100,100,0,0,1.0,0.0,0.0,,,,,,0.49,beat rr=rr_long delta=delta_down member=<num>,generic
100,379,37801,37900,100,100,0,0,1.0,0.0,0.0,,,,,,0.55,beat rr=rr_long delta=delta_down member=<num>,generic
100,380,37901,38000,100,100,0,0,1.0,0.0,0.0,,,,,,0.45,beat rr=rr_long delta=delta_down member=<num>,generic
100,381,38001,38100,100,100,0,0,1.0,0.0,0.0,,,,,,0.46,beat rr=rr_long delta=delta_down member=<num>,generic
100,382,38101,38200,100,100,0,0,1.0,0.0,0.0,,,,,,0.46,beat rr=rr_long delta=delta_down member=<num>,generic
100,383,38201,38300,100,100,0,0,1.0,0.0,0.0,,,,,,0.47,beat rr=rr_long delta=delta_down member=<num>,generic
100,384,38301,38400,100,100,0,0,1.0,0.0,0.0,,,,,,0.48,beat rr=rr_long delta=delta_down member=<num>,generic
100,385,38401,38500,100,100,0,0,1.0,0.0,0.0,,,,,,0.49,beat rr=rr_long delta=delta_down member=<num>,generic
100,386,38501,38600,100,100,0,0,1.0,0.0,0.0,,,,,,0.48,beat rr=rr_long delta=delta_up member=<num>,generic
100,387,38601,38700,100,100,0,0,1.0,0.0,0.0,,,,,,0.43,beat rr=rr_long delta=delta_up member=<num>,generic
100,388,38701,38800,100,100,0,0,1.0,0.0,0.0,,,,,,0.48,beat rr=rr_long delta=delta_down member=<num>,generic
100,389,38801,38900,100,100,0,0,1.0,0.0,0.0,,,,,,0.41,beat rr=rr_long delta=delta_up member=<num>,generic
100,390,38901,39000,100,100,0,0,1.0,0.0,0.0,,,,,,0.47,beat rr=rr_long delta=delta_down member=<num>,generic
100,391,39001,39100,100,100,0,0,1.0,0.0,0.0,,,,,,0.45,beat rr=rr_long delta=delta_up member=<num>,generic
100,392,39101,39200,100,100,0,0,1.0,0.0,0.0,,,,,,0.45,beat rr=rr_long delta=delta_up member=<num>,generic
100,393,39201,39300,100,100,0,0,1.0,0.0,0.0,,,,,,0.47,beat rr=rr_long delta=delta_up member=<num>,generic
100,394,39301,39400,100,100,0,0,1.0,0.0,0.0,,,,,,0.42,beat rr=rr_long delta=delta_down member=<num>,generic
100,395,39401,39500,100,100,0,0,1.0,0.0,0.0,,,,,,0.42,beat rr=rr_long delta=delta_down member=<num>,generic
100,396,39501,39600,100,100,0,0,1.0,0.0,0.0,,,,,,0.45,beat rr=rr_long delta=delta_down member=<num>,generic
100,397,39601,39700,100,100,0,0,1.0,0.0,0.0,,,,,,0.5,beat rr=rr_long delta=delta_down member=<num>,generic
100,398,39701,39800,100,100,0,0,1.0,0.0,0.0,,,,,,0.43,beat rr=rr_long delta=delta_up member=<num>,generic
100,399,39801,39900,100,100,0,0,1.0,0.0,0.0,,,,,,0.42,beat rr=rr_long delta=delta_down member=<num>,generic
100,400,39901,40000,100,100,0,0,1.0,0.0,0.0,,,,,,0.42,beat rr=rr_long delta=delta_down member=<num>,generic
100,401,40001,40100,100,100,0,0,1.0,0.0,0.0,,,,,,0.37,beat rr=rr_long delta=delta_down member=<num>,generic
100,402,40101,40200,100,100,0,0,1.0,0.0,0.0,,,,,,0.41,beat rr=rr_long delta=delta_down member=<num>,generic
100,403,40201,40300,100,100,0,0,1.0,0.0,0.0,,,,,,0.43,beat rr=rr_long delta=delta_down member=<num>,generic
100,404,40301,40400,100,100,0,0,1.0,0.0,0.0,,,,,,0.4,beat rr=rr_long delta=delta_down member=<num>,generic
100,405,40401,40500,100,100,0,0,1.0,0.0,0.0,,,,,,0.51,beat rr=rr_long delta=delta_down member=<num>,generic
100,406,40501,40600,100,100,0,0,1.0,0.0,0.0,,,,,,0.45,beat rr=rr_long delta=delta_down member=<num>,generic
100,407,40601,40700,100,100,0,0,1.0,0.0,0.0,,,,,,0.44,beat rr=rr_long delta=delta_up member=<num>,generic
100,408,40701,40800,100,100,0,0,1.0,0.0,0.0,,,,,,0.44,beat rr=rr_long delta=delta_down member=<num>,generic
100,409,40801,40900,100,100,0,0,1.0,0.0,0.0,,,,,,0.43,beat rr=rr_long delta=delta_down member=<num>,generic
100,410,40901,41000,100,100,0,0,1.0,0.0,0.0,,,,,,0.47,beat rr=rr_long delta=delta_down member=<num>,generic
100,411,41001,41100,100,100,0,0,1.0,0.0,0.0,,,,,,0.39,beat rr=rr_long delta=delta_up member=<num>,generic
100,412,41101,41200,100,100,0,0,1.0,0.0,0.0,,,,,,0.46,beat rr=rr_long delta=delta_up member=<num>,generic
100,413,41201,41300,100,100,0,0,1.0,0.0,0.0,,,,,,0.42,beat rr=rr_long delta=delta_down member=<num>,generic
100,414,41301,41400,100,99,0,1,0.99,0.0,0.01,,,,,,0.44,beat rr=rr_long delta=delta_down member=<num>,generic
100,415,41401,41500,100,100,0,0,1.0,0.0,0.0,,,,,,0.48,beat rr=rr_long delta=delta_down member=<num>,generic
100,416,41501,41600,100,100,0,0,1.0,0.0,0.0,,,,,,0.4,beat rr=rr_long delta=delta_down member=<num>,generic
100,417,41601,41700,100,100,0,0,1.0,0.0,0.0,,,,,,0.47,beat rr=rr_long delta=delta_down member=<num>,generic
100,418,41701,41800,100,100,0,0,1.0,0.0,0.0,,,,,,0.4,beat rr=rr_long delta=delta_down member=<num>,generic
100,419,41801,41900,100,100,0,0,1.0,0.0,0.0,,,,,,0.42,beat rr=rr_long delta=delta_down member=<num>,generic
100,420,41901,42000,100,100,0,0,1.0,0.0,0.0,,,,,,0.44,beat rr=rr_long delta=delta_down member=<num>,generic
100,421,42001,42100,100,100,0,0,1.0,0.0,0.0,,,,,,0.44,beat rr=rr_long delta=delta_down member=<num>,generic
100,422,42101,42200,100,100,0,0,1.0,0.0,0.0,,,,,,0.39,beat rr=rr_long delta=delta_up member=<num>,generic
100,423,42201,42300,100,100,0,0,1.0,0.0,0.0,,,,,,0.49,beat rr=rr_long delta=delta_down member=<num>,generic
100,424,42301,42400,100,100,0,0,1.0,0.0,0.0,,,,,,0.46,beat rr=rr_long delta=delta_down member=<num>,generic
100,425,42401,42500,100,100,0,0,1.0,0.0,0.0,,,,,,0.42,beat rr=rr_long delta=delta_down member=<num>,generic
100,426,42501,42600,100,100,0,0,1.0,0.0,0.0,,,,,,0.51,beat rr=rr_long delta=delta_down member=<num>,generic
100,427,42601,42700,100,100,0,0,1.0,0.0,0.0,,,,,,0.41,beat rr=rr_long delta=delta_down member=<num>,generic
100,428,42701,42800,100,100,0,0,1.0,0.0,0.0,,,,,,0.46,beat rr=rr_long delta=delta_down member=<num>,generic
100,429,42801,42900,100,100,0,0,1.0,0.0,0.0,,,,,,0.46,beat rr=rr_long delta=delta_up member=<num>,generic
100,430,42901,43000,100,100,0,0,1.0,0.0,0.0,,,,,,0.55,beat rr=rr_long delta=delta_down member=<num>,generic
100,431,43001,43100,100,100,0,0,1.0,0.0,0.0,,,,,,0.51,beat rr=rr_long delta=delta_down member=<num>,generic
100,432,43101,43200,100,100,0,0,1.0,0.0,0.0,,,,,,0.55,beat rr=rr_long delta=delta_down member=<num>,generic
100,433,43201,43300,100,100,0,0,1.0,0.0,0.0,,,,,,0.41,beat rr=rr_long delta=delta_up member=<num>,generic
100,434,43301,43400,100,100,0,0,1.0,0.0,0.0,,,,,,0.45,beat rr=rr_long delta=delta_down member=<num>,generic
100,435,43401,43500,100,100,0,0,1.0,0.0,0.0,,,,,,0.46,beat rr=rr_long delta=delta_flat member=<num>,generic
100,436,43501,43600,100,100,0,0,1.0,0.0,0.0,,,,,,0.4,beat rr=rr_long delta=delta_down member=<num>,generic
100,437,43601,43700,100,100,0,0,1.0,0.0,0.0,,,,,,0.44,beat rr=rr_long delta=delta_down member=<num>,generic
100,438,43701,43800,100,100,0,0,1.0,0.0,0.0,,,,,,0.46,beat rr=rr_long delta=delta_up member=<num>,generic
100,439,43801,43900,100,100,0,0,1.0,0.0,0.0,,,,,,0.53,beat rr=rr_long delta=delta_down member=<num>,generic
100,440,43901,44000,100,100,0,0,1.0,0.0,0.0,,,,,,0.45,beat rr=rr_long delta=delta_down member=<num>,generic
100,441,44001,44100,100,100,0,0,1.0,0.0,0.0,,,,,,0.45,beat rr=rr_long delta=delta_up member=<num>,generic
100,442,44101,44200,100,100,0,0,1.0,0.0,0.0,,,,,,0.44,beat rr=rr_long delta=delta_down member=<num>,generic
100,443,44201,44300,100,100,0,0,1.0,0.0,0.0,,,,,,0.43,beat rr=rr_long delta=delta_down member=<num>,generic
100,444,44301,44400,100,100,0,0,1.0,0.0,0.0,,,,,,0.37,beat rr=rr_long delta=delta_up member=<num>,generic
100,445,44401,44500,100,100,0,0,1.0,0.0,0.0,,,,,,0.43,beat rr=rr_long delta=delta_down member=<num>,generic
100,446,44501,44600,100,100,0,0,1.0,0.0,0.0,,,,,,0.45,beat rr=rr_long delta=delta_up member=<num>,generic
100,447,44601,44700,100,100,0,0,1.0,0.0,0.0,,,,,,0.44,beat rr=rr_long delta=delta_down member=<num>,generic
100,448,44701,44800,100,100,0,0,1.0,0.0,0.0,,,,,,0.37,beat rr=rr_long delta=delta_down member=<num>,generic
100,449,44801,44900,100,100,0,0,1.0,0.0,0.0,,,,,,0.44,beat rr=rr_long delta=delta_down member=<num>,generic
100,450,44901,45000,100,100,0,0,1.0,0.0,0.0,,,,,,0.39,beat rr=rr_long delta=delta_down member=<num>,generic
100,451,45001,45100,100,100,0,0,1.0,0.0,0.0,,,,,,0.37,beat rr=rr_long delta=delta_down member=<num>,generic
100,452,45101,45200,100,100,0,0,1.0,0.0,0.0,,,,,,0.38,beat rr=rr_long delta=delta_down member=<num>,generic
100,453,45201,45300,100,100,0,0,1.0,0.0,0.0,,,,,,0.47,beat rr=rr_long delta=delta_down member=<num>,generic
100,454,45301,45400,100,100,0,0,1.0,0.0,0.0,,,,,,0.47,beat rr=rr_long delta=delta_down member=<num>,generic
100,455,45401,45500,100,100,0,0,1.0,0.0,0.0,,,,,,0.43,beat rr=rr_long delta=delta_up member=<num>,generic
100,456,45501,45600,100,100,0,0,1.0,0.0,0.0,,,,,,0.42,beat rr=rr_long delta=delta_up member=<num>,generic
100,457,45601,45700,100,100,0,0,1.0,0.0,0.0,,,,,,0.43,beat rr=rr_long delta=delta_up member=<num>,generic
100,458,45701,45800,100,100,0,0,1.0,0.0,0.0,,,,,,0.45,beat rr=rr_long delta=delta_up member=<num>,generic
100,459,45801,45900,100,100,0,0,1.0,0.0,0.0,,,,,,0.42,beat rr=rr_long delta=delta_down member=<num>,generic
100,460,45901,46000,100,100,0,0,1.0,0.0,0.0,,,,,,0.48,beat rr=rr_long delta=delta_down member=<num>,generic
100,461,46001,46100,100,100,0,0,1.0,0.0,0.0,,,,,,0.47,beat rr=rr_long delta=delta_down member=<num>,generic
100,462,46101,46200,100,100,0,0,1.0,0.0,0.0,,,,,,0.46,beat rr=rr_long delta=delta_down member=<num>,generic
100,463,46201,46300,100,100,0,0,1.0,0.0,0.0,,,,,,0.48,beat rr=rr_long delta=delta_down member=<num>,generic
100,464,46301,46400,100,100,0,0,1.0,0.0,0.0,,,,,,0.44,beat rr=rr_long delta=delta_up member=<num>,generic
100,465,46401,46500,100,100,0,0,1.0,0.0,0.0,,,,,,0.43,beat rr=rr_long delta=delta_down member=<num>,generic
100,466,46501,46600,100,100,0,0,1.0,0.0,0.0,,,,,,0.43,beat rr=rr_long delta=delta_down member=<num>,generic
100,467,46601,46700,100,100,0,0,1.0,0.0,0.0,,,,,,0.41,beat rr=rr_long delta=delta_down member=<num>,generic
100,468,46701,46800,100,100,0,0,1.0,0.0,0.0,,,,,,0.4,beat rr=rr_long delta=delta_down member=<num>,generic
100,469,46801,46900,100,100,0,0,1.0,0.0,0.0,,,,,,0.47,beat rr=rr_long delta=delta_down member=<num>,generic
100,470,46901,47000,100,100,0,0,1.0,0.0,0.0,,,,,,0.4,beat rr=rr_long delta=delta_down member=<num>,generic
100,471,47001,47100,100,100,0,0,1.0,0.0,0.0,,,,,,0.45,beat rr=rr_long delta=delta_down member=<num>,generic
100,472,47101,47200,100,100,0,0,1.0,0.0,0.0,,,,,,0.43,beat rr=rr_long delta=delta_down member=<num>,generic
100,473,47201,47300,100,100,0,0,1.0,0.0,0.0,,,,,,0.46,beat rr=rr_long delta=delta_down member=<num>,generic
100,474,47301,47400,100,100,0,0,1.0,0.0,0.0,,,,,,0.45,beat rr=rr_long delta=delta_down member=<num>,generic
100,475,47401,47500,100,100,0,0,1.0,0.0,0.0,,,,,,0.41,beat rr=rr_long delta=delta_down member=<num>,generic
100,476,47501,47600,100,100,0,0,1.0,0.0,0.0,,,,,,0.47,beat rr=rr_long delta=delta_down member=<num>,generic
100,477,47601,47700,100,100,0,0,1.0,0.0,0.0,,,,,,0.44,beat rr=rr_long delta=delta_up member=<num>,generic
100,478,47701,47800,100,100,0,0,1.0,0.0,0.0,,,,,,0.44,beat rr=rr_long delta=delta_down member=<num>,generic
100,479,47801,47900,100,100,0,0,1.0,0.0,0.0,,,,,,0.53,beat rr=rr_long delta=delta_down member=<num>,generic
100,480,47901,48000,100,100,0,0,1.0,0.0,0.0,,,,,,0.42,beat rr=rr_long delta=delta_down member=<num>,generic
100,481,48001,48100,100,100,0,0,1.0,0.0,0.0,,,,,,0.46,beat rr=rr_long delta=delta_up member=<num>,generic
100,482,48101,48200,100,100,0,0,1.0,0.0,0.0,,,,,,0.51,beat rr=rr_long delta=delta_down member=<num>,generic
100,483,48201,48300,100,100,0,0,1.0,0.0,0.0,,,,,,0.44,beat rr=rr_long delta=delta_down member=<num>,generic
100,484,48301,48400,100,100,0,0,1.0,0.0,0.0,,,,,,0.41,beat rr=rr_long delta=delta_up member=<num>,generic
100,485,48401,48500,100,100,0,0,1.0,0.0,0.0,,,,,,0.59,beat rr=rr_long delta=delta_down member=<num>,generic
100,486,48501,48600,100,100,0,0,1.0,0.0,0.0,,,,,,0.52,beat rr=rr_long delta=delta_down member=<num>,generic
100,487,48601,48700,100,100,0,0,1.0,0.0,0.0,,,,,,0.4,beat rr=rr_long delta=delta_up member=<num>,generic
100,488,48701,48800,100,100,0,0,1.0,0.0,0.0,,,,,,0.48,beat rr=rr_long delta=delta_down member=<num>,generic
100,489,48801,48900,100,100,0,0,1.0,0.0,0.0,,,,,,0.46,beat rr=rr_long delta=delta_down member=<num>,generic
100,490,48901,49000,100,100,0,0,1.0,0.0,0.0,,,,,,0.44,beat rr=rr_long delta=delta_down member=<num>,generic
100,491,49001,49100,100,100,0,0,1.0,0.0,0.0,,,,,,0.56,beat rr=rr_long delta=delta_down member=<num>,generic
100,492,49101,49200,100,100,0,0,1.0,0.0,0.0,,,,,,0.45,beat rr=rr_long delta=delta_down member=<num>,generic
100,493,49201,49300,100,100,0,0,1.0,0.0,0.0,,,,,,0.42,beat rr=rr_long delta=delta_down member=<num>,generic
100,494,49301,49400,100,100,0,0,1.0,0.0,0.0,,,,,,0.51,beat rr=rr_long delta=delta_down member=<num>,generic
100,495,49401,49500,100,100,0,0,1.0,0.0,0.0,,,,,,0.55,beat rr=rr_long delta=delta_down member=<num>,generic
100,496,49501,49600,100,100,0,0,1.0,0.0,0.0,,,,,,0.47,beat rr=rr_long delta=delta_down member=<num>,generic
100,497,49601,49700,100,100,0,0,1.0,0.0,0.0,,,,,,0.49,beat rr=rr_long delta=delta_down member=<num>,generic
100,498,49701,49800,100,100,0,0,1.0,0.0,0.0,,,,,,0.5,beat rr=rr_long delta=delta_down member=<num>,generic
100,499,49801,49900,100,100,0,0,1.0,0.0,0.0,,,,,,0.45,beat rr=rr_long delta=delta_up member=<num>,generic
100,500,49901,50000,100,100,0,0,1.0,0.0,0.0,,,,,,0.52,beat rr=rr_long delta=delta_down member=<num>,generic
125,1,1,125,125,125,0,0,1.0,0.0,0.0,,,,,,0.456,beat rr=rr_long delta=delta_down member=<num>,generic
125,2,126,250,125,125,0,0,1.0,0.0,0.0,,,,,,0.416,beat rr=rr_long delta=delta_up member=<num>,generic
125,3,251,375,125,125,0,0,1.0,0.0,0.0,,,,,,0.368,beat rr=rr_long delta=delta_down member=<num>,generic
125,4,376,500,125,125,0,0,1.0,0.0,0.0,,,,,,0.352,beat rr=rr_long delta=delta_flat member=<num>,generic
125,5,501,625,125,125,0,0,1.0,0.0,0.0,,,,,,0.352,beat rr=rr_long delta=delta_flat member=<num>,generic
125,6,626,750,125,125,0,0,1.0,0.0,0.0,,,,,,0.4,beat rr=rr_long delta=delta_flat member=<num>,generic
125,7,751,875,125,125,0,0,1.0,0.0,0.0,,,,,,0.448,beat rr=rr_long delta=delta_flat member=<num>,generic
125,8,876,1000,125,125,0,0,1.0,0.0,0.0,,,,,,0.376,beat rr=rr_long delta=delta_flat member=<num>,generic
125,9,1001,1125,125,125,0,0,1.0,0.0,0.0,,,,,,0.44,beat rr=rr_long delta=delta_down member=<num>,generic
125,10,1126,1250,125,125,0,0,1.0,0.0,0.0,,,,,,0.44,beat rr=rr_long delta=delta_down member=<num>,generic
125,11,1251,1375,125,125,0,0,1.0,0.0,0.0,,,,,,0.432,beat rr=rr_long delta=delta_down member=<num>,generic
125,12,1376,1500,125,125,0,0,1.0,0.0,0.0,,,,,,0.456,beat rr=rr_long delta=delta_down member=<num>,generic
125,13,1501,1625,125,125,0,0,1.0,0.0,0.0,,,,,,0.448,beat rr=rr_long delta=delta_up member=<num>,generic
125,14,1626,1750,125,125,0,0,1.0,0.0,0.0,,,,,,0.4,beat rr=rr_long delta=delta_down member=<num>,generic
125,15,1751,1875,125,125,0,0,1.0,0.0,0.0,,,,,,0.376,beat rr=rr_long delta=delta_up member=<num>,generic
125,16,1876,2000,125,125,0,0,1.0,0.0,0.0,,,,,,0.4,beat rr=rr_long delta=delta_up member=<num>,generic
125,17,2001,2125,125,125,0,0,1.0,0.0,0.0,,,,,,0.416,beat rr=rr_long delta=delta_down member=<num>,generic
125,18,2126,2250,125,125,0,0,1.0,0.0,0.0,,,,,,0.392,beat rr=rr_long delta=delta_down member=<num>,generic
125,19,2251,2375,125,125,0,0,1.0,0.0,0.0,,,,,,0.448,beat rr=rr_long delta=delta_down member=<num>,generic
125,20,2376,2500,125,125,0,0,1.0,0.0,0.0,,,,,,0.464,beat rr=rr_long delta=delta_down member=<num>,generic
125,21,2501,2625,125,125,0,0,1.0,0.0,0.0,,,,,,0.424,beat rr=rr_long delta=delta_down member=<num>,generic
125,22,2626,2750,125,125,0,0,1.0,0.0,0.0,,,,,,0.416,beat rr=rr_long delta=delta_up member=<num>,generic
125,23,2751,2875,125,125,0,0,1.0,0.0,0.0,,,,,,0.424,beat rr=rr_long delta=delta_down member=<num>,generic
125,24,2876,3000,125,125,0,0,1.0,0.0,0.0,,,,,,0.424,beat rr=rr_long delta=delta_down member=<num>,generic
125,25,3001,3125,125,125,0,0,1.0,0.0,0.0,,,,,,0.392,beat rr=rr_long delta=delta_down member=<num>,generic
125,26,3126,3250,125,125,0,0,1.0,0.0,0.0,,,,,,0.44,beat rr=rr_long delta=delta_down member=<num>,generic
125,27,3251,3375,125,125,0,0,1.0,0.0,0.0,,,,,,0.416,beat rr=rr_long delta=delta_down member=<num>,generic
125,28,3376,3500,125,125,0,0,1.0,0.0,0.0,,,,,,0.456,beat rr=rr_long delta=delta_down member=<num>,generic
125,29,3501,3625,125,125,0,0,1.0,0.0,0.0,,,,,,0.448,beat rr=rr_long delta=delta_down member=<num>,generic
125,30,3626,3750,125,125,0,0,1.0,0.0,0.0,,,,,,0.464,beat rr=rr_long delta=delta_down member=<num>,generic
125,31,3751,3875,125,125,0,0,1.0,0.0,0.0,,,,,,0.48,beat rr=rr_long delta=delta_down member=<num>,generic
125,32,3876,4000,125,125,0,0,1.0,0.0,0.0,,,,,,0.472,beat rr=rr_long delta=delta_down member=<num>,generic
125,33,4001,4125,125,125,0,0,1.0,0.0,0.0,,,,,,0.416,beat rr=rr_long delta=delta_flat member=<num>,generic
125,34,4126,4250,125,125,0,0,1.0,0.0,0.0,,,,,,0.432,beat rr=rr_long delta=delta_flat member=<num>,generic
125,35,4251,4375,125,125,0,0,1.0,0.0,0.0,,,,,,0.488,beat rr=rr_long delta=delta_down member=<num>,generic
125,36,4376,4500,125,125,0,0,1.0,0.0,0.0,,,,,,0.504,beat rr=rr_long delta=delta_down member=<num>,generic
125,37,4501,4625,125,125,0,0,1.0,0.0,0.0,,,,,,0.512,beat rr=rr_long delta=delta_down member=<num>,generic
125,38,4626,4750,125,125,0,0,1.0,0.0,0.0,,,,,,0.496,beat rr=rr_long delta=delta_down member=<num>,generic
125,39,4751,4875,125,125,0,0,1.0,0.0,0.0,,,,,,0.528,beat rr=rr_long delta=delta_down member=<num>,generic
125,40,4876,5000,125,125,0,0,1.0,0.0,0.0,,,,,,0.48,beat rr=rr_long delta=delta_down member=<num>,generic
125,41,5001,5125,125,125,0,0,1.0,0.0,0.0,,,,,,0.496,beat rr=rr_long delta=delta_down member=<num>,generic
125,42,5126,5250,125,125,0,0,1.0,0.0,0.0,,,,,,0.4,beat rr=rr_long delta=delta_down member=<num>,generic
125,43,5251,5375,125,125,0,0,1.0,0.0,0.0,,,,,,0.464,beat rr=rr_long delta=delta_down member=<num>,generic
125,44,5376,5500,125,125,0,0,1.0,0.0,0.0,,,,,,0.448,beat rr=rr_long delta=delta_down member=<num>,generic
125,45,5501,5625,125,125,0,0,1.0,0.0,0.0,,,,,,0.464,beat rr=rr_long delta=delta_down member=<num>,generic
125,46,5626,5750,125,125,0,0,1.0,0.0,0.0,,,,,,0.456,beat rr=rr_long delta=delta_down member=<num>,generic
125,47,5751,5875,125,125,0,0,1.0,0.0,0.0,,,,,,0.488,beat rr=rr_long delta=delta_down member=<num>,generic
125,48,5876,6000,125,125,0,0,1.0,0.0,0.0,,,,,,0.512,beat rr=rr_long delta=delta_down member=<num>,generic
125,49,6001,6125,125,125,0,0,1.0,0.0,0.0,,,,,,0.544,beat rr=rr_long delta=delta_down member=<num>,generic
125,50,6126,6250,125,125,0,0,1.0,0.0,0.0,,,,,,0.392,beat rr=rr_long delta=delta_down member=<num>,generic
125,51,6251,6375,125,125,0,0,1.0,0.0,0.0,,,,,,0.392,beat rr=rr_long delta=delta_down member=<num>,generic
125,52,6376,6500,125,125,0,0,1.0,0.0,0.0,,,,,,0.448,beat rr=rr_long delta=delta_down member=<num>,generic
125,53,6501,6625,125,125,0,0,1.0,0.0,0.0,,,,,,0.48,beat rr=rr_long delta=delta_down member=<num>,generic
125,54,6626,6750,125,125,0,0,1.0,0.0,0.0,,,,,,0.448,beat rr=rr_long delta=delta_down member=<num>,generic
125,55,6751,6875,125,125,0,0,1.0,0.0,0.0,,,,,,0.384,beat rr=rr_long delta=delta_down member=<num>,generic
125,56,6876,7000,125,125,0,0,1.0,0.0,0.0,,,,,,0.48,beat rr=rr_long delta=delta_down member=<num>,generic
125,57,7001,7125,125,125,0,0,1.0,0.0,0.0,,,,,,0.464,beat rr=rr_long delta=delta_down member=<num>,generic
125,58,7126,7250,125,125,0,0,1.0,0.0,0.0,,,,,,0.432,beat rr=rr_long delta=delta_down member=<num>,generic
125,59,7251,7375,125,125,0,0,1.0,0.0,0.0,,,,,,0.464,beat rr=rr_long delta=delta_down member=<num>,generic
125,60,7376,7500,125,125,0,0,1.0,0.0,0.0,,,,,,0.44,beat rr=rr_long delta=delta_up member=<num>,generic
125,61,7501,7625,125,125,0,0,1.0,0.0,0.0,,,,,,0.504,beat rr=rr_long delta=delta_down member=<num>,generic
125,62,7626,7750,125,125,0,0,1.0,0.0,0.0,,,,,,0.456,beat rr=rr_long delta=delta_down member=<num>,generic
125,63,7751,7875,125,125,0,0,1.0,0.0,0.0,,,,,,0.424,beat rr=rr_long delta=delta_up member=<num>,generic
125,64,7876,8000,125,125,0,0,1.0,0.0,0.0,,,,,,0.456,beat rr=rr_long delta=delta_down member=<num>,generic
125,65,8001,8125,125,125,0,0,1.0,0.0,0.0,,,,,,0.448,beat rr=rr_long delta=delta_up member=<num>,generic
125,66,8126,8250,125,125,0,0,1.0,0.0,0.0,,,,,,0.424,beat rr=rr_long delta=delta_up member=<num>,generic
125,67,8251,8375,125,125,0,0,1.0,0.0,0.0,,,,,,0.448,beat rr=rr_long delta=delta_down member=<num>,generic
125,68,8376,8500,125,125,0,0,1.0,0.0,0.0,,,,,,0.464,beat rr=rr_long delta=delta_down member=<num>,generic
125,69,8501,8625,125,125,0,0,1.0,0.0,0.0,,,,,,0.392,beat rr=rr_long delta=delta_down member=<num>,generic
125,70,8626,8750,125,125,0,0,1.0,0.0,0.0,,,,,,0.448,beat rr=rr_long delta=delta_down member=<num>,generic
125,71,8751,8875,125,125,0,0,1.0,0.0,0.0,,,,,,0.432,beat rr=rr_long delta=delta_up member=<num>,generic
125,72,8876,9000,125,125,0,0,1.0,0.0,0.0,,,,,,0.4,beat rr=rr_long delta=delta_down member=<num>,generic
125,73,9001,9125,125,125,0,0,1.0,0.0,0.0,,,,,,0.416,beat rr=rr_long delta=delta_down member=<num>,generic
125,74,9126,9250,125,125,0,0,1.0,0.0,0.0,,,,,,0.408,beat rr=rr_long delta=delta_down member=<num>,generic
125,75,9251,9375,125,125,0,0,1.0,0.0,0.0,,,,,,0.448,beat rr=rr_long delta=delta_down member=<num>,generic
125,76,9376,9500,125,125,0,0,1.0,0.0,0.0,,,,,,0.408,beat rr=rr_long delta=delta_down member=<num>,generic
125,77,9501,9625,125,125,0,0,1.0,0.0,0.0,,,,,,0.416,beat rr=rr_long delta=delta_down member=<num>,generic
125,78,9626,9750,125,125,0,0,1.0,0.0,0.0,,,,,,0.448,beat rr=rr_long delta=delta_down member=<num>,generic
125,79,9751,9875,125,125,0,0,1.0,0.0,0.0,,,,,,0.456,beat rr=rr_long delta=delta_up member=<num>,generic
125,80,9876,10000,125,125,0,0,1.0,0.0,0.0,,,,,,0.456,beat rr=rr_long delta=delta_down member=<num>,generic
125,81,10001,10125,125,125,0,0,1.0,0.0,0.0,,,,,,0.424,beat rr=rr_long delta=delta_down member=<num>,generic
125,82,10126,10250,125,125,0,0,1.0,0.0,0.0,,,,,,0.4,beat rr=rr_long delta=delta_down member=<num>,generic
125,83,10251,10375,125,125,0,0,1.0,0.0,0.0,,,,,,0.424,beat rr=rr_long delta=delta_down member=<num>,generic
125,84,10376,10500,125,125,0,0,1.0,0.0,0.0,,,,,,0.424,beat rr=rr_long delta=delta_down member=<num>,generic
125,85,10501,10625,125,125,0,0,1.0,0.0,0.0,,,,,,0.464,beat rr=rr_long delta=delta_down member=<num>,generic
125,86,10626,10750,125,125,0,0,1.0,0.0,0.0,,,,,,0.456,beat rr=rr_long delta=delta_down member=<num>,generic
125,87,10751,10875,125,125,0,0,1.0,0.0,0.0,,,,,,0.44,beat rr=rr_long delta=delta_down member=<num>,generic
125,88,10876,11000,125,125,0,0,1.0,0.0,0.0,,,,,,0.424,beat rr=rr_long delta=delta_down member=<num>,generic
125,89,11001,11125,125,125,0,0,1.0,0.0,0.0,,,,,,0.496,beat rr=rr_long delta=delta_down member=<num>,generic
125,90,11126,11250,125,125,0,0,1.0,0.0,0.0,,,,,,0.448,beat rr=rr_long delta=delta_down member=<num>,generic
125,91,11251,11375,125,125,0,0,1.0,0.0,0.0,,,,,,0.472,beat rr=rr_long delta=delta_down member=<num>,generic
125,92,11376,11500,125,125,0,0,1.0,0.0,0.0,,,,,,0.432,beat rr=rr_long delta=delta_down member=<num>,generic
125,93,11501,11625,125,125,0,0,1.0,0.0,0.0,,,,,,0.432,beat rr=rr_long delta=delta_down member=<num>,generic
125,94,11626,11750,125,125,0,0,1.0,0.0,0.0,,,,,,0.432,beat rr=rr_long delta=delta_up member=<num>,generic
125,95,11751,11875,125,125,0,0,1.0,0.0,0.0,,,,,,0.456,beat rr=rr_long delta=delta_down member=<num>,generic
125,96,11876,12000,125,125,0,0,1.0,0.0,0.0,,,,,,0.408,beat rr=rr_long delta=delta_up member=<num>,generic
125,97,12001,12125,125,125,0,0,1.0,0.0,0.0,,,,,,0.44,beat rr=rr_long delta=delta_down member=<num>,generic
125,98,12126,12250,125,125,0,0,1.0,0.0,0.0,,,,,,0.448,beat rr=rr_long delta=delta_down member=<num>,generic
125,99,12251,12375,125,125,0,0,1.0,0.0,0.0,,,,,,0.488,beat rr=rr_long delta=delta_down member=<num>,generic
125,100,12376,12500,125,125,0,0,1.0,0.0,0.0,,,,,,0.432,beat rr=rr_long delta=delta_down member=<num>,generic
125,101,12501,12625,125,125,0,0,1.0,0.0,0.0,,,,,,0.472,beat rr=rr_long delta=delta_up member=<num>,generic
125,102,12626,12750,125,125,0,0,1.0,0.0,0.0,,,,,,0.432,beat rr=rr_long delta=delta_down member=<num>,generic
125,103,12751,12875,125,125,0,0,1.0,0.0,0.0,,,,,,0.44,beat rr=rr_long delta=delta_up member=<num>,generic
125,104,12876,13000,125,125,0,0,1.0,0.0,0.0,,,,,,0.416,beat rr=rr_long delta=delta_up member=<num>,generic
125,105,13001,13125,125,125,0,0,1.0,0.0,0.0,,,,,,0.48,beat rr=rr_long delta=delta_up member=<num>,generic
125,106,13126,13250,125,125,0,0,1.0,0.0,0.0,,,,,,0.432,beat rr=rr_long delta=delta_down member=<num>,generic
125,107,13251,13375,125,125,0,0,1.0,0.0,0.0,,,,,,0.424,beat rr=rr_long delta=delta_down member=<num>,generic
125,108,13376,13500,125,125,0,0,1.0,0.0,0.0,,,,,,0.432,beat rr=rr_long delta=delta_down member=<num>,generic
125,109,13501,13625,125,125,0,0,1.0,0.0,0.0,,,,,,0.464,beat rr=rr_long delta=delta_down member=<num>,generic
125,110,13626,13750,125,125,0,0,1.0,0.0,0.0,,,,,,0.52,beat rr=rr_long delta=delta_down member=<num>,generic
125,111,13751,13875,125,125,0,0,1.0,0.0,0.0,,,,,,0.432,beat rr=rr_long delta=delta_up member=<num>,generic
125,112,13876,14000,125,125,0,0,1.0,0.0,0.0,,,,,,0.448,beat rr=rr_long delta=delta_down member=<num>,generic
125,113,14001,14125,125,125,0,0,1.0,0.0,0.0,,,,,,0.432,beat rr=rr_long delta=delta_down member=<num>,generic
125,114,14126,14250,125,125,0,0,1.0,0.0,0.0,,,,,,0.48,beat rr=rr_long delta=delta_down member=<num>,generic
125,115,14251,14375,125,125,0,0,1.0,0.0,0.0,,,,,,0.408,beat rr=rr_long delta=delta_up member=<num>,generic
125,116,14376,14500,125,125,0,0,1.0,0.0,0.0,,,,,,0.456,beat rr=rr_long delta=delta_up member=<num>,generic
125,117,14501,14625,125,125,0,0,1.0,0.0,0.0,,,,,,0.48,beat rr=rr_long delta=delta_down member=<num>,generic
125,118,14626,14750,125,125,0,0,1.0,0.0,0.0,,,,,,0.44,beat rr=rr_long delta=delta_down member=<num>,generic
125,119,14751,14875,125,125,0,0,1.0,0.0,0.0,,,,,,0.448,beat rr=rr_long delta=delta_down member=<num>,generic
125,120,14876,15000,125,125,0,0,1.0,0.0,0.0,,,,,,0.464,beat rr=rr_long delta=delta_down member=<num>,generic
125,121,15001,15125,125,125,0,0,1.0,0.0,0.0,,,,,,0.424,beat rr=rr_long delta=delta_up member=<num>,generic
125,122,15126,15250,125,125,0,0,1.0,0.0,0.0,,,,,,0.48,beat rr=rr_long delta=delta_down member=<num>,generic
125,123,15251,15375,125,125,0,0,1.0,0.0,0.0,,,,,,0.544,beat rr=rr_long delta=delta_down member=<num>,generic
125,124,15376,15500,125,125,0,0,1.0,0.0,0.0,,,,,,0.424,beat rr=rr_long delta=delta_up member=<num>,generic
125,125,15501,15625,125,125,0,0,1.0,0.0,0.0,,,,,,0.504,beat rr=rr_long delta=delta_down member=<num>,generic
125,126,15626,15750,125,125,0,0,1.0,0.0,0.0,,,,,,0.44,beat rr=rr_long delta=delta_down member=<num>,generic
125,127,15751,15875,125,125,0,0,1.0,0.0,0.0,,,,,,0.496,beat rr=rr_long delta=delta_down member=<num>,generic
125,128,15876,16000,125,125,0,0,1.0,0.0,0.0,,,,,,0.464,beat rr=rr_long delta=delta_down member=<num>,generic
125,129,16001,16125,125,125,0,0,1.0,0.0,0.0,,,,,,0.472,beat rr=rr_long delta=delta_down member=<num>,generic
125,130,16126,16250,125,125,0,0,1.0,0.0,0.0,,,,,,0.464,beat rr=rr_long delta=delta_up member=<num>,generic
125,131,16251,16375,125,125,0,0,1.0,0.0,0.0,,,,,,0.568,beat rr=rr_long delta=delta_down member=<num>,generic
125,132,16376,16500,125,125,0,0,1.0,0.0,0.0,,,,,,0.472,beat rr=rr_long delta=delta_down member=<num>,generic
125,133,16501,16625,125,125,0,0,1.0,0.0,0.0,,,,,,0.472,beat rr=rr_long delta=delta_down member=<num>,generic
125,134,16626,16750,125,125,0,0,1.0,0.0,0.0,,,,,,0.472,beat rr=rr_long delta=delta_down member=<num>,generic
125,135,16751,16875,125,125,0,0,1.0,0.0,0.0,,,,,,0.464,beat rr=rr_long delta=delta_down member=<num>,generic
125,136,16876,17000,125,125,0,0,1.0,0.0,0.0,,,,,,0.464,beat rr=rr_long delta=delta_down member=<num>,generic
125,137,17001,17125,125,125,0,0,1.0,0.0,0.0,,,,,,0.392,beat rr=rr_long delta=delta_down member=<num>,generic
125,138,17126,17250,125,125,0,0,1.0,0.0,0.0,,,,,,0.44,beat rr=rr_long delta=delta_up member=<num>,generic
125,139,17251,17375,125,125,0,0,1.0,0.0,0.0,,,,,,0.384,beat rr=rr_long delta=delta_down member=<num>,generic
125,140,17376,17500,125,125,0,0,1.0,0.0,0.0,,,,,,0.368,beat rr=rr_long delta=delta_up member=<num>,generic
125,141,17501,17625,125,125,0,0,1.0,0.0,0.0,,,,,,0.392,beat rr=rr_long delta=delta_down member=<num>,generic
125,142,17626,17750,125,125,0,0,1.0,0.0,0.0,,,,,,0.408,beat rr=rr_long delta=delta_up member=<num>,generic
125,143,17751,17875,125,125,0,0,1.0,0.0,0.0,,,,,,0.4,beat rr=rr_long delta=delta_down member=<num>,generic
125,144,17876,18000,125,125,0,0,1.0,0.0,0.0,,,,,,0.36,beat rr=rr_long delta=delta_down member=<num>,generic
125,145,18001,18125,125,125,0,0,1.0,0.0,0.0,,,,,,0.384,beat rr=rr_long delta=delta_up member=<num>,generic
125,146,18126,18250,125,125,0,0,1.0,0.0,0.0,,,,,,0.48,beat rr=rr_long delta=delta_down member=<num>,generic
125,147,18251,18375,125,125,0,0,1.0,0.0,0.0,,,,,,0.384,beat rr=rr_long delta=delta_down member=<num>,generic
125,148,18376,18500,125,125,0,0,1.0,0.0,0.0,,,,,,0.376,beat rr=rr_long delta=delta_up member=<num>,generic
125,149,18501,18625,125,125,0,0,1.0,0.0,0.0,,,,,,0.424,beat rr=rr_long delta=delta_down member=<num>,generic
125,150,18626,18750,125,125,0,0,1.0,0.0,0.0,,,,,,0.424,beat rr=rr_long delta=delta_up member=<num>,generic
125,151,18751,18875,125,125,0,0,1.0,0.0,0.0,,,,,,0.448,beat rr=rr_long delta=delta_down member=<num>,generic
125,152,18876,19000,125,125,0,0,1.0,0.0,0.0,,,,,,0.4,beat rr=rr_long delta=delta_up member=<num>,generic
125,153,19001,19125,125,125,0,0,1.0,0.0,0.0,,,,,,0.456,beat rr=rr_long delta=delta_down member=<num>,generic
125,154,19126,19250,125,125,0,0,1.0,0.0,0.0,,,,,,0.576,beat rr=rr_long delta=delta_down member=<num>,generic
125,155,19251,19375,125,125,0,0,1.0,0.0,0.0,,,,,,0.464,beat rr=rr_long delta=delta_down member=<num>,generic
125,156,19376,19500,125,125,0,0,1.0,0.0,0.0,,,,,,0.48,beat rr=rr_long delta=delta_down member=<num>,generic
125,157,19501,19625,125,125,0,0,1.0,0.0,0.0,,,,,,0.392,beat rr=rr_long delta=delta_down member=<num>,generic
125,158,19626,19750,125,125,0,0,1.0,0.0,0.0,,,,,,0.448,beat rr=rr_long delta=delta_up member=<num>,generic
125,159,19751,19875,125,125,0,0,1.0,0.0,0.0,,,,,,0.4,beat rr=rr_long delta=delta_down member=<num>,generic
125,160,19876,20000,125,125,0,0,1.0,0.0,0.0,,,,,,0.44,beat rr=rr_long delta=delta_down member=<num>,generic
125,161,20001,20125,125,125,0,0,1.0,0.0,0.0,,,,,,0.384,beat rr=rr_long delta=delta_down member=<num>,generic
125,162,20126,20250,125,125,0,0,1.0,0.0,0.0,,,,,,0.392,beat rr=rr_long delta=delta_down member=<num>,generic
125,163,20251,20375,125,125,0,0,1.0,0.0,0.0,,,,,,0.488,beat rr=rr_long delta=delta_down member=<num>,generic
125,164,20376,20500,125,125,0,0,1.0,0.0,0.0,,,,,,0.4,beat rr=rr_long delta=delta_down member=<num>,generic
125,165,20501,20625,125,125,0,0,1.0,0.0,0.0,,,,,,0.464,beat rr=rr_long delta=delta_down member=<num>,generic
125,166,20626,20750,125,125,0,0,1.0,0.0,0.0,,,,,,0.416,beat rr=rr_long delta=delta_down member=<num>,generic
125,167,20751,20875,125,125,0,0,1.0,0.0,0.0,,,,,,0.432,beat rr=rr_long delta=delta_down member=<num>,generic
125,168,20876,21000,125,125,0,0,1.0,0.0,0.0,,,,,,0.496,beat rr=rr_long delta=delta_down member=<num>,generic
125,169,21001,21125,125,125,0,0,1.0,0.0,0.0,,,,,,0.408,beat rr=rr_long delta=delta_down member=<num>,generic
125,170,21126,21250,125,125,0,0,1.0,0.0,0.0,,,,,,0.448,beat rr=rr_long delta=delta_down member=<num>,generic
125,171,21251,21375,125,125,0,0,1.0,0.0,0.0,,,,,,0.424,beat rr=rr_long delta=delta_down member=<num>,generic
125,172,21376,21500,125,125,0,0,1.0,0.0,0.0,,,,,,0.432,beat rr=rr_long delta=delta_up member=<num>,generic
125,173,21501,21625,125,125,0,0,1.0,0.0,0.0,,,,,,0.464,beat rr=rr_long delta=delta_down member=<num>,generic
125,174,21626,21750,125,125,0,0,1.0,0.0,0.0,,,,,,0.408,beat rr=rr_long delta=delta_down member=<num>,generic
125,175,21751,21875,125,125,0,0,1.0,0.0,0.0,,,,,,0.456,beat rr=rr_long delta=delta_down member=<num>,generic
125,176,21876,22000,125,125,0,0,1.0,0.0,0.0,,,,,,0.44,beat rr=rr_long delta=delta_up member=<num>,generic
125,177,22001,22125,125,125,0,0,1.0,0.0,0.0,,,,,,0.4,beat rr=rr_long delta=delta_down member=<num>,generic
125,178,22126,22250,125,125,0,0,1.0,0.0,0.0,,,,,,0.432,beat rr=rr_long delta=delta_down member=<num>,generic
125,179,22251,22375,125,125,0,0,1.0,0.0,0.0,,,,,,0.448,beat rr=rr_long delta=delta_down member=<num>,generic
125,180,22376,22500,125,125,0,0,1.0,0.0,0.0,,,,,,0.464,beat rr=rr_long delta=delta_down member=<num>,generic
125,181,22501,22625,125,125,0,0,1.0,0.0,0.0,,,,,,0.536,beat rr=rr_long delta=delta_down member=<num>,generic
125,182,22626,22750,125,125,0,0,1.0,0.0,0.0,,,,,,0.392,beat rr=rr_long delta=delta_down member=<num>,generic
125,183,22751,22875,125,125,0,0,1.0,0.0,0.0,,,,,,0.408,beat rr=rr_long delta=delta_down member=<num>,generic
125,184,22876,23000,125,124,0,1,0.992,0.0,0.008,,,,,,0.464,beat rr=rr_long delta=delta_down member=<num>,generic
125,185,23001,23125,125,125,0,0,1.0,0.0,0.0,,,,,,0.48,beat rr=rr_long delta=delta_down member=<num>,generic
125,186,23126,23250,125,125,0,0,1.0,0.0,0.0,,,,,,0.424,beat rr=rr_long delta=delta_down member=<num>,generic
125,187,23251,23375,125,125,0,0,1.0,0.0,0.0,,,,,,0.512,beat rr=rr_long delta=delta_down member=<num>,generic
125,188,23376,23500,125,125,0,0,1.0,0.0,0.0,,,,,,0.52,beat rr=rr_long delta=delta_down member=<num>,generic
125,189,23501,23625,125,125,0,0,1.0,0.0,0.0,,,,,,0.528,beat rr=rr_long delta=delta_down member=<num>,generic
125,190,23626,23750,125,125,0,0,1.0,0.0,0.0,,,,,,0.424,beat rr=rr_long delta=delta_down member=<num>,generic
125,191,23751,23875,125,125,0,0,1.0,0.0,0.0,,,,,,0.44,beat rr=rr_long delta=delta_down member=<num>,generic
125,192,23876,24000,125,125,0,0,1.0,0.0,0.0,,,,,,0.424,beat rr=rr_long delta=delta_up member=<num>,generic
125,193,24001,24125,125,125,0,0,1.0,0.0,0.0,,,,,,0.4,beat rr=rr_long delta=delta_up member=<num>,generic
125,194,24126,24250,125,125,0,0,1.0,0.0,0.0,,,,,,0.424,beat rr=rr_long delta=delta_down member=<num>,generic
125,195,24251,24375,125,125,0,0,1.0,0.0,0.0,,,,,,0.352,beat rr=rr_long delta=delta_up member=<num>,generic
125,196,24376,24500,125,125,0,0,1.0,0.0,0.0,,,,,,0.448,beat rr=rr_long delta=delta_down member=<num>,generic
125,197,24501,24625,125,125,0,0,1.0,0.0,0.0,,,,,,0.48,beat rr=rr_long delta=delta_down member=<num>,generic
125,198,24626,24750,125,125,0,0,1.0,0.0,0.0,,,,,,0.392,beat rr=rr_long delta=delta_down member=<num>,generic
125,199,24751,24875,125,125,0,0,1.0,0.0,0.0,,,,,,0.44,beat rr=rr_long delta=delta_down member=<num>,generic
125,200,24876,25000,125,125,0,0,1.0,0.0,0.0,,,,,,0.4,beat rr=rr_long delta=delta_down member=<num>,generic
125,201,25001,25125,125,125,0,0,1.0,0.0,0.0,,,,,,0.392,beat rr=rr_long delta=delta_down member=<num>,generic
125,202,25126,25250,125,125,0,0,1.0,0.0,0.0,,,,,,0.4,beat rr=rr_long delta=delta_down member=<num>,generic
125,203,25251,25375,125,125,0,0,1.0,0.0,0.0,,,,,,0.4,beat rr=rr_long delta=delta_down member=<num>,generic
125,204,25376,25500,125,125,0,0,1.0,0.0,0.0,,,,,,0.52,beat rr=rr_long delta=delta_down member=<num>,generic
125,205,25501,25625,125,125,0,0,1.0,0.0,0.0,,,,,,0.44,beat rr=rr_long delta=delta_down member=<num>,generic
125,206,25626,25750,125,125,0,0,1.0,0.0,0.0,,,,,,0.384,beat rr=rr_long delta=delta_down member=<num>,generic
125,207,25751,25875,125,125,0,0,1.0,0.0,0.0,,,,,,0.488,beat rr=rr_long delta=delta_down member=<num>,generic
125,208,25876,26000,125,125,0,0,1.0,0.0,0.0,,,,,,0.496,beat rr=rr_long delta=delta_down member=<num>,generic
125,209,26001,26125,125,125,0,0,1.0,0.0,0.0,,,,,,0.504,beat rr=rr_long delta=delta_down member=<num>,generic
125,210,26126,26250,125,125,0,0,1.0,0.0,0.0,,,,,,0.52,beat rr=rr_long delta=delta_down member=<num>,generic
125,211,26251,26375,125,125,0,0,1.0,0.0,0.0,,,,,,0.464,beat rr=rr_long delta=delta_down member=<num>,generic
125,212,26376,26500,125,125,0,0,1.0,0.0,0.0,,,,,,0.448,beat rr=rr_long delta=delta_down member=<num>,generic
125,213,26501,26625,125,125,0,0,1.0,0.0,0.0,,,,,,0.48,beat rr=rr_long delta=delta_down member=<num>,generic
125,214,26626,26750,125,125,0,0,1.0,0.0,0.0,,,,,,0.472,beat rr=rr_long delta=delta_down member=<num>,generic
125,215,26751,26875,125,125,0,0,1.0,0.0,0.0,,,,,,0.408,beat rr=rr_long delta=delta_down member=<num>,generic
125,216,26876,27000,125,125,0,0,1.0,0.0,0.0,,,,,,0.472,beat rr=rr_long delta=delta_down member=<num>,generic
125,217,27001,27125,125,125,0,0,1.0,0.0,0.0,,,,,,0.488,beat rr=rr_long delta=delta_down member=<num>,generic
125,218,27126,27250,125,125,0,0,1.0,0.0,0.0,,,,,,0.44,beat rr=rr_long delta=delta_down member=<num>,generic
125,219,27251,27375,125,125,0,0,1.0,0.0,0.0,,,,,,0.528,beat rr=rr_long delta=delta_down member=<num>,generic
125,220,27376,27500,125,125,0,0,1.0,0.0,0.0,,,,,,0.496,beat rr=rr_long delta=delta_down member=<num>,generic
125,221,27501,27625,125,125,0,0,1.0,0.0,0.0,,,,,,0.44,beat rr=rr_long delta=delta_down member=<num>,generic
125,222,27626,27750,125,125,0,0,1.0,0.0,0.0,,,,,,0.416,beat rr=rr_long delta=delta_down member=<num>,generic
125,223,27751,27875,125,125,0,0,1.0,0.0,0.0,,,,,,0.496,beat rr=rr_long delta=delta_down member=<num>,generic
125,224,27876,28000,125,125,0,0,1.0,0.0,0.0,,,,,,0.52,beat rr=rr_long delta=delta_down member=<num>,generic
125,225,28001,28125,125,125,0,0,1.0,0.0,0.0,,,,,,0.48,beat rr=rr_long delta=delta_down member=<num>,generic
125,226,28126,28250,125,125,0,0,1.0,0.0,0.0,,,,,,0.44,beat rr=rr_long delta=delta_down member=<num>,generic
125,227,28251,28375,125,125,0,0,1.0,0.0,0.0,,,,,,0.472,beat rr=rr_long delta=delta_down member=<num>,generic
125,228,28376,28500,125,125,0,0,1.0,0.0,0.0,,,,,,0.448,beat rr=rr_long delta=delta_down member=<num>,generic
125,229,28501,28625,125,125,0,0,1.0,0.0,0.0,,,,,,0.456,beat rr=rr_long delta=delta_down member=<num>,generic
125,230,28626,28750,125,125,0,0,1.0,0.0,0.0,,,,,,0.424,beat rr=rr_long delta=delta_down member=<num>,generic
125,231,28751,28875,125,125,0,0,1.0,0.0,0.0,,,,,,0.4,beat rr=rr_long delta=delta_down member=<num>,generic
125,232,28876,29000,125,125,0,0,1.0,0.0,0.0,,,,,,0.44,beat rr=rr_long delta=delta_down member=<num>,generic
125,233,29001,29125,125,125,0,0,1.0,0.0,0.0,,,,,,0.44,beat rr=rr_long delta=delta_up member=<num>,generic
125,234,29126,29250,125,125,0,0,1.0,0.0,0.0,,,,,,0.464,beat rr=rr_long delta=delta_down member=<num>,generic
125,235,29251,29375,125,125,0,0,1.0,0.0,0.0,,,,,,0.376,beat rr=rr_long delta=delta_down member=<num>,generic
125,236,29376,29500,125,125,0,0,1.0,0.0,0.0,,,,,,0.4,beat rr=rr_long delta=delta_down member=<num>,generic
125,237,29501,29625,125,125,0,0,1.0,0.0,0.0,,,,,,0.416,beat rr=rr_long delta=delta_down member=<num>,generic
125,238,29626,29750,125,125,0,0,1.0,0.0,0.0,,,,,,0.48,beat rr=rr_long delta=delta_down member=<num>,generic
125,239,29751,29875,125,125,0,0,1.0,0.0,0.0,,,,,,0.528,beat rr=rr_long delta=delta_down member=<num>,generic
125,240,29876,30000,125,125,0,0,1.0,0.0,0.0,,,,,,0.52,beat rr=rr_long delta=delta_down member=<num>,generic
125,241,30001,30125,125,125,0,0,1.0,0.0,0.0,,,,,,0.512,beat rr=rr_long delta=delta_down member=<num>,generic
125,242,30126,30250,125,125,0,0,1.0,0.0,0.0,,,,,,0.44,beat rr=rr_long delta=delta_down member=<num>,generic
125,243,30251,30375,125,125,0,0,1.0,0.0,0.0,,,,,,0.6,beat rr=rr_long delta=delta_down member=<num>,generic
125,244,30376,30500,125,125,0,0,1.0,0.0,0.0,,,,,,0.456,beat rr=rr_long delta=delta_down member=<num>,generic
125,245,30501,30625,125,125,0,0,1.0,0.0,0.0,,,,,,0.48,beat rr=rr_long delta=delta_down member=<num>,generic
125,246,30626,30750,125,125,0,0,1.0,0.0,0.0,,,,,,0.528,beat rr=rr_long delta=delta_down member=<num>,generic
125,247,30751,30875,125,125,0,0,1.0,0.0,0.0,,,,,,0.528,beat rr=rr_long delta=delta_down member=<num>,generic
125,248,30876,31000,125,125,0,0,1.0,0.0,0.0,,,,,,0.424,beat rr=rr_long delta=delta_down member=<num>,generic
125,249,31001,31125,125,125,0,0,1.0,0.0,0.0,,,,,,0.52,beat rr=rr_long delta=delta_down member=<num>,generic
125,250,31126,31250,125,125,0,0,1.0,0.0,0.0,,,,,,0.496,beat rr=rr_long delta=delta_down member=<num>,generic
125,251,31251,31375,125,125,0,0,1.0,0.0,0.0,,,,,,0.48,beat rr=rr_long delta=delta_down member=<num>,generic
125,252,31376,31500,125,125,0,0,1.0,0.0,0.0,,,,,,0.56,beat rr=rr_long delta=delta_down member=<num>,generic
125,253,31501,31625,125,125,0,0,1.0,0.0,0.0,,,,,,0.44,beat rr=rr_long delta=delta_down member=<num>,generic
125,254,31626,31750,125,125,0,0,1.0,0.0,0.0,,,,,,0.448,beat rr=rr_long delta=delta_down member=<num>,generic
125,255,31751,31875,125,125,0,0,1.0,0.0,0.0,,,,,,0.456,beat rr=rr_long delta=delta_down member=<num>,generic
125,256,31876,32000,125,125,0,0,1.0,0.0,0.0,,,,,,0.496,beat rr=rr_long delta=delta_down member=<num>,generic
125,257,32001,32125,125,125,0,0,1.0,0.0,0.0,,,,,,0.488,beat rr=rr_long delta=delta_down member=<num>,generic
125,258,32126,32250,125,125,0,0,1.0,0.0,0.0,,,,,,0.416,beat rr=rr_long delta=delta_down member=<num>,generic
125,259,32251,32375,125,125,0,0,1.0,0.0,0.0,,,,,,0.504,beat rr=rr_long delta=delta_down member=<num>,generic
125,260,32376,32500,125,125,0,0,1.0,0.0,0.0,,,,,,0.448,beat rr=rr_long delta=delta_down member=<num>,generic
125,261,32501,32625,125,125,0,0,1.0,0.0,0.0,,,,,,0.424,beat rr=rr_long delta=delta_down member=<num>,generic
125,262,32626,32750,125,125,0,0,1.0,0.0,0.0,,,,,,0.456,beat rr=rr_long delta=delta_down member=<num>,generic
125,263,32751,32875,125,125,0,0,1.0,0.0,0.0,,,,,,0.488,beat rr=rr_long delta=delta_down member=<num>,generic
125,264,32876,33000,125,125,0,0,1.0,0.0,0.0,,,,,,0.512,beat rr=rr_long delta=delta_down member=<num>,generic
125,265,33001,33125,125,125,0,0,1.0,0.0,0.0,,,,,,0.448,beat rr=rr_long delta=delta_down member=<num>,generic
125,266,33126,33250,125,125,0,0,1.0,0.0,0.0,,,,,,0.504,beat rr=rr_long delta=delta_down member=<num>,generic
125,267,33251,33375,125,125,0,0,1.0,0.0,0.0,,,,,,0.512,beat rr=rr_long delta=delta_down member=<num>,generic
125,268,33376,33500,125,125,0,0,1.0,0.0,0.0,,,,,,0.44,beat rr=rr_long delta=delta_down member=<num>,generic
125,269,33501,33625,125,125,0,0,1.0,0.0,0.0,,,,,,0.456,beat rr=rr_long delta=delta_down member=<num>,generic
125,270,33626,33750,125,125,0,0,1.0,0.0,0.0,,,,,,0.496,beat rr=rr_long delta=delta_down member=<num>,generic
125,271,33751,33875,125,125,0,0,1.0,0.0,0.0,,,,,,0.472,beat rr=rr_long delta=delta_down member=<num>,generic
125,272,33876,34000,125,125,0,0,1.0,0.0,0.0,,,,,,0.528,beat rr=rr_long delta=delta_down member=<num>,generic
125,273,34001,34125,125,125,0,0,1.0,0.0,0.0,,,,,,0.456,beat rr=rr_long delta=delta_down member=<num>,generic
125,274,34126,34250,125,125,0,0,1.0,0.0,0.0,,,,,,0.528,beat rr=rr_long delta=delta_down member=<num>,generic
125,275,34251,34375,125,125,0,0,1.0,0.0,0.0,,,,,,0.488,beat rr=rr_long delta=delta_down member=<num>,generic
125,276,34376,34500,125,125,0,0,1.0,0.0,0.0,,,,,,0.456,beat rr=rr_long delta=delta_down member=<num>,generic
125,277,34501,34625,125,125,0,0,1.0,0.0,0.0,,,,,,0.472,beat rr=rr_long delta=delta_down member=<num>,generic
125,278,34626,34750,125,125,0,0,1.0,0.0,0.0,,,,,,0.512,beat rr=rr_long delta=delta_down member=<num>,generic
125,279,34751,34875,125,125,0,0,1.0,0.0,0.0,,,,,,0.44,beat rr=rr_long delta=delta_down member=<num>,generic
125,280,34876,35000,125,125,0,0,1.0,0.0,0.0,,,,,,0.488,beat rr=rr_long delta=delta_down member=<num>,generic
125,281,35001,35125,125,125,0,0,1.0,0.0,0.0,,,,,,0.472,beat rr=rr_long delta=delta_down member=<num>,generic
125,282,35126,35250,125,125,0,0,1.0,0.0,0.0,,,,,,0.504,beat rr=rr_long delta=delta_down member=<num>,generic
125,283,35251,35375,125,125,0,0,1.0,0.0,0.0,,,,,,0.448,beat rr=rr_long delta=delta_down member=<num>,generic
125,284,35376,35500,125,125,0,0,1.0,0.0,0.0,,,,,,0.448,beat rr=rr_long delta=delta_down member=<num>,generic
125,285,35501,35625,125,125,0,0,1.0,0.0,0.0,,,,,,0.424,beat rr=rr_long delta=delta_down member=<num>,generic
125,286,35626,35750,125,125,0,0,1.0,0.0,0.0,,,,,,0.504,beat rr=rr_long delta=delta_down member=<num>,generic
125,287,35751,35875,125,125,0,0,1.0,0.0,0.0,,,,,,0.408,beat rr=rr_long delta=delta_down member=<num>,generic
125,288,35876,36000,125,125,0,0,1.0,0.0,0.0,,,,,,0.456,beat rr=rr_long delta=delta_down member=<num>,generic
125,289,36001,36125,125,125,0,0,1.0,0.0,0.0,,,,,,0.432,beat rr=rr_long delta=delta_down member=<num>,generic
125,290,36126,36250,125,125,0,0,1.0,0.0,0.0,,,,,,0.504,beat rr=rr_long delta=delta_down member=<num>,generic
125,291,36251,36375,125,125,0,0,1.0,0.0,0.0,,,,,,0.432,beat rr=rr_long delta=delta_down member=<num>,generic
125,292,36376,36500,125,125,0,0,1.0,0.0,0.0,,,,,,0.416,beat rr=rr_long delta=delta_down member=<num>,generic
125,293,36501,36625,125,125,0,0,1.0,0.0,0.0,,,,,,0.432,beat rr=rr_long delta=delta_down member=<num>,generic
125,294,36626,36750,125,125,0,0,1.0,0.0,0.0,,,,,,0.488,beat rr=rr_long delta=delta_down member=<num>,generic
125,295,36751,36875,125,125,0,0,1.0,0.0,0.0,,,,,,0.464,beat rr=rr_long delta=delta_down member=<num>,generic
125,296,36876,37000,125,125,0,0,1.0,0.0,0.0,,,,,,0.424,beat rr=rr_long delta=delta_up member=<num>,generic
125,297,37001,37125,125,125,0,0,1.0,0.0,0.0,,,,,,0.448,beat rr=rr_long delta=delta_down member=<num>,generic
125,298,37126,37250,125,125,0,0,1.0,0.0,0.0,,,,,,0.456,beat rr=rr_long delta=delta_up member=<num>,generic
125,299,37251,37375,125,125,0,0,1.0,0.0,0.0,,,,,,0.504,beat rr=rr_long delta=delta_down member=<num>,generic
125,300,37376,37500,125,125,0,0,1.0,0.0,0.0,,,,,,0.456,beat rr=rr_long delta=delta_down member=<num>,generic
125,301,37501,37625,125,125,0,0,1.0,0.0,0.0,,,,,,0.416,beat rr=rr_long delta=delta_down member=<num>,generic
125,302,37626,37750,125,125,0,0,1.0,0.0,0.0,,,,,,0.432,beat rr=rr_long delta=delta_down member=<num>,generic
125,303,37751,37875,125,125,0,0,1.0,0.0,0.0,,,,,,0.544,beat rr=rr_long delta=delta_down member=<num>,generic
125,304,37876,38000,125,125,0,0,1.0,0.0,0.0,,,,,,0.448,beat rr=rr_long delta=delta_down member=<num>,generic
125,305,38001,38125,125,125,0,0,1.0,0.0,0.0,,,,,,0.448,beat rr=rr_long delta=delta_down member=<num>,generic
125,306,38126,38250,125,125,0,0,1.0,0.0,0.0,,,,,,0.52,beat rr=rr_long delta=delta_down member=<num>,generic
125,307,38251,38375,125,125,0,0,1.0,0.0,0.0,,,,,,0.432,beat rr=rr_long delta=delta_down member=<num>,generic
125,308,38376,38500,125,125,0,0,1.0,0.0,0.0,,,,,,0.488,beat rr=rr_long delta=delta_down member=<num>,generic
125,309,38501,38625,125,125,0,0,1.0,0.0,0.0,,,,,,0.448,beat rr=rr_long delta=delta_up member=<num>,generic
125,310,38626,38750,125,125,0,0,1.0,0.0,0.0,,,,,,0.464,beat rr=rr_long delta=delta_up member=<num>,generic
125,311,38751,38875,125,125,0,0,1.0,0.0,0.0,,,,,,0.456,beat rr=rr_long delta=delta_down member=<num>,generic
125,312,38876,39000,125,125,0,0,1.0,0.0,0.0,,,,,,0.448,beat rr=rr_long delta=delta_down member=<num>,generic
125,313,39001,39125,125,125,0,0,1.0,0.0,0.0,,,,,,0.456,beat rr=rr_long delta=delta_up member=<num>,generic
125,314,39126,39250,125,125,0,0,1.0,0.0,0.0,,,,,,0.448,beat rr=rr_long delta=delta_up member=<num>,generic
125,315,39251,39375,125,125,0,0,1.0,0.0,0.0,,,,,,0.408,beat rr=rr_long delta=delta_down member=<num>,generic
125,316,39376,39500,125,125,0,0,1.0,0.0,0.0,,,,,,0.424,beat rr=rr_long delta=delta_down member=<num>,generic
125,317,39501,39625,125,125,0,0,1.0,0.0,0.0,,,,,,0.456,beat rr=rr_long delta=delta_down member=<num>,generic
125,318,39626,39750,125,125,0,0,1.0,0.0,0.0,,,,,,0.456,beat rr=rr_long delta=delta_down member=<num>,generic
125,319,39751,39875,125,125,0,0,1.0,0.0,0.0,,,,,,0.416,beat rr=rr_long delta=delta_down member=<num>,generic
125,320,39876,40000,125,125,0,0,1.0,0.0,0.0,,,,,,0.408,beat rr=rr_long delta=delta_down member=<num>,generic
125,321,40001,40125,125,125,0,0,1.0,0.0,0.0,,,,,,0.384,beat rr=rr_long delta=delta_down member=<num>,generic
125,322,40126,40250,125,125,0,0,1.0,0.0,0.0,,,,,,0.416,beat rr=rr_long delta=delta_down member=<num>,generic
125,323,40251,40375,125,125,0,0,1.0,0.0,0.0,,,,,,0.392,beat rr=rr_long delta=delta_down member=<num>,generic
125,324,40376,40500,125,125,0,0,1.0,0.0,0.0,,,,,,0.504,beat rr=rr_long delta=delta_down member=<num>,generic
125,325,40501,40625,125,125,0,0,1.0,0.0,0.0,,,,,,0.432,beat rr=rr_long delta=delta_down member=<num>,generic
125,326,40626,40750,125,125,0,0,1.0,0.0,0.0,,,,,,0.424,beat rr=rr_long delta=delta_up member=<num>,generic
125,327,40751,40875,125,125,0,0,1.0,0.0,0.0,,,,,,0.44,beat rr=rr_long delta=delta_up member=<num>,generic
125,328,40876,41000,125,125,0,0,1.0,0.0,0.0,,,,,,0.472,beat rr=rr_long delta=delta_down member=<num>,generic
125,329,41001,41125,125,125,0,0,1.0,0.0,0.0,,,,,,0.392,beat rr=rr_long delta=delta_up member=<num>,generic
125,330,41126,41250,125,125,0,0,1.0,0.0,0.0,,,,,,0.464,beat rr=rr_long delta=delta_up member=<num>,generic
125,331,41251,41375,125,124,0,1,0.992,0.0,0.008,,,,,,0.448,beat rr=rr_long delta=delta_down member=<num>,generic
125,332,41376,41500,125,125,0,0,1.0,0.0,0.0,,,,,,0.48,beat rr=rr_long delta=delta_down member=<num>,generic
125,333,41501,41625,125,125,0,0,1.0,0.0,0.0,,,,,,0.448,beat rr=rr_long delta=delta_down member=<num>,generic
125,334,41626,41750,125,125,0,0,1.0,0.0,0.0,,,,,,0.408,beat rr=rr_long delta=delta_up member=<num>,generic
125,335,41751,41875,125,125,0,0,1.0,0.0,0.0,,,,,,0.424,beat rr=rr_long delta=delta_down member=<num>,generic
125,336,41876,42000,125,125,0,0,1.0,0.0,0.0,,,,,,0.44,beat rr=rr_long delta=delta_down member=<num>,generic
125,337,42001,42125,125,125,0,0,1.0,0.0,0.0,,,,,,0.456,beat rr=rr_long delta=delta_down member=<num>,generic
125,338,42126,42250,125,125,0,0,1.0,0.0,0.0,,,,,,0.384,beat rr=rr_long delta=delta_up member=<num>,generic
125,339,42251,42375,125,125,0,0,1.0,0.0,0.0,,,,,,0.48,beat rr=rr_long delta=delta_down member=<num>,generic
125,340,42376,42500,125,125,0,0,1.0,0.0,0.0,,,,,,0.432,beat rr=rr_long delta=delta_down member=<num>,generic
125,341,42501,42625,125,125,0,0,1.0,0.0,0.0,,,,,,0.504,beat rr=rr_long delta=delta_down member=<num>,generic
125,342,42626,42750,125,125,0,0,1.0,0.0,0.0,,,,,,0.424,beat rr=rr_long delta=delta_down member=<num>,generic
125,343,42751,42875,125,125,0,0,1.0,0.0,0.0,,,,,,0.432,beat rr=rr_long delta=delta_down member=<num>,generic
125,344,42876,43000,125,125,0,0,1.0,0.0,0.0,,,,,,0.504,beat rr=rr_long delta=delta_down member=<num>,generic
125,345,43001,43125,125,125,0,0,1.0,0.0,0.0,,,,,,0.52,beat rr=rr_long delta=delta_down member=<num>,generic
125,346,43126,43250,125,125,0,0,1.0,0.0,0.0,,,,,,0.48,beat rr=rr_long delta=delta_down member=<num>,generic
125,347,43251,43375,125,125,0,0,1.0,0.0,0.0,,,,,,0.464,beat rr=rr_long delta=delta_down member=<num>,generic
125,348,43376,43500,125,125,0,0,1.0,0.0,0.0,,,,,,0.448,beat rr=rr_long delta=delta_flat member=<num>,generic
125,349,43501,43625,125,125,0,0,1.0,0.0,0.0,,,,,,0.408,beat rr=rr_long delta=delta_down member=<num>,generic
125,350,43626,43750,125,125,0,0,1.0,0.0,0.0,,,,,,0.424,beat rr=rr_long delta=delta_up member=<num>,generic
125,351,43751,43875,125,125,0,0,1.0,0.0,0.0,,,,,,0.496,beat rr=rr_long delta=delta_down member=<num>,generic
125,352,43876,44000,125,125,0,0,1.0,0.0,0.0,,,,,,0.464,beat rr=rr_long delta=delta_down member=<num>,generic
125,353,44001,44125,125,125,0,0,1.0,0.0,0.0,,,,,,0.424,beat rr=rr_long delta=delta_up member=<num>,generic
125,354,44126,44250,125,125,0,0,1.0,0.0,0.0,,,,,,0.464,beat rr=rr_long delta=delta_down member=<num>,generic
125,355,44251,44375,125,125,0,0,1.0,0.0,0.0,,,,,,0.4,beat rr=rr_long delta=delta_up member=<num>,generic
125,356,44376,44500,125,125,0,0,1.0,0.0,0.0,,,,,,0.408,beat rr=rr_long delta=delta_down member=<num>,generic
125,357,44501,44625,125,125,0,0,1.0,0.0,0.0,,,,,,0.448,beat rr=rr_long delta=delta_up member=<num>,generic
125,358,44626,44750,125,125,0,0,1.0,0.0,0.0,,,,,,0.44,beat rr=rr_long delta=delta_down member=<num>,generic
125,359,44751,44875,125,125,0,0,1.0,0.0,0.0,,,,,,0.4,beat rr=rr_long delta=delta_down member=<num>,generic
125,360,44876,45000,125,125,0,0,1.0,0.0,0.0,,,,,,0.392,beat rr=rr_long delta=delta_down member=<num>,generic
125,361,45001,45125,125,125,0,0,1.0,0.0,0.0,,,,,,0.376,beat rr=rr_long delta=delta_down member=<num>,generic
125,362,45126,45250,125,125,0,0,1.0,0.0,0.0,,,,,,0.392,beat rr=rr_long delta=delta_up member=<num>,generic
125,363,45251,45375,125,125,0,0,1.0,0.0,0.0,,,,,,0.488,beat rr=rr_long delta=delta_down member=<num>,generic
125,364,45376,45500,125,125,0,0,1.0,0.0,0.0,,,,,,0.432,beat rr=rr_long delta=delta_down member=<num>,generic
125,365,45501,45625,125,125,0,0,1.0,0.0,0.0,,,,,,0.44,beat rr=rr_long delta=delta_up member=<num>,generic
125,366,45626,45750,125,125,0,0,1.0,0.0,0.0,,,,,,0.464,beat rr=rr_long delta=delta_down member=<num>,generic
125,367,45751,45875,125,125,0,0,1.0,0.0,0.0,,,,,,0.432,beat rr=rr_long delta=delta_down member=<num>,generic
125,368,45876,46000,125,125,0,0,1.0,0.0,0.0,,,,,,0.448,beat rr=rr_long delta=delta_down member=<num>,generic
125,369,46001,46125,125,125,0,0,1.0,0.0,0.0,,,,,,0.48,beat rr=rr_long delta=delta_down member=<num>,generic
125,370,46126,46250,125,125,0,0,1.0,0.0,0.0,,,,,,0.448,beat rr=rr_long delta=delta_down member=<num>,generic
125,371,46251,46375,125,125,0,0,1.0,0.0,0.0,,,,,,0.448,beat rr=rr_long delta=delta_down member=<num>,generic
125,372,46376,46500,125,125,0,0,1.0,0.0,0.0,,,,,,0.44,beat rr=rr_long delta=delta_up member=<num>,generic
125,373,46501,46625,125,125,0,0,1.0,0.0,0.0,,,,,,0.4,beat rr=rr_long delta=delta_up member=<num>,generic
125,374,46626,46750,125,125,0,0,1.0,0.0,0.0,,,,,,0.432,beat rr=rr_long delta=delta_down member=<num>,generic
125,375,46751,46875,125,125,0,0,1.0,0.0,0.0,,,,,,0.44,beat rr=rr_long delta=delta_down member=<num>,generic
125,376,46876,47000,125,125,0,0,1.0,0.0,0.0,,,,,,0.416,beat rr=rr_long delta=delta_down member=<num>,generic
125,377,47001,47125,125,125,0,0,1.0,0.0,0.0,,,,,,0.44,beat rr=rr_long delta=delta_down member=<num>,generic
125,378,47126,47250,125,125,0,0,1.0,0.0,0.0,,,,,,0.464,beat rr=rr_long delta=delta_down member=<num>,generic
125,379,47251,47375,125,125,0,0,1.0,0.0,0.0,,,,,,0.448,beat rr=rr_long delta=delta_down member=<num>,generic
125,380,47376,47500,125,125,0,0,1.0,0.0,0.0,,,,,,0.408,beat rr=rr_long delta=delta_down member=<num>,generic
125,381,47501,47625,125,125,0,0,1.0,0.0,0.0,,,,,,0.464,beat rr=rr_long delta=delta_down member=<num>,generic
125,382,47626,47750,125,125,0,0,1.0,0.0,0.0,,,,,,0.44,beat rr=rr_long delta=delta_down member=<num>,generic
125,383,47751,47875,125,125,0,0,1.0,0.0,0.0,,,,,,0.512,beat rr=rr_long delta=delta_down member=<num>,generic
125,384,47876,48000,125,125,0,0,1.0,0.0,0.0,,,,,,0.424,beat rr=rr_long delta=delta_down member=<num>,generic
125,385,48001,48125,125,125,0,0,1.0,0.0,0.0,,,,,,0.448,beat rr=rr_long delta=delta_up member=<num>,generic
125,386,48126,48250,125,125,0,0,1.0,0.0,0.0,,,,,,0.48,beat rr=rr_long delta=delta_down member=<num>,generic
125,387,48251,48375,125,125,0,0,1.0,0.0,0.0,,,,,,0.4,beat rr=rr_long delta=delta_down member=<num>,generic
125,388,48376,48500,125,125,0,0,1.0,0.0,0.0,,,,,,0.56,beat rr=rr_long delta=delta_down member=<num>,generic
125,389,48501,48625,125,125,0,0,1.0,0.0,0.0,,,,,,0.504,beat rr=rr_long delta=delta_down member=<num>,generic
125,390,48626,48750,125,125,0,0,1.0,0.0,0.0,,,,,,0.416,beat rr=rr_long delta=delta_down member=<num>,generic
125,391,48751,48875,125,125,0,0,1.0,0.0,0.0,,,,,,0.472,beat rr=rr_long delta=delta_down member=<num>,generic
125,392,48876,49000,125,125,0,0,1.0,0.0,0.0,,,,,,0.432,beat rr=rr_long delta=delta_down member=<num>,generic
125,393,49001,49125,125,125,0,0,1.0,0.0,0.0,,,,,,0.536,beat rr=rr_long delta=delta_down member=<num>,generic
125,394,49126,49250,125,125,0,0,1.0,0.0,0.0,,,,,,0.432,beat rr=rr_long delta=delta_down member=<num>,generic
125,395,49251,49375,125,125,0,0,1.0,0.0,0.0,,,,,,0.488,beat rr=rr_long delta=delta_down member=<num>,generic
125,396,49376,49500,125,125,0,0,1.0,0.0,0.0,,,,,,0.536,beat rr=rr_long delta=delta_down member=<num>,generic
125,397,49501,49625,125,125,0,0,1.0,0.0,0.0,,,,,,0.472,beat rr=rr_long delta=delta_down member=<num>,generic
125,398,49626,49750,125,125,0,0,1.0,0.0,0.0,,,,,,0.504,beat rr=rr_long delta=delta_down member=<num>,generic
125,399,49751,49875,125,125,0,0,1.0,0.0,0.0,,,,,,0.472,beat rr=rr_long delta=delta_down member=<num>,generic
125,400,49876,50000,125,125,0,0,1.0,0.0,0.0,,,,,,0.488,beat rr=rr_long delta=delta_down member=<num>,generic
150,1,1,150,150,150,0,0,1.0,0.0,0.0,,,,,,0.44666666666666666,beat rr=rr_long delta=delta_down member=<num>,generic
150,2,151,300,150,150,0,0,1.0,0.0,0.0,,,,,,0.4,beat rr=rr_long delta=delta_up member=<num>,generic
150,3,301,450,150,150,0,0,1.0,0.0,0.0,,,,,,0.36,beat rr=rr_long delta=delta_flat member=<num>,generic
150,4,451,600,150,150,0,0,1.0,0.0,0.0,,,,,,0.35333333333333333,beat rr=rr_long delta=delta_down member=<num>,generic
150,5,601,750,150,150,0,0,1.0,0.0,0.0,,,,,,0.4,beat rr=rr_long delta=delta_flat member=<num>,generic
150,6,751,900,150,150,0,0,1.0,0.0,0.0,,,,,,0.44666666666666666,beat rr=rr_long delta=delta_flat member=<num>,generic
150,7,901,1050,150,150,0,0,1.0,0.0,0.0,,,,,,0.36666666666666664,beat rr=rr_long delta=delta_up member=<num>,generic
150,8,1051,1200,150,150,0,0,1.0,0.0,0.0,,,,,,0.44666666666666666,beat rr=rr_long delta=delta_down member=<num>,generic
150,9,1201,1350,150,150,0,0,1.0,0.0,0.0,,,,,,0.44666666666666666,beat rr=rr_long delta=delta_down member=<num>,generic
150,10,1351,1500,150,150,0,0,1.0,0.0,0.0,,,,,,0.44666666666666666,beat rr=rr_long delta=delta_down member=<num>,generic
150,11,1501,1650,150,150,0,0,1.0,0.0,0.0,,,,,,0.44,beat rr=rr_long delta=delta_up member=<num>,generic
150,12,1651,1800,150,150,0,0,1.0,0.0,0.0,,,,,,0.4,beat rr=rr_long delta=delta_down member=<num>,generic
150,13,1801,1950,150,150,0,0,1.0,0.0,0.0,,,,,,0.4066666666666667,beat rr=rr_long delta=delta_down member=<num>,generic
150,14,1951,2100,150,150,0,0,1.0,0.0,0.0,,,,,,0.3933333333333333,beat rr=rr_long delta=delta_down member=<num>,generic
150,15,2101,2250,150,150,0,0,1.0,0.0,0.0,,,,,,0.4,beat rr=rr_long delta=delta_down member=<num>,generic
150,16,2251,2400,150,150,0,0,1.0,0.0,0.0,,,,,,0.44,beat rr=rr_long delta=delta_down member=<num>,generic
150,17,2401,2550,150,150,0,0,1.0,0.0,0.0,,,,,,0.4533333333333333,beat rr=rr_long delta=delta_down member=<num>,generic
150,18,2551,2700,150,150,0,0,1.0,0.0,0.0,,,,,,0.4266666666666667,beat rr=rr_long delta=delta_down member=<num>,generic
150,19,2701,2850,150,150,0,0,1.0,0.0,0.0,,,,,,0.4,beat rr=rr_long delta=delta_down member=<num>,generic
150,20,2851,3000,150,150,0,0,1.0,0.0,0.0,,,,,,0.43333333333333335,beat rr=rr_long delta=delta_down member=<num>,generic
150,21,3001,3150,150,150,0,0,1.0,0.0,0.0,,,,,,0.3933333333333333,beat rr=rr_long delta=delta_down member=<num>,generic
150,22,3151,3300,150,150,0,0,1.0,0.0,0.0,,,,,,0.44,beat rr=rr_long delta=delta_down member=<num>,generic
150,23,3301,3450,150,150,0,0,1.0,0.0,0.0,,,,,,0.43333333333333335,beat rr=rr_long delta=delta_down member=<num>,generic
150,24,3451,3600,150,150,0,0,1.0,0.0,0.0,,,,,,0.47333333333333333,beat rr=rr_long delta=delta_down member=<num>,generic
150,25,3601,3750,150,150,0,0,1.0,0.0,0.0,,,,,,0.44,beat rr=rr_long delta=delta_down member=<num>,generic
150,26,3751,3900,150,150,0,0,1.0,0.0,0.0,,,,,,0.49333333333333335,beat rr=rr_long delta=delta_down member=<num>,generic
150,27,3901,4050,150,150,0,0,1.0,0.0,0.0,,,,,,0.4533333333333333,beat rr=rr_long delta=delta_down member=<num>,generic
150,28,4051,4200,150,150,0,0,1.0,0.0,0.0,,,,,,0.4666666666666667,beat rr=rr_long delta=delta_flat member=<num>,generic
150,29,4201,4350,150,150,0,0,1.0,0.0,0.0,,,,,,0.3933333333333333,beat rr=rr_long delta=delta_down member=<num>,generic
150,30,4351,4500,150,150,0,0,1.0,0.0,0.0,,,,,,0.5066666666666667,beat rr=rr_long delta=delta_down member=<num>,generic
150,31,4501,4650,150,150,0,0,1.0,0.0,0.0,,,,,,0.49333333333333335,beat rr=rr_long delta=delta_down member=<num>,generic
150,32,4651,4800,150,150,0,0,1.0,0.0,0.0,,,,,,0.5333333333333333,beat rr=rr_long delta=delta_down member=<num>,generic
150,33,4801,4950,150,150,0,0,1.0,0.0,0.0,,,,,,0.5,beat rr=rr_long delta=delta_down member=<num>,generic
150,34,4951,5100,150,150,0,0,1.0,0.0,0.0,,,,,,0.4533333333333333,beat rr=rr_long delta=delta_down member=<num>,generic
150,35,5101,5250,150,150,0,0,1.0,0.0,0.0,,,,,,0.44666666666666666,beat rr=rr_long delta=delta_down member=<num>,generic
150,36,5251,5400,150,150,0,0,1.0,0.0,0.0,,,,,,0.44,beat rr=rr_long delta=delta_down member=<num>,generic
150,37,5401,5550,150,150,0,0,1.0,0.0,0.0,,,,,,0.5066666666666667,beat rr=rr_long delta=delta_down member=<num>,generic
150,38,5551,5700,150,150,0,0,1.0,0.0,0.0,,,,,,0.44,beat rr=rr_long delta=delta_down member=<num>,generic
150,39,5701,5850,150,150,0,0,1.0,0.0,0.0,,,,,,0.48,beat rr=rr_long delta=delta_down member=<num>,generic
150,40,5851,6000,150,150,0,0,1.0,0.0,0.0,,,,,,0.49333333333333335,beat rr=rr_long delta=delta_down member=<num>,generic
150,41,6001,6150,150,150,0,0,1.0,0.0,0.0,,,,,,0.54,beat rr=rr_long delta=delta_down member=<num>,generic
150,42,6151,6300,150,150,0,0,1.0,0.0,0.0,,,,,,0.38666666666666666,beat rr=rr_long delta=delta_down member=<num>,generic
150,43,6301,6450,150,150,0,0,1.0,0.0,0.0,,,,,,0.41333333333333333,beat rr=rr_long delta=delta_down member=<num>,generic
150,44,6451,6600,150,150,0,0,1.0,0.0,0.0,,,,,,0.47333333333333333,beat rr=rr_long delta=delta_down member=<num>,generic
150,45,6601,6750,150,150,0,0,1.0,0.0,0.0,,,,,,0.44,beat rr=rr_long delta=delta_down member=<num>,generic
150,46,6751,6900,150,150,0,0,1.0,0.0,0.0,,,,,,0.4,beat rr=rr_long delta=delta_down member=<num>,generic
150,47,6901,7050,150,150,0,0,1.0,0.0,0.0,,,,,,0.4666666666666667,beat rr=rr_long delta=delta_down member=<num>,generic
150,48,7051,7200,150,150,0,0,1.0,0.0,0.0,,,,,,0.42,beat rr=rr_long delta=delta_down member=<num>,generic
150,49,7201,7350,150,150,0,0,1.0,0.0,0.0,,,,,,0.4866666666666667,beat rr=rr_long delta=delta_down member=<num>,generic
150,50,7351,7500,150,150,0,0,1.0,0.0,0.0,,,,,,0.44,beat rr=rr_long delta=delta_down member=<num>,generic
150,51,7501,7650,150,150,0,0,1.0,0.0,0.0,,,,,,0.49333333333333335,beat rr=rr_long delta=delta_down member=<num>,generic
150,52,7651,7800,150,150,0,0,1.0,0.0,0.0,,,,,,0.43333333333333335,beat rr=rr_long delta=delta_down member=<num>,generic
150,53,7801,7950,150,150,0,0,1.0,0.0,0.0,,,,,,0.4266666666666667,beat rr=rr_long delta=delta_down member=<num>,generic
150,54,7951,8100,150,150,0,0,1.0,0.0,0.0,,,,,,0.42,beat rr=rr_long delta=delta_down member=<num>,generic
150,55,8101,8250,150,150,0,0,1.0,0.0,0.0,,,,,,0.43333333333333335,beat rr=rr_long delta=delta_up member=<num>,generic
150,56,8251,8400,150,150,0,0,1.0,0.0,0.0,,,,,,0.43333333333333335,beat rr=rr_long delta=delta_down member=<num>,generic
150,57,8401,8550,150,150,0,0,1.0,0.0,0.0,,,,,,0.4533333333333333,beat rr=rr_long delta=delta_down member=<num>,generic
150,58,8551,8700,150,150,0,0,1.0,0.0,0.0,,,,,,0.44,beat rr=rr_long delta=delta_down member=<num>,generic
150,59,8701,8850,150,150,0,0,1.0,0.0,0.0,,,,,,0.4266666666666667,beat rr=rr_long delta=delta_up member=<num>,generic
150,60,8851,9000,150,150,0,0,1.0,0.0,0.0,,,,,,0.4,beat rr=rr_long delta=delta_up member=<num>,generic
150,61,9001,9150,150,150,0,0,1.0,0.0,0.0,,,,,,0.3933333333333333,beat rr=rr_long delta=delta_down member=<num>,generic
150,62,9151,9300,150,150,0,0,1.0,0.0,0.0,,,,,,0.44,beat rr=rr_long delta=delta_down member=<num>,generic
150,63,9301,9450,150,150,0,0,1.0,0.0,0.0,,,,,,0.4,beat rr=rr_long delta=delta_down member=<num>,generic
150,64,9451,9600,150,150,0,0,1.0,0.0,0.0,,,,,,0.44,beat rr=rr_long delta=delta_down member=<num>,generic
150,65,9601,9750,150,150,0,0,1.0,0.0,0.0,,,,,,0.44666666666666666,beat rr=rr_long delta=delta_down member=<num>,generic
150,66,9751,9900,150,150,0,0,1.0,0.0,0.0,,,,,,0.4533333333333333,beat rr=rr_long delta=delta_up member=<num>,generic
150,67,9901,10050,150,150,0,0,1.0,0.0,0.0,,,,,,0.44,beat rr=rr_long delta=delta_down member=<num>,generic
150,68,10051,10200,150,150,0,0,1.0,0.0,0.0,,,,,,0.3933333333333333,beat rr=rr_long delta=delta_down member=<num>,generic
150,69,10201,10350,150,150,0,0,1.0,0.0,0.0,,,,,,0.44,beat rr=rr_long delta=delta_down member=<num>,generic
150,70,10351,10500,150,150,0,0,1.0,0.0,0.0,,,,,,0.42,beat rr=rr_long delta=delta_down member=<num>,generic
150,71,10501,10650,150,150,0,0,1.0,0.0,0.0,,,,,,0.47333333333333333,beat rr=rr_long delta=delta_down member=<num>,generic
150,72,10651,10800,150,150,0,0,1.0,0.0,0.0,,,,,,0.41333333333333333,beat rr=rr_long delta=delta_up member=<num>,generic
150,73,10801,10950,150,150,0,0,1.0,0.0,0.0,,,,,,0.48,beat rr=rr_long delta=delta_down member=<num>,generic
150,74,10951,11100,150,150,0,0,1.0,0.0,0.0,,,,,,0.46,beat rr=rr_long delta=delta_down member=<num>,generic
150,75,11101,11250,150,150,0,0,1.0,0.0,0.0,,,,,,0.46,beat rr=rr_long delta=delta_down member=<num>,generic
150,76,11251,11400,150,150,0,0,1.0,0.0,0.0,,,,,,0.4533333333333333,beat rr=rr_long delta=delta_down member=<num>,generic
150,77,11401,11550,150,150,0,0,1.0,0.0,0.0,,,,,,0.4666666666666667,beat rr=rr_long delta=delta_down member=<num>,generic
150,78,11551,11700,150,150,0,0,1.0,0.0,0.0,,,,,,0.4066666666666667,beat rr=rr_long delta=delta_up member=<num>,generic
150,79,11701,11850,150,150,0,0,1.0,0.0,0.0,,,,,,0.46,beat rr=rr_long delta=delta_up member=<num>,generic
150,80,11851,12000,150,150,0,0,1.0,0.0,0.0,,,,,,0.42,beat rr=rr_long delta=delta_down member=<num>,generic
150,81,12001,12150,150,150,0,0,1.0,0.0,0.0,,,,,,0.42,beat rr=rr_long delta=delta_down member=<num>,generic
150,82,12151,12300,150,150,0,0,1.0,0.0,0.0,,,,,,0.4866666666666667,beat rr=rr_long delta=delta_down member=<num>,generic
150,83,12301,12450,150,150,0,0,1.0,0.0,0.0,,,,,,0.46,beat rr=rr_long delta=delta_down member=<num>,generic
150,84,12451,12600,150,150,0,0,1.0,0.0,0.0,,,,,,0.44666666666666666,beat rr=rr_long delta=delta_up member=<num>,generic
150,85,12601,12750,150,150,0,0,1.0,0.0,0.0,,,,,,0.4266666666666667,beat rr=rr_long delta=delta_down member=<num>,generic
150,86,12751,12900,150,150,0,0,1.0,0.0,0.0,,,,,,0.4533333333333333,beat rr=rr_long delta=delta_up member=<num>,generic
150,87,12901,13050,150,150,0,0,1.0,0.0,0.0,,,,,,0.43333333333333335,beat rr=rr_long delta=delta_up member=<num>,generic
150,88,13051,13200,150,150,0,0,1.0,0.0,0.0,,,,,,0.4266666666666667,beat rr=rr_long delta=delta_up member=<num>,generic
150,89,13201,13350,150,150,0,0,1.0,0.0,0.0,,,,,,0.42,beat rr=rr_long delta=delta_up member=<num>,generic
150,90,13351,13500,150,150,0,0,1.0,0.0,0.0,,,,,,0.44,beat rr=rr_long delta=delta_down member=<num>,generic
150,91,13501,13650,150,150,0,0,1.0,0.0,0.0,,,,,,0.48,beat rr=rr_long delta=delta_down member=<num>,generic
150,92,13651,13800,150,150,0,0,1.0,0.0,0.0,,,,,,0.49333333333333335,beat rr=rr_long delta=delta_down member=<num>,generic
150,93,13801,13950,150,150,0,0,1.0,0.0,0.0,,,,,,0.43333333333333335,beat rr=rr_long delta=delta_down member=<num>,generic
150,94,13951,14100,150,150,0,0,1.0,0.0,0.0,,,,,,0.44,beat rr=rr_long delta=delta_down member=<num>,generic
150,95,14101,14250,150,150,0,0,1.0,0.0,0.0,,,,,,0.4666666666666667,beat rr=rr_long delta=delta_down member=<num>,generic
150,96,14251,14400,150,150,0,0,1.0,0.0,0.0,,,,,,0.41333333333333333,beat rr=rr_long delta=delta_up member=<num>,generic
150,97,14401,14550,150,150,0,0,1.0,0.0,0.0,,,,,,0.4533333333333333,beat rr=rr_long delta=delta_down member=<num>,generic
150,98,14551,14700,150,150,0,0,1.0,0.0,0.0,,,,,,0.48,beat rr=rr_long delta=delta_down member=<num>,generic
150,99,14701,14850,150,150,0,0,1.0,0.0,0.0,,,,,,0.4266666666666667,beat rr=rr_long delta=delta_down member=<num>,generic
150,100,14851,15000,150,150,0,0,1.0,0.0,0.0,,,,,,0.4666666666666667,beat rr=rr_long delta=delta_down member=<num>,generic
150,101,15001,15150,150,150,0,0,1.0,0.0,0.0,,,,,,0.42,beat rr=rr_long delta=delta_up member=<num>,generic
150,102,15151,15300,150,150,0,0,1.0,0.0,0.0,,,,,,0.5133333333333333,beat rr=rr_long delta=delta_down member=<num>,generic
150,103,15301,15450,150,150,0,0,1.0,0.0,0.0,,,,,,0.46,beat rr=rr_long delta=delta_down member=<num>,generic
150,104,15451,15600,150,150,0,0,1.0,0.0,0.0,,,,,,0.49333333333333335,beat rr=rr_long delta=delta_down member=<num>,generic
150,105,15601,15750,150,150,0,0,1.0,0.0,0.0,,,,,,0.4533333333333333,beat rr=rr_long delta=delta_down member=<num>,generic
150,106,15751,15900,150,150,0,0,1.0,0.0,0.0,,,,,,0.5,beat rr=rr_long delta=delta_down member=<num>,generic
150,107,15901,16050,150,150,0,0,1.0,0.0,0.0,,,,,,0.4666666666666667,beat rr=rr_long delta=delta_down member=<num>,generic
150,108,16051,16200,150,150,0,0,1.0,0.0,0.0,,,,,,0.4533333333333333,beat rr=rr_long delta=delta_down member=<num>,generic
150,109,16201,16350,150,150,0,0,1.0,0.0,0.0,,,,,,0.49333333333333335,beat rr=rr_long delta=delta_down member=<num>,generic
150,110,16351,16500,150,150,0,0,1.0,0.0,0.0,,,,,,0.4866666666666667,beat rr=rr_long delta=delta_down member=<num>,generic
150,111,16501,16650,150,150,0,0,1.0,0.0,0.0,,,,,,0.46,beat rr=rr_long delta=delta_down member=<num>,generic
150,112,16651,16800,150,150,0,0,1.0,0.0,0.0,,,,,,0.4533333333333333,beat rr=rr_long delta=delta_down member=<num>,generic
150,113,16801,16950,150,150,0,0,1.0,0.0,0.0,,,,,,0.5,beat rr=rr_long delta=delta_down member=<num>,generic
150,114,16951,17100,150,150,0,0,1.0,0.0,0.0,,,,,,0.4266666666666667,beat rr=rr_long delta=delta_down member=<num>,generic
150,115,17101,17250,150,150,0,0,1.0,0.0,0.0,,,,,,0.4266666666666667,beat rr=rr_long delta=delta_up member=<num>,generic
150,116,17251,17400,150,150,0,0,1.0,0.0,0.0,,,,,,0.36666666666666664,beat rr=rr_long delta=delta_flat member=<num>,generic
150,117,17401,17550,150,150,0,0,1.0,0.0,0.0,,,,,,0.3933333333333333,beat rr=rr_long delta=delta_down member=<num>,generic
150,118,17551,17700,150,150,0,0,1.0,0.0,0.0,,,,,,0.41333333333333333,beat rr=rr_long delta=delta_down member=<num>,generic
150,119,17701,17850,150,150,0,0,1.0,0.0,0.0,,,,,,0.4066666666666667,beat rr=rr_long delta=delta_up member=<num>,generic
150,120,17851,18000,150,150,0,0,1.0,0.0,0.0,,,,,,0.36666666666666664,beat rr=rr_long delta=delta_down member=<num>,generic
150,121,18001,18150,150,150,0,0,1.0,0.0,0.0,,,,,,0.4,beat rr=rr_long delta=delta_down member=<num>,generic
150,122,18151,18300,150,150,0,0,1.0,0.0,0.0,,,,,,0.46,beat rr=rr_long delta=delta_down member=<num>,generic
150,123,18301,18450,150,150,0,0,1.0,0.0,0.0,,,,,,0.3466666666666667,beat rr=rr_long delta=delta_flat member=<num>,generic
150,124,18451,18600,150,150,0,0,1.0,0.0,0.0,,,,,,0.4066666666666667,beat rr=rr_long delta=delta_up member=<num>,generic
150,125,18601,18750,150,150,0,0,1.0,0.0,0.0,,,,,,0.43333333333333335,beat rr=rr_long delta=delta_down member=<num>,generic
150,126,18751,18900,150,150,0,0,1.0,0.0,0.0,,,,,,0.4266666666666667,beat rr=rr_long delta=delta_down member=<num>,generic
150,127,18901,19050,150,150,0,0,1.0,0.0,0.0,,,,,,0.42,beat rr=rr_long delta=delta_down member=<num>,generic
150,128,19051,19200,150,150,0,0,1.0,0.0,0.0,,,,,,0.5066666666666667,beat rr=rr_long delta=delta_down member=<num>,generic
150,129,19201,19350,150,150,0,0,1.0,0.0,0.0,,,,,,0.48,beat rr=rr_long delta=delta_down member=<num>,generic
150,130,19351,19500,150,150,0,0,1.0,0.0,0.0,,,,,,0.49333333333333335,beat rr=rr_long delta=delta_down member=<num>,generic
150,131,19501,19650,150,150,0,0,1.0,0.0,0.0,,,,,,0.37333333333333335,beat rr=rr_long delta=delta_down member=<num>,generic
150,132,19651,19800,150,150,0,0,1.0,0.0,0.0,,,,,,0.42,beat rr=rr_long delta=delta_up member=<num>,generic
150,133,19801,19950,150,150,0,0,1.0,0.0,0.0,,,,,,0.42,beat rr=rr_long delta=delta_down member=<num>,generic
150,134,19951,20100,150,150,0,0,1.0,0.0,0.0,,,,,,0.41333333333333333,beat rr=rr_long delta=delta_down member=<num>,generic
150,135,20101,20250,150,150,0,0,1.0,0.0,0.0,,,,,,0.3933333333333333,beat rr=rr_long delta=delta_down member=<num>,generic
150,136,20251,20400,150,150,0,0,1.0,0.0,0.0,,,,,,0.47333333333333333,beat rr=rr_long delta=delta_down member=<num>,generic
150,137,20401,20550,150,150,0,0,1.0,0.0,0.0,,,,,,0.4533333333333333,beat rr=rr_long delta=delta_down member=<num>,generic
150,138,20551,20700,150,150,0,0,1.0,0.0,0.0,,,,,,0.42,beat rr=rr_long delta=delta_up member=<num>,generic
150,139,20701,20850,150,150,0,0,1.0,0.0,0.0,,,,,,0.4533333333333333,beat rr=rr_long delta=delta_down member=<num>,generic
150,140,20851,21000,150,150,0,0,1.0,0.0,0.0,,,,,,0.49333333333333335,beat rr=rr_long delta=delta_down member=<num>,generic
150,141,21001,21150,150,150,0,0,1.0,0.0,0.0,,,,,,0.4066666666666667,beat rr=rr_long delta=delta_down member=<num>,generic
150,142,21151,21300,150,150,0,0,1.0,0.0,0.0,,,,,,0.42,beat rr=rr_long delta=delta_down member=<num>,generic
150,143,21301,21450,150,150,0,0,1.0,0.0,0.0,,,,,,0.46,beat rr=rr_long delta=delta_down member=<num>,generic
150,144,21451,21600,150,150,0,0,1.0,0.0,0.0,,,,,,0.44666666666666666,beat rr=rr_long delta=delta_down member=<num>,generic
150,145,21601,21750,150,150,0,0,1.0,0.0,0.0,,,,,,0.42,beat rr=rr_long delta=delta_down member=<num>,generic
150,146,21751,21900,150,150,0,0,1.0,0.0,0.0,,,,,,0.43333333333333335,beat rr=rr_long delta=delta_down member=<num>,generic
150,147,21901,22050,150,150,0,0,1.0,0.0,0.0,,,,,,0.43333333333333335,beat rr=rr_long delta=delta_down member=<num>,generic
150,148,22051,22200,150,150,0,0,1.0,0.0,0.0,,,,,,0.4,beat rr=rr_long delta=delta_up member=<num>,generic
150,149,22201,22350,150,150,0,0,1.0,0.0,0.0,,,,,,0.4533333333333333,beat rr=rr_long delta=delta_down member=<num>,generic
150,150,22351,22500,150,150,0,0,1.0,0.0,0.0,,,,,,0.46,beat rr=rr_long delta=delta_down member=<num>,generic
150,151,22501,22650,150,150,0,0,1.0,0.0,0.0,,,,,,0.5,beat rr=rr_long delta=delta_down member=<num>,generic
150,152,22651,22800,150,150,0,0,1.0,0.0,0.0,,,,,,0.44666666666666666,beat rr=rr_long delta=delta_down member=<num>,generic
150,153,22801,22950,150,150,0,0,1.0,0.0,0.0,,,,,,0.3933333333333333,beat rr=rr_long delta=delta_down member=<num>,generic
150,154,22951,23100,150,149,0,1,0.9933333333333333,0.0,0.006666666666666667,,,,,,0.48,beat rr=rr_long delta=delta_down member=<num>,generic
150,155,23101,23250,150,150,0,0,1.0,0.0,0.0,,,,,,0.43333333333333335,beat rr=rr_long delta=delta_down member=<num>,generic
150,156,23251,23400,150,150,0,0,1.0,0.0,0.0,,,,,,0.5066666666666667,beat rr=rr_long delta=delta_down member=<num>,generic
150,157,23401,23550,150,150,0,0,1.0,0.0,0.0,,,,,,0.52,beat rr=rr_long delta=delta_down member=<num>,generic
150,158,23551,23700,150,150,0,0,1.0,0.0,0.0,,,,,,0.49333333333333335,beat rr=rr_long delta=delta_down member=<num>,generic
150,159,23701,23850,150,150,0,0,1.0,0.0,0.0,,,,,,0.44,beat rr=rr_long delta=delta_down member=<num>,generic
150,160,23851,24000,150,150,0,0,1.0,0.0,0.0,,,,,,0.4066666666666667,beat rr=rr_long delta=delta_up member=<num>,generic
150,161,24001,24150,150,150,0,0,1.0,0.0,0.0,,,,,,0.41333333333333333,beat rr=rr_long delta=delta_down member=<num>,generic
150,162,24151,24300,150,150,0,0,1.0,0.0,0.0,,,,,,0.3933333333333333,beat rr=rr_long delta=delta_down member=<num>,generic
150,163,24301,24450,150,150,0,0,1.0,0.0,0.0,,,,,,0.4,beat rr=rr_long delta=delta_down member=<num>,generic
150,164,24451,24600,150,150,0,0,1.0,0.0,0.0,,,,,,0.4533333333333333,beat rr=rr_long delta=delta_down member=<num>,generic
150,165,24601,24750,150,150,0,0,1.0,0.0,0.0,,,,,,0.4066666666666667,beat rr=rr_long delta=delta_down member=<num>,generic
150,166,24751,24900,150,150,0,0,1.0,0.0,0.0,,,,,,0.41333333333333333,beat rr=rr_long delta=delta_down member=<num>,generic
150,167,24901,25050,150,150,0,0,1.0,0.0,0.0,,,,,,0.4266666666666667,beat rr=rr_long delta=delta_down member=<num>,generic
150,168,25051,25200,150,150,0,0,1.0,0.0,0.0,,,,,,0.38666666666666666,beat rr=rr_long delta=delta_up member=<num>,generic
150,169,25201,25350,150,150,0,0,1.0,0.0,0.0,,,,,,0.38666666666666666,beat rr=rr_long delta=delta_down member=<num>,generic
150,170,25351,25500,150,150,0,0,1.0,0.0,0.0,,,,,,0.52,beat rr=rr_long delta=delta_down member=<num>,generic
150,171,25501,25650,150,150,0,0,1.0,0.0,0.0,,,,,,0.42,beat rr=rr_long delta=delta_down member=<num>,generic
150,172,25651,25800,150,150,0,0,1.0,0.0,0.0,,,,,,0.4266666666666667,beat rr=rr_long delta=delta_down member=<num>,generic
150,173,25801,25950,150,150,0,0,1.0,0.0,0.0,,,,,,0.4866666666666667,beat rr=rr_long delta=delta_down member=<num>,generic
150,174,25951,26100,150,150,0,0,1.0,0.0,0.0,,,,,,0.5066666666666667,beat rr=rr_long delta=delta_down member=<num>,generic
150,175,26101,26250,150,150,0,0,1.0,0.0,0.0,,,,,,0.52,beat rr=rr_long delta=delta_down member=<num>,generic
150,176,26251,26400,150,150,0,0,1.0,0.0,0.0,,,,,,0.4533333333333333,beat rr=rr_long delta=delta_down member=<num>,generic
150,177,26401,26550,150,150,0,0,1.0,0.0,0.0,,,,,,0.4666666666666667,beat rr=rr_long delta=delta_down member=<num>,generic
150,178,26551,26700,150,150,0,0,1.0,0.0,0.0,,,,,,0.48,beat rr=rr_long delta=delta_down member=<num>,generic
150,179,26701,26850,150,150,0,0,1.0,0.0,0.0,,,,,,0.41333333333333333,beat rr=rr_long delta=delta_down member=<num>,generic
150,180,26851,27000,150,150,0,0,1.0,0.0,0.0,,,,,,0.47333333333333333,beat rr=rr_long delta=delta_down member=<num>,generic
150,181,27001,27150,150,150,0,0,1.0,0.0,0.0,,,,,,0.48,beat rr=rr_long delta=delta_down member=<num>,generic
150,182,27151,27300,150,150,0,0,1.0,0.0,0.0,,,,,,0.4533333333333333,beat rr=rr_long delta=delta_down member=<num>,generic
150,183,27301,27450,150,150,0,0,1.0,0.0,0.0,,,,,,0.5333333333333333,beat rr=rr_long delta=delta_down member=<num>,generic
150,184,27451,27600,150,150,0,0,1.0,0.0,0.0,,,,,,0.4666666666666667,beat rr=rr_long delta=delta_down member=<num>,generic
150,185,27601,27750,150,150,0,0,1.0,0.0,0.0,,,,,,0.4066666666666667,beat rr=rr_long delta=delta_down member=<num>,generic
150,186,27751,27900,150,150,0,0,1.0,0.0,0.0,,,,,,0.4866666666666667,beat rr=rr_long delta=delta_down member=<num>,generic
150,187,27901,28050,150,150,0,0,1.0,0.0,0.0,,,,,,0.5133333333333333,beat rr=rr_long delta=delta_down member=<num>,generic
150,188,28051,28200,150,150,0,0,1.0,0.0,0.0,,,,,,0.44,beat rr=rr_long delta=delta_down member=<num>,generic
150,189,28201,28350,150,150,0,0,1.0,0.0,0.0,,,,,,0.5066666666666667,beat rr=rr_long delta=delta_down member=<num>,generic
150,190,28351,28500,150,150,0,0,1.0,0.0,0.0,,,,,,0.43333333333333335,beat rr=rr_long delta=delta_down member=<num>,generic
150,191,28501,28650,150,150,0,0,1.0,0.0,0.0,,,,,,0.4666666666666667,beat rr=rr_long delta=delta_down member=<num>,generic
150,192,28651,28800,150,150,0,0,1.0,0.0,0.0,,,,,,0.38666666666666666,beat rr=rr_long delta=delta_down member=<num>,generic
150,193,28801,28950,150,150,0,0,1.0,0.0,0.0,,,,,,0.43333333333333335,beat rr=rr_long delta=delta_down member=<num>,generic
150,194,28951,29100,150,150,0,0,1.0,0.0,0.0,,,,,,0.44,beat rr=rr_long delta=delta_up member=<num>,generic
150,195,29101,29250,150,150,0,0,1.0,0.0,0.0,,,,,,0.4533333333333333,beat rr=rr_long delta=delta_down member=<num>,generic
150,196,29251,29400,150,150,0,0,1.0,0.0,0.0,,,,,,0.3933333333333333,beat rr=rr_long delta=delta_down member=<num>,generic
150,197,29401,29550,150,150,0,0,1.0,0.0,0.0,,,,,,0.38666666666666666,beat rr=rr_long delta=delta_down member=<num>,generic
150,198,29551,29700,150,150,0,0,1.0,0.0,0.0,,,,,,0.44666666666666666,beat rr=rr_long delta=delta_down member=<num>,generic
150,199,29701,29850,150,150,0,0,1.0,0.0,0.0,,,,,,0.5133333333333333,beat rr=rr_long delta=delta_down member=<num>,generic
150,200,29851,30000,150,150,0,0,1.0,0.0,0.0,,,,,,0.5266666666666666,beat rr=rr_long delta=delta_down member=<num>,generic
150,201,30001,30150,150,150,0,0,1.0,0.0,0.0,,,,,,0.4866666666666667,beat rr=rr_long delta=delta_down member=<num>,generic
150,202,30151,30300,150,150,0,0,1.0,0.0,0.0,,,,,,0.49333333333333335,beat rr=rr_long delta=delta_down member=<num>,generic
150,203,30301,30450,150,150,0,0,1.0,0.0,0.0,,,,,,0.56,beat rr=rr_long delta=delta_down member=<num>,generic
150,204,30451,30600,150,150,0,0,1.0,0.0,0.0,,,,,,0.44666666666666666,beat rr=rr_long delta=delta_down member=<num>,generic
150,205,30601,30750,150,150,0,0,1.0,0.0,0.0,,,,,,0.5266666666666666,beat rr=rr_long delta=delta_down member=<num>,generic
150,206,30751,30900,150,150,0,0,1.0,0.0,0.0,,,,,,0.5,beat rr=rr_long delta=delta_down member=<num>,generic
150,207,30901,31050,150,150,0,0,1.0,0.0,0.0,,,,,,0.4666666666666667,beat rr=rr_long delta=delta_down member=<num>,generic
150,208,31051,31200,150,150,0,0,1.0,0.0,0.0,,,,,,0.4866666666666667,beat rr=rr_long delta=delta_down member=<num>,generic
150,209,31201,31350,150,150,0,0,1.0,0.0,0.0,,,,,,0.49333333333333335,beat rr=rr_long delta=delta_down member=<num>,generic
150,210,31351,31500,150,150,0,0,1.0,0.0,0.0,,,,,,0.56,beat rr=rr_long delta=delta_down member=<num>,generic
150,211,31501,31650,150,150,0,0,1.0,0.0,0.0,,,,,,0.46,beat rr=rr_long delta=delta_down member=<num>,generic
150,212,31651,31800,150,150,0,0,1.0,0.0,0.0,,,,,,0.44,beat rr=rr_long delta=delta_down member=<num>,generic
150,213,31801,31950,150,150,0,0,1.0,0.0,0.0,,,,,,0.48,beat rr=rr_long delta=delta_down member=<num>,generic
150,214,31951,32100,150,150,0,0,1.0,0.0,0.0,,,,,,0.46,beat rr=rr_long delta=delta_down member=<num>,generic
150,215,32101,32250,150,150,0,0,1.0,0.0,0.0,,,,,,0.44666666666666666,beat rr=rr_long delta=delta_down member=<num>,generic
150,216,32251,32400,150,150,0,0,1.0,0.0,0.0,,,,,,0.49333333333333335,beat rr=rr_long delta=delta_down member=<num>,generic
150,217,32401,32550,150,150,0,0,1.0,0.0,0.0,,,,,,0.47333333333333333,beat rr=rr_long delta=delta_down member=<num>,generic
150,218,32551,32700,150,150,0,0,1.0,0.0,0.0,,,,,,0.41333333333333333,beat rr=rr_long delta=delta_down member=<num>,generic
150,219,32701,32850,150,150,0,0,1.0,0.0,0.0,,,,,,0.4866666666666667,beat rr=rr_long delta=delta_down member=<num>,generic
150,220,32851,33000,150,150,0,0,1.0,0.0,0.0,,,,,,0.49333333333333335,beat rr=rr_long delta=delta_down member=<num>,generic
150,221,33001,33150,150,150,0,0,1.0,0.0,0.0,,,,,,0.46,beat rr=rr_long delta=delta_down member=<num>,generic
150,222,33151,33300,150,150,0,0,1.0,0.0,0.0,,,,,,0.49333333333333335,beat rr=rr_long delta=delta_down member=<num>,generic
150,223,33301,33450,150,150,0,0,1.0,0.0,0.0,,,,,,0.5066666666666667,beat rr=rr_long delta=delta_down member=<num>,generic
150,224,33451,33600,150,150,0,0,1.0,0.0,0.0,,,,,,0.4533333333333333,beat rr=rr_long delta=delta_down member=<num>,generic
150,225,33601,33750,150,150,0,0,1.0,0.0,0.0,,,,,,0.4666666666666667,beat rr=rr_long delta=delta_down member=<num>,generic
150,226,33751,33900,150,150,0,0,1.0,0.0,0.0,,,,,,0.4666666666666667,beat rr=rr_long delta=delta_down member=<num>,generic
150,227,33901,34050,150,150,0,0,1.0,0.0,0.0,,,,,,0.5333333333333333,beat rr=rr_long delta=delta_down member=<num>,generic
150,228,34051,34200,150,150,0,0,1.0,0.0,0.0,,,,,,0.4866666666666667,beat rr=rr_long delta=delta_down member=<num>,generic
150,229,34201,34350,150,150,0,0,1.0,0.0,0.0,,,,,,0.5133333333333333,beat rr=rr_long delta=delta_down member=<num>,generic
150,230,34351,34500,150,150,0,0,1.0,0.0,0.0,,,,,,0.44,beat rr=rr_long delta=delta_down member=<num>,generic
150,231,34501,34650,150,150,0,0,1.0,0.0,0.0,,,,,,0.4533333333333333,beat rr=rr_long delta=delta_down member=<num>,generic
150,232,34651,34800,150,150,0,0,1.0,0.0,0.0,,,,,,0.5266666666666666,beat rr=rr_long delta=delta_down member=<num>,generic
150,233,34801,34950,150,150,0,0,1.0,0.0,0.0,,,,,,0.44666666666666666,beat rr=rr_long delta=delta_down member=<num>,generic
150,234,34951,35100,150,150,0,0,1.0,0.0,0.0,,,,,,0.47333333333333333,beat rr=rr_long delta=delta_down member=<num>,generic
150,235,35101,35250,150,150,0,0,1.0,0.0,0.0,,,,,,0.5066666666666667,beat rr=rr_long delta=delta_down member=<num>,generic
150,236,35251,35400,150,150,0,0,1.0,0.0,0.0,,,,,,0.44,beat rr=rr_long delta=delta_down member=<num>,generic
150,237,35401,35550,150,150,0,0,1.0,0.0,0.0,,,,,,0.42,beat rr=rr_long delta=delta_down member=<num>,generic
150,238,35551,35700,150,150,0,0,1.0,0.0,0.0,,,,,,0.49333333333333335,beat rr=rr_long delta=delta_down member=<num>,generic
150,239,35701,35850,150,150,0,0,1.0,0.0,0.0,,,,,,0.44666666666666666,beat rr=rr_long delta=delta_down member=<num>,generic
150,240,35851,36000,150,150,0,0,1.0,0.0,0.0,,,,,,0.44,beat rr=rr_long delta=delta_down member=<num>,generic
150,241,36001,36150,150,150,0,0,1.0,0.0,0.0,,,,,,0.44,beat rr=rr_long delta=delta_down member=<num>,generic
150,242,36151,36300,150,150,0,0,1.0,0.0,0.0,,,,,,0.4866666666666667,beat rr=rr_long delta=delta_down member=<num>,generic
150,243,36301,36450,150,150,0,0,1.0,0.0,0.0,,,,,,0.42,beat rr=rr_long delta=delta_down member=<num>,generic
150,244,36451,36600,150,150,0,0,1.0,0.0,0.0,,,,,,0.4266666666666667,beat rr=rr_long delta=delta_up member=<num>,generic
150,245,36601,36750,150,150,0,0,1.0,0.0,0.0,,,,,,0.4866666666666667,beat rr=rr_long delta=delta_down member=<num>,generic
150,246,36751,36900,150,150,0,0,1.0,0.0,0.0,,,,,,0.44666666666666666,beat rr=rr_long delta=delta_down member=<num>,generic
150,247,36901,37050,150,150,0,0,1.0,0.0,0.0,,,,,,0.4266666666666667,beat rr=rr_long delta=delta_up member=<num>,generic
150,248,37051,37200,150,150,0,0,1.0,0.0,0.0,,,,,,0.4533333333333333,beat rr=rr_long delta=delta_down member=<num>,generic
150,249,37201,37350,150,150,0,0,1.0,0.0,0.0,,,,,,0.4533333333333333,beat rr=rr_long delta=delta_down member=<num>,generic
150,250,37351,37500,150,150,0,0,1.0,0.0,0.0,,,,,,0.47333333333333333,beat rr=rr_long delta=delta_down member=<num>,generic
150,251,37501,37650,150,150,0,0,1.0,0.0,0.0,,,,,,0.42,beat rr=rr_long delta=delta_down member=<num>,generic
150,252,37651,37800,150,150,0,0,1.0,0.0,0.0,,,,,,0.44666666666666666,beat rr=rr_long delta=delta_down member=<num>,generic
150,253,37801,37950,150,150,0,0,1.0,0.0,0.0,,,,,,0.52,beat rr=rr_long delta=delta_down member=<num>,generic
150,254,37951,38100,150,150,0,0,1.0,0.0,0.0,,,,,,0.4533333333333333,beat rr=rr_long delta=delta_down member=<num>,generic
150,255,38101,38250,150,150,0,0,1.0,0.0,0.0,,,,,,0.5,beat rr=rr_long delta=delta_down member=<num>,generic
150,256,38251,38400,150,150,0,0,1.0,0.0,0.0,,,,,,0.44,beat rr=rr_long delta=delta_down member=<num>,generic
150,257,38401,38550,150,150,0,0,1.0,0.0,0.0,,,,,,0.4666666666666667,beat rr=rr_long delta=delta_down member=<num>,generic
150,258,38551,38700,150,150,0,0,1.0,0.0,0.0,,,,,,0.44,beat rr=rr_long delta=delta_up member=<num>,generic
150,259,38701,38850,150,150,0,0,1.0,0.0,0.0,,,,,,0.44666666666666666,beat rr=rr_long delta=delta_down member=<num>,generic
150,260,38851,39000,150,150,0,0,1.0,0.0,0.0,,,,,,0.44666666666666666,beat rr=rr_long delta=delta_down member=<num>,generic
150,261,39001,39150,150,150,0,0,1.0,0.0,0.0,,,,,,0.47333333333333333,beat rr=rr_long delta=delta_up member=<num>,generic
150,262,39151,39300,150,150,0,0,1.0,0.0,0.0,,,,,,0.44,beat rr=rr_long delta=delta_up member=<num>,generic
150,263,39301,39450,150,150,0,0,1.0,0.0,0.0,,,,,,0.42,beat rr=rr_long delta=delta_down member=<num>,generic
150,264,39451,39600,150,150,0,0,1.0,0.0,0.0,,,,,,0.44,beat rr=rr_long delta=delta_down member=<num>,generic
150,265,39601,39750,150,150,0,0,1.0,0.0,0.0,,,,,,0.46,beat rr=rr_long delta=delta_down member=<num>,generic
150,266,39751,39900,150,150,0,0,1.0,0.0,0.0,,,,,,0.4066666666666667,beat rr=rr_long delta=delta_down member=<num>,generic
150,267,39901,40050,150,150,0,0,1.0,0.0,0.0,,,,,,0.4,beat rr=rr_long delta=delta_down member=<num>,generic
150,268,40051,40200,150,150,0,0,1.0,0.0,0.0,,,,,,0.4,beat rr=rr_long delta=delta_down member=<num>,generic
150,269,40201,40350,150,150,0,0,1.0,0.0,0.0,,,,,,0.4066666666666667,beat rr=rr_long delta=delta_down member=<num>,generic
150,270,40351,40500,150,150,0,0,1.0,0.0,0.0,,,,,,0.4866666666666667,beat rr=rr_long delta=delta_down member=<num>,generic
150,271,40501,40650,150,150,0,0,1.0,0.0,0.0,,,,,,0.4266666666666667,beat rr=rr_long delta=delta_down member=<num>,generic
150,272,40651,40800,150,150,0,0,1.0,0.0,0.0,,,,,,0.44,beat rr=rr_long delta=delta_up member=<num>,generic
150,273,40801,40950,150,150,0,0,1.0,0.0,0.0,,,,,,0.43333333333333335,beat rr=rr_long delta=delta_down member=<num>,generic
150,274,40951,41100,150,150,0,0,1.0,0.0,0.0,,,,,,0.4266666666666667,beat rr=rr_long delta=delta_down member=<num>,generic
150,275,41101,41250,150,150,0,0,1.0,0.0,0.0,,,,,,0.4533333333333333,beat rr=rr_long delta=delta_up member=<num>,generic
150,276,41251,41400,150,149,0,1,0.9933333333333333,0.0,0.006666666666666667,,,,,,0.4533333333333333,beat rr=rr_long delta=delta_down member=<num>,generic
150,277,41401,41550,150,150,0,0,1.0,0.0,0.0,,,,,,0.44666666666666666,beat rr=rr_long delta=delta_down member=<num>,generic
150,278,41551,41700,150,150,0,0,1.0,0.0,0.0,,,,,,0.4533333333333333,beat rr=rr_long delta=delta_down member=<num>,generic
150,279,41701,41850,150,150,0,0,1.0,0.0,0.0,,,,,,0.42,beat rr=rr_long delta=delta_down member=<num>,generic
150,280,41851,42000,150,150,0,0,1.0,0.0,0.0,,,,,,0.42,beat rr=rr_long delta=delta_down member=<num>,generic
150,281,42001,42150,150,150,0,0,1.0,0.0,0.0,,,,,,0.4066666666666667,beat rr=rr_long delta=delta_down member=<num>,generic
150,282,42151,42300,150,150,0,0,1.0,0.0,0.0,,,,,,0.46,beat rr=rr_long delta=delta_down member=<num>,generic
150,283,42301,42450,150,150,0,0,1.0,0.0,0.0,,,,,,0.4533333333333333,beat rr=rr_long delta=delta_down member=<num>,generic
150,284,42451,42600,150,150,0,0,1.0,0.0,0.0,,,,,,0.47333333333333333,beat rr=rr_long delta=delta_down member=<num>,generic
150,285,42601,42750,150,150,0,0,1.0,0.0,0.0,,,,,,0.43333333333333335,beat rr=rr_long delta=delta_down member=<num>,generic
150,286,42751,42900,150,150,0,0,1.0,0.0,0.0,,,,,,0.44,beat rr=rr_long delta=delta_up member=<num>,generic
150,287,42901,43050,150,150,0,0,1.0,0.0,0.0,,,,,,0.54,beat rr=rr_long delta=delta_down member=<num>,generic
150,288,43051,43200,150,150,0,0,1.0,0.0,0.0,,,,,,0.5333333333333333,beat rr=rr_long delta=delta_down member=<num>,generic
150,289,43201,43350,150,150,0,0,1.0,0.0,0.0,,,,,,0.4266666666666667,beat rr=rr_long delta=delta_down member=<num>,generic
150,290,43351,43500,150,150,0,0,1.0,0.0,0.0,,,,,,0.38666666666666666,beat rr=rr_long delta=delta_flat member=<num>,generic
150,291,43501,43650,150,150,0,0,1.0,0.0,0.0,,,,,,0.4066666666666667,beat rr=rr_long delta=delta_down member=<num>,generic
150,292,43651,43800,150,150,0,0,1.0,0.0,0.0,,,,,,0.46,beat rr=rr_long delta=delta_up member=<num>,generic
150,293,43801,43950,150,150,0,0,1.0,0.0,0.0,,,,,,0.49333333333333335,beat rr=rr_long delta=delta_down member=<num>,generic
150,294,43951,44100,150,150,0,0,1.0,0.0,0.0,,,,,,0.44666666666666666,beat rr=rr_long delta=delta_up member=<num>,generic
150,295,44101,44250,150,150,0,0,1.0,0.0,0.0,,,,,,0.43333333333333335,beat rr=rr_long delta=delta_down member=<num>,generic
150,296,44251,44400,150,150,0,0,1.0,0.0,0.0,,,,,,0.4,beat rr=rr_long delta=delta_up member=<num>,generic
150,297,44401,44550,150,150,0,0,1.0,0.0,0.0,,,,,,0.44,beat rr=rr_long delta=delta_down member=<num>,generic
150,298,44551,44700,150,150,0,0,1.0,0.0,0.0,,,,,,0.44666666666666666,beat rr=rr_long delta=delta_up member=<num>,generic
150,299,44701,44850,150,150,0,0,1.0,0.0,0.0,,,,,,0.38666666666666666,beat rr=rr_long delta=delta_up member=<num>,generic
150,300,44851,45000,150,150,0,0,1.0,0.0,0.0,,,,,,0.42,beat rr=rr_long delta=delta_down member=<num>,generic
150,301,45001,45150,150,150,0,0,1.0,0.0,0.0,,,,,,0.36,beat rr=rr_long delta=delta_down member=<num>,generic
150,302,45151,45300,150,150,0,0,1.0,0.0,0.0,,,,,,0.4533333333333333,beat rr=rr_long delta=delta_down member=<num>,generic
150,303,45301,45450,150,150,0,0,1.0,0.0,0.0,,,,,,0.46,beat rr=rr_long delta=delta_down member=<num>,generic
150,304,45451,45600,150,150,0,0,1.0,0.0,0.0,,,,,,0.42,beat rr=rr_long delta=delta_up member=<num>,generic
150,305,45601,45750,150,150,0,0,1.0,0.0,0.0,,,,,,0.44666666666666666,beat rr=rr_long delta=delta_down member=<num>,generic
150,306,45751,45900,150,150,0,0,1.0,0.0,0.0,,,,,,0.41333333333333333,beat rr=rr_long delta=delta_down member=<num>,generic
150,307,45901,46050,150,150,0,0,1.0,0.0,0.0,,,,,,0.48,beat rr=rr_long delta=delta_down member=<num>,generic
150,308,46051,46200,150,150,0,0,1.0,0.0,0.0,,,,,,0.46,beat rr=rr_long delta=delta_down member=<num>,generic
150,309,46201,46350,150,150,0,0,1.0,0.0,0.0,,,,,,0.44666666666666666,beat rr=rr_long delta=delta_down member=<num>,generic
150,310,46351,46500,150,150,0,0,1.0,0.0,0.0,,,,,,0.44,beat rr=rr_long delta=delta_up member=<num>,generic
150,311,46501,46650,150,150,0,0,1.0,0.0,0.0,,,,,,0.41333333333333333,beat rr=rr_long delta=delta_down member=<num>,generic
150,312,46651,46800,150,150,0,0,1.0,0.0,0.0,,,,,,0.41333333333333333,beat rr=rr_long delta=delta_down member=<num>,generic
150,313,46801,46950,150,150,0,0,1.0,0.0,0.0,,,,,,0.46,beat rr=rr_long delta=delta_down member=<num>,generic
150,314,46951,47100,150,150,0,0,1.0,0.0,0.0,,,,,,0.42,beat rr=rr_long delta=delta_down member=<num>,generic
150,315,47101,47250,150,150,0,0,1.0,0.0,0.0,,,,,,0.4533333333333333,beat rr=rr_long delta=delta_down member=<num>,generic
150,316,47251,47400,150,150,0,0,1.0,0.0,0.0,,,,,,0.44,beat rr=rr_long delta=delta_down member=<num>,generic
150,317,47401,47550,150,150,0,0,1.0,0.0,0.0,,,,,,0.4266666666666667,beat rr=rr_long delta=delta_down member=<num>,generic
150,318,47551,47700,150,150,0,0,1.0,0.0,0.0,,,,,,0.4533333333333333,beat rr=rr_long delta=delta_down member=<num>,generic
150,319,47701,47850,150,150,0,0,1.0,0.0,0.0,,,,,,0.47333333333333333,beat rr=rr_long delta=delta_down member=<num>,generic
150,320,47851,48000,150,150,0,0,1.0,0.0,0.0,,,,,,0.4533333333333333,beat rr=rr_long delta=delta_down member=<num>,generic
150,321,48001,48150,150,150,0,0,1.0,0.0,0.0,,,,,,0.44,beat rr=rr_long delta=delta_up member=<num>,generic
150,322,48151,48300,150,150,0,0,1.0,0.0,0.0,,,,,,0.48,beat rr=rr_long delta=delta_down member=<num>,generic
150,323,48301,48450,150,150,0,0,1.0,0.0,0.0,,,,,,0.4266666666666667,beat rr=rr_long delta=delta_down member=<num>,generic
150,324,48451,48600,150,150,0,0,1.0,0.0,0.0,,,,,,0.5666666666666667,beat rr=rr_long delta=delta_down member=<num>,generic
150,325,48601,48750,150,150,0,0,1.0,0.0,0.0,,,,,,0.42,beat rr=rr_long delta=delta_down member=<num>,generic
150,326,48751,48900,150,150,0,0,1.0,0.0,0.0,,,,,,0.46,beat rr=rr_long delta=delta_down member=<num>,generic
150,327,48901,49050,150,150,0,0,1.0,0.0,0.0,,,,,,0.4866666666666667,beat rr=rr_long delta=delta_down member=<num>,generic
150,328,49051,49200,150,150,0,0,1.0,0.0,0.0,,,,,,0.48,beat rr=rr_long delta=delta_down member=<num>,generic
150,329,49201,49350,150,150,0,0,1.0,0.0,0.0,,,,,,0.4533333333333333,beat rr=rr_long delta=delta_down member=<num>,generic
150,330,49351,49500,150,150,0,0,1.0,0.0,0.0,,,,,,0.5333333333333333,beat rr=rr_long delta=delta_down member=<num>,generic
150,331,49501,49650,150,150,0,0,1.0,0.0,0.0,,,,,,0.46,beat rr=rr_long delta=delta_down member=<num>,generic
150,332,49651,49800,150,150,0,0,1.0,0.0,0.0,,,,,,0.5133333333333333,beat rr=rr_long delta=delta_down member=<num>,generic
150,333,49801,49950,150,150,0,0,1.0,0.0,0.0,,,,,,0.47333333333333333,beat rr=rr_long delta=delta_down member=<num>,generic
150,334,49951,50000,50,50,0,0,1.0,0.0,0.0,,,,,,0.5,beat rr=rr_long delta=delta_down member=<num>,generic
175,1,1,175,175,175,0,0,1.0,0.0,0.0,,,,,,0.44571428571428573,beat rr=rr_long delta=delta_down member=<num>,generic
175,2,176,350,175,175,0,0,1.0,0.0,0.0,,,,,,0.38285714285714284,beat rr=rr_long delta=delta_up member=<num>,generic
175,3,351,525,175,175,0,0,1.0,0.0,0.0,,,,,,0.3485714285714286,beat rr=rr_long delta=delta_down member=<num>,generic
175,4,526,700,175,175,0,0,1.0,0.0,0.0,,,,,,0.38285714285714284,beat rr=rr_long delta=delta_flat member=<num>,generic
175,5,701,875,175,175,0,0,1.0,0.0,0.0,,,,,,0.44571428571428573,beat rr=rr_long delta=delta_flat member=<num>,generic
175,6,876,1050,175,175,0,0,1.0,0.0,0.0,,,,,,0.35428571428571426,beat rr=rr_long delta=delta_up member=<num>,generic
175,7,1051,1225,175,175,0,0,1.0,0.0,0.0,,,,,,0.44571428571428573,beat rr=rr_long delta=delta_down member=<num>,generic
175,8,1226,1400,175,175,0,0,1.0,0.0,0.0,,,,,,0.44,beat rr=rr_long delta=delta_down member=<num>,generic
175,9,1401,1575,175,175,0,0,1.0,0.0,0.0,,,,,,0.4342857142857143,beat rr=rr_long delta=delta_down member=<num>,generic
175,10,1576,1750,175,175,0,0,1.0,0.0,0.0,,,,,,0.4,beat rr=rr_long delta=delta_down member=<num>,generic
175,11,1751,1925,175,175,0,0,1.0,0.0,0.0,,,,,,0.3942857142857143,beat rr=rr_long delta=delta_up member=<num>,generic
175,12,1926,2100,175,175,0,0,1.0,0.0,0.0,,,,,,0.3942857142857143,beat rr=rr_long delta=delta_down member=<num>,generic
175,13,2101,2275,175,175,0,0,1.0,0.0,0.0,,,,,,0.4057142857142857,beat rr=rr_long delta=delta_up member=<num>,generic
175,14,2276,2450,175,175,0,0,1.0,0.0,0.0,,,,,,0.46285714285714286,beat rr=rr_long delta=delta_down member=<num>,generic
175,15,2451,2625,175,175,0,0,1.0,0.0,0.0,,,,,,0.4342857142857143,beat rr=rr_long delta=delta_down member=<num>,generic
175,16,2626,2800,175,175,0,0,1.0,0.0,0.0,,,,,,0.4228571428571429,beat rr=rr_long delta=delta_down member=<num>,generic
175,17,2801,2975,175,175,0,0,1.0,0.0,0.0,,,,,,0.4228571428571429,beat rr=rr_long delta=delta_down member=<num>,generic
175,18,2976,3150,175,175,0,0,1.0,0.0,0.0,,,,,,0.38285714285714284,beat rr=rr_long delta=delta_down member=<num>,generic
175,19,3151,3325,175,175,0,0,1.0,0.0,0.0,,,,,,0.4342857142857143,beat rr=rr_long delta=delta_down member=<num>,generic
175,20,3326,3500,175,175,0,0,1.0,0.0,0.0,,,,,,0.44571428571428573,beat rr=rr_long delta=delta_down member=<num>,generic
175,21,3501,3675,175,175,0,0,1.0,0.0,0.0,,,,,,0.46285714285714286,beat rr=rr_long delta=delta_down member=<num>,generic
175,22,3676,3850,175,175,0,0,1.0,0.0,0.0,,,,,,0.46285714285714286,beat rr=rr_long delta=delta_down member=<num>,generic
175,23,3851,4025,175,175,0,0,1.0,0.0,0.0,,,,,,0.44571428571428573,beat rr=rr_long delta=delta_down member=<num>,generic
175,24,4026,4200,175,175,0,0,1.0,0.0,0.0,,,,,,0.41714285714285715,beat rr=rr_long delta=delta_flat member=<num>,generic
175,25,4201,4375,175,175,0,0,1.0,0.0,0.0,,,,,,0.4114285714285714,beat rr=rr_long delta=delta_down member=<num>,generic
175,26,4376,4550,175,175,0,0,1.0,0.0,0.0,,,,,,0.49714285714285716,beat rr=rr_long delta=delta_down member=<num>,generic
175,27,4551,4725,175,175,0,0,1.0,0.0,0.0,,,,,,0.5085714285714286,beat rr=rr_long delta=delta_down member=<num>,generic
175,28,4726,4900,175,175,0,0,1.0,0.0,0.0,,,,,,0.52,beat rr=rr_long delta=delta_down member=<num>,generic
175,29,4901,5075,175,175,0,0,1.0,0.0,0.0,,,,,,0.4685714285714286,beat rr=rr_long delta=delta_down member=<num>,generic
175,30,5076,5250,175,175,0,0,1.0,0.0,0.0,,,,,,0.44571428571428573,beat rr=rr_long delta=delta_down member=<num>,generic
175,31,5251,5425,175,175,0,0,1.0,0.0,0.0,,,,,,0.44571428571428573,beat rr=rr_long delta=delta_down member=<num>,generic
175,32,5426,5600,175,175,0,0,1.0,0.0,0.0,,,,,,0.4685714285714286,beat rr=rr_long delta=delta_down member=<num>,generic
175,33,5601,5775,175,175,0,0,1.0,0.0,0.0,,,,,,0.49714285714285716,beat rr=rr_long delta=delta_down member=<num>,generic
175,34,5776,5950,175,175,0,0,1.0,0.0,0.0,,,,,,0.45714285714285713,beat rr=rr_long delta=delta_down member=<num>,generic
175,35,5951,6125,175,175,0,0,1.0,0.0,0.0,,,,,,0.5428571428571428,beat rr=rr_long delta=delta_down member=<num>,generic
175,36,6126,6300,175,175,0,0,1.0,0.0,0.0,,,,,,0.4057142857142857,beat rr=rr_long delta=delta_down member=<num>,generic
175,37,6301,6475,175,175,0,0,1.0,0.0,0.0,,,,,,0.41714285714285715,beat rr=rr_long delta=delta_down member=<num>,generic
175,38,6476,6650,175,175,0,0,1.0,0.0,0.0,,,,,,0.45714285714285713,beat rr=rr_long delta=delta_down member=<num>,generic
175,39,6651,6825,175,175,0,0,1.0,0.0,0.0,,,,,,0.4228571428571429,beat rr=rr_long delta=delta_down member=<num>,generic
175,40,6826,7000,175,175,0,0,1.0,0.0,0.0,,,,,,0.45714285714285713,beat rr=rr_long delta=delta_down member=<num>,generic
175,41,7001,7175,175,175,0,0,1.0,0.0,0.0,,,,,,0.4514285714285714,beat rr=rr_long delta=delta_down member=<num>,generic
175,42,7176,7350,175,175,0,0,1.0,0.0,0.0,,,,,,0.4514285714285714,beat rr=rr_long delta=delta_down member=<num>,generic
175,43,7351,7525,175,175,0,0,1.0,0.0,0.0,,,,,,0.44,beat rr=rr_long delta=delta_down member=<num>,generic
175,44,7526,7700,175,175,0,0,1.0,0.0,0.0,,,,,,0.4685714285714286,beat rr=rr_long delta=delta_down member=<num>,generic
175,45,7701,7875,175,175,0,0,1.0,0.0,0.0,,,,,,0.41714285714285715,beat rr=rr_long delta=delta_down member=<num>,generic
175,46,7876,8050,175,175,0,0,1.0,0.0,0.0,,,,,,0.45714285714285713,beat rr=rr_long delta=delta_down member=<num>,generic
175,47,8051,8225,175,175,0,0,1.0,0.0,0.0,,,,,,0.4114285714285714,beat rr=rr_long delta=delta_up member=<num>,generic
175,48,8226,8400,175,175,0,0,1.0,0.0,0.0,,,,,,0.4228571428571429,beat rr=rr_long delta=delta_up member=<num>,generic
175,49,8401,8575,175,175,0,0,1.0,0.0,0.0,,,,,,0.4228571428571429,beat rr=rr_long delta=delta_down member=<num>,generic
175,50,8576,8750,175,175,0,0,1.0,0.0,0.0,,,,,,0.45714285714285713,beat rr=rr_long delta=delta_down member=<num>,generic
175,51,8751,8925,175,175,0,0,1.0,0.0,0.0,,,,,,0.42857142857142855,beat rr=rr_long delta=delta_up member=<num>,generic
175,52,8926,9100,175,175,0,0,1.0,0.0,0.0,,,,,,0.4514285714285714,beat rr=rr_long delta=delta_down member=<num>,generic
175,53,9101,9275,175,175,0,0,1.0,0.0,0.0,,,,,,0.38857142857142857,beat rr=rr_long delta=delta_down member=<num>,generic
175,54,9276,9450,175,175,0,0,1.0,0.0,0.0,,,,,,0.4114285714285714,beat rr=rr_long delta=delta_down member=<num>,generic
175,55,9451,9625,175,175,0,0,1.0,0.0,0.0,,,,,,0.44,beat rr=rr_long delta=delta_down member=<num>,generic
175,56,9626,9800,175,175,0,0,1.0,0.0,0.0,,,,,,0.4342857142857143,beat rr=rr_long delta=delta_up member=<num>,generic
175,57,9801,9975,175,175,0,0,1.0,0.0,0.0,,,,,,0.4685714285714286,beat rr=rr_long delta=delta_down member=<num>,generic
175,58,9976,10150,175,175,0,0,1.0,0.0,0.0,,,,,,0.41714285714285715,beat rr=rr_long delta=delta_down member=<num>,generic
175,59,10151,10325,175,175,0,0,1.0,0.0,0.0,,,,,,0.4228571428571429,beat rr=rr_long delta=delta_down member=<num>,generic
175,60,10326,10500,175,175,0,0,1.0,0.0,0.0,,,,,,0.41714285714285715,beat rr=rr_long delta=delta_down member=<num>,generic
175,61,10501,10675,175,175,0,0,1.0,0.0,0.0,,,,,,0.4685714285714286,beat rr=rr_long delta=delta_down member=<num>,generic
175,62,10676,10850,175,175,0,0,1.0,0.0,0.0,,,,,,0.42857142857142855,beat rr=rr_long delta=delta_down member=<num>,generic
175,63,10851,11025,175,175,0,0,1.0,0.0,0.0,,,,,,0.44571428571428573,beat rr=rr_long delta=delta_down member=<num>,generic
175,64,11026,11200,175,175,0,0,1.0,0.0,0.0,,,,,,0.4742857142857143,beat rr=rr_long delta=delta_down member=<num>,generic
175,65,11201,11375,175,175,0,0,1.0,0.0,0.0,,,,,,0.4685714285714286,beat rr=rr_long delta=delta_down member=<num>,generic
175,66,11376,11550,175,175,0,0,1.0,0.0,0.0,,,,,,0.4514285714285714,beat rr=rr_long delta=delta_down member=<num>,generic
175,67,11551,11725,175,175,0,0,1.0,0.0,0.0,,,,,,0.41714285714285715,beat rr=rr_long delta=delta_up member=<num>,generic
175,68,11726,11900,175,175,0,0,1.0,0.0,0.0,,,,,,0.4228571428571429,beat rr=rr_long delta=delta_up member=<num>,generic
175,69,11901,12075,175,175,0,0,1.0,0.0,0.0,,,,,,0.44571428571428573,beat rr=rr_long delta=delta_up member=<num>,generic
175,70,12076,12250,175,175,0,0,1.0,0.0,0.0,,,,,,0.44571428571428573,beat rr=rr_long delta=delta_down member=<num>,generic
175,71,12251,12425,175,175,0,0,1.0,0.0,0.0,,,,,,0.4742857142857143,beat rr=rr_long delta=delta_down member=<num>,generic
175,72,12426,12600,175,175,0,0,1.0,0.0,0.0,,,,,,0.4514285714285714,beat rr=rr_long delta=delta_up member=<num>,generic
175,73,12601,12775,175,175,0,0,1.0,0.0,0.0,,,,,,0.4228571428571429,beat rr=rr_long delta=delta_up member=<num>,generic
175,74,12776,12950,175,175,0,0,1.0,0.0,0.0,,,,,,0.44,beat rr=rr_long delta=delta_up member=<num>,generic
175,75,12951,13125,175,175,0,0,1.0,0.0,0.0,,,,,,0.44,beat rr=rr_long delta=delta_up member=<num>,generic
175,76,13126,13300,175,175,0,0,1.0,0.0,0.0,,,,,,0.4228571428571429,beat rr=rr_long delta=delta_up member=<num>,generic
175,77,13301,13475,175,175,0,0,1.0,0.0,0.0,,,,,,0.44571428571428573,beat rr=rr_long delta=delta_down member=<num>,generic
175,78,13476,13650,175,175,0,0,1.0,0.0,0.0,,,,,,0.4685714285714286,beat rr=rr_long delta=delta_down member=<num>,generic
175,79,13651,13825,175,175,0,0,1.0,0.0,0.0,,,,,,0.4685714285714286,beat rr=rr_long delta=delta_down member=<num>,generic
175,80,13826,14000,175,175,0,0,1.0,0.0,0.0,,,,,,0.4514285714285714,beat rr=rr_long delta=delta_down member=<num>,generic
175,81,14001,14175,175,175,0,0,1.0,0.0,0.0,,,,,,0.44,beat rr=rr_long delta=delta_down member=<num>,generic
175,82,14176,14350,175,175,0,0,1.0,0.0,0.0,,,,,,0.45714285714285713,beat rr=rr_long delta=delta_down member=<num>,generic
175,83,14351,14525,175,175,0,0,1.0,0.0,0.0,,,,,,0.44571428571428573,beat rr=rr_long delta=delta_up member=<num>,generic
175,84,14526,14700,175,175,0,0,1.0,0.0,0.0,,,,,,0.48,beat rr=rr_long delta=delta_down member=<num>,generic
175,85,14701,14875,175,175,0,0,1.0,0.0,0.0,,,,,,0.4342857142857143,beat rr=rr_long delta=delta_down member=<num>,generic
175,86,14876,15050,175,175,0,0,1.0,0.0,0.0,,,,,,0.4514285714285714,beat rr=rr_long delta=delta_down member=<num>,generic
175,87,15051,15225,175,175,0,0,1.0,0.0,0.0,,,,,,0.44,beat rr=rr_long delta=delta_down member=<num>,generic
175,88,15226,15400,175,175,0,0,1.0,0.0,0.0,,,,,,0.5257142857142857,beat rr=rr_long delta=delta_down member=<num>,generic
175,89,15401,15575,175,175,0,0,1.0,0.0,0.0,,,,,,0.4742857142857143,beat rr=rr_long delta=delta_down member=<num>,generic
175,90,15576,15750,175,175,0,0,1.0,0.0,0.0,,,,,,0.44571428571428573,beat rr=rr_long delta=delta_down member=<num>,generic
175,91,15751,15925,175,175,0,0,1.0,0.0,0.0,,,,,,0.52,beat rr=rr_long delta=delta_down member=<num>,generic
175,92,15926,16100,175,175,0,0,1.0,0.0,0.0,,,,,,0.4342857142857143,beat rr=rr_long delta=delta_down member=<num>,generic
175,93,16101,16275,175,175,0,0,1.0,0.0,0.0,,,,,,0.44571428571428573,beat rr=rr_long delta=delta_down member=<num>,generic
175,94,16276,16450,175,175,0,0,1.0,0.0,0.0,,,,,,0.5142857142857142,beat rr=rr_long delta=delta_down member=<num>,generic
175,95,16451,16625,175,175,0,0,1.0,0.0,0.0,,,,,,0.48,beat rr=rr_long delta=delta_down member=<num>,generic
175,96,16626,16800,175,175,0,0,1.0,0.0,0.0,,,,,,0.44571428571428573,beat rr=rr_long delta=delta_down member=<num>,generic
175,97,16801,16975,175,175,0,0,1.0,0.0,0.0,,,,,,0.4857142857142857,beat rr=rr_long delta=delta_down member=<num>,generic
175,98,16976,17150,175,175,0,0,1.0,0.0,0.0,,,,,,0.3942857142857143,beat rr=rr_long delta=delta_up member=<num>,generic
175,99,17151,17325,175,175,0,0,1.0,0.0,0.0,,,,,,0.44,beat rr=rr_long delta=delta_down member=<num>,generic
175,100,17326,17500,175,175,0,0,1.0,0.0,0.0,,,,,,0.33714285714285713,beat rr=rr_long delta=delta_down member=<num>,generic
175,101,17501,17675,175,175,0,0,1.0,0.0,0.0,,,,,,0.41714285714285715,beat rr=rr_long delta=delta_down member=<num>,generic
175,102,17676,17850,175,175,0,0,1.0,0.0,0.0,,,,,,0.41714285714285715,beat rr=rr_long delta=delta_up member=<num>,generic
175,103,17851,18025,175,175,0,0,1.0,0.0,0.0,,,,,,0.37714285714285717,beat rr=rr_long delta=delta_down member=<num>,generic
175,104,18026,18200,175,175,0,0,1.0,0.0,0.0,,,,,,0.4,beat rr=rr_long delta=delta_down member=<num>,generic
175,105,18201,18375,175,175,0,0,1.0,0.0,0.0,,,,,,0.4228571428571429,beat rr=rr_long delta=delta_down member=<num>,generic
175,106,18376,18550,175,175,0,0,1.0,0.0,0.0,,,,,,0.3942857142857143,beat rr=rr_long delta=delta_up member=<num>,generic
175,107,18551,18725,175,175,0,0,1.0,0.0,0.0,,,,,,0.44,beat rr=rr_long delta=delta_down member=<num>,generic
175,108,18726,18900,175,175,0,0,1.0,0.0,0.0,,,,,,0.42857142857142855,beat rr=rr_long delta=delta_down member=<num>,generic
175,109,18901,19075,175,175,0,0,1.0,0.0,0.0,,,,,,0.4228571428571429,beat rr=rr_long delta=delta_down member=<num>,generic
175,110,19076,19250,175,175,0,0,1.0,0.0,0.0,,,,,,0.5314285714285715,beat rr=rr_long delta=delta_down member=<num>,generic
175,111,19251,19425,175,175,0,0,1.0,0.0,0.0,,,,,,0.49142857142857144,beat rr=rr_long delta=delta_down member=<num>,generic
175,112,19426,19600,175,175,0,0,1.0,0.0,0.0,,,,,,0.4228571428571429,beat rr=rr_long delta=delta_down member=<num>,generic
175,113,19601,19775,175,175,0,0,1.0,0.0,0.0,,,,,,0.4228571428571429,beat rr=rr_long delta=delta_up member=<num>,generic
175,114,19776,19950,175,175,0,0,1.0,0.0,0.0,,,,,,0.4,beat rr=rr_long delta=delta_down member=<num>,generic
175,115,19951,20125,175,175,0,0,1.0,0.0,0.0,,,,,,0.4114285714285714,beat rr=rr_long delta=delta_down member=<num>,generic
175,116,20126,20300,175,175,0,0,1.0,0.0,0.0,,,,,,0.4114285714285714,beat rr=rr_long delta=delta_down member=<num>,generic
175,117,20301,20475,175,175,0,0,1.0,0.0,0.0,,,,,,0.44571428571428573,beat rr=rr_long delta=delta_down member=<num>,generic
175,118,20476,20650,175,175,0,0,1.0,0.0,0.0,,,,,,0.44,beat rr=rr_long delta=delta_down member=<num>,generic
175,119,20651,20825,175,175,0,0,1.0,0.0,0.0,,,,,,0.44571428571428573,beat rr=rr_long delta=delta_down member=<num>,generic
175,120,20826,21000,175,175,0,0,1.0,0.0,0.0,,,,,,0.46285714285714286,beat rr=rr_long delta=delta_down member=<num>,generic
175,121,21001,21175,175,175,0,0,1.0,0.0,0.0,,,,,,0.4228571428571429,beat rr=rr_long delta=delta_down member=<num>,generic
175,122,21176,21350,175,175,0,0,1.0,0.0,0.0,,,,,,0.4342857142857143,beat rr=rr_long delta=delta_down member=<num>,generic
175,123,21351,21525,175,175,0,0,1.0,0.0,0.0,,,,,,0.44571428571428573,beat rr=rr_long delta=delta_down member=<num>,generic
175,124,21526,21700,175,175,0,0,1.0,0.0,0.0,,,,,,0.41714285714285715,beat rr=rr_long delta=delta_down member=<num>,generic
175,125,21701,21875,175,175,0,0,1.0,0.0,0.0,,,,,,0.4514285714285714,beat rr=rr_long delta=delta_down member=<num>,generic
175,126,21876,22050,175,175,0,0,1.0,0.0,0.0,,,,,,0.41714285714285715,beat rr=rr_long delta=delta_down member=<num>,generic
175,127,22051,22225,175,175,0,0,1.0,0.0,0.0,,,,,,0.3942857142857143,beat rr=rr_long delta=delta_up member=<num>,generic
175,128,22226,22400,175,175,0,0,1.0,0.0,0.0,,,,,,0.44571428571428573,beat rr=rr_long delta=delta_down member=<num>,generic
175,129,22401,22575,175,175,0,0,1.0,0.0,0.0,,,,,,0.49142857142857144,beat rr=rr_long delta=delta_down member=<num>,generic
175,130,22576,22750,175,175,0,0,1.0,0.0,0.0,,,,,,0.44,beat rr=rr_long delta=delta_down member=<num>,generic
175,131,22751,22925,175,175,0,0,1.0,0.0,0.0,,,,,,0.4114285714285714,beat rr=rr_long delta=delta_down member=<num>,generic
175,132,22926,23100,175,174,0,1,0.9942857142857143,0.0,0.005714285714285714,,,,,,0.4857142857142857,beat rr=rr_long delta=delta_down member=<num>,generic
175,133,23101,23275,175,175,0,0,1.0,0.0,0.0,,,,,,0.45714285714285713,beat rr=rr_long delta=delta_down member=<num>,generic
175,134,23276,23450,175,175,0,0,1.0,0.0,0.0,,,,,,0.49142857142857144,beat rr=rr_long delta=delta_down member=<num>,generic
175,135,23451,23625,175,175,0,0,1.0,0.0,0.0,,,,,,0.5371428571428571,beat rr=rr_long delta=delta_down member=<num>,generic
175,136,23626,23800,175,175,0,0,1.0,0.0,0.0,,,,,,0.4342857142857143,beat rr=rr_long delta=delta_down member=<num>,generic
175,137,23801,23975,175,175,0,0,1.0,0.0,0.0,,,,,,0.4114285714285714,beat rr=rr_long delta=delta_up member=<num>,generic
175,138,23976,24150,175,175,0,0,1.0,0.0,0.0,,,,,,0.41714285714285715,beat rr=rr_long delta=delta_down member=<num>,generic
175,139,24151,24325,175,175,0,0,1.0,0.0,0.0,,,,,,0.38857142857142857,beat rr=rr_long delta=delta_up member=<num>,generic
175,140,24326,24500,175,175,0,0,1.0,0.0,0.0,,,,,,0.41714285714285715,beat rr=rr_long delta=delta_down member=<num>,generic
175,141,24501,24675,175,175,0,0,1.0,0.0,0.0,,,,,,0.45714285714285713,beat rr=rr_long delta=delta_down member=<num>,generic
175,142,24676,24850,175,175,0,0,1.0,0.0,0.0,,,,,,0.41714285714285715,beat rr=rr_long delta=delta_down member=<num>,generic
175,143,24851,25025,175,175,0,0,1.0,0.0,0.0,,,,,,0.4057142857142857,beat rr=rr_long delta=delta_down member=<num>,generic
175,144,25026,25200,175,175,0,0,1.0,0.0,0.0,,,,,,0.38857142857142857,beat rr=rr_long delta=delta_down member=<num>,generic
175,145,25201,25375,175,175,0,0,1.0,0.0,0.0,,,,,,0.4057142857142857,beat rr=rr_long delta=delta_down member=<num>,generic
175,146,25376,25550,175,175,0,0,1.0,0.0,0.0,,,,,,0.4857142857142857,beat rr=rr_long delta=delta_down member=<num>,generic
175,147,25551,25725,175,175,0,0,1.0,0.0,0.0,,,,,,0.4057142857142857,beat rr=rr_long delta=delta_down member=<num>,generic
175,148,25726,25900,175,175,0,0,1.0,0.0,0.0,,,,,,0.49142857142857144,beat rr=rr_long delta=delta_down member=<num>,generic
175,149,25901,26075,175,175,0,0,1.0,0.0,0.0,,,,,,0.5028571428571429,beat rr=rr_long delta=delta_down member=<num>,generic
175,150,26076,26250,175,175,0,0,1.0,0.0,0.0,,,,,,0.5085714285714286,beat rr=rr_long delta=delta_down member=<num>,generic
175,151,26251,26425,175,175,0,0,1.0,0.0,0.0,,,,,,0.4514285714285714,beat rr=rr_long delta=delta_down member=<num>,generic
175,152,26426,26600,175,175,0,0,1.0,0.0,0.0,,,,,,0.48,beat rr=rr_long delta=delta_down member=<num>,generic
175,153,26601,26775,175,175,0,0,1.0,0.0,0.0,,,,,,0.4514285714285714,beat rr=rr_long delta=delta_down member=<num>,generic
175,154,26776,26950,175,175,0,0,1.0,0.0,0.0,,,,,,0.42857142857142855,beat rr=rr_long delta=delta_down member=<num>,generic
175,155,26951,27125,175,175,0,0,1.0,0.0,0.0,,,,,,0.49714285714285716,beat rr=rr_long delta=delta_down member=<num>,generic
175,156,27126,27300,175,175,0,0,1.0,0.0,0.0,,,,,,0.4514285714285714,beat rr=rr_long delta=delta_down member=<num>,generic
175,157,27301,27475,175,175,0,0,1.0,0.0,0.0,,,,,,0.5371428571428571,beat rr=rr_long delta=delta_down member=<num>,generic
175,158,27476,27650,175,175,0,0,1.0,0.0,0.0,,,,,,0.4342857142857143,beat rr=rr_long delta=delta_down member=<num>,generic
175,159,27651,27825,175,175,0,0,1.0,0.0,0.0,,,,,,0.46285714285714286,beat rr=rr_long delta=delta_down member=<num>,generic
175,160,27826,28000,175,175,0,0,1.0,0.0,0.0,,,,,,0.49714285714285716,beat rr=rr_long delta=delta_down member=<num>,generic
175,161,28001,28175,175,175,0,0,1.0,0.0,0.0,,,,,,0.4342857142857143,beat rr=rr_long delta=delta_down member=<num>,generic
175,162,28176,28350,175,175,0,0,1.0,0.0,0.0,,,,,,0.5085714285714286,beat rr=rr_long delta=delta_down member=<num>,generic
175,163,28351,28525,175,175,0,0,1.0,0.0,0.0,,,,,,0.44571428571428573,beat rr=rr_long delta=delta_down member=<num>,generic
175,164,28526,28700,175,175,0,0,1.0,0.0,0.0,,,,,,0.4342857142857143,beat rr=rr_long delta=delta_down member=<num>,generic
175,165,28701,28875,175,175,0,0,1.0,0.0,0.0,,,,,,0.4057142857142857,beat rr=rr_long delta=delta_down member=<num>,generic
175,166,28876,29050,175,175,0,0,1.0,0.0,0.0,,,,,,0.46285714285714286,beat rr=rr_long delta=delta_down member=<num>,generic
175,167,29051,29225,175,175,0,0,1.0,0.0,0.0,,,,,,0.44,beat rr=rr_long delta=delta_down member=<num>,generic
175,168,29226,29400,175,175,0,0,1.0,0.0,0.0,,,,,,0.38857142857142857,beat rr=rr_long delta=delta_up member=<num>,generic
175,169,29401,29575,175,175,0,0,1.0,0.0,0.0,,,,,,0.38285714285714284,beat rr=rr_long delta=delta_down member=<num>,generic
175,170,29576,29750,175,175,0,0,1.0,0.0,0.0,,,,,,0.4742857142857143,beat rr=rr_long delta=delta_down member=<num>,generic
175,171,29751,29925,175,175,0,0,1.0,0.0,0.0,,,,,,0.49142857142857144,beat rr=rr_long delta=delta_down member=<num>,generic
175,172,29926,30100,175,175,0,0,1.0,0.0,0.0,,,,,,0.56,beat rr=rr_long delta=delta_down member=<num>,generic
175,173,30101,30275,175,175,0,0,1.0,0.0,0.0,,,,,,0.4514285714285714,beat rr=rr_long delta=delta_down member=<num>,generic
175,174,30276,30450,175,175,0,0,1.0,0.0,0.0,,,,,,0.5657142857142857,beat rr=rr_long delta=delta_down member=<num>,generic
175,175,30451,30625,175,175,0,0,1.0,0.0,0.0,,,,,,0.45714285714285713,beat rr=rr_long delta=delta_down member=<num>,generic
175,176,30626,30800,175,175,0,0,1.0,0.0,0.0,,,,,,0.5428571428571428,beat rr=rr_long delta=delta_down member=<num>,generic
175,177,30801,30975,175,175,0,0,1.0,0.0,0.0,,,,,,0.4514285714285714,beat rr=rr_long delta=delta_down member=<num>,generic
175,178,30976,31150,175,175,0,0,1.0,0.0,0.0,,,,,,0.49714285714285716,beat rr=rr_long delta=delta_down member=<num>,generic
175,179,31151,31325,175,175,0,0,1.0,0.0,0.0,,,,,,0.49142857142857144,beat rr=rr_long delta=delta_down member=<num>,generic
175,180,31326,31500,175,175,0,0,1.0,0.0,0.0,,,,,,0.5428571428571428,beat rr=rr_long delta=delta_down member=<num>,generic
175,181,31501,31675,175,175,0,0,1.0,0.0,0.0,,,,,,0.46285714285714286,beat rr=rr_long delta=delta_down member=<num>,generic
175,182,31676,31850,175,175,0,0,1.0,0.0,0.0,,,,,,0.4514285714285714,beat rr=rr_long delta=delta_down member=<num>,generic
175,183,31851,32025,175,175,0,0,1.0,0.0,0.0,,,,,,0.46285714285714286,beat rr=rr_long delta=delta_down member=<num>,generic
175,184,32026,32200,175,175,0,0,1.0,0.0,0.0,,,,,,0.48,beat rr=rr_long delta=delta_down member=<num>,generic
175,185,32201,32375,175,175,0,0,1.0,0.0,0.0,,,,,,0.46285714285714286,beat rr=rr_long delta=delta_down member=<num>,generic
175,186,32376,32550,175,175,0,0,1.0,0.0,0.0,,,,,,0.4685714285714286,beat rr=rr_long delta=delta_down member=<num>,generic
175,187,32551,32725,175,175,0,0,1.0,0.0,0.0,,,,,,0.42857142857142855,beat rr=rr_long delta=delta_down member=<num>,generic
175,188,32726,32900,175,175,0,0,1.0,0.0,0.0,,,,,,0.4685714285714286,beat rr=rr_long delta=delta_down member=<num>,generic
175,189,32901,33075,175,175,0,0,1.0,0.0,0.0,,,,,,0.48,beat rr=rr_long delta=delta_down member=<num>,generic
175,190,33076,33250,175,175,0,0,1.0,0.0,0.0,,,,,,0.49714285714285716,beat rr=rr_long delta=delta_down member=<num>,generic
175,191,33251,33425,175,175,0,0,1.0,0.0,0.0,,,,,,0.5028571428571429,beat rr=rr_long delta=delta_down member=<num>,generic
175,192,33426,33600,175,175,0,0,1.0,0.0,0.0,,,,,,0.45714285714285713,beat rr=rr_long delta=delta_down member=<num>,generic
175,193,33601,33775,175,175,0,0,1.0,0.0,0.0,,,,,,0.48,beat rr=rr_long delta=delta_down member=<num>,generic
175,194,33776,33950,175,175,0,0,1.0,0.0,0.0,,,,,,0.4742857142857143,beat rr=rr_long delta=delta_down member=<num>,generic
175,195,33951,34125,175,175,0,0,1.0,0.0,0.0,,,,,,0.4857142857142857,beat rr=rr_long delta=delta_down member=<num>,generic
175,196,34126,34300,175,175,0,0,1.0,0.0,0.0,,,,,,0.5142857142857142,beat rr=rr_long delta=delta_down member=<num>,generic
175,197,34301,34475,175,175,0,0,1.0,0.0,0.0,,,,,,0.49142857142857144,beat rr=rr_long delta=delta_down member=<num>,generic
175,198,34476,34650,175,175,0,0,1.0,0.0,0.0,,,,,,0.4342857142857143,beat rr=rr_long delta=delta_down member=<num>,generic
175,199,34651,34825,175,175,0,0,1.0,0.0,0.0,,,,,,0.5257142857142857,beat rr=rr_long delta=delta_down member=<num>,generic
175,200,34826,35000,175,175,0,0,1.0,0.0,0.0,,,,,,0.4514285714285714,beat rr=rr_long delta=delta_down member=<num>,generic
175,201,35001,35175,175,175,0,0,1.0,0.0,0.0,,,,,,0.49714285714285716,beat rr=rr_long delta=delta_down member=<num>,generic
175,202,35176,35350,175,175,0,0,1.0,0.0,0.0,,,,,,0.4685714285714286,beat rr=rr_long delta=delta_down member=<num>,generic
175,203,35351,35525,175,175,0,0,1.0,0.0,0.0,,,,,,0.4228571428571429,beat rr=rr_long delta=delta_down member=<num>,generic
175,204,35526,35700,175,175,0,0,1.0,0.0,0.0,,,,,,0.4685714285714286,beat rr=rr_long delta=delta_down member=<num>,generic
175,205,35701,35875,175,175,0,0,1.0,0.0,0.0,,,,,,0.4342857142857143,beat rr=rr_long delta=delta_down member=<num>,generic
175,206,35876,36050,175,175,0,0,1.0,0.0,0.0,,,,,,0.44,beat rr=rr_long delta=delta_down member=<num>,generic
175,207,36051,36225,175,175,0,0,1.0,0.0,0.0,,,,,,0.49142857142857144,beat rr=rr_long delta=delta_down member=<num>,generic
175,208,36226,36400,175,175,0,0,1.0,0.0,0.0,,,,,,0.42857142857142855,beat rr=rr_long delta=delta_down member=<num>,generic
175,209,36401,36575,175,175,0,0,1.0,0.0,0.0,,,,,,0.42857142857142855,beat rr=rr_long delta=delta_up member=<num>,generic
175,210,36576,36750,175,175,0,0,1.0,0.0,0.0,,,,,,0.4742857142857143,beat rr=rr_long delta=delta_down member=<num>,generic
175,211,36751,36925,175,175,0,0,1.0,0.0,0.0,,,,,,0.4228571428571429,beat rr=rr_long delta=delta_down member=<num>,generic
175,212,36926,37100,175,175,0,0,1.0,0.0,0.0,,,,,,0.44,beat rr=rr_long delta=delta_down member=<num>,generic
175,213,37101,37275,175,175,0,0,1.0,0.0,0.0,,,,,,0.4228571428571429,beat rr=rr_long delta=delta_down member=<num>,generic
175,214,37276,37450,175,175,0,0,1.0,0.0,0.0,,,,,,0.5314285714285715,beat rr=rr_long delta=delta_down member=<num>,generic
175,215,37451,37625,175,175,0,0,1.0,0.0,0.0,,,,,,0.3942857142857143,beat rr=rr_long delta=delta_down member=<num>,generic
175,216,37626,37800,175,175,0,0,1.0,0.0,0.0,,,,,,0.44571428571428573,beat rr=rr_long delta=delta_down member=<num>,generic
175,217,37801,37975,175,175,0,0,1.0,0.0,0.0,,,,,,0.5142857142857142,beat rr=rr_long delta=delta_down member=<num>,generic
175,218,37976,38150,175,175,0,0,1.0,0.0,0.0,,,,,,0.4514285714285714,beat rr=rr_long delta=delta_down member=<num>,generic
175,219,38151,38325,175,175,0,0,1.0,0.0,0.0,,,,,,0.4514285714285714,beat rr=rr_long delta=delta_down member=<num>,generic
175,220,38326,38500,175,175,0,0,1.0,0.0,0.0,,,,,,0.5028571428571429,beat rr=rr_long delta=delta_down member=<num>,generic
175,221,38501,38675,175,175,0,0,1.0,0.0,0.0,,,,,,0.44,beat rr=rr_long delta=delta_up member=<num>,generic
175,222,38676,38850,175,175,0,0,1.0,0.0,0.0,,,,,,0.4228571428571429,beat rr=rr_long delta=delta_down member=<num>,generic
175,223,38851,39025,175,175,0,0,1.0,0.0,0.0,,,,,,0.44,beat rr=rr_long delta=delta_down member=<num>,generic
175,224,39026,39200,175,175,0,0,1.0,0.0,0.0,,,,,,0.4514285714285714,beat rr=rr_long delta=delta_up member=<num>,generic
175,225,39201,39375,175,175,0,0,1.0,0.0,0.0,,,,,,0.4114285714285714,beat rr=rr_long delta=delta_up member=<num>,generic
175,226,39376,39550,175,175,0,0,1.0,0.0,0.0,,,,,,0.4342857142857143,beat rr=rr_long delta=delta_down member=<num>,generic
175,227,39551,39725,175,175,0,0,1.0,0.0,0.0,,,,,,0.4685714285714286,beat rr=rr_long delta=delta_down member=<num>,generic
175,228,39726,39900,175,175,0,0,1.0,0.0,0.0,,,,,,0.4,beat rr=rr_long delta=delta_up member=<num>,generic
175,229,39901,40075,175,175,0,0,1.0,0.0,0.0,,,,,,0.4057142857142857,beat rr=rr_long delta=delta_down member=<num>,generic
175,230,40076,40250,175,175,0,0,1.0,0.0,0.0,,,,,,0.4057142857142857,beat rr=rr_long delta=delta_down member=<num>,generic
175,231,40251,40425,175,175,0,0,1.0,0.0,0.0,,,,,,0.4228571428571429,beat rr=rr_long delta=delta_down member=<num>,generic
175,232,40426,40600,175,175,0,0,1.0,0.0,0.0,,,,,,0.4742857142857143,beat rr=rr_long delta=delta_down member=<num>,generic
175,233,40601,40775,175,175,0,0,1.0,0.0,0.0,,,,,,0.41714285714285715,beat rr=rr_long delta=delta_up member=<num>,generic
175,234,40776,40950,175,175,0,0,1.0,0.0,0.0,,,,,,0.44571428571428573,beat rr=rr_long delta=delta_down member=<num>,generic
175,235,40951,41125,175,175,0,0,1.0,0.0,0.0,,,,,,0.4228571428571429,beat rr=rr_long delta=delta_down member=<num>,generic
175,236,41126,41300,175,175,0,0,1.0,0.0,0.0,,,,,,0.44571428571428573,beat rr=rr_long delta=delta_up member=<num>,generic
175,237,41301,41475,175,174,0,1,0.9942857142857143,0.0,0.005714285714285714,,,,,,0.4514285714285714,beat rr=rr_long delta=delta_down member=<num>,generic
175,238,41476,41650,175,175,0,0,1.0,0.0,0.0,,,,,,0.4514285714285714,beat rr=rr_long delta=delta_down member=<num>,generic
175,239,41651,41825,175,175,0,0,1.0,0.0,0.0,,,,,,0.4228571428571429,beat rr=rr_long delta=delta_down member=<num>,generic
175,240,41826,42000,175,175,0,0,1.0,0.0,0.0,,,,,,0.41714285714285715,beat rr=rr_long delta=delta_down member=<num>,generic
175,241,42001,42175,175,175,0,0,1.0,0.0,0.0,,,,,,0.4114285714285714,beat rr=rr_long delta=delta_down member=<num>,generic
175,242,42176,42350,175,175,0,0,1.0,0.0,0.0,,,,,,0.4514285714285714,beat rr=rr_long delta=delta_down member=<num>,generic
175,243,42351,42525,175,175,0,0,1.0,0.0,0.0,,,,,,0.4685714285714286,beat rr=rr_long delta=delta_down member=<num>,generic
175,244,42526,42700,175,175,0,0,1.0,0.0,0.0,,,,,,0.44,beat rr=rr_long delta=delta_down member=<num>,generic
175,245,42701,42875,175,175,0,0,1.0,0.0,0.0,,,,,,0.44571428571428573,beat rr=rr_long delta=delta_down member=<num>,generic
175,246,42876,43050,175,175,0,0,1.0,0.0,0.0,,,,,,0.5085714285714286,beat rr=rr_long delta=delta_down member=<num>,generic
175,247,43051,43225,175,175,0,0,1.0,0.0,0.0,,,,,,0.5085714285714286,beat rr=rr_long delta=delta_down member=<num>,generic
175,248,43226,43400,175,175,0,0,1.0,0.0,0.0,,,,,,0.42857142857142855,beat rr=rr_long delta=delta_down member=<num>,generic
175,249,43401,43575,175,175,0,0,1.0,0.0,0.0,,,,,,0.3942857142857143,beat rr=rr_long delta=delta_flat member=<num>,generic
175,250,43576,43750,175,175,0,0,1.0,0.0,0.0,,,,,,0.4342857142857143,beat rr=rr_long delta=delta_down member=<num>,generic
175,251,43751,43925,175,175,0,0,1.0,0.0,0.0,,,,,,0.4857142857142857,beat rr=rr_long delta=delta_down member=<num>,generic
175,252,43926,44100,175,175,0,0,1.0,0.0,0.0,,,,,,0.4342857142857143,beat rr=rr_long delta=delta_up member=<num>,generic
175,253,44101,44275,175,175,0,0,1.0,0.0,0.0,,,,,,0.42857142857142855,beat rr=rr_long delta=delta_down member=<num>,generic
175,254,44276,44450,175,175,0,0,1.0,0.0,0.0,,,,,,0.38857142857142857,beat rr=rr_long delta=delta_up member=<num>,generic
175,255,44451,44625,175,175,0,0,1.0,0.0,0.0,,,,,,0.45714285714285713,beat rr=rr_long delta=delta_down member=<num>,generic
175,256,44626,44800,175,175,0,0,1.0,0.0,0.0,,,,,,0.4057142857142857,beat rr=rr_long delta=delta_down member=<num>,generic
175,257,44801,44975,175,175,0,0,1.0,0.0,0.0,,,,,,0.4114285714285714,beat rr=rr_long delta=delta_down member=<num>,generic
175,258,44976,45150,175,175,0,0,1.0,0.0,0.0,,,,,,0.37142857142857144,beat rr=rr_long delta=delta_down member=<num>,generic
175,259,45151,45325,175,175,0,0,1.0,0.0,0.0,,,,,,0.46285714285714286,beat rr=rr_long delta=delta_down member=<num>,generic
175,260,45326,45500,175,175,0,0,1.0,0.0,0.0,,,,,,0.4342857142857143,beat rr=rr_long delta=delta_down member=<num>,generic
175,261,45501,45675,175,175,0,0,1.0,0.0,0.0,,,,,,0.42857142857142855,beat rr=rr_long delta=delta_down member=<num>,generic
175,262,45676,45850,175,175,0,0,1.0,0.0,0.0,,,,,,0.4342857142857143,beat rr=rr_long delta=delta_down member=<num>,generic
175,263,45851,46025,175,175,0,0,1.0,0.0,0.0,,,,,,0.45714285714285713,beat rr=rr_long delta=delta_down member=<num>,generic
175,264,46026,46200,175,175,0,0,1.0,0.0,0.0,,,,,,0.45714285714285713,beat rr=rr_long delta=delta_down member=<num>,generic
175,265,46201,46375,175,175,0,0,1.0,0.0,0.0,,,,,,0.4514285714285714,beat rr=rr_long delta=delta_down member=<num>,generic
175,266,46376,46550,175,175,0,0,1.0,0.0,0.0,,,,,,0.41714285714285715,beat rr=rr_long delta=delta_up member=<num>,generic
175,267,46551,46725,175,175,0,0,1.0,0.0,0.0,,,,,,0.42857142857142855,beat rr=rr_long delta=delta_down member=<num>,generic
175,268,46726,46900,175,175,0,0,1.0,0.0,0.0,,,,,,0.4342857142857143,beat rr=rr_long delta=delta_down member=<num>,generic
175,269,46901,47075,175,175,0,0,1.0,0.0,0.0,,,,,,0.4114285714285714,beat rr=rr_long delta=delta_down member=<num>,generic
175,270,47076,47250,175,175,0,0,1.0,0.0,0.0,,,,,,0.46285714285714286,beat rr=rr_long delta=delta_down member=<num>,generic
175,271,47251,47425,175,175,0,0,1.0,0.0,0.0,,,,,,0.45714285714285713,beat rr=rr_long delta=delta_down member=<num>,generic
175,272,47426,47600,175,175,0,0,1.0,0.0,0.0,,,,,,0.4228571428571429,beat rr=rr_long delta=delta_down member=<num>,generic
175,273,47601,47775,175,175,0,0,1.0,0.0,0.0,,,,,,0.44,beat rr=rr_long delta=delta_down member=<num>,generic
175,274,47776,47950,175,175,0,0,1.0,0.0,0.0,,,,,,0.4857142857142857,beat rr=rr_long delta=delta_down member=<num>,generic
175,275,47951,48125,175,175,0,0,1.0,0.0,0.0,,,,,,0.44,beat rr=rr_long delta=delta_up member=<num>,generic
175,276,48126,48300,175,175,0,0,1.0,0.0,0.0,,,,,,0.4742857142857143,beat rr=rr_long delta=delta_down member=<num>,generic
175,277,48301,48475,175,175,0,0,1.0,0.0,0.0,,,,,,0.46285714285714286,beat rr=rr_long delta=delta_down member=<num>,generic
175,278,48476,48650,175,175,0,0,1.0,0.0,0.0,,,,,,0.5085714285714286,beat rr=rr_long delta=delta_down member=<num>,generic
175,279,48651,48825,175,175,0,0,1.0,0.0,0.0,,,,,,0.44571428571428573,beat rr=rr_long delta=delta_down member=<num>,generic
175,280,48826,49000,175,175,0,0,1.0,0.0,0.0,,,,,,0.44,beat rr=rr_long delta=delta_down member=<num>,generic
175,281,49001,49175,175,175,0,0,1.0,0.0,0.0,,,,,,0.5314285714285715,beat rr=rr_long delta=delta_down member=<num>,generic
175,282,49176,49350,175,175,0,0,1.0,0.0,0.0,,,,,,0.4342857142857143,beat rr=rr_long delta=delta_down member=<num>,generic
175,283,49351,49525,175,175,0,0,1.0,0.0,0.0,,,,,,0.5142857142857142,beat rr=rr_long delta=delta_down member=<num>,generic
175,284,49526,49700,175,175,0,0,1.0,0.0,0.0,,,,,,0.49142857142857144,beat rr=rr_long delta=delta_down member=<num>,generic
175,285,49701,49875,175,175,0,0,1.0,0.0,0.0,,,,,,0.4857142857142857,beat rr=rr_long delta=delta_down member=<num>,generic
175,286,49876,50000,125,125,0,0,1.0,0.0,0.0,,,,,,0.488,beat rr=rr_long delta=delta_down member=<num>,generic
200,1,1,200,200,200,0,0,1.0,0.0,0.0,,,,,,0.435,beat rr=rr_long delta=delta_down member=<num>,generic
200,2,201,400,200,200,0,0,1.0,0.0,0.0,,,,,,0.36,beat rr=rr_long delta=delta_down member=<num>,generic
200,3,401,600,200,200,0,0,1.0,0.0,0.0,,,,,,0.335,beat rr=rr_long delta=delta_down member=<num>,generic
200,4,601,800,200,200,0,0,1.0,0.0,0.0,,,,,,0.41,beat rr=rr_long delta=delta_flat member=<num>,generic
200,5,801,1000,200,200,0,0,1.0,0.0,0.0,,,,,,0.405,beat rr=rr_long delta=delta_flat member=<num>,generic
200,6,1001,1200,200,200,0,0,1.0,0.0,0.0,,,,,,0.435,beat rr=rr_long delta=delta_down member=<num>,generic
200,7,1201,1400,200,200,0,0,1.0,0.0,0.0,,,,,,0.44,beat rr=rr_long delta=delta_down member=<num>,generic
200,8,1401,1600,200,200,0,0,1.0,0.0,0.0,,,,,,0.425,beat rr=rr_long delta=delta_down member=<num>,generic
200,9,1601,1800,200,200,0,0,1.0,0.0,0.0,,,,,,0.39,beat rr=rr_long delta=delta_down member=<num>,generic
200,10,1801,2000,200,200,0,0,1.0,0.0,0.0,,,,,,0.395,beat rr=rr_long delta=delta_down member=<num>,generic
200,11,2001,2200,200,200,0,0,1.0,0.0,0.0,,,,,,0.415,beat rr=rr_long delta=delta_down member=<num>,generic
200,12,2201,2400,200,200,0,0,1.0,0.0,0.0,,,,,,0.42,beat rr=rr_long delta=delta_down member=<num>,generic
200,13,2401,2600,200,200,0,0,1.0,0.0,0.0,,,,,,0.46,beat rr=rr_long delta=delta_down member=<num>,generic
200,14,2601,2800,200,200,0,0,1.0,0.0,0.0,,,,,,0.415,beat rr=rr_long delta=delta_down member=<num>,generic
200,15,2801,3000,200,200,0,0,1.0,0.0,0.0,,,,,,0.41,beat rr=rr_long delta=delta_down member=<num>,generic
200,16,3001,3200,200,200,0,0,1.0,0.0,0.0,,,,,,0.41,beat rr=rr_long delta=delta_down member=<num>,generic
200,17,3201,3400,200,200,0,0,1.0,0.0,0.0,,,,,,0.435,beat rr=rr_long delta=delta_down member=<num>,generic
200,18,3401,3600,200,200,0,0,1.0,0.0,0.0,,,,,,0.46,beat rr=rr_long delta=delta_down member=<num>,generic
200,19,3601,3800,200,200,0,0,1.0,0.0,0.0,,,,,,0.465,beat rr=rr_long delta=delta_down member=<num>,generic
200,20,3801,4000,200,200,0,0,1.0,0.0,0.0,,,,,,0.46,beat rr=rr_long delta=delta_down member=<num>,generic
200,21,4001,4200,200,200,0,0,1.0,0.0,0.0,,,,,,0.41,beat rr=rr_long delta=delta_flat member=<num>,generic
200,22,4201,4400,200,200,0,0,1.0,0.0,0.0,,,,,,0.415,beat rr=rr_long delta=delta_down member=<num>,generic
200,23,4401,4600,200,200,0,0,1.0,0.0,0.0,,,,,,0.5,beat rr=rr_long delta=delta_down member=<num>,generic
200,24,4601,4800,200,200,0,0,1.0,0.0,0.0,,,,,,0.53,beat rr=rr_long delta=delta_down member=<num>,generic
200,25,4801,5000,200,200,0,0,1.0,0.0,0.0,,,,,,0.49,beat rr=rr_long delta=delta_down member=<num>,generic
200,26,5001,5200,200,200,0,0,1.0,0.0,0.0,,,,,,0.465,beat rr=rr_long delta=delta_down member=<num>,generic
200,27,5201,5400,200,200,0,0,1.0,0.0,0.0,,,,,,0.425,beat rr=rr_long delta=delta_down member=<num>,generic
200,28,5401,5600,200,200,0,0,1.0,0.0,0.0,,,,,,0.47,beat rr=rr_long delta=delta_down member=<num>,generic
200,29,5601,5800,200,200,0,0,1.0,0.0,0.0,,,,,,0.475,beat rr=rr_long delta=delta_down member=<num>,generic
200,30,5801,6000,200,200,0,0,1.0,0.0,0.0,,,,,,0.495,beat rr=rr_long delta=delta_down member=<num>,generic
200,31,6001,6200,200,200,0,0,1.0,0.0,0.0,,,,,,0.505,beat rr=rr_long delta=delta_down member=<num>,generic
200,32,6201,6400,200,200,0,0,1.0,0.0,0.0,,,,,,0.4,beat rr=rr_long delta=delta_down member=<num>,generic
200,33,6401,6600,200,200,0,0,1.0,0.0,0.0,,,,,,0.455,beat rr=rr_long delta=delta_down member=<num>,generic
200,34,6601,6800,200,200,0,0,1.0,0.0,0.0,,,,,,0.415,beat rr=rr_long delta=delta_down member=<num>,generic
200,35,6801,7000,200,200,0,0,1.0,0.0,0.0,,,,,,0.455,beat rr=rr_long delta=delta_down member=<num>,generic
200,36,7001,7200,200,200,0,0,1.0,0.0,0.0,,,,,,0.425,beat rr=rr_long delta=delta_down member=<num>,generic
200,37,7201,7400,200,200,0,0,1.0,0.0,0.0,,,,,,0.49,beat rr=rr_long delta=delta_down member=<num>,generic
200,38,7401,7600,200,200,0,0,1.0,0.0,0.0,,,,,,0.44,beat rr=rr_long delta=delta_down member=<num>,generic
200,39,7601,7800,200,200,0,0,1.0,0.0,0.0,,,,,,0.46,beat rr=rr_long delta=delta_down member=<num>,generic
200,40,7801,8000,200,200,0,0,1.0,0.0,0.0,,,,,,0.42,beat rr=rr_long delta=delta_down member=<num>,generic
200,41,8001,8200,200,200,0,0,1.0,0.0,0.0,,,,,,0.43,beat rr=rr_long delta=delta_up member=<num>,generic
200,42,8201,8400,200,200,0,0,1.0,0.0,0.0,,,,,,0.42,beat rr=rr_long delta=delta_up member=<num>,generic
200,43,8401,8600,200,200,0,0,1.0,0.0,0.0,,,,,,0.44,beat rr=rr_long delta=delta_down member=<num>,generic
200,44,8601,8800,200,200,0,0,1.0,0.0,0.0,,,,,,0.44,beat rr=rr_long delta=delta_down member=<num>,generic
200,45,8801,9000,200,200,0,0,1.0,0.0,0.0,,,,,,0.415,beat rr=rr_long delta=delta_up member=<num>,generic
200,46,9001,9200,200,200,0,0,1.0,0.0,0.0,,,,,,0.41,beat rr=rr_long delta=delta_down member=<num>,generic
200,47,9201,9400,200,200,0,0,1.0,0.0,0.0,,,,,,0.405,beat rr=rr_long delta=delta_down member=<num>,generic
200,48,9401,9600,200,200,0,0,1.0,0.0,0.0,,,,,,0.44,beat rr=rr_long delta=delta_down member=<num>,generic
200,49,9601,9800,200,200,0,0,1.0,0.0,0.0,,,,,,0.425,beat rr=rr_long delta=delta_up member=<num>,generic
200,50,9801,10000,200,200,0,0,1.0,0.0,0.0,,,,,,0.465,beat rr=rr_long delta=delta_down member=<num>,generic
200,51,10001,10200,200,200,0,0,1.0,0.0,0.0,,,,,,0.4,beat rr=rr_long delta=delta_down member=<num>,generic
200,52,10201,10400,200,200,0,0,1.0,0.0,0.0,,,,,,0.435,beat rr=rr_long delta=delta_down member=<num>,generic
200,53,10401,10600,200,200,0,0,1.0,0.0,0.0,,,,,,0.43,beat rr=rr_long delta=delta_down member=<num>,generic
200,54,10601,10800,200,200,0,0,1.0,0.0,0.0,,,,,,0.435,beat rr=rr_long delta=delta_down member=<num>,generic
200,55,10801,11000,200,200,0,0,1.0,0.0,0.0,,,,,,0.46,beat rr=rr_long delta=delta_down member=<num>,generic
200,56,11001,11200,200,200,0,0,1.0,0.0,0.0,,,,,,0.475,beat rr=rr_long delta=delta_down member=<num>,generic
200,57,11201,11400,200,200,0,0,1.0,0.0,0.0,,,,,,0.455,beat rr=rr_long delta=delta_down member=<num>,generic
200,58,11401,11600,200,200,0,0,1.0,0.0,0.0,,,,,,0.45,beat rr=rr_long delta=delta_down member=<num>,generic
200,59,11601,11800,200,200,0,0,1.0,0.0,0.0,,,,,,0.44,beat rr=rr_long delta=delta_up member=<num>,generic
200,60,11801,12000,200,200,0,0,1.0,0.0,0.0,,,,,,0.435,beat rr=rr_long delta=delta_down member=<num>,generic
200,61,12001,12200,200,200,0,0,1.0,0.0,0.0,,,,,,0.43,beat rr=rr_long delta=delta_down member=<num>,generic
200,62,12201,12400,200,200,0,0,1.0,0.0,0.0,,,,,,0.49,beat rr=rr_long delta=delta_down member=<num>,generic
200,63,12401,12600,200,200,0,0,1.0,0.0,0.0,,,,,,0.455,beat rr=rr_long delta=delta_up member=<num>,generic
200,64,12601,12800,200,200,0,0,1.0,0.0,0.0,,,,,,0.435,beat rr=rr_long delta=delta_down member=<num>,generic
200,65,12801,13000,200,200,0,0,1.0,0.0,0.0,,,,,,0.42,beat rr=rr_long delta=delta_up member=<num>,generic
200,66,13001,13200,200,200,0,0,1.0,0.0,0.0,,,,,,0.45,beat rr=rr_long delta=delta_up member=<num>,generic
200,67,13201,13400,200,200,0,0,1.0,0.0,0.0,,,,,,0.43,beat rr=rr_long delta=delta_down member=<num>,generic
200,68,13401,13600,200,200,0,0,1.0,0.0,0.0,,,,,,0.445,beat rr=rr_long delta=delta_down member=<num>,generic
200,69,13601,13800,200,200,0,0,1.0,0.0,0.0,,,,,,0.495,beat rr=rr_long delta=delta_down member=<num>,generic
200,70,13801,14000,200,200,0,0,1.0,0.0,0.0,,,,,,0.435,beat rr=rr_long delta=delta_down member=<num>,generic
200,71,14001,14200,200,200,0,0,1.0,0.0,0.0,,,,,,0.46,beat rr=rr_long delta=delta_down member=<num>,generic
200,72,14201,14400,200,200,0,0,1.0,0.0,0.0,,,,,,0.42,beat rr=rr_long delta=delta_up member=<num>,generic
200,73,14401,14600,200,200,0,0,1.0,0.0,0.0,,,,,,0.48,beat rr=rr_long delta=delta_down member=<num>,generic
200,74,14601,14800,200,200,0,0,1.0,0.0,0.0,,,,,,0.425,beat rr=rr_long delta=delta_down member=<num>,generic
200,75,14801,15000,200,200,0,0,1.0,0.0,0.0,,,,,,0.465,beat rr=rr_long delta=delta_down member=<num>,generic
200,76,15001,15200,200,200,0,0,1.0,0.0,0.0,,,,,,0.435,beat rr=rr_long delta=delta_down member=<num>,generic
200,77,15201,15400,200,200,0,0,1.0,0.0,0.0,,,,,,0.515,beat rr=rr_long delta=delta_down member=<num>,generic
200,78,15401,15600,200,200,0,0,1.0,0.0,0.0,,,,,,0.465,beat rr=rr_long delta=delta_down member=<num>,generic
200,79,15601,15800,200,200,0,0,1.0,0.0,0.0,,,,,,0.46,beat rr=rr_long delta=delta_down member=<num>,generic
200,80,15801,16000,200,200,0,0,1.0,0.0,0.0,,,,,,0.48,beat rr=rr_long delta=delta_down member=<num>,generic
200,81,16001,16200,200,200,0,0,1.0,0.0,0.0,,,,,,0.465,beat rr=rr_long delta=delta_down member=<num>,generic
200,82,16201,16400,200,200,0,0,1.0,0.0,0.0,,,,,,0.49,beat rr=rr_long delta=delta_down member=<num>,generic
200,83,16401,16600,200,200,0,0,1.0,0.0,0.0,,,,,,0.495,beat rr=rr_long delta=delta_down member=<num>,generic
200,84,16601,16800,200,200,0,0,1.0,0.0,0.0,,,,,,0.435,beat rr=rr_long delta=delta_down member=<num>,generic
200,85,16801,17000,200,200,0,0,1.0,0.0,0.0,,,,,,0.485,beat rr=rr_long delta=delta_down member=<num>,generic
200,86,17001,17200,200,200,0,0,1.0,0.0,0.0,,,,,,0.425,beat rr=rr_long delta=delta_up member=<num>,generic
200,87,17201,17400,200,200,0,0,1.0,0.0,0.0,,,,,,0.39,beat rr=rr_long delta=delta_down member=<num>,generic
200,88,17401,17600,200,200,0,0,1.0,0.0,0.0,,,,,,0.405,beat rr=rr_long delta=delta_down member=<num>,generic
200,89,17601,17800,200,200,0,0,1.0,0.0,0.0,,,,,,0.385,beat rr=rr_long delta=delta_up member=<num>,generic
200,90,17801,18000,200,200,0,0,1.0,0.0,0.0,,,,,,0.375,beat rr=rr_long delta=delta_down member=<num>,generic
200,91,18001,18200,200,200,0,0,1.0,0.0,0.0,,,,,,0.405,beat rr=rr_long delta=delta_down member=<num>,generic
200,92,18201,18400,200,200,0,0,1.0,0.0,0.0,,,,,,0.415,beat rr=rr_long delta=delta_down member=<num>,generic
200,93,18401,18600,200,200,0,0,1.0,0.0,0.0,,,,,,0.4,beat rr=rr_long delta=delta_up member=<num>,generic
200,94,18601,18800,200,200,0,0,1.0,0.0,0.0,,,,,,0.435,beat rr=rr_long delta=delta_down member=<num>,generic
200,95,18801,19000,200,200,0,0,1.0,0.0,0.0,,,,,,0.4,beat rr=rr_long delta=delta_down member=<num>,generic
200,96,19001,19200,200,200,0,0,1.0,0.0,0.0,,,,,,0.505,beat rr=rr_long delta=delta_down member=<num>,generic
200,97,19201,19400,200,200,0,0,1.0,0.0,0.0,,,,,,0.495,beat rr=rr_long delta=delta_down member=<num>,generic
200,98,19401,19600,200,200,0,0,1.0,0.0,0.0,,,,,,0.445,beat rr=rr_long delta=delta_down member=<num>,generic
200,99,19601,19800,200,200,0,0,1.0,0.0,0.0,,,,,,0.415,beat rr=rr_long delta=delta_up member=<num>,generic
200,100,19801,20000,200,200,0,0,1.0,0.0,0.0,,,,,,0.435,beat rr=rr_long delta=delta_down member=<num>,generic
200,101,20001,20200,200,200,0,0,1.0,0.0,0.0,,,,,,0.385,beat rr=rr_long delta=delta_down member=<num>,generic
200,102,20201,20400,200,200,0,0,1.0,0.0,0.0,,,,,,0.455,beat rr=rr_long delta=delta_down member=<num>,generic
200,103,20401,20600,200,200,0,0,1.0,0.0,0.0,,,,,,0.435,beat rr=rr_long delta=delta_down member=<num>,generic
200,104,20601,20800,200,200,0,0,1.0,0.0,0.0,,,,,,0.42,beat rr=rr_long delta=delta_down member=<num>,generic
200,105,20801,21000,200,200,0,0,1.0,0.0,0.0,,,,,,0.475,beat rr=rr_long delta=delta_down member=<num>,generic
200,106,21001,21200,200,200,0,0,1.0,0.0,0.0,,,,,,0.44,beat rr=rr_long delta=delta_down member=<num>,generic
200,107,21201,21400,200,200,0,0,1.0,0.0,0.0,,,,,,0.405,beat rr=rr_long delta=delta_down member=<num>,generic
200,108,21401,21600,200,200,0,0,1.0,0.0,0.0,,,,,,0.455,beat rr=rr_long delta=delta_down member=<num>,generic
200,109,21601,21800,200,200,0,0,1.0,0.0,0.0,,,,,,0.45,beat rr=rr_long delta=delta_down member=<num>,generic
200,110,21801,22000,200,200,0,0,1.0,0.0,0.0,,,,,,0.42,beat rr=rr_long delta=delta_up member=<num>,generic
200,111,22001,22200,200,200,0,0,1.0,0.0,0.0,,,,,,0.405,beat rr=rr_long delta=delta_down member=<num>,generic
200,112,22201,22400,200,200,0,0,1.0,0.0,0.0,,,,,,0.45,beat rr=rr_long delta=delta_down member=<num>,generic
200,113,22401,22600,200,200,0,0,1.0,0.0,0.0,,,,,,0.505,beat rr=rr_long delta=delta_down member=<num>,generic
200,114,22601,22800,200,200,0,0,1.0,0.0,0.0,,,,,,0.44,beat rr=rr_long delta=delta_down member=<num>,generic
200,115,22801,23000,200,199,0,1,0.995,0.0,0.005,,,,,,0.415,beat rr=rr_long delta=delta_down member=<num>,generic
200,116,23001,23200,200,200,0,0,1.0,0.0,0.0,,,,,,0.435,beat rr=rr_long delta=delta_down member=<num>,generic
200,117,23201,23400,200,200,0,0,1.0,0.0,0.0,,,,,,0.51,beat rr=rr_long delta=delta_down member=<num>,generic
200,118,23401,23600,200,200,0,0,1.0,0.0,0.0,,,,,,0.52,beat rr=rr_long delta=delta_down member=<num>,generic
200,119,23601,23800,200,200,0,0,1.0,0.0,0.0,,,,,,0.455,beat rr=rr_long delta=delta_down member=<num>,generic
200,120,23801,24000,200,200,0,0,1.0,0.0,0.0,,,,,,0.405,beat rr=rr_long delta=delta_up member=<num>,generic
200,121,24001,24200,200,200,0,0,1.0,0.0,0.0,,,,,,0.415,beat rr=rr_long delta=delta_down member=<num>,generic
200,122,24201,24400,200,200,0,0,1.0,0.0,0.0,,,,,,0.38,beat rr=rr_long delta=delta_down member=<num>,generic
200,123,24401,24600,200,200,0,0,1.0,0.0,0.0,,,,,,0.45,beat rr=rr_long delta=delta_down member=<num>,generic
200,124,24601,24800,200,200,0,0,1.0,0.0,0.0,,,,,,0.42,beat rr=rr_long delta=delta_down member=<num>,generic
200,125,24801,25000,200,200,0,0,1.0,0.0,0.0,,,,,,0.41,beat rr=rr_long delta=delta_down member=<num>,generic
200,126,25001,25200,200,200,0,0,1.0,0.0,0.0,,,,,,0.39,beat rr=rr_long delta=delta_down member=<num>,generic
200,127,25201,25400,200,200,0,0,1.0,0.0,0.0,,,,,,0.42,beat rr=rr_long delta=delta_down member=<num>,generic
200,128,25401,25600,200,200,0,0,1.0,0.0,0.0,,,,,,0.48,beat rr=rr_long delta=delta_down member=<num>,generic
200,129,25601,25800,200,200,0,0,1.0,0.0,0.0,,,,,,0.415,beat rr=rr_long delta=delta_down member=<num>,generic
200,130,25801,26000,200,200,0,0,1.0,0.0,0.0,,,,,,0.495,beat rr=rr_long delta=delta_down member=<num>,generic
200,131,26001,26200,200,200,0,0,1.0,0.0,0.0,,,,,,0.52,beat rr=rr_long delta=delta_down member=<num>,generic
200,132,26201,26400,200,200,0,0,1.0,0.0,0.0,,,,,,0.46,beat rr=rr_long delta=delta_down member=<num>,generic
200,133,26401,26600,200,200,0,0,1.0,0.0,0.0,,,,,,0.475,beat rr=rr_long delta=delta_down member=<num>,generic
200,134,26601,26800,200,200,0,0,1.0,0.0,0.0,,,,,,0.44,beat rr=rr_long delta=delta_down member=<num>,generic
200,135,26801,27000,200,200,0,0,1.0,0.0,0.0,,,,,,0.46,beat rr=rr_long delta=delta_down member=<num>,generic
200,136,27001,27200,200,200,0,0,1.0,0.0,0.0,,,,,,0.45,beat rr=rr_long delta=delta_down member=<num>,generic
200,137,27201,27400,200,200,0,0,1.0,0.0,0.0,,,,,,0.54,beat rr=rr_long delta=delta_down member=<num>,generic
200,138,27401,27600,200,200,0,0,1.0,0.0,0.0,,,,,,0.46,beat rr=rr_long delta=delta_down member=<num>,generic
200,139,27601,27800,200,200,0,0,1.0,0.0,0.0,,,,,,0.435,beat rr=rr_long delta=delta_down member=<num>,generic
200,140,27801,28000,200,200,0,0,1.0,0.0,0.0,,,,,,0.505,beat rr=rr_long delta=delta_down member=<num>,generic
200,141,28001,28200,200,200,0,0,1.0,0.0,0.0,,,,,,0.445,beat rr=rr_long delta=delta_down member=<num>,generic
200,142,28201,28400,200,200,0,0,1.0,0.0,0.0,,,,,,0.495,beat rr=rr_long delta=delta_down member=<num>,generic
200,143,28401,28600,200,200,0,0,1.0,0.0,0.0,,,,,,0.43,beat rr=rr_long delta=delta_down member=<num>,generic
200,144,28601,28800,200,200,0,0,1.0,0.0,0.0,,,,,,0.42,beat rr=rr_long delta=delta_down member=<num>,generic
200,145,28801,29000,200,200,0,0,1.0,0.0,0.0,,,,,,0.435,beat rr=rr_long delta=delta_down member=<num>,generic
200,146,29001,29200,200,200,0,0,1.0,0.0,0.0,,,,,,0.47,beat rr=rr_long delta=delta_down member=<num>,generic
200,147,29201,29400,200,200,0,0,1.0,0.0,0.0,,,,,,0.385,beat rr=rr_long delta=delta_up member=<num>,generic
200,148,29401,29600,200,200,0,0,1.0,0.0,0.0,,,,,,0.37,beat rr=rr_long delta=delta_down member=<num>,generic
200,149,29601,29800,200,200,0,0,1.0,0.0,0.0,,,,,,0.51,beat rr=rr_long delta=delta_down member=<num>,generic
200,150,29801,30000,200,200,0,0,1.0,0.0,0.0,,,,,,0.525,beat rr=rr_long delta=delta_down member=<num>,generic
200,151,30001,30200,200,200,0,0,1.0,0.0,0.0,,,,,,0.48,beat rr=rr_long delta=delta_down member=<num>,generic
200,152,30201,30400,200,200,0,0,1.0,0.0,0.0,,,,,,0.55,beat rr=rr_long delta=delta_down member=<num>,generic
200,153,30401,30600,200,200,0,0,1.0,0.0,0.0,,,,,,0.46,beat rr=rr_long delta=delta_down member=<num>,generic
200,154,30601,30800,200,200,0,0,1.0,0.0,0.0,,,,,,0.54,beat rr=rr_long delta=delta_down member=<num>,generic
200,155,30801,31000,200,200,0,0,1.0,0.0,0.0,,,,,,0.45,beat rr=rr_long delta=delta_down member=<num>,generic
200,156,31001,31200,200,200,0,0,1.0,0.0,0.0,,,,,,0.495,beat rr=rr_long delta=delta_down member=<num>,generic
200,157,31201,31400,200,200,0,0,1.0,0.0,0.0,,,,,,0.51,beat rr=rr_long delta=delta_down member=<num>,generic
200,158,31401,31600,200,200,0,0,1.0,0.0,0.0,,,,,,0.495,beat rr=rr_long delta=delta_down member=<num>,generic
200,159,31601,31800,200,200,0,0,1.0,0.0,0.0,,,,,,0.46,beat rr=rr_long delta=delta_down member=<num>,generic
200,160,31801,32000,200,200,0,0,1.0,0.0,0.0,,,,,,0.475,beat rr=rr_long delta=delta_down member=<num>,generic
200,161,32001,32200,200,200,0,0,1.0,0.0,0.0,,,,,,0.475,beat rr=rr_long delta=delta_down member=<num>,generic
200,162,32201,32400,200,200,0,0,1.0,0.0,0.0,,,,,,0.46,beat rr=rr_long delta=delta_down member=<num>,generic
200,163,32401,32600,200,200,0,0,1.0,0.0,0.0,,,,,,0.44,beat rr=rr_long delta=delta_down member=<num>,generic
200,164,32601,32800,200,200,0,0,1.0,0.0,0.0,,,,,,0.465,beat rr=rr_long delta=delta_down member=<num>,generic
200,165,32801,33000,200,200,0,0,1.0,0.0,0.0,,,,,,0.495,beat rr=rr_long delta=delta_down member=<num>,generic
200,166,33001,33200,200,200,0,0,1.0,0.0,0.0,,,,,,0.475,beat rr=rr_long delta=delta_down member=<num>,generic
200,167,33201,33400,200,200,0,0,1.0,0.0,0.0,,,,,,0.5,beat rr=rr_long delta=delta_down member=<num>,generic
200,168,33401,33600,200,200,0,0,1.0,0.0,0.0,,,,,,0.46,beat rr=rr_long delta=delta_down member=<num>,generic
200,169,33601,33800,200,200,0,0,1.0,0.0,0.0,,,,,,0.475,beat rr=rr_long delta=delta_down member=<num>,generic
200,170,33801,34000,200,200,0,0,1.0,0.0,0.0,,,,,,0.5,beat rr=rr_long delta=delta_down member=<num>,generic
200,171,34001,34200,200,200,0,0,1.0,0.0,0.0,,,,,,0.49,beat rr=rr_long delta=delta_down member=<num>,generic
200,172,34201,34400,200,200,0,0,1.0,0.0,0.0,,,,,,0.495,beat rr=rr_long delta=delta_down member=<num>,generic
200,173,34401,34600,200,200,0,0,1.0,0.0,0.0,,,,,,0.455,beat rr=rr_long delta=delta_down member=<num>,generic
200,174,34601,34800,200,200,0,0,1.0,0.0,0.0,,,,,,0.5,beat rr=rr_long delta=delta_down member=<num>,generic
200,175,34801,35000,200,200,0,0,1.0,0.0,0.0,,,,,,0.46,beat rr=rr_long delta=delta_down member=<num>,generic
200,176,35001,35200,200,200,0,0,1.0,0.0,0.0,,,,,,0.5,beat rr=rr_long delta=delta_down member=<num>,generic
200,177,35201,35400,200,200,0,0,1.0,0.0,0.0,,,,,,0.44,beat rr=rr_long delta=delta_down member=<num>,generic
200,178,35401,35600,200,200,0,0,1.0,0.0,0.0,,,,,,0.44,beat rr=rr_long delta=delta_down member=<num>,generic
200,179,35601,35800,200,200,0,0,1.0,0.0,0.0,,,,,,0.47,beat rr=rr_long delta=delta_down member=<num>,generic
200,180,35801,36000,200,200,0,0,1.0,0.0,0.0,,,,,,0.44,beat rr=rr_long delta=delta_down member=<num>,generic
200,181,36001,36200,200,200,0,0,1.0,0.0,0.0,,,,,,0.465,beat rr=rr_long delta=delta_down member=<num>,generic
200,182,36201,36400,200,200,0,0,1.0,0.0,0.0,,,,,,0.44,beat rr=rr_long delta=delta_down member=<num>,generic
200,183,36401,36600,200,200,0,0,1.0,0.0,0.0,,,,,,0.42,beat rr=rr_long delta=delta_down member=<num>,generic
200,184,36601,36800,200,200,0,0,1.0,0.0,0.0,,,,,,0.48,beat rr=rr_long delta=delta_down member=<num>,generic
200,185,36801,37000,200,200,0,0,1.0,0.0,0.0,,,,,,0.43,beat rr=rr_long delta=delta_down member=<num>,generic
200,186,37001,37200,200,200,0,0,1.0,0.0,0.0,,,,,,0.435,beat rr=rr_long delta=delta_down member=<num>,generic
200,187,37201,37400,200,200,0,0,1.0,0.0,0.0,,,,,,0.485,beat rr=rr_long delta=delta_down member=<num>,generic
200,188,37401,37600,200,200,0,0,1.0,0.0,0.0,,,,,,0.42,beat rr=rr_long delta=delta_down member=<num>,generic
200,189,37601,37800,200,200,0,0,1.0,0.0,0.0,,,,,,0.44,beat rr=rr_long delta=delta_down member=<num>,generic
200,190,37801,38000,200,200,0,0,1.0,0.0,0.0,,,,,,0.5,beat rr=rr_long delta=delta_down member=<num>,generic
200,191,38001,38200,200,200,0,0,1.0,0.0,0.0,,,,,,0.46,beat rr=rr_long delta=delta_down member=<num>,generic
200,192,38201,38400,200,200,0,0,1.0,0.0,0.0,,,,,,0.475,beat rr=rr_long delta=delta_down member=<num>,generic
200,193,38401,38600,200,200,0,0,1.0,0.0,0.0,,,,,,0.45,beat rr=rr_long delta=delta_down member=<num>,generic
200,194,38601,38800,200,200,0,0,1.0,0.0,0.0,,,,,,0.44,beat rr=rr_long delta=delta_down member=<num>,generic
200,195,38801,39000,200,200,0,0,1.0,0.0,0.0,,,,,,0.43,beat rr=rr_long delta=delta_down member=<num>,generic
200,196,39001,39200,200,200,0,0,1.0,0.0,0.0,,,,,,0.45,beat rr=rr_long delta=delta_up member=<num>,generic
200,197,39201,39400,200,200,0,0,1.0,0.0,0.0,,,,,,0.4,beat rr=rr_long delta=delta_up member=<num>,generic
200,198,39401,39600,200,200,0,0,1.0,0.0,0.0,,,,,,0.435,beat rr=rr_long delta=delta_down member=<num>,generic
200,199,39601,39800,200,200,0,0,1.0,0.0,0.0,,,,,,0.44,beat rr=rr_long delta=delta_down member=<num>,generic
200,200,39801,40000,200,200,0,0,1.0,0.0,0.0,,,,,,0.42,beat rr=rr_long delta=delta_down member=<num>,generic
200,201,40001,40200,200,200,0,0,1.0,0.0,0.0,,,,,,0.39,beat rr=rr_long delta=delta_down member=<num>,generic
200,202,40201,40400,200,200,0,0,1.0,0.0,0.0,,,,,,0.415,beat rr=rr_long delta=delta_down member=<num>,generic
200,203,40401,40600,200,200,0,0,1.0,0.0,0.0,,,,,,0.48,beat rr=rr_long delta=delta_down member=<num>,generic
200,204,40601,40800,200,200,0,0,1.0,0.0,0.0,,,,,,0.42,beat rr=rr_long delta=delta_up member=<num>,generic
200,205,40801,41000,200,200,0,0,1.0,0.0,0.0,,,,,,0.45,beat rr=rr_long delta=delta_down member=<num>,generic
200,206,41001,41200,200,200,0,0,1.0,0.0,0.0,,,,,,0.425,beat rr=rr_long delta=delta_up member=<num>,generic
200,207,41201,41400,200,199,0,1,0.995,0.0,0.005,,,,,,0.43,beat rr=rr_long delta=delta_down member=<num>,generic
200,208,41401,41600,200,200,0,0,1.0,0.0,0.0,,,,,,0.44,beat rr=rr_long delta=delta_down member=<num>,generic
200,209,41601,41800,200,200,0,0,1.0,0.0,0.0,,,,,,0.435,beat rr=rr_long delta=delta_down member=<num>,generic
200,210,41801,42000,200,200,0,0,1.0,0.0,0.0,,,,,,0.43,beat rr=rr_long delta=delta_down member=<num>,generic
200,211,42001,42200,200,200,0,0,1.0,0.0,0.0,,,,,,0.405,beat rr=rr_long delta=delta_down member=<num>,generic
200,212,42201,42400,200,200,0,0,1.0,0.0,0.0,,,,,,0.475,beat rr=rr_long delta=delta_down member=<num>,generic
200,213,42401,42600,200,200,0,0,1.0,0.0,0.0,,,,,,0.465,beat rr=rr_long delta=delta_down member=<num>,generic
200,214,42601,42800,200,200,0,0,1.0,0.0,0.0,,,,,,0.435,beat rr=rr_long delta=delta_down member=<num>,generic
200,215,42801,43000,200,200,0,0,1.0,0.0,0.0,,,,,,0.475,beat rr=rr_long delta=delta_down member=<num>,generic
200,216,43001,43200,200,200,0,0,1.0,0.0,0.0,,,,,,0.53,beat rr=rr_long delta=delta_down member=<num>,generic
200,217,43201,43400,200,200,0,0,1.0,0.0,0.0,,,,,,0.42,beat rr=rr_long delta=delta_down member=<num>,generic
200,218,43401,43600,200,200,0,0,1.0,0.0,0.0,,,,,,0.36,beat rr=rr_long delta=delta_flat member=<num>,generic
200,219,43601,43800,200,200,0,0,1.0,0.0,0.0,,,,,,0.43,beat rr=rr_long delta=delta_up member=<num>,generic
200,220,43801,44000,200,200,0,0,1.0,0.0,0.0,,,,,,0.49,beat rr=rr_long delta=delta_down member=<num>,generic
200,221,44001,44200,200,200,0,0,1.0,0.0,0.0,,,,,,0.41,beat rr=rr_long delta=delta_down member=<num>,generic
200,222,44201,44400,200,200,0,0,1.0,0.0,0.0,,,,,,0.385,beat rr=rr_long delta=delta_down member=<num>,generic
200,223,44401,44600,200,200,0,0,1.0,0.0,0.0,,,,,,0.44,beat rr=rr_long delta=delta_down member=<num>,generic
200,224,44601,44800,200,200,0,0,1.0,0.0,0.0,,,,,,0.405,beat rr=rr_long delta=delta_down member=<num>,generic
200,225,44801,45000,200,200,0,0,1.0,0.0,0.0,,,,,,0.415,beat rr=rr_long delta=delta_down member=<num>,generic
200,226,45001,45200,200,200,0,0,1.0,0.0,0.0,,,,,,0.375,beat rr=rr_long delta=delta_down member=<num>,generic
200,227,45201,45400,200,200,0,0,1.0,0.0,0.0,,,,,,0.47,beat rr=rr_long delta=delta_down member=<num>,generic
200,228,45401,45600,200,200,0,0,1.0,0.0,0.0,,,,,,0.425,beat rr=rr_long delta=delta_up member=<num>,generic
200,229,45601,45800,200,200,0,0,1.0,0.0,0.0,,,,,,0.44,beat rr=rr_long delta=delta_up member=<num>,generic
200,230,45801,46000,200,200,0,0,1.0,0.0,0.0,,,,,,0.45,beat rr=rr_long delta=delta_down member=<num>,generic
200,231,46001,46200,200,200,0,0,1.0,0.0,0.0,,,,,,0.465,beat rr=rr_long delta=delta_down member=<num>,generic
200,232,46201,46400,200,200,0,0,1.0,0.0,0.0,,,,,,0.44,beat rr=rr_long delta=delta_down member=<num>,generic
200,233,46401,46600,200,200,0,0,1.0,0.0,0.0,,,,,,0.43,beat rr=rr_long delta=delta_down member=<num>,generic
200,234,46601,46800,200,200,0,0,1.0,0.0,0.0,,,,,,0.405,beat rr=rr_long delta=delta_down member=<num>,generic
200,235,46801,47000,200,200,0,0,1.0,0.0,0.0,,,,,,0.435,beat rr=rr_long delta=delta_down member=<num>,generic
200,236,47001,47200,200,200,0,0,1.0,0.0,0.0,,,,,,0.44,beat rr=rr_long delta=delta_down member=<num>,generic
200,237,47201,47400,200,200,0,0,1.0,0.0,0.0,,,,,,0.455,beat rr=rr_long delta=delta_down member=<num>,generic
200,238,47401,47600,200,200,0,0,1.0,0.0,0.0,,,,,,0.44,beat rr=rr_long delta=delta_down member=<num>,generic
200,239,47601,47800,200,200,0,0,1.0,0.0,0.0,,,,,,0.44,beat rr=rr_long delta=delta_down member=<num>,generic
200,240,47801,48000,200,200,0,0,1.0,0.0,0.0,,,,,,0.475,beat rr=rr_long delta=delta_down member=<num>,generic
200,241,48001,48200,200,200,0,0,1.0,0.0,0.0,,,,,,0.455,beat rr=rr_long delta=delta_down member=<num>,generic
200,242,48201,48400,200,200,0,0,1.0,0.0,0.0,,,,,,0.41,beat rr=rr_long delta=delta_down member=<num>,generic
200,243,48401,48600,200,200,0,0,1.0,0.0,0.0,,,,,,0.555,beat rr=rr_long delta=delta_down member=<num>,generic
200,244,48601,48800,200,200,0,0,1.0,0.0,0.0,,,,,,0.43,beat rr=rr_long delta=delta_down member=<num>,generic
200,245,48801,49000,200,200,0,0,1.0,0.0,0.0,,,,,,0.45,beat rr=rr_long delta=delta_down member=<num>,generic
200,246,49001,49200,200,200,0,0,1.0,0.0,0.0,,,,,,0.505,beat rr=rr_long delta=delta_down member=<num>,generic
200,247,49201,49400,200,200,0,0,1.0,0.0,0.0,,,,,,0.465,beat rr=rr_long delta=delta_down member=<num>,generic
200,248,49401,49600,200,200,0,0,1.0,0.0,0.0,,,,,,0.51,beat rr=rr_long delta=delta_down member=<num>,generic
200,249,49601,49800,200,200,0,0,1.0,0.0,0.0,,,,,,0.495,beat rr=rr_long delta=delta_down member=<num>,generic
200,250,49801,50000,200,200,0,0,1.0,0.0,0.0,,,,,,0.48,beat rr=rr_long delta=delta_down member=<num>,generic
225,1,1,225,225,225,0,0,1.0,0.0,0.0,,,,,,0.4311111111111111,beat rr=rr_long delta=delta_down member=<num>,generic
225,2,226,450,225,225,0,0,1.0,0.0,0.0,,,,,,0.3466666666666667,beat rr=rr_long delta=delta_up member=<num>,generic
225,3,451,675,225,225,0,0,1.0,0.0,0.0,,,,,,0.3511111111111111,beat rr=rr_long delta=delta_down member=<num>,generic
225,4,676,900,225,225,0,0,1.0,0.0,0.0,,,,,,0.4577777777777778,beat rr=rr_long delta=delta_flat member=<num>,generic
225,5,901,1125,225,225,0,0,1.0,0.0,0.0,,,,,,0.37777777777777777,beat rr=rr_long delta=delta_down member=<num>,generic
225,6,1126,1350,225,225,0,0,1.0,0.0,0.0,,,,,,0.44,beat rr=rr_long delta=delta_down member=<num>,generic
225,7,1351,1575,225,225,0,0,1.0,0.0,0.0,,,,,,0.4311111111111111,beat rr=rr_long delta=delta_down member=<num>,generic
225,8,1576,1800,225,225,0,0,1.0,0.0,0.0,,,,,,0.38666666666666666,beat rr=rr_long delta=delta_down member=<num>,generic
225,9,1801,2025,225,225,0,0,1.0,0.0,0.0,,,,,,0.39111111111111113,beat rr=rr_long delta=delta_down member=<num>,generic
225,10,2026,2250,225,225,0,0,1.0,0.0,0.0,,,,,,0.4088888888888889,beat rr=rr_long delta=delta_down member=<num>,generic
225,11,2251,2475,225,225,0,0,1.0,0.0,0.0,,,,,,0.4533333333333333,beat rr=rr_long delta=delta_down member=<num>,generic
225,12,2476,2700,225,225,0,0,1.0,0.0,0.0,,,,,,0.4266666666666667,beat rr=rr_long delta=delta_down member=<num>,generic
225,13,2701,2925,225,225,0,0,1.0,0.0,0.0,,,,,,0.4177777777777778,beat rr=rr_long delta=delta_down member=<num>,generic
225,14,2926,3150,225,225,0,0,1.0,0.0,0.0,,,,,,0.4,beat rr=rr_long delta=delta_down member=<num>,generic
225,15,3151,3375,225,225,0,0,1.0,0.0,0.0,,,,,,0.4311111111111111,beat rr=rr_long delta=delta_down member=<num>,generic
225,16,3376,3600,225,225,0,0,1.0,0.0,0.0,,,,,,0.4666666666666667,beat rr=rr_long delta=delta_down member=<num>,generic
225,17,3601,3825,225,225,0,0,1.0,0.0,0.0,,,,,,0.4533333333333333,beat rr=rr_long delta=delta_down member=<num>,generic
225,18,3826,4050,225,225,0,0,1.0,0.0,0.0,,,,,,0.4711111111111111,beat rr=rr_long delta=delta_down member=<num>,generic
225,19,4051,4275,225,225,0,0,1.0,0.0,0.0,,,,,,0.43555555555555553,beat rr=rr_long delta=delta_flat member=<num>,generic
225,20,4276,4500,225,225,0,0,1.0,0.0,0.0,,,,,,0.49777777777777776,beat rr=rr_long delta=delta_down member=<num>,generic
225,21,4501,4725,225,225,0,0,1.0,0.0,0.0,,,,,,0.5022222222222222,beat rr=rr_long delta=delta_down member=<num>,generic
225,22,4726,4950,225,225,0,0,1.0,0.0,0.0,,,,,,0.5155555555555555,beat rr=rr_long delta=delta_down member=<num>,generic
225,23,4951,5175,225,225,0,0,1.0,0.0,0.0,,,,,,0.4888888888888889,beat rr=rr_long delta=delta_down member=<num>,generic
225,24,5176,5400,225,225,0,0,1.0,0.0,0.0,,,,,,0.40444444444444444,beat rr=rr_long delta=delta_down member=<num>,generic
225,25,5401,5625,225,225,0,0,1.0,0.0,0.0,,,,,,0.4711111111111111,beat rr=rr_long delta=delta_down member=<num>,generic
225,26,5626,5850,225,225,0,0,1.0,0.0,0.0,,,,,,0.48,beat rr=rr_long delta=delta_down member=<num>,generic
225,27,5851,6075,225,225,0,0,1.0,0.0,0.0,,,,,,0.52,beat rr=rr_long delta=delta_down member=<num>,generic
225,28,6076,6300,225,225,0,0,1.0,0.0,0.0,,,,,,0.4266666666666667,beat rr=rr_long delta=delta_down member=<num>,generic
225,29,6301,6525,225,225,0,0,1.0,0.0,0.0,,,,,,0.4177777777777778,beat rr=rr_long delta=delta_down member=<num>,generic
225,30,6526,6750,225,225,0,0,1.0,0.0,0.0,,,,,,0.4666666666666667,beat rr=rr_long delta=delta_down member=<num>,generic
225,31,6751,6975,225,225,0,0,1.0,0.0,0.0,,,,,,0.4222222222222222,beat rr=rr_long delta=delta_down member=<num>,generic
225,32,6976,7200,225,225,0,0,1.0,0.0,0.0,,,,,,0.43555555555555553,beat rr=rr_long delta=delta_down member=<num>,generic
225,33,7201,7425,225,225,0,0,1.0,0.0,0.0,,,,,,0.48444444444444446,beat rr=rr_long delta=delta_down member=<num>,generic
225,34,7426,7650,225,225,0,0,1.0,0.0,0.0,,,,,,0.4622222222222222,beat rr=rr_long delta=delta_down member=<num>,generic
225,35,7651,7875,225,225,0,0,1.0,0.0,0.0,,,,,,0.4177777777777778,beat rr=rr_long delta=delta_up member=<num>,generic
225,36,7876,8100,225,225,0,0,1.0,0.0,0.0,,,,,,0.4444444444444444,beat rr=rr_long delta=delta_down member=<num>,generic
225,37,8101,8325,225,225,0,0,1.0,0.0,0.0,,,,,,0.4266666666666667,beat rr=rr_long delta=delta_up member=<num>,generic
225,38,8326,8550,225,225,0,0,1.0,0.0,0.0,,,,,,0.4533333333333333,beat rr=rr_long delta=delta_down member=<num>,generic
225,39,8551,8775,225,225,0,0,1.0,0.0,0.0,,,,,,0.4311111111111111,beat rr=rr_long delta=delta_down member=<num>,generic
225,40,8776,9000,225,225,0,0,1.0,0.0,0.0,,,,,,0.4222222222222222,beat rr=rr_long delta=delta_up member=<num>,generic
225,41,9001,9225,225,225,0,0,1.0,0.0,0.0,,,,,,0.41333333333333333,beat rr=rr_long delta=delta_down member=<num>,generic
225,42,9226,9450,225,225,0,0,1.0,0.0,0.0,,,,,,0.4088888888888889,beat rr=rr_long delta=delta_down member=<num>,generic
225,43,9451,9675,225,225,0,0,1.0,0.0,0.0,,,,,,0.4444444444444444,beat rr=rr_long delta=delta_down member=<num>,generic
225,44,9676,9900,225,225,0,0,1.0,0.0,0.0,,,,,,0.4488888888888889,beat rr=rr_long delta=delta_up member=<num>,generic
225,45,9901,10125,225,225,0,0,1.0,0.0,0.0,,,,,,0.43555555555555553,beat rr=rr_long delta=delta_down member=<num>,generic
225,46,10126,10350,225,225,0,0,1.0,0.0,0.0,,,,,,0.41333333333333333,beat rr=rr_long delta=delta_down member=<num>,generic
225,47,10351,10575,225,225,0,0,1.0,0.0,0.0,,,,,,0.41333333333333333,beat rr=rr_long delta=delta_down member=<num>,generic
225,48,10576,10800,225,225,0,0,1.0,0.0,0.0,,,,,,0.4488888888888889,beat rr=rr_long delta=delta_down member=<num>,generic
225,49,10801,11025,225,225,0,0,1.0,0.0,0.0,,,,,,0.4622222222222222,beat rr=rr_long delta=delta_down member=<num>,generic
225,50,11026,11250,225,225,0,0,1.0,0.0,0.0,,,,,,0.4711111111111111,beat rr=rr_long delta=delta_down member=<num>,generic
225,51,11251,11475,225,225,0,0,1.0,0.0,0.0,,,,,,0.4577777777777778,beat rr=rr_long delta=delta_down member=<num>,generic
225,52,11476,11700,225,225,0,0,1.0,0.0,0.0,,,,,,0.4222222222222222,beat rr=rr_long delta=delta_down member=<num>,generic
225,53,11701,11925,225,225,0,0,1.0,0.0,0.0,,,,,,0.4266666666666667,beat rr=rr_long delta=delta_up member=<num>,generic
225,54,11926,12150,225,225,0,0,1.0,0.0,0.0,,,,,,0.4222222222222222,beat rr=rr_long delta=delta_up member=<num>,generic
225,55,12151,12375,225,225,0,0,1.0,0.0,0.0,,,,,,0.48444444444444446,beat rr=rr_long delta=delta_down member=<num>,generic
225,56,12376,12600,225,225,0,0,1.0,0.0,0.0,,,,,,0.4488888888888889,beat rr=rr_long delta=delta_up member=<num>,generic
225,57,12601,12825,225,225,0,0,1.0,0.0,0.0,,,,,,0.43555555555555553,beat rr=rr_long delta=delta_up member=<num>,generic
225,58,12826,13050,225,225,0,0,1.0,0.0,0.0,,,,,,0.4266666666666667,beat rr=rr_long delta=delta_up member=<num>,generic
225,59,13051,13275,225,225,0,0,1.0,0.0,0.0,,,,,,0.4311111111111111,beat rr=rr_long delta=delta_up member=<num>,generic
225,60,13276,13500,225,225,0,0,1.0,0.0,0.0,,,,,,0.43555555555555553,beat rr=rr_long delta=delta_down member=<num>,generic
225,61,13501,13725,225,225,0,0,1.0,0.0,0.0,,,,,,0.49333333333333335,beat rr=rr_long delta=delta_down member=<num>,generic
225,62,13726,13950,225,225,0,0,1.0,0.0,0.0,,,,,,0.4444444444444444,beat rr=rr_long delta=delta_down member=<num>,generic
225,63,13951,14175,225,225,0,0,1.0,0.0,0.0,,,,,,0.44,beat rr=rr_long delta=delta_down member=<num>,generic
225,64,14176,14400,225,225,0,0,1.0,0.0,0.0,,,,,,0.4311111111111111,beat rr=rr_long delta=delta_down member=<num>,generic
225,65,14401,14625,225,225,0,0,1.0,0.0,0.0,,,,,,0.4666666666666667,beat rr=rr_long delta=delta_down member=<num>,generic
225,66,14626,14850,225,225,0,0,1.0,0.0,0.0,,,,,,0.44,beat rr=rr_long delta=delta_down member=<num>,generic
225,67,14851,15075,225,225,0,0,1.0,0.0,0.0,,,,,,0.4488888888888889,beat rr=rr_long delta=delta_down member=<num>,generic
225,68,15076,15300,225,225,0,0,1.0,0.0,0.0,,,,,,0.48444444444444446,beat rr=rr_long delta=delta_down member=<num>,generic
225,69,15301,15525,225,225,0,0,1.0,0.0,0.0,,,,,,0.48444444444444446,beat rr=rr_long delta=delta_down member=<num>,generic
225,70,15526,15750,225,225,0,0,1.0,0.0,0.0,,,,,,0.4533333333333333,beat rr=rr_long delta=delta_down member=<num>,generic
225,71,15751,15975,225,225,0,0,1.0,0.0,0.0,,,,,,0.4888888888888889,beat rr=rr_long delta=delta_down member=<num>,generic
225,72,15976,16200,225,225,0,0,1.0,0.0,0.0,,,,,,0.4577777777777778,beat rr=rr_long delta=delta_down member=<num>,generic
225,73,16201,16425,225,225,0,0,1.0,0.0,0.0,,,,,,0.49333333333333335,beat rr=rr_long delta=delta_down member=<num>,generic
225,74,16426,16650,225,225,0,0,1.0,0.0,0.0,,,,,,0.4666666666666667,beat rr=rr_long delta=delta_down member=<num>,generic
225,75,16651,16875,225,225,0,0,1.0,0.0,0.0,,,,,,0.47555555555555556,beat rr=rr_long delta=delta_down member=<num>,generic
225,76,16876,17100,225,225,0,0,1.0,0.0,0.0,,,,,,0.4444444444444444,beat rr=rr_long delta=delta_down member=<num>,generic
225,77,17101,17325,225,225,0,0,1.0,0.0,0.0,,,,,,0.40444444444444444,beat rr=rr_long delta=delta_down member=<num>,generic
225,78,17326,17550,225,225,0,0,1.0,0.0,0.0,,,,,,0.35555555555555557,beat rr=rr_long delta=delta_down member=<num>,generic
225,79,17551,17775,225,225,0,0,1.0,0.0,0.0,,,,,,0.39555555555555555,beat rr=rr_long delta=delta_down member=<num>,generic
225,80,17776,18000,225,225,0,0,1.0,0.0,0.0,,,,,,0.37333333333333335,beat rr=rr_long delta=delta_down member=<num>,generic
225,81,18001,18225,225,225,0,0,1.0,0.0,0.0,,,,,,0.4266666666666667,beat rr=rr_long delta=delta_down member=<num>,generic
225,82,18226,18450,225,225,0,0,1.0,0.0,0.0,,,,,,0.37333333333333335,beat rr=rr_long delta=delta_down member=<num>,generic
225,83,18451,18675,225,225,0,0,1.0,0.0,0.0,,,,,,0.40444444444444444,beat rr=rr_long delta=delta_up member=<num>,generic
225,84,18676,18900,225,225,0,0,1.0,0.0,0.0,,,,,,0.4222222222222222,beat rr=rr_long delta=delta_down member=<num>,generic
225,85,18901,19125,225,225,0,0,1.0,0.0,0.0,,,,,,0.4222222222222222,beat rr=rr_long delta=delta_down member=<num>,generic
225,86,19126,19350,225,225,0,0,1.0,0.0,0.0,,,,,,0.5155555555555555,beat rr=rr_long delta=delta_down member=<num>,generic
225,87,19351,19575,225,225,0,0,1.0,0.0,0.0,,,,,,0.47555555555555556,beat rr=rr_long delta=delta_down member=<num>,generic
225,88,19576,19800,225,225,0,0,1.0,0.0,0.0,,,,,,0.4,beat rr=rr_long delta=delta_up member=<num>,generic
225,89,19801,20025,225,225,0,0,1.0,0.0,0.0,,,,,,0.4177777777777778,beat rr=rr_long delta=delta_down member=<num>,generic
225,90,20026,20250,225,225,0,0,1.0,0.0,0.0,,,,,,0.4,beat rr=rr_long delta=delta_down member=<num>,generic
225,91,20251,20475,225,225,0,0,1.0,0.0,0.0,,,,,,0.4488888888888889,beat rr=rr_long delta=delta_down member=<num>,generic
225,92,20476,20700,225,225,0,0,1.0,0.0,0.0,,,,,,0.4177777777777778,beat rr=rr_long delta=delta_down member=<num>,generic
225,93,20701,20925,225,225,0,0,1.0,0.0,0.0,,,,,,0.4533333333333333,beat rr=rr_long delta=delta_down member=<num>,generic
225,94,20926,21150,225,225,0,0,1.0,0.0,0.0,,,,,,0.4488888888888889,beat rr=rr_long delta=delta_down member=<num>,generic
225,95,21151,21375,225,225,0,0,1.0,0.0,0.0,,,,,,0.44,beat rr=rr_long delta=delta_down member=<num>,generic
225,96,21376,21600,225,225,0,0,1.0,0.0,0.0,,,,,,0.4444444444444444,beat rr=rr_long delta=delta_down member=<num>,generic
225,97,21601,21825,225,225,0,0,1.0,0.0,0.0,,,,,,0.44,beat rr=rr_long delta=delta_down member=<num>,generic
225,98,21826,22050,225,225,0,0,1.0,0.0,0.0,,,,,,0.4177777777777778,beat rr=rr_long delta=delta_down member=<num>,generic
225,99,22051,22275,225,225,0,0,1.0,0.0,0.0,,,,,,0.4177777777777778,beat rr=rr_long delta=delta_down member=<num>,generic
225,100,22276,22500,225,225,0,0,1.0,0.0,0.0,,,,,,0.44,beat rr=rr_long delta=delta_down member=<num>,generic
225,101,22501,22725,225,225,0,0,1.0,0.0,0.0,,,,,,0.4711111111111111,beat rr=rr_long delta=delta_down member=<num>,generic
225,102,22726,22950,225,225,0,0,1.0,0.0,0.0,,,,,,0.4222222222222222,beat rr=rr_long delta=delta_down member=<num>,generic
225,103,22951,23175,225,224,0,1,0.9955555555555555,0.0,0.0044444444444444444,,,,,,0.4577777777777778,beat rr=rr_long delta=delta_down member=<num>,generic
225,104,23176,23400,225,225,0,0,1.0,0.0,0.0,,,,,,0.4888888888888889,beat rr=rr_long delta=delta_down member=<num>,generic
225,105,23401,23625,225,225,0,0,1.0,0.0,0.0,,,,,,0.5288888888888889,beat rr=rr_long delta=delta_down member=<num>,generic
225,106,23626,23850,225,225,0,0,1.0,0.0,0.0,,,,,,0.44,beat rr=rr_long delta=delta_down member=<num>,generic
225,107,23851,24075,225,225,0,0,1.0,0.0,0.0,,,,,,0.40444444444444444,beat rr=rr_long delta=delta_up member=<num>,generic
225,108,24076,24300,225,225,0,0,1.0,0.0,0.0,,,,,,0.4177777777777778,beat rr=rr_long delta=delta_down member=<num>,generic
225,109,24301,24525,225,225,0,0,1.0,0.0,0.0,,,,,,0.40444444444444444,beat rr=rr_long delta=delta_down member=<num>,generic
225,110,24526,24750,225,225,0,0,1.0,0.0,0.0,,,,,,0.43555555555555553,beat rr=rr_long delta=delta_down member=<num>,generic
225,111,24751,24975,225,225,0,0,1.0,0.0,0.0,,,,,,0.4088888888888889,beat rr=rr_long delta=delta_down member=<num>,generic
225,112,24976,25200,225,225,0,0,1.0,0.0,0.0,,,,,,0.40444444444444444,beat rr=rr_long delta=delta_down member=<num>,generic
225,113,25201,25425,225,225,0,0,1.0,0.0,0.0,,,,,,0.43555555555555553,beat rr=rr_long delta=delta_down member=<num>,generic
225,114,25426,25650,225,225,0,0,1.0,0.0,0.0,,,,,,0.4488888888888889,beat rr=rr_long delta=delta_down member=<num>,generic
225,115,25651,25875,225,225,0,0,1.0,0.0,0.0,,,,,,0.4488888888888889,beat rr=rr_long delta=delta_down member=<num>,generic
225,116,25876,26100,225,225,0,0,1.0,0.0,0.0,,,,,,0.49777777777777776,beat rr=rr_long delta=delta_down member=<num>,generic
225,117,26101,26325,225,225,0,0,1.0,0.0,0.0,,,,,,0.5066666666666667,beat rr=rr_long delta=delta_down member=<num>,generic
225,118,26326,26550,225,225,0,0,1.0,0.0,0.0,,,,,,0.4533333333333333,beat rr=rr_long delta=delta_down member=<num>,generic
225,119,26551,26775,225,225,0,0,1.0,0.0,0.0,,,,,,0.4622222222222222,beat rr=rr_long delta=delta_down member=<num>,generic
225,120,26776,27000,225,225,0,0,1.0,0.0,0.0,,,,,,0.4488888888888889,beat rr=rr_long delta=delta_down member=<num>,generic
225,121,27001,27225,225,225,0,0,1.0,0.0,0.0,,,,,,0.4488888888888889,beat rr=rr_long delta=delta_down member=<num>,generic
225,122,27226,27450,225,225,0,0,1.0,0.0,0.0,,,,,,0.5288888888888889,beat rr=rr_long delta=delta_down member=<num>,generic
225,123,27451,27675,225,225,0,0,1.0,0.0,0.0,,,,,,0.4622222222222222,beat rr=rr_long delta=delta_down member=<num>,generic
225,124,27676,27900,225,225,0,0,1.0,0.0,0.0,,,,,,0.4444444444444444,beat rr=rr_long delta=delta_down member=<num>,generic
225,125,27901,28125,225,225,0,0,1.0,0.0,0.0,,,,,,0.5066666666666667,beat rr=rr_long delta=delta_down member=<num>,generic
225,126,28126,28350,225,225,0,0,1.0,0.0,0.0,,,,,,0.4666666666666667,beat rr=rr_long delta=delta_down member=<num>,generic
225,127,28351,28575,225,225,0,0,1.0,0.0,0.0,,,,,,0.44,beat rr=rr_long delta=delta_down member=<num>,generic
225,128,28576,28800,225,225,0,0,1.0,0.0,0.0,,,,,,0.4177777777777778,beat rr=rr_long delta=delta_down member=<num>,generic
225,129,28801,29025,225,225,0,0,1.0,0.0,0.0,,,,,,0.43555555555555553,beat rr=rr_long delta=delta_down member=<num>,generic
225,130,29026,29250,225,225,0,0,1.0,0.0,0.0,,,,,,0.4444444444444444,beat rr=rr_long delta=delta_down member=<num>,generic
225,131,29251,29475,225,225,0,0,1.0,0.0,0.0,,,,,,0.39111111111111113,beat rr=rr_long delta=delta_down member=<num>,generic
225,132,29476,29700,225,225,0,0,1.0,0.0,0.0,,,,,,0.4266666666666667,beat rr=rr_long delta=delta_down member=<num>,generic
225,133,29701,29925,225,225,0,0,1.0,0.0,0.0,,,,,,0.49333333333333335,beat rr=rr_long delta=delta_down member=<num>,generic
225,134,29926,30150,225,225,0,0,1.0,0.0,0.0,,,,,,0.5244444444444445,beat rr=rr_long delta=delta_down member=<num>,generic
225,135,30151,30375,225,225,0,0,1.0,0.0,0.0,,,,,,0.5377777777777778,beat rr=rr_long delta=delta_down member=<num>,generic
225,136,30376,30600,225,225,0,0,1.0,0.0,0.0,,,,,,0.4622222222222222,beat rr=rr_long delta=delta_down member=<num>,generic
225,137,30601,30825,225,225,0,0,1.0,0.0,0.0,,,,,,0.5333333333333333,beat rr=rr_long delta=delta_down member=<num>,generic
225,138,30826,31050,225,225,0,0,1.0,0.0,0.0,,,,,,0.4622222222222222,beat rr=rr_long delta=delta_down member=<num>,generic
225,139,31051,31275,225,225,0,0,1.0,0.0,0.0,,,,,,0.49333333333333335,beat rr=rr_long delta=delta_down member=<num>,generic
225,140,31276,31500,225,225,0,0,1.0,0.0,0.0,,,,,,0.5333333333333333,beat rr=rr_long delta=delta_down member=<num>,generic
225,141,31501,31725,225,225,0,0,1.0,0.0,0.0,,,,,,0.4488888888888889,beat rr=rr_long delta=delta_down member=<num>,generic
225,142,31726,31950,225,225,0,0,1.0,0.0,0.0,,,,,,0.4711111111111111,beat rr=rr_long delta=delta_down member=<num>,generic
225,143,31951,32175,225,225,0,0,1.0,0.0,0.0,,,,,,0.48,beat rr=rr_long delta=delta_down member=<num>,generic
225,144,32176,32400,225,225,0,0,1.0,0.0,0.0,,,,,,0.4533333333333333,beat rr=rr_long delta=delta_down member=<num>,generic
225,145,32401,32625,225,225,0,0,1.0,0.0,0.0,,,,,,0.43555555555555553,beat rr=rr_long delta=delta_down member=<num>,generic
225,146,32626,32850,225,225,0,0,1.0,0.0,0.0,,,,,,0.48,beat rr=rr_long delta=delta_down member=<num>,generic
225,147,32851,33075,225,225,0,0,1.0,0.0,0.0,,,,,,0.4711111111111111,beat rr=rr_long delta=delta_down member=<num>,generic
225,148,33076,33300,225,225,0,0,1.0,0.0,0.0,,,,,,0.49333333333333335,beat rr=rr_long delta=delta_down member=<num>,generic
225,149,33301,33525,225,225,0,0,1.0,0.0,0.0,,,,,,0.4666666666666667,beat rr=rr_long delta=delta_down member=<num>,generic
225,150,33526,33750,225,225,0,0,1.0,0.0,0.0,,,,,,0.48444444444444446,beat rr=rr_long delta=delta_down member=<num>,generic
225,151,33751,33975,225,225,0,0,1.0,0.0,0.0,,,,,,0.49777777777777776,beat rr=rr_long delta=delta_down member=<num>,generic
225,152,33976,34200,225,225,0,0,1.0,0.0,0.0,,,,,,0.49333333333333335,beat rr=rr_long delta=delta_down member=<num>,generic
225,153,34201,34425,225,225,0,0,1.0,0.0,0.0,,,,,,0.4888888888888889,beat rr=rr_long delta=delta_down member=<num>,generic
225,154,34426,34650,225,225,0,0,1.0,0.0,0.0,,,,,,0.4488888888888889,beat rr=rr_long delta=delta_down member=<num>,generic
225,155,34651,34875,225,225,0,0,1.0,0.0,0.0,,,,,,0.4888888888888889,beat rr=rr_long delta=delta_down member=<num>,generic
225,156,34876,35100,225,225,0,0,1.0,0.0,0.0,,,,,,0.47555555555555556,beat rr=rr_long delta=delta_down member=<num>,generic
225,157,35101,35325,225,225,0,0,1.0,0.0,0.0,,,,,,0.4888888888888889,beat rr=rr_long delta=delta_down member=<num>,generic
225,158,35326,35550,225,225,0,0,1.0,0.0,0.0,,,,,,0.4222222222222222,beat rr=rr_long delta=delta_down member=<num>,generic
225,159,35551,35775,225,225,0,0,1.0,0.0,0.0,,,,,,0.49333333333333335,beat rr=rr_long delta=delta_down member=<num>,generic
225,160,35776,36000,225,225,0,0,1.0,0.0,0.0,,,,,,0.4266666666666667,beat rr=rr_long delta=delta_down member=<num>,generic
225,161,36001,36225,225,225,0,0,1.0,0.0,0.0,,,,,,0.4711111111111111,beat rr=rr_long delta=delta_down member=<num>,generic
225,162,36226,36450,225,225,0,0,1.0,0.0,0.0,,,,,,0.4266666666666667,beat rr=rr_long delta=delta_down member=<num>,generic
225,163,36451,36675,225,225,0,0,1.0,0.0,0.0,,,,,,0.43555555555555553,beat rr=rr_long delta=delta_down member=<num>,generic
225,164,36676,36900,225,225,0,0,1.0,0.0,0.0,,,,,,0.4666666666666667,beat rr=rr_long delta=delta_down member=<num>,generic
225,165,36901,37125,225,225,0,0,1.0,0.0,0.0,,,,,,0.43555555555555553,beat rr=rr_long delta=delta_down member=<num>,generic
225,166,37126,37350,225,225,0,0,1.0,0.0,0.0,,,,,,0.44,beat rr=rr_long delta=delta_down member=<num>,generic
225,167,37351,37575,225,225,0,0,1.0,0.0,0.0,,,,,,0.4488888888888889,beat rr=rr_long delta=delta_down member=<num>,generic
225,168,37576,37800,225,225,0,0,1.0,0.0,0.0,,,,,,0.4444444444444444,beat rr=rr_long delta=delta_down member=<num>,generic
225,169,37801,38025,225,225,0,0,1.0,0.0,0.0,,,,,,0.5066666666666667,beat rr=rr_long delta=delta_down member=<num>,generic
225,170,38026,38250,225,225,0,0,1.0,0.0,0.0,,,,,,0.47555555555555556,beat rr=rr_long delta=delta_down member=<num>,generic
225,171,38251,38475,225,225,0,0,1.0,0.0,0.0,,,,,,0.4533333333333333,beat rr=rr_long delta=delta_down member=<num>,generic
225,172,38476,38700,225,225,0,0,1.0,0.0,0.0,,,,,,0.4444444444444444,beat rr=rr_long delta=delta_up member=<num>,generic
225,173,38701,38925,225,225,0,0,1.0,0.0,0.0,,,,,,0.4444444444444444,beat rr=rr_long delta=delta_down member=<num>,generic
225,174,38926,39150,225,225,0,0,1.0,0.0,0.0,,,,,,0.4622222222222222,beat rr=rr_long delta=delta_up member=<num>,generic
225,175,39151,39375,225,225,0,0,1.0,0.0,0.0,,,,,,0.41333333333333333,beat rr=rr_long delta=delta_down member=<num>,generic
225,176,39376,39600,225,225,0,0,1.0,0.0,0.0,,,,,,0.43555555555555553,beat rr=rr_long delta=delta_down member=<num>,generic
225,177,39601,39825,225,225,0,0,1.0,0.0,0.0,,,,,,0.4311111111111111,beat rr=rr_long delta=delta_down member=<num>,generic
225,178,39826,40050,225,225,0,0,1.0,0.0,0.0,,,,,,0.41333333333333333,beat rr=rr_long delta=delta_down member=<num>,generic
225,179,40051,40275,225,225,0,0,1.0,0.0,0.0,,,,,,0.41333333333333333,beat rr=rr_long delta=delta_down member=<num>,generic
225,180,40276,40500,225,225,0,0,1.0,0.0,0.0,,,,,,0.4488888888888889,beat rr=rr_long delta=delta_down member=<num>,generic
225,181,40501,40725,225,225,0,0,1.0,0.0,0.0,,,,,,0.43555555555555553,beat rr=rr_long delta=delta_up member=<num>,generic
225,182,40726,40950,225,225,0,0,1.0,0.0,0.0,,,,,,0.44,beat rr=rr_long delta=delta_down member=<num>,generic
225,183,40951,41175,225,225,0,0,1.0,0.0,0.0,,,,,,0.4177777777777778,beat rr=rr_long delta=delta_down member=<num>,generic
225,184,41176,41400,225,224,0,1,0.9955555555555555,0.0,0.0044444444444444444,,,,,,0.4266666666666667,beat rr=rr_long delta=delta_up member=<num>,generic
225,185,41401,41625,225,225,0,0,1.0,0.0,0.0,,,,,,0.4622222222222222,beat rr=rr_long delta=delta_down member=<num>,generic
225,186,41626,41850,225,225,0,0,1.0,0.0,0.0,,,,,,0.4177777777777778,beat rr=rr_long delta=delta_down member=<num>,generic
225,187,41851,42075,225,225,0,0,1.0,0.0,0.0,,,,,,0.4177777777777778,beat rr=rr_long delta=delta_down member=<num>,generic
225,188,42076,42300,225,225,0,0,1.0,0.0,0.0,,,,,,0.44,beat rr=rr_long delta=delta_down member=<num>,generic
225,189,42301,42525,225,225,0,0,1.0,0.0,0.0,,,,,,0.4577777777777778,beat rr=rr_long delta=delta_down member=<num>,generic
225,190,42526,42750,225,225,0,0,1.0,0.0,0.0,,,,,,0.4488888888888889,beat rr=rr_long delta=delta_down member=<num>,generic
225,191,42751,42975,225,225,0,0,1.0,0.0,0.0,,,,,,0.4622222222222222,beat rr=rr_long delta=delta_down member=<num>,generic
225,192,42976,43200,225,225,0,0,1.0,0.0,0.0,,,,,,0.5288888888888889,beat rr=rr_long delta=delta_down member=<num>,generic
225,193,43201,43425,225,225,0,0,1.0,0.0,0.0,,,,,,0.4177777777777778,beat rr=rr_long delta=delta_down member=<num>,generic
225,194,43426,43650,225,225,0,0,1.0,0.0,0.0,,,,,,0.3688888888888889,beat rr=rr_long delta=delta_down member=<num>,generic
225,195,43651,43875,225,225,0,0,1.0,0.0,0.0,,,,,,0.4622222222222222,beat rr=rr_long delta=delta_down member=<num>,generic
225,196,43876,44100,225,225,0,0,1.0,0.0,0.0,,,,,,0.4488888888888889,beat rr=rr_long delta=delta_up member=<num>,generic
225,197,44101,44325,225,225,0,0,1.0,0.0,0.0,,,,,,0.43555555555555553,beat rr=rr_long delta=delta_down member=<num>,generic
225,198,44326,44550,225,225,0,0,1.0,0.0,0.0,,,,,,0.39555555555555555,beat rr=rr_long delta=delta_down member=<num>,generic
225,199,44551,44775,225,225,0,0,1.0,0.0,0.0,,,,,,0.4266666666666667,beat rr=rr_long delta=delta_down member=<num>,generic
225,200,44776,45000,225,225,0,0,1.0,0.0,0.0,,,,,,0.4,beat rr=rr_long delta=delta_down member=<num>,generic
225,201,45001,45225,225,225,0,0,1.0,0.0,0.0,,,,,,0.38222222222222224,beat rr=rr_long delta=delta_down member=<num>,generic
225,202,45226,45450,225,225,0,0,1.0,0.0,0.0,,,,,,0.4666666666666667,beat rr=rr_long delta=delta_down member=<num>,generic
225,203,45451,45675,225,225,0,0,1.0,0.0,0.0,,,,,,0.4222222222222222,beat rr=rr_long delta=delta_down member=<num>,generic
225,204,45676,45900,225,225,0,0,1.0,0.0,0.0,,,,,,0.4222222222222222,beat rr=rr_long delta=delta_down member=<num>,generic
225,205,45901,46125,225,225,0,0,1.0,0.0,0.0,,,,,,0.48,beat rr=rr_long delta=delta_down member=<num>,generic
225,206,46126,46350,225,225,0,0,1.0,0.0,0.0,,,,,,0.4444444444444444,beat rr=rr_long delta=delta_down member=<num>,generic
225,207,46351,46575,225,225,0,0,1.0,0.0,0.0,,,,,,0.4222222222222222,beat rr=rr_long delta=delta_down member=<num>,generic
225,208,46576,46800,225,225,0,0,1.0,0.0,0.0,,,,,,0.41333333333333333,beat rr=rr_long delta=delta_down member=<num>,generic
225,209,46801,47025,225,225,0,0,1.0,0.0,0.0,,,,,,0.43555555555555553,beat rr=rr_long delta=delta_down member=<num>,generic
225,210,47026,47250,225,225,0,0,1.0,0.0,0.0,,,,,,0.4533333333333333,beat rr=rr_long delta=delta_down member=<num>,generic
225,211,47251,47475,225,225,0,0,1.0,0.0,0.0,,,,,,0.44,beat rr=rr_long delta=delta_down member=<num>,generic
225,212,47476,47700,225,225,0,0,1.0,0.0,0.0,,,,,,0.44,beat rr=rr_long delta=delta_down member=<num>,generic
225,213,47701,47925,225,225,0,0,1.0,0.0,0.0,,,,,,0.48,beat rr=rr_long delta=delta_down member=<num>,generic
225,214,47926,48150,225,225,0,0,1.0,0.0,0.0,,,,,,0.4311111111111111,beat rr=rr_long delta=delta_up member=<num>,generic
225,215,48151,48375,225,225,0,0,1.0,0.0,0.0,,,,,,0.44,beat rr=rr_long delta=delta_down member=<num>,generic
225,216,48376,48600,225,225,0,0,1.0,0.0,0.0,,,,,,0.5422222222222223,beat rr=rr_long delta=delta_down member=<num>,generic
225,217,48601,48825,225,225,0,0,1.0,0.0,0.0,,,,,,0.44,beat rr=rr_long delta=delta_down member=<num>,generic
225,218,48826,49050,225,225,0,0,1.0,0.0,0.0,,,,,,0.4711111111111111,beat rr=rr_long delta=delta_down member=<num>,generic
225,219,49051,49275,225,225,0,0,1.0,0.0,0.0,,,,,,0.4577777777777778,beat rr=rr_long delta=delta_down member=<num>,generic
225,220,49276,49500,225,225,0,0,1.0,0.0,0.0,,,,,,0.52,beat rr=rr_long delta=delta_down member=<num>,generic
225,221,49501,49725,225,225,0,0,1.0,0.0,0.0,,,,,,0.48,beat rr=rr_long delta=delta_down member=<num>,generic
225,222,49726,49950,225,225,0,0,1.0,0.0,0.0,,,,,,0.48444444444444446,beat rr=rr_long delta=delta_down member=<num>,generic
225,223,49951,50000,50,50,0,0,1.0,0.0,0.0,,,,,,0.5,beat rr=rr_long delta=delta_down member=<num>,generic
250,1,1,250,250,250,0,0,1.0,0.0,0.0,,,,,,0.424,beat rr=rr_long delta=delta_down member=<num>,generic
250,2,251,500,250,250,0,0,1.0,0.0,0.0,,,,,,0.348,beat rr=rr_long delta=delta_down member=<num>,generic
250,3,501,750,250,250,0,0,1.0,0.0,0.0,,,,,,0.376,beat rr=rr_long delta=delta_flat member=<num>,generic
250,4,751,1000,250,250,0,0,1.0,0.0,0.0,,,,,,0.412,beat rr=rr_long delta=delta_flat member=<num>,generic
250,5,1001,1250,250,250,0,0,1.0,0.0,0.0,,,,,,0.44,beat rr=rr_long delta=delta_down member=<num>,generic
250,6,1251,1500,250,250,0,0,1.0,0.0,0.0,,,,,,0.444,beat rr=rr_long delta=delta_down member=<num>,generic
250,7,1501,1750,250,250,0,0,1.0,0.0,0.0,,,,,,0.404,beat rr=rr_long delta=delta_up member=<num>,generic
250,8,1751,2000,250,250,0,0,1.0,0.0,0.0,,,,,,0.388,beat rr=rr_long delta=delta_up member=<num>,generic
250,9,2001,2250,250,250,0,0,1.0,0.0,0.0,,,,,,0.404,beat rr=rr_long delta=delta_down member=<num>,generic
250,10,2251,2500,250,250,0,0,1.0,0.0,0.0,,,,,,0.456,beat rr=rr_long delta=delta_down member=<num>,generic
250,11,2501,2750,250,250,0,0,1.0,0.0,0.0,,,,,,0.416,beat rr=rr_long delta=delta_up member=<num>,generic
250,12,2751,3000,250,250,0,0,1.0,0.0,0.0,,,,,,0.424,beat rr=rr_long delta=delta_down member=<num>,generic
250,13,3001,3250,250,250,0,0,1.0,0.0,0.0,,,,,,0.416,beat rr=rr_long delta=delta_down member=<num>,generic
250,14,3251,3500,250,250,0,0,1.0,0.0,0.0,,,,,,0.436,beat rr=rr_long delta=delta_down member=<num>,generic
250,15,3501,3750,250,250,0,0,1.0,0.0,0.0,,,,,,0.456,beat rr=rr_long delta=delta_down member=<num>,generic
250,16,3751,4000,250,250,0,0,1.0,0.0,0.0,,,,,,0.476,beat rr=rr_long delta=delta_down member=<num>,generic
250,17,4001,4250,250,250,0,0,1.0,0.0,0.0,,,,,,0.424,beat rr=rr_long delta=delta_flat member=<num>,generic
250,18,4251,4500,250,250,0,0,1.0,0.0,0.0,,,,,,0.496,beat rr=rr_long delta=delta_down member=<num>,generic
250,19,4501,4750,250,250,0,0,1.0,0.0,0.0,,,,,,0.504,beat rr=rr_long delta=delta_down member=<num>,generic
250,20,4751,5000,250,250,0,0,1.0,0.0,0.0,,,,,,0.504,beat rr=rr_long delta=delta_down member=<num>,generic
250,21,5001,5250,250,250,0,0,1.0,0.0,0.0,,,,,,0.448,beat rr=rr_long delta=delta_down member=<num>,generic
250,22,5251,5500,250,250,0,0,1.0,0.0,0.0,,,,,,0.456,beat rr=rr_long delta=delta_down member=<num>,generic
250,23,5501,5750,250,250,0,0,1.0,0.0,0.0,,,,,,0.46,beat rr=rr_long delta=delta_down member=<num>,generic
250,24,5751,6000,250,250,0,0,1.0,0.0,0.0,,,,,,0.5,beat rr=rr_long delta=delta_down member=<num>,generic
250,25,6001,6250,250,250,0,0,1.0,0.0,0.0,,,,,,0.468,beat rr=rr_long delta=delta_down member=<num>,generic
250,26,6251,6500,250,250,0,0,1.0,0.0,0.0,,,,,,0.42,beat rr=rr_long delta=delta_down member=<num>,generic
250,27,6501,6750,250,250,0,0,1.0,0.0,0.0,,,,,,0.464,beat rr=rr_long delta=delta_down member=<num>,generic
250,28,6751,7000,250,250,0,0,1.0,0.0,0.0,,,,,,0.432,beat rr=rr_long delta=delta_down member=<num>,generic
250,29,7001,7250,250,250,0,0,1.0,0.0,0.0,,,,,,0.448,beat rr=rr_long delta=delta_down member=<num>,generic
250,30,7251,7500,250,250,0,0,1.0,0.0,0.0,,,,,,0.448,beat rr=rr_long delta=delta_down member=<num>,generic
250,31,7501,7750,250,250,0,0,1.0,0.0,0.0,,,,,,0.48,beat rr=rr_long delta=delta_down member=<num>,generic
250,32,7751,8000,250,250,0,0,1.0,0.0,0.0,,,,,,0.412,beat rr=rr_long delta=delta_down member=<num>,generic
250,33,8001,8250,250,250,0,0,1.0,0.0,0.0,,,,,,0.436,beat rr=rr_long delta=delta_up member=<num>,generic
250,34,8251,8500,250,250,0,0,1.0,0.0,0.0,,,,,,0.456,beat rr=rr_long delta=delta_down member=<num>,generic
250,35,8501,8750,250,250,0,0,1.0,0.0,0.0,,,,,,0.42,beat rr=rr_long delta=delta_down member=<num>,generic
250,36,8751,9000,250,250,0,0,1.0,0.0,0.0,,,,,,0.412,beat rr=rr_long delta=delta_up member=<num>,generic
250,37,9001,9250,250,250,0,0,1.0,0.0,0.0,,,,,,0.412,beat rr=rr_long delta=delta_down member=<num>,generic
250,38,9251,9500,250,250,0,0,1.0,0.0,0.0,,,,,,0.428,beat rr=rr_long delta=delta_down member=<num>,generic
250,39,9501,9750,250,250,0,0,1.0,0.0,0.0,,,,,,0.432,beat rr=rr_long delta=delta_down member=<num>,generic
250,40,9751,10000,250,250,0,0,1.0,0.0,0.0,,,,,,0.436,beat rr=rr_long delta=delta_down member=<num>,generic
250,41,10001,10250,250,250,0,0,1.0,0.0,0.0,,,,,,0.412,beat rr=rr_long delta=delta_down member=<num>,generic
250,42,10251,10500,250,250,0,0,1.0,0.0,0.0,,,,,,0.424,beat rr=rr_long delta=delta_down member=<num>,generic
250,43,10501,10750,250,250,0,0,1.0,0.0,0.0,,,,,,0.46,beat rr=rr_long delta=delta_down member=<num>,generic
250,44,10751,11000,250,250,0,0,1.0,0.0,0.0,,,,,,0.432,beat rr=rr_long delta=delta_down member=<num>,generic
250,45,11001,11250,250,250,0,0,1.0,0.0,0.0,,,,,,0.472,beat rr=rr_long delta=delta_down member=<num>,generic
250,46,11251,11500,250,250,0,0,1.0,0.0,0.0,,,,,,0.452,beat rr=rr_long delta=delta_down member=<num>,generic
250,47,11501,11750,250,250,0,0,1.0,0.0,0.0,,,,,,0.404,beat rr=rr_long delta=delta_up member=<num>,generic
250,48,11751,12000,250,250,0,0,1.0,0.0,0.0,,,,,,0.424,beat rr=rr_long delta=delta_up member=<num>,generic
250,49,12001,12250,250,250,0,0,1.0,0.0,0.0,,,,,,0.444,beat rr=rr_long delta=delta_down member=<num>,generic
250,50,12251,12500,250,250,0,0,1.0,0.0,0.0,,,,,,0.46,beat rr=rr_long delta=delta_down member=<num>,generic
250,51,12501,12750,250,250,0,0,1.0,0.0,0.0,,,,,,0.436,beat rr=rr_long delta=delta_up member=<num>,generic
250,52,12751,13000,250,250,0,0,1.0,0.0,0.0,,,,,,0.428,beat rr=rr_long delta=delta_up member=<num>,generic
250,53,13001,13250,250,250,0,0,1.0,0.0,0.0,,,,,,0.448,beat rr=rr_long delta=delta_up member=<num>,generic
250,54,13251,13500,250,250,0,0,1.0,0.0,0.0,,,,,,0.428,beat rr=rr_long delta=delta_down member=<num>,generic
250,55,13501,13750,250,250,0,0,1.0,0.0,0.0,,,,,,0.492,beat rr=rr_long delta=delta_down member=<num>,generic
250,56,13751,14000,250,250,0,0,1.0,0.0,0.0,,,,,,0.44,beat rr=rr_long delta=delta_down member=<num>,generic
250,57,14001,14250,250,250,0,0,1.0,0.0,0.0,,,,,,0.456,beat rr=rr_long delta=delta_down member=<num>,generic
250,58,14251,14500,250,250,0,0,1.0,0.0,0.0,,,,,,0.432,beat rr=rr_long delta=delta_up member=<num>,generic
250,59,14501,14750,250,250,0,0,1.0,0.0,0.0,,,,,,0.46,beat rr=rr_long delta=delta_down member=<num>,generic
250,60,14751,15000,250,250,0,0,1.0,0.0,0.0,,,,,,0.456,beat rr=rr_long delta=delta_down member=<num>,generic
250,61,15001,15250,250,250,0,0,1.0,0.0,0.0,,,,,,0.448,beat rr=rr_long delta=delta_down member=<num>,generic
250,62,15251,15500,250,250,0,0,1.0,0.0,0.0,,,,,,0.484,beat rr=rr_long delta=delta_down member=<num>,generic
250,63,15501,15750,250,250,0,0,1.0,0.0,0.0,,,,,,0.472,beat rr=rr_long delta=delta_down member=<num>,generic
250,64,15751,16000,250,250,0,0,1.0,0.0,0.0,,,,,,0.48,beat rr=rr_long delta=delta_down member=<num>,generic
250,65,16001,16250,250,250,0,0,1.0,0.0,0.0,,,,,,0.44,beat rr=rr_long delta=delta_down member=<num>,generic
250,66,16251,16500,250,250,0,0,1.0,0.0,0.0,,,,,,0.52,beat rr=rr_long delta=delta_down member=<num>,generic
250,67,16501,16750,250,250,0,0,1.0,0.0,0.0,,,,,,0.472,beat rr=rr_long delta=delta_down member=<num>,generic
250,68,16751,17000,250,250,0,0,1.0,0.0,0.0,,,,,,0.464,beat rr=rr_long delta=delta_down member=<num>,generic
250,69,17001,17250,250,250,0,0,1.0,0.0,0.0,,,,,,0.412,beat rr=rr_long delta=delta_up member=<num>,generic
250,70,17251,17500,250,250,0,0,1.0,0.0,0.0,,,,,,0.364,beat rr=rr_long delta=delta_down member=<num>,generic
250,71,17501,17750,250,250,0,0,1.0,0.0,0.0,,,,,,0.396,beat rr=rr_long delta=delta_down member=<num>,generic
250,72,17751,18000,250,250,0,0,1.0,0.0,0.0,,,,,,0.38,beat rr=rr_long delta=delta_down member=<num>,generic
250,73,18001,18250,250,250,0,0,1.0,0.0,0.0,,,,,,0.428,beat rr=rr_long delta=delta_down member=<num>,generic
250,74,18251,18500,250,250,0,0,1.0,0.0,0.0,,,,,,0.352,beat rr=rr_long delta=delta_up member=<num>,generic
250,75,18501,18750,250,250,0,0,1.0,0.0,0.0,,,,,,0.42,beat rr=rr_long delta=delta_down member=<num>,generic
250,76,18751,19000,250,250,0,0,1.0,0.0,0.0,,,,,,0.408,beat rr=rr_long delta=delta_down member=<num>,generic
250,77,19001,19250,250,250,0,0,1.0,0.0,0.0,,,,,,0.516,beat rr=rr_long delta=delta_down member=<num>,generic
250,78,19251,19500,250,250,0,0,1.0,0.0,0.0,,,,,,0.472,beat rr=rr_long delta=delta_down member=<num>,generic
250,79,19501,19750,250,250,0,0,1.0,0.0,0.0,,,,,,0.38,beat rr=rr_long delta=delta_down member=<num>,generic
250,80,19751,20000,250,250,0,0,1.0,0.0,0.0,,,,,,0.42,beat rr=rr_long delta=delta_down member=<num>,generic
250,81,20001,20250,250,250,0,0,1.0,0.0,0.0,,,,,,0.388,beat rr=rr_long delta=delta_down member=<num>,generic
250,82,20251,20500,250,250,0,0,1.0,0.0,0.0,,,,,,0.444,beat rr=rr_long delta=delta_down member=<num>,generic
250,83,20501,20750,250,250,0,0,1.0,0.0,0.0,,,,,,0.44,beat rr=rr_long delta=delta_down member=<num>,generic
250,84,20751,21000,250,250,0,0,1.0,0.0,0.0,,,,,,0.464,beat rr=rr_long delta=delta_down member=<num>,generic
250,85,21001,21250,250,250,0,0,1.0,0.0,0.0,,,,,,0.428,beat rr=rr_long delta=delta_down member=<num>,generic
250,86,21251,21500,250,250,0,0,1.0,0.0,0.0,,,,,,0.428,beat rr=rr_long delta=delta_down member=<num>,generic
250,87,21501,21750,250,250,0,0,1.0,0.0,0.0,,,,,,0.436,beat rr=rr_long delta=delta_down member=<num>,generic
250,88,21751,22000,250,250,0,0,1.0,0.0,0.0,,,,,,0.42,beat rr=rr_long delta=delta_down member=<num>,generic
250,89,22001,22250,250,250,0,0,1.0,0.0,0.0,,,,,,0.416,beat rr=rr_long delta=delta_down member=<num>,generic
250,90,22251,22500,250,250,0,0,1.0,0.0,0.0,,,,,,0.456,beat rr=rr_long delta=delta_down member=<num>,generic
250,91,22501,22750,250,250,0,0,1.0,0.0,0.0,,,,,,0.464,beat rr=rr_long delta=delta_down member=<num>,generic
250,92,22751,23000,250,249,0,1,0.996,0.0,0.004,,,,,,0.436,beat rr=rr_long delta=delta_down member=<num>,generic
250,93,23001,23250,250,250,0,0,1.0,0.0,0.0,,,,,,0.452,beat rr=rr_long delta=delta_down member=<num>,generic
250,94,23251,23500,250,250,0,0,1.0,0.0,0.0,,,,,,0.516,beat rr=rr_long delta=delta_down member=<num>,generic
250,95,23501,23750,250,250,0,0,1.0,0.0,0.0,,,,,,0.476,beat rr=rr_long delta=delta_down member=<num>,generic
250,96,23751,24000,250,250,0,0,1.0,0.0,0.0,,,,,,0.416,beat rr=rr_long delta=delta_down member=<num>,generic
250,97,24001,24250,250,250,0,0,1.0,0.0,0.0,,,,,,0.408,beat rr=rr_long delta=delta_down member=<num>,generic
250,98,24251,24500,250,250,0,0,1.0,0.0,0.0,,,,,,0.396,beat rr=rr_long delta=delta_down member=<num>,generic
250,99,24501,24750,250,250,0,0,1.0,0.0,0.0,,,,,,0.436,beat rr=rr_long delta=delta_down member=<num>,generic
250,100,24751,25000,250,250,0,0,1.0,0.0,0.0,,,,,,0.42,beat rr=rr_long delta=delta_down member=<num>,generic
250,101,25001,25250,250,250,0,0,1.0,0.0,0.0,,,,,,0.396,beat rr=rr_long delta=delta_down member=<num>,generic
250,102,25251,25500,250,250,0,0,1.0,0.0,0.0,,,,,,0.46,beat rr=rr_long delta=delta_down member=<num>,generic
250,103,25501,25750,250,250,0,0,1.0,0.0,0.0,,,,,,0.412,beat rr=rr_long delta=delta_down member=<num>,generic
250,104,25751,26000,250,250,0,0,1.0,0.0,0.0,,,,,,0.492,beat rr=rr_long delta=delta_down member=<num>,generic
250,105,26001,26250,250,250,0,0,1.0,0.0,0.0,,,,,,0.512,beat rr=rr_long delta=delta_down member=<num>,generic
250,106,26251,26500,250,250,0,0,1.0,0.0,0.0,,,,,,0.456,beat rr=rr_long delta=delta_down member=<num>,generic
250,107,26501,26750,250,250,0,0,1.0,0.0,0.0,,,,,,0.476,beat rr=rr_long delta=delta_down member=<num>,generic
250,108,26751,27000,250,250,0,0,1.0,0.0,0.0,,,,,,0.44,beat rr=rr_long delta=delta_down member=<num>,generic
250,109,27001,27250,250,250,0,0,1.0,0.0,0.0,,,,,,0.464,beat rr=rr_long delta=delta_down member=<num>,generic
250,110,27251,27500,250,250,0,0,1.0,0.0,0.0,,,,,,0.512,beat rr=rr_long delta=delta_down member=<num>,generic
250,111,27501,27750,250,250,0,0,1.0,0.0,0.0,,,,,,0.428,beat rr=rr_long delta=delta_down member=<num>,generic
250,112,27751,28000,250,250,0,0,1.0,0.0,0.0,,,,,,0.508,beat rr=rr_long delta=delta_down member=<num>,generic
250,113,28001,28250,250,250,0,0,1.0,0.0,0.0,,,,,,0.46,beat rr=rr_long delta=delta_down member=<num>,generic
250,114,28251,28500,250,250,0,0,1.0,0.0,0.0,,,,,,0.46,beat rr=rr_long delta=delta_down member=<num>,generic
250,115,28501,28750,250,250,0,0,1.0,0.0,0.0,,,,,,0.44,beat rr=rr_long delta=delta_down member=<num>,generic
250,116,28751,29000,250,250,0,0,1.0,0.0,0.0,,,,,,0.42,beat rr=rr_long delta=delta_down member=<num>,generic
250,117,29001,29250,250,250,0,0,1.0,0.0,0.0,,,,,,0.444,beat rr=rr_long delta=delta_down member=<num>,generic
250,118,29251,29500,250,250,0,0,1.0,0.0,0.0,,,,,,0.388,beat rr=rr_long delta=delta_down member=<num>,generic
250,119,29501,29750,250,250,0,0,1.0,0.0,0.0,,,,,,0.448,beat rr=rr_long delta=delta_down member=<num>,generic
250,120,29751,30000,250,250,0,0,1.0,0.0,0.0,,,,,,0.524,beat rr=rr_long delta=delta_down member=<num>,generic
250,121,30001,30250,250,250,0,0,1.0,0.0,0.0,,,,,,0.476,beat rr=rr_long delta=delta_down member=<num>,generic
250,122,30251,30500,250,250,0,0,1.0,0.0,0.0,,,,,,0.528,beat rr=rr_long delta=delta_down member=<num>,generic
250,123,30501,30750,250,250,0,0,1.0,0.0,0.0,,,,,,0.504,beat rr=rr_long delta=delta_down member=<num>,generic
250,124,30751,31000,250,250,0,0,1.0,0.0,0.0,,,,,,0.476,beat rr=rr_long delta=delta_down member=<num>,generic
250,125,31001,31250,250,250,0,0,1.0,0.0,0.0,,,,,,0.508,beat rr=rr_long delta=delta_down member=<num>,generic
250,126,31251,31500,250,250,0,0,1.0,0.0,0.0,,,,,,0.52,beat rr=rr_long delta=delta_down member=<num>,generic
250,127,31501,31750,250,250,0,0,1.0,0.0,0.0,,,,,,0.444,beat rr=rr_long delta=delta_down member=<num>,generic
250,128,31751,32000,250,250,0,0,1.0,0.0,0.0,,,,,,0.476,beat rr=rr_long delta=delta_down member=<num>,generic
250,129,32001,32250,250,250,0,0,1.0,0.0,0.0,,,,,,0.452,beat rr=rr_long delta=delta_down member=<num>,generic
250,130,32251,32500,250,250,0,0,1.0,0.0,0.0,,,,,,0.476,beat rr=rr_long delta=delta_down member=<num>,generic
250,131,32501,32750,250,250,0,0,1.0,0.0,0.0,,,,,,0.44,beat rr=rr_long delta=delta_down member=<num>,generic
250,132,32751,33000,250,250,0,0,1.0,0.0,0.0,,,,,,0.5,beat rr=rr_long delta=delta_down member=<num>,generic
250,133,33001,33250,250,250,0,0,1.0,0.0,0.0,,,,,,0.476,beat rr=rr_long delta=delta_down member=<num>,generic
250,134,33251,33500,250,250,0,0,1.0,0.0,0.0,,,,,,0.476,beat rr=rr_long delta=delta_down member=<num>,generic
250,135,33501,33750,250,250,0,0,1.0,0.0,0.0,,,,,,0.476,beat rr=rr_long delta=delta_down member=<num>,generic
250,136,33751,34000,250,250,0,0,1.0,0.0,0.0,,,,,,0.5,beat rr=rr_long delta=delta_down member=<num>,generic
250,137,34001,34250,250,250,0,0,1.0,0.0,0.0,,,,,,0.492,beat rr=rr_long delta=delta_down member=<num>,generic
250,138,34251,34500,250,250,0,0,1.0,0.0,0.0,,,,,,0.472,beat rr=rr_long delta=delta_down member=<num>,generic
250,139,34501,34750,250,250,0,0,1.0,0.0,0.0,,,,,,0.492,beat rr=rr_long delta=delta_down member=<num>,generic
250,140,34751,35000,250,250,0,0,1.0,0.0,0.0,,,,,,0.464,beat rr=rr_long delta=delta_down member=<num>,generic
250,141,35001,35250,250,250,0,0,1.0,0.0,0.0,,,,,,0.488,beat rr=rr_long delta=delta_down member=<num>,generic
250,142,35251,35500,250,250,0,0,1.0,0.0,0.0,,,,,,0.448,beat rr=rr_long delta=delta_down member=<num>,generic
250,143,35501,35750,250,250,0,0,1.0,0.0,0.0,,,,,,0.464,beat rr=rr_long delta=delta_down member=<num>,generic
250,144,35751,36000,250,250,0,0,1.0,0.0,0.0,,,,,,0.432,beat rr=rr_long delta=delta_down member=<num>,generic
250,145,36001,36250,250,250,0,0,1.0,0.0,0.0,,,,,,0.468,beat rr=rr_long delta=delta_down member=<num>,generic
250,146,36251,36500,250,250,0,0,1.0,0.0,0.0,,,,,,0.424,beat rr=rr_long delta=delta_down member=<num>,generic
250,147,36501,36750,250,250,0,0,1.0,0.0,0.0,,,,,,0.46,beat rr=rr_long delta=delta_down member=<num>,generic
250,148,36751,37000,250,250,0,0,1.0,0.0,0.0,,,,,,0.436,beat rr=rr_long delta=delta_down member=<num>,generic
250,149,37001,37250,250,250,0,0,1.0,0.0,0.0,,,,,,0.424,beat rr=rr_long delta=delta_down member=<num>,generic
250,150,37251,37500,250,250,0,0,1.0,0.0,0.0,,,,,,0.48,beat rr=rr_long delta=delta_down member=<num>,generic
250,151,37501,37750,250,250,0,0,1.0,0.0,0.0,,,,,,0.424,beat rr=rr_long delta=delta_down member=<num>,generic
250,152,37751,38000,250,250,0,0,1.0,0.0,0.0,,,,,,0.496,beat rr=rr_long delta=delta_down member=<num>,generic
250,153,38001,38250,250,250,0,0,1.0,0.0,0.0,,,,,,0.484,beat rr=rr_long delta=delta_down member=<num>,generic
250,154,38251,38500,250,250,0,0,1.0,0.0,0.0,,,,,,0.46,beat rr=rr_long delta=delta_down member=<num>,generic
250,155,38501,38750,250,250,0,0,1.0,0.0,0.0,,,,,,0.456,beat rr=rr_long delta=delta_up member=<num>,generic
250,156,38751,39000,250,250,0,0,1.0,0.0,0.0,,,,,,0.452,beat rr=rr_long delta=delta_down member=<num>,generic
250,157,39001,39250,250,250,0,0,1.0,0.0,0.0,,,,,,0.452,beat rr=rr_long delta=delta_up member=<num>,generic
250,158,39251,39500,250,250,0,0,1.0,0.0,0.0,,,,,,0.416,beat rr=rr_long delta=delta_down member=<num>,generic
250,159,39501,39750,250,250,0,0,1.0,0.0,0.0,,,,,,0.456,beat rr=rr_long delta=delta_down member=<num>,generic
250,160,39751,40000,250,250,0,0,1.0,0.0,0.0,,,,,,0.412,beat rr=rr_long delta=delta_down member=<num>,generic
250,161,40001,40250,250,250,0,0,1.0,0.0,0.0,,,,,,0.4,beat rr=rr_long delta=delta_down member=<num>,generic
250,162,40251,40500,250,250,0,0,1.0,0.0,0.0,,,,,,0.448,beat rr=rr_long delta=delta_down member=<num>,generic
250,163,40501,40750,250,250,0,0,1.0,0.0,0.0,,,,,,0.42,beat rr=rr_long delta=delta_up member=<num>,generic
250,164,40751,41000,250,250,0,0,1.0,0.0,0.0,,,,,,0.452,beat rr=rr_long delta=delta_down member=<num>,generic
250,165,41001,41250,250,250,0,0,1.0,0.0,0.0,,,,,,0.428,beat rr=rr_long delta=delta_up member=<num>,generic
250,166,41251,41500,250,249,0,1,0.996,0.0,0.004,,,,,,0.464,beat rr=rr_long delta=delta_down member=<num>,generic
250,167,41501,41750,250,250,0,0,1.0,0.0,0.0,,,,,,0.42,beat rr=rr_long delta=delta_down member=<num>,generic
250,168,41751,42000,250,250,0,0,1.0,0.0,0.0,,,,,,0.432,beat rr=rr_long delta=delta_down member=<num>,generic
250,169,42001,42250,250,250,0,0,1.0,0.0,0.0,,,,,,0.416,beat rr=rr_long delta=delta_down member=<num>,generic
250,170,42251,42500,250,250,0,0,1.0,0.0,0.0,,,,,,0.456,beat rr=rr_long delta=delta_down member=<num>,generic
250,171,42501,42750,250,250,0,0,1.0,0.0,0.0,,,,,,0.464,beat rr=rr_long delta=delta_down member=<num>,generic
250,172,42751,43000,250,250,0,0,1.0,0.0,0.0,,,,,,0.468,beat rr=rr_long delta=delta_down member=<num>,generic
250,173,43001,43250,250,250,0,0,1.0,0.0,0.0,,,,,,0.5,beat rr=rr_long delta=delta_down member=<num>,generic
250,174,43251,43500,250,250,0,0,1.0,0.0,0.0,,,,,,0.388,beat rr=rr_long delta=delta_down member=<num>,generic
250,175,43501,43750,250,250,0,0,1.0,0.0,0.0,,,,,,0.412,beat rr=rr_long delta=delta_down member=<num>,generic
250,176,43751,44000,250,250,0,0,1.0,0.0,0.0,,,,,,0.48,beat rr=rr_long delta=delta_down member=<num>,generic
250,177,44001,44250,250,250,0,0,1.0,0.0,0.0,,,,,,0.412,beat rr=rr_long delta=delta_down member=<num>,generic
250,178,44251,44500,250,250,0,0,1.0,0.0,0.0,,,,,,0.396,beat rr=rr_long delta=delta_down member=<num>,generic
250,179,44501,44750,250,250,0,0,1.0,0.0,0.0,,,,,,0.44,beat rr=rr_long delta=delta_down member=<num>,generic
250,180,44751,45000,250,250,0,0,1.0,0.0,0.0,,,,,,0.396,beat rr=rr_long delta=delta_down member=<num>,generic
250,181,45001,45250,250,250,0,0,1.0,0.0,0.0,,,,,,0.384,beat rr=rr_long delta=delta_down member=<num>,generic
250,182,45251,45500,250,250,0,0,1.0,0.0,0.0,,,,,,0.46,beat rr=rr_long delta=delta_down member=<num>,generic
250,183,45501,45750,250,250,0,0,1.0,0.0,0.0,,,,,,0.432,beat rr=rr_long delta=delta_down member=<num>,generic
250,184,45751,46000,250,250,0,0,1.0,0.0,0.0,,,,,,0.44,beat rr=rr_long delta=delta_down member=<num>,generic
250,185,46001,46250,250,250,0,0,1.0,0.0,0.0,,,,,,0.464,beat rr=rr_long delta=delta_down member=<num>,generic
250,186,46251,46500,250,250,0,0,1.0,0.0,0.0,,,,,,0.432,beat rr=rr_long delta=delta_down member=<num>,generic
250,187,46501,46750,250,250,0,0,1.0,0.0,0.0,,,,,,0.416,beat rr=rr_long delta=delta_down member=<num>,generic
250,188,46751,47000,250,250,0,0,1.0,0.0,0.0,,,,,,0.428,beat rr=rr_long delta=delta_down member=<num>,generic
250,189,47001,47250,250,250,0,0,1.0,0.0,0.0,,,,,,0.452,beat rr=rr_long delta=delta_down member=<num>,generic
250,190,47251,47500,250,250,0,0,1.0,0.0,0.0,,,,,,0.428,beat rr=rr_long delta=delta_down member=<num>,generic
250,191,47501,47750,250,250,0,0,1.0,0.0,0.0,,,,,,0.452,beat rr=rr_long delta=delta_down member=<num>,generic
250,192,47751,48000,250,250,0,0,1.0,0.0,0.0,,,,,,0.468,beat rr=rr_long delta=delta_down member=<num>,generic
250,193,48001,48250,250,250,0,0,1.0,0.0,0.0,,,,,,0.448,beat rr=rr_long delta=delta_down member=<num>,generic
250,194,48251,48500,250,250,0,0,1.0,0.0,0.0,,,,,,0.48,beat rr=rr_long delta=delta_down member=<num>,generic
250,195,48501,48750,250,250,0,0,1.0,0.0,0.0,,,,,,0.46,beat rr=rr_long delta=delta_down member=<num>,generic
250,196,48751,49000,250,250,0,0,1.0,0.0,0.0,,,,,,0.452,beat rr=rr_long delta=delta_down member=<num>,generic
250,197,49001,49250,250,250,0,0,1.0,0.0,0.0,,,,,,0.484,beat rr=rr_long delta=delta_down member=<num>,generic
250,198,49251,49500,250,250,0,0,1.0,0.0,0.0,,,,,,0.512,beat rr=rr_long delta=delta_down member=<num>,generic
250,199,49501,49750,250,250,0,0,1.0,0.0,0.0,,,,,,0.488,beat rr=rr_long delta=delta_down member=<num>,generic
250,200,49751,50000,250,250,0,0,1.0,0.0,0.0,,,,,,0.48,beat rr=rr_long delta=delta_down member=<num>,generic
300,1,1,300,300,300,0,0,1.0,0.0,0.0,,,,,,0.4166666666666667,beat rr=rr_long delta=delta_down member=<num>,generic
300,2,301,600,300,300,0,0,1.0,0.0,0.0,,,,,,0.33666666666666667,beat rr=rr_long delta=delta_flat member=<num>,generic
300,3,601,900,300,300,0,0,1.0,0.0,0.0,,,,,,0.42333333333333334,beat rr=rr_long delta=delta_flat member=<num>,generic
300,4,901,1200,300,300,0,0,1.0,0.0,0.0,,,,,,0.39,beat rr=rr_long delta=delta_down member=<num>,generic
300,5,1201,1500,300,300,0,0,1.0,0.0,0.0,,,,,,0.44666666666666666,beat rr=rr_long delta=delta_down member=<num>,generic
300,6,1501,1800,300,300,0,0,1.0,0.0,0.0,,,,,,0.4,beat rr=rr_long delta=delta_up member=<num>,generic
300,7,1801,2100,300,300,0,0,1.0,0.0,0.0,,,,,,0.4,beat rr=rr_long delta=delta_down member=<num>,generic
300,8,2101,2400,300,300,0,0,1.0,0.0,0.0,,,,,,0.42,beat rr=rr_long delta=delta_down member=<num>,generic
300,9,2401,2700,300,300,0,0,1.0,0.0,0.0,,,,,,0.44,beat rr=rr_long delta=delta_down member=<num>,generic
300,10,2701,3000,300,300,0,0,1.0,0.0,0.0,,,,,,0.4166666666666667,beat rr=rr_long delta=delta_down member=<num>,generic
300,11,3001,3300,300,300,0,0,1.0,0.0,0.0,,,,,,0.4166666666666667,beat rr=rr_long delta=delta_down member=<num>,generic
300,12,3301,3600,300,300,0,0,1.0,0.0,0.0,,,,,,0.4533333333333333,beat rr=rr_long delta=delta_down member=<num>,generic
300,13,3601,3900,300,300,0,0,1.0,0.0,0.0,,,,,,0.4666666666666667,beat rr=rr_long delta=delta_down member=<num>,generic
300,14,3901,4200,300,300,0,0,1.0,0.0,0.0,,,,,,0.36,beat rr=rr_long delta=delta_down member=<num>,generic
300,15,4201,4500,300,300,0,0,1.0,0.0,0.0,,,,,,0.45,beat rr=rr_long delta=delta_down member=<num>,generic
300,16,4501,4800,300,300,0,0,1.0,0.0,0.0,,,,,,0.5133333333333333,beat rr=rr_long delta=delta_down member=<num>,generic
300,17,4801,5100,300,300,0,0,1.0,0.0,0.0,,,,,,0.4766666666666667,beat rr=rr_long delta=delta_down member=<num>,generic
300,18,5101,5400,300,300,0,0,1.0,0.0,0.0,,,,,,0.44333333333333336,beat rr=rr_long delta=delta_down member=<num>,generic
300,19,5401,5700,300,300,0,0,1.0,0.0,0.0,,,,,,0.47333333333333333,beat rr=rr_long delta=delta_down member=<num>,generic
300,20,5701,6000,300,300,0,0,1.0,0.0,0.0,,,,,,0.4866666666666667,beat rr=rr_long delta=delta_down member=<num>,generic
300,21,6001,6300,300,300,0,0,1.0,0.0,0.0,,,,,,0.4633333333333333,beat rr=rr_long delta=delta_down member=<num>,generic
300,22,6301,6600,300,300,0,0,1.0,0.0,0.0,,,,,,0.44333333333333336,beat rr=rr_long delta=delta_down member=<num>,generic
300,23,6601,6900,300,300,0,0,1.0,0.0,0.0,,,,,,0.42,beat rr=rr_long delta=delta_down member=<num>,generic
300,24,6901,7200,300,300,0,0,1.0,0.0,0.0,,,,,,0.44333333333333336,beat rr=rr_long delta=delta_down member=<num>,generic
300,25,7201,7500,300,300,0,0,1.0,0.0,0.0,,,,,,0.4633333333333333,beat rr=rr_long delta=delta_down member=<num>,generic
300,26,7501,7800,300,300,0,0,1.0,0.0,0.0,,,,,,0.4633333333333333,beat rr=rr_long delta=delta_down member=<num>,generic
300,27,7801,8100,300,300,0,0,1.0,0.0,0.0,,,,,,0.42333333333333334,beat rr=rr_long delta=delta_down member=<num>,generic
300,28,8101,8400,300,300,0,0,1.0,0.0,0.0,,,,,,0.42,beat rr=rr_long delta=delta_up member=<num>,generic
300,29,8401,8700,300,300,0,0,1.0,0.0,0.0,,,,,,0.44666666666666666,beat rr=rr_long delta=delta_down member=<num>,generic
300,30,8701,9000,300,300,0,0,1.0,0.0,0.0,,,,,,0.41333333333333333,beat rr=rr_long delta=delta_up member=<num>,generic
300,31,9001,9300,300,300,0,0,1.0,0.0,0.0,,,,,,0.4166666666666667,beat rr=rr_long delta=delta_down member=<num>,generic
300,32,9301,9600,300,300,0,0,1.0,0.0,0.0,,,,,,0.42,beat rr=rr_long delta=delta_down member=<num>,generic
300,33,9601,9900,300,300,0,0,1.0,0.0,0.0,,,,,,0.43666666666666665,beat rr=rr_long delta=delta_down member=<num>,generic
300,34,9901,10200,300,300,0,0,1.0,0.0,0.0,,,,,,0.4166666666666667,beat rr=rr_long delta=delta_down member=<num>,generic
300,35,10201,10500,300,300,0,0,1.0,0.0,0.0,,,,,,0.43,beat rr=rr_long delta=delta_down member=<num>,generic
300,36,10501,10800,300,300,0,0,1.0,0.0,0.0,,,,,,0.43666666666666665,beat rr=rr_long delta=delta_down member=<num>,generic
300,37,10801,11100,300,300,0,0,1.0,0.0,0.0,,,,,,0.47,beat rr=rr_long delta=delta_down member=<num>,generic
300,38,11101,11400,300,300,0,0,1.0,0.0,0.0,,,,,,0.45666666666666667,beat rr=rr_long delta=delta_down member=<num>,generic
300,39,11401,11700,300,300,0,0,1.0,0.0,0.0,,,,,,0.43333333333333335,beat rr=rr_long delta=delta_down member=<num>,generic
300,40,11701,12000,300,300,0,0,1.0,0.0,0.0,,,,,,0.43333333333333335,beat rr=rr_long delta=delta_up member=<num>,generic
300,41,12001,12300,300,300,0,0,1.0,0.0,0.0,,,,,,0.4533333333333333,beat rr=rr_long delta=delta_down member=<num>,generic
300,42,12301,12600,300,300,0,0,1.0,0.0,0.0,,,,,,0.44,beat rr=rr_long delta=delta_up member=<num>,generic
300,43,12601,12900,300,300,0,0,1.0,0.0,0.0,,,,,,0.43,beat rr=rr_long delta=delta_up member=<num>,generic
300,44,12901,13200,300,300,0,0,1.0,0.0,0.0,,,,,,0.43,beat rr=rr_long delta=delta_up member=<num>,generic
300,45,13201,13500,300,300,0,0,1.0,0.0,0.0,,,,,,0.4266666666666667,beat rr=rr_long delta=delta_down member=<num>,generic
300,46,13501,13800,300,300,0,0,1.0,0.0,0.0,,,,,,0.4866666666666667,beat rr=rr_long delta=delta_down member=<num>,generic
300,47,13801,14100,300,300,0,0,1.0,0.0,0.0,,,,,,0.43666666666666665,beat rr=rr_long delta=delta_down member=<num>,generic
300,48,14101,14400,300,300,0,0,1.0,0.0,0.0,,,,,,0.43333333333333335,beat rr=rr_long delta=delta_down member=<num>,generic
300,49,14401,14700,300,300,0,0,1.0,0.0,0.0,,,,,,0.4666666666666667,beat rr=rr_long delta=delta_down member=<num>,generic
300,50,14701,15000,300,300,0,0,1.0,0.0,0.0,,,,,,0.44666666666666666,beat rr=rr_long delta=delta_down member=<num>,generic
300,51,15001,15300,300,300,0,0,1.0,0.0,0.0,,,,,,0.4666666666666667,beat rr=rr_long delta=delta_down member=<num>,generic
300,52,15301,15600,300,300,0,0,1.0,0.0,0.0,,,,,,0.4766666666666667,beat rr=rr_long delta=delta_down member=<num>,generic
300,53,15601,15900,300,300,0,0,1.0,0.0,0.0,,,,,,0.4766666666666667,beat rr=rr_long delta=delta_down member=<num>,generic
300,54,15901,16200,300,300,0,0,1.0,0.0,0.0,,,,,,0.46,beat rr=rr_long delta=delta_down member=<num>,generic
300,55,16201,16500,300,300,0,0,1.0,0.0,0.0,,,,,,0.49,beat rr=rr_long delta=delta_down member=<num>,generic
300,56,16501,16800,300,300,0,0,1.0,0.0,0.0,,,,,,0.45666666666666667,beat rr=rr_long delta=delta_down member=<num>,generic
300,57,16801,17100,300,300,0,0,1.0,0.0,0.0,,,,,,0.4633333333333333,beat rr=rr_long delta=delta_down member=<num>,generic
300,58,17101,17400,300,300,0,0,1.0,0.0,0.0,,,,,,0.37333333333333335,beat rr=rr_long delta=delta_down member=<num>,generic
300,59,17401,17700,300,300,0,0,1.0,0.0,0.0,,,,,,0.4033333333333333,beat rr=rr_long delta=delta_down member=<num>,generic
300,60,17701,18000,300,300,0,0,1.0,0.0,0.0,,,,,,0.37,beat rr=rr_long delta=delta_up member=<num>,generic
300,61,18001,18300,300,300,0,0,1.0,0.0,0.0,,,,,,0.43,beat rr=rr_long delta=delta_down member=<num>,generic
300,62,18301,18600,300,300,0,0,1.0,0.0,0.0,,,,,,0.36,beat rr=rr_long delta=delta_up member=<num>,generic
300,63,18601,18900,300,300,0,0,1.0,0.0,0.0,,,,,,0.43,beat rr=rr_long delta=delta_down member=<num>,generic
300,64,18901,19200,300,300,0,0,1.0,0.0,0.0,,,,,,0.4633333333333333,beat rr=rr_long delta=delta_down member=<num>,generic
300,65,19201,19500,300,300,0,0,1.0,0.0,0.0,,,,,,0.4866666666666667,beat rr=rr_long delta=delta_down member=<num>,generic
300,66,19501,19800,300,300,0,0,1.0,0.0,0.0,,,,,,0.37666666666666665,beat rr=rr_long delta=delta_down member=<num>,generic
300,67,19801,20100,300,300,0,0,1.0,0.0,0.0,,,,,,0.4166666666666667,beat rr=rr_long delta=delta_down member=<num>,generic
300,68,20101,20400,300,300,0,0,1.0,0.0,0.0,,,,,,0.43333333333333335,beat rr=rr_long delta=delta_down member=<num>,generic
300,69,20401,20700,300,300,0,0,1.0,0.0,0.0,,,,,,0.41333333333333333,beat rr=rr_long delta=delta_down member=<num>,generic
300,70,20701,21000,300,300,0,0,1.0,0.0,0.0,,,,,,0.47333333333333333,beat rr=rr_long delta=delta_down member=<num>,generic
300,71,21001,21300,300,300,0,0,1.0,0.0,0.0,,,,,,0.41333333333333333,beat rr=rr_long delta=delta_down member=<num>,generic
300,72,21301,21600,300,300,0,0,1.0,0.0,0.0,,,,,,0.4533333333333333,beat rr=rr_long delta=delta_down member=<num>,generic
300,73,21601,21900,300,300,0,0,1.0,0.0,0.0,,,,,,0.4266666666666667,beat rr=rr_long delta=delta_down member=<num>,generic
300,74,21901,22200,300,300,0,0,1.0,0.0,0.0,,,,,,0.41,beat rr=rr_long delta=delta_up member=<num>,generic
300,75,22201,22500,300,300,0,0,1.0,0.0,0.0,,,,,,0.45666666666666667,beat rr=rr_long delta=delta_down member=<num>,generic
300,76,22501,22800,300,300,0,0,1.0,0.0,0.0,,,,,,0.47333333333333333,beat rr=rr_long delta=delta_down member=<num>,generic
300,77,22801,23100,300,299,0,1,0.9966666666666667,0.0,0.0033333333333333335,,,,,,0.43666666666666665,beat rr=rr_long delta=delta_down member=<num>,generic
300,78,23101,23400,300,300,0,0,1.0,0.0,0.0,,,,,,0.47,beat rr=rr_long delta=delta_down member=<num>,generic
300,79,23401,23700,300,300,0,0,1.0,0.0,0.0,,,,,,0.5066666666666667,beat rr=rr_long delta=delta_down member=<num>,generic
300,80,23701,24000,300,300,0,0,1.0,0.0,0.0,,,,,,0.41333333333333333,beat rr=rr_long delta=delta_down member=<num>,generic
300,81,24001,24300,300,300,0,0,1.0,0.0,0.0,,,,,,0.4033333333333333,beat rr=rr_long delta=delta_down member=<num>,generic
300,82,24301,24600,300,300,0,0,1.0,0.0,0.0,,,,,,0.4266666666666667,beat rr=rr_long delta=delta_down member=<num>,generic
300,83,24601,24900,300,300,0,0,1.0,0.0,0.0,,,,,,0.41,beat rr=rr_long delta=delta_down member=<num>,generic
300,84,24901,25200,300,300,0,0,1.0,0.0,0.0,,,,,,0.4033333333333333,beat rr=rr_long delta=delta_down member=<num>,generic
300,85,25201,25500,300,300,0,0,1.0,0.0,0.0,,,,,,0.4533333333333333,beat rr=rr_long delta=delta_down member=<num>,generic
300,86,25501,25800,300,300,0,0,1.0,0.0,0.0,,,,,,0.42333333333333334,beat rr=rr_long delta=delta_down member=<num>,generic
300,87,25801,26100,300,300,0,0,1.0,0.0,0.0,,,,,,0.49666666666666665,beat rr=rr_long delta=delta_down member=<num>,generic
300,88,26101,26400,300,300,0,0,1.0,0.0,0.0,,,,,,0.4866666666666667,beat rr=rr_long delta=delta_down member=<num>,generic
300,89,26401,26700,300,300,0,0,1.0,0.0,0.0,,,,,,0.47333333333333333,beat rr=rr_long delta=delta_down member=<num>,generic
300,90,26701,27000,300,300,0,0,1.0,0.0,0.0,,,,,,0.44333333333333336,beat rr=rr_long delta=delta_down member=<num>,generic
300,91,27001,27300,300,300,0,0,1.0,0.0,0.0,,,,,,0.4666666666666667,beat rr=rr_long delta=delta_down member=<num>,generic
300,92,27301,27600,300,300,0,0,1.0,0.0,0.0,,,,,,0.5,beat rr=rr_long delta=delta_down member=<num>,generic
300,93,27601,27900,300,300,0,0,1.0,0.0,0.0,,,,,,0.44666666666666666,beat rr=rr_long delta=delta_down member=<num>,generic
300,94,27901,28200,300,300,0,0,1.0,0.0,0.0,,,,,,0.4766666666666667,beat rr=rr_long delta=delta_down member=<num>,generic
300,95,28201,28500,300,300,0,0,1.0,0.0,0.0,,,,,,0.47,beat rr=rr_long delta=delta_down member=<num>,generic
300,96,28501,28800,300,300,0,0,1.0,0.0,0.0,,,,,,0.4266666666666667,beat rr=rr_long delta=delta_down member=<num>,generic
300,97,28801,29100,300,300,0,0,1.0,0.0,0.0,,,,,,0.43333333333333335,beat rr=rr_long delta=delta_down member=<num>,generic
300,98,29101,29400,300,300,0,0,1.0,0.0,0.0,,,,,,0.42333333333333334,beat rr=rr_long delta=delta_down member=<num>,generic
300,99,29401,29700,300,300,0,0,1.0,0.0,0.0,,,,,,0.4166666666666667,beat rr=rr_long delta=delta_down member=<num>,generic
300,100,29701,30000,300,300,0,0,1.0,0.0,0.0,,,,,,0.52,beat rr=rr_long delta=delta_down member=<num>,generic
300,101,30001,30300,300,300,0,0,1.0,0.0,0.0,,,,,,0.49,beat rr=rr_long delta=delta_down member=<num>,generic
300,102,30301,30600,300,300,0,0,1.0,0.0,0.0,,,,,,0.5033333333333333,beat rr=rr_long delta=delta_down member=<num>,generic
300,103,30601,30900,300,300,0,0,1.0,0.0,0.0,,,,,,0.5133333333333333,beat rr=rr_long delta=delta_down member=<num>,generic
300,104,30901,31200,300,300,0,0,1.0,0.0,0.0,,,,,,0.4766666666666667,beat rr=rr_long delta=delta_down member=<num>,generic
300,105,31201,31500,300,300,0,0,1.0,0.0,0.0,,,,,,0.5266666666666666,beat rr=rr_long delta=delta_down member=<num>,generic
300,106,31501,31800,300,300,0,0,1.0,0.0,0.0,,,,,,0.45,beat rr=rr_long delta=delta_down member=<num>,generic
300,107,31801,32100,300,300,0,0,1.0,0.0,0.0,,,,,,0.47,beat rr=rr_long delta=delta_down member=<num>,generic
300,108,32101,32400,300,300,0,0,1.0,0.0,0.0,,,,,,0.47,beat rr=rr_long delta=delta_down member=<num>,generic
300,109,32401,32700,300,300,0,0,1.0,0.0,0.0,,,,,,0.44333333333333336,beat rr=rr_long delta=delta_down member=<num>,generic
300,110,32701,33000,300,300,0,0,1.0,0.0,0.0,,,,,,0.49,beat rr=rr_long delta=delta_down member=<num>,generic
300,111,33001,33300,300,300,0,0,1.0,0.0,0.0,,,,,,0.4766666666666667,beat rr=rr_long delta=delta_down member=<num>,generic
300,112,33301,33600,300,300,0,0,1.0,0.0,0.0,,,,,,0.48,beat rr=rr_long delta=delta_down member=<num>,generic
300,113,33601,33900,300,300,0,0,1.0,0.0,0.0,,,,,,0.4666666666666667,beat rr=rr_long delta=delta_down member=<num>,generic
300,114,33901,34200,300,300,0,0,1.0,0.0,0.0,,,,,,0.51,beat rr=rr_long delta=delta_down member=<num>,generic
300,115,34201,34500,300,300,0,0,1.0,0.0,0.0,,,,,,0.4766666666666667,beat rr=rr_long delta=delta_down member=<num>,generic
300,116,34501,34800,300,300,0,0,1.0,0.0,0.0,,,,,,0.49,beat rr=rr_long delta=delta_down member=<num>,generic
300,117,34801,35100,300,300,0,0,1.0,0.0,0.0,,,,,,0.46,beat rr=rr_long delta=delta_down member=<num>,generic
300,118,35101,35400,300,300,0,0,1.0,0.0,0.0,,,,,,0.47333333333333333,beat rr=rr_long delta=delta_down member=<num>,generic
300,119,35401,35700,300,300,0,0,1.0,0.0,0.0,,,,,,0.45666666666666667,beat rr=rr_long delta=delta_down member=<num>,generic
300,120,35701,36000,300,300,0,0,1.0,0.0,0.0,,,,,,0.44333333333333336,beat rr=rr_long delta=delta_down member=<num>,generic
300,121,36001,36300,300,300,0,0,1.0,0.0,0.0,,,,,,0.4633333333333333,beat rr=rr_long delta=delta_down member=<num>,generic
300,122,36301,36600,300,300,0,0,1.0,0.0,0.0,,,,,,0.42333333333333334,beat rr=rr_long delta=delta_up member=<num>,generic
300,123,36601,36900,300,300,0,0,1.0,0.0,0.0,,,,,,0.4666666666666667,beat rr=rr_long delta=delta_down member=<num>,generic
300,124,36901,37200,300,300,0,0,1.0,0.0,0.0,,,,,,0.43,beat rr=rr_long delta=delta_down member=<num>,generic
300,125,37201,37500,300,300,0,0,1.0,0.0,0.0,,,,,,0.4633333333333333,beat rr=rr_long delta=delta_down member=<num>,generic
300,126,37501,37800,300,300,0,0,1.0,0.0,0.0,,,,,,0.43333333333333335,beat rr=rr_long delta=delta_down member=<num>,generic
300,127,37801,38100,300,300,0,0,1.0,0.0,0.0,,,,,,0.4866666666666667,beat rr=rr_long delta=delta_down member=<num>,generic
300,128,38101,38400,300,300,0,0,1.0,0.0,0.0,,,,,,0.47,beat rr=rr_long delta=delta_down member=<num>,generic
300,129,38401,38700,300,300,0,0,1.0,0.0,0.0,,,,,,0.43333333333333335,beat rr=rr_long delta=delta_down member=<num>,generic
300,130,38701,39000,300,300,0,0,1.0,0.0,0.0,,,,,,0.44666666666666666,beat rr=rr_long delta=delta_down member=<num>,generic
300,131,39001,39300,300,300,0,0,1.0,0.0,0.0,,,,,,0.45666666666666667,beat rr=rr_long delta=delta_up member=<num>,generic
300,132,39301,39600,300,300,0,0,1.0,0.0,0.0,,,,,,0.43,beat rr=rr_long delta=delta_down member=<num>,generic
300,133,39601,39900,300,300,0,0,1.0,0.0,0.0,,,,,,0.43333333333333335,beat rr=rr_long delta=delta_down member=<num>,generic
300,134,39901,40200,300,300,0,0,1.0,0.0,0.0,,,,,,0.4,beat rr=rr_long delta=delta_down member=<num>,generic
300,135,40201,40500,300,300,0,0,1.0,0.0,0.0,,,,,,0.44666666666666666,beat rr=rr_long delta=delta_down member=<num>,generic
300,136,40501,40800,300,300,0,0,1.0,0.0,0.0,,,,,,0.42333333333333334,beat rr=rr_long delta=delta_down member=<num>,generic
300,137,40801,41100,300,300,0,0,1.0,0.0,0.0,,,,,,0.43,beat rr=rr_long delta=delta_down member=<num>,generic
300,138,41101,41400,300,299,0,1,0.9966666666666667,0.0,0.0033333333333333335,,,,,,0.43,beat rr=rr_long delta=delta_up member=<num>,generic
300,139,41401,41700,300,300,0,0,1.0,0.0,0.0,,,,,,0.45,beat rr=rr_long delta=delta_down member=<num>,generic
300,140,41701,42000,300,300,0,0,1.0,0.0,0.0,,,,,,0.42,beat rr=rr_long delta=delta_down member=<num>,generic
300,141,42001,42300,300,300,0,0,1.0,0.0,0.0,,,,,,0.43333333333333335,beat rr=rr_long delta=delta_down member=<num>,generic
300,142,42301,42600,300,300,0,0,1.0,0.0,0.0,,,,,,0.4633333333333333,beat rr=rr_long delta=delta_down member=<num>,generic
300,143,42601,42900,300,300,0,0,1.0,0.0,0.0,,,,,,0.43,beat rr=rr_long delta=delta_up member=<num>,generic
300,144,42901,43200,300,300,0,0,1.0,0.0,0.0,,,,,,0.5366666666666666,beat rr=rr_long delta=delta_down member=<num>,generic
300,145,43201,43500,300,300,0,0,1.0,0.0,0.0,,,,,,0.38666666666666666,beat rr=rr_long delta=delta_down member=<num>,generic
300,146,43501,43800,300,300,0,0,1.0,0.0,0.0,,,,,,0.4166666666666667,beat rr=rr_long delta=delta_down member=<num>,generic
300,147,43801,44100,300,300,0,0,1.0,0.0,0.0,,,,,,0.4533333333333333,beat rr=rr_long delta=delta_down member=<num>,generic
300,148,44101,44400,300,300,0,0,1.0,0.0,0.0,,,,,,0.4033333333333333,beat rr=rr_long delta=delta_down member=<num>,generic
300,149,44401,44700,300,300,0,0,1.0,0.0,0.0,,,,,,0.44,beat rr=rr_long delta=delta_down member=<num>,generic
300,150,44701,45000,300,300,0,0,1.0,0.0,0.0,,,,,,0.4,beat rr=rr_long delta=delta_down member=<num>,generic
300,151,45001,45300,300,300,0,0,1.0,0.0,0.0,,,,,,0.4066666666666667,beat rr=rr_long delta=delta_down member=<num>,generic
300,152,45301,45600,300,300,0,0,1.0,0.0,0.0,,,,,,0.43333333333333335,beat rr=rr_long delta=delta_down member=<num>,generic
300,153,45601,45900,300,300,0,0,1.0,0.0,0.0,,,,,,0.43,beat rr=rr_long delta=delta_down member=<num>,generic
300,154,45901,46200,300,300,0,0,1.0,0.0,0.0,,,,,,0.47,beat rr=rr_long delta=delta_down member=<num>,generic
300,155,46201,46500,300,300,0,0,1.0,0.0,0.0,,,,,,0.43666666666666665,beat rr=rr_long delta=delta_down member=<num>,generic
300,156,46501,46800,300,300,0,0,1.0,0.0,0.0,,,,,,0.41333333333333333,beat rr=rr_long delta=delta_down member=<num>,generic
300,157,46801,47100,300,300,0,0,1.0,0.0,0.0,,,,,,0.44,beat rr=rr_long delta=delta_down member=<num>,generic
300,158,47101,47400,300,300,0,0,1.0,0.0,0.0,,,,,,0.44666666666666666,beat rr=rr_long delta=delta_down member=<num>,generic
300,159,47401,47700,300,300,0,0,1.0,0.0,0.0,,,,,,0.44,beat rr=rr_long delta=delta_down member=<num>,generic
300,160,47701,48000,300,300,0,0,1.0,0.0,0.0,,,,,,0.4633333333333333,beat rr=rr_long delta=delta_down member=<num>,generic
300,161,48001,48300,300,300,0,0,1.0,0.0,0.0,,,,,,0.45,beat rr=rr_long delta=delta_down member=<num>,generic
300,162,48301,48600,300,300,0,0,1.0,0.0,0.0,,,,,,0.49666666666666665,beat rr=rr_long delta=delta_down member=<num>,generic
300,163,48601,48900,300,300,0,0,1.0,0.0,0.0,,,,,,0.44,beat rr=rr_long delta=delta_down member=<num>,generic
300,164,48901,49200,300,300,0,0,1.0,0.0,0.0,,,,,,0.48333333333333334,beat rr=rr_long delta=delta_down member=<num>,generic
300,165,49201,49500,300,300,0,0,1.0,0.0,0.0,,,,,,0.49333333333333335,beat rr=rr_long delta=delta_down member=<num>,generic
300,166,49501,49800,300,300,0,0,1.0,0.0,0.0,,,,,,0.4866666666666667,beat rr=rr_long delta=delta_down member=<num>,generic
300,167,49801,50000,200,200,0,0,1.0,0.0,0.0,,,,,,0.48,beat rr=rr_long delta=delta_down member=<num>,generic
375,1,1,375,375,375,0,0,1.0,0.0,0.0,,,,,,0.4053333333333333,beat rr=rr_long delta=delta_down member=<num>,generic
375,2,376,750,375,375,0,0,1.0,0.0,0.0,,,,,,0.368,beat rr=rr_long delta=delta_flat member=<num>,generic
375,3,751,1125,375,375,0,0,1.0,0.0,0.0,,,,,,0.3466666666666667,beat rr=rr_long delta=delta_up member=<num>,generic
375,4,1126,1500,375,375,0,0,1.0,0.0,0.0,,,,,,0.44266666666666665,beat rr=rr_long delta=delta_down member=<num>,generic
375,5,1501,1875,375,375,0,0,1.0,0.0,0.0,,,,,,0.39466666666666667,beat rr=rr_long delta=delta_up member=<num>,generic
375,6,1876,2250,375,375,0,0,1.0,0.0,0.0,,,,,,0.4,beat rr=rr_long delta=delta_down member=<num>,generic
375,7,2251,2625,375,375,0,0,1.0,0.0,0.0,,,,,,0.44533333333333336,beat rr=rr_long delta=delta_down member=<num>,generic
375,8,2626,3000,375,375,0,0,1.0,0.0,0.0,,,,,,0.416,beat rr=rr_long delta=delta_down member=<num>,generic
375,9,3001,3375,375,375,0,0,1.0,0.0,0.0,,,,,,0.416,beat rr=rr_long delta=delta_down member=<num>,generic
375,10,3376,3750,375,375,0,0,1.0,0.0,0.0,,,,,,0.456,beat rr=rr_long delta=delta_down member=<num>,generic
375,11,3751,4125,375,375,0,0,1.0,0.0,0.0,,,,,,0.424,beat rr=rr_long delta=delta_down member=<num>,generic
375,12,4126,4500,375,375,0,0,1.0,0.0,0.0,,,,,,0.42133333333333334,beat rr=rr_long delta=delta_down member=<num>,generic
375,13,4501,4875,375,375,0,0,1.0,0.0,0.0,,,,,,0.512,beat rr=rr_long delta=delta_down member=<num>,generic
375,14,4876,5250,375,375,0,0,1.0,0.0,0.0,,,,,,0.45866666666666667,beat rr=rr_long delta=delta_down member=<num>,generic
375,15,5251,5625,375,375,0,0,1.0,0.0,0.0,,,,,,0.45866666666666667,beat rr=rr_long delta=delta_down member=<num>,generic
375,16,5626,6000,375,375,0,0,1.0,0.0,0.0,,,,,,0.48533333333333334,beat rr=rr_long delta=delta_down member=<num>,generic
375,17,6001,6375,375,375,0,0,1.0,0.0,0.0,,,,,,0.44266666666666665,beat rr=rr_long delta=delta_down member=<num>,generic
375,18,6376,6750,375,375,0,0,1.0,0.0,0.0,,,,,,0.45866666666666667,beat rr=rr_long delta=delta_down member=<num>,generic
375,19,6751,7125,375,375,0,0,1.0,0.0,0.0,,,,,,0.44266666666666665,beat rr=rr_long delta=delta_down member=<num>,generic
375,20,7126,7500,375,375,0,0,1.0,0.0,0.0,,,,,,0.44266666666666665,beat rr=rr_long delta=delta_down member=<num>,generic
375,21,7501,7875,375,375,0,0,1.0,0.0,0.0,,,,,,0.44266666666666665,beat rr=rr_long delta=delta_down member=<num>,generic
375,22,7876,8250,375,375,0,0,1.0,0.0,0.0,,,,,,0.4186666666666667,beat rr=rr_long delta=delta_down member=<num>,generic
375,23,8251,8625,375,375,0,0,1.0,0.0,0.0,,,,,,0.43466666666666665,beat rr=rr_long delta=delta_down member=<num>,generic
375,24,8626,9000,375,375,0,0,1.0,0.0,0.0,,,,,,0.41333333333333333,beat rr=rr_long delta=delta_up member=<num>,generic
375,25,9001,9375,375,375,0,0,1.0,0.0,0.0,,,,,,0.424,beat rr=rr_long delta=delta_down member=<num>,generic
375,26,9376,9750,375,375,0,0,1.0,0.0,0.0,,,,,,0.424,beat rr=rr_long delta=delta_down member=<num>,generic
375,27,9751,10125,375,375,0,0,1.0,0.0,0.0,,,,,,0.432,beat rr=rr_long delta=delta_down member=<num>,generic
375,28,10126,10500,375,375,0,0,1.0,0.0,0.0,,,,,,0.416,beat rr=rr_long delta=delta_down member=<num>,generic
375,29,10501,10875,375,375,0,0,1.0,0.0,0.0,,,,,,0.4533333333333333,beat rr=rr_long delta=delta_down member=<num>,generic
375,30,10876,11250,375,375,0,0,1.0,0.0,0.0,,,,,,0.456,beat rr=rr_long delta=delta_down member=<num>,generic
375,31,11251,11625,375,375,0,0,1.0,0.0,0.0,,,,,,0.44533333333333336,beat rr=rr_long delta=delta_down member=<num>,generic
375,32,11626,12000,375,375,0,0,1.0,0.0,0.0,,,,,,0.4266666666666667,beat rr=rr_long delta=delta_up member=<num>,generic
375,33,12001,12375,375,375,0,0,1.0,0.0,0.0,,,,,,0.45866666666666667,beat rr=rr_long delta=delta_down member=<num>,generic
375,34,12376,12750,375,375,0,0,1.0,0.0,0.0,,,,,,0.432,beat rr=rr_long delta=delta_up member=<num>,generic
375,35,12751,13125,375,375,0,0,1.0,0.0,0.0,,,,,,0.44533333333333336,beat rr=rr_long delta=delta_up member=<num>,generic
375,36,13126,13500,375,375,0,0,1.0,0.0,0.0,,,,,,0.42933333333333334,beat rr=rr_long delta=delta_down member=<num>,generic
375,37,13501,13875,375,375,0,0,1.0,0.0,0.0,,,,,,0.472,beat rr=rr_long delta=delta_down member=<num>,generic
375,38,13876,14250,375,375,0,0,1.0,0.0,0.0,,,,,,0.4533333333333333,beat rr=rr_long delta=delta_down member=<num>,generic
375,39,14251,14625,375,375,0,0,1.0,0.0,0.0,,,,,,0.44,beat rr=rr_long delta=delta_down member=<num>,generic
375,40,14626,15000,375,375,0,0,1.0,0.0,0.0,,,,,,0.45066666666666666,beat rr=rr_long delta=delta_down member=<num>,generic
375,41,15001,15375,375,375,0,0,1.0,0.0,0.0,,,,,,0.48,beat rr=rr_long delta=delta_down member=<num>,generic
375,42,15376,15750,375,375,0,0,1.0,0.0,0.0,,,,,,0.456,beat rr=rr_long delta=delta_down member=<num>,generic
375,43,15751,16125,375,375,0,0,1.0,0.0,0.0,,,,,,0.47733333333333333,beat rr=rr_long delta=delta_down member=<num>,generic
375,44,16126,16500,375,375,0,0,1.0,0.0,0.0,,,,,,0.4826666666666667,beat rr=rr_long delta=delta_down member=<num>,generic
375,45,16501,16875,375,375,0,0,1.0,0.0,0.0,,,,,,0.4693333333333333,beat rr=rr_long delta=delta_down member=<num>,generic
375,46,16876,17250,375,375,0,0,1.0,0.0,0.0,,,,,,0.424,beat rr=rr_long delta=delta_down member=<num>,generic
375,47,17251,17625,375,375,0,0,1.0,0.0,0.0,,,,,,0.37333333333333335,beat rr=rr_long delta=delta_down member=<num>,generic
375,48,17626,18000,375,375,0,0,1.0,0.0,0.0,,,,,,0.38666666666666666,beat rr=rr_long delta=delta_down member=<num>,generic
375,49,18001,18375,375,375,0,0,1.0,0.0,0.0,,,,,,0.41333333333333333,beat rr=rr_long delta=delta_down member=<num>,generic
375,50,18376,18750,375,375,0,0,1.0,0.0,0.0,,,,,,0.4,beat rr=rr_long delta=delta_up member=<num>,generic
375,51,18751,19125,375,375,0,0,1.0,0.0,0.0,,,,,,0.424,beat rr=rr_long delta=delta_down member=<num>,generic
375,52,19126,19500,375,375,0,0,1.0,0.0,0.0,,,,,,0.5066666666666667,beat rr=rr_long delta=delta_down member=<num>,generic
375,53,19501,19875,375,375,0,0,1.0,0.0,0.0,,,,,,0.38666666666666666,beat rr=rr_long delta=delta_down member=<num>,generic
375,54,19876,20250,375,375,0,0,1.0,0.0,0.0,,,,,,0.4053333333333333,beat rr=rr_long delta=delta_down member=<num>,generic
375,55,20251,20625,375,375,0,0,1.0,0.0,0.0,,,,,,0.45066666666666666,beat rr=rr_long delta=delta_down member=<num>,generic
375,56,20626,21000,375,375,0,0,1.0,0.0,0.0,,,,,,0.448,beat rr=rr_long delta=delta_down member=<num>,generic
375,57,21001,21375,375,375,0,0,1.0,0.0,0.0,,,,,,0.4266666666666667,beat rr=rr_long delta=delta_down member=<num>,generic
375,58,21376,21750,375,375,0,0,1.0,0.0,0.0,,,,,,0.43466666666666665,beat rr=rr_long delta=delta_down member=<num>,generic
375,59,21751,22125,375,375,0,0,1.0,0.0,0.0,,,,,,0.41333333333333333,beat rr=rr_long delta=delta_down member=<num>,generic
375,60,22126,22500,375,375,0,0,1.0,0.0,0.0,,,,,,0.448,beat rr=rr_long delta=delta_down member=<num>,generic
375,61,22501,22875,375,375,0,0,1.0,0.0,0.0,,,,,,0.44533333333333336,beat rr=rr_long delta=delta_down member=<num>,generic
375,62,22876,23250,375,374,0,1,0.9973333333333333,0.0,0.0026666666666666666,,,,,,0.456,beat rr=rr_long delta=delta_down member=<num>,generic
375,63,23251,23625,375,375,0,0,1.0,0.0,0.0,,,,,,0.52,beat rr=rr_long delta=delta_down member=<num>,generic
375,64,23626,24000,375,375,0,0,1.0,0.0,0.0,,,,,,0.4186666666666667,beat rr=rr_long delta=delta_down member=<num>,generic
375,65,24001,24375,375,375,0,0,1.0,0.0,0.0,,,,,,0.38666666666666666,beat rr=rr_long delta=delta_down member=<num>,generic
375,66,24376,24750,375,375,0,0,1.0,0.0,0.0,,,,,,0.44,beat rr=rr_long delta=delta_down member=<num>,generic
375,67,24751,25125,375,375,0,0,1.0,0.0,0.0,,,,,,0.4106666666666667,beat rr=rr_long delta=delta_down member=<num>,generic
375,68,25126,25500,375,375,0,0,1.0,0.0,0.0,,,,,,0.44,beat rr=rr_long delta=delta_down member=<num>,generic
375,69,25501,25875,375,375,0,0,1.0,0.0,0.0,,,,,,0.43733333333333335,beat rr=rr_long delta=delta_down member=<num>,generic
375,70,25876,26250,375,375,0,0,1.0,0.0,0.0,,,,,,0.5066666666666667,beat rr=rr_long delta=delta_down member=<num>,generic
375,71,26251,26625,375,375,0,0,1.0,0.0,0.0,,,,,,0.464,beat rr=rr_long delta=delta_down member=<num>,generic
375,72,26626,27000,375,375,0,0,1.0,0.0,0.0,,,,,,0.45066666666666666,beat rr=rr_long delta=delta_down member=<num>,generic
375,73,27001,27375,375,375,0,0,1.0,0.0,0.0,,,,,,0.48533333333333334,beat rr=rr_long delta=delta_down member=<num>,generic
375,74,27376,27750,375,375,0,0,1.0,0.0,0.0,,,,,,0.45066666666666666,beat rr=rr_long delta=delta_down member=<num>,generic
375,75,27751,28125,375,375,0,0,1.0,0.0,0.0,,,,,,0.49866666666666665,beat rr=rr_long delta=delta_down member=<num>,generic
375,76,28126,28500,375,375,0,0,1.0,0.0,0.0,,,,,,0.4533333333333333,beat rr=rr_long delta=delta_down member=<num>,generic
375,77,28501,28875,375,375,0,0,1.0,0.0,0.0,,,,,,0.4266666666666667,beat rr=rr_long delta=delta_down member=<num>,generic
375,78,28876,29250,375,375,0,0,1.0,0.0,0.0,,,,,,0.44266666666666665,beat rr=rr_long delta=delta_down member=<num>,generic
375,79,29251,29625,375,375,0,0,1.0,0.0,0.0,,,,,,0.3973333333333333,beat rr=rr_long delta=delta_down member=<num>,generic
375,80,29626,30000,375,375,0,0,1.0,0.0,0.0,,,,,,0.5093333333333333,beat rr=rr_long delta=delta_down member=<num>,generic
375,81,30001,30375,375,375,0,0,1.0,0.0,0.0,,,,,,0.5173333333333333,beat rr=rr_long delta=delta_down member=<num>,generic
375,82,30376,30750,375,375,0,0,1.0,0.0,0.0,,,,,,0.488,beat rr=rr_long delta=delta_down member=<num>,generic
375,83,30751,31125,375,375,0,0,1.0,0.0,0.0,,,,,,0.49066666666666664,beat rr=rr_long delta=delta_down member=<num>,generic
375,84,31126,31500,375,375,0,0,1.0,0.0,0.0,,,,,,0.512,beat rr=rr_long delta=delta_down member=<num>,generic
375,85,31501,31875,375,375,0,0,1.0,0.0,0.0,,,,,,0.448,beat rr=rr_long delta=delta_down member=<num>,generic
375,86,31876,32250,375,375,0,0,1.0,0.0,0.0,,,,,,0.4666666666666667,beat rr=rr_long delta=delta_down member=<num>,generic
375,87,32251,32625,375,375,0,0,1.0,0.0,0.0,,,,,,0.45866666666666667,beat rr=rr_long delta=delta_down member=<num>,generic
375,88,32626,33000,375,375,0,0,1.0,0.0,0.0,,,,,,0.48533333333333334,beat rr=rr_long delta=delta_down member=<num>,generic
375,89,33001,33375,375,375,0,0,1.0,0.0,0.0,,,,,,0.488,beat rr=rr_long delta=delta_down member=<num>,generic
375,90,33376,33750,375,375,0,0,1.0,0.0,0.0,,,,,,0.464,beat rr=rr_long delta=delta_down member=<num>,generic
375,91,33751,34125,375,375,0,0,1.0,0.0,0.0,,,,,,0.48533333333333334,beat rr=rr_long delta=delta_down member=<num>,generic
375,92,34126,34500,375,375,0,0,1.0,0.0,0.0,,,,,,0.49066666666666664,beat rr=rr_long delta=delta_down member=<num>,generic
375,93,34501,34875,375,375,0,0,1.0,0.0,0.0,,,,,,0.4746666666666667,beat rr=rr_long delta=delta_down member=<num>,generic
375,94,34876,35250,375,375,0,0,1.0,0.0,0.0,,,,,,0.488,beat rr=rr_long delta=delta_down member=<num>,generic
375,95,35251,35625,375,375,0,0,1.0,0.0,0.0,,,,,,0.44,beat rr=rr_long delta=delta_down member=<num>,generic
375,96,35626,36000,375,375,0,0,1.0,0.0,0.0,,,,,,0.456,beat rr=rr_long delta=delta_down member=<num>,generic
375,97,36001,36375,375,375,0,0,1.0,0.0,0.0,,,,,,0.456,beat rr=rr_long delta=delta_down member=<num>,generic
375,98,36376,36750,375,375,0,0,1.0,0.0,0.0,,,,,,0.44533333333333336,beat rr=rr_long delta=delta_down member=<num>,generic
375,99,36751,37125,375,375,0,0,1.0,0.0,0.0,,,,,,0.44,beat rr=rr_long delta=delta_down member=<num>,generic
375,100,37126,37500,375,375,0,0,1.0,0.0,0.0,,,,,,0.4533333333333333,beat rr=rr_long delta=delta_down member=<num>,generic
375,101,37501,37875,375,375,0,0,1.0,0.0,0.0,,,,,,0.464,beat rr=rr_long delta=delta_down member=<num>,generic
375,102,37876,38250,375,375,0,0,1.0,0.0,0.0,,,,,,0.472,beat rr=rr_long delta=delta_down member=<num>,generic
375,103,38251,38625,375,375,0,0,1.0,0.0,0.0,,,,,,0.448,beat rr=rr_long delta=delta_down member=<num>,generic
375,104,38626,39000,375,375,0,0,1.0,0.0,0.0,,,,,,0.432,beat rr=rr_long delta=delta_down member=<num>,generic
375,105,39001,39375,375,375,0,0,1.0,0.0,0.0,,,,,,0.432,beat rr=rr_long delta=delta_up member=<num>,generic
375,106,39376,39750,375,375,0,0,1.0,0.0,0.0,,,,,,0.44533333333333336,beat rr=rr_long delta=delta_down member=<num>,generic
375,107,39751,40125,375,375,0,0,1.0,0.0,0.0,,,,,,0.4026666666666667,beat rr=rr_long delta=delta_down member=<num>,generic
375,108,40126,40500,375,375,0,0,1.0,0.0,0.0,,,,,,0.43733333333333335,beat rr=rr_long delta=delta_down member=<num>,generic
375,109,40501,40875,375,375,0,0,1.0,0.0,0.0,,,,,,0.4266666666666667,beat rr=rr_long delta=delta_up member=<num>,generic
375,110,40876,41250,375,375,0,0,1.0,0.0,0.0,,,,,,0.416,beat rr=rr_long delta=delta_down member=<num>,generic
375,111,41251,41625,375,374,0,1,0.9973333333333333,0.0,0.0026666666666666666,,,,,,0.45866666666666667,beat rr=rr_long delta=delta_down member=<num>,generic
375,112,41626,42000,375,375,0,0,1.0,0.0,0.0,,,,,,0.4186666666666667,beat rr=rr_long delta=delta_down member=<num>,generic
375,113,42001,42375,375,375,0,0,1.0,0.0,0.0,,,,,,0.43733333333333335,beat rr=rr_long delta=delta_down member=<num>,generic
375,114,42376,42750,375,375,0,0,1.0,0.0,0.0,,,,,,0.4533333333333333,beat rr=rr_long delta=delta_down member=<num>,generic
375,115,42751,43125,375,375,0,0,1.0,0.0,0.0,,,,,,0.48533333333333334,beat rr=rr_long delta=delta_down member=<num>,generic
375,116,43126,43500,375,375,0,0,1.0,0.0,0.0,,,,,,0.4186666666666667,beat rr=rr_long delta=delta_down member=<num>,generic
375,117,43501,43875,375,375,0,0,1.0,0.0,0.0,,,,,,0.44,beat rr=rr_long delta=delta_down member=<num>,generic
375,118,43876,44250,375,375,0,0,1.0,0.0,0.0,,,,,,0.42933333333333334,beat rr=rr_long delta=delta_down member=<num>,generic
375,119,44251,44625,375,375,0,0,1.0,0.0,0.0,,,,,,0.4106666666666667,beat rr=rr_long delta=delta_down member=<num>,generic
375,120,44626,45000,375,375,0,0,1.0,0.0,0.0,,,,,,0.4106666666666667,beat rr=rr_long delta=delta_down member=<num>,generic
375,121,45001,45375,375,375,0,0,1.0,0.0,0.0,,,,,,0.4186666666666667,beat rr=rr_long delta=delta_down member=<num>,generic
375,122,45376,45750,375,375,0,0,1.0,0.0,0.0,,,,,,0.432,beat rr=rr_long delta=delta_down member=<num>,generic
375,123,45751,46125,375,375,0,0,1.0,0.0,0.0,,,,,,0.4533333333333333,beat rr=rr_long delta=delta_down member=<num>,generic
375,124,46126,46500,375,375,0,0,1.0,0.0,0.0,,,,,,0.43733333333333335,beat rr=rr_long delta=delta_down member=<num>,generic
375,125,46501,46875,375,375,0,0,1.0,0.0,0.0,,,,,,0.424,beat rr=rr_long delta=delta_down member=<num>,generic
375,126,46876,47250,375,375,0,0,1.0,0.0,0.0,,,,,,0.44,beat rr=rr_long delta=delta_down member=<num>,generic
375,127,47251,47625,375,375,0,0,1.0,0.0,0.0,,,,,,0.44,beat rr=rr_long delta=delta_down member=<num>,generic
375,128,47626,48000,375,375,0,0,1.0,0.0,0.0,,,,,,0.45866666666666667,beat rr=rr_long delta=delta_down member=<num>,generic
375,129,48001,48375,375,375,0,0,1.0,0.0,0.0,,,,,,0.432,beat rr=rr_long delta=delta_down member=<num>,generic
375,130,48376,48750,375,375,0,0,1.0,0.0,0.0,,,,,,0.49333333333333335,beat rr=rr_long delta=delta_down member=<num>,generic
375,131,48751,49125,375,375,0,0,1.0,0.0,0.0,,,,,,0.48,beat rr=rr_long delta=delta_down member=<num>,generic
375,132,49126,49500,375,375,0,0,1.0,0.0,0.0,,,,,,0.48533333333333334,beat rr=rr_long delta=delta_down member=<num>,generic
375,133,49501,49875,375,375,0,0,1.0,0.0,0.0,,,,,,0.4826666666666667,beat rr=rr_long delta=delta_down member=<num>,generic
375,134,49876,50000,125,125,0,0,1.0,0.0,0.0,,,,,,0.488,beat rr=rr_long delta=delta_down member=<num>,generic
500,1,1,500,500,500,0,0,1.0,0.0,0.0,,,,,,0.386,beat rr=rr_long delta=delta_down member=<num>,generic
500,2,501,1000,500,500,0,0,1.0,0.0,0.0,,,,,,0.394,beat rr=rr_long delta=delta_flat member=<num>,generic
500,3,1001,1500,500,500,0,0,1.0,0.0,0.0,,,,,,0.442,beat rr=rr_long delta=delta_down member=<num>,generic
500,4,1501,2000,500,500,0,0,1.0,0.0,0.0,,,,,,0.396,beat rr=rr_long delta=delta_up member=<num>,generic
500,5,2001,2500,500,500,0,0,1.0,0.0,0.0,,,,,,0.43,beat rr=rr_long delta=delta_down member=<num>,generic
500,6,2501,3000,500,500,0,0,1.0,0.0,0.0,,,,,,0.418,beat rr=rr_long delta=delta_down member=<num>,generic
500,7,3001,3500,500,500,0,0,1.0,0.0,0.0,,,,,,0.426,beat rr=rr_long delta=delta_down member=<num>,generic
500,8,3501,4000,500,500,0,0,1.0,0.0,0.0,,,,,,0.466,beat rr=rr_long delta=delta_down member=<num>,generic
500,9,4001,4500,500,500,0,0,1.0,0.0,0.0,,,,,,0.396,beat rr=rr_long delta=delta_down member=<num>,generic
500,10,4501,5000,500,500,0,0,1.0,0.0,0.0,,,,,,0.504,beat rr=rr_long delta=delta_down member=<num>,generic
500,11,5001,5500,500,500,0,0,1.0,0.0,0.0,,,,,,0.452,beat rr=rr_long delta=delta_down member=<num>,generic
500,12,5501,6000,500,500,0,0,1.0,0.0,0.0,,,,,,0.48,beat rr=rr_long delta=delta_down member=<num>,generic
500,13,6001,6500,500,500,0,0,1.0,0.0,0.0,,,,,,0.444,beat rr=rr_long delta=delta_down member=<num>,generic
500,14,6501,7000,500,500,0,0,1.0,0.0,0.0,,,,,,0.448,beat rr=rr_long delta=delta_down member=<num>,generic
500,15,7001,7500,500,500,0,0,1.0,0.0,0.0,,,,,,0.448,beat rr=rr_long delta=delta_down member=<num>,generic
500,16,7501,8000,500,500,0,0,1.0,0.0,0.0,,,,,,0.446,beat rr=rr_long delta=delta_down member=<num>,generic
500,17,8001,8500,500,500,0,0,1.0,0.0,0.0,,,,,,0.428,beat rr=rr_long delta=delta_down member=<num>,generic
500,18,8501,9000,500,500,0,0,1.0,0.0,0.0,,,,,,0.406,beat rr=rr_long delta=delta_up member=<num>,generic
500,19,9001,9500,500,500,0,0,1.0,0.0,0.0,,,,,,0.42,beat rr=rr_long delta=delta_down member=<num>,generic
500,20,9501,10000,500,500,0,0,1.0,0.0,0.0,,,,,,0.434,beat rr=rr_long delta=delta_down member=<num>,generic
500,21,10001,10500,500,500,0,0,1.0,0.0,0.0,,,,,,0.418,beat rr=rr_long delta=delta_down member=<num>,generic
500,22,10501,11000,500,500,0,0,1.0,0.0,0.0,,,,,,0.446,beat rr=rr_long delta=delta_down member=<num>,generic
500,23,11001,11500,500,500,0,0,1.0,0.0,0.0,,,,,,0.462,beat rr=rr_long delta=delta_down member=<num>,generic
500,24,11501,12000,500,500,0,0,1.0,0.0,0.0,,,,,,0.414,beat rr=rr_long delta=delta_up member=<num>,generic
500,25,12001,12500,500,500,0,0,1.0,0.0,0.0,,,,,,0.452,beat rr=rr_long delta=delta_down member=<num>,generic
500,26,12501,13000,500,500,0,0,1.0,0.0,0.0,,,,,,0.432,beat rr=rr_long delta=delta_up member=<num>,generic
500,27,13001,13500,500,500,0,0,1.0,0.0,0.0,,,,,,0.426,beat rr=rr_long delta=delta_up member=<num>,generic
500,28,13501,14000,500,500,0,0,1.0,0.0,0.0,,,,,,0.466,beat rr=rr_long delta=delta_down member=<num>,generic
500,29,14001,14500,500,500,0,0,1.0,0.0,0.0,,,,,,0.438,beat rr=rr_long delta=delta_down member=<num>,generic
500,30,14501,15000,500,500,0,0,1.0,0.0,0.0,,,,,,0.458,beat rr=rr_long delta=delta_down member=<num>,generic
500,31,15001,15500,500,500,0,0,1.0,0.0,0.0,,,,,,0.466,beat rr=rr_long delta=delta_down member=<num>,generic
500,32,15501,16000,500,500,0,0,1.0,0.0,0.0,,,,,,0.476,beat rr=rr_long delta=delta_down member=<num>,generic
500,33,16001,16500,500,500,0,0,1.0,0.0,0.0,,,,,,0.48,beat rr=rr_long delta=delta_down member=<num>,generic
500,34,16501,17000,500,500,0,0,1.0,0.0,0.0,,,,,,0.468,beat rr=rr_long delta=delta_down member=<num>,generic
500,35,17001,17500,500,500,0,0,1.0,0.0,0.0,,,,,,0.384,beat rr=rr_long delta=delta_down member=<num>,generic
500,36,17501,18000,500,500,0,0,1.0,0.0,0.0,,,,,,0.388,beat rr=rr_long delta=delta_down member=<num>,generic
500,37,18001,18500,500,500,0,0,1.0,0.0,0.0,,,,,,0.39,beat rr=rr_long delta=delta_down member=<num>,generic
500,38,18501,19000,500,500,0,0,1.0,0.0,0.0,,,,,,0.414,beat rr=rr_long delta=delta_down member=<num>,generic
500,39,19001,19500,500,500,0,0,1.0,0.0,0.0,,,,,,0.494,beat rr=rr_long delta=delta_down member=<num>,generic
500,40,19501,20000,500,500,0,0,1.0,0.0,0.0,,,,,,0.4,beat rr=rr_long delta=delta_down member=<num>,generic
500,41,20001,20500,500,500,0,0,1.0,0.0,0.0,,,,,,0.416,beat rr=rr_long delta=delta_down member=<num>,generic
500,42,20501,21000,500,500,0,0,1.0,0.0,0.0,,,,,,0.452,beat rr=rr_long delta=delta_down member=<num>,generic
500,43,21001,21500,500,500,0,0,1.0,0.0,0.0,,,,,,0.428,beat rr=rr_long delta=delta_down member=<num>,generic
500,44,21501,22000,500,500,0,0,1.0,0.0,0.0,,,,,,0.428,beat rr=rr_long delta=delta_down member=<num>,generic
500,45,22001,22500,500,500,0,0,1.0,0.0,0.0,,,,,,0.436,beat rr=rr_long delta=delta_down member=<num>,generic
500,46,22501,23000,500,499,0,1,0.998,0.0,0.002,,,,,,0.45,beat rr=rr_long delta=delta_down member=<num>,generic
500,47,23001,23500,500,500,0,0,1.0,0.0,0.0,,,,,,0.484,beat rr=rr_long delta=delta_down member=<num>,generic
500,48,23501,24000,500,500,0,0,1.0,0.0,0.0,,,,,,0.446,beat rr=rr_long delta=delta_down member=<num>,generic
500,49,24001,24500,500,500,0,0,1.0,0.0,0.0,,,,,,0.402,beat rr=rr_long delta=delta_down member=<num>,generic
500,50,24501,25000,500,500,0,0,1.0,0.0,0.0,,,,,,0.428,beat rr=rr_long delta=delta_down member=<num>,generic
500,51,25001,25500,500,500,0,0,1.0,0.0,0.0,,,,,,0.428,beat rr=rr_long delta=delta_down member=<num>,generic
500,52,25501,26000,500,500,0,0,1.0,0.0,0.0,,,,,,0.452,beat rr=rr_long delta=delta_down member=<num>,generic
500,53,26001,26500,500,500,0,0,1.0,0.0,0.0,,,,,,0.484,beat rr=rr_long delta=delta_down member=<num>,generic
500,54,26501,27000,500,500,0,0,1.0,0.0,0.0,,,,,,0.458,beat rr=rr_long delta=delta_down member=<num>,generic
500,55,27001,27500,500,500,0,0,1.0,0.0,0.0,,,,,,0.488,beat rr=rr_long delta=delta_down member=<num>,generic
500,56,27501,28000,500,500,0,0,1.0,0.0,0.0,,,,,,0.468,beat rr=rr_long delta=delta_down member=<num>,generic
500,57,28001,28500,500,500,0,0,1.0,0.0,0.0,,,,,,0.46,beat rr=rr_long delta=delta_down member=<num>,generic
500,58,28501,29000,500,500,0,0,1.0,0.0,0.0,,,,,,0.43,beat rr=rr_long delta=delta_down member=<num>,generic
500,59,29001,29500,500,500,0,0,1.0,0.0,0.0,,,,,,0.416,beat rr=rr_long delta=delta_down member=<num>,generic
500,60,29501,30000,500,500,0,0,1.0,0.0,0.0,,,,,,0.486,beat rr=rr_long delta=delta_down member=<num>,generic
500,61,30001,30500,500,500,0,0,1.0,0.0,0.0,,,,,,0.502,beat rr=rr_long delta=delta_down member=<num>,generic
500,62,30501,31000,500,500,0,0,1.0,0.0,0.0,,,,,,0.49,beat rr=rr_long delta=delta_down member=<num>,generic
500,63,31001,31500,500,500,0,0,1.0,0.0,0.0,,,,,,0.514,beat rr=rr_long delta=delta_down member=<num>,generic
500,64,31501,32000,500,500,0,0,1.0,0.0,0.0,,,,,,0.46,beat rr=rr_long delta=delta_down member=<num>,generic
500,65,32001,32500,500,500,0,0,1.0,0.0,0.0,,,,,,0.464,beat rr=rr_long delta=delta_down member=<num>,generic
500,66,32501,33000,500,500,0,0,1.0,0.0,0.0,,,,,,0.47,beat rr=rr_long delta=delta_down member=<num>,generic
500,67,33001,33500,500,500,0,0,1.0,0.0,0.0,,,,,,0.476,beat rr=rr_long delta=delta_down member=<num>,generic
500,68,33501,34000,500,500,0,0,1.0,0.0,0.0,,,,,,0.488,beat rr=rr_long delta=delta_down member=<num>,generic
500,69,34001,34500,500,500,0,0,1.0,0.0,0.0,,,,,,0.482,beat rr=rr_long delta=delta_down member=<num>,generic
500,70,34501,35000,500,500,0,0,1.0,0.0,0.0,,,,,,0.478,beat rr=rr_long delta=delta_down member=<num>,generic
500,71,35001,35500,500,500,0,0,1.0,0.0,0.0,,,,,,0.468,beat rr=rr_long delta=delta_down member=<num>,generic
500,72,35501,36000,500,500,0,0,1.0,0.0,0.0,,,,,,0.448,beat rr=rr_long delta=delta_down member=<num>,generic
500,73,36001,36500,500,500,0,0,1.0,0.0,0.0,,,,,,0.446,beat rr=rr_long delta=delta_down member=<num>,generic
500,74,36501,37000,500,500,0,0,1.0,0.0,0.0,,,,,,0.448,beat rr=rr_long delta=delta_down member=<num>,generic
500,75,37001,37500,500,500,0,0,1.0,0.0,0.0,,,,,,0.452,beat rr=rr_long delta=delta_down member=<num>,generic
500,76,37501,38000,500,500,0,0,1.0,0.0,0.0,,,,,,0.46,beat rr=rr_long delta=delta_down member=<num>,generic
500,77,38001,38500,500,500,0,0,1.0,0.0,0.0,,,,,,0.472,beat rr=rr_long delta=delta_down member=<num>,generic
500,78,38501,39000,500,500,0,0,1.0,0.0,0.0,,,,,,0.43,beat rr=rr_long delta=delta_down member=<num>,generic
500,79,39001,39500,500,500,0,0,1.0,0.0,0.0,,,,,,0.418,beat rr=rr_long delta=delta_down member=<num>,generic
500,80,39501,40000,500,500,0,0,1.0,0.0,0.0,,,,,,0.434,beat rr=rr_long delta=delta_down member=<num>,generic
500,81,40001,40500,500,500,0,0,1.0,0.0,0.0,,,,,,0.424,beat rr=rr_long delta=delta_down member=<num>,generic
500,82,40501,41000,500,500,0,0,1.0,0.0,0.0,,,,,,0.434,beat rr=rr_long delta=delta_down member=<num>,generic
500,83,41001,41500,500,499,0,1,0.998,0.0,0.002,,,,,,0.426,beat rr=rr_long delta=delta_down member=<num>,generic
500,84,41501,42000,500,500,0,0,1.0,0.0,0.0,,,,,,0.426,beat rr=rr_long delta=delta_down member=<num>,generic
500,85,42001,42500,500,500,0,0,1.0,0.0,0.0,,,,,,0.436,beat rr=rr_long delta=delta_down member=<num>,generic
500,86,42501,43000,500,500,0,0,1.0,0.0,0.0,,,,,,0.466,beat rr=rr_long delta=delta_down member=<num>,generic
500,87,43001,43500,500,500,0,0,1.0,0.0,0.0,,,,,,0.444,beat rr=rr_long delta=delta_down member=<num>,generic
500,88,43501,44000,500,500,0,0,1.0,0.0,0.0,,,,,,0.446,beat rr=rr_long delta=delta_down member=<num>,generic
500,89,44001,44500,500,500,0,0,1.0,0.0,0.0,,,,,,0.404,beat rr=rr_long delta=delta_down member=<num>,generic
500,90,44501,45000,500,500,0,0,1.0,0.0,0.0,,,,,,0.418,beat rr=rr_long delta=delta_down member=<num>,generic
500,91,45001,45500,500,500,0,0,1.0,0.0,0.0,,,,,,0.422,beat rr=rr_long delta=delta_down member=<num>,generic
500,92,45501,46000,500,500,0,0,1.0,0.0,0.0,,,,,,0.436,beat rr=rr_long delta=delta_down member=<num>,generic
500,93,46001,46500,500,500,0,0,1.0,0.0,0.0,,,,,,0.448,beat rr=rr_long delta=delta_down member=<num>,generic
500,94,46501,47000,500,500,0,0,1.0,0.0,0.0,,,,,,0.422,beat rr=rr_long delta=delta_down member=<num>,generic
500,95,47001,47500,500,500,0,0,1.0,0.0,0.0,,,,,,0.44,beat rr=rr_long delta=delta_down member=<num>,generic
500,96,47501,48000,500,500,0,0,1.0,0.0,0.0,,,,,,0.46,beat rr=rr_long delta=delta_down member=<num>,generic
500,97,48001,48500,500,500,0,0,1.0,0.0,0.0,,,,,,0.464,beat rr=rr_long delta=delta_down member=<num>,generic
500,98,48501,49000,500,500,0,0,1.0,0.0,0.0,,,,,,0.456,beat rr=rr_long delta=delta_down member=<num>,generic
500,99,49001,49500,500,500,0,0,1.0,0.0,0.0,,,,,,0.498,beat rr=rr_long delta=delta_down member=<num>,generic
500,100,49501,50000,500,500,0,0,1.0,0.0,0.0,,,,,,0.484,beat rr=rr_long delta=delta_down member=<num>,generic
625,1,1,625,625,625,0,0,1.0,0.0,0.0,,,,,,0.3728,beat rr=rr_long delta=delta_down member=<num>,generic
625,2,626,1250,625,625,0,0,1.0,0.0,0.0,,,,,,0.344,beat rr=rr_long delta=delta_down member=<num>,generic
625,3,1251,1875,625,625,0,0,1.0,0.0,0.0,,,,,,0.4128,beat rr=rr_long delta=delta_down member=<num>,generic
625,4,1876,2500,625,625,0,0,1.0,0.0,0.0,,,,,,0.4224,beat rr=rr_long delta=delta_down member=<num>,generic
625,5,2501,3125,625,625,0,0,1.0,0.0,0.0,,,,,,0.4128,beat rr=rr_long delta=delta_down member=<num>,generic
625,6,3126,3750,625,625,0,0,1.0,0.0,0.0,,,,,,0.4448,beat rr=rr_long delta=delta_down member=<num>,generic
625,7,3751,4375,625,625,0,0,1.0,0.0,0.0,,,,,,0.4064,beat rr=rr_long delta=delta_down member=<num>,generic
625,8,4376,5000,625,625,0,0,1.0,0.0,0.0,,,,,,0.504,beat rr=rr_long delta=delta_down member=<num>,generic
625,9,5001,5625,625,625,0,0,1.0,0.0,0.0,,,,,,0.4544,beat rr=rr_long delta=delta_down member=<num>,generic
625,10,5626,6250,625,625,0,0,1.0,0.0,0.0,,,,,,0.4784,beat rr=rr_long delta=delta_down member=<num>,generic
625,11,6251,6875,625,625,0,0,1.0,0.0,0.0,,,,,,0.4304,beat rr=rr_long delta=delta_down member=<num>,generic
625,12,6876,7500,625,625,0,0,1.0,0.0,0.0,,,,,,0.4544,beat rr=rr_long delta=delta_down member=<num>,generic
625,13,7501,8125,625,625,0,0,1.0,0.0,0.0,,,,,,0.4432,beat rr=rr_long delta=delta_down member=<num>,generic
625,14,8126,8750,625,625,0,0,1.0,0.0,0.0,,,,,,0.424,beat rr=rr_long delta=delta_down member=<num>,generic
625,15,8751,9375,625,625,0,0,1.0,0.0,0.0,,,,,,0.4096,beat rr=rr_long delta=delta_down member=<num>,generic
625,16,9376,10000,625,625,0,0,1.0,0.0,0.0,,,,,,0.4288,beat rr=rr_long delta=delta_down member=<num>,generic
625,17,10001,10625,625,625,0,0,1.0,0.0,0.0,,,,,,0.4272,beat rr=rr_long delta=delta_down member=<num>,generic
625,18,10626,11250,625,625,0,0,1.0,0.0,0.0,,,,,,0.4528,beat rr=rr_long delta=delta_down member=<num>,generic
625,19,11251,11875,625,625,0,0,1.0,0.0,0.0,,,,,,0.4304,beat rr=rr_long delta=delta_down member=<num>,generic
625,20,11876,12500,625,625,0,0,1.0,0.0,0.0,,,,,,0.44,beat rr=rr_long delta=delta_down member=<num>,generic
625,21,12501,13125,625,625,0,0,1.0,0.0,0.0,,,,,,0.4416,beat rr=rr_long delta=delta_up member=<num>,generic
625,22,13126,13750,625,625,0,0,1.0,0.0,0.0,,,,,,0.4544,beat rr=rr_long delta=delta_down member=<num>,generic
625,23,13751,14375,625,625,0,0,1.0,0.0,0.0,,,,,,0.44,beat rr=rr_long delta=delta_down member=<num>,generic
625,24,14376,15000,625,625,0,0,1.0,0.0,0.0,,,,,,0.4528,beat rr=rr_long delta=delta_down member=<num>,generic
625,25,15001,15625,625,625,0,0,1.0,0.0,0.0,,,,,,0.4736,beat rr=rr_long delta=delta_down member=<num>,generic
625,26,15626,16250,625,625,0,0,1.0,0.0,0.0,,,,,,0.456,beat rr=rr_long delta=delta_down member=<num>,generic
625,27,16251,16875,625,625,0,0,1.0,0.0,0.0,,,,,,0.4896,beat rr=rr_long delta=delta_down member=<num>,generic
625,28,16876,17500,625,625,0,0,1.0,0.0,0.0,,,,,,0.4,beat rr=rr_long delta=delta_down member=<num>,generic
625,29,17501,18125,625,625,0,0,1.0,0.0,0.0,,,,,,0.3856,beat rr=rr_long delta=delta_down member=<num>,generic
625,30,18126,18750,625,625,0,0,1.0,0.0,0.0,,,,,,0.4048,beat rr=rr_long delta=delta_down member=<num>,generic
625,31,18751,19375,625,625,0,0,1.0,0.0,0.0,,,,,,0.4624,beat rr=rr_long delta=delta_down member=<num>,generic
625,32,19376,20000,625,625,0,0,1.0,0.0,0.0,,,,,,0.416,beat rr=rr_long delta=delta_down member=<num>,generic
625,33,20001,20625,625,625,0,0,1.0,0.0,0.0,,,,,,0.4256,beat rr=rr_long delta=delta_down member=<num>,generic
625,34,20626,21250,625,625,0,0,1.0,0.0,0.0,,,,,,0.44,beat rr=rr_long delta=delta_down member=<num>,generic
625,35,21251,21875,625,625,0,0,1.0,0.0,0.0,,,,,,0.4368,beat rr=rr_long delta=delta_down member=<num>,generic
625,36,21876,22500,625,625,0,0,1.0,0.0,0.0,,,,,,0.4256,beat rr=rr_long delta=delta_down member=<num>,generic
625,37,22501,23125,625,624,0,1,0.9984,0.0,0.0016,,,,,,0.456,beat rr=rr_long delta=delta_down member=<num>,generic
625,38,23126,23750,625,625,0,0,1.0,0.0,0.0,,,,,,0.4816,beat rr=rr_long delta=delta_down member=<num>,generic
625,39,23751,24375,625,625,0,0,1.0,0.0,0.0,,,,,,0.3984,beat rr=rr_long delta=delta_down member=<num>,generic
625,40,24376,25000,625,625,0,0,1.0,0.0,0.0,,,,,,0.432,beat rr=rr_long delta=delta_down member=<num>,generic
625,41,25001,25625,625,625,0,0,1.0,0.0,0.0,,,,,,0.4304,beat rr=rr_long delta=delta_down member=<num>,generic
625,42,25626,26250,625,625,0,0,1.0,0.0,0.0,,,,,,0.4784,beat rr=rr_long delta=delta_down member=<num>,generic
625,43,26251,26875,625,625,0,0,1.0,0.0,0.0,,,,,,0.4544,beat rr=rr_long delta=delta_down member=<num>,generic
625,44,26876,27500,625,625,0,0,1.0,0.0,0.0,,,,,,0.4848,beat rr=rr_long delta=delta_down member=<num>,generic
625,45,27501,28125,625,625,0,0,1.0,0.0,0.0,,,,,,0.4704,beat rr=rr_long delta=delta_down member=<num>,generic
625,46,28126,28750,625,625,0,0,1.0,0.0,0.0,,,,,,0.448,beat rr=rr_long delta=delta_down member=<num>,generic
625,47,28751,29375,625,625,0,0,1.0,0.0,0.0,,,,,,0.4208,beat rr=rr_long delta=delta_down member=<num>,generic
625,48,29376,30000,625,625,0,0,1.0,0.0,0.0,,,,,,0.4688,beat rr=rr_long delta=delta_down member=<num>,generic
625,49,30001,30625,625,625,0,0,1.0,0.0,0.0,,,,,,0.4976,beat rr=rr_long delta=delta_down member=<num>,generic
625,50,30626,31250,625,625,0,0,1.0,0.0,0.0,,,,,,0.4992,beat rr=rr_long delta=delta_down member=<num>,generic
625,51,31251,31875,625,625,0,0,1.0,0.0,0.0,,,,,,0.4768,beat rr=rr_long delta=delta_down member=<num>,generic
625,52,31876,32500,625,625,0,0,1.0,0.0,0.0,,,,,,0.4704,beat rr=rr_long delta=delta_down member=<num>,generic
625,53,32501,33125,625,625,0,0,1.0,0.0,0.0,,,,,,0.4656,beat rr=rr_long delta=delta_down member=<num>,generic
625,54,33126,33750,625,625,0,0,1.0,0.0,0.0,,,,,,0.4816,beat rr=rr_long delta=delta_down member=<num>,generic
625,55,33751,34375,625,625,0,0,1.0,0.0,0.0,,,,,,0.4944,beat rr=rr_long delta=delta_down member=<num>,generic
625,56,34376,35000,625,625,0,0,1.0,0.0,0.0,,,,,,0.4736,beat rr=rr_long delta=delta_down member=<num>,generic
625,57,35001,35625,625,625,0,0,1.0,0.0,0.0,,,,,,0.4592,beat rr=rr_long delta=delta_down member=<num>,generic
625,58,35626,36250,625,625,0,0,1.0,0.0,0.0,,,,,,0.4608,beat rr=rr_long delta=delta_down member=<num>,generic
625,59,36251,36875,625,625,0,0,1.0,0.0,0.0,,,,,,0.4464,beat rr=rr_long delta=delta_down member=<num>,generic
625,60,36876,37500,625,625,0,0,1.0,0.0,0.0,,,,,,0.4432,beat rr=rr_long delta=delta_down member=<num>,generic
625,61,37501,38125,625,625,0,0,1.0,0.0,0.0,,,,,,0.4576,beat rr=rr_long delta=delta_down member=<num>,generic
625,62,38126,38750,625,625,0,0,1.0,0.0,0.0,,,,,,0.4512,beat rr=rr_long delta=delta_down member=<num>,generic
625,63,38751,39375,625,625,0,0,1.0,0.0,0.0,,,,,,0.4304,beat rr=rr_long delta=delta_down member=<num>,generic
625,64,39376,40000,625,625,0,0,1.0,0.0,0.0,,,,,,0.432,beat rr=rr_long delta=delta_down member=<num>,generic
625,65,40001,40625,625,625,0,0,1.0,0.0,0.0,,,,,,0.4256,beat rr=rr_long delta=delta_down member=<num>,generic
625,66,40626,41250,625,625,0,0,1.0,0.0,0.0,,,,,,0.416,beat rr=rr_long delta=delta_down member=<num>,generic
625,67,41251,41875,625,624,0,1,0.9984,0.0,0.0016,,,,,,0.4384,beat rr=rr_long delta=delta_down member=<num>,generic
625,68,41876,42500,625,625,0,0,1.0,0.0,0.0,,,,,,0.4368,beat rr=rr_long delta=delta_down member=<num>,generic
625,69,42501,43125,625,625,0,0,1.0,0.0,0.0,,,,,,0.4768,beat rr=rr_long delta=delta_down member=<num>,generic
625,70,43126,43750,625,625,0,0,1.0,0.0,0.0,,,,,,0.416,beat rr=rr_long delta=delta_down member=<num>,generic
625,71,43751,44375,625,625,0,0,1.0,0.0,0.0,,,,,,0.4336,beat rr=rr_long delta=delta_down member=<num>,generic
625,72,44376,45000,625,625,0,0,1.0,0.0,0.0,,,,,,0.416,beat rr=rr_long delta=delta_down member=<num>,generic
625,73,45001,45625,625,625,0,0,1.0,0.0,0.0,,,,,,0.4176,beat rr=rr_long delta=delta_down member=<num>,generic
625,74,45626,46250,625,625,0,0,1.0,0.0,0.0,,,,,,0.4544,beat rr=rr_long delta=delta_down member=<num>,generic
625,75,46251,46875,625,625,0,0,1.0,0.0,0.0,,,,,,0.4272,beat rr=rr_long delta=delta_down member=<num>,generic
625,76,46876,47500,625,625,0,0,1.0,0.0,0.0,,,,,,0.4352,beat rr=rr_long delta=delta_down member=<num>,generic
625,77,47501,48125,625,625,0,0,1.0,0.0,0.0,,,,,,0.4512,beat rr=rr_long delta=delta_down member=<num>,generic
625,78,48126,48750,625,625,0,0,1.0,0.0,0.0,,,,,,0.472,beat rr=rr_long delta=delta_down member=<num>,generic
625,79,48751,49375,625,625,0,0,1.0,0.0,0.0,,,,,,0.472,beat rr=rr_long delta=delta_down member=<num>,generic
625,80,49376,50000,625,625,0,0,1.0,0.0,0.0,,,,,,0.4944,beat rr=rr_long delta=delta_down member=<num>,generic
750,1,1,750,750,750,0,0,1.0,0.0,0.0,,,,,,0.36133333333333334,beat rr=rr_long delta=delta_down member=<num>,generic
750,2,751,1500,750,750,0,0,1.0,0.0,0.0,,,,,,0.384,beat rr=rr_long delta=delta_down member=<num>,generic
750,3,1501,2250,750,750,0,0,1.0,0.0,0.0,,,,,,0.396,beat rr=rr_long delta=delta_down member=<num>,generic
750,4,2251,3000,750,750,0,0,1.0,0.0,0.0,,,,,,0.43066666666666664,beat rr=rr_long delta=delta_down member=<num>,generic
750,5,3001,3750,750,750,0,0,1.0,0.0,0.0,,,,,,0.436,beat rr=rr_long delta=delta_down member=<num>,generic
750,6,3751,4500,750,750,0,0,1.0,0.0,0.0,,,,,,0.4226666666666667,beat rr=rr_long delta=delta_down member=<num>,generic
750,7,4501,5250,750,750,0,0,1.0,0.0,0.0,,,,,,0.48533333333333334,beat rr=rr_long delta=delta_down member=<num>,generic
750,8,5251,6000,750,750,0,0,1.0,0.0,0.0,,,,,,0.472,beat rr=rr_long delta=delta_down member=<num>,generic
750,9,6001,6750,750,750,0,0,1.0,0.0,0.0,,,,,,0.45066666666666666,beat rr=rr_long delta=delta_down member=<num>,generic
750,10,6751,7500,750,750,0,0,1.0,0.0,0.0,,,,,,0.44266666666666665,beat rr=rr_long delta=delta_down member=<num>,generic
750,11,7501,8250,750,750,0,0,1.0,0.0,0.0,,,,,,0.43066666666666664,beat rr=rr_long delta=delta_down member=<num>,generic
750,12,8251,9000,750,750,0,0,1.0,0.0,0.0,,,,,,0.42133333333333334,beat rr=rr_long delta=delta_down member=<num>,generic
750,13,9001,9750,750,750,0,0,1.0,0.0,0.0,,,,,,0.424,beat rr=rr_long delta=delta_down member=<num>,generic
750,14,9751,10500,750,750,0,0,1.0,0.0,0.0,,,,,,0.424,beat rr=rr_long delta=delta_down member=<num>,generic
750,15,10501,11250,750,750,0,0,1.0,0.0,0.0,,,,,,0.45466666666666666,beat rr=rr_long delta=delta_down member=<num>,generic
750,16,11251,12000,750,750,0,0,1.0,0.0,0.0,,,,,,0.424,beat rr=rr_long delta=delta_down member=<num>,generic
750,17,12001,12750,750,750,0,0,1.0,0.0,0.0,,,,,,0.43866666666666665,beat rr=rr_long delta=delta_down member=<num>,generic
750,18,12751,13500,750,750,0,0,1.0,0.0,0.0,,,,,,0.4266666666666667,beat rr=rr_long delta=delta_up member=<num>,generic
750,19,13501,14250,750,750,0,0,1.0,0.0,0.0,,,,,,0.46266666666666667,beat rr=rr_long delta=delta_down member=<num>,generic
750,20,14251,15000,750,750,0,0,1.0,0.0,0.0,,,,,,0.44533333333333336,beat rr=rr_long delta=delta_down member=<num>,generic
750,21,15001,15750,750,750,0,0,1.0,0.0,0.0,,,,,,0.468,beat rr=rr_long delta=delta_down member=<num>,generic
750,22,15751,16500,750,750,0,0,1.0,0.0,0.0,,,,,,0.48,beat rr=rr_long delta=delta_down member=<num>,generic
750,23,16501,17250,750,750,0,0,1.0,0.0,0.0,,,,,,0.44666666666666666,beat rr=rr_long delta=delta_down member=<num>,generic
750,24,17251,18000,750,750,0,0,1.0,0.0,0.0,,,,,,0.38,beat rr=rr_long delta=delta_down member=<num>,generic
750,25,18001,18750,750,750,0,0,1.0,0.0,0.0,,,,,,0.4,beat rr=rr_long delta=delta_down member=<num>,generic
750,26,18751,19500,750,750,0,0,1.0,0.0,0.0,,,,,,0.4653333333333333,beat rr=rr_long delta=delta_down member=<num>,generic
750,27,19501,20250,750,750,0,0,1.0,0.0,0.0,,,,,,0.396,beat rr=rr_long delta=delta_down member=<num>,generic
750,28,20251,21000,750,750,0,0,1.0,0.0,0.0,,,,,,0.4493333333333333,beat rr=rr_long delta=delta_down member=<num>,generic
750,29,21001,21750,750,750,0,0,1.0,0.0,0.0,,,,,,0.43066666666666664,beat rr=rr_long delta=delta_down member=<num>,generic
750,30,21751,22500,750,750,0,0,1.0,0.0,0.0,,,,,,0.43066666666666664,beat rr=rr_long delta=delta_down member=<num>,generic
750,31,22501,23250,750,749,0,1,0.9986666666666667,0.0,0.0013333333333333333,,,,,,0.45066666666666666,beat rr=rr_long delta=delta_down member=<num>,generic
750,32,23251,24000,750,750,0,0,1.0,0.0,0.0,,,,,,0.4693333333333333,beat rr=rr_long delta=delta_down member=<num>,generic
750,33,24001,24750,750,750,0,0,1.0,0.0,0.0,,,,,,0.41333333333333333,beat rr=rr_long delta=delta_down member=<num>,generic
750,34,24751,25500,750,750,0,0,1.0,0.0,0.0,,,,,,0.42533333333333334,beat rr=rr_long delta=delta_down member=<num>,generic
750,35,25501,26250,750,750,0,0,1.0,0.0,0.0,,,,,,0.472,beat rr=rr_long delta=delta_down member=<num>,generic
750,36,26251,27000,750,750,0,0,1.0,0.0,0.0,,,,,,0.4573333333333333,beat rr=rr_long delta=delta_down member=<num>,generic
750,37,27001,27750,750,750,0,0,1.0,0.0,0.0,,,,,,0.468,beat rr=rr_long delta=delta_down member=<num>,generic
750,38,27751,28500,750,750,0,0,1.0,0.0,0.0,,,,,,0.476,beat rr=rr_long delta=delta_down member=<num>,generic
750,39,28501,29250,750,750,0,0,1.0,0.0,0.0,,,,,,0.43466666666666665,beat rr=rr_long delta=delta_down member=<num>,generic
750,40,29251,30000,750,750,0,0,1.0,0.0,0.0,,,,,,0.4533333333333333,beat rr=rr_long delta=delta_down member=<num>,generic
750,41,30001,30750,750,750,0,0,1.0,0.0,0.0,,,,,,0.5026666666666667,beat rr=rr_long delta=delta_down member=<num>,generic
750,42,30751,31500,750,750,0,0,1.0,0.0,0.0,,,,,,0.5013333333333333,beat rr=rr_long delta=delta_down member=<num>,generic
750,43,31501,32250,750,750,0,0,1.0,0.0,0.0,,,,,,0.4573333333333333,beat rr=rr_long delta=delta_down member=<num>,generic
750,44,32251,33000,750,750,0,0,1.0,0.0,0.0,,,,,,0.472,beat rr=rr_long delta=delta_down member=<num>,generic
750,45,33001,33750,750,750,0,0,1.0,0.0,0.0,,,,,,0.476,beat rr=rr_long delta=delta_down member=<num>,generic
750,46,33751,34500,750,750,0,0,1.0,0.0,0.0,,,,,,0.488,beat rr=rr_long delta=delta_down member=<num>,generic
750,47,34501,35250,750,750,0,0,1.0,0.0,0.0,,,,,,0.48133333333333334,beat rr=rr_long delta=delta_down member=<num>,generic
750,48,35251,36000,750,750,0,0,1.0,0.0,0.0,,,,,,0.448,beat rr=rr_long delta=delta_down member=<num>,generic
750,49,36001,36750,750,750,0,0,1.0,0.0,0.0,,,,,,0.45066666666666666,beat rr=rr_long delta=delta_down member=<num>,generic
750,50,36751,37500,750,750,0,0,1.0,0.0,0.0,,,,,,0.44666666666666666,beat rr=rr_long delta=delta_down member=<num>,generic
750,51,37501,38250,750,750,0,0,1.0,0.0,0.0,,,,,,0.468,beat rr=rr_long delta=delta_down member=<num>,generic
750,52,38251,39000,750,750,0,0,1.0,0.0,0.0,,,,,,0.44,beat rr=rr_long delta=delta_down member=<num>,generic
750,53,39001,39750,750,750,0,0,1.0,0.0,0.0,,,,,,0.43066666666666664,beat rr=rr_long delta=delta_down member=<num>,generic
750,54,39751,40500,750,750,0,0,1.0,0.0,0.0,,,,,,0.42,beat rr=rr_long delta=delta_down member=<num>,generic
750,55,40501,41250,750,750,0,0,1.0,0.0,0.0,,,,,,0.4186666666666667,beat rr=rr_long delta=delta_down member=<num>,generic
750,56,41251,42000,750,749,0,1,0.9986666666666667,0.0,0.0013333333333333333,,,,,,0.43866666666666665,beat rr=rr_long delta=delta_down member=<num>,generic
750,57,42001,42750,750,750,0,0,1.0,0.0,0.0,,,,,,0.44533333333333336,beat rr=rr_long delta=delta_down member=<num>,generic
750,58,42751,43500,750,750,0,0,1.0,0.0,0.0,,,,,,0.452,beat rr=rr_long delta=delta_down member=<num>,generic
750,59,43501,44250,750,750,0,0,1.0,0.0,0.0,,,,,,0.43466666666666665,beat rr=rr_long delta=delta_down member=<num>,generic
750,60,44251,45000,750,750,0,0,1.0,0.0,0.0,,,,,,0.4106666666666667,beat rr=rr_long delta=delta_down member=<num>,generic
750,61,45001,45750,750,750,0,0,1.0,0.0,0.0,,,,,,0.42533333333333334,beat rr=rr_long delta=delta_down member=<num>,generic
750,62,45751,46500,750,750,0,0,1.0,0.0,0.0,,,,,,0.44533333333333336,beat rr=rr_long delta=delta_down member=<num>,generic
750,63,46501,47250,750,750,0,0,1.0,0.0,0.0,,,,,,0.432,beat rr=rr_long delta=delta_down member=<num>,generic
750,64,47251,48000,750,750,0,0,1.0,0.0,0.0,,,,,,0.4493333333333333,beat rr=rr_long delta=delta_down member=<num>,generic
750,65,48001,48750,750,750,0,0,1.0,0.0,0.0,,,,,,0.46266666666666667,beat rr=rr_long delta=delta_down member=<num>,generic
750,66,48751,49500,750,750,0,0,1.0,0.0,0.0,,,,,,0.4826666666666667,beat rr=rr_long delta=delta_down member=<num>,generic
750,67,49501,50000,500,500,0,0,1.0,0.0,0.0,,,,,,0.484,beat rr=rr_long delta=delta_down member=<num>,generic
875,1,1,875,875,875,0,0,1.0,0.0,0.0,,,,,,0.3474285714285714,beat rr=rr_long delta=delta_up member=<num>,generic
875,2,876,1750,875,875,0,0,1.0,0.0,0.0,,,,,,0.40914285714285714,beat rr=rr_long delta=delta_down member=<num>,generic
875,3,1751,2625,875,875,0,0,1.0,0.0,0.0,,,,,,0.416,beat rr=rr_long delta=delta_down member=<num>,generic
875,4,2626,3500,875,875,0,0,1.0,0.0,0.0,,,,,,0.4217142857142857,beat rr=rr_long delta=delta_down member=<num>,generic
875,5,3501,4375,875,875,0,0,1.0,0.0,0.0,,,,,,0.4205714285714286,beat rr=rr_long delta=delta_down member=<num>,generic
875,6,4376,5250,875,875,0,0,1.0,0.0,0.0,,,,,,0.488,beat rr=rr_long delta=delta_down member=<num>,generic
875,7,5251,6125,875,875,0,0,1.0,0.0,0.0,,,,,,0.48228571428571426,beat rr=rr_long delta=delta_down member=<num>,generic
875,8,6126,7000,875,875,0,0,1.0,0.0,0.0,,,,,,0.432,beat rr=rr_long delta=delta_down member=<num>,generic
875,9,7001,7875,875,875,0,0,1.0,0.0,0.0,,,,,,0.44571428571428573,beat rr=rr_long delta=delta_down member=<num>,generic
875,10,7876,8750,875,875,0,0,1.0,0.0,0.0,,,,,,0.4297142857142857,beat rr=rr_long delta=delta_down member=<num>,generic
875,11,8751,9625,875,875,0,0,1.0,0.0,0.0,,,,,,0.4102857142857143,beat rr=rr_long delta=delta_down member=<num>,generic
875,12,9626,10500,875,875,0,0,1.0,0.0,0.0,,,,,,0.42742857142857144,beat rr=rr_long delta=delta_down member=<num>,generic
875,13,10501,11375,875,875,0,0,1.0,0.0,0.0,,,,,,0.45714285714285713,beat rr=rr_long delta=delta_down member=<num>,generic
875,14,11376,12250,875,875,0,0,1.0,0.0,0.0,,,,,,0.4228571428571429,beat rr=rr_long delta=delta_down member=<num>,generic
875,15,12251,13125,875,875,0,0,1.0,0.0,0.0,,,,,,0.432,beat rr=rr_long delta=delta_up member=<num>,generic
875,16,13126,14000,875,875,0,0,1.0,0.0,0.0,,,,,,0.4502857142857143,beat rr=rr_long delta=delta_down member=<num>,generic
875,17,14001,14875,875,875,0,0,1.0,0.0,0.0,,,,,,0.44571428571428573,beat rr=rr_long delta=delta_down member=<num>,generic
875,18,14876,15750,875,875,0,0,1.0,0.0,0.0,,,,,,0.4674285714285714,beat rr=rr_long delta=delta_down member=<num>,generic
875,19,15751,16625,875,875,0,0,1.0,0.0,0.0,,,,,,0.47885714285714287,beat rr=rr_long delta=delta_down member=<num>,generic
875,20,16626,17500,875,875,0,0,1.0,0.0,0.0,,,,,,0.41942857142857143,beat rr=rr_long delta=delta_down member=<num>,generic
875,21,17501,18375,875,875,0,0,1.0,0.0,0.0,,,,,,0.39885714285714285,beat rr=rr_long delta=delta_down member=<num>,generic
875,22,18376,19250,875,875,0,0,1.0,0.0,0.0,,,,,,0.4297142857142857,beat rr=rr_long delta=delta_down member=<num>,generic
875,23,19251,20125,875,875,0,0,1.0,0.0,0.0,,,,,,0.41828571428571426,beat rr=rr_long delta=delta_down member=<num>,generic
875,24,20126,21000,875,875,0,0,1.0,0.0,0.0,,,,,,0.44114285714285717,beat rr=rr_long delta=delta_down member=<num>,generic
875,25,21001,21875,875,875,0,0,1.0,0.0,0.0,,,,,,0.4342857142857143,beat rr=rr_long delta=delta_down member=<num>,generic
875,26,21876,22750,875,875,0,0,1.0,0.0,0.0,,,,,,0.43657142857142855,beat rr=rr_long delta=delta_down member=<num>,generic
875,27,22751,23625,875,874,0,1,0.9988571428571429,0.0,0.001142857142857143,,,,,,0.4765714285714286,beat rr=rr_long delta=delta_down member=<num>,generic
875,28,23626,24500,875,875,0,0,1.0,0.0,0.0,,,,,,0.40914285714285714,beat rr=rr_long delta=delta_down member=<num>,generic
875,29,24501,25375,875,875,0,0,1.0,0.0,0.0,,,,,,0.41485714285714287,beat rr=rr_long delta=delta_down member=<num>,generic
875,30,25376,26250,875,875,0,0,1.0,0.0,0.0,,,,,,0.47885714285714287,beat rr=rr_long delta=delta_down member=<num>,generic
875,31,26251,27125,875,875,0,0,1.0,0.0,0.0,,,,,,0.4617142857142857,beat rr=rr_long delta=delta_down member=<num>,generic
875,32,27126,28000,875,875,0,0,1.0,0.0,0.0,,,,,,0.4765714285714286,beat rr=rr_long delta=delta_down member=<num>,generic
875,33,28001,28875,875,875,0,0,1.0,0.0,0.0,,,,,,0.44571428571428573,beat rr=rr_long delta=delta_down member=<num>,generic
875,34,28876,29750,875,875,0,0,1.0,0.0,0.0,,,,,,0.42857142857142855,beat rr=rr_long delta=delta_down member=<num>,generic
875,35,29751,30625,875,875,0,0,1.0,0.0,0.0,,,,,,0.5051428571428571,beat rr=rr_long delta=delta_down member=<num>,generic
875,36,30626,31500,875,875,0,0,1.0,0.0,0.0,,,,,,0.5051428571428571,beat rr=rr_long delta=delta_down member=<num>,generic
875,37,31501,32375,875,875,0,0,1.0,0.0,0.0,,,,,,0.464,beat rr=rr_long delta=delta_down member=<num>,generic
875,38,32376,33250,875,875,0,0,1.0,0.0,0.0,,,,,,0.4685714285714286,beat rr=rr_long delta=delta_down member=<num>,generic
875,39,33251,34125,875,875,0,0,1.0,0.0,0.0,,,,,,0.48,beat rr=rr_long delta=delta_down member=<num>,generic
875,40,34126,35000,875,875,0,0,1.0,0.0,0.0,,,,,,0.48342857142857143,beat rr=rr_long delta=delta_down member=<num>,generic
875,41,35001,35875,875,875,0,0,1.0,0.0,0.0,,,,,,0.4582857142857143,beat rr=rr_long delta=delta_down member=<num>,generic
875,42,35876,36750,875,875,0,0,1.0,0.0,0.0,,,,,,0.4514285714285714,beat rr=rr_long delta=delta_down member=<num>,generic
875,43,36751,37625,875,875,0,0,1.0,0.0,0.0,,,,,,0.4422857142857143,beat rr=rr_long delta=delta_down member=<num>,generic
875,44,37626,38500,875,875,0,0,1.0,0.0,0.0,,,,,,0.47314285714285714,beat rr=rr_long delta=delta_down member=<num>,generic
875,45,38501,39375,875,875,0,0,1.0,0.0,0.0,,,,,,0.42857142857142855,beat rr=rr_long delta=delta_up member=<num>,generic
875,46,39376,40250,875,875,0,0,1.0,0.0,0.0,,,,,,0.4228571428571429,beat rr=rr_long delta=delta_down member=<num>,generic
875,47,40251,41125,875,875,0,0,1.0,0.0,0.0,,,,,,0.432,beat rr=rr_long delta=delta_down member=<num>,generic
875,48,41126,42000,875,874,0,1,0.9988571428571429,0.0,0.001142857142857143,,,,,,0.4308571428571429,beat rr=rr_long delta=delta_down member=<num>,generic
875,49,42001,42875,875,875,0,0,1.0,0.0,0.0,,,,,,0.44342857142857145,beat rr=rr_long delta=delta_down member=<num>,generic
875,50,42876,43750,875,875,0,0,1.0,0.0,0.0,,,,,,0.44342857142857145,beat rr=rr_long delta=delta_down member=<num>,generic
875,51,43751,44625,875,875,0,0,1.0,0.0,0.0,,,,,,0.4308571428571429,beat rr=rr_long delta=delta_down member=<num>,generic
875,52,44626,45500,875,875,0,0,1.0,0.0,0.0,,,,,,0.41714285714285715,beat rr=rr_long delta=delta_down member=<num>,generic
875,53,45501,46375,875,875,0,0,1.0,0.0,0.0,,,,,,0.44571428571428573,beat rr=rr_long delta=delta_down member=<num>,generic
875,54,46376,47250,875,875,0,0,1.0,0.0,0.0,,,,,,0.4297142857142857,beat rr=rr_long delta=delta_down member=<num>,generic
875,55,47251,48125,875,875,0,0,1.0,0.0,0.0,,,,,,0.44457142857142856,beat rr=rr_long delta=delta_down member=<num>,generic
875,56,48126,49000,875,875,0,0,1.0,0.0,0.0,,,,,,0.4662857142857143,beat rr=rr_long delta=delta_down member=<num>,generic
875,57,49001,49875,875,875,0,0,1.0,0.0,0.0,,,,,,0.49142857142857144,beat rr=rr_long delta=delta_down member=<num>,generic
875,58,49876,50000,125,125,0,0,1.0,0.0,0.0,,,,,,0.488,beat rr=rr_long delta=delta_down member=<num>,generic
1000,1,1,1000,1000,1000,0,0,1.0,0.0,0.0,,,,,,0.345,beat rr=rr_long delta=delta_up member=<num>,generic
1000,2,1001,2000,1000,1000,0,0,1.0,0.0,0.0,,,,,,0.417,beat rr=rr_long delta=delta_down member=<num>,generic
1000,3,2001,3000,1000,1000,0,0,1.0,0.0,0.0,,,,,,0.424,beat rr=rr_long delta=delta_down member=<num>,generic
1000,4,3001,4000,1000,1000,0,0,1.0,0.0,0.0,,,,,,0.446,beat rr=rr_long delta=delta_down member=<num>,generic
1000,5,4001,5000,1000,1000,0,0,1.0,0.0,0.0,,,,,,0.45,beat rr=rr_long delta=delta_down member=<num>,generic
1000,6,5001,6000,1000,1000,0,0,1.0,0.0,0.0,,,,,,0.466,beat rr=rr_long delta=delta_down member=<num>,generic
1000,7,6001,7000,1000,1000,0,0,1.0,0.0,0.0,,,,,,0.446,beat rr=rr_long delta=delta_down member=<num>,generic
1000,8,7001,8000,1000,1000,0,0,1.0,0.0,0.0,,,,,,0.447,beat rr=rr_long delta=delta_down member=<num>,generic
1000,9,8001,9000,1000,1000,0,0,1.0,0.0,0.0,,,,,,0.416,beat rr=rr_long delta=delta_down member=<num>,generic
1000,10,9001,10000,1000,1000,0,0,1.0,0.0,0.0,,,,,,0.427,beat rr=rr_long delta=delta_down member=<num>,generic
1000,11,10001,11000,1000,1000,0,0,1.0,0.0,0.0,,,,,,0.432,beat rr=rr_long delta=delta_down member=<num>,generic
1000,12,11001,12000,1000,1000,0,0,1.0,0.0,0.0,,,,,,0.436,beat rr=rr_long delta=delta_down member=<num>,generic
1000,13,12001,13000,1000,1000,0,0,1.0,0.0,0.0,,,,,,0.424,beat rr=rr_long delta=delta_down member=<num>,generic
1000,14,13001,14000,1000,1000,0,0,1.0,0.0,0.0,,,,,,0.441,beat rr=rr_long delta=delta_down member=<num>,generic
1000,15,14001,15000,1000,1000,0,0,1.0,0.0,0.0,,,,,,0.448,beat rr=rr_long delta=delta_down member=<num>,generic
1000,16,15001,16000,1000,1000,0,0,1.0,0.0,0.0,,,,,,0.471,beat rr=rr_long delta=delta_down member=<num>,generic
1000,17,16001,17000,1000,1000,0,0,1.0,0.0,0.0,,,,,,0.474,beat rr=rr_long delta=delta_down member=<num>,generic
1000,18,17001,18000,1000,1000,0,0,1.0,0.0,0.0,,,,,,0.386,beat rr=rr_long delta=delta_down member=<num>,generic
1000,19,18001,19000,1000,1000,0,0,1.0,0.0,0.0,,,,,,0.402,beat rr=rr_long delta=delta_down member=<num>,generic
1000,20,19001,20000,1000,1000,0,0,1.0,0.0,0.0,,,,,,0.447,beat rr=rr_long delta=delta_down member=<num>,generic
1000,21,20001,21000,1000,1000,0,0,1.0,0.0,0.0,,,,,,0.434,beat rr=rr_long delta=delta_down member=<num>,generic
1000,22,21001,22000,1000,1000,0,0,1.0,0.0,0.0,,,,,,0.428,beat rr=rr_long delta=delta_down member=<num>,generic
1000,23,22001,23000,1000,999,0,1,0.999,0.0,0.001,,,,,,0.443,beat rr=rr_long delta=delta_down member=<num>,generic
1000,24,23001,24000,1000,1000,0,0,1.0,0.0,0.0,,,,,,0.465,beat rr=rr_long delta=delta_down member=<num>,generic
1000,25,24001,25000,1000,1000,0,0,1.0,0.0,0.0,,,,,,0.415,beat rr=rr_long delta=delta_down member=<num>,generic
1000,26,25001,26000,1000,1000,0,0,1.0,0.0,0.0,,,,,,0.44,beat rr=rr_long delta=delta_down member=<num>,generic
1000,27,26001,27000,1000,1000,0,0,1.0,0.0,0.0,,,,,,0.471,beat rr=rr_long delta=delta_down member=<num>,generic
1000,28,27001,28000,1000,1000,0,0,1.0,0.0,0.0,,,,,,0.478,beat rr=rr_long delta=delta_down member=<num>,generic
1000,29,28001,29000,1000,1000,0,0,1.0,0.0,0.0,,,,,,0.445,beat rr=rr_long delta=delta_down member=<num>,generic
1000,30,29001,30000,1000,1000,0,0,1.0,0.0,0.0,,,,,,0.451,beat rr=rr_long delta=delta_down member=<num>,generic
1000,31,30001,31000,1000,1000,0,0,1.0,0.0,0.0,,,,,,0.496,beat rr=rr_long delta=delta_down member=<num>,generic
1000,32,31001,32000,1000,1000,0,0,1.0,0.0,0.0,,,,,,0.487,beat rr=rr_long delta=delta_down member=<num>,generic
1000,33,32001,33000,1000,1000,0,0,1.0,0.0,0.0,,,,,,0.467,beat rr=rr_long delta=delta_down member=<num>,generic
1000,34,33001,34000,1000,1000,0,0,1.0,0.0,0.0,,,,,,0.482,beat rr=rr_long delta=delta_down member=<num>,generic
1000,35,34001,35000,1000,1000,0,0,1.0,0.0,0.0,,,,,,0.48,beat rr=rr_long delta=delta_down member=<num>,generic
1000,36,35001,36000,1000,1000,0,0,1.0,0.0,0.0,,,,,,0.458,beat rr=rr_long delta=delta_down member=<num>,generic
1000,37,36001,37000,1000,1000,0,0,1.0,0.0,0.0,,,,,,0.447,beat rr=rr_long delta=delta_down member=<num>,generic
1000,38,37001,38000,1000,1000,0,0,1.0,0.0,0.0,,,,,,0.456,beat rr=rr_long delta=delta_down member=<num>,generic
1000,39,38001,39000,1000,1000,0,0,1.0,0.0,0.0,,,,,,0.451,beat rr=rr_long delta=delta_down member=<num>,generic
1000,40,39001,40000,1000,1000,0,0,1.0,0.0,0.0,,,,,,0.426,beat rr=rr_long delta=delta_down member=<num>,generic
1000,41,40001,41000,1000,1000,0,0,1.0,0.0,0.0,,,,,,0.429,beat rr=rr_long delta=delta_down member=<num>,generic
1000,42,41001,42000,1000,999,0,1,0.999,0.0,0.001,,,,,,0.426,beat rr=rr_long delta=delta_down member=<num>,generic
1000,43,42001,43000,1000,1000,0,0,1.0,0.0,0.0,,,,,,0.451,beat rr=rr_long delta=delta_down member=<num>,generic
1000,44,43001,44000,1000,1000,0,0,1.0,0.0,0.0,,,,,,0.445,beat rr=rr_long delta=delta_down member=<num>,generic
1000,45,44001,45000,1000,1000,0,0,1.0,0.0,0.0,,,,,,0.411,beat rr=rr_long delta=delta_down member=<num>,generic
1000,46,45001,46000,1000,1000,0,0,1.0,0.0,0.0,,,,,,0.429,beat rr=rr_long delta=delta_down member=<num>,generic
1000,47,46001,47000,1000,1000,0,0,1.0,0.0,0.0,,,,,,0.435,beat rr=rr_long delta=delta_down member=<num>,generic
1000,48,47001,48000,1000,1000,0,0,1.0,0.0,0.0,,,,,,0.45,beat rr=rr_long delta=delta_down member=<num>,generic
1000,49,48001,49000,1000,1000,0,0,1.0,0.0,0.0,,,,,,0.46,beat rr=rr_long delta=delta_down member=<num>,generic
1000,50,49001,50000,1000,1000,0,0,1.0,0.0,0.0,,,,,,0.491,beat rr=rr_long delta=delta_down member=<num>,generic
