window_size,window_id,line_start,line_end,lines,stable_lines,middle_lines,residual_lines,stable_share,middle_share,residual_share,residual_self_adjacent,residual_near_stable,residual_near_middle,residual_self_adjacent_share,residual_near_stable_share,dominant_residual_family_share,dominant_residual_family,local_residue_posture
25,1,1,25,25,17,7,1,0.68,0.28,0.04,,,,,,0.32,electricity aggregate load_band_1 up_delta_small member=hourly,generic
25,2,26,50,25,5,15,5,0.2,0.6,0.2,,,,,,0.2,electricity aggregate load_band_3 down_delta_small member=hourly,generic
25,3,51,75,25,8,9,8,0.32,0.36,0.32,,,,,,0.16,electricity aggregate load_band_0 down_delta_small member=hourly,generic
25,4,76,100,25,10,5,10,0.4,0.2,0.4,,,,,,0.24,electricity aggregate load_band_3 up_delta_small member=hourly,generic
25,5,101,125,25,8,9,8,0.32,0.36,0.32,,,,,,0.16,electricity aggregate load_band_0 down_delta_small member=hourly,generic
25,6,126,150,25,6,12,7,0.24,0.48,0.28,,,,,,0.24,electricity aggregate load_band_3 up_delta_small member=hourly,generic
25,7,151,175,25,4,11,10,0.16,0.44,0.4,,,,,,0.16,electricity aggregate load_band_3 up_delta_small member=hourly,generic
25,8,176,200,25,9,5,11,0.36,0.2,0.44,,,,,,0.2,electricity aggregate load_band_3 up_delta_small member=hourly,generic
25,9,201,225,25,0,17,8,0.0,0.68,0.32,,,,,,0.12,electricity aggregate load_band_3 up_delta_small member=hourly,generic
25,10,226,250,25,4,13,8,0.16,0.52,0.32,,,,,,0.16,electricity aggregate load_band_3 up_delta_small member=hourly,generic
25,11,251,275,25,4,13,8,0.16,0.52,0.32,,,,,,0.16,electricity aggregate load_band_3 up_delta_small member=hourly,generic
25,12,276,300,25,4,12,9,0.16,0.48,0.36,,,,,,0.16,electricity aggregate load_band_3 up_delta_small member=hourly,generic
25,13,301,325,25,0,19,6,0.0,0.76,0.24,,,,,,0.12,electricity aggregate load_band_3 up_delta_mid member=hourly,generic
25,14,326,350,25,9,4,12,0.36,0.16,0.48,,,,,,0.2,electricity aggregate load_band_3 down_delta_small member=hourly,generic
25,15,351,375,25,5,15,5,0.2,0.6,0.2,,,,,,0.2,electricity aggregate load_band_3 up_delta_small member=hourly,generic
25,16,376,400,25,9,7,9,0.36,0.28,0.36,,,,,,0.2,electricity aggregate load_band_3 up_delta_small member=hourly,generic
25,17,401,425,25,9,8,8,0.36,0.32,0.32,,,,,,0.2,electricity aggregate load_band_3 up_delta_small member=hourly,generic
25,18,426,450,25,9,5,11,0.36,0.2,0.44,,,,,,0.2,electricity aggregate load_band_3 down_delta_small member=hourly,generic
25,19,451,475,25,5,15,5,0.2,0.6,0.2,,,,,,0.2,electricity aggregate load_band_3 up_delta_small member=hourly,generic
25,20,476,500,25,7,7,11,0.28,0.28,0.44,,,,,,0.28,electricity aggregate load_band_3 up_delta_small member=hourly,generic
25,21,501,525,25,8,4,13,0.32,0.16,0.52,,,,,,0.16,electricity aggregate load_band_3 up_delta_small member=hourly,generic
25,22,526,550,25,4,14,7,0.16,0.56,0.28,,,,,,0.16,electricity aggregate load_band_3 up_delta_small member=hourly,generic
25,23,551,575,25,5,13,7,0.2,0.52,0.28,,,,,,0.2,electricity aggregate load_band_3 up_delta_small member=hourly,generic
25,24,576,600,25,4,15,6,0.16,0.6,0.24,,,,,,0.16,electricity aggregate load_band_3 down_delta_small member=hourly,generic
25,25,601,625,25,4,15,6,0.16,0.6,0.24,,,,,,0.16,electricity aggregate load_band_3 up_delta_small member=hourly,generic
25,26,626,650,25,5,16,4,0.2,0.64,0.16,,,,,,0.2,electricity aggregate load_band_3 up_delta_small member=hourly,generic
25,27,651,675,25,10,7,8,0.4,0.28,0.32,,,,,,0.24,electricity aggregate load_band_3 up_delta_small member=hourly,generic
25,28,676,700,25,4,12,9,0.16,0.48,0.36,,,,,,0.16,electricity aggregate load_band_3 up_delta_small member=hourly,generic
25,29,701,725,25,5,14,6,0.2,0.56,0.24,,,,,,0.2,electricity aggregate load_band_3 up_delta_small member=hourly,generic
25,30,726,750,25,5,11,9,0.2,0.44,0.36,,,,,,0.2,electricity aggregate load_band_3 up_delta_small member=hourly,generic
25,31,751,775,25,8,11,6,0.32,0.44,0.24,,,,,,0.16,electricity aggregate load_band_1 up_delta_mid member=hourly,generic
25,32,776,800,25,5,10,10,0.2,0.4,0.4,,,,,,0.2,electricity aggregate load_band_3 up_delta_small member=hourly,generic
25,33,801,825,25,6,13,6,0.24,0.52,0.24,,,,,,0.24,electricity aggregate load_band_3 up_delta_small member=hourly,generic
25,34,826,850,25,0,15,10,0.0,0.6,0.4,,,,,,0.12,electricity aggregate load_band_2 down_delta_small member=hourly,generic
25,35,851,875,25,4,13,8,0.16,0.52,0.32,,,,,,0.16,electricity aggregate load_band_2 up_delta_small member=hourly,generic
25,36,876,900,25,5,11,9,0.2,0.44,0.36,,,,,,0.2,electricity aggregate load_band_3 up_delta_small member=hourly,generic
25,37,901,925,25,6,9,10,0.24,0.36,0.4,,,,,,0.24,electricity aggregate load_band_3 up_delta_small member=hourly,generic
25,38,926,950,25,6,12,7,0.24,0.48,0.28,,,,,,0.24,electricity aggregate load_band_3 up_delta_small member=hourly,generic
25,39,951,975,25,9,6,10,0.36,0.24,0.4,,,,,,0.2,electricity aggregate load_band_3 up_delta_small member=hourly,generic
25,40,976,1000,25,6,13,6,0.24,0.52,0.24,,,,,,0.24,electricity aggregate load_band_3 up_delta_small member=hourly,generic
25,41,1001,1025,25,4,12,9,0.16,0.48,0.36,,,,,,0.16,electricity aggregate load_band_2 up_delta_small member=hourly,generic
25,42,1026,1050,25,5,12,8,0.2,0.48,0.32,,,,,,0.2,electricity aggregate load_band_3 up_delta_small member=hourly,generic
25,43,1051,1075,25,5,14,6,0.2,0.56,0.24,,,,,,0.2,electricity aggregate load_band_3 up_delta_small member=hourly,generic
25,44,1076,1100,25,0,20,5,0.0,0.8,0.2,,,,,,0.12,electricity aggregate load_band_3 up_delta_mid member=hourly,generic
25,45,1101,1125,25,4,13,8,0.16,0.52,0.32,,,,,,0.16,electricity aggregate load_band_3 down_delta_small member=hourly,generic
25,46,1126,1150,25,4,16,5,0.16,0.64,0.2,,,,,,0.16,electricity aggregate load_band_3 up_delta_small member=hourly,generic
25,47,1151,1175,25,5,15,5,0.2,0.6,0.2,,,,,,0.2,electricity aggregate load_band_3 up_delta_small member=hourly,generic
25,48,1176,1200,25,6,11,8,0.24,0.44,0.32,,,,,,0.24,electricity aggregate load_band_2 up_delta_small member=hourly,generic
25,49,1201,1225,25,4,15,6,0.16,0.6,0.24,,,,,,0.16,electricity aggregate load_band_3 up_delta_small member=hourly,generic
25,50,1226,1250,25,0,22,3,0.0,0.88,0.12,,,,,,0.12,electricity aggregate load_band_0 down_delta_small member=hourly,generic
25,51,1251,1275,25,8,9,8,0.32,0.36,0.32,,,,,,0.16,electricity aggregate load_band_0 down_delta_small member=hourly,generic
25,52,1276,1300,25,10,8,7,0.4,0.32,0.28,,,,,,0.24,electricity aggregate load_band_3 up_delta_small member=hourly,generic
25,53,1301,1325,25,5,14,6,0.2,0.56,0.24,,,,,,0.2,electricity aggregate load_band_3 up_delta_small member=hourly,generic
25,54,1326,1350,25,0,21,4,0.0,0.84,0.16,,,,,,0.12,electricity aggregate load_band_3 up_delta_small member=hourly,generic
25,55,1351,1375,25,6,11,8,0.24,0.44,0.32,,,,,,0.24,electricity aggregate load_band_3 up_delta_small member=hourly,generic
25,56,1376,1400,25,9,10,6,0.36,0.4,0.24,,,,,,0.2,electricity aggregate load_band_3 up_delta_small member=hourly,generic
25,57,1401,1425,25,10,9,6,0.4,0.36,0.24,,,,,,0.24,electricity aggregate load_band_3 up_delta_small member=hourly,generic
25,58,1426,1450,25,4,13,8,0.16,0.52,0.32,,,,,,0.16,electricity aggregate load_band_3 down_delta_small member=hourly,generic
25,59,1451,1475,25,4,13,8,0.16,0.52,0.32,,,,,,0.16,electricity aggregate load_band_3 up_delta_small member=hourly,generic
25,60,1476,1500,25,6,7,12,0.24,0.28,0.48,,,,,,0.24,electricity aggregate load_band_3 up_delta_small member=hourly,generic
25,61,1501,1525,25,6,12,7,0.24,0.48,0.28,,,,,,0.24,electricity aggregate load_band_3 up_delta_small member=hourly,generic
25,62,1526,1550,25,6,9,10,0.24,0.36,0.4,,,,,,0.24,electricity aggregate load_band_3 up_delta_small member=hourly,generic
25,63,1551,1575,25,9,7,9,0.36,0.28,0.36,,,,,,0.2,electricity aggregate load_band_3 up_delta_small member=hourly,generic
25,64,1576,1600,25,8,10,7,0.32,0.4,0.28,,,,,,0.32,electricity aggregate load_band_3 up_delta_small member=hourly,generic
25,65,1601,1625,25,5,14,6,0.2,0.56,0.24,,,,,,0.2,electricity aggregate load_band_3 up_delta_small member=hourly,generic
25,66,1626,1650,25,7,10,8,0.28,0.4,0.32,,,,,,0.28,electricity aggregate load_band_3 up_delta_small member=hourly,generic
25,67,1651,1675,25,6,12,7,0.24,0.48,0.28,,,,,,0.24,electricity aggregate load_band_3 up_delta_small member=hourly,generic
25,68,1676,1700,25,12,2,11,0.48,0.08,0.44,,,,,,0.16,electricity aggregate load_band_3 up_delta_mid member=hourly,generic
25,69,1701,1725,25,5,14,6,0.2,0.56,0.24,,,,,,0.2,electricity aggregate load_band_3 up_delta_small member=hourly,generic
25,70,1726,1750,25,11,5,9,0.44,0.2,0.36,,,,,,0.24,electricity aggregate load_band_3 down_delta_small member=hourly,generic
25,71,1751,1775,25,5,11,9,0.2,0.44,0.36,,,,,,0.2,electricity aggregate load_band_3 up_delta_small member=hourly,generic
25,72,1776,1800,25,5,10,10,0.2,0.4,0.4,,,,,,0.2,electricity aggregate load_band_3 up_delta_small member=hourly,generic
25,73,1801,1825,25,8,11,6,0.32,0.44,0.24,,,,,,0.16,electricity aggregate load_band_3 up_delta_small member=hourly,generic
25,74,1826,1850,25,9,7,9,0.36,0.28,0.36,,,,,,0.2,electricity aggregate load_band_3 down_delta_small member=hourly,generic
25,75,1851,1875,25,8,9,8,0.32,0.36,0.32,,,,,,0.16,electricity aggregate load_band_0 down_delta_small member=hourly,generic
25,76,1876,1900,25,8,7,10,0.32,0.28,0.4,,,,,,0.16,electricity aggregate load_band_0 down_delta_small member=hourly,generic
25,77,1901,1925,25,8,7,10,0.32,0.28,0.4,,,,,,0.16,electricity aggregate load_band_0 down_delta_small member=hourly,generic
25,78,1926,1950,25,5,13,7,0.2,0.52,0.28,,,,,,0.2,electricity aggregate load_band_3 up_delta_small member=hourly,generic
25,79,1951,1975,25,6,10,9,0.24,0.4,0.36,,,,,,0.24,electricity aggregate load_band_3 up_delta_small member=hourly,generic
25,80,1976,2000,25,6,9,10,0.24,0.36,0.4,,,,,,0.24,electricity aggregate load_band_3 up_delta_small member=hourly,generic
25,81,2001,2025,25,9,6,10,0.36,0.24,0.4,,,,,,0.2,electricity aggregate load_band_3 up_delta_small member=hourly,generic
25,82,2026,2050,25,7,11,7,0.28,0.44,0.28,,,,,,0.28,electricity aggregate load_band_3 up_delta_small member=hourly,generic
25,83,2051,2075,25,9,7,9,0.36,0.28,0.36,,,,,,0.2,electricity aggregate load_band_3 up_delta_small member=hourly,generic
25,84,2076,2100,25,7,10,8,0.28,0.4,0.32,,,,,,0.28,electricity aggregate load_band_3 up_delta_small member=hourly,generic
25,85,2101,2125,25,11,6,8,0.44,0.24,0.32,,,,,,0.28,electricity aggregate load_band_3 up_delta_small member=hourly,generic
25,86,2126,2150,25,9,7,9,0.36,0.28,0.36,,,,,,0.36,electricity aggregate load_band_3 up_delta_small member=hourly,generic
25,87,2151,2175,25,7,12,6,0.28,0.48,0.24,,,,,,0.28,electricity aggregate load_band_3 up_delta_small member=hourly,generic
25,88,2176,2200,25,8,7,10,0.32,0.28,0.4,,,,,,0.32,electricity aggregate load_band_3 up_delta_small member=hourly,generic
25,89,2201,2225,25,9,12,4,0.36,0.48,0.16,,,,,,0.2,electricity aggregate load_band_3 down_delta_small member=hourly,generic
25,90,2226,2250,25,10,7,8,0.4,0.28,0.32,,,,,,0.2,electricity aggregate load_band_3 down_delta_small member=hourly,generic
25,91,2251,2275,25,8,8,9,0.32,0.32,0.36,,,,,,0.32,electricity aggregate load_band_3 up_delta_small member=hourly,generic
25,92,2276,2300,25,10,5,10,0.4,0.2,0.4,,,,,,0.2,electricity aggregate load_band_3 down_delta_small member=hourly,generic
25,93,2301,2325,25,11,7,7,0.44,0.28,0.28,,,,,,0.28,electricity aggregate load_band_3 up_delta_small member=hourly,generic
25,94,2326,2350,25,11,6,8,0.44,0.24,0.32,,,,,,0.24,electricity aggregate load_band_3 up_delta_small member=hourly,generic
25,95,2351,2375,25,9,7,9,0.36,0.28,0.36,,,,,,0.2,electricity aggregate load_band_2 up_delta_small member=hourly,generic
25,96,2376,2400,25,9,7,9,0.36,0.28,0.36,,,,,,0.2,electricity aggregate load_band_3 up_delta_small member=hourly,generic
25,97,2401,2425,25,8,9,8,0.32,0.36,0.32,,,,,,0.32,electricity aggregate load_band_3 up_delta_small member=hourly,generic
25,98,2426,2450,25,8,9,8,0.32,0.36,0.32,,,,,,0.16,electricity aggregate load_band_3 down_delta_small member=hourly,generic
25,99,2451,2475,25,9,4,12,0.36,0.16,0.48,,,,,,0.2,electricity aggregate load_band_3 up_delta_small member=hourly,generic
25,100,2476,2500,25,7,8,10,0.28,0.32,0.4,,,,,,0.28,electricity aggregate load_band_3 up_delta_small member=hourly,generic
25,101,2501,2525,25,9,9,7,0.36,0.36,0.28,,,,,,0.2,electricity aggregate load_band_3 up_delta_small member=hourly,generic
25,102,2526,2550,25,4,15,6,0.16,0.6,0.24,,,,,,0.16,electricity aggregate load_band_2 down_delta_small member=hourly,generic
25,103,2551,2575,25,5,13,7,0.2,0.52,0.28,,,,,,0.2,electricity aggregate load_band_3 up_delta_small member=hourly,generic
25,104,2576,2600,25,10,8,7,0.4,0.32,0.28,,,,,,0.2,electricity aggregate load_band_3 up_delta_small member=hourly,generic
25,105,2601,2625,25,10,5,10,0.4,0.2,0.4,,,,,,0.2,electricity aggregate load_band_3 down_delta_small member=hourly,generic
25,106,2626,2650,25,9,10,6,0.36,0.4,0.24,,,,,,0.36,electricity aggregate load_band_3 up_delta_small member=hourly,generic
25,107,2651,2675,25,7,11,7,0.28,0.44,0.28,,,,,,0.28,electricity aggregate load_band_3 up_delta_small member=hourly,generic
25,108,2676,2700,25,10,6,9,0.4,0.24,0.36,,,,,,0.24,electricity aggregate load_band_3 up_delta_small member=hourly,generic
25,109,2701,2725,25,11,8,6,0.44,0.32,0.24,,,,,,0.24,electricity aggregate load_band_3 down_delta_small member=hourly,generic
25,110,2726,2750,25,11,6,8,0.44,0.24,0.32,,,,,,0.28,electricity aggregate load_band_3 up_delta_small member=hourly,generic
25,111,2751,2775,25,10,8,7,0.4,0.32,0.28,,,,,,0.2,electricity aggregate load_band_3 down_delta_small member=hourly,generic
25,112,2776,2800,25,10,5,10,0.4,0.2,0.4,,,,,,0.24,electricity aggregate load_band_3 up_delta_small member=hourly,generic
25,113,2801,2825,25,11,7,7,0.44,0.28,0.28,,,,,,0.24,electricity aggregate load_band_3 up_delta_small member=hourly,generic
25,114,2826,2850,25,6,14,5,0.24,0.56,0.2,,,,,,0.24,electricity aggregate load_band_3 up_delta_small member=hourly,generic
25,115,2851,2875,25,10,5,10,0.4,0.2,0.4,,,,,,0.24,electricity aggregate load_band_2 up_delta_small member=hourly,generic
25,116,2876,2900,25,7,14,4,0.28,0.56,0.16,,,,,,0.28,electricity aggregate load_band_3 up_delta_small member=hourly,generic
25,117,2901,2925,25,8,9,8,0.32,0.36,0.32,,,,,,0.32,electricity aggregate load_band_3 up_delta_small member=hourly,generic
25,118,2926,2950,25,6,12,7,0.24,0.48,0.28,,,,,,0.24,electricity aggregate load_band_3 up_delta_small member=hourly,generic
25,119,2951,2975,25,10,8,7,0.4,0.32,0.28,,,,,,0.24,electricity aggregate load_band_3 up_delta_small member=hourly,generic
25,120,2976,3000,25,9,10,6,0.36,0.4,0.24,,,,,,0.2,electricity aggregate load_band_3 up_delta_small member=hourly,generic
25,121,3001,3025,25,8,9,8,0.32,0.36,0.32,,,,,,0.32,electricity aggregate load_band_3 up_delta_small member=hourly,generic
25,122,3026,3050,25,9,5,11,0.36,0.2,0.44,,,,,,0.2,electricity aggregate load_band_3 up_delta_small member=hourly,generic
25,123,3051,3075,25,7,11,7,0.28,0.44,0.28,,,,,,0.28,electricity aggregate load_band_3 up_delta_small member=hourly,generic
25,124,3076,3100,25,8,11,6,0.32,0.44,0.24,,,,,,0.16,electricity aggregate load_band_3 up_delta_mid member=hourly,generic
25,125,3101,3125,25,9,7,9,0.36,0.28,0.36,,,,,,0.2,electricity aggregate load_band_4 up_delta_small member=hourly,generic
25,126,3126,3150,25,5,12,8,0.2,0.48,0.32,,,,,,0.2,electricity aggregate load_band_4 up_delta_small member=hourly,generic
25,127,3151,3175,25,8,6,11,0.32,0.24,0.44,,,,,,0.16,electricity aggregate load_band_1 up_delta_mid member=hourly,generic
25,128,3176,3200,25,8,6,11,0.32,0.24,0.44,,,,,,0.16,electricity aggregate load_band_1 up_delta_mid member=hourly,generic
25,129,3201,3225,25,8,12,5,0.32,0.48,0.2,,,,,,0.16,electricity aggregate load_band_1 up_delta_mid member=hourly,generic
25,130,3226,3250,25,4,13,8,0.16,0.52,0.32,,,,,,0.16,electricity aggregate load_band_4 up_delta_small member=hourly,generic
25,131,3251,3275,25,5,12,8,0.2,0.48,0.32,,,,,,0.2,electricity aggregate load_band_4 down_delta_small member=hourly,generic
25,132,3276,3300,25,6,12,7,0.24,0.48,0.28,,,,,,0.24,electricity aggregate load_band_4 down_delta_small member=hourly,generic
25,133,3301,3325,25,10,9,6,0.4,0.36,0.24,,,,,,0.24,electricity aggregate load_band_4 down_delta_small member=hourly,generic
25,134,3326,3350,25,0,14,11,0.0,0.56,0.44,,,,,,0.12,electricity aggregate load_band_4 up_delta_small member=hourly,generic
25,135,3351,3375,25,9,10,6,0.36,0.4,0.24,,,,,,0.2,electricity aggregate load_band_3 up_delta_small member=hourly,generic
25,136,3376,3400,25,11,6,8,0.44,0.24,0.32,,,,,,0.28,electricity aggregate load_band_3 up_delta_small member=hourly,generic
25,137,3401,3425,25,5,14,6,0.2,0.56,0.24,,,,,,0.2,electricity aggregate load_band_3 up_delta_small member=hourly,generic
25,138,3426,3450,25,11,6,8,0.44,0.24,0.32,,,,,,0.24,electricity aggregate load_band_4 up_delta_small member=hourly,generic
25,139,3451,3475,25,8,7,10,0.32,0.28,0.4,,,,,,0.16,electricity aggregate load_band_4 down_delta_small member=hourly,generic
25,140,3476,3500,25,4,14,7,0.16,0.56,0.28,,,,,,0.16,electricity aggregate load_band_4 down_delta_small member=hourly,generic
25,141,3501,3525,25,7,6,12,0.28,0.24,0.48,,,,,,0.28,electricity aggregate load_band_4 up_delta_small member=hourly,generic
25,142,3526,3550,25,6,9,10,0.24,0.36,0.4,,,,,,0.24,electricity aggregate load_band_4 up_delta_small member=hourly,generic
25,143,3551,3575,25,4,13,8,0.16,0.52,0.32,,,,,,0.16,electricity aggregate load_band_4 up_delta_small member=hourly,generic
25,144,3576,3600,25,4,14,7,0.16,0.56,0.28,,,,,,0.16,electricity aggregate load_band_4 up_delta_small member=hourly,generic
25,145,3601,3625,25,6,9,10,0.24,0.36,0.4,,,,,,0.24,electricity aggregate load_band_4 down_delta_small member=hourly,generic
25,146,3626,3650,25,4,14,7,0.16,0.56,0.28,,,,,,0.16,electricity aggregate load_band_4 up_delta_small member=hourly,generic
25,147,3651,3675,25,4,15,6,0.16,0.6,0.24,,,,,,0.16,electricity aggregate load_band_4 down_delta_small member=hourly,generic
25,148,3676,3700,25,6,10,9,0.24,0.4,0.36,,,,,,0.24,electricity aggregate load_band_4 down_delta_small member=hourly,generic
25,149,3701,3725,25,8,10,7,0.32,0.4,0.28,,,,,,0.16,electricity aggregate load_band_4 up_delta_mid member=hourly,generic
25,150,3726,3750,25,0,15,10,0.0,0.6,0.4,,,,,,0.12,electricity aggregate load_band_1 up_delta_mid member=hourly,generic
25,151,3751,3775,25,9,10,6,0.36,0.4,0.24,,,,,,0.2,electricity aggregate load_band_4 up_delta_small member=hourly,generic
25,152,3776,3800,25,8,8,9,0.32,0.32,0.36,,,,,,0.16,electricity aggregate load_band_1 up_delta_mid member=hourly,generic
25,153,3801,3825,25,9,7,9,0.36,0.28,0.36,,,,,,0.2,electricity aggregate load_band_4 down_delta_small member=hourly,generic
25,154,3826,3850,25,6,8,11,0.24,0.32,0.44,,,,,,0.24,electricity aggregate load_band_4 down_delta_small member=hourly,generic
25,155,3851,3875,25,5,10,10,0.2,0.4,0.4,,,,,,0.2,electricity aggregate load_band_4 up_delta_small member=hourly,generic
25,156,3876,3900,25,4,13,8,0.16,0.52,0.32,,,,,,0.16,electricity aggregate load_band_4 up_delta_small member=hourly,generic
25,157,3901,3925,25,9,8,8,0.36,0.32,0.32,,,,,,0.2,electricity aggregate load_band_4 up_delta_small member=hourly,generic
25,158,3926,3950,25,6,11,8,0.24,0.44,0.32,,,,,,0.24,electricity aggregate load_band_4 up_delta_small member=hourly,generic
25,159,3951,3975,25,4,13,8,0.16,0.52,0.32,,,,,,0.16,electricity aggregate load_band_4 up_delta_mid member=hourly,generic
25,160,3976,4000,25,4,14,7,0.16,0.56,0.28,,,,,,0.16,electricity aggregate load_band_4 up_delta_mid member=hourly,generic
25,161,4001,4025,25,8,11,6,0.32,0.44,0.24,,,,,,0.16,electricity aggregate load_band_4 up_delta_mid member=hourly,generic
25,162,4026,4050,25,8,9,8,0.32,0.36,0.32,,,,,,0.16,electricity aggregate load_band_4 down_delta_small member=hourly,generic
25,163,4051,4075,25,0,18,7,0.0,0.72,0.28,,,,,,0.12,electricity aggregate load_band_4 down_delta_mid member=hourly,generic
25,164,4076,4100,25,4,13,8,0.16,0.52,0.32,,,,,,0.16,electricity aggregate load_band_4 up_delta_mid member=hourly,generic
25,165,4101,4125,25,5,11,9,0.2,0.44,0.36,,,,,,0.2,electricity aggregate load_band_4 down_delta_small member=hourly,generic
25,166,4126,4150,25,8,9,8,0.32,0.36,0.32,,,,,,0.16,electricity aggregate load_band_4 up_delta_small member=hourly,generic
25,167,4151,4175,25,4,14,7,0.16,0.56,0.28,,,,,,0.16,electricity aggregate load_band_4 up_delta_small member=hourly,generic
25,168,4176,4200,25,5,10,10,0.2,0.4,0.4,,,,,,0.2,electricity aggregate load_band_4 up_delta_small member=hourly,generic
25,169,4201,4225,25,4,14,7,0.16,0.56,0.28,,,,,,0.16,electricity aggregate load_band_4 down_delta_small member=hourly,generic
25,170,4226,4250,25,4,11,10,0.16,0.44,0.4,,,,,,0.16,electricity aggregate load_band_4 down_delta_small member=hourly,generic
25,171,4251,4275,25,0,21,4,0.0,0.84,0.16,,,,,,0.12,electricity aggregate load_band_1 up_delta_small member=hourly,generic
25,172,4276,4300,25,9,11,5,0.36,0.44,0.2,,,,,,0.2,electricity aggregate load_band_4 down_delta_mid member=hourly,generic
25,173,4301,4325,25,5,15,5,0.2,0.6,0.2,,,,,,0.2,electricity aggregate load_band_4 down_delta_mid member=hourly,generic
25,174,4326,4350,25,4,15,6,0.16,0.6,0.24,,,,,,0.16,electricity aggregate load_band_4 down_delta_mid member=hourly,generic
25,175,4351,4375,25,8,9,8,0.32,0.36,0.32,,,,,,0.16,electricity aggregate load_band_1 up_delta_mid member=hourly,generic
25,176,4376,4400,25,9,7,9,0.36,0.28,0.36,,,,,,0.2,electricity aggregate load_band_4 down_delta_small member=hourly,generic
25,177,4401,4425,25,8,11,6,0.32,0.44,0.24,,,,,,0.16,electricity aggregate load_band_1 up_delta_mid member=hourly,generic
25,178,4426,4450,25,0,19,6,0.0,0.76,0.24,,,,,,0.12,electricity aggregate load_band_4 up_delta_mid member=hourly,generic
25,179,4451,4475,25,5,14,6,0.2,0.56,0.24,,,,,,0.2,electricity aggregate load_band_4 down_delta_mid member=hourly,generic
25,180,4476,4500,25,5,12,8,0.2,0.48,0.32,,,,,,0.2,electricity aggregate load_band_4 up_delta_small member=hourly,generic
25,181,4501,4525,25,9,9,7,0.36,0.36,0.28,,,,,,0.2,electricity aggregate load_band_4 up_delta_mid member=hourly,generic
25,182,4526,4550,25,9,10,6,0.36,0.4,0.24,,,,,,0.2,electricity aggregate load_band_4 up_delta_small member=hourly,generic
25,183,4551,4575,25,5,12,8,0.2,0.48,0.32,,,,,,0.2,electricity aggregate load_band_4 up_delta_mid member=hourly,generic
25,184,4576,4600,25,4,15,6,0.16,0.6,0.24,,,,,,0.16,electricity aggregate load_band_4 up_delta_small member=hourly,generic
25,185,4601,4625,25,5,14,6,0.2,0.56,0.24,,,,,,0.2,electricity aggregate load_band_4 up_delta_mid member=hourly,generic
25,186,4626,4650,25,0,19,6,0.0,0.76,0.24,,,,,,0.12,electricity aggregate load_band_4 down_delta_small member=hourly,generic
25,187,4651,4675,25,9,9,7,0.36,0.36,0.28,,,,,,0.2,electricity aggregate load_band_4 up_delta_mid member=hourly,generic
25,188,4676,4700,25,8,7,10,0.32,0.28,0.4,,,,,,0.16,electricity aggregate load_band_4 down_delta_mid member=hourly,generic
25,189,4701,4725,25,4,14,7,0.16,0.56,0.28,,,,,,0.16,electricity aggregate load_band_4 down_delta_mid member=hourly,generic
25,190,4726,4750,25,4,14,7,0.16,0.56,0.28,,,,,,0.16,electricity aggregate load_band_4 up_delta_small member=hourly,generic
25,191,4751,4775,25,8,13,4,0.32,0.52,0.16,,,,,,0.16,electricity aggregate load_band_1 down_delta_small member=hourly,generic
25,192,4776,4800,25,0,19,6,0.0,0.76,0.24,,,,,,0.12,electricity aggregate load_band_4 up_delta_large member=hourly,generic
25,193,4801,4825,25,5,14,6,0.2,0.56,0.24,,,,,,0.2,electricity aggregate load_band_4 up_delta_small member=hourly,generic
25,194,4826,4850,25,9,11,5,0.36,0.44,0.2,,,,,,0.2,electricity aggregate load_band_4 down_delta_small member=hourly,generic
25,195,4851,4875,25,5,15,5,0.2,0.6,0.2,,,,,,0.2,electricity aggregate load_band_4 down_delta_mid member=hourly,generic
25,196,4876,4900,25,0,20,5,0.0,0.8,0.2,,,,,,0.12,electricity aggregate load_band_1 down_delta_small member=hourly,generic
25,197,4901,4925,25,4,16,5,0.16,0.64,0.2,,,,,,0.16,electricity aggregate load_band_4 up_delta_mid member=hourly,generic
25,198,4926,4950,25,5,14,6,0.2,0.56,0.24,,,,,,0.2,electricity aggregate load_band_4 up_delta_small member=hourly,generic
25,199,4951,4975,25,0,18,7,0.0,0.72,0.28,,,,,,0.12,electricity aggregate load_band_1 up_delta_mid member=hourly,generic
25,200,4976,5000,25,5,13,7,0.2,0.52,0.28,,,,,,0.2,electricity aggregate load_band_4 up_delta_small member=hourly,generic
25,201,5001,5025,25,14,4,7,0.56,0.16,0.28,,,,,,0.24,electricity aggregate load_band_4 up_delta_small member=hourly,generic
25,202,5026,5050,25,4,17,4,0.16,0.68,0.16,,,,,,0.16,electricity aggregate load_band_4 up_delta_mid member=hourly,generic
25,203,5051,5075,25,8,11,6,0.32,0.44,0.24,,,,,,0.16,electricity aggregate load_band_4 up_delta_mid member=hourly,generic
25,204,5076,5100,25,5,10,10,0.2,0.4,0.4,,,,,,0.2,electricity aggregate load_band_4 up_delta_mid member=hourly,generic
25,205,5101,5125,25,5,14,6,0.2,0.56,0.24,,,,,,0.2,electricity aggregate load_band_4 up_delta_mid member=hourly,generic
25,206,5126,5150,25,10,5,10,0.4,0.2,0.4,,,,,,0.24,electricity aggregate load_band_4 up_delta_mid member=hourly,generic
25,207,5151,5175,25,8,10,7,0.32,0.4,0.28,,,,,,0.16,electricity aggregate load_band_4 up_delta_mid member=hourly,generic
25,208,5176,5200,25,10,8,7,0.4,0.32,0.28,,,,,,0.2,electricity aggregate load_band_4 up_delta_mid member=hourly,generic
25,209,5201,5225,25,10,7,8,0.4,0.28,0.32,,,,,,0.24,electricity aggregate load_band_4 up_delta_small member=hourly,generic
25,210,5226,5250,25,9,8,8,0.36,0.32,0.32,,,,,,0.2,electricity aggregate load_band_4 down_delta_small member=hourly,generic
25,211,5251,5275,25,8,12,5,0.32,0.48,0.2,,,,,,0.16,electricity aggregate load_band_4 down_delta_mid member=hourly,generic
25,212,5276,5300,25,4,17,4,0.16,0.68,0.16,,,,,,0.16,electricity aggregate load_band_4 down_delta_mid member=hourly,generic
25,213,5301,5325,25,4,18,3,0.16,0.72,0.12,,,,,,0.16,electricity aggregate load_band_4 down_delta_mid member=hourly,generic
25,214,5326,5350,25,9,11,5,0.36,0.44,0.2,,,,,,0.2,electricity aggregate load_band_4 down_delta_mid member=hourly,generic
25,215,5351,5375,25,10,11,4,0.4,0.44,0.16,,,,,,0.2,electricity aggregate load_band_4 up_delta_mid member=hourly,generic
25,216,5376,5400,25,4,15,6,0.16,0.6,0.24,,,,,,0.16,electricity aggregate load_band_4 up_delta_small member=hourly,generic
25,217,5401,5425,25,0,17,8,0.0,0.68,0.32,,,,,,0.12,electricity aggregate load_band_1 up_delta_mid member=hourly,generic
25,218,5426,5450,25,7,12,6,0.28,0.48,0.24,,,,,,0.28,electricity aggregate load_band_4 down_delta_small member=hourly,generic
25,219,5451,5475,25,10,11,4,0.4,0.44,0.16,,,,,,0.24,electricity aggregate load_band_4 down_delta_small member=hourly,generic
25,220,5476,5500,25,4,15,6,0.16,0.6,0.24,,,,,,0.16,electricity aggregate load_band_4 down_delta_small member=hourly,generic
25,221,5501,5525,25,8,10,7,0.32,0.4,0.28,,,,,,0.16,electricity aggregate load_band_4 up_delta_small member=hourly,generic
25,222,5526,5550,25,4,13,8,0.16,0.52,0.32,,,,,,0.16,electricity aggregate load_band_4 up_delta_small member=hourly,generic
25,223,5551,5575,25,14,0,11,0.56,0.0,0.44,,,,,,0.2,electricity aggregate load_band_4 up_delta_small member=hourly,generic
25,224,5576,5600,25,4,16,5,0.16,0.64,0.2,,,,,,0.16,electricity aggregate load_band_1 up_delta_mid member=hourly,generic
25,225,5601,5625,25,4,11,10,0.16,0.44,0.4,,,,,,0.16,electricity aggregate load_band_1 up_delta_mid member=hourly,generic
25,226,5626,5650,25,9,7,9,0.36,0.28,0.36,,,,,,0.2,electricity aggregate load_band_4 up_delta_mid member=hourly,generic
25,227,5651,5675,25,4,13,8,0.16,0.52,0.32,,,,,,0.16,electricity aggregate load_band_4 down_delta_mid member=hourly,generic
25,228,5676,5700,25,8,8,9,0.32,0.32,0.36,,,,,,0.16,electricity aggregate load_band_4 up_delta_mid member=hourly,generic
25,229,5701,5725,25,0,19,6,0.0,0.76,0.24,,,,,,0.12,electricity aggregate load_band_4 up_delta_mid member=hourly,generic
25,230,5726,5750,25,4,13,8,0.16,0.52,0.32,,,,,,0.16,electricity aggregate load_band_4 up_delta_mid member=hourly,generic
25,231,5751,5775,25,5,11,9,0.2,0.44,0.36,,,,,,0.2,electricity aggregate load_band_4 up_delta_small member=hourly,generic
25,232,5776,5800,25,8,12,5,0.32,0.48,0.2,,,,,,0.16,electricity aggregate load_band_4 up_delta_mid member=hourly,generic
25,233,5801,5825,25,5,13,7,0.2,0.52,0.28,,,,,,0.2,electricity aggregate load_band_4 up_delta_small member=hourly,generic
25,234,5826,5850,25,13,5,7,0.52,0.2,0.28,,,,,,0.2,electricity aggregate load_band_4 down_delta_mid member=hourly,generic
25,235,5851,5875,25,8,10,7,0.32,0.4,0.28,,,,,,0.16,electricity aggregate load_band_4 down_delta_small member=hourly,generic
25,236,5876,5900,25,8,10,7,0.32,0.4,0.28,,,,,,0.16,electricity aggregate load_band_4 down_delta_mid member=hourly,generic
25,237,5901,5925,25,0,17,8,0.0,0.68,0.32,,,,,,0.12,electricity aggregate load_band_4 down_delta_mid member=hourly,generic
25,238,5926,5950,25,5,14,6,0.2,0.56,0.24,,,,,,0.2,electricity aggregate load_band_4 down_delta_small member=hourly,generic
25,239,5951,5975,25,5,12,8,0.2,0.48,0.32,,,,,,0.2,electricity aggregate load_band_4 down_delta_small member=hourly,generic
25,240,5976,6000,25,5,15,5,0.2,0.6,0.2,,,,,,0.2,electricity aggregate load_band_4 up_delta_small member=hourly,generic
25,241,6001,6025,25,4,18,3,0.16,0.72,0.12,,,,,,0.16,electricity aggregate load_band_4 down_delta_small member=hourly,generic
25,242,6026,6050,25,4,17,4,0.16,0.68,0.16,,,,,,0.16,electricity aggregate load_band_4 down_delta_mid member=hourly,generic
25,243,6051,6075,25,4,14,7,0.16,0.56,0.28,,,,,,0.16,electricity aggregate load_band_4 up_delta_small member=hourly,generic
25,244,6076,6100,25,0,19,6,0.0,0.76,0.24,,,,,,0.12,electricity aggregate load_band_1 up_delta_mid member=hourly,generic
25,245,6101,6125,25,9,8,8,0.36,0.32,0.32,,,,,,0.2,electricity aggregate load_band_4 up_delta_mid member=hourly,generic
25,246,6126,6150,25,0,19,6,0.0,0.76,0.24,,,,,,0.12,electricity aggregate load_band_1 up_delta_mid member=hourly,generic
25,247,6151,6175,25,8,10,7,0.32,0.4,0.28,,,,,,0.16,electricity aggregate load_band_1 up_delta_mid member=hourly,generic
25,248,6176,6200,25,4,14,7,0.16,0.56,0.28,,,,,,0.16,electricity aggregate load_band_1 up_delta_mid member=hourly,generic
25,249,6201,6225,25,8,9,8,0.32,0.36,0.32,,,,,,0.16,electricity aggregate load_band_4 up_delta_small member=hourly,generic
25,250,6226,6250,25,5,11,9,0.2,0.44,0.36,,,,,,0.2,electricity aggregate load_band_4 up_delta_small member=hourly,generic
25,251,6251,6275,25,4,14,7,0.16,0.56,0.28,,,,,,0.16,electricity aggregate load_band_4 up_delta_small member=hourly,generic
25,252,6276,6300,25,8,12,5,0.32,0.48,0.2,,,,,,0.16,electricity aggregate load_band_4 up_delta_small member=hourly,generic
25,253,6301,6325,25,9,10,6,0.36,0.4,0.24,,,,,,0.2,electricity aggregate load_band_4 up_delta_mid member=hourly,generic
25,254,6326,6350,25,4,14,7,0.16,0.56,0.28,,,,,,0.16,electricity aggregate load_band_4 up_delta_mid member=hourly,generic
25,255,6351,6375,25,9,9,7,0.36,0.36,0.28,,,,,,0.2,electricity aggregate load_band_4 up_delta_small member=hourly,generic
25,256,6376,6400,25,5,10,10,0.2,0.4,0.4,,,,,,0.2,electricity aggregate load_band_4 up_delta_small member=hourly,generic
25,257,6401,6425,25,9,8,8,0.36,0.32,0.32,,,,,,0.2,electricity aggregate load_band_4 down_delta_small member=hourly,generic
25,258,6426,6450,25,6,11,8,0.24,0.44,0.32,,,,,,0.24,electricity aggregate load_band_4 up_delta_small member=hourly,generic
25,259,6451,6475,25,0,14,11,0.0,0.56,0.44,,,,,,0.12,electricity aggregate load_band_4 down_delta_small member=hourly,generic
25,260,6476,6500,25,4,12,9,0.16,0.48,0.36,,,,,,0.16,electricity aggregate load_band_3 down_delta_small member=hourly,generic
25,261,6501,6525,25,0,14,11,0.0,0.56,0.44,,,,,,0.12,electricity aggregate load_band_3 down_delta_small member=hourly,generic
25,262,6526,6550,25,5,9,11,0.2,0.36,0.44,,,,,,0.2,electricity aggregate load_band_4 up_delta_small member=hourly,generic
25,263,6551,6575,25,8,6,11,0.32,0.24,0.44,,,,,,0.16,electricity aggregate load_band_4 up_delta_small member=hourly,generic
25,264,6576,6600,25,9,7,9,0.36,0.28,0.36,,,,,,0.2,electricity aggregate load_band_4 up_delta_small member=hourly,generic
25,265,6601,6625,25,8,7,10,0.32,0.28,0.4,,,,,,0.16,electricity aggregate load_band_4 down_delta_small member=hourly,generic
25,266,6626,6650,25,4,10,11,0.16,0.4,0.44,,,,,,0.16,electricity aggregate load_band_4 up_delta_small member=hourly,generic
25,267,6651,6675,25,11,4,10,0.44,0.16,0.4,,,,,,0.28,electricity aggregate load_band_4 down_delta_small member=hourly,generic
25,268,6676,6700,25,9,5,11,0.36,0.2,0.44,,,,,,0.2,electricity aggregate load_band_4 down_delta_small member=hourly,generic
25,269,6701,6725,25,8,7,10,0.32,0.28,0.4,,,,,,0.16,electricity aggregate load_band_4 up_delta_small member=hourly,generic
25,270,6726,6750,25,8,11,6,0.32,0.44,0.24,,,,,,0.16,electricity aggregate load_band_4 up_delta_small member=hourly,generic
25,271,6751,6775,25,5,11,9,0.2,0.44,0.36,,,,,,0.2,electricity aggregate load_band_4 down_delta_small member=hourly,generic
25,272,6776,6800,25,4,13,8,0.16,0.52,0.32,,,,,,0.16,electricity aggregate load_band_4 down_delta_small member=hourly,generic
25,273,6801,6825,25,4,13,8,0.16,0.52,0.32,,,,,,0.16,electricity aggregate load_band_4 up_delta_small member=hourly,generic
25,274,6826,6850,25,5,10,10,0.2,0.4,0.4,,,,,,0.2,electricity aggregate load_band_4 down_delta_small member=hourly,generic
25,275,6851,6875,25,7,8,10,0.28,0.32,0.4,,,,,,0.28,electricity aggregate load_band_4 up_delta_small member=hourly,generic
25,276,6876,6900,25,4,12,9,0.16,0.48,0.36,,,,,,0.16,electricity aggregate load_band_4 up_delta_small member=hourly,generic
25,277,6901,6925,25,0,20,5,0.0,0.8,0.2,,,,,,0.12,electricity aggregate load_band_4 up_delta_small member=hourly,generic
25,278,6926,6950,25,6,11,8,0.24,0.44,0.32,,,,,,0.24,electricity aggregate load_band_3 up_delta_small member=hourly,generic
25,279,6951,6975,25,8,10,7,0.32,0.4,0.28,,,,,,0.32,electricity aggregate load_band_3 up_delta_small member=hourly,generic
25,280,6976,7000,25,8,10,7,0.32,0.4,0.28,,,,,,0.16,electricity aggregate load_band_3 up_delta_small member=hourly,generic
25,281,7001,7025,25,9,11,5,0.36,0.44,0.2,,,,,,0.2,electricity aggregate load_band_3 up_delta_small member=hourly,generic
25,282,7026,7050,25,10,6,9,0.4,0.24,0.36,,,,,,0.24,electricity aggregate load_band_3 up_delta_small member=hourly,generic
25,283,7051,7075,25,6,12,7,0.24,0.48,0.28,,,,,,0.24,electricity aggregate load_band_3 up_delta_small member=hourly,generic
25,284,7076,7100,25,0,16,9,0.0,0.64,0.36,,,,,,0.12,electricity aggregate load_band_0 down_delta_small member=hourly,generic
25,285,7101,7125,25,4,15,6,0.16,0.6,0.24,,,,,,0.16,electricity aggregate load_band_3 down_delta_small member=hourly,generic
25,286,7126,7150,25,9,11,5,0.36,0.44,0.2,,,,,,0.2,electricity aggregate load_band_3 down_delta_small member=hourly,generic
25,287,7151,7175,25,9,9,7,0.36,0.36,0.28,,,,,,0.2,electricity aggregate load_band_3 up_delta_small member=hourly,generic
25,288,7176,7200,25,0,17,8,0.0,0.68,0.32,,,,,,0.12,electricity aggregate load_band_0 down_delta_small member=hourly,generic
25,289,7201,7225,25,9,8,8,0.36,0.32,0.32,,,,,,0.2,electricity aggregate load_band_3 down_delta_small member=hourly,generic
25,290,7226,7250,25,6,8,11,0.24,0.32,0.44,,,,,,0.24,electricity aggregate load_band_3 down_delta_small member=hourly,generic
25,291,7251,7275,25,4,18,3,0.16,0.72,0.12,,,,,,0.16,electricity aggregate load_band_3 up_delta_mid member=hourly,generic
25,292,7276,7300,25,6,15,4,0.24,0.6,0.16,,,,,,0.24,electricity aggregate load_band_3 down_delta_small member=hourly,generic
25,293,7301,7325,25,5,14,6,0.2,0.56,0.24,,,,,,0.2,electricity aggregate load_band_3 up_delta_small member=hourly,generic
25,294,7326,7350,25,6,14,5,0.24,0.56,0.2,,,,,,0.24,electricity aggregate load_band_3 down_delta_small member=hourly,generic
25,295,7351,7375,25,6,13,6,0.24,0.52,0.24,,,,,,0.24,electricity aggregate load_band_3 up_delta_small member=hourly,generic
25,296,7376,7400,25,4,13,8,0.16,0.52,0.32,,,,,,0.16,electricity aggregate load_band_1 up_delta_mid member=hourly,generic
25,297,7401,7425,25,0,20,5,0.0,0.8,0.2,,,,,,0.12,electricity aggregate load_band_1 up_delta_mid member=hourly,generic
25,298,7426,7450,25,7,14,4,0.28,0.56,0.16,,,,,,0.28,electricity aggregate load_band_3 up_delta_small member=hourly,generic
25,299,7451,7475,25,0,17,8,0.0,0.68,0.32,,,,,,0.12,electricity aggregate load_band_2 up_delta_large member=hourly,generic
25,300,7476,7500,25,9,12,4,0.36,0.48,0.16,,,,,,0.2,electricity aggregate load_band_3 down_delta_small member=hourly,generic
25,301,7501,7525,25,7,11,7,0.28,0.44,0.28,,,,,,0.28,electricity aggregate load_band_3 down_delta_small member=hourly,generic
25,302,7526,7550,25,4,15,6,0.16,0.6,0.24,,,,,,0.16,electricity aggregate load_band_3 down_delta_small member=hourly,generic
25,303,7551,7575,25,4,8,13,0.16,0.32,0.52,,,,,,0.16,electricity aggregate load_band_3 down_delta_small member=hourly,generic
25,304,7576,7600,25,7,8,10,0.28,0.32,0.4,,,,,,0.28,electricity aggregate load_band_2 up_delta_small member=hourly,generic
25,305,7601,7625,25,0,17,8,0.0,0.68,0.32,,,,,,0.12,electricity aggregate load_band_3 up_delta_small member=hourly,generic
25,306,7626,7650,25,5,12,8,0.2,0.48,0.32,,,,,,0.2,electricity aggregate load_band_2 down_delta_small member=hourly,generic
25,307,7651,7675,25,4,18,3,0.16,0.72,0.12,,,,,,0.16,electricity aggregate load_band_3 up_delta_small member=hourly,generic
25,308,7676,7700,25,5,17,3,0.2,0.68,0.12,,,,,,0.2,electricity aggregate load_band_3 up_delta_small member=hourly,generic
25,309,7701,7725,25,0,21,4,0.0,0.84,0.16,,,,,,0.12,electricity aggregate load_band_3 down_delta_small member=hourly,generic
25,310,7726,7750,25,0,16,9,0.0,0.64,0.36,,,,,,0.12,electricity aggregate load_band_0 down_delta_small member=hourly,generic
25,311,7751,7775,25,5,8,12,0.2,0.32,0.48,,,,,,0.2,electricity aggregate load_band_3 up_delta_small member=hourly,generic
25,312,7776,7800,25,5,15,5,0.2,0.6,0.2,,,,,,0.2,electricity aggregate load_band_3 down_delta_small member=hourly,generic
25,313,7801,7825,25,5,10,10,0.2,0.4,0.4,,,,,,0.2,electricity aggregate load_band_2 up_delta_small member=hourly,generic
25,314,7826,7850,25,0,18,7,0.0,0.72,0.28,,,,,,0.12,electricity aggregate load_band_2 up_delta_small member=hourly,generic
25,315,7851,7875,25,4,12,9,0.16,0.48,0.36,,,,,,0.16,electricity aggregate load_band_3 up_delta_small member=hourly,generic
25,316,7876,7900,25,5,14,6,0.2,0.56,0.24,,,,,,0.2,electricity aggregate load_band_3 up_delta_small member=hourly,generic
25,317,7901,7925,25,6,10,9,0.24,0.4,0.36,,,,,,0.24,electricity aggregate load_band_3 up_delta_small member=hourly,generic
25,318,7926,7950,25,4,16,5,0.16,0.64,0.2,,,,,,0.16,electricity aggregate load_band_2 up_delta_small member=hourly,generic
25,319,7951,7975,25,0,17,8,0.0,0.68,0.32,,,,,,0.12,electricity aggregate load_band_2 up_delta_small member=hourly,generic
25,320,7976,8000,25,4,12,9,0.16,0.48,0.36,,,,,,0.16,electricity aggregate load_band_2 up_delta_small member=hourly,generic
25,321,8001,8025,25,5,11,9,0.2,0.44,0.36,,,,,,0.2,electricity aggregate load_band_2 up_delta_small member=hourly,generic
25,322,8026,8050,25,0,14,11,0.0,0.56,0.44,,,,,,0.12,electricity aggregate load_band_2 up_delta_small member=hourly,generic
25,323,8051,8075,25,0,14,11,0.0,0.56,0.44,,,,,,0.12,electricity aggregate load_band_2 up_delta_small member=hourly,generic
25,324,8076,8100,25,5,8,12,0.2,0.32,0.48,,,,,,0.2,electricity aggregate load_band_2 up_delta_small member=hourly,generic
25,325,8101,8125,25,6,12,7,0.24,0.48,0.28,,,,,,0.24,electricity aggregate load_band_2 up_delta_small member=hourly,generic
25,326,8126,8150,25,0,17,8,0.0,0.68,0.32,,,,,,0.12,electricity aggregate load_band_2 down_delta_small member=hourly,generic
25,327,8151,8175,25,0,19,6,0.0,0.76,0.24,,,,,,0.12,electricity aggregate load_band_2 down_delta_small member=hourly,generic
25,328,8176,8200,25,9,9,7,0.36,0.36,0.28,,,,,,0.2,electricity aggregate load_band_3 down_delta_small member=hourly,generic
25,329,8201,8225,25,8,5,12,0.32,0.2,0.48,,,,,,0.16,electricity aggregate load_band_3 up_delta_small member=hourly,generic
25,330,8226,8250,25,0,12,13,0.0,0.48,0.52,,,,,,0.12,electricity aggregate load_band_3 up_delta_small member=hourly,generic
25,331,8251,8275,25,0,15,10,0.0,0.6,0.4,,,,,,0.12,electricity aggregate load_band_2 up_delta_small member=hourly,generic
25,332,8276,8300,25,0,18,7,0.0,0.72,0.28,,,,,,0.12,electricity aggregate load_band_2 up_delta_mid member=hourly,generic
25,333,8301,8325,25,4,9,12,0.16,0.36,0.48,,,,,,0.16,electricity aggregate load_band_3 down_delta_small member=hourly,generic
25,334,8326,8350,25,6,10,9,0.24,0.4,0.36,,,,,,0.24,electricity aggregate load_band_3 down_delta_small member=hourly,generic
25,335,8351,8375,25,5,14,6,0.2,0.56,0.24,,,,,,0.2,electricity aggregate load_band_3 up_delta_small member=hourly,generic
25,336,8376,8400,25,8,12,5,0.32,0.48,0.2,,,,,,0.16,electricity aggregate load_band_3 up_delta_small member=hourly,generic
25,337,8401,8425,25,0,22,3,0.0,0.88,0.12,,,,,,0.12,electricity aggregate load_band_0 down_delta_small member=hourly,generic
25,338,8426,8450,25,4,14,7,0.16,0.56,0.28,,,,,,0.16,electricity aggregate load_band_3 down_delta_small member=hourly,generic
25,339,8451,8475,25,12,6,7,0.48,0.24,0.28,,,,,,0.16,electricity aggregate load_band_0 down_delta_small member=hourly,generic
25,340,8476,8500,25,12,8,5,0.48,0.32,0.2,,,,,,0.16,electricity aggregate load_band_0 down_delta_small member=hourly,generic
25,341,8501,8525,25,15,5,5,0.6,0.2,0.2,,,,,,0.28,electricity aggregate load_band_3 down_delta_small member=hourly,generic
25,342,8526,8550,25,9,12,4,0.36,0.48,0.16,,,,,,0.2,electricity aggregate load_band_3 down_delta_small member=hourly,generic
25,343,8551,8575,25,10,6,9,0.4,0.24,0.36,,,,,,0.24,electricity aggregate load_band_3 up_delta_small member=hourly,generic
25,344,8576,8600,25,5,13,7,0.2,0.52,0.28,,,,,,0.2,electricity aggregate load_band_3 down_delta_small member=hourly,generic
25,345,8601,8625,25,4,14,7,0.16,0.56,0.28,,,,,,0.16,electricity aggregate load_band_0 up_delta_small member=hourly,generic
25,346,8626,8650,25,12,10,3,0.48,0.4,0.12,,,,,,0.28,electricity aggregate load_band_1 down_delta_small member=hourly,generic
25,347,8651,8675,25,4,13,8,0.16,0.52,0.32,,,,,,0.16,electricity aggregate load_band_2 up_delta_small member=hourly,generic
25,348,8676,8700,25,0,17,8,0.0,0.68,0.32,,,,,,0.12,electricity aggregate load_band_3 up_delta_small member=hourly,generic
25,349,8701,8725,25,8,4,13,0.32,0.16,0.52,,,,,,0.16,electricity aggregate load_band_3 up_delta_mid member=hourly,generic
25,350,8726,8750,25,9,7,9,0.36,0.28,0.36,,,,,,0.2,electricity aggregate load_band_3 up_delta_small member=hourly,generic
25,351,8751,8775,25,10,10,5,0.4,0.4,0.2,,,,,,0.24,electricity aggregate load_band_3 up_delta_small member=hourly,generic
25,352,8776,8800,25,8,11,6,0.32,0.44,0.24,,,,,,0.16,electricity aggregate load_band_0 down_delta_small member=hourly,generic
25,353,8801,8825,25,5,16,4,0.2,0.64,0.16,,,,,,0.2,electricity aggregate load_band_1 down_delta_small member=hourly,generic
25,354,8826,8850,25,6,9,10,0.24,0.36,0.4,,,,,,0.24,electricity aggregate load_band_2 up_delta_small member=hourly,generic
25,355,8851,8875,25,5,10,10,0.2,0.4,0.4,,,,,,0.2,electricity aggregate load_band_2 up_delta_small member=hourly,generic
25,356,8876,8900,25,0,17,8,0.0,0.68,0.32,,,,,,0.12,electricity aggregate load_band_2 down_delta_small member=hourly,generic
25,357,8901,8925,25,4,13,8,0.16,0.52,0.32,,,,,,0.16,electricity aggregate load_band_2 up_delta_small member=hourly,generic
25,358,8926,8950,25,0,17,8,0.0,0.68,0.32,,,,,,0.12,electricity aggregate load_band_3 down_delta_small member=hourly,generic
25,359,8951,8975,25,0,19,6,0.0,0.76,0.24,,,,,,0.12,electricity aggregate load_band_0 down_delta_small member=hourly,generic
25,360,8976,9000,25,4,13,8,0.16,0.52,0.32,,,,,,0.16,electricity aggregate load_band_2 up_delta_small member=hourly,generic
25,361,9001,9025,25,0,19,6,0.0,0.76,0.24,,,,,,0.12,electricity aggregate load_band_0 down_delta_small member=hourly,generic
25,362,9026,9050,25,4,15,6,0.16,0.6,0.24,,,,,,0.16,electricity aggregate load_band_2 up_delta_small member=hourly,generic
25,363,9051,9075,25,4,15,6,0.16,0.6,0.24,,,,,,0.16,electricity aggregate load_band_0 down_delta_small member=hourly,generic
25,364,9076,9100,25,10,6,9,0.4,0.24,0.36,,,,,,0.24,electricity aggregate load_band_2 down_delta_small member=hourly,generic
25,365,9101,9125,25,5,12,8,0.2,0.48,0.32,,,,,,0.2,electricity aggregate load_band_2 up_delta_small member=hourly,generic
25,366,9126,9150,25,6,12,7,0.24,0.48,0.28,,,,,,0.24,electricity aggregate load_band_2 up_delta_small member=hourly,generic
25,367,9151,9175,25,6,10,9,0.24,0.4,0.36,,,,,,0.24,electricity aggregate load_band_2 up_delta_small member=hourly,generic
25,368,9176,9200,25,8,7,10,0.32,0.28,0.4,,,,,,0.16,electricity aggregate load_band_1 up_delta_mid member=hourly,generic
25,369,9201,9225,25,4,15,6,0.16,0.6,0.24,,,,,,0.16,electricity aggregate load_band_3 down_delta_small member=hourly,generic
25,370,9226,9250,25,4,12,9,0.16,0.48,0.36,,,,,,0.16,electricity aggregate load_band_2 down_delta_small member=hourly,generic
25,371,9251,9275,25,10,7,8,0.4,0.28,0.32,,,,,,0.24,electricity aggregate load_band_2 down_delta_small member=hourly,generic
25,372,9276,9300,25,6,11,8,0.24,0.44,0.32,,,,,,0.24,electricity aggregate load_band_2 up_delta_small member=hourly,generic
25,373,9301,9325,25,6,11,8,0.24,0.44,0.32,,,,,,0.24,electricity aggregate load_band_2 up_delta_small member=hourly,generic
25,374,9326,9350,25,5,13,7,0.2,0.52,0.28,,,,,,0.2,electricity aggregate load_band_2 up_delta_small member=hourly,generic
25,375,9351,9375,25,5,11,9,0.2,0.44,0.36,,,,,,0.2,electricity aggregate load_band_2 up_delta_small member=hourly,generic
25,376,9376,9400,25,8,11,6,0.32,0.44,0.24,,,,,,0.16,electricity aggregate load_band_3 down_delta_small member=hourly,generic
25,377,9401,9425,25,4,10,11,0.16,0.4,0.44,,,,,,0.16,electricity aggregate load_band_3 up_delta_small member=hourly,generic
25,378,9426,9450,25,4,11,10,0.16,0.44,0.4,,,,,,0.16,electricity aggregate load_band_2 up_delta_small member=hourly,generic
25,379,9451,9475,25,5,13,7,0.2,0.52,0.28,,,,,,0.2,electricity aggregate load_band_2 up_delta_small member=hourly,generic
25,380,9476,9500,25,5,13,7,0.2,0.52,0.28,,,,,,0.2,electricity aggregate load_band_2 up_delta_small member=hourly,generic
25,381,9501,9525,25,5,13,7,0.2,0.52,0.28,,,,,,0.2,electricity aggregate load_band_2 up_delta_small member=hourly,generic
25,382,9526,9550,25,0,15,10,0.0,0.6,0.4,,,,,,0.12,electricity aggregate load_band_0 down_delta_small member=hourly,generic
25,383,9551,9575,25,5,16,4,0.2,0.64,0.16,,,,,,0.2,electricity aggregate load_band_2 down_delta_small member=hourly,generic
25,384,9576,9600,25,9,11,5,0.36,0.44,0.2,,,,,,0.2,electricity aggregate load_band_2 down_delta_small member=hourly,generic
25,385,9601,9625,25,6,10,9,0.24,0.4,0.36,,,,,,0.24,electricity aggregate load_band_2 up_delta_small member=hourly,generic
25,386,9626,9650,25,5,14,6,0.2,0.56,0.24,,,,,,0.2,electricity aggregate load_band_2 up_delta_small member=hourly,generic
25,387,9651,9675,25,11,8,6,0.44,0.32,0.24,,,,,,0.28,electricity aggregate load_band_2 up_delta_small member=hourly,generic
25,388,9676,9700,25,11,8,6,0.44,0.32,0.24,,,,,,0.28,electricity aggregate load_band_2 up_delta_small member=hourly,generic
25,389,9701,9725,25,5,14,6,0.2,0.56,0.24,,,,,,0.2,electricity aggregate load_band_2 up_delta_small member=hourly,generic
25,390,9726,9750,25,7,11,7,0.28,0.44,0.28,,,,,,0.28,electricity aggregate load_band_2 up_delta_small member=hourly,generic
25,391,9751,9775,25,9,10,6,0.36,0.4,0.24,,,,,,0.2,electricity aggregate load_band_2 up_delta_small member=hourly,generic
25,392,9776,9800,25,7,11,7,0.28,0.44,0.28,,,,,,0.28,electricity aggregate load_band_2 up_delta_small member=hourly,generic
25,393,9801,9825,25,6,13,6,0.24,0.52,0.24,,,,,,0.24,electricity aggregate load_band_2 up_delta_small member=hourly,generic
25,394,9826,9850,25,6,11,8,0.24,0.44,0.32,,,,,,0.24,electricity aggregate load_band_2 up_delta_small member=hourly,generic
25,395,9851,9875,25,13,5,7,0.52,0.2,0.28,,,,,,0.2,electricity aggregate load_band_2 up_delta_small member=hourly,generic
25,396,9876,9900,25,7,12,6,0.28,0.48,0.24,,,,,,0.28,electricity aggregate load_band_2 up_delta_small member=hourly,generic
25,397,9901,9925,25,5,15,5,0.2,0.6,0.2,,,,,,0.2,electricity aggregate load_band_2 up_delta_small member=hourly,generic
25,398,9926,9950,25,11,9,5,0.44,0.36,0.2,,,,,,0.28,electricity aggregate load_band_2 up_delta_small member=hourly,generic
25,399,9951,9975,25,10,9,6,0.4,0.36,0.24,,,,,,0.2,electricity aggregate load_band_2 down_delta_small member=hourly,generic
25,400,9976,10000,25,11,8,6,0.44,0.32,0.24,,,,,,0.24,electricity aggregate load_band_2 up_delta_small member=hourly,generic
25,401,10001,10025,25,9,6,10,0.36,0.24,0.4,,,,,,0.2,electricity aggregate load_band_2 up_delta_small member=hourly,generic
25,402,10026,10050,25,6,12,7,0.24,0.48,0.28,,,,,,0.24,electricity aggregate load_band_2 up_delta_small member=hourly,generic
25,403,10051,10075,25,4,14,7,0.16,0.56,0.28,,,,,,0.16,electricity aggregate load_band_2 up_delta_small member=hourly,generic
25,404,10076,10100,25,5,13,7,0.2,0.52,0.28,,,,,,0.2,electricity aggregate load_band_2 up_delta_small member=hourly,generic
25,405,10101,10125,25,9,12,4,0.36,0.48,0.16,,,,,,0.2,electricity aggregate load_band_2 up_delta_small member=hourly,generic
25,406,10126,10150,25,8,11,6,0.32,0.44,0.24,,,,,,0.16,electricity aggregate load_band_2 up_delta_small member=hourly,generic
25,407,10151,10175,25,6,14,5,0.24,0.56,0.2,,,,,,0.24,electricity aggregate load_band_2 up_delta_small member=hourly,generic
25,408,10176,10200,25,9,10,6,0.36,0.4,0.24,,,,,,0.2,electricity aggregate load_band_2 up_delta_small member=hourly,generic
25,409,10201,10225,25,5,13,7,0.2,0.52,0.28,,,,,,0.2,electricity aggregate load_band_2 up_delta_small member=hourly,generic
25,410,10226,10250,25,8,13,4,0.32,0.52,0.16,,,,,,0.16,electricity aggregate load_band_2 up_delta_small member=hourly,generic
25,411,10251,10275,25,9,9,7,0.36,0.36,0.28,,,,,,0.2,electricity aggregate load_band_2 down_delta_small member=hourly,generic
25,412,10276,10300,25,7,9,9,0.28,0.36,0.36,,,,,,0.28,electricity aggregate load_band_2 up_delta_small member=hourly,generic
25,413,10301,10325,25,4,17,4,0.16,0.68,0.16,,,,,,0.16,electricity aggregate load_band_2 down_delta_small member=hourly,generic
25,414,10326,10350,25,5,12,8,0.2,0.48,0.32,,,,,,0.2,electricity aggregate load_band_2 up_delta_small member=hourly,generic
25,415,10351,10375,25,8,10,7,0.32,0.4,0.28,,,,,,0.16,electricity aggregate load_band_2 up_delta_small member=hourly,generic
25,416,10376,10400,25,5,13,7,0.2,0.52,0.28,,,,,,0.2,electricity aggregate load_band_2 up_delta_small member=hourly,generic
25,417,10401,10425,25,8,11,6,0.32,0.44,0.24,,,,,,0.16,electricity aggregate load_band_2 up_delta_small member=hourly,generic
25,418,10426,10450,25,6,14,5,0.24,0.56,0.2,,,,,,0.24,electricity aggregate load_band_2 down_delta_small member=hourly,generic
25,419,10451,10475,25,6,15,4,0.24,0.6,0.16,,,,,,0.24,electricity aggregate load_band_2 up_delta_small member=hourly,generic
25,420,10476,10500,25,10,6,9,0.4,0.24,0.36,,,,,,0.24,electricity aggregate load_band_2 up_delta_small member=hourly,generic
25,421,10501,10525,25,10,8,7,0.4,0.32,0.28,,,,,,0.24,electricity aggregate load_band_2 down_delta_small member=hourly,generic
25,422,10526,10550,25,7,11,7,0.28,0.44,0.28,,,,,,0.28,electricity aggregate load_band_2 up_delta_small member=hourly,generic
25,423,10551,10575,25,8,10,7,0.32,0.4,0.28,,,,,,0.16,electricity aggregate load_band_2 down_delta_small member=hourly,generic
25,424,10576,10600,25,6,12,7,0.24,0.48,0.28,,,,,,0.24,electricity aggregate load_band_2 down_delta_small member=hourly,generic
25,425,10601,10625,25,10,11,4,0.4,0.44,0.16,,,,,,0.2,electricity aggregate load_band_2 up_delta_small member=hourly,generic
25,426,10626,10650,25,10,8,7,0.4,0.32,0.28,,,,,,0.24,electricity aggregate load_band_2 down_delta_small member=hourly,generic
25,427,10651,10675,25,7,11,7,0.28,0.44,0.28,,,,,,0.28,electricity aggregate load_band_2 up_delta_small member=hourly,generic
25,428,10676,10700,25,6,12,7,0.24,0.48,0.28,,,,,,0.24,electricity aggregate load_band_2 up_delta_small member=hourly,generic
25,429,10701,10725,25,5,11,9,0.2,0.44,0.36,,,,,,0.2,electricity aggregate load_band_2 up_delta_small member=hourly,generic
25,430,10726,10750,25,8,10,7,0.32,0.4,0.28,,,,,,0.16,electricity aggregate load_band_2 down_delta_small member=hourly,generic
25,431,10751,10775,25,6,15,4,0.24,0.6,0.16,,,,,,0.24,electricity aggregate load_band_2 down_delta_small member=hourly,generic
25,432,10776,10800,25,4,15,6,0.16,0.6,0.24,,,,,,0.16,electricity aggregate load_band_2 down_delta_small member=hourly,generic
25,433,10801,10825,25,4,15,6,0.16,0.6,0.24,,,,,,0.16,electricity aggregate load_band_3 up_delta_small member=hourly,generic
25,434,10826,10850,25,0,17,8,0.0,0.68,0.32,,,,,,0.12,electricity aggregate load_band_2 down_delta_small member=hourly,generic
25,435,10851,10875,25,4,13,8,0.16,0.52,0.32,,,,,,0.16,electricity aggregate load_band_0 down_delta_small member=hourly,generic
25,436,10876,10900,25,6,14,5,0.24,0.56,0.2,,,,,,0.24,electricity aggregate load_band_3 up_delta_small member=hourly,generic
25,437,10901,10925,25,0,16,9,0.0,0.64,0.36,,,,,,0.12,electricity aggregate load_band_2 down_delta_small member=hourly,generic
25,438,10926,10950,25,8,9,8,0.32,0.36,0.32,,,,,,0.32,electricity aggregate load_band_2 down_delta_small member=hourly,generic
25,439,10951,10975,25,6,14,5,0.24,0.56,0.2,,,,,,0.24,electricity aggregate load_band_2 up_delta_small member=hourly,generic
25,440,10976,11000,25,9,7,9,0.36,0.28,0.36,,,,,,0.2,electricity aggregate load_band_2 up_delta_small member=hourly,generic
25,441,11001,11025,25,7,10,8,0.28,0.4,0.32,,,,,,0.28,electricity aggregate load_band_2 up_delta_small member=hourly,generic
25,442,11026,11050,25,11,9,5,0.44,0.36,0.2,,,,,,0.28,electricity aggregate load_band_2 up_delta_small member=hourly,generic
25,443,11051,11075,25,7,14,4,0.28,0.56,0.16,,,,,,0.28,electricity aggregate load_band_2 up_delta_small member=hourly,generic
25,444,11076,11100,25,10,8,7,0.4,0.32,0.28,,,,,,0.2,electricity aggregate load_band_2 down_delta_small member=hourly,generic
25,445,11101,11125,25,11,7,7,0.44,0.28,0.28,,,,,,0.24,electricity aggregate load_band_2 up_delta_small member=hourly,generic
25,446,11126,11150,25,9,7,9,0.36,0.28,0.36,,,,,,0.36,electricity aggregate load_band_2 up_delta_small member=hourly,generic
25,447,11151,11175,25,11,7,7,0.44,0.28,0.28,,,,,,0.24,electricity aggregate load_band_2 up_delta_small member=hourly,generic
25,448,11176,11200,25,11,5,9,0.44,0.2,0.36,,,,,,0.24,electricity aggregate load_band_2 up_delta_small member=hourly,generic
25,449,11201,11225,25,11,5,9,0.44,0.2,0.36,,,,,,0.28,electricity aggregate load_band_2 up_delta_small member=hourly,generic
25,450,11226,11250,25,4,12,9,0.16,0.48,0.36,,,,,,0.16,electricity aggregate load_band_2 up_delta_small member=hourly,generic
25,451,11251,11275,25,0,14,11,0.0,0.56,0.44,,,,,,0.12,electricity aggregate load_band_2 down_delta_mid member=hourly,generic
25,452,11276,11300,25,10,7,8,0.4,0.28,0.32,,,,,,0.2,electricity aggregate load_band_3 up_delta_small member=hourly,generic
25,453,11301,11325,25,9,5,11,0.36,0.2,0.44,,,,,,0.2,electricity aggregate load_band_3 down_delta_small member=hourly,generic
25,454,11326,11350,25,6,9,10,0.24,0.36,0.4,,,,,,0.24,electricity aggregate load_band_3 down_delta_small member=hourly,generic
25,455,11351,11375,25,10,7,8,0.4,0.28,0.32,,,,,,0.2,electricity aggregate load_band_3 up_delta_small member=hourly,generic
25,456,11376,11400,25,4,12,9,0.16,0.48,0.36,,,,,,0.16,electricity aggregate load_band_3 up_delta_small member=hourly,generic
25,457,11401,11425,25,5,10,10,0.2,0.4,0.4,,,,,,0.2,electricity aggregate load_band_3 down_delta_small member=hourly,generic
25,458,11426,11450,25,5,8,12,0.2,0.32,0.48,,,,,,0.2,electricity aggregate load_band_3 down_delta_small member=hourly,generic
25,459,11451,11475,25,13,4,8,0.52,0.16,0.32,,,,,,0.2,electricity aggregate load_band_3 down_delta_small member=hourly,generic
25,460,11476,11500,25,14,2,9,0.56,0.08,0.36,,,,,,0.24,electricity aggregate load_band_3 down_delta_small member=hourly,generic
25,461,11501,11525,25,15,4,6,0.6,0.16,0.24,,,,,,0.24,electricity aggregate load_band_3 up_delta_small member=hourly,generic
25,462,11526,11550,25,9,9,7,0.36,0.36,0.28,,,,,,0.2,electricity aggregate load_band_3 up_delta_small member=hourly,generic
25,463,11551,11575,25,4,15,6,0.16,0.6,0.24,,,,,,0.16,electricity aggregate load_band_3 down_delta_small member=hourly,generic
25,464,11576,11600,25,4,14,7,0.16,0.56,0.28,,,,,,0.16,electricity aggregate load_band_2 up_delta_small member=hourly,generic
25,465,11601,11625,25,11,7,7,0.44,0.28,0.28,,,,,,0.28,electricity aggregate load_band_2 up_delta_small member=hourly,generic
25,466,11626,11650,25,8,10,7,0.32,0.4,0.28,,,,,,0.32,electricity aggregate load_band_2 up_delta_small member=hourly,generic
25,467,11651,11675,25,8,12,5,0.32,0.48,0.2,,,,,,0.32,electricity aggregate load_band_2 up_delta_small member=hourly,generic
25,468,11676,11700,25,11,10,4,0.44,0.4,0.16,,,,,,0.28,electricity aggregate load_band_2 up_delta_small member=hourly,generic
25,469,11701,11725,25,5,7,13,0.2,0.28,0.52,,,,,,0.2,electricity aggregate load_band_2 up_delta_small member=hourly,generic
25,470,11726,11750,25,5,10,10,0.2,0.4,0.4,,,,,,0.2,electricity aggregate load_band_3 down_delta_small member=hourly,generic
25,471,11751,11775,25,6,13,6,0.24,0.52,0.24,,,,,,0.24,electricity aggregate load_band_3 down_delta_small member=hourly,generic
25,472,11776,11800,25,11,8,6,0.44,0.32,0.24,,,,,,0.28,electricity aggregate load_band_3 up_delta_small member=hourly,generic
25,473,11801,11825,25,11,6,8,0.44,0.24,0.32,,,,,,0.24,electricity aggregate load_band_3 down_delta_small member=hourly,generic
25,474,11826,11850,25,9,12,4,0.36,0.48,0.16,,,,,,0.2,electricity aggregate load_band_3 down_delta_small member=hourly,generic
25,475,11851,11875,25,0,18,7,0.0,0.72,0.28,,,,,,0.12,electricity aggregate load_band_3 down_delta_small member=hourly,generic
25,476,11876,11900,25,5,15,5,0.2,0.6,0.2,,,,,,0.2,electricity aggregate load_band_3 down_delta_small member=hourly,generic
25,477,11901,11925,25,0,15,10,0.0,0.6,0.4,,,,,,0.12,electricity aggregate load_band_3 down_delta_mid member=hourly,generic
25,478,11926,11950,25,6,12,7,0.24,0.48,0.28,,,,,,0.24,electricity aggregate load_band_3 down_delta_small member=hourly,generic
25,479,11951,11975,25,5,12,8,0.2,0.48,0.32,,,,,,0.2,electricity aggregate load_band_3 down_delta_small member=hourly,generic
25,480,11976,12000,25,5,13,7,0.2,0.52,0.28,,,,,,0.2,electricity aggregate load_band_3 down_delta_small member=hourly,generic
25,481,12001,12025,25,9,8,8,0.36,0.32,0.32,,,,,,0.2,electricity aggregate load_band_3 up_delta_small member=hourly,generic
25,482,12026,12050,25,5,15,5,0.2,0.6,0.2,,,,,,0.2,electricity aggregate load_band_3 up_delta_small member=hourly,generic
25,483,12051,12075,25,14,4,7,0.56,0.16,0.28,,,,,,0.2,electricity aggregate load_band_2 up_delta_small member=hourly,generic
25,484,12076,12100,25,14,4,7,0.56,0.16,0.28,,,,,,0.24,electricity aggregate load_band_2 down_delta_small member=hourly,generic
25,485,12101,12125,25,10,7,8,0.4,0.28,0.32,,,,,,0.2,electricity aggregate load_band_2 up_delta_small member=hourly,generic
25,486,12126,12150,25,11,12,2,0.44,0.48,0.08,,,,,,0.28,electricity aggregate load_band_2 up_delta_small member=hourly,generic
25,487,12151,12175,25,5,13,7,0.2,0.52,0.28,,,,,,0.2,electricity aggregate load_band_3 up_delta_small member=hourly,generic
25,488,12176,12200,25,4,17,4,0.16,0.68,0.16,,,,,,0.16,electricity aggregate load_band_3 down_delta_small member=hourly,generic
25,489,12201,12225,25,4,17,4,0.16,0.68,0.16,,,,,,0.16,electricity aggregate load_band_3 down_delta_small member=hourly,generic
25,490,12226,12250,25,7,8,10,0.28,0.32,0.4,,,,,,0.28,electricity aggregate load_band_3 up_delta_small member=hourly,generic
25,491,12251,12275,25,10,5,10,0.4,0.2,0.4,,,,,,0.24,electricity aggregate load_band_3 down_delta_small member=hourly,generic
25,492,12276,12300,25,8,7,10,0.32,0.28,0.4,,,,,,0.16,electricity aggregate load_band_3 up_delta_small member=hourly,generic
25,493,12301,12325,25,9,12,4,0.36,0.48,0.16,,,,,,0.2,electricity aggregate load_band_3 up_delta_small member=hourly,generic
25,494,12326,12350,25,5,16,4,0.2,0.64,0.16,,,,,,0.2,electricity aggregate load_band_3 up_delta_small member=hourly,generic
25,495,12351,12375,25,10,10,5,0.4,0.4,0.2,,,,,,0.24,electricity aggregate load_band_3 up_delta_small member=hourly,generic
25,496,12376,12400,25,8,11,6,0.32,0.44,0.24,,,,,,0.32,electricity aggregate load_band_3 up_delta_small member=hourly,generic
25,497,12401,12425,25,0,18,7,0.0,0.72,0.28,,,,,,0.12,electricity aggregate load_band_3 down_delta_small member=hourly,generic
25,498,12426,12450,25,8,3,14,0.32,0.12,0.56,,,,,,0.16,electricity aggregate load_band_3 down_delta_small member=hourly,generic
25,499,12451,12475,25,6,13,6,0.24,0.52,0.24,,,,,,0.24,electricity aggregate load_band_4 up_delta_small member=hourly,generic
25,500,12476,12500,25,0,19,6,0.0,0.76,0.24,,,,,,0.12,electricity aggregate load_band_4 down_delta_small member=hourly,generic
25,501,12501,12525,25,4,13,8,0.16,0.52,0.32,,,,,,0.16,electricity aggregate load_band_4 up_delta_small member=hourly,generic
25,502,12526,12550,25,7,9,9,0.28,0.36,0.36,,,,,,0.28,electricity aggregate load_band_3 down_delta_small member=hourly,generic
25,503,12551,12575,25,10,8,7,0.4,0.32,0.28,,,,,,0.24,electricity aggregate load_band_3 down_delta_small member=hourly,generic
25,504,12576,12600,25,5,14,6,0.2,0.56,0.24,,,,,,0.2,electricity aggregate load_band_3 up_delta_small member=hourly,generic
25,505,12601,12625,25,10,8,7,0.4,0.32,0.28,,,,,,0.2,electricity aggregate load_band_3 up_delta_small member=hourly,generic
25,506,12626,12650,25,10,10,5,0.4,0.4,0.2,,,,,,0.2,electricity aggregate load_band_3 up_delta_small member=hourly,generic
25,507,12651,12675,25,0,14,11,0.0,0.56,0.44,,,,,,0.12,electricity aggregate load_band_0 down_delta_small member=hourly,generic
25,508,12676,12700,25,4,15,6,0.16,0.6,0.24,,,,,,0.16,electricity aggregate load_band_0 down_delta_small member=hourly,generic
25,509,12701,12725,25,4,15,6,0.16,0.6,0.24,,,,,,0.16,electricity aggregate load_band_4 up_delta_small member=hourly,generic
25,510,12726,12750,25,4,16,5,0.16,0.64,0.2,,,,,,0.16,electricity aggregate load_band_4 up_delta_mid member=hourly,generic
25,511,12751,12775,25,5,13,7,0.2,0.52,0.28,,,,,,0.2,electricity aggregate load_band_4 up_delta_small member=hourly,generic
25,512,12776,12800,25,4,14,7,0.16,0.56,0.28,,,,,,0.16,electricity aggregate load_band_4 down_delta_small member=hourly,generic
25,513,12801,12825,25,13,7,5,0.52,0.28,0.2,,,,,,0.2,electricity aggregate load_band_3 down_delta_small member=hourly,generic
25,514,12826,12850,25,10,9,6,0.4,0.36,0.24,,,,,,0.24,electricity aggregate load_band_3 down_delta_small member=hourly,generic
25,515,12851,12875,25,4,13,8,0.16,0.52,0.32,,,,,,0.16,electricity aggregate load_band_3 down_delta_small member=hourly,generic
25,516,12876,12900,25,0,18,7,0.0,0.72,0.28,,,,,,0.12,electricity aggregate load_band_3 down_delta_mid member=hourly,generic
25,517,12901,12925,25,4,10,11,0.16,0.4,0.44,,,,,,0.16,electricity aggregate load_band_4 up_delta_small member=hourly,generic
25,518,12926,12950,25,9,5,11,0.36,0.2,0.44,,,,,,0.2,electricity aggregate load_band_4 down_delta_small member=hourly,generic
25,519,12951,12975,25,8,8,9,0.32,0.32,0.36,,,,,,0.16,electricity aggregate load_band_4 down_delta_small member=hourly,generic
25,520,12976,13000,25,4,17,4,0.16,0.68,0.16,,,,,,0.16,electricity aggregate load_band_4 up_delta_small member=hourly,generic
25,521,13001,13025,25,8,11,6,0.32,0.44,0.24,,,,,,0.16,electricity aggregate load_band_4 up_delta_small member=hourly,generic
25,522,13026,13050,25,8,12,5,0.32,0.48,0.2,,,,,,0.16,electricity aggregate load_band_4 down_delta_small member=hourly,generic
25,523,13051,13075,25,5,13,7,0.2,0.52,0.28,,,,,,0.2,electricity aggregate load_band_4 down_delta_mid member=hourly,generic
25,524,13076,13100,25,6,13,6,0.24,0.52,0.24,,,,,,0.24,electricity aggregate load_band_4 down_delta_mid member=hourly,generic
25,525,13101,13125,25,11,7,7,0.44,0.28,0.28,,,,,,0.28,electricity aggregate load_band_4 down_delta_mid member=hourly,generic
25,526,13126,13150,25,8,13,4,0.32,0.52,0.16,,,,,,0.16,electricity aggregate load_band_4 down_delta_mid member=hourly,generic
25,527,13151,13175,25,9,11,5,0.36,0.44,0.2,,,,,,0.2,electricity aggregate load_band_4 down_delta_mid member=hourly,generic
25,528,13176,13200,25,5,17,3,0.2,0.68,0.12,,,,,,0.2,electricity aggregate load_band_4 up_delta_small member=hourly,generic
25,529,13201,13225,25,6,13,6,0.24,0.52,0.24,,,,,,0.24,electricity aggregate load_band_4 up_delta_small member=hourly,generic
25,530,13226,13250,25,4,15,6,0.16,0.6,0.24,,,,,,0.16,electricity aggregate load_band_4 up_delta_small member=hourly,generic
25,531,13251,13275,25,4,13,8,0.16,0.52,0.32,,,,,,0.16,electricity aggregate load_band_4 up_delta_small member=hourly,generic
25,532,13276,13300,25,9,4,12,0.36,0.16,0.48,,,,,,0.2,electricity aggregate load_band_4 down_delta_small member=hourly,generic
25,533,13301,13325,25,8,10,7,0.32,0.4,0.28,,,,,,0.16,electricity aggregate load_band_4 up_delta_small member=hourly,generic
25,534,13326,13350,25,5,16,4,0.2,0.64,0.16,,,,,,0.2,electricity aggregate load_band_4 down_delta_mid member=hourly,generic
25,535,13351,13375,25,5,12,8,0.2,0.48,0.32,,,,,,0.2,electricity aggregate load_band_4 up_delta_small member=hourly,generic
25,536,13376,13400,25,4,14,7,0.16,0.56,0.28,,,,,,0.16,electricity aggregate load_band_4 down_delta_small member=hourly,generic
25,537,13401,13425,25,5,13,7,0.2,0.52,0.28,,,,,,0.2,electricity aggregate load_band_4 up_delta_small member=hourly,generic
25,538,13426,13450,25,10,10,5,0.4,0.4,0.2,,,,,,0.24,electricity aggregate load_band_4 up_delta_small member=hourly,generic
25,539,13451,13475,25,5,16,4,0.2,0.64,0.16,,,,,,0.2,electricity aggregate load_band_4 down_delta_small member=hourly,generic
25,540,13476,13500,25,5,17,3,0.2,0.68,0.12,,,,,,0.2,electricity aggregate load_band_4 up_delta_small member=hourly,generic
25,541,13501,13525,25,4,16,5,0.16,0.64,0.2,,,,,,0.16,electricity aggregate load_band_4 down_delta_small member=hourly,generic
25,542,13526,13550,25,10,8,7,0.4,0.32,0.28,,,,,,0.24,electricity aggregate load_band_4 up_delta_small member=hourly,generic
25,543,13551,13575,25,9,11,5,0.36,0.44,0.2,,,,,,0.2,electricity aggregate load_band_4 up_delta_small member=hourly,generic
25,544,13576,13600,25,6,14,5,0.24,0.56,0.2,,,,,,0.24,electricity aggregate load_band_4 up_delta_small member=hourly,generic
25,545,13601,13625,25,5,16,4,0.2,0.64,0.16,,,,,,0.2,electricity aggregate load_band_4 up_delta_small member=hourly,generic
25,546,13626,13650,25,4,15,6,0.16,0.6,0.24,,,,,,0.16,electricity aggregate load_band_4 up_delta_small member=hourly,generic
25,547,13651,13675,25,5,14,6,0.2,0.56,0.24,,,,,,0.2,electricity aggregate load_band_4 up_delta_small member=hourly,generic
25,548,13676,13700,25,4,15,6,0.16,0.6,0.24,,,,,,0.16,electricity aggregate load_band_4 down_delta_mid member=hourly,generic
25,549,13701,13725,25,9,10,6,0.36,0.4,0.24,,,,,,0.2,electricity aggregate load_band_4 up_delta_small member=hourly,generic
25,550,13726,13750,25,9,11,5,0.36,0.44,0.2,,,,,,0.2,electricity aggregate load_band_4 up_delta_small member=hourly,generic
25,551,13751,13775,25,9,10,6,0.36,0.4,0.24,,,,,,0.2,electricity aggregate load_band_4 up_delta_small member=hourly,generic
25,552,13776,13800,25,6,13,6,0.24,0.52,0.24,,,,,,0.24,electricity aggregate load_band_4 down_delta_small member=hourly,generic
25,553,13801,13825,25,4,16,5,0.16,0.64,0.2,,,,,,0.16,electricity aggregate load_band_4 up_delta_small member=hourly,generic
25,554,13826,13850,25,8,12,5,0.32,0.48,0.2,,,,,,0.16,electricity aggregate load_band_4 up_delta_small member=hourly,generic
25,555,13851,13875,25,13,7,5,0.52,0.28,0.2,,,,,,0.2,electricity aggregate load_band_4 up_delta_small member=hourly,generic
25,556,13876,13900,25,4,16,5,0.16,0.64,0.2,,,,,,0.16,electricity aggregate load_band_0 down_delta_small member=hourly,generic
25,557,13901,13925,25,8,10,7,0.32,0.4,0.28,,,,,,0.16,electricity aggregate load_band_4 up_delta_small member=hourly,generic
25,558,13926,13950,25,4,18,3,0.16,0.72,0.12,,,,,,0.16,electricity aggregate load_band_4 up_delta_small member=hourly,generic
25,559,13951,13975,25,4,16,5,0.16,0.64,0.2,,,,,,0.16,electricity aggregate load_band_1 up_delta_mid member=hourly,generic
25,560,13976,14000,25,8,14,3,0.32,0.56,0.12,,,,,,0.16,electricity aggregate load_band_1 up_delta_mid member=hourly,generic
25,561,14001,14025,25,8,11,6,0.32,0.44,0.24,,,,,,0.16,electricity aggregate load_band_1 up_delta_mid member=hourly,generic
25,562,14026,14050,25,4,19,2,0.16,0.76,0.08,,,,,,0.16,electricity aggregate load_band_4 up_delta_mid member=hourly,generic
25,563,14051,14075,25,9,12,4,0.36,0.48,0.16,,,,,,0.2,electricity aggregate load_band_4 up_delta_mid member=hourly,generic
25,564,14076,14100,25,4,14,7,0.16,0.56,0.28,,,,,,0.16,electricity aggregate load_band_4 up_delta_small member=hourly,generic
25,565,14101,14125,25,5,18,2,0.2,0.72,0.08,,,,,,0.2,electricity aggregate load_band_4 up_delta_small member=hourly,generic
25,566,14126,14150,25,8,14,3,0.32,0.56,0.12,,,,,,0.16,electricity aggregate load_band_4 down_delta_small member=hourly,generic
25,567,14151,14175,25,4,18,3,0.16,0.72,0.12,,,,,,0.16,electricity aggregate load_band_4 up_delta_small member=hourly,generic
25,568,14176,14200,25,5,16,4,0.2,0.64,0.16,,,,,,0.2,electricity aggregate load_band_4 up_delta_small member=hourly,generic
25,569,14201,14225,25,8,11,6,0.32,0.44,0.24,,,,,,0.16,electricity aggregate load_band_4 up_delta_small member=hourly,generic
25,570,14226,14250,25,5,13,7,0.2,0.52,0.28,,,,,,0.2,electricity aggregate load_band_4 up_delta_small member=hourly,generic
25,571,14251,14275,25,4,15,6,0.16,0.6,0.24,,,,,,0.16,electricity aggregate load_band_4 down_delta_small member=hourly,generic
25,572,14276,14300,25,4,14,7,0.16,0.56,0.28,,,,,,0.16,electricity aggregate load_band_4 up_delta_small member=hourly,generic
25,573,14301,14325,25,8,8,9,0.32,0.32,0.36,,,,,,0.16,electricity aggregate load_band_4 down_delta_small member=hourly,generic
25,574,14326,14350,25,4,13,8,0.16,0.52,0.32,,,,,,0.16,electricity aggregate load_band_4 up_delta_small member=hourly,generic
25,575,14351,14375,25,4,13,8,0.16,0.52,0.32,,,,,,0.16,electricity aggregate load_band_4 up_delta_small member=hourly,generic
25,576,14376,14400,25,5,13,7,0.2,0.52,0.28,,,,,,0.2,electricity aggregate load_band_4 down_delta_small member=hourly,generic
25,577,14401,14425,25,5,17,3,0.2,0.68,0.12,,,,,,0.2,electricity aggregate load_band_4 down_delta_mid member=hourly,generic
25,578,14426,14450,25,4,16,5,0.16,0.64,0.2,,,,,,0.16,electricity aggregate load_band_4 down_delta_small member=hourly,generic
25,579,14451,14475,25,5,12,8,0.2,0.48,0.32,,,,,,0.2,electricity aggregate load_band_4 down_delta_small member=hourly,generic
25,580,14476,14500,25,5,14,6,0.2,0.56,0.24,,,,,,0.2,electricity aggregate load_band_4 up_delta_small member=hourly,generic
25,581,14501,14525,25,4,18,3,0.16,0.72,0.12,,,,,,0.16,electricity aggregate load_band_4 down_delta_mid member=hourly,generic
25,582,14526,14550,25,8,12,5,0.32,0.48,0.2,,,,,,0.16,electricity aggregate load_band_4 up_delta_small member=hourly,generic
25,583,14551,14575,25,8,12,5,0.32,0.48,0.2,,,,,,0.16,electricity aggregate load_band_1 up_delta_mid member=hourly,generic
25,584,14576,14600,25,8,13,4,0.32,0.52,0.16,,,,,,0.16,electricity aggregate load_band_1 up_delta_mid member=hourly,generic
25,585,14601,14625,25,9,12,4,0.36,0.48,0.16,,,,,,0.2,electricity aggregate load_band_4 up_delta_small member=hourly,generic
25,586,14626,14650,25,6,15,4,0.24,0.6,0.16,,,,,,0.24,electricity aggregate load_band_4 down_delta_small member=hourly,generic
25,587,14651,14675,25,4,18,3,0.16,0.72,0.12,,,,,,0.16,electricity aggregate load_band_4 down_delta_small member=hourly,generic
25,588,14676,14700,25,4,15,6,0.16,0.6,0.24,,,,,,0.16,electricity aggregate load_band_4 up_delta_small member=hourly,generic
25,589,14701,14725,25,6,13,6,0.24,0.52,0.24,,,,,,0.24,electricity aggregate load_band_4 up_delta_small member=hourly,generic
25,590,14726,14750,25,9,9,7,0.36,0.36,0.28,,,,,,0.2,electricity aggregate load_band_4 up_delta_small member=hourly,generic
25,591,14751,14775,25,9,12,4,0.36,0.48,0.16,,,,,,0.2,electricity aggregate load_band_4 up_delta_small member=hourly,generic
25,592,14776,14800,25,9,9,7,0.36,0.36,0.28,,,,,,0.2,electricity aggregate load_band_4 up_delta_small member=hourly,generic
25,593,14801,14825,25,5,14,6,0.2,0.56,0.24,,,,,,0.2,electricity aggregate load_band_4 up_delta_small member=hourly,generic
25,594,14826,14850,25,5,13,7,0.2,0.52,0.28,,,,,,0.2,electricity aggregate load_band_4 up_delta_small member=hourly,generic
25,595,14851,14875,25,9,11,5,0.36,0.44,0.2,,,,,,0.2,electricity aggregate load_band_4 down_delta_mid member=hourly,generic
25,596,14876,14900,25,8,12,5,0.32,0.48,0.2,,,,,,0.16,electricity aggregate load_band_4 down_delta_mid member=hourly,generic
25,597,14901,14925,25,5,13,7,0.2,0.52,0.28,,,,,,0.2,electricity aggregate load_band_4 up_delta_small member=hourly,generic
25,598,14926,14950,25,9,9,7,0.36,0.36,0.28,,,,,,0.2,electricity aggregate load_band_4 up_delta_small member=hourly,generic
25,599,14951,14975,25,4,16,5,0.16,0.64,0.2,,,,,,0.16,electricity aggregate load_band_4 up_delta_small member=hourly,generic
25,600,14976,15000,25,4,16,5,0.16,0.64,0.2,,,,,,0.16,electricity aggregate load_band_4 up_delta_mid member=hourly,generic
25,601,15001,15025,25,4,16,5,0.16,0.64,0.2,,,,,,0.16,electricity aggregate load_band_4 down_delta_small member=hourly,generic
25,602,15026,15050,25,4,16,5,0.16,0.64,0.2,,,,,,0.16,electricity aggregate load_band_4 down_delta_small member=hourly,generic
25,603,15051,15075,25,4,15,6,0.16,0.6,0.24,,,,,,0.16,electricity aggregate load_band_4 up_delta_small member=hourly,generic
25,604,15076,15100,25,8,11,6,0.32,0.44,0.24,,,,,,0.16,electricity aggregate load_band_4 up_delta_mid member=hourly,generic
25,605,15101,15125,25,5,14,6,0.2,0.56,0.24,,,,,,0.2,electricity aggregate load_band_4 up_delta_small member=hourly,generic
25,606,15126,15150,25,8,10,7,0.32,0.4,0.28,,,,,,0.16,electricity aggregate load_band_4 up_delta_small member=hourly,generic
25,607,15151,15175,25,9,11,5,0.36,0.44,0.2,,,,,,0.2,electricity aggregate load_band_4 down_delta_small member=hourly,generic
25,608,15176,15200,25,8,11,6,0.32,0.44,0.24,,,,,,0.16,electricity aggregate load_band_1 up_delta_mid member=hourly,generic
25,609,15201,15225,25,14,4,7,0.56,0.16,0.28,,,,,,0.24,electricity aggregate load_band_4 down_delta_small member=hourly,generic
25,610,15226,15250,25,6,12,7,0.24,0.48,0.28,,,,,,0.24,electricity aggregate load_band_4 down_delta_small member=hourly,generic
25,611,15251,15275,25,10,8,7,0.4,0.32,0.28,,,,,,0.24,electricity aggregate load_band_4 up_delta_small member=hourly,generic
25,612,15276,15300,25,10,8,7,0.4,0.32,0.28,,,,,,0.24,electricity aggregate load_band_4 up_delta_small member=hourly,generic
25,613,15301,15325,25,10,9,6,0.4,0.36,0.24,,,,,,0.2,electricity aggregate load_band_4 down_delta_small member=hourly,generic
25,614,15326,15350,25,7,12,6,0.28,0.48,0.24,,,,,,0.28,electricity aggregate load_band_4 up_delta_small member=hourly,generic
25,615,15351,15375,25,9,9,7,0.36,0.36,0.28,,,,,,0.2,electricity aggregate load_band_4 up_delta_small member=hourly,generic
25,616,15376,15400,25,11,7,7,0.44,0.28,0.28,,,,,,0.24,electricity aggregate load_band_4 up_delta_small member=hourly,generic
25,617,15401,15425,25,7,10,8,0.28,0.4,0.32,,,,,,0.28,electricity aggregate load_band_4 up_delta_small member=hourly,generic
25,618,15426,15450,25,10,6,9,0.4,0.24,0.36,,,,,,0.24,electricity aggregate load_band_4 up_delta_small member=hourly,generic
25,619,15451,15475,25,9,5,11,0.36,0.2,0.44,,,,,,0.2,electricity aggregate load_band_4 down_delta_small member=hourly,generic
25,620,15476,15500,25,5,12,8,0.2,0.48,0.32,,,,,,0.2,electricity aggregate load_band_4 down_delta_small member=hourly,generic
25,621,15501,15525,25,5,14,6,0.2,0.56,0.24,,,,,,0.2,electricity aggregate load_band_4 up_delta_small member=hourly,generic
25,622,15526,15550,25,9,9,7,0.36,0.36,0.28,,,,,,0.2,electricity aggregate load_band_4 up_delta_small member=hourly,generic
25,623,15551,15575,25,6,12,7,0.24,0.48,0.28,,,,,,0.24,electricity aggregate load_band_4 up_delta_small member=hourly,generic
25,624,15576,15600,25,5,14,6,0.2,0.56,0.24,,,,,,0.2,electricity aggregate load_band_4 up_delta_small member=hourly,generic
25,625,15601,15625,25,7,13,5,0.28,0.52,0.2,,,,,,0.28,electricity aggregate load_band_3 up_delta_small member=hourly,generic
25,626,15626,15650,25,4,14,7,0.16,0.56,0.28,,,,,,0.16,electricity aggregate load_band_3 down_delta_small member=hourly,generic
25,627,15651,15675,25,0,18,7,0.0,0.72,0.28,,,,,,0.12,electricity aggregate load_band_0 down_delta_small member=hourly,generic
25,628,15676,15700,25,9,8,8,0.36,0.32,0.32,,,,,,0.2,electricity aggregate load_band_4 up_delta_small member=hourly,generic
25,629,15701,15725,25,4,13,8,0.16,0.52,0.32,,,,,,0.16,electricity aggregate load_band_4 up_delta_small member=hourly,generic
25,630,15726,15750,25,9,8,8,0.36,0.32,0.32,,,,,,0.2,electricity aggregate load_band_4 up_delta_small member=hourly,generic
25,631,15751,15775,25,4,11,10,0.16,0.44,0.4,,,,,,0.16,electricity aggregate load_band_1 up_delta_mid member=hourly,generic
25,632,15776,15800,25,4,11,10,0.16,0.44,0.4,,,,,,0.16,electricity aggregate load_band_3 down_delta_small member=hourly,generic
25,633,15801,15825,25,9,11,5,0.36,0.44,0.2,,,,,,0.2,electricity aggregate load_band_3 up_delta_small member=hourly,generic
25,634,15826,15850,25,5,15,5,0.2,0.6,0.2,,,,,,0.2,electricity aggregate load_band_3 down_delta_small member=hourly,generic
25,635,15851,15875,25,5,11,9,0.2,0.44,0.36,,,,,,0.2,electricity aggregate load_band_3 up_delta_small member=hourly,generic
25,636,15876,15900,25,5,11,9,0.2,0.44,0.36,,,,,,0.2,electricity aggregate load_band_3 down_delta_small member=hourly,generic
25,637,15901,15925,25,4,14,7,0.16,0.56,0.28,,,,,,0.16,electricity aggregate load_band_4 up_delta_small member=hourly,generic
25,638,15926,15950,25,10,8,7,0.4,0.32,0.28,,,,,,0.24,electricity aggregate load_band_3 up_delta_small member=hourly,generic
25,639,15951,15975,25,8,10,7,0.32,0.4,0.28,,,,,,0.32,electricity aggregate load_band_3 up_delta_small member=hourly,generic
25,640,15976,16000,25,10,7,8,0.4,0.28,0.32,,,,,,0.2,electricity aggregate load_band_3 up_delta_small member=hourly,generic
25,641,16001,16025,25,6,13,6,0.24,0.52,0.24,,,,,,0.24,electricity aggregate load_band_3 up_delta_small member=hourly,generic
25,642,16026,16050,25,4,14,7,0.16,0.56,0.28,,,,,,0.16,electricity aggregate load_band_3 up_delta_small member=hourly,generic
25,643,16051,16075,25,4,15,6,0.16,0.6,0.24,,,,,,0.16,electricity aggregate load_band_3 up_delta_small member=hourly,generic
25,644,16076,16100,25,10,11,4,0.4,0.44,0.16,,,,,,0.2,electricity aggregate load_band_3 up_delta_small member=hourly,generic
25,645,16101,16125,25,5,13,7,0.2,0.52,0.28,,,,,,0.2,electricity aggregate load_band_3 down_delta_small member=hourly,generic
25,646,16126,16150,25,9,10,6,0.36,0.4,0.24,,,,,,0.2,electricity aggregate load_band_3 up_delta_small member=hourly,generic
25,647,16151,16175,25,5,16,4,0.2,0.64,0.16,,,,,,0.2,electricity aggregate load_band_3 up_delta_small member=hourly,generic
25,648,16176,16200,25,9,7,9,0.36,0.28,0.36,,,,,,0.2,electricity aggregate load_band_3 up_delta_small member=hourly,generic
25,649,16201,16225,25,9,13,3,0.36,0.52,0.12,,,,,,0.2,electricity aggregate load_band_3 down_delta_small member=hourly,generic
25,650,16226,16250,25,9,10,6,0.36,0.4,0.24,,,,,,0.2,electricity aggregate load_band_3 up_delta_small member=hourly,generic
25,651,16251,16275,25,9,8,8,0.36,0.32,0.32,,,,,,0.2,electricity aggregate load_band_3 up_delta_small member=hourly,generic
25,652,16276,16300,25,10,7,8,0.4,0.28,0.32,,,,,,0.24,electricity aggregate load_band_3 up_delta_small member=hourly,generic
25,653,16301,16325,25,9,13,3,0.36,0.52,0.12,,,,,,0.2,electricity aggregate load_band_3 down_delta_small member=hourly,generic
25,654,16326,16350,25,7,11,7,0.28,0.44,0.28,,,,,,0.28,electricity aggregate load_band_3 up_delta_small member=hourly,generic
25,655,16351,16375,25,5,13,7,0.2,0.52,0.28,,,,,,0.2,electricity aggregate load_band_3 down_delta_small member=hourly,generic
25,656,16376,16400,25,9,8,8,0.36,0.32,0.32,,,,,,0.2,electricity aggregate load_band_3 up_delta_small member=hourly,generic
25,657,16401,16425,25,6,12,7,0.24,0.48,0.28,,,,,,0.24,electricity aggregate load_band_3 up_delta_small member=hourly,generic
25,658,16426,16450,25,4,13,8,0.16,0.52,0.32,,,,,,0.16,electricity aggregate load_band_3 down_delta_small member=hourly,generic
25,659,16451,16475,25,5,9,11,0.2,0.36,0.44,,,,,,0.2,electricity aggregate load_band_2 up_delta_small member=hourly,generic
25,660,16476,16500,25,5,14,6,0.2,0.56,0.24,,,,,,0.2,electricity aggregate load_band_2 down_delta_small member=hourly,generic
25,661,16501,16525,25,5,14,6,0.2,0.56,0.24,,,,,,0.2,electricity aggregate load_band_2 up_delta_small member=hourly,generic
25,662,16526,16550,25,6,11,8,0.24,0.44,0.32,,,,,,0.24,electricity aggregate load_band_2 up_delta_small member=hourly,generic
25,663,16551,16575,25,4,15,6,0.16,0.6,0.24,,,,,,0.16,electricity aggregate load_band_2 down_delta_small member=hourly,generic
25,664,16576,16600,25,5,13,7,0.2,0.52,0.28,,,,,,0.2,electricity aggregate load_band_2 up_delta_small member=hourly,generic
25,665,16601,16625,25,0,17,8,0.0,0.68,0.32,,,,,,0.12,electricity aggregate load_band_3 down_delta_small member=hourly,generic
25,666,16626,16650,25,5,13,7,0.2,0.52,0.28,,,,,,0.2,electricity aggregate load_band_2 up_delta_small member=hourly,generic
25,667,16651,16675,25,0,19,6,0.0,0.76,0.24,,,,,,0.12,electricity aggregate load_band_0 down_delta_small member=hourly,generic
25,668,16676,16700,25,4,13,8,0.16,0.52,0.32,,,,,,0.16,electricity aggregate load_band_2 up_delta_small member=hourly,generic
25,669,16701,16725,25,8,9,8,0.32,0.36,0.32,,,,,,0.16,electricity aggregate load_band_3 down_delta_small member=hourly,generic
25,670,16726,16750,25,5,13,7,0.2,0.52,0.28,,,,,,0.2,electricity aggregate load_band_2 up_delta_small member=hourly,generic
25,671,16751,16775,25,0,19,6,0.0,0.76,0.24,,,,,,0.12,electricity aggregate load_band_2 down_delta_mid member=hourly,generic
25,672,16776,16800,25,4,16,5,0.16,0.64,0.2,,,,,,0.16,electricity aggregate load_band_2 up_delta_small member=hourly,generic
25,673,16801,16825,25,4,16,5,0.16,0.64,0.2,,,,,,0.16,electricity aggregate load_band_2 up_delta_small member=hourly,generic
25,674,16826,16850,25,4,17,4,0.16,0.68,0.16,,,,,,0.16,electricity aggregate load_band_2 up_delta_small member=hourly,generic
25,675,16851,16875,25,4,17,4,0.16,0.68,0.16,,,,,,0.16,electricity aggregate load_band_0 down_delta_small member=hourly,generic
25,676,16876,16900,25,8,8,9,0.32,0.32,0.36,,,,,,0.16,electricity aggregate load_band_0 down_delta_small member=hourly,generic
25,677,16901,16925,25,0,17,8,0.0,0.68,0.32,,,,,,0.12,electricity aggregate load_band_0 down_delta_small member=hourly,generic
25,678,16926,16950,25,4,13,8,0.16,0.52,0.32,,,,,,0.16,electricity aggregate load_band_2 up_delta_small member=hourly,generic
25,679,16951,16975,25,0,21,4,0.0,0.84,0.16,,,,,,0.12,electricity aggregate load_band_3 up_delta_mid member=hourly,generic
25,680,16976,17000,25,5,12,8,0.2,0.48,0.32,,,,,,0.2,electricity aggregate load_band_2 up_delta_small member=hourly,generic
25,681,17001,17025,25,5,10,10,0.2,0.4,0.4,,,,,,0.2,electricity aggregate load_band_2 up_delta_small member=hourly,generic
25,682,17026,17050,25,4,15,6,0.16,0.6,0.24,,,,,,0.16,electricity aggregate load_band_2 up_delta_small member=hourly,generic
25,683,17051,17075,25,0,19,6,0.0,0.76,0.24,,,,,,0.12,electricity aggregate load_band_2 up_delta_mid member=hourly,generic
25,684,17076,17100,25,9,10,6,0.36,0.4,0.24,,,,,,0.2,electricity aggregate load_band_3 up_delta_small member=hourly,generic
25,685,17101,17125,25,6,10,9,0.24,0.4,0.36,,,,,,0.24,electricity aggregate load_band_3 up_delta_small member=hourly,generic
25,686,17126,17150,25,4,13,8,0.16,0.52,0.32,,,,,,0.16,electricity aggregate load_band_3 down_delta_small member=hourly,generic
25,687,17151,17175,25,8,9,8,0.32,0.36,0.32,,,,,,0.16,electricity aggregate load_band_2 up_delta_small member=hourly,generic
25,688,17176,17200,25,4,15,6,0.16,0.6,0.24,,,,,,0.16,electricity aggregate load_band_3 up_delta_small member=hourly,generic
25,689,17201,17225,25,9,7,9,0.36,0.28,0.36,,,,,,0.2,electricity aggregate load_band_3 up_delta_small member=hourly,generic
25,690,17226,17250,25,9,8,8,0.36,0.32,0.32,,,,,,0.2,electricity aggregate load_band_3 up_delta_small member=hourly,generic
25,691,17251,17275,25,5,13,7,0.2,0.52,0.28,,,,,,0.2,electricity aggregate load_band_3 up_delta_small member=hourly,generic
25,692,17276,17300,25,9,8,8,0.36,0.32,0.32,,,,,,0.2,electricity aggregate load_band_3 up_delta_small member=hourly,generic
25,693,17301,17325,25,0,18,7,0.0,0.72,0.28,,,,,,0.12,electricity aggregate load_band_3 down_delta_small member=hourly,generic
25,694,17326,17350,25,8,8,9,0.32,0.32,0.36,,,,,,0.32,electricity aggregate load_band_3 up_delta_small member=hourly,generic
25,695,17351,17375,25,4,17,4,0.16,0.68,0.16,,,,,,0.16,electricity aggregate load_band_3 up_delta_small member=hourly,generic
25,696,17376,17400,25,23,0,2,0.92,0.0,0.08,,,,,,0.28,electricity aggregate load_band_1 down_delta_small member=hourly,generic
25,697,17401,17425,25,4,16,5,0.16,0.64,0.2,,,,,,0.16,electricity aggregate load_band_3 up_delta_small member=hourly,generic
25,698,17426,17450,25,8,8,9,0.32,0.32,0.36,,,,,,0.16,electricity aggregate load_band_3 up_delta_small member=hourly,generic
25,699,17451,17475,25,0,19,6,0.0,0.76,0.24,,,,,,0.12,electricity aggregate load_band_0 down_delta_small member=hourly,generic
25,700,17476,17500,25,4,14,7,0.16,0.56,0.28,,,,,,0.16,electricity aggregate load_band_0 down_delta_small member=hourly,generic
25,701,17501,17525,25,6,12,7,0.24,0.48,0.28,,,,,,0.24,electricity aggregate load_band_3 up_delta_small member=hourly,generic
25,702,17526,17550,25,13,7,5,0.52,0.28,0.2,,,,,,0.32,electricity aggregate load_band_0 down_delta_small member=hourly,generic
25,703,17551,17575,25,17,5,3,0.68,0.2,0.12,,,,,,0.28,electricity aggregate load_band_0 up_delta_small member=hourly,generic
25,704,17576,17600,25,9,10,6,0.36,0.4,0.24,,,,,,0.2,electricity aggregate load_band_3 up_delta_small member=hourly,generic
25,705,17601,17625,25,6,11,8,0.24,0.44,0.32,,,,,,0.24,electricity aggregate load_band_3 up_delta_small member=hourly,generic
25,706,17626,17650,25,4,16,5,0.16,0.64,0.2,,,,,,0.16,electricity aggregate load_band_3 down_delta_small member=hourly,generic
25,707,17651,17675,25,0,15,10,0.0,0.6,0.4,,,,,,0.12,electricity aggregate load_band_0 down_delta_small member=hourly,generic
25,708,17676,17700,25,9,7,9,0.36,0.28,0.36,,,,,,0.2,electricity aggregate load_band_3 up_delta_small member=hourly,generic
25,709,17701,17725,25,0,18,7,0.0,0.72,0.28,,,,,,0.12,electricity aggregate load_band_2 down_delta_small member=hourly,generic
25,710,17726,17750,25,4,15,6,0.16,0.6,0.24,,,,,,0.16,electricity aggregate load_band_3 up_delta_small member=hourly,generic
25,711,17751,17775,25,5,11,9,0.2,0.44,0.36,,,,,,0.2,electricity aggregate load_band_2 up_delta_small member=hourly,generic
25,712,17776,17800,25,5,12,8,0.2,0.48,0.32,,,,,,0.2,electricity aggregate load_band_2 up_delta_small member=hourly,generic
25,713,17801,17825,25,0,16,9,0.0,0.64,0.36,,,,,,0.12,electricity aggregate load_band_0 down_delta_small member=hourly,generic
25,714,17826,17850,25,4,14,7,0.16,0.56,0.28,,,,,,0.16,electricity aggregate load_band_2 up_delta_small member=hourly,generic
25,715,17851,17875,25,6,9,10,0.24,0.36,0.4,,,,,,0.24,electricity aggregate load_band_2 up_delta_small member=hourly,generic
25,716,17876,17900,25,0,17,8,0.0,0.68,0.32,,,,,,0.12,electricity aggregate load_band_3 up_delta_small member=hourly,generic
25,717,17901,17925,25,4,10,11,0.16,0.4,0.44,,,,,,0.16,electricity aggregate load_band_2 up_delta_small member=hourly,generic
25,718,17926,17950,25,0,17,8,0.0,0.68,0.32,,,,,,0.12,electricity aggregate load_band_2 down_delta_mid member=hourly,generic
25,719,17951,17975,25,4,13,8,0.16,0.52,0.32,,,,,,0.16,electricity aggregate load_band_2 up_delta_small member=hourly,generic
25,720,17976,18000,25,4,15,6,0.16,0.6,0.24,,,,,,0.16,electricity aggregate load_band_2 up_delta_small member=hourly,generic
25,721,18001,18025,25,5,14,6,0.2,0.56,0.24,,,,,,0.2,electricity aggregate load_band_2 up_delta_small member=hourly,generic
25,722,18026,18050,25,0,17,8,0.0,0.68,0.32,,,,,,0.12,electricity aggregate load_band_0 down_delta_small member=hourly,generic
25,723,18051,18075,25,9,8,8,0.36,0.32,0.32,,,,,,0.2,electricity aggregate load_band_2 up_delta_small member=hourly,generic
25,724,18076,18100,25,4,13,8,0.16,0.52,0.32,,,,,,0.16,electricity aggregate load_band_0 down_delta_small member=hourly,generic
25,725,18101,18125,25,4,15,6,0.16,0.6,0.24,,,,,,0.16,electricity aggregate load_band_0 down_delta_small member=hourly,generic
25,726,18126,18150,25,4,14,7,0.16,0.56,0.28,,,,,,0.16,electricity aggregate load_band_3 up_delta_small member=hourly,generic
25,727,18151,18175,25,4,12,9,0.16,0.48,0.36,,,,,,0.16,electricity aggregate load_band_3 up_delta_small member=hourly,generic
25,728,18176,18200,25,5,14,6,0.2,0.56,0.24,,,,,,0.2,electricity aggregate load_band_2 up_delta_small member=hourly,generic
25,729,18201,18225,25,5,10,10,0.2,0.4,0.4,,,,,,0.2,electricity aggregate load_band_2 up_delta_small member=hourly,generic
25,730,18226,18250,25,5,13,7,0.2,0.52,0.28,,,,,,0.2,electricity aggregate load_band_2 up_delta_small member=hourly,generic
25,731,18251,18275,25,4,14,7,0.16,0.56,0.28,,,,,,0.16,electricity aggregate load_band_2 up_delta_small member=hourly,generic
25,732,18276,18300,25,0,19,6,0.0,0.76,0.24,,,,,,0.12,electricity aggregate load_band_2 up_delta_small member=hourly,generic
25,733,18301,18325,25,8,12,5,0.32,0.48,0.2,,,,,,0.16,electricity aggregate load_band_3 up_delta_small member=hourly,generic
25,734,18326,18350,25,4,12,9,0.16,0.48,0.36,,,,,,0.16,electricity aggregate load_band_2 up_delta_small member=hourly,generic
25,735,18351,18375,25,6,13,6,0.24,0.52,0.24,,,,,,0.24,electricity aggregate load_band_2 up_delta_small member=hourly,generic
25,736,18376,18400,25,4,14,7,0.16,0.56,0.28,,,,,,0.16,electricity aggregate load_band_2 up_delta_small member=hourly,generic
25,737,18401,18425,25,6,11,8,0.24,0.44,0.32,,,,,,0.24,electricity aggregate load_band_3 up_delta_small member=hourly,generic
25,738,18426,18450,25,4,14,7,0.16,0.56,0.28,,,,,,0.16,electricity aggregate load_band_2 up_delta_small member=hourly,generic
25,739,18451,18475,25,0,16,9,0.0,0.64,0.36,,,,,,0.12,electricity aggregate load_band_3 up_delta_small member=hourly,generic
25,740,18476,18500,25,5,14,6,0.2,0.56,0.24,,,,,,0.2,electricity aggregate load_band_3 up_delta_small member=hourly,generic
25,741,18501,18525,25,6,11,8,0.24,0.44,0.32,,,,,,0.24,electricity aggregate load_band_2 up_delta_small member=hourly,generic
25,742,18526,18550,25,6,12,7,0.24,0.48,0.28,,,,,,0.24,electricity aggregate load_band_2 up_delta_small member=hourly,generic
25,743,18551,18575,25,5,13,7,0.2,0.52,0.28,,,,,,0.2,electricity aggregate load_band_2 up_delta_small member=hourly,generic
25,744,18576,18600,25,4,16,5,0.16,0.64,0.2,,,,,,0.16,electricity aggregate load_band_2 up_delta_small member=hourly,generic
25,745,18601,18625,25,0,19,6,0.0,0.76,0.24,,,,,,0.12,electricity aggregate load_band_0 down_delta_small member=hourly,generic
25,746,18626,18650,25,5,15,5,0.2,0.6,0.2,,,,,,0.2,electricity aggregate load_band_2 up_delta_small member=hourly,generic
25,747,18651,18675,25,4,15,6,0.16,0.6,0.24,,,,,,0.16,electricity aggregate load_band_2 down_delta_small member=hourly,generic
25,748,18676,18700,25,9,12,4,0.36,0.48,0.16,,,,,,0.2,electricity aggregate load_band_2 up_delta_small member=hourly,generic
25,749,18701,18725,25,10,12,3,0.4,0.48,0.12,,,,,,0.24,electricity aggregate load_band_2 up_delta_small member=hourly,generic
25,750,18726,18750,25,5,17,3,0.2,0.68,0.12,,,,,,0.2,electricity aggregate load_band_2 up_delta_small member=hourly,generic
25,751,18751,18775,25,6,16,3,0.24,0.64,0.12,,,,,,0.24,electricity aggregate load_band_2 up_delta_small member=hourly,generic
25,752,18776,18800,25,6,14,5,0.24,0.56,0.2,,,,,,0.24,electricity aggregate load_band_2 up_delta_small member=hourly,generic
25,753,18801,18825,25,6,13,6,0.24,0.52,0.24,,,,,,0.24,electricity aggregate load_band_2 up_delta_small member=hourly,generic
25,754,18826,18850,25,8,13,4,0.32,0.52,0.16,,,,,,0.16,electricity aggregate load_band_2 up_delta_small member=hourly,generic
25,755,18851,18875,25,12,9,4,0.48,0.36,0.16,,,,,,0.16,electricity aggregate load_band_2 up_delta_mid member=hourly,generic
25,756,18876,18900,25,9,12,4,0.36,0.48,0.16,,,,,,0.2,electricity aggregate load_band_2 up_delta_small member=hourly,generic
25,757,18901,18925,25,6,15,4,0.24,0.6,0.16,,,,,,0.24,electricity aggregate load_band_2 up_delta_small member=hourly,generic
25,758,18926,18950,25,6,14,5,0.24,0.56,0.2,,,,,,0.24,electricity aggregate load_band_2 up_delta_small member=hourly,generic
25,759,18951,18975,25,8,10,7,0.32,0.4,0.28,,,,,,0.16,electricity aggregate load_band_2 down_delta_small member=hourly,generic
25,760,18976,19000,25,4,15,6,0.16,0.6,0.24,,,,,,0.16,electricity aggregate load_band_2 down_delta_small member=hourly,generic
25,761,19001,19025,25,8,12,5,0.32,0.48,0.2,,,,,,0.32,electricity aggregate load_band_2 up_delta_small member=hourly,generic
25,762,19026,19050,25,7,15,3,0.28,0.6,0.12,,,,,,0.28,electricity aggregate load_band_2 up_delta_small member=hourly,generic
25,763,19051,19075,25,8,13,4,0.32,0.52,0.16,,,,,,0.16,electricity aggregate load_band_2 up_delta_small member=hourly,generic
25,764,19076,19100,25,0,23,2,0.0,0.92,0.08,,,,,,0.12,electricity aggregate load_band_3 up_delta_mid member=hourly,generic
25,765,19101,19125,25,6,9,10,0.24,0.36,0.4,,,,,,0.24,electricity aggregate load_band_2 up_delta_small member=hourly,generic
25,766,19126,19150,25,6,14,5,0.24,0.56,0.2,,,,,,0.24,electricity aggregate load_band_2 up_delta_small member=hourly,generic
25,767,19151,19175,25,8,11,6,0.32,0.44,0.24,,,,,,0.16,electricity aggregate load_band_2 up_delta_small member=hourly,generic
25,768,19176,19200,25,4,13,8,0.16,0.52,0.32,,,,,,0.16,electricity aggregate load_band_2 up_delta_small member=hourly,generic
25,769,19201,19225,25,5,15,5,0.2,0.6,0.2,,,,,,0.2,electricity aggregate load_band_2 up_delta_small member=hourly,generic
25,770,19226,19250,25,4,16,5,0.16,0.64,0.2,,,,,,0.16,electricity aggregate load_band_2 up_delta_mid member=hourly,generic
25,771,19251,19275,25,12,8,5,0.48,0.32,0.2,,,,,,0.16,electricity aggregate load_band_0 down_delta_small member=hourly,generic
25,772,19276,19300,25,10,4,11,0.4,0.16,0.44,,,,,,0.24,electricity aggregate load_band_2 up_delta_small member=hourly,generic
25,773,19301,19325,25,0,17,8,0.0,0.68,0.32,,,,,,0.12,electricity aggregate load_band_0 down_delta_small member=hourly,generic
25,774,19326,19350,25,4,13,8,0.16,0.52,0.32,,,,,,0.16,electricity aggregate load_band_3 up_delta_small member=hourly,generic
25,775,19351,19375,25,8,13,4,0.32,0.52,0.16,,,,,,0.16,electricity aggregate load_band_2 up_delta_small member=hourly,generic
25,776,19376,19400,25,0,18,7,0.0,0.72,0.28,,,,,,0.12,electricity aggregate load_band_1 up_delta_mid member=hourly,generic
25,777,19401,19425,25,5,14,6,0.2,0.56,0.24,,,,,,0.2,electricity aggregate load_band_2 up_delta_small member=hourly,generic
25,778,19426,19450,25,6,9,10,0.24,0.36,0.4,,,,,,0.24,electricity aggregate load_band_2 up_delta_small member=hourly,generic
25,779,19451,19475,25,4,13,8,0.16,0.52,0.32,,,,,,0.16,electricity aggregate load_band_2 up_delta_small member=hourly,generic
25,780,19476,19500,25,7,14,4,0.28,0.56,0.16,,,,,,0.28,electricity aggregate load_band_2 up_delta_small member=hourly,generic
25,781,19501,19525,25,9,12,4,0.36,0.48,0.16,,,,,,0.2,electricity aggregate load_band_2 up_delta_small member=hourly,generic
25,782,19526,19550,25,9,10,6,0.36,0.4,0.24,,,,,,0.2,electricity aggregate load_band_2 up_delta_small member=hourly,generic
25,783,19551,19575,25,7,14,4,0.28,0.56,0.16,,,,,,0.28,electricity aggregate load_band_2 up_delta_small member=hourly,generic
25,784,19576,19600,25,9,12,4,0.36,0.48,0.16,,,,,,0.2,electricity aggregate load_band_2 down_delta_small member=hourly,generic
25,785,19601,19625,25,8,13,4,0.32,0.52,0.16,,,,,,0.32,electricity aggregate load_band_2 up_delta_small member=hourly,generic
25,786,19626,19650,25,5,14,6,0.2,0.56,0.24,,,,,,0.2,electricity aggregate load_band_2 down_delta_small member=hourly,generic
25,787,19651,19675,25,5,11,9,0.2,0.44,0.36,,,,,,0.2,electricity aggregate load_band_2 up_delta_small member=hourly,generic
25,788,19676,19700,25,9,10,6,0.36,0.4,0.24,,,,,,0.36,electricity aggregate load_band_2 up_delta_small member=hourly,generic
25,789,19701,19725,25,10,9,6,0.4,0.36,0.24,,,,,,0.24,electricity aggregate load_band_2 up_delta_small member=hourly,generic
25,790,19726,19750,25,8,13,4,0.32,0.52,0.16,,,,,,0.16,electricity aggregate load_band_2 down_delta_small member=hourly,generic
25,791,19751,19775,25,8,12,5,0.32,0.48,0.2,,,,,,0.32,electricity aggregate load_band_2 up_delta_small member=hourly,generic
25,792,19776,19800,25,5,14,6,0.2,0.56,0.24,,,,,,0.2,electricity aggregate load_band_2 up_delta_small member=hourly,generic
25,793,19801,19825,25,0,20,5,0.0,0.8,0.2,,,,,,0.12,electricity aggregate load_band_2 up_delta_small member=hourly,generic
25,794,19826,19850,25,4,12,9,0.16,0.48,0.36,,,,,,0.16,electricity aggregate load_band_3 up_delta_small member=hourly,generic
25,795,19851,19875,25,9,9,7,0.36,0.36,0.28,,,,,,0.2,electricity aggregate load_band_3 down_delta_small member=hourly,generic
25,796,19876,19900,25,9,13,3,0.36,0.52,0.12,,,,,,0.2,electricity aggregate load_band_3 up_delta_small member=hourly,generic
25,797,19901,19925,25,9,8,8,0.36,0.32,0.32,,,,,,0.2,electricity aggregate load_band_3 up_delta_small member=hourly,generic
25,798,19926,19950,25,6,17,2,0.24,0.68,0.08,,,,,,0.24,electricity aggregate load_band_3 down_delta_small member=hourly,generic
25,799,19951,19975,25,4,16,5,0.16,0.64,0.2,,,,,,0.16,electricity aggregate load_band_3 up_delta_small member=hourly,generic
25,800,19976,20000,25,7,13,5,0.28,0.52,0.2,,,,,,0.28,electricity aggregate load_band_3 up_delta_small member=hourly,generic
25,801,20001,20025,25,6,11,8,0.24,0.44,0.32,,,,,,0.24,electricity aggregate load_band_3 up_delta_small member=hourly,generic
25,802,20026,20050,25,8,12,5,0.32,0.48,0.2,,,,,,0.16,electricity aggregate load_band_3 up_delta_small member=hourly,generic
25,803,20051,20075,25,4,16,5,0.16,0.64,0.2,,,,,,0.16,electricity aggregate load_band_3 up_delta_small member=hourly,generic
25,804,20076,20100,25,8,10,7,0.32,0.4,0.28,,,,,,0.16,electricity aggregate load_band_3 up_delta_mid member=hourly,generic
25,805,20101,20125,25,4,16,5,0.16,0.64,0.2,,,,,,0.16,electricity aggregate load_band_3 up_delta_mid member=hourly,generic
25,806,20126,20150,25,6,13,6,0.24,0.52,0.24,,,,,,0.24,electricity aggregate load_band_3 down_delta_small member=hourly,generic
25,807,20151,20175,25,6,11,8,0.24,0.44,0.32,,,,,,0.24,electricity aggregate load_band_3 down_delta_small member=hourly,generic
25,808,20176,20200,25,4,18,3,0.16,0.72,0.12,,,,,,0.16,electricity aggregate load_band_2 down_delta_small member=hourly,generic
25,809,20201,20225,25,10,12,3,0.4,0.48,0.12,,,,,,0.24,electricity aggregate load_band_3 up_delta_small member=hourly,generic
25,810,20226,20250,25,10,9,6,0.4,0.36,0.24,,,,,,0.2,electricity aggregate load_band_3 down_delta_small member=hourly,generic
25,811,20251,20275,25,9,9,7,0.36,0.36,0.28,,,,,,0.2,electricity aggregate load_band_3 down_delta_small member=hourly,generic
25,812,20276,20300,25,5,13,7,0.2,0.52,0.28,,,,,,0.2,electricity aggregate load_band_3 up_delta_small member=hourly,generic
25,813,20301,20325,25,10,11,4,0.4,0.44,0.16,,,,,,0.2,electricity aggregate load_band_3 up_delta_small member=hourly,generic
25,814,20326,20350,25,9,8,8,0.36,0.32,0.32,,,,,,0.2,electricity aggregate load_band_3 down_delta_small member=hourly,generic
25,815,20351,20375,25,4,12,9,0.16,0.48,0.36,,,,,,0.16,electricity aggregate load_band_3 up_delta_small member=hourly,generic
25,816,20376,20400,25,4,14,7,0.16,0.56,0.28,,,,,,0.16,electricity aggregate load_band_3 down_delta_small member=hourly,generic
25,817,20401,20425,25,0,20,5,0.0,0.8,0.2,,,,,,0.12,electricity aggregate load_band_1 down_delta_large member=hourly,generic
25,818,20426,20450,25,0,20,5,0.0,0.8,0.2,,,,,,0.12,electricity aggregate load_band_0 down_delta_small member=hourly,generic
25,819,20451,20475,25,4,14,7,0.16,0.56,0.28,,,,,,0.16,electricity aggregate load_band_0 down_delta_small member=hourly,generic
25,820,20476,20500,25,4,15,6,0.16,0.6,0.24,,,,,,0.16,electricity aggregate load_band_0 down_delta_small member=hourly,generic
25,821,20501,20525,25,4,12,9,0.16,0.48,0.36,,,,,,0.16,electricity aggregate load_band_4 up_delta_small member=hourly,generic
25,822,20526,20550,25,4,14,7,0.16,0.56,0.28,,,,,,0.16,electricity aggregate load_band_4 up_delta_small member=hourly,generic
25,823,20551,20575,25,5,13,7,0.2,0.52,0.28,,,,,,0.2,electricity aggregate load_band_4 up_delta_small member=hourly,generic
25,824,20576,20600,25,0,19,6,0.0,0.76,0.24,,,,,,0.12,electricity aggregate load_band_1 up_delta_mid member=hourly,generic
25,825,20601,20625,25,0,18,7,0.0,0.72,0.28,,,,,,0.12,electricity aggregate load_band_1 up_delta_mid member=hourly,generic
25,826,20626,20650,25,5,12,8,0.2,0.48,0.32,,,,,,0.2,electricity aggregate load_band_4 up_delta_small member=hourly,generic
25,827,20651,20675,25,4,14,7,0.16,0.56,0.28,,,,,,0.16,electricity aggregate load_band_4 up_delta_small member=hourly,generic
25,828,20676,20700,25,0,13,12,0.0,0.52,0.48,,,,,,0.12,electricity aggregate load_band_4 down_delta_small member=hourly,generic
25,829,20701,20725,25,0,16,9,0.0,0.64,0.36,,,,,,0.12,electricity aggregate load_band_4 up_delta_mid member=hourly,generic
25,830,20726,20750,25,0,18,7,0.0,0.72,0.28,,,,,,0.12,electricity aggregate load_band_4 up_delta_small member=hourly,generic
25,831,20751,20775,25,5,11,9,0.2,0.44,0.36,,,,,,0.2,electricity aggregate load_band_4 up_delta_small member=hourly,generic
25,832,20776,20800,25,4,12,9,0.16,0.48,0.36,,,,,,0.16,electricity aggregate load_band_4 up_delta_small member=hourly,generic
25,833,20801,20825,25,7,8,10,0.28,0.32,0.4,,,,,,0.28,electricity aggregate load_band_4 up_delta_small member=hourly,generic
25,834,20826,20850,25,4,12,9,0.16,0.48,0.36,,,,,,0.16,electricity aggregate load_band_4 down_delta_small member=hourly,generic
25,835,20851,20875,25,8,7,10,0.32,0.28,0.4,,,,,,0.16,electricity aggregate load_band_3 up_delta_small member=hourly,generic
25,836,20876,20900,25,11,7,7,0.44,0.28,0.28,,,,,,0.24,electricity aggregate load_band_3 up_delta_small member=hourly,generic
25,837,20901,20925,25,10,9,6,0.4,0.36,0.24,,,,,,0.24,electricity aggregate load_band_3 up_delta_small member=hourly,generic
25,838,20926,20950,25,11,7,7,0.44,0.28,0.28,,,,,,0.28,electricity aggregate load_band_3 up_delta_small member=hourly,generic
25,839,20951,20975,25,10,9,6,0.4,0.36,0.24,,,,,,0.24,electricity aggregate load_band_3 down_delta_small member=hourly,generic
25,840,20976,21000,25,7,13,5,0.28,0.52,0.2,,,,,,0.28,electricity aggregate load_band_3 up_delta_small member=hourly,generic
25,841,21001,21025,25,5,14,6,0.2,0.56,0.24,,,,,,0.2,electricity aggregate load_band_3 up_delta_small member=hourly,generic
25,842,21026,21050,25,7,13,5,0.28,0.52,0.2,,,,,,0.28,electricity aggregate load_band_3 up_delta_small member=hourly,generic
25,843,21051,21075,25,14,6,5,0.56,0.24,0.2,,,,,,0.24,electricity aggregate load_band_3 up_delta_small member=hourly,generic
25,844,21076,21100,25,15,4,6,0.6,0.16,0.24,,,,,,0.28,electricity aggregate load_band_3 down_delta_small member=hourly,generic
25,845,21101,21125,25,10,7,8,0.4,0.28,0.32,,,,,,0.24,electricity aggregate load_band_3 up_delta_small member=hourly,generic
25,846,21126,21150,25,0,19,6,0.0,0.76,0.24,,,,,,0.12,electricity aggregate load_band_3 down_delta_small member=hourly,generic
25,847,21151,21175,25,0,19,6,0.0,0.76,0.24,,,,,,0.12,electricity aggregate load_band_0 down_delta_small member=hourly,generic
25,848,21176,21200,25,0,13,12,0.0,0.52,0.48,,,,,,0.12,electricity aggregate load_band_1 up_delta_mid member=hourly,generic
25,849,21201,21225,25,0,18,7,0.0,0.72,0.28,,,,,,0.12,electricity aggregate load_band_1 up_delta_mid member=hourly,generic
25,850,21226,21250,25,5,13,7,0.2,0.52,0.28,,,,,,0.2,electricity aggregate load_band_3 down_delta_small member=hourly,generic
25,851,21251,21275,25,5,11,9,0.2,0.44,0.36,,,,,,0.2,electricity aggregate load_band_3 down_delta_small member=hourly,generic
25,852,21276,21300,25,7,13,5,0.28,0.52,0.2,,,,,,0.28,electricity aggregate load_band_3 down_delta_small member=hourly,generic
25,853,21301,21325,25,11,5,9,0.44,0.2,0.36,,,,,,0.24,electricity aggregate load_band_3 down_delta_small member=hourly,generic
25,854,21326,21350,25,10,5,10,0.4,0.2,0.4,,,,,,0.2,electricity aggregate load_band_3 up_delta_small member=hourly,generic
25,855,21351,21375,25,8,10,7,0.32,0.4,0.28,,,,,,0.32,electricity aggregate load_band_3 up_delta_small member=hourly,generic
25,856,21376,21400,25,0,17,8,0.0,0.68,0.32,,,,,,0.12,electricity aggregate load_band_4 up_delta_small member=hourly,generic
25,857,21401,21425,25,5,12,8,0.2,0.48,0.32,,,,,,0.2,electricity aggregate load_band_4 up_delta_small member=hourly,generic
25,858,21426,21450,25,5,15,5,0.2,0.6,0.2,,,,,,0.2,electricity aggregate load_band_4 up_delta_small member=hourly,generic
25,859,21451,21475,25,0,18,7,0.0,0.72,0.28,,,,,,0.12,electricity aggregate load_band_4 down_delta_small member=hourly,generic
25,860,21476,21500,25,5,11,9,0.2,0.44,0.36,,,,,,0.2,electricity aggregate load_band_4 up_delta_small member=hourly,generic
25,861,21501,21525,25,4,13,8,0.16,0.52,0.32,,,,,,0.16,electricity aggregate load_band_4 down_delta_small member=hourly,generic
25,862,21526,21550,25,4,14,7,0.16,0.56,0.28,,,,,,0.16,electricity aggregate load_band_4 down_delta_mid member=hourly,generic
25,863,21551,21575,25,4,15,6,0.16,0.6,0.24,,,,,,0.16,electricity aggregate load_band_4 up_delta_small member=hourly,generic
25,864,21576,21600,25,4,13,8,0.16,0.52,0.32,,,,,,0.16,electricity aggregate load_band_4 up_delta_small member=hourly,generic
25,865,21601,21625,25,5,13,7,0.2,0.52,0.28,,,,,,0.2,electricity aggregate load_band_4 up_delta_small member=hourly,generic
25,866,21626,21650,25,5,13,7,0.2,0.52,0.28,,,,,,0.2,electricity aggregate load_band_4 up_delta_small member=hourly,generic
25,867,21651,21675,25,9,10,6,0.36,0.4,0.24,,,,,,0.2,electricity aggregate load_band_4 up_delta_small member=hourly,generic
25,868,21676,21700,25,9,5,11,0.36,0.2,0.44,,,,,,0.2,electricity aggregate load_band_4 down_delta_small member=hourly,generic
25,869,21701,21725,25,12,5,8,0.48,0.2,0.32,,,,,,0.16,electricity aggregate load_band_0 down_delta_small member=hourly,generic
25,870,21726,21750,25,4,13,8,0.16,0.52,0.32,,,,,,0.16,electricity aggregate load_band_4 up_delta_small member=hourly,generic
25,871,21751,21775,25,9,8,8,0.36,0.32,0.32,,,,,,0.2,electricity aggregate load_band_4 up_delta_small member=hourly,generic
25,872,21776,21800,25,9,10,6,0.36,0.4,0.24,,,,,,0.2,electricity aggregate load_band_4 up_delta_small member=hourly,generic
25,873,21801,21825,25,8,10,7,0.32,0.4,0.28,,,,,,0.16,electricity aggregate load_band_1 up_delta_mid member=hourly,generic
25,874,21826,21850,25,0,16,9,0.0,0.64,0.36,,,,,,0.12,electricity aggregate load_band_4 up_delta_mid member=hourly,generic
25,875,21851,21875,25,0,18,7,0.0,0.72,0.28,,,,,,0.12,electricity aggregate load_band_4 up_delta_mid member=hourly,generic
25,876,21876,21900,25,5,10,10,0.2,0.4,0.4,,,,,,0.2,electricity aggregate load_band_4 up_delta_small member=hourly,generic
25,877,21901,21925,25,8,10,7,0.32,0.4,0.28,,,,,,0.16,electricity aggregate load_band_4 up_delta_small member=hourly,generic
25,878,21926,21950,25,8,11,6,0.32,0.44,0.24,,,,,,0.16,electricity aggregate load_band_4 up_delta_small member=hourly,generic
25,879,21951,21975,25,5,13,7,0.2,0.52,0.28,,,,,,0.2,electricity aggregate load_band_4 up_delta_small member=hourly,generic
25,880,21976,22000,25,4,14,7,0.16,0.56,0.28,,,,,,0.16,electricity aggregate load_band_4 up_delta_mid member=hourly,generic
25,881,22001,22025,25,6,11,8,0.24,0.44,0.32,,,,,,0.24,electricity aggregate load_band_4 up_delta_small member=hourly,generic
25,882,22026,22050,25,5,11,9,0.2,0.44,0.36,,,,,,0.2,electricity aggregate load_band_4 up_delta_small member=hourly,generic
25,883,22051,22075,25,6,10,9,0.24,0.4,0.36,,,,,,0.24,electricity aggregate load_band_4 up_delta_mid member=hourly,generic
25,884,22076,22100,25,8,9,8,0.32,0.36,0.32,,,,,,0.16,electricity aggregate load_band_4 down_delta_mid member=hourly,generic
25,885,22101,22125,25,8,11,6,0.32,0.44,0.24,,,,,,0.16,electricity aggregate load_band_4 down_delta_mid member=hourly,generic
25,886,22126,22150,25,9,9,7,0.36,0.36,0.28,,,,,,0.2,electricity aggregate load_band_4 down_delta_mid member=hourly,generic
25,887,22151,22175,25,4,16,5,0.16,0.64,0.2,,,,,,0.16,electricity aggregate load_band_4 down_delta_mid member=hourly,generic
25,888,22176,22200,25,5,13,7,0.2,0.52,0.28,,,,,,0.2,electricity aggregate load_band_4 down_delta_small member=hourly,generic
25,889,22201,22225,25,0,19,6,0.0,0.76,0.24,,,,,,0.12,electricity aggregate load_band_0 down_delta_small member=hourly,generic
25,890,22226,22250,25,8,11,6,0.32,0.44,0.24,,,,,,0.16,electricity aggregate load_band_4 up_delta_small member=hourly,generic
25,891,22251,22275,25,0,18,7,0.0,0.72,0.28,,,,,,0.12,electricity aggregate load_band_1 up_delta_mid member=hourly,generic
25,892,22276,22300,25,4,14,7,0.16,0.56,0.28,,,,,,0.16,electricity aggregate load_band_0 down_delta_small member=hourly,generic
25,893,22301,22325,25,12,6,7,0.48,0.24,0.28,,,,,,0.16,electricity aggregate load_band_0 down_delta_small member=hourly,generic
25,894,22326,22350,25,5,14,6,0.2,0.56,0.24,,,,,,0.2,electricity aggregate load_band_4 up_delta_small member=hourly,generic
25,895,22351,22375,25,8,10,7,0.32,0.4,0.28,,,,,,0.16,electricity aggregate load_band_1 up_delta_mid member=hourly,generic
25,896,22376,22400,25,9,9,7,0.36,0.36,0.28,,,,,,0.2,electricity aggregate load_band_4 up_delta_small member=hourly,generic
25,897,22401,22425,25,8,11,6,0.32,0.44,0.24,,,,,,0.16,electricity aggregate load_band_1 up_delta_mid member=hourly,generic
25,898,22426,22450,25,9,10,6,0.36,0.4,0.24,,,,,,0.2,electricity aggregate load_band_4 down_delta_mid member=hourly,generic
25,899,22451,22475,25,4,15,6,0.16,0.6,0.24,,,,,,0.16,electricity aggregate load_band_4 down_delta_small member=hourly,generic
25,900,22476,22500,25,9,10,6,0.36,0.4,0.24,,,,,,0.2,electricity aggregate load_band_4 up_delta_mid member=hourly,generic
25,901,22501,22525,25,9,8,8,0.36,0.32,0.32,,,,,,0.2,electricity aggregate load_band_4 up_delta_small member=hourly,generic
25,902,22526,22550,25,6,11,8,0.24,0.44,0.32,,,,,,0.24,electricity aggregate load_band_4 down_delta_small member=hourly,generic
25,903,22551,22575,25,4,16,5,0.16,0.64,0.2,,,,,,0.16,electricity aggregate load_band_4 down_delta_small member=hourly,generic
25,904,22576,22600,25,9,8,8,0.36,0.32,0.32,,,,,,0.2,electricity aggregate load_band_4 up_delta_small member=hourly,generic
25,905,22601,22625,25,6,13,6,0.24,0.52,0.24,,,,,,0.24,electricity aggregate load_band_4 up_delta_small member=hourly,generic
25,906,22626,22650,25,9,9,7,0.36,0.36,0.28,,,,,,0.2,electricity aggregate load_band_4 up_delta_mid member=hourly,generic
25,907,22651,22675,25,8,12,5,0.32,0.48,0.2,,,,,,0.16,electricity aggregate load_band_4 down_delta_small member=hourly,generic
25,908,22676,22700,25,9,8,8,0.36,0.32,0.32,,,,,,0.2,electricity aggregate load_band_4 up_delta_small member=hourly,generic
25,909,22701,22725,25,10,6,9,0.4,0.24,0.36,,,,,,0.2,electricity aggregate load_band_4 down_delta_mid member=hourly,generic
25,910,22726,22750,25,8,10,7,0.32,0.4,0.28,,,,,,0.16,electricity aggregate load_band_4 down_delta_mid member=hourly,generic
25,911,22751,22775,25,4,14,7,0.16,0.56,0.28,,,,,,0.16,electricity aggregate load_band_4 up_delta_mid member=hourly,generic
25,912,22776,22800,25,4,15,6,0.16,0.6,0.24,,,,,,0.16,electricity aggregate load_band_4 up_delta_mid member=hourly,generic
25,913,22801,22825,25,0,19,6,0.0,0.76,0.24,,,,,,0.12,electricity aggregate load_band_1 up_delta_mid member=hourly,generic
25,914,22826,22850,25,4,14,7,0.16,0.56,0.28,,,,,,0.16,electricity aggregate load_band_4 up_delta_small member=hourly,generic
25,915,22851,22875,25,0,17,8,0.0,0.68,0.32,,,,,,0.12,electricity aggregate load_band_0 down_delta_small member=hourly,generic
25,916,22876,22900,25,4,12,9,0.16,0.48,0.36,,,,,,0.16,electricity aggregate load_band_4 down_delta_mid member=hourly,generic
25,917,22901,22925,25,12,5,8,0.48,0.2,0.32,,,,,,0.16,electricity aggregate load_band_0 down_delta_small member=hourly,generic
25,918,22926,22950,25,8,12,5,0.32,0.48,0.2,,,,,,0.16,electricity aggregate load_band_4 up_delta_small member=hourly,generic
25,919,22951,22975,25,4,15,6,0.16,0.6,0.24,,,,,,0.16,electricity aggregate load_band_1 up_delta_mid member=hourly,generic
25,920,22976,23000,25,13,7,5,0.52,0.28,0.2,,,,,,0.2,electricity aggregate load_band_4 down_delta_mid member=hourly,generic
25,921,23001,23025,25,8,11,6,0.32,0.44,0.24,,,,,,0.16,electricity aggregate load_band_1 up_delta_mid member=hourly,generic
25,922,23026,23050,25,5,14,6,0.2,0.56,0.24,,,,,,0.2,electricity aggregate load_band_4 down_delta_small member=hourly,generic
25,923,23051,23075,25,0,18,7,0.0,0.72,0.28,,,,,,0.12,electricity aggregate load_band_4 up_delta_large member=hourly,generic
25,924,23076,23100,25,9,10,6,0.36,0.4,0.24,,,,,,0.2,electricity aggregate load_band_4 down_delta_mid member=hourly,generic
25,925,23101,23125,25,5,12,8,0.2,0.48,0.32,,,,,,0.2,electricity aggregate load_band_4 up_delta_small member=hourly,generic
25,926,23126,23150,25,6,10,9,0.24,0.4,0.36,,,,,,0.24,electricity aggregate load_band_4 up_delta_small member=hourly,generic
25,927,23151,23175,25,9,9,7,0.36,0.36,0.28,,,,,,0.2,electricity aggregate load_band_4 down_delta_mid member=hourly,generic
25,928,23176,23200,25,4,14,7,0.16,0.56,0.28,,,,,,0.16,electricity aggregate load_band_4 up_delta_mid member=hourly,generic
25,929,23201,23225,25,4,14,7,0.16,0.56,0.28,,,,,,0.16,electricity aggregate load_band_4 up_delta_small member=hourly,generic
25,930,23226,23250,25,9,6,10,0.36,0.24,0.4,,,,,,0.2,electricity aggregate load_band_4 up_delta_mid member=hourly,generic
25,931,23251,23275,25,4,14,7,0.16,0.56,0.28,,,,,,0.16,electricity aggregate load_band_4 down_delta_small member=hourly,generic
25,932,23276,23300,25,9,10,6,0.36,0.4,0.24,,,,,,0.2,electricity aggregate load_band_4 down_delta_mid member=hourly,generic
25,933,23301,23325,25,4,15,6,0.16,0.6,0.24,,,,,,0.16,electricity aggregate load_band_4 down_delta_mid member=hourly,generic
25,934,23326,23350,25,5,13,7,0.2,0.52,0.28,,,,,,0.2,electricity aggregate load_band_4 down_delta_mid member=hourly,generic
25,935,23351,23375,25,5,13,7,0.2,0.52,0.28,,,,,,0.2,electricity aggregate load_band_4 down_delta_small member=hourly,generic
25,936,23376,23400,25,0,17,8,0.0,0.68,0.32,,,,,,0.12,electricity aggregate load_band_0 down_delta_small member=hourly,generic
25,937,23401,23425,25,0,20,5,0.0,0.8,0.2,,,,,,0.12,electricity aggregate load_band_1 down_delta_large member=hourly,generic
25,938,23426,23450,25,4,15,6,0.16,0.6,0.24,,,,,,0.16,electricity aggregate load_band_4 up_delta_small member=hourly,generic
25,939,23451,23475,25,8,11,6,0.32,0.44,0.24,,,,,,0.16,electricity aggregate load_band_0 down_delta_small member=hourly,generic
25,940,23476,23500,25,4,14,7,0.16,0.56,0.28,,,,,,0.16,electricity aggregate load_band_4 up_delta_mid member=hourly,generic
25,941,23501,23525,25,5,12,8,0.2,0.48,0.32,,,,,,0.2,electricity aggregate load_band_4 up_delta_small member=hourly,generic
25,942,23526,23550,25,6,13,6,0.24,0.52,0.24,,,,,,0.24,electricity aggregate load_band_4 down_delta_small member=hourly,generic
25,943,23551,23575,25,9,10,6,0.36,0.4,0.24,,,,,,0.2,electricity aggregate load_band_4 down_delta_small member=hourly,generic
25,944,23576,23600,25,8,11,6,0.32,0.44,0.24,,,,,,0.16,electricity aggregate load_band_1 up_delta_mid member=hourly,generic
25,945,23601,23625,25,10,9,6,0.4,0.36,0.24,,,,,,0.24,electricity aggregate load_band_4 down_delta_small member=hourly,generic
25,946,23626,23650,25,5,13,7,0.2,0.52,0.28,,,,,,0.2,electricity aggregate load_band_4 down_delta_small member=hourly,generic
25,947,23651,23675,25,5,15,5,0.2,0.6,0.2,,,,,,0.2,electricity aggregate load_band_4 up_delta_small member=hourly,generic
25,948,23676,23700,25,9,9,7,0.36,0.36,0.28,,,,,,0.2,electricity aggregate load_band_4 up_delta_small member=hourly,generic
25,949,23701,23725,25,5,12,8,0.2,0.48,0.32,,,,,,0.2,electricity aggregate load_band_4 down_delta_small member=hourly,generic
25,950,23726,23750,25,4,14,7,0.16,0.56,0.28,,,,,,0.16,electricity aggregate load_band_4 up_delta_small member=hourly,generic
25,951,23751,23775,25,9,8,8,0.36,0.32,0.32,,,,,,0.2,electricity aggregate load_band_4 down_delta_small member=hourly,generic
25,952,23776,23800,25,11,8,6,0.44,0.32,0.24,,,,,,0.24,electricity aggregate load_band_4 down_delta_small member=hourly,generic
25,953,23801,23825,25,12,8,5,0.48,0.32,0.2,,,,,,0.28,electricity aggregate load_band_4 up_delta_small member=hourly,generic
25,954,23826,23850,25,9,8,8,0.36,0.32,0.32,,,,,,0.2,electricity aggregate load_band_4 down_delta_small member=hourly,generic
25,955,23851,23875,25,0,18,7,0.0,0.72,0.28,,,,,,0.12,electricity aggregate load_band_4 down_delta_mid member=hourly,generic
25,956,23876,23900,25,11,8,6,0.44,0.32,0.24,,,,,,0.28,electricity aggregate load_band_4 up_delta_small member=hourly,generic
25,957,23901,23925,25,9,11,5,0.36,0.44,0.2,,,,,,0.36,electricity aggregate load_band_4 up_delta_small member=hourly,generic
25,958,23926,23950,25,6,12,7,0.24,0.48,0.28,,,,,,0.24,electricity aggregate load_band_4 up_delta_small member=hourly,generic
25,959,23951,23975,25,7,13,5,0.28,0.52,0.2,,,,,,0.28,electricity aggregate load_band_4 up_delta_small member=hourly,generic
25,960,23976,24000,25,6,13,6,0.24,0.52,0.24,,,,,,0.24,electricity aggregate load_band_4 up_delta_small member=hourly,generic
25,961,24001,24025,25,10,8,7,0.4,0.32,0.28,,,,,,0.2,electricity aggregate load_band_4 up_delta_small member=hourly,generic
25,962,24026,24050,25,0,20,5,0.0,0.8,0.2,,,,,,0.12,electricity aggregate load_band_0 down_delta_small member=hourly,generic
25,963,24051,24075,25,5,14,6,0.2,0.56,0.24,,,,,,0.2,electricity aggregate load_band_4 down_delta_small member=hourly,generic
25,964,24076,24100,25,5,13,7,0.2,0.52,0.28,,,,,,0.2,electricity aggregate load_band_4 down_delta_small member=hourly,generic
25,965,24101,24125,25,4,16,5,0.16,0.64,0.2,,,,,,0.16,electricity aggregate load_band_0 down_delta_small member=hourly,generic
25,966,24126,24150,25,0,18,7,0.0,0.72,0.28,,,,,,0.12,electricity aggregate load_band_1 up_delta_mid member=hourly,generic
25,967,24151,24175,25,4,14,7,0.16,0.56,0.28,,,,,,0.16,electricity aggregate load_band_1 up_delta_mid member=hourly,generic
25,968,24176,24200,25,8,10,7,0.32,0.4,0.28,,,,,,0.16,electricity aggregate load_band_1 up_delta_mid member=hourly,generic
25,969,24201,24225,25,4,14,7,0.16,0.56,0.28,,,,,,0.16,electricity aggregate load_band_4 up_delta_small member=hourly,generic
25,970,24226,24250,25,5,16,4,0.2,0.64,0.16,,,,,,0.2,electricity aggregate load_band_4 up_delta_small member=hourly,generic
25,971,24251,24275,25,6,12,7,0.24,0.48,0.28,,,,,,0.24,electricity aggregate load_band_4 up_delta_small member=hourly,generic
25,972,24276,24300,25,7,11,7,0.28,0.44,0.28,,,,,,0.28,electricity aggregate load_band_4 up_delta_small member=hourly,generic
25,973,24301,24325,25,10,8,7,0.4,0.32,0.28,,,,,,0.24,electricity aggregate load_band_4 down_delta_small member=hourly,generic
25,974,24326,24350,25,5,15,5,0.2,0.6,0.2,,,,,,0.2,electricity aggregate load_band_4 up_delta_small member=hourly,generic
25,975,24351,24375,25,0,17,8,0.0,0.68,0.32,,,,,,0.12,electricity aggregate load_band_4 up_delta_small member=hourly,generic
25,976,24376,24400,25,8,6,11,0.32,0.24,0.44,,,,,,0.16,electricity aggregate load_band_3 up_delta_small member=hourly,generic
25,977,24401,24425,25,10,9,6,0.4,0.36,0.24,,,,,,0.24,electricity aggregate load_band_3 up_delta_small member=hourly,generic
25,978,24426,24450,25,9,8,8,0.36,0.32,0.32,,,,,,0.2,electricity aggregate load_band_3 down_delta_small member=hourly,generic
25,979,24451,24475,25,0,17,8,0.0,0.68,0.32,,,,,,0.12,electricity aggregate load_band_4 up_delta_mid member=hourly,generic
25,980,24476,24500,25,9,11,5,0.36,0.44,0.2,,,,,,0.2,electricity aggregate load_band_4 down_delta_small member=hourly,generic
25,981,24501,24525,25,10,5,10,0.4,0.2,0.4,,,,,,0.2,electricity aggregate load_band_4 down_delta_small member=hourly,generic
25,982,24526,24550,25,0,18,7,0.0,0.72,0.28,,,,,,0.12,electricity aggregate load_band_0 down_delta_small member=hourly,generic
25,983,24551,24575,25,4,14,7,0.16,0.56,0.28,,,,,,0.16,electricity aggregate load_band_4 down_delta_small member=hourly,generic
25,984,24576,24600,25,4,14,7,0.16,0.56,0.28,,,,,,0.16,electricity aggregate load_band_4 down_delta_small member=hourly,generic
25,985,24601,24625,25,4,13,8,0.16,0.52,0.32,,,,,,0.16,electricity aggregate load_band_4 down_delta_mid member=hourly,generic
25,986,24626,24650,25,5,15,5,0.2,0.6,0.2,,,,,,0.2,electricity aggregate load_band_4 up_delta_small member=hourly,generic
25,987,24651,24675,25,9,9,7,0.36,0.36,0.28,,,,,,0.2,electricity aggregate load_band_4 up_delta_small member=hourly,generic
25,988,24676,24700,25,5,12,8,0.2,0.48,0.32,,,,,,0.2,electricity aggregate load_band_4 down_delta_small member=hourly,generic
25,989,24701,24725,25,4,10,11,0.16,0.4,0.44,,,,,,0.16,electricity aggregate load_band_4 down_delta_small member=hourly,generic
25,990,24726,24750,25,6,10,9,0.24,0.4,0.36,,,,,,0.24,electricity aggregate load_band_4 up_delta_small member=hourly,generic
25,991,24751,24775,25,8,8,9,0.32,0.32,0.36,,,,,,0.16,electricity aggregate load_band_1 up_delta_mid member=hourly,generic
25,992,24776,24800,25,9,7,9,0.36,0.28,0.36,,,,,,0.2,electricity aggregate load_band_4 down_delta_small member=hourly,generic
25,993,24801,24825,25,0,16,9,0.0,0.64,0.36,,,,,,0.12,electricity aggregate load_band_1 up_delta_mid member=hourly,generic
25,994,24826,24850,25,4,15,6,0.16,0.6,0.24,,,,,,0.16,electricity aggregate load_band_3 up_delta_small member=hourly,generic
25,995,24851,24875,25,0,21,4,0.0,0.84,0.16,,,,,,0.12,electricity aggregate load_band_3 up_delta_large member=hourly,generic
25,996,24876,24900,25,9,10,6,0.36,0.4,0.24,,,,,,0.2,electricity aggregate load_band_3 up_delta_small member=hourly,generic
25,997,24901,24925,25,7,13,5,0.28,0.52,0.2,,,,,,0.28,electricity aggregate load_band_3 down_delta_small member=hourly,generic
25,998,24926,24950,25,7,10,8,0.28,0.4,0.32,,,,,,0.28,electricity aggregate load_band_2 down_delta_small member=hourly,generic
25,999,24951,24975,25,8,11,6,0.32,0.44,0.24,,,,,,0.16,electricity aggregate load_band_2 down_delta_small member=hourly,generic
25,1000,24976,25000,25,9,12,4,0.36,0.48,0.16,,,,,,0.2,electricity aggregate load_band_2 up_delta_small member=hourly,generic
25,1001,25001,25025,25,7,10,8,0.28,0.4,0.32,,,,,,0.28,electricity aggregate load_band_3 down_delta_small member=hourly,generic
25,1002,25026,25050,25,0,15,10,0.0,0.6,0.4,,,,,,0.12,electricity aggregate load_band_0 down_delta_small member=hourly,generic
25,1003,25051,25075,25,6,12,7,0.24,0.48,0.28,,,,,,0.24,electricity aggregate load_band_2 up_delta_small member=hourly,generic
25,1004,25076,25100,25,0,18,7,0.0,0.72,0.28,,,,,,0.12,electricity aggregate load_band_3 up_delta_small member=hourly,generic
25,1005,25101,25125,25,0,17,8,0.0,0.68,0.32,,,,,,0.12,electricity aggregate load_band_2 down_delta_small member=hourly,generic
25,1006,25126,25150,25,10,5,10,0.4,0.2,0.4,,,,,,0.24,electricity aggregate load_band_3 up_delta_small member=hourly,generic
25,1007,25151,25175,25,4,12,9,0.16,0.48,0.36,,,,,,0.16,electricity aggregate load_band_3 down_delta_small member=hourly,generic
25,1008,25176,25200,25,5,14,6,0.2,0.56,0.24,,,,,,0.2,electricity aggregate load_band_3 up_delta_small member=hourly,generic
25,1009,25201,25225,25,4,12,9,0.16,0.48,0.36,,,,,,0.16,electricity aggregate load_band_2 up_delta_small member=hourly,generic
25,1010,25226,25250,25,4,14,7,0.16,0.56,0.28,,,,,,0.16,electricity aggregate load_band_2 up_delta_small member=hourly,generic
25,1011,25251,25275,25,0,18,7,0.0,0.72,0.28,,,,,,0.12,electricity aggregate load_band_0 up_delta_small member=hourly,generic
25,1012,25276,25300,25,4,19,2,0.16,0.76,0.08,,,,,,0.16,electricity aggregate load_band_3 up_delta_small member=hourly,generic
25,1013,25301,25325,25,11,9,5,0.44,0.36,0.2,,,,,,0.28,electricity aggregate load_band_3 up_delta_small member=hourly,generic
25,1014,25326,25350,25,8,11,6,0.32,0.44,0.24,,,,,,0.16,electricity aggregate load_band_3 up_delta_small member=hourly,generic
25,1015,25351,25375,25,10,7,8,0.4,0.28,0.32,,,,,,0.24,electricity aggregate load_band_3 up_delta_small member=hourly,generic
25,1016,25376,25400,25,0,16,9,0.0,0.64,0.36,,,,,,0.12,electricity aggregate load_band_2 down_delta_small member=hourly,generic
25,1017,25401,25425,25,0,17,8,0.0,0.68,0.32,,,,,,0.12,electricity aggregate load_band_3 down_delta_small member=hourly,generic
25,1018,25426,25450,25,4,12,9,0.16,0.48,0.36,,,,,,0.16,electricity aggregate load_band_2 up_delta_small member=hourly,generic
25,1019,25451,25475,25,4,15,6,0.16,0.6,0.24,,,,,,0.16,electricity aggregate load_band_2 up_delta_small member=hourly,generic
25,1020,25476,25500,25,8,8,9,0.32,0.32,0.36,,,,,,0.16,electricity aggregate load_band_2 up_delta_small member=hourly,generic
25,1021,25501,25525,25,5,11,9,0.2,0.44,0.36,,,,,,0.2,electricity aggregate load_band_2 up_delta_small member=hourly,generic
25,1022,25526,25550,25,5,12,8,0.2,0.48,0.32,,,,,,0.2,electricity aggregate load_band_2 down_delta_small member=hourly,generic
25,1023,25551,25575,25,8,12,5,0.32,0.48,0.2,,,,,,0.16,electricity aggregate load_band_2 down_delta_small member=hourly,generic
25,1024,25576,25600,25,8,8,9,0.32,0.32,0.36,,,,,,0.16,electricity aggregate load_band_2 up_delta_small member=hourly,generic
25,1025,25601,25625,25,10,3,12,0.4,0.12,0.48,,,,,,0.24,electricity aggregate load_band_2 down_delta_small member=hourly,generic
25,1026,25626,25650,25,9,8,8,0.36,0.32,0.32,,,,,,0.2,electricity aggregate load_band_2 down_delta_small member=hourly,generic
25,1027,25651,25675,25,8,7,10,0.32,0.28,0.4,,,,,,0.16,electricity aggregate load_band_2 down_delta_small member=hourly,generic
25,1028,25676,25700,25,5,13,7,0.2,0.52,0.28,,,,,,0.2,electricity aggregate load_band_2 up_delta_small member=hourly,generic
25,1029,25701,25725,25,4,11,10,0.16,0.44,0.4,,,,,,0.16,electricity aggregate load_band_2 up_delta_small member=hourly,generic
25,1030,25726,25750,25,0,18,7,0.0,0.72,0.28,,,,,,0.12,electricity aggregate load_band_2 down_delta_mid member=hourly,generic
25,1031,25751,25775,25,4,14,7,0.16,0.56,0.28,,,,,,0.16,electricity aggregate load_band_2 up_delta_small member=hourly,generic
25,1032,25776,25800,25,4,10,11,0.16,0.4,0.44,,,,,,0.16,electricity aggregate load_band_2 up_delta_small member=hourly,generic
25,1033,25801,25825,25,5,8,12,0.2,0.32,0.48,,,,,,0.2,electricity aggregate load_band_2 down_delta_small member=hourly,generic
25,1034,25826,25850,25,6,13,6,0.24,0.52,0.24,,,,,,0.24,electricity aggregate load_band_2 up_delta_small member=hourly,generic
25,1035,25851,25875,25,4,11,10,0.16,0.44,0.4,,,,,,0.16,electricity aggregate load_band_0 down_delta_small member=hourly,generic
25,1036,25876,25900,25,14,0,11,0.56,0.0,0.44,,,,,,0.2,electricity aggregate load_band_2 up_delta_small member=hourly,generic
25,1037,25901,25925,25,9,9,7,0.36,0.36,0.28,,,,,,0.2,electricity aggregate load_band_2 up_delta_small member=hourly,generic
25,1038,25926,25950,25,4,11,10,0.16,0.44,0.4,,,,,,0.16,electricity aggregate load_band_2 up_delta_small member=hourly,generic
25,1039,25951,25975,25,6,10,9,0.24,0.4,0.36,,,,,,0.24,electricity aggregate load_band_2 up_delta_small member=hourly,generic
25,1040,25976,26000,25,4,16,5,0.16,0.64,0.2,,,,,,0.16,electricity aggregate load_band_2 down_delta_small member=hourly,generic
25,1041,26001,26025,25,0,18,7,0.0,0.72,0.28,,,,,,0.12,electricity aggregate load_band_1 up_delta_mid member=hourly,generic
25,1042,26026,26050,25,4,13,8,0.16,0.52,0.32,,,,,,0.16,electricity aggregate load_band_2 up_delta_small member=hourly,generic
25,1043,26051,26075,25,0,18,7,0.0,0.72,0.28,,,,,,0.12,electricity aggregate load_band_2 up_delta_mid member=hourly,generic
25,1044,26076,26100,25,5,11,9,0.2,0.44,0.36,,,,,,0.2,electricity aggregate load_band_2 up_delta_small member=hourly,generic
25,1045,26101,26125,25,0,17,8,0.0,0.68,0.32,,,,,,0.12,electricity aggregate load_band_2 up_delta_small member=hourly,generic
25,1046,26126,26150,25,16,8,1,0.64,0.32,0.04,,,,,,0.32,electricity aggregate load_band_0 up_delta_small member=hourly,generic
25,1047,26151,26175,25,9,14,2,0.36,0.56,0.08,,,,,,0.2,electricity aggregate load_band_0 up_delta_small member=hourly,generic
25,1048,26176,26200,25,5,12,8,0.2,0.48,0.32,,,,,,0.2,electricity aggregate load_band_2 up_delta_small member=hourly,generic
25,1049,26201,26225,25,4,10,11,0.16,0.4,0.44,,,,,,0.16,electricity aggregate load_band_2 up_delta_small member=hourly,generic
25,1050,26226,26250,25,4,12,9,0.16,0.48,0.36,,,,,,0.16,electricity aggregate load_band_2 up_delta_small member=hourly,generic
25,1051,26251,26275,25,4,13,8,0.16,0.52,0.32,,,,,,0.16,electricity aggregate load_band_2 up_delta_small member=hourly,generic
25,1052,26276,26300,25,6,10,9,0.24,0.4,0.36,,,,,,0.24,electricity aggregate load_band_2 up_delta_small member=hourly,generic
25,1053,26301,26304,4,0,2,2,0.0,0.5,0.5,,,,,,0.5,electricity aggregate load_band_1 down_delta_mid member=hourly,generic
50,1,1,50,50,31,14,5,0.62,0.28,0.1,,,,,,0.16,electricity aggregate load_band_1 up_delta_small member=hourly,generic
50,2,51,100,50,28,20,2,0.56,0.4,0.04,,,,,,0.2,electricity aggregate load_band_3 up_delta_small member=hourly,generic
50,3,101,150,50,27,20,3,0.54,0.4,0.06,,,,,,0.2,electricity aggregate load_band_3 up_delta_small member=hourly,generic
50,4,151,200,50,25,22,3,0.5,0.44,0.06,,,,,,0.18,electricity aggregate load_band_3 up_delta_small member=hourly,generic
50,5,201,250,50,28,21,1,0.56,0.42,0.02,,,,,,0.14,electricity aggregate load_band_3 up_delta_small member=hourly,generic
50,6,251,300,50,29,20,1,0.58,0.4,0.02,,,,,,0.16,electricity aggregate load_band_3 up_delta_small member=hourly,generic
50,7,301,350,50,29,17,4,0.58,0.34,0.08,,,,,,0.16,electricity aggregate load_band_3 down_delta_small member=hourly,generic
50,8,351,400,50,32,14,4,0.64,0.28,0.08,,,,,,0.2,electricity aggregate load_band_3 up_delta_small member=hourly,generic
50,9,401,450,50,28,20,2,0.56,0.4,0.04,,,,,,0.18,electricity aggregate load_band_3 up_delta_small member=hourly,generic
50,10,451,500,50,28,19,3,0.56,0.38,0.06,,,,,,0.24,electricity aggregate load_band_3 up_delta_small member=hourly,generic
50,11,501,550,50,24,23,3,0.48,0.46,0.06,,,,,,0.16,electricity aggregate load_band_3 up_delta_small member=hourly,generic
50,12,551,600,50,33,16,1,0.66,0.32,0.02,,,,,,0.16,electricity aggregate load_band_3 up_delta_small member=hourly,generic
50,13,601,650,50,30,19,1,0.6,0.38,0.02,,,,,,0.18,electricity aggregate load_band_3 up_delta_small member=hourly,generic
50,14,651,700,50,29,17,4,0.58,0.34,0.08,,,,,,0.2,electricity aggregate load_band_3 up_delta_small member=hourly,generic
50,15,701,750,50,33,15,2,0.66,0.3,0.04,,,,,,0.2,electricity aggregate load_band_3 up_delta_small member=hourly,generic
50,16,751,800,50,26,22,2,0.52,0.44,0.04,,,,,,0.18,electricity aggregate load_band_3 up_delta_small member=hourly,generic
50,17,801,850,50,22,26,2,0.44,0.52,0.04,,,,,,0.18,electricity aggregate load_band_3 up_delta_small member=hourly,generic
50,18,851,900,50,29,20,1,0.58,0.4,0.02,,,,,,0.14,electricity aggregate load_band_2 up_delta_small member=hourly,generic
50,19,901,950,50,29,20,1,0.58,0.4,0.02,,,,,,0.24,electricity aggregate load_band_3 up_delta_small member=hourly,generic
50,20,951,1000,50,28,21,1,0.56,0.42,0.02,,,,,,0.22,electricity aggregate load_band_3 up_delta_small member=hourly,generic
50,21,1001,1050,50,23,26,1,0.46,0.52,0.02,,,,,,0.14,electricity aggregate load_band_3 up_delta_small member=hourly,generic
50,22,1051,1100,50,36,13,1,0.72,0.26,0.02,,,,,,0.14,electricity aggregate load_band_3 up_delta_small member=hourly,generic
50,23,1101,1150,50,31,17,2,0.62,0.34,0.04,,,,,,0.14,electricity aggregate load_band_3 up_delta_small member=hourly,generic
50,24,1151,1200,50,30,18,2,0.6,0.36,0.04,,,,,,0.14,electricity aggregate load_band_2 up_delta_small member=hourly,generic
50,25,1201,1250,50,38,8,4,0.76,0.16,0.08,,,,,,0.12,electricity aggregate load_band_0 down_delta_small member=hourly,generic
50,26,1251,1300,50,28,22,0,0.56,0.44,0.0,,,,,,0.2,electricity aggregate load_band_3 up_delta_small member=hourly,generic
50,27,1301,1350,50,36,12,2,0.72,0.24,0.04,,,,,,0.16,electricity aggregate load_band_3 up_delta_small member=hourly,generic
50,28,1351,1400,50,31,14,5,0.62,0.28,0.1,,,,,,0.22,electricity aggregate load_band_3 up_delta_small member=hourly,generic
50,29,1401,1450,50,25,22,3,0.5,0.44,0.06,,,,,,0.18,electricity aggregate load_band_3 up_delta_small member=hourly,generic
50,30,1451,1500,50,29,17,4,0.58,0.34,0.08,,,,,,0.2,electricity aggregate load_band_3 up_delta_small member=hourly,generic
50,31,1501,1550,50,29,18,3,0.58,0.36,0.06,,,,,,0.24,electricity aggregate load_band_3 up_delta_small member=hourly,generic
50,32,1551,1600,50,33,15,2,0.66,0.3,0.04,,,,,,0.26,electricity aggregate load_band_3 up_delta_small member=hourly,generic
50,33,1601,1650,50,32,17,1,0.64,0.34,0.02,,,,,,0.24,electricity aggregate load_band_3 up_delta_small member=hourly,generic
50,34,1651,1700,50,28,20,2,0.56,0.4,0.04,,,,,,0.2,electricity aggregate load_band_3 up_delta_small member=hourly,generic
50,35,1701,1750,50,25,22,3,0.5,0.44,0.06,,,,,,0.2,electricity aggregate load_band_3 up_delta_small member=hourly,generic
50,36,1751,1800,50,25,25,0,0.5,0.5,0.0,,,,,,0.2,electricity aggregate load_band_3 up_delta_small member=hourly,generic
50,37,1801,1850,50,29,17,4,0.58,0.34,0.08,,,,,,0.18,electricity aggregate load_band_3 down_delta_small member=hourly,generic
50,38,1851,1900,50,30,19,1,0.6,0.38,0.02,,,,,,0.16,electricity aggregate load_band_0 down_delta_small member=hourly,generic
50,39,1901,1950,50,29,20,1,0.58,0.4,0.02,,,,,,0.18,electricity aggregate load_band_3 up_delta_small member=hourly,generic
50,40,1951,2000,50,23,24,3,0.46,0.48,0.06,,,,,,0.24,electricity aggregate load_band_3 up_delta_small member=hourly,generic
50,41,2001,2050,50,28,19,3,0.56,0.38,0.06,,,,,,0.24,electricity aggregate load_band_3 up_delta_small member=hourly,generic
50,42,2051,2100,50,29,18,3,0.58,0.36,0.06,,,,,,0.24,electricity aggregate load_band_3 up_delta_small member=hourly,generic
50,43,2101,2150,50,33,16,1,0.66,0.32,0.02,,,,,,0.32,electricity aggregate load_band_3 up_delta_small member=hourly,generic
50,44,2151,2200,50,28,19,3,0.56,0.38,0.06,,,,,,0.3,electricity aggregate load_band_3 up_delta_small member=hourly,generic
50,45,2201,2250,50,34,14,2,0.68,0.28,0.04,,,,,,0.2,electricity aggregate load_band_3 down_delta_small member=hourly,generic
50,46,2251,2300,50,27,22,1,0.54,0.44,0.02,,,,,,0.26,electricity aggregate load_band_3 up_delta_small member=hourly,generic
50,47,2301,2350,50,31,18,1,0.62,0.36,0.02,,,,,,0.26,electricity aggregate load_band_3 up_delta_small member=hourly,generic
50,48,2351,2400,50,23,23,4,0.46,0.46,0.08,,,,,,0.1,electricity aggregate load_band_0 down_delta_small member=hourly,generic
50,49,2401,2450,50,28,17,5,0.56,0.34,0.1,,,,,,0.24,electricity aggregate load_band_3 up_delta_small member=hourly,generic
50,50,2451,2500,50,24,21,5,0.48,0.42,0.1,,,,,,0.24,electricity aggregate load_band_3 up_delta_small member=hourly,generic
50,51,2501,2550,50,29,17,4,0.58,0.34,0.08,,,,,,0.14,electricity aggregate load_band_3 up_delta_small member=hourly,generic
50,52,2551,2600,50,32,15,3,0.64,0.3,0.06,,,,,,0.2,electricity aggregate load_band_3 up_delta_small member=hourly,generic
50,53,2601,2650,50,33,12,5,0.66,0.24,0.1,,,,,,0.28,electricity aggregate load_band_3 up_delta_small member=hourly,generic
50,54,2651,2700,50,24,24,2,0.48,0.48,0.04,,,,,,0.26,electricity aggregate load_band_3 up_delta_small member=hourly,generic
50,55,2701,2750,50,34,15,1,0.68,0.3,0.02,,,,,,0.24,electricity aggregate load_band_3 up_delta_small member=hourly,generic
50,56,2751,2800,50,31,17,2,0.62,0.34,0.04,,,,,,0.22,electricity aggregate load_band_3 up_delta_small member=hourly,generic
50,57,2801,2850,50,28,20,2,0.56,0.4,0.04,,,,,,0.24,electricity aggregate load_band_3 up_delta_small member=hourly,generic
50,58,2851,2900,50,24,23,3,0.48,0.46,0.06,,,,,,0.22,electricity aggregate load_band_3 up_delta_small member=hourly,generic
50,59,2901,2950,50,33,17,0,0.66,0.34,0.0,,,,,,0.28,electricity aggregate load_band_3 up_delta_small member=hourly,generic
50,60,2951,3000,50,31,18,1,0.62,0.36,0.02,,,,,,0.22,electricity aggregate load_band_3 up_delta_small member=hourly,generic
50,61,3001,3050,50,28,16,6,0.56,0.32,0.12,,,,,,0.26,electricity aggregate load_band_3 up_delta_small member=hourly,generic
50,62,3051,3100,50,34,14,2,0.68,0.28,0.04,,,,,,0.2,electricity aggregate load_band_3 up_delta_small member=hourly,generic
50,63,3101,3150,50,27,17,6,0.54,0.34,0.12,,,,,,0.2,electricity aggregate load_band_4 up_delta_small member=hourly,generic
50,64,3151,3200,50,26,23,1,0.52,0.46,0.02,,,,,,0.16,electricity aggregate load_band_1 up_delta_mid member=hourly,generic
50,65,3201,3250,50,31,15,4,0.62,0.3,0.08,,,,,,0.14,electricity aggregate load_band_4 down_delta_small member=hourly,generic
50,66,3251,3300,50,35,10,5,0.7,0.2,0.1,,,,,,0.22,electricity aggregate load_band_4 down_delta_small member=hourly,generic
50,67,3301,3350,50,30,12,8,0.6,0.24,0.16,,,,,,0.14,electricity aggregate load_band_4 up_delta_small member=hourly,generic
50,68,3351,3400,50,35,11,4,0.7,0.22,0.08,,,,,,0.24,electricity aggregate load_band_3 up_delta_small member=hourly,generic
50,69,3401,3450,50,35,12,3,0.7,0.24,0.06,,,,,,0.18,electricity aggregate load_band_4 up_delta_small member=hourly,generic
50,70,3451,3500,50,29,17,4,0.58,0.34,0.08,,,,,,0.16,electricity aggregate load_band_4 down_delta_small member=hourly,generic
50,71,3501,3550,50,26,20,4,0.52,0.4,0.08,,,,,,0.26,electricity aggregate load_band_4 up_delta_small member=hourly,generic
50,72,3551,3600,50,31,15,4,0.62,0.3,0.08,,,,,,0.16,electricity aggregate load_band_4 up_delta_small member=hourly,generic
50,73,3601,3650,50,24,24,2,0.48,0.48,0.04,,,,,,0.16,electricity aggregate load_band_4 down_delta_small member=hourly,generic
50,74,3651,3700,50,34,11,5,0.68,0.22,0.1,,,,,,0.2,electricity aggregate load_band_4 down_delta_small member=hourly,generic
50,75,3701,3750,50,28,19,3,0.56,0.38,0.06,,,,,,0.14,electricity aggregate load_band_4 up_delta_mid member=hourly,generic
50,76,3751,3800,50,30,19,1,0.6,0.38,0.02,,,,,,0.18,electricity aggregate load_band_4 up_delta_small member=hourly,generic
50,77,3801,3850,50,24,19,7,0.48,0.38,0.14,,,,,,0.22,electricity aggregate load_band_4 down_delta_small member=hourly,generic
50,78,3851,3900,50,31,12,7,0.62,0.24,0.14,,,,,,0.18,electricity aggregate load_band_4 up_delta_small member=hourly,generic
50,79,3901,3950,50,34,14,2,0.68,0.28,0.04,,,,,,0.22,electricity aggregate load_band_4 up_delta_small member=hourly,generic
50,80,3951,4000,50,35,12,3,0.7,0.24,0.06,,,,,,0.16,electricity aggregate load_band_4 up_delta_mid member=hourly,generic
50,81,4001,4050,50,30,18,2,0.6,0.36,0.04,,,,,,0.16,electricity aggregate load_band_4 up_delta_small member=hourly,generic
50,82,4051,4100,50,35,10,5,0.7,0.2,0.1,,,,,,0.14,electricity aggregate load_band_4 up_delta_mid member=hourly,generic
50,83,4101,4150,50,31,17,2,0.62,0.34,0.04,,,,,,0.18,electricity aggregate load_band_4 down_delta_small member=hourly,generic
50,84,4151,4200,50,24,23,3,0.48,0.46,0.06,,,,,,0.18,electricity aggregate load_band_4 up_delta_small member=hourly,generic
50,85,4201,4250,50,28,17,5,0.56,0.34,0.1,,,,,,0.16,electricity aggregate load_band_4 down_delta_small member=hourly,generic
50,86,4251,4300,50,37,11,2,0.74,0.22,0.04,,,,,,0.16,electricity aggregate load_band_4 down_delta_mid member=hourly,generic
50,87,4301,4350,50,33,13,4,0.66,0.26,0.08,,,,,,0.18,electricity aggregate load_band_4 down_delta_mid member=hourly,generic
50,88,4351,4400,50,26,22,2,0.52,0.44,0.04,,,,,,0.18,electricity aggregate load_band_4 down_delta_small member=hourly,generic
50,89,4401,4450,50,29,21,0,0.58,0.42,0.0,,,,,,0.14,electricity aggregate load_band_1 up_delta_mid member=hourly,generic
50,90,4451,4500,50,30,17,3,0.6,0.34,0.06,,,,,,0.14,electricity aggregate load_band_4 up_delta_small member=hourly,generic
50,91,4501,4550,50,31,17,2,0.62,0.34,0.04,,,,,,0.16,electricity aggregate load_band_4 down_delta_mid member=hourly,generic
50,92,4551,4600,50,30,19,1,0.6,0.38,0.02,,,,,,0.16,electricity aggregate load_band_4 up_delta_mid member=hourly,generic
50,93,4601,4650,50,34,12,4,0.68,0.24,0.08,,,,,,0.14,electricity aggregate load_band_4 up_delta_mid member=hourly,generic
50,94,4651,4700,50,27,19,4,0.54,0.38,0.08,,,,,,0.16,electricity aggregate load_band_4 down_delta_mid member=hourly,generic
50,95,4701,4750,50,36,10,4,0.72,0.2,0.08,,,,,,0.14,electricity aggregate load_band_4 up_delta_small member=hourly,generic
50,96,4751,4800,50,35,14,1,0.7,0.28,0.02,,,,,,0.12,electricity aggregate load_band_4 down_delta_small member=hourly,generic
50,97,4801,4850,50,36,12,2,0.72,0.24,0.04,,,,,,0.14,electricity aggregate load_band_4 down_delta_small member=hourly,generic
50,98,4851,4900,50,34,13,3,0.68,0.26,0.06,,,,,,0.16,electricity aggregate load_band_4 down_delta_mid member=hourly,generic
50,99,4901,4950,50,35,12,3,0.7,0.24,0.06,,,,,,0.16,electricity aggregate load_band_4 up_delta_small member=hourly,generic
50,100,4951,5000,50,37,12,1,0.74,0.24,0.02,,,,,,0.16,electricity aggregate load_band_4 up_delta_small member=hourly,generic
50,101,5001,5050,50,27,18,5,0.54,0.36,0.1,,,,,,0.18,electricity aggregate load_band_4 up_delta_small member=hourly,generic
50,102,5051,5100,50,26,20,4,0.52,0.4,0.08,,,,,,0.18,electricity aggregate load_band_4 up_delta_mid member=hourly,generic
50,103,5101,5150,50,28,17,5,0.56,0.34,0.1,,,,,,0.22,electricity aggregate load_band_4 up_delta_mid member=hourly,generic
50,104,5151,5200,50,30,18,2,0.6,0.36,0.04,,,,,,0.18,electricity aggregate load_band_4 up_delta_mid member=hourly,generic
50,105,5201,5250,50,32,13,5,0.64,0.26,0.1,,,,,,0.14,electricity aggregate load_band_4 up_delta_small member=hourly,generic
50,106,5251,5300,50,35,11,4,0.7,0.22,0.08,,,,,,0.16,electricity aggregate load_band_4 down_delta_mid member=hourly,generic
50,107,5301,5350,50,40,7,3,0.8,0.14,0.06,,,,,,0.18,electricity aggregate load_band_4 down_delta_mid member=hourly,generic
50,108,5351,5400,50,34,13,3,0.68,0.26,0.06,,,,,,0.16,electricity aggregate load_band_4 down_delta_mid member=hourly,generic
50,109,5401,5450,50,29,18,3,0.58,0.36,0.06,,,,,,0.2,electricity aggregate load_band_4 down_delta_small member=hourly,generic
50,110,5451,5500,50,36,13,1,0.72,0.26,0.02,,,,,,0.2,electricity aggregate load_band_4 down_delta_small member=hourly,generic
50,111,5501,5550,50,27,19,4,0.54,0.38,0.08,,,,,,0.16,electricity aggregate load_band_4 up_delta_small member=hourly,generic
50,112,5551,5600,50,24,24,2,0.48,0.48,0.04,,,,,,0.16,electricity aggregate load_band_1 up_delta_mid member=hourly,generic
50,113,5601,5650,50,26,23,1,0.52,0.46,0.02,,,,,,0.16,electricity aggregate load_band_4 up_delta_mid member=hourly,generic
50,114,5651,5700,50,34,14,2,0.68,0.28,0.04,,,,,,0.14,electricity aggregate load_band_4 up_delta_mid member=hourly,generic
50,115,5701,5750,50,30,16,4,0.6,0.32,0.08,,,,,,0.14,electricity aggregate load_band_4 up_delta_mid member=hourly,generic
50,116,5751,5800,50,32,12,6,0.64,0.24,0.12,,,,,,0.16,electricity aggregate load_band_4 up_delta_small member=hourly,generic
50,117,5801,5850,50,30,18,2,0.6,0.36,0.04,,,,,,0.18,electricity aggregate load_band_4 up_delta_small member=hourly,generic
50,118,5851,5900,50,32,15,3,0.64,0.3,0.06,,,,,,0.16,electricity aggregate load_band_4 down_delta_small member=hourly,generic
50,119,5901,5950,50,34,13,3,0.68,0.26,0.06,,,,,,0.16,electricity aggregate load_band_4 down_delta_small member=hourly,generic
50,120,5951,6000,50,34,14,2,0.68,0.28,0.04,,,,,,0.14,electricity aggregate load_band_4 up_delta_small member=hourly,generic
50,121,6001,6050,50,43,4,3,0.86,0.08,0.06,,,,,,0.12,electricity aggregate load_band_1 up_delta_mid member=hourly,generic
50,122,6051,6100,50,33,13,4,0.66,0.26,0.08,,,,,,0.14,electricity aggregate load_band_4 up_delta_small member=hourly,generic
50,123,6101,6150,50,30,19,1,0.6,0.38,0.02,,,,,,0.14,electricity aggregate load_band_4 up_delta_mid member=hourly,generic
50,124,6151,6200,50,31,14,5,0.62,0.28,0.1,,,,,,0.16,electricity aggregate load_band_1 up_delta_mid member=hourly,generic
50,125,6201,6250,50,22,22,6,0.44,0.44,0.12,,,,,,0.18,electricity aggregate load_band_4 up_delta_small member=hourly,generic
50,126,6251,6300,50,34,14,2,0.68,0.28,0.04,,,,,,0.16,electricity aggregate load_band_4 up_delta_small member=hourly,generic
50,127,6301,6350,50,35,13,2,0.7,0.26,0.04,,,,,,0.18,electricity aggregate load_band_4 up_delta_mid member=hourly,generic
50,128,6351,6400,50,27,20,3,0.54,0.4,0.06,,,,,,0.2,electricity aggregate load_band_4 up_delta_small member=hourly,generic
50,129,6401,6450,50,30,14,6,0.6,0.28,0.12,,,,,,0.2,electricity aggregate load_band_4 up_delta_small member=hourly,generic
50,130,6451,6500,50,26,22,2,0.52,0.44,0.04,,,,,,0.14,electricity aggregate load_band_3 down_delta_small member=hourly,generic
50,131,6501,6550,50,21,25,4,0.42,0.5,0.08,,,,,,0.16,electricity aggregate load_band_4 up_delta_small member=hourly,generic
50,132,6551,6600,50,26,19,5,0.52,0.38,0.1,,,,,,0.18,electricity aggregate load_band_4 up_delta_small member=hourly,generic
50,133,6601,6650,50,25,24,1,0.5,0.48,0.02,,,,,,0.16,electricity aggregate load_band_4 up_delta_small member=hourly,generic
50,134,6651,6700,50,29,18,3,0.58,0.36,0.06,,,,,,0.24,electricity aggregate load_band_4 down_delta_small member=hourly,generic
50,135,6701,6750,50,33,13,4,0.66,0.26,0.08,,,,,,0.16,electricity aggregate load_band_4 up_delta_small member=hourly,generic
50,136,6751,6800,50,28,22,0,0.56,0.44,0.0,,,,,,0.18,electricity aggregate load_band_4 down_delta_small member=hourly,generic
50,137,6801,6850,50,26,23,1,0.52,0.46,0.02,,,,,,0.14,electricity aggregate load_band_4 down_delta_small member=hourly,generic
50,138,6851,6900,50,28,17,5,0.56,0.34,0.1,,,,,,0.22,electricity aggregate load_band_4 up_delta_small member=hourly,generic
50,139,6901,6950,50,24,21,5,0.48,0.42,0.1,,,,,,0.12,electricity aggregate load_band_3 up_delta_small member=hourly,generic
50,140,6951,7000,50,32,14,4,0.64,0.28,0.08,,,,,,0.24,electricity aggregate load_band_3 up_delta_small member=hourly,generic
50,141,7001,7050,50,32,14,4,0.64,0.28,0.08,,,,,,0.22,electricity aggregate load_band_3 up_delta_small member=hourly,generic
50,142,7051,7100,50,28,16,6,0.56,0.32,0.12,,,,,,0.18,electricity aggregate load_band_3 up_delta_small member=hourly,generic
50,143,7101,7150,50,37,9,4,0.74,0.18,0.08,,,,,,0.18,electricity aggregate load_band_3 down_delta_small member=hourly,generic
50,144,7151,7200,50,33,13,4,0.66,0.26,0.08,,,,,,0.16,electricity aggregate load_band_3 up_delta_small member=hourly,generic
50,145,7201,7250,50,25,17,8,0.5,0.34,0.16,,,,,,0.22,electricity aggregate load_band_3 down_delta_small member=hourly,generic
50,146,7251,7300,50,41,9,0,0.82,0.18,0.0,,,,,,0.18,electricity aggregate load_band_3 down_delta_small member=hourly,generic
50,147,7301,7350,50,35,12,3,0.7,0.24,0.06,,,,,,0.18,electricity aggregate load_band_3 down_delta_small member=hourly,generic
50,148,7351,7400,50,24,21,5,0.48,0.42,0.1,,,,,,0.16,electricity aggregate load_band_3 up_delta_small member=hourly,generic
50,149,7401,7450,50,32,15,3,0.64,0.3,0.06,,,,,,0.18,electricity aggregate load_band_3 up_delta_small member=hourly,generic
50,150,7451,7500,50,28,20,2,0.56,0.4,0.04,,,,,,0.16,electricity aggregate load_band_3 down_delta_small member=hourly,generic
50,151,7501,7550,50,28,17,5,0.56,0.34,0.1,,,,,,0.22,electricity aggregate load_band_3 down_delta_small member=hourly,generic
50,152,7551,7600,50,19,28,3,0.38,0.56,0.06,,,,,,0.16,electricity aggregate load_band_2 up_delta_small member=hourly,generic
50,153,7601,7650,50,27,20,3,0.54,0.4,0.06,,,,,,0.1,electricity aggregate load_band_3 up_delta_small member=hourly,generic
50,154,7651,7700,50,40,10,0,0.8,0.2,0.0,,,,,,0.18,electricity aggregate load_band_3 up_delta_small member=hourly,generic
50,155,7701,7750,50,23,22,5,0.46,0.44,0.1,,,,,,0.12,electricity aggregate load_band_0 down_delta_small member=hourly,generic
50,156,7751,7800,50,24,19,7,0.48,0.38,0.14,,,,,,0.16,electricity aggregate load_band_3 up_delta_small member=hourly,generic
50,157,7801,7850,50,25,20,5,0.5,0.4,0.1,,,,,,0.16,electricity aggregate load_band_2 up_delta_small member=hourly,generic
50,158,7851,7900,50,29,17,4,0.58,0.34,0.08,,,,,,0.18,electricity aggregate load_band_3 up_delta_small member=hourly,generic
50,159,7901,7950,50,26,22,2,0.52,0.44,0.04,,,,,,0.12,electricity aggregate load_band_0 down_delta_small member=hourly,generic
50,160,7951,8000,50,29,18,3,0.58,0.36,0.06,,,,,,0.14,electricity aggregate load_band_2 up_delta_small member=hourly,generic
50,161,8001,8050,50,17,31,2,0.34,0.62,0.04,,,,,,0.16,electricity aggregate load_band_2 up_delta_small member=hourly,generic
50,162,8051,8100,50,17,31,2,0.34,0.62,0.04,,,,,,0.16,electricity aggregate load_band_2 up_delta_small member=hourly,generic
50,163,8101,8150,50,30,17,3,0.6,0.34,0.06,,,,,,0.18,electricity aggregate load_band_2 up_delta_small member=hourly,generic
50,164,8151,8200,50,32,15,3,0.64,0.3,0.06,,,,,,0.16,electricity aggregate load_band_3 down_delta_small member=hourly,generic
50,165,8201,8250,50,22,25,3,0.44,0.5,0.06,,,,,,0.14,electricity aggregate load_band_3 up_delta_small member=hourly,generic
50,166,8251,8300,50,26,23,1,0.52,0.46,0.02,,,,,,0.1,electricity aggregate load_band_2 up_delta_small member=hourly,generic
50,167,8301,8350,50,31,16,3,0.62,0.32,0.06,,,,,,0.2,electricity aggregate load_band_3 down_delta_small member=hourly,generic
50,168,8351,8400,50,31,18,1,0.62,0.36,0.02,,,,,,0.18,electricity aggregate load_band_3 up_delta_small member=hourly,generic
50,169,8401,8450,50,37,10,3,0.74,0.2,0.06,,,,,,0.12,electricity aggregate load_band_0 down_delta_small member=hourly,generic
50,170,8451,8500,50,36,11,3,0.72,0.22,0.06,,,,,,0.16,electricity aggregate load_band_0 down_delta_small member=hourly,generic
50,171,8501,8550,50,31,16,3,0.62,0.32,0.06,,,,,,0.24,electricity aggregate load_band_3 down_delta_small member=hourly,generic
50,172,8551,8600,50,28,19,3,0.56,0.38,0.06,,,,,,0.18,electricity aggregate load_band_3 up_delta_small member=hourly,generic
50,173,8601,8650,50,33,13,4,0.66,0.26,0.08,,,,,,0.16,electricity aggregate load_band_1 down_delta_small member=hourly,generic
50,174,8651,8700,50,32,16,2,0.64,0.32,0.04,,,,,,0.12,electricity aggregate load_band_1 up_delta_mid member=hourly,generic
50,175,8701,8750,50,29,16,5,0.58,0.32,0.1,,,,,,0.16,electricity aggregate load_band_3 down_delta_small member=hourly,generic
50,176,8751,8800,50,30,19,1,0.6,0.38,0.02,,,,,,0.14,electricity aggregate load_band_3 down_delta_small member=hourly,generic
50,177,8801,8850,50,24,22,4,0.48,0.44,0.08,,,,,,0.18,electricity aggregate load_band_2 up_delta_small member=hourly,generic
50,178,8851,8900,50,30,18,2,0.6,0.36,0.04,,,,,,0.16,electricity aggregate load_band_2 up_delta_small member=hourly,generic
50,179,8901,8950,50,26,23,1,0.52,0.46,0.02,,,,,,0.12,electricity aggregate load_band_0 down_delta_small member=hourly,generic
50,180,8951,9000,50,24,25,1,0.48,0.5,0.02,,,,,,0.14,electricity aggregate load_band_2 up_delta_small member=hourly,generic
50,181,9001,9050,50,28,20,2,0.56,0.4,0.04,,,,,,0.14,electricity aggregate load_band_2 up_delta_small member=hourly,generic
50,182,9051,9100,50,32,17,1,0.64,0.34,0.02,,,,,,0.16,electricity aggregate load_band_0 down_delta_small member=hourly,generic
50,183,9101,9150,50,35,12,3,0.7,0.24,0.06,,,,,,0.22,electricity aggregate load_band_2 up_delta_small member=hourly,generic
50,184,9151,9200,50,27,21,2,0.54,0.42,0.04,,,,,,0.2,electricity aggregate load_band_2 up_delta_small member=hourly,generic
50,185,9201,9250,50,32,16,2,0.64,0.32,0.04,,,,,,0.12,electricity aggregate load_band_0 down_delta_small member=hourly,generic
50,186,9251,9300,50,29,20,1,0.58,0.4,0.02,,,,,,0.16,electricity aggregate load_band_2 down_delta_small member=hourly,generic
50,187,9301,9350,50,33,17,0,0.66,0.34,0.0,,,,,,0.22,electricity aggregate load_band_2 up_delta_small member=hourly,generic
50,188,9351,9400,50,25,23,2,0.5,0.46,0.04,,,,,,0.18,electricity aggregate load_band_2 up_delta_small member=hourly,generic
50,189,9401,9450,50,25,23,2,0.5,0.46,0.04,,,,,,0.12,electricity aggregate load_band_2 down_delta_small member=hourly,generic
50,190,9451,9500,50,23,26,1,0.46,0.52,0.02,,,,,,0.2,electricity aggregate load_band_2 up_delta_small member=hourly,generic
50,191,9501,9550,50,30,18,2,0.6,0.36,0.04,,,,,,0.16,electricity aggregate load_band_2 up_delta_small member=hourly,generic
50,192,9551,9600,50,37,9,4,0.74,0.18,0.08,,,,,,0.2,electricity aggregate load_band_2 down_delta_small member=hourly,generic
50,193,9601,9650,50,27,20,3,0.54,0.4,0.06,,,,,,0.22,electricity aggregate load_band_2 up_delta_small member=hourly,generic
50,194,9651,9700,50,36,13,1,0.72,0.26,0.02,,,,,,0.28,electricity aggregate load_band_2 up_delta_small member=hourly,generic
50,195,9701,9750,50,31,15,4,0.62,0.3,0.08,,,,,,0.24,electricity aggregate load_band_2 up_delta_small member=hourly,generic
50,196,9751,9800,50,34,12,4,0.68,0.24,0.08,,,,,,0.24,electricity aggregate load_band_2 up_delta_small member=hourly,generic
50,197,9801,9850,50,34,13,3,0.68,0.26,0.06,,,,,,0.24,electricity aggregate load_band_2 up_delta_small member=hourly,generic
50,198,9851,9900,50,33,16,1,0.66,0.32,0.02,,,,,,0.24,electricity aggregate load_band_2 up_delta_small member=hourly,generic
50,199,9901,9950,50,34,13,3,0.68,0.26,0.06,,,,,,0.24,electricity aggregate load_band_2 up_delta_small member=hourly,generic
50,200,9951,10000,50,33,17,0,0.66,0.34,0.0,,,,,,0.22,electricity aggregate load_band_2 up_delta_small member=hourly,generic
50,201,10001,10050,50,29,20,1,0.58,0.4,0.02,,,,,,0.22,electricity aggregate load_band_2 up_delta_small member=hourly,generic
50,202,10051,10100,50,34,11,5,0.68,0.22,0.1,,,,,,0.18,electricity aggregate load_band_2 up_delta_small member=hourly,generic
50,203,10101,10150,50,38,11,1,0.76,0.22,0.02,,,,,,0.18,electricity aggregate load_band_2 up_delta_small member=hourly,generic
50,204,10151,10200,50,39,10,1,0.78,0.2,0.02,,,,,,0.22,electricity aggregate load_band_2 up_delta_small member=hourly,generic
50,205,10201,10250,50,36,10,4,0.72,0.2,0.08,,,,,,0.18,electricity aggregate load_band_2 up_delta_small member=hourly,generic
50,206,10251,10300,50,31,16,3,0.62,0.32,0.06,,,,,,0.2,electricity aggregate load_band_2 up_delta_small member=hourly,generic
50,207,10301,10350,50,37,11,2,0.74,0.22,0.04,,,,,,0.16,electricity aggregate load_band_2 up_delta_small member=hourly,generic
50,208,10351,10400,50,30,19,1,0.6,0.38,0.02,,,,,,0.18,electricity aggregate load_band_2 up_delta_small member=hourly,generic
50,209,10401,10450,50,31,15,4,0.62,0.3,0.08,,,,,,0.2,electricity aggregate load_band_2 down_delta_small member=hourly,generic
50,210,10451,10500,50,31,15,4,0.62,0.3,0.08,,,,,,0.24,electricity aggregate load_band_2 up_delta_small member=hourly,generic
50,211,10501,10550,50,32,18,0,0.64,0.36,0.0,,,,,,0.22,electricity aggregate load_band_2 up_delta_small member=hourly,generic
50,212,10551,10600,50,34,13,3,0.68,0.26,0.06,,,,,,0.2,electricity aggregate load_band_2 down_delta_small member=hourly,generic
50,213,10601,10650,50,35,14,1,0.7,0.28,0.02,,,,,,0.22,electricity aggregate load_band_2 down_delta_small member=hourly,generic
50,214,10651,10700,50,34,14,2,0.68,0.28,0.04,,,,,,0.26,electricity aggregate load_band_2 up_delta_small member=hourly,generic
50,215,10701,10750,50,28,21,1,0.56,0.42,0.02,,,,,,0.18,electricity aggregate load_band_2 up_delta_small member=hourly,generic
50,216,10751,10800,50,34,14,2,0.68,0.28,0.04,,,,,,0.2,electricity aggregate load_band_2 down_delta_small member=hourly,generic
50,217,10801,10850,50,24,24,2,0.48,0.48,0.04,,,,,,0.12,electricity aggregate load_band_3 up_delta_small member=hourly,generic
50,218,10851,10900,50,29,19,2,0.58,0.38,0.04,,,,,,0.18,electricity aggregate load_band_3 up_delta_small member=hourly,generic
50,219,10901,10950,50,23,19,8,0.46,0.38,0.16,,,,,,0.22,electricity aggregate load_band_2 down_delta_small member=hourly,generic
50,220,10951,11000,50,28,20,2,0.56,0.4,0.04,,,,,,0.22,electricity aggregate load_band_2 up_delta_small member=hourly,generic
50,221,11001,11050,50,31,17,2,0.62,0.34,0.04,,,,,,0.28,electricity aggregate load_band_2 up_delta_small member=hourly,generic
50,222,11051,11100,50,35,14,1,0.7,0.28,0.02,,,,,,0.24,electricity aggregate load_band_2 up_delta_small member=hourly,generic
50,223,11101,11150,50,28,19,3,0.56,0.38,0.06,,,,,,0.3,electricity aggregate load_band_2 up_delta_small member=hourly,generic
50,224,11151,11200,50,32,17,1,0.64,0.34,0.02,,,,,,0.24,electricity aggregate load_band_2 up_delta_small member=hourly,generic
50,225,11201,11250,50,28,17,5,0.56,0.34,0.1,,,,,,0.22,electricity aggregate load_band_2 up_delta_small member=hourly,generic
50,226,11251,11300,50,26,21,3,0.52,0.42,0.06,,,,,,0.16,electricity aggregate load_band_3 up_delta_small member=hourly,generic
50,227,11301,11350,50,23,24,3,0.46,0.48,0.06,,,,,,0.22,electricity aggregate load_band_3 down_delta_small member=hourly,generic
50,228,11351,11400,50,27,19,4,0.54,0.38,0.08,,,,,,0.18,electricity aggregate load_band_3 up_delta_small member=hourly,generic
50,229,11401,11450,50,29,20,1,0.58,0.4,0.02,,,,,,0.2,electricity aggregate load_band_3 down_delta_small member=hourly,generic
50,230,11451,11500,50,27,19,4,0.54,0.38,0.08,,,,,,0.22,electricity aggregate load_band_3 down_delta_small member=hourly,generic
50,231,11501,11550,50,27,20,3,0.54,0.4,0.06,,,,,,0.22,electricity aggregate load_band_3 up_delta_small member=hourly,generic
50,232,11551,11600,50,28,20,2,0.56,0.4,0.04,,,,,,0.12,electricity aggregate load_band_3 up_delta_small member=hourly,generic
50,233,11601,11650,50,28,21,1,0.56,0.42,0.02,,,,,,0.3,electricity aggregate load_band_2 up_delta_small member=hourly,generic
50,234,11651,11700,50,37,12,1,0.74,0.24,0.02,,,,,,0.3,electricity aggregate load_band_2 up_delta_small member=hourly,generic
50,235,11701,11750,50,23,23,4,0.46,0.46,0.08,,,,,,0.14,electricity aggregate load_band_3 down_delta_small member=hourly,generic
50,236,11751,11800,50,32,16,2,0.64,0.32,0.04,,,,,,0.2,electricity aggregate load_band_3 down_delta_small member=hourly,generic
50,237,11801,11850,50,30,18,2,0.6,0.36,0.04,,,,,,0.22,electricity aggregate load_band_3 down_delta_small member=hourly,generic
50,238,11851,11900,50,27,20,3,0.54,0.4,0.06,,,,,,0.16,electricity aggregate load_band_3 down_delta_small member=hourly,generic
50,239,11901,11950,50,28,20,2,0.56,0.4,0.04,,,,,,0.16,electricity aggregate load_band_3 down_delta_small member=hourly,generic
50,240,11951,12000,50,29,16,5,0.58,0.32,0.1,,,,,,0.2,electricity aggregate load_band_3 down_delta_small member=hourly,generic
50,241,12001,12050,50,31,19,0,0.62,0.38,0.0,,,,,,0.2,electricity aggregate load_band_3 up_delta_small member=hourly,generic
50,242,12051,12100,50,36,14,0,0.72,0.28,0.0,,,,,,0.22,electricity aggregate load_band_2 down_delta_small member=hourly,generic
50,243,12101,12150,50,39,7,4,0.78,0.14,0.08,,,,,,0.24,electricity aggregate load_band_2 up_delta_small member=hourly,generic
50,244,12151,12200,50,30,18,2,0.6,0.36,0.04,,,,,,0.14,electricity aggregate load_band_3 up_delta_small member=hourly,generic
50,245,12201,12250,50,31,16,3,0.62,0.32,0.06,,,,,,0.2,electricity aggregate load_band_3 up_delta_small member=hourly,generic
50,246,12251,12300,50,28,17,5,0.56,0.34,0.1,,,,,,0.2,electricity aggregate load_band_3 down_delta_small member=hourly,generic
50,247,12301,12350,50,40,9,1,0.8,0.18,0.02,,,,,,0.2,electricity aggregate load_band_3 up_delta_small member=hourly,generic
50,248,12351,12400,50,37,9,4,0.74,0.18,0.08,,,,,,0.28,electricity aggregate load_band_3 up_delta_small member=hourly,generic
50,249,12401,12450,50,22,26,2,0.44,0.52,0.04,,,,,,0.14,electricity aggregate load_band_3 down_delta_small member=hourly,generic
50,250,12451,12500,50,28,19,3,0.56,0.38,0.06,,,,,,0.18,electricity aggregate load_band_4 up_delta_small member=hourly,generic
50,251,12501,12550,50,24,19,7,0.48,0.38,0.14,,,,,,0.2,electricity aggregate load_band_3 down_delta_small member=hourly,generic
50,252,12551,12600,50,27,21,2,0.54,0.42,0.04,,,,,,0.18,electricity aggregate load_band_3 up_delta_small member=hourly,generic
50,253,12601,12650,50,34,16,0,0.68,0.32,0.0,,,,,,0.2,electricity aggregate load_band_3 up_delta_small member=hourly,generic
50,254,12651,12700,50,22,20,8,0.44,0.4,0.16,,,,,,0.14,electricity aggregate load_band_0 down_delta_small member=hourly,generic
50,255,12701,12750,50,37,13,0,0.74,0.26,0.0,,,,,,0.14,electricity aggregate load_band_4 up_delta_mid member=hourly,generic
50,256,12751,12800,50,30,18,2,0.6,0.36,0.04,,,,,,0.12,electricity aggregate load_band_4 up_delta_small member=hourly,generic
50,257,12801,12850,50,35,12,3,0.7,0.24,0.06,,,,,,0.22,electricity aggregate load_band_3 down_delta_small member=hourly,generic
50,258,12851,12900,50,25,21,4,0.5,0.42,0.08,,,,,,0.12,electricity aggregate load_band_1 up_delta_mid member=hourly,generic
50,259,12901,12950,50,24,24,2,0.48,0.48,0.04,,,,,,0.16,electricity aggregate load_band_4 up_delta_small member=hourly,generic
50,260,12951,13000,50,36,11,3,0.72,0.22,0.06,,,,,,0.16,electricity aggregate load_band_4 up_delta_small member=hourly,generic
50,261,13001,13050,50,36,12,2,0.72,0.24,0.04,,,,,,0.16,electricity aggregate load_band_4 down_delta_mid member=hourly,generic
50,262,13051,13100,50,31,17,2,0.62,0.34,0.04,,,,,,0.22,electricity aggregate load_band_4 down_delta_mid member=hourly,generic
50,263,13101,13150,50,33,14,3,0.66,0.28,0.06,,,,,,0.22,electricity aggregate load_band_4 down_delta_mid member=hourly,generic
50,264,13151,13200,50,38,12,0,0.76,0.24,0.0,,,,,,0.18,electricity aggregate load_band_4 up_delta_small member=hourly,generic
50,265,13201,13250,50,33,12,5,0.66,0.24,0.1,,,,,,0.2,electricity aggregate load_band_4 up_delta_small member=hourly,generic
50,266,13251,13300,50,28,20,2,0.56,0.4,0.04,,,,,,0.16,electricity aggregate load_band_4 up_delta_small member=hourly,generic
50,267,13301,13350,50,34,12,4,0.68,0.24,0.08,,,,,,0.16,electricity aggregate load_band_4 down_delta_mid member=hourly,generic
50,268,13351,13400,50,31,19,0,0.62,0.38,0.0,,,,,,0.14,electricity aggregate load_band_4 up_delta_small member=hourly,generic
50,269,13401,13450,50,31,15,4,0.62,0.3,0.08,,,,,,0.22,electricity aggregate load_band_4 up_delta_small member=hourly,generic
50,270,13451,13500,50,39,8,3,0.78,0.16,0.06,,,,,,0.16,electricity aggregate load_band_4 up_delta_small member=hourly,generic
50,271,13501,13550,50,37,11,2,0.74,0.22,0.04,,,,,,0.18,electricity aggregate load_band_4 up_delta_small member=hourly,generic
50,272,13551,13600,50,40,8,2,0.8,0.16,0.04,,,,,,0.22,electricity aggregate load_band_4 up_delta_small member=hourly,generic
50,273,13601,13650,50,38,9,3,0.76,0.18,0.06,,,,,,0.18,electricity aggregate load_band_4 up_delta_small member=hourly,generic
50,274,13651,13700,50,38,12,0,0.76,0.24,0.0,,,,,,0.16,electricity aggregate load_band_4 up_delta_small member=hourly,generic
50,275,13701,13750,50,38,11,1,0.76,0.22,0.02,,,,,,0.2,electricity aggregate load_band_4 up_delta_small member=hourly,generic
50,276,13751,13800,50,37,11,2,0.74,0.22,0.04,,,,,,0.2,electricity aggregate load_band_4 down_delta_small member=hourly,generic
50,277,13801,13850,50,40,8,2,0.8,0.16,0.04,,,,,,0.16,electricity aggregate load_band_4 up_delta_small member=hourly,generic
50,278,13851,13900,50,38,11,1,0.76,0.22,0.02,,,,,,0.16,electricity aggregate load_band_0 down_delta_small member=hourly,generic
50,279,13901,13950,50,36,11,3,0.72,0.22,0.06,,,,,,0.16,electricity aggregate load_band_4 up_delta_small member=hourly,generic
50,280,13951,14000,50,31,16,3,0.62,0.32,0.06,,,,,,0.16,electricity aggregate load_band_1 up_delta_mid member=hourly,generic
50,281,14001,14050,50,38,10,2,0.76,0.2,0.04,,,,,,0.16,electricity aggregate load_band_4 up_delta_mid member=hourly,generic
50,282,14051,14100,50,35,9,6,0.7,0.18,0.12,,,,,,0.16,electricity aggregate load_band_4 up_delta_mid member=hourly,generic
50,283,14101,14150,50,38,10,2,0.76,0.2,0.04,,,,,,0.18,electricity aggregate load_band_4 up_delta_small member=hourly,generic
50,284,14151,14200,50,43,4,3,0.86,0.08,0.06,,,,,,0.18,electricity aggregate load_band_4 up_delta_small member=hourly,generic
50,285,14201,14250,50,39,10,1,0.78,0.2,0.02,,,,,,0.18,electricity aggregate load_band_4 up_delta_small member=hourly,generic
50,286,14251,14300,50,33,17,0,0.66,0.34,0.0,,,,,,0.14,electricity aggregate load_band_4 up_delta_small member=hourly,generic
50,287,14301,14350,50,33,13,4,0.66,0.26,0.08,,,,,,0.16,electricity aggregate load_band_4 up_delta_small member=hourly,generic
50,288,14351,14400,50,32,15,3,0.64,0.3,0.06,,,,,,0.12,electricity aggregate load_band_1 up_delta_mid member=hourly,generic
50,289,14401,14450,50,42,7,1,0.84,0.14,0.02,,,,,,0.16,electricity aggregate load_band_4 down_delta_mid member=hourly,generic
50,290,14451,14500,50,32,14,4,0.64,0.28,0.08,,,,,,0.16,electricity aggregate load_band_4 up_delta_small member=hourly,generic
50,291,14501,14550,50,40,9,1,0.8,0.18,0.02,,,,,,0.14,electricity aggregate load_band_4 down_delta_small member=hourly,generic
50,292,14551,14600,50,37,12,1,0.74,0.24,0.02,,,,,,0.16,electricity aggregate load_band_1 up_delta_mid member=hourly,generic
50,293,14601,14650,50,36,11,3,0.72,0.22,0.06,,,,,,0.18,electricity aggregate load_band_4 down_delta_small member=hourly,generic
50,294,14651,14700,50,37,12,1,0.74,0.24,0.02,,,,,,0.14,electricity aggregate load_band_4 up_delta_small member=hourly,generic
50,295,14701,14750,50,32,15,3,0.64,0.3,0.06,,,,,,0.22,electricity aggregate load_band_4 up_delta_small member=hourly,generic
50,296,14751,14800,50,40,6,4,0.8,0.12,0.08,,,,,,0.2,electricity aggregate load_band_4 up_delta_small member=hourly,generic
50,297,14801,14850,50,35,13,2,0.7,0.26,0.04,,,,,,0.2,electricity aggregate load_band_4 up_delta_small member=hourly,generic
50,298,14851,14900,50,40,8,2,0.8,0.16,0.04,,,,,,0.18,electricity aggregate load_band_4 down_delta_mid member=hourly,generic
50,299,14901,14950,50,28,18,4,0.56,0.36,0.08,,,,,,0.2,electricity aggregate load_band_4 up_delta_small member=hourly,generic
50,300,14951,15000,50,34,12,4,0.68,0.24,0.08,,,,,,0.14,electricity aggregate load_band_4 up_delta_mid member=hourly,generic
50,301,15001,15050,50,36,12,2,0.72,0.24,0.04,,,,,,0.16,electricity aggregate load_band_4 down_delta_small member=hourly,generic
50,302,15051,15100,50,39,6,5,0.78,0.12,0.1,,,,,,0.14,electricity aggregate load_band_4 up_delta_mid member=hourly,generic
50,303,15101,15150,50,35,9,6,0.7,0.18,0.12,,,,,,0.18,electricity aggregate load_band_4 up_delta_small member=hourly,generic
50,304,15151,15200,50,39,8,3,0.78,0.16,0.06,,,,,,0.16,electricity aggregate load_band_1 up_delta_mid member=hourly,generic
50,305,15201,15250,50,37,10,3,0.74,0.2,0.06,,,,,,0.24,electricity aggregate load_band_4 down_delta_small member=hourly,generic
50,306,15251,15300,50,32,18,0,0.64,0.36,0.0,,,,,,0.24,electricity aggregate load_band_4 up_delta_small member=hourly,generic
50,307,15301,15350,50,34,13,3,0.68,0.26,0.06,,,,,,0.24,electricity aggregate load_band_4 up_delta_small member=hourly,generic
50,308,15351,15400,50,34,13,3,0.68,0.26,0.06,,,,,,0.22,electricity aggregate load_band_4 up_delta_small member=hourly,generic
50,309,15401,15450,50,31,13,6,0.62,0.26,0.12,,,,,,0.26,electricity aggregate load_band_4 up_delta_small member=hourly,generic
50,310,15451,15500,50,27,20,3,0.54,0.4,0.06,,,,,,0.2,electricity aggregate load_band_4 down_delta_small member=hourly,generic
50,311,15501,15550,50,31,18,1,0.62,0.36,0.02,,,,,,0.2,electricity aggregate load_band_4 up_delta_small member=hourly,generic
50,312,15551,15600,50,31,17,2,0.62,0.34,0.04,,,,,,0.22,electricity aggregate load_band_4 up_delta_small member=hourly,generic
50,313,15601,15650,50,27,21,2,0.54,0.42,0.04,,,,,,0.18,electricity aggregate load_band_3 up_delta_small member=hourly,generic
50,314,15651,15700,50,34,13,3,0.68,0.26,0.06,,,,,,0.16,electricity aggregate load_band_4 up_delta_small member=hourly,generic
50,315,15701,15750,50,32,18,0,0.64,0.36,0.0,,,,,,0.18,electricity aggregate load_band_4 up_delta_small member=hourly,generic
50,316,15751,15800,50,29,17,4,0.58,0.34,0.08,,,,,,0.14,electricity aggregate load_band_1 up_delta_mid member=hourly,generic
50,317,15801,15850,50,34,16,0,0.68,0.32,0.0,,,,,,0.16,electricity aggregate load_band_3 down_delta_small member=hourly,generic
50,318,15851,15900,50,26,22,2,0.52,0.44,0.04,,,,,,0.16,electricity aggregate load_band_3 down_delta_small member=hourly,generic
50,319,15901,15950,50,28,22,0,0.56,0.44,0.0,,,,,,0.14,electricity aggregate load_band_3 up_delta_small member=hourly,generic
50,320,15951,16000,50,28,18,4,0.56,0.36,0.08,,,,,,0.26,electricity aggregate load_band_3 up_delta_small member=hourly,generic
50,321,16001,16050,50,31,18,1,0.62,0.36,0.02,,,,,,0.2,electricity aggregate load_band_3 up_delta_small member=hourly,generic
50,322,16051,16100,50,38,11,1,0.76,0.22,0.02,,,,,,0.18,electricity aggregate load_band_3 up_delta_small member=hourly,generic
50,323,16101,16150,50,31,17,2,0.62,0.34,0.04,,,,,,0.18,electricity aggregate load_band_3 down_delta_small member=hourly,generic
50,324,16151,16200,50,31,15,4,0.62,0.3,0.08,,,,,,0.2,electricity aggregate load_band_3 up_delta_small member=hourly,generic
50,325,16201,16250,50,37,10,3,0.74,0.2,0.06,,,,,,0.18,electricity aggregate load_band_3 down_delta_small member=hourly,generic
50,326,16251,16300,50,30,18,2,0.6,0.36,0.04,,,,,,0.22,electricity aggregate load_band_3 up_delta_small member=hourly,generic
50,327,16301,16350,50,30,18,2,0.6,0.36,0.04,,,,,,0.22,electricity aggregate load_band_3 up_delta_small member=hourly,generic
50,328,16351,16400,50,33,17,0,0.66,0.34,0.0,,,,,,0.18,electricity aggregate load_band_3 down_delta_small member=hourly,generic
50,329,16401,16450,50,25,24,1,0.5,0.48,0.02,,,,,,0.16,electricity aggregate load_band_3 up_delta_small member=hourly,generic
50,330,16451,16500,50,28,19,3,0.56,0.38,0.06,,,,,,0.16,electricity aggregate load_band_2 up_delta_small member=hourly,generic
50,331,16501,16550,50,34,15,1,0.68,0.3,0.02,,,,,,0.22,electricity aggregate load_band_2 up_delta_small member=hourly,generic
50,332,16551,16600,50,35,15,0,0.7,0.3,0.0,,,,,,0.14,electricity aggregate load_band_2 up_delta_small member=hourly,generic
50,333,16601,16650,50,27,22,1,0.54,0.44,0.02,,,,,,0.14,electricity aggregate load_band_2 up_delta_small member=hourly,generic
50,334,16651,16700,50,28,20,2,0.56,0.4,0.04,,,,,,0.14,electricity aggregate load_band_2 up_delta_small member=hourly,generic
50,335,16701,16750,50,29,21,0,0.58,0.42,0.0,,,,,,0.18,electricity aggregate load_band_2 up_delta_small member=hourly,generic
50,336,16751,16800,50,31,19,0,0.62,0.38,0.0,,,,,,0.14,electricity aggregate load_band_2 up_delta_small member=hourly,generic
50,337,16801,16850,50,35,15,0,0.7,0.3,0.0,,,,,,0.16,electricity aggregate load_band_2 up_delta_small member=hourly,generic
50,338,16851,16900,50,30,19,1,0.6,0.38,0.02,,,,,,0.16,electricity aggregate load_band_0 down_delta_small member=hourly,generic
50,339,16901,16950,50,27,21,2,0.54,0.42,0.04,,,,,,0.14,electricity aggregate load_band_2 up_delta_small member=hourly,generic
50,340,16951,17000,50,30,17,3,0.6,0.34,0.06,,,,,,0.14,electricity aggregate load_band_2 up_delta_small member=hourly,generic
50,341,17001,17050,50,24,25,1,0.48,0.5,0.02,,,,,,0.18,electricity aggregate load_band_2 up_delta_small member=hourly,generic
50,342,17051,17100,50,36,13,1,0.72,0.26,0.02,,,,,,0.16,electricity aggregate load_band_3 up_delta_small member=hourly,generic
50,343,17101,17150,50,36,12,2,0.72,0.24,0.04,,,,,,0.18,electricity aggregate load_band_3 up_delta_small member=hourly,generic
50,344,17151,17200,50,31,18,1,0.62,0.36,0.02,,,,,,0.16,electricity aggregate load_band_3 up_delta_small member=hourly,generic
50,345,17201,17250,50,29,15,6,0.58,0.3,0.12,,,,,,0.2,electricity aggregate load_band_3 up_delta_small member=hourly,generic
50,346,17251,17300,50,28,18,4,0.56,0.36,0.08,,,,,,0.2,electricity aggregate load_band_3 up_delta_small member=hourly,generic
50,347,17301,17350,50,27,21,2,0.54,0.42,0.04,,,,,,0.22,electricity aggregate load_band_3 up_delta_small member=hourly,generic
50,348,17351,17400,50,35,11,4,0.7,0.22,0.08,,,,,,0.18,electricity aggregate load_band_0 down_delta_small member=hourly,generic
50,349,17401,17450,50,31,13,6,0.62,0.26,0.12,,,,,,0.16,electricity aggregate load_band_3 up_delta_small member=hourly,generic
50,350,17451,17500,50,34,13,3,0.68,0.26,0.06,,,,,,0.14,electricity aggregate load_band_0 down_delta_small member=hourly,generic
50,351,17501,17550,50,32,12,6,0.64,0.24,0.12,,,,,,0.22,electricity aggregate load_band_0 down_delta_small member=hourly,generic
50,352,17551,17600,50,32,15,3,0.64,0.3,0.06,,,,,,0.16,electricity aggregate load_band_0 up_delta_small member=hourly,generic
50,353,17601,17650,50,36,12,2,0.72,0.24,0.04,,,,,,0.18,electricity aggregate load_band_3 up_delta_small member=hourly,generic
50,354,17651,17700,50,23,25,2,0.46,0.5,0.04,,,,,,0.14,electricity aggregate load_band_3 up_delta_small member=hourly,generic
50,355,17701,17750,50,29,20,1,0.58,0.4,0.02,,,,,,0.12,electricity aggregate load_band_3 up_delta_small member=hourly,generic
50,356,17751,17800,50,27,23,0,0.54,0.46,0.0,,,,,,0.2,electricity aggregate load_band_2 up_delta_small member=hourly,generic
50,357,17801,17850,50,26,23,1,0.52,0.46,0.02,,,,,,0.12,electricity aggregate load_band_2 up_delta_small member=hourly,generic
50,358,17851,17900,50,27,23,0,0.54,0.46,0.0,,,,,,0.18,electricity aggregate load_band_2 up_delta_small member=hourly,generic
50,359,17901,17950,50,26,23,1,0.52,0.46,0.02,,,,,,0.14,electricity aggregate load_band_2 up_delta_small member=hourly,generic
50,360,17951,18000,50,30,20,0,0.6,0.4,0.0,,,,,,0.16,electricity aggregate load_band_2 up_delta_small member=hourly,generic
50,361,18001,18050,50,30,17,3,0.6,0.34,0.06,,,,,,0.16,electricity aggregate load_band_2 up_delta_small member=hourly,generic
50,362,18051,18100,50,35,14,1,0.7,0.28,0.02,,,,,,0.16,electricity aggregate load_band_0 down_delta_small member=hourly,generic
50,363,18101,18150,50,29,20,1,0.58,0.4,0.02,,,,,,0.14,electricity aggregate load_band_3 up_delta_small member=hourly,generic
50,364,18151,18200,50,30,18,2,0.6,0.36,0.04,,,,,,0.12,electricity aggregate load_band_2 up_delta_small member=hourly,generic
50,365,18201,18250,50,25,24,1,0.5,0.48,0.02,,,,,,0.2,electricity aggregate load_band_2 up_delta_small member=hourly,generic
50,366,18251,18300,50,37,13,0,0.74,0.26,0.0,,,,,,0.14,electricity aggregate load_band_2 up_delta_small member=hourly,generic
50,367,18301,18350,50,28,20,2,0.56,0.4,0.04,,,,,,0.16,electricity aggregate load_band_2 up_delta_small member=hourly,generic
50,368,18351,18400,50,29,19,2,0.58,0.38,0.04,,,,,,0.2,electricity aggregate load_band_2 up_delta_small member=hourly,generic
50,369,18401,18450,50,33,17,0,0.66,0.34,0.0,,,,,,0.18,electricity aggregate load_band_3 up_delta_small member=hourly,generic
50,370,18451,18500,50,32,16,2,0.64,0.32,0.04,,,,,,0.16,electricity aggregate load_band_3 up_delta_small member=hourly,generic
50,371,18501,18550,50,31,16,3,0.62,0.32,0.06,,,,,,0.24,electricity aggregate load_band_2 up_delta_small member=hourly,generic
50,372,18551,18600,50,34,16,0,0.68,0.32,0.0,,,,,,0.18,electricity aggregate load_band_2 up_delta_small member=hourly,generic
50,373,18601,18650,50,36,11,3,0.72,0.22,0.06,,,,,,0.14,electricity aggregate load_band_2 up_delta_small member=hourly,generic
50,374,18651,18700,50,36,10,4,0.72,0.2,0.08,,,,,,0.16,electricity aggregate load_band_2 up_delta_small member=hourly,generic
50,375,18701,18750,50,42,7,1,0.84,0.14,0.02,,,,,,0.22,electricity aggregate load_band_2 up_delta_small member=hourly,generic
50,376,18751,18800,50,36,13,1,0.72,0.26,0.02,,,,,,0.24,electricity aggregate load_band_2 up_delta_small member=hourly,generic
50,377,18801,18850,50,39,8,3,0.78,0.16,0.06,,,,,,0.2,electricity aggregate load_band_2 up_delta_small member=hourly,generic
50,378,18851,18900,50,42,8,0,0.84,0.16,0.0,,,,,,0.18,electricity aggregate load_band_2 up_delta_small member=hourly,generic
50,379,18901,18950,50,41,8,1,0.82,0.16,0.02,,,,,,0.24,electricity aggregate load_band_2 up_delta_small member=hourly,generic
50,380,18951,19000,50,31,14,5,0.62,0.28,0.1,,,,,,0.16,electricity aggregate load_band_2 down_delta_small member=hourly,generic
50,381,19001,19050,50,38,10,2,0.76,0.2,0.04,,,,,,0.3,electricity aggregate load_band_2 up_delta_small member=hourly,generic
50,382,19051,19100,50,43,7,0,0.86,0.14,0.0,,,,,,0.14,electricity aggregate load_band_2 up_delta_small member=hourly,generic
50,383,19101,19150,50,30,15,5,0.6,0.3,0.1,,,,,,0.24,electricity aggregate load_band_2 up_delta_small member=hourly,generic
50,384,19151,19200,50,34,15,1,0.68,0.3,0.02,,,,,,0.16,electricity aggregate load_band_2 up_delta_small member=hourly,generic
50,385,19201,19250,50,38,11,1,0.76,0.22,0.02,,,,,,0.14,electricity aggregate load_band_2 up_delta_small member=hourly,generic
50,386,19251,19300,50,31,16,3,0.62,0.32,0.06,,,,,,0.2,electricity aggregate load_band_2 up_delta_small member=hourly,generic
50,387,19301,19350,50,25,21,4,0.5,0.42,0.08,,,,,,0.14,electricity aggregate load_band_3 up_delta_small member=hourly,generic
50,388,19351,19400,50,37,11,2,0.74,0.22,0.04,,,,,,0.14,electricity aggregate load_band_2 up_delta_small member=hourly,generic
50,389,19401,19450,50,30,17,3,0.6,0.34,0.06,,,,,,0.22,electricity aggregate load_band_2 up_delta_small member=hourly,generic
50,390,19451,19500,50,30,17,3,0.6,0.34,0.06,,,,,,0.22,electricity aggregate load_band_2 up_delta_small member=hourly,generic
50,391,19501,19550,50,32,15,3,0.64,0.3,0.06,,,,,,0.2,electricity aggregate load_band_2 up_delta_small member=hourly,generic
50,392,19551,19600,50,42,6,2,0.84,0.12,0.04,,,,,,0.22,electricity aggregate load_band_2 up_delta_small member=hourly,generic
50,393,19601,19650,50,36,9,5,0.72,0.18,0.1,,,,,,0.22,electricity aggregate load_band_2 up_delta_small member=hourly,generic
50,394,19651,19700,50,36,8,6,0.72,0.16,0.12,,,,,,0.28,electricity aggregate load_band_2 up_delta_small member=hourly,generic
50,395,19701,19750,50,38,9,3,0.76,0.18,0.06,,,,,,0.2,electricity aggregate load_band_2 up_delta_small member=hourly,generic
50,396,19751,19800,50,37,11,2,0.74,0.22,0.04,,,,,,0.26,electricity aggregate load_band_2 up_delta_small member=hourly,generic
50,397,19801,19850,50,35,11,4,0.7,0.22,0.08,,,,,,0.12,electricity aggregate load_band_3 up_delta_small member=hourly,generic
50,398,19851,19900,50,28,18,4,0.56,0.36,0.08,,,,,,0.16,electricity aggregate load_band_0 down_delta_small member=hourly,generic
50,399,19901,19950,50,37,10,3,0.74,0.2,0.06,,,,,,0.16,electricity aggregate load_band_3 down_delta_small member=hourly,generic
50,400,19951,20000,50,32,16,2,0.64,0.32,0.04,,,,,,0.22,electricity aggregate load_band_3 up_delta_small member=hourly,generic
50,401,20001,20050,50,33,16,1,0.66,0.32,0.02,,,,,,0.2,electricity aggregate load_band_3 up_delta_small member=hourly,generic
50,402,20051,20100,50,28,19,3,0.56,0.38,0.06,,,,,,0.14,electricity aggregate load_band_3 up_delta_mid member=hourly,generic
50,403,20101,20150,50,31,16,3,0.62,0.32,0.06,,,,,,0.16,electricity aggregate load_band_3 down_delta_small member=hourly,generic
50,404,20151,20200,50,35,12,3,0.7,0.24,0.06,,,,,,0.14,electricity aggregate load_band_3 down_delta_small member=hourly,generic
50,405,20201,20250,50,39,9,2,0.78,0.18,0.04,,,,,,0.22,electricity aggregate load_band_3 up_delta_small member=hourly,generic
50,406,20251,20300,50,36,12,2,0.72,0.24,0.04,,,,,,0.18,electricity aggregate load_band_3 up_delta_small member=hourly,generic
50,407,20301,20350,50,34,14,2,0.68,0.28,0.04,,,,,,0.2,electricity aggregate load_band_3 down_delta_small member=hourly,generic
50,408,20351,20400,50,32,15,3,0.64,0.3,0.06,,,,,,0.14,electricity aggregate load_band_3 up_delta_small member=hourly,generic
50,409,20401,20450,50,35,11,4,0.7,0.22,0.08,,,,,,0.12,electricity aggregate load_band_0 down_delta_small member=hourly,generic
50,410,20451,20500,50,37,12,1,0.74,0.24,0.02,,,,,,0.16,electricity aggregate load_band_0 down_delta_small member=hourly,generic
50,411,20501,20550,50,32,15,3,0.64,0.3,0.06,,,,,,0.16,electricity aggregate load_band_4 up_delta_small member=hourly,generic
50,412,20551,20600,50,29,19,2,0.58,0.38,0.04,,,,,,0.12,electricity aggregate load_band_4 up_delta_small member=hourly,generic
50,413,20601,20650,50,27,17,6,0.54,0.34,0.12,,,,,,0.16,electricity aggregate load_band_4 up_delta_small member=hourly,generic
50,414,20651,20700,50,25,19,6,0.5,0.38,0.12,,,,,,0.12,electricity aggregate load_band_4 up_delta_small member=hourly,generic
50,415,20701,20750,50,27,22,1,0.54,0.44,0.02,,,,,,0.1,electricity aggregate load_band_4 up_delta_mid member=hourly,generic
50,416,20751,20800,50,28,18,4,0.56,0.36,0.08,,,,,,0.18,electricity aggregate load_band_4 up_delta_small member=hourly,generic
50,417,20801,20850,50,25,21,4,0.5,0.42,0.08,,,,,,0.2,electricity aggregate load_band_4 up_delta_small member=hourly,generic
50,418,20851,20900,50,29,17,4,0.58,0.34,0.08,,,,,,0.2,electricity aggregate load_band_3 up_delta_small member=hourly,generic
50,419,20901,20950,50,35,11,4,0.7,0.22,0.08,,,,,,0.26,electricity aggregate load_band_3 up_delta_small member=hourly,generic
50,420,20951,21000,50,39,8,3,0.78,0.16,0.06,,,,,,0.22,electricity aggregate load_band_3 up_delta_small member=hourly,generic
50,421,21001,21050,50,31,19,0,0.62,0.38,0.0,,,,,,0.24,electricity aggregate load_band_3 up_delta_small member=hourly,generic
50,422,21051,21100,50,37,11,2,0.74,0.22,0.04,,,,,,0.22,electricity aggregate load_band_3 down_delta_small member=hourly,generic
50,423,21101,21150,50,30,18,2,0.6,0.36,0.04,,,,,,0.18,electricity aggregate load_band_3 up_delta_small member=hourly,generic
50,424,21151,21200,50,24,24,2,0.48,0.48,0.04,,,,,,0.12,electricity aggregate load_band_0 down_delta_small member=hourly,generic
50,425,21201,21250,50,29,19,2,0.58,0.38,0.04,,,,,,0.14,electricity aggregate load_band_3 down_delta_small member=hourly,generic
50,426,21251,21300,50,35,9,6,0.7,0.18,0.12,,,,,,0.24,electricity aggregate load_band_3 down_delta_small member=hourly,generic
50,427,21301,21350,50,31,18,1,0.62,0.36,0.02,,,,,,0.22,electricity aggregate load_band_3 down_delta_small member=hourly,generic
50,428,21351,21400,50,30,18,2,0.6,0.36,0.04,,,,,,0.22,electricity aggregate load_band_3 up_delta_small member=hourly,generic
50,429,21401,21450,50,30,16,4,0.6,0.32,0.08,,,,,,0.2,electricity aggregate load_band_4 up_delta_small member=hourly,generic
50,430,21451,21500,50,35,14,1,0.7,0.28,0.02,,,,,,0.16,electricity aggregate load_band_4 up_delta_small member=hourly,generic
50,431,21501,21550,50,35,12,3,0.7,0.24,0.06,,,,,,0.14,electricity aggregate load_band_4 down_delta_mid member=hourly,generic
50,432,21551,21600,50,30,17,3,0.6,0.34,0.06,,,,,,0.16,electricity aggregate load_band_4 up_delta_small member=hourly,generic
50,433,21601,21650,50,35,11,4,0.7,0.22,0.08,,,,,,0.2,electricity aggregate load_band_4 up_delta_small member=hourly,generic
50,434,21651,21700,50,29,16,5,0.58,0.32,0.1,,,,,,0.18,electricity aggregate load_band_4 down_delta_small member=hourly,generic
50,435,21701,21750,50,32,15,3,0.64,0.3,0.06,,,,,,0.16,electricity aggregate load_band_4 up_delta_small member=hourly,generic
50,436,21751,21800,50,34,15,1,0.68,0.3,0.02,,,,,,0.2,electricity aggregate load_band_4 up_delta_small member=hourly,generic
50,437,21801,21850,50,33,13,4,0.66,0.26,0.08,,,,,,0.12,electricity aggregate load_band_1 up_delta_mid member=hourly,generic
50,438,21851,21900,50,23,23,4,0.46,0.46,0.08,,,,,,0.16,electricity aggregate load_band_4 up_delta_small member=hourly,generic
50,439,21901,21950,50,27,23,0,0.54,0.46,0.0,,,,,,0.16,electricity aggregate load_band_4 up_delta_small member=hourly,generic
50,440,21951,22000,50,36,12,2,0.72,0.24,0.04,,,,,,0.16,electricity aggregate load_band_4 up_delta_small member=hourly,generic
50,441,22001,22050,50,31,15,4,0.62,0.3,0.08,,,,,,0.22,electricity aggregate load_band_4 up_delta_small member=hourly,generic
50,442,22051,22100,50,32,15,3,0.64,0.3,0.06,,,,,,0.2,electricity aggregate load_band_4 up_delta_mid member=hourly,generic
50,443,22101,22150,50,38,12,0,0.76,0.24,0.0,,,,,,0.18,electricity aggregate load_band_4 down_delta_mid member=hourly,generic
50,444,22151,22200,50,34,14,2,0.68,0.28,0.04,,,,,,0.16,electricity aggregate load_band_4 down_delta_small member=hourly,generic
50,445,22201,22250,50,34,12,4,0.68,0.24,0.08,,,,,,0.14,electricity aggregate load_band_4 up_delta_small member=hourly,generic
50,446,22251,22300,50,34,16,0,0.68,0.32,0.0,,,,,,0.12,electricity aggregate load_band_0 down_delta_small member=hourly,generic
50,447,22301,22350,50,35,15,0,0.7,0.3,0.0,,,,,,0.18,electricity aggregate load_band_4 up_delta_small member=hourly,generic
50,448,22351,22400,50,36,10,4,0.72,0.2,0.08,,,,,,0.18,electricity aggregate load_band_4 up_delta_small member=hourly,generic
50,449,22401,22450,50,37,13,0,0.74,0.26,0.0,,,,,,0.18,electricity aggregate load_band_4 down_delta_mid member=hourly,generic
50,450,22451,22500,50,35,12,3,0.7,0.24,0.06,,,,,,0.14,electricity aggregate load_band_4 up_delta_mid member=hourly,generic
50,451,22501,22550,50,36,10,4,0.72,0.2,0.08,,,,,,0.14,electricity aggregate load_band_4 up_delta_small member=hourly,generic
50,452,22551,22600,50,36,9,5,0.72,0.18,0.1,,,,,,0.16,electricity aggregate load_band_4 up_delta_small member=hourly,generic
50,453,22601,22650,50,38,10,2,0.76,0.2,0.04,,,,,,0.14,electricity aggregate load_band_4 up_delta_small member=hourly,generic
50,454,22651,22700,50,33,14,3,0.66,0.28,0.06,,,,,,0.18,electricity aggregate load_band_4 up_delta_small member=hourly,generic
50,455,22701,22750,50,30,16,4,0.6,0.32,0.08,,,,,,0.18,electricity aggregate load_band_4 down_delta_mid member=hourly,generic
50,456,22751,22800,50,31,17,2,0.62,0.34,0.04,,,,,,0.16,electricity aggregate load_band_4 up_delta_mid member=hourly,generic
50,457,22801,22850,50,31,19,0,0.62,0.38,0.0,,,,,,0.14,electricity aggregate load_band_4 up_delta_small member=hourly,generic
50,458,22851,22900,50,34,14,2,0.68,0.28,0.04,,,,,,0.12,electricity aggregate load_band_0 down_delta_small member=hourly,generic
50,459,22901,22950,50,32,15,3,0.64,0.3,0.06,,,,,,0.16,electricity aggregate load_band_4 down_delta_mid member=hourly,generic
50,460,22951,23000,50,37,8,5,0.74,0.16,0.1,,,,,,0.16,electricity aggregate load_band_1 up_delta_mid member=hourly,generic
50,461,23001,23050,50,36,11,3,0.72,0.22,0.06,,,,,,0.14,electricity aggregate load_band_1 up_delta_mid member=hourly,generic
50,462,23051,23100,50,35,11,4,0.7,0.22,0.08,,,,,,0.16,electricity aggregate load_band_4 down_delta_mid member=hourly,generic
50,463,23101,23150,50,33,12,5,0.66,0.24,0.1,,,,,,0.22,electricity aggregate load_band_4 up_delta_small member=hourly,generic
50,464,23151,23200,50,37,10,3,0.74,0.2,0.06,,,,,,0.16,electricity aggregate load_band_4 up_delta_mid member=hourly,generic
50,465,23201,23250,50,31,13,6,0.62,0.26,0.12,,,,,,0.16,electricity aggregate load_band_4 up_delta_small member=hourly,generic
50,466,23251,23300,50,35,13,2,0.7,0.26,0.04,,,,,,0.16,electricity aggregate load_band_4 down_delta_mid member=hourly,generic
50,467,23301,23350,50,35,15,0,0.7,0.3,0.0,,,,,,0.18,electricity aggregate load_band_4 down_delta_mid member=hourly,generic
50,468,23351,23400,50,34,13,3,0.68,0.26,0.06,,,,,,0.16,electricity aggregate load_band_4 down_delta_small member=hourly,generic
50,469,23401,23450,50,38,12,0,0.76,0.24,0.0,,,,,,0.14,electricity aggregate load_band_4 up_delta_small member=hourly,generic
50,470,23451,23500,50,37,8,5,0.74,0.16,0.1,,,,,,0.14,electricity aggregate load_band_0 down_delta_small member=hourly,generic
50,471,23501,23550,50,34,15,1,0.68,0.3,0.02,,,,,,0.18,electricity aggregate load_band_4 down_delta_small member=hourly,generic
50,472,23551,23600,50,38,10,2,0.76,0.2,0.04,,,,,,0.16,electricity aggregate load_band_1 up_delta_mid member=hourly,generic
50,473,23601,23650,50,32,14,4,0.64,0.28,0.08,,,,,,0.22,electricity aggregate load_band_4 down_delta_small member=hourly,generic
50,474,23651,23700,50,36,11,3,0.72,0.22,0.06,,,,,,0.2,electricity aggregate load_band_4 up_delta_small member=hourly,generic
50,475,23701,23750,50,36,10,4,0.72,0.2,0.08,,,,,,0.14,electricity aggregate load_band_4 up_delta_small member=hourly,generic
50,476,23751,23800,50,32,17,1,0.64,0.34,0.02,,,,,,0.22,electricity aggregate load_band_4 down_delta_small member=hourly,generic
50,477,23801,23850,50,33,11,6,0.66,0.22,0.12,,,,,,0.22,electricity aggregate load_band_4 up_delta_small member=hourly,generic
50,478,23851,23900,50,35,10,5,0.7,0.2,0.1,,,,,,0.2,electricity aggregate load_band_4 up_delta_small member=hourly,generic
50,479,23901,23950,50,36,10,4,0.72,0.2,0.08,,,,,,0.3,electricity aggregate load_band_4 up_delta_small member=hourly,generic
50,480,23951,24000,50,35,11,4,0.7,0.22,0.08,,,,,,0.26,electricity aggregate load_band_4 up_delta_small member=hourly,generic
50,481,24001,24050,50,35,10,5,0.7,0.2,0.1,,,,,,0.16,electricity aggregate load_band_4 up_delta_small member=hourly,generic
50,482,24051,24100,50,35,13,2,0.7,0.26,0.04,,,,,,0.2,electricity aggregate load_band_4 down_delta_small member=hourly,generic
50,483,24101,24150,50,34,14,2,0.68,0.28,0.04,,,,,,0.14,electricity aggregate load_band_0 down_delta_small member=hourly,generic
50,484,24151,24200,50,36,12,2,0.72,0.24,0.04,,,,,,0.16,electricity aggregate load_band_1 up_delta_mid member=hourly,generic
50,485,24201,24250,50,33,14,3,0.66,0.28,0.06,,,,,,0.18,electricity aggregate load_band_4 up_delta_small member=hourly,generic
50,486,24251,24300,50,34,12,4,0.68,0.24,0.08,,,,,,0.26,electricity aggregate load_band_4 up_delta_small member=hourly,generic
50,487,24301,24350,50,34,12,4,0.68,0.24,0.08,,,,,,0.18,electricity aggregate load_band_4 up_delta_small member=hourly,generic
50,488,24351,24400,50,22,19,9,0.44,0.38,0.18,,,,,,0.14,electricity aggregate load_band_3 up_delta_small member=hourly,generic
50,489,24401,24450,50,34,13,3,0.68,0.26,0.06,,,,,,0.2,electricity aggregate load_band_3 up_delta_small member=hourly,generic
50,490,24451,24500,50,32,16,2,0.64,0.32,0.04,,,,,,0.14,electricity aggregate load_band_4 down_delta_small member=hourly,generic
50,491,24501,24550,50,30,17,3,0.6,0.34,0.06,,,,,,0.16,electricity aggregate load_band_4 down_delta_small member=hourly,generic
50,492,24551,24600,50,30,16,4,0.6,0.32,0.08,,,,,,0.16,electricity aggregate load_band_4 down_delta_small member=hourly,generic
50,493,24601,24650,50,34,14,2,0.68,0.28,0.04,,,,,,0.16,electricity aggregate load_band_4 up_delta_small member=hourly,generic
50,494,24651,24700,50,31,16,3,0.62,0.32,0.06,,,,,,0.16,electricity aggregate load_band_4 up_delta_small member=hourly,generic
50,495,24701,24750,50,30,14,6,0.6,0.28,0.12,,,,,,0.18,electricity aggregate load_band_4 up_delta_small member=hourly,generic
50,496,24751,24800,50,23,22,5,0.46,0.44,0.1,,,,,,0.16,electricity aggregate load_band_1 up_delta_mid member=hourly,generic
50,497,24801,24850,50,25,21,4,0.5,0.42,0.08,,,,,,0.12,electricity aggregate load_band_1 up_delta_mid member=hourly,generic
50,498,24851,24900,50,23,23,4,0.46,0.46,0.08,,,,,,0.1,electricity aggregate load_band_0 down_delta_small member=hourly,generic
50,499,24901,24950,50,29,18,3,0.58,0.36,0.06,,,,,,0.16,electricity aggregate load_band_3 down_delta_small member=hourly,generic
50,500,24951,25000,50,32,17,1,0.64,0.34,0.02,,,,,,0.18,electricity aggregate load_band_2 up_delta_small member=hourly,generic
50,501,25001,25050,50,26,21,3,0.52,0.42,0.06,,,,,,0.16,electricity aggregate load_band_3 down_delta_small member=hourly,generic
50,502,25051,25100,50,33,15,2,0.66,0.3,0.04,,,,,,0.14,electricity aggregate load_band_2 up_delta_small member=hourly,generic
50,503,25101,25150,50,25,22,3,0.5,0.44,0.06,,,,,,0.16,electricity aggregate load_band_3 up_delta_small member=hourly,generic
50,504,25151,25200,50,34,10,6,0.68,0.2,0.12,,,,,,0.16,electricity aggregate load_band_3 up_delta_small member=hourly,generic
50,505,25201,25250,50,22,27,1,0.44,0.54,0.02,,,,,,0.16,electricity aggregate load_band_2 up_delta_small member=hourly,generic
50,506,25251,25300,50,37,10,3,0.74,0.2,0.06,,,,,,0.12,electricity aggregate load_band_0 up_delta_small member=hourly,generic
50,507,25301,25350,50,36,10,4,0.72,0.2,0.08,,,,,,0.22,electricity aggregate load_band_3 up_delta_small member=hourly,generic
50,508,25351,25400,50,23,26,1,0.46,0.52,0.02,,,,,,0.14,electricity aggregate load_band_3 up_delta_small member=hourly,generic
50,509,25401,25450,50,28,21,1,0.56,0.42,0.02,,,,,,0.12,electricity aggregate load_band_2 up_delta_small member=hourly,generic
50,510,25451,25500,50,31,18,1,0.62,0.36,0.02,,,,,,0.16,electricity aggregate load_band_2 up_delta_small member=hourly,generic
50,511,25501,25550,50,33,14,3,0.66,0.28,0.06,,,,,,0.16,electricity aggregate load_band_2 up_delta_small member=hourly,generic
50,512,25551,25600,50,28,20,2,0.56,0.4,0.04,,,,,,0.16,electricity aggregate load_band_2 down_delta_small member=hourly,generic
50,513,25601,25650,50,24,25,1,0.48,0.5,0.02,,,,,,0.22,electricity aggregate load_band_2 down_delta_small member=hourly,generic
50,514,25651,25700,50,30,19,1,0.6,0.38,0.02,,,,,,0.18,electricity aggregate load_band_2 up_delta_small member=hourly,generic
50,515,25701,25750,50,29,19,2,0.58,0.38,0.04,,,,,,0.14,electricity aggregate load_band_2 up_delta_small member=hourly,generic
50,516,25751,25800,50,27,21,2,0.54,0.42,0.04,,,,,,0.16,electricity aggregate load_band_2 up_delta_small member=hourly,generic
50,517,25801,25850,50,23,24,3,0.46,0.48,0.06,,,,,,0.18,electricity aggregate load_band_2 up_delta_small member=hourly,generic
50,518,25851,25900,50,23,26,1,0.46,0.52,0.02,,,,,,0.16,electricity aggregate load_band_0 down_delta_small member=hourly,generic
50,519,25901,25950,50,25,22,3,0.5,0.44,0.06,,,,,,0.18,electricity aggregate load_band_2 up_delta_small member=hourly,generic
50,520,25951,26000,50,29,18,3,0.58,0.36,0.06,,,,,,0.18,electricity aggregate load_band_2 up_delta_small member=hourly,generic
50,521,26001,26050,50,26,23,1,0.52,0.46,0.02,,,,,,0.14,electricity aggregate load_band_2 up_delta_small member=hourly,generic
50,522,26051,26100,50,34,15,1,0.68,0.3,0.02,,,,,,0.16,electricity aggregate load_band_2 up_delta_small member=hourly,generic
50,523,26101,26150,50,32,12,6,0.64,0.24,0.12,,,,,,0.18,electricity aggregate load_band_0 up_delta_small member=hourly,generic
50,524,26151,26200,50,26,21,3,0.52,0.42,0.06,,,,,,0.14,electricity aggregate load_band_0 down_delta_small member=hourly,generic
50,525,26201,26250,50,24,25,1,0.48,0.5,0.02,,,,,,0.16,electricity aggregate load_band_2 up_delta_small member=hourly,generic
50,526,26251,26300,50,28,22,0,0.56,0.44,0.0,,,,,,0.2,electricity aggregate load_band_2 up_delta_small member=hourly,generic
50,527,26301,26304,4,0,2,2,0.0,0.5,0.5,,,,,,0.5,electricity aggregate load_band_1 down_delta_mid member=hourly,generic
75,1,1,75,75,52,21,2,0.6933333333333334,0.28,0.02666666666666667,,,,,,0.14666666666666667,electricity aggregate load_band_0 down_delta_small member=hourly,generic
75,2,76,150,75,58,17,0,0.7733333333333333,0.22666666666666666,0.0,,,,,,0.21333333333333335,electricity aggregate load_band_3 up_delta_small member=hourly,generic
75,3,151,225,75,49,25,1,0.6533333333333333,0.3333333333333333,0.013333333333333334,,,,,,0.16,electricity aggregate load_band_3 up_delta_small member=hourly,generic
75,4,226,300,75,56,18,1,0.7466666666666667,0.24,0.013333333333333334,,,,,,0.16,electricity aggregate load_band_3 up_delta_small member=hourly,generic
75,5,301,375,75,60,11,4,0.8,0.14666666666666667,0.05333333333333334,,,,,,0.16,electricity aggregate load_band_3 up_delta_small member=hourly,generic
75,6,376,450,75,54,18,3,0.72,0.24,0.04,,,,,,0.18666666666666668,electricity aggregate load_band_3 up_delta_small member=hourly,generic
75,7,451,525,75,51,22,2,0.68,0.29333333333333333,0.02666666666666667,,,,,,0.21333333333333335,electricity aggregate load_band_3 up_delta_small member=hourly,generic
75,8,526,600,75,60,14,1,0.8,0.18666666666666668,0.013333333333333334,,,,,,0.16,electricity aggregate load_band_3 up_delta_small member=hourly,generic
75,9,601,675,75,70,3,2,0.9333333333333333,0.04,0.02666666666666667,,,,,,0.2,electricity aggregate load_band_3 up_delta_small member=hourly,generic
75,10,676,750,75,59,14,2,0.7866666666666666,0.18666666666666668,0.02666666666666667,,,,,,0.18666666666666668,electricity aggregate load_band_3 up_delta_small member=hourly,generic
75,11,751,825,75,60,15,0,0.8,0.2,0.0,,,,,,0.2,electricity aggregate load_band_3 up_delta_small member=hourly,generic
75,12,826,900,75,63,9,3,0.84,0.12,0.04,,,,,,0.12,electricity aggregate load_band_3 up_delta_small member=hourly,generic
75,13,901,975,75,52,23,0,0.6933333333333334,0.30666666666666664,0.0,,,,,,0.22666666666666666,electricity aggregate load_band_3 up_delta_small member=hourly,generic
75,14,976,1050,75,59,14,2,0.7866666666666666,0.18666666666666668,0.02666666666666667,,,,,,0.17333333333333334,electricity aggregate load_band_3 up_delta_small member=hourly,generic
75,15,1051,1125,75,61,12,2,0.8133333333333334,0.16,0.02666666666666667,,,,,,0.13333333333333333,electricity aggregate load_band_3 up_delta_small member=hourly,generic
75,16,1126,1200,75,67,4,4,0.8933333333333333,0.05333333333333334,0.05333333333333334,,,,,,0.12,electricity aggregate load_band_2 up_delta_small member=hourly,generic
75,17,1201,1275,75,67,5,3,0.8933333333333333,0.06666666666666667,0.04,,,,,,0.13333333333333333,electricity aggregate load_band_0 down_delta_small member=hourly,generic
75,18,1276,1350,75,62,10,3,0.8266666666666667,0.13333333333333333,0.04,,,,,,0.18666666666666668,electricity aggregate load_band_3 up_delta_small member=hourly,generic
75,19,1351,1425,75,60,11,4,0.8,0.14666666666666667,0.05333333333333334,,,,,,0.22666666666666666,electricity aggregate load_band_3 up_delta_small member=hourly,generic
75,20,1426,1500,75,54,19,2,0.72,0.25333333333333335,0.02666666666666667,,,,,,0.17333333333333334,electricity aggregate load_band_3 up_delta_small member=hourly,generic
75,21,1501,1575,75,49,23,3,0.6533333333333333,0.30666666666666664,0.04,,,,,,0.22666666666666666,electricity aggregate load_band_3 up_delta_small member=hourly,generic
75,22,1576,1650,75,54,20,1,0.72,0.26666666666666666,0.013333333333333334,,,,,,0.26666666666666666,electricity aggregate load_band_3 up_delta_small member=hourly,generic
75,23,1651,1725,75,58,16,1,0.7733333333333333,0.21333333333333335,0.013333333333333334,,,,,,0.2,electricity aggregate load_band_3 up_delta_small member=hourly,generic
75,24,1726,1800,75,56,19,0,0.7466666666666667,0.25333333333333335,0.0,,,,,,0.2,electricity aggregate load_band_3 up_delta_small member=hourly,generic
75,25,1801,1875,75,57,17,1,0.76,0.22666666666666666,0.013333333333333334,,,,,,0.14666666666666667,electricity aggregate load_band_3 up_delta_small member=hourly,generic
75,26,1876,1950,75,50,24,1,0.6666666666666666,0.32,0.013333333333333334,,,,,,0.16,electricity aggregate load_band_3 up_delta_small member=hourly,generic
75,27,1951,2025,75,54,17,4,0.72,0.22666666666666666,0.05333333333333334,,,,,,0.22666666666666666,electricity aggregate load_band_3 up_delta_small member=hourly,generic
75,28,2026,2100,75,54,19,2,0.72,0.25333333333333335,0.02666666666666667,,,,,,0.25333333333333335,electricity aggregate load_band_3 up_delta_small member=hourly,generic
75,29,2101,2175,75,54,20,1,0.72,0.26666666666666666,0.013333333333333334,,,,,,0.30666666666666664,electricity aggregate load_band_3 up_delta_small member=hourly,generic
75,30,2176,2250,75,58,12,5,0.7733333333333333,0.16,0.06666666666666667,,,,,,0.22666666666666666,electricity aggregate load_band_3 up_delta_small member=hourly,generic
75,31,2251,2325,75,54,21,0,0.72,0.28,0.0,,,,,,0.26666666666666666,electricity aggregate load_band_3 up_delta_small member=hourly,generic
75,32,2326,2400,75,47,27,1,0.6266666666666667,0.36,0.013333333333333334,,,,,,0.14666666666666667,electricity aggregate load_band_3 up_delta_small member=hourly,generic
75,33,2401,2475,75,44,29,2,0.5866666666666667,0.38666666666666666,0.02666666666666667,,,,,,0.22666666666666666,electricity aggregate load_band_3 up_delta_small member=hourly,generic
75,34,2476,2550,75,61,8,6,0.8133333333333334,0.10666666666666667,0.08,,,,,,0.18666666666666668,electricity aggregate load_band_3 up_delta_small member=hourly,generic
75,35,2551,2625,75,52,21,2,0.6933333333333334,0.28,0.02666666666666667,,,,,,0.2,electricity aggregate load_band_3 up_delta_small member=hourly,generic
75,36,2626,2700,75,59,14,2,0.7866666666666666,0.18666666666666668,0.02666666666666667,,,,,,0.29333333333333333,electricity aggregate load_band_3 up_delta_small member=hourly,generic
75,37,2701,2775,75,58,16,1,0.7733333333333333,0.21333333333333335,0.013333333333333334,,,,,,0.22666666666666666,electricity aggregate load_band_3 up_delta_small member=hourly,generic
75,38,2776,2850,75,51,22,2,0.68,0.29333333333333333,0.02666666666666667,,,,,,0.24,electricity aggregate load_band_3 up_delta_small member=hourly,generic
75,39,2851,2925,75,56,16,3,0.7466666666666667,0.21333333333333335,0.04,,,,,,0.25333333333333335,electricity aggregate load_band_3 up_delta_small member=hourly,generic
75,40,2926,3000,75,61,13,1,0.8133333333333334,0.17333333333333334,0.013333333333333334,,,,,,0.22666666666666666,electricity aggregate load_band_3 up_delta_small member=hourly,generic
75,41,3001,3075,75,56,13,6,0.7466666666666667,0.17333333333333334,0.08,,,,,,0.26666666666666666,electricity aggregate load_band_3 up_delta_small member=hourly,generic
75,42,3076,3150,75,50,20,5,0.6666666666666666,0.26666666666666666,0.06666666666666667,,,,,,0.13333333333333333,electricity aggregate load_band_0 down_delta_small member=hourly,generic
75,43,3151,3225,75,55,20,0,0.7333333333333333,0.26666666666666666,0.0,,,,,,0.16,electricity aggregate load_band_1 up_delta_mid member=hourly,generic
75,44,3226,3300,75,53,21,1,0.7066666666666667,0.28,0.013333333333333334,,,,,,0.18666666666666668,electricity aggregate load_band_4 down_delta_small member=hourly,generic
75,45,3301,3375,75,53,17,5,0.7066666666666667,0.22666666666666666,0.06666666666666667,,,,,,0.12,electricity aggregate load_band_3 up_delta_mid member=hourly,generic
75,46,3376,3450,75,55,16,4,0.7333333333333333,0.21333333333333335,0.05333333333333334,,,,,,0.16,electricity aggregate load_band_3 up_delta_small member=hourly,generic
75,47,3451,3525,75,50,20,5,0.6666666666666666,0.26666666666666666,0.06666666666666667,,,,,,0.18666666666666668,electricity aggregate load_band_4 up_delta_small member=hourly,generic
75,48,3526,3600,75,48,22,5,0.64,0.29333333333333333,0.06666666666666667,,,,,,0.18666666666666668,electricity aggregate load_band_4 up_delta_small member=hourly,generic
75,49,3601,3675,75,59,14,2,0.7866666666666666,0.18666666666666668,0.02666666666666667,,,,,,0.16,electricity aggregate load_band_4 down_delta_small member=hourly,generic
75,50,3676,3750,75,47,25,3,0.6266666666666667,0.3333333333333333,0.04,,,,,,0.12,electricity aggregate load_band_4 up_delta_mid member=hourly,generic
75,51,3751,3825,75,57,16,2,0.76,0.21333333333333335,0.02666666666666667,,,,,,0.16,electricity aggregate load_band_1 up_delta_mid member=hourly,generic
75,52,3826,3900,75,49,23,3,0.6533333333333333,0.30666666666666664,0.04,,,,,,0.16,electricity aggregate load_band_4 up_delta_small member=hourly,generic
75,53,3901,3975,75,52,21,2,0.6933333333333334,0.28,0.02666666666666667,,,,,,0.18666666666666668,electricity aggregate load_band_4 up_delta_small member=hourly,generic
75,54,3976,4050,75,50,23,2,0.6666666666666666,0.30666666666666664,0.02666666666666667,,,,,,0.14666666666666667,electricity aggregate load_band_4 up_delta_small member=hourly,generic
75,55,4051,4125,75,51,20,4,0.68,0.26666666666666666,0.05333333333333334,,,,,,0.14666666666666667,electricity aggregate load_band_4 down_delta_small member=hourly,generic
75,56,4126,4200,75,51,21,3,0.68,0.28,0.04,,,,,,0.17333333333333334,electricity aggregate load_band_4 up_delta_small member=hourly,generic
75,57,4201,4275,75,53,18,4,0.7066666666666667,0.24,0.05333333333333334,,,,,,0.14666666666666667,electricity aggregate load_band_4 down_delta_small member=hourly,generic
75,58,4276,4350,75,63,10,2,0.84,0.13333333333333333,0.02666666666666667,,,,,,0.18666666666666668,electricity aggregate load_band_4 down_delta_mid member=hourly,generic
75,59,4351,4425,75,53,19,3,0.7066666666666667,0.25333333333333335,0.04,,,,,,0.17333333333333334,electricity aggregate load_band_4 down_delta_small member=hourly,generic
75,60,4426,4500,75,62,11,2,0.8266666666666667,0.14666666666666667,0.02666666666666667,,,,,,0.13333333333333333,electricity aggregate load_band_4 up_delta_small member=hourly,generic
75,61,4501,4575,75,58,16,1,0.7733333333333333,0.21333333333333335,0.013333333333333334,,,,,,0.16,electricity aggregate load_band_4 up_delta_mid member=hourly,generic
75,62,4576,4650,75,59,14,2,0.7866666666666666,0.18666666666666668,0.02666666666666667,,,,,,0.13333333333333333,electricity aggregate load_band_4 up_delta_mid member=hourly,generic
75,63,4651,4725,75,58,15,2,0.7733333333333333,0.2,0.02666666666666667,,,,,,0.16,electricity aggregate load_band_4 down_delta_mid member=hourly,generic
75,64,4726,4800,75,58,16,1,0.7733333333333333,0.21333333333333335,0.013333333333333334,,,,,,0.12,electricity aggregate load_band_4 down_delta_small member=hourly,generic
75,65,4801,4875,75,64,9,2,0.8533333333333334,0.12,0.02666666666666667,,,,,,0.12,electricity aggregate load_band_4 up_delta_small member=hourly,generic
75,66,4876,4950,75,63,10,2,0.84,0.13333333333333333,0.02666666666666667,,,,,,0.13333333333333333,electricity aggregate load_band_4 up_delta_mid member=hourly,generic
75,67,4951,5025,75,54,20,1,0.72,0.26666666666666666,0.013333333333333334,,,,,,0.18666666666666668,electricity aggregate load_band_4 up_delta_small member=hourly,generic
75,68,5026,5100,75,61,10,4,0.8133333333333334,0.13333333333333333,0.05333333333333334,,,,,,0.17333333333333334,electricity aggregate load_band_4 up_delta_mid member=hourly,generic
75,69,5101,5175,75,55,18,2,0.7333333333333333,0.24,0.02666666666666667,,,,,,0.2,electricity aggregate load_band_4 up_delta_mid member=hourly,generic
75,70,5176,5250,75,56,17,2,0.7466666666666667,0.22666666666666666,0.02666666666666667,,,,,,0.16,electricity aggregate load_band_4 down_delta_mid member=hourly,generic
75,71,5251,5325,75,67,6,2,0.8933333333333333,0.08,0.02666666666666667,,,,,,0.16,electricity aggregate load_band_4 down_delta_mid member=hourly,generic
75,72,5326,5400,75,60,11,4,0.8,0.14666666666666667,0.05333333333333334,,,,,,0.17333333333333334,electricity aggregate load_band_4 down_delta_mid member=hourly,generic
75,73,5401,5475,75,60,13,2,0.8,0.17333333333333334,0.02666666666666667,,,,,,0.21333333333333335,electricity aggregate load_band_4 down_delta_small member=hourly,generic
75,74,5476,5550,75,61,12,2,0.8133333333333334,0.16,0.02666666666666667,,,,,,0.14666666666666667,electricity aggregate load_band_4 up_delta_small member=hourly,generic
75,75,5551,5625,75,56,19,0,0.7466666666666667,0.25333333333333335,0.0,,,,,,0.16,electricity aggregate load_band_1 up_delta_mid member=hourly,generic
75,76,5626,5700,75,57,18,0,0.76,0.24,0.0,,,,,,0.16,electricity aggregate load_band_4 up_delta_mid member=hourly,generic
75,77,5701,5775,75,54,19,2,0.72,0.25333333333333335,0.02666666666666667,,,,,,0.14666666666666667,electricity aggregate load_band_4 up_delta_small member=hourly,generic
75,78,5776,5850,75,61,12,2,0.8133333333333334,0.16,0.02666666666666667,,,,,,0.16,electricity aggregate load_band_4 up_delta_small member=hourly,generic
75,79,5851,5925,75,52,20,3,0.6933333333333334,0.26666666666666666,0.04,,,,,,0.14666666666666667,electricity aggregate load_band_4 down_delta_small member=hourly,generic
75,80,5926,6000,75,60,13,2,0.8,0.17333333333333334,0.02666666666666667,,,,,,0.14666666666666667,electricity aggregate load_band_4 down_delta_small member=hourly,generic
75,81,6001,6075,75,65,7,3,0.8666666666666667,0.09333333333333334,0.04,,,,,,0.13333333333333333,electricity aggregate load_band_4 up_delta_small member=hourly,generic
75,82,6076,6150,75,58,16,1,0.7733333333333333,0.21333333333333335,0.013333333333333334,,,,,,0.13333333333333333,electricity aggregate load_band_4 up_delta_mid member=hourly,generic
75,83,6151,6225,75,57,15,3,0.76,0.2,0.04,,,,,,0.14666666666666667,electricity aggregate load_band_1 up_delta_mid member=hourly,generic
75,84,6226,6300,75,61,12,2,0.8133333333333334,0.16,0.02666666666666667,,,,,,0.17333333333333334,electricity aggregate load_band_4 up_delta_small member=hourly,generic
75,85,6301,6375,75,59,15,1,0.7866666666666666,0.2,0.013333333333333334,,,,,,0.14666666666666667,electricity aggregate load_band_4 down_delta_small member=hourly,generic
75,86,6376,6450,75,55,18,2,0.7333333333333333,0.24,0.02666666666666667,,,,,,0.2,electricity aggregate load_band_4 up_delta_small member=hourly,generic
75,87,6451,6525,75,48,26,1,0.64,0.3466666666666667,0.013333333333333334,,,,,,0.13333333333333333,electricity aggregate load_band_3 down_delta_small member=hourly,generic
75,88,6526,6600,75,49,23,3,0.6533333333333333,0.30666666666666664,0.04,,,,,,0.18666666666666668,electricity aggregate load_band_4 up_delta_small member=hourly,generic
75,89,6601,6675,75,44,31,0,0.5866666666666667,0.41333333333333333,0.0,,,,,,0.18666666666666668,electricity aggregate load_band_4 down_delta_small member=hourly,generic
75,90,6676,6750,75,53,20,2,0.7066666666666667,0.26666666666666666,0.02666666666666667,,,,,,0.17333333333333334,electricity aggregate load_band_4 down_delta_small member=hourly,generic
75,91,6751,6825,75,54,20,1,0.72,0.26666666666666666,0.013333333333333334,,,,,,0.14666666666666667,electricity aggregate load_band_4 down_delta_small member=hourly,generic
75,92,6826,6900,75,48,26,1,0.64,0.3466666666666667,0.013333333333333334,,,,,,0.17333333333333334,electricity aggregate load_band_4 up_delta_small member=hourly,generic
75,93,6901,6975,75,56,17,2,0.7466666666666667,0.22666666666666666,0.02666666666666667,,,,,,0.18666666666666668,electricity aggregate load_band_3 up_delta_small member=hourly,generic
75,94,6976,7050,75,60,11,4,0.8,0.14666666666666667,0.05333333333333334,,,,,,0.2,electricity aggregate load_band_3 up_delta_small member=hourly,generic
75,95,7051,7125,75,55,16,4,0.7333333333333333,0.21333333333333335,0.05333333333333334,,,,,,0.14666666666666667,electricity aggregate load_band_3 up_delta_small member=hourly,generic
75,96,7126,7200,75,59,12,4,0.7866666666666666,0.16,0.05333333333333334,,,,,,0.16,electricity aggregate load_band_3 down_delta_small member=hourly,generic
75,97,7201,7275,75,56,14,5,0.7466666666666667,0.18666666666666668,0.06666666666666667,,,,,,0.18666666666666668,electricity aggregate load_band_3 down_delta_small member=hourly,generic
75,98,7276,7350,75,62,9,4,0.8266666666666667,0.12,0.05333333333333334,,,,,,0.2,electricity aggregate load_band_3 down_delta_small member=hourly,generic
75,99,7351,7425,75,49,22,4,0.6533333333333333,0.29333333333333333,0.05333333333333334,,,,,,0.13333333333333333,electricity aggregate load_band_1 up_delta_mid member=hourly,generic
75,100,7426,7500,75,57,16,2,0.76,0.21333333333333335,0.02666666666666667,,,,,,0.14666666666666667,electricity aggregate load_band_3 down_delta_small member=hourly,generic
75,101,7501,7575,75,56,16,3,0.7466666666666667,0.21333333333333335,0.04,,,,,,0.2,electricity aggregate load_band_3 down_delta_small member=hourly,generic
75,102,7576,7650,75,58,17,0,0.7733333333333333,0.22666666666666666,0.0,,,,,,0.13333333333333333,electricity aggregate load_band_2 up_delta_small member=hourly,generic
75,103,7651,7725,75,64,11,0,0.8533333333333334,0.14666666666666667,0.0,,,,,,0.16,electricity aggregate load_band_3 up_delta_small member=hourly,generic
75,104,7726,7800,75,51,23,1,0.68,0.30666666666666664,0.013333333333333334,,,,,,0.12,electricity aggregate load_band_3 down_delta_small member=hourly,generic
75,105,7801,7875,75,51,21,3,0.68,0.28,0.04,,,,,,0.12,electricity aggregate load_band_2 up_delta_small member=hourly,generic
75,106,7876,7950,75,57,17,1,0.76,0.22666666666666666,0.013333333333333334,,,,,,0.14666666666666667,electricity aggregate load_band_3 up_delta_small member=hourly,generic
75,107,7951,8025,75,53,21,1,0.7066666666666667,0.28,0.013333333333333334,,,,,,0.16,electricity aggregate load_band_2 up_delta_small member=hourly,generic
75,108,8026,8100,75,54,19,2,0.72,0.25333333333333335,0.02666666666666667,,,,,,0.14666666666666667,electricity aggregate load_band_2 up_delta_small member=hourly,generic
75,109,8101,8175,75,59,14,2,0.7866666666666666,0.18666666666666668,0.02666666666666667,,,,,,0.14666666666666667,electricity aggregate load_band_2 up_delta_small member=hourly,generic
75,110,8176,8250,75,51,22,2,0.68,0.29333333333333333,0.02666666666666667,,,,,,0.14666666666666667,electricity aggregate load_band_3 up_delta_small member=hourly,generic
75,111,8251,8325,75,52,23,0,0.6933333333333334,0.30666666666666664,0.0,,,,,,0.09333333333333334,electricity aggregate load_band_3 down_delta_small member=hourly,generic
75,112,8326,8400,75,55,19,1,0.7333333333333333,0.25333333333333335,0.013333333333333334,,,,,,0.16,electricity aggregate load_band_3 down_delta_small member=hourly,generic
75,113,8401,8475,75,64,8,3,0.8533333333333334,0.10666666666666667,0.04,,,,,,0.13333333333333333,electricity aggregate load_band_0 down_delta_small member=hourly,generic
75,114,8476,8550,75,63,10,2,0.84,0.13333333333333333,0.02666666666666667,,,,,,0.21333333333333335,electricity aggregate load_band_3 down_delta_small member=hourly,generic
75,115,8551,8625,75,58,15,2,0.7733333333333333,0.2,0.02666666666666667,,,,,,0.16,electricity aggregate load_band_3 up_delta_small member=hourly,generic
75,116,8626,8700,75,55,18,2,0.7333333333333333,0.24,0.02666666666666667,,,,,,0.14666666666666667,electricity aggregate load_band_1 up_delta_mid member=hourly,generic
75,117,8701,8775,75,53,19,3,0.7066666666666667,0.25333333333333335,0.04,,,,,,0.16,electricity aggregate load_band_3 up_delta_small member=hourly,generic
75,118,8776,8850,75,50,23,2,0.6666666666666666,0.30666666666666664,0.02666666666666667,,,,,,0.12,electricity aggregate load_band_0 down_delta_small member=hourly,generic
75,119,8851,8925,75,53,20,2,0.7066666666666667,0.26666666666666666,0.02666666666666667,,,,,,0.16,electricity aggregate load_band_2 up_delta_small member=hourly,generic
75,120,8926,9000,75,58,16,1,0.7733333333333333,0.21333333333333335,0.013333333333333334,,,,,,0.12,electricity aggregate load_band_3 down_delta_small member=hourly,generic
75,121,9001,9075,75,60,13,2,0.8,0.17333333333333334,0.02666666666666667,,,,,,0.13333333333333333,electricity aggregate load_band_0 down_delta_small member=hourly,generic
75,122,9076,9150,75,55,19,1,0.7333333333333333,0.25333333333333335,0.013333333333333334,,,,,,0.17333333333333334,electricity aggregate load_band_2 up_delta_small member=hourly,generic
75,123,9151,9225,75,59,15,1,0.7866666666666666,0.2,0.013333333333333334,,,,,,0.14666666666666667,electricity aggregate load_band_2 up_delta_small member=hourly,generic
75,124,9226,9300,75,55,19,1,0.7333333333333333,0.25333333333333335,0.013333333333333334,,,,,,0.16,electricity aggregate load_band_2 down_delta_small member=hourly,generic
75,125,9301,9375,75,53,21,1,0.7066666666666667,0.28,0.013333333333333334,,,,,,0.21333333333333335,electricity aggregate load_band_2 up_delta_small member=hourly,generic
75,126,9376,9450,75,57,16,2,0.76,0.21333333333333335,0.02666666666666667,,,,,,0.12,electricity aggregate load_band_2 up_delta_small member=hourly,generic
75,127,9451,9525,75,62,12,1,0.8266666666666667,0.16,0.013333333333333334,,,,,,0.2,electricity aggregate load_band_2 up_delta_small member=hourly,generic
75,128,9526,9600,75,55,18,2,0.7333333333333333,0.24,0.02666666666666667,,,,,,0.14666666666666667,electricity aggregate load_band_2 down_delta_small member=hourly,generic
75,129,9601,9675,75,60,13,2,0.8,0.17333333333333334,0.02666666666666667,,,,,,0.24,electricity aggregate load_band_2 up_delta_small member=hourly,generic
75,130,9676,9750,75,62,9,4,0.8266666666666667,0.12,0.05333333333333334,,,,,,0.25333333333333335,electricity aggregate load_band_2 up_delta_small member=hourly,generic
75,131,9751,9825,75,63,10,2,0.84,0.13333333333333333,0.02666666666666667,,,,,,0.24,electricity aggregate load_band_2 up_delta_small member=hourly,generic
75,132,9826,9900,75,58,17,0,0.7733333333333333,0.22666666666666666,0.0,,,,,,0.24,electricity aggregate load_band_2 up_delta_small member=hourly,generic
75,133,9901,9975,75,64,10,1,0.8533333333333334,0.13333333333333333,0.013333333333333334,,,,,,0.22666666666666666,electricity aggregate load_band_2 up_delta_small member=hourly,generic
75,134,9976,10050,75,54,21,0,0.72,0.28,0.0,,,,,,0.22666666666666666,electricity aggregate load_band_2 up_delta_small member=hourly,generic
75,135,10051,10125,75,63,9,3,0.84,0.12,0.04,,,,,,0.18666666666666668,electricity aggregate load_band_2 up_delta_small member=hourly,generic
75,136,10126,10200,75,61,14,0,0.8133333333333334,0.18666666666666668,0.0,,,,,,0.2,electricity aggregate load_band_2 up_delta_small member=hourly,generic
75,137,10201,10275,75,63,9,3,0.84,0.12,0.04,,,,,,0.16,electricity aggregate load_band_2 up_delta_small member=hourly,generic
75,138,10276,10350,75,62,13,0,0.8266666666666667,0.17333333333333334,0.0,,,,,,0.2,electricity aggregate load_band_2 up_delta_small member=hourly,generic
75,139,10351,10425,75,64,8,3,0.8533333333333334,0.10666666666666667,0.04,,,,,,0.17333333333333334,electricity aggregate load_band_2 up_delta_small member=hourly,generic
75,140,10426,10500,75,60,13,2,0.8,0.17333333333333334,0.02666666666666667,,,,,,0.2,electricity aggregate load_band_2 up_delta_small member=hourly,generic
75,141,10501,10575,75,62,10,3,0.8266666666666667,0.13333333333333333,0.04,,,,,,0.2,electricity aggregate load_band_2 up_delta_small member=hourly,generic
75,142,10576,10650,75,66,6,3,0.88,0.08,0.04,,,,,,0.22666666666666666,electricity aggregate load_band_2 down_delta_small member=hourly,generic
75,143,10651,10725,75,50,24,1,0.6666666666666666,0.32,0.013333333333333334,,,,,,0.24,electricity aggregate load_band_2 up_delta_small member=hourly,generic
75,144,10726,10800,75,62,11,2,0.8266666666666667,0.14666666666666667,0.02666666666666667,,,,,,0.18666666666666668,electricity aggregate load_band_2 down_delta_small member=hourly,generic
75,145,10801,10875,75,62,13,0,0.8266666666666667,0.17333333333333334,0.0,,,,,,0.12,electricity aggregate load_band_3 up_delta_small member=hourly,generic
75,146,10876,10950,75,54,15,6,0.72,0.2,0.08,,,,,,0.14666666666666667,electricity aggregate load_band_2 down_delta_small member=hourly,generic
75,147,10951,11025,75,60,13,2,0.8,0.17333333333333334,0.02666666666666667,,,,,,0.24,electricity aggregate load_band_2 up_delta_small member=hourly,generic
75,148,11026,11100,75,64,9,2,0.8533333333333334,0.12,0.02666666666666667,,,,,,0.25333333333333335,electricity aggregate load_band_2 up_delta_small member=hourly,generic
75,149,11101,11175,75,56,17,2,0.7466666666666667,0.22666666666666666,0.02666666666666667,,,,,,0.28,electricity aggregate load_band_2 up_delta_small member=hourly,generic
75,150,11176,11250,75,48,24,3,0.64,0.32,0.04,,,,,,0.22666666666666666,electricity aggregate load_band_2 up_delta_small member=hourly,generic
75,151,11251,11325,75,52,21,2,0.6933333333333334,0.28,0.02666666666666667,,,,,,0.17333333333333334,electricity aggregate load_band_3 down_delta_small member=hourly,generic
75,152,11326,11400,75,55,17,3,0.7333333333333333,0.22666666666666666,0.04,,,,,,0.18666666666666668,electricity aggregate load_band_3 down_delta_small member=hourly,generic
75,153,11401,11475,75,49,25,1,0.6533333333333333,0.3333333333333333,0.013333333333333334,,,,,,0.2,electricity aggregate load_band_3 down_delta_small member=hourly,generic
75,154,11476,11550,75,58,15,2,0.7733333333333333,0.2,0.02666666666666667,,,,,,0.2,electricity aggregate load_band_3 up_delta_small member=hourly,generic
75,155,11551,11625,75,60,12,3,0.8,0.16,0.04,,,,,,0.14666666666666667,electricity aggregate load_band_2 up_delta_small member=hourly,generic
75,156,11626,11700,75,53,21,1,0.7066666666666667,0.28,0.013333333333333334,,,,,,0.30666666666666664,electricity aggregate load_band_2 up_delta_small member=hourly,generic
75,157,11701,11775,75,54,16,5,0.72,0.21333333333333335,0.06666666666666667,,,,,,0.17333333333333334,electricity aggregate load_band_3 down_delta_small member=hourly,generic
75,158,11776,11850,75,58,15,2,0.7733333333333333,0.2,0.02666666666666667,,,,,,0.21333333333333335,electricity aggregate load_band_3 up_delta_small member=hourly,generic
75,159,11851,11925,75,60,13,2,0.8,0.17333333333333334,0.02666666666666667,,,,,,0.13333333333333333,electricity aggregate load_band_3 down_delta_small member=hourly,generic
75,160,11926,12000,75,56,18,1,0.7466666666666667,0.24,0.013333333333333334,,,,,,0.21333333333333335,electricity aggregate load_band_3 down_delta_small member=hourly,generic
75,161,12001,12075,75,60,15,0,0.8,0.2,0.0,,,,,,0.14666666666666667,electricity aggregate load_band_3 up_delta_small member=hourly,generic
75,162,12076,12150,75,61,12,2,0.8133333333333334,0.16,0.02666666666666667,,,,,,0.21333333333333335,electricity aggregate load_band_2 up_delta_small member=hourly,generic
75,163,12151,12225,75,60,13,2,0.8,0.17333333333333334,0.02666666666666667,,,,,,0.14666666666666667,electricity aggregate load_band_3 down_delta_small member=hourly,generic
75,164,12226,12300,75,43,30,2,0.5733333333333334,0.4,0.02666666666666667,,,,,,0.2,electricity aggregate load_band_3 up_delta_small member=hourly,generic
75,165,12301,12375,75,66,8,1,0.88,0.10666666666666667,0.013333333333333334,,,,,,0.21333333333333335,electricity aggregate load_band_3 up_delta_small member=hourly,generic
75,166,12376,12450,75,57,15,3,0.76,0.2,0.04,,,,,,0.18666666666666668,electricity aggregate load_band_3 up_delta_small member=hourly,generic
75,167,12451,12525,75,61,13,1,0.8133333333333334,0.17333333333333334,0.013333333333333334,,,,,,0.17333333333333334,electricity aggregate load_band_4 up_delta_small member=hourly,generic
75,168,12526,12600,75,55,18,2,0.7333333333333333,0.24,0.02666666666666667,,,,,,0.21333333333333335,electricity aggregate load_band_3 down_delta_small member=hourly,generic
75,169,12601,12675,75,59,11,5,0.7866666666666666,0.14666666666666667,0.06666666666666667,,,,,,0.16,electricity aggregate load_band_3 down_delta_small member=hourly,generic
75,170,12676,12750,75,62,13,0,0.8266666666666667,0.17333333333333334,0.0,,,,,,0.13333333333333333,electricity aggregate load_band_0 down_delta_small member=hourly,generic
75,171,12751,12825,75,57,17,1,0.76,0.22666666666666666,0.013333333333333334,,,,,,0.12,electricity aggregate load_band_1 up_delta_mid member=hourly,generic
75,172,12826,12900,75,61,10,4,0.8133333333333334,0.13333333333333333,0.05333333333333334,,,,,,0.13333333333333333,electricity aggregate load_band_3 down_delta_small member=hourly,generic
75,173,12901,12975,75,48,25,2,0.64,0.3333333333333333,0.02666666666666667,,,,,,0.16,electricity aggregate load_band_4 up_delta_small member=hourly,generic
75,174,12976,13050,75,66,6,3,0.88,0.08,0.04,,,,,,0.14666666666666667,electricity aggregate load_band_4 up_delta_small member=hourly,generic
75,175,13051,13125,75,60,14,1,0.8,0.18666666666666668,0.013333333333333334,,,,,,0.24,electricity aggregate load_band_4 down_delta_mid member=hourly,generic
75,176,13126,13200,75,66,8,1,0.88,0.10666666666666667,0.013333333333333334,,,,,,0.17333333333333334,electricity aggregate load_band_4 up_delta_small member=hourly,generic
75,177,13201,13275,75,54,18,3,0.72,0.24,0.04,,,,,,0.18666666666666668,electricity aggregate load_band_4 up_delta_small member=hourly,generic
75,178,13276,13350,75,56,19,0,0.7466666666666667,0.25333333333333335,0.0,,,,,,0.14666666666666667,electricity aggregate load_band_4 up_delta_small member=hourly,generic
75,179,13351,13425,75,53,21,1,0.7066666666666667,0.28,0.013333333333333334,,,,,,0.16,electricity aggregate load_band_4 up_delta_small member=hourly,generic
75,180,13426,13500,75,69,2,4,0.92,0.02666666666666667,0.05333333333333334,,,,,,0.18666666666666668,electricity aggregate load_band_4 up_delta_small member=hourly,generic
75,181,13501,13575,75,59,13,3,0.7866666666666666,0.17333333333333334,0.04,,,,,,0.18666666666666668,electricity aggregate load_band_4 up_delta_small member=hourly,generic
75,182,13576,13650,75,61,11,3,0.8133333333333334,0.14666666666666667,0.04,,,,,,0.2,electricity aggregate load_band_4 up_delta_small member=hourly,generic
75,183,13651,13725,75,60,14,1,0.8,0.18666666666666668,0.013333333333333334,,,,,,0.17333333333333334,electricity aggregate load_band_4 up_delta_small member=hourly,generic
75,184,13726,13800,75,61,12,2,0.8133333333333334,0.16,0.02666666666666667,,,,,,0.17333333333333334,electricity aggregate load_band_4 up_delta_small member=hourly,generic
75,185,13801,13875,75,61,13,1,0.8133333333333334,0.17333333333333334,0.013333333333333334,,,,,,0.17333333333333334,electricity aggregate load_band_4 up_delta_small member=hourly,generic
75,186,13876,13950,75,59,12,4,0.7866666666666666,0.16,0.05333333333333334,,,,,,0.14666666666666667,electricity aggregate load_band_4 up_delta_small member=hourly,generic
75,187,13951,14025,75,60,12,3,0.8,0.16,0.04,,,,,,0.16,electricity aggregate load_band_1 up_delta_mid member=hourly,generic
75,188,14026,14100,75,62,10,3,0.8266666666666667,0.13333333333333333,0.04,,,,,,0.16,electricity aggregate load_band_4 up_delta_mid member=hourly,generic
75,189,14101,14175,75,67,8,0,0.8933333333333333,0.10666666666666667,0.0,,,,,,0.17333333333333334,electricity aggregate load_band_4 up_delta_small member=hourly,generic
75,190,14176,14250,75,62,12,1,0.8266666666666667,0.16,0.013333333333333334,,,,,,0.18666666666666668,electricity aggregate load_band_4 up_delta_small member=hourly,generic
75,191,14251,14325,75,54,20,1,0.72,0.26666666666666666,0.013333333333333334,,,,,,0.14666666666666667,electricity aggregate load_band_4 up_delta_small member=hourly,generic
75,192,14326,14400,75,61,10,4,0.8133333333333334,0.13333333333333333,0.05333333333333334,,,,,,0.12,electricity aggregate load_band_1 up_delta_mid member=hourly,generic
75,193,14401,14475,75,66,8,1,0.88,0.10666666666666667,0.013333333333333334,,,,,,0.14666666666666667,electricity aggregate load_band_4 down_delta_mid member=hourly,generic
75,194,14476,14550,75,63,11,1,0.84,0.14666666666666667,0.013333333333333334,,,,,,0.14666666666666667,electricity aggregate load_band_4 up_delta_small member=hourly,generic
75,195,14551,14625,75,67,6,2,0.8933333333333333,0.08,0.02666666666666667,,,,,,0.17333333333333334,electricity aggregate load_band_4 up_delta_small member=hourly,generic
75,196,14626,14700,75,68,7,0,0.9066666666666666,0.09333333333333334,0.0,,,,,,0.17333333333333334,electricity aggregate load_band_4 down_delta_small member=hourly,generic
75,197,14701,14775,75,63,9,3,0.84,0.12,0.04,,,,,,0.21333333333333335,electricity aggregate load_band_4 up_delta_small member=hourly,generic
75,198,14776,14850,75,60,12,3,0.8,0.16,0.04,,,,,,0.2,electricity aggregate load_band_4 up_delta_small member=hourly,generic
75,199,14851,14925,75,59,13,3,0.7866666666666666,0.17333333333333334,0.04,,,,,,0.17333333333333334,electricity aggregate load_band_4 up_delta_small member=hourly,generic
75,200,14926,15000,75,60,10,5,0.8,0.13333333333333333,0.06666666666666667,,,,,,0.14666666666666667,electricity aggregate load_band_4 up_delta_small member=hourly,generic
75,201,15001,15075,75,63,10,2,0.84,0.13333333333333333,0.02666666666666667,,,,,,0.13333333333333333,electricity aggregate load_band_4 down_delta_small member=hourly,generic
75,202,15076,15150,75,61,10,4,0.8133333333333334,0.13333333333333333,0.05333333333333334,,,,,,0.13333333333333333,electricity aggregate load_band_4 down_delta_small member=hourly,generic
75,203,15151,15225,75,58,16,1,0.7733333333333333,0.21333333333333335,0.013333333333333334,,,,,,0.18666666666666668,electricity aggregate load_band_4 down_delta_small member=hourly,generic
75,204,15226,15300,75,62,11,2,0.8266666666666667,0.14666666666666667,0.02666666666666667,,,,,,0.18666666666666668,electricity aggregate load_band_4 down_delta_small member=hourly,generic
75,205,15301,15375,75,55,19,1,0.7333333333333333,0.25333333333333335,0.013333333333333334,,,,,,0.22666666666666666,electricity aggregate load_band_4 up_delta_small member=hourly,generic
75,206,15376,15450,75,52,20,3,0.6933333333333334,0.26666666666666666,0.04,,,,,,0.25333333333333335,electricity aggregate load_band_4 up_delta_small member=hourly,generic
75,207,15451,15525,75,54,18,3,0.72,0.24,0.04,,,,,,0.17333333333333334,electricity aggregate load_band_4 down_delta_small member=hourly,generic
75,208,15526,15600,75,55,19,1,0.7333333333333333,0.25333333333333335,0.013333333333333334,,,,,,0.21333333333333335,electricity aggregate load_band_4 up_delta_small member=hourly,generic
75,209,15601,15675,75,58,14,3,0.7733333333333333,0.18666666666666668,0.04,,,,,,0.16,electricity aggregate load_band_3 up_delta_small member=hourly,generic
75,210,15676,15750,75,49,25,1,0.6533333333333333,0.3333333333333333,0.013333333333333334,,,,,,0.18666666666666668,electricity aggregate load_band_4 up_delta_small member=hourly,generic
75,211,15751,15825,75,53,19,3,0.7066666666666667,0.25333333333333335,0.04,,,,,,0.14666666666666667,electricity aggregate load_band_1 up_delta_mid member=hourly,generic
75,212,15826,15900,75,59,15,1,0.7866666666666666,0.2,0.013333333333333334,,,,,,0.17333333333333334,electricity aggregate load_band_3 down_delta_small member=hourly,generic
75,213,15901,15975,75,59,14,2,0.7866666666666666,0.18666666666666668,0.02666666666666667,,,,,,0.2,electricity aggregate load_band_3 up_delta_small member=hourly,generic
75,214,15976,16050,75,58,16,1,0.7733333333333333,0.21333333333333335,0.013333333333333334,,,,,,0.2,electricity aggregate load_band_3 up_delta_small member=hourly,generic
75,215,16051,16125,75,56,17,2,0.7466666666666667,0.22666666666666666,0.02666666666666667,,,,,,0.16,electricity aggregate load_band_3 up_delta_small member=hourly,generic
75,216,16126,16200,75,66,7,2,0.88,0.09333333333333334,0.02666666666666667,,,,,,0.2,electricity aggregate load_band_3 up_delta_small member=hourly,generic
75,217,16201,16275,75,66,5,4,0.88,0.06666666666666667,0.05333333333333334,,,,,,0.18666666666666668,electricity aggregate load_band_3 up_delta_small member=hourly,generic
75,218,16276,16350,75,63,9,3,0.84,0.12,0.04,,,,,,0.22666666666666666,electricity aggregate load_band_3 up_delta_small member=hourly,generic
75,219,16351,16425,75,57,18,0,0.76,0.24,0.0,,,,,,0.18666666666666668,electricity aggregate load_band_3 up_delta_small member=hourly,generic
75,220,16426,16500,75,59,12,4,0.7866666666666666,0.16,0.05333333333333334,,,,,,0.12,electricity aggregate load_band_0 down_delta_small member=hourly,generic
75,221,16501,16575,75,57,18,0,0.76,0.24,0.0,,,,,,0.17333333333333334,electricity aggregate load_band_2 up_delta_small member=hourly,generic
75,222,16576,16650,75,59,15,1,0.7866666666666666,0.2,0.013333333333333334,,,,,,0.16,electricity aggregate load_band_2 up_delta_small member=hourly,generic
75,223,16651,16725,75,60,14,1,0.8,0.18666666666666668,0.013333333333333334,,,,,,0.14666666666666667,electricity aggregate load_band_2 up_delta_small member=hourly,generic
75,224,16726,16800,75,60,15,0,0.8,0.2,0.0,,,,,,0.16,electricity aggregate load_band_2 up_delta_small member=hourly,generic
75,225,16801,16875,75,66,9,0,0.88,0.12,0.0,,,,,,0.13333333333333333,electricity aggregate load_band_2 up_delta_small member=hourly,generic
75,226,16876,16950,75,57,16,2,0.76,0.21333333333333335,0.02666666666666667,,,,,,0.14666666666666667,electricity aggregate load_band_2 up_delta_small member=hourly,generic
75,227,16951,17025,75,58,16,1,0.7733333333333333,0.21333333333333335,0.013333333333333334,,,,,,0.16,electricity aggregate load_band_2 up_delta_small member=hourly,generic
75,228,17026,17100,75,60,14,1,0.8,0.18666666666666668,0.013333333333333334,,,,,,0.13333333333333333,electricity aggregate load_band_3 up_delta_small member=hourly,generic
75,229,17101,17175,75,55,19,1,0.7333333333333333,0.25333333333333335,0.013333333333333334,,,,,,0.17333333333333334,electricity aggregate load_band_3 up_delta_small member=hourly,generic
75,230,17176,17250,75,50,23,2,0.6666666666666666,0.30666666666666664,0.02666666666666667,,,,,,0.18666666666666668,electricity aggregate load_band_3 up_delta_small member=hourly,generic
75,231,17251,17325,75,48,27,0,0.64,0.36,0.0,,,,,,0.17333333333333334,electricity aggregate load_band_3 up_delta_small member=hourly,generic
75,232,17326,17400,75,57,16,2,0.76,0.21333333333333335,0.02666666666666667,,,,,,0.16,electricity aggregate load_band_3 up_delta_small member=hourly,generic
75,233,17401,17475,75,58,16,1,0.7733333333333333,0.21333333333333335,0.013333333333333334,,,,,,0.14666666666666667,electricity aggregate load_band_3 up_delta_small member=hourly,generic
75,234,17476,17550,75,58,15,2,0.7733333333333333,0.2,0.02666666666666667,,,,,,0.2,electricity aggregate load_band_0 down_delta_small member=hourly,generic
75,235,17551,17625,75,61,10,4,0.8133333333333334,0.13333333333333333,0.05333333333333334,,,,,,0.14666666666666667,electricity aggregate load_band_3 up_delta_small member=hourly,generic
75,236,17626,17700,75,56,17,2,0.7466666666666667,0.22666666666666666,0.02666666666666667,,,,,,0.13333333333333333,electricity aggregate load_band_3 up_delta_small member=hourly,generic
75,237,17701,17775,75,61,14,0,0.8133333333333334,0.18666666666666668,0.0,,,,,,0.12,electricity aggregate load_band_0 down_delta_small member=hourly,generic
75,238,17776,17850,75,56,18,1,0.7466666666666667,0.24,0.013333333333333334,,,,,,0.14666666666666667,electricity aggregate load_band_2 up_delta_small member=hourly,generic
75,239,17851,17925,75,53,21,1,0.7066666666666667,0.28,0.013333333333333334,,,,,,0.17333333333333334,electricity aggregate load_band_2 up_delta_small member=hourly,generic
75,240,17926,18000,75,60,15,0,0.8,0.2,0.0,,,,,,0.14666666666666667,electricity aggregate load_band_2 up_delta_small member=hourly,generic
75,241,18001,18075,75,54,20,1,0.72,0.26666666666666666,0.013333333333333334,,,,,,0.17333333333333334,electricity aggregate load_band_2 up_delta_small member=hourly,generic
75,242,18076,18150,75,61,14,0,0.8133333333333334,0.18666666666666668,0.0,,,,,,0.13333333333333333,electricity aggregate load_band_0 down_delta_small member=hourly,generic
75,243,18151,18225,75,62,11,2,0.8266666666666667,0.14666666666666667,0.02666666666666667,,,,,,0.14666666666666667,electricity aggregate load_band_2 up_delta_small member=hourly,generic
75,244,18226,18300,75,63,12,0,0.84,0.16,0.0,,,,,,0.16,electricity aggregate load_band_2 up_delta_small member=hourly,generic
75,245,18301,18375,75,63,9,3,0.84,0.12,0.04,,,,,,0.18666666666666668,electricity aggregate load_band_2 up_delta_small member=hourly,generic
75,246,18376,18450,75,54,21,0,0.72,0.28,0.0,,,,,,0.14666666666666667,electricity aggregate load_band_3 up_delta_small member=hourly,generic
75,247,18451,18525,75,57,17,1,0.76,0.22666666666666666,0.013333333333333334,,,,,,0.16,electricity aggregate load_band_2 up_delta_small member=hourly,generic
75,248,18526,18600,75,60,14,1,0.8,0.18666666666666668,0.013333333333333334,,,,,,0.2,electricity aggregate load_band_2 up_delta_small member=hourly,generic
75,249,18601,18675,75,56,16,3,0.7466666666666667,0.21333333333333335,0.04,,,,,,0.13333333333333333,electricity aggregate load_band_2 up_delta_small member=hourly,generic
75,250,18676,18750,75,67,6,2,0.8933333333333333,0.08,0.02666666666666667,,,,,,0.21333333333333335,electricity aggregate load_band_2 up_delta_small member=hourly,generic
75,251,18751,18825,75,66,5,4,0.88,0.06666666666666667,0.05333333333333334,,,,,,0.24,electricity aggregate load_band_2 up_delta_small member=hourly,generic
75,252,18826,18900,75,65,8,2,0.8666666666666667,0.10666666666666667,0.02666666666666667,,,,,,0.17333333333333334,electricity aggregate load_band_2 up_delta_small member=hourly,generic
75,253,18901,18975,75,62,11,2,0.8266666666666667,0.14666666666666667,0.02666666666666667,,,,,,0.21333333333333335,electricity aggregate load_band_2 up_delta_small member=hourly,generic
75,254,18976,19050,75,65,5,5,0.8666666666666667,0.06666666666666667,0.06666666666666667,,,,,,0.24,electricity aggregate load_band_2 up_delta_small member=hourly,generic
75,255,19051,19125,75,65,6,4,0.8666666666666667,0.08,0.05333333333333334,,,,,,0.17333333333333334,electricity aggregate load_band_2 up_delta_small member=hourly,generic
75,256,19126,19200,75,60,15,0,0.8,0.2,0.0,,,,,,0.18666666666666668,electricity aggregate load_band_2 up_delta_small member=hourly,generic
75,257,19201,19275,75,62,11,2,0.8266666666666667,0.14666666666666667,0.02666666666666667,,,,,,0.14666666666666667,electricity aggregate load_band_2 up_delta_small member=hourly,generic
75,258,19276,19350,75,59,15,1,0.7866666666666666,0.2,0.013333333333333334,,,,,,0.13333333333333333,electricity aggregate load_band_0 down_delta_small member=hourly,generic
75,259,19351,19425,75,59,16,0,0.7866666666666666,0.21333333333333335,0.0,,,,,,0.16,electricity aggregate load_band_2 up_delta_small member=hourly,generic
75,260,19426,19500,75,57,15,3,0.76,0.2,0.04,,,,,,0.22666666666666666,electricity aggregate load_band_2 up_delta_small member=hourly,generic
75,261,19501,19575,75,66,7,2,0.88,0.09333333333333334,0.02666666666666667,,,,,,0.22666666666666666,electricity aggregate load_band_2 up_delta_small member=hourly,generic
75,262,19576,19650,75,60,11,4,0.8,0.14666666666666667,0.05333333333333334,,,,,,0.2,electricity aggregate load_band_2 up_delta_small member=hourly,generic
75,263,19651,19725,75,55,14,6,0.7333333333333333,0.18666666666666668,0.08,,,,,,0.26666666666666666,electricity aggregate load_band_2 up_delta_small member=hourly,generic
75,264,19726,19800,75,61,11,3,0.8133333333333334,0.14666666666666667,0.04,,,,,,0.22666666666666666,electricity aggregate load_band_2 up_delta_small member=hourly,generic
75,265,19801,19875,75,63,7,5,0.84,0.09333333333333334,0.06666666666666667,,,,,,0.12,electricity aggregate load_band_3 up_delta_small member=hourly,generic
75,266,19876,19950,75,66,6,3,0.88,0.08,0.04,,,,,,0.16,electricity aggregate load_band_3 up_delta_small member=hourly,generic
75,267,19951,20025,75,66,8,1,0.88,0.10666666666666667,0.013333333333333334,,,,,,0.22666666666666666,electricity aggregate load_band_3 up_delta_small member=hourly,generic
75,268,20026,20100,75,62,12,1,0.8266666666666667,0.16,0.013333333333333334,,,,,,0.14666666666666667,electricity aggregate load_band_3 up_delta_small member=hourly,generic
75,269,20101,20175,75,60,10,5,0.8,0.13333333333333333,0.06666666666666667,,,,,,0.18666666666666668,electricity aggregate load_band_3 down_delta_small member=hourly,generic
75,270,20176,20250,75,69,3,3,0.92,0.04,0.04,,,,,,0.18666666666666668,electricity aggregate load_band_3 up_delta_small member=hourly,generic
75,271,20251,20325,75,57,17,1,0.76,0.22666666666666666,0.013333333333333334,,,,,,0.18666666666666668,electricity aggregate load_band_3 up_delta_small member=hourly,generic
75,272,20326,20400,75,54,18,3,0.72,0.24,0.04,,,,,,0.16,electricity aggregate load_band_3 down_delta_small member=hourly,generic
75,273,20401,20475,75,62,9,4,0.8266666666666667,0.12,0.05333333333333334,,,,,,0.13333333333333333,electricity aggregate load_band_0 down_delta_small member=hourly,generic
75,274,20476,20550,75,58,15,2,0.7733333333333333,0.2,0.02666666666666667,,,,,,0.14666666666666667,electricity aggregate load_band_4 up_delta_small member=hourly,generic
75,275,20551,20625,75,58,16,1,0.7733333333333333,0.21333333333333335,0.013333333333333334,,,,,,0.12,electricity aggregate load_band_4 up_delta_small member=hourly,generic
75,276,20626,20700,75,53,18,4,0.7066666666666667,0.24,0.05333333333333334,,,,,,0.14666666666666667,electricity aggregate load_band_4 up_delta_small member=hourly,generic
75,277,20701,20775,75,55,18,2,0.7333333333333333,0.24,0.02666666666666667,,,,,,0.12,electricity aggregate load_band_4 up_delta_small member=hourly,generic
75,278,20776,20850,75,54,17,4,0.72,0.22666666666666666,0.05333333333333334,,,,,,0.18666666666666668,electricity aggregate load_band_4 up_delta_small member=hourly,generic
75,279,20851,20925,75,53,17,5,0.7066666666666667,0.22666666666666666,0.06666666666666667,,,,,,0.21333333333333335,electricity aggregate load_band_3 up_delta_small member=hourly,generic
75,280,20926,21000,75,58,14,3,0.7733333333333333,0.18666666666666668,0.04,,,,,,0.24,electricity aggregate load_band_3 up_delta_small member=hourly,generic
75,281,21001,21075,75,64,10,1,0.8533333333333334,0.13333333333333333,0.013333333333333334,,,,,,0.24,electricity aggregate load_band_3 up_delta_small member=hourly,generic
75,282,21076,21150,75,53,21,1,0.7066666666666667,0.28,0.013333333333333334,,,,,,0.17333333333333334,electricity aggregate load_band_3 up_delta_small member=hourly,generic
75,283,21151,21225,75,58,15,2,0.7733333333333333,0.2,0.02666666666666667,,,,,,0.10666666666666667,electricity aggregate load_band_1 up_delta_mid member=hourly,generic
75,284,21226,21300,75,58,15,2,0.7733333333333333,0.2,0.02666666666666667,,,,,,0.22666666666666666,electricity aggregate load_band_3 down_delta_small member=hourly,generic
75,285,21301,21375,75,51,24,0,0.68,0.32,0.0,,,,,,0.24,electricity aggregate load_band_3 up_delta_small member=hourly,generic
75,286,21376,21450,75,45,25,5,0.6,0.3333333333333333,0.06666666666666667,,,,,,0.17333333333333334,electricity aggregate load_band_4 up_delta_small member=hourly,generic
75,287,21451,21525,75,52,21,2,0.6933333333333334,0.28,0.02666666666666667,,,,,,0.14666666666666667,electricity aggregate load_band_4 up_delta_small member=hourly,generic
75,288,21526,21600,75,55,16,4,0.7333333333333333,0.21333333333333335,0.05333333333333334,,,,,,0.14666666666666667,electricity aggregate load_band_4 up_delta_small member=hourly,generic
75,289,21601,21675,75,57,17,1,0.76,0.22666666666666666,0.013333333333333334,,,,,,0.2,electricity aggregate load_band_4 up_delta_small member=hourly,generic
75,290,21676,21750,75,51,20,4,0.68,0.26666666666666666,0.05333333333333334,,,,,,0.16,electricity aggregate load_band_4 down_delta_small member=hourly,generic
75,291,21751,21825,75,61,11,3,0.8133333333333334,0.14666666666666667,0.04,,,,,,0.17333333333333334,electricity aggregate load_band_4 up_delta_small member=hourly,generic
75,292,21826,21900,75,53,17,5,0.7066666666666667,0.22666666666666666,0.06666666666666667,,,,,,0.14666666666666667,electricity aggregate load_band_4 up_delta_small member=hourly,generic
75,293,21901,21975,75,53,22,0,0.7066666666666667,0.29333333333333333,0.0,,,,,,0.17333333333333334,electricity aggregate load_band_4 up_delta_small member=hourly,generic
75,294,21976,22050,75,52,20,3,0.6933333333333334,0.26666666666666666,0.04,,,,,,0.18666666666666668,electricity aggregate load_band_4 up_delta_small member=hourly,generic
75,295,22051,22125,75,54,18,3,0.72,0.24,0.04,,,,,,0.17333333333333334,electricity aggregate load_band_4 up_delta_mid member=hourly,generic
75,296,22126,22200,75,61,12,2,0.8133333333333334,0.16,0.02666666666666667,,,,,,0.14666666666666667,electricity aggregate load_band_4 down_delta_mid member=hourly,generic
75,297,22201,22275,75,58,16,1,0.7733333333333333,0.21333333333333335,0.013333333333333334,,,,,,0.13333333333333333,electricity aggregate load_band_4 down_delta_mid member=hourly,generic
75,298,22276,22350,75,59,15,1,0.7866666666666666,0.2,0.013333333333333334,,,,,,0.16,electricity aggregate load_band_4 up_delta_small member=hourly,generic
75,299,22351,22425,75,55,17,3,0.7333333333333333,0.22666666666666666,0.04,,,,,,0.16,electricity aggregate load_band_1 up_delta_mid member=hourly,generic
75,300,22426,22500,75,65,9,1,0.8666666666666667,0.12,0.013333333333333334,,,,,,0.14666666666666667,electricity aggregate load_band_4 up_delta_mid member=hourly,generic
75,301,22501,22575,75,58,11,6,0.7733333333333333,0.14666666666666667,0.08,,,,,,0.14666666666666667,electricity aggregate load_band_4 down_delta_small member=hourly,generic
75,302,22576,22650,75,56,17,2,0.7466666666666667,0.22666666666666666,0.02666666666666667,,,,,,0.16,electricity aggregate load_band_4 up_delta_small member=hourly,generic
75,303,22651,22725,75,53,19,3,0.7066666666666667,0.25333333333333335,0.04,,,,,,0.14666666666666667,electricity aggregate load_band_4 down_delta_mid member=hourly,generic
75,304,22726,22800,75,56,17,2,0.7466666666666667,0.22666666666666666,0.02666666666666667,,,,,,0.16,electricity aggregate load_band_4 up_delta_mid member=hourly,generic
75,305,22801,22875,75,60,13,2,0.8,0.17333333333333334,0.02666666666666667,,,,,,0.13333333333333333,electricity aggregate load_band_4 up_delta_small member=hourly,generic
75,306,22876,22950,75,60,13,2,0.8,0.17333333333333334,0.02666666666666667,,,,,,0.16,electricity aggregate load_band_4 down_delta_mid member=hourly,generic
75,307,22951,23025,75,59,13,3,0.7866666666666666,0.17333333333333334,0.04,,,,,,0.16,electricity aggregate load_band_1 up_delta_mid member=hourly,generic
75,308,23026,23100,75,60,13,2,0.8,0.17333333333333334,0.02666666666666667,,,,,,0.13333333333333333,electricity aggregate load_band_4 down_delta_mid member=hourly,generic
75,309,23101,23175,75,51,19,5,0.68,0.25333333333333335,0.06666666666666667,,,,,,0.18666666666666668,electricity aggregate load_band_4 up_delta_small member=hourly,generic
75,310,23176,23250,75,52,17,6,0.6933333333333334,0.22666666666666666,0.08,,,,,,0.16,electricity aggregate load_band_4 up_delta_mid member=hourly,generic
75,311,23251,23325,75,56,17,2,0.7466666666666667,0.22666666666666666,0.02666666666666667,,,,,,0.16,electricity aggregate load_band_4 down_delta_mid member=hourly,generic
75,312,23326,23400,75,56,17,2,0.7466666666666667,0.22666666666666666,0.02666666666666667,,,,,,0.13333333333333333,electricity aggregate load_band_4 down_delta_mid member=hourly,generic
75,313,23401,23475,75,58,15,2,0.7733333333333333,0.2,0.02666666666666667,,,,,,0.13333333333333333,electricity aggregate load_band_0 down_delta_small member=hourly,generic
75,314,23476,23550,75,58,16,1,0.7733333333333333,0.21333333333333335,0.013333333333333334,,,,,,0.16,electricity aggregate load_band_4 down_delta_small member=hourly,generic
75,315,23551,23625,75,60,13,2,0.8,0.17333333333333334,0.02666666666666667,,,,,,0.18666666666666668,electricity aggregate load_band_4 down_delta_small member=hourly,generic
75,316,23626,23700,75,57,15,3,0.76,0.2,0.04,,,,,,0.16,electricity aggregate load_band_4 up_delta_small member=hourly,generic
75,317,23701,23775,75,54,18,3,0.72,0.24,0.04,,,,,,0.16,electricity aggregate load_band_4 down_delta_small member=hourly,generic
75,318,23776,23850,75,55,16,4,0.7333333333333333,0.21333333333333335,0.05333333333333334,,,,,,0.21333333333333335,electricity aggregate load_band_4 up_delta_small member=hourly,generic
75,319,23851,23925,75,59,13,3,0.7866666666666666,0.17333333333333334,0.04,,,,,,0.25333333333333335,electricity aggregate load_band_4 up_delta_small member=hourly,generic
75,320,23926,24000,75,56,14,5,0.7466666666666667,0.18666666666666668,0.06666666666666667,,,,,,0.25333333333333335,electricity aggregate load_band_4 up_delta_small member=hourly,generic
75,321,24001,24075,75,56,13,6,0.7466666666666667,0.17333333333333334,0.08,,,,,,0.17333333333333334,electricity aggregate load_band_4 down_delta_small member=hourly,generic
75,322,24076,24150,75,60,11,4,0.8,0.14666666666666667,0.05333333333333334,,,,,,0.14666666666666667,electricity aggregate load_band_4 down_delta_small member=hourly,generic
75,323,24151,24225,75,56,15,4,0.7466666666666667,0.2,0.05333333333333334,,,,,,0.14666666666666667,electricity aggregate load_band_1 up_delta_mid member=hourly,generic
75,324,24226,24300,75,57,14,4,0.76,0.18666666666666668,0.05333333333333334,,,,,,0.24,electricity aggregate load_band_4 up_delta_small member=hourly,generic
75,325,24301,24375,75,58,13,4,0.7733333333333333,0.17333333333333334,0.05333333333333334,,,,,,0.16,electricity aggregate load_band_4 up_delta_small member=hourly,generic
75,326,24376,24450,75,52,15,8,0.6933333333333334,0.2,0.10666666666666667,,,,,,0.18666666666666668,electricity aggregate load_band_3 up_delta_small member=hourly,generic
75,327,24451,24525,75,57,15,3,0.76,0.2,0.04,,,,,,0.16,electricity aggregate load_band_4 down_delta_small member=hourly,generic
75,328,24526,24600,75,53,21,1,0.7066666666666667,0.28,0.013333333333333334,,,,,,0.14666666666666667,electricity aggregate load_band_4 down_delta_small member=hourly,generic
75,329,24601,24675,75,56,16,3,0.7466666666666667,0.21333333333333335,0.04,,,,,,0.17333333333333334,electricity aggregate load_band_4 up_delta_small member=hourly,generic
75,330,24676,24750,75,48,22,5,0.64,0.29333333333333333,0.06666666666666667,,,,,,0.16,electricity aggregate load_band_4 up_delta_small member=hourly,generic
75,331,24751,24825,75,54,18,3,0.72,0.24,0.04,,,,,,0.14666666666666667,electricity aggregate load_band_1 up_delta_mid member=hourly,generic
75,332,24826,24900,75,60,10,5,0.8,0.13333333333333333,0.06666666666666667,,,,,,0.12,electricity aggregate load_band_3 up_delta_small member=hourly,generic
75,333,24901,24975,75,61,12,2,0.8133333333333334,0.16,0.02666666666666667,,,,,,0.14666666666666667,electricity aggregate load_band_2 down_delta_small member=hourly,generic
75,334,24976,25050,75,57,16,2,0.76,0.21333333333333335,0.02666666666666667,,,,,,0.13333333333333333,electricity aggregate load_band_3 down_delta_small member=hourly,generic
75,335,25051,25125,75,62,11,2,0.8266666666666667,0.14666666666666667,0.02666666666666667,,,,,,0.12,electricity aggregate load_band_2 up_delta_small member=hourly,generic
75,336,25126,25200,75,59,12,4,0.7866666666666666,0.16,0.05333333333333334,,,,,,0.18666666666666668,electricity aggregate load_band_3 up_delta_small member=hourly,generic
75,337,25201,25275,75,59,16,0,0.7866666666666666,0.21333333333333335,0.0,,,,,,0.14666666666666667,electricity aggregate load_band_2 up_delta_small member=hourly,generic
75,338,25276,25350,75,63,9,3,0.84,0.12,0.04,,,,,,0.2,electricity aggregate load_band_3 up_delta_small member=hourly,generic
75,339,25351,25425,75,61,14,0,0.8133333333333334,0.18666666666666668,0.0,,,,,,0.13333333333333333,electricity aggregate load_band_3 down_delta_small member=hourly,generic
75,340,25426,25500,75,57,17,1,0.76,0.22666666666666666,0.013333333333333334,,,,,,0.16,electricity aggregate load_band_2 up_delta_small member=hourly,generic
75,341,25501,25575,75,60,13,2,0.8,0.17333333333333334,0.02666666666666667,,,,,,0.16,electricity aggregate load_band_2 up_delta_small member=hourly,generic
75,342,25576,25650,75,52,21,2,0.6933333333333334,0.28,0.02666666666666667,,,,,,0.2,electricity aggregate load_band_2 down_delta_small member=hourly,generic
75,343,25651,25725,75,54,19,2,0.72,0.25333333333333335,0.02666666666666667,,,,,,0.17333333333333334,electricity aggregate load_band_2 up_delta_small member=hourly,generic
75,344,25726,25800,75,57,17,1,0.76,0.22666666666666666,0.013333333333333334,,,,,,0.14666666666666667,electricity aggregate load_band_2 up_delta_small member=hourly,generic
75,345,25801,25875,75,58,16,1,0.7733333333333333,0.21333333333333335,0.013333333333333334,,,,,,0.16,electricity aggregate load_band_2 up_delta_small member=hourly,generic
75,346,25876,25950,75,52,22,1,0.6933333333333334,0.29333333333333333,0.013333333333333334,,,,,,0.18666666666666668,electricity aggregate load_band_2 up_delta_small member=hourly,generic
75,347,25951,26025,75,65,8,2,0.8666666666666667,0.10666666666666667,0.02666666666666667,,,,,,0.16,electricity aggregate load_band_2 up_delta_small member=hourly,generic
75,348,26026,26100,75,59,14,2,0.7866666666666666,0.18666666666666668,0.02666666666666667,,,,,,0.16,electricity aggregate load_band_2 up_delta_small member=hourly,generic
75,349,26101,26175,75,52,19,4,0.6933333333333334,0.25333333333333335,0.05333333333333334,,,,,,0.18666666666666668,electricity aggregate load_band_0 up_delta_small member=hourly,generic
75,350,26176,26250,75,54,20,1,0.72,0.26666666666666666,0.013333333333333334,,,,,,0.17333333333333334,electricity aggregate load_band_2 up_delta_small member=hourly,generic
75,351,26251,26304,54,32,22,0,0.5925925925925926,0.4074074074074074,0.0,,,,,,0.18518518518518517,electricity aggregate load_band_2 up_delta_small member=hourly,generic
100,1,1,100,100,76,23,1,0.76,0.23,0.01,,,,,,0.15,electricity aggregate load_band_0 down_delta_small member=hourly,generic
100,2,101,200,100,89,11,0,0.89,0.11,0.0,,,,,,0.19,electricity aggregate load_band_3 up_delta_small member=hourly,generic
100,3,201,300,100,98,0,2,0.98,0.0,0.02,,,,,,0.15,electricity aggregate load_band_3 up_delta_small member=hourly,generic
100,4,301,400,100,88,11,1,0.88,0.11,0.01,,,,,,0.17,electricity aggregate load_band_3 up_delta_small member=hourly,generic
100,5,401,500,100,89,9,2,0.89,0.09,0.02,,,,,,0.21,electricity aggregate load_band_3 up_delta_small member=hourly,generic
100,6,501,600,100,93,5,2,0.93,0.05,0.02,,,,,,0.16,electricity aggregate load_band_3 up_delta_small member=hourly,generic
100,7,601,700,100,94,2,4,0.94,0.02,0.04,,,,,,0.19,electricity aggregate load_band_3 up_delta_small member=hourly,generic
100,8,701,800,100,96,4,0,0.96,0.04,0.0,,,,,,0.19,electricity aggregate load_band_3 up_delta_small member=hourly,generic
100,9,801,900,100,96,2,2,0.96,0.02,0.02,,,,,,0.15,electricity aggregate load_band_3 up_delta_small member=hourly,generic
100,10,901,1000,100,97,3,0,0.97,0.03,0.0,,,,,,0.23,electricity aggregate load_band_3 up_delta_small member=hourly,generic
100,11,1001,1100,100,94,5,1,0.94,0.05,0.01,,,,,,0.14,electricity aggregate load_band_3 up_delta_small member=hourly,generic
100,12,1101,1200,100,90,9,1,0.9,0.09,0.01,,,,,,0.12,electricity aggregate load_band_2 up_delta_small member=hourly,generic
100,13,1201,1300,100,93,5,2,0.93,0.05,0.02,,,,,,0.16,electricity aggregate load_band_3 up_delta_small member=hourly,generic
100,14,1301,1400,100,87,11,2,0.87,0.11,0.02,,,,,,0.19,electricity aggregate load_band_3 up_delta_small member=hourly,generic
100,15,1401,1500,100,86,12,2,0.86,0.12,0.02,,,,,,0.19,electricity aggregate load_band_3 up_delta_small member=hourly,generic
100,16,1501,1600,100,88,9,3,0.88,0.09,0.03,,,,,,0.25,electricity aggregate load_band_3 up_delta_small member=hourly,generic
100,17,1601,1700,100,85,14,1,0.85,0.14,0.01,,,,,,0.22,electricity aggregate load_band_3 up_delta_small member=hourly,generic
100,18,1701,1800,100,94,6,0,0.94,0.06,0.0,,,,,,0.2,electricity aggregate load_band_3 up_delta_small member=hourly,generic
100,19,1801,1900,100,88,11,1,0.88,0.11,0.01,,,,,,0.14,electricity aggregate load_band_3 up_delta_small member=hourly,generic
100,20,1901,2000,100,89,8,3,0.89,0.08,0.03,,,,,,0.21,electricity aggregate load_band_3 up_delta_small member=hourly,generic
100,21,2001,2100,100,90,7,3,0.9,0.07,0.03,,,,,,0.24,electricity aggregate load_band_3 up_delta_small member=hourly,generic
100,22,2101,2200,100,83,16,1,0.83,0.16,0.01,,,,,,0.31,electricity aggregate load_band_3 up_delta_small member=hourly,generic
100,23,2201,2300,100,89,11,0,0.89,0.11,0.0,,,,,,0.22,electricity aggregate load_band_3 up_delta_small member=hourly,generic
100,24,2301,2400,100,78,21,1,0.78,0.21,0.01,,,,,,0.18,electricity aggregate load_band_3 up_delta_small member=hourly,generic
100,25,2401,2500,100,84,16,0,0.84,0.16,0.0,,,,,,0.24,electricity aggregate load_band_3 up_delta_small member=hourly,generic
100,26,2501,2600,100,92,5,3,0.92,0.05,0.03,,,,,,0.17,electricity aggregate load_band_3 up_delta_small member=hourly,generic
100,27,2601,2700,100,86,13,1,0.86,0.13,0.01,,,,,,0.27,electricity aggregate load_band_3 up_delta_small member=hourly,generic
100,28,2701,2800,100,91,8,1,0.91,0.08,0.01,,,,,,0.23,electricity aggregate load_band_3 up_delta_small member=hourly,generic
100,29,2801,2900,100,93,4,3,0.93,0.04,0.03,,,,,,0.23,electricity aggregate load_band_3 up_delta_small member=hourly,generic
100,30,2901,3000,100,93,7,0,0.93,0.07,0.0,,,,,,0.25,electricity aggregate load_band_3 up_delta_small member=hourly,generic
100,31,3001,3100,100,88,5,7,0.88,0.05,0.07,,,,,,0.23,electricity aggregate load_band_3 up_delta_small member=hourly,generic
100,32,3101,3200,100,85,13,2,0.85,0.13,0.02,,,,,,0.17,electricity aggregate load_band_4 up_delta_small member=hourly,generic
100,33,3201,3300,100,87,13,0,0.87,0.13,0.0,,,,,,0.18,electricity aggregate load_band_4 down_delta_small member=hourly,generic
100,34,3301,3400,100,88,7,5,0.88,0.07,0.05,,,,,,0.13,electricity aggregate load_band_3 up_delta_small member=hourly,generic
100,35,3401,3500,100,87,11,2,0.87,0.11,0.02,,,,,,0.16,electricity aggregate load_band_4 up_delta_small member=hourly,generic
100,36,3501,3600,100,83,16,1,0.83,0.16,0.01,,,,,,0.21,electricity aggregate load_band_4 up_delta_small member=hourly,generic
100,37,3601,3700,100,90,9,1,0.9,0.09,0.01,,,,,,0.18,electricity aggregate load_band_4 down_delta_small member=hourly,generic
100,38,3701,3800,100,85,13,2,0.85,0.13,0.02,,,,,,0.14,electricity aggregate load_band_4 up_delta_small member=hourly,generic
100,39,3801,3900,100,83,16,1,0.83,0.16,0.01,,,,,,0.15,electricity aggregate load_band_4 down_delta_small member=hourly,generic
100,40,3901,4000,100,90,8,2,0.9,0.08,0.02,,,,,,0.17,electricity aggregate load_band_4 up_delta_small member=hourly,generic
100,41,4001,4100,100,92,3,5,0.92,0.03,0.05,,,,,,0.13,electricity aggregate load_band_4 up_delta_mid member=hourly,generic
100,42,4101,4200,100,85,12,3,0.85,0.12,0.03,,,,,,0.16,electricity aggregate load_band_4 up_delta_small member=hourly,generic
100,43,4201,4300,100,88,9,3,0.88,0.09,0.03,,,,,,0.13,electricity aggregate load_band_4 down_delta_small member=hourly,generic
100,44,4301,4400,100,91,5,4,0.91,0.05,0.04,,,,,,0.12,electricity aggregate load_band_1 up_delta_mid member=hourly,generic
100,45,4401,4500,100,93,6,1,0.93,0.06,0.01,,,,,,0.13,electricity aggregate load_band_1 up_delta_mid member=hourly,generic
100,46,4501,4600,100,93,6,1,0.93,0.06,0.01,,,,,,0.15,electricity aggregate load_band_4 up_delta_mid member=hourly,generic
100,47,4601,4700,100,89,9,2,0.89,0.09,0.02,,,,,,0.14,electricity aggregate load_band_4 up_delta_mid member=hourly,generic
100,48,4701,4800,100,89,9,2,0.89,0.09,0.02,,,,,,0.12,electricity aggregate load_band_4 down_delta_small member=hourly,generic
100,49,4801,4900,100,93,5,2,0.93,0.05,0.02,,,,,,0.12,electricity aggregate load_band_4 down_delta_mid member=hourly,generic
100,50,4901,5000,100,88,12,0,0.88,0.12,0.0,,,,,,0.16,electricity aggregate load_band_4 up_delta_small member=hourly,generic
100,51,5001,5100,100,89,10,1,0.89,0.1,0.01,,,,,,0.14,electricity aggregate load_band_4 up_delta_small member=hourly,generic
100,52,5101,5200,100,90,8,2,0.9,0.08,0.02,,,,,,0.2,electricity aggregate load_band_4 up_delta_mid member=hourly,generic
100,53,5201,5300,100,89,8,3,0.89,0.08,0.03,,,,,,0.15,electricity aggregate load_band_4 down_delta_mid member=hourly,generic
100,54,5301,5400,100,90,7,3,0.9,0.07,0.03,,,,,,0.17,electricity aggregate load_band_4 down_delta_mid member=hourly,generic
100,55,5401,5500,100,92,7,1,0.92,0.07,0.01,,,,,,0.2,electricity aggregate load_band_4 down_delta_small member=hourly,generic
100,56,5501,5600,100,91,8,1,0.91,0.08,0.01,,,,,,0.16,electricity aggregate load_band_4 up_delta_small member=hourly,generic
100,57,5601,5700,100,91,9,0,0.91,0.09,0.0,,,,,,0.15,electricity aggregate load_band_4 up_delta_mid member=hourly,generic
100,58,5701,5800,100,82,15,3,0.82,0.15,0.03,,,,,,0.14,electricity aggregate load_band_4 up_delta_small member=hourly,generic
100,59,5801,5900,100,87,10,3,0.87,0.1,0.03,,,,,,0.15,electricity aggregate load_band_4 up_delta_small member=hourly,generic
100,60,5901,6000,100,91,8,1,0.91,0.08,0.01,,,,,,0.14,electricity aggregate load_band_4 down_delta_small member=hourly,generic
100,61,6001,6100,100,89,9,2,0.89,0.09,0.02,,,,,,0.13,electricity aggregate load_band_4 up_delta_small member=hourly,generic
100,62,6101,6200,100,92,6,2,0.92,0.06,0.02,,,,,,0.14,electricity aggregate load_band_1 up_delta_mid member=hourly,generic
100,63,6201,6300,100,88,9,3,0.88,0.09,0.03,,,,,,0.17,electricity aggregate load_band_4 up_delta_small member=hourly,generic
100,64,6301,6400,100,96,0,4,0.96,0.0,0.04,,,,,,0.14,electricity aggregate load_band_4 up_delta_small member=hourly,generic
100,65,6401,6500,100,75,22,3,0.75,0.22,0.03,,,,,,0.16,electricity aggregate load_band_4 up_delta_small member=hourly,generic
100,66,6501,6600,100,84,13,3,0.84,0.13,0.03,,,,,,0.17,electricity aggregate load_band_4 up_delta_small member=hourly,generic
100,67,6601,6700,100,87,11,2,0.87,0.11,0.02,,,,,,0.19,electricity aggregate load_band_4 down_delta_small member=hourly,generic
100,68,6701,6800,100,91,8,1,0.91,0.08,0.01,,,,,,0.17,electricity aggregate load_band_4 down_delta_small member=hourly,generic
100,69,6801,6900,100,88,11,1,0.88,0.11,0.01,,,,,,0.17,electricity aggregate load_band_4 up_delta_small member=hourly,generic
100,70,6901,7000,100,81,18,1,0.81,0.18,0.01,,,,,,0.18,electricity aggregate load_band_3 up_delta_small member=hourly,generic
100,71,7001,7100,100,84,12,4,0.84,0.12,0.04,,,,,,0.2,electricity aggregate load_band_3 up_delta_small member=hourly,generic
100,72,7101,7200,100,90,7,3,0.9,0.07,0.03,,,,,,0.16,electricity aggregate load_band_3 down_delta_small member=hourly,generic
100,73,7201,7300,100,85,10,5,0.85,0.1,0.05,,,,,,0.2,electricity aggregate load_band_3 down_delta_small member=hourly,generic
100,74,7301,7400,100,76,19,5,0.76,0.19,0.05,,,,,,0.15,electricity aggregate load_band_3 up_delta_small member=hourly,generic
100,75,7401,7500,100,91,7,2,0.91,0.07,0.02,,,,,,0.13,electricity aggregate load_band_3 down_delta_small member=hourly,generic
100,76,7501,7600,100,86,14,0,0.86,0.14,0.0,,,,,,0.17,electricity aggregate load_band_3 down_delta_small member=hourly,generic
100,77,7601,7700,100,89,8,3,0.89,0.08,0.03,,,,,,0.14,electricity aggregate load_band_3 up_delta_small member=hourly,generic
100,78,7701,7800,100,93,6,1,0.93,0.06,0.01,,,,,,0.12,electricity aggregate load_band_3 down_delta_small member=hourly,generic
100,79,7801,7900,100,88,10,2,0.88,0.1,0.02,,,,,,0.12,electricity aggregate load_band_3 up_delta_small member=hourly,generic
100,80,7901,8000,100,94,4,2,0.94,0.04,0.02,,,,,,0.11,electricity aggregate load_band_3 down_delta_small member=hourly,generic
100,81,8001,8100,100,94,4,2,0.94,0.04,0.02,,,,,,0.16,electricity aggregate load_band_2 up_delta_small member=hourly,generic
100,82,8101,8200,100,93,7,0,0.93,0.07,0.0,,,,,,0.12,electricity aggregate load_band_2 up_delta_small member=hourly,generic
100,83,8201,8300,100,91,8,1,0.91,0.08,0.01,,,,,,0.1,electricity aggregate load_band_3 up_delta_small member=hourly,generic
100,84,8301,8400,100,90,7,3,0.9,0.07,0.03,,,,,,0.16,electricity aggregate load_band_3 down_delta_small member=hourly,generic
100,85,8401,8500,100,90,8,2,0.9,0.08,0.02,,,,,,0.14,electricity aggregate load_band_0 down_delta_small member=hourly,generic
100,86,8501,8600,100,88,12,0,0.88,0.12,0.0,,,,,,0.19,electricity aggregate load_band_3 down_delta_small member=hourly,generic
100,87,8601,8700,100,87,12,1,0.87,0.12,0.01,,,,,,0.12,electricity aggregate load_band_1 up_delta_mid member=hourly,generic
100,88,8701,8800,100,84,14,2,0.84,0.14,0.02,,,,,,0.15,electricity aggregate load_band_3 down_delta_small member=hourly,generic
100,89,8801,8900,100,89,10,1,0.89,0.1,0.01,,,,,,0.17,electricity aggregate load_band_2 up_delta_small member=hourly,generic
100,90,8901,9000,100,88,12,0,0.88,0.12,0.0,,,,,,0.13,electricity aggregate load_band_2 up_delta_small member=hourly,generic
100,91,9001,9100,100,91,8,1,0.91,0.08,0.01,,,,,,0.14,electricity aggregate load_band_0 down_delta_small member=hourly,generic
100,92,9101,9200,100,94,5,1,0.94,0.05,0.01,,,,,,0.21,electricity aggregate load_band_2 up_delta_small member=hourly,generic
100,93,9201,9300,100,96,3,1,0.96,0.03,0.01,,,,,,0.13,electricity aggregate load_band_2 down_delta_small member=hourly,generic
100,94,9301,9400,100,91,9,0,0.91,0.09,0.0,,,,,,0.2,electricity aggregate load_band_2 up_delta_small member=hourly,generic
100,95,9401,9500,100,91,8,1,0.91,0.08,0.01,,,,,,0.15,electricity aggregate load_band_2 up_delta_small member=hourly,generic
100,96,9501,9600,100,89,10,1,0.89,0.1,0.01,,,,,,0.14,electricity aggregate load_band_2 up_delta_small member=hourly,generic
100,97,9601,9700,100,94,4,2,0.94,0.04,0.02,,,,,,0.25,electricity aggregate load_band_2 up_delta_small member=hourly,generic
100,98,9701,9800,100,90,9,1,0.9,0.09,0.01,,,,,,0.24,electricity aggregate load_band_2 up_delta_small member=hourly,generic
100,99,9801,9900,100,94,5,1,0.94,0.05,0.01,,,,,,0.24,electricity aggregate load_band_2 up_delta_small member=hourly,generic
100,100,9901,10000,100,91,8,1,0.91,0.08,0.01,,,,,,0.23,electricity aggregate load_band_2 up_delta_small member=hourly,generic
100,101,10001,10100,100,91,7,2,0.91,0.07,0.02,,,,,,0.2,electricity aggregate load_band_2 up_delta_small member=hourly,generic
100,102,10101,10200,100,98,2,0,0.98,0.02,0.0,,,,,,0.2,electricity aggregate load_band_2 up_delta_small member=hourly,generic
100,103,10201,10300,100,87,11,2,0.87,0.11,0.02,,,,,,0.19,electricity aggregate load_band_2 up_delta_small member=hourly,generic
100,104,10301,10400,100,95,5,0,0.95,0.05,0.0,,,,,,0.17,electricity aggregate load_band_2 up_delta_small member=hourly,generic
100,105,10401,10500,100,88,11,1,0.88,0.11,0.01,,,,,,0.19,electricity aggregate load_band_2 up_delta_small member=hourly,generic
100,106,10501,10600,100,91,7,2,0.91,0.07,0.02,,,,,,0.19,electricity aggregate load_band_2 down_delta_small member=hourly,generic
100,107,10601,10700,100,93,5,2,0.93,0.05,0.02,,,,,,0.22,electricity aggregate load_band_2 up_delta_small member=hourly,generic
100,108,10701,10800,100,85,15,0,0.85,0.15,0.0,,,,,,0.17,electricity aggregate load_band_2 down_delta_small member=hourly,generic
100,109,10801,10900,100,92,8,0,0.92,0.08,0.0,,,,,,0.15,electricity aggregate load_band_3 up_delta_small member=hourly,generic
100,110,10901,11000,100,83,12,5,0.83,0.12,0.05,,,,,,0.18,electricity aggregate load_band_2 down_delta_small member=hourly,generic
100,111,11001,11100,100,95,4,1,0.95,0.04,0.01,,,,,,0.26,electricity aggregate load_band_2 up_delta_small member=hourly,generic
100,112,11101,11200,100,94,5,1,0.94,0.05,0.01,,,,,,0.27,electricity aggregate load_band_2 up_delta_small member=hourly,generic
100,113,11201,11300,100,87,13,0,0.87,0.13,0.0,,,,,,0.12,electricity aggregate load_band_0 down_delta_small member=hourly,generic
100,114,11301,11400,100,92,5,3,0.92,0.05,0.03,,,,,,0.19,electricity aggregate load_band_3 down_delta_small member=hourly,generic
100,115,11401,11500,100,87,13,0,0.87,0.13,0.0,,,,,,0.21,electricity aggregate load_band_3 down_delta_small member=hourly,generic
100,116,11501,11600,100,90,6,4,0.9,0.06,0.04,,,,,,0.17,electricity aggregate load_band_3 up_delta_small member=hourly,generic
100,117,11601,11700,100,89,11,0,0.89,0.11,0.0,,,,,,0.3,electricity aggregate load_band_2 up_delta_small member=hourly,generic
100,118,11701,11800,100,86,11,3,0.86,0.11,0.03,,,,,,0.17,electricity aggregate load_band_3 down_delta_small member=hourly,generic
100,119,11801,11900,100,89,8,3,0.89,0.08,0.03,,,,,,0.19,electricity aggregate load_band_3 down_delta_small member=hourly,generic
100,120,11901,12000,100,84,14,2,0.84,0.14,0.02,,,,,,0.18,electricity aggregate load_band_3 down_delta_small member=hourly,generic
100,121,12001,12100,100,100,0,0,1.0,0.0,0.0,,,,,,0.14,electricity aggregate load_band_0 down_delta_small member=hourly,generic
100,122,12101,12200,100,85,14,1,0.85,0.14,0.01,,,,,,0.14,electricity aggregate load_band_2 up_delta_small member=hourly,generic
100,123,12201,12300,100,91,7,2,0.91,0.07,0.02,,,,,,0.18,electricity aggregate load_band_3 up_delta_small member=hourly,generic
100,124,12301,12400,100,94,3,3,0.94,0.03,0.03,,,,,,0.24,electricity aggregate load_band_3 up_delta_small member=hourly,generic
100,125,12401,12500,100,90,8,2,0.9,0.08,0.02,,,,,,0.12,electricity aggregate load_band_3 down_delta_small member=hourly,generic
100,126,12501,12600,100,85,11,4,0.85,0.11,0.04,,,,,,0.19,electricity aggregate load_band_3 down_delta_small member=hourly,generic
100,127,12601,12700,100,79,16,5,0.79,0.16,0.05,,,,,,0.12,electricity aggregate load_band_0 down_delta_small member=hourly,generic
100,128,12701,12800,100,93,6,1,0.93,0.06,0.01,,,,,,0.12,electricity aggregate load_band_4 up_delta_mid member=hourly,generic
100,129,12801,12900,100,89,7,4,0.89,0.07,0.04,,,,,,0.15,electricity aggregate load_band_3 down_delta_small member=hourly,generic
100,130,12901,13000,100,84,14,2,0.84,0.14,0.02,,,,,,0.16,electricity aggregate load_band_4 up_delta_small member=hourly,generic
100,131,13001,13100,100,93,6,1,0.93,0.06,0.01,,,,,,0.19,electricity aggregate load_band_4 down_delta_mid member=hourly,generic
100,132,13101,13200,100,93,5,2,0.93,0.05,0.02,,,,,,0.19,electricity aggregate load_band_4 down_delta_mid member=hourly,generic
100,133,13201,13300,100,85,14,1,0.85,0.14,0.01,,,,,,0.18,electricity aggregate load_band_4 up_delta_small member=hourly,generic
100,134,13301,13400,100,92,6,2,0.92,0.06,0.02,,,,,,0.14,electricity aggregate load_band_4 up_delta_small member=hourly,generic
100,135,13401,13500,100,91,5,4,0.91,0.05,0.04,,,,,,0.19,electricity aggregate load_band_4 up_delta_small member=hourly,generic
100,136,13501,13600,100,93,6,1,0.93,0.06,0.01,,,,,,0.2,electricity aggregate load_band_4 up_delta_small member=hourly,generic
100,137,13601,13700,100,93,6,1,0.93,0.06,0.01,,,,,,0.17,electricity aggregate load_band_4 up_delta_small member=hourly,generic
100,138,13701,13800,100,97,0,3,0.97,0.0,0.03,,,,,,0.18,electricity aggregate load_band_4 up_delta_small member=hourly,generic
100,139,13801,13900,100,93,5,2,0.93,0.05,0.02,,,,,,0.16,electricity aggregate load_band_4 up_delta_small member=hourly,generic
100,140,13901,14000,100,88,9,3,0.88,0.09,0.03,,,,,,0.14,electricity aggregate load_band_1 up_delta_mid member=hourly,generic
100,141,14001,14100,100,87,11,2,0.87,0.11,0.02,,,,,,0.16,electricity aggregate load_band_4 up_delta_mid member=hourly,generic
100,142,14101,14200,100,89,11,0,0.89,0.11,0.0,,,,,,0.18,electricity aggregate load_band_4 up_delta_small member=hourly,generic
100,143,14201,14300,100,91,9,0,0.91,0.09,0.0,,,,,,0.16,electricity aggregate load_band_4 up_delta_small member=hourly,generic
100,144,14301,14400,100,89,8,3,0.89,0.08,0.03,,,,,,0.13,electricity aggregate load_band_4 down_delta_small member=hourly,generic
100,145,14401,14500,100,95,2,3,0.95,0.02,0.03,,,,,,0.14,electricity aggregate load_band_4 down_delta_mid member=hourly,generic
100,146,14501,14600,100,98,0,2,0.98,0.0,0.02,,,,,,0.14,electricity aggregate load_band_1 up_delta_mid member=hourly,generic
100,147,14601,14700,100,95,4,1,0.95,0.04,0.01,,,,,,0.16,electricity aggregate load_band_4 down_delta_small member=hourly,generic
100,148,14701,14800,100,91,3,6,0.91,0.03,0.06,,,,,,0.21,electricity aggregate load_band_4 up_delta_small member=hourly,generic
100,149,14801,14900,100,90,8,2,0.9,0.08,0.02,,,,,,0.18,electricity aggregate load_band_4 up_delta_small member=hourly,generic
100,150,14901,15000,100,88,9,3,0.88,0.09,0.03,,,,,,0.16,electricity aggregate load_band_4 up_delta_small member=hourly,generic
100,151,15001,15100,100,88,11,1,0.88,0.11,0.01,,,,,,0.13,electricity aggregate load_band_4 up_delta_mid member=hourly,generic
100,152,15101,15200,100,89,7,4,0.89,0.07,0.04,,,,,,0.16,electricity aggregate load_band_4 up_delta_small member=hourly,generic
100,153,15201,15300,100,94,4,2,0.94,0.04,0.02,,,,,,0.2,electricity aggregate load_band_4 down_delta_small member=hourly,generic
100,154,15301,15400,100,90,10,0,0.9,0.1,0.0,,,,,,0.23,electricity aggregate load_band_4 up_delta_small member=hourly,generic
100,155,15401,15500,100,85,11,4,0.85,0.11,0.04,,,,,,0.2,electricity aggregate load_band_4 up_delta_small member=hourly,generic
100,156,15501,15600,100,96,3,1,0.96,0.03,0.01,,,,,,0.21,electricity aggregate load_band_4 up_delta_small member=hourly,generic
100,157,15601,15700,100,94,2,4,0.94,0.02,0.04,,,,,,0.13,electricity aggregate load_band_3 up_delta_small member=hourly,generic
100,158,15701,15800,100,94,3,3,0.94,0.03,0.03,,,,,,0.15,electricity aggregate load_band_4 up_delta_small member=hourly,generic
100,159,15801,15900,100,95,4,1,0.95,0.04,0.01,,,,,,0.16,electricity aggregate load_band_3 down_delta_small member=hourly,generic
100,160,15901,16000,100,87,11,2,0.87,0.11,0.02,,,,,,0.2,electricity aggregate load_band_3 up_delta_small member=hourly,generic
100,161,16001,16100,100,92,8,0,0.92,0.08,0.0,,,,,,0.19,electricity aggregate load_band_3 up_delta_small member=hourly,generic
100,162,16101,16200,100,92,7,1,0.92,0.07,0.01,,,,,,0.18,electricity aggregate load_band_3 up_delta_small member=hourly,generic
100,163,16201,16300,100,91,7,2,0.91,0.07,0.02,,,,,,0.2,electricity aggregate load_band_3 up_delta_small member=hourly,generic
100,164,16301,16400,100,96,2,2,0.96,0.02,0.02,,,,,,0.19,electricity aggregate load_band_3 up_delta_small member=hourly,generic
100,165,16401,16500,100,94,3,3,0.94,0.03,0.03,,,,,,0.12,electricity aggregate load_band_0 down_delta_small member=hourly,generic
100,166,16501,16600,100,100,0,0,1.0,0.0,0.0,,,,,,0.18,electricity aggregate load_band_2 up_delta_small member=hourly,generic
100,167,16601,16700,100,98,0,2,0.98,0.0,0.02,,,,,,0.14,electricity aggregate load_band_2 up_delta_small member=hourly,generic
100,168,16701,16800,100,100,0,0,1.0,0.0,0.0,,,,,,0.16,electricity aggregate load_band_2 up_delta_small member=hourly,generic
100,169,16801,16900,100,97,2,1,0.97,0.02,0.01,,,,,,0.14,electricity aggregate load_band_2 up_delta_small member=hourly,generic
100,170,16901,17000,100,93,4,3,0.93,0.04,0.03,,,,,,0.14,electricity aggregate load_band_2 up_delta_small member=hourly,generic
100,171,17001,17100,100,95,5,0,0.95,0.05,0.0,,,,,,0.14,electricity aggregate load_band_2 up_delta_small member=hourly,generic
100,172,17101,17200,100,97,2,1,0.97,0.02,0.01,,,,,,0.17,electricity aggregate load_band_3 up_delta_small member=hourly,generic
100,173,17201,17300,100,78,21,1,0.78,0.21,0.01,,,,,,0.2,electricity aggregate load_band_3 up_delta_small member=hourly,generic
100,174,17301,17400,100,82,17,1,0.82,0.17,0.01,,,,,,0.15,electricity aggregate load_band_3 up_delta_small member=hourly,generic
100,175,17401,17500,100,78,22,0,0.78,0.22,0.0,,,,,,0.13,electricity aggregate load_band_0 down_delta_small member=hourly,generic
100,176,17501,17600,100,86,12,2,0.86,0.12,0.02,,,,,,0.15,electricity aggregate load_band_0 down_delta_small member=hourly,generic
100,177,17601,17700,100,94,4,2,0.94,0.04,0.02,,,,,,0.16,electricity aggregate load_band_3 up_delta_small member=hourly,generic
100,178,17701,17800,100,97,3,0,0.97,0.03,0.0,,,,,,0.13,electricity aggregate load_band_2 up_delta_small member=hourly,generic
100,179,17801,17900,100,99,0,1,0.99,0.0,0.01,,,,,,0.15,electricity aggregate load_band_2 up_delta_small member=hourly,generic
100,180,17901,18000,100,99,0,1,0.99,0.0,0.01,,,,,,0.15,electricity aggregate load_band_2 up_delta_small member=hourly,generic
100,181,18001,18100,100,96,3,1,0.96,0.03,0.01,,,,,,0.15,electricity aggregate load_band_2 up_delta_small member=hourly,generic
100,182,18101,18200,100,95,3,2,0.95,0.03,0.02,,,,,,0.12,electricity aggregate load_band_0 down_delta_small member=hourly,generic
100,183,18201,18300,100,99,0,1,0.99,0.0,0.01,,,,,,0.17,electricity aggregate load_band_2 up_delta_small member=hourly,generic
100,184,18301,18400,100,96,2,2,0.96,0.02,0.02,,,,,,0.18,electricity aggregate load_band_2 up_delta_small member=hourly,generic
100,185,18401,18500,100,96,3,1,0.96,0.03,0.01,,,,,,0.17,electricity aggregate load_band_3 up_delta_small member=hourly,generic
100,186,18501,18600,100,94,5,1,0.94,0.05,0.01,,,,,,0.21,electricity aggregate load_band_2 up_delta_small member=hourly,generic
100,187,18601,18700,100,90,7,3,0.9,0.07,0.03,,,,,,0.15,electricity aggregate load_band_2 up_delta_small member=hourly,generic
100,188,18701,18800,100,96,2,2,0.96,0.02,0.02,,,,,,0.23,electricity aggregate load_band_2 up_delta_small member=hourly,generic
100,189,18801,18900,100,93,5,2,0.93,0.05,0.02,,,,,,0.19,electricity aggregate load_band_2 up_delta_small member=hourly,generic
100,190,18901,19000,100,88,9,3,0.88,0.09,0.03,,,,,,0.19,electricity aggregate load_band_2 up_delta_small member=hourly,generic
100,191,19001,19100,100,99,0,1,0.99,0.0,0.01,,,,,,0.22,electricity aggregate load_band_2 up_delta_small member=hourly,generic
100,192,19101,19200,100,90,8,2,0.9,0.08,0.02,,,,,,0.2,electricity aggregate load_band_2 up_delta_small member=hourly,generic
100,193,19201,19300,100,92,7,1,0.92,0.07,0.01,,,,,,0.17,electricity aggregate load_band_2 up_delta_small member=hourly,generic
100,194,19301,19400,100,90,8,2,0.9,0.08,0.02,,,,,,0.12,electricity aggregate load_band_0 down_delta_small member=hourly,generic
100,195,19401,19500,100,92,5,3,0.92,0.05,0.03,,,,,,0.22,electricity aggregate load_band_2 up_delta_small member=hourly,generic
100,196,19501,19600,100,93,5,2,0.93,0.05,0.02,,,,,,0.21,electricity aggregate load_band_2 up_delta_small member=hourly,generic
100,197,19601,19700,100,85,12,3,0.85,0.12,0.03,,,,,,0.25,electricity aggregate load_band_2 up_delta_small member=hourly,generic
100,198,19701,19800,100,93,5,2,0.93,0.05,0.02,,,,,,0.23,electricity aggregate load_band_2 up_delta_small member=hourly,generic
100,199,19801,19900,100,83,14,3,0.83,0.14,0.03,,,,,,0.14,electricity aggregate load_band_3 up_delta_small member=hourly,generic
100,200,19901,20000,100,95,3,2,0.95,0.03,0.02,,,,,,0.18,electricity aggregate load_band_3 up_delta_small member=hourly,generic
100,201,20001,20100,100,91,8,1,0.91,0.08,0.01,,,,,,0.17,electricity aggregate load_band_3 up_delta_small member=hourly,generic
100,202,20101,20200,100,87,11,2,0.87,0.11,0.02,,,,,,0.15,electricity aggregate load_band_3 down_delta_small member=hourly,generic
100,203,20201,20300,100,92,5,3,0.92,0.05,0.03,,,,,,0.2,electricity aggregate load_band_3 up_delta_small member=hourly,generic
100,204,20301,20400,100,91,6,3,0.91,0.06,0.03,,,,,,0.17,electricity aggregate load_band_3 down_delta_small member=hourly,generic
100,205,20401,20500,100,86,11,3,0.86,0.11,0.03,,,,,,0.14,electricity aggregate load_band_0 down_delta_small member=hourly,generic
100,206,20501,20600,100,90,8,2,0.9,0.08,0.02,,,,,,0.14,electricity aggregate load_band_4 up_delta_small member=hourly,generic
100,207,20601,20700,100,84,14,2,0.84,0.14,0.02,,,,,,0.14,electricity aggregate load_band_4 up_delta_small member=hourly,generic
100,208,20701,20800,100,93,5,2,0.93,0.05,0.02,,,,,,0.13,electricity aggregate load_band_4 up_delta_small member=hourly,generic
100,209,20801,20900,100,88,7,5,0.88,0.07,0.05,,,,,,0.11,electricity aggregate load_band_3 down_delta_small member=hourly,generic
100,210,20901,21000,100,93,4,3,0.93,0.04,0.03,,,,,,0.24,electricity aggregate load_band_3 up_delta_small member=hourly,generic
100,211,21001,21100,100,94,4,2,0.94,0.04,0.02,,,,,,0.22,electricity aggregate load_band_3 up_delta_small member=hourly,generic
100,212,21101,21200,100,94,3,3,0.94,0.03,0.03,,,,,,0.14,electricity aggregate load_band_3 up_delta_small member=hourly,generic
100,213,21201,21300,100,87,13,0,0.87,0.13,0.0,,,,,,0.19,electricity aggregate load_band_3 down_delta_small member=hourly,generic
100,214,21301,21400,100,91,8,1,0.91,0.08,0.01,,,,,,0.21,electricity aggregate load_band_3 up_delta_small member=hourly,generic
100,215,21401,21500,100,84,13,3,0.84,0.13,0.03,,,,,,0.18,electricity aggregate load_band_4 up_delta_small member=hourly,generic
100,216,21501,21600,100,85,13,2,0.85,0.13,0.02,,,,,,0.14,electricity aggregate load_band_4 up_delta_small member=hourly,generic
100,217,21601,21700,100,82,16,2,0.82,0.16,0.02,,,,,,0.18,electricity aggregate load_band_4 up_delta_small member=hourly,generic
100,218,21701,21800,100,92,6,2,0.92,0.06,0.02,,,,,,0.18,electricity aggregate load_band_4 up_delta_small member=hourly,generic
100,219,21801,21900,100,93,2,5,0.93,0.02,0.05,,,,,,0.14,electricity aggregate load_band_4 up_delta_small member=hourly,generic
100,220,21901,22000,100,91,8,1,0.91,0.08,0.01,,,,,,0.16,electricity aggregate load_band_4 up_delta_small member=hourly,generic
100,221,22001,22100,100,89,5,6,0.89,0.05,0.06,,,,,,0.15,electricity aggregate load_band_4 up_delta_small member=hourly,generic
100,222,22101,22200,100,98,0,2,0.98,0.0,0.02,,,,,,0.15,electricity aggregate load_band_4 down_delta_mid member=hourly,generic
100,223,22201,22300,100,90,9,1,0.9,0.09,0.01,,,,,,0.13,electricity aggregate load_band_4 down_delta_mid member=hourly,generic
100,224,22301,22400,100,94,3,3,0.94,0.03,0.03,,,,,,0.18,electricity aggregate load_band_4 up_delta_small member=hourly,generic
100,225,22401,22500,100,91,8,1,0.91,0.08,0.01,,,,,,0.15,electricity aggregate load_band_4 down_delta_mid member=hourly,generic
100,226,22501,22600,100,89,7,4,0.89,0.07,0.04,,,,,,0.15,electricity aggregate load_band_4 up_delta_small member=hourly,generic
100,227,22601,22700,100,95,4,1,0.95,0.04,0.01,,,,,,0.16,electricity aggregate load_band_4 up_delta_small member=hourly,generic
100,228,22701,22800,100,83,16,1,0.83,0.16,0.01,,,,,,0.17,electricity aggregate load_band_4 up_delta_mid member=hourly,generic
100,229,22801,22900,100,88,12,0,0.88,0.12,0.0,,,,,,0.13,electricity aggregate load_band_4 up_delta_small member=hourly,generic
100,230,22901,23000,100,90,9,1,0.9,0.09,0.01,,,,,,0.16,electricity aggregate load_band_4 down_delta_mid member=hourly,generic
100,231,23001,23100,100,93,6,1,0.93,0.06,0.01,,,,,,0.14,electricity aggregate load_band_4 down_delta_mid member=hourly,generic
100,232,23101,23200,100,88,10,2,0.88,0.1,0.02,,,,,,0.16,electricity aggregate load_band_4 up_delta_small member=hourly,generic
100,233,23201,23300,100,85,13,2,0.85,0.13,0.02,,,,,,0.14,electricity aggregate load_band_4 up_delta_small member=hourly,generic
100,234,23301,23400,100,95,3,2,0.95,0.03,0.02,,,,,,0.14,electricity aggregate load_band_4 down_delta_mid member=hourly,generic
100,235,23401,23500,100,85,12,3,0.85,0.12,0.03,,,,,,0.13,electricity aggregate load_band_0 down_delta_small member=hourly,generic
100,236,23501,23600,100,98,0,2,0.98,0.0,0.02,,,,,,0.17,electricity aggregate load_band_4 down_delta_small member=hourly,generic
100,237,23601,23700,100,85,11,4,0.85,0.11,0.04,,,,,,0.17,electricity aggregate load_band_4 down_delta_small member=hourly,generic
100,238,23701,23800,100,85,13,2,0.85,0.13,0.02,,,,,,0.18,electricity aggregate load_band_4 down_delta_small member=hourly,generic
100,239,23801,23900,100,86,12,2,0.86,0.12,0.02,,,,,,0.21,electricity aggregate load_band_4 up_delta_small member=hourly,generic
100,240,23901,24000,100,92,4,4,0.92,0.04,0.04,,,,,,0.28,electricity aggregate load_band_4 up_delta_small member=hourly,generic
100,241,24001,24100,100,87,8,5,0.87,0.08,0.05,,,,,,0.18,electricity aggregate load_band_4 down_delta_small member=hourly,generic
100,242,24101,24200,100,84,15,1,0.84,0.15,0.01,,,,,,0.14,electricity aggregate load_band_1 up_delta_mid member=hourly,generic
100,243,24201,24300,100,82,15,3,0.82,0.15,0.03,,,,,,0.22,electricity aggregate load_band_4 up_delta_small member=hourly,generic
100,244,24301,24400,100,85,6,9,0.85,0.06,0.09,,,,,,0.12,electricity aggregate load_band_4 up_delta_small member=hourly,generic
100,245,24401,24500,100,91,8,1,0.91,0.08,0.01,,,,,,0.12,electricity aggregate load_band_1 up_delta_mid member=hourly,generic
100,246,24501,24600,100,87,13,0,0.87,0.13,0.0,,,,,,0.16,electricity aggregate load_band_4 down_delta_small member=hourly,generic
100,247,24601,24700,100,86,10,4,0.86,0.1,0.04,,,,,,0.16,electricity aggregate load_band_4 up_delta_small member=hourly,generic
100,248,24701,24800,100,82,13,5,0.82,0.13,0.05,,,,,,0.13,electricity aggregate load_band_1 up_delta_mid member=hourly,generic
100,249,24801,24900,100,86,13,1,0.86,0.13,0.01,,,,,,0.11,electricity aggregate load_band_1 up_delta_mid member=hourly,generic
100,250,24901,25000,100,90,8,2,0.9,0.08,0.02,,,,,,0.14,electricity aggregate load_band_2 up_delta_small member=hourly,generic
100,251,25001,25100,100,89,10,1,0.89,0.1,0.01,,,,,,0.11,electricity aggregate load_band_2 up_delta_small member=hourly,generic
100,252,25101,25200,100,81,16,3,0.81,0.16,0.03,,,,,,0.16,electricity aggregate load_band_3 up_delta_small member=hourly,generic
100,253,25201,25300,100,90,10,0,0.9,0.1,0.0,,,,,,0.13,electricity aggregate load_band_2 up_delta_small member=hourly,generic
100,254,25301,25400,100,84,15,1,0.84,0.15,0.01,,,,,,0.18,electricity aggregate load_band_3 up_delta_small member=hourly,generic
100,255,25401,25500,100,94,6,0,0.94,0.06,0.0,,,,,,0.14,electricity aggregate load_band_2 up_delta_small member=hourly,generic
100,256,25501,25600,100,93,5,2,0.93,0.05,0.02,,,,,,0.16,electricity aggregate load_band_2 up_delta_small member=hourly,generic
100,257,25601,25700,100,93,6,1,0.93,0.06,0.01,,,,,,0.16,electricity aggregate load_band_2 down_delta_small member=hourly,generic
100,258,25701,25800,100,84,16,0,0.84,0.16,0.0,,,,,,0.15,electricity aggregate load_band_2 up_delta_small member=hourly,generic
100,259,25801,25900,100,90,9,1,0.9,0.09,0.01,,,,,,0.17,electricity aggregate load_band_2 up_delta_small member=hourly,generic
100,260,25901,26000,100,90,10,0,0.9,0.1,0.0,,,,,,0.18,electricity aggregate load_band_2 up_delta_small member=hourly,generic
100,261,26001,26100,100,96,2,2,0.96,0.02,0.02,,,,,,0.15,electricity aggregate load_band_2 up_delta_small member=hourly,generic
100,262,26101,26200,100,87,9,4,0.87,0.09,0.04,,,,,,0.15,electricity aggregate load_band_0 up_delta_small member=hourly,generic
100,263,26201,26300,100,95,4,1,0.95,0.04,0.01,,,,,,0.18,electricity aggregate load_band_2 up_delta_small member=hourly,generic
100,264,26301,26304,4,0,2,2,0.0,0.5,0.5,,,,,,0.5,electricity aggregate load_band_1 down_delta_mid member=hourly,generic
125,1,1,125,125,115,9,1,0.92,0.072,0.008,,,,,,0.152,electricity aggregate load_band_0 down_delta_small member=hourly,generic
125,2,126,250,125,115,10,0,0.92,0.08,0.0,,,,,,0.176,electricity aggregate load_band_3 up_delta_small member=hourly,generic
125,3,251,375,125,118,3,4,0.944,0.024,0.032,,,,,,0.16,electricity aggregate load_band_3 up_delta_small member=hourly,generic
125,4,376,500,125,111,13,1,0.888,0.104,0.008,,,,,,0.208,electricity aggregate load_band_3 up_delta_small member=hourly,generic
125,5,501,625,125,118,5,2,0.944,0.04,0.016,,,,,,0.16,electricity aggregate load_band_3 up_delta_small member=hourly,generic
125,6,626,750,125,116,7,2,0.928,0.056,0.016,,,,,,0.2,electricity aggregate load_band_3 up_delta_small member=hourly,generic
125,7,751,875,125,119,5,1,0.952,0.04,0.008,,,,,,0.152,electricity aggregate load_band_3 up_delta_small member=hourly,generic
125,8,876,1000,125,125,0,0,1.0,0.0,0.0,,,,,,0.224,electricity aggregate load_band_3 up_delta_small member=hourly,generic
125,9,1001,1125,125,120,3,2,0.96,0.024,0.016,,,,,,0.136,electricity aggregate load_band_3 up_delta_small member=hourly,generic
125,10,1126,1250,125,113,10,2,0.904,0.08,0.016,,,,,,0.12,electricity aggregate load_band_3 up_delta_small member=hourly,generic
125,11,1251,1375,125,115,9,1,0.92,0.072,0.008,,,,,,0.192,electricity aggregate load_band_3 up_delta_small member=hourly,generic
125,12,1376,1500,125,120,3,2,0.96,0.024,0.016,,,,,,0.192,electricity aggregate load_band_3 up_delta_small member=hourly,generic
125,13,1501,1625,125,114,9,2,0.912,0.072,0.016,,,,,,0.24,electricity aggregate load_band_3 up_delta_small member=hourly,generic
125,14,1626,1750,125,116,9,0,0.928,0.072,0.0,,,,,,0.216,electricity aggregate load_band_3 up_delta_small member=hourly,generic
125,15,1751,1875,125,124,0,1,0.992,0.0,0.008,,,,,,0.168,electricity aggregate load_band_3 up_delta_small member=hourly,generic
125,16,1876,2000,125,117,6,2,0.936,0.048,0.016,,,,,,0.192,electricity aggregate load_band_3 up_delta_small member=hourly,generic
125,17,2001,2125,125,117,5,3,0.936,0.04,0.024,,,,,,0.248,electricity aggregate load_band_3 up_delta_small member=hourly,generic
125,18,2126,2250,125,114,10,1,0.912,0.08,0.008,,,,,,0.264,electricity aggregate load_band_3 up_delta_small member=hourly,generic
125,19,2251,2375,125,117,6,2,0.936,0.048,0.016,,,,,,0.208,electricity aggregate load_band_3 up_delta_small member=hourly,generic
125,20,2376,2500,125,115,10,0,0.92,0.08,0.0,,,,,,0.232,electricity aggregate load_band_3 up_delta_small member=hourly,generic
125,21,2501,2625,125,117,7,1,0.936,0.056,0.008,,,,,,0.176,electricity aggregate load_band_3 up_delta_small member=hourly,generic
125,22,2626,2750,125,116,7,2,0.928,0.056,0.016,,,,,,0.272,electricity aggregate load_band_3 up_delta_small member=hourly,generic
125,23,2751,2875,125,117,5,3,0.936,0.04,0.024,,,,,,0.216,electricity aggregate load_band_3 up_delta_small member=hourly,generic
125,24,2876,3000,125,117,7,1,0.936,0.056,0.008,,,,,,0.256,electricity aggregate load_band_3 up_delta_small member=hourly,generic
125,25,3001,3125,125,108,10,7,0.864,0.08,0.056,,,,,,0.184,electricity aggregate load_band_3 up_delta_small member=hourly,generic
125,26,3126,3250,125,114,10,1,0.912,0.08,0.008,,,,,,0.144,electricity aggregate load_band_4 up_delta_small member=hourly,generic
125,27,3251,3375,125,114,7,4,0.912,0.056,0.032,,,,,,0.144,electricity aggregate load_band_4 down_delta_small member=hourly,generic
125,28,3376,3500,125,115,6,4,0.92,0.048,0.032,,,,,,0.128,electricity aggregate load_band_4 up_delta_small member=hourly,generic
125,29,3501,3625,125,110,13,2,0.88,0.104,0.016,,,,,,0.192,electricity aggregate load_band_4 up_delta_small member=hourly,generic
125,30,3626,3750,125,115,6,4,0.92,0.048,0.032,,,,,,0.12,electricity aggregate load_band_4 up_delta_small member=hourly,generic
125,31,3751,3875,125,117,6,2,0.936,0.048,0.016,,,,,,0.16,electricity aggregate load_band_4 up_delta_small member=hourly,generic
125,32,3876,4000,125,115,7,3,0.92,0.056,0.024,,,,,,0.168,electricity aggregate load_band_4 up_delta_small member=hourly,generic
125,33,4001,4125,125,116,6,3,0.928,0.048,0.024,,,,,,0.136,electricity aggregate load_band_4 down_delta_small member=hourly,generic
125,34,4126,4250,125,113,9,3,0.904,0.072,0.024,,,,,,0.152,electricity aggregate load_band_4 up_delta_small member=hourly,generic
125,35,4251,4375,125,112,11,2,0.896,0.088,0.016,,,,,,0.152,electricity aggregate load_band_4 down_delta_mid member=hourly,generic
125,36,4376,4500,125,119,5,1,0.952,0.04,0.008,,,,,,0.128,electricity aggregate load_band_1 up_delta_mid member=hourly,generic
125,37,4501,4625,125,120,3,2,0.96,0.024,0.016,,,,,,0.16,electricity aggregate load_band_4 up_delta_mid member=hourly,generic
125,38,4626,4750,125,115,10,0,0.92,0.08,0.0,,,,,,0.136,electricity aggregate load_band_4 down_delta_mid member=hourly,generic
125,39,4751,4875,125,122,3,0,0.976,0.024,0.0,,,,,,0.112,electricity aggregate load_band_4 up_delta_small member=hourly,generic
125,40,4876,5000,125,118,6,1,0.944,0.048,0.008,,,,,,0.144,electricity aggregate load_band_4 up_delta_small member=hourly,generic
125,41,5001,5125,125,112,12,1,0.896,0.096,0.008,,,,,,0.144,electricity aggregate load_band_4 up_delta_mid member=hourly,generic
125,42,5126,5250,125,120,3,2,0.96,0.024,0.016,,,,,,0.16,electricity aggregate load_band_4 up_delta_mid member=hourly,generic
125,43,5251,5375,125,117,5,3,0.936,0.04,0.024,,,,,,0.176,electricity aggregate load_band_4 down_delta_mid member=hourly,generic
125,44,5376,5500,125,118,5,2,0.944,0.04,0.016,,,,,,0.184,electricity aggregate load_band_4 down_delta_small member=hourly,generic
125,45,5501,5625,125,121,3,1,0.968,0.024,0.008,,,,,,0.152,electricity aggregate load_band_4 up_delta_small member=hourly,generic
125,46,5626,5750,125,113,11,1,0.904,0.088,0.008,,,,,,0.152,electricity aggregate load_band_4 up_delta_mid member=hourly,generic
125,47,5751,5875,125,113,10,2,0.904,0.08,0.016,,,,,,0.168,electricity aggregate load_band_4 up_delta_small member=hourly,generic
125,48,5876,6000,125,113,10,2,0.904,0.08,0.016,,,,,,0.144,electricity aggregate load_band_4 down_delta_small member=hourly,generic
125,49,6001,6125,125,115,9,1,0.92,0.072,0.008,,,,,,0.12,electricity aggregate load_band_4 up_delta_mid member=hourly,generic
125,50,6126,6250,125,111,12,2,0.888,0.096,0.016,,,,,,0.144,electricity aggregate load_band_4 up_delta_small member=hourly,generic
125,51,6251,6375,125,123,2,0,0.984,0.016,0.0,,,,,,0.144,electricity aggregate load_band_4 down_delta_small member=hourly,generic
125,52,6376,6500,125,108,17,0,0.864,0.136,0.0,,,,,,0.168,electricity aggregate load_band_4 up_delta_small member=hourly,generic
125,53,6501,6625,125,114,9,2,0.912,0.072,0.016,,,,,,0.168,electricity aggregate load_band_4 up_delta_small member=hourly,generic
125,54,6626,6750,125,114,10,1,0.912,0.08,0.008,,,,,,0.184,electricity aggregate load_band_4 down_delta_small member=hourly,generic
125,55,6751,6875,125,121,4,0,0.968,0.032,0.0,,,,,,0.144,electricity aggregate load_band_4 up_delta_small member=hourly,generic
125,56,6876,7000,125,116,8,1,0.928,0.064,0.008,,,,,,0.144,electricity aggregate load_band_3 up_delta_small member=hourly,generic
125,57,7001,7125,125,108,14,3,0.864,0.112,0.024,,,,,,0.176,electricity aggregate load_band_3 up_delta_small member=hourly,generic
125,58,7126,7250,125,113,3,9,0.904,0.024,0.072,,,,,,0.184,electricity aggregate load_band_3 down_delta_small member=hourly,generic
125,59,7251,7375,125,119,2,4,0.952,0.016,0.032,,,,,,0.16,electricity aggregate load_band_3 down_delta_small member=hourly,generic
125,60,7376,7500,125,112,8,5,0.896,0.064,0.04,,,,,,0.12,electricity aggregate load_band_3 down_delta_small member=hourly,generic
125,61,7501,7625,125,112,13,0,0.896,0.104,0.0,,,,,,0.16,electricity aggregate load_band_3 down_delta_small member=hourly,generic
125,62,7626,7750,125,115,8,2,0.92,0.064,0.016,,,,,,0.112,electricity aggregate load_band_3 up_delta_small member=hourly,generic
125,63,7751,7875,125,114,10,1,0.912,0.08,0.008,,,,,,0.12,electricity aggregate load_band_3 up_delta_small member=hourly,generic
125,64,7876,8000,125,119,4,2,0.952,0.032,0.016,,,,,,0.112,electricity aggregate load_band_3 down_delta_small member=hourly,generic
125,65,8001,8125,125,118,5,2,0.944,0.04,0.016,,,,,,0.176,electricity aggregate load_band_2 up_delta_small member=hourly,generic
125,66,8126,8250,125,118,5,2,0.944,0.04,0.016,,,,,,0.12,electricity aggregate load_band_3 down_delta_small member=hourly,generic
125,67,8251,8375,125,120,5,0,0.96,0.04,0.0,,,,,,0.12,electricity aggregate load_band_3 down_delta_small member=hourly,generic
125,68,8376,8500,125,117,7,1,0.936,0.056,0.008,,,,,,0.144,electricity aggregate load_band_3 up_delta_small member=hourly,generic
125,69,8501,8625,125,117,8,0,0.936,0.064,0.0,,,,,,0.176,electricity aggregate load_band_3 down_delta_small member=hourly,generic
125,70,8626,8750,125,116,9,0,0.928,0.072,0.0,,,,,,0.12,electricity aggregate load_band_1 up_delta_mid member=hourly,generic
125,71,8751,8875,125,121,3,1,0.968,0.024,0.008,,,,,,0.112,electricity aggregate load_band_0 down_delta_small member=hourly,generic
125,72,8876,9000,125,114,11,0,0.912,0.088,0.0,,,,,,0.128,electricity aggregate load_band_2 up_delta_small member=hourly,generic
125,73,9001,9125,125,121,3,1,0.968,0.024,0.008,,,,,,0.136,electricity aggregate load_band_0 down_delta_small member=hourly,generic
125,74,9126,9250,125,120,3,2,0.96,0.024,0.016,,,,,,0.16,electricity aggregate load_band_2 up_delta_small member=hourly,generic
125,75,9251,9375,125,122,3,0,0.976,0.024,0.0,,,,,,0.176,electricity aggregate load_band_2 up_delta_small member=hourly,generic
125,76,9376,9500,125,119,5,1,0.952,0.04,0.008,,,,,,0.152,electricity aggregate load_band_2 up_delta_small member=hourly,generic
125,77,9501,9625,125,115,9,1,0.92,0.072,0.008,,,,,,0.16,electricity aggregate load_band_2 up_delta_small member=hourly,generic
125,78,9626,9750,125,118,5,2,0.944,0.04,0.016,,,,,,0.248,electricity aggregate load_band_2 up_delta_small member=hourly,generic
125,79,9751,9875,125,118,7,0,0.944,0.056,0.0,,,,,,0.232,electricity aggregate load_band_2 up_delta_small member=hourly,generic
125,80,9876,10000,125,121,3,1,0.968,0.024,0.008,,,,,,0.24,electricity aggregate load_band_2 up_delta_small member=hourly,generic
125,81,10001,10125,125,118,5,2,0.944,0.04,0.016,,,,,,0.2,electricity aggregate load_band_2 up_delta_small member=hourly,generic
125,82,10126,10250,125,120,3,2,0.96,0.024,0.016,,,,,,0.192,electricity aggregate load_band_2 up_delta_small member=hourly,generic
125,83,10251,10375,125,121,3,1,0.968,0.024,0.008,,,,,,0.176,electricity aggregate load_band_2 up_delta_small member=hourly,generic
125,84,10376,10500,125,113,10,2,0.904,0.08,0.016,,,,,,0.192,electricity aggregate load_band_2 up_delta_small member=hourly,generic
125,85,10501,10625,125,119,4,2,0.952,0.032,0.016,,,,,,0.192,electricity aggregate load_band_2 down_delta_small member=hourly,generic
125,86,10626,10750,125,115,10,0,0.92,0.08,0.0,,,,,,0.208,electricity aggregate load_band_2 up_delta_small member=hourly,generic
125,87,10751,10875,125,119,6,0,0.952,0.048,0.0,,,,,,0.136,electricity aggregate load_band_2 down_delta_small member=hourly,generic
125,88,10876,11000,125,112,9,4,0.896,0.072,0.032,,,,,,0.144,electricity aggregate load_band_2 down_delta_small member=hourly,generic
125,89,11001,11125,125,119,6,0,0.952,0.048,0.0,,,,,,0.256,electricity aggregate load_band_2 up_delta_small member=hourly,generic
125,90,11126,11250,125,117,5,3,0.936,0.04,0.024,,,,,,0.256,electricity aggregate load_band_2 up_delta_small member=hourly,generic
125,91,11251,11375,125,115,9,1,0.92,0.072,0.008,,,,,,0.192,electricity aggregate load_band_3 down_delta_small member=hourly,generic
125,92,11376,11500,125,120,5,0,0.96,0.04,0.0,,,,,,0.192,electricity aggregate load_band_3 down_delta_small member=hourly,generic
125,93,11501,11625,125,120,0,5,0.96,0.0,0.04,,,,,,0.136,electricity aggregate load_band_3 up_delta_small member=hourly,generic
125,94,11626,11750,125,111,11,3,0.888,0.088,0.024,,,,,,0.232,electricity aggregate load_band_2 up_delta_small member=hourly,generic
125,95,11751,11875,125,111,12,2,0.888,0.096,0.016,,,,,,0.192,electricity aggregate load_band_3 down_delta_small member=hourly,generic
125,96,11876,12000,125,109,14,2,0.872,0.112,0.016,,,,,,0.184,electricity aggregate load_band_3 down_delta_small member=hourly,generic
125,97,12001,12125,125,123,0,2,0.984,0.0,0.016,,,,,,0.152,electricity aggregate load_band_2 down_delta_small member=hourly,generic
125,98,12126,12250,125,117,6,2,0.936,0.048,0.016,,,,,,0.136,electricity aggregate load_band_3 up_delta_small member=hourly,generic
125,99,12251,12375,125,115,5,5,0.92,0.04,0.04,,,,,,0.192,electricity aggregate load_band_3 up_delta_small member=hourly,generic
125,100,12376,12500,125,117,5,3,0.936,0.04,0.024,,,,,,0.112,electricity aggregate load_band_3 up_delta_small member=hourly,generic
125,101,12501,12625,125,115,6,4,0.92,0.048,0.032,,,,,,0.192,electricity aggregate load_band_3 down_delta_small member=hourly,generic
125,102,12626,12750,125,115,7,3,0.92,0.056,0.024,,,,,,0.12,electricity aggregate load_band_0 down_delta_small member=hourly,generic
125,103,12751,12875,125,119,5,1,0.952,0.04,0.008,,,,,,0.128,electricity aggregate load_band_3 down_delta_small member=hourly,generic
125,104,12876,13000,125,105,19,1,0.84,0.152,0.008,,,,,,0.136,electricity aggregate load_band_4 up_delta_small member=hourly,generic
125,105,13001,13125,125,124,0,1,0.992,0.0,0.008,,,,,,0.208,electricity aggregate load_band_4 down_delta_mid member=hourly,generic
125,106,13126,13250,125,113,8,4,0.904,0.064,0.032,,,,,,0.184,electricity aggregate load_band_4 up_delta_small member=hourly,generic
125,107,13251,13375,125,117,8,0,0.936,0.064,0.0,,,,,,0.16,electricity aggregate load_band_4 up_delta_small member=hourly,generic
125,108,13376,13500,125,115,7,3,0.92,0.056,0.024,,,,,,0.168,electricity aggregate load_band_4 up_delta_small member=hourly,generic
125,109,13501,13625,125,117,7,1,0.936,0.056,0.008,,,,,,0.2,electricity aggregate load_band_4 up_delta_small member=hourly,generic
125,110,13626,13750,125,120,3,2,0.96,0.024,0.016,,,,,,0.176,electricity aggregate load_band_4 up_delta_small member=hourly,generic
125,111,13751,13875,125,120,2,3,0.96,0.016,0.024,,,,,,0.168,electricity aggregate load_band_4 up_delta_small member=hourly,generic
125,112,13876,14000,125,115,6,4,0.92,0.048,0.032,,,,,,0.136,electricity aggregate load_band_1 up_delta_mid member=hourly,generic
125,113,14001,14125,125,116,8,1,0.928,0.064,0.008,,,,,,0.144,electricity aggregate load_band_4 up_delta_mid member=hourly,generic
125,114,14126,14250,125,113,12,0,0.904,0.096,0.0,,,,,,0.176,electricity aggregate load_band_4 up_delta_small member=hourly,generic
125,115,14251,14375,125,119,5,1,0.952,0.04,0.008,,,,,,0.152,electricity aggregate load_band_4 up_delta_small member=hourly,generic
125,116,14376,14500,125,118,4,3,0.944,0.032,0.024,,,,,,0.136,electricity aggregate load_band_4 down_delta_small member=hourly,generic
125,117,14501,14625,125,122,0,3,0.976,0.0,0.024,,,,,,0.152,electricity aggregate load_band_4 up_delta_small member=hourly,generic
125,118,14626,14750,125,118,6,1,0.944,0.048,0.008,,,,,,0.16,electricity aggregate load_band_4 up_delta_small member=hourly,generic
125,119,14751,14875,125,107,17,1,0.856,0.136,0.008,,,,,,0.192,electricity aggregate load_band_4 up_delta_small member=hourly,generic
125,120,14876,15000,125,111,12,2,0.888,0.096,0.016,,,,,,0.16,electricity aggregate load_band_4 up_delta_small member=hourly,generic
125,121,15001,15125,125,112,12,1,0.896,0.096,0.008,,,,,,0.128,electricity aggregate load_band_4 down_delta_small member=hourly,generic
125,122,15126,15250,125,120,2,3,0.96,0.016,0.024,,,,,,0.192,electricity aggregate load_band_4 down_delta_small member=hourly,generic
125,123,15251,15375,125,116,9,0,0.928,0.072,0.0,,,,,,0.232,electricity aggregate load_band_4 up_delta_small member=hourly,generic
125,124,15376,15500,125,115,6,4,0.92,0.048,0.032,,,,,,0.208,electricity aggregate load_band_4 up_delta_small member=hourly,generic
125,125,15501,15625,125,118,6,1,0.944,0.048,0.008,,,,,,0.168,electricity aggregate load_band_4 up_delta_small member=hourly,generic
125,126,15626,15750,125,121,0,4,0.968,0.0,0.032,,,,,,0.16,electricity aggregate load_band_4 up_delta_small member=hourly,generic
125,127,15751,15875,125,122,0,3,0.976,0.0,0.024,,,,,,0.136,electricity aggregate load_band_1 up_delta_mid member=hourly,generic
125,128,15876,16000,125,118,4,3,0.944,0.032,0.024,,,,,,0.176,electricity aggregate load_band_3 up_delta_small member=hourly,generic
125,129,16001,16125,125,121,2,2,0.968,0.016,0.016,,,,,,0.176,electricity aggregate load_band_3 up_delta_small member=hourly,generic
125,130,16126,16250,125,117,6,2,0.936,0.048,0.016,,,,,,0.192,electricity aggregate load_band_3 up_delta_small member=hourly,generic
125,131,16251,16375,125,119,2,4,0.952,0.016,0.032,,,,,,0.2,electricity aggregate load_band_3 up_delta_small member=hourly,generic
125,132,16376,16500,125,122,0,3,0.976,0.0,0.024,,,,,,0.12,electricity aggregate load_band_0 down_delta_small member=hourly,generic
125,133,16501,16625,125,124,0,1,0.992,0.0,0.008,,,,,,0.16,electricity aggregate load_band_2 up_delta_small member=hourly,generic
125,134,16626,16750,125,124,0,1,0.992,0.0,0.008,,,,,,0.168,electricity aggregate load_band_2 up_delta_small member=hourly,generic
125,135,16751,16875,125,123,2,0,0.984,0.016,0.0,,,,,,0.136,electricity aggregate load_band_2 up_delta_small member=hourly,generic
125,136,16876,17000,125,116,7,2,0.928,0.056,0.016,,,,,,0.144,electricity aggregate load_band_2 up_delta_small member=hourly,generic
125,137,17001,17125,125,122,3,0,0.976,0.024,0.0,,,,,,0.136,electricity aggregate load_band_3 up_delta_small member=hourly,generic
125,138,17126,17250,125,119,5,1,0.952,0.04,0.008,,,,,,0.168,electricity aggregate load_band_3 up_delta_small member=hourly,generic
125,139,17251,17375,125,119,6,0,0.952,0.048,0.0,,,,,,0.2,electricity aggregate load_band_3 up_delta_small member=hourly,generic
125,140,17376,17500,125,106,19,0,0.848,0.152,0.0,,,,,,0.152,electricity aggregate load_band_0 down_delta_small member=hourly,generic
125,141,17501,17625,125,112,12,1,0.896,0.096,0.008,,,,,,0.152,electricity aggregate load_band_3 up_delta_small member=hourly,generic
125,142,17626,17750,125,123,0,2,0.984,0.0,0.016,,,,,,0.128,electricity aggregate load_band_3 up_delta_small member=hourly,generic
125,143,17751,17875,125,124,0,1,0.992,0.0,0.008,,,,,,0.176,electricity aggregate load_band_2 up_delta_small member=hourly,generic
125,144,17876,18000,125,124,0,1,0.992,0.0,0.008,,,,,,0.144,electricity aggregate load_band_2 up_delta_small member=hourly,generic
125,145,18001,18125,125,124,0,1,0.992,0.0,0.008,,,,,,0.144,electricity aggregate load_band_0 down_delta_small member=hourly,generic
125,146,18126,18250,125,121,3,1,0.968,0.024,0.008,,,,,,0.144,electricity aggregate load_band_2 up_delta_small member=hourly,generic
125,147,18251,18375,125,121,3,1,0.968,0.024,0.008,,,,,,0.168,electricity aggregate load_band_2 up_delta_small member=hourly,generic
125,148,18376,18500,125,124,0,1,0.992,0.0,0.008,,,,,,0.152,electricity aggregate load_band_3 up_delta_small member=hourly,generic
125,149,18501,18625,125,115,10,0,0.92,0.08,0.0,,,,,,0.184,electricity aggregate load_band_2 up_delta_small member=hourly,generic
125,150,18626,18750,125,117,4,4,0.936,0.032,0.032,,,,,,0.192,electricity aggregate load_band_2 up_delta_small member=hourly,generic
125,151,18751,18875,125,116,8,1,0.928,0.064,0.008,,,,,,0.208,electricity aggregate load_band_2 up_delta_small member=hourly,generic
125,152,18876,19000,125,116,6,3,0.928,0.048,0.024,,,,,,0.192,electricity aggregate load_band_2 up_delta_small member=hourly,generic
125,153,19001,19125,125,120,0,5,0.96,0.0,0.04,,,,,,0.224,electricity aggregate load_band_2 up_delta_small member=hourly,generic
125,154,19126,19250,125,120,4,1,0.96,0.032,0.008,,,,,,0.168,electricity aggregate load_band_2 up_delta_small member=hourly,generic
125,155,19251,19375,125,119,5,1,0.952,0.04,0.008,,,,,,0.144,electricity aggregate load_band_2 up_delta_small member=hourly,generic
125,156,19376,19500,125,119,4,2,0.952,0.032,0.016,,,,,,0.2,electricity aggregate load_band_2 up_delta_small member=hourly,generic
125,157,19501,19625,125,116,5,4,0.928,0.04,0.032,,,,,,0.232,electricity aggregate load_band_2 up_delta_small member=hourly,generic
125,158,19626,19750,125,116,5,4,0.928,0.04,0.032,,,,,,0.216,electricity aggregate load_band_2 up_delta_small member=hourly,generic
125,159,19751,19875,125,117,4,4,0.936,0.032,0.032,,,,,,0.136,electricity aggregate load_band_2 up_delta_small member=hourly,generic
125,160,19876,20000,125,120,3,2,0.96,0.024,0.016,,,,,,0.184,electricity aggregate load_band_3 up_delta_small member=hourly,generic
125,161,20001,20125,125,113,10,2,0.904,0.08,0.016,,,,,,0.144,electricity aggregate load_band_3 up_delta_small member=hourly,generic
125,162,20126,20250,125,117,6,2,0.936,0.048,0.016,,,,,,0.176,electricity aggregate load_band_3 down_delta_small member=hourly,generic
125,163,20251,20375,125,122,0,3,0.976,0.0,0.024,,,,,,0.176,electricity aggregate load_band_3 up_delta_small member=hourly,generic
125,164,20376,20500,125,117,4,4,0.936,0.032,0.032,,,,,,0.136,electricity aggregate load_band_0 down_delta_small member=hourly,generic
125,165,20501,20625,125,117,7,1,0.936,0.056,0.008,,,,,,0.136,electricity aggregate load_band_4 up_delta_small member=hourly,generic
125,166,20626,20750,125,112,12,1,0.896,0.096,0.008,,,,,,0.12,electricity aggregate load_band_4 up_delta_small member=hourly,generic
125,167,20751,20875,125,117,5,3,0.936,0.04,0.024,,,,,,0.152,electricity aggregate load_band_4 up_delta_small member=hourly,generic
125,168,20876,21000,125,116,7,2,0.928,0.056,0.016,,,,,,0.24,electricity aggregate load_band_3 up_delta_small member=hourly,generic
125,169,21001,21125,125,115,8,2,0.92,0.064,0.016,,,,,,0.224,electricity aggregate load_band_3 up_delta_small member=hourly,generic
125,170,21126,21250,125,118,5,2,0.944,0.04,0.016,,,,,,0.112,electricity aggregate load_band_3 down_delta_small member=hourly,generic
125,171,21251,21375,125,117,6,2,0.936,0.048,0.016,,,,,,0.208,electricity aggregate load_band_3 down_delta_small member=hourly,generic
125,172,21376,21500,125,102,20,3,0.816,0.16,0.024,,,,,,0.168,electricity aggregate load_band_4 up_delta_small member=hourly,generic
125,173,21501,21625,125,112,11,2,0.896,0.088,0.016,,,,,,0.152,electricity aggregate load_band_4 up_delta_small member=hourly,generic
125,174,21626,21750,125,113,9,3,0.904,0.072,0.024,,,,,,0.168,electricity aggregate load_band_4 up_delta_small member=hourly,generic
125,175,21751,21875,125,114,9,2,0.912,0.072,0.016,,,,,,0.152,electricity aggregate load_band_4 up_delta_small member=hourly,generic
125,176,21876,22000,125,121,2,2,0.968,0.016,0.016,,,,,,0.168,electricity aggregate load_band_4 up_delta_small member=hourly,generic
125,177,22001,22125,125,112,9,4,0.896,0.072,0.032,,,,,,0.152,electricity aggregate load_band_4 up_delta_small member=hourly,generic
125,178,22126,22250,125,120,4,1,0.96,0.032,0.008,,,,,,0.144,electricity aggregate load_band_4 down_delta_mid member=hourly,generic
125,179,22251,22375,125,119,4,2,0.952,0.032,0.016,,,,,,0.144,electricity aggregate load_band_4 up_delta_small member=hourly,generic
125,180,22376,22500,125,117,5,3,0.936,0.04,0.024,,,,,,0.136,electricity aggregate load_band_1 up_delta_mid member=hourly,generic
125,181,22501,22625,125,115,5,5,0.92,0.04,0.04,,,,,,0.168,electricity aggregate load_band_4 up_delta_small member=hourly,generic
125,182,22626,22750,125,119,4,2,0.952,0.032,0.016,,,,,,0.152,electricity aggregate load_band_4 down_delta_mid member=hourly,generic
125,183,22751,22875,125,114,10,1,0.912,0.08,0.008,,,,,,0.12,electricity aggregate load_band_1 up_delta_mid member=hourly,generic
125,184,22876,23000,125,115,8,2,0.92,0.064,0.016,,,,,,0.16,electricity aggregate load_band_4 down_delta_mid member=hourly,generic
125,185,23001,23125,125,115,9,1,0.92,0.072,0.008,,,,,,0.136,electricity aggregate load_band_4 down_delta_mid member=hourly,generic
125,186,23126,23250,125,111,11,3,0.888,0.088,0.024,,,,,,0.152,electricity aggregate load_band_4 up_delta_small member=hourly,generic
125,187,23251,23375,125,118,6,1,0.944,0.048,0.008,,,,,,0.152,electricity aggregate load_band_4 down_delta_mid member=hourly,generic
125,188,23376,23500,125,109,13,3,0.872,0.104,0.024,,,,,,0.128,electricity aggregate load_band_0 down_delta_small member=hourly,generic
125,189,23501,23625,125,122,0,3,0.976,0.0,0.024,,,,,,0.184,electricity aggregate load_band_4 down_delta_small member=hourly,generic
125,190,23626,23750,125,116,4,5,0.928,0.032,0.04,,,,,,0.152,electricity aggregate load_band_4 up_delta_small member=hourly,generic
125,191,23751,23875,125,111,13,1,0.888,0.104,0.008,,,,,,0.192,electricity aggregate load_band_4 down_delta_small member=hourly,generic
125,192,23876,24000,125,116,5,4,0.928,0.04,0.032,,,,,,0.28,electricity aggregate load_band_4 up_delta_small member=hourly,generic
125,193,24001,24125,125,114,7,4,0.912,0.056,0.032,,,,,,0.168,electricity aggregate load_band_4 down_delta_small member=hourly,generic
125,194,24126,24250,125,106,18,1,0.848,0.144,0.008,,,,,,0.144,electricity aggregate load_band_4 up_delta_small member=hourly,generic
125,195,24251,24375,125,109,14,2,0.872,0.112,0.016,,,,,,0.2,electricity aggregate load_band_4 up_delta_small member=hourly,generic
125,196,24376,24500,125,109,11,5,0.872,0.088,0.04,,,,,,0.12,electricity aggregate load_band_3 up_delta_small member=hourly,generic
125,197,24501,24625,125,113,11,1,0.904,0.088,0.008,,,,,,0.136,electricity aggregate load_band_4 down_delta_small member=hourly,generic
125,198,24626,24750,125,111,10,4,0.888,0.08,0.032,,,,,,0.176,electricity aggregate load_band_4 up_delta_small member=hourly,generic
125,199,24751,24875,125,113,9,3,0.904,0.072,0.024,,,,,,0.136,electricity aggregate load_band_1 up_delta_mid member=hourly,generic
125,200,24876,25000,125,118,5,2,0.944,0.04,0.016,,,,,,0.128,electricity aggregate load_band_3 down_delta_small member=hourly,generic
125,201,25001,25125,125,115,9,1,0.92,0.072,0.008,,,,,,0.112,electricity aggregate load_band_3 down_delta_small member=hourly,generic
125,202,25126,25250,125,116,7,2,0.928,0.056,0.016,,,,,,0.12,electricity aggregate load_band_3 up_delta_small member=hourly,generic
125,203,25251,25375,125,114,10,1,0.912,0.08,0.008,,,,,,0.184,electricity aggregate load_band_3 up_delta_small member=hourly,generic
125,204,25376,25500,125,125,0,0,1.0,0.0,0.0,,,,,,0.128,electricity aggregate load_band_2 up_delta_small member=hourly,generic
125,205,25501,25625,125,119,3,3,0.952,0.024,0.024,,,,,,0.168,electricity aggregate load_band_2 down_delta_small member=hourly,generic
125,206,25626,25750,125,116,8,1,0.928,0.064,0.008,,,,,,0.144,electricity aggregate load_band_2 up_delta_small member=hourly,generic
125,207,25751,25875,125,121,3,1,0.968,0.024,0.008,,,,,,0.16,electricity aggregate load_band_2 up_delta_small member=hourly,generic
125,208,25876,26000,125,120,5,0,0.96,0.04,0.0,,,,,,0.184,electricity aggregate load_band_2 up_delta_small member=hourly,generic
125,209,26001,26125,125,119,4,2,0.952,0.032,0.016,,,,,,0.144,electricity aggregate load_band_2 up_delta_small member=hourly,generic
125,210,26126,26250,125,115,10,0,0.92,0.08,0.0,,,,,,0.136,electricity aggregate load_band_0 down_delta_small member=hourly,generic
125,211,26251,26304,54,32,22,0,0.5925925925925926,0.4074074074074074,0.0,,,,,,0.18518518518518517,electricity aggregate load_band_2 up_delta_small member=hourly,generic
150,1,1,150,150,143,6,1,0.9533333333333334,0.04,0.006666666666666667,,,,,,0.15333333333333332,electricity aggregate load_band_3 up_delta_small member=hourly,generic
150,2,151,300,150,143,5,2,0.9533333333333334,0.03333333333333333,0.013333333333333334,,,,,,0.16,electricity aggregate load_band_3 up_delta_small member=hourly,generic
150,3,301,450,150,143,7,0,0.9533333333333334,0.04666666666666667,0.0,,,,,,0.17333333333333334,electricity aggregate load_band_3 up_delta_small member=hourly,generic
150,4,451,600,150,143,6,1,0.9533333333333334,0.04,0.006666666666666667,,,,,,0.18666666666666668,electricity aggregate load_band_3 up_delta_small member=hourly,generic
150,5,601,750,150,140,8,2,0.9333333333333333,0.05333333333333334,0.013333333333333334,,,,,,0.19333333333333333,electricity aggregate load_band_3 up_delta_small member=hourly,generic
150,6,751,900,150,143,6,1,0.9533333333333334,0.04,0.006666666666666667,,,,,,0.16,electricity aggregate load_band_3 up_delta_small member=hourly,generic
150,7,901,1050,150,144,5,1,0.96,0.03333333333333333,0.006666666666666667,,,,,,0.2,electricity aggregate load_band_3 up_delta_small member=hourly,generic
150,8,1051,1200,150,141,8,1,0.94,0.05333333333333334,0.006666666666666667,,,,,,0.12666666666666668,electricity aggregate load_band_3 up_delta_small member=hourly,generic
150,9,1201,1350,150,143,6,1,0.9533333333333334,0.04,0.006666666666666667,,,,,,0.16,electricity aggregate load_band_3 up_delta_small member=hourly,generic
150,10,1351,1500,150,147,2,1,0.98,0.013333333333333334,0.006666666666666667,,,,,,0.2,electricity aggregate load_band_3 up_delta_small member=hourly,generic
150,11,1501,1650,150,142,6,2,0.9466666666666667,0.04,0.013333333333333334,,,,,,0.24666666666666667,electricity aggregate load_band_3 up_delta_small member=hourly,generic
150,12,1651,1800,150,148,2,0,0.9866666666666667,0.013333333333333334,0.0,,,,,,0.2,electricity aggregate load_band_3 up_delta_small member=hourly,generic
150,13,1801,1950,150,144,5,1,0.96,0.03333333333333333,0.006666666666666667,,,,,,0.15333333333333332,electricity aggregate load_band_3 up_delta_small member=hourly,generic
150,14,1951,2100,150,145,2,3,0.9666666666666667,0.013333333333333334,0.02,,,,,,0.24,electricity aggregate load_band_3 up_delta_small member=hourly,generic
150,15,2101,2250,150,141,8,1,0.94,0.05333333333333334,0.006666666666666667,,,,,,0.26666666666666666,electricity aggregate load_band_3 up_delta_small member=hourly,generic
150,16,2251,2400,150,142,7,1,0.9466666666666667,0.04666666666666667,0.006666666666666667,,,,,,0.20666666666666667,electricity aggregate load_band_3 up_delta_small member=hourly,generic
150,17,2401,2550,150,142,7,1,0.9466666666666667,0.04666666666666667,0.006666666666666667,,,,,,0.20666666666666667,electricity aggregate load_band_3 up_delta_small member=hourly,generic
150,18,2551,2700,150,144,4,2,0.96,0.02666666666666667,0.013333333333333334,,,,,,0.24666666666666667,electricity aggregate load_band_3 up_delta_small member=hourly,generic
150,19,2701,2850,150,144,5,1,0.96,0.03333333333333333,0.006666666666666667,,,,,,0.23333333333333334,electricity aggregate load_band_3 up_delta_small member=hourly,generic
150,20,2851,3000,150,143,5,2,0.9533333333333334,0.03333333333333333,0.013333333333333334,,,,,,0.24,electricity aggregate load_band_3 up_delta_small member=hourly,generic
150,21,3001,3150,150,130,13,7,0.8666666666666667,0.08666666666666667,0.04666666666666667,,,,,,0.15333333333333332,electricity aggregate load_band_3 up_delta_small member=hourly,generic
150,22,3151,3300,150,141,9,0,0.94,0.06,0.0,,,,,,0.16,electricity aggregate load_band_4 down_delta_small member=hourly,generic
150,23,3301,3450,150,138,9,3,0.92,0.06,0.02,,,,,,0.12,electricity aggregate load_band_3 up_delta_small member=hourly,generic
150,24,3451,3600,150,139,9,2,0.9266666666666666,0.06,0.013333333333333334,,,,,,0.18666666666666668,electricity aggregate load_band_4 up_delta_small member=hourly,generic
150,25,3601,3750,150,145,2,3,0.9666666666666667,0.013333333333333334,0.02,,,,,,0.13333333333333333,electricity aggregate load_band_4 down_delta_small member=hourly,generic
150,26,3751,3900,150,138,11,1,0.92,0.07333333333333333,0.006666666666666667,,,,,,0.16,electricity aggregate load_band_4 up_delta_small member=hourly,generic
150,27,3901,4050,150,140,8,2,0.9333333333333333,0.05333333333333334,0.013333333333333334,,,,,,0.16666666666666666,electricity aggregate load_band_4 up_delta_small member=hourly,generic
150,28,4051,4200,150,136,12,2,0.9066666666666666,0.08,0.013333333333333334,,,,,,0.14,electricity aggregate load_band_4 up_delta_small member=hourly,generic
150,29,4201,4350,150,139,8,3,0.9266666666666666,0.05333333333333334,0.02,,,,,,0.13333333333333333,electricity aggregate load_band_4 down_delta_mid member=hourly,generic
150,30,4351,4500,150,142,7,1,0.9466666666666667,0.04666666666666667,0.006666666666666667,,,,,,0.13333333333333333,electricity aggregate load_band_1 up_delta_mid member=hourly,generic
150,31,4501,4650,150,148,0,2,0.9866666666666667,0.0,0.013333333333333334,,,,,,0.14666666666666667,electricity aggregate load_band_4 up_delta_mid member=hourly,generic
150,32,4651,4800,150,143,7,0,0.9533333333333334,0.04666666666666667,0.0,,,,,,0.12666666666666668,electricity aggregate load_band_4 down_delta_mid member=hourly,generic
150,33,4801,4950,150,144,5,1,0.96,0.03333333333333333,0.006666666666666667,,,,,,0.12666666666666668,electricity aggregate load_band_4 up_delta_small member=hourly,generic
150,34,4951,5100,150,142,7,1,0.9466666666666667,0.04666666666666667,0.006666666666666667,,,,,,0.14666666666666667,electricity aggregate load_band_4 up_delta_small member=hourly,generic
150,35,5101,5250,150,146,2,2,0.9733333333333334,0.013333333333333334,0.013333333333333334,,,,,,0.16666666666666666,electricity aggregate load_band_4 up_delta_mid member=hourly,generic
150,36,5251,5400,150,142,5,3,0.9466666666666667,0.03333333333333333,0.02,,,,,,0.16666666666666666,electricity aggregate load_band_4 down_delta_mid member=hourly,generic
150,37,5401,5550,150,144,5,1,0.96,0.03333333333333333,0.006666666666666667,,,,,,0.15333333333333332,electricity aggregate load_band_4 down_delta_small member=hourly,generic
150,38,5551,5700,150,150,0,0,1.0,0.0,0.0,,,,,,0.14,electricity aggregate load_band_1 up_delta_mid member=hourly,generic
150,39,5701,5850,150,134,14,2,0.8933333333333333,0.09333333333333334,0.013333333333333334,,,,,,0.15333333333333332,electricity aggregate load_band_4 up_delta_small member=hourly,generic
150,40,5851,6000,150,139,10,1,0.9266666666666666,0.06666666666666667,0.006666666666666667,,,,,,0.14666666666666667,electricity aggregate load_band_4 down_delta_small member=hourly,generic
150,41,6001,6150,150,141,8,1,0.94,0.05333333333333334,0.006666666666666667,,,,,,0.12,electricity aggregate load_band_4 down_delta_small member=hourly,generic
150,42,6151,6300,150,136,12,2,0.9066666666666666,0.08,0.013333333333333334,,,,,,0.16,electricity aggregate load_band_4 up_delta_small member=hourly,generic
150,43,6301,6450,150,141,6,3,0.94,0.04,0.02,,,,,,0.16,electricity aggregate load_band_4 up_delta_small member=hourly,generic
150,44,6451,6600,150,141,7,2,0.94,0.04666666666666667,0.013333333333333334,,,,,,0.15333333333333332,electricity aggregate load_band_4 up_delta_small member=hourly,generic
150,45,6601,6750,150,144,6,0,0.96,0.04,0.0,,,,,,0.18,electricity aggregate load_band_4 down_delta_small member=hourly,generic
150,46,6751,6900,150,142,7,1,0.9466666666666667,0.04666666666666667,0.006666666666666667,,,,,,0.14666666666666667,electricity aggregate load_band_4 up_delta_small member=hourly,generic
150,47,6901,7050,150,133,14,3,0.8866666666666667,0.09333333333333334,0.02,,,,,,0.19333333333333333,electricity aggregate load_band_3 up_delta_small member=hourly,generic
150,48,7051,7200,150,136,10,4,0.9066666666666666,0.06666666666666667,0.02666666666666667,,,,,,0.15333333333333332,electricity aggregate load_band_3 up_delta_small member=hourly,generic
150,49,7201,7350,150,138,7,5,0.92,0.04666666666666667,0.03333333333333333,,,,,,0.19333333333333333,electricity aggregate load_band_3 down_delta_small member=hourly,generic
150,50,7351,7500,150,134,13,3,0.8933333333333333,0.08666666666666667,0.02,,,,,,0.12666666666666668,electricity aggregate load_band_3 up_delta_small member=hourly,generic
150,51,7501,7650,150,140,10,0,0.9333333333333333,0.06666666666666667,0.0,,,,,,0.14666666666666667,electricity aggregate load_band_3 down_delta_small member=hourly,generic
150,52,7651,7800,150,145,4,1,0.9666666666666667,0.02666666666666667,0.006666666666666667,,,,,,0.13333333333333333,electricity aggregate load_band_3 up_delta_small member=hourly,generic
150,53,7801,7950,150,144,5,1,0.96,0.03333333333333333,0.006666666666666667,,,,,,0.12,electricity aggregate load_band_3 up_delta_small member=hourly,generic
150,54,7951,8100,150,145,3,2,0.9666666666666667,0.02,0.013333333333333334,,,,,,0.15333333333333332,electricity aggregate load_band_2 up_delta_small member=hourly,generic
150,55,8101,8250,150,146,2,2,0.9733333333333334,0.013333333333333334,0.013333333333333334,,,,,,0.11333333333333333,electricity aggregate load_band_3 down_delta_small member=hourly,generic
150,56,8251,8400,150,143,7,0,0.9533333333333334,0.04666666666666667,0.0,,,,,,0.12666666666666668,electricity aggregate load_band_3 down_delta_small member=hourly,generic
150,57,8401,8550,150,140,10,0,0.9333333333333333,0.06666666666666667,0.0,,,,,,0.17333333333333334,electricity aggregate load_band_3 down_delta_small member=hourly,generic
150,58,8551,8700,150,144,6,0,0.96,0.04,0.0,,,,,,0.12666666666666668,electricity aggregate load_band_1 up_delta_mid member=hourly,generic
150,59,8701,8850,150,145,5,0,0.9666666666666667,0.03333333333333333,0.0,,,,,,0.11333333333333333,electricity aggregate load_band_3 down_delta_small member=hourly,generic
150,60,8851,9000,150,145,5,0,0.9666666666666667,0.03333333333333333,0.0,,,,,,0.14,electricity aggregate load_band_2 up_delta_small member=hourly,generic
150,61,9001,9150,150,146,3,1,0.9733333333333334,0.02,0.006666666666666667,,,,,,0.14666666666666667,electricity aggregate load_band_2 up_delta_small member=hourly,generic
150,62,9151,9300,150,148,0,2,0.9866666666666667,0.0,0.013333333333333334,,,,,,0.13333333333333333,electricity aggregate load_band_2 up_delta_small member=hourly,generic
150,63,9301,9450,150,147,2,1,0.98,0.013333333333333334,0.006666666666666667,,,,,,0.16666666666666666,electricity aggregate load_band_2 up_delta_small member=hourly,generic
150,64,9451,9600,150,144,5,1,0.96,0.03333333333333333,0.006666666666666667,,,,,,0.16,electricity aggregate load_band_2 up_delta_small member=hourly,generic
150,65,9601,9750,150,140,8,2,0.9333333333333333,0.05333333333333334,0.013333333333333334,,,,,,0.24666666666666667,electricity aggregate load_band_2 up_delta_small member=hourly,generic
150,66,9751,9900,150,145,5,0,0.9666666666666667,0.03333333333333333,0.0,,,,,,0.24,electricity aggregate load_band_2 up_delta_small member=hourly,generic
150,67,9901,10050,150,144,5,1,0.96,0.03333333333333333,0.006666666666666667,,,,,,0.22666666666666666,electricity aggregate load_band_2 up_delta_small member=hourly,generic
150,68,10051,10200,150,143,4,3,0.9533333333333334,0.02666666666666667,0.02,,,,,,0.19333333333333333,electricity aggregate load_band_2 up_delta_small member=hourly,generic
150,69,10201,10350,150,148,0,2,0.9866666666666667,0.0,0.013333333333333334,,,,,,0.18,electricity aggregate load_band_2 up_delta_small member=hourly,generic
150,70,10351,10500,150,139,10,1,0.9266666666666666,0.06666666666666667,0.006666666666666667,,,,,,0.18666666666666668,electricity aggregate load_band_2 up_delta_small member=hourly,generic
150,71,10501,10650,150,143,5,2,0.9533333333333334,0.03333333333333333,0.013333333333333334,,,,,,0.2,electricity aggregate load_band_2 down_delta_small member=hourly,generic
150,72,10651,10800,150,148,2,0,0.9866666666666667,0.013333333333333334,0.0,,,,,,0.18666666666666668,electricity aggregate load_band_2 up_delta_small member=hourly,generic
150,73,10801,10950,150,141,5,4,0.94,0.03333333333333333,0.02666666666666667,,,,,,0.12,electricity aggregate load_band_2 down_delta_small member=hourly,generic
150,74,10951,11100,150,147,2,1,0.98,0.013333333333333334,0.006666666666666667,,,,,,0.24666666666666667,electricity aggregate load_band_2 up_delta_small member=hourly,generic
150,75,11101,11250,150,141,7,2,0.94,0.04666666666666667,0.013333333333333334,,,,,,0.25333333333333335,electricity aggregate load_band_2 up_delta_small member=hourly,generic
150,76,11251,11400,150,146,3,1,0.9733333333333334,0.02,0.006666666666666667,,,,,,0.18,electricity aggregate load_band_3 down_delta_small member=hourly,generic
150,77,11401,11550,150,138,11,1,0.92,0.07333333333333333,0.006666666666666667,,,,,,0.2,electricity aggregate load_band_3 down_delta_small member=hourly,generic
150,78,11551,11700,150,140,9,1,0.9333333333333333,0.06,0.006666666666666667,,,,,,0.22666666666666666,electricity aggregate load_band_2 up_delta_small member=hourly,generic
150,79,11701,11850,150,143,5,2,0.9533333333333334,0.03333333333333333,0.013333333333333334,,,,,,0.18666666666666668,electricity aggregate load_band_3 down_delta_small member=hourly,generic
150,80,11851,12000,150,143,5,2,0.9533333333333334,0.03333333333333333,0.013333333333333334,,,,,,0.17333333333333334,electricity aggregate load_band_3 down_delta_small member=hourly,generic
150,81,12001,12150,150,146,3,1,0.9733333333333334,0.02,0.006666666666666667,,,,,,0.16,electricity aggregate load_band_2 up_delta_small member=hourly,generic
150,82,12151,12300,150,140,9,1,0.9333333333333333,0.06,0.006666666666666667,,,,,,0.16666666666666666,electricity aggregate load_band_3 up_delta_small member=hourly,generic
150,83,12301,12450,150,135,12,3,0.9,0.08,0.02,,,,,,0.2,electricity aggregate load_band_3 up_delta_small member=hourly,generic
150,84,12451,12600,150,141,7,2,0.94,0.04666666666666667,0.013333333333333334,,,,,,0.16,electricity aggregate load_band_3 down_delta_small member=hourly,generic
150,85,12601,12750,150,137,11,2,0.9133333333333333,0.07333333333333333,0.013333333333333334,,,,,,0.12,electricity aggregate load_band_0 down_delta_small member=hourly,generic
150,86,12751,12900,150,146,4,0,0.9733333333333334,0.02666666666666667,0.0,,,,,,0.11333333333333333,electricity aggregate load_band_1 up_delta_mid member=hourly,generic
150,87,12901,13050,150,135,12,3,0.9,0.08,0.02,,,,,,0.15333333333333332,electricity aggregate load_band_4 up_delta_small member=hourly,generic
150,88,13051,13200,150,145,3,2,0.9666666666666667,0.02,0.013333333333333334,,,,,,0.2,electricity aggregate load_band_4 down_delta_mid member=hourly,generic
150,89,13201,13350,150,143,6,1,0.9533333333333334,0.04,0.006666666666666667,,,,,,0.16666666666666666,electricity aggregate load_band_4 up_delta_small member=hourly,generic
150,90,13351,13500,150,140,8,2,0.9333333333333333,0.05333333333333334,0.013333333333333334,,,,,,0.17333333333333334,electricity aggregate load_band_4 up_delta_small member=hourly,generic
150,91,13501,13650,150,143,4,3,0.9533333333333334,0.02666666666666667,0.02,,,,,,0.19333333333333333,electricity aggregate load_band_4 up_delta_small member=hourly,generic
150,92,13651,13800,150,145,2,3,0.9666666666666667,0.013333333333333334,0.02,,,,,,0.17333333333333334,electricity aggregate load_band_4 up_delta_small member=hourly,generic
150,93,13801,13950,150,143,2,5,0.9533333333333334,0.013333333333333334,0.03333333333333333,,,,,,0.16,electricity aggregate load_band_4 up_delta_small member=hourly,generic
150,94,13951,14100,150,142,5,3,0.9466666666666667,0.03333333333333333,0.02,,,,,,0.14666666666666667,electricity aggregate load_band_4 up_delta_mid member=hourly,generic
150,95,14101,14250,150,144,6,0,0.96,0.04,0.0,,,,,,0.18,electricity aggregate load_band_4 up_delta_small member=hourly,generic
150,96,14251,14400,150,143,5,2,0.9533333333333334,0.03333333333333333,0.013333333333333334,,,,,,0.13333333333333333,electricity aggregate load_band_4 up_delta_small member=hourly,generic
150,97,14401,14550,150,144,4,2,0.96,0.02666666666666667,0.013333333333333334,,,,,,0.13333333333333333,electricity aggregate load_band_4 down_delta_mid member=hourly,generic
150,98,14551,14700,150,144,5,1,0.96,0.03333333333333333,0.006666666666666667,,,,,,0.14666666666666667,electricity aggregate load_band_4 up_delta_small member=hourly,generic
150,99,14701,14850,150,136,11,3,0.9066666666666666,0.07333333333333333,0.02,,,,,,0.20666666666666667,electricity aggregate load_band_4 up_delta_small member=hourly,generic
150,100,14851,15000,150,137,11,2,0.9133333333333333,0.07333333333333333,0.013333333333333334,,,,,,0.16,electricity aggregate load_band_4 up_delta_small member=hourly,generic
150,101,15001,15150,150,139,9,2,0.9266666666666666,0.06,0.013333333333333334,,,,,,0.13333333333333333,electricity aggregate load_band_4 down_delta_small member=hourly,generic
150,102,15151,15300,150,141,8,1,0.94,0.05333333333333334,0.006666666666666667,,,,,,0.18666666666666668,electricity aggregate load_band_4 down_delta_small member=hourly,generic
150,103,15301,15450,150,142,6,2,0.9466666666666667,0.04,0.013333333333333334,,,,,,0.24,electricity aggregate load_band_4 up_delta_small member=hourly,generic
150,104,15451,15600,150,143,3,4,0.9533333333333334,0.02,0.02666666666666667,,,,,,0.18666666666666668,electricity aggregate load_band_4 up_delta_small member=hourly,generic
150,105,15601,15750,150,146,0,4,0.9733333333333334,0.0,0.02666666666666667,,,,,,0.13333333333333333,electricity aggregate load_band_4 up_delta_small member=hourly,generic
150,106,15751,15900,150,144,3,3,0.96,0.02,0.02,,,,,,0.14,electricity aggregate load_band_3 down_delta_small member=hourly,generic
150,107,15901,16050,150,136,13,1,0.9066666666666666,0.08666666666666667,0.006666666666666667,,,,,,0.2,electricity aggregate load_band_3 up_delta_small member=hourly,generic
150,108,16051,16200,150,137,13,0,0.9133333333333333,0.08666666666666667,0.0,,,,,,0.18,electricity aggregate load_band_3 up_delta_small member=hourly,generic
150,109,16201,16350,150,144,2,4,0.96,0.013333333333333334,0.02666666666666667,,,,,,0.20666666666666667,electricity aggregate load_band_3 up_delta_small member=hourly,generic
150,110,16351,16500,150,147,0,3,0.98,0.0,0.02,,,,,,0.12,electricity aggregate load_band_3 down_delta_small member=hourly,generic
150,111,16501,16650,150,149,0,1,0.9933333333333333,0.0,0.006666666666666667,,,,,,0.16666666666666666,electricity aggregate load_band_2 up_delta_small member=hourly,generic
150,112,16651,16800,150,149,0,1,0.9933333333333333,0.0,0.006666666666666667,,,,,,0.15333333333333332,electricity aggregate load_band_2 up_delta_small member=hourly,generic
150,113,16801,16950,150,145,4,1,0.9666666666666667,0.02666666666666667,0.006666666666666667,,,,,,0.14,electricity aggregate load_band_2 up_delta_small member=hourly,generic
150,114,16951,17100,150,146,3,1,0.9733333333333334,0.02,0.006666666666666667,,,,,,0.14,electricity aggregate load_band_2 up_delta_small member=hourly,generic
150,115,17101,17250,150,147,2,1,0.98,0.013333333333333334,0.006666666666666667,,,,,,0.18,electricity aggregate load_band_3 up_delta_small member=hourly,generic
150,116,17251,17400,150,144,6,0,0.96,0.04,0.0,,,,,,0.16666666666666666,electricity aggregate load_band_3 up_delta_small member=hourly,generic
150,117,17401,17550,150,141,9,0,0.94,0.06,0.0,,,,,,0.16,electricity aggregate load_band_0 down_delta_small member=hourly,generic
150,118,17551,17700,150,144,5,1,0.96,0.03333333333333333,0.006666666666666667,,,,,,0.14,electricity aggregate load_band_3 up_delta_small member=hourly,generic
150,119,17701,17850,150,149,0,1,0.9933333333333333,0.0,0.006666666666666667,,,,,,0.12666666666666668,electricity aggregate load_band_2 up_delta_small member=hourly,generic
150,120,17851,18000,150,149,0,1,0.9933333333333333,0.0,0.006666666666666667,,,,,,0.16,electricity aggregate load_band_2 up_delta_small member=hourly,generic
150,121,18001,18150,150,149,0,1,0.9933333333333333,0.0,0.006666666666666667,,,,,,0.13333333333333333,electricity aggregate load_band_0 down_delta_small member=hourly,generic
150,122,18151,18300,150,149,0,1,0.9933333333333333,0.0,0.006666666666666667,,,,,,0.15333333333333332,electricity aggregate load_band_2 up_delta_small member=hourly,generic
150,123,18301,18450,150,148,0,2,0.9866666666666667,0.0,0.013333333333333334,,,,,,0.16,electricity aggregate load_band_2 up_delta_small member=hourly,generic
150,124,18451,18600,150,148,2,0,0.9866666666666667,0.013333333333333334,0.0,,,,,,0.18,electricity aggregate load_band_2 up_delta_small member=hourly,generic
150,125,18601,18750,150,139,9,2,0.9266666666666666,0.06,0.013333333333333334,,,,,,0.17333333333333334,electricity aggregate load_band_2 up_delta_small member=hourly,generic
150,126,18751,18900,150,140,9,1,0.9333333333333333,0.06,0.006666666666666667,,,,,,0.20666666666666667,electricity aggregate load_band_2 up_delta_small member=hourly,generic
150,127,18901,19050,150,140,8,2,0.9333333333333333,0.05333333333333334,0.013333333333333334,,,,,,0.22666666666666666,electricity aggregate load_band_2 up_delta_small member=hourly,generic
150,128,19051,19200,150,140,8,2,0.9333333333333333,0.05333333333333334,0.013333333333333334,,,,,,0.18,electricity aggregate load_band_2 up_delta_small member=hourly,generic
150,129,19201,19350,150,143,6,1,0.9533333333333334,0.04,0.006666666666666667,,,,,,0.14,electricity aggregate load_band_2 up_delta_small member=hourly,generic
150,130,19351,19500,150,143,5,2,0.9533333333333334,0.03333333333333333,0.013333333333333334,,,,,,0.19333333333333333,electricity aggregate load_band_2 up_delta_small member=hourly,generic
150,131,19501,19650,150,142,5,3,0.9466666666666667,0.03333333333333333,0.02,,,,,,0.21333333333333335,electricity aggregate load_band_2 up_delta_small member=hourly,generic
150,132,19651,19800,150,141,4,5,0.94,0.02666666666666667,0.03333333333333333,,,,,,0.24666666666666667,electricity aggregate load_band_2 up_delta_small member=hourly,generic
150,133,19801,19950,150,144,4,2,0.96,0.02666666666666667,0.013333333333333334,,,,,,0.14,electricity aggregate load_band_3 up_delta_small member=hourly,generic
150,134,19951,20100,150,146,3,1,0.9733333333333334,0.02,0.006666666666666667,,,,,,0.18666666666666668,electricity aggregate load_band_3 up_delta_small member=hourly,generic
150,135,20101,20250,150,143,5,2,0.9533333333333334,0.03333333333333333,0.013333333333333334,,,,,,0.16,electricity aggregate load_band_3 down_delta_small member=hourly,generic
150,136,20251,20400,150,147,0,3,0.98,0.0,0.02,,,,,,0.16666666666666666,electricity aggregate load_band_3 down_delta_small member=hourly,generic
150,137,20401,20550,150,136,12,2,0.9066666666666666,0.08,0.013333333333333334,,,,,,0.13333333333333333,electricity aggregate load_band_0 down_delta_small member=hourly,generic
150,138,20551,20700,150,143,5,2,0.9533333333333334,0.03333333333333333,0.013333333333333334,,,,,,0.13333333333333333,electricity aggregate load_band_4 up_delta_small member=hourly,generic
150,139,20701,20850,150,143,3,4,0.9533333333333334,0.02,0.02666666666666667,,,,,,0.15333333333333332,electricity aggregate load_band_4 up_delta_small member=hourly,generic
150,140,20851,21000,150,138,9,3,0.92,0.06,0.02,,,,,,0.22666666666666666,electricity aggregate load_band_3 up_delta_small member=hourly,generic
150,141,21001,21150,150,134,15,1,0.8933333333333333,0.1,0.006666666666666667,,,,,,0.20666666666666667,electricity aggregate load_band_3 up_delta_small member=hourly,generic
150,142,21151,21300,150,146,2,2,0.9733333333333334,0.013333333333333334,0.013333333333333334,,,,,,0.15333333333333332,electricity aggregate load_band_3 down_delta_small member=hourly,generic
150,143,21301,21450,150,135,14,1,0.9,0.09333333333333334,0.006666666666666667,,,,,,0.14,electricity aggregate load_band_3 up_delta_small member=hourly,generic
150,144,21451,21600,150,141,7,2,0.94,0.04666666666666667,0.013333333333333334,,,,,,0.14666666666666667,electricity aggregate load_band_4 up_delta_small member=hourly,generic
150,145,21601,21750,150,137,10,3,0.9133333333333333,0.06666666666666667,0.02,,,,,,0.17333333333333334,electricity aggregate load_band_4 up_delta_small member=hourly,generic
150,146,21751,21900,150,140,7,3,0.9333333333333333,0.04666666666666667,0.02,,,,,,0.16,electricity aggregate load_band_4 up_delta_small member=hourly,generic
150,147,21901,22050,150,137,11,2,0.9133333333333333,0.07333333333333333,0.013333333333333334,,,,,,0.18,electricity aggregate load_band_4 up_delta_small member=hourly,generic
150,148,22051,22200,150,142,4,4,0.9466666666666667,0.02666666666666667,0.02666666666666667,,,,,,0.14,electricity aggregate load_band_4 down_delta_mid member=hourly,generic
150,149,22201,22350,150,143,6,1,0.9533333333333334,0.04,0.006666666666666667,,,,,,0.14,electricity aggregate load_band_4 up_delta_small member=hourly,generic
150,150,22351,22500,150,144,2,4,0.96,0.013333333333333334,0.02666666666666667,,,,,,0.14,electricity aggregate load_band_1 up_delta_mid member=hourly,generic
150,151,22501,22650,150,143,2,5,0.9533333333333334,0.013333333333333334,0.03333333333333333,,,,,,0.14666666666666667,electricity aggregate load_band_4 up_delta_small member=hourly,generic
150,152,22651,22800,150,140,8,2,0.9333333333333333,0.05333333333333334,0.013333333333333334,,,,,,0.14,electricity aggregate load_band_4 down_delta_mid member=hourly,generic
150,153,22801,22950,150,141,8,1,0.94,0.05333333333333334,0.006666666666666667,,,,,,0.12666666666666668,electricity aggregate load_band_4 down_delta_mid member=hourly,generic
150,154,22951,23100,150,139,9,2,0.9266666666666666,0.06,0.013333333333333334,,,,,,0.14666666666666667,electricity aggregate load_band_4 down_delta_mid member=hourly,generic
150,155,23101,23250,150,133,15,2,0.8866666666666667,0.1,0.013333333333333334,,,,,,0.16,electricity aggregate load_band_4 up_delta_small member=hourly,generic
150,156,23251,23400,150,144,5,1,0.96,0.03333333333333333,0.006666666666666667,,,,,,0.14666666666666667,electricity aggregate load_band_4 down_delta_mid member=hourly,generic
150,157,23401,23550,150,142,6,2,0.9466666666666667,0.04,0.013333333333333334,,,,,,0.14666666666666667,electricity aggregate load_band_4 down_delta_small member=hourly,generic
150,158,23551,23700,150,143,2,5,0.9533333333333334,0.013333333333333334,0.03333333333333333,,,,,,0.16666666666666666,electricity aggregate load_band_4 down_delta_small member=hourly,generic
150,159,23701,23850,150,144,4,2,0.96,0.02666666666666667,0.013333333333333334,,,,,,0.18666666666666668,electricity aggregate load_band_4 down_delta_small member=hourly,generic
150,160,23851,24000,150,142,6,2,0.9466666666666667,0.04,0.013333333333333334,,,,,,0.25333333333333335,electricity aggregate load_band_4 up_delta_small member=hourly,generic
150,161,24001,24150,150,136,12,2,0.9066666666666666,0.08,0.013333333333333334,,,,,,0.16,electricity aggregate load_band_4 down_delta_small member=hourly,generic
150,162,24151,24300,150,135,14,1,0.9,0.09333333333333334,0.006666666666666667,,,,,,0.19333333333333333,electricity aggregate load_band_4 up_delta_small member=hourly,generic
150,163,24301,24450,150,133,9,8,0.8866666666666667,0.06,0.05333333333333334,,,,,,0.12666666666666668,electricity aggregate load_band_3 up_delta_small member=hourly,generic
150,164,24451,24600,150,139,10,1,0.9266666666666666,0.06666666666666667,0.006666666666666667,,,,,,0.15333333333333332,electricity aggregate load_band_4 down_delta_small member=hourly,generic
150,165,24601,24750,150,137,8,5,0.9133333333333333,0.05333333333333334,0.03333333333333333,,,,,,0.16666666666666666,electricity aggregate load_band_4 up_delta_small member=hourly,generic
150,166,24751,24900,150,137,12,1,0.9133333333333333,0.08,0.006666666666666667,,,,,,0.12666666666666668,electricity aggregate load_band_1 up_delta_mid member=hourly,generic
150,167,24901,25050,150,140,9,1,0.9333333333333333,0.06,0.006666666666666667,,,,,,0.13333333333333333,electricity aggregate load_band_3 down_delta_small member=hourly,generic
150,168,25051,25200,150,137,12,1,0.9133333333333333,0.08,0.006666666666666667,,,,,,0.13333333333333333,electricity aggregate load_band_3 up_delta_small member=hourly,generic
150,169,25201,25350,150,142,8,0,0.9466666666666667,0.05333333333333334,0.0,,,,,,0.12,electricity aggregate load_band_3 up_delta_small member=hourly,generic
150,170,25351,25500,150,150,0,0,1.0,0.0,0.0,,,,,,0.10666666666666667,electricity aggregate load_band_2 up_delta_small member=hourly,generic
150,171,25501,25650,150,147,0,3,0.98,0.0,0.02,,,,,,0.17333333333333334,electricity aggregate load_band_2 down_delta_small member=hourly,generic
150,172,25651,25800,150,145,5,0,0.9666666666666667,0.03333333333333333,0.0,,,,,,0.16,electricity aggregate load_band_2 up_delta_small member=hourly,generic
150,173,25801,25950,150,149,0,1,0.9933333333333333,0.0,0.006666666666666667,,,,,,0.17333333333333334,electricity aggregate load_band_2 up_delta_small member=hourly,generic
150,174,25951,26100,150,144,5,1,0.96,0.03333333333333333,0.006666666666666667,,,,,,0.16,electricity aggregate load_band_2 up_delta_small member=hourly,generic
150,175,26101,26250,150,140,8,2,0.9333333333333333,0.05333333333333334,0.013333333333333334,,,,,,0.13333333333333333,electricity aggregate load_band_0 down_delta_small member=hourly,generic
150,176,26251,26304,54,32,22,0,0.5925925925925926,0.4074074074074074,0.0,,,,,,0.18518518518518517,electricity aggregate load_band_2 up_delta_small member=hourly,generic
175,1,1,175,175,170,3,2,0.9714285714285714,0.017142857142857144,0.011428571428571429,,,,,,0.15428571428571428,electricity aggregate load_band_3 up_delta_small member=hourly,generic
175,2,176,350,175,168,5,2,0.96,0.02857142857142857,0.011428571428571429,,,,,,0.15428571428571428,electricity aggregate load_band_3 up_delta_small member=hourly,generic
175,3,351,525,175,173,2,0,0.9885714285714285,0.011428571428571429,0.0,,,,,,0.2,electricity aggregate load_band_3 up_delta_small member=hourly,generic
175,4,526,700,175,167,6,2,0.9542857142857143,0.03428571428571429,0.011428571428571429,,,,,,0.17714285714285713,electricity aggregate load_band_3 up_delta_small member=hourly,generic
175,5,701,875,175,174,0,1,0.9942857142857143,0.0,0.005714285714285714,,,,,,0.1657142857142857,electricity aggregate load_band_3 up_delta_small member=hourly,generic
175,6,876,1050,175,169,5,1,0.9657142857142857,0.02857142857142857,0.005714285714285714,,,,,,0.2,electricity aggregate load_band_3 up_delta_small member=hourly,generic
175,7,1051,1225,175,172,2,1,0.9828571428571429,0.011428571428571429,0.005714285714285714,,,,,,0.13142857142857142,electricity aggregate load_band_3 up_delta_small member=hourly,generic
175,8,1226,1400,175,167,7,1,0.9542857142857143,0.04,0.005714285714285714,,,,,,0.17714285714285713,electricity aggregate load_band_3 up_delta_small member=hourly,generic
175,9,1401,1575,175,169,5,1,0.9657142857142857,0.02857142857142857,0.005714285714285714,,,,,,0.2057142857142857,electricity aggregate load_band_3 up_delta_small member=hourly,generic
175,10,1576,1750,175,166,9,0,0.9485714285714286,0.05142857142857143,0.0,,,,,,0.22857142857142856,electricity aggregate load_band_3 up_delta_small member=hourly,generic
175,11,1751,1925,175,174,0,1,0.9942857142857143,0.0,0.005714285714285714,,,,,,0.16,electricity aggregate load_band_3 up_delta_small member=hourly,generic
175,12,1926,2100,175,168,4,3,0.96,0.022857142857142857,0.017142857142857144,,,,,,0.2342857142857143,electricity aggregate load_band_3 up_delta_small member=hourly,generic
175,13,2101,2275,175,168,7,0,0.96,0.04,0.0,,,,,,0.2742857142857143,electricity aggregate load_band_3 up_delta_small member=hourly,generic
175,14,2276,2450,175,165,9,1,0.9428571428571428,0.05142857142857143,0.005714285714285714,,,,,,0.2,electricity aggregate load_band_3 up_delta_small member=hourly,generic
175,15,2451,2625,175,169,3,3,0.9657142857142857,0.017142857142857144,0.017142857142857144,,,,,,0.19428571428571428,electricity aggregate load_band_3 up_delta_small member=hourly,generic
175,16,2626,2800,175,166,8,1,0.9485714285714286,0.045714285714285714,0.005714285714285714,,,,,,0.2571428571428571,electricity aggregate load_band_3 up_delta_small member=hourly,generic
175,17,2801,2975,175,171,0,4,0.9771428571428571,0.0,0.022857142857142857,,,,,,0.24571428571428572,electricity aggregate load_band_3 up_delta_small member=hourly,generic
175,18,2976,3150,175,156,13,6,0.8914285714285715,0.07428571428571429,0.03428571428571429,,,,,,0.16,electricity aggregate load_band_3 up_delta_small member=hourly,generic
175,19,3151,3325,175,166,9,0,0.9485714285714286,0.05142857142857143,0.0,,,,,,0.17142857142857143,electricity aggregate load_band_4 down_delta_small member=hourly,generic
175,20,3326,3500,175,161,11,3,0.92,0.06285714285714286,0.017142857142857144,,,,,,0.10857142857142857,electricity aggregate load_band_3 up_delta_small member=hourly,generic
175,21,3501,3675,175,168,6,1,0.96,0.03428571428571429,0.005714285714285714,,,,,,0.17714285714285713,electricity aggregate load_band_4 up_delta_small member=hourly,generic
175,22,3676,3850,175,167,8,0,0.9542857142857143,0.045714285714285714,0.0,,,,,,0.13142857142857142,electricity aggregate load_band_1 up_delta_mid member=hourly,generic
175,23,3851,4025,175,165,8,2,0.9428571428571428,0.045714285714285714,0.011428571428571429,,,,,,0.17142857142857143,electricity aggregate load_band_4 up_delta_small member=hourly,generic
175,24,4026,4200,175,161,12,2,0.92,0.06857142857142857,0.011428571428571429,,,,,,0.14285714285714285,electricity aggregate load_band_4 up_delta_small member=hourly,generic
175,25,4201,4375,175,165,6,4,0.9428571428571428,0.03428571428571429,0.022857142857142857,,,,,,0.12571428571428572,electricity aggregate load_band_4 down_delta_mid member=hourly,generic
175,26,4376,4550,175,168,6,1,0.96,0.03428571428571429,0.005714285714285714,,,,,,0.13142857142857142,electricity aggregate load_band_4 up_delta_mid member=hourly,generic
175,27,4551,4725,175,169,4,2,0.9657142857142857,0.022857142857142857,0.011428571428571429,,,,,,0.14285714285714285,electricity aggregate load_band_4 up_delta_mid member=hourly,generic
175,28,4726,4900,175,170,5,0,0.9714285714285714,0.02857142857142857,0.0,,,,,,0.11428571428571428,electricity aggregate load_band_4 up_delta_small member=hourly,generic
175,29,4901,5075,175,169,5,1,0.9657142857142857,0.02857142857142857,0.005714285714285714,,,,,,0.15428571428571428,electricity aggregate load_band_4 up_delta_small member=hourly,generic
175,30,5076,5250,175,170,4,1,0.9714285714285714,0.022857142857142857,0.005714285714285714,,,,,,0.17142857142857143,electricity aggregate load_band_4 up_delta_mid member=hourly,generic
175,31,5251,5425,175,168,3,4,0.96,0.017142857142857144,0.022857142857142857,,,,,,0.16,electricity aggregate load_band_4 down_delta_mid member=hourly,generic
175,32,5426,5600,175,171,3,1,0.9771428571428571,0.017142857142857144,0.005714285714285714,,,,,,0.16,electricity aggregate load_band_4 down_delta_small member=hourly,generic
175,33,5601,5775,175,172,2,1,0.9828571428571429,0.011428571428571429,0.005714285714285714,,,,,,0.13714285714285715,electricity aggregate load_band_4 up_delta_mid member=hourly,generic
175,34,5776,5950,175,162,11,2,0.9257142857142857,0.06285714285714286,0.011428571428571429,,,,,,0.13142857142857142,electricity aggregate load_band_4 up_delta_small member=hourly,generic
175,35,5951,6125,175,169,5,1,0.9657142857142857,0.02857142857142857,0.005714285714285714,,,,,,0.12,electricity aggregate load_band_4 up_delta_mid member=hourly,generic
175,36,6126,6300,175,170,3,2,0.9714285714285714,0.017142857142857144,0.011428571428571429,,,,,,0.14857142857142858,electricity aggregate load_band_4 up_delta_small member=hourly,generic
175,37,6301,6475,175,158,15,2,0.9028571428571428,0.08571428571428572,0.011428571428571429,,,,,,0.15428571428571428,electricity aggregate load_band_4 up_delta_small member=hourly,generic
175,38,6476,6650,175,164,10,1,0.9371428571428572,0.05714285714285714,0.005714285714285714,,,,,,0.16,electricity aggregate load_band_4 up_delta_small member=hourly,generic
175,39,6651,6825,175,172,3,0,0.9828571428571429,0.017142857142857144,0.0,,,,,,0.17714285714285713,electricity aggregate load_band_4 down_delta_small member=hourly,generic
175,40,6826,7000,175,165,10,0,0.9428571428571428,0.05714285714285714,0.0,,,,,,0.10285714285714286,electricity aggregate load_band_3 up_delta_small member=hourly,generic
175,41,7001,7175,175,160,11,4,0.9142857142857143,0.06285714285714286,0.022857142857142857,,,,,,0.17714285714285713,electricity aggregate load_band_3 up_delta_small member=hourly,generic
175,42,7176,7350,175,161,8,6,0.92,0.045714285714285714,0.03428571428571429,,,,,,0.18285714285714286,electricity aggregate load_band_3 down_delta_small member=hourly,generic
175,43,7351,7525,175,158,15,2,0.9028571428571428,0.08571428571428572,0.011428571428571429,,,,,,0.13714285714285715,electricity aggregate load_band_3 down_delta_small member=hourly,generic
175,44,7526,7700,175,164,11,0,0.9371428571428572,0.06285714285714286,0.0,,,,,,0.12,electricity aggregate load_band_3 down_delta_small member=hourly,generic
175,45,7701,7875,175,167,8,0,0.9542857142857143,0.045714285714285714,0.0,,,,,,0.11428571428571428,electricity aggregate load_band_3 down_delta_small member=hourly,generic
175,46,7876,8050,175,169,6,0,0.9657142857142857,0.03428571428571429,0.0,,,,,,0.10857142857142857,electricity aggregate load_band_2 up_delta_small member=hourly,generic
175,47,8051,8225,175,170,4,1,0.9714285714285714,0.022857142857142857,0.005714285714285714,,,,,,0.11428571428571428,electricity aggregate load_band_2 up_delta_small member=hourly,generic
175,48,8226,8400,175,168,6,1,0.96,0.03428571428571429,0.005714285714285714,,,,,,0.11428571428571428,electricity aggregate load_band_3 down_delta_small member=hourly,generic
175,49,8401,8575,175,166,8,1,0.9485714285714286,0.045714285714285714,0.005714285714285714,,,,,,0.16,electricity aggregate load_band_3 down_delta_small member=hourly,generic
175,50,8576,8750,175,169,6,0,0.9657142857142857,0.03428571428571429,0.0,,,,,,0.11428571428571428,electricity aggregate load_band_3 down_delta_small member=hourly,generic
175,51,8751,8925,175,175,0,0,1.0,0.0,0.0,,,,,,0.12,electricity aggregate load_band_2 up_delta_small member=hourly,generic
175,52,8926,9100,175,173,0,2,0.9885714285714285,0.0,0.011428571428571429,,,,,,0.13142857142857142,electricity aggregate load_band_0 down_delta_small member=hourly,generic
175,53,9101,9275,175,173,0,2,0.9885714285714285,0.0,0.011428571428571429,,,,,,0.14285714285714285,electricity aggregate load_band_2 up_delta_small member=hourly,generic
175,54,9276,9450,175,172,2,1,0.9828571428571429,0.011428571428571429,0.005714285714285714,,,,,,0.17714285714285713,electricity aggregate load_band_2 up_delta_small member=hourly,generic
175,55,9451,9625,175,167,7,1,0.9542857142857143,0.04,0.005714285714285714,,,,,,0.17142857142857143,electricity aggregate load_band_2 up_delta_small member=hourly,generic
175,56,9626,9800,175,169,5,1,0.9657142857142857,0.02857142857142857,0.005714285714285714,,,,,,0.24571428571428572,electricity aggregate load_band_2 up_delta_small member=hourly,generic
175,57,9801,9975,175,171,2,2,0.9771428571428571,0.011428571428571429,0.011428571428571429,,,,,,0.2342857142857143,electricity aggregate load_band_2 up_delta_small member=hourly,generic
175,58,9976,10150,175,173,0,2,0.9885714285714285,0.0,0.011428571428571429,,,,,,0.2,electricity aggregate load_band_2 up_delta_small member=hourly,generic
175,59,10151,10325,175,170,3,2,0.9714285714285714,0.017142857142857144,0.011428571428571429,,,,,,0.18857142857142858,electricity aggregate load_band_2 up_delta_small member=hourly,generic
175,60,10326,10500,175,166,8,1,0.9485714285714286,0.045714285714285714,0.005714285714285714,,,,,,0.18857142857142858,electricity aggregate load_band_2 up_delta_small member=hourly,generic
175,61,10501,10675,175,170,2,3,0.9714285714285714,0.011428571428571429,0.017142857142857144,,,,,,0.19428571428571428,electricity aggregate load_band_2 up_delta_small member=hourly,generic
175,62,10676,10850,175,171,3,1,0.9771428571428571,0.017142857142857144,0.005714285714285714,,,,,,0.14285714285714285,electricity aggregate load_band_2 down_delta_small member=hourly,generic
175,63,10851,11025,175,167,5,3,0.9542857142857143,0.02857142857142857,0.017142857142857144,,,,,,0.13142857142857142,electricity aggregate load_band_2 up_delta_small member=hourly,generic
175,64,11026,11200,175,172,3,0,0.9828571428571429,0.017142857142857144,0.0,,,,,,0.26285714285714284,electricity aggregate load_band_2 up_delta_small member=hourly,generic
175,65,11201,11375,175,171,3,1,0.9771428571428571,0.017142857142857144,0.005714285714285714,,,,,,0.14285714285714285,electricity aggregate load_band_3 down_delta_small member=hourly,generic
175,66,11376,11550,175,172,2,1,0.9828571428571429,0.011428571428571429,0.005714285714285714,,,,,,0.18857142857142858,electricity aggregate load_band_3 down_delta_small member=hourly,generic
175,67,11551,11725,175,166,8,1,0.9485714285714286,0.045714285714285714,0.005714285714285714,,,,,,0.22285714285714286,electricity aggregate load_band_2 up_delta_small member=hourly,generic
175,68,11726,11900,175,157,15,3,0.8971428571428571,0.08571428571428572,0.017142857142857144,,,,,,0.19428571428571428,electricity aggregate load_band_3 down_delta_small member=hourly,generic
175,69,11901,12075,175,169,5,1,0.9657142857142857,0.02857142857142857,0.005714285714285714,,,,,,0.13714285714285715,electricity aggregate load_band_3 down_delta_small member=hourly,generic
175,70,12076,12250,175,172,0,3,0.9828571428571429,0.0,0.017142857142857144,,,,,,0.10857142857142857,electricity aggregate load_band_0 down_delta_small member=hourly,generic
175,71,12251,12425,175,164,8,3,0.9371428571428572,0.045714285714285714,0.017142857142857144,,,,,,0.19428571428571428,electricity aggregate load_band_3 up_delta_small member=hourly,generic
175,72,12426,12600,175,168,4,3,0.96,0.022857142857142857,0.017142857142857144,,,,,,0.16,electricity aggregate load_band_3 down_delta_small member=hourly,generic
175,73,12601,12775,175,168,5,2,0.96,0.02857142857142857,0.011428571428571429,,,,,,0.12,electricity aggregate load_band_0 down_delta_small member=hourly,generic
175,74,12776,12950,175,167,7,1,0.9542857142857143,0.04,0.005714285714285714,,,,,,0.10857142857142857,electricity aggregate load_band_1 up_delta_mid member=hourly,generic
175,75,12951,13125,175,169,2,4,0.9657142857142857,0.011428571428571429,0.022857142857142857,,,,,,0.17142857142857143,electricity aggregate load_band_4 down_delta_mid member=hourly,generic
175,76,13126,13300,175,159,16,0,0.9085714285714286,0.09142857142857143,0.0,,,,,,0.17714285714285713,electricity aggregate load_band_4 up_delta_small member=hourly,generic
175,77,13301,13475,175,169,5,1,0.9657142857142857,0.02857142857142857,0.005714285714285714,,,,,,0.16,electricity aggregate load_band_4 up_delta_small member=hourly,generic
175,78,13476,13650,175,170,2,3,0.9714285714285714,0.011428571428571429,0.017142857142857144,,,,,,0.19428571428571428,electricity aggregate load_band_4 up_delta_small member=hourly,generic
175,79,13651,13825,175,168,3,4,0.96,0.017142857142857144,0.022857142857142857,,,,,,0.17142857142857143,electricity aggregate load_band_4 up_delta_small member=hourly,generic
175,80,13826,14000,175,164,8,3,0.9371428571428572,0.045714285714285714,0.017142857142857144,,,,,,0.14857142857142858,electricity aggregate load_band_4 up_delta_small member=hourly,generic
175,81,14001,14175,175,169,5,1,0.9657142857142857,0.02857142857142857,0.005714285714285714,,,,,,0.13142857142857142,electricity aggregate load_band_4 up_delta_small member=hourly,generic
175,82,14176,14350,175,171,3,1,0.9771428571428571,0.017142857142857144,0.005714285714285714,,,,,,0.1657142857142857,electricity aggregate load_band_4 up_delta_small member=hourly,generic
175,83,14351,14525,175,164,11,0,0.9371428571428572,0.06285714285714286,0.0,,,,,,0.12571428571428572,electricity aggregate load_band_4 down_delta_mid member=hourly,generic
175,84,14526,14700,175,168,5,2,0.96,0.02857142857142857,0.011428571428571429,,,,,,0.14857142857142858,electricity aggregate load_band_4 up_delta_small member=hourly,generic
175,85,14701,14875,175,166,6,3,0.9485714285714286,0.03428571428571429,0.017142857142857144,,,,,,0.2,electricity aggregate load_band_4 up_delta_small member=hourly,generic
175,86,14876,15050,175,167,7,1,0.9542857142857143,0.04,0.005714285714285714,,,,,,0.13714285714285715,electricity aggregate load_band_4 up_delta_small member=hourly,generic
175,87,15051,15225,175,164,8,3,0.9371428571428572,0.045714285714285714,0.017142857142857144,,,,,,0.14857142857142858,electricity aggregate load_band_4 down_delta_small member=hourly,generic
175,88,15226,15400,175,167,8,0,0.9542857142857143,0.045714285714285714,0.0,,,,,,0.21142857142857144,electricity aggregate load_band_4 up_delta_small member=hourly,generic
175,89,15401,15575,175,166,5,4,0.9485714285714286,0.02857142857142857,0.022857142857142857,,,,,,0.2057142857142857,electricity aggregate load_band_4 up_delta_small member=hourly,generic
175,90,15576,15750,175,170,0,5,0.9714285714285714,0.0,0.02857142857142857,,,,,,0.14285714285714285,electricity aggregate load_band_4 up_delta_small member=hourly,generic
175,91,15751,15925,175,169,3,3,0.9657142857142857,0.017142857142857144,0.017142857142857144,,,,,,0.13142857142857142,electricity aggregate load_band_1 up_delta_mid member=hourly,generic
175,92,15926,16100,175,170,4,1,0.9714285714285714,0.022857142857142857,0.005714285714285714,,,,,,0.21714285714285714,electricity aggregate load_band_3 up_delta_small member=hourly,generic
175,93,16101,16275,175,167,7,1,0.9542857142857143,0.04,0.005714285714285714,,,,,,0.18285714285714286,electricity aggregate load_band_3 up_delta_small member=hourly,generic
175,94,16276,16450,175,169,4,2,0.9657142857142857,0.022857142857142857,0.011428571428571429,,,,,,0.18857142857142858,electricity aggregate load_band_3 up_delta_small member=hourly,generic
175,95,16451,16625,175,172,0,3,0.9828571428571429,0.0,0.017142857142857144,,,,,,0.16,electricity aggregate load_band_2 up_delta_small member=hourly,generic
175,96,16626,16800,175,174,0,1,0.9942857142857143,0.0,0.005714285714285714,,,,,,0.16,electricity aggregate load_band_2 up_delta_small member=hourly,generic
175,97,16801,16975,175,169,5,1,0.9657142857142857,0.02857142857142857,0.005714285714285714,,,,,,0.13142857142857142,electricity aggregate load_band_2 up_delta_small member=hourly,generic
175,98,16976,17150,175,174,0,1,0.9942857142857143,0.0,0.005714285714285714,,,,,,0.11428571428571428,electricity aggregate load_band_2 up_delta_small member=hourly,generic
175,99,17151,17325,175,172,2,1,0.9828571428571429,0.011428571428571429,0.005714285714285714,,,,,,0.17714285714285713,electricity aggregate load_band_3 up_delta_small member=hourly,generic
175,100,17326,17500,175,170,5,0,0.9714285714285714,0.02857142857142857,0.0,,,,,,0.13714285714285715,electricity aggregate load_band_0 down_delta_small member=hourly,generic
175,101,17501,17675,175,169,5,1,0.9657142857142857,0.02857142857142857,0.005714285714285714,,,,,,0.13714285714285715,electricity aggregate load_band_3 up_delta_small member=hourly,generic
175,102,17676,17850,175,174,0,1,0.9942857142857143,0.0,0.005714285714285714,,,,,,0.13142857142857142,electricity aggregate load_band_2 up_delta_small member=hourly,generic
175,103,17851,18025,175,174,0,1,0.9942857142857143,0.0,0.005714285714285714,,,,,,0.1657142857142857,electricity aggregate load_band_2 up_delta_small member=hourly,generic
175,104,18026,18200,175,173,0,2,0.9885714285714285,0.0,0.011428571428571429,,,,,,0.13142857142857142,electricity aggregate load_band_0 down_delta_small member=hourly,generic
175,105,18201,18375,175,174,0,1,0.9942857142857143,0.0,0.005714285714285714,,,,,,0.17714285714285713,electricity aggregate load_band_2 up_delta_small member=hourly,generic
175,106,18376,18550,175,173,2,0,0.9885714285714285,0.011428571428571429,0.0,,,,,,0.16,electricity aggregate load_band_2 up_delta_small member=hourly,generic
175,107,18551,18725,175,166,7,2,0.9485714285714286,0.04,0.011428571428571429,,,,,,0.17142857142857143,electricity aggregate load_band_2 up_delta_small member=hourly,generic
175,108,18726,18900,175,168,6,1,0.96,0.03428571428571429,0.005714285714285714,,,,,,0.2057142857142857,electricity aggregate load_band_2 up_delta_small member=hourly,generic
175,109,18901,19075,175,165,8,2,0.9428571428571428,0.045714285714285714,0.011428571428571429,,,,,,0.21714285714285714,electricity aggregate load_band_2 up_delta_small member=hourly,generic
175,110,19076,19250,175,167,7,1,0.9542857142857143,0.04,0.005714285714285714,,,,,,0.17142857142857143,electricity aggregate load_band_2 up_delta_small member=hourly,generic
175,111,19251,19425,175,169,5,1,0.9657142857142857,0.02857142857142857,0.005714285714285714,,,,,,0.14857142857142858,electricity aggregate load_band_2 up_delta_small member=hourly,generic
175,112,19426,19600,175,162,12,1,0.9257142857142857,0.06857142857142857,0.005714285714285714,,,,,,0.21714285714285714,electricity aggregate load_band_2 up_delta_small member=hourly,generic
175,113,19601,19775,175,164,9,2,0.9371428571428572,0.05142857142857143,0.011428571428571429,,,,,,0.24571428571428572,electricity aggregate load_band_2 up_delta_small member=hourly,generic
175,114,19776,19950,175,169,4,2,0.9657142857142857,0.022857142857142857,0.011428571428571429,,,,,,0.12571428571428572,electricity aggregate load_band_3 up_delta_small member=hourly,generic
175,115,19951,20125,175,168,5,2,0.96,0.02857142857142857,0.011428571428571429,,,,,,0.1657142857142857,electricity aggregate load_band_3 up_delta_small member=hourly,generic
175,116,20126,20300,175,171,3,1,0.9771428571428571,0.017142857142857144,0.005714285714285714,,,,,,0.17142857142857143,electricity aggregate load_band_3 down_delta_small member=hourly,generic
175,117,20301,20475,175,165,7,3,0.9428571428571428,0.04,0.017142857142857144,,,,,,0.12571428571428572,electricity aggregate load_band_0 down_delta_small member=hourly,generic
175,118,20476,20650,175,165,7,3,0.9428571428571428,0.04,0.017142857142857144,,,,,,0.14285714285714285,electricity aggregate load_band_4 up_delta_small member=hourly,generic
175,119,20651,20825,175,169,4,2,0.9657142857142857,0.022857142857142857,0.011428571428571429,,,,,,0.14857142857142858,electricity aggregate load_band_4 up_delta_small member=hourly,generic
175,120,20826,21000,175,162,10,3,0.9257142857142857,0.05714285714285714,0.017142857142857144,,,,,,0.19428571428571428,electricity aggregate load_band_3 up_delta_small member=hourly,generic
175,121,21001,21175,175,167,8,0,0.9542857142857143,0.045714285714285714,0.0,,,,,,0.18857142857142858,electricity aggregate load_band_3 up_delta_small member=hourly,generic
175,122,21176,21350,175,173,0,2,0.9885714285714285,0.0,0.011428571428571429,,,,,,0.18285714285714286,electricity aggregate load_band_3 down_delta_small member=hourly,generic
175,123,21351,21525,175,162,10,3,0.9257142857142857,0.05714285714285714,0.017142857142857144,,,,,,0.13714285714285715,electricity aggregate load_band_4 up_delta_small member=hourly,generic
175,124,21526,21700,175,161,12,2,0.92,0.06857142857142857,0.011428571428571429,,,,,,0.1657142857142857,electricity aggregate load_band_4 up_delta_small member=hourly,generic
175,125,21701,21875,175,166,5,4,0.9485714285714286,0.02857142857142857,0.022857142857142857,,,,,,0.15428571428571428,electricity aggregate load_band_4 up_delta_small member=hourly,generic
175,126,21876,22050,175,167,5,3,0.9542857142857143,0.02857142857142857,0.017142857142857144,,,,,,0.18285714285714286,electricity aggregate load_band_4 up_delta_small member=hourly,generic
175,127,22051,22225,175,166,6,3,0.9485714285714286,0.03428571428571429,0.017142857142857144,,,,,,0.13714285714285715,electricity aggregate load_band_4 down_delta_mid member=hourly,generic
175,128,22226,22400,175,166,6,3,0.9485714285714286,0.03428571428571429,0.017142857142857144,,,,,,0.15428571428571428,electricity aggregate load_band_4 up_delta_small member=hourly,generic
175,129,22401,22575,175,167,5,3,0.9542857142857143,0.02857142857142857,0.017142857142857144,,,,,,0.13142857142857142,electricity aggregate load_band_4 up_delta_mid member=hourly,generic
175,130,22576,22750,175,167,7,1,0.9542857142857143,0.04,0.005714285714285714,,,,,,0.14857142857142858,electricity aggregate load_band_4 down_delta_mid member=hourly,generic
175,131,22751,22925,175,166,8,1,0.9485714285714286,0.045714285714285714,0.005714285714285714,,,,,,0.12571428571428572,electricity aggregate load_band_4 up_delta_mid member=hourly,generic
175,132,22926,23100,175,167,6,2,0.9542857142857143,0.03428571428571429,0.011428571428571429,,,,,,0.14857142857142858,electricity aggregate load_band_4 down_delta_mid member=hourly,generic
175,133,23101,23275,175,162,12,1,0.9257142857142857,0.06857142857142857,0.005714285714285714,,,,,,0.14857142857142858,electricity aggregate load_band_4 up_delta_small member=hourly,generic
175,134,23276,23450,175,173,0,2,0.9885714285714285,0.0,0.011428571428571429,,,,,,0.13714285714285715,electricity aggregate load_band_4 down_delta_mid member=hourly,generic
175,135,23451,23625,175,169,4,2,0.9657142857142857,0.022857142857142857,0.011428571428571429,,,,,,0.17142857142857143,electricity aggregate load_band_4 down_delta_small member=hourly,generic
175,136,23626,23800,175,162,10,3,0.9257142857142857,0.05714285714285714,0.017142857142857144,,,,,,0.1657142857142857,electricity aggregate load_band_4 down_delta_small member=hourly,generic
175,137,23801,23975,175,166,7,2,0.9485714285714286,0.04,0.011428571428571429,,,,,,0.24571428571428572,electricity aggregate load_band_4 up_delta_small member=hourly,generic
175,138,23976,24150,175,162,11,2,0.9257142857142857,0.06285714285714286,0.011428571428571429,,,,,,0.15428571428571428,electricity aggregate load_band_4 down_delta_small member=hourly,generic
175,139,24151,24325,175,163,11,1,0.9314285714285714,0.06285714285714286,0.005714285714285714,,,,,,0.18857142857142858,electricity aggregate load_band_4 up_delta_small member=hourly,generic
175,140,24326,24500,175,157,12,6,0.8971428571428571,0.06857142857142857,0.03428571428571429,,,,,,0.11428571428571428,electricity aggregate load_band_3 up_delta_small member=hourly,generic
175,141,24501,24675,175,168,6,1,0.96,0.03428571428571429,0.005714285714285714,,,,,,0.15428571428571428,electricity aggregate load_band_4 up_delta_small member=hourly,generic
175,142,24676,24850,175,162,10,3,0.9257142857142857,0.05714285714285714,0.017142857142857144,,,,,,0.12,electricity aggregate load_band_1 up_delta_mid member=hourly,generic
175,143,24851,25025,175,160,14,1,0.9142857142857143,0.08,0.005714285714285714,,,,,,0.13142857142857142,electricity aggregate load_band_3 down_delta_small member=hourly,generic
175,144,25026,25200,175,166,8,1,0.9485714285714286,0.045714285714285714,0.005714285714285714,,,,,,0.12,electricity aggregate load_band_3 up_delta_small member=hourly,generic
175,145,25201,25375,175,172,3,0,0.9828571428571429,0.017142857142857144,0.0,,,,,,0.13714285714285715,electricity aggregate load_band_3 up_delta_small member=hourly,generic
175,146,25376,25550,175,174,0,1,0.9942857142857143,0.0,0.005714285714285714,,,,,,0.13714285714285715,electricity aggregate load_band_2 up_delta_small member=hourly,generic
175,147,25551,25725,175,171,2,2,0.9771428571428571,0.011428571428571429,0.011428571428571429,,,,,,0.15428571428571428,electricity aggregate load_band_2 down_delta_small member=hourly,generic
175,148,25726,25900,175,173,0,2,0.9885714285714285,0.0,0.011428571428571429,,,,,,0.16,electricity aggregate load_band_2 up_delta_small member=hourly,generic
175,149,25901,26075,175,172,3,0,0.9828571428571429,0.017142857142857144,0.0,,,,,,0.16,electricity aggregate load_band_2 up_delta_small member=hourly,generic
175,150,26076,26250,175,167,7,1,0.9542857142857143,0.04,0.005714285714285714,,,,,,0.13714285714285715,electricity aggregate load_band_2 up_delta_small member=hourly,generic
175,151,26251,26304,54,32,22,0,0.5925925925925926,0.4074074074074074,0.0,,,,,,0.18518518518518517,electricity aggregate load_band_2 up_delta_small member=hourly,generic
200,1,1,200,200,194,5,1,0.97,0.025,0.005,,,,,,0.16,electricity aggregate load_band_3 up_delta_small member=hourly,generic
200,2,201,400,200,193,5,2,0.965,0.025,0.01,,,,,,0.16,electricity aggregate load_band_3 up_delta_small member=hourly,generic
200,3,401,600,200,195,5,0,0.975,0.025,0.0,,,,,,0.185,electricity aggregate load_band_3 up_delta_small member=hourly,generic
200,4,601,800,200,195,3,2,0.975,0.015,0.01,,,,,,0.19,electricity aggregate load_band_3 up_delta_small member=hourly,generic
200,5,801,1000,200,197,2,1,0.985,0.01,0.005,,,,,,0.19,electricity aggregate load_band_3 up_delta_small member=hourly,generic
200,6,1001,1200,200,196,4,0,0.98,0.02,0.0,,,,,,0.13,electricity aggregate load_band_3 up_delta_small member=hourly,generic
200,7,1201,1400,200,190,8,2,0.95,0.04,0.01,,,,,,0.175,electricity aggregate load_band_3 up_delta_small member=hourly,generic
200,8,1401,1600,200,194,5,1,0.97,0.025,0.005,,,,,,0.22,electricity aggregate load_band_3 up_delta_small member=hourly,generic
200,9,1601,1800,200,196,4,0,0.98,0.02,0.0,,,,,,0.21,electricity aggregate load_band_3 up_delta_small member=hourly,generic
200,10,1801,2000,200,195,5,0,0.975,0.025,0.0,,,,,,0.175,electricity aggregate load_band_3 up_delta_small member=hourly,generic
200,11,2001,2200,200,193,5,2,0.965,0.025,0.01,,,,,,0.275,electricity aggregate load_band_3 up_delta_small member=hourly,generic
200,12,2201,2400,200,192,7,1,0.96,0.035,0.005,,,,,,0.2,electricity aggregate load_band_3 up_delta_small member=hourly,generic
200,13,2401,2600,200,195,4,1,0.975,0.02,0.005,,,,,,0.205,electricity aggregate load_band_3 up_delta_small member=hourly,generic
200,14,2601,2800,200,189,10,1,0.945,0.05,0.005,,,,,,0.25,electricity aggregate load_band_3 up_delta_small member=hourly,generic
200,15,2801,3000,200,195,2,3,0.975,0.01,0.015,,,,,,0.24,electricity aggregate load_band_3 up_delta_small member=hourly,generic
200,16,3001,3200,200,186,10,4,0.93,0.05,0.02,,,,,,0.115,electricity aggregate load_band_1 up_delta_mid member=hourly,generic
200,17,3201,3400,200,184,15,1,0.92,0.075,0.005,,,,,,0.125,electricity aggregate load_band_4 down_delta_small member=hourly,generic
200,18,3401,3600,200,194,6,0,0.97,0.03,0.0,,,,,,0.185,electricity aggregate load_band_4 up_delta_small member=hourly,generic
200,19,3601,3800,200,197,0,3,0.985,0.0,0.015,,,,,,0.135,electricity aggregate load_band_4 up_delta_small member=hourly,generic
200,20,3801,4000,200,191,8,1,0.955,0.04,0.005,,,,,,0.16,electricity aggregate load_band_4 up_delta_small member=hourly,generic
200,21,4001,4200,200,189,9,2,0.945,0.045,0.01,,,,,,0.145,electricity aggregate load_band_4 up_delta_small member=hourly,generic
200,22,4201,4400,200,192,3,5,0.96,0.015,0.025,,,,,,0.125,electricity aggregate load_band_4 down_delta_small member=hourly,generic
200,23,4401,4600,200,196,3,1,0.98,0.015,0.005,,,,,,0.135,electricity aggregate load_band_4 up_delta_mid member=hourly,generic
200,24,4601,4800,200,195,4,1,0.975,0.02,0.005,,,,,,0.125,electricity aggregate load_band_4 up_delta_mid member=hourly,generic
200,25,4801,5000,200,199,0,1,0.995,0.0,0.005,,,,,,0.135,electricity aggregate load_band_4 up_delta_small member=hourly,generic
200,26,5001,5200,200,193,6,1,0.965,0.03,0.005,,,,,,0.165,electricity aggregate load_band_4 up_delta_mid member=hourly,generic
200,27,5201,5400,200,190,9,1,0.95,0.045,0.005,,,,,,0.16,electricity aggregate load_band_4 down_delta_mid member=hourly,generic
200,28,5401,5600,200,199,0,1,0.995,0.0,0.005,,,,,,0.155,electricity aggregate load_band_4 down_delta_small member=hourly,generic
200,29,5601,5800,200,195,3,2,0.975,0.015,0.01,,,,,,0.14,electricity aggregate load_band_4 up_delta_mid member=hourly,generic
200,30,5801,6000,200,188,11,1,0.94,0.055,0.005,,,,,,0.135,electricity aggregate load_band_4 up_delta_small member=hourly,generic
200,31,6001,6200,200,195,3,2,0.975,0.015,0.01,,,,,,0.125,electricity aggregate load_band_1 up_delta_mid member=hourly,generic
200,32,6201,6400,200,189,10,1,0.945,0.05,0.005,,,,,,0.155,electricity aggregate load_band_4 up_delta_small member=hourly,generic
200,33,6401,6600,200,190,10,0,0.95,0.05,0.0,,,,,,0.165,electricity aggregate load_band_4 up_delta_small member=hourly,generic
200,34,6601,6800,200,198,2,0,0.99,0.01,0.0,,,,,,0.18,electricity aggregate load_band_4 down_delta_small member=hourly,generic
200,35,6801,7000,200,195,5,0,0.975,0.025,0.0,,,,,,0.1,electricity aggregate load_band_4 up_delta_small member=hourly,generic
200,36,7001,7200,200,182,15,3,0.91,0.075,0.015,,,,,,0.17,electricity aggregate load_band_3 up_delta_small member=hourly,generic
200,37,7201,7400,200,184,10,6,0.92,0.05,0.03,,,,,,0.165,electricity aggregate load_band_3 down_delta_small member=hourly,generic
200,38,7401,7600,200,193,7,0,0.965,0.035,0.0,,,,,,0.15,electricity aggregate load_band_3 down_delta_small member=hourly,generic
200,39,7601,7800,200,196,3,1,0.98,0.015,0.005,,,,,,0.125,electricity aggregate load_band_3 up_delta_small member=hourly,generic
200,40,7801,8000,200,195,5,0,0.975,0.025,0.0,,,,,,0.11,electricity aggregate load_band_3 down_delta_small member=hourly,generic
200,41,8001,8200,200,196,2,2,0.98,0.01,0.01,,,,,,0.14,electricity aggregate load_band_2 up_delta_small member=hourly,generic
200,42,8201,8400,200,199,0,1,0.995,0.0,0.005,,,,,,0.12,electricity aggregate load_band_3 down_delta_small member=hourly,generic
200,43,8401,8600,200,189,11,0,0.945,0.055,0.0,,,,,,0.165,electricity aggregate load_band_3 down_delta_small member=hourly,generic
200,44,8601,8800,200,200,0,0,1.0,0.0,0.0,,,,,,0.11,electricity aggregate load_band_3 down_delta_small member=hourly,generic
200,45,8801,9000,200,197,3,0,0.985,0.015,0.0,,,,,,0.15,electricity aggregate load_band_2 up_delta_small member=hourly,generic
200,46,9001,9200,200,198,2,0,0.99,0.01,0.0,,,,,,0.16,electricity aggregate load_band_2 up_delta_small member=hourly,generic
200,47,9201,9400,200,199,0,1,0.995,0.0,0.005,,,,,,0.15,electricity aggregate load_band_2 up_delta_small member=hourly,generic
200,48,9401,9600,200,198,0,2,0.99,0.0,0.01,,,,,,0.145,electricity aggregate load_band_2 up_delta_small member=hourly,generic
200,49,9601,9800,200,195,3,2,0.975,0.015,0.01,,,,,,0.245,electricity aggregate load_band_2 up_delta_small member=hourly,generic
200,50,9801,10000,200,198,0,2,0.99,0.0,0.01,,,,,,0.235,electricity aggregate load_band_2 up_delta_small member=hourly,generic
200,51,10001,10200,200,198,0,2,0.99,0.0,0.01,,,,,,0.2,electricity aggregate load_band_2 up_delta_small member=hourly,generic
200,52,10201,10400,200,198,0,2,0.99,0.0,0.01,,,,,,0.18,electricity aggregate load_band_2 up_delta_small member=hourly,generic
200,53,10401,10600,200,194,5,1,0.97,0.025,0.005,,,,,,0.185,electricity aggregate load_band_2 up_delta_small member=hourly,generic
200,54,10601,10800,200,198,2,0,0.99,0.01,0.0,,,,,,0.185,electricity aggregate load_band_2 up_delta_small member=hourly,generic
200,55,10801,11000,200,191,6,3,0.955,0.03,0.015,,,,,,0.125,electricity aggregate load_band_2 down_delta_small member=hourly,generic
200,56,11001,11200,200,200,0,0,1.0,0.0,0.0,,,,,,0.265,electricity aggregate load_band_2 up_delta_small member=hourly,generic
200,57,11201,11400,200,199,0,1,0.995,0.0,0.005,,,,,,0.14,electricity aggregate load_band_3 down_delta_small member=hourly,generic
200,58,11401,11600,200,191,8,1,0.955,0.04,0.005,,,,,,0.175,electricity aggregate load_band_3 down_delta_small member=hourly,generic
200,59,11601,11800,200,193,5,2,0.965,0.025,0.01,,,,,,0.19,electricity aggregate load_band_2 up_delta_small member=hourly,generic
200,60,11801,12000,200,192,6,2,0.96,0.03,0.01,,,,,,0.185,electricity aggregate load_band_3 down_delta_small member=hourly,generic
200,61,12001,12200,200,194,5,1,0.97,0.025,0.005,,,,,,0.13,electricity aggregate load_band_2 up_delta_small member=hourly,generic
200,62,12201,12400,200,191,7,2,0.955,0.035,0.01,,,,,,0.21,electricity aggregate load_band_3 up_delta_small member=hourly,generic
200,63,12401,12600,200,192,6,2,0.96,0.03,0.01,,,,,,0.155,electricity aggregate load_band_3 down_delta_small member=hourly,generic
200,64,12601,12800,200,193,5,2,0.965,0.025,0.01,,,,,,0.115,electricity aggregate load_band_0 down_delta_small member=hourly,generic
200,65,12801,13000,200,193,7,0,0.965,0.035,0.0,,,,,,0.105,electricity aggregate load_band_1 up_delta_mid member=hourly,generic
200,66,13001,13200,200,198,0,2,0.99,0.0,0.01,,,,,,0.19,electricity aggregate load_band_4 down_delta_mid member=hourly,generic
200,67,13201,13400,200,199,0,1,0.995,0.0,0.005,,,,,,0.16,electricity aggregate load_band_4 up_delta_small member=hourly,generic
200,68,13401,13600,200,190,8,2,0.95,0.04,0.01,,,,,,0.195,electricity aggregate load_band_4 up_delta_small member=hourly,generic
200,69,13601,13800,200,193,5,2,0.965,0.025,0.01,,,,,,0.175,electricity aggregate load_band_4 up_delta_small member=hourly,generic
200,70,13801,14000,200,187,11,2,0.935,0.055,0.01,,,,,,0.15,electricity aggregate load_band_4 up_delta_small member=hourly,generic
200,71,14001,14200,200,197,2,1,0.985,0.01,0.005,,,,,,0.14,electricity aggregate load_band_4 up_delta_small member=hourly,generic
200,72,14201,14400,200,194,5,1,0.97,0.025,0.005,,,,,,0.145,electricity aggregate load_band_4 up_delta_small member=hourly,generic
200,73,14401,14600,200,193,6,1,0.965,0.03,0.005,,,,,,0.135,electricity aggregate load_band_4 up_delta_small member=hourly,generic
200,74,14601,14800,200,189,6,5,0.945,0.03,0.025,,,,,,0.175,electricity aggregate load_band_4 up_delta_small member=hourly,generic
200,75,14801,15000,200,194,4,2,0.97,0.02,0.01,,,,,,0.17,electricity aggregate load_band_4 up_delta_small member=hourly,generic
200,76,15001,15200,200,187,11,2,0.935,0.055,0.01,,,,,,0.14,electricity aggregate load_band_4 down_delta_small member=hourly,generic
200,77,15201,15400,200,195,5,0,0.975,0.025,0.0,,,,,,0.205,electricity aggregate load_band_4 up_delta_small member=hourly,generic
200,78,15401,15600,200,190,5,5,0.95,0.025,0.025,,,,,,0.205,electricity aggregate load_band_4 up_delta_small member=hourly,generic
200,79,15601,15800,200,193,4,3,0.965,0.02,0.015,,,,,,0.13,electricity aggregate load_band_4 up_delta_small member=hourly,generic
200,80,15801,16000,200,193,4,3,0.965,0.02,0.015,,,,,,0.17,electricity aggregate load_band_3 up_delta_small member=hourly,generic
200,81,16001,16200,200,191,9,0,0.955,0.045,0.0,,,,,,0.185,electricity aggregate load_band_3 up_delta_small member=hourly,generic
200,82,16201,16400,200,192,4,4,0.96,0.02,0.02,,,,,,0.195,electricity aggregate load_band_3 up_delta_small member=hourly,generic
200,83,16401,16600,200,194,3,3,0.97,0.015,0.015,,,,,,0.13,electricity aggregate load_band_2 up_delta_small member=hourly,generic
200,84,16601,16800,200,198,0,2,0.99,0.0,0.01,,,,,,0.15,electricity aggregate load_band_2 up_delta_small member=hourly,generic
200,85,16801,17000,200,193,5,2,0.965,0.025,0.01,,,,,,0.14,electricity aggregate load_band_2 up_delta_small member=hourly,generic
200,86,17001,17200,200,199,0,1,0.995,0.0,0.005,,,,,,0.14,electricity aggregate load_band_3 up_delta_small member=hourly,generic
200,87,17201,17400,200,196,3,1,0.98,0.015,0.005,,,,,,0.175,electricity aggregate load_band_3 up_delta_small member=hourly,generic
200,88,17401,17600,200,194,6,0,0.97,0.03,0.0,,,,,,0.14,electricity aggregate load_band_0 down_delta_small member=hourly,generic
200,89,17601,17800,200,196,2,2,0.98,0.01,0.01,,,,,,0.125,electricity aggregate load_band_3 up_delta_small member=hourly,generic
200,90,17801,18000,200,198,0,2,0.99,0.0,0.01,,,,,,0.15,electricity aggregate load_band_2 up_delta_small member=hourly,generic
200,91,18001,18200,200,198,0,2,0.99,0.0,0.01,,,,,,0.13,electricity aggregate load_band_0 down_delta_small member=hourly,generic
200,92,18201,18400,200,199,0,1,0.995,0.0,0.005,,,,,,0.175,electricity aggregate load_band_2 up_delta_small member=hourly,generic
200,93,18401,18600,200,198,2,0,0.99,0.01,0.0,,,,,,0.165,electricity aggregate load_band_2 up_delta_small member=hourly,generic
200,94,18601,18800,200,188,10,2,0.94,0.05,0.01,,,,,,0.19,electricity aggregate load_band_2 up_delta_small member=hourly,generic
200,95,18801,19000,200,187,11,2,0.935,0.055,0.01,,,,,,0.19,electricity aggregate load_band_2 up_delta_small member=hourly,generic
200,96,19001,19200,200,189,9,2,0.945,0.045,0.01,,,,,,0.21,electricity aggregate load_band_2 up_delta_small member=hourly,generic
200,97,19201,19400,200,196,3,1,0.98,0.015,0.005,,,,,,0.14,electricity aggregate load_band_2 up_delta_small member=hourly,generic
200,98,19401,19600,200,188,11,1,0.94,0.055,0.005,,,,,,0.215,electricity aggregate load_band_2 up_delta_small member=hourly,generic
200,99,19601,19800,200,187,10,3,0.935,0.05,0.015,,,,,,0.24,electricity aggregate load_band_2 up_delta_small member=hourly,generic
200,100,19801,20000,200,196,2,2,0.98,0.01,0.01,,,,,,0.16,electricity aggregate load_band_3 up_delta_small member=hourly,generic
200,101,20001,20200,200,195,2,3,0.975,0.01,0.015,,,,,,0.135,electricity aggregate load_band_3 up_delta_small member=hourly,generic
200,102,20201,20400,200,197,0,3,0.985,0.0,0.015,,,,,,0.18,electricity aggregate load_band_3 up_delta_small member=hourly,generic
200,103,20401,20600,200,188,11,1,0.94,0.055,0.005,,,,,,0.13,electricity aggregate load_band_0 down_delta_small member=hourly,generic
200,104,20601,20800,200,191,8,1,0.955,0.04,0.005,,,,,,0.135,electricity aggregate load_band_4 up_delta_small member=hourly,generic
200,105,20801,21000,200,187,8,5,0.935,0.04,0.025,,,,,,0.17,electricity aggregate load_band_3 up_delta_small member=hourly,generic
200,106,21001,21200,200,191,7,2,0.955,0.035,0.01,,,,,,0.18,electricity aggregate load_band_3 up_delta_small member=hourly,generic
200,107,21201,21400,200,196,3,1,0.98,0.015,0.005,,,,,,0.175,electricity aggregate load_band_3 down_delta_small member=hourly,generic
200,108,21401,21600,200,192,5,3,0.96,0.025,0.015,,,,,,0.16,electricity aggregate load_band_4 up_delta_small member=hourly,generic
200,109,21601,21800,200,190,7,3,0.95,0.035,0.015,,,,,,0.18,electricity aggregate load_band_4 up_delta_small member=hourly,generic
200,110,21801,22000,200,191,6,3,0.955,0.03,0.015,,,,,,0.15,electricity aggregate load_band_4 up_delta_small member=hourly,generic
200,111,22001,22200,200,189,5,6,0.945,0.025,0.03,,,,,,0.13,electricity aggregate load_band_4 down_delta_mid member=hourly,generic
200,112,22201,22400,200,194,3,3,0.97,0.015,0.015,,,,,,0.15,electricity aggregate load_band_4 up_delta_small member=hourly,generic
200,113,22401,22600,200,190,8,2,0.95,0.04,0.01,,,,,,0.13,electricity aggregate load_band_4 up_delta_mid member=hourly,generic
200,114,22601,22800,200,193,5,2,0.965,0.025,0.01,,,,,,0.14,electricity aggregate load_band_4 down_delta_mid member=hourly,generic
200,115,22801,23000,200,189,10,1,0.945,0.05,0.005,,,,,,0.135,electricity aggregate load_band_4 down_delta_mid member=hourly,generic
200,116,23001,23200,200,191,8,1,0.955,0.04,0.005,,,,,,0.14,electricity aggregate load_band_4 down_delta_mid member=hourly,generic
200,117,23201,23400,200,197,0,3,0.985,0.0,0.015,,,,,,0.135,electricity aggregate load_band_4 down_delta_mid member=hourly,generic
200,118,23401,23600,200,191,7,2,0.955,0.035,0.01,,,,,,0.15,electricity aggregate load_band_4 down_delta_small member=hourly,generic
200,119,23601,23800,200,190,7,3,0.95,0.035,0.015,,,,,,0.175,electricity aggregate load_band_4 down_delta_small member=hourly,generic
200,120,23801,24000,200,189,10,1,0.945,0.05,0.005,,,,,,0.245,electricity aggregate load_band_4 up_delta_small member=hourly,generic
200,121,24001,24200,200,194,5,1,0.97,0.025,0.005,,,,,,0.15,electricity aggregate load_band_4 down_delta_small member=hourly,generic
200,122,24201,24400,200,181,13,6,0.905,0.065,0.03,,,,,,0.17,electricity aggregate load_band_4 up_delta_small member=hourly,generic
200,123,24401,24600,200,186,14,0,0.93,0.07,0.0,,,,,,0.12,electricity aggregate load_band_4 down_delta_small member=hourly,generic
200,124,24601,24800,200,189,9,2,0.945,0.045,0.01,,,,,,0.14,electricity aggregate load_band_4 up_delta_small member=hourly,generic
200,125,24801,25000,200,190,9,1,0.95,0.045,0.005,,,,,,0.105,electricity aggregate load_band_3 down_delta_small member=hourly,generic
200,126,25001,25200,200,193,6,1,0.965,0.03,0.005,,,,,,0.12,electricity aggregate load_band_3 up_delta_small member=hourly,generic
200,127,25201,25400,200,200,0,0,1.0,0.0,0.0,,,,,,0.125,electricity aggregate load_band_3 up_delta_small member=hourly,generic
200,128,25401,25600,200,199,0,1,0.995,0.0,0.005,,,,,,0.15,electricity aggregate load_band_2 up_delta_small member=hourly,generic
200,129,25601,25800,200,194,5,1,0.97,0.025,0.005,,,,,,0.135,electricity aggregate load_band_2 down_delta_small member=hourly,generic
200,130,25801,26000,200,199,0,1,0.995,0.0,0.005,,,,,,0.175,electricity aggregate load_band_2 up_delta_small member=hourly,generic
200,131,26001,26200,200,192,7,1,0.96,0.035,0.005,,,,,,0.13,electricity aggregate load_band_2 up_delta_small member=hourly,generic
200,132,26201,26304,104,99,4,1,0.9519230769230769,0.038461538461538464,0.009615384615384616,,,,,,0.17307692307692307,electricity aggregate load_band_2 up_delta_small member=hourly,generic
225,1,1,225,225,219,5,1,0.9733333333333334,0.022222222222222223,0.0044444444444444444,,,,,,0.15555555555555556,electricity aggregate load_band_3 up_delta_small member=hourly,generic
225,2,226,450,225,217,7,1,0.9644444444444444,0.03111111111111111,0.0044444444444444444,,,,,,0.1688888888888889,electricity aggregate load_band_3 up_delta_small member=hourly,generic
225,3,451,675,225,221,3,1,0.9822222222222222,0.013333333333333334,0.0044444444444444444,,,,,,0.19111111111111112,electricity aggregate load_band_3 up_delta_small member=hourly,generic
225,4,676,900,225,223,2,0,0.9911111111111112,0.008888888888888889,0.0,,,,,,0.1688888888888889,electricity aggregate load_band_3 up_delta_small member=hourly,generic
225,5,901,1125,225,221,3,1,0.9822222222222222,0.013333333333333334,0.0044444444444444444,,,,,,0.17777777777777778,electricity aggregate load_band_3 up_delta_small member=hourly,generic
225,6,1126,1350,225,216,8,1,0.96,0.035555555555555556,0.0044444444444444444,,,,,,0.14666666666666667,electricity aggregate load_band_3 up_delta_small member=hourly,generic
225,7,1351,1575,225,222,2,1,0.9866666666666667,0.008888888888888889,0.0044444444444444444,,,,,,0.2088888888888889,electricity aggregate load_band_3 up_delta_small member=hourly,generic
225,8,1576,1800,225,221,4,0,0.9822222222222222,0.017777777777777778,0.0,,,,,,0.2222222222222222,electricity aggregate load_band_3 up_delta_small member=hourly,generic
225,9,1801,2025,225,218,5,2,0.9688888888888889,0.022222222222222223,0.008888888888888889,,,,,,0.17777777777777778,electricity aggregate load_band_3 up_delta_small member=hourly,generic
225,10,2026,2250,225,221,4,0,0.9822222222222222,0.017777777777777778,0.0,,,,,,0.26222222222222225,electricity aggregate load_band_3 up_delta_small member=hourly,generic
225,11,2251,2475,225,218,6,1,0.9688888888888889,0.02666666666666667,0.0044444444444444444,,,,,,0.21333333333333335,electricity aggregate load_band_3 up_delta_small member=hourly,generic
225,12,2476,2700,225,219,3,3,0.9733333333333334,0.013333333333333334,0.013333333333333334,,,,,,0.22666666666666666,electricity aggregate load_band_3 up_delta_small member=hourly,generic
225,13,2701,2925,225,222,0,3,0.9866666666666667,0.0,0.013333333333333334,,,,,,0.24,electricity aggregate load_band_3 up_delta_small member=hourly,generic
225,14,2926,3150,225,206,15,4,0.9155555555555556,0.06666666666666667,0.017777777777777778,,,,,,0.17777777777777778,electricity aggregate load_band_3 up_delta_small member=hourly,generic
225,15,3151,3375,225,214,11,0,0.9511111111111111,0.04888888888888889,0.0,,,,,,0.13777777777777778,electricity aggregate load_band_4 down_delta_small member=hourly,generic
225,16,3376,3600,225,217,7,1,0.9644444444444444,0.03111111111111111,0.0044444444444444444,,,,,,0.16444444444444445,electricity aggregate load_band_4 up_delta_small member=hourly,generic
225,17,3601,3825,225,221,2,2,0.9822222222222222,0.008888888888888889,0.008888888888888889,,,,,,0.13333333333333333,electricity aggregate load_band_4 up_delta_small member=hourly,generic
225,18,3826,4050,225,219,5,1,0.9733333333333334,0.022222222222222223,0.0044444444444444444,,,,,,0.16444444444444445,electricity aggregate load_band_4 up_delta_small member=hourly,generic
225,19,4051,4275,225,213,8,4,0.9466666666666667,0.035555555555555556,0.017777777777777778,,,,,,0.13777777777777778,electricity aggregate load_band_4 down_delta_small member=hourly,generic
225,20,4276,4500,225,218,6,1,0.9688888888888889,0.02666666666666667,0.0044444444444444444,,,,,,0.12444444444444444,electricity aggregate load_band_4 down_delta_mid member=hourly,generic
225,21,4501,4725,225,219,4,2,0.9733333333333334,0.017777777777777778,0.008888888888888889,,,,,,0.14222222222222222,electricity aggregate load_band_4 up_delta_mid member=hourly,generic
225,22,4726,4950,225,223,2,0,0.9911111111111112,0.008888888888888889,0.0,,,,,,0.12444444444444444,electricity aggregate load_band_4 up_delta_small member=hourly,generic
225,23,4951,5175,225,219,5,1,0.9733333333333334,0.022222222222222223,0.0044444444444444444,,,,,,0.1511111111111111,electricity aggregate load_band_4 up_delta_mid member=hourly,generic
225,24,5176,5400,225,218,6,1,0.9688888888888889,0.02666666666666667,0.0044444444444444444,,,,,,0.16444444444444445,electricity aggregate load_band_4 down_delta_mid member=hourly,generic
225,25,5401,5625,225,224,0,1,0.9955555555555555,0.0,0.0044444444444444444,,,,,,0.14666666666666667,electricity aggregate load_band_4 down_delta_small member=hourly,generic
225,26,5626,5850,225,221,3,1,0.9822222222222222,0.013333333333333334,0.0044444444444444444,,,,,,0.14222222222222222,electricity aggregate load_band_4 up_delta_mid member=hourly,generic
225,27,5851,6075,225,217,8,0,0.9644444444444444,0.035555555555555556,0.0,,,,,,0.13777777777777778,electricity aggregate load_band_4 down_delta_small member=hourly,generic
225,28,6076,6300,225,220,3,2,0.9777777777777777,0.013333333333333334,0.008888888888888889,,,,,,0.13333333333333333,electricity aggregate load_band_4 up_delta_small member=hourly,generic
225,29,6301,6525,225,219,5,1,0.9733333333333334,0.022222222222222223,0.0044444444444444444,,,,,,0.14666666666666667,electricity aggregate load_band_4 up_delta_small member=hourly,generic
225,30,6526,6750,225,221,3,1,0.9822222222222222,0.013333333333333334,0.0044444444444444444,,,,,,0.16444444444444445,electricity aggregate load_band_4 down_delta_small member=hourly,generic
225,31,6751,6975,225,222,2,1,0.9866666666666667,0.008888888888888889,0.0044444444444444444,,,,,,0.1111111111111111,electricity aggregate load_band_4 up_delta_small member=hourly,generic
225,32,6976,7200,225,213,9,3,0.9466666666666667,0.04,0.013333333333333334,,,,,,0.1688888888888889,electricity aggregate load_band_3 up_delta_small member=hourly,generic
225,33,7201,7425,225,206,15,4,0.9155555555555556,0.06666666666666667,0.017777777777777778,,,,,,0.15555555555555556,electricity aggregate load_band_3 down_delta_small member=hourly,generic
225,34,7426,7650,225,217,8,0,0.9644444444444444,0.035555555555555556,0.0,,,,,,0.14666666666666667,electricity aggregate load_band_3 down_delta_small member=hourly,generic
225,35,7651,7875,225,217,8,0,0.9644444444444444,0.035555555555555556,0.0,,,,,,0.12,electricity aggregate load_band_3 up_delta_small member=hourly,generic
225,36,7876,8100,225,220,5,0,0.9777777777777777,0.022222222222222223,0.0,,,,,,0.12,electricity aggregate load_band_2 up_delta_small member=hourly,generic
225,37,8101,8325,225,222,2,1,0.9866666666666667,0.008888888888888889,0.0044444444444444444,,,,,,0.10666666666666667,electricity aggregate load_band_3 down_delta_small member=hourly,generic
225,38,8326,8550,225,222,2,1,0.9866666666666667,0.008888888888888889,0.0044444444444444444,,,,,,0.1688888888888889,electricity aggregate load_band_3 down_delta_small member=hourly,generic
225,39,8551,8775,225,222,3,0,0.9866666666666667,0.013333333333333334,0.0,,,,,,0.12444444444444444,electricity aggregate load_band_3 up_delta_small member=hourly,generic
225,40,8776,9000,225,225,0,0,1.0,0.0,0.0,,,,,,0.13333333333333333,electricity aggregate load_band_2 up_delta_small member=hourly,generic
225,41,9001,9225,225,223,2,0,0.9911111111111112,0.008888888888888889,0.0,,,,,,0.14666666666666667,electricity aggregate load_band_2 up_delta_small member=hourly,generic
225,42,9226,9450,225,221,4,0,0.9822222222222222,0.017777777777777778,0.0,,,,,,0.1511111111111111,electricity aggregate load_band_2 up_delta_small member=hourly,generic
225,43,9451,9675,225,220,4,1,0.9777777777777777,0.017777777777777778,0.0044444444444444444,,,,,,0.18666666666666668,electricity aggregate load_band_2 up_delta_small member=hourly,generic
225,44,9676,9900,225,221,3,1,0.9822222222222222,0.013333333333333334,0.0044444444444444444,,,,,,0.24444444444444444,electricity aggregate load_band_2 up_delta_small member=hourly,generic
225,45,9901,10125,225,222,2,1,0.9866666666666667,0.008888888888888889,0.0044444444444444444,,,,,,0.21333333333333335,electricity aggregate load_band_2 up_delta_small member=hourly,generic
225,46,10126,10350,225,223,0,2,0.9911111111111112,0.0,0.008888888888888889,,,,,,0.18666666666666668,electricity aggregate load_band_2 up_delta_small member=hourly,generic
225,47,10351,10575,225,219,6,0,0.9733333333333334,0.02666666666666667,0.0,,,,,,0.19111111111111112,electricity aggregate load_band_2 up_delta_small member=hourly,generic
225,48,10576,10800,225,222,2,1,0.9866666666666667,0.008888888888888889,0.0044444444444444444,,,,,,0.17777777777777778,electricity aggregate load_band_2 up_delta_small member=hourly,generic
225,49,10801,11025,225,216,6,3,0.96,0.02666666666666667,0.013333333333333334,,,,,,0.12444444444444444,electricity aggregate load_band_2 down_delta_small member=hourly,generic
225,50,11026,11250,225,221,2,2,0.9822222222222222,0.008888888888888889,0.008888888888888889,,,,,,0.25333333333333335,electricity aggregate load_band_2 up_delta_small member=hourly,generic
225,51,11251,11475,225,224,0,1,0.9955555555555555,0.0,0.0044444444444444444,,,,,,0.18666666666666668,electricity aggregate load_band_3 down_delta_small member=hourly,generic
225,52,11476,11700,225,219,5,1,0.9733333333333334,0.022222222222222223,0.0044444444444444444,,,,,,0.1511111111111111,electricity aggregate load_band_2 up_delta_small member=hourly,generic
225,53,11701,11925,225,214,9,2,0.9511111111111111,0.04,0.008888888888888889,,,,,,0.1688888888888889,electricity aggregate load_band_3 down_delta_small member=hourly,generic
225,54,11926,12150,225,217,7,1,0.9644444444444444,0.03111111111111111,0.0044444444444444444,,,,,,0.12444444444444444,electricity aggregate load_band_0 down_delta_small member=hourly,generic
225,55,12151,12375,225,218,6,1,0.9688888888888889,0.02666666666666667,0.0044444444444444444,,,,,,0.18222222222222223,electricity aggregate load_band_3 up_delta_small member=hourly,generic
225,56,12376,12600,225,216,7,2,0.96,0.03111111111111111,0.008888888888888889,,,,,,0.14666666666666667,electricity aggregate load_band_3 down_delta_small member=hourly,generic
225,57,12601,12825,225,218,5,2,0.9688888888888889,0.022222222222222223,0.008888888888888889,,,,,,0.11555555555555555,electricity aggregate load_band_0 down_delta_small member=hourly,generic
225,58,12826,13050,225,219,5,1,0.9733333333333334,0.022222222222222223,0.0044444444444444444,,,,,,0.1111111111111111,electricity aggregate load_band_4 up_delta_small member=hourly,generic
225,59,13051,13275,225,217,7,1,0.9644444444444444,0.03111111111111111,0.0044444444444444444,,,,,,0.17333333333333334,electricity aggregate load_band_4 down_delta_mid member=hourly,generic
225,60,13276,13500,225,221,3,1,0.9822222222222222,0.013333333333333334,0.0044444444444444444,,,,,,0.16444444444444445,electricity aggregate load_band_4 up_delta_small member=hourly,generic
225,61,13501,13725,225,215,9,1,0.9555555555555556,0.04,0.0044444444444444444,,,,,,0.18666666666666668,electricity aggregate load_band_4 up_delta_small member=hourly,generic
225,62,13726,13950,225,216,6,3,0.96,0.02666666666666667,0.013333333333333334,,,,,,0.16444444444444445,electricity aggregate load_band_4 up_delta_small member=hourly,generic
225,63,13951,14175,225,215,8,2,0.9555555555555556,0.035555555555555556,0.008888888888888889,,,,,,0.13333333333333333,electricity aggregate load_band_1 up_delta_mid member=hourly,generic
225,64,14176,14400,225,219,5,1,0.9733333333333334,0.022222222222222223,0.0044444444444444444,,,,,,0.1511111111111111,electricity aggregate load_band_4 up_delta_small member=hourly,generic
225,65,14401,14625,225,217,7,1,0.9644444444444444,0.03111111111111111,0.0044444444444444444,,,,,,0.14222222222222222,electricity aggregate load_band_4 up_delta_small member=hourly,generic
225,66,14626,14850,225,212,11,2,0.9422222222222222,0.04888888888888889,0.008888888888888889,,,,,,0.17777777777777778,electricity aggregate load_band_4 up_delta_small member=hourly,generic
225,67,14851,15075,225,220,4,1,0.9777777777777777,0.017777777777777778,0.0044444444444444444,,,,,,0.14222222222222222,electricity aggregate load_band_4 up_delta_small member=hourly,generic
225,68,15076,15300,225,218,4,3,0.9688888888888889,0.017777777777777778,0.013333333333333334,,,,,,0.1688888888888889,electricity aggregate load_band_4 down_delta_small member=hourly,generic
225,69,15301,15525,225,221,0,4,0.9822222222222222,0.0,0.017777777777777778,,,,,,0.21333333333333335,electricity aggregate load_band_4 up_delta_small member=hourly,generic
225,70,15526,15750,225,220,3,2,0.9777777777777777,0.013333333333333334,0.008888888888888889,,,,,,0.16,electricity aggregate load_band_4 up_delta_small member=hourly,generic
225,71,15751,15975,225,217,5,3,0.9644444444444444,0.022222222222222223,0.013333333333333334,,,,,,0.1511111111111111,electricity aggregate load_band_3 up_delta_small member=hourly,generic
225,72,15976,16200,225,215,10,0,0.9555555555555556,0.044444444444444446,0.0,,,,,,0.18666666666666668,electricity aggregate load_band_3 up_delta_small member=hourly,generic
225,73,16201,16425,225,216,5,4,0.96,0.022222222222222223,0.017777777777777778,,,,,,0.2,electricity aggregate load_band_3 up_delta_small member=hourly,generic
225,74,16426,16650,225,220,2,3,0.9777777777777777,0.008888888888888889,0.013333333333333334,,,,,,0.14666666666666667,electricity aggregate load_band_2 up_delta_small member=hourly,generic
225,75,16651,16875,225,224,0,1,0.9955555555555555,0.0,0.0044444444444444444,,,,,,0.14666666666666667,electricity aggregate load_band_2 up_delta_small member=hourly,generic
225,76,16876,17100,225,221,2,2,0.9822222222222222,0.008888888888888889,0.008888888888888889,,,,,,0.14222222222222222,electricity aggregate load_band_2 up_delta_small member=hourly,generic
225,77,17101,17325,225,222,2,1,0.9866666666666667,0.008888888888888889,0.0044444444444444444,,,,,,0.17777777777777778,electricity aggregate load_band_3 up_delta_small member=hourly,generic
225,78,17326,17550,225,218,7,0,0.9688888888888889,0.03111111111111111,0.0,,,,,,0.15555555555555556,electricity aggregate load_band_0 down_delta_small member=hourly,generic
225,79,17551,17775,225,222,2,1,0.9866666666666667,0.008888888888888889,0.0044444444444444444,,,,,,0.12444444444444444,electricity aggregate load_band_3 up_delta_small member=hourly,generic
225,80,17776,18000,225,223,0,2,0.9911111111111112,0.0,0.008888888888888889,,,,,,0.15555555555555556,electricity aggregate load_band_2 up_delta_small member=hourly,generic
225,81,18001,18225,225,223,0,2,0.9911111111111112,0.0,0.008888888888888889,,,,,,0.13333333333333333,electricity aggregate load_band_2 up_delta_small member=hourly,generic
225,82,18226,18450,225,224,0,1,0.9955555555555555,0.0,0.0044444444444444444,,,,,,0.16,electricity aggregate load_band_2 up_delta_small member=hourly,generic
225,83,18451,18675,225,219,5,1,0.9733333333333334,0.022222222222222223,0.0044444444444444444,,,,,,0.16444444444444445,electricity aggregate load_band_2 up_delta_small member=hourly,generic
225,84,18676,18900,225,217,7,1,0.9644444444444444,0.03111111111111111,0.0044444444444444444,,,,,,0.2088888888888889,electricity aggregate load_band_2 up_delta_small member=hourly,generic
225,85,18901,19125,225,211,13,1,0.9377777777777778,0.057777777777777775,0.0044444444444444444,,,,,,0.2088888888888889,electricity aggregate load_band_2 up_delta_small member=hourly,generic
225,86,19126,19350,225,224,0,1,0.9955555555555555,0.0,0.0044444444444444444,,,,,,0.15555555555555556,electricity aggregate load_band_2 up_delta_small member=hourly,generic
225,87,19351,19575,225,219,5,1,0.9733333333333334,0.022222222222222223,0.0044444444444444444,,,,,,0.20444444444444446,electricity aggregate load_band_2 up_delta_small member=hourly,generic
225,88,19576,19800,225,215,7,3,0.9555555555555556,0.03111111111111111,0.013333333333333334,,,,,,0.2311111111111111,electricity aggregate load_band_2 up_delta_small member=hourly,generic
225,89,19801,20025,225,221,2,2,0.9822222222222222,0.008888888888888889,0.008888888888888889,,,,,,0.1688888888888889,electricity aggregate load_band_3 up_delta_small member=hourly,generic
225,90,20026,20250,225,220,2,3,0.9777777777777777,0.008888888888888889,0.013333333333333334,,,,,,0.14666666666666667,electricity aggregate load_band_3 down_delta_small member=hourly,generic
225,91,20251,20475,225,218,4,3,0.9688888888888889,0.017777777777777778,0.013333333333333334,,,,,,0.13333333333333333,electricity aggregate load_band_3 down_delta_small member=hourly,generic
225,92,20476,20700,225,218,5,2,0.9688888888888889,0.022222222222222223,0.008888888888888889,,,,,,0.13777777777777778,electricity aggregate load_band_4 up_delta_small member=hourly,generic
225,93,20701,20925,225,213,8,4,0.9466666666666667,0.035555555555555556,0.017777777777777778,,,,,,0.1111111111111111,electricity aggregate load_band_0 down_delta_small member=hourly,generic
225,94,20926,21150,225,210,14,1,0.9333333333333333,0.06222222222222222,0.0044444444444444444,,,,,,0.21777777777777776,electricity aggregate load_band_3 up_delta_small member=hourly,generic
225,95,21151,21375,225,223,0,2,0.9911111111111112,0.0,0.008888888888888889,,,,,,0.16444444444444445,electricity aggregate load_band_3 down_delta_small member=hourly,generic
225,96,21376,21600,225,209,13,3,0.9288888888888889,0.057777777777777775,0.013333333333333334,,,,,,0.15555555555555556,electricity aggregate load_band_4 up_delta_small member=hourly,generic
225,97,21601,21825,225,217,5,3,0.9644444444444444,0.022222222222222223,0.013333333333333334,,,,,,0.17333333333333334,electricity aggregate load_band_4 up_delta_small member=hourly,generic
225,98,21826,22050,225,212,9,4,0.9422222222222222,0.04,0.017777777777777778,,,,,,0.1688888888888889,electricity aggregate load_band_4 up_delta_small member=hourly,generic
225,99,22051,22275,225,215,7,3,0.9555555555555556,0.03111111111111111,0.013333333333333334,,,,,,0.13777777777777778,electricity aggregate load_band_4 down_delta_mid member=hourly,generic
225,100,22276,22500,225,219,4,2,0.9733333333333334,0.017777777777777778,0.008888888888888889,,,,,,0.13777777777777778,electricity aggregate load_band_4 up_delta_small member=hourly,generic
225,101,22501,22725,225,213,8,4,0.9466666666666667,0.035555555555555556,0.017777777777777778,,,,,,0.14222222222222222,electricity aggregate load_band_4 up_delta_small member=hourly,generic
225,102,22726,22950,225,214,8,3,0.9511111111111111,0.035555555555555556,0.013333333333333334,,,,,,0.1288888888888889,electricity aggregate load_band_4 down_delta_mid member=hourly,generic
225,103,22951,23175,225,216,7,2,0.96,0.03111111111111111,0.008888888888888889,,,,,,0.14666666666666667,electricity aggregate load_band_4 down_delta_mid member=hourly,generic
225,104,23176,23400,225,220,0,5,0.9777777777777777,0.0,0.022222222222222223,,,,,,0.13333333333333333,electricity aggregate load_band_4 down_delta_mid member=hourly,generic
225,105,23401,23625,225,215,9,1,0.9555555555555556,0.04,0.0044444444444444444,,,,,,0.16,electricity aggregate load_band_4 down_delta_small member=hourly,generic
225,106,23626,23850,225,217,5,3,0.9644444444444444,0.022222222222222223,0.013333333333333334,,,,,,0.17333333333333334,electricity aggregate load_band_4 up_delta_small member=hourly,generic
225,107,23851,24075,225,214,8,3,0.9511111111111111,0.035555555555555556,0.013333333333333334,,,,,,0.21333333333333335,electricity aggregate load_band_4 up_delta_small member=hourly,generic
225,108,24076,24300,225,219,5,1,0.9733333333333334,0.022222222222222223,0.0044444444444444444,,,,,,0.16444444444444445,electricity aggregate load_band_4 up_delta_small member=hourly,generic
225,109,24301,24525,225,205,15,5,0.9111111111111111,0.06666666666666667,0.022222222222222223,,,,,,0.10666666666666667,electricity aggregate load_band_4 up_delta_small member=hourly,generic
225,110,24526,24750,225,220,0,5,0.9777777777777777,0.0,0.022222222222222223,,,,,,0.1511111111111111,electricity aggregate load_band_4 up_delta_small member=hourly,generic
225,111,24751,24975,225,216,7,2,0.96,0.03111111111111111,0.008888888888888889,,,,,,0.1111111111111111,electricity aggregate load_band_1 up_delta_mid member=hourly,generic
225,112,24976,25200,225,218,6,1,0.9688888888888889,0.02666666666666667,0.0044444444444444444,,,,,,0.11555555555555555,electricity aggregate load_band_3 down_delta_small member=hourly,generic
225,113,25201,25425,225,225,0,0,1.0,0.0,0.0,,,,,,0.12,electricity aggregate load_band_3 up_delta_small member=hourly,generic
225,114,25426,25650,225,220,3,2,0.9777777777777777,0.013333333333333334,0.008888888888888889,,,,,,0.15555555555555556,electricity aggregate load_band_2 down_delta_small member=hourly,generic
225,115,25651,25875,225,222,2,1,0.9866666666666667,0.008888888888888889,0.0044444444444444444,,,,,,0.16,electricity aggregate load_band_2 up_delta_small member=hourly,generic
225,116,25876,26100,225,224,0,1,0.9955555555555555,0.0,0.0044444444444444444,,,,,,0.1688888888888889,electricity aggregate load_band_2 up_delta_small member=hourly,generic
225,117,26101,26304,204,192,11,1,0.9411764705882353,0.05392156862745098,0.004901960784313725,,,,,,0.14215686274509803,electricity aggregate load_band_2 up_delta_small member=hourly,generic
250,1,1,250,250,244,5,1,0.976,0.02,0.004,,,,,,0.156,electricity aggregate load_band_3 up_delta_small member=hourly,generic
250,2,251,500,250,247,2,1,0.988,0.008,0.004,,,,,,0.184,electricity aggregate load_band_3 up_delta_small member=hourly,generic
250,3,501,750,250,245,3,2,0.98,0.012,0.008,,,,,,0.18,electricity aggregate load_band_3 up_delta_small member=hourly,generic
250,4,751,1000,250,246,3,1,0.984,0.012,0.004,,,,,,0.188,electricity aggregate load_band_3 up_delta_small member=hourly,generic
250,5,1001,1250,250,246,4,0,0.984,0.016,0.0,,,,,,0.128,electricity aggregate load_band_3 up_delta_small member=hourly,generic
250,6,1251,1500,250,245,5,0,0.98,0.02,0.0,,,,,,0.192,electricity aggregate load_band_3 up_delta_small member=hourly,generic
250,7,1501,1750,250,241,8,1,0.964,0.032,0.004,,,,,,0.228,electricity aggregate load_band_3 up_delta_small member=hourly,generic
250,8,1751,2000,250,248,2,0,0.992,0.008,0.0,,,,,,0.18,electricity aggregate load_band_3 up_delta_small member=hourly,generic
250,9,2001,2250,250,243,5,2,0.972,0.02,0.008,,,,,,0.256,electricity aggregate load_band_3 up_delta_small member=hourly,generic
250,10,2251,2500,250,249,0,1,0.996,0.0,0.004,,,,,,0.22,electricity aggregate load_band_3 up_delta_small member=hourly,generic
250,11,2501,2750,250,246,2,2,0.984,0.008,0.008,,,,,,0.224,electricity aggregate load_band_3 up_delta_small member=hourly,generic
250,12,2751,3000,250,245,2,3,0.98,0.008,0.012,,,,,,0.236,electricity aggregate load_band_3 up_delta_small member=hourly,generic
250,13,3001,3250,250,242,3,5,0.968,0.012,0.02,,,,,,0.116,electricity aggregate load_band_1 up_delta_mid member=hourly,generic
250,14,3251,3500,250,236,12,2,0.944,0.048,0.008,,,,,,0.124,electricity aggregate load_band_4 down_delta_small member=hourly,generic
250,15,3501,3750,250,241,9,0,0.964,0.036,0.0,,,,,,0.156,electricity aggregate load_band_4 up_delta_small member=hourly,generic
250,16,3751,4000,250,242,7,1,0.968,0.028,0.004,,,,,,0.164,electricity aggregate load_band_4 up_delta_small member=hourly,generic
250,17,4001,4250,250,235,12,3,0.94,0.048,0.012,,,,,,0.14,electricity aggregate load_band_4 up_delta_small member=hourly,generic
250,18,4251,4500,250,242,7,1,0.968,0.028,0.004,,,,,,0.124,electricity aggregate load_band_4 down_delta_mid member=hourly,generic
250,19,4501,4750,250,243,5,2,0.972,0.02,0.008,,,,,,0.14,electricity aggregate load_band_4 up_delta_mid member=hourly,generic
250,20,4751,5000,250,249,0,1,0.996,0.0,0.004,,,,,,0.128,electricity aggregate load_band_4 up_delta_small member=hourly,generic
250,21,5001,5250,250,245,5,0,0.98,0.02,0.0,,,,,,0.152,electricity aggregate load_band_4 up_delta_mid member=hourly,generic
250,22,5251,5500,250,246,0,4,0.984,0.0,0.016,,,,,,0.14,electricity aggregate load_band_4 down_delta_small member=hourly,generic
250,23,5501,5750,250,246,4,0,0.984,0.016,0.0,,,,,,0.132,electricity aggregate load_band_1 up_delta_mid member=hourly,generic
250,24,5751,6000,250,246,3,1,0.984,0.012,0.004,,,,,,0.14,electricity aggregate load_band_4 up_delta_small member=hourly,generic
250,25,6001,6250,250,244,5,1,0.976,0.02,0.004,,,,,,0.128,electricity aggregate load_band_4 up_delta_small member=hourly,generic
250,26,6251,6500,250,235,15,0,0.94,0.06,0.0,,,,,,0.152,electricity aggregate load_band_4 up_delta_small member=hourly,generic
250,27,6501,6750,250,243,6,1,0.972,0.024,0.004,,,,,,0.156,electricity aggregate load_band_4 up_delta_small member=hourly,generic
250,28,6751,7000,250,246,4,0,0.984,0.016,0.0,,,,,,0.1,electricity aggregate load_band_4 up_delta_small member=hourly,generic
250,29,7001,7250,250,232,15,3,0.928,0.06,0.012,,,,,,0.16,electricity aggregate load_band_3 down_delta_small member=hourly,generic
250,30,7251,7500,250,236,12,2,0.944,0.048,0.008,,,,,,0.14,electricity aggregate load_band_3 down_delta_small member=hourly,generic
250,31,7501,7750,250,247,3,0,0.988,0.012,0.0,,,,,,0.132,electricity aggregate load_band_3 down_delta_small member=hourly,generic
250,32,7751,8000,250,248,2,0,0.992,0.008,0.0,,,,,,0.116,electricity aggregate load_band_3 down_delta_small member=hourly,generic
250,33,8001,8250,250,242,8,0,0.968,0.032,0.0,,,,,,0.116,electricity aggregate load_band_2 up_delta_small member=hourly,generic
250,34,8251,8500,250,248,2,0,0.992,0.008,0.0,,,,,,0.132,electricity aggregate load_band_3 down_delta_small member=hourly,generic
250,35,8501,8750,250,247,3,0,0.988,0.012,0.0,,,,,,0.136,electricity aggregate load_band_3 down_delta_small member=hourly,generic
250,36,8751,9000,250,250,0,0,1.0,0.0,0.0,,,,,,0.12,electricity aggregate load_band_2 up_delta_small member=hourly,generic
250,37,9001,9250,250,247,2,1,0.988,0.008,0.004,,,,,,0.144,electricity aggregate load_band_2 up_delta_small member=hourly,generic
250,38,9251,9500,250,247,2,1,0.988,0.008,0.004,,,,,,0.164,electricity aggregate load_band_2 up_delta_small member=hourly,generic
250,39,9501,9750,250,241,8,1,0.964,0.032,0.004,,,,,,0.204,electricity aggregate load_band_2 up_delta_small member=hourly,generic
250,40,9751,10000,250,247,2,1,0.988,0.008,0.004,,,,,,0.236,electricity aggregate load_band_2 up_delta_small member=hourly,generic
250,41,10001,10250,250,248,0,2,0.992,0.0,0.008,,,,,,0.196,electricity aggregate load_band_2 up_delta_small member=hourly,generic
250,42,10251,10500,250,247,2,1,0.988,0.008,0.004,,,,,,0.184,electricity aggregate load_band_2 up_delta_small member=hourly,generic
250,43,10501,10750,250,243,7,0,0.972,0.028,0.0,,,,,,0.196,electricity aggregate load_band_2 up_delta_small member=hourly,generic
250,44,10751,11000,250,244,3,3,0.976,0.012,0.012,,,,,,0.14,electricity aggregate load_band_2 down_delta_small member=hourly,generic
250,45,11001,11250,250,246,2,2,0.984,0.008,0.008,,,,,,0.256,electricity aggregate load_band_2 up_delta_small member=hourly,generic
250,46,11251,11500,250,249,0,1,0.996,0.0,0.004,,,,,,0.192,electricity aggregate load_band_3 down_delta_small member=hourly,generic
250,47,11501,11750,250,242,7,1,0.968,0.028,0.004,,,,,,0.16,electricity aggregate load_band_2 up_delta_small member=hourly,generic
250,48,11751,12000,250,239,10,1,0.956,0.04,0.004,,,,,,0.188,electricity aggregate load_band_3 down_delta_small member=hourly,generic
250,49,12001,12250,250,247,0,3,0.988,0.0,0.012,,,,,,0.116,electricity aggregate load_band_0 down_delta_small member=hourly,generic
250,50,12251,12500,250,242,5,3,0.968,0.02,0.012,,,,,,0.152,electricity aggregate load_band_3 up_delta_small member=hourly,generic
250,51,12501,12750,250,246,0,4,0.984,0.0,0.016,,,,,,0.124,electricity aggregate load_band_3 down_delta_small member=hourly,generic
250,52,12751,13000,250,243,7,0,0.972,0.028,0.0,,,,,,0.104,electricity aggregate load_band_1 up_delta_mid member=hourly,generic
250,53,13001,13250,250,242,5,3,0.968,0.02,0.012,,,,,,0.176,electricity aggregate load_band_4 down_delta_mid member=hourly,generic
250,54,13251,13500,250,246,3,1,0.984,0.012,0.004,,,,,,0.164,electricity aggregate load_band_4 up_delta_small member=hourly,generic
250,55,13501,13750,250,240,9,1,0.96,0.036,0.004,,,,,,0.188,electricity aggregate load_band_4 up_delta_small member=hourly,generic
250,56,13751,14000,250,239,10,1,0.956,0.04,0.004,,,,,,0.152,electricity aggregate load_band_4 up_delta_small member=hourly,generic
250,57,14001,14250,250,247,3,0,0.988,0.012,0.0,,,,,,0.148,electricity aggregate load_band_4 up_delta_small member=hourly,generic
250,58,14251,14500,250,244,5,1,0.976,0.02,0.004,,,,,,0.132,electricity aggregate load_band_4 up_delta_small member=hourly,generic
250,59,14501,14750,250,244,5,1,0.976,0.02,0.004,,,,,,0.156,electricity aggregate load_band_4 up_delta_small member=hourly,generic
250,60,14751,15000,250,242,5,3,0.968,0.02,0.012,,,,,,0.176,electricity aggregate load_band_4 up_delta_small member=hourly,generic
250,61,15001,15250,250,239,9,2,0.956,0.036,0.008,,,,,,0.16,electricity aggregate load_band_4 down_delta_small member=hourly,generic
250,62,15251,15500,250,244,3,3,0.976,0.012,0.012,,,,,,0.22,electricity aggregate load_band_4 up_delta_small member=hourly,generic
250,63,15501,15750,250,248,0,2,0.992,0.0,0.008,,,,,,0.164,electricity aggregate load_band_4 up_delta_small member=hourly,generic
250,64,15751,16000,250,240,6,4,0.96,0.024,0.016,,,,,,0.156,electricity aggregate load_band_3 up_delta_small member=hourly,generic
250,65,16001,16250,250,240,9,1,0.96,0.036,0.004,,,,,,0.184,electricity aggregate load_band_3 up_delta_small member=hourly,generic
250,66,16251,16500,250,243,5,2,0.972,0.02,0.008,,,,,,0.156,electricity aggregate load_band_3 up_delta_small member=hourly,generic
250,67,16501,16750,250,248,0,2,0.992,0.0,0.008,,,,,,0.164,electricity aggregate load_band_2 up_delta_small member=hourly,generic
250,68,16751,17000,250,243,5,2,0.972,0.02,0.008,,,,,,0.14,electricity aggregate load_band_2 up_delta_small member=hourly,generic
250,69,17001,17250,250,247,2,1,0.988,0.008,0.004,,,,,,0.152,electricity aggregate load_band_3 up_delta_small member=hourly,generic
250,70,17251,17500,250,250,0,0,1.0,0.0,0.0,,,,,,0.148,electricity aggregate load_band_3 up_delta_small member=hourly,generic
250,71,17501,17750,250,244,5,1,0.976,0.02,0.004,,,,,,0.14,electricity aggregate load_band_3 up_delta_small member=hourly,generic
250,72,17751,18000,250,248,0,2,0.992,0.0,0.008,,,,,,0.16,electricity aggregate load_band_2 up_delta_small member=hourly,generic
250,73,18001,18250,250,248,0,2,0.992,0.0,0.008,,,,,,0.14,electricity aggregate load_band_2 up_delta_small member=hourly,generic
250,74,18251,18500,250,249,0,1,0.996,0.0,0.004,,,,,,0.148,electricity aggregate load_band_2 up_delta_small member=hourly,generic
250,75,18501,18750,250,244,5,1,0.976,0.02,0.004,,,,,,0.188,electricity aggregate load_band_2 up_delta_small member=hourly,generic
250,76,18751,19000,250,238,10,2,0.952,0.04,0.008,,,,,,0.2,electricity aggregate load_band_2 up_delta_small member=hourly,generic
250,77,19001,19250,250,241,8,1,0.964,0.032,0.004,,,,,,0.196,electricity aggregate load_band_2 up_delta_small member=hourly,generic
250,78,19251,19500,250,245,5,0,0.98,0.02,0.0,,,,,,0.172,electricity aggregate load_band_2 up_delta_small member=hourly,generic
250,79,19501,19750,250,243,4,3,0.972,0.016,0.012,,,,,,0.224,electricity aggregate load_band_2 up_delta_small member=hourly,generic
250,80,19751,20000,250,246,2,2,0.984,0.008,0.008,,,,,,0.132,electricity aggregate load_band_3 up_delta_small member=hourly,generic
250,81,20001,20250,250,245,2,3,0.98,0.008,0.012,,,,,,0.152,electricity aggregate load_band_3 up_delta_small member=hourly,generic
250,82,20251,20500,250,244,4,2,0.976,0.016,0.008,,,,,,0.128,electricity aggregate load_band_0 down_delta_small member=hourly,generic
250,83,20501,20750,250,243,5,2,0.972,0.02,0.008,,,,,,0.128,electricity aggregate load_band_4 up_delta_small member=hourly,generic
250,84,20751,21000,250,239,8,3,0.956,0.032,0.012,,,,,,0.14,electricity aggregate load_band_3 up_delta_small member=hourly,generic
250,85,21001,21250,250,244,4,2,0.976,0.016,0.008,,,,,,0.16,electricity aggregate load_band_3 up_delta_small member=hourly,generic
250,86,21251,21500,250,246,3,1,0.984,0.012,0.004,,,,,,0.124,electricity aggregate load_band_3 down_delta_small member=hourly,generic
250,87,21501,21750,250,244,2,4,0.976,0.008,0.016,,,,,,0.16,electricity aggregate load_band_4 up_delta_small member=hourly,generic
250,88,21751,22000,250,240,8,2,0.96,0.032,0.008,,,,,,0.16,electricity aggregate load_band_4 up_delta_small member=hourly,generic
250,89,22001,22250,250,236,9,5,0.944,0.036,0.02,,,,,,0.132,electricity aggregate load_band_4 down_delta_mid member=hourly,generic
250,90,22251,22500,250,241,8,1,0.964,0.032,0.004,,,,,,0.132,electricity aggregate load_band_1 up_delta_mid member=hourly,generic
250,91,22501,22750,250,237,10,3,0.948,0.04,0.012,,,,,,0.136,electricity aggregate load_band_4 up_delta_small member=hourly,generic
250,92,22751,23000,250,238,12,0,0.952,0.048,0.0,,,,,,0.132,electricity aggregate load_band_4 down_delta_mid member=hourly,generic
250,93,23001,23250,250,240,9,1,0.96,0.036,0.004,,,,,,0.136,electricity aggregate load_band_4 up_delta_small member=hourly,generic
250,94,23251,23500,250,244,3,3,0.976,0.012,0.012,,,,,,0.132,electricity aggregate load_band_4 down_delta_mid member=hourly,generic
250,95,23501,23750,250,238,10,2,0.952,0.04,0.008,,,,,,0.164,electricity aggregate load_band_4 down_delta_small member=hourly,generic
250,96,23751,24000,250,245,4,1,0.98,0.016,0.004,,,,,,0.232,electricity aggregate load_band_4 up_delta_small member=hourly,generic
250,97,24001,24250,250,243,7,0,0.972,0.028,0.0,,,,,,0.144,electricity aggregate load_band_4 down_delta_small member=hourly,generic
250,98,24251,24500,250,233,11,6,0.932,0.044,0.024,,,,,,0.128,electricity aggregate load_band_4 up_delta_small member=hourly,generic
250,99,24501,24750,250,245,0,5,0.98,0.0,0.02,,,,,,0.156,electricity aggregate load_band_4 up_delta_small member=hourly,generic
250,100,24751,25000,250,243,5,2,0.972,0.02,0.008,,,,,,0.112,electricity aggregate load_band_1 up_delta_mid member=hourly,generic
250,101,25001,25250,250,246,3,1,0.984,0.012,0.004,,,,,,0.112,electricity aggregate load_band_3 down_delta_small member=hourly,generic
250,102,25251,25500,250,250,0,0,1.0,0.0,0.0,,,,,,0.124,electricity aggregate load_band_3 up_delta_small member=hourly,generic
250,103,25501,25750,250,244,5,1,0.976,0.02,0.004,,,,,,0.144,electricity aggregate load_band_2 down_delta_small member=hourly,generic
250,104,25751,26000,250,249,0,1,0.996,0.0,0.004,,,,,,0.172,electricity aggregate load_band_2 up_delta_small member=hourly,generic
250,105,26001,26250,250,241,8,1,0.964,0.032,0.004,,,,,,0.136,electricity aggregate load_band_2 up_delta_small member=hourly,generic
250,106,26251,26304,54,32,22,0,0.5925925925925926,0.4074074074074074,0.0,,,,,,0.18518518518518517,electricity aggregate load_band_2 up_delta_small member=hourly,generic
300,1,1,300,300,293,5,2,0.9766666666666667,0.016666666666666666,0.006666666666666667,,,,,,0.15666666666666668,electricity aggregate load_band_3 up_delta_small member=hourly,generic
300,2,301,600,300,297,3,0,0.99,0.01,0.0,,,,,,0.18,electricity aggregate load_band_3 up_delta_small member=hourly,generic
300,3,601,900,300,298,2,0,0.9933333333333333,0.006666666666666667,0.0,,,,,,0.17666666666666667,electricity aggregate load_band_3 up_delta_small member=hourly,generic
300,4,901,1200,300,298,2,0,0.9933333333333333,0.006666666666666667,0.0,,,,,,0.16333333333333333,electricity aggregate load_band_3 up_delta_small member=hourly,generic
300,5,1201,1500,300,294,5,1,0.98,0.016666666666666666,0.0033333333333333335,,,,,,0.18,electricity aggregate load_band_3 up_delta_small member=hourly,generic
300,6,1501,1800,300,293,6,1,0.9766666666666667,0.02,0.0033333333333333335,,,,,,0.22333333333333333,electricity aggregate load_band_3 up_delta_small member=hourly,generic
300,7,1801,2100,300,296,2,2,0.9866666666666667,0.006666666666666667,0.006666666666666667,,,,,,0.19666666666666666,electricity aggregate load_band_3 up_delta_small member=hourly,generic
300,8,2101,2400,300,296,3,1,0.9866666666666667,0.01,0.0033333333333333335,,,,,,0.23666666666666666,electricity aggregate load_band_3 up_delta_small member=hourly,generic
300,9,2401,2700,300,296,2,2,0.9866666666666667,0.006666666666666667,0.006666666666666667,,,,,,0.22666666666666666,electricity aggregate load_band_3 up_delta_small member=hourly,generic
300,10,2701,3000,300,295,2,3,0.9833333333333333,0.006666666666666667,0.01,,,,,,0.23666666666666666,electricity aggregate load_band_3 up_delta_small member=hourly,generic
300,11,3001,3300,300,294,2,4,0.98,0.006666666666666667,0.013333333333333334,,,,,,0.11666666666666667,electricity aggregate load_band_1 up_delta_mid member=hourly,generic
300,12,3301,3600,300,293,6,1,0.9766666666666667,0.02,0.0033333333333333335,,,,,,0.14666666666666667,electricity aggregate load_band_4 up_delta_small member=hourly,generic
300,13,3601,3900,300,290,9,1,0.9666666666666667,0.03,0.0033333333333333335,,,,,,0.14,electricity aggregate load_band_4 up_delta_small member=hourly,generic
300,14,3901,4200,300,295,3,2,0.9833333333333333,0.01,0.006666666666666667,,,,,,0.15333333333333332,electricity aggregate load_band_4 up_delta_small member=hourly,generic
300,15,4201,4500,300,291,5,4,0.97,0.016666666666666666,0.013333333333333334,,,,,,0.11666666666666667,electricity aggregate load_band_1 up_delta_mid member=hourly,generic
300,16,4501,4800,300,294,4,2,0.98,0.013333333333333334,0.006666666666666667,,,,,,0.13333333333333333,electricity aggregate load_band_4 up_delta_mid member=hourly,generic
300,17,4801,5100,300,297,2,1,0.99,0.006666666666666667,0.0033333333333333335,,,,,,0.13666666666666666,electricity aggregate load_band_4 up_delta_small member=hourly,generic
300,18,5101,5400,300,294,5,1,0.98,0.016666666666666666,0.0033333333333333335,,,,,,0.15666666666666668,electricity aggregate load_band_4 down_delta_mid member=hourly,generic
300,19,5401,5700,300,299,0,1,0.9966666666666667,0.0,0.0033333333333333335,,,,,,0.12666666666666668,electricity aggregate load_band_1 up_delta_mid member=hourly,generic
300,20,5701,6000,300,295,5,0,0.9833333333333333,0.016666666666666666,0.0,,,,,,0.13666666666666666,electricity aggregate load_band_4 up_delta_small member=hourly,generic
300,21,6001,6300,300,294,5,1,0.98,0.016666666666666666,0.0033333333333333335,,,,,,0.13333333333333333,electricity aggregate load_band_4 up_delta_small member=hourly,generic
300,22,6301,6600,300,293,6,1,0.9766666666666667,0.02,0.0033333333333333335,,,,,,0.15666666666666668,electricity aggregate load_band_4 up_delta_small member=hourly,generic
300,23,6601,6900,300,295,4,1,0.9833333333333333,0.013333333333333334,0.0033333333333333335,,,,,,0.15666666666666668,electricity aggregate load_band_4 down_delta_small member=hourly,generic
300,24,6901,7200,300,294,4,2,0.98,0.013333333333333334,0.006666666666666667,,,,,,0.17333333333333334,electricity aggregate load_band_3 up_delta_small member=hourly,generic
300,25,7201,7500,300,283,14,3,0.9433333333333334,0.04666666666666667,0.01,,,,,,0.15333333333333332,electricity aggregate load_band_3 down_delta_small member=hourly,generic
300,26,7501,7800,300,297,3,0,0.99,0.01,0.0,,,,,,0.13333333333333333,electricity aggregate load_band_3 down_delta_small member=hourly,generic
300,27,7801,8100,300,297,3,0,0.99,0.01,0.0,,,,,,0.12,electricity aggregate load_band_2 up_delta_small member=hourly,generic
300,28,8101,8400,300,299,0,1,0.9966666666666667,0.0,0.0033333333333333335,,,,,,0.12,electricity aggregate load_band_3 down_delta_small member=hourly,generic
300,29,8401,8700,300,298,2,0,0.9933333333333333,0.006666666666666667,0.0,,,,,,0.13333333333333333,electricity aggregate load_band_3 down_delta_small member=hourly,generic
300,30,8701,9000,300,298,2,0,0.9933333333333333,0.006666666666666667,0.0,,,,,,0.11333333333333333,electricity aggregate load_band_0 down_delta_small member=hourly,generic
300,31,9001,9300,300,297,2,1,0.99,0.006666666666666667,0.0033333333333333335,,,,,,0.14,electricity aggregate load_band_2 up_delta_small member=hourly,generic
300,32,9301,9600,300,298,0,2,0.9933333333333333,0.0,0.006666666666666667,,,,,,0.16333333333333333,electricity aggregate load_band_2 up_delta_small member=hourly,generic
300,33,9601,9900,300,298,0,2,0.9933333333333333,0.0,0.006666666666666667,,,,,,0.24333333333333335,electricity aggregate load_band_2 up_delta_small member=hourly,generic
300,34,9901,10200,300,297,2,1,0.99,0.006666666666666667,0.0033333333333333335,,,,,,0.21,electricity aggregate load_band_2 up_delta_small member=hourly,generic
300,35,10201,10500,300,296,4,0,0.9866666666666667,0.013333333333333334,0.0,,,,,,0.18333333333333332,electricity aggregate load_band_2 up_delta_small member=hourly,generic
300,36,10501,10800,300,295,5,0,0.9833333333333333,0.016666666666666666,0.0,,,,,,0.18333333333333332,electricity aggregate load_band_2 up_delta_small member=hourly,generic
300,37,10801,11100,300,294,3,3,0.98,0.01,0.01,,,,,,0.15,electricity aggregate load_band_2 up_delta_small member=hourly,generic
300,38,11101,11400,300,299,0,1,0.9966666666666667,0.0,0.0033333333333333335,,,,,,0.12666666666666668,electricity aggregate load_band_2 up_delta_small member=hourly,generic
300,39,11401,11700,300,299,0,1,0.9966666666666667,0.0,0.0033333333333333335,,,,,,0.12,electricity aggregate load_band_0 down_delta_small member=hourly,generic
300,40,11701,12000,300,298,0,2,0.9933333333333333,0.0,0.006666666666666667,,,,,,0.18,electricity aggregate load_band_3 down_delta_small member=hourly,generic
300,41,12001,12300,300,295,4,1,0.9833333333333333,0.013333333333333334,0.0033333333333333335,,,,,,0.12333333333333334,electricity aggregate load_band_3 up_delta_small member=hourly,generic
300,42,12301,12600,300,294,6,0,0.98,0.02,0.0,,,,,,0.14333333333333334,electricity aggregate load_band_3 down_delta_small member=hourly,generic
300,43,12601,12900,300,296,2,2,0.9866666666666667,0.006666666666666667,0.006666666666666667,,,,,,0.11333333333333333,electricity aggregate load_band_0 down_delta_small member=hourly,generic
300,44,12901,13200,300,291,6,3,0.97,0.02,0.01,,,,,,0.15,electricity aggregate load_band_4 up_delta_small member=hourly,generic
300,45,13201,13500,300,298,2,0,0.9933333333333333,0.006666666666666667,0.0,,,,,,0.17,electricity aggregate load_band_4 up_delta_small member=hourly,generic
300,46,13501,13800,300,289,11,0,0.9633333333333334,0.03666666666666667,0.0,,,,,,0.18333333333333332,electricity aggregate load_band_4 up_delta_small member=hourly,generic
300,47,13801,14100,300,290,10,0,0.9666666666666667,0.03333333333333333,0.0,,,,,,0.13333333333333333,electricity aggregate load_band_4 up_delta_small member=hourly,generic
300,48,14101,14400,300,294,5,1,0.98,0.016666666666666666,0.0033333333333333335,,,,,,0.15666666666666668,electricity aggregate load_band_4 up_delta_small member=hourly,generic
300,49,14401,14700,300,292,7,1,0.9733333333333334,0.023333333333333334,0.0033333333333333335,,,,,,0.13666666666666666,electricity aggregate load_band_4 up_delta_small member=hourly,generic
300,50,14701,15000,300,290,8,2,0.9666666666666667,0.02666666666666667,0.006666666666666667,,,,,,0.18333333333333332,electricity aggregate load_band_4 up_delta_small member=hourly,generic
300,51,15001,15300,300,292,6,2,0.9733333333333334,0.02,0.006666666666666667,,,,,,0.16,electricity aggregate load_band_4 down_delta_small member=hourly,generic
300,52,15301,15600,300,292,3,5,0.9733333333333334,0.01,0.016666666666666666,,,,,,0.21333333333333335,electricity aggregate load_band_4 up_delta_small member=hourly,generic
300,53,15601,15900,300,294,2,4,0.98,0.006666666666666667,0.013333333333333334,,,,,,0.12,electricity aggregate load_band_1 up_delta_mid member=hourly,generic
300,54,15901,16200,300,292,7,1,0.9733333333333334,0.023333333333333334,0.0033333333333333335,,,,,,0.19,electricity aggregate load_band_3 up_delta_small member=hourly,generic
300,55,16201,16500,300,292,5,3,0.9733333333333334,0.016666666666666666,0.01,,,,,,0.16,electricity aggregate load_band_3 up_delta_small member=hourly,generic
300,56,16501,16800,300,298,0,2,0.9933333333333333,0.0,0.006666666666666667,,,,,,0.16,electricity aggregate load_band_2 up_delta_small member=hourly,generic
300,57,16801,17100,300,296,2,2,0.9866666666666667,0.006666666666666667,0.006666666666666667,,,,,,0.14,electricity aggregate load_band_2 up_delta_small member=hourly,generic
300,58,17101,17400,300,296,3,1,0.9866666666666667,0.01,0.0033333333333333335,,,,,,0.17333333333333334,electricity aggregate load_band_3 up_delta_small member=hourly,generic
300,59,17401,17700,300,295,4,1,0.9833333333333333,0.013333333333333334,0.0033333333333333335,,,,,,0.13666666666666666,electricity aggregate load_band_3 up_delta_small member=hourly,generic
300,60,17701,18000,300,298,0,2,0.9933333333333333,0.0,0.006666666666666667,,,,,,0.14333333333333334,electricity aggregate load_band_2 up_delta_small member=hourly,generic
300,61,18001,18300,300,298,0,2,0.9933333333333333,0.0,0.006666666666666667,,,,,,0.14,electricity aggregate load_band_2 up_delta_small member=hourly,generic
300,62,18301,18600,300,296,3,1,0.9866666666666667,0.01,0.0033333333333333335,,,,,,0.17,electricity aggregate load_band_2 up_delta_small member=hourly,generic
300,63,18601,18900,300,290,9,1,0.9666666666666667,0.03,0.0033333333333333335,,,,,,0.19,electricity aggregate load_band_2 up_delta_small member=hourly,generic
300,64,18901,19200,300,292,7,1,0.9733333333333334,0.023333333333333334,0.0033333333333333335,,,,,,0.20333333333333334,electricity aggregate load_band_2 up_delta_small member=hourly,generic
300,65,19201,19500,300,298,2,0,0.9933333333333333,0.006666666666666667,0.0,,,,,,0.16666666666666666,electricity aggregate load_band_2 up_delta_small member=hourly,generic
300,66,19501,19800,300,291,5,4,0.97,0.016666666666666666,0.013333333333333334,,,,,,0.23,electricity aggregate load_band_2 up_delta_small member=hourly,generic
300,67,19801,20100,300,295,4,1,0.9833333333333333,0.013333333333333334,0.0033333333333333335,,,,,,0.16333333333333333,electricity aggregate load_band_3 up_delta_small member=hourly,generic
300,68,20101,20400,300,296,2,2,0.9866666666666667,0.006666666666666667,0.006666666666666667,,,,,,0.16333333333333333,electricity aggregate load_band_3 down_delta_small member=hourly,generic
300,69,20401,20700,300,298,0,2,0.9933333333333333,0.0,0.006666666666666667,,,,,,0.12333333333333334,electricity aggregate load_band_4 up_delta_small member=hourly,generic
300,70,20701,21000,300,292,5,3,0.9733333333333334,0.016666666666666666,0.01,,,,,,0.11666666666666667,electricity aggregate load_band_3 up_delta_small member=hourly,generic
300,71,21001,21300,300,294,4,2,0.98,0.013333333333333334,0.006666666666666667,,,,,,0.14666666666666667,electricity aggregate load_band_3 up_delta_small member=hourly,generic
300,72,21301,21600,300,291,8,1,0.97,0.02666666666666667,0.0033333333333333335,,,,,,0.11666666666666667,electricity aggregate load_band_4 up_delta_small member=hourly,generic
300,73,21601,21900,300,290,8,2,0.9666666666666667,0.02666666666666667,0.006666666666666667,,,,,,0.16666666666666666,electricity aggregate load_band_4 up_delta_small member=hourly,generic
300,74,21901,22200,300,293,3,4,0.9766666666666667,0.01,0.013333333333333334,,,,,,0.13666666666666666,electricity aggregate load_band_4 up_delta_small member=hourly,generic
300,75,22201,22500,300,296,2,2,0.9866666666666667,0.006666666666666667,0.006666666666666667,,,,,,0.13333333333333333,electricity aggregate load_band_4 up_delta_small member=hourly,generic
300,76,22501,22800,300,291,7,2,0.97,0.023333333333333334,0.006666666666666667,,,,,,0.13,electricity aggregate load_band_4 down_delta_mid member=hourly,generic
300,77,22801,23100,300,290,9,1,0.9666666666666667,0.03,0.0033333333333333335,,,,,,0.13666666666666666,electricity aggregate load_band_4 down_delta_mid member=hourly,generic
300,78,23101,23400,300,291,7,2,0.97,0.023333333333333334,0.006666666666666667,,,,,,0.13666666666666666,electricity aggregate load_band_4 down_delta_mid member=hourly,generic
300,79,23401,23700,300,285,15,0,0.95,0.05,0.0,,,,,,0.15666666666666668,electricity aggregate load_band_4 down_delta_small member=hourly,generic
300,80,23701,24000,300,295,3,2,0.9833333333333333,0.01,0.006666666666666667,,,,,,0.21666666666666667,electricity aggregate load_band_4 up_delta_small member=hourly,generic
300,81,24001,24300,300,292,8,0,0.9733333333333334,0.02666666666666667,0.0,,,,,,0.15666666666666668,electricity aggregate load_band_4 up_delta_small member=hourly,generic
300,82,24301,24600,300,285,11,4,0.95,0.03666666666666667,0.013333333333333334,,,,,,0.11666666666666667,electricity aggregate load_band_4 down_delta_small member=hourly,generic
300,83,24601,24900,300,295,4,1,0.9833333333333333,0.013333333333333334,0.0033333333333333335,,,,,,0.11666666666666667,electricity aggregate load_band_1 up_delta_mid member=hourly,generic
300,84,24901,25200,300,296,3,1,0.9866666666666667,0.01,0.0033333333333333335,,,,,,0.12,electricity aggregate load_band_3 down_delta_small member=hourly,generic
300,85,25201,25500,300,300,0,0,1.0,0.0,0.0,,,,,,0.10666666666666667,electricity aggregate load_band_3 up_delta_small member=hourly,generic
300,86,25501,25800,300,296,3,1,0.9866666666666667,0.01,0.0033333333333333335,,,,,,0.14333333333333334,electricity aggregate load_band_2 up_delta_small member=hourly,generic
300,87,25801,26100,300,298,2,0,0.9933333333333333,0.006666666666666667,0.0,,,,,,0.16666666666666666,electricity aggregate load_band_2 up_delta_small member=hourly,generic
300,88,26101,26304,204,192,11,1,0.9411764705882353,0.05392156862745098,0.004901960784313725,,,,,,0.14215686274509803,electricity aggregate load_band_2 up_delta_small member=hourly,generic
375,1,1,375,375,367,6,2,0.9786666666666667,0.016,0.005333333333333333,,,,,,0.15733333333333333,electricity aggregate load_band_3 up_delta_small member=hourly,generic
375,2,376,750,375,374,0,1,0.9973333333333333,0.0,0.0026666666666666666,,,,,,0.18933333333333333,electricity aggregate load_band_3 up_delta_small member=hourly,generic
375,3,751,1125,375,373,2,0,0.9946666666666667,0.005333333333333333,0.0,,,,,,0.17066666666666666,electricity aggregate load_band_3 up_delta_small member=hourly,generic
375,4,1126,1500,375,366,9,0,0.976,0.024,0.0,,,,,,0.168,electricity aggregate load_band_3 up_delta_small member=hourly,generic
375,5,1501,1875,375,372,3,0,0.992,0.008,0.0,,,,,,0.208,electricity aggregate load_band_3 up_delta_small member=hourly,generic
375,6,1876,2250,375,367,6,2,0.9786666666666667,0.016,0.005333333333333333,,,,,,0.23466666666666666,electricity aggregate load_band_3 up_delta_small member=hourly,generic
375,7,2251,2625,375,373,2,0,0.9946666666666667,0.005333333333333333,0.0,,,,,,0.20533333333333334,electricity aggregate load_band_3 up_delta_small member=hourly,generic
375,8,2626,3000,375,365,8,2,0.9733333333333334,0.021333333333333333,0.005333333333333333,,,,,,0.248,electricity aggregate load_band_3 up_delta_small member=hourly,generic
375,9,3001,3375,375,369,2,4,0.984,0.005333333333333333,0.010666666666666666,,,,,,0.11466666666666667,electricity aggregate load_band_1 up_delta_mid member=hourly,generic
375,10,3376,3750,375,369,5,1,0.984,0.013333333333333334,0.0026666666666666666,,,,,,0.14666666666666667,electricity aggregate load_band_4 up_delta_small member=hourly,generic
375,11,3751,4125,375,368,7,0,0.9813333333333333,0.018666666666666668,0.0,,,,,,0.152,electricity aggregate load_band_4 up_delta_small member=hourly,generic
375,12,4126,4500,375,366,7,2,0.976,0.018666666666666668,0.005333333333333333,,,,,,0.11733333333333333,electricity aggregate load_band_1 up_delta_mid member=hourly,generic
375,13,4501,4875,375,368,5,2,0.9813333333333333,0.013333333333333334,0.005333333333333333,,,,,,0.128,electricity aggregate load_band_4 up_delta_mid member=hourly,generic
375,14,4876,5250,375,370,5,0,0.9866666666666667,0.013333333333333334,0.0,,,,,,0.144,electricity aggregate load_band_4 up_delta_mid member=hourly,generic
375,15,5251,5625,375,371,2,2,0.9893333333333333,0.005333333333333333,0.005333333333333333,,,,,,0.128,electricity aggregate load_band_4 down_delta_small member=hourly,generic
375,16,5626,6000,375,370,5,0,0.9866666666666667,0.013333333333333334,0.0,,,,,,0.13066666666666665,electricity aggregate load_band_4 up_delta_mid member=hourly,generic
375,17,6001,6375,375,369,5,1,0.984,0.013333333333333334,0.0026666666666666666,,,,,,0.13066666666666665,electricity aggregate load_band_4 up_delta_small member=hourly,generic
375,18,6376,6750,375,372,3,0,0.992,0.008,0.0,,,,,,0.16,electricity aggregate load_band_4 up_delta_small member=hourly,generic
375,19,6751,7125,375,370,4,1,0.9866666666666667,0.010666666666666666,0.0026666666666666666,,,,,,0.10666666666666667,electricity aggregate load_band_3 up_delta_small member=hourly,generic
375,20,7126,7500,375,359,15,1,0.9573333333333334,0.04,0.0026666666666666666,,,,,,0.15466666666666667,electricity aggregate load_band_3 down_delta_small member=hourly,generic
375,21,7501,7875,375,375,0,0,1.0,0.0,0.0,,,,,,0.128,electricity aggregate load_band_3 down_delta_small member=hourly,generic
375,22,7876,8250,375,375,0,0,1.0,0.0,0.0,,,,,,0.10666666666666667,electricity aggregate load_band_2 up_delta_small member=hourly,generic
375,23,8251,8625,375,370,5,0,0.9866666666666667,0.013333333333333334,0.0,,,,,,0.14666666666666667,electricity aggregate load_band_3 down_delta_small member=hourly,generic
375,24,8626,9000,375,372,3,0,0.992,0.008,0.0,,,,,,0.112,electricity aggregate load_band_0 down_delta_small member=hourly,generic
375,25,9001,9375,375,372,2,1,0.992,0.005333333333333333,0.0026666666666666666,,,,,,0.15466666666666667,electricity aggregate load_band_2 up_delta_small member=hourly,generic
375,26,9376,9750,375,370,5,0,0.9866666666666667,0.013333333333333334,0.0,,,,,,0.18666666666666668,electricity aggregate load_band_2 up_delta_small member=hourly,generic
375,27,9751,10125,375,370,5,0,0.9866666666666667,0.013333333333333334,0.0,,,,,,0.224,electricity aggregate load_band_2 up_delta_small member=hourly,generic
375,28,10126,10500,375,371,4,0,0.9893333333333333,0.010666666666666666,0.0,,,,,,0.18666666666666668,electricity aggregate load_band_2 up_delta_small member=hourly,generic
375,29,10501,10875,375,371,4,0,0.9893333333333333,0.010666666666666666,0.0,,,,,,0.16,electricity aggregate load_band_2 up_delta_small member=hourly,generic
375,30,10876,11250,375,371,0,4,0.9893333333333333,0.0,0.010666666666666666,,,,,,0.208,electricity aggregate load_band_2 up_delta_small member=hourly,generic
375,31,11251,11625,375,373,2,0,0.9946666666666667,0.005333333333333333,0.0,,,,,,0.16533333333333333,electricity aggregate load_band_3 down_delta_small member=hourly,generic
375,32,11626,12000,375,372,2,1,0.992,0.005333333333333333,0.0026666666666666666,,,,,,0.144,electricity aggregate load_band_3 down_delta_small member=hourly,generic
375,33,12001,12375,375,369,6,0,0.984,0.016,0.0,,,,,,0.14133333333333334,electricity aggregate load_band_3 up_delta_small member=hourly,generic
375,34,12376,12750,375,371,0,4,0.9893333333333333,0.0,0.010666666666666666,,,,,,0.12,electricity aggregate load_band_3 down_delta_small member=hourly,generic
375,35,12751,13125,375,372,2,1,0.992,0.005333333333333333,0.0026666666666666666,,,,,,0.10933333333333334,electricity aggregate load_band_1 up_delta_mid member=hourly,generic
375,36,13126,13500,375,373,2,0,0.9946666666666667,0.005333333333333333,0.0,,,,,,0.17066666666666666,electricity aggregate load_band_4 up_delta_small member=hourly,generic
375,37,13501,13875,375,366,8,1,0.976,0.021333333333333333,0.0026666666666666666,,,,,,0.18133333333333335,electricity aggregate load_band_4 up_delta_small member=hourly,generic
375,38,13876,14250,375,373,0,2,0.9946666666666667,0.0,0.005333333333333333,,,,,,0.144,electricity aggregate load_band_4 up_delta_small member=hourly,generic
375,39,14251,14625,375,371,3,1,0.9893333333333333,0.008,0.0026666666666666666,,,,,,0.13866666666666666,electricity aggregate load_band_4 up_delta_small member=hourly,generic
375,40,14626,15000,375,368,5,2,0.9813333333333333,0.013333333333333334,0.005333333333333333,,,,,,0.17066666666666666,electricity aggregate load_band_4 up_delta_small member=hourly,generic
375,41,15001,15375,375,370,3,2,0.9866666666666667,0.008,0.005333333333333333,,,,,,0.16,electricity aggregate load_band_4 up_delta_small member=hourly,generic
375,42,15376,15750,375,367,5,3,0.9786666666666667,0.013333333333333334,0.008,,,,,,0.17866666666666667,electricity aggregate load_band_4 up_delta_small member=hourly,generic
375,43,15751,16125,375,367,5,3,0.9786666666666667,0.013333333333333334,0.008,,,,,,0.16266666666666665,electricity aggregate load_band_3 up_delta_small member=hourly,generic
375,44,16126,16500,375,371,2,2,0.9893333333333333,0.005333333333333333,0.005333333333333333,,,,,,0.168,electricity aggregate load_band_3 up_delta_small member=hourly,generic
375,45,16501,16875,375,373,0,2,0.9946666666666667,0.0,0.005333333333333333,,,,,,0.15466666666666667,electricity aggregate load_band_2 up_delta_small member=hourly,generic
375,46,16876,17250,375,372,0,3,0.992,0.0,0.008,,,,,,0.128,electricity aggregate load_band_3 up_delta_small member=hourly,generic
375,47,17251,17625,375,372,2,1,0.992,0.005333333333333333,0.0026666666666666666,,,,,,0.14933333333333335,electricity aggregate load_band_3 up_delta_small member=hourly,generic
375,48,17626,18000,375,371,4,0,0.9893333333333333,0.010666666666666666,0.0,,,,,,0.13066666666666665,electricity aggregate load_band_2 up_delta_small member=hourly,generic
375,49,18001,18375,375,372,2,1,0.992,0.005333333333333333,0.0026666666666666666,,,,,,0.14933333333333335,electricity aggregate load_band_2 up_delta_small member=hourly,generic
375,50,18376,18750,375,372,2,1,0.992,0.005333333333333333,0.0026666666666666666,,,,,,0.168,electricity aggregate load_band_2 up_delta_small member=hourly,generic
375,51,18751,19125,375,366,9,0,0.976,0.024,0.0,,,,,,0.208,electricity aggregate load_band_2 up_delta_small member=hourly,generic
375,52,19126,19500,375,373,2,0,0.9946666666666667,0.005333333333333333,0.0,,,,,,0.17066666666666666,electricity aggregate load_band_2 up_delta_small member=hourly,generic
375,53,19501,19875,375,368,4,3,0.9813333333333333,0.010666666666666666,0.008,,,,,,0.19466666666666665,electricity aggregate load_band_2 up_delta_small member=hourly,generic
375,54,19876,20250,375,369,2,4,0.984,0.005333333333333333,0.010666666666666666,,,,,,0.16266666666666665,electricity aggregate load_band_3 up_delta_small member=hourly,generic
375,55,20251,20625,375,370,3,2,0.9866666666666667,0.008,0.005333333333333333,,,,,,0.12533333333333332,electricity aggregate load_band_0 down_delta_small member=hourly,generic
375,56,20626,21000,375,369,4,2,0.984,0.010666666666666666,0.005333333333333333,,,,,,0.10933333333333334,electricity aggregate load_band_0 down_delta_small member=hourly,generic
375,57,21001,21375,375,369,4,2,0.984,0.010666666666666666,0.005333333333333333,,,,,,0.16533333333333333,electricity aggregate load_band_3 up_delta_small member=hourly,generic
375,58,21376,21750,375,366,7,2,0.976,0.018666666666666668,0.005333333333333333,,,,,,0.16266666666666665,electricity aggregate load_band_4 up_delta_small member=hourly,generic
375,59,21751,22125,375,362,11,2,0.9653333333333334,0.029333333333333333,0.005333333333333333,,,,,,0.15733333333333333,electricity aggregate load_band_4 up_delta_small member=hourly,generic
375,60,22126,22500,375,371,2,2,0.9893333333333333,0.005333333333333333,0.005333333333333333,,,,,,0.13066666666666665,electricity aggregate load_band_4 down_delta_mid member=hourly,generic
375,61,22501,22875,375,365,10,0,0.9733333333333334,0.02666666666666667,0.0,,,,,,0.12533333333333332,electricity aggregate load_band_4 up_delta_small member=hourly,generic
375,62,22876,23250,375,366,8,1,0.976,0.021333333333333333,0.0026666666666666666,,,,,,0.14133333333333334,electricity aggregate load_band_4 down_delta_mid member=hourly,generic
375,63,23251,23625,375,367,7,1,0.9786666666666667,0.018666666666666668,0.0026666666666666666,,,,,,0.136,electricity aggregate load_band_4 down_delta_small member=hourly,generic
375,64,23626,24000,375,371,0,4,0.9893333333333333,0.0,0.010666666666666666,,,,,,0.20533333333333334,electricity aggregate load_band_4 up_delta_small member=hourly,generic
375,65,24001,24375,375,369,5,1,0.984,0.013333333333333334,0.0026666666666666666,,,,,,0.15733333333333333,electricity aggregate load_band_4 up_delta_small member=hourly,generic
375,66,24376,24750,375,366,5,4,0.976,0.013333333333333334,0.010666666666666666,,,,,,0.12266666666666666,electricity aggregate load_band_4 up_delta_small member=hourly,generic
375,67,24751,25125,375,369,5,1,0.984,0.013333333333333334,0.0026666666666666666,,,,,,0.10666666666666667,electricity aggregate load_band_1 up_delta_mid member=hourly,generic
375,68,25126,25500,375,371,2,2,0.9893333333333333,0.005333333333333333,0.005333333333333333,,,,,,0.12266666666666666,electricity aggregate load_band_3 up_delta_small member=hourly,generic
375,69,25501,25875,375,370,3,2,0.9866666666666667,0.008,0.005333333333333333,,,,,,0.14666666666666667,electricity aggregate load_band_2 up_delta_small member=hourly,generic
375,70,25876,26250,375,369,5,1,0.984,0.013333333333333334,0.0026666666666666666,,,,,,0.152,electricity aggregate load_band_2 up_delta_small member=hourly,generic
375,71,26251,26304,54,32,22,0,0.5925925925925926,0.4074074074074074,0.0,,,,,,0.18518518518518517,electricity aggregate load_band_2 up_delta_small member=hourly,generic
500,1,1,500,500,495,3,2,0.99,0.006,0.004,,,,,,0.17,electricity aggregate load_band_3 up_delta_small member=hourly,generic
500,2,501,1000,500,499,0,1,0.998,0.0,0.002,,,,,,0.184,electricity aggregate load_band_3 up_delta_small member=hourly,generic
500,3,1001,1500,500,497,3,0,0.994,0.006,0.0,,,,,,0.16,electricity aggregate load_band_3 up_delta_small member=hourly,generic
500,4,1501,2000,500,500,0,0,1.0,0.0,0.0,,,,,,0.204,electricity aggregate load_band_3 up_delta_small member=hourly,generic
500,5,2001,2500,500,497,0,3,0.994,0.0,0.006,,,,,,0.238,electricity aggregate load_band_3 up_delta_small member=hourly,generic
500,6,2501,3000,500,492,7,1,0.984,0.014,0.002,,,,,,0.23,electricity aggregate load_band_3 up_delta_small member=hourly,generic
500,7,3001,3500,500,493,4,3,0.986,0.008,0.006,,,,,,0.114,electricity aggregate load_band_1 up_delta_mid member=hourly,generic
500,8,3501,4000,500,498,2,0,0.996,0.004,0.0,,,,,,0.16,electricity aggregate load_band_4 up_delta_small member=hourly,generic
500,9,4001,4500,500,491,6,3,0.982,0.012,0.006,,,,,,0.122,electricity aggregate load_band_4 down_delta_small member=hourly,generic
500,10,4501,5000,500,496,2,2,0.992,0.004,0.004,,,,,,0.128,electricity aggregate load_band_4 up_delta_mid member=hourly,generic
500,11,5001,5500,500,496,3,1,0.992,0.006,0.002,,,,,,0.136,electricity aggregate load_band_4 up_delta_mid member=hourly,generic
500,12,5501,6000,500,494,6,0,0.988,0.012,0.0,,,,,,0.134,electricity aggregate load_band_4 up_delta_small member=hourly,generic
500,13,6001,6500,500,492,8,0,0.984,0.016,0.0,,,,,,0.14,electricity aggregate load_band_4 up_delta_small member=hourly,generic
500,14,6501,7000,500,500,0,0,1.0,0.0,0.0,,,,,,0.128,electricity aggregate load_band_4 up_delta_small member=hourly,generic
500,15,7001,7500,500,496,3,1,0.992,0.006,0.002,,,,,,0.15,electricity aggregate load_band_3 down_delta_small member=hourly,generic
500,16,7501,8000,500,500,0,0,1.0,0.0,0.0,,,,,,0.124,electricity aggregate load_band_3 down_delta_small member=hourly,generic
500,17,8001,8500,500,497,3,0,0.994,0.006,0.0,,,,,,0.116,electricity aggregate load_band_3 down_delta_small member=hourly,generic
500,18,8501,9000,500,500,0,0,1.0,0.0,0.0,,,,,,0.116,electricity aggregate load_band_3 down_delta_small member=hourly,generic
500,19,9001,9500,500,498,2,0,0.996,0.004,0.0,,,,,,0.154,electricity aggregate load_band_2 up_delta_small member=hourly,generic
500,20,9501,10000,500,493,7,0,0.986,0.014,0.0,,,,,,0.22,electricity aggregate load_band_2 up_delta_small member=hourly,generic
500,21,10001,10500,500,497,3,0,0.994,0.006,0.0,,,,,,0.19,electricity aggregate load_band_2 up_delta_small member=hourly,generic
500,22,10501,11000,500,494,3,3,0.988,0.006,0.006,,,,,,0.154,electricity aggregate load_band_2 down_delta_small member=hourly,generic
500,23,11001,11500,500,499,0,1,0.998,0.0,0.002,,,,,,0.128,electricity aggregate load_band_2 up_delta_small member=hourly,generic
500,24,11501,12000,500,496,3,1,0.992,0.006,0.002,,,,,,0.136,electricity aggregate load_band_3 down_delta_small member=hourly,generic
500,25,12001,12500,500,495,4,1,0.99,0.008,0.002,,,,,,0.134,electricity aggregate load_band_3 up_delta_small member=hourly,generic
500,26,12501,13000,500,495,2,3,0.99,0.004,0.006,,,,,,0.108,electricity aggregate load_band_0 down_delta_small member=hourly,generic
500,27,13001,13500,500,500,0,0,1.0,0.0,0.0,,,,,,0.16,electricity aggregate load_band_4 up_delta_small member=hourly,generic
500,28,13501,14000,500,490,10,0,0.98,0.02,0.0,,,,,,0.17,electricity aggregate load_band_4 up_delta_small member=hourly,generic
500,29,14001,14500,500,495,5,0,0.99,0.01,0.0,,,,,,0.14,electricity aggregate load_band_4 up_delta_small member=hourly,generic
500,30,14501,15000,500,491,8,1,0.982,0.016,0.002,,,,,,0.166,electricity aggregate load_band_4 up_delta_small member=hourly,generic
500,31,15001,15500,500,492,3,5,0.984,0.006,0.01,,,,,,0.172,electricity aggregate load_band_4 up_delta_small member=hourly,generic
500,32,15501,16000,500,495,0,5,0.99,0.0,0.01,,,,,,0.116,electricity aggregate load_band_1 up_delta_mid member=hourly,generic
500,33,16001,16500,500,495,3,2,0.99,0.006,0.004,,,,,,0.17,electricity aggregate load_band_3 up_delta_small member=hourly,generic
500,34,16501,17000,500,491,9,0,0.982,0.018,0.0,,,,,,0.152,electricity aggregate load_band_2 up_delta_small member=hourly,generic
500,35,17001,17500,500,499,0,1,0.998,0.0,0.002,,,,,,0.15,electricity aggregate load_band_3 up_delta_small member=hourly,generic
500,36,17501,18000,500,497,2,1,0.994,0.004,0.002,,,,,,0.116,electricity aggregate load_band_0 down_delta_small member=hourly,generic
500,37,18001,18500,500,497,2,1,0.994,0.004,0.002,,,,,,0.144,electricity aggregate load_band_2 up_delta_small member=hourly,generic
500,38,18501,19000,500,496,3,1,0.992,0.006,0.002,,,,,,0.194,electricity aggregate load_band_2 up_delta_small member=hourly,generic
500,39,19001,19500,500,497,2,1,0.994,0.004,0.002,,,,,,0.184,electricity aggregate load_band_2 up_delta_small member=hourly,generic
500,40,19501,20000,500,494,4,2,0.988,0.008,0.004,,,,,,0.148,electricity aggregate load_band_2 up_delta_small member=hourly,generic
500,41,20001,20500,500,494,4,2,0.988,0.008,0.004,,,,,,0.134,electricity aggregate load_band_3 down_delta_small member=hourly,generic
500,42,20501,21000,500,493,6,1,0.986,0.012,0.002,,,,,,0.112,electricity aggregate load_band_0 down_delta_small member=hourly,generic
500,43,21001,21500,500,491,9,0,0.982,0.018,0.0,,,,,,0.13,electricity aggregate load_band_3 up_delta_small member=hourly,generic
500,44,21501,22000,500,489,10,1,0.978,0.02,0.002,,,,,,0.16,electricity aggregate load_band_4 up_delta_small member=hourly,generic
500,45,22001,22500,500,490,5,5,0.98,0.01,0.01,,,,,,0.13,electricity aggregate load_band_4 up_delta_small member=hourly,generic
500,46,22501,23000,500,495,5,0,0.99,0.01,0.0,,,,,,0.132,electricity aggregate load_band_4 down_delta_mid member=hourly,generic
500,47,23001,23500,500,493,6,1,0.986,0.012,0.002,,,,,,0.132,electricity aggregate load_band_4 down_delta_mid member=hourly,generic
500,48,23501,24000,500,494,4,2,0.988,0.008,0.004,,,,,,0.184,electricity aggregate load_band_4 up_delta_small member=hourly,generic
500,49,24001,24500,500,488,8,4,0.976,0.016,0.008,,,,,,0.132,electricity aggregate load_band_4 up_delta_small member=hourly,generic
500,50,24501,25000,500,496,2,2,0.992,0.004,0.004,,,,,,0.106,electricity aggregate load_band_1 up_delta_mid member=hourly,generic
500,51,25001,25500,500,496,3,1,0.992,0.006,0.002,,,,,,0.112,electricity aggregate load_band_3 up_delta_small member=hourly,generic
500,52,25501,26000,500,495,3,2,0.99,0.006,0.004,,,,,,0.156,electricity aggregate load_band_2 up_delta_small member=hourly,generic
500,53,26001,26304,304,297,6,1,0.9769736842105263,0.019736842105263157,0.003289473684210526,,,,,,0.14473684210526316,electricity aggregate load_band_2 up_delta_small member=hourly,generic
625,1,1,625,625,620,3,2,0.992,0.0048,0.0032,,,,,,0.168,electricity aggregate load_band_3 up_delta_small member=hourly,generic
625,2,626,1250,625,625,0,0,1.0,0.0,0.0,,,,,,0.1664,electricity aggregate load_band_3 up_delta_small member=hourly,generic
625,3,1251,1875,625,625,0,0,1.0,0.0,0.0,,,,,,0.2016,electricity aggregate load_band_3 up_delta_small member=hourly,generic
625,4,1876,2500,625,622,0,3,0.9952,0.0,0.0048,,,,,,0.2288,electricity aggregate load_band_3 up_delta_small member=hourly,generic
625,5,2501,3125,625,614,7,4,0.9824,0.0112,0.0064,,,,,,0.2208,electricity aggregate load_band_3 up_delta_small member=hourly,generic
625,6,3126,3750,625,624,0,1,0.9984,0.0,0.0016,,,,,,0.1344,electricity aggregate load_band_4 up_delta_small member=hourly,generic
625,7,3751,4375,625,618,5,2,0.9888,0.008,0.0032,,,,,,0.1392,electricity aggregate load_band_4 up_delta_small member=hourly,generic
625,8,4376,5000,625,620,3,2,0.992,0.0048,0.0032,,,,,,0.128,electricity aggregate load_band_4 up_delta_mid member=hourly,generic
625,9,5001,5625,625,624,0,1,0.9984,0.0,0.0016,,,,,,0.128,electricity aggregate load_band_4 up_delta_mid member=hourly,generic
625,10,5626,6250,625,625,0,0,1.0,0.0,0.0,,,,,,0.128,electricity aggregate load_band_4 up_delta_small member=hourly,generic
625,11,6251,6875,625,620,5,0,0.992,0.008,0.0,,,,,,0.152,electricity aggregate load_band_4 up_delta_small member=hourly,generic
625,12,6876,7500,625,621,3,1,0.9936,0.0048,0.0016,,,,,,0.1408,electricity aggregate load_band_3 up_delta_small member=hourly,generic
625,13,7501,8125,625,625,0,0,1.0,0.0,0.0,,,,,,0.1152,electricity aggregate load_band_3 down_delta_small member=hourly,generic
625,14,8126,8750,625,624,0,1,0.9984,0.0,0.0016,,,,,,0.1312,electricity aggregate load_band_3 down_delta_small member=hourly,generic
625,15,8751,9375,625,625,0,0,1.0,0.0,0.0,,,,,,0.1408,electricity aggregate load_band_2 up_delta_small member=hourly,generic
625,16,9376,10000,625,622,3,0,0.9952,0.0048,0.0,,,,,,0.2064,electricity aggregate load_band_2 up_delta_small member=hourly,generic
625,17,10001,10625,625,625,0,0,1.0,0.0,0.0,,,,,,0.1888,electricity aggregate load_band_2 up_delta_small member=hourly,generic
625,18,10626,11250,625,619,3,3,0.9904,0.0048,0.0048,,,,,,0.184,electricity aggregate load_band_2 up_delta_small member=hourly,generic
625,19,11251,11875,625,619,5,1,0.9904,0.008,0.0016,,,,,,0.1488,electricity aggregate load_band_3 down_delta_small member=hourly,generic
625,20,11876,12500,625,619,4,2,0.9904,0.0064,0.0032,,,,,,0.1264,electricity aggregate load_band_3 up_delta_small member=hourly,generic
625,21,12501,13125,625,622,0,3,0.9952,0.0,0.0048,,,,,,0.1008,electricity aggregate load_band_0 down_delta_small member=hourly,generic
625,22,13126,13750,625,620,5,0,0.992,0.008,0.0,,,,,,0.1776,electricity aggregate load_band_4 up_delta_small member=hourly,generic
625,23,13751,14375,625,618,7,0,0.9888,0.0112,0.0,,,,,,0.1504,electricity aggregate load_band_4 up_delta_small member=hourly,generic
625,24,14376,15000,625,621,3,1,0.9936,0.0048,0.0016,,,,,,0.1552,electricity aggregate load_band_4 up_delta_small member=hourly,generic
625,25,15001,15625,625,617,3,5,0.9872,0.0048,0.008,,,,,,0.1712,electricity aggregate load_band_4 up_delta_small member=hourly,generic
625,26,15626,16250,625,615,7,3,0.984,0.0112,0.0048,,,,,,0.1488,electricity aggregate load_band_3 up_delta_small member=hourly,generic
625,27,16251,16875,625,620,2,3,0.992,0.0032,0.0048,,,,,,0.1216,electricity aggregate load_band_0 down_delta_small member=hourly,generic
625,28,16876,17500,625,623,0,2,0.9968,0.0,0.0032,,,,,,0.136,electricity aggregate load_band_3 up_delta_small member=hourly,generic
625,29,17501,18125,625,622,2,1,0.9952,0.0032,0.0016,,,,,,0.1216,electricity aggregate load_band_0 down_delta_small member=hourly,generic
625,30,18126,18750,625,620,4,1,0.992,0.0064,0.0016,,,,,,0.1632,electricity aggregate load_band_2 up_delta_small member=hourly,generic
625,31,18751,19375,625,620,5,0,0.992,0.008,0.0,,,,,,0.1872,electricity aggregate load_band_2 up_delta_small member=hourly,generic
625,32,19376,20000,625,618,5,2,0.9888,0.008,0.0032,,,,,,0.1584,electricity aggregate load_band_2 up_delta_small member=hourly,generic
625,33,20001,20625,625,620,3,2,0.992,0.0048,0.0032,,,,,,0.1168,electricity aggregate load_band_0 down_delta_small member=hourly,generic
625,34,20626,21250,625,617,7,1,0.9872,0.0112,0.0016,,,,,,0.1232,electricity aggregate load_band_3 up_delta_small member=hourly,generic
625,35,21251,21875,625,622,2,1,0.9952,0.0032,0.0016,,,,,,0.1296,electricity aggregate load_band_4 up_delta_small member=hourly,generic
625,36,21876,22500,625,616,5,4,0.9856,0.008,0.0064,,,,,,0.1376,electricity aggregate load_band_4 up_delta_small member=hourly,generic
625,37,22501,23125,625,623,2,0,0.9968,0.0032,0.0,,,,,,0.1328,electricity aggregate load_band_4 down_delta_mid member=hourly,generic
625,38,23126,23750,625,621,3,1,0.9936,0.0048,0.0016,,,,,,0.1296,electricity aggregate load_band_4 up_delta_small member=hourly,generic
625,39,23751,24375,625,621,4,0,0.9936,0.0064,0.0,,,,,,0.1872,electricity aggregate load_band_4 up_delta_small member=hourly,generic
625,40,24376,25000,625,623,0,2,0.9968,0.0,0.0032,,,,,,0.1072,electricity aggregate load_band_1 up_delta_mid member=hourly,generic
625,41,25001,25625,625,619,3,3,0.9904,0.0048,0.0048,,,,,,0.0992,electricity aggregate load_band_3 up_delta_small member=hourly,generic
625,42,25626,26250,625,616,8,1,0.9856,0.0128,0.0016,,,,,,0.152,electricity aggregate load_band_2 up_delta_small member=hourly,generic
625,43,26251,26304,54,32,22,0,0.5925925925925926,0.4074074074074074,0.0,,,,,,0.18518518518518517,electricity aggregate load_band_2 up_delta_small member=hourly,generic
750,1,1,750,750,744,5,1,0.992,0.006666666666666667,0.0013333333333333333,,,,,,0.17333333333333334,electricity aggregate load_band_3 up_delta_small member=hourly,generic
750,2,751,1500,750,747,3,0,0.996,0.004,0.0,,,,,,0.16933333333333334,electricity aggregate load_band_3 up_delta_small member=hourly,generic
750,3,1501,2250,750,748,0,2,0.9973333333333333,0.0,0.0026666666666666666,,,,,,0.22133333333333333,electricity aggregate load_band_3 up_delta_small member=hourly,generic
750,4,2251,3000,750,746,3,1,0.9946666666666667,0.004,0.0013333333333333333,,,,,,0.22666666666666666,electricity aggregate load_band_3 up_delta_small member=hourly,generic
750,5,3001,3750,750,745,2,3,0.9933333333333333,0.0026666666666666666,0.004,,,,,,0.11866666666666667,electricity aggregate load_band_4 up_delta_small member=hourly,generic
750,6,3751,4500,750,743,5,2,0.9906666666666667,0.006666666666666667,0.0026666666666666666,,,,,,0.13333333333333333,electricity aggregate load_band_4 up_delta_small member=hourly,generic
750,7,4501,5250,750,746,3,1,0.9946666666666667,0.004,0.0013333333333333333,,,,,,0.136,electricity aggregate load_band_4 up_delta_mid member=hourly,generic
750,8,5251,6000,750,746,3,1,0.9946666666666667,0.004,0.0013333333333333333,,,,,,0.12133333333333333,electricity aggregate load_band_4 down_delta_mid member=hourly,generic
750,9,6001,6750,750,747,3,0,0.996,0.004,0.0,,,,,,0.14533333333333334,electricity aggregate load_band_4 up_delta_small member=hourly,generic
750,10,6751,7500,750,744,5,1,0.992,0.006666666666666667,0.0013333333333333333,,,,,,0.11733333333333333,electricity aggregate load_band_3 up_delta_small member=hourly,generic
750,11,7501,8250,750,750,0,0,1.0,0.0,0.0,,,,,,0.116,electricity aggregate load_band_3 down_delta_small member=hourly,generic
750,12,8251,9000,750,750,0,0,1.0,0.0,0.0,,,,,,0.12133333333333333,electricity aggregate load_band_3 down_delta_small member=hourly,generic
750,13,9001,9750,750,744,6,0,0.992,0.008,0.0,,,,,,0.17066666666666666,electricity aggregate load_band_2 up_delta_small member=hourly,generic
750,14,9751,10500,750,750,0,0,1.0,0.0,0.0,,,,,,0.20533333333333334,electricity aggregate load_band_2 up_delta_small member=hourly,generic
750,15,10501,11250,750,744,3,3,0.992,0.004,0.004,,,,,,0.184,electricity aggregate load_band_2 up_delta_small member=hourly,generic
750,16,11251,12000,750,749,0,1,0.9986666666666667,0.0,0.0013333333333333333,,,,,,0.15466666666666667,electricity aggregate load_band_3 down_delta_small member=hourly,generic
750,17,12001,12750,750,746,3,1,0.9946666666666667,0.004,0.0013333333333333333,,,,,,0.12,electricity aggregate load_band_3 up_delta_small member=hourly,generic
750,18,12751,13500,750,748,2,0,0.9973333333333333,0.0026666666666666666,0.0,,,,,,0.13866666666666666,electricity aggregate load_band_4 up_delta_small member=hourly,generic
750,19,13501,14250,750,746,4,0,0.9946666666666667,0.005333333333333333,0.0,,,,,,0.16266666666666665,electricity aggregate load_band_4 up_delta_small member=hourly,generic
750,20,14251,15000,750,745,3,2,0.9933333333333333,0.004,0.0026666666666666666,,,,,,0.15466666666666667,electricity aggregate load_band_4 up_delta_small member=hourly,generic
750,21,15001,15750,750,744,2,4,0.992,0.0026666666666666666,0.005333333333333333,,,,,,0.16933333333333334,electricity aggregate load_band_4 up_delta_small member=hourly,generic
750,22,15751,16500,750,742,5,3,0.9893333333333333,0.006666666666666667,0.004,,,,,,0.16533333333333333,electricity aggregate load_band_3 up_delta_small member=hourly,generic
750,23,16501,17250,750,745,4,1,0.9933333333333333,0.005333333333333333,0.0013333333333333333,,,,,,0.12933333333333333,electricity aggregate load_band_2 up_delta_small member=hourly,generic
750,24,17251,18000,750,747,2,1,0.996,0.0026666666666666666,0.0013333333333333333,,,,,,0.11866666666666667,electricity aggregate load_band_3 up_delta_small member=hourly,generic
750,25,18001,18750,750,744,5,1,0.992,0.006666666666666667,0.0013333333333333333,,,,,,0.15866666666666668,electricity aggregate load_band_2 up_delta_small member=hourly,generic
750,26,18751,19500,750,748,2,0,0.9973333333333333,0.0026666666666666666,0.0,,,,,,0.18933333333333333,electricity aggregate load_band_2 up_delta_small member=hourly,generic
750,27,19501,20250,750,740,7,3,0.9866666666666667,0.009333333333333334,0.004,,,,,,0.108,electricity aggregate load_band_0 down_delta_small member=hourly,generic
750,28,20251,21000,750,742,7,1,0.9893333333333333,0.009333333333333334,0.0013333333333333333,,,,,,0.11733333333333333,electricity aggregate load_band_0 down_delta_small member=hourly,generic
750,29,21001,21750,750,743,6,1,0.9906666666666667,0.008,0.0013333333333333333,,,,,,0.12266666666666666,electricity aggregate load_band_0 down_delta_small member=hourly,generic
750,30,21751,22500,750,741,6,3,0.988,0.008,0.004,,,,,,0.14,electricity aggregate load_band_4 up_delta_small member=hourly,generic
750,31,22501,23250,750,750,0,0,1.0,0.0,0.0,,,,,,0.132,electricity aggregate load_band_4 down_delta_mid member=hourly,generic
750,32,23251,24000,750,745,3,2,0.9933333333333333,0.004,0.0026666666666666666,,,,,,0.16,electricity aggregate load_band_4 up_delta_small member=hourly,generic
750,33,24001,24750,750,743,2,5,0.9906666666666667,0.0026666666666666666,0.006666666666666667,,,,,,0.14,electricity aggregate load_band_4 up_delta_small member=hourly,generic
750,34,24751,25500,750,747,2,1,0.996,0.0026666666666666666,0.0013333333333333333,,,,,,0.10666666666666667,electricity aggregate load_band_3 down_delta_small member=hourly,generic
750,35,25501,26250,750,739,11,0,0.9853333333333333,0.014666666666666666,0.0,,,,,,0.14933333333333335,electricity aggregate load_band_2 up_delta_small member=hourly,generic
750,36,26251,26304,54,32,22,0,0.5925925925925926,0.4074074074074074,0.0,,,,,,0.18518518518518517,electricity aggregate load_band_2 up_delta_small member=hourly,generic
875,1,1,875,875,871,3,1,0.9954285714285714,0.0034285714285714284,0.001142857142857143,,,,,,0.1702857142857143,electricity aggregate load_band_3 up_delta_small member=hourly,generic
875,2,876,1750,875,875,0,0,1.0,0.0,0.0,,,,,,0.18857142857142858,electricity aggregate load_band_3 up_delta_small member=hourly,generic
875,3,1751,2625,875,871,2,2,0.9954285714285714,0.002285714285714286,0.002285714285714286,,,,,,0.21257142857142858,electricity aggregate load_band_3 up_delta_small member=hourly,generic
875,4,2626,3500,875,871,2,2,0.9954285714285714,0.002285714285714286,0.002285714285714286,,,,,,0.15428571428571428,electricity aggregate load_band_3 up_delta_small member=hourly,generic
875,5,3501,4375,875,868,5,2,0.992,0.005714285714285714,0.002285714285714286,,,,,,0.144,electricity aggregate load_band_4 up_delta_small member=hourly,generic
875,6,4376,5250,875,871,3,1,0.9954285714285714,0.0034285714285714284,0.001142857142857143,,,,,,0.13485714285714287,electricity aggregate load_band_4 up_delta_mid member=hourly,generic
875,7,5251,6125,875,871,3,1,0.9954285714285714,0.0034285714285714284,0.001142857142857143,,,,,,0.12114285714285715,electricity aggregate load_band_4 up_delta_mid member=hourly,generic
875,8,6126,7000,875,875,0,0,1.0,0.0,0.0,,,,,,0.13714285714285715,electricity aggregate load_band_4 up_delta_small member=hourly,generic
875,9,7001,7875,875,874,0,1,0.9988571428571429,0.0,0.001142857142857143,,,,,,0.14057142857142857,electricity aggregate load_band_3 down_delta_small member=hourly,generic
875,10,7876,8750,875,875,0,0,1.0,0.0,0.0,,,,,,0.12114285714285715,electricity aggregate load_band_3 down_delta_small member=hourly,generic
875,11,8751,9625,875,873,2,0,0.9977142857142857,0.002285714285714286,0.0,,,,,,0.14514285714285713,electricity aggregate load_band_2 up_delta_small member=hourly,generic
875,12,9626,10500,875,875,0,0,1.0,0.0,0.0,,,,,,0.21142857142857144,electricity aggregate load_band_2 up_delta_small member=hourly,generic
875,13,10501,11375,875,871,0,4,0.9954285714285714,0.0,0.004571428571428572,,,,,,0.15771428571428572,electricity aggregate load_band_2 up_delta_small member=hourly,generic
875,14,11376,12250,875,874,0,1,0.9988571428571429,0.0,0.001142857142857143,,,,,,0.128,electricity aggregate load_band_3 down_delta_small member=hourly,generic
875,15,12251,13125,875,873,2,0,0.9977142857142857,0.002285714285714286,0.0,,,,,,0.10057142857142858,electricity aggregate load_band_0 down_delta_small member=hourly,generic
875,16,13126,14000,875,875,0,0,1.0,0.0,0.0,,,,,,0.1702857142857143,electricity aggregate load_band_4 up_delta_small member=hourly,generic
875,17,14001,14875,875,871,3,1,0.9954285714285714,0.0034285714285714284,0.001142857142857143,,,,,,0.152,electricity aggregate load_band_4 up_delta_small member=hourly,generic
875,18,14876,15750,875,863,10,2,0.9862857142857143,0.011428571428571429,0.002285714285714286,,,,,,0.168,electricity aggregate load_band_4 up_delta_small member=hourly,generic
875,19,15751,16625,875,867,5,3,0.9908571428571429,0.005714285714285714,0.0034285714285714284,,,,,,0.14857142857142858,electricity aggregate load_band_3 up_delta_small member=hourly,generic
875,20,16626,17500,875,873,0,2,0.9977142857142857,0.0,0.002285714285714286,,,,,,0.11771428571428572,electricity aggregate load_band_0 down_delta_small member=hourly,generic
875,21,17501,18375,875,872,2,1,0.9965714285714286,0.002285714285714286,0.001142857142857143,,,,,,0.12457142857142857,electricity aggregate load_band_2 up_delta_small member=hourly,generic
875,22,18376,19250,875,875,0,0,1.0,0.0,0.0,,,,,,0.18514285714285714,electricity aggregate load_band_2 up_delta_small member=hourly,generic
875,23,19251,20125,875,868,4,3,0.992,0.004571428571428572,0.0034285714285714284,,,,,,0.1337142857142857,electricity aggregate load_band_2 up_delta_small member=hourly,generic
875,24,20126,21000,875,870,4,1,0.9942857142857143,0.004571428571428572,0.001142857142857143,,,,,,0.11428571428571428,electricity aggregate load_band_0 down_delta_small member=hourly,generic
875,25,21001,21875,875,868,6,1,0.992,0.006857142857142857,0.001142857142857143,,,,,,0.12,electricity aggregate load_band_0 down_delta_small member=hourly,generic
875,26,21876,22750,875,864,8,3,0.9874285714285714,0.009142857142857144,0.0034285714285714284,,,,,,0.13714285714285715,electricity aggregate load_band_4 up_delta_small member=hourly,generic
875,27,22751,23625,875,872,2,1,0.9965714285714286,0.002285714285714286,0.001142857142857143,,,,,,0.12914285714285714,electricity aggregate load_band_4 down_delta_mid member=hourly,generic
875,28,23626,24500,875,863,7,5,0.9862857142857143,0.008,0.005714285714285714,,,,,,0.16342857142857142,electricity aggregate load_band_4 up_delta_small member=hourly,generic
875,29,24501,25375,875,872,2,1,0.9965714285714286,0.002285714285714286,0.001142857142857143,,,,,,0.096,electricity aggregate load_band_1 up_delta_mid member=hourly,generic
875,30,25376,26250,875,864,11,0,0.9874285714285714,0.012571428571428572,0.0,,,,,,0.1462857142857143,electricity aggregate load_band_2 up_delta_small member=hourly,generic
875,31,26251,26304,54,32,22,0,0.5925925925925926,0.4074074074074074,0.0,,,,,,0.18518518518518517,electricity aggregate load_band_2 up_delta_small member=hourly,generic
1000,1,1,1000,1000,996,3,1,0.996,0.003,0.001,,,,,,0.177,electricity aggregate load_band_3 up_delta_small member=hourly,generic
1000,2,1001,2000,1000,1000,0,0,1.0,0.0,0.0,,,,,,0.182,electricity aggregate load_band_3 up_delta_small member=hourly,generic
1000,3,2001,3000,1000,994,5,1,0.994,0.005,0.001,,,,,,0.234,electricity aggregate load_band_3 up_delta_small member=hourly,generic
1000,4,3001,4000,1000,995,2,3,0.995,0.002,0.003,,,,,,0.13,electricity aggregate load_band_4 up_delta_small member=hourly,generic
1000,5,4001,5000,1000,997,0,3,0.997,0.0,0.003,,,,,,0.122,electricity aggregate load_band_4 up_delta_small member=hourly,generic
1000,6,5001,6000,1000,996,3,1,0.996,0.003,0.001,,,,,,0.129,electricity aggregate load_band_4 up_delta_mid member=hourly,generic
1000,7,6001,7000,1000,1000,0,0,1.0,0.0,0.0,,,,,,0.134,electricity aggregate load_band_4 up_delta_small member=hourly,generic
1000,8,7001,8000,1000,999,0,1,0.999,0.0,0.001,,,,,,0.137,electricity aggregate load_band_3 down_delta_small member=hourly,generic
1000,9,8001,9000,1000,997,3,0,0.997,0.003,0.0,,,,,,0.116,electricity aggregate load_band_3 down_delta_small member=hourly,generic
1000,10,9001,10000,1000,1000,0,0,1.0,0.0,0.0,,,,,,0.187,electricity aggregate load_band_2 up_delta_small member=hourly,generic
1000,11,10001,11000,1000,994,3,3,0.994,0.003,0.003,,,,,,0.169,electricity aggregate load_band_2 up_delta_small member=hourly,generic
1000,12,11001,12000,1000,999,0,1,0.999,0.0,0.001,,,,,,0.117,electricity aggregate load_band_3 down_delta_small member=hourly,generic
1000,13,12001,13000,1000,997,3,0,0.997,0.003,0.0,,,,,,0.108,electricity aggregate load_band_0 down_delta_small member=hourly,generic
1000,14,13001,14000,1000,1000,0,0,1.0,0.0,0.0,,,,,,0.165,electricity aggregate load_band_4 up_delta_small member=hourly,generic
1000,15,14001,15000,1000,996,3,1,0.996,0.003,0.001,,,,,,0.153,electricity aggregate load_band_4 up_delta_small member=hourly,generic
1000,16,15001,16000,1000,994,0,6,0.994,0.0,0.006,,,,,,0.141,electricity aggregate load_band_4 up_delta_small member=hourly,generic
1000,17,16001,17000,1000,991,8,1,0.991,0.008,0.001,,,,,,0.119,electricity aggregate load_band_0 down_delta_small member=hourly,generic
1000,18,17001,18000,1000,996,4,0,0.996,0.004,0.0,,,,,,0.127,electricity aggregate load_band_3 up_delta_small member=hourly,generic
1000,19,18001,19000,1000,997,3,0,0.997,0.003,0.0,,,,,,0.169,electricity aggregate load_band_2 up_delta_small member=hourly,generic
1000,20,19001,20000,1000,996,2,2,0.996,0.002,0.002,,,,,,0.166,electricity aggregate load_band_2 up_delta_small member=hourly,generic
1000,21,20001,21000,1000,994,4,2,0.994,0.004,0.002,,,,,,0.114,electricity aggregate load_band_0 down_delta_small member=hourly,generic
1000,22,21001,22000,1000,993,6,1,0.993,0.006,0.001,,,,,,0.119,electricity aggregate load_band_0 down_delta_small member=hourly,generic
1000,23,22001,23000,1000,996,0,4,0.996,0.0,0.004,,,,,,0.13,electricity aggregate load_band_4 down_delta_mid member=hourly,generic
1000,24,23001,24000,1000,998,0,2,0.998,0.0,0.002,,,,,,0.154,electricity aggregate load_band_4 up_delta_small member=hourly,generic
1000,25,24001,25000,1000,997,2,1,0.997,0.002,0.001,,,,,,0.115,electricity aggregate load_band_4 up_delta_small member=hourly,generic
1000,26,25001,26000,1000,992,6,2,0.992,0.006,0.002,,,,,,0.122,electricity aggregate load_band_2 up_delta_small member=hourly,generic
1000,27,26001,26304,304,297,6,1,0.9769736842105263,0.019736842105263157,0.003289473684210526,,,,,,0.14473684210526316,electricity aggregate load_band_2 up_delta_small member=hourly,generic
