terrain_id,from_focus_size,to_focus_size,from_line_start,from_line_end,to_line_start,to_line_end,overlap_ratio,from_posture,to_posture,from_legibility,to_legibility,delta_stable,delta_middle,delta_residual,transition_marker
rr_interval_4002_first_50000_001,25,50,1,25,1,50,1.0000,stable,stable,dominant_stable,dominant_stable,0.2200,-0.2000,-0.0200,persisted
rr_interval_4002_first_50000_001,25,50,26,50,1,50,1.0000,stable,stable,dominant_stable,dominant_stable,0.1800,-0.1600,-0.0200,persisted
rr_interval_4002_first_50000_001,25,50,51,75,51,100,1.0000,stable,stable,dominant_stable,dominant_stable,0.1600,-0.1000,-0.0600,persisted
rr_interval_4002_first_50000_001,25,50,76,100,51,100,1.0000,stable,stable,dominant_stable,dominant_stable,0.1600,-0.1400,-0.0200,persisted
rr_interval_4002_first_50000_001,25,50,101,125,101,150,1.0000,stable,stable,dominant_stable,dominant_stable,0.2200,-0.2000,-0.0200,persisted
rr_interval_4002_first_50000_001,25,50,126,150,101,150,1.0000,stable,stable,dominant_stable,dominant_stable,0.0600,0.0400,-0.1000,persisted
rr_interval_4002_first_50000_001,25,50,151,175,151,200,1.0000,stable,stable,dominant_stable,dominant_stable,0.1400,-0.1400,0.0000,persisted
rr_interval_4002_first_50000_001,25,50,176,200,151,200,1.0000,stable,stable,dominant_stable,dominant_stable,0.0600,-0.0200,-0.0400,persisted
rr_interval_4002_first_50000_001,25,50,201,225,201,250,1.0000,stable,stable,dominant_stable,dominant_stable,-0.0800,0.0600,0.0200,persisted
rr_interval_4002_first_50000_001,25,50,226,250,201,250,1.0000,stable,stable,dominant_stable,dominant_stable,0.1200,-0.0600,-0.0600,persisted
rr_interval_4002_first_50000_001,25,50,251,275,251,300,1.0000,stable,stable,dominant_stable,dominant_stable,0.1800,-0.1400,-0.0400,persisted
rr_interval_4002_first_50000_001,25,50,276,300,251,300,1.0000,stable,stable,dominant_stable,dominant_stable,0.1400,-0.1400,0.0000,persisted
rr_interval_4002_first_50000_001,25,50,301,325,301,350,1.0000,stable,stable,dominant_stable,dominant_stable,0.0000,0.0000,0.0000,persisted
rr_interval_4002_first_50000_001,25,50,326,350,301,350,1.0000,stable,stable,dominant_stable,dominant_stable,0.0000,0.0000,0.0000,persisted
rr_interval_4002_first_50000_001,25,50,351,375,351,400,1.0000,stable,stable,dominant_stable,dominant_stable,-0.0400,0.0000,0.0400,persisted
rr_interval_4002_first_50000_001,25,50,376,400,351,400,1.0000,stable,stable,dominant_stable,dominant_stable,0.0400,0.0000,-0.0400,persisted
rr_interval_4002_first_50000_001,25,50,401,425,401,450,1.0000,stable,stable,dominant_stable,dominant_stable,0.0000,0.0000,0.0000,persisted
rr_interval_4002_first_50000_001,25,50,426,450,401,450,1.0000,stable,stable,dominant_stable,dominant_stable,0.0000,0.0000,0.0000,persisted
rr_interval_4002_first_50000_001,25,50,451,475,451,500,1.0000,stable,stable,dominant_stable,dominant_stable,0.1800,-0.1800,0.0000,persisted
rr_interval_4002_first_50000_001,25,50,476,500,451,500,1.0000,stable,stable,dominant_stable,dominant_stable,-0.0600,0.0600,0.0000,persisted
rr_interval_4002_first_50000_001,25,50,501,525,501,550,1.0000,stable,stable,dominant_stable,dominant_stable,0.0000,0.0000,0.0000,persisted
rr_interval_4002_first_50000_001,25,50,526,550,501,550,1.0000,stable,stable,dominant_stable,dominant_stable,0.0000,0.0000,0.0000,persisted
rr_interval_4002_first_50000_001,25,50,551,575,551,600,1.0000,stable,stable,dominant_stable,dominant_stable,0.0000,0.0000,0.0000,persisted
rr_interval_4002_first_50000_001,25,50,576,600,551,600,1.0000,stable,stable,dominant_stable,dominant_stable,0.0000,0.0000,0.0000,persisted
rr_interval_4002_first_50000_001,25,50,601,625,601,650,1.0000,stable,stable,dominant_stable,dominant_stable,0.0000,0.0000,0.0000,persisted
rr_interval_4002_first_50000_001,25,50,626,650,601,650,1.0000,stable,stable,dominant_stable,dominant_stable,0.0000,0.0000,0.0000,persisted
rr_interval_4002_first_50000_001,25,50,651,675,651,700,1.0000,stable,stable,dominant_stable,dominant_stable,0.0000,0.0000,0.0000,persisted
rr_interval_4002_first_50000_001,25,50,676,700,651,700,1.0000,stable,stable,dominant_stable,dominant_stable,0.0000,0.0000,0.0000,persisted
rr_interval_4002_first_50000_001,25,50,701,725,701,750,1.0000,stable,stable,dominant_stable,dominant_stable,0.0000,0.0000,0.0000,persisted
rr_interval_4002_first_50000_001,25,50,726,750,701,750,1.0000,stable,stable,dominant_stable,dominant_stable,0.0000,0.0000,0.0000,persisted
rr_interval_4002_first_50000_001,25,50,751,775,751,800,1.0000,stable,stable,dominant_stable,dominant_stable,0.0400,0.0400,-0.0800,persisted
rr_interval_4002_first_50000_001,25,50,776,800,751,800,1.0000,stable,stable,dominant_stable,dominant_stable,0.2800,-0.2800,0.0000,persisted
rr_interval_4002_first_50000_001,25,50,801,825,801,850,1.0000,stable,stable,dominant_stable,dominant_stable,0.0000,0.0000,0.0000,persisted
rr_interval_4002_first_50000_001,25,50,826,850,801,850,1.0000,stable,stable,dominant_stable,dominant_stable,0.0000,0.0000,0.0000,persisted
rr_interval_4002_first_50000_001,25,50,851,875,851,900,1.0000,stable,stable,dominant_stable,dominant_stable,-0.1200,0.1000,0.0200,persisted
rr_interval_4002_first_50000_001,25,50,876,900,851,900,1.0000,stable,stable,dominant_stable,dominant_stable,0.1600,-0.1000,-0.0600,persisted
rr_interval_4002_first_50000_001,25,50,901,925,901,950,1.0000,stable,stable,dominant_stable,dominant_stable,0.0600,-0.0400,-0.0200,persisted
rr_interval_4002_first_50000_001,25,50,926,950,901,950,1.0000,stable,stable,dominant_stable,dominant_stable,-0.0600,0.0400,0.0200,persisted
rr_interval_4002_first_50000_001,25,50,951,975,951,1000,1.0000,stable,stable,dominant_stable,dominant_stable,-0.0600,0.0600,0.0000,persisted
rr_interval_4002_first_50000_001,25,50,976,1000,951,1000,1.0000,stable,stable,dominant_stable,dominant_stable,0.1800,-0.1800,0.0000,persisted
rr_interval_4002_first_50000_001,25,50,1001,1025,1001,1050,1.0000,stable,stable,dominant_stable,dominant_stable,-0.0400,0.0800,-0.0400,persisted
rr_interval_4002_first_50000_001,25,50,1026,1050,1001,1050,1.0000,stable,stable,dominant_stable,dominant_stable,0.3200,-0.3200,0.0000,persisted
rr_interval_4002_first_50000_001,25,50,1051,1075,1051,1100,1.0000,stable,stable,dominant_stable,dominant_stable,0.2400,-0.2400,0.0000,persisted
rr_interval_4002_first_50000_001,25,50,1076,1100,1051,1100,1.0000,stable,stable,dominant_stable,dominant_stable,0.1200,-0.1200,0.0000,persisted
rr_interval_4002_first_50000_001,25,50,1101,1125,1101,1150,1.0000,stable,stable,dominant_stable,dominant_stable,0.1600,-0.1200,-0.0400,persisted
rr_interval_4002_first_50000_001,25,50,1126,1150,1101,1150,1.0000,stable,stable,dominant_stable,dominant_stable,0.3200,-0.3200,0.0000,persisted
rr_interval_4002_first_50000_001,25,50,1151,1175,1151,1200,1.0000,stable,stable,dominant_stable,dominant_stable,0.2600,-0.2000,-0.0600,persisted
rr_interval_4002_first_50000_001,25,50,1176,1200,1151,1200,1.0000,stable,stable,dominant_stable,dominant_stable,0.1000,-0.1200,0.0200,persisted
rr_interval_4002_first_50000_001,25,50,1201,1225,1201,1250,1.0000,stable,stable,dominant_stable,dominant_stable,0.0000,0.0000,0.0000,persisted
rr_interval_4002_first_50000_001,25,50,1226,1250,1201,1250,1.0000,stable,stable,dominant_stable,dominant_stable,0.0800,-0.0800,0.0000,persisted
rr_interval_4002_first_50000_001,25,50,1251,1275,1251,1300,1.0000,stable,stable,dominant_stable,dominant_stable,0.2800,-0.2400,-0.0400,persisted
rr_interval_4002_first_50000_001,25,50,1276,1300,1251,1300,1.0000,stable,stable,dominant_stable,dominant_stable,0.0400,0.0000,-0.0400,persisted
rr_interval_4002_first_50000_001,25,50,1301,1325,1301,1350,1.0000,stable,stable,dominant_stable,dominant_stable,0.0400,0.0000,-0.0400,persisted
rr_interval_4002_first_50000_001,25,50,1326,1350,1301,1350,1.0000,stable,stable,dominant_stable,dominant_stable,0.1200,-0.1200,0.0000,persisted
rr_interval_4002_first_50000_001,25,50,1351,1375,1351,1400,1.0000,stable,stable,dominant_stable,dominant_stable,0.0800,-0.0600,-0.0200,persisted
rr_interval_4002_first_50000_001,25,50,1376,1400,1351,1400,1.0000,stable,stable,dominant_stable,dominant_stable,-0.0800,0.1000,-0.0200,persisted
rr_interval_4002_first_50000_001,25,50,1401,1425,1401,1450,1.0000,stable,stable,dominant_stable,dominant_stable,0.0200,-0.0200,0.0000,persisted
rr_interval_4002_first_50000_001,25,50,1426,1450,1401,1450,1.0000,stable,stable,dominant_stable,dominant_stable,-0.0200,0.0600,-0.0400,persisted
rr_interval_4002_first_50000_001,25,50,1451,1475,1451,1500,1.0000,stable,stable,dominant_stable,dominant_stable,0.1800,-0.1600,-0.0200,persisted
rr_interval_4002_first_50000_001,25,50,1476,1500,1451,1500,1.0000,stable,stable,dominant_stable,dominant_stable,-0.0600,0.0400,0.0200,persisted
rr_interval_4002_first_50000_001,25,50,1501,1525,1501,1550,1.0000,stable,stable,dominant_stable,dominant_stable,0.1600,-0.1800,0.0200,persisted
rr_interval_4002_first_50000_001,25,50,1526,1550,1501,1550,1.0000,stable,stable,dominant_stable,dominant_stable,-0.0400,0.0600,-0.0200,persisted
rr_interval_4002_first_50000_001,25,50,1551,1575,1551,1600,1.0000,stable,stable,dominant_stable,dominant_stable,0.0600,0.0000,-0.0600,persisted
rr_interval_4002_first_50000_001,25,50,1576,1600,1551,1600,1.0000,stable,stable,dominant_stable,dominant_stable,0.1400,-0.1200,-0.0200,persisted
rr_interval_4002_first_50000_001,25,50,1601,1625,1601,1650,1.0000,stable,stable,dominant_stable,dominant_stable,0.0000,0.0000,0.0000,persisted
rr_interval_4002_first_50000_001,25,50,1626,1650,1601,1650,1.0000,stable,stable,dominant_stable,dominant_stable,0.0000,0.0000,0.0000,persisted
rr_interval_4002_first_50000_001,25,50,1651,1675,1651,1700,1.0000,stable,stable,dominant_stable,dominant_stable,0.0000,0.0000,0.0000,persisted
rr_interval_4002_first_50000_001,25,50,1676,1700,1651,1700,1.0000,stable,stable,dominant_stable,dominant_stable,0.0000,0.0000,0.0000,persisted
rr_interval_4002_first_50000_001,25,50,1701,1725,1701,1750,1.0000,stable,stable,dominant_stable,dominant_stable,0.1200,-0.0800,-0.0400,persisted
rr_interval_4002_first_50000_001,25,50,1726,1750,1701,1750,1.0000,stable,stable,dominant_stable,dominant_stable,0.1600,-0.0800,-0.0800,persisted
rr_interval_4002_first_50000_001,25,50,1751,1775,1751,1800,1.0000,stable,stable,dominant_stable,dominant_stable,0.0200,0.0000,-0.0200,persisted
rr_interval_4002_first_50000_001,25,50,1776,1800,1751,1800,1.0000,stable,stable,dominant_stable,dominant_stable,-0.0200,0.0000,0.0200,persisted
rr_interval_4002_first_50000_001,25,50,1801,1825,1801,1850,1.0000,stable,stable,dominant_stable,dominant_stable,-0.0400,0.0400,0.0000,persisted
rr_interval_4002_first_50000_001,25,50,1826,1850,1801,1850,1.0000,stable,stable,dominant_stable,dominant_stable,0.0400,-0.0400,0.0000,persisted
rr_interval_4002_first_50000_001,25,50,1851,1875,1851,1900,1.0000,stable,stable,dominant_stable,dominant_stable,0.0000,0.0000,0.0000,persisted
rr_interval_4002_first_50000_001,25,50,1876,1900,1851,1900,1.0000,stable,stable,dominant_stable,dominant_stable,0.0000,0.0000,0.0000,persisted
rr_interval_4002_first_50000_001,25,50,1901,1925,1901,1950,1.0000,stable,stable,dominant_stable,dominant_stable,0.0000,0.0000,0.0000,persisted
rr_interval_4002_first_50000_001,25,50,1926,1950,1901,1950,1.0000,stable,stable,dominant_stable,dominant_stable,0.0000,0.0000,0.0000,persisted
rr_interval_4002_first_50000_001,25,50,1951,1975,1951,2000,1.0000,stable,stable,dominant_stable,dominant_stable,0.0000,0.0000,0.0000,persisted
rr_interval_4002_first_50000_001,25,50,1976,2000,1951,2000,1.0000,stable,stable,dominant_stable,dominant_stable,0.0000,0.0000,0.0000,persisted
rr_interval_4002_first_50000_001,25,50,2001,2025,2001,2050,1.0000,stable,stable,dominant_stable,dominant_stable,0.0000,0.0000,0.0000,persisted
rr_interval_4002_first_50000_001,25,50,2026,2050,2001,2050,1.0000,stable,stable,dominant_stable,dominant_stable,0.0000,0.0000,0.0000,persisted
rr_interval_4002_first_50000_001,25,50,2051,2075,2051,2100,1.0000,stable,stable,dominant_stable,dominant_stable,0.0000,0.0000,0.0000,persisted
rr_interval_4002_first_50000_001,25,50,2076,2100,2051,2100,1.0000,stable,stable,dominant_stable,dominant_stable,0.0000,0.0000,0.0000,persisted
rr_interval_4002_first_50000_001,25,50,2101,2125,2101,2150,1.0000,stable,stable,dominant_stable,dominant_stable,0.2000,-0.1600,-0.0400,persisted
rr_interval_4002_first_50000_001,25,50,2126,2150,2101,2150,1.0000,stable,stable,dominant_stable,dominant_stable,-0.0800,0.0400,0.0400,persisted
rr_interval_4002_first_50000_001,25,50,2151,2175,2151,2200,1.0000,stable,stable,dominant_stable,dominant_stable,-0.0800,0.0400,0.0400,persisted
rr_interval_4002_first_50000_001,25,50,2176,2200,2151,2200,1.0000,stable,stable,dominant_stable,dominant_stable,0.0800,-0.0400,-0.0400,persisted
rr_interval_4002_first_50000_001,25,50,2201,2225,2201,2250,1.0000,stable,stable,dominant_stable,dominant_stable,-0.0200,0.0000,0.0200,persisted
rr_interval_4002_first_50000_001,25,50,2226,2250,2201,2250,1.0000,stable,stable,dominant_stable,dominant_stable,0.0200,0.0000,-0.0200,persisted
rr_interval_4002_first_50000_001,25,50,2251,2275,2251,2300,1.0000,stable,stable,dominant_stable,dominant_stable,0.0000,0.0000,0.0000,persisted
rr_interval_4002_first_50000_001,25,50,2276,2300,2251,2300,1.0000,stable,stable,dominant_stable,dominant_stable,0.0000,0.0000,0.0000,persisted
rr_interval_4002_first_50000_001,25,50,2301,2325,2301,2350,1.0000,stable,stable,dominant_stable,dominant_stable,0.1000,-0.0600,-0.0400,persisted
rr_interval_4002_first_50000_001,25,50,2326,2350,2301,2350,1.0000,stable,stable,dominant_stable,dominant_stable,0.3000,-0.3000,0.0000,persisted
rr_interval_4002_first_50000_001,25,50,2351,2375,2351,2400,1.0000,stable,stable,dominant_stable,dominant_stable,0.0400,-0.0400,0.0000,persisted
rr_interval_4002_first_50000_001,25,50,2376,2400,2351,2400,1.0000,stable,stable,dominant_stable,dominant_stable,-0.0400,0.0400,0.0000,persisted
rr_interval_4002_first_50000_001,25,50,2401,2425,2401,2450,1.0000,stable,stable,dominant_stable,dominant_stable,0.0000,0.0000,0.0000,persisted
rr_interval_4002_first_50000_001,25,50,2426,2450,2401,2450,1.0000,stable,stable,dominant_stable,dominant_stable,0.0000,0.0000,0.0000,persisted
rr_interval_4002_first_50000_001,25,50,2451,2475,2451,2500,1.0000,stable,stable,dominant_stable,dominant_stable,0.0000,0.0000,0.0000,persisted
rr_interval_4002_first_50000_001,25,50,2476,2500,2451,2500,1.0000,stable,stable,dominant_stable,dominant_stable,0.0000,0.0000,0.0000,persisted
rr_interval_4002_first_50000_001,25,50,2501,2525,2501,2550,1.0000,stable,stable,dominant_stable,dominant_stable,0.0000,0.0000,0.0000,persisted
rr_interval_4002_first_50000_001,25,50,2526,2550,2501,2550,1.0000,stable,stable,dominant_stable,dominant_stable,0.0000,0.0000,0.0000,persisted
rr_interval_4002_first_50000_001,25,50,2551,2575,2551,2600,1.0000,stable,stable,dominant_stable,dominant_stable,0.0200,0.0000,-0.0200,persisted
rr_interval_4002_first_50000_001,25,50,2576,2600,2551,2600,1.0000,stable,stable,dominant_stable,dominant_stable,-0.0200,0.0000,0.0200,persisted
rr_interval_4002_first_50000_001,25,50,2601,2625,2601,2650,1.0000,stable,stable,dominant_stable,dominant_stable,-0.0200,0.0000,0.0200,persisted
rr_interval_4002_first_50000_001,25,50,2626,2650,2601,2650,1.0000,stable,stable,dominant_stable,dominant_stable,0.0200,0.0000,-0.0200,persisted
rr_interval_4002_first_50000_001,25,50,2651,2675,2651,2700,1.0000,stable,stable,dominant_stable,dominant_stable,-0.0200,0.0000,0.0200,persisted
rr_interval_4002_first_50000_001,25,50,2676,2700,2651,2700,1.0000,stable,stable,dominant_stable,dominant_stable,0.0200,0.0000,-0.0200,persisted
rr_interval_4002_first_50000_001,25,50,2701,2725,2701,2750,1.0000,stable,stable,dominant_stable,dominant_stable,0.0000,0.0000,0.0000,persisted
rr_interval_4002_first_50000_001,25,50,2726,2750,2701,2750,1.0000,stable,stable,dominant_stable,dominant_stable,0.0000,0.0000,0.0000,persisted
rr_interval_4002_first_50000_001,25,50,2751,2775,2751,2800,1.0000,stable,stable,dominant_stable,dominant_stable,0.0000,0.0000,0.0000,persisted
rr_interval_4002_first_50000_001,25,50,2776,2800,2751,2800,1.0000,stable,stable,dominant_stable,dominant_stable,0.0800,-0.0800,0.0000,persisted
rr_interval_4002_first_50000_001,25,50,2801,2825,2801,2850,1.0000,stable,stable,dominant_stable,dominant_stable,0.1000,-0.1200,0.0200,persisted
rr_interval_4002_first_50000_001,25,50,2826,2850,2801,2850,1.0000,stable,stable,dominant_stable,dominant_stable,0.0200,0.0000,-0.0200,persisted
rr_interval_4002_first_50000_001,25,50,2851,2875,2851,2900,1.0000,stable,stable,dominant_stable,dominant_stable,0.0000,0.0000,0.0000,persisted
rr_interval_4002_first_50000_001,25,50,2876,2900,2851,2900,1.0000,stable,stable,dominant_stable,dominant_stable,0.0000,0.0000,0.0000,persisted
rr_interval_4002_first_50000_001,25,50,2901,2925,2901,2950,1.0000,stable,stable,dominant_stable,dominant_stable,0.0000,0.0000,0.0000,persisted
rr_interval_4002_first_50000_001,25,50,2926,2950,2901,2950,1.0000,stable,stable,dominant_stable,dominant_stable,0.0000,0.0000,0.0000,persisted
rr_interval_4002_first_50000_001,25,50,2951,2975,2951,3000,1.0000,stable,stable,dominant_stable,dominant_stable,0.0200,-0.0200,0.0000,persisted
rr_interval_4002_first_50000_001,25,50,2976,3000,2951,3000,1.0000,stable,stable,dominant_stable,dominant_stable,0.1400,-0.1400,0.0000,persisted
rr_interval_4002_first_50000_001,25,50,3001,3025,3001,3050,1.0000,stable,stable,dominant_stable,dominant_stable,0.0600,0.0400,-0.1000,persisted
rr_interval_4002_first_50000_001,25,50,3026,3050,3001,3050,1.0000,stable,stable,dominant_stable,dominant_stable,0.1000,-0.0800,-0.0200,persisted
rr_interval_4002_first_50000_001,25,50,3051,3075,3051,3100,1.0000,stable,stable,dominant_stable,dominant_stable,0.1400,-0.1200,-0.0200,persisted
rr_interval_4002_first_50000_001,25,50,3076,3100,3051,3100,1.0000,stable,stable,dominant_stable,dominant_stable,0.0200,0.0000,-0.0200,persisted
rr_interval_4002_first_50000_001,25,50,3101,3125,3101,3150,1.0000,stable,stable,dominant_stable,dominant_stable,0.2000,-0.1800,-0.0200,persisted
rr_interval_4002_first_50000_001,25,50,3126,3150,3101,3150,1.0000,stable,stable,dominant_stable,dominant_stable,-0.0800,0.0600,0.0200,persisted
rr_interval_4002_first_50000_001,25,50,3151,3175,3151,3200,1.0000,stable,stable,dominant_stable,dominant_stable,0.0800,-0.0800,0.0000,persisted
rr_interval_4002_first_50000_001,25,50,3176,3200,3151,3200,1.0000,stable,stable,dominant_stable,dominant_stable,0.0000,0.0000,0.0000,persisted
rr_interval_4002_first_50000_001,25,50,3201,3225,3201,3250,1.0000,stable,stable,dominant_stable,dominant_stable,0.0000,0.0000,0.0000,persisted
rr_interval_4002_first_50000_001,25,50,3226,3250,3201,3250,1.0000,stable,stable,dominant_stable,dominant_stable,0.0000,0.0000,0.0000,persisted
rr_interval_4002_first_50000_001,25,50,3251,3275,3251,3300,1.0000,stable,stable,dominant_stable,dominant_stable,0.0000,0.0000,0.0000,persisted
rr_interval_4002_first_50000_001,25,50,3276,3300,3251,3300,1.0000,stable,stable,dominant_stable,dominant_stable,0.0000,0.0000,0.0000,persisted
rr_interval_4002_first_50000_001,25,50,3301,3325,3301,3350,1.0000,stable,stable,dominant_stable,dominant_stable,0.1200,-0.1200,0.0000,persisted
rr_interval_4002_first_50000_001,25,50,3326,3350,3301,3350,1.0000,stable,stable,dominant_stable,dominant_stable,0.0400,0.0000,-0.0400,persisted
rr_interval_4002_first_50000_001,25,50,3351,3375,3351,3400,1.0000,stable,stable,dominant_stable,dominant_stable,0.0000,0.0000,0.0000,persisted
rr_interval_4002_first_50000_001,25,50,3376,3400,3351,3400,1.0000,stable,stable,dominant_stable,dominant_stable,0.0000,0.0000,0.0000,persisted
rr_interval_4002_first_50000_001,25,50,3401,3425,3401,3450,1.0000,stable,stable,dominant_stable,dominant_stable,0.1400,0.0000,-0.1400,persisted
rr_interval_4002_first_50000_001,25,50,3426,3450,3401,3450,1.0000,stable,stable,dominant_stable,dominant_stable,0.2600,-0.2000,-0.0600,persisted
rr_interval_4002_first_50000_001,25,50,3451,3475,3451,3500,1.0000,stable,stable,dominant_stable,dominant_stable,0.1200,-0.1200,0.0000,persisted
rr_interval_4002_first_50000_001,25,50,3476,3500,3451,3500,1.0000,stable,stable,dominant_stable,dominant_stable,0.0000,0.0000,0.0000,persisted
rr_interval_4002_first_50000_001,25,50,3501,3525,3501,3550,1.0000,stable,stable,dominant_stable,dominant_stable,0.0000,0.0000,0.0000,persisted
rr_interval_4002_first_50000_001,25,50,3526,3550,3501,3550,1.0000,stable,stable,dominant_stable,dominant_stable,0.0000,0.0000,0.0000,persisted
rr_interval_4002_first_50000_001,25,50,3551,3575,3551,3600,1.0000,stable,stable,dominant_stable,dominant_stable,0.1200,-0.1200,0.0000,persisted
rr_interval_4002_first_50000_001,25,50,3576,3600,3551,3600,1.0000,stable,stable,dominant_stable,dominant_stable,-0.1200,0.1200,0.0000,persisted
rr_interval_4002_first_50000_001,25,50,3601,3625,3601,3650,1.0000,stable,stable,dominant_stable,dominant_stable,0.0400,0.0000,-0.0400,persisted
rr_interval_4002_first_50000_001,25,50,3626,3650,3601,3650,1.0000,stable,stable,dominant_stable,dominant_stable,0.0000,0.0000,0.0000,persisted
rr_interval_4002_first_50000_001,25,50,3651,3675,3651,3700,1.0000,stable,stable,dominant_stable,dominant_stable,0.0000,0.0000,0.0000,persisted
rr_interval_4002_first_50000_001,25,50,3676,3700,3651,3700,1.0000,stable,stable,dominant_stable,dominant_stable,0.0000,0.0000,0.0000,persisted
rr_interval_4002_first_50000_001,25,50,3701,3725,3701,3750,1.0000,stable,stable,dominant_stable,dominant_stable,0.0000,0.0000,0.0000,persisted
rr_interval_4002_first_50000_001,25,50,3726,3750,3701,3750,1.0000,stable,stable,dominant_stable,dominant_stable,0.0000,0.0000,0.0000,persisted
rr_interval_4002_first_50000_001,25,50,3751,3775,3751,3800,1.0000,stable,stable,dominant_stable,dominant_stable,0.0200,0.0000,-0.0200,persisted
rr_interval_4002_first_50000_001,25,50,3776,3800,3751,3800,1.0000,stable,stable,dominant_stable,dominant_stable,-0.0200,0.0000,0.0200,persisted
rr_interval_4002_first_50000_001,25,50,3801,3825,3801,3850,1.0000,stable,stable,dominant_stable,dominant_stable,0.0000,0.0000,0.0000,persisted
rr_interval_4002_first_50000_001,25,50,3826,3850,3801,3850,1.0000,stable,stable,dominant_stable,dominant_stable,0.0000,0.0000,0.0000,persisted
rr_interval_4002_first_50000_001,25,50,3851,3875,3851,3900,1.0000,stable,stable,dominant_stable,dominant_stable,0.0000,0.0000,0.0000,persisted
rr_interval_4002_first_50000_001,25,50,3876,3900,3851,3900,1.0000,stable,stable,dominant_stable,dominant_stable,0.0000,0.0000,0.0000,persisted
rr_interval_4002_first_50000_001,25,50,3901,3925,3901,3950,1.0000,stable,stable,dominant_stable,dominant_stable,-0.0600,0.0400,0.0200,persisted
rr_interval_4002_first_50000_001,25,50,3926,3950,3901,3950,1.0000,stable,stable,dominant_stable,dominant_stable,0.0600,-0.0400,-0.0200,persisted
rr_interval_4002_first_50000_001,25,50,3951,3975,3951,4000,1.0000,stable,stable,dominant_stable,dominant_stable,0.1600,-0.1200,-0.0400,persisted
rr_interval_4002_first_50000_001,25,50,3976,4000,3951,4000,1.0000,stable,stable,dominant_stable,dominant_stable,0.2800,-0.2400,-0.0400,persisted
rr_interval_4002_first_50000_001,25,50,4001,4025,4001,4050,1.0000,stable,stable,dominant_stable,dominant_stable,0.2200,-0.2400,0.0200,persisted
rr_interval_4002_first_50000_001,25,50,4026,4050,4001,4050,1.0000,stable,stable,dominant_stable,dominant_stable,0.3800,-0.3600,-0.0200,persisted
rr_interval_4002_first_50000_001,25,50,4051,4075,4051,4100,1.0000,stable,stable,dominant_stable,dominant_stable,0.0000,0.0000,0.0000,persisted
rr_interval_4002_first_50000_001,25,50,4076,4100,4051,4100,1.0000,stable,stable,dominant_stable,dominant_stable,0.0000,0.0000,0.0000,persisted
rr_interval_4002_first_50000_001,25,50,4101,4125,4101,4150,1.0000,stable,stable,dominant_stable,dominant_stable,0.0000,0.0000,0.0000,persisted
rr_interval_4002_first_50000_001,25,50,4126,4150,4101,4150,1.0000,stable,stable,dominant_stable,dominant_stable,0.0000,0.0000,0.0000,persisted
rr_interval_4002_first_50000_001,25,50,4151,4175,4151,4200,1.0000,stable,stable,dominant_stable,dominant_stable,0.0000,0.0000,0.0000,persisted
rr_interval_4002_first_50000_001,25,50,4176,4200,4151,4200,1.0000,stable,stable,dominant_stable,dominant_stable,0.0000,0.0000,0.0000,persisted
rr_interval_4002_first_50000_001,25,50,4201,4225,4201,4250,1.0000,stable,stable,dominant_stable,dominant_stable,0.0000,0.0000,0.0000,persisted
rr_interval_4002_first_50000_001,25,50,4226,4250,4201,4250,1.0000,stable,stable,dominant_stable,dominant_stable,0.0000,0.0000,0.0000,persisted
rr_interval_4002_first_50000_001,25,50,4251,4275,4251,4300,1.0000,stable,stable,dominant_stable,dominant_stable,-0.0400,0.0000,0.0400,persisted
rr_interval_4002_first_50000_001,25,50,4276,4300,4251,4300,1.0000,stable,stable,dominant_stable,dominant_stable,0.0400,0.0000,-0.0400,persisted
rr_interval_4002_first_50000_001,25,50,4301,4325,4301,4350,1.0000,stable,stable,dominant_stable,dominant_stable,0.0200,0.0000,-0.0200,persisted
rr_interval_4002_first_50000_001,25,50,4326,4350,4301,4350,1.0000,stable,stable,dominant_stable,dominant_stable,-0.0200,0.0000,0.0200,persisted
rr_interval_4002_first_50000_001,25,50,4351,4375,4351,4400,1.0000,stable,stable,dominant_stable,dominant_stable,0.0000,0.0000,0.0000,persisted
rr_interval_4002_first_50000_001,25,50,4376,4400,4351,4400,1.0000,stable,stable,dominant_stable,dominant_stable,0.0000,0.0000,0.0000,persisted
rr_interval_4002_first_50000_001,25,50,4401,4425,4401,4450,1.0000,stable,stable,dominant_stable,dominant_stable,0.0200,0.0000,-0.0200,persisted
rr_interval_4002_first_50000_001,25,50,4426,4450,4401,4450,1.0000,stable,stable,mixed,dominant_stable,0.3800,-0.3200,-0.0600,persisted
rr_interval_4002_first_50000_001,25,50,4451,4475,4451,4500,1.0000,stable,stable,dominant_stable,dominant_stable,0.0800,-0.0400,-0.0400,persisted
rr_interval_4002_first_50000_001,25,50,4476,4500,4451,4500,1.0000,stable,stable,dominant_stable,dominant_stable,0.0400,-0.0800,0.0400,persisted
rr_interval_4002_first_50000_001,25,50,4501,4525,4501,4550,1.0000,stable,stable,dominant_stable,dominant_stable,0.0000,0.0000,0.0000,persisted
rr_interval_4002_first_50000_001,25,50,4526,4550,4501,4550,1.0000,stable,stable,dominant_stable,dominant_stable,0.2400,-0.2400,0.0000,persisted
rr_interval_4002_first_50000_001,25,50,4551,4575,4551,4600,1.0000,stable,stable,dominant_stable,dominant_stable,0.0000,0.0000,0.0000,persisted
rr_interval_4002_first_50000_001,25,50,4576,4600,4551,4600,1.0000,stable,stable,dominant_stable,dominant_stable,0.0000,0.0000,0.0000,persisted
rr_interval_4002_first_50000_001,25,50,4601,4625,4601,4650,1.0000,stable,stable,dominant_stable,dominant_stable,-0.0400,0.0400,0.0000,persisted
rr_interval_4002_first_50000_001,25,50,4626,4650,4601,4650,1.0000,stable,stable,dominant_stable,dominant_stable,0.0400,-0.0400,0.0000,persisted
rr_interval_4002_first_50000_001,25,50,4651,4675,4651,4700,1.0000,stable,stable,dominant_stable,dominant_stable,0.0600,-0.0800,0.0200,persisted
rr_interval_4002_first_50000_001,25,50,4676,4700,4651,4700,1.0000,stable,stable,dominant_stable,dominant_stable,0.0200,0.0000,-0.0200,persisted
rr_interval_4002_first_50000_001,25,50,4701,4725,4701,4750,1.0000,stable,stable,dominant_stable,dominant_stable,0.1000,-0.0400,-0.0600,persisted
rr_interval_4002_first_50000_001,25,50,4726,4750,4701,4750,1.0000,stable,stable,dominant_stable,dominant_stable,-0.0200,0.0400,-0.0200,persisted
rr_interval_4002_first_50000_001,25,50,4751,4775,4751,4800,1.0000,stable,stable,dominant_stable,dominant_stable,0.0000,0.0000,0.0000,persisted
rr_interval_4002_first_50000_001,25,50,4776,4800,4751,4800,1.0000,stable,stable,dominant_stable,dominant_stable,0.0000,0.0000,0.0000,persisted
rr_interval_4002_first_50000_001,25,50,4801,4825,4801,4850,1.0000,stable,stable,dominant_stable,dominant_stable,0.0400,-0.0400,0.0000,persisted
rr_interval_4002_first_50000_001,25,50,4826,4850,4801,4850,1.0000,stable,stable,dominant_stable,dominant_stable,-0.0400,0.0400,0.0000,persisted
rr_interval_4002_first_50000_001,25,50,4851,4875,4851,4900,1.0000,stable,stable,dominant_stable,dominant_stable,0.0000,0.0000,0.0000,persisted
rr_interval_4002_first_50000_001,25,50,4876,4900,4851,4900,1.0000,stable,stable,dominant_stable,dominant_stable,0.0000,0.0000,0.0000,persisted
rr_interval_4002_first_50000_001,25,50,4901,4925,4901,4950,1.0000,stable,stable,dominant_stable,dominant_stable,0.0800,-0.0800,0.0000,persisted
rr_interval_4002_first_50000_001,25,50,4926,4950,4901,4950,1.0000,stable,stable,dominant_stable,dominant_stable,-0.0800,0.0800,0.0000,persisted
rr_interval_4002_first_50000_001,25,50,4951,4975,4951,5000,1.0000,stable,stable,dominant_stable,dominant_stable,0.0000,0.0000,0.0000,persisted
rr_interval_4002_first_50000_001,25,50,4976,5000,4951,5000,1.0000,stable,stable,dominant_stable,dominant_stable,0.0000,0.0000,0.0000,persisted
rr_interval_4002_first_50000_001,25,50,5001,5025,5001,5050,1.0000,stable,stable,dominant_stable,dominant_stable,0.0000,0.0000,0.0000,persisted
rr_interval_4002_first_50000_001,25,50,5026,5050,5001,5050,1.0000,stable,stable,dominant_stable,dominant_stable,0.0000,0.0000,0.0000,persisted
rr_interval_4002_first_50000_001,25,50,5051,5075,5051,5100,1.0000,stable,stable,dominant_stable,dominant_stable,-0.0200,0.0000,0.0200,persisted
rr_interval_4002_first_50000_001,25,50,5076,5100,5051,5100,1.0000,stable,stable,dominant_stable,dominant_stable,0.0200,0.0000,-0.0200,persisted
rr_interval_4002_first_50000_001,25,50,5101,5125,5101,5150,1.0000,stable,stable,dominant_stable,dominant_stable,0.1400,-0.1200,-0.0200,persisted
rr_interval_4002_first_50000_001,25,50,5126,5150,5101,5150,1.0000,stable,stable,dominant_stable,dominant_stable,-0.0200,0.0000,0.0200,persisted
rr_interval_4002_first_50000_001,25,50,5151,5175,5151,5200,1.0000,middle,stable,mixed,dominant_stable,0.5200,-0.5200,0.0000,smoothed
rr_interval_4002_first_50000_001,25,50,5176,5200,5151,5200,1.0000,stable,stable,dominant_stable,dominant_stable,0.2000,-0.2000,0.0000,persisted
rr_interval_4002_first_50000_001,25,50,5201,5225,5201,5250,1.0000,stable,stable,dominant_stable,dominant_stable,0.0000,0.0000,0.0000,persisted
rr_interval_4002_first_50000_001,25,50,5226,5250,5201,5250,1.0000,stable,stable,dominant_stable,dominant_stable,0.0000,0.0000,0.0000,persisted
rr_interval_4002_first_50000_001,25,50,5251,5275,5251,5300,1.0000,stable,stable,dominant_stable,dominant_stable,0.0600,0.0200,-0.0800,persisted
rr_interval_4002_first_50000_001,25,50,5276,5300,5251,5300,1.0000,stable,stable,dominant_stable,dominant_stable,0.2200,-0.1800,-0.0400,persisted
rr_interval_4002_first_50000_001,25,50,5301,5325,5301,5350,1.0000,stable,stable,mixed,dominant_stable,0.3600,-0.3400,-0.0200,persisted
rr_interval_4002_first_50000_001,25,50,5326,5350,5301,5350,1.0000,stable,stable,dominant_stable,dominant_stable,-0.1200,0.1000,0.0200,persisted
rr_interval_4002_first_50000_001,25,50,5351,5375,5351,5400,1.0000,stable,stable,dominant_stable,dominant_stable,0.1200,-0.0800,-0.0400,persisted
rr_interval_4002_first_50000_001,25,50,5376,5400,5351,5400,1.0000,stable,stable,dominant_stable,dominant_stable,0.0800,-0.0400,-0.0400,persisted
rr_interval_4002_first_50000_001,25,50,5401,5425,5401,5450,1.0000,stable,stable,dominant_stable,dominant_stable,0.0200,-0.0200,0.0000,persisted
rr_interval_4002_first_50000_001,25,50,5426,5450,5401,5450,1.0000,stable,stable,dominant_stable,dominant_stable,0.1400,-0.1400,0.0000,persisted
rr_interval_4002_first_50000_001,25,50,5451,5475,5451,5500,1.0000,stable,stable,dominant_stable,dominant_stable,0.1600,-0.1600,0.0000,persisted
rr_interval_4002_first_50000_001,25,50,5476,5500,5451,5500,1.0000,stable,stable,dominant_stable,dominant_stable,-0.0400,0.0400,0.0000,persisted
rr_interval_4002_first_50000_001,25,50,5501,5525,5501,5550,1.0000,stable,stable,dominant_stable,dominant_stable,0.0600,-0.0200,-0.0400,persisted
rr_interval_4002_first_50000_001,25,50,5526,5550,5501,5550,1.0000,stable,stable,dominant_stable,dominant_stable,0.2200,-0.1800,-0.0400,persisted
rr_interval_4002_first_50000_001,25,50,5551,5575,5551,5600,1.0000,stable,stable,dominant_stable,dominant_stable,0.0200,0.0000,-0.0200,persisted
rr_interval_4002_first_50000_001,25,50,5576,5600,5551,5600,1.0000,stable,stable,dominant_stable,dominant_stable,-0.0200,0.0000,0.0200,persisted
rr_interval_4002_first_50000_001,25,50,5601,5625,5601,5650,1.0000,stable,stable,dominant_stable,dominant_stable,0.0800,-0.0400,-0.0400,persisted
rr_interval_4002_first_50000_001,25,50,5626,5650,5601,5650,1.0000,stable,stable,dominant_stable,dominant_stable,0.2000,-0.1200,-0.0800,persisted
rr_interval_4002_first_50000_001,25,50,5651,5675,5651,5700,1.0000,stable,stable,dominant_stable,dominant_stable,0.1000,-0.1000,0.0000,persisted
rr_interval_4002_first_50000_001,25,50,5676,5700,5651,5700,1.0000,stable,stable,dominant_stable,dominant_stable,-0.1000,0.1000,0.0000,persisted
rr_interval_4002_first_50000_001,25,50,5701,5725,5701,5750,1.0000,stable,stable,dominant_stable,dominant_stable,0.2600,-0.1400,-0.1200,persisted
rr_interval_4002_first_50000_001,25,50,5726,5750,5701,5750,1.0000,stable,stable,dominant_stable,dominant_stable,0.2600,-0.2600,0.0000,persisted
rr_interval_4002_first_50000_001,25,50,5751,5775,5751,5800,1.0000,stable,stable,mixed,dominant_stable,0.3000,-0.2200,-0.0800,persisted
rr_interval_4002_first_50000_001,25,50,5776,5800,5751,5800,1.0000,stable,stable,dominant_stable,dominant_stable,0.1400,-0.1000,-0.0400,persisted
rr_interval_4002_first_50000_001,25,50,5801,5825,5801,5850,1.0000,stable,stable,dominant_stable,dominant_stable,0.1000,-0.0400,-0.0600,persisted
rr_interval_4002_first_50000_001,25,50,5826,5850,5801,5850,1.0000,stable,stable,dominant_stable,dominant_stable,-0.0200,0.0400,-0.0200,persisted
rr_interval_4002_first_50000_001,25,50,5851,5875,5851,5900,1.0000,stable,stable,dominant_stable,dominant_stable,-0.0400,0.0400,0.0000,persisted
rr_interval_4002_first_50000_001,25,50,5876,5900,5851,5900,1.0000,stable,stable,dominant_stable,dominant_stable,0.0800,-0.0400,-0.0400,persisted
rr_interval_4002_first_50000_001,25,50,5901,5925,5901,5950,1.0000,stable,stable,dominant_stable,dominant_stable,0.1800,-0.2000,0.0200,persisted
rr_interval_4002_first_50000_001,25,50,5926,5950,5901,5950,1.0000,stable,stable,dominant_stable,dominant_stable,0.0600,-0.0400,-0.0200,persisted
rr_interval_4002_first_50000_001,25,50,5951,5975,5951,6000,1.0000,stable,stable,dominant_stable,dominant_stable,0.0200,0.0000,-0.0200,persisted
rr_interval_4002_first_50000_001,25,50,5976,6000,5951,6000,1.0000,stable,stable,dominant_stable,dominant_stable,0.1000,-0.1200,0.0200,persisted
rr_interval_4002_first_50000_001,25,50,6001,6025,6001,6050,1.0000,stable,stable,dominant_stable,dominant_stable,0.0800,-0.0600,-0.0200,persisted
rr_interval_4002_first_50000_001,25,50,6026,6050,6001,6050,1.0000,stable,stable,dominant_stable,dominant_stable,-0.0800,0.0600,0.0200,persisted
rr_interval_4002_first_50000_001,25,50,6051,6075,6051,6100,1.0000,stable,stable,dominant_stable,dominant_stable,-0.0600,0.0600,0.0000,persisted
rr_interval_4002_first_50000_001,25,50,6076,6100,6051,6100,1.0000,stable,stable,dominant_stable,dominant_stable,0.0600,-0.0600,0.0000,persisted
rr_interval_4002_first_50000_001,25,50,6101,6125,6101,6150,1.0000,stable,stable,dominant_stable,dominant_stable,0.1600,-0.1600,0.0000,persisted
rr_interval_4002_first_50000_001,25,50,6126,6150,6101,6150,1.0000,stable,stable,dominant_stable,dominant_stable,0.4000,-0.3600,-0.0400,persisted
rr_interval_4002_first_50000_001,25,50,6151,6175,6151,6200,1.0000,stable,stable,dominant_stable,dominant_stable,0.1600,-0.1400,-0.0200,persisted
rr_interval_4002_first_50000_001,25,50,6176,6200,6151,6200,1.0000,stable,stable,dominant_stable,dominant_stable,-0.0800,0.0600,0.0200,persisted
rr_interval_4002_first_50000_001,25,50,6201,6225,6201,6250,1.0000,stable,stable,dominant_stable,dominant_stable,0.0000,0.0000,0.0000,persisted
rr_interval_4002_first_50000_001,25,50,6226,6250,6201,6250,1.0000,stable,stable,dominant_stable,dominant_stable,0.0000,0.0000,0.0000,persisted
rr_interval_4002_first_50000_001,25,50,6251,6275,6251,6300,1.0000,stable,stable,dominant_stable,dominant_stable,0.0400,-0.0400,0.0000,persisted
rr_interval_4002_first_50000_001,25,50,6276,6300,6251,6300,1.0000,stable,stable,dominant_stable,dominant_stable,-0.0400,0.0400,0.0000,persisted
rr_interval_4002_first_50000_001,25,50,6301,6325,6301,6350,1.0000,stable,stable,dominant_stable,dominant_stable,-0.0800,0.0800,0.0000,persisted
rr_interval_4002_first_50000_001,25,50,6326,6350,6301,6350,1.0000,stable,stable,dominant_stable,dominant_stable,0.0800,-0.0800,0.0000,persisted
rr_interval_4002_first_50000_001,25,50,6351,6375,6351,6400,1.0000,stable,stable,dominant_stable,dominant_stable,-0.0600,0.0400,0.0200,persisted
rr_interval_4002_first_50000_001,25,50,6376,6400,6351,6400,1.0000,stable,stable,dominant_stable,dominant_stable,0.0600,-0.0400,-0.0200,persisted
rr_interval_4002_first_50000_001,25,50,6401,6425,6401,6450,1.0000,stable,stable,dominant_stable,dominant_stable,-0.1000,0.1000,0.0000,persisted
rr_interval_4002_first_50000_001,25,50,6426,6450,6401,6450,1.0000,stable,stable,dominant_stable,dominant_stable,0.1000,-0.1000,0.0000,persisted
rr_interval_4002_first_50000_001,25,50,6451,6475,6451,6500,1.0000,stable,stable,dominant_stable,dominant_stable,0.1400,-0.1400,0.0000,persisted
rr_interval_4002_first_50000_001,25,50,6476,6500,6451,6500,1.0000,stable,stable,dominant_stable,dominant_stable,0.0200,-0.0200,0.0000,persisted
rr_interval_4002_first_50000_001,25,50,6501,6525,6501,6550,1.0000,stable,stable,dominant_stable,dominant_stable,0.1200,-0.1200,0.0000,persisted
rr_interval_4002_first_50000_001,25,50,6526,6550,6501,6550,1.0000,stable,stable,dominant_stable,dominant_stable,0.0800,-0.0800,0.0000,persisted
rr_interval_4002_first_50000_001,25,50,6551,6575,6551,6600,1.0000,stable,stable,dominant_stable,dominant_stable,0.0000,0.0000,0.0000,persisted
rr_interval_4002_first_50000_001,25,50,6576,6600,6551,6600,1.0000,stable,stable,dominant_stable,dominant_stable,0.0000,0.0000,0.0000,persisted
rr_interval_4002_first_50000_001,25,50,6601,6625,6601,6650,1.0000,stable,stable,dominant_stable,dominant_stable,0.0000,0.0000,0.0000,persisted
rr_interval_4002_first_50000_001,25,50,6626,6650,6601,6650,1.0000,stable,stable,dominant_stable,dominant_stable,0.0000,0.0000,0.0000,persisted
rr_interval_4002_first_50000_001,25,50,6651,6675,6651,6700,1.0000,stable,stable,dominant_stable,dominant_stable,-0.1000,0.1000,0.0000,persisted
rr_interval_4002_first_50000_001,25,50,6676,6700,6651,6700,1.0000,stable,stable,dominant_stable,dominant_stable,0.2200,-0.2200,0.0000,persisted
rr_interval_4002_first_50000_001,25,50,6701,6725,6701,6750,1.0000,stable,stable,dominant_stable,dominant_stable,0.0200,0.0000,-0.0200,persisted
rr_interval_4002_first_50000_001,25,50,6726,6750,6701,6750,1.0000,stable,stable,dominant_stable,dominant_stable,-0.0200,0.0000,0.0200,persisted
rr_interval_4002_first_50000_001,25,50,6751,6775,6751,6800,1.0000,stable,stable,dominant_stable,dominant_stable,-0.0600,0.0400,0.0200,persisted
rr_interval_4002_first_50000_001,25,50,6776,6800,6751,6800,1.0000,stable,stable,dominant_stable,dominant_stable,0.0600,-0.0400,-0.0200,persisted
rr_interval_4002_first_50000_001,25,50,6801,6825,6801,6850,1.0000,stable,stable,dominant_stable,dominant_stable,0.0400,0.0000,-0.0400,persisted
rr_interval_4002_first_50000_001,25,50,6826,6850,6801,6850,1.0000,stable,stable,dominant_stable,dominant_stable,-0.0400,0.0000,0.0400,persisted
rr_interval_4002_first_50000_001,25,50,6851,6875,6851,6900,1.0000,stable,stable,dominant_stable,dominant_stable,0.0200,0.0000,-0.0200,persisted
rr_interval_4002_first_50000_001,25,50,6876,6900,6851,6900,1.0000,stable,stable,dominant_stable,dominant_stable,-0.0200,0.0000,0.0200,persisted
rr_interval_4002_first_50000_001,25,50,6901,6925,6901,6950,1.0000,stable,stable,dominant_stable,dominant_stable,0.0000,0.0000,0.0000,persisted
rr_interval_4002_first_50000_001,25,50,6926,6950,6901,6950,1.0000,stable,stable,dominant_stable,dominant_stable,0.0000,0.0000,0.0000,persisted
rr_interval_4002_first_50000_001,25,50,6951,6975,6951,7000,1.0000,stable,stable,dominant_stable,dominant_stable,0.0600,0.0000,-0.0600,persisted
rr_interval_4002_first_50000_001,25,50,6976,7000,6951,7000,1.0000,stable,stable,dominant_stable,dominant_stable,0.1000,-0.0800,-0.0200,persisted
rr_interval_4002_first_50000_001,25,50,7001,7025,7001,7050,1.0000,stable,stable,dominant_stable,dominant_stable,0.0400,-0.0600,0.0200,persisted
rr_interval_4002_first_50000_001,25,50,7026,7050,7001,7050,1.0000,stable,stable,dominant_stable,dominant_stable,-0.0400,0.0600,-0.0200,persisted
rr_interval_4002_first_50000_001,25,50,7051,7075,7051,7100,1.0000,stable,stable,dominant_stable,dominant_stable,0.1800,-0.1400,-0.0400,persisted
rr_interval_4002_first_50000_001,25,50,7076,7100,7051,7100,1.0000,stable,stable,dominant_stable,dominant_stable,0.1800,-0.1400,-0.0400,persisted
rr_interval_4002_first_50000_001,25,50,7101,7125,7101,7150,1.0000,stable,stable,dominant_stable,dominant_stable,-0.0600,0.0400,0.0200,persisted
rr_interval_4002_first_50000_001,25,50,7126,7150,7101,7150,1.0000,stable,stable,dominant_stable,dominant_stable,0.0600,-0.0400,-0.0200,persisted
rr_interval_4002_first_50000_001,25,50,7151,7175,7151,7200,1.0000,stable,stable,dominant_stable,dominant_stable,0.0200,0.0000,-0.0200,persisted
rr_interval_4002_first_50000_001,25,50,7176,7200,7151,7200,1.0000,stable,stable,dominant_stable,dominant_stable,-0.0200,0.0000,0.0200,persisted
rr_interval_4002_first_50000_001,25,50,7201,7225,7201,7250,1.0000,stable,stable,dominant_stable,dominant_stable,0.0000,0.0000,0.0000,persisted
rr_interval_4002_first_50000_001,25,50,7226,7250,7201,7250,1.0000,stable,stable,dominant_stable,dominant_stable,0.0000,0.0000,0.0000,persisted
rr_interval_4002_first_50000_001,25,50,7251,7275,7251,7300,1.0000,stable,stable,dominant_stable,dominant_stable,0.0400,0.0000,-0.0400,persisted
rr_interval_4002_first_50000_001,25,50,7276,7300,7251,7300,1.0000,stable,stable,dominant_stable,dominant_stable,-0.0400,0.0000,0.0400,persisted
rr_interval_4002_first_50000_001,25,50,7301,7325,7301,7350,1.0000,stable,stable,dominant_stable,dominant_stable,0.0000,0.0400,-0.0400,persisted
rr_interval_4002_first_50000_001,25,50,7326,7350,7301,7350,1.0000,stable,stable,dominant_stable,dominant_stable,0.0000,0.0400,-0.0400,persisted
rr_interval_4002_first_50000_001,25,50,7351,7375,7351,7400,1.0000,stable,stable,dominant_stable,dominant_stable,0.0000,0.0000,0.0000,persisted
rr_interval_4002_first_50000_001,25,50,7376,7400,7351,7400,1.0000,stable,stable,dominant_stable,dominant_stable,0.1200,-0.1200,0.0000,persisted
rr_interval_4002_first_50000_001,25,50,7401,7425,7401,7450,1.0000,stable,stable,dominant_stable,dominant_stable,0.0000,0.0000,0.0000,persisted
rr_interval_4002_first_50000_001,25,50,7426,7450,7401,7450,1.0000,stable,stable,dominant_stable,dominant_stable,0.0000,0.0000,0.0000,persisted
rr_interval_4002_first_50000_001,25,50,7451,7475,7451,7500,1.0000,stable,stable,dominant_stable,dominant_stable,0.0400,0.0000,-0.0400,persisted
rr_interval_4002_first_50000_001,25,50,7476,7500,7451,7500,1.0000,stable,stable,dominant_stable,dominant_stable,0.0000,0.0000,0.0000,persisted
rr_interval_4002_first_50000_001,25,50,7501,7525,7501,7550,1.0000,stable,stable,dominant_stable,dominant_stable,0.0800,-0.0800,0.0000,persisted
rr_interval_4002_first_50000_001,25,50,7526,7550,7501,7550,1.0000,stable,stable,dominant_stable,dominant_stable,0.0000,0.0000,0.0000,persisted
rr_interval_4002_first_50000_001,25,50,7551,7575,7551,7600,1.0000,stable,stable,dominant_stable,dominant_stable,0.0000,0.0000,0.0000,persisted
rr_interval_4002_first_50000_001,25,50,7576,7600,7551,7600,1.0000,stable,stable,dominant_stable,dominant_stable,0.0000,0.0000,0.0000,persisted
rr_interval_4002_first_50000_001,25,50,7601,7625,7601,7650,1.0000,stable,stable,dominant_stable,dominant_stable,0.0000,0.0000,0.0000,persisted
rr_interval_4002_first_50000_001,25,50,7626,7650,7601,7650,1.0000,stable,stable,dominant_stable,dominant_stable,0.0000,0.0000,0.0000,persisted
rr_interval_4002_first_50000_001,25,50,7651,7675,7651,7700,1.0000,stable,stable,dominant_stable,dominant_stable,0.0000,0.0000,0.0000,persisted
rr_interval_4002_first_50000_001,25,50,7676,7700,7651,7700,1.0000,stable,stable,dominant_stable,dominant_stable,0.1200,-0.1200,0.0000,persisted
rr_interval_4002_first_50000_001,25,50,7701,7725,7701,7750,1.0000,stable,stable,dominant_stable,dominant_stable,0.1200,-0.1200,0.0000,persisted
rr_interval_4002_first_50000_001,25,50,7726,7750,7701,7750,1.0000,stable,stable,dominant_stable,dominant_stable,0.0000,0.0000,0.0000,persisted
rr_interval_4002_first_50000_001,25,50,7751,7775,7751,7800,1.0000,stable,stable,dominant_stable,dominant_stable,0.0400,0.0000,-0.0400,persisted
rr_interval_4002_first_50000_001,25,50,7776,7800,7751,7800,1.0000,stable,stable,dominant_stable,dominant_stable,0.0000,0.0000,0.0000,persisted
rr_interval_4002_first_50000_001,25,50,7801,7825,7801,7850,1.0000,stable,stable,dominant_stable,dominant_stable,0.0800,-0.0800,0.0000,persisted
rr_interval_4002_first_50000_001,25,50,7826,7850,7801,7850,1.0000,stable,stable,dominant_stable,dominant_stable,0.0800,-0.0800,0.0000,persisted
rr_interval_4002_first_50000_001,25,50,7851,7875,7851,7900,1.0000,stable,stable,dominant_stable,dominant_stable,0.0400,-0.0400,0.0000,persisted
rr_interval_4002_first_50000_001,25,50,7876,7900,7851,7900,1.0000,stable,stable,dominant_stable,dominant_stable,-0.0400,0.0400,0.0000,persisted
rr_interval_4002_first_50000_001,25,50,7901,7925,7901,7950,1.0000,stable,stable,dominant_stable,dominant_stable,0.1200,-0.1200,0.0000,persisted
rr_interval_4002_first_50000_001,25,50,7926,7950,7901,7950,1.0000,middle,stable,mixed,dominant_stable,0.4400,-0.4400,0.0000,smoothed
rr_interval_4002_first_50000_001,25,50,7951,7975,7951,8000,1.0000,stable,stable,dominant_stable,dominant_stable,0.1600,-0.0800,-0.0800,persisted
rr_interval_4002_first_50000_001,25,50,7976,8000,7951,8000,1.0000,stable,stable,dominant_stable,dominant_stable,-0.1600,0.0800,0.0800,persisted
rr_interval_4002_first_50000_001,25,50,8001,8025,8001,8050,1.0000,stable,stable,dominant_stable,dominant_stable,-0.0400,0.0000,0.0400,persisted
rr_interval_4002_first_50000_001,25,50,8026,8050,8001,8050,1.0000,stable,stable,dominant_stable,dominant_stable,0.0400,0.0000,-0.0400,persisted
rr_interval_4002_first_50000_001,25,50,8051,8075,8051,8100,1.0000,stable,stable,dominant_stable,dominant_stable,-0.1200,0.1200,0.0000,persisted
rr_interval_4002_first_50000_001,25,50,8076,8100,8051,8100,1.0000,stable,stable,dominant_stable,dominant_stable,0.1200,-0.1200,0.0000,persisted
rr_interval_4002_first_50000_001,25,50,8101,8125,8101,8150,1.0000,stable,stable,dominant_stable,dominant_stable,0.0000,0.0000,0.0000,persisted
rr_interval_4002_first_50000_001,25,50,8126,8150,8101,8150,1.0000,stable,stable,dominant_stable,dominant_stable,0.0000,0.0000,0.0000,persisted
rr_interval_4002_first_50000_001,25,50,8151,8175,8151,8200,1.0000,stable,stable,dominant_stable,dominant_stable,-0.0400,0.0000,0.0400,persisted
rr_interval_4002_first_50000_001,25,50,8176,8200,8151,8200,1.0000,stable,stable,dominant_stable,dominant_stable,0.0400,0.0000,-0.0400,persisted
rr_interval_4002_first_50000_001,25,50,8201,8225,8201,8250,1.0000,stable,stable,dominant_stable,dominant_stable,0.1600,-0.1200,-0.0400,persisted
rr_interval_4002_first_50000_001,25,50,8226,8250,8201,8250,1.0000,stable,stable,dominant_stable,dominant_stable,-0.0400,0.0800,-0.0400,persisted
rr_interval_4002_first_50000_001,25,50,8251,8275,8251,8300,1.0000,stable,stable,dominant_stable,dominant_stable,0.0600,-0.0400,-0.0200,persisted
rr_interval_4002_first_50000_001,25,50,8276,8300,8251,8300,1.0000,stable,stable,dominant_stable,dominant_stable,-0.0600,0.0400,0.0200,persisted
rr_interval_4002_first_50000_001,25,50,8301,8325,8301,8350,1.0000,stable,stable,dominant_stable,dominant_stable,0.0000,0.0000,0.0000,persisted
rr_interval_4002_first_50000_001,25,50,8326,8350,8301,8350,1.0000,stable,stable,dominant_stable,dominant_stable,0.0000,0.0000,0.0000,persisted
rr_interval_4002_first_50000_001,25,50,8351,8375,8351,8400,1.0000,stable,stable,dominant_stable,dominant_stable,0.0800,-0.0600,-0.0200,persisted
rr_interval_4002_first_50000_001,25,50,8376,8400,8351,8400,1.0000,stable,stable,dominant_stable,dominant_stable,-0.0800,0.0600,0.0200,persisted
rr_interval_4002_first_50000_001,25,50,8401,8425,8401,8450,1.0000,stable,stable,dominant_stable,dominant_stable,0.2000,-0.2000,0.0000,persisted
rr_interval_4002_first_50000_001,25,50,8426,8450,8401,8450,1.0000,stable,stable,dominant_stable,dominant_stable,0.1600,-0.1600,0.0000,persisted
rr_interval_4002_first_50000_001,25,50,8451,8475,8451,8500,1.0000,stable,stable,dominant_stable,dominant_stable,0.3600,-0.3200,-0.0400,persisted
rr_interval_4002_first_50000_001,25,50,8476,8500,8451,8500,1.0000,stable,stable,dominant_stable,dominant_stable,0.3200,-0.3200,0.0000,persisted
rr_interval_4002_first_50000_001,25,50,8501,8525,8501,8550,1.0000,stable,stable,dominant_stable,dominant_stable,0.2800,-0.3000,0.0200,persisted
rr_interval_4002_first_50000_001,25,50,8526,8550,8501,8550,1.0000,stable,stable,dominant_stable,dominant_stable,0.0400,-0.0200,-0.0200,persisted
rr_interval_4002_first_50000_001,25,50,8551,8575,8551,8600,1.0000,stable,stable,dominant_stable,dominant_stable,0.0600,0.0400,-0.1000,persisted
rr_interval_4002_first_50000_001,25,50,8576,8600,8551,8600,1.0000,stable,stable,dominant_stable,dominant_stable,0.0600,-0.0400,-0.0200,persisted
rr_interval_4002_first_50000_001,25,50,8601,8625,8601,8650,1.0000,stable,stable,dominant_stable,dominant_stable,-0.0200,0.0000,0.0200,persisted
rr_interval_4002_first_50000_001,25,50,8626,8650,8601,8650,1.0000,stable,stable,dominant_stable,dominant_stable,0.0200,0.0000,-0.0200,persisted
rr_interval_4002_first_50000_001,25,50,8651,8675,8651,8700,1.0000,stable,stable,dominant_stable,dominant_stable,0.0000,0.0000,0.0000,persisted
rr_interval_4002_first_50000_001,25,50,8676,8700,8651,8700,1.0000,stable,stable,dominant_stable,dominant_stable,0.0000,0.0000,0.0000,persisted
rr_interval_4002_first_50000_001,25,50,8701,8725,8701,8750,1.0000,stable,stable,dominant_stable,dominant_stable,-0.0200,0.0000,0.0200,persisted
rr_interval_4002_first_50000_001,25,50,8726,8750,8701,8750,1.0000,stable,stable,dominant_stable,dominant_stable,0.0200,0.0000,-0.0200,persisted
rr_interval_4002_first_50000_001,25,50,8751,8775,8751,8800,1.0000,stable,stable,dominant_stable,dominant_stable,0.0000,0.0000,0.0000,persisted
rr_interval_4002_first_50000_001,25,50,8776,8800,8751,8800,1.0000,stable,stable,dominant_stable,dominant_stable,0.0000,0.0000,0.0000,persisted
rr_interval_4002_first_50000_001,25,50,8801,8825,8801,8850,1.0000,stable,stable,dominant_stable,dominant_stable,-0.0200,0.0000,0.0200,persisted
rr_interval_4002_first_50000_001,25,50,8826,8850,8801,8850,1.0000,stable,stable,dominant_stable,dominant_stable,0.0200,0.0000,-0.0200,persisted
rr_interval_4002_first_50000_001,25,50,8851,8875,8851,8900,1.0000,stable,stable,dominant_stable,dominant_stable,0.1600,-0.1200,-0.0400,persisted
rr_interval_4002_first_50000_001,25,50,8876,8900,8851,8900,1.0000,stable,stable,dominant_stable,dominant_stable,-0.0400,0.0000,0.0400,persisted
rr_interval_4002_first_50000_001,25,50,8901,8925,8901,8950,1.0000,stable,stable,dominant_stable,dominant_stable,-0.0800,0.0600,0.0200,persisted
rr_interval_4002_first_50000_001,25,50,8926,8950,8901,8950,1.0000,stable,stable,dominant_stable,dominant_stable,0.2400,-0.1800,-0.0600,persisted
rr_interval_4002_first_50000_001,25,50,8951,8975,8951,9000,1.0000,stable,stable,dominant_stable,dominant_stable,-0.0400,0.0000,0.0400,persisted
rr_interval_4002_first_50000_001,25,50,8976,9000,8951,9000,1.0000,stable,stable,dominant_stable,dominant_stable,0.1600,-0.1200,-0.0400,persisted
rr_interval_4002_first_50000_001,25,50,9001,9025,9001,9050,1.0000,stable,stable,dominant_stable,dominant_stable,0.0800,-0.1200,0.0400,persisted
rr_interval_4002_first_50000_001,25,50,9026,9050,9001,9050,1.0000,stable,stable,dominant_stable,dominant_stable,0.0400,0.0000,-0.0400,persisted
rr_interval_4002_first_50000_001,25,50,9051,9075,9051,9100,1.0000,stable,stable,dominant_stable,dominant_stable,0.0800,0.0000,-0.0800,persisted
rr_interval_4002_first_50000_001,25,50,9076,9100,9051,9100,1.0000,stable,stable,dominant_stable,dominant_stable,-0.0400,0.0000,0.0400,persisted
rr_interval_4002_first_50000_001,25,50,9101,9125,9101,9150,1.0000,stable,stable,dominant_stable,dominant_stable,0.0200,0.0000,-0.0200,persisted
rr_interval_4002_first_50000_001,25,50,9126,9150,9101,9150,1.0000,stable,stable,dominant_stable,dominant_stable,0.1000,-0.1200,0.0200,persisted
rr_interval_4002_first_50000_001,25,50,9151,9175,9151,9200,1.0000,stable,stable,dominant_stable,dominant_stable,-0.0600,0.0400,0.0200,persisted
rr_interval_4002_first_50000_001,25,50,9176,9200,9151,9200,1.0000,stable,stable,dominant_stable,dominant_stable,0.0600,-0.0400,-0.0200,persisted
rr_interval_4002_first_50000_001,25,50,9201,9225,9201,9250,1.0000,stable,stable,dominant_stable,dominant_stable,0.1800,-0.1800,0.0000,persisted
rr_interval_4002_first_50000_001,25,50,9226,9250,9201,9250,1.0000,stable,stable,dominant_stable,dominant_stable,-0.1000,0.1000,0.0000,persisted
rr_interval_4002_first_50000_001,25,50,9251,9275,9251,9300,1.0000,stable,stable,dominant_stable,dominant_stable,0.2200,-0.2200,0.0000,persisted
rr_interval_4002_first_50000_001,25,50,9276,9300,9251,9300,1.0000,stable,stable,dominant_stable,dominant_stable,0.1000,-0.0600,-0.0400,persisted
rr_interval_4002_first_50000_001,25,50,9301,9325,9301,9350,1.0000,stable,stable,dominant_stable,dominant_stable,0.1600,-0.1200,-0.0400,persisted
rr_interval_4002_first_50000_001,25,50,9326,9350,9301,9350,1.0000,stable,stable,dominant_stable,dominant_stable,0.0000,0.0400,-0.0400,persisted
rr_interval_4002_first_50000_001,25,50,9351,9375,9351,9400,1.0000,stable,stable,dominant_stable,dominant_stable,0.0400,0.0000,-0.0400,persisted
rr_interval_4002_first_50000_001,25,50,9376,9400,9351,9400,1.0000,stable,stable,dominant_stable,dominant_stable,-0.0400,0.0000,0.0400,persisted
rr_interval_4002_first_50000_001,25,50,9401,9425,9401,9450,1.0000,stable,stable,dominant_stable,dominant_stable,0.0200,0.0000,-0.0200,persisted
rr_interval_4002_first_50000_001,25,50,9426,9450,9401,9450,1.0000,stable,stable,dominant_stable,dominant_stable,0.1000,-0.1200,0.0200,persisted
rr_interval_4002_first_50000_001,25,50,9451,9475,9451,9500,1.0000,stable,stable,dominant_stable,dominant_stable,0.0800,-0.0800,0.0000,persisted
rr_interval_4002_first_50000_001,25,50,9476,9500,9451,9500,1.0000,stable,stable,dominant_stable,dominant_stable,0.1200,-0.1200,0.0000,persisted
rr_interval_4002_first_50000_001,25,50,9501,9525,9501,9550,1.0000,stable,stable,dominant_stable,dominant_stable,0.0400,0.0000,-0.0400,persisted
rr_interval_4002_first_50000_001,25,50,9526,9550,9501,9550,1.0000,stable,stable,dominant_stable,dominant_stable,-0.0400,0.0000,0.0400,persisted
rr_interval_4002_first_50000_001,25,50,9551,9575,9551,9600,1.0000,stable,stable,dominant_stable,dominant_stable,0.0000,0.0000,0.0000,persisted
rr_interval_4002_first_50000_001,25,50,9576,9600,9551,9600,1.0000,stable,stable,dominant_stable,dominant_stable,0.0000,0.0000,0.0000,persisted
rr_interval_4002_first_50000_001,25,50,9601,9625,9601,9650,1.0000,stable,stable,dominant_stable,dominant_stable,0.0000,0.0000,0.0000,persisted
rr_interval_4002_first_50000_001,25,50,9626,9650,9601,9650,1.0000,stable,stable,dominant_stable,dominant_stable,0.0000,0.0000,0.0000,persisted
rr_interval_4002_first_50000_001,25,50,9651,9675,9651,9700,1.0000,stable,stable,dominant_stable,dominant_stable,0.0800,-0.0800,0.0000,persisted
rr_interval_4002_first_50000_001,25,50,9676,9700,9651,9700,1.0000,stable,stable,dominant_stable,dominant_stable,0.0000,0.0000,0.0000,persisted
rr_interval_4002_first_50000_001,25,50,9701,9725,9701,9750,1.0000,stable,stable,dominant_stable,dominant_stable,0.0600,-0.0400,-0.0200,persisted
rr_interval_4002_first_50000_001,25,50,9726,9750,9701,9750,1.0000,stable,stable,dominant_stable,dominant_stable,-0.0600,0.0400,0.0200,persisted
rr_interval_4002_first_50000_001,25,50,9751,9775,9751,9800,1.0000,stable,stable,dominant_stable,dominant_stable,0.0000,0.0000,0.0000,persisted
rr_interval_4002_first_50000_001,25,50,9776,9800,9751,9800,1.0000,stable,stable,dominant_stable,dominant_stable,0.0000,0.0000,0.0000,persisted
rr_interval_4002_first_50000_001,25,50,9801,9825,9801,9850,1.0000,stable,stable,dominant_stable,dominant_stable,-0.0200,0.0000,0.0200,persisted
rr_interval_4002_first_50000_001,25,50,9826,9850,9801,9850,1.0000,stable,stable,dominant_stable,dominant_stable,0.0200,0.0000,-0.0200,persisted
rr_interval_4002_first_50000_001,25,50,9851,9875,9851,9900,1.0000,stable,stable,dominant_stable,dominant_stable,0.0000,0.0000,0.0000,persisted
rr_interval_4002_first_50000_001,25,50,9876,9900,9851,9900,1.0000,stable,stable,dominant_stable,dominant_stable,0.0000,0.0000,0.0000,persisted
rr_interval_4002_first_50000_001,25,50,9901,9925,9901,9950,1.0000,stable,stable,dominant_stable,dominant_stable,0.0200,0.0000,-0.0200,persisted
rr_interval_4002_first_50000_001,25,50,9926,9950,9901,9950,1.0000,stable,stable,dominant_stable,dominant_stable,-0.0200,0.0000,0.0200,persisted
rr_interval_4002_first_50000_001,25,50,9951,9975,9951,10000,1.0000,stable,stable,dominant_stable,dominant_stable,0.0000,0.0000,0.0000,persisted
rr_interval_4002_first_50000_001,25,50,9976,10000,9951,10000,1.0000,stable,stable,dominant_stable,dominant_stable,0.0000,0.0000,0.0000,persisted
rr_interval_4002_first_50000_001,25,50,10001,10025,10001,10050,1.0000,stable,stable,dominant_stable,dominant_stable,-0.0200,0.0600,-0.0400,persisted
rr_interval_4002_first_50000_001,25,50,10026,10050,10001,10050,1.0000,stable,stable,dominant_stable,dominant_stable,0.0200,-0.0200,0.0000,persisted
rr_interval_4002_first_50000_001,25,50,10051,10075,10051,10100,1.0000,stable,stable,dominant_stable,dominant_stable,0.0000,0.0000,0.0000,persisted
rr_interval_4002_first_50000_001,25,50,10076,10100,10051,10100,1.0000,stable,stable,dominant_stable,dominant_stable,0.0000,0.0000,0.0000,persisted
rr_interval_4002_first_50000_001,25,50,10101,10125,10101,10150,1.0000,stable,stable,dominant_stable,dominant_stable,0.0000,0.0000,0.0000,persisted
rr_interval_4002_first_50000_001,25,50,10126,10150,10101,10150,1.0000,stable,stable,dominant_stable,dominant_stable,0.0000,0.0000,0.0000,persisted
rr_interval_4002_first_50000_001,25,50,10151,10175,10151,10200,1.0000,stable,stable,dominant_stable,dominant_stable,-0.0200,0.0000,0.0200,persisted
rr_interval_4002_first_50000_001,25,50,10176,10200,10151,10200,1.0000,stable,stable,dominant_stable,dominant_stable,0.0200,0.0000,-0.0200,persisted
rr_interval_4002_first_50000_001,25,50,10201,10225,10201,10250,1.0000,stable,stable,dominant_stable,dominant_stable,0.0000,0.0000,0.0000,persisted
rr_interval_4002_first_50000_001,25,50,10226,10250,10201,10250,1.0000,stable,stable,dominant_stable,dominant_stable,0.1200,-0.1200,0.0000,persisted
rr_interval_4002_first_50000_001,25,50,10251,10275,10251,10300,1.0000,stable,stable,dominant_stable,dominant_stable,0.0000,0.0000,0.0000,persisted
rr_interval_4002_first_50000_001,25,50,10276,10300,10251,10300,1.0000,stable,stable,dominant_stable,dominant_stable,0.0000,0.0000,0.0000,persisted
rr_interval_4002_first_50000_001,25,50,10301,10325,10301,10350,1.0000,stable,stable,dominant_stable,dominant_stable,0.0200,0.0000,-0.0200,persisted
rr_interval_4002_first_50000_001,25,50,10326,10350,10301,10350,1.0000,stable,stable,dominant_stable,dominant_stable,-0.0200,0.0000,0.0200,persisted
rr_interval_4002_first_50000_001,25,50,10351,10375,10351,10400,1.0000,stable,stable,dominant_stable,dominant_stable,0.1200,-0.1200,0.0000,persisted
rr_interval_4002_first_50000_001,25,50,10376,10400,10351,10400,1.0000,stable,stable,dominant_stable,dominant_stable,0.0000,0.0000,0.0000,persisted
rr_interval_4002_first_50000_001,25,50,10401,10425,10401,10450,1.0000,stable,stable,dominant_stable,dominant_stable,0.1200,-0.1000,-0.0200,persisted
rr_interval_4002_first_50000_001,25,50,10426,10450,10401,10450,1.0000,stable,stable,mixed,dominant_stable,0.3600,-0.3400,-0.0200,persisted
rr_interval_4002_first_50000_001,25,50,10451,10475,10451,10500,1.0000,stable,stable,dominant_stable,dominant_stable,0.1600,-0.1200,-0.0400,persisted
rr_interval_4002_first_50000_001,25,50,10476,10500,10451,10500,1.0000,stable,stable,dominant_stable,dominant_stable,0.1600,-0.2000,0.0400,persisted
rr_interval_4002_first_50000_001,25,50,10501,10525,10501,10550,1.0000,stable,stable,dominant_stable,dominant_stable,0.0200,0.0000,-0.0200,persisted
rr_interval_4002_first_50000_001,25,50,10526,10550,10501,10550,1.0000,stable,stable,dominant_stable,dominant_stable,-0.0200,0.0000,0.0200,persisted
rr_interval_4002_first_50000_001,25,50,10551,10575,10551,10600,1.0000,stable,stable,dominant_stable,dominant_stable,0.0000,0.0000,0.0000,persisted
rr_interval_4002_first_50000_001,25,50,10576,10600,10551,10600,1.0000,stable,stable,dominant_stable,dominant_stable,0.0800,-0.0800,0.0000,persisted
rr_interval_4002_first_50000_001,25,50,10601,10625,10601,10650,1.0000,stable,stable,dominant_stable,dominant_stable,0.0000,0.0000,0.0000,persisted
rr_interval_4002_first_50000_001,25,50,10626,10650,10601,10650,1.0000,stable,stable,dominant_stable,dominant_stable,0.1200,-0.1200,0.0000,persisted
rr_interval_4002_first_50000_001,25,50,10651,10675,10651,10700,1.0000,stable,stable,dominant_stable,dominant_stable,0.0000,0.0000,0.0000,persisted
rr_interval_4002_first_50000_001,25,50,10676,10700,10651,10700,1.0000,stable,stable,dominant_stable,dominant_stable,0.0000,0.0000,0.0000,persisted
rr_interval_4002_first_50000_001,25,50,10701,10725,10701,10750,1.0000,stable,stable,dominant_stable,dominant_stable,0.0000,0.0000,0.0000,persisted
rr_interval_4002_first_50000_001,25,50,10726,10750,10701,10750,1.0000,stable,stable,dominant_stable,dominant_stable,0.1200,-0.1200,0.0000,persisted
rr_interval_4002_first_50000_001,25,50,10751,10775,10751,10800,1.0000,stable,stable,dominant_stable,dominant_stable,0.0200,0.0000,-0.0200,persisted
rr_interval_4002_first_50000_001,25,50,10776,10800,10751,10800,1.0000,stable,stable,dominant_stable,dominant_stable,0.0200,0.0000,-0.0200,persisted
rr_interval_4002_first_50000_001,25,50,10801,10825,10801,10850,1.0000,stable,stable,dominant_stable,dominant_stable,-0.1000,0.1000,0.0000,persisted
rr_interval_4002_first_50000_001,25,50,10826,10850,10801,10850,1.0000,stable,stable,mixed,dominant_stable,0.2200,-0.2200,0.0000,persisted
rr_interval_4002_first_50000_001,25,50,10851,10875,10851,10900,1.0000,stable,stable,dominant_stable,dominant_stable,0.1200,-0.1200,0.0000,persisted
rr_interval_4002_first_50000_001,25,50,10876,10900,10851,10900,1.0000,stable,stable,dominant_stable,dominant_stable,0.1200,-0.1200,0.0000,persisted
rr_interval_4002_first_50000_001,25,50,10901,10925,10901,10950,1.0000,stable,stable,dominant_stable,dominant_stable,0.1200,-0.1200,0.0000,persisted
rr_interval_4002_first_50000_001,25,50,10926,10950,10901,10950,1.0000,stable,stable,dominant_stable,dominant_stable,0.0000,0.0000,0.0000,persisted
rr_interval_4002_first_50000_001,25,50,10951,10975,10951,11000,1.0000,stable,stable,dominant_stable,dominant_stable,0.0400,0.0000,-0.0400,persisted
rr_interval_4002_first_50000_001,25,50,10976,11000,10951,11000,1.0000,stable,stable,dominant_stable,dominant_stable,0.0000,0.0000,0.0000,persisted
rr_interval_4002_first_50000_001,25,50,11001,11025,11001,11050,1.0000,stable,stable,dominant_stable,dominant_stable,0.1200,-0.1200,0.0000,persisted
rr_interval_4002_first_50000_001,25,50,11026,11050,11001,11050,1.0000,stable,stable,dominant_stable,dominant_stable,0.0000,0.0000,0.0000,persisted
rr_interval_4002_first_50000_001,25,50,11051,11075,11051,11100,1.0000,stable,stable,dominant_stable,dominant_stable,0.1200,-0.1200,0.0000,persisted
rr_interval_4002_first_50000_001,25,50,11076,11100,11051,11100,1.0000,stable,stable,dominant_stable,dominant_stable,0.0000,0.0000,0.0000,persisted
rr_interval_4002_first_50000_001,25,50,11101,11125,11101,11150,1.0000,stable,stable,dominant_stable,dominant_stable,0.0000,0.0000,0.0000,persisted
rr_interval_4002_first_50000_001,25,50,11126,11150,11101,11150,1.0000,stable,stable,dominant_stable,dominant_stable,0.0000,0.0000,0.0000,persisted
rr_interval_4002_first_50000_001,25,50,11151,11175,11151,11200,1.0000,stable,stable,dominant_stable,dominant_stable,-0.0800,0.0800,0.0000,persisted
rr_interval_4002_first_50000_001,25,50,11176,11200,11151,11200,1.0000,stable,stable,dominant_stable,dominant_stable,0.0800,-0.0800,0.0000,persisted
rr_interval_4002_first_50000_001,25,50,11201,11225,11201,11250,1.0000,stable,stable,dominant_stable,dominant_stable,-0.0200,0.0600,-0.0400,persisted
rr_interval_4002_first_50000_001,25,50,11226,11250,11201,11250,1.0000,stable,stable,dominant_stable,dominant_stable,0.1400,-0.1400,0.0000,persisted
rr_interval_4002_first_50000_001,25,50,11251,11275,11251,11300,1.0000,stable,stable,dominant_stable,dominant_stable,0.1400,-0.0800,-0.0600,persisted
rr_interval_4002_first_50000_001,25,50,11276,11300,11251,11300,1.0000,stable,stable,dominant_stable,dominant_stable,0.1800,-0.0800,-0.1000,persisted
rr_interval_4002_first_50000_001,25,50,11301,11325,11301,11350,1.0000,stable,stable,dominant_stable,dominant_stable,0.1200,-0.1600,0.0400,persisted
rr_interval_4002_first_50000_001,25,50,11326,11350,11301,11350,1.0000,stable,stable,dominant_stable,dominant_stable,-0.1200,0.1600,-0.0400,persisted
rr_interval_4002_first_50000_001,25,50,11351,11375,11351,11400,1.0000,stable,stable,dominant_stable,dominant_stable,0.0200,-0.0200,0.0000,persisted
rr_interval_4002_first_50000_001,25,50,11376,11400,11351,11400,1.0000,stable,stable,dominant_stable,dominant_stable,0.0600,-0.0200,-0.0400,persisted
rr_interval_4002_first_50000_001,25,50,11401,11425,11401,11450,1.0000,stable,stable,dominant_stable,dominant_stable,0.0800,-0.0600,-0.0200,persisted
rr_interval_4002_first_50000_001,25,50,11426,11450,11401,11450,1.0000,stable,stable,dominant_stable,dominant_stable,0.2000,-0.1800,-0.0200,persisted
rr_interval_4002_first_50000_001,25,50,11451,11475,11451,11500,1.0000,stable,stable,dominant_stable,dominant_stable,0.2200,-0.1600,-0.0600,persisted
rr_interval_4002_first_50000_001,25,50,11476,11500,11451,11500,1.0000,stable,stable,dominant_stable,dominant_stable,0.1000,-0.0400,-0.0600,persisted
rr_interval_4002_first_50000_001,25,50,11501,11525,11501,11550,1.0000,stable,stable,dominant_stable,dominant_stable,0.3200,-0.3200,0.0000,persisted
rr_interval_4002_first_50000_001,25,50,11526,11550,11501,11550,1.0000,stable,stable,dominant_stable,dominant_stable,0.0000,0.0000,0.0000,persisted
rr_interval_4002_first_50000_001,25,50,11551,11575,11551,11600,1.0000,stable,stable,dominant_stable,dominant_stable,-0.1000,0.1000,0.0000,persisted
rr_interval_4002_first_50000_001,25,50,11576,11600,11551,11600,1.0000,stable,stable,dominant_stable,dominant_stable,0.1000,-0.1000,0.0000,persisted
rr_interval_4002_first_50000_001,25,50,11601,11625,11601,11650,1.0000,stable,stable,dominant_stable,dominant_stable,-0.0200,0.0000,0.0200,persisted
rr_interval_4002_first_50000_001,25,50,11626,11650,11601,11650,1.0000,stable,stable,dominant_stable,dominant_stable,0.0200,0.0000,-0.0200,persisted
rr_interval_4002_first_50000_001,25,50,11651,11675,11651,11700,1.0000,stable,stable,dominant_stable,dominant_stable,0.0200,0.0000,-0.0200,persisted
rr_interval_4002_first_50000_001,25,50,11676,11700,11651,11700,1.0000,stable,stable,dominant_stable,dominant_stable,0.0200,0.0000,-0.0200,persisted
rr_interval_4002_first_50000_001,25,50,11701,11725,11701,11750,1.0000,stable,stable,dominant_stable,dominant_stable,0.1800,-0.1200,-0.0600,persisted
rr_interval_4002_first_50000_001,25,50,11726,11750,11701,11750,1.0000,stable,stable,dominant_stable,dominant_stable,0.1400,-0.1200,-0.0200,persisted
rr_interval_4002_first_50000_001,25,50,11751,11775,11751,11800,1.0000,stable,stable,dominant_stable,dominant_stable,0.1200,-0.0800,-0.0400,persisted
rr_interval_4002_first_50000_001,25,50,11776,11800,11751,11800,1.0000,stable,stable,dominant_stable,dominant_stable,0.0400,0.0000,-0.0400,persisted
rr_interval_4002_first_50000_001,25,50,11801,11825,11801,11850,1.0000,stable,stable,dominant_stable,dominant_stable,0.1000,-0.0800,-0.0200,persisted
rr_interval_4002_first_50000_001,25,50,11826,11850,11801,11850,1.0000,stable,stable,dominant_stable,dominant_stable,0.0200,0.0000,-0.0200,persisted
rr_interval_4002_first_50000_001,25,50,11851,11875,11851,11900,1.0000,stable,stable,mixed,dominant_stable,0.3000,-0.3000,0.0000,persisted
rr_interval_4002_first_50000_001,25,50,11876,11900,11851,11900,1.0000,stable,stable,dominant_stable,dominant_stable,0.0200,-0.0200,0.0000,persisted
rr_interval_4002_first_50000_001,25,50,11901,11925,11901,11950,1.0000,stable,stable,dominant_stable,dominant_stable,0.1000,-0.0600,-0.0400,persisted
rr_interval_4002_first_50000_001,25,50,11926,11950,11901,11950,1.0000,stable,stable,dominant_stable,dominant_stable,0.1400,-0.1400,0.0000,persisted
rr_interval_4002_first_50000_001,25,50,11951,11975,11951,12000,1.0000,stable,stable,dominant_stable,dominant_stable,0.1600,-0.1200,-0.0400,persisted
rr_interval_4002_first_50000_001,25,50,11976,12000,11951,12000,1.0000,stable,stable,dominant_stable,dominant_stable,0.0400,0.0000,-0.0400,persisted
rr_interval_4002_first_50000_001,25,50,12001,12025,12001,12050,1.0000,stable,stable,dominant_stable,dominant_stable,0.0800,-0.0800,0.0000,persisted
rr_interval_4002_first_50000_001,25,50,12026,12050,12001,12050,1.0000,stable,stable,dominant_stable,dominant_stable,0.0400,0.0000,-0.0400,persisted
rr_interval_4002_first_50000_001,25,50,12051,12075,12051,12100,1.0000,stable,stable,dominant_stable,dominant_stable,0.0000,0.0000,0.0000,persisted
rr_interval_4002_first_50000_001,25,50,12076,12100,12051,12100,1.0000,stable,stable,dominant_stable,dominant_stable,0.0000,0.0000,0.0000,persisted
rr_interval_4002_first_50000_001,25,50,12101,12125,12101,12150,1.0000,stable,stable,dominant_stable,dominant_stable,0.2000,-0.2000,0.0000,persisted
rr_interval_4002_first_50000_001,25,50,12126,12150,12101,12150,1.0000,stable,stable,dominant_stable,dominant_stable,0.2400,-0.2400,0.0000,persisted
rr_interval_4002_first_50000_001,25,50,12151,12175,12151,12200,1.0000,stable,stable,dominant_stable,dominant_stable,0.0400,0.0000,-0.0400,persisted
rr_interval_4002_first_50000_001,25,50,12176,12200,12151,12200,1.0000,stable,stable,dominant_stable,dominant_stable,0.1200,-0.1200,0.0000,persisted
rr_interval_4002_first_50000_001,25,50,12201,12225,12201,12250,1.0000,stable,stable,dominant_stable,dominant_stable,0.0200,0.0000,-0.0200,persisted
rr_interval_4002_first_50000_001,25,50,12226,12250,12201,12250,1.0000,stable,stable,dominant_stable,dominant_stable,-0.0200,0.0000,0.0200,persisted
rr_interval_4002_first_50000_001,25,50,12251,12275,12251,12300,1.0000,stable,stable,dominant_stable,dominant_stable,0.0000,0.1200,-0.1200,persisted
rr_interval_4002_first_50000_001,25,50,12276,12300,12251,12300,1.0000,stable,stable,dominant_stable,dominant_stable,0.1600,-0.1600,0.0000,persisted
rr_interval_4002_first_50000_001,25,50,12301,12325,12301,12350,1.0000,stable,stable,dominant_stable,dominant_stable,0.1600,-0.1400,-0.0200,persisted
rr_interval_4002_first_50000_001,25,50,12326,12350,12301,12350,1.0000,stable,stable,dominant_stable,dominant_stable,0.0400,-0.0600,0.0200,persisted
rr_interval_4002_first_50000_001,25,50,12351,12375,12351,12400,1.0000,stable,stable,dominant_stable,dominant_stable,0.0000,0.0000,0.0000,persisted
rr_interval_4002_first_50000_001,25,50,12376,12400,12351,12400,1.0000,stable,stable,dominant_stable,dominant_stable,0.0400,0.0000,-0.0400,persisted
rr_interval_4002_first_50000_001,25,50,12401,12425,12401,12450,1.0000,stable,stable,dominant_stable,dominant_stable,0.0400,0.0400,-0.0800,persisted
rr_interval_4002_first_50000_001,25,50,12426,12450,12401,12450,1.0000,stable,stable,dominant_stable,dominant_stable,0.2800,-0.2800,0.0000,persisted
rr_interval_4002_first_50000_001,25,50,12451,12475,12451,12500,1.0000,stable,stable,dominant_stable,dominant_stable,0.0200,0.0000,-0.0200,persisted
rr_interval_4002_first_50000_001,25,50,12476,12500,12451,12500,1.0000,stable,stable,dominant_stable,dominant_stable,-0.0200,0.0000,0.0200,persisted
rr_interval_4002_first_50000_001,25,50,12501,12525,12501,12550,1.0000,stable,stable,dominant_stable,dominant_stable,0.0000,0.0000,0.0000,persisted
rr_interval_4002_first_50000_001,25,50,12526,12550,12501,12550,1.0000,stable,stable,dominant_stable,dominant_stable,0.0000,0.0000,0.0000,persisted
rr_interval_4002_first_50000_001,25,50,12551,12575,12551,12600,1.0000,stable,stable,dominant_stable,dominant_stable,0.0000,0.0000,0.0000,persisted
rr_interval_4002_first_50000_001,25,50,12576,12600,12551,12600,1.0000,stable,stable,dominant_stable,dominant_stable,0.0000,0.0000,0.0000,persisted
rr_interval_4002_first_50000_001,25,50,12601,12625,12601,12650,1.0000,stable,stable,dominant_stable,dominant_stable,0.1400,-0.0800,-0.0600,persisted
rr_interval_4002_first_50000_001,25,50,12626,12650,12601,12650,1.0000,stable,stable,dominant_stable,dominant_stable,0.1400,-0.1200,-0.0200,persisted
rr_interval_4002_first_50000_001,25,50,12651,12675,12651,12700,1.0000,stable,stable,dominant_stable,dominant_stable,0.2600,-0.2800,0.0200,persisted
rr_interval_4002_first_50000_001,25,50,12676,12700,12651,12700,1.0000,stable,stable,mixed,dominant_stable,0.4600,-0.4400,-0.0200,persisted
rr_interval_4002_first_50000_001,25,50,12701,12725,12701,12750,1.0000,stable,stable,dominant_stable,dominant_stable,0.1600,-0.1400,-0.0200,persisted
rr_interval_4002_first_50000_001,25,50,12726,12750,12701,12750,1.0000,stable,stable,dominant_stable,dominant_stable,0.0400,-0.0600,0.0200,persisted
rr_interval_4002_first_50000_001,25,50,12751,12775,12751,12800,1.0000,stable,stable,dominant_stable,dominant_stable,0.1200,-0.1200,0.0000,persisted
rr_interval_4002_first_50000_001,25,50,12776,12800,12751,12800,1.0000,stable,stable,dominant_stable,dominant_stable,0.1200,-0.1200,0.0000,persisted
rr_interval_4002_first_50000_001,25,50,12801,12825,12801,12850,1.0000,stable,stable,dominant_stable,dominant_stable,0.1200,-0.1200,0.0000,persisted
rr_interval_4002_first_50000_001,25,50,12826,12850,12801,12850,1.0000,stable,stable,dominant_stable,dominant_stable,0.0000,0.0000,0.0000,persisted
rr_interval_4002_first_50000_001,25,50,12851,12875,12851,12900,1.0000,stable,stable,dominant_stable,dominant_stable,-0.1200,0.1200,0.0000,persisted
rr_interval_4002_first_50000_001,25,50,12876,12900,12851,12900,1.0000,stable,stable,dominant_stable,dominant_stable,0.1200,-0.1200,0.0000,persisted
rr_interval_4002_first_50000_001,25,50,12901,12925,12901,12950,1.0000,stable,stable,dominant_stable,dominant_stable,0.1000,-0.0800,-0.0200,persisted
rr_interval_4002_first_50000_001,25,50,12926,12950,12901,12950,1.0000,stable,stable,dominant_stable,dominant_stable,0.2600,-0.2800,0.0200,persisted
rr_interval_4002_first_50000_001,25,50,12951,12975,12951,13000,1.0000,stable,stable,dominant_stable,dominant_stable,-0.0600,0.1000,-0.0400,persisted
rr_interval_4002_first_50000_001,25,50,12976,13000,12951,13000,1.0000,stable,stable,dominant_stable,dominant_stable,0.0600,-0.0600,0.0000,persisted
rr_interval_4002_first_50000_001,25,50,13001,13025,13001,13050,1.0000,stable,stable,dominant_stable,dominant_stable,0.1000,-0.0200,-0.0800,persisted
rr_interval_4002_first_50000_001,25,50,13026,13050,13001,13050,1.0000,stable,stable,dominant_stable,dominant_stable,0.0200,0.0200,-0.0400,persisted
rr_interval_4002_first_50000_001,25,50,13051,13075,13051,13100,1.0000,stable,stable,dominant_stable,dominant_stable,0.0000,0.0000,0.0000,persisted
rr_interval_4002_first_50000_001,25,50,13076,13100,13051,13100,1.0000,stable,stable,dominant_stable,dominant_stable,0.0000,0.0000,0.0000,persisted
rr_interval_4002_first_50000_001,25,50,13101,13125,13101,13150,1.0000,stable,stable,dominant_stable,dominant_stable,0.0600,-0.0400,-0.0200,persisted
rr_interval_4002_first_50000_001,25,50,13126,13150,13101,13150,1.0000,stable,stable,dominant_stable,dominant_stable,-0.0600,0.0400,0.0200,persisted
rr_interval_4002_first_50000_001,25,50,13151,13175,13151,13200,1.0000,stable,stable,dominant_stable,dominant_stable,-0.0600,0.0400,0.0200,persisted
rr_interval_4002_first_50000_001,25,50,13176,13200,13151,13200,1.0000,stable,stable,dominant_stable,dominant_stable,0.0600,-0.0400,-0.0200,persisted
rr_interval_4002_first_50000_001,25,50,13201,13225,13201,13250,1.0000,stable,stable,dominant_stable,dominant_stable,0.0000,0.0400,-0.0400,persisted
rr_interval_4002_first_50000_001,25,50,13226,13250,13201,13250,1.0000,stable,stable,dominant_stable,dominant_stable,0.0000,0.0400,-0.0400,persisted
rr_interval_4002_first_50000_001,25,50,13251,13275,13251,13300,1.0000,stable,stable,dominant_stable,dominant_stable,0.0000,0.0000,0.0000,persisted
rr_interval_4002_first_50000_001,25,50,13276,13300,13251,13300,1.0000,stable,stable,dominant_stable,dominant_stable,0.0000,0.0000,0.0000,persisted
rr_interval_4002_first_50000_001,25,50,13301,13325,13301,13350,1.0000,stable,stable,dominant_stable,dominant_stable,-0.0600,0.0400,0.0200,persisted
rr_interval_4002_first_50000_001,25,50,13326,13350,13301,13350,1.0000,stable,stable,dominant_stable,dominant_stable,0.1400,-0.1200,-0.0200,persisted
rr_interval_4002_first_50000_001,25,50,13351,13375,13351,13400,1.0000,stable,stable,dominant_stable,dominant_stable,0.0800,-0.0800,0.0000,persisted
rr_interval_4002_first_50000_001,25,50,13376,13400,13351,13400,1.0000,stable,stable,dominant_stable,dominant_stable,0.0000,0.0000,0.0000,persisted
rr_interval_4002_first_50000_001,25,50,13401,13425,13401,13450,1.0000,stable,stable,dominant_stable,dominant_stable,0.0000,0.0000,0.0000,persisted
rr_interval_4002_first_50000_001,25,50,13426,13450,13401,13450,1.0000,stable,stable,dominant_stable,dominant_stable,0.0000,0.0000,0.0000,persisted
rr_interval_4002_first_50000_001,25,50,13451,13475,13451,13500,1.0000,stable,stable,dominant_stable,dominant_stable,0.0000,0.0000,0.0000,persisted
rr_interval_4002_first_50000_001,25,50,13476,13500,13451,13500,1.0000,stable,stable,dominant_stable,dominant_stable,0.1200,-0.1200,0.0000,persisted
rr_interval_4002_first_50000_001,25,50,13501,13525,13501,13550,1.0000,stable,stable,dominant_stable,dominant_stable,-0.0200,0.0000,0.0200,persisted
rr_interval_4002_first_50000_001,25,50,13526,13550,13501,13550,1.0000,stable,stable,dominant_stable,dominant_stable,0.0200,0.0000,-0.0200,persisted
rr_interval_4002_first_50000_001,25,50,13551,13575,13551,13600,1.0000,stable,stable,dominant_stable,dominant_stable,0.2000,-0.2000,0.0000,persisted
rr_interval_4002_first_50000_001,25,50,13576,13600,13551,13600,1.0000,stable,stable,dominant_stable,dominant_stable,0.0800,-0.0800,0.0000,persisted
rr_interval_4002_first_50000_001,25,50,13601,13625,13601,13650,1.0000,stable,stable,dominant_stable,dominant_stable,0.1000,-0.1000,0.0000,persisted
rr_interval_4002_first_50000_001,25,50,13626,13650,13601,13650,1.0000,stable,stable,dominant_stable,dominant_stable,0.0200,0.0600,-0.0800,persisted
rr_interval_4002_first_50000_001,25,50,13651,13675,13651,13700,1.0000,stable,stable,dominant_stable,dominant_stable,0.2600,-0.2600,0.0000,persisted
rr_interval_4002_first_50000_001,25,50,13676,13700,13651,13700,1.0000,stable,stable,dominant_stable,dominant_stable,0.1000,-0.0600,-0.0400,persisted
rr_interval_4002_first_50000_001,25,50,13701,13725,13701,13750,1.0000,stable,stable,dominant_stable,dominant_stable,0.0000,0.0000,0.0000,persisted
rr_interval_4002_first_50000_001,25,50,13726,13750,13701,13750,1.0000,stable,stable,dominant_stable,dominant_stable,0.0000,0.0000,0.0000,persisted
rr_interval_4002_first_50000_001,25,50,13751,13775,13751,13800,1.0000,stable,stable,dominant_stable,dominant_stable,0.0000,0.0000,0.0000,persisted
rr_interval_4002_first_50000_001,25,50,13776,13800,13751,13800,1.0000,stable,stable,dominant_stable,dominant_stable,0.0000,0.0000,0.0000,persisted
rr_interval_4002_first_50000_001,25,50,13801,13825,13801,13850,1.0000,stable,stable,dominant_stable,dominant_stable,0.0000,0.0400,-0.0400,persisted
rr_interval_4002_first_50000_001,25,50,13826,13850,13801,13850,1.0000,stable,stable,dominant_stable,dominant_stable,0.0000,0.0400,-0.0400,persisted
rr_interval_4002_first_50000_001,25,50,13851,13875,13851,13900,1.0000,stable,stable,dominant_stable,dominant_stable,-0.0600,0.0400,0.0200,persisted
rr_interval_4002_first_50000_001,25,50,13876,13900,13851,13900,1.0000,stable,stable,dominant_stable,dominant_stable,0.1400,-0.1200,-0.0200,persisted
rr_interval_4002_first_50000_001,25,50,13901,13925,13901,13950,1.0000,stable,stable,dominant_stable,dominant_stable,0.2800,-0.2000,-0.0800,persisted
rr_interval_4002_first_50000_001,25,50,13926,13950,13901,13950,1.0000,stable,stable,dominant_stable,dominant_stable,0.2800,-0.2000,-0.0800,persisted
rr_interval_4002_first_50000_001,25,50,13951,13975,13951,14000,1.0000,stable,stable,mixed,dominant_stable,0.4000,-0.3200,-0.0800,persisted
rr_interval_4002_first_50000_001,25,50,13976,14000,13951,14000,1.0000,stable,stable,dominant_stable,dominant_stable,0.2400,-0.2000,-0.0400,persisted
rr_interval_4002_first_50000_001,25,50,14001,14025,14001,14050,1.0000,stable,stable,mixed,dominant_stable,0.3800,-0.3400,-0.0400,persisted
rr_interval_4002_first_50000_001,25,50,14026,14050,14001,14050,1.0000,stable,stable,dominant_stable,dominant_stable,0.2200,-0.1800,-0.0400,persisted
rr_interval_4002_first_50000_001,25,50,14051,14075,14051,14100,1.0000,stable,stable,dominant_stable,dominant_stable,0.1400,-0.1400,0.0000,persisted
rr_interval_4002_first_50000_001,25,50,14076,14100,14051,14100,1.0000,stable,stable,dominant_stable,dominant_stable,-0.1400,0.1400,0.0000,persisted
rr_interval_4002_first_50000_001,25,50,14101,14125,14101,14150,1.0000,stable,stable,dominant_stable,dominant_stable,0.0400,0.0000,-0.0400,persisted
rr_interval_4002_first_50000_001,25,50,14126,14150,14101,14150,1.0000,stable,stable,dominant_stable,dominant_stable,0.0000,0.0000,0.0000,persisted
rr_interval_4002_first_50000_001,25,50,14151,14175,14151,14200,1.0000,stable,stable,dominant_stable,dominant_stable,0.0400,0.0400,-0.0800,persisted
rr_interval_4002_first_50000_001,25,50,14176,14200,14151,14200,1.0000,stable,stable,dominant_stable,dominant_stable,0.1600,-0.0800,-0.0800,persisted
rr_interval_4002_first_50000_001,25,50,14201,14225,14201,14250,1.0000,stable,stable,dominant_stable,dominant_stable,0.1000,-0.0600,-0.0400,persisted
rr_interval_4002_first_50000_001,25,50,14226,14250,14201,14250,1.0000,stable,stable,dominant_stable,dominant_stable,0.0200,-0.0600,0.0400,persisted
rr_interval_4002_first_50000_001,25,50,14251,14275,14251,14300,1.0000,stable,stable,dominant_stable,dominant_stable,0.0200,0.0000,-0.0200,persisted
rr_interval_4002_first_50000_001,25,50,14276,14300,14251,14300,1.0000,stable,stable,dominant_stable,dominant_stable,-0.0200,0.0000,0.0200,persisted
rr_interval_4002_first_50000_001,25,50,14301,14325,14301,14350,1.0000,stable,stable,dominant_stable,dominant_stable,0.0000,0.0000,0.0000,persisted
rr_interval_4002_first_50000_001,25,50,14326,14350,14301,14350,1.0000,stable,stable,dominant_stable,dominant_stable,0.0000,0.0000,0.0000,persisted
rr_interval_4002_first_50000_001,25,50,14351,14375,14351,14400,1.0000,stable,stable,dominant_stable,dominant_stable,0.0400,0.0000,-0.0400,persisted
rr_interval_4002_first_50000_001,25,50,14376,14400,14351,14400,1.0000,stable,stable,dominant_stable,dominant_stable,-0.0400,0.0000,0.0400,persisted
rr_interval_4002_first_50000_001,25,50,14401,14425,14401,14450,1.0000,stable,stable,dominant_stable,dominant_stable,0.0000,0.0000,0.0000,persisted
rr_interval_4002_first_50000_001,25,50,14426,14450,14401,14450,1.0000,stable,stable,dominant_stable,dominant_stable,0.0000,0.0000,0.0000,persisted
rr_interval_4002_first_50000_001,25,50,14451,14475,14451,14500,1.0000,stable,stable,dominant_stable,dominant_stable,0.0000,0.0000,0.0000,persisted
rr_interval_4002_first_50000_001,25,50,14476,14500,14451,14500,1.0000,stable,stable,dominant_stable,dominant_stable,0.0000,0.0000,0.0000,persisted
rr_interval_4002_first_50000_001,25,50,14501,14525,14501,14550,1.0000,stable,stable,dominant_stable,dominant_stable,0.0000,0.0000,0.0000,persisted
rr_interval_4002_first_50000_001,25,50,14526,14550,14501,14550,1.0000,stable,stable,dominant_stable,dominant_stable,0.0000,0.0000,0.0000,persisted
rr_interval_4002_first_50000_001,25,50,14551,14575,14551,14600,1.0000,stable,stable,dominant_stable,dominant_stable,-0.1000,0.1000,0.0000,persisted
rr_interval_4002_first_50000_001,25,50,14576,14600,14551,14600,1.0000,stable,stable,dominant_stable,dominant_stable,0.2200,-0.2200,0.0000,persisted
rr_interval_4002_first_50000_001,25,50,14601,14625,14601,14650,1.0000,stable,stable,dominant_stable,dominant_stable,0.0800,-0.0800,0.0000,persisted
rr_interval_4002_first_50000_001,25,50,14626,14650,14601,14650,1.0000,stable,stable,dominant_stable,dominant_stable,0.0000,0.0000,0.0000,persisted
rr_interval_4002_first_50000_001,25,50,14651,14675,14651,14700,1.0000,stable,stable,dominant_stable,dominant_stable,0.0000,0.0400,-0.0400,persisted
rr_interval_4002_first_50000_001,25,50,14676,14700,14651,14700,1.0000,stable,stable,dominant_stable,dominant_stable,0.1200,-0.0800,-0.0400,persisted
rr_interval_4002_first_50000_001,25,50,14701,14725,14701,14750,1.0000,stable,stable,dominant_stable,dominant_stable,-0.1200,0.1000,0.0200,persisted
rr_interval_4002_first_50000_001,25,50,14726,14750,14701,14750,1.0000,stable,stable,dominant_stable,dominant_stable,0.1600,-0.1000,-0.0600,persisted
rr_interval_4002_first_50000_001,25,50,14751,14775,14751,14800,1.0000,stable,stable,dominant_stable,dominant_stable,0.1400,-0.0800,-0.0600,persisted
rr_interval_4002_first_50000_001,25,50,14776,14800,14751,14800,1.0000,stable,stable,dominant_stable,dominant_stable,0.0200,0.0400,-0.0600,persisted
rr_interval_4002_first_50000_001,25,50,14801,14825,14801,14850,1.0000,stable,stable,dominant_stable,dominant_stable,0.1800,-0.0800,-0.1000,persisted
rr_interval_4002_first_50000_001,25,50,14826,14850,14801,14850,1.0000,stable,stable,dominant_stable,dominant_stable,-0.0200,0.0400,-0.0200,persisted
rr_interval_4002_first_50000_001,25,50,14851,14875,14851,14900,1.0000,stable,stable,dominant_stable,dominant_stable,0.2400,-0.2400,0.0000,persisted
rr_interval_4002_first_50000_001,25,50,14876,14900,14851,14900,1.0000,stable,stable,dominant_stable,dominant_stable,0.1600,-0.1600,0.0000,persisted
rr_interval_4002_first_50000_001,25,50,14901,14925,14901,14950,1.0000,stable,stable,dominant_stable,dominant_stable,0.3000,-0.2600,-0.0400,persisted
rr_interval_4002_first_50000_001,25,50,14926,14950,14901,14950,1.0000,stable,stable,dominant_stable,dominant_stable,-0.0600,0.0600,0.0000,persisted
rr_interval_4002_first_50000_001,25,50,14951,14975,14951,15000,1.0000,stable,stable,dominant_stable,dominant_stable,-0.0200,0.0400,-0.0200,persisted
rr_interval_4002_first_50000_001,25,50,14976,15000,14951,15000,1.0000,stable,stable,dominant_stable,dominant_stable,0.0200,0.0400,-0.0600,persisted
rr_interval_4002_first_50000_001,25,50,15001,15025,15001,15050,1.0000,stable,stable,dominant_stable,dominant_stable,0.0200,0.0000,-0.0200,persisted
rr_interval_4002_first_50000_001,25,50,15026,15050,15001,15050,1.0000,stable,stable,dominant_stable,dominant_stable,-0.0200,0.0000,0.0200,persisted
rr_interval_4002_first_50000_001,25,50,15051,15075,15051,15100,1.0000,stable,stable,dominant_stable,dominant_stable,0.0000,0.0000,0.0000,persisted
rr_interval_4002_first_50000_001,25,50,15076,15100,15051,15100,1.0000,stable,stable,dominant_stable,dominant_stable,0.0000,0.0000,0.0000,persisted
rr_interval_4002_first_50000_001,25,50,15101,15125,15101,15150,1.0000,stable,stable,dominant_stable,dominant_stable,0.0600,-0.0400,-0.0200,persisted
rr_interval_4002_first_50000_001,25,50,15126,15150,15101,15150,1.0000,stable,stable,dominant_stable,dominant_stable,-0.0600,0.0400,0.0200,persisted
rr_interval_4002_first_50000_001,25,50,15151,15175,15151,15200,1.0000,stable,stable,dominant_stable,dominant_stable,-0.1200,0.1200,0.0000,persisted
rr_interval_4002_first_50000_001,25,50,15176,15200,15151,15200,1.0000,stable,stable,dominant_stable,dominant_stable,0.1200,-0.1200,0.0000,persisted
rr_interval_4002_first_50000_001,25,50,15201,15225,15201,15250,1.0000,stable,stable,dominant_stable,dominant_stable,0.1600,-0.1200,-0.0400,persisted
rr_interval_4002_first_50000_001,25,50,15226,15250,15201,15250,1.0000,stable,stable,dominant_stable,dominant_stable,-0.0400,0.0800,-0.0400,persisted
rr_interval_4002_first_50000_001,25,50,15251,15275,15251,15300,1.0000,stable,stable,dominant_stable,dominant_stable,0.2000,-0.1600,-0.0400,persisted
rr_interval_4002_first_50000_001,25,50,15276,15300,15251,15300,1.0000,stable,stable,dominant_stable,dominant_stable,-0.0400,0.0400,0.0000,persisted
rr_interval_4002_first_50000_001,25,50,15301,15325,15301,15350,1.0000,stable,stable,dominant_stable,dominant_stable,-0.0200,0.0000,0.0200,persisted
rr_interval_4002_first_50000_001,25,50,15326,15350,15301,15350,1.0000,stable,stable,dominant_stable,dominant_stable,0.0200,0.0000,-0.0200,persisted
rr_interval_4002_first_50000_001,25,50,15351,15375,15351,15400,1.0000,stable,stable,dominant_stable,dominant_stable,0.0200,0.0000,-0.0200,persisted
rr_interval_4002_first_50000_001,25,50,15376,15400,15351,15400,1.0000,stable,stable,dominant_stable,dominant_stable,0.1000,-0.1200,0.0200,persisted
rr_interval_4002_first_50000_001,25,50,15401,15425,15401,15450,1.0000,stable,stable,dominant_stable,dominant_stable,0.0000,0.0000,0.0000,persisted
rr_interval_4002_first_50000_001,25,50,15426,15450,15401,15450,1.0000,stable,stable,dominant_stable,dominant_stable,0.1200,-0.1200,0.0000,persisted
rr_interval_4002_first_50000_001,25,50,15451,15475,15451,15500,1.0000,stable,stable,dominant_stable,dominant_stable,0.1200,-0.1200,0.0000,persisted
rr_interval_4002_first_50000_001,25,50,15476,15500,15451,15500,1.0000,stable,stable,dominant_stable,dominant_stable,0.0000,0.0000,0.0000,persisted
rr_interval_4002_first_50000_001,25,50,15501,15525,15501,15550,1.0000,stable,stable,dominant_stable,dominant_stable,-0.0400,0.0000,0.0400,persisted
rr_interval_4002_first_50000_001,25,50,15526,15550,15501,15550,1.0000,stable,stable,dominant_stable,dominant_stable,0.0400,0.0000,-0.0400,persisted
rr_interval_4002_first_50000_001,25,50,15551,15575,15551,15600,1.0000,stable,stable,dominant_stable,dominant_stable,-0.0400,0.1200,-0.0800,persisted
rr_interval_4002_first_50000_001,25,50,15576,15600,15551,15600,1.0000,stable,stable,dominant_stable,dominant_stable,0.0800,-0.0800,0.0000,persisted
rr_interval_4002_first_50000_001,25,50,15601,15625,15601,15650,1.0000,stable,stable,dominant_stable,dominant_stable,0.1200,-0.1200,0.0000,persisted
rr_interval_4002_first_50000_001,25,50,15626,15650,15601,15650,1.0000,stable,stable,dominant_stable,dominant_stable,0.1200,-0.1200,0.0000,persisted
rr_interval_4002_first_50000_001,25,50,15651,15675,15651,15700,1.0000,stable,stable,dominant_stable,dominant_stable,0.1600,-0.1600,0.0000,persisted
rr_interval_4002_first_50000_001,25,50,15676,15700,15651,15700,1.0000,stable,stable,dominant_stable,dominant_stable,-0.0800,0.0800,0.0000,persisted
rr_interval_4002_first_50000_001,25,50,15701,15725,15701,15750,1.0000,stable,stable,dominant_stable,dominant_stable,0.0600,-0.0400,-0.0200,persisted
rr_interval_4002_first_50000_001,25,50,15726,15750,15701,15750,1.0000,stable,stable,dominant_stable,dominant_stable,-0.0600,0.0400,0.0200,persisted
rr_interval_4002_first_50000_001,25,50,15751,15775,15751,15800,1.0000,stable,stable,dominant_stable,dominant_stable,0.1400,-0.0800,-0.0600,persisted
rr_interval_4002_first_50000_001,25,50,15776,15800,15751,15800,1.0000,stable,stable,dominant_stable,dominant_stable,-0.0600,0.0800,-0.0200,persisted
rr_interval_4002_first_50000_001,25,50,15801,15825,15801,15850,1.0000,stable,stable,dominant_stable,dominant_stable,0.1400,-0.1200,-0.0200,persisted
rr_interval_4002_first_50000_001,25,50,15826,15850,15801,15850,1.0000,stable,stable,dominant_stable,dominant_stable,-0.0200,0.0000,0.0200,persisted
rr_interval_4002_first_50000_001,25,50,15851,15875,15851,15900,1.0000,stable,stable,dominant_stable,dominant_stable,0.1800,-0.1200,-0.0600,persisted
rr_interval_4002_first_50000_001,25,50,15876,15900,15851,15900,1.0000,stable,stable,dominant_stable,dominant_stable,0.1000,-0.0800,-0.0200,persisted
rr_interval_4002_first_50000_001,25,50,15901,15925,15901,15950,1.0000,stable,stable,dominant_stable,dominant_stable,0.0400,0.0000,-0.0400,persisted
rr_interval_4002_first_50000_001,25,50,15926,15950,15901,15950,1.0000,stable,stable,dominant_stable,dominant_stable,-0.0400,0.0000,0.0400,persisted
rr_interval_4002_first_50000_001,25,50,15951,15975,15951,16000,1.0000,stable,stable,dominant_stable,dominant_stable,0.1200,-0.1200,0.0000,persisted
rr_interval_4002_first_50000_001,25,50,15976,16000,15951,16000,1.0000,stable,stable,dominant_stable,dominant_stable,0.0000,0.0000,0.0000,persisted
rr_interval_4002_first_50000_001,25,50,16001,16025,16001,16050,1.0000,stable,stable,dominant_stable,dominant_stable,0.0000,0.0000,0.0000,persisted
rr_interval_4002_first_50000_001,25,50,16026,16050,16001,16050,1.0000,stable,stable,dominant_stable,dominant_stable,0.0400,0.0000,-0.0400,persisted
rr_interval_4002_first_50000_001,25,50,16051,16075,16051,16100,1.0000,stable,stable,dominant_stable,dominant_stable,0.0800,-0.0800,0.0000,persisted
rr_interval_4002_first_50000_001,25,50,16076,16100,16051,16100,1.0000,stable,stable,dominant_stable,dominant_stable,0.0800,-0.0800,0.0000,persisted
rr_interval_4002_first_50000_001,25,50,16101,16125,16101,16150,1.0000,stable,stable,dominant_stable,dominant_stable,0.1200,-0.1200,0.0000,persisted
rr_interval_4002_first_50000_001,25,50,16126,16150,16101,16150,1.0000,stable,stable,dominant_stable,dominant_stable,0.1200,-0.1200,0.0000,persisted
rr_interval_4002_first_50000_001,25,50,16151,16175,16151,16200,1.0000,stable,stable,dominant_stable,dominant_stable,-0.0600,0.0600,0.0000,persisted
rr_interval_4002_first_50000_001,25,50,16176,16200,16151,16200,1.0000,stable,stable,dominant_stable,dominant_stable,0.0600,-0.0600,0.0000,persisted
rr_interval_4002_first_50000_001,25,50,16201,16225,16201,16250,1.0000,stable,stable,dominant_stable,dominant_stable,-0.0200,0.0600,-0.0400,persisted
rr_interval_4002_first_50000_001,25,50,16226,16250,16201,16250,1.0000,stable,stable,dominant_stable,dominant_stable,0.0200,-0.0200,0.0000,persisted
rr_interval_4002_first_50000_001,25,50,16251,16275,16251,16300,1.0000,stable,stable,dominant_stable,dominant_stable,-0.0200,0.0600,-0.0400,persisted
rr_interval_4002_first_50000_001,25,50,16276,16300,16251,16300,1.0000,stable,stable,dominant_stable,dominant_stable,0.0200,-0.0200,0.0000,persisted
rr_interval_4002_first_50000_001,25,50,16301,16325,16301,16350,1.0000,stable,stable,dominant_stable,dominant_stable,0.0600,-0.0600,0.0000,persisted
rr_interval_4002_first_50000_001,25,50,16326,16350,16301,16350,1.0000,stable,stable,dominant_stable,dominant_stable,-0.0600,0.0600,0.0000,persisted
rr_interval_4002_first_50000_001,25,50,16351,16375,16351,16400,1.0000,stable,stable,dominant_stable,dominant_stable,-0.0200,0.0000,0.0200,persisted
rr_interval_4002_first_50000_001,25,50,16376,16400,16351,16400,1.0000,stable,stable,dominant_stable,dominant_stable,0.0200,0.0000,-0.0200,persisted
rr_interval_4002_first_50000_001,25,50,16401,16425,16401,16450,1.0000,stable,stable,dominant_stable,dominant_stable,0.0800,-0.0800,0.0000,persisted
rr_interval_4002_first_50000_001,25,50,16426,16450,16401,16450,1.0000,stable,stable,dominant_stable,dominant_stable,0.0000,0.0000,0.0000,persisted
rr_interval_4002_first_50000_001,25,50,16451,16475,16451,16500,1.0000,stable,stable,dominant_stable,dominant_stable,0.1200,-0.1200,0.0000,persisted
rr_interval_4002_first_50000_001,25,50,16476,16500,16451,16500,1.0000,stable,stable,dominant_stable,dominant_stable,0.0000,0.0000,0.0000,persisted
rr_interval_4002_first_50000_001,25,50,16501,16525,16501,16550,1.0000,stable,stable,dominant_stable,dominant_stable,0.0800,-0.0800,0.0000,persisted
rr_interval_4002_first_50000_001,25,50,16526,16550,16501,16550,1.0000,stable,stable,dominant_stable,dominant_stable,0.1600,-0.1600,0.0000,persisted
rr_interval_4002_first_50000_001,25,50,16551,16575,16551,16600,1.0000,stable,stable,dominant_stable,dominant_stable,0.0600,-0.0600,0.0000,persisted
rr_interval_4002_first_50000_001,25,50,16576,16600,16551,16600,1.0000,stable,stable,dominant_stable,dominant_stable,-0.0600,0.0600,0.0000,persisted
rr_interval_4002_first_50000_001,25,50,16601,16625,16601,16650,1.0000,stable,stable,dominant_stable,dominant_stable,0.1200,-0.1200,0.0000,persisted
rr_interval_4002_first_50000_001,25,50,16626,16650,16601,16650,1.0000,stable,stable,dominant_stable,dominant_stable,0.0400,0.0000,-0.0400,persisted
rr_interval_4002_first_50000_001,25,50,16651,16675,16651,16700,1.0000,stable,stable,dominant_stable,dominant_stable,0.1400,-0.1400,0.0000,persisted
rr_interval_4002_first_50000_001,25,50,16676,16700,16651,16700,1.0000,stable,stable,dominant_stable,dominant_stable,0.0600,-0.0600,0.0000,persisted
rr_interval_4002_first_50000_001,25,50,16701,16725,16701,16750,1.0000,stable,stable,dominant_stable,dominant_stable,0.0000,0.0000,0.0000,persisted
rr_interval_4002_first_50000_001,25,50,16726,16750,16701,16750,1.0000,stable,stable,mixed,dominant_stable,0.3600,-0.2800,-0.0800,persisted
rr_interval_4002_first_50000_001,25,50,16751,16775,16751,16800,1.0000,stable,stable,dominant_stable,dominant_stable,0.0400,0.0200,-0.0600,persisted
rr_interval_4002_first_50000_001,25,50,16776,16800,16751,16800,1.0000,stable,stable,dominant_stable,dominant_stable,-0.0400,0.0200,0.0200,persisted
rr_interval_4002_first_50000_001,25,50,16801,16825,16801,16850,1.0000,stable,stable,dominant_stable,dominant_stable,0.0200,0.0000,-0.0200,persisted
rr_interval_4002_first_50000_001,25,50,16826,16850,16801,16850,1.0000,stable,stable,dominant_stable,dominant_stable,0.1000,-0.1200,0.0200,persisted
rr_interval_4002_first_50000_001,25,50,16851,16875,16851,16900,1.0000,stable,stable,dominant_stable,dominant_stable,0.0000,0.0400,-0.0400,persisted
rr_interval_4002_first_50000_001,25,50,16876,16900,16851,16900,1.0000,stable,stable,dominant_stable,dominant_stable,0.0000,0.0400,-0.0400,persisted
rr_interval_4002_first_50000_001,25,50,16901,16925,16901,16950,1.0000,stable,stable,dominant_stable,dominant_stable,0.1400,-0.1200,-0.0200,persisted
rr_interval_4002_first_50000_001,25,50,16926,16950,16901,16950,1.0000,stable,stable,dominant_stable,dominant_stable,-0.0600,0.0400,0.0200,persisted
rr_interval_4002_first_50000_001,25,50,16951,16975,16951,17000,1.0000,stable,stable,dominant_stable,dominant_stable,0.2400,-0.2200,-0.0200,persisted
rr_interval_4002_first_50000_001,25,50,16976,17000,16951,17000,1.0000,stable,stable,dominant_stable,dominant_stable,-0.1200,0.1000,0.0200,persisted
rr_interval_4002_first_50000_001,25,50,17001,17025,17001,17050,1.0000,stable,stable,dominant_stable,dominant_stable,-0.1000,0.1000,0.0000,persisted
rr_interval_4002_first_50000_001,25,50,17026,17050,17001,17050,1.0000,stable,stable,dominant_stable,dominant_stable,0.1000,-0.1000,0.0000,persisted
rr_interval_4002_first_50000_001,25,50,17051,17075,17051,17100,1.0000,stable,stable,dominant_stable,dominant_stable,-0.0200,0.0400,-0.0200,persisted
rr_interval_4002_first_50000_001,25,50,17076,17100,17051,17100,1.0000,stable,stable,dominant_stable,dominant_stable,0.1400,-0.1600,0.0200,persisted
rr_interval_4002_first_50000_001,25,50,17101,17125,17101,17150,1.0000,stable,stable,dominant_stable,dominant_stable,-0.0800,0.0600,0.0200,persisted
rr_interval_4002_first_50000_001,25,50,17126,17150,17101,17150,1.0000,stable,stable,dominant_stable,dominant_stable,0.0800,-0.0600,-0.0200,persisted
rr_interval_4002_first_50000_001,25,50,17151,17175,17151,17200,1.0000,stable,stable,dominant_stable,dominant_stable,0.0200,0.0000,-0.0200,persisted
rr_interval_4002_first_50000_001,25,50,17176,17200,17151,17200,1.0000,stable,stable,dominant_stable,dominant_stable,0.2600,-0.2400,-0.0200,persisted
rr_interval_4002_first_50000_001,25,50,17201,17225,17201,17250,1.0000,stable,stable,dominant_stable,dominant_stable,0.1600,-0.1200,-0.0400,persisted
rr_interval_4002_first_50000_001,25,50,17226,17250,17201,17250,1.0000,stable,stable,dominant_stable,dominant_stable,0.0800,-0.0800,0.0000,persisted
rr_interval_4002_first_50000_001,25,50,17251,17275,17251,17300,1.0000,stable,stable,dominant_stable,dominant_stable,-0.0800,0.0800,0.0000,persisted
rr_interval_4002_first_50000_001,25,50,17276,17300,17251,17300,1.0000,stable,stable,dominant_stable,dominant_stable,0.0800,-0.0800,0.0000,persisted
rr_interval_4002_first_50000_001,25,50,17301,17325,17301,17350,1.0000,stable,stable,dominant_stable,dominant_stable,0.0200,-0.0200,0.0000,persisted
rr_interval_4002_first_50000_001,25,50,17326,17350,17301,17350,1.0000,stable,stable,dominant_stable,dominant_stable,-0.0200,0.0600,-0.0400,persisted
rr_interval_4002_first_50000_001,25,50,17351,17375,17351,17400,1.0000,stable,stable,dominant_stable,dominant_stable,0.2800,-0.2800,0.0000,persisted
rr_interval_4002_first_50000_001,25,50,17376,17400,17351,17400,1.0000,stable,stable,dominant_stable,dominant_stable,0.2800,-0.2800,0.0000,persisted
rr_interval_4002_first_50000_001,25,50,17401,17425,17401,17450,1.0000,stable,stable,dominant_stable,dominant_stable,0.3600,-0.3200,-0.0400,persisted
rr_interval_4002_first_50000_001,25,50,17426,17450,17401,17450,1.0000,stable,stable,dominant_stable,dominant_stable,0.4000,-0.4000,0.0000,persisted
rr_interval_4002_first_50000_001,25,50,17451,17475,17451,17500,1.0000,stable,stable,dominant_stable,dominant_stable,0.2400,-0.2400,0.0000,persisted
rr_interval_4002_first_50000_001,25,50,17476,17500,17451,17500,1.0000,stable,stable,dominant_stable,dominant_stable,0.1600,-0.1200,-0.0400,persisted
rr_interval_4002_first_50000_001,25,50,17501,17525,17501,17550,1.0000,stable,stable,dominant_stable,dominant_stable,-0.0200,0.0400,-0.0200,persisted
rr_interval_4002_first_50000_001,25,50,17526,17550,17501,17550,1.0000,stable,stable,dominant_stable,dominant_stable,0.1400,-0.1200,-0.0200,persisted
rr_interval_4002_first_50000_001,25,50,17551,17575,17551,17600,1.0000,stable,stable,dominant_stable,dominant_stable,0.0800,-0.0800,0.0000,persisted
rr_interval_4002_first_50000_001,25,50,17576,17600,17551,17600,1.0000,stable,stable,dominant_stable,dominant_stable,0.0000,0.0000,0.0000,persisted
rr_interval_4002_first_50000_001,25,50,17601,17625,17601,17650,1.0000,stable,stable,dominant_stable,dominant_stable,0.0800,0.0000,-0.0800,persisted
rr_interval_4002_first_50000_001,25,50,17626,17650,17601,17650,1.0000,stable,stable,dominant_stable,dominant_stable,-0.0400,0.0000,0.0400,persisted
rr_interval_4002_first_50000_001,25,50,17651,17675,17651,17700,1.0000,stable,stable,dominant_stable,dominant_stable,0.1600,-0.1200,-0.0400,persisted
rr_interval_4002_first_50000_001,25,50,17676,17700,17651,17700,1.0000,stable,stable,dominant_stable,dominant_stable,0.0400,0.0000,-0.0400,persisted
rr_interval_4002_first_50000_001,25,50,17701,17725,17701,17750,1.0000,stable,stable,dominant_stable,dominant_stable,0.0200,0.0200,-0.0400,persisted
rr_interval_4002_first_50000_001,25,50,17726,17750,17701,17750,1.0000,stable,stable,dominant_stable,dominant_stable,0.0600,-0.0600,0.0000,persisted
rr_interval_4002_first_50000_001,25,50,17751,17775,17751,17800,1.0000,stable,stable,dominant_stable,dominant_stable,0.1600,-0.1200,-0.0400,persisted
rr_interval_4002_first_50000_001,25,50,17776,17800,17751,17800,1.0000,stable,stable,dominant_stable,dominant_stable,0.2800,-0.2800,0.0000,persisted
rr_interval_4002_first_50000_001,25,50,17801,17825,17801,17850,1.0000,stable,stable,dominant_stable,dominant_stable,0.0400,0.0400,-0.0800,persisted
rr_interval_4002_first_50000_001,25,50,17826,17850,17801,17850,1.0000,stable,stable,dominant_stable,dominant_stable,-0.0400,0.0400,0.0000,persisted
rr_interval_4002_first_50000_001,25,50,17851,17875,17851,17900,1.0000,stable,stable,dominant_stable,dominant_stable,0.0600,-0.0400,-0.0200,persisted
rr_interval_4002_first_50000_001,25,50,17876,17900,17851,17900,1.0000,stable,stable,dominant_stable,dominant_stable,-0.0600,0.0400,0.0200,persisted
rr_interval_4002_first_50000_001,25,50,17901,17925,17901,17950,1.0000,stable,stable,dominant_stable,dominant_stable,-0.0600,0.1000,-0.0400,persisted
rr_interval_4002_first_50000_001,25,50,17926,17950,17901,17950,1.0000,stable,stable,dominant_stable,dominant_stable,0.0600,-0.0600,0.0000,persisted
rr_interval_4002_first_50000_001,25,50,17951,17975,17951,18000,1.0000,stable,stable,dominant_stable,dominant_stable,0.0800,-0.0800,0.0000,persisted
rr_interval_4002_first_50000_001,25,50,17976,18000,17951,18000,1.0000,stable,stable,dominant_stable,dominant_stable,0.0000,0.0000,0.0000,persisted
rr_interval_4002_first_50000_001,25,50,18001,18025,18001,18050,1.0000,stable,stable,dominant_stable,dominant_stable,0.0000,0.0000,0.0000,persisted
rr_interval_4002_first_50000_001,25,50,18026,18050,18001,18050,1.0000,stable,stable,dominant_stable,dominant_stable,0.0000,0.0000,0.0000,persisted
rr_interval_4002_first_50000_001,25,50,18051,18075,18051,18100,1.0000,stable,stable,dominant_stable,dominant_stable,0.0200,-0.0200,0.0000,persisted
rr_interval_4002_first_50000_001,25,50,18076,18100,18051,18100,1.0000,stable,stable,dominant_stable,dominant_stable,-0.0200,0.0600,-0.0400,persisted
rr_interval_4002_first_50000_001,25,50,18101,18125,18101,18150,1.0000,stable,stable,dominant_stable,dominant_stable,0.0400,0.0000,-0.0400,persisted
rr_interval_4002_first_50000_001,25,50,18126,18150,18101,18150,1.0000,stable,stable,dominant_stable,dominant_stable,0.0000,0.0000,0.0000,persisted
rr_interval_4002_first_50000_001,25,50,18151,18175,18151,18200,1.0000,stable,stable,dominant_stable,dominant_stable,0.0000,0.0000,0.0000,persisted
rr_interval_4002_first_50000_001,25,50,18176,18200,18151,18200,1.0000,stable,stable,dominant_stable,dominant_stable,0.0000,0.0000,0.0000,persisted
rr_interval_4002_first_50000_001,25,50,18201,18225,18201,18250,1.0000,stable,stable,dominant_stable,dominant_stable,0.1400,-0.1200,-0.0200,persisted
rr_interval_4002_first_50000_001,25,50,18226,18250,18201,18250,1.0000,stable,stable,dominant_stable,dominant_stable,0.0200,0.0000,-0.0200,persisted
rr_interval_4002_first_50000_001,25,50,18251,18275,18251,18300,1.0000,stable,stable,dominant_stable,dominant_stable,-0.0200,0.0000,0.0200,persisted
rr_interval_4002_first_50000_001,25,50,18276,18300,18251,18300,1.0000,stable,stable,dominant_stable,dominant_stable,0.0200,0.0000,-0.0200,persisted
rr_interval_4002_first_50000_001,25,50,18301,18325,18301,18350,1.0000,stable,stable,dominant_stable,dominant_stable,-0.0400,0.0000,0.0400,persisted
rr_interval_4002_first_50000_001,25,50,18326,18350,18301,18350,1.0000,stable,stable,dominant_stable,dominant_stable,0.0400,0.0000,-0.0400,persisted
rr_interval_4002_first_50000_001,25,50,18351,18375,18351,18400,1.0000,stable,stable,dominant_stable,dominant_stable,0.1800,-0.1800,0.0000,persisted
rr_interval_4002_first_50000_001,25,50,18376,18400,18351,18400,1.0000,stable,stable,dominant_stable,dominant_stable,-0.0600,0.0600,0.0000,persisted
rr_interval_4002_first_50000_001,25,50,18401,18425,18401,18450,1.0000,stable,stable,dominant_stable,dominant_stable,-0.0200,0.0000,0.0200,persisted
rr_interval_4002_first_50000_001,25,50,18426,18450,18401,18450,1.0000,stable,stable,dominant_stable,dominant_stable,0.0200,0.0000,-0.0200,persisted
rr_interval_4002_first_50000_001,25,50,18451,18475,18451,18500,1.0000,stable,stable,dominant_stable,dominant_stable,0.0800,-0.0800,0.0000,persisted
rr_interval_4002_first_50000_001,25,50,18476,18500,18451,18500,1.0000,stable,stable,dominant_stable,dominant_stable,0.0000,0.0000,0.0000,persisted
rr_interval_4002_first_50000_001,25,50,18501,18525,18501,18550,1.0000,stable,stable,dominant_stable,dominant_stable,0.0000,0.0000,0.0000,persisted
rr_interval_4002_first_50000_001,25,50,18526,18550,18501,18550,1.0000,stable,stable,dominant_stable,dominant_stable,0.1200,-0.1200,0.0000,persisted
rr_interval_4002_first_50000_001,25,50,18551,18575,18551,18600,1.0000,stable,stable,dominant_stable,dominant_stable,0.0800,-0.0800,0.0000,persisted
rr_interval_4002_first_50000_001,25,50,18576,18600,18551,18600,1.0000,stable,stable,dominant_stable,dominant_stable,0.0800,-0.0800,0.0000,persisted
rr_interval_4002_first_50000_001,25,50,18601,18625,18601,18650,1.0000,stable,stable,dominant_stable,dominant_stable,0.0000,0.0000,0.0000,persisted
rr_interval_4002_first_50000_001,25,50,18626,18650,18601,18650,1.0000,stable,stable,dominant_stable,dominant_stable,0.0000,0.0000,0.0000,persisted
rr_interval_4002_first_50000_001,25,50,18651,18675,18651,18700,1.0000,stable,stable,dominant_stable,dominant_stable,0.0800,-0.0800,0.0000,persisted
rr_interval_4002_first_50000_001,25,50,18676,18700,18651,18700,1.0000,stable,stable,dominant_stable,dominant_stable,0.0000,0.0000,0.0000,persisted
rr_interval_4002_first_50000_001,25,50,18701,18725,18701,18750,1.0000,stable,stable,dominant_stable,dominant_stable,0.0400,0.0000,-0.0400,persisted
rr_interval_4002_first_50000_001,25,50,18726,18750,18701,18750,1.0000,stable,stable,dominant_stable,dominant_stable,0.0000,0.0000,0.0000,persisted
rr_interval_4002_first_50000_001,25,50,18751,18775,18751,18800,1.0000,stable,stable,dominant_stable,dominant_stable,0.0000,0.0000,0.0000,persisted
rr_interval_4002_first_50000_001,25,50,18776,18800,18751,18800,1.0000,stable,stable,dominant_stable,dominant_stable,0.0400,0.0000,-0.0400,persisted
rr_interval_4002_first_50000_001,25,50,18801,18825,18801,18850,1.0000,stable,stable,dominant_stable,dominant_stable,-0.0400,0.0400,0.0000,persisted
rr_interval_4002_first_50000_001,25,50,18826,18850,18801,18850,1.0000,stable,stable,dominant_stable,dominant_stable,0.1600,-0.1600,0.0000,persisted
rr_interval_4002_first_50000_001,25,50,18851,18875,18851,18900,1.0000,stable,stable,dominant_stable,dominant_stable,0.0800,-0.0800,0.0000,persisted
rr_interval_4002_first_50000_001,25,50,18876,18900,18851,18900,1.0000,stable,stable,dominant_stable,dominant_stable,0.0000,0.0000,0.0000,persisted
rr_interval_4002_first_50000_001,25,50,18901,18925,18901,18950,1.0000,stable,stable,dominant_stable,dominant_stable,0.0400,0.0000,-0.0400,persisted
rr_interval_4002_first_50000_001,25,50,18926,18950,18901,18950,1.0000,stable,stable,dominant_stable,dominant_stable,-0.0400,0.0000,0.0400,persisted
rr_interval_4002_first_50000_001,25,50,18951,18975,18951,19000,1.0000,stable,stable,mixed,dominant_stable,0.4000,-0.3200,-0.0800,persisted
rr_interval_4002_first_50000_001,25,50,18976,19000,18951,19000,1.0000,stable,stable,dominant_stable,dominant_stable,0.2400,-0.2400,0.0000,persisted
rr_interval_4002_first_50000_001,25,50,19001,19025,19001,19050,1.0000,stable,stable,dominant_stable,dominant_stable,0.0000,0.0000,0.0000,persisted
rr_interval_4002_first_50000_001,25,50,19026,19050,19001,19050,1.0000,stable,stable,dominant_stable,dominant_stable,0.0000,0.0000,0.0000,persisted
rr_interval_4002_first_50000_001,25,50,19051,19075,19051,19100,1.0000,stable,stable,dominant_stable,dominant_stable,-0.0800,0.0600,0.0200,persisted
rr_interval_4002_first_50000_001,25,50,19076,19100,19051,19100,1.0000,stable,stable,dominant_stable,dominant_stable,0.0800,-0.0600,-0.0200,persisted
rr_interval_4002_first_50000_001,25,50,19101,19125,19101,19150,1.0000,stable,stable,dominant_stable,dominant_stable,0.1200,-0.0800,-0.0400,persisted
rr_interval_4002_first_50000_001,25,50,19126,19150,19101,19150,1.0000,stable,stable,dominant_stable,dominant_stable,0.2000,-0.1200,-0.0800,persisted
rr_interval_4002_first_50000_001,25,50,19151,19175,19151,19200,1.0000,stable,stable,dominant_stable,dominant_stable,0.1200,-0.1000,-0.0200,persisted
rr_interval_4002_first_50000_001,25,50,19176,19200,19151,19200,1.0000,stable,stable,dominant_stable,dominant_stable,0.2800,-0.3000,0.0200,persisted
rr_interval_4002_first_50000_001,25,50,19201,19225,19201,19250,1.0000,stable,stable,mixed,dominant_stable,0.4200,-0.3800,-0.0400,persisted
rr_interval_4002_first_50000_001,25,50,19226,19250,19201,19250,1.0000,stable,stable,dominant_stable,dominant_stable,-0.0200,-0.0200,0.0400,persisted
rr_interval_4002_first_50000_001,25,50,19251,19275,19251,19300,1.0000,stable,stable,dominant_stable,dominant_stable,0.2000,-0.1600,-0.0400,persisted
rr_interval_4002_first_50000_001,25,50,19276,19300,19251,19300,1.0000,stable,stable,dominant_stable,dominant_stable,0.1200,-0.0800,-0.0400,persisted
rr_interval_4002_first_50000_001,25,50,19301,19325,19301,19350,1.0000,stable,stable,dominant_stable,dominant_stable,0.0600,-0.0800,0.0200,persisted
rr_interval_4002_first_50000_001,25,50,19326,19350,19301,19350,1.0000,stable,stable,dominant_stable,dominant_stable,0.1400,-0.1200,-0.0200,persisted
rr_interval_4002_first_50000_001,25,50,19351,19375,19351,19400,1.0000,stable,stable,dominant_stable,dominant_stable,0.1200,-0.0800,-0.0400,persisted
rr_interval_4002_first_50000_001,25,50,19376,19400,19351,19400,1.0000,stable,stable,dominant_stable,dominant_stable,0.2000,-0.2000,0.0000,persisted
rr_interval_4002_first_50000_001,25,50,19401,19425,19401,19450,1.0000,stable,stable,dominant_stable,dominant_stable,0.2000,-0.2000,0.0000,persisted
rr_interval_4002_first_50000_001,25,50,19426,19450,19401,19450,1.0000,stable,stable,dominant_stable,dominant_stable,-0.2000,0.2000,0.0000,persisted
rr_interval_4002_first_50000_001,25,50,19451,19475,19451,19500,1.0000,stable,stable,dominant_stable,dominant_stable,0.0800,-0.0800,0.0000,persisted
rr_interval_4002_first_50000_001,25,50,19476,19500,19451,19500,1.0000,stable,stable,dominant_stable,dominant_stable,0.0000,0.0000,0.0000,persisted
rr_interval_4002_first_50000_001,25,50,19501,19525,19501,19550,1.0000,stable,stable,dominant_stable,dominant_stable,0.0000,0.0000,0.0000,persisted
rr_interval_4002_first_50000_001,25,50,19526,19550,19501,19550,1.0000,stable,stable,dominant_stable,dominant_stable,0.0000,0.0000,0.0000,persisted
rr_interval_4002_first_50000_001,25,50,19551,19575,19551,19600,1.0000,stable,stable,dominant_stable,dominant_stable,-0.0200,0.1000,-0.0800,persisted
rr_interval_4002_first_50000_001,25,50,19576,19600,19551,19600,1.0000,stable,stable,dominant_stable,dominant_stable,0.0600,-0.0600,0.0000,persisted
rr_interval_4002_first_50000_001,25,50,19601,19625,19601,19650,1.0000,stable,stable,dominant_stable,dominant_stable,-0.1000,0.0800,0.0200,persisted
rr_interval_4002_first_50000_001,25,50,19626,19650,19601,19650,1.0000,stable,stable,mixed,dominant_stable,0.4200,-0.4000,-0.0200,persisted
rr_interval_4002_first_50000_001,25,50,19651,19675,19651,19700,1.0000,stable,stable,dominant_stable,dominant_stable,0.0200,0.0000,-0.0200,persisted
rr_interval_4002_first_50000_001,25,50,19676,19700,19651,19700,1.0000,stable,stable,dominant_stable,dominant_stable,-0.0200,0.0000,0.0200,persisted
rr_interval_4002_first_50000_001,25,50,19701,19725,19701,19750,1.0000,stable,stable,dominant_stable,dominant_stable,0.0000,0.0000,0.0000,persisted
rr_interval_4002_first_50000_001,25,50,19726,19750,19701,19750,1.0000,stable,stable,dominant_stable,dominant_stable,0.0000,0.0000,0.0000,persisted
rr_interval_4002_first_50000_001,25,50,19751,19775,19751,19800,1.0000,stable,stable,dominant_stable,dominant_stable,0.1200,-0.1200,0.0000,persisted
rr_interval_4002_first_50000_001,25,50,19776,19800,19751,19800,1.0000,stable,stable,dominant_stable,dominant_stable,0.1200,-0.1200,0.0000,persisted
rr_interval_4002_first_50000_001,25,50,19801,19825,19801,19850,1.0000,stable,stable,dominant_stable,dominant_stable,0.0000,0.0000,0.0000,persisted
rr_interval_4002_first_50000_001,25,50,19826,19850,19801,19850,1.0000,stable,stable,dominant_stable,dominant_stable,0.0000,0.0000,0.0000,persisted
rr_interval_4002_first_50000_001,25,50,19851,19875,19851,19900,1.0000,stable,stable,dominant_stable,dominant_stable,0.0800,-0.0800,0.0000,persisted
rr_interval_4002_first_50000_001,25,50,19876,19900,19851,19900,1.0000,stable,stable,dominant_stable,dominant_stable,0.0000,0.0000,0.0000,persisted
rr_interval_4002_first_50000_001,25,50,19901,19925,19901,19950,1.0000,stable,stable,dominant_stable,dominant_stable,0.0000,0.0000,0.0000,persisted
rr_interval_4002_first_50000_001,25,50,19926,19950,19901,19950,1.0000,stable,stable,dominant_stable,dominant_stable,0.0000,0.0000,0.0000,persisted
rr_interval_4002_first_50000_001,25,50,19951,19975,19951,20000,1.0000,stable,stable,dominant_stable,dominant_stable,-0.1200,0.1600,-0.0400,persisted
rr_interval_4002_first_50000_001,25,50,19976,20000,19951,20000,1.0000,stable,stable,dominant_stable,dominant_stable,0.2400,-0.2000,-0.0400,persisted
rr_interval_4002_first_50000_001,25,50,20001,20025,20001,20050,1.0000,stable,stable,dominant_stable,dominant_stable,0.2400,-0.1400,-0.1000,persisted
rr_interval_4002_first_50000_001,25,50,20026,20050,20001,20050,1.0000,stable,stable,dominant_stable,dominant_stable,0.1600,-0.1800,0.0200,persisted
rr_interval_4002_first_50000_001,25,50,20051,20075,20051,20100,1.0000,stable,stable,dominant_stable,dominant_stable,0.3000,-0.3200,0.0200,persisted
rr_interval_4002_first_50000_001,25,50,20076,20100,20051,20100,1.0000,stable,stable,dominant_stable,dominant_stable,0.1800,-0.1600,-0.0200,persisted
rr_interval_4002_first_50000_001,25,50,20101,20125,20101,20150,1.0000,stable,stable,dominant_stable,dominant_stable,-0.0200,0.0600,-0.0400,persisted
rr_interval_4002_first_50000_001,25,50,20126,20150,20101,20150,1.0000,stable,stable,dominant_stable,dominant_stable,0.0200,-0.0200,0.0000,persisted
rr_interval_4002_first_50000_001,25,50,20151,20175,20151,20200,1.0000,stable,stable,dominant_stable,dominant_stable,0.0000,0.0000,0.0000,persisted
rr_interval_4002_first_50000_001,25,50,20176,20200,20151,20200,1.0000,stable,stable,dominant_stable,dominant_stable,0.0000,0.0000,0.0000,persisted
rr_interval_4002_first_50000_001,25,50,20201,20225,20201,20250,1.0000,stable,stable,dominant_stable,dominant_stable,0.0000,0.0000,0.0000,persisted
rr_interval_4002_first_50000_001,25,50,20226,20250,20201,20250,1.0000,stable,stable,dominant_stable,dominant_stable,0.0000,0.0000,0.0000,persisted
rr_interval_4002_first_50000_001,25,50,20251,20275,20251,20300,1.0000,stable,stable,dominant_stable,dominant_stable,0.0000,0.0400,-0.0400,persisted
rr_interval_4002_first_50000_001,25,50,20276,20300,20251,20300,1.0000,stable,stable,dominant_stable,dominant_stable,0.1200,-0.0800,-0.0400,persisted
rr_interval_4002_first_50000_001,25,50,20301,20325,20301,20350,1.0000,stable,stable,dominant_stable,dominant_stable,0.0000,0.0000,0.0000,persisted
rr_interval_4002_first_50000_001,25,50,20326,20350,20301,20350,1.0000,stable,stable,dominant_stable,dominant_stable,0.0000,0.0000,0.0000,persisted
rr_interval_4002_first_50000_001,25,50,20351,20375,20351,20400,1.0000,stable,stable,dominant_stable,dominant_stable,0.0400,0.0400,-0.0800,persisted
rr_interval_4002_first_50000_001,25,50,20376,20400,20351,20400,1.0000,stable,stable,dominant_stable,dominant_stable,0.1200,-0.0800,-0.0400,persisted
rr_interval_4002_first_50000_001,25,50,20401,20425,20401,20450,1.0000,stable,stable,dominant_stable,dominant_stable,0.0000,0.0000,0.0000,persisted
rr_interval_4002_first_50000_001,25,50,20426,20450,20401,20450,1.0000,stable,stable,dominant_stable,dominant_stable,0.0000,0.0000,0.0000,persisted
rr_interval_4002_first_50000_001,25,50,20451,20475,20451,20500,1.0000,stable,stable,dominant_stable,dominant_stable,0.0000,0.0000,0.0000,persisted
rr_interval_4002_first_50000_001,25,50,20476,20500,20451,20500,1.0000,stable,stable,dominant_stable,dominant_stable,0.0000,0.0000,0.0000,persisted
rr_interval_4002_first_50000_001,25,50,20501,20525,20501,20550,1.0000,stable,stable,dominant_stable,dominant_stable,0.0000,0.0000,0.0000,persisted
rr_interval_4002_first_50000_001,25,50,20526,20550,20501,20550,1.0000,stable,stable,dominant_stable,dominant_stable,0.0000,0.0000,0.0000,persisted
rr_interval_4002_first_50000_001,25,50,20551,20575,20551,20600,1.0000,stable,stable,dominant_stable,dominant_stable,0.2200,-0.1800,-0.0400,persisted
rr_interval_4002_first_50000_001,25,50,20576,20600,20551,20600,1.0000,stable,stable,dominant_stable,dominant_stable,0.0600,-0.0200,-0.0400,persisted
rr_interval_4002_first_50000_001,25,50,20601,20625,20601,20650,1.0000,stable,stable,dominant_stable,dominant_stable,0.0800,-0.0600,-0.0200,persisted
rr_interval_4002_first_50000_001,25,50,20626,20650,20601,20650,1.0000,stable,stable,dominant_stable,dominant_stable,0.0400,-0.0600,0.0200,persisted
rr_interval_4002_first_50000_001,25,50,20651,20675,20651,20700,1.0000,stable,stable,dominant_stable,dominant_stable,0.0800,0.0800,-0.1600,persisted
rr_interval_4002_first_50000_001,25,50,20676,20700,20651,20700,1.0000,stable,stable,dominant_stable,dominant_stable,0.0800,0.0000,-0.0800,persisted
rr_interval_4002_first_50000_001,25,50,20701,20725,20701,20750,1.0000,stable,stable,dominant_stable,dominant_stable,0.1800,-0.1200,-0.0600,persisted
rr_interval_4002_first_50000_001,25,50,20726,20750,20701,20750,1.0000,stable,stable,dominant_stable,dominant_stable,-0.1400,0.1200,0.0200,persisted
rr_interval_4002_first_50000_001,25,50,20751,20775,20751,20800,1.0000,stable,stable,dominant_stable,dominant_stable,0.1200,-0.0800,-0.0400,persisted
rr_interval_4002_first_50000_001,25,50,20776,20800,20751,20800,1.0000,stable,stable,dominant_stable,dominant_stable,0.0800,-0.0400,-0.0400,persisted
rr_interval_4002_first_50000_001,25,50,20801,20825,20801,20850,1.0000,stable,stable,dominant_stable,dominant_stable,0.1000,-0.1000,0.0000,persisted
rr_interval_4002_first_50000_001,25,50,20826,20850,20801,20850,1.0000,stable,stable,dominant_stable,dominant_stable,-0.0600,0.1000,-0.0400,persisted
rr_interval_4002_first_50000_001,25,50,20851,20875,20851,20900,1.0000,stable,stable,dominant_stable,dominant_stable,0.0400,-0.0400,0.0000,persisted
rr_interval_4002_first_50000_001,25,50,20876,20900,20851,20900,1.0000,stable,stable,mixed,dominant_stable,0.3200,-0.2800,-0.0400,persisted
rr_interval_4002_first_50000_001,25,50,20901,20925,20901,20950,1.0000,stable,stable,dominant_stable,dominant_stable,0.0800,-0.0800,0.0000,persisted
rr_interval_4002_first_50000_001,25,50,20926,20950,20901,20950,1.0000,stable,stable,dominant_stable,dominant_stable,0.3200,-0.3200,0.0000,persisted
rr_interval_4002_first_50000_001,25,50,20951,20975,20951,21000,1.0000,stable,stable,dominant_stable,dominant_stable,0.2400,-0.2000,-0.0400,persisted
rr_interval_4002_first_50000_001,25,50,20976,21000,20951,21000,1.0000,stable,stable,dominant_stable,dominant_stable,0.0800,0.0400,-0.1200,persisted
rr_interval_4002_first_50000_001,25,50,21001,21025,21001,21050,1.0000,stable,stable,mixed,dominant_stable,0.3800,-0.3000,-0.0800,persisted
rr_interval_4002_first_50000_001,25,50,21026,21050,21001,21050,1.0000,stable,stable,dominant_stable,dominant_stable,-0.1000,0.0600,0.0400,persisted
rr_interval_4002_first_50000_001,25,50,21051,21075,21051,21100,1.0000,stable,stable,dominant_stable,dominant_stable,0.2000,-0.1800,-0.0200,persisted
rr_interval_4002_first_50000_001,25,50,21076,21100,21051,21100,1.0000,stable,stable,dominant_stable,dominant_stable,-0.1200,0.1000,0.0200,persisted
rr_interval_4002_first_50000_001,25,50,21101,21125,21101,21150,1.0000,stable,stable,dominant_stable,dominant_stable,0.2000,-0.2000,0.0000,persisted
rr_interval_4002_first_50000_001,25,50,21126,21150,21101,21150,1.0000,stable,stable,dominant_stable,dominant_stable,-0.0800,0.0800,0.0000,persisted
rr_interval_4002_first_50000_001,25,50,21151,21175,21151,21200,1.0000,stable,stable,dominant_stable,dominant_stable,0.1000,-0.1000,0.0000,persisted
rr_interval_4002_first_50000_001,25,50,21176,21200,21151,21200,1.0000,stable,stable,dominant_stable,dominant_stable,-0.0600,0.1000,-0.0400,persisted
rr_interval_4002_first_50000_001,25,50,21201,21225,21201,21250,1.0000,stable,stable,dominant_stable,dominant_stable,0.0000,0.0000,0.0000,persisted
rr_interval_4002_first_50000_001,25,50,21226,21250,21201,21250,1.0000,stable,stable,dominant_stable,dominant_stable,0.1200,-0.1200,0.0000,persisted
rr_interval_4002_first_50000_001,25,50,21251,21275,21251,21300,1.0000,stable,stable,dominant_stable,dominant_stable,0.0000,0.0000,0.0000,persisted
rr_interval_4002_first_50000_001,25,50,21276,21300,21251,21300,1.0000,stable,stable,dominant_stable,dominant_stable,0.0000,0.0000,0.0000,persisted
rr_interval_4002_first_50000_001,25,50,21301,21325,21301,21350,1.0000,stable,stable,dominant_stable,dominant_stable,0.0800,-0.0800,0.0000,persisted
rr_interval_4002_first_50000_001,25,50,21326,21350,21301,21350,1.0000,stable,stable,dominant_stable,dominant_stable,0.0000,0.0000,0.0000,persisted
rr_interval_4002_first_50000_001,25,50,21351,21375,21351,21400,1.0000,stable,stable,dominant_stable,dominant_stable,0.0000,0.0000,0.0000,persisted
rr_interval_4002_first_50000_001,25,50,21376,21400,21351,21400,1.0000,stable,stable,dominant_stable,dominant_stable,0.0000,0.0000,0.0000,persisted
rr_interval_4002_first_50000_001,25,50,21401,21425,21401,21450,1.0000,stable,stable,dominant_stable,dominant_stable,0.0000,0.0000,0.0000,persisted
rr_interval_4002_first_50000_001,25,50,21426,21450,21401,21450,1.0000,stable,stable,dominant_stable,dominant_stable,0.0000,0.0000,0.0000,persisted
rr_interval_4002_first_50000_001,25,50,21451,21475,21451,21500,1.0000,stable,stable,dominant_stable,dominant_stable,-0.0200,0.0000,0.0200,persisted
rr_interval_4002_first_50000_001,25,50,21476,21500,21451,21500,1.0000,stable,stable,dominant_stable,dominant_stable,0.0200,0.0000,-0.0200,persisted
rr_interval_4002_first_50000_001,25,50,21501,21525,21501,21550,1.0000,stable,stable,dominant_stable,dominant_stable,-0.0200,0.0000,0.0200,persisted
rr_interval_4002_first_50000_001,25,50,21526,21550,21501,21550,1.0000,stable,stable,dominant_stable,dominant_stable,0.1000,-0.0800,-0.0200,persisted
rr_interval_4002_first_50000_001,25,50,21551,21575,21551,21600,1.0000,stable,stable,dominant_stable,dominant_stable,0.3200,-0.3200,0.0000,persisted
rr_interval_4002_first_50000_001,25,50,21576,21600,21551,21600,1.0000,stable,stable,dominant_stable,dominant_stable,0.1200,-0.1200,0.0000,persisted
rr_interval_4002_first_50000_001,25,50,21601,21625,21601,21650,1.0000,stable,stable,dominant_stable,dominant_stable,0.0600,-0.0400,-0.0200,persisted
rr_interval_4002_first_50000_001,25,50,21626,21650,21601,21650,1.0000,stable,stable,dominant_stable,dominant_stable,-0.0600,0.0400,0.0200,persisted
rr_interval_4002_first_50000_001,25,50,21651,21675,21651,21700,1.0000,stable,stable,dominant_stable,dominant_stable,0.0800,-0.0800,0.0000,persisted
rr_interval_4002_first_50000_001,25,50,21676,21700,21651,21700,1.0000,stable,stable,dominant_stable,dominant_stable,0.0800,-0.0800,0.0000,persisted
rr_interval_4002_first_50000_001,25,50,21701,21725,21701,21750,1.0000,stable,stable,dominant_stable,dominant_stable,0.0800,-0.0800,0.0000,persisted
rr_interval_4002_first_50000_001,25,50,21726,21750,21701,21750,1.0000,stable,stable,dominant_stable,dominant_stable,0.1200,0.0000,-0.1200,persisted
rr_interval_4002_first_50000_001,25,50,21751,21775,21751,21800,1.0000,stable,stable,dominant_stable,dominant_stable,0.2400,-0.2000,-0.0400,persisted
rr_interval_4002_first_50000_001,25,50,21776,21800,21751,21800,1.0000,stable,stable,dominant_stable,dominant_stable,0.0400,0.0400,-0.0800,persisted
rr_interval_4002_first_50000_001,25,50,21801,21825,21801,21850,1.0000,stable,stable,dominant_stable,dominant_stable,0.0600,-0.0200,-0.0400,persisted
rr_interval_4002_first_50000_001,25,50,21826,21850,21801,21850,1.0000,stable,stable,dominant_stable,dominant_stable,0.2200,-0.1800,-0.0400,persisted
rr_interval_4002_first_50000_001,25,50,21851,21875,21851,21900,1.0000,stable,stable,mixed,dominant_stable,0.4200,-0.4200,0.0000,persisted
rr_interval_4002_first_50000_001,25,50,21876,21900,21851,21900,1.0000,stable,stable,dominant_stable,dominant_stable,0.1000,-0.1000,0.0000,persisted
rr_interval_4002_first_50000_001,25,50,21901,21925,21901,21950,1.0000,stable,stable,dominant_stable,dominant_stable,0.0200,-0.0400,0.0200,persisted
rr_interval_4002_first_50000_001,25,50,21926,21950,21901,21950,1.0000,stable,stable,dominant_stable,dominant_stable,0.0200,0.0400,-0.0600,persisted
rr_interval_4002_first_50000_001,25,50,21951,21975,21951,22000,1.0000,stable,stable,mixed,dominant_stable,0.4000,-0.3600,-0.0400,persisted
rr_interval_4002_first_50000_001,25,50,21976,22000,21951,22000,1.0000,stable,stable,dominant_stable,dominant_stable,0.0800,-0.0400,-0.0400,persisted
rr_interval_4002_first_50000_001,25,50,22001,22025,22001,22050,1.0000,stable,stable,dominant_stable,dominant_stable,0.0600,-0.0200,-0.0400,persisted
rr_interval_4002_first_50000_001,25,50,22026,22050,22001,22050,1.0000,stable,stable,dominant_stable,dominant_stable,0.2200,-0.1800,-0.0400,persisted
rr_interval_4002_first_50000_001,25,50,22051,22075,22051,22100,1.0000,stable,stable,dominant_stable,dominant_stable,0.0600,0.0000,-0.0600,persisted
rr_interval_4002_first_50000_001,25,50,22076,22100,22051,22100,1.0000,stable,stable,mixed,dominant_stable,0.3000,-0.2800,-0.0200,persisted
rr_interval_4002_first_50000_001,25,50,22101,22125,22101,22150,1.0000,stable,stable,dominant_stable,dominant_stable,0.1800,-0.1800,0.0000,persisted
rr_interval_4002_first_50000_001,25,50,22126,22150,22101,22150,1.0000,stable,stable,mixed,dominant_stable,0.3000,-0.2200,-0.0800,persisted
rr_interval_4002_first_50000_001,25,50,22151,22175,22151,22200,1.0000,stable,stable,dominant_stable,dominant_stable,0.0200,-0.0200,0.0000,persisted
rr_interval_4002_first_50000_001,25,50,22176,22200,22151,22200,1.0000,stable,stable,dominant_stable,dominant_stable,0.0200,0.0200,-0.0400,persisted
rr_interval_4002_first_50000_001,25,50,22201,22225,22201,22250,1.0000,stable,stable,dominant_stable,dominant_stable,0.0200,0.0000,-0.0200,persisted
rr_interval_4002_first_50000_001,25,50,22226,22250,22201,22250,1.0000,stable,stable,dominant_stable,dominant_stable,0.2200,-0.2000,-0.0200,persisted
rr_interval_4002_first_50000_001,25,50,22251,22275,22251,22300,1.0000,stable,stable,dominant_stable,dominant_stable,-0.0600,0.0600,0.0000,persisted
rr_interval_4002_first_50000_001,25,50,22276,22300,22251,22300,1.0000,stable,stable,dominant_stable,dominant_stable,0.1400,-0.1400,0.0000,persisted
rr_interval_4002_first_50000_001,25,50,22301,22325,22301,22350,1.0000,stable,stable,dominant_stable,dominant_stable,0.0000,0.0000,0.0000,persisted
rr_interval_4002_first_50000_001,25,50,22326,22350,22301,22350,1.0000,stable,stable,dominant_stable,dominant_stable,0.2000,-0.2000,0.0000,persisted
rr_interval_4002_first_50000_001,25,50,22351,22375,22351,22400,1.0000,stable,stable,dominant_stable,dominant_stable,0.1800,-0.2000,0.0200,persisted
rr_interval_4002_first_50000_001,25,50,22376,22400,22351,22400,1.0000,stable,stable,dominant_stable,dominant_stable,0.2600,-0.2400,-0.0200,persisted
rr_interval_4002_first_50000_001,25,50,22401,22425,22401,22450,1.0000,stable,stable,dominant_stable,dominant_stable,0.1600,-0.1600,0.0000,persisted
rr_interval_4002_first_50000_001,25,50,22426,22450,22401,22450,1.0000,stable,stable,dominant_stable,dominant_stable,-0.0400,0.0800,-0.0400,persisted
rr_interval_4002_first_50000_001,25,50,22451,22475,22451,22500,1.0000,stable,stable,dominant_stable,dominant_stable,0.0400,0.0000,-0.0400,persisted
rr_interval_4002_first_50000_001,25,50,22476,22500,22451,22500,1.0000,stable,stable,dominant_stable,dominant_stable,0.0400,0.0000,-0.0400,persisted
rr_interval_4002_first_50000_001,25,50,22501,22525,22501,22550,1.0000,stable,stable,dominant_stable,dominant_stable,0.1800,-0.1800,0.0000,persisted
rr_interval_4002_first_50000_001,25,50,22526,22550,22501,22550,1.0000,stable,stable,dominant_stable,dominant_stable,0.1800,-0.1800,0.0000,persisted
rr_interval_4002_first_50000_001,25,50,22551,22575,22551,22600,1.0000,stable,stable,dominant_stable,dominant_stable,0.2600,-0.2000,-0.0600,persisted
rr_interval_4002_first_50000_001,25,50,22576,22600,22551,22600,1.0000,stable,stable,dominant_stable,dominant_stable,-0.0200,0.0400,-0.0200,persisted
rr_interval_4002_first_50000_001,25,50,22601,22625,22601,22650,1.0000,stable,stable,dominant_stable,dominant_stable,0.0600,0.0000,-0.0600,persisted
rr_interval_4002_first_50000_001,25,50,22626,22650,22601,22650,1.0000,stable,stable,dominant_stable,dominant_stable,-0.0600,0.0800,-0.0200,persisted
rr_interval_4002_first_50000_001,25,50,22651,22675,22651,22700,1.0000,stable,stable,dominant_stable,dominant_stable,0.2000,-0.1200,-0.0800,persisted
rr_interval_4002_first_50000_001,25,50,22676,22700,22651,22700,1.0000,stable,stable,dominant_stable,dominant_stable,0.2400,-0.2000,-0.0400,persisted
rr_interval_4002_first_50000_001,25,50,22701,22725,22701,22750,1.0000,stable,stable,dominant_stable,dominant_stable,0.2000,-0.1600,-0.0400,persisted
rr_interval_4002_first_50000_001,25,50,22726,22750,22701,22750,1.0000,stable,stable,dominant_stable,dominant_stable,0.2000,-0.2000,0.0000,persisted
rr_interval_4002_first_50000_001,25,50,22751,22775,22751,22800,1.0000,stable,stable,dominant_stable,dominant_stable,0.2400,-0.2000,-0.0400,persisted
rr_interval_4002_first_50000_001,25,50,22776,22800,22751,22800,1.0000,stable,stable,dominant_stable,dominant_stable,0.2400,-0.2400,0.0000,persisted
rr_interval_4002_first_50000_001,25,50,22801,22825,22801,22850,1.0000,stable,stable,dominant_stable,dominant_stable,0.0200,0.0000,-0.0200,persisted
rr_interval_4002_first_50000_001,25,50,22826,22850,22801,22850,1.0000,stable,stable,dominant_stable,dominant_stable,0.0600,-0.0800,0.0200,persisted
rr_interval_4002_first_50000_001,25,50,22851,22875,22851,22900,1.0000,stable,stable,dominant_stable,dominant_stable,0.1800,-0.1400,-0.0400,persisted
rr_interval_4002_first_50000_001,25,50,22876,22900,22851,22900,1.0000,stable,stable,dominant_stable,dominant_stable,0.1400,-0.1000,-0.0400,persisted
rr_interval_4002_first_50000_001,25,50,22901,22925,22901,22950,1.0000,stable,stable,dominant_stable,dominant_stable,0.0400,-0.0200,-0.0200,persisted
rr_interval_4002_first_50000_001,25,50,22926,22950,22901,22950,1.0000,stable,stable,dominant_stable,dominant_stable,-0.0400,0.0600,-0.0200,persisted
rr_interval_4002_first_50000_001,25,50,22951,22975,22951,23000,1.0000,stable,stable,dominant_stable,dominant_stable,0.0000,0.0000,0.0000,persisted
rr_interval_4002_first_50000_001,25,50,22976,23000,22951,23000,1.0000,stable,stable,dominant_stable,dominant_stable,0.0000,0.0000,0.0000,persisted
rr_interval_4002_first_50000_001,25,50,23001,23025,23001,23050,1.0000,stable,stable,dominant_stable,dominant_stable,0.0400,0.0000,-0.0400,persisted
rr_interval_4002_first_50000_001,25,50,23026,23050,23001,23050,1.0000,stable,stable,dominant_stable,dominant_stable,-0.0400,0.0000,0.0400,persisted
rr_interval_4002_first_50000_001,25,50,23051,23075,23051,23100,1.0000,middle,stable,mixed,dominant_stable,0.5400,-0.5200,-0.0200,smoothed
rr_interval_4002_first_50000_001,25,50,23076,23100,23051,23100,1.0000,stable,stable,dominant_stable,dominant_stable,0.1400,-0.0800,-0.0600,persisted
rr_interval_4002_first_50000_001,25,50,23101,23125,23101,23150,1.0000,stable,stable,dominant_stable,dominant_stable,0.0800,-0.0800,0.0000,persisted
rr_interval_4002_first_50000_001,25,50,23126,23150,23101,23150,1.0000,stable,stable,dominant_stable,dominant_stable,0.1200,-0.1200,0.0000,persisted
rr_interval_4002_first_50000_001,25,50,23151,23175,23151,23200,1.0000,stable,stable,dominant_stable,dominant_stable,0.2000,-0.2000,0.0000,persisted
rr_interval_4002_first_50000_001,25,50,23176,23200,23151,23200,1.0000,stable,stable,dominant_stable,dominant_stable,0.1200,-0.1200,0.0000,persisted
rr_interval_4002_first_50000_001,25,50,23201,23225,23201,23250,1.0000,stable,stable,dominant_stable,dominant_stable,0.0400,-0.0200,-0.0200,persisted
rr_interval_4002_first_50000_001,25,50,23226,23250,23201,23250,1.0000,stable,stable,dominant_stable,dominant_stable,0.2400,-0.2200,-0.0200,persisted
rr_interval_4002_first_50000_001,25,50,23251,23275,23251,23300,1.0000,stable,stable,dominant_stable,dominant_stable,0.2200,-0.2000,-0.0200,persisted
rr_interval_4002_first_50000_001,25,50,23276,23300,23251,23300,1.0000,stable,stable,dominant_stable,dominant_stable,0.1800,-0.2000,0.0200,persisted
rr_interval_4002_first_50000_001,25,50,23301,23325,23301,23350,1.0000,stable,stable,dominant_stable,dominant_stable,0.0800,-0.0800,0.0000,persisted
rr_interval_4002_first_50000_001,25,50,23326,23350,23301,23350,1.0000,stable,stable,dominant_stable,dominant_stable,0.2000,-0.1600,-0.0400,persisted
rr_interval_4002_first_50000_001,25,50,23351,23375,23351,23400,1.0000,stable,stable,dominant_stable,dominant_stable,0.0400,0.0000,-0.0400,persisted
rr_interval_4002_first_50000_001,25,50,23376,23400,23351,23400,1.0000,stable,stable,dominant_stable,dominant_stable,0.0400,0.0000,-0.0400,persisted
rr_interval_4002_first_50000_001,25,50,23401,23425,23401,23450,1.0000,stable,stable,dominant_stable,dominant_stable,0.0800,0.0200,-0.1000,persisted
rr_interval_4002_first_50000_001,25,50,23426,23450,23401,23450,1.0000,stable,stable,dominant_stable,dominant_stable,0.0800,-0.1000,0.0200,persisted
rr_interval_4002_first_50000_001,25,50,23451,23475,23451,23500,1.0000,stable,stable,mixed,dominant_stable,0.4000,-0.3200,-0.0800,persisted
rr_interval_4002_first_50000_001,25,50,23476,23500,23451,23500,1.0000,stable,stable,dominant_stable,dominant_stable,0.0400,-0.0400,0.0000,persisted
rr_interval_4002_first_50000_001,25,50,23501,23525,23501,23550,1.0000,stable,stable,dominant_stable,dominant_stable,0.0400,0.0000,-0.0400,persisted
rr_interval_4002_first_50000_001,25,50,23526,23550,23501,23550,1.0000,stable,stable,dominant_stable,dominant_stable,0.0800,-0.0800,0.0000,persisted
rr_interval_4002_first_50000_001,25,50,23551,23575,23551,23600,1.0000,stable,stable,dominant_stable,dominant_stable,0.1000,-0.0600,-0.0400,persisted
rr_interval_4002_first_50000_001,25,50,23576,23600,23551,23600,1.0000,stable,stable,dominant_stable,dominant_stable,0.1400,-0.0600,-0.0800,persisted
rr_interval_4002_first_50000_001,25,50,23601,23625,23601,23650,1.0000,stable,stable,dominant_stable,dominant_stable,0.1400,-0.0200,-0.1200,persisted
rr_interval_4002_first_50000_001,25,50,23626,23650,23601,23650,1.0000,stable,stable,dominant_stable,dominant_stable,0.0200,0.0200,-0.0400,persisted
rr_interval_4002_first_50000_001,25,50,23651,23675,23651,23700,1.0000,stable,stable,mixed,dominant_stable,0.4200,-0.3600,-0.0600,persisted
rr_interval_4002_first_50000_001,25,50,23676,23700,23651,23700,1.0000,stable,stable,dominant_stable,dominant_stable,0.1800,-0.1200,-0.0600,persisted
rr_interval_4002_first_50000_001,25,50,23701,23725,23701,23750,1.0000,stable,stable,dominant_stable,dominant_stable,-0.0200,0.0200,0.0000,persisted
rr_interval_4002_first_50000_001,25,50,23726,23750,23701,23750,1.0000,stable,stable,dominant_stable,dominant_stable,0.0600,0.0200,-0.0800,persisted
rr_interval_4002_first_50000_001,25,50,23751,23775,23751,23800,1.0000,stable,stable,dominant_stable,dominant_stable,0.1600,-0.1800,0.0200,persisted
rr_interval_4002_first_50000_001,25,50,23776,23800,23751,23800,1.0000,stable,stable,dominant_stable,dominant_stable,0.1200,-0.0600,-0.0600,persisted
rr_interval_4002_first_50000_001,25,50,23801,23825,23801,23850,1.0000,stable,stable,dominant_stable,dominant_stable,0.1400,-0.1200,-0.0200,persisted
rr_interval_4002_first_50000_001,25,50,23826,23850,23801,23850,1.0000,stable,stable,dominant_stable,dominant_stable,0.0200,-0.0400,0.0200,persisted
rr_interval_4002_first_50000_001,25,50,23851,23875,23851,23900,1.0000,stable,stable,dominant_stable,dominant_stable,0.1000,-0.1200,0.0200,persisted
rr_interval_4002_first_50000_001,25,50,23876,23900,23851,23900,1.0000,stable,stable,dominant_stable,dominant_stable,0.2600,-0.2400,-0.0200,persisted
rr_interval_4002_first_50000_001,25,50,23901,23925,23901,23950,1.0000,stable,stable,dominant_stable,dominant_stable,-0.0600,0.0400,0.0200,persisted
rr_interval_4002_first_50000_001,25,50,23926,23950,23901,23950,1.0000,stable,stable,dominant_stable,dominant_stable,0.0600,-0.0400,-0.0200,persisted
rr_interval_4002_first_50000_001,25,50,23951,23975,23951,24000,1.0000,stable,stable,dominant_stable,dominant_stable,0.0000,0.0000,0.0000,persisted
rr_interval_4002_first_50000_001,25,50,23976,24000,23951,24000,1.0000,stable,stable,dominant_stable,dominant_stable,0.0000,0.0000,0.0000,persisted
rr_interval_4002_first_50000_001,25,50,24001,24025,24001,24050,1.0000,stable,stable,dominant_stable,dominant_stable,0.1600,-0.1600,0.0000,persisted
rr_interval_4002_first_50000_001,25,50,24026,24050,24001,24050,1.0000,stable,stable,dominant_stable,dominant_stable,0.0400,-0.0400,0.0000,persisted
rr_interval_4002_first_50000_001,25,50,24051,24075,24051,24100,1.0000,stable,stable,dominant_stable,dominant_stable,0.2600,-0.2000,-0.0600,persisted
rr_interval_4002_first_50000_001,25,50,24076,24100,24051,24100,1.0000,stable,stable,dominant_stable,dominant_stable,-0.1000,0.1200,-0.0200,persisted
rr_interval_4002_first_50000_001,25,50,24101,24125,24101,24150,1.0000,stable,stable,dominant_stable,dominant_stable,0.1600,-0.1000,-0.0600,persisted
rr_interval_4002_first_50000_001,25,50,24126,24150,24101,24150,1.0000,stable,stable,dominant_stable,dominant_stable,-0.1200,0.1000,0.0200,persisted
rr_interval_4002_first_50000_001,25,50,24151,24175,24151,24200,1.0000,stable,stable,dominant_stable,dominant_stable,-0.0200,0.0400,-0.0200,persisted
rr_interval_4002_first_50000_001,25,50,24176,24200,24151,24200,1.0000,stable,stable,dominant_stable,dominant_stable,0.1400,-0.1600,0.0200,persisted
rr_interval_4002_first_50000_001,25,50,24201,24225,24201,24250,1.0000,stable,stable,dominant_stable,dominant_stable,0.0200,0.0000,-0.0200,persisted
rr_interval_4002_first_50000_001,25,50,24226,24250,24201,24250,1.0000,stable,stable,dominant_stable,dominant_stable,-0.0200,0.0000,0.0200,persisted
rr_interval_4002_first_50000_001,25,50,24251,24275,24251,24300,1.0000,stable,stable,dominant_stable,dominant_stable,-0.0200,0.1000,-0.0800,persisted
rr_interval_4002_first_50000_001,25,50,24276,24300,24251,24300,1.0000,stable,stable,dominant_stable,dominant_stable,0.0200,0.0200,-0.0400,persisted
rr_interval_4002_first_50000_001,25,50,24301,24325,24301,24350,1.0000,stable,stable,dominant_stable,dominant_stable,0.0000,0.0400,-0.0400,persisted
rr_interval_4002_first_50000_001,25,50,24326,24350,24301,24350,1.0000,stable,stable,dominant_stable,dominant_stable,0.0000,0.0400,-0.0400,persisted
rr_interval_4002_first_50000_001,25,50,24351,24375,24351,24400,1.0000,stable,stable,dominant_stable,dominant_stable,-0.0400,0.0400,0.0000,persisted
rr_interval_4002_first_50000_001,25,50,24376,24400,24351,24400,1.0000,stable,stable,dominant_stable,dominant_stable,0.0800,-0.0400,-0.0400,persisted
rr_interval_4002_first_50000_001,25,50,24401,24425,24401,24450,1.0000,stable,stable,dominant_stable,dominant_stable,0.0600,-0.0200,-0.0400,persisted
rr_interval_4002_first_50000_001,25,50,24426,24450,24401,24450,1.0000,stable,stable,dominant_stable,dominant_stable,0.2600,-0.2600,0.0000,persisted
rr_interval_4002_first_50000_001,25,50,24451,24475,24451,24500,1.0000,stable,stable,dominant_stable,dominant_stable,-0.0400,0.0400,0.0000,persisted
rr_interval_4002_first_50000_001,25,50,24476,24500,24451,24500,1.0000,stable,stable,dominant_stable,dominant_stable,0.1600,-0.1200,-0.0400,persisted
rr_interval_4002_first_50000_001,25,50,24501,24525,24501,24550,1.0000,stable,stable,dominant_stable,dominant_stable,0.1600,-0.0800,-0.0800,persisted
rr_interval_4002_first_50000_001,25,50,24526,24550,24501,24550,1.0000,stable,stable,dominant_stable,dominant_stable,-0.0400,0.0400,0.0000,persisted
rr_interval_4002_first_50000_001,25,50,24551,24575,24551,24600,1.0000,stable,stable,dominant_stable,dominant_stable,-0.0200,0.0000,0.0200,persisted
rr_interval_4002_first_50000_001,25,50,24576,24600,24551,24600,1.0000,stable,stable,dominant_stable,dominant_stable,0.0200,0.0000,-0.0200,persisted
rr_interval_4002_first_50000_001,25,50,24601,24625,24601,24650,1.0000,stable,stable,dominant_stable,dominant_stable,0.0000,0.0000,0.0000,persisted
rr_interval_4002_first_50000_001,25,50,24626,24650,24601,24650,1.0000,stable,stable,dominant_stable,dominant_stable,0.0000,0.0000,0.0000,persisted
rr_interval_4002_first_50000_001,25,50,24651,24675,24651,24700,1.0000,stable,stable,dominant_stable,dominant_stable,0.0000,0.0400,-0.0400,persisted
rr_interval_4002_first_50000_001,25,50,24676,24700,24651,24700,1.0000,stable,stable,dominant_stable,dominant_stable,0.0000,0.0000,0.0000,persisted
rr_interval_4002_first_50000_001,25,50,24701,24725,24701,24750,1.0000,stable,stable,mixed,dominant_stable,0.3600,-0.3400,-0.0200,persisted
rr_interval_4002_first_50000_001,25,50,24726,24750,24701,24750,1.0000,stable,stable,dominant_stable,dominant_stable,0.0800,-0.0600,-0.0200,persisted
rr_interval_4002_first_50000_001,25,50,24751,24775,24751,24800,1.0000,stable,stable,dominant_stable,dominant_stable,0.2200,-0.2000,-0.0200,persisted
rr_interval_4002_first_50000_001,25,50,24776,24800,24751,24800,1.0000,stable,stable,dominant_stable,dominant_stable,-0.1000,0.0800,0.0200,persisted
rr_interval_4002_first_50000_001,25,50,24801,24825,24801,24850,1.0000,stable,stable,dominant_stable,dominant_stable,0.1400,-0.1200,-0.0200,persisted
rr_interval_4002_first_50000_001,25,50,24826,24850,24801,24850,1.0000,stable,stable,dominant_stable,dominant_stable,-0.0600,0.0400,0.0200,persisted
rr_interval_4002_first_50000_001,25,50,24851,24875,24851,24900,1.0000,stable,stable,dominant_stable,dominant_stable,-0.0400,0.0000,0.0400,persisted
rr_interval_4002_first_50000_001,25,50,24876,24900,24851,24900,1.0000,stable,stable,dominant_stable,dominant_stable,0.0400,0.0000,-0.0400,persisted
rr_interval_4002_first_50000_001,25,50,24901,24925,24901,24950,1.0000,stable,stable,dominant_stable,dominant_stable,0.2400,-0.2200,-0.0200,persisted
rr_interval_4002_first_50000_001,25,50,24926,24950,24901,24950,1.0000,stable,stable,dominant_stable,dominant_stable,-0.1200,0.1000,0.0200,persisted
rr_interval_4002_first_50000_001,25,50,24951,24975,24951,25000,1.0000,stable,stable,dominant_stable,dominant_stable,-0.0200,0.0000,0.0200,persisted
rr_interval_4002_first_50000_001,25,50,24976,25000,24951,25000,1.0000,stable,stable,dominant_stable,dominant_stable,0.0200,0.0000,-0.0200,persisted
rr_interval_4002_first_50000_001,25,50,25001,25025,25001,25050,1.0000,stable,stable,dominant_stable,dominant_stable,0.0200,0.0000,-0.0200,persisted
rr_interval_4002_first_50000_001,25,50,25026,25050,25001,25050,1.0000,stable,stable,dominant_stable,dominant_stable,-0.0200,0.0000,0.0200,persisted
rr_interval_4002_first_50000_001,25,50,25051,25075,25051,25100,1.0000,stable,stable,dominant_stable,dominant_stable,0.1200,-0.1200,0.0000,persisted
rr_interval_4002_first_50000_001,25,50,25076,25100,25051,25100,1.0000,stable,stable,dominant_stable,dominant_stable,0.0000,0.0000,0.0000,persisted
rr_interval_4002_first_50000_001,25,50,25101,25125,25101,25150,1.0000,stable,stable,dominant_stable,dominant_stable,0.0200,0.0000,-0.0200,persisted
rr_interval_4002_first_50000_001,25,50,25126,25150,25101,25150,1.0000,stable,stable,dominant_stable,dominant_stable,-0.0200,0.0000,0.0200,persisted
rr_interval_4002_first_50000_001,25,50,25151,25175,25151,25200,1.0000,stable,stable,dominant_stable,dominant_stable,0.0000,0.0000,0.0000,persisted
rr_interval_4002_first_50000_001,25,50,25176,25200,25151,25200,1.0000,stable,stable,dominant_stable,dominant_stable,0.0000,0.0000,0.0000,persisted
rr_interval_4002_first_50000_001,25,50,25201,25225,25201,25250,1.0000,stable,stable,dominant_stable,dominant_stable,0.1000,-0.0800,-0.0200,persisted
rr_interval_4002_first_50000_001,25,50,25226,25250,25201,25250,1.0000,stable,stable,dominant_stable,dominant_stable,0.1000,-0.1200,0.0200,persisted
rr_interval_4002_first_50000_001,25,50,25251,25275,25251,25300,1.0000,stable,stable,dominant_stable,dominant_stable,0.0200,0.0000,-0.0200,persisted
rr_interval_4002_first_50000_001,25,50,25276,25300,25251,25300,1.0000,stable,stable,dominant_stable,dominant_stable,-0.0200,0.0000,0.0200,persisted
rr_interval_4002_first_50000_001,25,50,25301,25325,25301,25350,1.0000,stable,stable,dominant_stable,dominant_stable,0.0000,0.0000,0.0000,persisted
rr_interval_4002_first_50000_001,25,50,25326,25350,25301,25350,1.0000,stable,stable,dominant_stable,dominant_stable,0.0000,0.0000,0.0000,persisted
rr_interval_4002_first_50000_001,25,50,25351,25375,25351,25400,1.0000,stable,stable,dominant_stable,dominant_stable,0.0000,0.0000,0.0000,persisted
rr_interval_4002_first_50000_001,25,50,25376,25400,25351,25400,1.0000,stable,stable,dominant_stable,dominant_stable,0.0000,0.0000,0.0000,persisted
rr_interval_4002_first_50000_001,25,50,25401,25425,25401,25450,1.0000,stable,stable,dominant_stable,dominant_stable,0.0000,0.0000,0.0000,persisted
rr_interval_4002_first_50000_001,25,50,25426,25450,25401,25450,1.0000,stable,stable,dominant_stable,dominant_stable,0.0000,0.0000,0.0000,persisted
rr_interval_4002_first_50000_001,25,50,25451,25475,25451,25500,1.0000,stable,stable,dominant_stable,dominant_stable,0.1200,-0.1200,0.0000,persisted
rr_interval_4002_first_50000_001,25,50,25476,25500,25451,25500,1.0000,stable,stable,dominant_stable,dominant_stable,0.0000,0.0000,0.0000,persisted
rr_interval_4002_first_50000_001,25,50,25501,25525,25501,25550,1.0000,stable,stable,dominant_stable,dominant_stable,-0.0600,0.0400,0.0200,persisted
rr_interval_4002_first_50000_001,25,50,25526,25550,25501,25550,1.0000,stable,stable,dominant_stable,dominant_stable,0.1800,-0.1600,-0.0200,persisted
rr_interval_4002_first_50000_001,25,50,25551,25575,25551,25600,1.0000,stable,stable,dominant_stable,dominant_stable,0.1000,-0.0800,-0.0200,persisted
rr_interval_4002_first_50000_001,25,50,25576,25600,25551,25600,1.0000,stable,stable,dominant_stable,dominant_stable,-0.0200,0.0000,0.0200,persisted
rr_interval_4002_first_50000_001,25,50,25601,25625,25601,25650,1.0000,stable,stable,dominant_stable,dominant_stable,0.0000,0.0000,0.0000,persisted
rr_interval_4002_first_50000_001,25,50,25626,25650,25601,25650,1.0000,stable,stable,dominant_stable,dominant_stable,0.0000,0.0000,0.0000,persisted
rr_interval_4002_first_50000_001,25,50,25651,25675,25651,25700,1.0000,stable,stable,dominant_stable,dominant_stable,0.0000,0.0000,0.0000,persisted
rr_interval_4002_first_50000_001,25,50,25676,25700,25651,25700,1.0000,stable,stable,dominant_stable,dominant_stable,0.0000,0.0000,0.0000,persisted
rr_interval_4002_first_50000_001,25,50,25701,25725,25701,25750,1.0000,stable,stable,dominant_stable,dominant_stable,0.0000,0.0000,0.0000,persisted
rr_interval_4002_first_50000_001,25,50,25726,25750,25701,25750,1.0000,stable,stable,dominant_stable,dominant_stable,0.0000,0.0000,0.0000,persisted
rr_interval_4002_first_50000_001,25,50,25751,25775,25751,25800,1.0000,stable,stable,dominant_stable,dominant_stable,-0.0400,0.0400,0.0000,persisted
rr_interval_4002_first_50000_001,25,50,25776,25800,25751,25800,1.0000,stable,stable,dominant_stable,dominant_stable,0.0400,-0.0400,0.0000,persisted
rr_interval_4002_first_50000_001,25,50,25801,25825,25801,25850,1.0000,stable,stable,dominant_stable,dominant_stable,0.0000,0.0000,0.0000,persisted
rr_interval_4002_first_50000_001,25,50,25826,25850,25801,25850,1.0000,stable,stable,dominant_stable,dominant_stable,0.0000,0.0000,0.0000,persisted
rr_interval_4002_first_50000_001,25,50,25851,25875,25851,25900,1.0000,stable,stable,dominant_stable,dominant_stable,0.1800,-0.1600,-0.0200,persisted
rr_interval_4002_first_50000_001,25,50,25876,25900,25851,25900,1.0000,stable,stable,dominant_stable,dominant_stable,0.0600,-0.0800,0.0200,persisted
rr_interval_4002_first_50000_001,25,50,25901,25925,25901,25950,1.0000,stable,stable,dominant_stable,dominant_stable,0.0000,0.0000,0.0000,persisted
rr_interval_4002_first_50000_001,25,50,25926,25950,25901,25950,1.0000,stable,stable,dominant_stable,dominant_stable,0.0000,0.0000,0.0000,persisted
rr_interval_4002_first_50000_001,25,50,25951,25975,25951,26000,1.0000,stable,stable,dominant_stable,dominant_stable,0.0000,0.0000,0.0000,persisted
rr_interval_4002_first_50000_001,25,50,25976,26000,25951,26000,1.0000,stable,stable,dominant_stable,dominant_stable,0.0000,0.0000,0.0000,persisted
rr_interval_4002_first_50000_001,25,50,26001,26025,26001,26050,1.0000,stable,stable,dominant_stable,dominant_stable,0.0000,0.0000,0.0000,persisted
rr_interval_4002_first_50000_001,25,50,26026,26050,26001,26050,1.0000,stable,stable,dominant_stable,dominant_stable,0.0000,0.0000,0.0000,persisted
rr_interval_4002_first_50000_001,25,50,26051,26075,26051,26100,1.0000,stable,stable,dominant_stable,dominant_stable,0.0000,0.0000,0.0000,persisted
rr_interval_4002_first_50000_001,25,50,26076,26100,26051,26100,1.0000,stable,stable,dominant_stable,dominant_stable,0.0800,-0.0800,0.0000,persisted
rr_interval_4002_first_50000_001,25,50,26101,26125,26101,26150,1.0000,stable,stable,dominant_stable,dominant_stable,0.0800,0.0000,-0.0800,persisted
rr_interval_4002_first_50000_001,25,50,26126,26150,26101,26150,1.0000,stable,stable,dominant_stable,dominant_stable,-0.0800,0.0000,0.0800,persisted
rr_interval_4002_first_50000_001,25,50,26151,26175,26151,26200,1.0000,stable,stable,dominant_stable,dominant_stable,0.1200,-0.1200,0.0000,persisted
rr_interval_4002_first_50000_001,25,50,26176,26200,26151,26200,1.0000,stable,stable,dominant_stable,dominant_stable,0.0000,0.0000,0.0000,persisted
rr_interval_4002_first_50000_001,25,50,26201,26225,26201,26250,1.0000,stable,stable,dominant_stable,dominant_stable,0.0000,0.0000,0.0000,persisted
rr_interval_4002_first_50000_001,25,50,26226,26250,26201,26250,1.0000,stable,stable,dominant_stable,dominant_stable,0.0000,0.0000,0.0000,persisted
rr_interval_4002_first_50000_001,25,50,26251,26275,26251,26300,1.0000,stable,stable,dominant_stable,dominant_stable,0.0000,0.0000,0.0000,persisted
rr_interval_4002_first_50000_001,25,50,26276,26300,26251,26300,1.0000,stable,stable,dominant_stable,dominant_stable,0.1600,-0.1600,0.0000,persisted
rr_interval_4002_first_50000_001,25,50,26301,26325,26301,26350,1.0000,stable,stable,dominant_stable,dominant_stable,0.1800,-0.1800,0.0000,persisted
rr_interval_4002_first_50000_001,25,50,26326,26350,26301,26350,1.0000,stable,stable,dominant_stable,dominant_stable,0.0200,0.0600,-0.0800,persisted
rr_interval_4002_first_50000_001,25,50,26351,26375,26351,26400,1.0000,stable,stable,dominant_stable,dominant_stable,0.2400,-0.2400,0.0000,persisted
rr_interval_4002_first_50000_001,25,50,26376,26400,26351,26400,1.0000,stable,stable,dominant_stable,dominant_stable,0.2400,-0.2400,0.0000,persisted
rr_interval_4002_first_50000_001,25,50,26401,26425,26401,26450,1.0000,stable,stable,dominant_stable,dominant_stable,-0.1600,0.1600,0.0000,persisted
rr_interval_4002_first_50000_001,25,50,26426,26450,26401,26450,1.0000,stable,stable,dominant_stable,dominant_stable,0.2400,-0.2400,0.0000,persisted
rr_interval_4002_first_50000_001,25,50,26451,26475,26451,26500,1.0000,stable,stable,dominant_stable,dominant_stable,0.1600,-0.2000,0.0400,persisted
rr_interval_4002_first_50000_001,25,50,26476,26500,26451,26500,1.0000,stable,stable,dominant_stable,dominant_stable,0.2400,-0.2000,-0.0400,persisted
rr_interval_4002_first_50000_001,25,50,26501,26525,26501,26550,1.0000,stable,stable,dominant_stable,dominant_stable,0.2800,-0.1600,-0.1200,persisted
rr_interval_4002_first_50000_001,25,50,26526,26550,26501,26550,1.0000,stable,stable,dominant_stable,dominant_stable,0.2800,-0.2400,-0.0400,persisted
rr_interval_4002_first_50000_001,25,50,26551,26575,26551,26600,1.0000,stable,stable,dominant_stable,dominant_stable,0.0600,-0.0200,-0.0400,persisted
rr_interval_4002_first_50000_001,25,50,26576,26600,26551,26600,1.0000,stable,stable,dominant_stable,dominant_stable,0.1000,-0.1000,0.0000,persisted
rr_interval_4002_first_50000_001,25,50,26601,26625,26601,26650,1.0000,stable,stable,dominant_stable,dominant_stable,0.3000,-0.2800,-0.0200,persisted
rr_interval_4002_first_50000_001,25,50,26626,26650,26601,26650,1.0000,stable,stable,dominant_stable,dominant_stable,0.1800,-0.2000,0.0200,persisted
rr_interval_4002_first_50000_001,25,50,26651,26675,26651,26700,1.0000,stable,stable,dominant_stable,dominant_stable,0.0600,-0.0400,-0.0200,persisted
rr_interval_4002_first_50000_001,25,50,26676,26700,26651,26700,1.0000,stable,stable,dominant_stable,dominant_stable,-0.0600,0.1200,-0.0600,persisted
rr_interval_4002_first_50000_001,25,50,26701,26725,26701,26750,1.0000,stable,stable,dominant_stable,dominant_stable,0.0800,-0.0800,0.0000,persisted
rr_interval_4002_first_50000_001,25,50,26726,26750,26701,26750,1.0000,stable,stable,dominant_stable,dominant_stable,0.0000,0.0000,0.0000,persisted
rr_interval_4002_first_50000_001,25,50,26751,26775,26751,26800,1.0000,stable,stable,dominant_stable,dominant_stable,-0.0600,0.0600,0.0000,persisted
rr_interval_4002_first_50000_001,25,50,26776,26800,26751,26800,1.0000,stable,stable,dominant_stable,dominant_stable,0.0600,-0.0600,0.0000,persisted
rr_interval_4002_first_50000_001,25,50,26801,26825,26801,26850,1.0000,stable,stable,dominant_stable,dominant_stable,0.0000,0.0400,-0.0400,persisted
rr_interval_4002_first_50000_001,25,50,26826,26850,26801,26850,1.0000,stable,stable,mixed,dominant_stable,0.2800,-0.2000,-0.0800,persisted
rr_interval_4002_first_50000_001,25,50,26851,26875,26851,26900,1.0000,stable,stable,dominant_stable,dominant_stable,0.0600,-0.0600,0.0000,persisted
rr_interval_4002_first_50000_001,25,50,26876,26900,26851,26900,1.0000,stable,stable,dominant_stable,dominant_stable,-0.0600,0.1000,-0.0400,persisted
rr_interval_4002_first_50000_001,25,50,26901,26925,26901,26950,1.0000,stable,stable,dominant_stable,dominant_stable,0.0600,0.0000,-0.0600,persisted
rr_interval_4002_first_50000_001,25,50,26926,26950,26901,26950,1.0000,stable,stable,dominant_stable,dominant_stable,0.0200,0.0000,-0.0200,persisted
rr_interval_4002_first_50000_001,25,50,26951,26975,26951,27000,1.0000,stable,stable,dominant_stable,dominant_stable,0.0400,0.0000,-0.0400,persisted
rr_interval_4002_first_50000_001,25,50,26976,27000,26951,27000,1.0000,stable,stable,dominant_stable,dominant_stable,0.2400,-0.2400,0.0000,persisted
rr_interval_4002_first_50000_001,25,50,27001,27025,27001,27050,1.0000,stable,stable,dominant_stable,dominant_stable,0.1400,-0.1200,-0.0200,persisted
rr_interval_4002_first_50000_001,25,50,27026,27050,27001,27050,1.0000,stable,stable,dominant_stable,dominant_stable,0.0600,-0.0800,0.0200,persisted
rr_interval_4002_first_50000_001,25,50,27051,27075,27051,27100,1.0000,stable,stable,dominant_stable,dominant_stable,0.0600,-0.0200,-0.0400,persisted
rr_interval_4002_first_50000_001,25,50,27076,27100,27051,27100,1.0000,stable,stable,dominant_stable,dominant_stable,0.2200,-0.1800,-0.0400,persisted
rr_interval_4002_first_50000_001,25,50,27101,27125,27101,27150,1.0000,stable,stable,dominant_stable,dominant_stable,0.0400,0.0000,-0.0400,persisted
rr_interval_4002_first_50000_001,25,50,27126,27150,27101,27150,1.0000,stable,stable,dominant_stable,dominant_stable,0.1600,-0.0800,-0.0800,persisted
rr_interval_4002_first_50000_001,25,50,27151,27175,27151,27200,1.0000,stable,stable,dominant_stable,dominant_stable,0.2000,-0.1200,-0.0800,persisted
rr_interval_4002_first_50000_001,25,50,27176,27200,27151,27200,1.0000,stable,stable,dominant_stable,dominant_stable,0.2000,-0.2000,0.0000,persisted
rr_interval_4002_first_50000_001,25,50,27201,27225,27201,27250,1.0000,stable,stable,dominant_stable,dominant_stable,0.0600,-0.0600,0.0000,persisted
rr_interval_4002_first_50000_001,25,50,27226,27250,27201,27250,1.0000,stable,stable,dominant_stable,dominant_stable,-0.0600,0.1000,-0.0400,persisted
rr_interval_4002_first_50000_001,25,50,27251,27275,27251,27300,1.0000,stable,stable,dominant_stable,dominant_stable,0.1000,-0.1000,0.0000,persisted
rr_interval_4002_first_50000_001,25,50,27276,27300,27251,27300,1.0000,stable,stable,dominant_stable,dominant_stable,-0.1000,0.1000,0.0000,persisted
rr_interval_4002_first_50000_001,25,50,27301,27325,27301,27350,1.0000,stable,stable,dominant_stable,dominant_stable,0.0200,0.0000,-0.0200,persisted
rr_interval_4002_first_50000_001,25,50,27326,27350,27301,27350,1.0000,stable,stable,dominant_stable,dominant_stable,-0.0200,0.0000,0.0200,persisted
rr_interval_4002_first_50000_001,25,50,27351,27375,27351,27400,1.0000,stable,stable,dominant_stable,dominant_stable,-0.0800,0.1200,-0.0400,persisted
rr_interval_4002_first_50000_001,25,50,27376,27400,27351,27400,1.0000,stable,stable,dominant_stable,dominant_stable,0.2800,-0.2800,0.0000,persisted
rr_interval_4002_first_50000_001,25,50,27401,27425,27401,27450,1.0000,stable,stable,dominant_stable,dominant_stable,0.1200,-0.1200,0.0000,persisted
rr_interval_4002_first_50000_001,25,50,27426,27450,27401,27450,1.0000,stable,stable,dominant_stable,dominant_stable,0.0000,0.0000,0.0000,persisted
rr_interval_4002_first_50000_001,25,50,27451,27475,27451,27500,1.0000,stable,stable,dominant_stable,dominant_stable,0.0400,-0.0200,-0.0200,persisted
rr_interval_4002_first_50000_001,25,50,27476,27500,27451,27500,1.0000,stable,stable,dominant_stable,dominant_stable,-0.0400,0.0600,-0.0200,persisted
rr_interval_4002_first_50000_001,25,50,27501,27525,27501,27550,1.0000,stable,stable,dominant_stable,dominant_stable,0.0000,0.0600,-0.0600,persisted
rr_interval_4002_first_50000_001,25,50,27526,27550,27501,27550,1.0000,stable,stable,dominant_stable,dominant_stable,0.0000,-0.0200,0.0200,persisted
rr_interval_4002_first_50000_001,25,50,27551,27575,27551,27600,1.0000,stable,stable,dominant_stable,dominant_stable,0.1000,-0.0800,-0.0200,persisted
rr_interval_4002_first_50000_001,25,50,27576,27600,27551,27600,1.0000,stable,stable,dominant_stable,dominant_stable,-0.0200,0.0000,0.0200,persisted
rr_interval_4002_first_50000_001,25,50,27601,27625,27601,27650,1.0000,stable,stable,dominant_stable,dominant_stable,-0.0400,0.0000,0.0400,persisted
rr_interval_4002_first_50000_001,25,50,27626,27650,27601,27650,1.0000,stable,stable,dominant_stable,dominant_stable,0.1600,-0.1200,-0.0400,persisted
rr_interval_4002_first_50000_001,25,50,27651,27675,27651,27700,1.0000,stable,stable,dominant_stable,dominant_stable,0.0000,0.0000,0.0000,persisted
rr_interval_4002_first_50000_001,25,50,27676,27700,27651,27700,1.0000,stable,stable,dominant_stable,dominant_stable,0.0000,0.0000,0.0000,persisted
rr_interval_4002_first_50000_001,25,50,27701,27725,27701,27750,1.0000,stable,stable,dominant_stable,dominant_stable,0.0000,0.0000,0.0000,persisted
rr_interval_4002_first_50000_001,25,50,27726,27750,27701,27750,1.0000,stable,stable,dominant_stable,dominant_stable,0.0000,0.0000,0.0000,persisted
rr_interval_4002_first_50000_001,25,50,27751,27775,27751,27800,1.0000,stable,stable,dominant_stable,dominant_stable,0.0200,0.0000,-0.0200,persisted
rr_interval_4002_first_50000_001,25,50,27776,27800,27751,27800,1.0000,stable,stable,dominant_stable,dominant_stable,-0.0200,0.0000,0.0200,persisted
rr_interval_4002_first_50000_001,25,50,27801,27825,27801,27850,1.0000,stable,stable,dominant_stable,dominant_stable,0.0200,0.0000,-0.0200,persisted
rr_interval_4002_first_50000_001,25,50,27826,27850,27801,27850,1.0000,stable,stable,dominant_stable,dominant_stable,-0.0200,0.0000,0.0200,persisted
rr_interval_4002_first_50000_001,25,50,27851,27875,27851,27900,1.0000,stable,stable,dominant_stable,dominant_stable,0.0000,0.0000,0.0000,persisted
rr_interval_4002_first_50000_001,25,50,27876,27900,27851,27900,1.0000,stable,stable,dominant_stable,dominant_stable,0.0000,0.0000,0.0000,persisted
rr_interval_4002_first_50000_001,25,50,27901,27925,27901,27950,1.0000,stable,stable,dominant_stable,dominant_stable,0.0000,0.0000,0.0000,persisted
rr_interval_4002_first_50000_001,25,50,27926,27950,27901,27950,1.0000,stable,stable,dominant_stable,dominant_stable,0.0000,0.0000,0.0000,persisted
rr_interval_4002_first_50000_001,25,50,27951,27975,27951,28000,1.0000,stable,stable,dominant_stable,dominant_stable,0.0000,0.0000,0.0000,persisted
rr_interval_4002_first_50000_001,25,50,27976,28000,27951,28000,1.0000,stable,stable,dominant_stable,dominant_stable,0.0000,0.0000,0.0000,persisted
rr_interval_4002_first_50000_001,25,50,28001,28025,28001,28050,1.0000,stable,stable,dominant_stable,dominant_stable,0.0000,0.0000,0.0000,persisted
rr_interval_4002_first_50000_001,25,50,28026,28050,28001,28050,1.0000,stable,stable,dominant_stable,dominant_stable,0.0000,0.0000,0.0000,persisted
rr_interval_4002_first_50000_001,25,50,28051,28075,28051,28100,1.0000,stable,stable,dominant_stable,dominant_stable,0.0000,0.0000,0.0000,persisted
rr_interval_4002_first_50000_001,25,50,28076,28100,28051,28100,1.0000,stable,stable,dominant_stable,dominant_stable,0.0000,0.0000,0.0000,persisted
rr_interval_4002_first_50000_001,25,50,28101,28125,28101,28150,1.0000,stable,stable,dominant_stable,dominant_stable,0.0000,0.0000,0.0000,persisted
rr_interval_4002_first_50000_001,25,50,28126,28150,28101,28150,1.0000,stable,stable,dominant_stable,dominant_stable,0.0000,0.0000,0.0000,persisted
rr_interval_4002_first_50000_001,25,50,28151,28175,28151,28200,1.0000,stable,stable,dominant_stable,dominant_stable,0.0000,0.0000,0.0000,persisted
rr_interval_4002_first_50000_001,25,50,28176,28200,28151,28200,1.0000,stable,stable,dominant_stable,dominant_stable,0.0000,0.0000,0.0000,persisted
rr_interval_4002_first_50000_001,25,50,28201,28225,28201,28250,1.0000,stable,stable,dominant_stable,dominant_stable,-0.1200,0.1000,0.0200,persisted
rr_interval_4002_first_50000_001,25,50,28226,28250,28201,28250,1.0000,stable,stable,dominant_stable,dominant_stable,0.1200,-0.1000,-0.0200,persisted
rr_interval_4002_first_50000_001,25,50,28251,28275,28251,28300,1.0000,stable,stable,dominant_stable,dominant_stable,0.0000,0.0000,0.0000,persisted
rr_interval_4002_first_50000_001,25,50,28276,28300,28251,28300,1.0000,stable,stable,dominant_stable,dominant_stable,0.1200,-0.1200,0.0000,persisted
rr_interval_4002_first_50000_001,25,50,28301,28325,28301,28350,1.0000,stable,stable,dominant_stable,dominant_stable,0.0000,0.0000,0.0000,persisted
rr_interval_4002_first_50000_001,25,50,28326,28350,28301,28350,1.0000,stable,stable,dominant_stable,dominant_stable,0.0000,0.0000,0.0000,persisted
rr_interval_4002_first_50000_001,25,50,28351,28375,28351,28400,1.0000,stable,stable,dominant_stable,dominant_stable,-0.0200,0.0000,0.0200,persisted
rr_interval_4002_first_50000_001,25,50,28376,28400,28351,28400,1.0000,stable,stable,dominant_stable,dominant_stable,0.0200,0.0000,-0.0200,persisted
rr_interval_4002_first_50000_001,25,50,28401,28425,28401,28450,1.0000,stable,stable,dominant_stable,dominant_stable,0.0000,0.0000,0.0000,persisted
rr_interval_4002_first_50000_001,25,50,28426,28450,28401,28450,1.0000,stable,stable,dominant_stable,dominant_stable,0.1200,-0.1200,0.0000,persisted
rr_interval_4002_first_50000_001,25,50,28451,28475,28451,28500,1.0000,stable,stable,dominant_stable,dominant_stable,0.0000,0.0400,-0.0400,persisted
rr_interval_4002_first_50000_001,25,50,28476,28500,28451,28500,1.0000,stable,stable,dominant_stable,dominant_stable,0.1200,-0.0800,-0.0400,persisted
rr_interval_4002_first_50000_001,25,50,28501,28525,28501,28550,1.0000,stable,stable,dominant_stable,dominant_stable,0.0200,0.0000,-0.0200,persisted
rr_interval_4002_first_50000_001,25,50,28526,28550,28501,28550,1.0000,stable,stable,dominant_stable,dominant_stable,0.0600,-0.0800,0.0200,persisted
rr_interval_4002_first_50000_001,25,50,28551,28575,28551,28600,1.0000,stable,stable,dominant_stable,dominant_stable,-0.0200,0.0000,0.0200,persisted
rr_interval_4002_first_50000_001,25,50,28576,28600,28551,28600,1.0000,stable,stable,dominant_stable,dominant_stable,0.1000,-0.0800,-0.0200,persisted
rr_interval_4002_first_50000_001,25,50,28601,28625,28601,28650,1.0000,stable,stable,dominant_stable,dominant_stable,0.0000,0.0000,0.0000,persisted
rr_interval_4002_first_50000_001,25,50,28626,28650,28601,28650,1.0000,stable,stable,dominant_stable,dominant_stable,0.1200,-0.1200,0.0000,persisted
rr_interval_4002_first_50000_001,25,50,28651,28675,28651,28700,1.0000,stable,stable,dominant_stable,dominant_stable,0.1000,-0.1200,0.0200,persisted
rr_interval_4002_first_50000_001,25,50,28676,28700,28651,28700,1.0000,stable,stable,dominant_stable,dominant_stable,0.0200,0.0000,-0.0200,persisted
rr_interval_4002_first_50000_001,25,50,28701,28725,28701,28750,1.0000,stable,stable,dominant_stable,dominant_stable,0.0000,0.0000,0.0000,persisted
rr_interval_4002_first_50000_001,25,50,28726,28750,28701,28750,1.0000,stable,stable,dominant_stable,dominant_stable,0.0000,0.0000,0.0000,persisted
rr_interval_4002_first_50000_001,25,50,28751,28775,28751,28800,1.0000,stable,stable,dominant_stable,dominant_stable,0.0000,0.0000,0.0000,persisted
rr_interval_4002_first_50000_001,25,50,28776,28800,28751,28800,1.0000,stable,stable,dominant_stable,dominant_stable,0.0000,0.0000,0.0000,persisted
rr_interval_4002_first_50000_001,25,50,28801,28825,28801,28850,1.0000,stable,stable,dominant_stable,dominant_stable,0.0000,0.0000,0.0000,persisted
rr_interval_4002_first_50000_001,25,50,28826,28850,28801,28850,1.0000,stable,stable,dominant_stable,dominant_stable,0.1200,-0.1200,0.0000,persisted
rr_interval_4002_first_50000_001,25,50,28851,28875,28851,28900,1.0000,stable,stable,dominant_stable,dominant_stable,0.2000,-0.1600,-0.0400,persisted
rr_interval_4002_first_50000_001,25,50,28876,28900,28851,28900,1.0000,stable,stable,dominant_stable,dominant_stable,0.2400,-0.2400,0.0000,persisted
rr_interval_4002_first_50000_001,25,50,28901,28925,28901,28950,1.0000,stable,stable,dominant_stable,dominant_stable,0.1200,-0.0800,-0.0400,persisted
rr_interval_4002_first_50000_001,25,50,28926,28950,28901,28950,1.0000,stable,stable,dominant_stable,dominant_stable,0.0800,-0.0800,0.0000,persisted
rr_interval_4002_first_50000_001,25,50,28951,28975,28951,29000,1.0000,stable,stable,dominant_stable,dominant_stable,0.0200,0.0000,-0.0200,persisted
rr_interval_4002_first_50000_001,25,50,28976,29000,28951,29000,1.0000,stable,stable,dominant_stable,dominant_stable,0.2200,-0.2400,0.0200,persisted
rr_interval_4002_first_50000_001,25,50,29001,29025,29001,29050,1.0000,stable,stable,dominant_stable,dominant_stable,0.1800,-0.1000,-0.0800,persisted
rr_interval_4002_first_50000_001,25,50,29026,29050,29001,29050,1.0000,stable,stable,dominant_stable,dominant_stable,-0.0600,0.0200,0.0400,persisted
rr_interval_4002_first_50000_001,25,50,29051,29075,29051,29100,1.0000,stable,stable,mixed,dominant_stable,0.4200,-0.4000,-0.0200,persisted
rr_interval_4002_first_50000_001,25,50,29076,29100,29051,29100,1.0000,stable,stable,dominant_stable,dominant_stable,0.2200,-0.2400,0.0200,persisted
rr_interval_4002_first_50000_001,25,50,29101,29125,29101,29150,1.0000,stable,stable,dominant_stable,dominant_stable,0.3000,-0.2800,-0.0200,persisted
rr_interval_4002_first_50000_001,25,50,29126,29150,29101,29150,1.0000,stable,stable,dominant_stable,dominant_stable,-0.0200,0.0000,0.0200,persisted
rr_interval_4002_first_50000_001,25,50,29151,29175,29151,29200,1.0000,stable,stable,dominant_stable,dominant_stable,-0.0600,0.0400,0.0200,persisted
rr_interval_4002_first_50000_001,25,50,29176,29200,29151,29200,1.0000,stable,stable,dominant_stable,dominant_stable,0.0600,-0.0400,-0.0200,persisted
rr_interval_4002_first_50000_001,25,50,29201,29225,29201,29250,1.0000,stable,stable,dominant_stable,dominant_stable,0.0400,0.0000,-0.0400,persisted
rr_interval_4002_first_50000_001,25,50,29226,29250,29201,29250,1.0000,stable,stable,dominant_stable,dominant_stable,-0.0400,0.0000,0.0400,persisted
rr_interval_4002_first_50000_001,25,50,29251,29275,29251,29300,1.0000,stable,stable,dominant_stable,dominant_stable,0.0800,-0.0800,0.0000,persisted
rr_interval_4002_first_50000_001,25,50,29276,29300,29251,29300,1.0000,stable,stable,dominant_stable,dominant_stable,0.0800,-0.0800,0.0000,persisted
rr_interval_4002_first_50000_001,25,50,29301,29325,29301,29350,1.0000,stable,stable,dominant_stable,dominant_stable,0.0200,0.0000,-0.0200,persisted
rr_interval_4002_first_50000_001,25,50,29326,29350,29301,29350,1.0000,stable,stable,dominant_stable,dominant_stable,-0.0200,0.0000,0.0200,persisted
rr_interval_4002_first_50000_001,25,50,29351,29375,29351,29400,1.0000,stable,stable,dominant_stable,dominant_stable,0.0000,0.0000,0.0000,persisted
rr_interval_4002_first_50000_001,25,50,29376,29400,29351,29400,1.0000,stable,stable,dominant_stable,dominant_stable,0.0000,0.0000,0.0000,persisted
rr_interval_4002_first_50000_001,25,50,29401,29425,29401,29450,1.0000,stable,stable,dominant_stable,dominant_stable,0.0000,0.0000,0.0000,persisted
rr_interval_4002_first_50000_001,25,50,29426,29450,29401,29450,1.0000,stable,stable,dominant_stable,dominant_stable,0.0000,0.0000,0.0000,persisted
rr_interval_4002_first_50000_001,25,50,29451,29475,29451,29500,1.0000,stable,stable,dominant_stable,dominant_stable,0.0000,0.0000,0.0000,persisted
rr_interval_4002_first_50000_001,25,50,29476,29500,29451,29500,1.0000,stable,stable,dominant_stable,dominant_stable,0.0000,0.0000,0.0000,persisted
rr_interval_4002_first_50000_001,25,50,29501,29525,29501,29550,1.0000,stable,stable,dominant_stable,dominant_stable,0.0000,0.0000,0.0000,persisted
rr_interval_4002_first_50000_001,25,50,29526,29550,29501,29550,1.0000,stable,stable,dominant_stable,dominant_stable,0.0000,0.0000,0.0000,persisted
rr_interval_4002_first_50000_001,25,50,29551,29575,29551,29600,1.0000,stable,stable,dominant_stable,dominant_stable,0.0000,0.0000,0.0000,persisted
rr_interval_4002_first_50000_001,25,50,29576,29600,29551,29600,1.0000,stable,stable,dominant_stable,dominant_stable,0.0000,0.0000,0.0000,persisted
rr_interval_4002_first_50000_001,25,50,29601,29625,29601,29650,1.0000,stable,stable,dominant_stable,dominant_stable,-0.1400,0.1800,-0.0400,persisted
rr_interval_4002_first_50000_001,25,50,29626,29650,29601,29650,1.0000,stable,stable,mixed,dominant_stable,0.2600,-0.2600,0.0000,persisted
rr_interval_4002_first_50000_001,25,50,29651,29675,29651,29700,1.0000,stable,stable,dominant_stable,dominant_stable,-0.0400,0.0000,0.0400,persisted
rr_interval_4002_first_50000_001,25,50,29676,29700,29651,29700,1.0000,stable,stable,dominant_stable,dominant_stable,0.0400,0.0000,-0.0400,persisted
rr_interval_4002_first_50000_001,25,50,29701,29725,29701,29750,1.0000,stable,stable,dominant_stable,dominant_stable,0.2000,-0.1200,-0.0800,persisted
rr_interval_4002_first_50000_001,25,50,29726,29750,29701,29750,1.0000,stable,stable,dominant_stable,dominant_stable,0.2800,-0.2800,0.0000,persisted
rr_interval_4002_first_50000_001,25,50,29751,29775,29751,29800,1.0000,stable,stable,dominant_stable,dominant_stable,0.0800,-0.0200,-0.0600,persisted
rr_interval_4002_first_50000_001,25,50,29776,29800,29751,29800,1.0000,stable,stable,dominant_stable,dominant_stable,-0.0800,0.0600,0.0200,persisted
rr_interval_4002_first_50000_001,25,50,29801,29825,29801,29850,1.0000,stable,stable,dominant_stable,dominant_stable,-0.0200,0.0000,0.0200,persisted
rr_interval_4002_first_50000_001,25,50,29826,29850,29801,29850,1.0000,stable,stable,dominant_stable,dominant_stable,0.0200,0.0000,-0.0200,persisted
rr_interval_4002_first_50000_001,25,50,29851,29875,29851,29900,1.0000,stable,stable,dominant_stable,dominant_stable,0.1200,-0.1200,0.0000,persisted
rr_interval_4002_first_50000_001,25,50,29876,29900,29851,29900,1.0000,stable,stable,dominant_stable,dominant_stable,0.0000,0.0000,0.0000,persisted
rr_interval_4002_first_50000_001,25,50,29901,29925,29901,29950,1.0000,stable,stable,dominant_stable,dominant_stable,0.0000,0.0000,0.0000,persisted
rr_interval_4002_first_50000_001,25,50,29926,29950,29901,29950,1.0000,stable,stable,dominant_stable,dominant_stable,0.0000,0.0000,0.0000,persisted
rr_interval_4002_first_50000_001,25,50,29951,29975,29951,30000,1.0000,stable,stable,dominant_stable,dominant_stable,0.1800,-0.1800,0.0000,persisted
rr_interval_4002_first_50000_001,25,50,29976,30000,29951,30000,1.0000,stable,stable,dominant_stable,dominant_stable,0.0200,-0.0200,0.0000,persisted
rr_interval_4002_first_50000_001,25,50,30001,30025,30001,30050,1.0000,stable,stable,dominant_stable,dominant_stable,0.0000,0.0000,0.0000,persisted
rr_interval_4002_first_50000_001,25,50,30026,30050,30001,30050,1.0000,stable,stable,dominant_stable,dominant_stable,0.0000,0.0000,0.0000,persisted
rr_interval_4002_first_50000_001,25,50,30051,30075,30051,30100,1.0000,stable,stable,dominant_stable,dominant_stable,0.0000,0.0000,0.0000,persisted
rr_interval_4002_first_50000_001,25,50,30076,30100,30051,30100,1.0000,stable,stable,dominant_stable,dominant_stable,0.0000,0.0000,0.0000,persisted
rr_interval_4002_first_50000_001,25,50,30101,30125,30101,30150,1.0000,stable,stable,dominant_stable,dominant_stable,-0.0200,0.0000,0.0200,persisted
rr_interval_4002_first_50000_001,25,50,30126,30150,30101,30150,1.0000,stable,stable,dominant_stable,dominant_stable,0.0200,0.0000,-0.0200,persisted
rr_interval_4002_first_50000_001,25,50,30151,30175,30151,30200,1.0000,stable,stable,dominant_stable,dominant_stable,0.1800,-0.1800,0.0000,persisted
rr_interval_4002_first_50000_001,25,50,30176,30200,30151,30200,1.0000,stable,stable,dominant_stable,dominant_stable,0.0600,-0.0600,0.0000,persisted
rr_interval_4002_first_50000_001,25,50,30201,30225,30201,30250,1.0000,stable,stable,dominant_stable,dominant_stable,0.2200,-0.2200,0.0000,persisted
rr_interval_4002_first_50000_001,25,50,30226,30250,30201,30250,1.0000,stable,stable,dominant_stable,dominant_stable,-0.1000,0.1000,0.0000,persisted
rr_interval_4002_first_50000_001,25,50,30251,30275,30251,30300,1.0000,stable,stable,dominant_stable,dominant_stable,0.0400,0.0000,-0.0400,persisted
rr_interval_4002_first_50000_001,25,50,30276,30300,30251,30300,1.0000,stable,stable,dominant_stable,dominant_stable,-0.0400,0.0000,0.0400,persisted
rr_interval_4002_first_50000_001,25,50,30301,30325,30301,30350,1.0000,stable,stable,dominant_stable,dominant_stable,-0.0200,0.0200,0.0000,persisted
rr_interval_4002_first_50000_001,25,50,30326,30350,30301,30350,1.0000,middle,stable,mixed,dominant_stable,0.4200,-0.4200,0.0000,smoothed
rr_interval_4002_first_50000_001,25,50,30351,30375,30351,30400,1.0000,stable,stable,dominant_stable,dominant_stable,0.1000,-0.1000,0.0000,persisted
rr_interval_4002_first_50000_001,25,50,30376,30400,30351,30400,1.0000,stable,stable,mixed,dominant_stable,0.4200,-0.4200,0.0000,persisted
rr_interval_4002_first_50000_001,25,50,30401,30425,30401,30450,1.0000,stable,stable,dominant_stable,dominant_stable,0.3800,-0.3600,-0.0200,persisted
rr_interval_4002_first_50000_001,25,50,30426,30450,30401,30450,1.0000,stable,stable,dominant_stable,dominant_stable,0.1800,-0.0800,-0.1000,persisted
rr_interval_4002_first_50000_001,25,50,30451,30475,30451,30500,1.0000,stable,stable,mixed,dominant_stable,0.3000,-0.2800,-0.0200,persisted
rr_interval_4002_first_50000_001,25,50,30476,30500,30451,30500,1.0000,stable,stable,dominant_stable,dominant_stable,0.0200,0.0400,-0.0600,persisted
rr_interval_4002_first_50000_001,25,50,30501,30525,30501,30550,1.0000,stable,stable,dominant_stable,dominant_stable,0.3000,-0.2600,-0.0400,persisted
rr_interval_4002_first_50000_001,25,50,30526,30550,30501,30550,1.0000,stable,stable,dominant_stable,dominant_stable,0.1400,-0.1400,0.0000,persisted
rr_interval_4002_first_50000_001,25,50,30551,30575,30551,30600,1.0000,stable,stable,dominant_stable,dominant_stable,-0.1200,0.1000,0.0200,persisted
rr_interval_4002_first_50000_001,25,50,30576,30600,30551,30600,1.0000,stable,stable,dominant_stable,dominant_stable,0.2000,-0.1800,-0.0200,persisted
rr_interval_4002_first_50000_001,25,50,30601,30625,30601,30650,1.0000,stable,stable,dominant_stable,dominant_stable,0.2200,-0.2000,-0.0200,persisted
rr_interval_4002_first_50000_001,25,50,30626,30650,30601,30650,1.0000,stable,stable,dominant_stable,dominant_stable,-0.1000,0.0800,0.0200,persisted
rr_interval_4002_first_50000_001,25,50,30651,30675,30651,30700,1.0000,stable,stable,dominant_stable,dominant_stable,-0.0200,0.0000,0.0200,persisted
rr_interval_4002_first_50000_001,25,50,30676,30700,30651,30700,1.0000,stable,stable,dominant_stable,dominant_stable,0.0200,0.0000,-0.0200,persisted
rr_interval_4002_first_50000_001,25,50,30701,30725,30701,30750,1.0000,stable,stable,dominant_stable,dominant_stable,-0.0200,0.0000,0.0200,persisted
rr_interval_4002_first_50000_001,25,50,30726,30750,30701,30750,1.0000,stable,stable,dominant_stable,dominant_stable,0.0200,0.0000,-0.0200,persisted
rr_interval_4002_first_50000_001,25,50,30751,30775,30751,30800,1.0000,stable,stable,dominant_stable,dominant_stable,0.0000,0.0000,0.0000,persisted
rr_interval_4002_first_50000_001,25,50,30776,30800,30751,30800,1.0000,stable,stable,dominant_stable,dominant_stable,0.0000,0.0000,0.0000,persisted
rr_interval_4002_first_50000_001,25,50,30801,30825,30801,30850,1.0000,stable,stable,dominant_stable,dominant_stable,0.2400,-0.2400,0.0000,persisted
rr_interval_4002_first_50000_001,25,50,30826,30850,30801,30850,1.0000,stable,stable,dominant_stable,dominant_stable,0.2000,-0.1600,-0.0400,persisted
rr_interval_4002_first_50000_001,25,50,30851,30875,30851,30900,1.0000,stable,stable,dominant_stable,dominant_stable,0.0000,0.0000,0.0000,persisted
rr_interval_4002_first_50000_001,25,50,30876,30900,30851,30900,1.0000,stable,stable,dominant_stable,dominant_stable,0.1200,-0.1200,0.0000,persisted
rr_interval_4002_first_50000_001,25,50,30901,30925,30901,30950,1.0000,middle,stable,mixed,dominant_stable,0.4200,-0.3800,-0.0400,smoothed
rr_interval_4002_first_50000_001,25,50,30926,30950,30901,30950,1.0000,stable,stable,dominant_stable,dominant_stable,-0.0600,0.0200,0.0400,persisted
rr_interval_4002_first_50000_001,25,50,30951,30975,30951,31000,1.0000,stable,stable,dominant_stable,dominant_stable,0.0000,0.0000,0.0000,persisted
rr_interval_4002_first_50000_001,25,50,30976,31000,30951,31000,1.0000,stable,stable,dominant_stable,dominant_stable,0.0000,0.0000,0.0000,persisted
rr_interval_4002_first_50000_001,25,50,31001,31025,31001,31050,1.0000,stable,stable,dominant_stable,dominant_stable,0.0800,-0.0800,0.0000,persisted
rr_interval_4002_first_50000_001,25,50,31026,31050,31001,31050,1.0000,stable,stable,dominant_stable,dominant_stable,0.1200,-0.1200,0.0000,persisted
rr_interval_4002_first_50000_001,25,50,31051,31075,31051,31100,1.0000,stable,stable,dominant_stable,dominant_stable,0.2000,-0.1200,-0.0800,persisted
rr_interval_4002_first_50000_001,25,50,31076,31100,31051,31100,1.0000,stable,stable,dominant_stable,dominant_stable,0.2000,-0.2400,0.0400,persisted
rr_interval_4002_first_50000_001,25,50,31101,31125,31101,31150,1.0000,stable,stable,dominant_stable,dominant_stable,-0.0400,0.1200,-0.0800,persisted
rr_interval_4002_first_50000_001,25,50,31126,31150,31101,31150,1.0000,stable,stable,dominant_stable,dominant_stable,0.2800,-0.2800,0.0000,persisted
rr_interval_4002_first_50000_001,25,50,31151,31175,31151,31200,1.0000,stable,stable,dominant_stable,dominant_stable,0.1000,-0.1000,0.0000,persisted
rr_interval_4002_first_50000_001,25,50,31176,31200,31151,31200,1.0000,stable,stable,dominant_stable,dominant_stable,-0.1000,0.1000,0.0000,persisted
rr_interval_4002_first_50000_001,25,50,31201,31225,31201,31250,1.0000,stable,stable,dominant_stable,dominant_stable,0.0000,0.0000,0.0000,persisted
rr_interval_4002_first_50000_001,25,50,31226,31250,31201,31250,1.0000,stable,stable,dominant_stable,dominant_stable,0.0000,0.0000,0.0000,persisted
rr_interval_4002_first_50000_001,25,50,31251,31275,31251,31300,1.0000,stable,stable,dominant_stable,dominant_stable,-0.0400,0.0000,0.0400,persisted
rr_interval_4002_first_50000_001,25,50,31276,31300,31251,31300,1.0000,stable,stable,dominant_stable,dominant_stable,0.0400,0.0000,-0.0400,persisted
rr_interval_4002_first_50000_001,25,50,31301,31325,31301,31350,1.0000,stable,stable,dominant_stable,dominant_stable,0.0000,0.0000,0.0000,persisted
rr_interval_4002_first_50000_001,25,50,31326,31350,31301,31350,1.0000,stable,stable,dominant_stable,dominant_stable,0.0000,0.0000,0.0000,persisted
rr_interval_4002_first_50000_001,25,50,31351,31375,31351,31400,1.0000,stable,stable,dominant_stable,dominant_stable,0.0000,0.0000,0.0000,persisted
rr_interval_4002_first_50000_001,25,50,31376,31400,31351,31400,1.0000,stable,stable,dominant_stable,dominant_stable,0.1200,-0.1200,0.0000,persisted
rr_interval_4002_first_50000_001,25,50,31401,31425,31401,31450,1.0000,stable,stable,dominant_stable,dominant_stable,-0.1000,0.0800,0.0200,persisted
rr_interval_4002_first_50000_001,25,50,31426,31450,31401,31450,1.0000,stable,stable,dominant_stable,dominant_stable,0.2200,-0.2000,-0.0200,persisted
rr_interval_4002_first_50000_001,25,50,31451,31475,31451,31500,1.0000,stable,stable,dominant_stable,dominant_stable,0.2000,-0.1800,-0.0200,persisted
rr_interval_4002_first_50000_001,25,50,31476,31500,31451,31500,1.0000,stable,stable,dominant_stable,dominant_stable,-0.0800,0.0600,0.0200,persisted
rr_interval_4002_first_50000_001,25,50,31501,31525,31501,31550,1.0000,stable,stable,dominant_stable,dominant_stable,0.0000,0.0000,0.0000,persisted
rr_interval_4002_first_50000_001,25,50,31526,31550,31501,31550,1.0000,stable,stable,dominant_stable,dominant_stable,0.1200,-0.1200,0.0000,persisted
rr_interval_4002_first_50000_001,25,50,31551,31575,31551,31600,1.0000,stable,stable,dominant_stable,dominant_stable,0.0800,-0.0800,0.0000,persisted
rr_interval_4002_first_50000_001,25,50,31576,31600,31551,31600,1.0000,stable,stable,dominant_stable,dominant_stable,0.0000,0.0000,0.0000,persisted
rr_interval_4002_first_50000_001,25,50,31601,31625,31601,31650,1.0000,stable,stable,dominant_stable,dominant_stable,0.0800,-0.0800,0.0000,persisted
rr_interval_4002_first_50000_001,25,50,31626,31650,31601,31650,1.0000,stable,stable,dominant_stable,dominant_stable,0.0000,0.0000,0.0000,persisted
rr_interval_4002_first_50000_001,25,50,31651,31675,31651,31700,1.0000,stable,stable,dominant_stable,dominant_stable,0.0000,0.0000,0.0000,persisted
rr_interval_4002_first_50000_001,25,50,31676,31700,31651,31700,1.0000,stable,stable,dominant_stable,dominant_stable,0.0000,0.0000,0.0000,persisted
rr_interval_4002_first_50000_001,25,50,31701,31725,31701,31750,1.0000,stable,stable,dominant_stable,dominant_stable,0.0000,0.0000,0.0000,persisted
rr_interval_4002_first_50000_001,25,50,31726,31750,31701,31750,1.0000,stable,stable,dominant_stable,dominant_stable,0.0000,0.0000,0.0000,persisted
rr_interval_4002_first_50000_001,25,50,31751,31775,31751,31800,1.0000,stable,stable,dominant_stable,dominant_stable,0.0000,0.0000,0.0000,persisted
rr_interval_4002_first_50000_001,25,50,31776,31800,31751,31800,1.0000,stable,stable,dominant_stable,dominant_stable,0.0000,0.0000,0.0000,persisted
rr_interval_4002_first_50000_001,25,50,31801,31825,31801,31850,1.0000,stable,stable,dominant_stable,dominant_stable,0.0000,0.0000,0.0000,persisted
rr_interval_4002_first_50000_001,25,50,31826,31850,31801,31850,1.0000,stable,stable,dominant_stable,dominant_stable,0.1200,-0.1200,0.0000,persisted
rr_interval_4002_first_50000_001,25,50,31851,31875,31851,31900,1.0000,stable,stable,dominant_stable,dominant_stable,0.0000,0.0000,0.0000,persisted
rr_interval_4002_first_50000_001,25,50,31876,31900,31851,31900,1.0000,stable,stable,dominant_stable,dominant_stable,0.0000,0.0000,0.0000,persisted
rr_interval_4002_first_50000_001,25,50,31901,31925,31901,31950,1.0000,stable,stable,dominant_stable,dominant_stable,0.0600,-0.0800,0.0200,persisted
rr_interval_4002_first_50000_001,25,50,31926,31950,31901,31950,1.0000,stable,stable,dominant_stable,dominant_stable,0.0200,0.0000,-0.0200,persisted
rr_interval_4002_first_50000_001,25,50,31951,31975,31951,32000,1.0000,stable,stable,dominant_stable,dominant_stable,0.1200,-0.1200,0.0000,persisted
rr_interval_4002_first_50000_001,25,50,31976,32000,31951,32000,1.0000,stable,stable,dominant_stable,dominant_stable,0.2400,-0.2400,0.0000,persisted
rr_interval_4002_first_50000_001,25,50,32001,32025,32001,32050,1.0000,stable,stable,dominant_stable,dominant_stable,0.0800,-0.0800,0.0000,persisted
rr_interval_4002_first_50000_001,25,50,32026,32050,32001,32050,1.0000,stable,stable,dominant_stable,dominant_stable,0.0000,0.0000,0.0000,persisted
rr_interval_4002_first_50000_001,25,50,32051,32075,32051,32100,1.0000,stable,stable,dominant_stable,dominant_stable,0.0000,0.0000,0.0000,persisted
rr_interval_4002_first_50000_001,25,50,32076,32100,32051,32100,1.0000,stable,stable,dominant_stable,dominant_stable,0.0000,0.0000,0.0000,persisted
rr_interval_4002_first_50000_001,25,50,32101,32125,32101,32150,1.0000,stable,stable,dominant_stable,dominant_stable,0.0000,0.0000,0.0000,persisted
rr_interval_4002_first_50000_001,25,50,32126,32150,32101,32150,1.0000,stable,stable,dominant_stable,dominant_stable,0.0000,0.0000,0.0000,persisted
rr_interval_4002_first_50000_001,25,50,32151,32175,32151,32200,1.0000,stable,stable,dominant_stable,dominant_stable,0.0000,0.0000,0.0000,persisted
rr_interval_4002_first_50000_001,25,50,32176,32200,32151,32200,1.0000,stable,stable,dominant_stable,dominant_stable,0.0000,0.0000,0.0000,persisted
rr_interval_4002_first_50000_001,25,50,32201,32225,32201,32250,1.0000,stable,stable,dominant_stable,dominant_stable,0.1200,-0.1200,0.0000,persisted
rr_interval_4002_first_50000_001,25,50,32226,32250,32201,32250,1.0000,stable,stable,dominant_stable,dominant_stable,0.0000,0.0000,0.0000,persisted
rr_interval_4002_first_50000_001,25,50,32251,32275,32251,32300,1.0000,stable,stable,dominant_stable,dominant_stable,0.2200,-0.2400,0.0200,persisted
rr_interval_4002_first_50000_001,25,50,32276,32300,32251,32300,1.0000,stable,stable,dominant_stable,dominant_stable,0.1800,-0.1600,-0.0200,persisted
rr_interval_4002_first_50000_001,25,50,32301,32325,32301,32350,1.0000,stable,stable,dominant_stable,dominant_stable,0.1200,-0.1200,0.0000,persisted
rr_interval_4002_first_50000_001,25,50,32326,32350,32301,32350,1.0000,stable,stable,dominant_stable,dominant_stable,0.0000,0.0000,0.0000,persisted
rr_interval_4002_first_50000_001,25,50,32351,32375,32351,32400,1.0000,stable,stable,dominant_stable,dominant_stable,0.0000,0.0000,0.0000,persisted
rr_interval_4002_first_50000_001,25,50,32376,32400,32351,32400,1.0000,stable,stable,dominant_stable,dominant_stable,0.0000,0.0000,0.0000,persisted
rr_interval_4002_first_50000_001,25,50,32401,32425,32401,32450,1.0000,stable,stable,dominant_stable,dominant_stable,0.0000,0.0000,0.0000,persisted
rr_interval_4002_first_50000_001,25,50,32426,32450,32401,32450,1.0000,stable,stable,dominant_stable,dominant_stable,0.1200,-0.1200,0.0000,persisted
rr_interval_4002_first_50000_001,25,50,32451,32475,32451,32500,1.0000,stable,stable,dominant_stable,dominant_stable,0.0000,0.0000,0.0000,persisted
rr_interval_4002_first_50000_001,25,50,32476,32500,32451,32500,1.0000,stable,stable,dominant_stable,dominant_stable,0.0000,0.0000,0.0000,persisted
rr_interval_4002_first_50000_001,25,50,32501,32525,32501,32550,1.0000,stable,stable,dominant_stable,dominant_stable,0.0000,0.0000,0.0000,persisted
rr_interval_4002_first_50000_001,25,50,32526,32550,32501,32550,1.0000,stable,stable,dominant_stable,dominant_stable,0.0000,0.0000,0.0000,persisted
rr_interval_4002_first_50000_001,25,50,32551,32575,32551,32600,1.0000,stable,stable,dominant_stable,dominant_stable,0.0000,0.0000,0.0000,persisted
rr_interval_4002_first_50000_001,25,50,32576,32600,32551,32600,1.0000,stable,stable,dominant_stable,dominant_stable,0.0000,0.0000,0.0000,persisted
rr_interval_4002_first_50000_001,25,50,32601,32625,32601,32650,1.0000,stable,stable,dominant_stable,dominant_stable,-0.0200,0.0000,0.0200,persisted
rr_interval_4002_first_50000_001,25,50,32626,32650,32601,32650,1.0000,stable,stable,dominant_stable,dominant_stable,0.0200,0.0000,-0.0200,persisted
rr_interval_4002_first_50000_001,25,50,32651,32675,32651,32700,1.0000,stable,stable,dominant_stable,dominant_stable,0.0000,0.0000,0.0000,persisted
rr_interval_4002_first_50000_001,25,50,32676,32700,32651,32700,1.0000,stable,stable,dominant_stable,dominant_stable,0.0000,0.0000,0.0000,persisted
rr_interval_4002_first_50000_001,25,50,32701,32725,32701,32750,1.0000,stable,stable,dominant_stable,dominant_stable,0.2000,-0.2000,0.0000,persisted
rr_interval_4002_first_50000_001,25,50,32726,32750,32701,32750,1.0000,stable,stable,dominant_stable,dominant_stable,0.1200,-0.1200,0.0000,persisted
rr_interval_4002_first_50000_001,25,50,32751,32775,32751,32800,1.0000,stable,stable,dominant_stable,dominant_stable,-0.0200,0.0000,0.0200,persisted
rr_interval_4002_first_50000_001,25,50,32776,32800,32751,32800,1.0000,stable,stable,dominant_stable,dominant_stable,0.0200,0.0000,-0.0200,persisted
rr_interval_4002_first_50000_001,25,50,32801,32825,32801,32850,1.0000,stable,stable,dominant_stable,dominant_stable,0.0000,0.0000,0.0000,persisted
rr_interval_4002_first_50000_001,25,50,32826,32850,32801,32850,1.0000,stable,stable,dominant_stable,dominant_stable,0.0000,0.0000,0.0000,persisted
rr_interval_4002_first_50000_001,25,50,32851,32875,32851,32900,1.0000,stable,stable,dominant_stable,dominant_stable,-0.0800,0.0600,0.0200,persisted
rr_interval_4002_first_50000_001,25,50,32876,32900,32851,32900,1.0000,stable,stable,dominant_stable,dominant_stable,0.2400,-0.1800,-0.0600,persisted
rr_interval_4002_first_50000_001,25,50,32901,32925,32901,32950,1.0000,stable,stable,dominant_stable,dominant_stable,0.0000,0.0000,0.0000,persisted
rr_interval_4002_first_50000_001,25,50,32926,32950,32901,32950,1.0000,stable,stable,dominant_stable,dominant_stable,0.0000,0.0000,0.0000,persisted
rr_interval_4002_first_50000_001,25,50,32951,32975,32951,33000,1.0000,stable,stable,dominant_stable,dominant_stable,0.0000,0.0000,0.0000,persisted
rr_interval_4002_first_50000_001,25,50,32976,33000,32951,33000,1.0000,stable,stable,dominant_stable,dominant_stable,0.0000,0.0000,0.0000,persisted
rr_interval_4002_first_50000_001,25,50,33001,33025,33001,33050,1.0000,middle,stable,mixed,dominant_stable,0.4400,-0.4200,-0.0200,smoothed
rr_interval_4002_first_50000_001,25,50,33026,33050,33001,33050,1.0000,stable,stable,dominant_stable,dominant_stable,0.0000,0.0200,-0.0200,persisted
rr_interval_4002_first_50000_001,25,50,33051,33075,33051,33100,1.0000,stable,stable,dominant_stable,dominant_stable,0.0000,0.0000,0.0000,persisted
rr_interval_4002_first_50000_001,25,50,33076,33100,33051,33100,1.0000,stable,stable,dominant_stable,dominant_stable,0.0000,0.0000,0.0000,persisted
rr_interval_4002_first_50000_001,25,50,33101,33125,33101,33150,1.0000,stable,stable,dominant_stable,dominant_stable,-0.0400,0.0000,0.0400,persisted
rr_interval_4002_first_50000_001,25,50,33126,33150,33101,33150,1.0000,stable,stable,dominant_stable,dominant_stable,0.0400,0.0000,-0.0400,persisted
rr_interval_4002_first_50000_001,25,50,33151,33175,33151,33200,1.0000,stable,stable,dominant_stable,dominant_stable,0.0000,0.0000,0.0000,persisted
rr_interval_4002_first_50000_001,25,50,33176,33200,33151,33200,1.0000,stable,stable,dominant_stable,dominant_stable,0.0000,0.0000,0.0000,persisted
rr_interval_4002_first_50000_001,25,50,33201,33225,33201,33250,1.0000,stable,stable,dominant_stable,dominant_stable,0.1200,-0.1200,0.0000,persisted
rr_interval_4002_first_50000_001,25,50,33226,33250,33201,33250,1.0000,stable,stable,dominant_stable,dominant_stable,0.0000,0.0000,0.0000,persisted
rr_interval_4002_first_50000_001,25,50,33251,33275,33251,33300,1.0000,stable,stable,dominant_stable,dominant_stable,0.0000,0.0000,0.0000,persisted
rr_interval_4002_first_50000_001,25,50,33276,33300,33251,33300,1.0000,stable,stable,dominant_stable,dominant_stable,0.0000,0.0000,0.0000,persisted
rr_interval_4002_first_50000_001,25,50,33301,33325,33301,33350,1.0000,stable,stable,dominant_stable,dominant_stable,0.0000,0.0000,0.0000,persisted
rr_interval_4002_first_50000_001,25,50,33326,33350,33301,33350,1.0000,stable,stable,dominant_stable,dominant_stable,0.0400,0.0000,-0.0400,persisted
rr_interval_4002_first_50000_001,25,50,33351,33375,33351,33400,1.0000,stable,stable,dominant_stable,dominant_stable,0.1000,-0.1200,0.0200,persisted
rr_interval_4002_first_50000_001,25,50,33376,33400,33351,33400,1.0000,stable,stable,dominant_stable,dominant_stable,0.0200,0.0000,-0.0200,persisted
rr_interval_4002_first_50000_001,25,50,33401,33425,33401,33450,1.0000,stable,stable,dominant_stable,dominant_stable,0.0400,-0.0400,0.0000,persisted
rr_interval_4002_first_50000_001,25,50,33426,33450,33401,33450,1.0000,stable,stable,dominant_stable,dominant_stable,-0.0400,0.0400,0.0000,persisted
rr_interval_4002_first_50000_001,25,50,33451,33475,33451,33500,1.0000,stable,stable,dominant_stable,dominant_stable,0.1200,-0.1200,0.0000,persisted
rr_interval_4002_first_50000_001,25,50,33476,33500,33451,33500,1.0000,stable,stable,dominant_stable,dominant_stable,0.0000,0.0000,0.0000,persisted
rr_interval_4002_first_50000_001,25,50,33501,33525,33501,33550,1.0000,stable,stable,dominant_stable,dominant_stable,0.2200,-0.1800,-0.0400,persisted
rr_interval_4002_first_50000_001,25,50,33526,33550,33501,33550,1.0000,stable,stable,dominant_stable,dominant_stable,0.0600,-0.0200,-0.0400,persisted
rr_interval_4002_first_50000_001,25,50,33551,33575,33551,33600,1.0000,stable,stable,dominant_stable,dominant_stable,-0.0600,0.0400,0.0200,persisted
rr_interval_4002_first_50000_001,25,50,33576,33600,33551,33600,1.0000,stable,stable,dominant_stable,dominant_stable,0.0600,-0.0400,-0.0200,persisted
rr_interval_4002_first_50000_001,25,50,33601,33625,33601,33650,1.0000,stable,stable,dominant_stable,dominant_stable,0.1200,-0.0800,-0.0400,persisted
rr_interval_4002_first_50000_001,25,50,33626,33650,33601,33650,1.0000,stable,stable,dominant_stable,dominant_stable,0.1600,-0.1200,-0.0400,persisted
rr_interval_4002_first_50000_001,25,50,33651,33675,33651,33700,1.0000,stable,stable,dominant_stable,dominant_stable,0.1400,-0.0800,-0.0600,persisted
rr_interval_4002_first_50000_001,25,50,33676,33700,33651,33700,1.0000,stable,stable,dominant_stable,dominant_stable,0.2600,-0.2400,-0.0200,persisted
rr_interval_4002_first_50000_001,25,50,33701,33725,33701,33750,1.0000,stable,stable,dominant_stable,dominant_stable,0.1400,-0.1200,-0.0200,persisted
rr_interval_4002_first_50000_001,25,50,33726,33750,33701,33750,1.0000,stable,stable,dominant_stable,dominant_stable,0.1000,-0.1200,0.0200,persisted
rr_interval_4002_first_50000_001,25,50,33751,33775,33751,33800,1.0000,stable,stable,dominant_stable,dominant_stable,0.1600,-0.1000,-0.0600,persisted
rr_interval_4002_first_50000_001,25,50,33776,33800,33751,33800,1.0000,stable,stable,dominant_stable,dominant_stable,-0.0800,0.1000,-0.0200,persisted
rr_interval_4002_first_50000_001,25,50,33801,33825,33801,33850,1.0000,stable,stable,dominant_stable,dominant_stable,0.0600,0.0000,-0.0600,persisted
rr_interval_4002_first_50000_001,25,50,33826,33850,33801,33850,1.0000,stable,stable,dominant_stable,dominant_stable,-0.0200,0.0000,0.0200,persisted
rr_interval_4002_first_50000_001,25,50,33851,33875,33851,33900,1.0000,stable,stable,dominant_stable,dominant_stable,0.1400,-0.1000,-0.0400,persisted
rr_interval_4002_first_50000_001,25,50,33876,33900,33851,33900,1.0000,stable,stable,dominant_stable,dominant_stable,0.0200,0.0600,-0.0800,persisted
rr_interval_4002_first_50000_001,25,50,33901,33925,33901,33950,1.0000,stable,stable,dominant_stable,dominant_stable,0.1400,-0.1000,-0.0400,persisted
rr_interval_4002_first_50000_001,25,50,33926,33950,33901,33950,1.0000,stable,stable,dominant_stable,dominant_stable,-0.1000,0.1400,-0.0400,persisted
rr_interval_4002_first_50000_001,25,50,33951,33975,33951,34000,1.0000,stable,stable,dominant_stable,dominant_stable,0.0000,0.0400,-0.0400,persisted
rr_interval_4002_first_50000_001,25,50,33976,34000,33951,34000,1.0000,stable,stable,dominant_stable,dominant_stable,0.2000,-0.1600,-0.0400,persisted
rr_interval_4002_first_50000_001,25,50,34001,34025,34001,34050,1.0000,stable,stable,dominant_stable,dominant_stable,0.2800,-0.2800,0.0000,persisted
rr_interval_4002_first_50000_001,25,50,34026,34050,34001,34050,1.0000,stable,stable,dominant_stable,dominant_stable,-0.0400,0.1200,-0.0800,persisted
rr_interval_4002_first_50000_001,25,50,34051,34075,34051,34100,1.0000,stable,stable,dominant_stable,dominant_stable,0.2200,-0.2000,-0.0200,persisted
rr_interval_4002_first_50000_001,25,50,34076,34100,34051,34100,1.0000,stable,stable,dominant_stable,dominant_stable,-0.1000,0.0800,0.0200,persisted
rr_interval_4002_first_50000_001,25,50,34101,34125,34101,34150,1.0000,stable,stable,dominant_stable,dominant_stable,0.2200,-0.2200,0.0000,persisted
rr_interval_4002_first_50000_001,25,50,34126,34150,34101,34150,1.0000,stable,stable,dominant_stable,dominant_stable,0.0600,-0.0200,-0.0400,persisted
rr_interval_4002_first_50000_001,25,50,34151,34175,34151,34200,1.0000,stable,stable,dominant_stable,dominant_stable,0.1200,-0.1200,0.0000,persisted
rr_interval_4002_first_50000_001,25,50,34176,34200,34151,34200,1.0000,stable,stable,dominant_stable,dominant_stable,-0.1200,0.1200,0.0000,persisted
rr_interval_4002_first_50000_001,25,50,34201,34225,34201,34250,1.0000,stable,stable,dominant_stable,dominant_stable,-0.1200,0.1000,0.0200,persisted
rr_interval_4002_first_50000_001,25,50,34226,34250,34201,34250,1.0000,stable,stable,dominant_stable,dominant_stable,0.2400,-0.2200,-0.0200,persisted
rr_interval_4002_first_50000_001,25,50,34251,34275,34251,34300,1.0000,stable,stable,dominant_stable,dominant_stable,-0.0600,0.0000,0.0600,persisted
rr_interval_4002_first_50000_001,25,50,34276,34300,34251,34300,1.0000,stable,stable,dominant_stable,dominant_stable,0.0600,0.0000,-0.0600,persisted
rr_interval_4002_first_50000_001,25,50,34301,34325,34301,34350,1.0000,stable,stable,dominant_stable,dominant_stable,-0.0200,0.0400,-0.0200,persisted
rr_interval_4002_first_50000_001,25,50,34326,34350,34301,34350,1.0000,stable,stable,dominant_stable,dominant_stable,0.1000,-0.0400,-0.0600,persisted
rr_interval_4002_first_50000_001,25,50,34351,34375,34351,34400,1.0000,stable,stable,dominant_stable,dominant_stable,-0.0200,0.0000,0.0200,persisted
rr_interval_4002_first_50000_001,25,50,34376,34400,34351,34400,1.0000,stable,stable,dominant_stable,dominant_stable,0.0200,0.0000,-0.0200,persisted
rr_interval_4002_first_50000_001,25,50,34401,34425,34401,34450,1.0000,stable,stable,dominant_stable,dominant_stable,0.1600,-0.0800,-0.0800,persisted
rr_interval_4002_first_50000_001,25,50,34426,34450,34401,34450,1.0000,stable,stable,dominant_stable,dominant_stable,0.0400,0.0000,-0.0400,persisted
rr_interval_4002_first_50000_001,25,50,34451,34475,34451,34500,1.0000,stable,stable,dominant_stable,dominant_stable,0.2600,-0.1800,-0.0800,persisted
rr_interval_4002_first_50000_001,25,50,34476,34500,34451,34500,1.0000,stable,stable,dominant_stable,dominant_stable,0.0200,-0.0200,0.0000,persisted
rr_interval_4002_first_50000_001,25,50,34501,34525,34501,34550,1.0000,stable,stable,dominant_stable,dominant_stable,0.0000,0.0000,0.0000,persisted
rr_interval_4002_first_50000_001,25,50,34526,34550,34501,34550,1.0000,stable,stable,dominant_stable,dominant_stable,0.0000,0.0000,0.0000,persisted
rr_interval_4002_first_50000_001,25,50,34551,34575,34551,34600,1.0000,stable,stable,dominant_stable,dominant_stable,0.0800,-0.0800,0.0000,persisted
rr_interval_4002_first_50000_001,25,50,34576,34600,34551,34600,1.0000,stable,stable,dominant_stable,dominant_stable,-0.0800,0.0800,0.0000,persisted
rr_interval_4002_first_50000_001,25,50,34601,34625,34601,34650,1.0000,stable,stable,dominant_stable,dominant_stable,0.2600,-0.2800,0.0200,persisted
rr_interval_4002_first_50000_001,25,50,34626,34650,34601,34650,1.0000,stable,stable,dominant_stable,dominant_stable,0.1000,-0.0800,-0.0200,persisted
rr_interval_4002_first_50000_001,25,50,34651,34675,34651,34700,1.0000,stable,stable,dominant_stable,dominant_stable,0.2400,-0.2400,0.0000,persisted
rr_interval_4002_first_50000_001,25,50,34676,34700,34651,34700,1.0000,stable,stable,dominant_stable,dominant_stable,0.0400,0.0000,-0.0400,persisted
rr_interval_4002_first_50000_001,25,50,34701,34725,34701,34750,1.0000,stable,stable,dominant_stable,dominant_stable,0.0800,-0.0800,0.0000,persisted
rr_interval_4002_first_50000_001,25,50,34726,34750,34701,34750,1.0000,stable,stable,dominant_stable,dominant_stable,0.2400,-0.2400,0.0000,persisted
rr_interval_4002_first_50000_001,25,50,34751,34775,34751,34800,1.0000,stable,stable,dominant_stable,dominant_stable,0.1000,-0.1000,0.0000,persisted
rr_interval_4002_first_50000_001,25,50,34776,34800,34751,34800,1.0000,stable,stable,dominant_stable,dominant_stable,0.1000,-0.0600,-0.0400,persisted
rr_interval_4002_first_50000_001,25,50,34801,34825,34801,34850,1.0000,stable,stable,dominant_stable,dominant_stable,0.1000,-0.1200,0.0200,persisted
rr_interval_4002_first_50000_001,25,50,34826,34850,34801,34850,1.0000,stable,stable,dominant_stable,dominant_stable,0.2200,-0.2000,-0.0200,persisted
rr_interval_4002_first_50000_001,25,50,34851,34875,34851,34900,1.0000,stable,stable,dominant_stable,dominant_stable,0.0000,0.0400,-0.0400,persisted
rr_interval_4002_first_50000_001,25,50,34876,34900,34851,34900,1.0000,stable,stable,dominant_stable,dominant_stable,0.1200,-0.0800,-0.0400,persisted
rr_interval_4002_first_50000_001,25,50,34901,34925,34901,34950,1.0000,stable,stable,dominant_stable,dominant_stable,0.0400,0.0000,-0.0400,persisted
rr_interval_4002_first_50000_001,25,50,34926,34950,34901,34950,1.0000,stable,stable,dominant_stable,dominant_stable,-0.0400,0.0000,0.0400,persisted
rr_interval_4002_first_50000_001,25,50,34951,34975,34951,35000,1.0000,stable,stable,dominant_stable,dominant_stable,-0.0400,0.0400,0.0000,persisted
rr_interval_4002_first_50000_001,25,50,34976,35000,34951,35000,1.0000,stable,stable,dominant_stable,dominant_stable,0.0400,-0.0400,0.0000,persisted
rr_interval_4002_first_50000_001,25,50,35001,35025,35001,35050,1.0000,stable,stable,dominant_stable,dominant_stable,0.0000,-0.0200,0.0200,persisted
rr_interval_4002_first_50000_001,25,50,35026,35050,35001,35050,1.0000,stable,stable,dominant_stable,dominant_stable,0.2000,-0.1800,-0.0200,persisted
rr_interval_4002_first_50000_001,25,50,35051,35075,35051,35100,1.0000,stable,stable,dominant_stable,dominant_stable,-0.0800,0.0600,0.0200,persisted
rr_interval_4002_first_50000_001,25,50,35076,35100,35051,35100,1.0000,stable,stable,dominant_stable,dominant_stable,0.0800,-0.0600,-0.0200,persisted
rr_interval_4002_first_50000_001,25,50,35101,35125,35101,35150,1.0000,stable,stable,dominant_stable,dominant_stable,0.1800,-0.1800,0.0000,persisted
rr_interval_4002_first_50000_001,25,50,35126,35150,35101,35150,1.0000,stable,stable,dominant_stable,dominant_stable,0.0200,0.0600,-0.0800,persisted
rr_interval_4002_first_50000_001,25,50,35151,35175,35151,35200,1.0000,stable,stable,dominant_stable,dominant_stable,0.2200,-0.2200,0.0000,persisted
rr_interval_4002_first_50000_001,25,50,35176,35200,35151,35200,1.0000,stable,stable,dominant_stable,dominant_stable,0.0600,-0.0600,0.0000,persisted
rr_interval_4002_first_50000_001,25,50,35201,35225,35201,35250,1.0000,stable,stable,dominant_stable,dominant_stable,0.0800,-0.0600,-0.0200,persisted
rr_interval_4002_first_50000_001,25,50,35226,35250,35201,35250,1.0000,stable,stable,dominant_stable,dominant_stable,-0.0800,0.0600,0.0200,persisted
rr_interval_4002_first_50000_001,25,50,35251,35275,35251,35300,1.0000,stable,stable,dominant_stable,dominant_stable,-0.1000,0.1000,0.0000,persisted
rr_interval_4002_first_50000_001,25,50,35276,35300,35251,35300,1.0000,stable,stable,dominant_stable,dominant_stable,0.1000,-0.1000,0.0000,persisted
rr_interval_4002_first_50000_001,25,50,35301,35325,35301,35350,1.0000,stable,stable,dominant_stable,dominant_stable,0.0800,-0.0800,0.0000,persisted
rr_interval_4002_first_50000_001,25,50,35326,35350,35301,35350,1.0000,stable,stable,dominant_stable,dominant_stable,0.1600,-0.1200,-0.0400,persisted
rr_interval_4002_first_50000_001,25,50,35351,35375,35351,35400,1.0000,stable,stable,dominant_stable,dominant_stable,0.0000,0.0000,0.0000,persisted
rr_interval_4002_first_50000_001,25,50,35376,35400,35351,35400,1.0000,stable,stable,dominant_stable,dominant_stable,0.0000,0.0000,0.0000,persisted
rr_interval_4002_first_50000_001,25,50,35401,35425,35401,35450,1.0000,stable,stable,dominant_stable,dominant_stable,0.0600,-0.0800,0.0200,persisted
rr_interval_4002_first_50000_001,25,50,35426,35450,35401,35450,1.0000,stable,stable,dominant_stable,dominant_stable,0.0600,-0.0400,-0.0200,persisted
rr_interval_4002_first_50000_001,25,50,35451,35475,35451,35500,1.0000,stable,stable,dominant_stable,dominant_stable,0.2000,-0.1200,-0.0800,persisted
rr_interval_4002_first_50000_001,25,50,35476,35500,35451,35500,1.0000,stable,stable,dominant_stable,dominant_stable,0.0000,0.0800,-0.0800,persisted
rr_interval_4002_first_50000_001,25,50,35501,35525,35501,35550,1.0000,stable,stable,dominant_stable,dominant_stable,0.0400,-0.0400,0.0000,persisted
rr_interval_4002_first_50000_001,25,50,35526,35550,35501,35550,1.0000,stable,stable,dominant_stable,dominant_stable,-0.0400,0.0400,0.0000,persisted
rr_interval_4002_first_50000_001,25,50,35551,35575,35551,35600,1.0000,stable,stable,dominant_stable,dominant_stable,0.0600,0.0000,-0.0600,persisted
rr_interval_4002_first_50000_001,25,50,35576,35600,35551,35600,1.0000,stable,stable,dominant_stable,dominant_stable,0.1000,-0.0800,-0.0200,persisted
rr_interval_4002_first_50000_001,25,50,35601,35625,35601,35650,1.0000,stable,stable,dominant_stable,dominant_stable,-0.0600,0.0400,0.0200,persisted
rr_interval_4002_first_50000_001,25,50,35626,35650,35601,35650,1.0000,stable,stable,dominant_stable,dominant_stable,0.0600,-0.0400,-0.0200,persisted
rr_interval_4002_first_50000_001,25,50,35651,35675,35651,35700,1.0000,stable,stable,dominant_stable,dominant_stable,0.1200,-0.1200,0.0000,persisted
rr_interval_4002_first_50000_001,25,50,35676,35700,35651,35700,1.0000,stable,stable,dominant_stable,dominant_stable,-0.0400,0.0400,0.0000,persisted
rr_interval_4002_first_50000_001,25,50,35701,35725,35701,35750,1.0000,stable,stable,dominant_stable,dominant_stable,-0.0400,0.0400,0.0000,persisted
rr_interval_4002_first_50000_001,25,50,35726,35750,35701,35750,1.0000,stable,stable,dominant_stable,dominant_stable,0.0400,-0.0400,0.0000,persisted
rr_interval_4002_first_50000_001,25,50,35751,35775,35751,35800,1.0000,stable,stable,dominant_stable,dominant_stable,-0.1400,0.1200,0.0200,persisted
rr_interval_4002_first_50000_001,25,50,35776,35800,35751,35800,1.0000,stable,stable,dominant_stable,dominant_stable,0.2600,-0.2400,-0.0200,persisted
rr_interval_4002_first_50000_001,25,50,35801,35825,35801,35850,1.0000,stable,stable,dominant_stable,dominant_stable,0.0200,0.0000,-0.0200,persisted
rr_interval_4002_first_50000_001,25,50,35826,35850,35801,35850,1.0000,stable,stable,dominant_stable,dominant_stable,-0.0200,0.0000,0.0200,persisted
rr_interval_4002_first_50000_001,25,50,35851,35875,35851,35900,1.0000,stable,stable,dominant_stable,dominant_stable,0.0000,0.0000,0.0000,persisted
rr_interval_4002_first_50000_001,25,50,35876,35900,35851,35900,1.0000,stable,stable,dominant_stable,dominant_stable,0.0800,-0.0800,0.0000,persisted
rr_interval_4002_first_50000_001,25,50,35901,35925,35901,35950,1.0000,stable,stable,dominant_stable,dominant_stable,0.0000,0.0000,0.0000,persisted
rr_interval_4002_first_50000_001,25,50,35926,35950,35901,35950,1.0000,stable,stable,dominant_stable,dominant_stable,0.0000,0.0000,0.0000,persisted
rr_interval_4002_first_50000_001,25,50,35951,35975,35951,36000,1.0000,stable,stable,dominant_stable,dominant_stable,0.0000,0.0000,0.0000,persisted
rr_interval_4002_first_50000_001,25,50,35976,36000,35951,36000,1.0000,stable,stable,dominant_stable,dominant_stable,0.1200,-0.1200,0.0000,persisted
rr_interval_4002_first_50000_001,25,50,36001,36025,36001,36050,1.0000,stable,stable,dominant_stable,dominant_stable,0.0000,0.0000,0.0000,persisted
rr_interval_4002_first_50000_001,25,50,36026,36050,36001,36050,1.0000,stable,stable,dominant_stable,dominant_stable,0.0000,0.0000,0.0000,persisted
rr_interval_4002_first_50000_001,25,50,36051,36075,36051,36100,1.0000,stable,stable,dominant_stable,dominant_stable,0.0600,-0.0400,-0.0200,persisted
rr_interval_4002_first_50000_001,25,50,36076,36100,36051,36100,1.0000,stable,stable,dominant_stable,dominant_stable,-0.0600,0.0400,0.0200,persisted
rr_interval_4002_first_50000_001,25,50,36101,36125,36101,36150,1.0000,stable,stable,dominant_stable,dominant_stable,-0.0400,0.0000,0.0400,persisted
rr_interval_4002_first_50000_001,25,50,36126,36150,36101,36150,1.0000,stable,stable,dominant_stable,dominant_stable,0.0400,0.0000,-0.0400,persisted
rr_interval_4002_first_50000_001,25,50,36151,36175,36151,36200,1.0000,stable,stable,dominant_stable,dominant_stable,0.3000,-0.2800,-0.0200,persisted
rr_interval_4002_first_50000_001,25,50,36176,36200,36151,36200,1.0000,stable,stable,dominant_stable,dominant_stable,0.0200,0.0000,-0.0200,persisted
rr_interval_4002_first_50000_001,25,50,36201,36225,36201,36250,1.0000,stable,stable,dominant_stable,dominant_stable,-0.0200,0.0000,0.0200,persisted
rr_interval_4002_first_50000_001,25,50,36226,36250,36201,36250,1.0000,stable,stable,dominant_stable,dominant_stable,0.0200,0.0000,-0.0200,persisted
rr_interval_4002_first_50000_001,25,50,36251,36275,36251,36300,1.0000,stable,stable,dominant_stable,dominant_stable,0.1400,-0.1200,-0.0200,persisted
rr_interval_4002_first_50000_001,25,50,36276,36300,36251,36300,1.0000,stable,stable,dominant_stable,dominant_stable,0.0600,0.0000,-0.0600,persisted
rr_interval_4002_first_50000_001,25,50,36301,36325,36301,36350,1.0000,stable,stable,dominant_stable,dominant_stable,0.0000,0.0000,0.0000,persisted
rr_interval_4002_first_50000_001,25,50,36326,36350,36301,36350,1.0000,stable,stable,dominant_stable,dominant_stable,0.0000,0.0000,0.0000,persisted
rr_interval_4002_first_50000_001,25,50,36351,36375,36351,36400,1.0000,stable,stable,dominant_stable,dominant_stable,-0.0800,0.1000,-0.0200,persisted
rr_interval_4002_first_50000_001,25,50,36376,36400,36351,36400,1.0000,stable,stable,dominant_stable,dominant_stable,0.2000,-0.1800,-0.0200,persisted
rr_interval_4002_first_50000_001,25,50,36401,36425,36401,36450,1.0000,stable,stable,dominant_stable,dominant_stable,0.0400,0.0000,-0.0400,persisted
rr_interval_4002_first_50000_001,25,50,36426,36450,36401,36450,1.0000,stable,stable,dominant_stable,dominant_stable,-0.0400,0.0000,0.0400,persisted
rr_interval_4002_first_50000_001,25,50,36451,36475,36451,36500,1.0000,stable,stable,dominant_stable,dominant_stable,0.0400,-0.0400,0.0000,persisted
rr_interval_4002_first_50000_001,25,50,36476,36500,36451,36500,1.0000,stable,stable,dominant_stable,dominant_stable,0.1600,-0.1600,0.0000,persisted
rr_interval_4002_first_50000_001,25,50,36501,36525,36501,36550,1.0000,stable,stable,dominant_stable,dominant_stable,0.0000,0.0000,0.0000,persisted
rr_interval_4002_first_50000_001,25,50,36526,36550,36501,36550,1.0000,stable,stable,dominant_stable,dominant_stable,0.0000,0.0000,0.0000,persisted
rr_interval_4002_first_50000_001,25,50,36551,36575,36551,36600,1.0000,stable,stable,dominant_stable,dominant_stable,0.0600,-0.0800,0.0200,persisted
rr_interval_4002_first_50000_001,25,50,36576,36600,36551,36600,1.0000,stable,stable,dominant_stable,dominant_stable,0.0200,0.0000,-0.0200,persisted
rr_interval_4002_first_50000_001,25,50,36601,36625,36601,36650,1.0000,stable,stable,dominant_stable,dominant_stable,0.1600,-0.1200,-0.0400,persisted
rr_interval_4002_first_50000_001,25,50,36626,36650,36601,36650,1.0000,stable,stable,dominant_stable,dominant_stable,0.0400,-0.0800,0.0400,persisted
rr_interval_4002_first_50000_001,25,50,36651,36675,36651,36700,1.0000,stable,stable,dominant_stable,dominant_stable,0.0800,-0.0400,-0.0400,persisted
rr_interval_4002_first_50000_001,25,50,36676,36700,36651,36700,1.0000,stable,stable,dominant_stable,dominant_stable,0.0000,0.0400,-0.0400,persisted
rr_interval_4002_first_50000_001,25,50,36701,36725,36701,36750,1.0000,middle,stable,mixed,dominant_stable,0.4200,-0.3400,-0.0800,smoothed
rr_interval_4002_first_50000_001,25,50,36726,36750,36701,36750,1.0000,stable,stable,dominant_stable,dominant_stable,0.0600,0.0600,-0.1200,persisted
rr_interval_4002_first_50000_001,25,50,36751,36775,36751,36800,1.0000,stable,stable,dominant_stable,dominant_stable,0.1800,-0.1800,0.0000,persisted
rr_interval_4002_first_50000_001,25,50,36776,36800,36751,36800,1.0000,stable,stable,dominant_stable,dominant_stable,0.0200,-0.0200,0.0000,persisted
rr_interval_4002_first_50000_001,25,50,36801,36825,36801,36850,1.0000,stable,stable,dominant_stable,dominant_stable,0.1000,-0.1000,0.0000,persisted
rr_interval_4002_first_50000_001,25,50,36826,36850,36801,36850,1.0000,stable,stable,dominant_stable,dominant_stable,0.2200,-0.1800,-0.0400,persisted
rr_interval_4002_first_50000_001,25,50,36851,36875,36851,36900,1.0000,middle,stable,mixed,dominant_stable,0.2600,-0.2600,0.0000,smoothed
rr_interval_4002_first_50000_001,25,50,36876,36900,36851,36900,1.0000,stable,stable,dominant_stable,dominant_stable,-0.0600,0.1000,-0.0400,persisted
rr_interval_4002_first_50000_001,25,50,36901,36925,36901,36950,1.0000,stable,stable,dominant_stable,dominant_stable,-0.0200,0.0000,0.0200,persisted
rr_interval_4002_first_50000_001,25,50,36926,36950,36901,36950,1.0000,stable,stable,dominant_stable,dominant_stable,0.1800,-0.1200,-0.0600,persisted
rr_interval_4002_first_50000_001,25,50,36951,36975,36951,37000,1.0000,stable,stable,dominant_stable,dominant_stable,0.0400,0.0400,-0.0800,persisted
rr_interval_4002_first_50000_001,25,50,36976,37000,36951,37000,1.0000,stable,stable,dominant_stable,dominant_stable,0.2400,-0.2000,-0.0400,persisted
rr_interval_4002_first_50000_001,25,50,37001,37025,37001,37050,1.0000,stable,stable,dominant_stable,dominant_stable,0.1600,-0.1200,-0.0400,persisted
rr_interval_4002_first_50000_001,25,50,37026,37050,37001,37050,1.0000,stable,stable,dominant_stable,dominant_stable,0.0800,-0.0400,-0.0400,persisted
rr_interval_4002_first_50000_001,25,50,37051,37075,37051,37100,1.0000,stable,stable,dominant_stable,dominant_stable,0.0400,-0.0400,0.0000,persisted
rr_interval_4002_first_50000_001,25,50,37076,37100,37051,37100,1.0000,stable,stable,dominant_stable,dominant_stable,0.1600,-0.1600,0.0000,persisted
rr_interval_4002_first_50000_001,25,50,37101,37125,37101,37150,1.0000,stable,stable,dominant_stable,dominant_stable,-0.1000,0.1000,0.0000,persisted
rr_interval_4002_first_50000_001,25,50,37126,37150,37101,37150,1.0000,stable,stable,dominant_stable,dominant_stable,0.1000,-0.1000,0.0000,persisted
rr_interval_4002_first_50000_001,25,50,37151,37175,37151,37200,1.0000,stable,stable,mixed,dominant_stable,0.2600,-0.2400,-0.0200,persisted
rr_interval_4002_first_50000_001,25,50,37176,37200,37151,37200,1.0000,stable,stable,dominant_stable,dominant_stable,-0.1400,0.1600,-0.0200,persisted
rr_interval_4002_first_50000_001,25,50,37201,37225,37201,37250,1.0000,stable,stable,dominant_stable,dominant_stable,0.1600,-0.1400,-0.0200,persisted
rr_interval_4002_first_50000_001,25,50,37226,37250,37201,37250,1.0000,stable,stable,dominant_stable,dominant_stable,0.0400,-0.0600,0.0200,persisted
rr_interval_4002_first_50000_001,25,50,37251,37275,37251,37300,1.0000,stable,stable,dominant_stable,dominant_stable,0.1000,-0.1000,0.0000,persisted
rr_interval_4002_first_50000_001,25,50,37276,37300,37251,37300,1.0000,stable,stable,dominant_stable,dominant_stable,-0.0200,0.0600,-0.0400,persisted
rr_interval_4002_first_50000_001,25,50,37301,37325,37301,37350,1.0000,stable,stable,dominant_stable,dominant_stable,0.2800,-0.2800,0.0000,persisted
rr_interval_4002_first_50000_001,25,50,37326,37350,37301,37350,1.0000,stable,stable,dominant_stable,dominant_stable,0.2400,-0.2400,0.0000,persisted
rr_interval_4002_first_50000_001,25,50,37351,37375,37351,37400,1.0000,stable,stable,dominant_stable,dominant_stable,0.0200,-0.0200,0.0000,persisted
rr_interval_4002_first_50000_001,25,50,37376,37400,37351,37400,1.0000,stable,stable,dominant_stable,dominant_stable,0.2200,-0.1800,-0.0400,persisted
rr_interval_4002_first_50000_001,25,50,37401,37425,37401,37450,1.0000,stable,stable,dominant_stable,dominant_stable,0.1400,-0.1400,0.0000,persisted
rr_interval_4002_first_50000_001,25,50,37426,37450,37401,37450,1.0000,stable,stable,dominant_stable,dominant_stable,0.2200,-0.1800,-0.0400,persisted
rr_interval_4002_first_50000_001,25,50,37451,37475,37451,37500,1.0000,stable,stable,dominant_stable,dominant_stable,0.2200,-0.2000,-0.0200,persisted
rr_interval_4002_first_50000_001,25,50,37476,37500,37451,37500,1.0000,stable,stable,dominant_stable,dominant_stable,-0.1000,0.0800,0.0200,persisted
rr_interval_4002_first_50000_001,25,50,37501,37525,37501,37550,1.0000,stable,stable,dominant_stable,dominant_stable,0.1800,-0.1200,-0.0600,persisted
rr_interval_4002_first_50000_001,25,50,37526,37550,37501,37550,1.0000,stable,stable,dominant_stable,dominant_stable,-0.0600,0.0400,0.0200,persisted
rr_interval_4002_first_50000_001,25,50,37551,37575,37551,37600,1.0000,stable,stable,dominant_stable,dominant_stable,0.0200,0.0000,-0.0200,persisted
rr_interval_4002_first_50000_001,25,50,37576,37600,37551,37600,1.0000,stable,stable,dominant_stable,dominant_stable,-0.0200,0.0800,-0.0600,persisted
rr_interval_4002_first_50000_001,25,50,37601,37625,37601,37650,1.0000,stable,stable,dominant_stable,dominant_stable,0.0800,-0.0800,0.0000,persisted
rr_interval_4002_first_50000_001,25,50,37626,37650,37601,37650,1.0000,middle,stable,mixed,dominant_stable,0.4800,-0.4800,0.0000,smoothed
rr_interval_4002_first_50000_001,25,50,37651,37675,37651,37700,1.0000,stable,stable,dominant_stable,dominant_stable,0.0000,0.0000,0.0000,persisted
rr_interval_4002_first_50000_001,25,50,37676,37700,37651,37700,1.0000,stable,stable,dominant_stable,dominant_stable,0.0000,0.0000,0.0000,persisted
rr_interval_4002_first_50000_001,25,50,37701,37725,37701,37750,1.0000,stable,stable,dominant_stable,dominant_stable,0.1000,-0.0800,-0.0200,persisted
rr_interval_4002_first_50000_001,25,50,37726,37750,37701,37750,1.0000,stable,stable,dominant_stable,dominant_stable,-0.1000,0.0800,0.0200,persisted
rr_interval_4002_first_50000_001,25,50,37751,37775,37751,37800,1.0000,stable,stable,dominant_stable,dominant_stable,0.2600,-0.2400,-0.0200,persisted
rr_interval_4002_first_50000_001,25,50,37776,37800,37751,37800,1.0000,stable,stable,dominant_stable,dominant_stable,-0.0600,0.1200,-0.0600,persisted
rr_interval_4002_first_50000_001,25,50,37801,37825,37801,37850,1.0000,stable,stable,dominant_stable,dominant_stable,0.1200,-0.0800,-0.0400,persisted
rr_interval_4002_first_50000_001,25,50,37826,37850,37801,37850,1.0000,stable,stable,dominant_stable,dominant_stable,-0.0400,0.0000,0.0400,persisted
rr_interval_4002_first_50000_001,25,50,37851,37875,37851,37900,1.0000,stable,stable,dominant_stable,dominant_stable,-0.1600,0.1400,0.0200,persisted
rr_interval_4002_first_50000_001,25,50,37876,37900,37851,37900,1.0000,stable,stable,dominant_stable,dominant_stable,0.2400,-0.1400,-0.1000,persisted
rr_interval_4002_first_50000_001,25,50,37901,37925,37901,37950,1.0000,stable,stable,dominant_stable,dominant_stable,0.2400,-0.1800,-0.0600,persisted
rr_interval_4002_first_50000_001,25,50,37926,37950,37901,37950,1.0000,stable,stable,dominant_stable,dominant_stable,-0.1200,0.1000,0.0200,persisted
rr_interval_4002_first_50000_001,25,50,37951,37975,37951,38000,1.0000,stable,stable,dominant_stable,dominant_stable,0.0000,0.0000,0.0000,persisted
rr_interval_4002_first_50000_001,25,50,37976,38000,37951,38000,1.0000,stable,stable,dominant_stable,dominant_stable,0.0000,0.0000,0.0000,persisted
rr_interval_4002_first_50000_001,25,50,38001,38025,38001,38050,1.0000,stable,stable,dominant_stable,dominant_stable,-0.0800,0.0800,0.0000,persisted
rr_interval_4002_first_50000_001,25,50,38026,38050,38001,38050,1.0000,stable,stable,dominant_stable,dominant_stable,0.0800,-0.0800,0.0000,persisted
rr_interval_4002_first_50000_001,25,50,38051,38075,38051,38100,1.0000,stable,stable,dominant_stable,dominant_stable,0.1000,-0.0200,-0.0800,persisted
rr_interval_4002_first_50000_001,25,50,38076,38100,38051,38100,1.0000,stable,stable,dominant_stable,dominant_stable,0.1800,-0.1800,0.0000,persisted
rr_interval_4002_first_50000_001,25,50,38101,38125,38101,38150,1.0000,stable,stable,dominant_stable,dominant_stable,0.0800,-0.0800,0.0000,persisted
rr_interval_4002_first_50000_001,25,50,38126,38150,38101,38150,1.0000,stable,stable,dominant_stable,dominant_stable,0.0000,0.0000,0.0000,persisted
rr_interval_4002_first_50000_001,25,50,38151,38175,38151,38200,1.0000,stable,stable,dominant_stable,dominant_stable,0.0000,0.0000,0.0000,persisted
rr_interval_4002_first_50000_001,25,50,38176,38200,38151,38200,1.0000,stable,stable,dominant_stable,dominant_stable,0.1200,-0.1200,0.0000,persisted
rr_interval_4002_first_50000_001,25,50,38201,38225,38201,38250,1.0000,stable,stable,dominant_stable,dominant_stable,0.2800,-0.2400,-0.0400,persisted
rr_interval_4002_first_50000_001,25,50,38226,38250,38201,38250,1.0000,stable,stable,dominant_stable,dominant_stable,-0.0800,0.0400,0.0400,persisted
rr_interval_4002_first_50000_001,25,50,38251,38275,38251,38300,1.0000,stable,stable,dominant_stable,dominant_stable,-0.0200,0.0000,0.0200,persisted
rr_interval_4002_first_50000_001,25,50,38276,38300,38251,38300,1.0000,stable,stable,dominant_stable,dominant_stable,0.0200,0.0000,-0.0200,persisted
rr_interval_4002_first_50000_001,25,50,38301,38325,38301,38350,1.0000,stable,stable,dominant_stable,dominant_stable,0.1800,-0.2000,0.0200,persisted
rr_interval_4002_first_50000_001,25,50,38326,38350,38301,38350,1.0000,stable,stable,dominant_stable,dominant_stable,0.1000,-0.0800,-0.0200,persisted
rr_interval_4002_first_50000_001,25,50,38351,38375,38351,38400,1.0000,stable,stable,dominant_stable,dominant_stable,0.0800,-0.0800,0.0000,persisted
rr_interval_4002_first_50000_001,25,50,38376,38400,38351,38400,1.0000,stable,stable,dominant_stable,dominant_stable,0.0800,-0.0400,-0.0400,persisted
rr_interval_4002_first_50000_001,25,50,38401,38425,38401,38450,1.0000,stable,stable,dominant_stable,dominant_stable,0.1600,-0.1200,-0.0400,persisted
rr_interval_4002_first_50000_001,25,50,38426,38450,38401,38450,1.0000,stable,stable,dominant_stable,dominant_stable,0.0800,-0.0400,-0.0400,persisted
rr_interval_4002_first_50000_001,25,50,38451,38475,38451,38500,1.0000,stable,stable,dominant_stable,dominant_stable,0.0400,-0.0600,0.0200,persisted
rr_interval_4002_first_50000_001,25,50,38476,38500,38451,38500,1.0000,stable,stable,dominant_stable,dominant_stable,0.0800,-0.0600,-0.0200,persisted
rr_interval_4002_first_50000_001,25,50,38501,38525,38501,38550,1.0000,stable,stable,dominant_stable,dominant_stable,0.1800,-0.1800,0.0000,persisted
rr_interval_4002_first_50000_001,25,50,38526,38550,38501,38550,1.0000,stable,stable,dominant_stable,dominant_stable,-0.0200,0.0200,0.0000,persisted
rr_interval_4002_first_50000_001,25,50,38551,38575,38551,38600,1.0000,stable,stable,dominant_stable,dominant_stable,0.0400,0.0000,-0.0400,persisted
rr_interval_4002_first_50000_001,25,50,38576,38600,38551,38600,1.0000,stable,stable,dominant_stable,dominant_stable,0.1200,-0.1200,0.0000,persisted
rr_interval_4002_first_50000_001,25,50,38601,38625,38601,38650,1.0000,stable,stable,dominant_stable,dominant_stable,0.0200,-0.0200,0.0000,persisted
rr_interval_4002_first_50000_001,25,50,38626,38650,38601,38650,1.0000,stable,stable,dominant_stable,dominant_stable,0.1000,-0.1000,0.0000,persisted
rr_interval_4002_first_50000_001,25,50,38651,38675,38651,38700,1.0000,middle,stable,dominant_middle,dominant_stable,0.5200,-0.4800,-0.0400,smoothed
rr_interval_4002_first_50000_001,25,50,38676,38700,38651,38700,1.0000,stable,stable,dominant_stable,dominant_stable,-0.0800,0.1200,-0.0400,persisted
rr_interval_4002_first_50000_001,25,50,38701,38725,38701,38750,1.0000,stable,stable,dominant_stable,dominant_stable,0.0400,0.0000,-0.0400,persisted
rr_interval_4002_first_50000_001,25,50,38726,38750,38701,38750,1.0000,stable,stable,dominant_stable,dominant_stable,0.0800,-0.0800,0.0000,persisted
rr_interval_4002_first_50000_001,25,50,38751,38775,38751,38800,1.0000,stable,stable,dominant_stable,dominant_stable,0.1200,-0.0600,-0.0600,persisted
rr_interval_4002_first_50000_001,25,50,38776,38800,38751,38800,1.0000,stable,stable,dominant_stable,dominant_stable,0.2000,-0.1800,-0.0200,persisted
rr_interval_4002_first_50000_001,25,50,38801,38825,38801,38850,1.0000,stable,stable,dominant_stable,dominant_stable,0.2400,-0.2400,0.0000,persisted
rr_interval_4002_first_50000_001,25,50,38826,38850,38801,38850,1.0000,stable,stable,dominant_stable,dominant_stable,0.0000,0.0000,0.0000,persisted
rr_interval_4002_first_50000_001,25,50,38851,38875,38851,38900,1.0000,stable,stable,dominant_stable,dominant_stable,0.0000,0.0400,-0.0400,persisted
rr_interval_4002_first_50000_001,25,50,38876,38900,38851,38900,1.0000,stable,stable,dominant_stable,dominant_stable,0.0800,-0.0400,-0.0400,persisted
rr_interval_4002_first_50000_001,25,50,38901,38925,38901,38950,1.0000,stable,stable,dominant_stable,dominant_stable,0.2000,-0.2000,0.0000,persisted
rr_interval_4002_first_50000_001,25,50,38926,38950,38901,38950,1.0000,stable,stable,dominant_stable,dominant_stable,0.2000,-0.2000,0.0000,persisted
rr_interval_4002_first_50000_001,25,50,38951,38975,38951,39000,1.0000,stable,stable,dominant_stable,dominant_stable,0.0600,-0.0600,0.0000,persisted
rr_interval_4002_first_50000_001,25,50,38976,39000,38951,39000,1.0000,stable,stable,dominant_stable,dominant_stable,0.1000,-0.0600,-0.0400,persisted
rr_interval_4002_first_50000_001,25,50,39001,39025,39001,39050,1.0000,stable,stable,dominant_stable,dominant_stable,-0.0600,0.0400,0.0200,persisted
rr_interval_4002_first_50000_001,25,50,39026,39050,39001,39050,1.0000,stable,stable,dominant_stable,dominant_stable,0.1000,-0.0400,-0.0600,persisted
rr_interval_4002_first_50000_001,25,50,39051,39075,39051,39100,1.0000,stable,stable,dominant_stable,dominant_stable,0.0000,0.0000,0.0000,persisted
rr_interval_4002_first_50000_001,25,50,39076,39100,39051,39100,1.0000,stable,stable,dominant_stable,dominant_stable,0.0800,0.0000,-0.0800,persisted
rr_interval_4002_first_50000_001,25,50,39101,39125,39101,39150,1.0000,stable,stable,dominant_stable,dominant_stable,-0.0800,0.0800,0.0000,persisted
rr_interval_4002_first_50000_001,25,50,39126,39150,39101,39150,1.0000,stable,stable,dominant_stable,dominant_stable,0.1600,-0.0800,-0.0800,persisted
rr_interval_4002_first_50000_001,25,50,39151,39175,39151,39200,1.0000,stable,stable,dominant_stable,dominant_stable,0.0800,-0.0400,-0.0400,persisted
rr_interval_4002_first_50000_001,25,50,39176,39200,39151,39200,1.0000,stable,stable,dominant_stable,dominant_stable,0.2400,-0.2000,-0.0400,persisted
rr_interval_4002_first_50000_001,25,50,39201,39225,39201,39250,1.0000,stable,stable,dominant_stable,dominant_stable,0.0200,-0.0200,0.0000,persisted
rr_interval_4002_first_50000_001,25,50,39226,39250,39201,39250,1.0000,stable,stable,dominant_stable,dominant_stable,0.1800,-0.1800,0.0000,persisted
rr_interval_4002_first_50000_001,25,50,39251,39275,39251,39300,1.0000,stable,stable,dominant_stable,dominant_stable,-0.0200,0.0600,-0.0400,persisted
rr_interval_4002_first_50000_001,25,50,39276,39300,39251,39300,1.0000,stable,stable,dominant_stable,dominant_stable,0.1800,-0.1400,-0.0400,persisted
rr_interval_4002_first_50000_001,25,50,39301,39325,39301,39350,1.0000,stable,stable,dominant_stable,dominant_stable,0.2800,-0.2400,-0.0400,persisted
rr_interval_4002_first_50000_001,25,50,39326,39350,39301,39350,1.0000,stable,stable,dominant_stable,dominant_stable,0.0000,0.0400,-0.0400,persisted
rr_interval_4002_first_50000_001,25,50,39351,39375,39351,39400,1.0000,stable,stable,dominant_stable,dominant_stable,0.2200,-0.1800,-0.0400,persisted
rr_interval_4002_first_50000_001,25,50,39376,39400,39351,39400,1.0000,stable,stable,dominant_stable,dominant_stable,0.0200,-0.0200,0.0000,persisted
rr_interval_4002_first_50000_001,25,50,39401,39425,39401,39450,1.0000,stable,stable,dominant_stable,dominant_stable,0.2200,-0.2000,-0.0200,persisted
rr_interval_4002_first_50000_001,25,50,39426,39450,39401,39450,1.0000,stable,stable,dominant_stable,dominant_stable,0.1000,-0.1200,0.0200,persisted
rr_interval_4002_first_50000_001,25,50,39451,39475,39451,39500,1.0000,stable,stable,dominant_stable,dominant_stable,0.1600,-0.1600,0.0000,persisted
rr_interval_4002_first_50000_001,25,50,39476,39500,39451,39500,1.0000,stable,stable,dominant_stable,dominant_stable,0.1200,-0.1200,0.0000,persisted
rr_interval_4002_first_50000_001,25,50,39501,39525,39501,39550,1.0000,stable,stable,dominant_stable,dominant_stable,0.0000,0.0400,-0.0400,persisted
rr_interval_4002_first_50000_001,25,50,39526,39550,39501,39550,1.0000,stable,stable,dominant_stable,dominant_stable,0.0400,-0.0400,0.0000,persisted
rr_interval_4002_first_50000_001,25,50,39551,39575,39551,39600,1.0000,stable,stable,dominant_stable,dominant_stable,0.3200,-0.3000,-0.0200,persisted
rr_interval_4002_first_50000_001,25,50,39576,39600,39551,39600,1.0000,stable,stable,dominant_stable,dominant_stable,0.2400,-0.2200,-0.0200,persisted
rr_interval_4002_first_50000_001,25,50,39601,39625,39601,39650,1.0000,stable,stable,dominant_stable,dominant_stable,0.0800,-0.0800,0.0000,persisted
rr_interval_4002_first_50000_001,25,50,39626,39650,39601,39650,1.0000,stable,stable,dominant_stable,dominant_stable,-0.0800,0.0800,0.0000,persisted
rr_interval_4002_first_50000_001,25,50,39651,39675,39651,39700,1.0000,stable,stable,dominant_stable,dominant_stable,0.0400,0.0000,-0.0400,persisted
rr_interval_4002_first_50000_001,25,50,39676,39700,39651,39700,1.0000,stable,stable,dominant_stable,dominant_stable,-0.0400,0.0000,0.0400,persisted
rr_interval_4002_first_50000_001,25,50,39701,39725,39701,39750,1.0000,stable,stable,dominant_stable,dominant_stable,0.1800,-0.1800,0.0000,persisted
rr_interval_4002_first_50000_001,25,50,39726,39750,39701,39750,1.0000,stable,stable,dominant_stable,dominant_stable,0.0200,-0.0200,0.0000,persisted
rr_interval_4002_first_50000_001,25,50,39751,39775,39751,39800,1.0000,stable,stable,mixed,dominant_stable,0.2800,-0.2000,-0.0800,persisted
rr_interval_4002_first_50000_001,25,50,39776,39800,39751,39800,1.0000,stable,stable,dominant_stable,dominant_stable,-0.1600,0.1200,0.0400,persisted
rr_interval_4002_first_50000_001,25,50,39801,39825,39801,39850,1.0000,stable,stable,dominant_stable,dominant_stable,-0.0600,0.0600,0.0000,persisted
rr_interval_4002_first_50000_001,25,50,39826,39850,39801,39850,1.0000,stable,stable,dominant_stable,dominant_stable,0.1800,-0.1800,0.0000,persisted
rr_interval_4002_first_50000_001,25,50,39851,39875,39851,39900,1.0000,stable,stable,dominant_stable,dominant_stable,0.1200,-0.1000,-0.0200,persisted
rr_interval_4002_first_50000_001,25,50,39876,39900,39851,39900,1.0000,stable,stable,dominant_stable,dominant_stable,-0.1200,0.1000,0.0200,persisted
rr_interval_4002_first_50000_001,25,50,39901,39925,39901,39950,1.0000,stable,stable,dominant_stable,dominant_stable,0.0000,0.0400,-0.0400,persisted
rr_interval_4002_first_50000_001,25,50,39926,39950,39901,39950,1.0000,stable,stable,dominant_stable,dominant_stable,0.0000,0.0400,-0.0400,persisted
rr_interval_4002_first_50000_001,25,50,39951,39975,39951,40000,1.0000,stable,stable,dominant_stable,dominant_stable,0.0000,0.0000,0.0000,persisted
rr_interval_4002_first_50000_001,25,50,39976,40000,39951,40000,1.0000,stable,stable,dominant_stable,dominant_stable,0.0000,0.0000,0.0000,persisted
rr_interval_4002_first_50000_001,25,50,40001,40025,40001,40050,1.0000,stable,stable,dominant_stable,dominant_stable,0.1400,-0.1400,0.0000,persisted
rr_interval_4002_first_50000_001,25,50,40026,40050,40001,40050,1.0000,stable,stable,dominant_stable,dominant_stable,0.0600,-0.0200,-0.0400,persisted
rr_interval_4002_first_50000_001,25,50,40051,40075,40051,40100,1.0000,stable,stable,dominant_stable,dominant_stable,-0.1400,0.1200,0.0200,persisted
rr_interval_4002_first_50000_001,25,50,40076,40100,40051,40100,1.0000,stable,stable,dominant_stable,dominant_stable,0.1400,-0.1200,-0.0200,persisted
rr_interval_4002_first_50000_001,25,50,40101,40125,40101,40150,1.0000,stable,stable,mixed,dominant_stable,0.4000,-0.3600,-0.0400,persisted
rr_interval_4002_first_50000_001,25,50,40126,40150,40101,40150,1.0000,stable,stable,dominant_stable,dominant_stable,0.1600,-0.2000,0.0400,persisted
rr_interval_4002_first_50000_001,25,50,40151,40175,40151,40200,1.0000,stable,stable,dominant_stable,dominant_stable,0.1000,-0.0400,-0.0600,persisted
rr_interval_4002_first_50000_001,25,50,40176,40200,40151,40200,1.0000,stable,stable,dominant_stable,dominant_stable,0.0600,-0.0400,-0.0200,persisted
rr_interval_4002_first_50000_001,25,50,40201,40225,40201,40250,1.0000,stable,stable,dominant_stable,dominant_stable,0.1000,-0.1000,0.0000,persisted
rr_interval_4002_first_50000_001,25,50,40226,40250,40201,40250,1.0000,stable,stable,dominant_stable,dominant_stable,-0.0200,0.0200,0.0000,persisted
rr_interval_4002_first_50000_001,25,50,40251,40275,40251,40300,1.0000,stable,stable,dominant_stable,dominant_stable,0.0000,0.0000,0.0000,persisted
rr_interval_4002_first_50000_001,25,50,40276,40300,40251,40300,1.0000,stable,stable,dominant_stable,dominant_stable,0.0000,0.0000,0.0000,persisted
rr_interval_4002_first_50000_001,25,50,40301,40325,40301,40350,1.0000,stable,stable,dominant_stable,dominant_stable,0.0800,-0.0800,0.0000,persisted
rr_interval_4002_first_50000_001,25,50,40326,40350,40301,40350,1.0000,stable,stable,dominant_stable,dominant_stable,0.1200,-0.1200,0.0000,persisted
rr_interval_4002_first_50000_001,25,50,40351,40375,40351,40400,1.0000,stable,stable,dominant_stable,dominant_stable,-0.1400,0.1200,0.0200,persisted
rr_interval_4002_first_50000_001,25,50,40376,40400,40351,40400,1.0000,stable,stable,dominant_stable,dominant_stable,0.2200,-0.2000,-0.0200,persisted
rr_interval_4002_first_50000_001,25,50,40401,40425,40401,40450,1.0000,stable,stable,mixed,dominant_stable,0.2400,-0.1800,-0.0600,persisted
rr_interval_4002_first_50000_001,25,50,40426,40450,40401,40450,1.0000,stable,stable,dominant_stable,dominant_stable,-0.2000,0.1800,0.0200,persisted
rr_interval_4002_first_50000_001,25,50,40451,40475,40451,40500,1.0000,stable,stable,dominant_stable,dominant_stable,0.0600,-0.0800,0.0200,persisted
rr_interval_4002_first_50000_001,25,50,40476,40500,40451,40500,1.0000,stable,stable,dominant_stable,dominant_stable,0.0600,0.0000,-0.0600,persisted
rr_interval_4002_first_50000_001,25,50,40501,40525,40501,40550,1.0000,stable,stable,dominant_stable,dominant_stable,0.0600,0.0000,-0.0600,persisted
rr_interval_4002_first_50000_001,25,50,40526,40550,40501,40550,1.0000,stable,stable,dominant_stable,dominant_stable,0.2600,-0.2400,-0.0200,persisted
rr_interval_4002_first_50000_001,25,50,40551,40575,40551,40600,1.0000,stable,stable,dominant_stable,dominant_stable,0.1000,-0.0800,-0.0200,persisted
rr_interval_4002_first_50000_001,25,50,40576,40600,40551,40600,1.0000,stable,stable,dominant_stable,dominant_stable,0.2600,-0.2400,-0.0200,persisted
rr_interval_4002_first_50000_001,25,50,40601,40625,40601,40650,1.0000,stable,stable,dominant_stable,dominant_stable,-0.0400,0.0400,0.0000,persisted
rr_interval_4002_first_50000_001,25,50,40626,40650,40601,40650,1.0000,stable,stable,dominant_stable,dominant_stable,0.0400,0.0000,-0.0400,persisted
rr_interval_4002_first_50000_001,25,50,40651,40675,40651,40700,1.0000,stable,stable,dominant_stable,dominant_stable,0.0200,0.0000,-0.0200,persisted
rr_interval_4002_first_50000_001,25,50,40676,40700,40651,40700,1.0000,stable,stable,dominant_stable,dominant_stable,-0.0200,0.0000,0.0200,persisted
rr_interval_4002_first_50000_001,25,50,40701,40725,40701,40750,1.0000,stable,stable,dominant_stable,dominant_stable,0.2600,-0.2400,-0.0200,persisted
rr_interval_4002_first_50000_001,25,50,40726,40750,40701,40750,1.0000,stable,stable,dominant_stable,dominant_stable,0.1800,-0.1200,-0.0600,persisted
rr_interval_4002_first_50000_001,25,50,40751,40775,40751,40800,1.0000,stable,stable,dominant_stable,dominant_stable,0.1800,-0.1200,-0.0600,persisted
rr_interval_4002_first_50000_001,25,50,40776,40800,40751,40800,1.0000,stable,stable,dominant_stable,dominant_stable,-0.1000,0.0400,0.0600,persisted
rr_interval_4002_first_50000_001,25,50,40801,40825,40801,40850,1.0000,stable,stable,dominant_stable,dominant_stable,0.0600,0.0000,-0.0600,persisted
rr_interval_4002_first_50000_001,25,50,40826,40850,40801,40850,1.0000,stable,stable,dominant_stable,dominant_stable,0.1000,-0.1200,0.0200,persisted
rr_interval_4002_first_50000_001,25,50,40851,40875,40851,40900,1.0000,stable,stable,dominant_stable,dominant_stable,0.2400,-0.2400,0.0000,persisted
rr_interval_4002_first_50000_001,25,50,40876,40900,40851,40900,1.0000,stable,stable,dominant_stable,dominant_stable,0.1200,-0.0800,-0.0400,persisted
rr_interval_4002_first_50000_001,25,50,40901,40925,40901,40950,1.0000,stable,stable,dominant_stable,dominant_stable,0.1600,-0.1600,0.0000,persisted
rr_interval_4002_first_50000_001,25,50,40926,40950,40901,40950,1.0000,stable,stable,dominant_stable,dominant_stable,0.1200,-0.1200,0.0000,persisted
rr_interval_4002_first_50000_001,25,50,40951,40975,40951,41000,1.0000,stable,stable,dominant_stable,dominant_stable,-0.0200,0.0000,0.0200,persisted
rr_interval_4002_first_50000_001,25,50,40976,41000,40951,41000,1.0000,stable,stable,dominant_stable,dominant_stable,0.0200,0.0000,-0.0200,persisted
rr_interval_4002_first_50000_001,25,50,41001,41025,41001,41050,1.0000,stable,stable,dominant_stable,dominant_stable,0.0000,0.0000,0.0000,persisted
rr_interval_4002_first_50000_001,25,50,41026,41050,41001,41050,1.0000,stable,stable,dominant_stable,dominant_stable,0.0000,0.0000,0.0000,persisted
rr_interval_4002_first_50000_001,25,50,41051,41075,41051,41100,1.0000,stable,stable,dominant_stable,dominant_stable,0.0000,0.0000,0.0000,persisted
rr_interval_4002_first_50000_001,25,50,41076,41100,41051,41100,1.0000,stable,stable,dominant_stable,dominant_stable,0.0000,0.0000,0.0000,persisted
rr_interval_4002_first_50000_001,25,50,41101,41125,41101,41150,1.0000,stable,stable,dominant_stable,dominant_stable,0.1400,-0.1000,-0.0400,persisted
rr_interval_4002_first_50000_001,25,50,41126,41150,41101,41150,1.0000,stable,stable,dominant_stable,dominant_stable,-0.0200,0.0600,-0.0400,persisted
rr_interval_4002_first_50000_001,25,50,41151,41175,41151,41200,1.0000,stable,stable,dominant_stable,dominant_stable,0.1200,-0.0800,-0.0400,persisted
rr_interval_4002_first_50000_001,25,50,41176,41200,41151,41200,1.0000,stable,stable,dominant_stable,dominant_stable,0.1600,-0.1600,0.0000,persisted
rr_interval_4002_first_50000_001,25,50,41201,41225,41201,41250,1.0000,stable,stable,dominant_stable,dominant_stable,0.1600,-0.1600,0.0000,persisted
rr_interval_4002_first_50000_001,25,50,41226,41250,41201,41250,1.0000,stable,stable,dominant_stable,dominant_stable,0.1200,-0.1200,0.0000,persisted
rr_interval_4002_first_50000_001,25,50,41251,41275,41251,41300,1.0000,stable,stable,dominant_stable,dominant_stable,0.2000,-0.2000,0.0000,persisted
rr_interval_4002_first_50000_001,25,50,41276,41300,41251,41300,1.0000,stable,stable,dominant_stable,dominant_stable,0.1600,-0.1600,0.0000,persisted
rr_interval_4002_first_50000_001,25,50,41301,41325,41301,41350,1.0000,stable,stable,dominant_stable,dominant_stable,0.0600,-0.0600,0.0000,persisted
rr_interval_4002_first_50000_001,25,50,41326,41350,41301,41350,1.0000,stable,stable,dominant_stable,dominant_stable,-0.0600,0.1000,-0.0400,persisted
rr_interval_4002_first_50000_001,25,50,41351,41375,41351,41400,1.0000,stable,stable,dominant_stable,dominant_stable,0.3000,-0.3000,0.0000,persisted
rr_interval_4002_first_50000_001,25,50,41376,41400,41351,41400,1.0000,stable,stable,dominant_stable,dominant_stable,0.0200,0.0600,-0.0800,persisted
rr_interval_4002_first_50000_001,25,50,41401,41425,41401,41450,1.0000,stable,stable,dominant_stable,dominant_stable,0.0200,0.0000,-0.0200,persisted
rr_interval_4002_first_50000_001,25,50,41426,41450,41401,41450,1.0000,stable,stable,dominant_stable,dominant_stable,-0.0200,0.0000,0.0200,persisted
rr_interval_4002_first_50000_001,25,50,41451,41475,41451,41500,1.0000,stable,stable,dominant_stable,dominant_stable,0.0200,0.0000,-0.0200,persisted
rr_interval_4002_first_50000_001,25,50,41476,41500,41451,41500,1.0000,stable,stable,dominant_stable,dominant_stable,-0.0200,0.0000,0.0200,persisted
rr_interval_4002_first_50000_001,25,50,41501,41525,41501,41550,1.0000,stable,stable,dominant_stable,dominant_stable,0.1000,-0.0800,-0.0200,persisted
rr_interval_4002_first_50000_001,25,50,41526,41550,41501,41550,1.0000,stable,stable,dominant_stable,dominant_stable,0.0200,0.0000,-0.0200,persisted
rr_interval_4002_first_50000_001,25,50,41551,41575,41551,41600,1.0000,stable,stable,dominant_stable,dominant_stable,0.0000,0.0000,0.0000,persisted
rr_interval_4002_first_50000_001,25,50,41576,41600,41551,41600,1.0000,stable,stable,dominant_stable,dominant_stable,0.0000,0.0000,0.0000,persisted
rr_interval_4002_first_50000_001,25,50,41601,41625,41601,41650,1.0000,stable,stable,dominant_stable,dominant_stable,-0.0600,0.0400,0.0200,persisted
rr_interval_4002_first_50000_001,25,50,41626,41650,41601,41650,1.0000,stable,stable,dominant_stable,dominant_stable,0.1400,-0.1200,-0.0200,persisted
rr_interval_4002_first_50000_001,25,50,41651,41675,41651,41700,1.0000,stable,stable,dominant_stable,dominant_stable,0.0200,0.0000,-0.0200,persisted
rr_interval_4002_first_50000_001,25,50,41676,41700,41651,41700,1.0000,stable,stable,dominant_stable,dominant_stable,0.2200,-0.2000,-0.0200,persisted
rr_interval_4002_first_50000_001,25,50,41701,41725,41701,41750,1.0000,stable,stable,dominant_stable,dominant_stable,0.1600,-0.1200,-0.0400,persisted
rr_interval_4002_first_50000_001,25,50,41726,41750,41701,41750,1.0000,stable,stable,dominant_stable,dominant_stable,-0.0400,0.0000,0.0400,persisted
rr_interval_4002_first_50000_001,25,50,41751,41775,41751,41800,1.0000,stable,stable,dominant_stable,dominant_stable,-0.0200,0.0000,0.0200,persisted
rr_interval_4002_first_50000_001,25,50,41776,41800,41751,41800,1.0000,stable,stable,dominant_stable,dominant_stable,0.0200,0.0000,-0.0200,persisted
rr_interval_4002_first_50000_001,25,50,41801,41825,41801,41850,1.0000,stable,stable,dominant_stable,dominant_stable,0.2600,-0.2400,-0.0200,persisted
rr_interval_4002_first_50000_001,25,50,41826,41850,41801,41850,1.0000,stable,stable,dominant_stable,dominant_stable,-0.0200,0.0000,0.0200,persisted
rr_interval_4002_first_50000_001,25,50,41851,41875,41851,41900,1.0000,stable,stable,dominant_stable,dominant_stable,0.1600,-0.1200,-0.0400,persisted
rr_interval_4002_first_50000_001,25,50,41876,41900,41851,41900,1.0000,stable,stable,dominant_stable,dominant_stable,-0.0400,0.0400,0.0000,persisted
rr_interval_4002_first_50000_001,25,50,41901,41925,41901,41950,1.0000,stable,stable,dominant_stable,dominant_stable,-0.0600,0.0600,0.0000,persisted
rr_interval_4002_first_50000_001,25,50,41926,41950,41901,41950,1.0000,stable,stable,dominant_stable,dominant_stable,0.0600,-0.0600,0.0000,persisted
rr_interval_4002_first_50000_001,25,50,41951,41975,41951,42000,1.0000,stable,stable,dominant_stable,dominant_stable,0.0000,0.0400,-0.0400,persisted
rr_interval_4002_first_50000_001,25,50,41976,42000,41951,42000,1.0000,stable,stable,dominant_stable,dominant_stable,0.0000,0.0400,-0.0400,persisted
rr_interval_4002_first_50000_001,25,50,42001,42025,42001,42050,1.0000,stable,stable,dominant_stable,dominant_stable,-0.0200,0.0400,-0.0200,persisted
rr_interval_4002_first_50000_001,25,50,42026,42050,42001,42050,1.0000,stable,stable,dominant_stable,dominant_stable,0.0200,0.0400,-0.0600,persisted
rr_interval_4002_first_50000_001,25,50,42051,42075,42051,42100,1.0000,stable,stable,dominant_stable,dominant_stable,0.2000,-0.2400,0.0400,persisted
rr_interval_4002_first_50000_001,25,50,42076,42100,42051,42100,1.0000,stable,stable,dominant_stable,dominant_stable,0.0400,0.0000,-0.0400,persisted
rr_interval_4002_first_50000_001,25,50,42101,42125,42101,42150,1.0000,stable,stable,dominant_stable,dominant_stable,0.2200,-0.2200,0.0000,persisted
rr_interval_4002_first_50000_001,25,50,42126,42150,42101,42150,1.0000,stable,stable,dominant_stable,dominant_stable,-0.1000,0.1000,0.0000,persisted
rr_interval_4002_first_50000_001,25,50,42151,42175,42151,42200,1.0000,stable,stable,dominant_stable,dominant_stable,0.0000,0.0000,0.0000,persisted
rr_interval_4002_first_50000_001,25,50,42176,42200,42151,42200,1.0000,stable,stable,dominant_stable,dominant_stable,0.1200,-0.1200,0.0000,persisted
rr_interval_4002_first_50000_001,25,50,42201,42225,42201,42250,1.0000,stable,stable,dominant_stable,dominant_stable,-0.0200,0.0400,-0.0200,persisted
rr_interval_4002_first_50000_001,25,50,42226,42250,42201,42250,1.0000,stable,stable,dominant_stable,dominant_stable,0.0200,0.0400,-0.0600,persisted
rr_interval_4002_first_50000_001,25,50,42251,42275,42251,42300,1.0000,stable,stable,dominant_stable,dominant_stable,0.0000,0.0000,0.0000,persisted
rr_interval_4002_first_50000_001,25,50,42276,42300,42251,42300,1.0000,stable,stable,dominant_stable,dominant_stable,0.0000,0.0000,0.0000,persisted
rr_interval_4002_first_50000_001,25,50,42301,42325,42301,42350,1.0000,stable,stable,dominant_stable,dominant_stable,0.0000,0.0000,0.0000,persisted
rr_interval_4002_first_50000_001,25,50,42326,42350,42301,42350,1.0000,stable,stable,dominant_stable,dominant_stable,0.0000,0.0000,0.0000,persisted
rr_interval_4002_first_50000_001,25,50,42351,42375,42351,42400,1.0000,stable,stable,dominant_stable,dominant_stable,0.2200,-0.2000,-0.0200,persisted
rr_interval_4002_first_50000_001,25,50,42376,42400,42351,42400,1.0000,stable,stable,dominant_stable,dominant_stable,0.1400,-0.1200,-0.0200,persisted
rr_interval_4002_first_50000_001,25,50,42401,42425,42401,42450,1.0000,stable,stable,dominant_stable,dominant_stable,0.0800,-0.0800,0.0000,persisted
rr_interval_4002_first_50000_001,25,50,42426,42450,42401,42450,1.0000,stable,stable,dominant_stable,dominant_stable,0.1600,-0.1600,0.0000,persisted
rr_interval_4002_first_50000_001,25,50,42451,42475,42451,42500,1.0000,stable,stable,dominant_stable,dominant_stable,0.1200,-0.0400,-0.0800,persisted
rr_interval_4002_first_50000_001,25,50,42476,42500,42451,42500,1.0000,stable,stable,dominant_stable,dominant_stable,0.0000,0.0800,-0.0800,persisted
rr_interval_4002_first_50000_001,25,50,42501,42525,42501,42550,1.0000,stable,stable,dominant_stable,dominant_stable,0.1200,-0.1200,0.0000,persisted
rr_interval_4002_first_50000_001,25,50,42526,42550,42501,42550,1.0000,stable,stable,dominant_stable,dominant_stable,-0.1200,0.1200,0.0000,persisted
rr_interval_4002_first_50000_001,25,50,42551,42575,42551,42600,1.0000,stable,stable,dominant_stable,dominant_stable,0.0000,0.0000,0.0000,persisted
rr_interval_4002_first_50000_001,25,50,42576,42600,42551,42600,1.0000,stable,stable,dominant_stable,dominant_stable,0.0000,0.0000,0.0000,persisted
rr_interval_4002_first_50000_001,25,50,42601,42625,42601,42650,1.0000,stable,stable,dominant_stable,dominant_stable,-0.0400,0.0600,-0.0200,persisted
rr_interval_4002_first_50000_001,25,50,42626,42650,42601,42650,1.0000,stable,stable,dominant_stable,dominant_stable,0.1200,-0.1000,-0.0200,persisted
rr_interval_4002_first_50000_001,25,50,42651,42675,42651,42700,1.0000,stable,stable,dominant_stable,dominant_stable,0.0000,0.0000,0.0000,persisted
rr_interval_4002_first_50000_001,25,50,42676,42700,42651,42700,1.0000,stable,stable,dominant_stable,dominant_stable,0.0000,0.0000,0.0000,persisted
rr_interval_4002_first_50000_001,25,50,42701,42725,42701,42750,1.0000,stable,stable,dominant_stable,dominant_stable,0.0000,0.0000,0.0000,persisted
rr_interval_4002_first_50000_001,25,50,42726,42750,42701,42750,1.0000,stable,stable,dominant_stable,dominant_stable,0.0000,0.0000,0.0000,persisted
rr_interval_4002_first_50000_001,25,50,42751,42775,42751,42800,1.0000,stable,stable,dominant_stable,dominant_stable,0.0000,0.0000,0.0000,persisted
rr_interval_4002_first_50000_001,25,50,42776,42800,42751,42800,1.0000,stable,stable,dominant_stable,dominant_stable,0.0000,0.0000,0.0000,persisted
rr_interval_4002_first_50000_001,25,50,42801,42825,42801,42850,1.0000,stable,stable,dominant_stable,dominant_stable,0.0000,0.0000,0.0000,persisted
rr_interval_4002_first_50000_001,25,50,42826,42850,42801,42850,1.0000,stable,stable,dominant_stable,dominant_stable,0.0000,0.0000,0.0000,persisted
rr_interval_4002_first_50000_001,25,50,42851,42875,42851,42900,1.0000,stable,stable,dominant_stable,dominant_stable,0.0600,-0.0400,-0.0200,persisted
rr_interval_4002_first_50000_001,25,50,42876,42900,42851,42900,1.0000,stable,stable,dominant_stable,dominant_stable,-0.0600,0.0400,0.0200,persisted
rr_interval_4002_first_50000_001,25,50,42901,42925,42901,42950,1.0000,stable,stable,dominant_stable,dominant_stable,0.0200,0.0000,-0.0200,persisted
rr_interval_4002_first_50000_001,25,50,42926,42950,42901,42950,1.0000,stable,stable,dominant_stable,dominant_stable,-0.0200,0.0000,0.0200,persisted
rr_interval_4002_first_50000_001,25,50,42951,42975,42951,43000,1.0000,stable,stable,dominant_stable,dominant_stable,0.0000,0.0000,0.0000,persisted
rr_interval_4002_first_50000_001,25,50,42976,43000,42951,43000,1.0000,stable,stable,dominant_stable,dominant_stable,0.0000,0.0000,0.0000,persisted
rr_interval_4002_first_50000_001,25,50,43001,43025,43001,43050,1.0000,stable,stable,dominant_stable,dominant_stable,0.0000,0.0000,0.0000,persisted
rr_interval_4002_first_50000_001,25,50,43026,43050,43001,43050,1.0000,stable,stable,dominant_stable,dominant_stable,0.0000,0.0000,0.0000,persisted
rr_interval_4002_first_50000_001,25,50,43051,43075,43051,43100,1.0000,stable,stable,dominant_stable,dominant_stable,0.0000,0.0000,0.0000,persisted
rr_interval_4002_first_50000_001,25,50,43076,43100,43051,43100,1.0000,stable,stable,dominant_stable,dominant_stable,0.0000,0.0000,0.0000,persisted
rr_interval_4002_first_50000_001,25,50,43101,43125,43101,43150,1.0000,stable,stable,dominant_stable,dominant_stable,0.0600,0.0600,-0.1200,persisted
rr_interval_4002_first_50000_001,25,50,43126,43150,43101,43150,1.0000,stable,stable,dominant_stable,dominant_stable,0.1800,-0.1400,-0.0400,persisted
rr_interval_4002_first_50000_001,25,50,43151,43175,43151,43200,1.0000,stable,stable,dominant_stable,dominant_stable,0.0800,-0.0800,0.0000,persisted
rr_interval_4002_first_50000_001,25,50,43176,43200,43151,43200,1.0000,stable,stable,dominant_stable,dominant_stable,0.3600,-0.3600,0.0000,persisted
rr_interval_4002_first_50000_001,25,50,43201,43225,43201,43250,1.0000,stable,stable,dominant_stable,dominant_stable,0.1000,-0.0200,-0.0800,persisted
rr_interval_4002_first_50000_001,25,50,43226,43250,43201,43250,1.0000,stable,stable,dominant_stable,dominant_stable,-0.0600,0.1000,-0.0400,persisted
rr_interval_4002_first_50000_001,25,50,43251,43275,43251,43300,1.0000,stable,stable,dominant_stable,dominant_stable,-0.1000,0.1000,0.0000,persisted
rr_interval_4002_first_50000_001,25,50,43276,43300,43251,43300,1.0000,stable,stable,dominant_stable,dominant_stable,0.2200,-0.2200,0.0000,persisted
rr_interval_4002_first_50000_001,25,50,43301,43325,43301,43350,1.0000,stable,stable,dominant_stable,dominant_stable,0.1600,-0.1600,0.0000,persisted
rr_interval_4002_first_50000_001,25,50,43326,43350,43301,43350,1.0000,stable,stable,dominant_stable,dominant_stable,0.3200,-0.2800,-0.0400,persisted
rr_interval_4002_first_50000_001,25,50,43351,43375,43351,43400,1.0000,stable,stable,dominant_stable,dominant_stable,0.1200,-0.0800,-0.0400,persisted
rr_interval_4002_first_50000_001,25,50,43376,43400,43351,43400,1.0000,stable,stable,dominant_stable,dominant_stable,0.2000,-0.2000,0.0000,persisted
rr_interval_4002_first_50000_001,25,50,43401,43425,43401,43450,1.0000,stable,stable,dominant_stable,dominant_stable,0.1000,-0.0200,-0.0800,persisted
rr_interval_4002_first_50000_001,25,50,43426,43450,43401,43450,1.0000,stable,stable,dominant_stable,dominant_stable,0.0600,0.0200,-0.0800,persisted
rr_interval_4002_first_50000_001,25,50,43451,43475,43451,43500,1.0000,stable,stable,dominant_stable,dominant_stable,0.2800,-0.2800,0.0000,persisted
rr_interval_4002_first_50000_001,25,50,43476,43500,43451,43500,1.0000,stable,stable,dominant_stable,dominant_stable,0.1600,-0.1600,0.0000,persisted
rr_interval_4002_first_50000_001,25,50,43501,43525,43501,43550,1.0000,middle,stable,dominant_middle,dominant_stable,0.4000,-0.3800,-0.0200,smoothed
rr_interval_4002_first_50000_001,25,50,43526,43550,43501,43550,1.0000,stable,stable,dominant_stable,dominant_stable,-0.2400,0.2200,0.0200,persisted
rr_interval_4002_first_50000_001,25,50,43551,43575,43551,43600,1.0000,stable,stable,dominant_stable,dominant_stable,-0.0200,0.0000,0.0200,persisted
rr_interval_4002_first_50000_001,25,50,43576,43600,43551,43600,1.0000,stable,stable,dominant_stable,dominant_stable,0.0200,0.0000,-0.0200,persisted
rr_interval_4002_first_50000_001,25,50,43601,43625,43601,43650,1.0000,stable,stable,dominant_stable,dominant_stable,-0.0200,0.0000,0.0200,persisted
rr_interval_4002_first_50000_001,25,50,43626,43650,43601,43650,1.0000,stable,stable,dominant_stable,dominant_stable,0.0200,0.0000,-0.0200,persisted
rr_interval_4002_first_50000_001,25,50,43651,43675,43651,43700,1.0000,stable,stable,dominant_stable,dominant_stable,0.1200,-0.0800,-0.0400,persisted
rr_interval_4002_first_50000_001,25,50,43676,43700,43651,43700,1.0000,stable,stable,dominant_stable,dominant_stable,-0.0400,0.0000,0.0400,persisted
rr_interval_4002_first_50000_001,25,50,43701,43725,43701,43750,1.0000,stable,stable,dominant_stable,dominant_stable,0.0400,-0.0800,0.0400,persisted
rr_interval_4002_first_50000_001,25,50,43726,43750,43701,43750,1.0000,stable,stable,dominant_stable,dominant_stable,0.2000,-0.1600,-0.0400,persisted
rr_interval_4002_first_50000_001,25,50,43751,43775,43751,43800,1.0000,stable,stable,dominant_stable,dominant_stable,0.1200,-0.0800,-0.0400,persisted
rr_interval_4002_first_50000_001,25,50,43776,43800,43751,43800,1.0000,stable,stable,dominant_stable,dominant_stable,0.0800,0.0000,-0.0800,persisted
rr_interval_4002_first_50000_001,25,50,43801,43825,43801,43850,1.0000,stable,stable,dominant_stable,dominant_stable,0.1000,-0.1000,0.0000,persisted
rr_interval_4002_first_50000_001,25,50,43826,43850,43801,43850,1.0000,stable,stable,dominant_stable,dominant_stable,0.1000,-0.0600,-0.0400,persisted
rr_interval_4002_first_50000_001,25,50,43851,43875,43851,43900,1.0000,stable,stable,dominant_stable,dominant_stable,0.2000,-0.1200,-0.0800,persisted
rr_interval_4002_first_50000_001,25,50,43876,43900,43851,43900,1.0000,stable,stable,dominant_stable,dominant_stable,0.2400,-0.2400,0.0000,persisted
rr_interval_4002_first_50000_001,25,50,43901,43925,43901,43950,1.0000,stable,stable,dominant_stable,dominant_stable,0.0800,-0.0400,-0.0400,persisted
rr_interval_4002_first_50000_001,25,50,43926,43950,43901,43950,1.0000,stable,stable,dominant_stable,dominant_stable,0.2400,-0.2000,-0.0400,persisted
rr_interval_4002_first_50000_001,25,50,43951,43975,43951,44000,1.0000,stable,stable,dominant_stable,dominant_stable,0.2800,-0.2000,-0.0800,persisted
rr_interval_4002_first_50000_001,25,50,43976,44000,43951,44000,1.0000,stable,stable,dominant_stable,dominant_stable,0.0800,-0.1200,0.0400,persisted
rr_interval_4002_first_50000_001,25,50,44001,44025,44001,44050,1.0000,stable,stable,dominant_stable,dominant_stable,0.0800,0.0000,-0.0800,persisted
rr_interval_4002_first_50000_001,25,50,44026,44050,44001,44050,1.0000,stable,stable,dominant_stable,dominant_stable,0.1200,-0.1200,0.0000,persisted
rr_interval_4002_first_50000_001,25,50,44051,44075,44051,44100,1.0000,stable,stable,dominant_stable,dominant_stable,0.0000,0.0000,0.0000,persisted
rr_interval_4002_first_50000_001,25,50,44076,44100,44051,44100,1.0000,stable,stable,dominant_stable,dominant_stable,0.0000,0.0000,0.0000,persisted
rr_interval_4002_first_50000_001,25,50,44101,44125,44101,44150,1.0000,stable,stable,dominant_stable,dominant_stable,0.0600,-0.0800,0.0200,persisted
rr_interval_4002_first_50000_001,25,50,44126,44150,44101,44150,1.0000,stable,stable,dominant_stable,dominant_stable,0.1400,-0.1200,-0.0200,persisted
rr_interval_4002_first_50000_001,25,50,44151,44175,44151,44200,1.0000,stable,stable,dominant_stable,dominant_stable,0.0400,-0.0400,0.0000,persisted
rr_interval_4002_first_50000_001,25,50,44176,44200,44151,44200,1.0000,stable,stable,dominant_stable,dominant_stable,-0.0400,0.0400,0.0000,persisted
rr_interval_4002_first_50000_001,25,50,44201,44225,44201,44250,1.0000,stable,stable,dominant_stable,dominant_stable,-0.1000,0.1000,0.0000,persisted
rr_interval_4002_first_50000_001,25,50,44226,44250,44201,44250,1.0000,stable,stable,dominant_stable,dominant_stable,0.1000,-0.0600,-0.0400,persisted
rr_interval_4002_first_50000_001,25,50,44251,44275,44251,44300,1.0000,stable,stable,mixed,dominant_stable,0.3400,-0.3000,-0.0400,persisted
rr_interval_4002_first_50000_001,25,50,44276,44300,44251,44300,1.0000,stable,stable,dominant_stable,dominant_stable,0.2600,-0.2200,-0.0400,persisted
rr_interval_4002_first_50000_001,25,50,44301,44325,44301,44350,1.0000,stable,stable,dominant_stable,dominant_stable,0.0800,-0.0400,-0.0400,persisted
rr_interval_4002_first_50000_001,25,50,44326,44350,44301,44350,1.0000,stable,stable,dominant_stable,dominant_stable,-0.0400,0.0400,0.0000,persisted
rr_interval_4002_first_50000_001,25,50,44351,44375,44351,44400,1.0000,stable,stable,dominant_stable,dominant_stable,0.0200,-0.0200,0.0000,persisted
rr_interval_4002_first_50000_001,25,50,44376,44400,44351,44400,1.0000,stable,stable,dominant_stable,dominant_stable,0.0600,-0.0200,-0.0400,persisted
rr_interval_4002_first_50000_001,25,50,44401,44425,44401,44450,1.0000,stable,stable,dominant_stable,dominant_stable,0.0800,-0.0400,-0.0400,persisted
rr_interval_4002_first_50000_001,25,50,44426,44450,44401,44450,1.0000,stable,stable,dominant_stable,dominant_stable,0.1200,-0.1200,0.0000,persisted
rr_interval_4002_first_50000_001,25,50,44451,44475,44451,44500,1.0000,stable,stable,dominant_stable,dominant_stable,-0.0600,0.1000,-0.0400,persisted
rr_interval_4002_first_50000_001,25,50,44476,44500,44451,44500,1.0000,stable,stable,dominant_stable,dominant_stable,0.0600,-0.0600,0.0000,persisted
rr_interval_4002_first_50000_001,25,50,44501,44525,44501,44550,1.0000,stable,stable,dominant_stable,dominant_stable,0.0200,0.0200,-0.0400,persisted
rr_interval_4002_first_50000_001,25,50,44526,44550,44501,44550,1.0000,stable,stable,dominant_stable,dominant_stable,-0.0200,0.0200,0.0000,persisted
rr_interval_4002_first_50000_001,25,50,44551,44575,44551,44600,1.0000,stable,stable,dominant_stable,dominant_stable,-0.1000,0.1000,0.0000,persisted
rr_interval_4002_first_50000_001,25,50,44576,44600,44551,44600,1.0000,stable,stable,dominant_stable,dominant_stable,0.1000,-0.1000,0.0000,persisted
rr_interval_4002_first_50000_001,25,50,44601,44625,44601,44650,1.0000,stable,stable,dominant_stable,dominant_stable,0.2600,-0.1600,-0.1000,persisted
rr_interval_4002_first_50000_001,25,50,44626,44650,44601,44650,1.0000,stable,stable,dominant_stable,dominant_stable,0.0200,-0.0400,0.0200,persisted
rr_interval_4002_first_50000_001,25,50,44651,44675,44651,44700,1.0000,stable,stable,dominant_stable,dominant_stable,0.0400,0.0000,-0.0400,persisted
rr_interval_4002_first_50000_001,25,50,44676,44700,44651,44700,1.0000,stable,stable,dominant_stable,dominant_stable,0.2000,-0.2000,0.0000,persisted
rr_interval_4002_first_50000_001,25,50,44701,44725,44701,44750,1.0000,stable,stable,dominant_stable,dominant_stable,0.0600,-0.0200,-0.0400,persisted
rr_interval_4002_first_50000_001,25,50,44726,44750,44701,44750,1.0000,stable,stable,dominant_stable,dominant_stable,0.1000,-0.0600,-0.0400,persisted
rr_interval_4002_first_50000_001,25,50,44751,44775,44751,44800,1.0000,stable,stable,dominant_stable,dominant_stable,0.0000,0.0800,-0.0800,persisted
rr_interval_4002_first_50000_001,25,50,44776,44800,44751,44800,1.0000,stable,stable,dominant_stable,dominant_stable,0.1200,-0.0400,-0.0800,persisted
rr_interval_4002_first_50000_001,25,50,44801,44825,44801,44850,1.0000,middle,stable,mixed,dominant_stable,0.4400,-0.3800,-0.0600,smoothed
rr_interval_4002_first_50000_001,25,50,44826,44850,44801,44850,1.0000,stable,stable,dominant_stable,dominant_stable,0.2400,-0.2200,-0.0200,persisted
rr_interval_4002_first_50000_001,25,50,44851,44875,44851,44900,1.0000,stable,stable,mixed,dominant_stable,0.3400,-0.3800,0.0400,persisted
rr_interval_4002_first_50000_001,25,50,44876,44900,44851,44900,1.0000,stable,stable,dominant_stable,dominant_stable,0.1400,-0.0200,-0.1200,persisted
rr_interval_4002_first_50000_001,25,50,44901,44925,44901,44950,1.0000,stable,stable,dominant_stable,dominant_stable,-0.0200,0.0000,0.0200,persisted
rr_interval_4002_first_50000_001,25,50,44926,44950,44901,44950,1.0000,stable,stable,dominant_stable,dominant_stable,0.1400,-0.1200,-0.0200,persisted
rr_interval_4002_first_50000_001,25,50,44951,44975,44951,45000,1.0000,stable,stable,dominant_stable,dominant_stable,0.1200,-0.0800,-0.0400,persisted
rr_interval_4002_first_50000_001,25,50,44976,45000,44951,45000,1.0000,stable,stable,dominant_stable,dominant_stable,0.2000,-0.1600,-0.0400,persisted
rr_interval_4002_first_50000_001,25,50,45001,45025,45001,45050,1.0000,stable,stable,dominant_stable,dominant_stable,0.1200,-0.1200,0.0000,persisted
rr_interval_4002_first_50000_001,25,50,45026,45050,45001,45050,1.0000,stable,stable,dominant_stable,dominant_stable,0.1200,-0.1200,0.0000,persisted
rr_interval_4002_first_50000_001,25,50,45051,45075,45051,45100,1.0000,stable,stable,dominant_stable,dominant_stable,-0.0200,0.0400,-0.0200,persisted
rr_interval_4002_first_50000_001,25,50,45076,45100,45051,45100,1.0000,stable,stable,dominant_stable,dominant_stable,0.1400,-0.1200,-0.0200,persisted
rr_interval_4002_first_50000_001,25,50,45101,45125,45101,45150,1.0000,stable,stable,dominant_stable,dominant_stable,0.0800,-0.0400,-0.0400,persisted
rr_interval_4002_first_50000_001,25,50,45126,45150,45101,45150,1.0000,stable,stable,dominant_stable,dominant_stable,0.0400,0.0400,-0.0800,persisted
rr_interval_4002_first_50000_001,25,50,45151,45175,45151,45200,1.0000,stable,stable,dominant_stable,dominant_stable,0.0200,0.0600,-0.0800,persisted
rr_interval_4002_first_50000_001,25,50,45176,45200,45151,45200,1.0000,stable,stable,dominant_stable,dominant_stable,0.2200,-0.2200,0.0000,persisted
rr_interval_4002_first_50000_001,25,50,45201,45225,45201,45250,1.0000,stable,stable,dominant_stable,dominant_stable,-0.0400,0.0000,0.0400,persisted
rr_interval_4002_first_50000_001,25,50,45226,45250,45201,45250,1.0000,stable,stable,dominant_stable,dominant_stable,0.1200,-0.0800,-0.0400,persisted
rr_interval_4002_first_50000_001,25,50,45251,45275,45251,45300,1.0000,stable,stable,dominant_stable,dominant_stable,0.0200,0.0400,-0.0600,persisted
rr_interval_4002_first_50000_001,25,50,45276,45300,45251,45300,1.0000,stable,stable,dominant_stable,dominant_stable,0.1000,-0.0400,-0.0600,persisted
rr_interval_4002_first_50000_001,25,50,45301,45325,45301,45350,1.0000,middle,stable,dominant_middle,dominant_stable,0.5600,-0.5400,-0.0200,smoothed
rr_interval_4002_first_50000_001,25,50,45326,45350,45301,45350,1.0000,stable,stable,dominant_stable,dominant_stable,0.3200,-0.3000,-0.0200,persisted
rr_interval_4002_first_50000_001,25,50,45351,45375,45351,45400,1.0000,stable,stable,dominant_stable,dominant_stable,0.1200,-0.0600,-0.0600,persisted
rr_interval_4002_first_50000_001,25,50,45376,45400,45351,45400,1.0000,stable,stable,dominant_stable,dominant_stable,0.1200,-0.1400,0.0200,persisted
rr_interval_4002_first_50000_001,25,50,45401,45425,45401,45450,1.0000,stable,stable,dominant_stable,dominant_stable,0.0800,-0.0800,0.0000,persisted
rr_interval_4002_first_50000_001,25,50,45426,45450,45401,45450,1.0000,stable,stable,dominant_stable,dominant_stable,0.2800,-0.2400,-0.0400,persisted
rr_interval_4002_first_50000_001,25,50,45451,45475,45451,45500,1.0000,stable,stable,dominant_stable,dominant_stable,0.1600,-0.1600,0.0000,persisted
rr_interval_4002_first_50000_001,25,50,45476,45500,45451,45500,1.0000,stable,stable,dominant_stable,dominant_stable,-0.1600,0.1600,0.0000,persisted
rr_interval_4002_first_50000_001,25,50,45501,45525,45501,45550,1.0000,stable,stable,dominant_stable,dominant_stable,0.1000,-0.1000,0.0000,persisted
rr_interval_4002_first_50000_001,25,50,45526,45550,45501,45550,1.0000,stable,stable,dominant_stable,dominant_stable,-0.1000,0.1000,0.0000,persisted
rr_interval_4002_first_50000_001,25,50,45551,45575,45551,45600,1.0000,stable,stable,dominant_stable,dominant_stable,0.0000,0.0000,0.0000,persisted
rr_interval_4002_first_50000_001,25,50,45576,45600,45551,45600,1.0000,stable,stable,dominant_stable,dominant_stable,0.0000,0.0000,0.0000,persisted
rr_interval_4002_first_50000_001,25,50,45601,45625,45601,45650,1.0000,stable,stable,dominant_stable,dominant_stable,0.0000,0.0000,0.0000,persisted
rr_interval_4002_first_50000_001,25,50,45626,45650,45601,45650,1.0000,stable,stable,dominant_stable,dominant_stable,0.0000,0.0000,0.0000,persisted
rr_interval_4002_first_50000_001,25,50,45651,45675,45651,45700,1.0000,stable,stable,dominant_stable,dominant_stable,0.1000,-0.0800,-0.0200,persisted
rr_interval_4002_first_50000_001,25,50,45676,45700,45651,45700,1.0000,stable,stable,dominant_stable,dominant_stable,0.3000,-0.2800,-0.0200,persisted
rr_interval_4002_first_50000_001,25,50,45701,45725,45701,45750,1.0000,stable,stable,dominant_stable,dominant_stable,0.0200,0.0400,-0.0600,persisted
rr_interval_4002_first_50000_001,25,50,45726,45750,45701,45750,1.0000,stable,stable,dominant_stable,dominant_stable,0.0200,0.0400,-0.0600,persisted
rr_interval_4002_first_50000_001,25,50,45751,45775,45751,45800,1.0000,stable,stable,dominant_stable,dominant_stable,0.2800,-0.2400,-0.0400,persisted
rr_interval_4002_first_50000_001,25,50,45776,45800,45751,45800,1.0000,stable,stable,dominant_stable,dominant_stable,0.2400,-0.2000,-0.0400,persisted
rr_interval_4002_first_50000_001,25,50,45801,45825,45801,45850,1.0000,stable,stable,dominant_stable,dominant_stable,0.1400,-0.1000,-0.0400,persisted
rr_interval_4002_first_50000_001,25,50,45826,45850,45801,45850,1.0000,stable,stable,dominant_stable,dominant_stable,0.2200,-0.2200,0.0000,persisted
rr_interval_4002_first_50000_001,25,50,45851,45875,45851,45900,1.0000,stable,stable,dominant_stable,dominant_stable,0.2600,-0.2600,0.0000,persisted
rr_interval_4002_first_50000_001,25,50,45876,45900,45851,45900,1.0000,stable,stable,dominant_stable,dominant_stable,-0.1400,0.1400,0.0000,persisted
rr_interval_4002_first_50000_001,25,50,45901,45925,45901,45950,1.0000,stable,stable,dominant_stable,dominant_stable,0.0600,-0.0400,-0.0200,persisted
rr_interval_4002_first_50000_001,25,50,45926,45950,45901,45950,1.0000,stable,stable,dominant_stable,dominant_stable,-0.0600,0.0400,0.0200,persisted
rr_interval_4002_first_50000_001,25,50,45951,45975,45951,46000,1.0000,stable,stable,dominant_stable,dominant_stable,-0.0200,0.0400,-0.0200,persisted
rr_interval_4002_first_50000_001,25,50,45976,46000,45951,46000,1.0000,stable,stable,dominant_stable,dominant_stable,0.1400,-0.0800,-0.0600,persisted
rr_interval_4002_first_50000_001,25,50,46001,46025,46001,46050,1.0000,stable,stable,dominant_stable,dominant_stable,-0.0400,0.0000,0.0400,persisted
rr_interval_4002_first_50000_001,25,50,46026,46050,46001,46050,1.0000,stable,stable,dominant_stable,dominant_stable,0.0400,0.0000,-0.0400,persisted
rr_interval_4002_first_50000_001,25,50,46051,46075,46051,46100,1.0000,stable,stable,dominant_stable,dominant_stable,0.2600,-0.2600,0.0000,persisted
rr_interval_4002_first_50000_001,25,50,46076,46100,46051,46100,1.0000,stable,stable,dominant_stable,dominant_stable,-0.0200,0.0600,-0.0400,persisted
rr_interval_4002_first_50000_001,25,50,46101,46125,46101,46150,1.0000,stable,stable,dominant_stable,dominant_stable,0.0600,-0.0200,-0.0400,persisted
rr_interval_4002_first_50000_001,25,50,46126,46150,46101,46150,1.0000,stable,stable,dominant_stable,dominant_stable,0.0200,0.0200,-0.0400,persisted
rr_interval_4002_first_50000_001,25,50,46151,46175,46151,46200,1.0000,stable,stable,dominant_stable,dominant_stable,-0.0600,0.1000,-0.0400,persisted
rr_interval_4002_first_50000_001,25,50,46176,46200,46151,46200,1.0000,stable,stable,dominant_stable,dominant_stable,0.1400,-0.1400,0.0000,persisted
rr_interval_4002_first_50000_001,25,50,46201,46225,46201,46250,1.0000,stable,stable,dominant_stable,dominant_stable,-0.1600,0.1200,0.0400,persisted
rr_interval_4002_first_50000_001,25,50,46226,46250,46201,46250,1.0000,middle,stable,mixed,dominant_stable,0.4000,-0.3600,-0.0400,smoothed
rr_interval_4002_first_50000_001,25,50,46251,46275,46251,46300,1.0000,stable,stable,dominant_stable,dominant_stable,0.0400,-0.0400,0.0000,persisted
rr_interval_4002_first_50000_001,25,50,46276,46300,46251,46300,1.0000,stable,stable,dominant_stable,dominant_stable,-0.0400,0.0400,0.0000,persisted
rr_interval_4002_first_50000_001,25,50,46301,46325,46301,46350,1.0000,stable,stable,dominant_stable,dominant_stable,0.1600,-0.1200,-0.0400,persisted
rr_interval_4002_first_50000_001,25,50,46326,46350,46301,46350,1.0000,stable,stable,dominant_stable,dominant_stable,0.2000,-0.2000,0.0000,persisted
rr_interval_4002_first_50000_001,25,50,46351,46375,46351,46400,1.0000,stable,stable,dominant_stable,dominant_stable,0.2200,-0.2000,-0.0200,persisted
rr_interval_4002_first_50000_001,25,50,46376,46400,46351,46400,1.0000,stable,stable,dominant_stable,dominant_stable,0.2600,-0.2400,-0.0200,persisted
rr_interval_4002_first_50000_001,25,50,46401,46425,46401,46450,1.0000,stable,stable,dominant_stable,dominant_stable,0.0200,0.0200,-0.0400,persisted
rr_interval_4002_first_50000_001,25,50,46426,46450,46401,46450,1.0000,stable,stable,dominant_stable,dominant_stable,-0.0200,0.1000,-0.0800,persisted
rr_interval_4002_first_50000_001,25,50,46451,46475,46451,46500,1.0000,stable,stable,dominant_stable,dominant_stable,0.0800,0.0000,-0.0800,persisted
rr_interval_4002_first_50000_001,25,50,46476,46500,46451,46500,1.0000,stable,stable,dominant_stable,dominant_stable,0.0000,0.0000,0.0000,persisted
rr_interval_4002_first_50000_001,25,50,46501,46525,46501,46550,1.0000,stable,stable,dominant_stable,dominant_stable,-0.0800,0.0600,0.0200,persisted
rr_interval_4002_first_50000_001,25,50,46526,46550,46501,46550,1.0000,stable,stable,dominant_stable,dominant_stable,0.0800,-0.0600,-0.0200,persisted
rr_interval_4002_first_50000_001,25,50,46551,46575,46551,46600,1.0000,stable,stable,dominant_stable,dominant_stable,0.0400,0.0000,-0.0400,persisted
rr_interval_4002_first_50000_001,25,50,46576,46600,46551,46600,1.0000,stable,stable,dominant_stable,dominant_stable,0.2000,-0.2000,0.0000,persisted
rr_interval_4002_first_50000_001,25,50,46601,46625,46601,46650,1.0000,stable,stable,dominant_stable,dominant_stable,0.0000,0.0400,-0.0400,persisted
rr_interval_4002_first_50000_001,25,50,46626,46650,46601,46650,1.0000,stable,stable,mixed,dominant_stable,0.4000,-0.4000,0.0000,persisted
rr_interval_4002_first_50000_001,25,50,46651,46675,46651,46700,1.0000,stable,stable,dominant_stable,dominant_stable,-0.0200,0.0400,-0.0200,persisted
rr_interval_4002_first_50000_001,25,50,46676,46700,46651,46700,1.0000,stable,stable,dominant_stable,dominant_stable,0.0200,-0.0400,0.0200,persisted
rr_interval_4002_first_50000_001,25,50,46701,46725,46701,46750,1.0000,stable,stable,dominant_stable,dominant_stable,-0.0200,0.0600,-0.0400,persisted
rr_interval_4002_first_50000_001,25,50,46726,46750,46701,46750,1.0000,stable,stable,dominant_stable,dominant_stable,0.0200,-0.0200,0.0000,persisted
rr_interval_4002_first_50000_001,25,50,46751,46775,46751,46800,1.0000,stable,stable,dominant_stable,dominant_stable,-0.0200,0.0400,-0.0200,persisted
rr_interval_4002_first_50000_001,25,50,46776,46800,46751,46800,1.0000,stable,stable,dominant_stable,dominant_stable,0.1400,-0.1600,0.0200,persisted
rr_interval_4002_first_50000_001,25,50,46801,46825,46801,46850,1.0000,stable,stable,dominant_stable,dominant_stable,0.1800,-0.0800,-0.1000,persisted
rr_interval_4002_first_50000_001,25,50,46826,46850,46801,46850,1.0000,stable,stable,dominant_stable,dominant_stable,-0.0600,0.1200,-0.0600,persisted
rr_interval_4002_first_50000_001,25,50,46851,46875,46851,46900,1.0000,stable,stable,dominant_stable,dominant_stable,0.2800,-0.2000,-0.0800,persisted
rr_interval_4002_first_50000_001,25,50,46876,46900,46851,46900,1.0000,stable,stable,dominant_stable,dominant_stable,0.1600,-0.0800,-0.0800,persisted
rr_interval_4002_first_50000_001,25,50,46901,46925,46901,46950,1.0000,stable,stable,dominant_stable,dominant_stable,0.1600,-0.1400,-0.0200,persisted
rr_interval_4002_first_50000_001,25,50,46926,46950,46901,46950,1.0000,stable,stable,dominant_stable,dominant_stable,0.1200,-0.0200,-0.1000,persisted
rr_interval_4002_first_50000_001,25,50,46951,46975,46951,47000,1.0000,stable,stable,dominant_stable,dominant_stable,0.1400,-0.1400,0.0000,persisted
rr_interval_4002_first_50000_001,25,50,46976,47000,46951,47000,1.0000,stable,stable,dominant_stable,dominant_stable,0.0200,-0.0200,0.0000,persisted
rr_interval_4002_first_50000_001,25,50,47001,47025,47001,47050,1.0000,stable,stable,dominant_stable,dominant_stable,0.0400,0.0000,-0.0400,persisted
rr_interval_4002_first_50000_001,25,50,47026,47050,47001,47050,1.0000,stable,stable,dominant_stable,dominant_stable,0.1200,-0.0800,-0.0400,persisted
rr_interval_4002_first_50000_001,25,50,47051,47075,47051,47100,1.0000,stable,stable,dominant_stable,dominant_stable,0.1200,-0.0400,-0.0800,persisted
rr_interval_4002_first_50000_001,25,50,47076,47100,47051,47100,1.0000,stable,stable,dominant_stable,dominant_stable,0.2400,-0.1600,-0.0800,persisted
rr_interval_4002_first_50000_001,25,50,47101,47125,47101,47150,1.0000,stable,stable,dominant_stable,dominant_stable,0.0000,0.0000,0.0000,persisted
rr_interval_4002_first_50000_001,25,50,47126,47150,47101,47150,1.0000,stable,stable,dominant_stable,dominant_stable,0.0000,0.0000,0.0000,persisted
rr_interval_4002_first_50000_001,25,50,47151,47175,47151,47200,1.0000,stable,stable,dominant_stable,dominant_stable,0.1000,-0.1000,0.0000,persisted
rr_interval_4002_first_50000_001,25,50,47176,47200,47151,47200,1.0000,stable,stable,dominant_stable,dominant_stable,-0.1000,0.1000,0.0000,persisted
rr_interval_4002_first_50000_001,25,50,47201,47225,47201,47250,1.0000,stable,stable,dominant_stable,dominant_stable,0.1400,-0.1000,-0.0400,persisted
rr_interval_4002_first_50000_001,25,50,47226,47250,47201,47250,1.0000,stable,stable,dominant_stable,dominant_stable,-0.1000,0.1000,0.0000,persisted
rr_interval_4002_first_50000_001,25,50,47251,47275,47251,47300,1.0000,stable,stable,dominant_stable,dominant_stable,0.0000,0.0000,0.0000,persisted
rr_interval_4002_first_50000_001,25,50,47276,47300,47251,47300,1.0000,stable,stable,dominant_stable,dominant_stable,0.0400,0.0000,-0.0400,persisted
rr_interval_4002_first_50000_001,25,50,47301,47325,47301,47350,1.0000,stable,stable,dominant_stable,dominant_stable,-0.0200,0.0000,0.0200,persisted
rr_interval_4002_first_50000_001,25,50,47326,47350,47301,47350,1.0000,stable,stable,dominant_stable,dominant_stable,0.1400,-0.1200,-0.0200,persisted
rr_interval_4002_first_50000_001,25,50,47351,47375,47351,47400,1.0000,stable,stable,dominant_stable,dominant_stable,0.2000,-0.2000,0.0000,persisted
rr_interval_4002_first_50000_001,25,50,47376,47400,47351,47400,1.0000,stable,stable,dominant_stable,dominant_stable,0.1200,-0.1200,0.0000,persisted
rr_interval_4002_first_50000_001,25,50,47401,47425,47401,47450,1.0000,stable,stable,dominant_stable,dominant_stable,0.2000,-0.2000,0.0000,persisted
rr_interval_4002_first_50000_001,25,50,47426,47450,47401,47450,1.0000,stable,stable,dominant_stable,dominant_stable,0.0400,0.0000,-0.0400,persisted
rr_interval_4002_first_50000_001,25,50,47451,47475,47451,47500,1.0000,stable,stable,dominant_stable,dominant_stable,0.0600,-0.0600,0.0000,persisted
rr_interval_4002_first_50000_001,25,50,47476,47500,47451,47500,1.0000,stable,stable,dominant_stable,dominant_stable,0.0600,-0.0600,0.0000,persisted
rr_interval_4002_first_50000_001,25,50,47501,47525,47501,47550,1.0000,stable,stable,dominant_stable,dominant_stable,-0.0600,0.0600,0.0000,persisted
rr_interval_4002_first_50000_001,25,50,47526,47550,47501,47550,1.0000,stable,stable,dominant_stable,dominant_stable,0.1000,-0.0600,-0.0400,persisted
rr_interval_4002_first_50000_001,25,50,47551,47575,47551,47600,1.0000,stable,stable,dominant_stable,dominant_stable,0.0600,-0.0600,0.0000,persisted
rr_interval_4002_first_50000_001,25,50,47576,47600,47551,47600,1.0000,stable,stable,dominant_stable,dominant_stable,-0.0600,0.0600,0.0000,persisted
rr_interval_4002_first_50000_001,25,50,47601,47625,47601,47650,1.0000,stable,stable,dominant_stable,dominant_stable,-0.0600,0.1000,-0.0400,persisted
rr_interval_4002_first_50000_001,25,50,47626,47650,47601,47650,1.0000,stable,stable,dominant_stable,dominant_stable,0.0600,-0.0600,0.0000,persisted
rr_interval_4002_first_50000_001,25,50,47651,47675,47651,47700,1.0000,stable,stable,dominant_stable,dominant_stable,-0.0600,0.0400,0.0200,persisted
rr_interval_4002_first_50000_001,25,50,47676,47700,47651,47700,1.0000,stable,stable,dominant_stable,dominant_stable,0.0600,-0.0400,-0.0200,persisted
rr_interval_4002_first_50000_001,25,50,47701,47725,47701,47750,1.0000,stable,stable,dominant_stable,dominant_stable,0.2400,-0.2000,-0.0400,persisted
rr_interval_4002_first_50000_001,25,50,47726,47750,47701,47750,1.0000,stable,stable,dominant_stable,dominant_stable,0.3200,-0.2800,-0.0400,persisted
rr_interval_4002_first_50000_001,25,50,47751,47775,47751,47800,1.0000,stable,stable,dominant_stable,dominant_stable,-0.0200,0.0000,0.0200,persisted
rr_interval_4002_first_50000_001,25,50,47776,47800,47751,47800,1.0000,stable,stable,dominant_stable,dominant_stable,0.0200,0.0000,-0.0200,persisted
rr_interval_4002_first_50000_001,25,50,47801,47825,47801,47850,1.0000,stable,stable,dominant_stable,dominant_stable,0.0600,-0.0600,0.0000,persisted
rr_interval_4002_first_50000_001,25,50,47826,47850,47801,47850,1.0000,stable,stable,dominant_stable,dominant_stable,-0.0600,0.0600,0.0000,persisted
rr_interval_4002_first_50000_001,25,50,47851,47875,47851,47900,1.0000,stable,stable,dominant_stable,dominant_stable,-0.0800,0.1000,-0.0200,persisted
rr_interval_4002_first_50000_001,25,50,47876,47900,47851,47900,1.0000,stable,stable,dominant_stable,dominant_stable,0.0800,-0.1000,0.0200,persisted
rr_interval_4002_first_50000_001,25,50,47901,47925,47901,47950,1.0000,stable,stable,dominant_stable,dominant_stable,0.0000,0.0000,0.0000,persisted
rr_interval_4002_first_50000_001,25,50,47926,47950,47901,47950,1.0000,stable,stable,dominant_stable,dominant_stable,0.0000,0.0000,0.0000,persisted
rr_interval_4002_first_50000_001,25,50,47951,47975,47951,48000,1.0000,stable,stable,dominant_stable,dominant_stable,0.0000,0.0000,0.0000,persisted
rr_interval_4002_first_50000_001,25,50,47976,48000,47951,48000,1.0000,stable,stable,dominant_stable,dominant_stable,0.0000,0.0000,0.0000,persisted
rr_interval_4002_first_50000_001,25,50,48001,48025,48001,48050,1.0000,stable,stable,dominant_stable,dominant_stable,0.0000,0.0000,0.0000,persisted
rr_interval_4002_first_50000_001,25,50,48026,48050,48001,48050,1.0000,stable,stable,dominant_stable,dominant_stable,0.0000,0.0000,0.0000,persisted
rr_interval_4002_first_50000_001,25,50,48051,48075,48051,48100,1.0000,stable,stable,dominant_stable,dominant_stable,0.3200,-0.2800,-0.0400,persisted
rr_interval_4002_first_50000_001,25,50,48076,48100,48051,48100,1.0000,stable,stable,dominant_stable,dominant_stable,0.0800,-0.0800,0.0000,persisted
rr_interval_4002_first_50000_001,25,50,48101,48125,48101,48150,1.0000,stable,stable,dominant_stable,dominant_stable,0.0600,0.0000,-0.0600,persisted
rr_interval_4002_first_50000_001,25,50,48126,48150,48101,48150,1.0000,stable,stable,dominant_stable,dominant_stable,-0.0200,0.0000,0.0200,persisted
rr_interval_4002_first_50000_001,25,50,48151,48175,48151,48200,1.0000,stable,stable,dominant_stable,dominant_stable,0.0400,-0.0400,0.0000,persisted
rr_interval_4002_first_50000_001,25,50,48176,48200,48151,48200,1.0000,stable,stable,dominant_stable,dominant_stable,-0.0400,0.0400,0.0000,persisted
rr_interval_4002_first_50000_001,25,50,48201,48225,48201,48250,1.0000,stable,stable,dominant_stable,dominant_stable,0.1800,-0.1400,-0.0400,persisted
rr_interval_4002_first_50000_001,25,50,48226,48250,48201,48250,1.0000,stable,stable,dominant_stable,dominant_stable,0.0600,-0.0200,-0.0400,persisted
rr_interval_4002_first_50000_001,25,50,48251,48275,48251,48300,1.0000,stable,stable,dominant_stable,dominant_stable,-0.0400,0.0400,0.0000,persisted
rr_interval_4002_first_50000_001,25,50,48276,48300,48251,48300,1.0000,stable,stable,dominant_stable,dominant_stable,0.0400,-0.0400,0.0000,persisted
rr_interval_4002_first_50000_001,25,50,48301,48325,48301,48350,1.0000,stable,stable,dominant_stable,dominant_stable,0.2400,-0.2400,0.0000,persisted
rr_interval_4002_first_50000_001,25,50,48326,48350,48301,48350,1.0000,stable,stable,dominant_stable,dominant_stable,0.0800,0.0000,-0.0800,persisted
rr_interval_4002_first_50000_001,25,50,48351,48375,48351,48400,1.0000,stable,stable,dominant_stable,dominant_stable,0.1800,-0.1600,-0.0200,persisted
rr_interval_4002_first_50000_001,25,50,48376,48400,48351,48400,1.0000,stable,stable,dominant_stable,dominant_stable,0.1000,-0.0400,-0.0600,persisted
rr_interval_4002_first_50000_001,25,50,48401,48425,48401,48450,1.0000,stable,stable,dominant_stable,dominant_stable,0.1000,0.0000,-0.1000,persisted
rr_interval_4002_first_50000_001,25,50,48426,48450,48401,48450,1.0000,stable,stable,dominant_stable,dominant_stable,-0.0200,0.0000,0.0200,persisted
rr_interval_4002_first_50000_001,25,50,48451,48475,48451,48500,1.0000,middle,stable,mixed,dominant_stable,0.4600,-0.4200,-0.0400,smoothed
rr_interval_4002_first_50000_001,25,50,48476,48500,48451,48500,1.0000,stable,stable,dominant_stable,dominant_stable,0.0200,0.0200,-0.0400,persisted
rr_interval_4002_first_50000_001,25,50,48501,48525,48501,48550,1.0000,stable,stable,dominant_stable,dominant_stable,0.1000,-0.0800,-0.0200,persisted
rr_interval_4002_first_50000_001,25,50,48526,48550,48501,48550,1.0000,stable,stable,dominant_stable,dominant_stable,0.0600,-0.0800,0.0200,persisted
rr_interval_4002_first_50000_001,25,50,48551,48575,48551,48600,1.0000,stable,stable,dominant_stable,dominant_stable,-0.0200,0.0000,0.0200,persisted
rr_interval_4002_first_50000_001,25,50,48576,48600,48551,48600,1.0000,stable,stable,dominant_stable,dominant_stable,0.1800,-0.1600,-0.0200,persisted
rr_interval_4002_first_50000_001,25,50,48601,48625,48601,48650,1.0000,stable,stable,dominant_stable,dominant_stable,-0.0200,0.0000,0.0200,persisted
rr_interval_4002_first_50000_001,25,50,48626,48650,48601,48650,1.0000,stable,stable,dominant_stable,dominant_stable,0.1800,-0.1600,-0.0200,persisted
rr_interval_4002_first_50000_001,25,50,48651,48675,48651,48700,1.0000,stable,stable,dominant_stable,dominant_stable,-0.0400,0.0400,0.0000,persisted
rr_interval_4002_first_50000_001,25,50,48676,48700,48651,48700,1.0000,stable,stable,dominant_stable,dominant_stable,0.1200,-0.1200,0.0000,persisted
rr_interval_4002_first_50000_001,25,50,48701,48725,48701,48750,1.0000,stable,stable,dominant_stable,dominant_stable,0.0200,0.0000,-0.0200,persisted
rr_interval_4002_first_50000_001,25,50,48726,48750,48701,48750,1.0000,stable,stable,dominant_stable,dominant_stable,0.0200,0.0000,-0.0200,persisted
rr_interval_4002_first_50000_001,25,50,48751,48775,48751,48800,1.0000,stable,stable,dominant_stable,dominant_stable,0.0400,0.0400,-0.0800,persisted
rr_interval_4002_first_50000_001,25,50,48776,48800,48751,48800,1.0000,stable,stable,dominant_stable,dominant_stable,0.1200,-0.0800,-0.0400,persisted
rr_interval_4002_first_50000_001,25,50,48801,48825,48801,48850,1.0000,stable,stable,dominant_stable,dominant_stable,0.1800,-0.1600,-0.0200,persisted
rr_interval_4002_first_50000_001,25,50,48826,48850,48801,48850,1.0000,stable,stable,dominant_stable,dominant_stable,-0.0200,0.0400,-0.0200,persisted
rr_interval_4002_first_50000_001,25,50,48851,48875,48851,48900,1.0000,stable,stable,dominant_stable,dominant_stable,-0.0400,0.0400,0.0000,persisted
rr_interval_4002_first_50000_001,25,50,48876,48900,48851,48900,1.0000,stable,stable,dominant_stable,dominant_stable,0.1200,-0.1200,0.0000,persisted
rr_interval_4002_first_50000_001,25,50,48901,48925,48901,48950,1.0000,stable,stable,dominant_stable,dominant_stable,0.1400,-0.1800,0.0400,persisted
rr_interval_4002_first_50000_001,25,50,48926,48950,48901,48950,1.0000,stable,stable,dominant_stable,dominant_stable,0.1000,-0.0200,-0.0800,persisted
rr_interval_4002_first_50000_001,25,50,48951,48975,48951,49000,1.0000,stable,stable,mixed,dominant_stable,0.4000,-0.3800,-0.0200,persisted
rr_interval_4002_first_50000_001,25,50,48976,49000,48951,49000,1.0000,stable,stable,dominant_stable,dominant_stable,0.2000,-0.1400,-0.0600,persisted
rr_interval_4002_first_50000_001,25,50,49001,49025,49001,49050,1.0000,stable,stable,dominant_stable,dominant_stable,0.1600,-0.0800,-0.0800,persisted
rr_interval_4002_first_50000_001,25,50,49026,49050,49001,49050,1.0000,stable,stable,dominant_stable,dominant_stable,0.0000,0.0400,-0.0400,persisted
rr_interval_4002_first_50000_001,25,50,49051,49075,49051,49100,1.0000,stable,stable,dominant_stable,dominant_stable,0.0200,-0.0800,0.0600,persisted
rr_interval_4002_first_50000_001,25,50,49076,49100,49051,49100,1.0000,stable,stable,dominant_stable,dominant_stable,0.1000,0.0000,-0.1000,persisted
rr_interval_4002_first_50000_001,25,50,49101,49125,49101,49150,1.0000,stable,stable,dominant_stable,dominant_stable,-0.0600,0.1000,-0.0400,persisted
rr_interval_4002_first_50000_001,25,50,49126,49150,49101,49150,1.0000,stable,stable,dominant_stable,dominant_stable,0.2200,-0.1400,-0.0800,persisted
rr_interval_4002_first_50000_001,25,50,49151,49175,49151,49200,1.0000,stable,stable,dominant_stable,dominant_stable,-0.0400,0.0400,0.0000,persisted
rr_interval_4002_first_50000_001,25,50,49176,49200,49151,49200,1.0000,stable,stable,dominant_stable,dominant_stable,0.1200,-0.0400,-0.0800,persisted
rr_interval_4002_first_50000_001,25,50,49201,49225,49201,49250,1.0000,stable,stable,dominant_stable,dominant_stable,0.1000,0.0200,-0.1200,persisted
rr_interval_4002_first_50000_001,25,50,49226,49250,49201,49250,1.0000,stable,stable,dominant_stable,dominant_stable,0.0200,0.0200,-0.0400,persisted
rr_interval_4002_first_50000_001,25,50,49251,49275,49251,49300,1.0000,stable,stable,dominant_stable,dominant_stable,0.0000,0.0000,0.0000,persisted
rr_interval_4002_first_50000_001,25,50,49276,49300,49251,49300,1.0000,stable,stable,dominant_stable,dominant_stable,0.0000,0.0000,0.0000,persisted
rr_interval_4002_first_50000_001,25,50,49301,49325,49301,49350,1.0000,stable,stable,dominant_stable,dominant_stable,0.0200,0.0000,-0.0200,persisted
rr_interval_4002_first_50000_001,25,50,49326,49350,49301,49350,1.0000,stable,stable,dominant_stable,dominant_stable,-0.0200,0.0000,0.0200,persisted
rr_interval_4002_first_50000_001,25,50,49351,49375,49351,49400,1.0000,stable,stable,dominant_stable,dominant_stable,0.0600,-0.0600,0.0000,persisted
rr_interval_4002_first_50000_001,25,50,49376,49400,49351,49400,1.0000,stable,stable,dominant_stable,dominant_stable,-0.0600,0.0600,0.0000,persisted
rr_interval_4002_first_50000_001,25,50,49401,49425,49401,49450,1.0000,stable,stable,dominant_stable,dominant_stable,-0.0200,0.0000,0.0200,persisted
rr_interval_4002_first_50000_001,25,50,49426,49450,49401,49450,1.0000,stable,stable,dominant_stable,dominant_stable,0.0200,0.0000,-0.0200,persisted
rr_interval_4002_first_50000_001,25,50,49451,49475,49451,49500,1.0000,stable,stable,dominant_stable,dominant_stable,0.0600,-0.0800,0.0200,persisted
rr_interval_4002_first_50000_001,25,50,49476,49500,49451,49500,1.0000,stable,stable,dominant_stable,dominant_stable,0.0200,0.0000,-0.0200,persisted
rr_interval_4002_first_50000_001,25,50,49501,49525,49501,49550,1.0000,stable,stable,dominant_stable,dominant_stable,0.0000,0.0000,0.0000,persisted
rr_interval_4002_first_50000_001,25,50,49526,49550,49501,49550,1.0000,stable,stable,dominant_stable,dominant_stable,0.1200,-0.1200,0.0000,persisted
rr_interval_4002_first_50000_001,25,50,49551,49575,49551,49600,1.0000,stable,stable,dominant_stable,dominant_stable,-0.0400,0.0000,0.0400,persisted
rr_interval_4002_first_50000_001,25,50,49576,49600,49551,49600,1.0000,stable,stable,dominant_stable,dominant_stable,0.0400,0.0000,-0.0400,persisted
rr_interval_4002_first_50000_001,25,50,49601,49625,49601,49650,1.0000,stable,stable,dominant_stable,dominant_stable,0.0400,0.0000,-0.0400,persisted
rr_interval_4002_first_50000_001,25,50,49626,49650,49601,49650,1.0000,stable,stable,dominant_stable,dominant_stable,0.0000,0.0000,0.0000,persisted
rr_interval_4002_first_50000_001,25,50,49651,49675,49651,49700,1.0000,stable,stable,dominant_stable,dominant_stable,0.0000,0.0000,0.0000,persisted
rr_interval_4002_first_50000_001,25,50,49676,49700,49651,49700,1.0000,stable,stable,dominant_stable,dominant_stable,0.0800,-0.0800,0.0000,persisted
rr_interval_4002_first_50000_001,25,50,49701,49725,49701,49750,1.0000,stable,stable,dominant_stable,dominant_stable,0.1000,-0.1200,0.0200,persisted
rr_interval_4002_first_50000_001,25,50,49726,49750,49701,49750,1.0000,stable,stable,dominant_stable,dominant_stable,0.0200,0.0000,-0.0200,persisted
rr_interval_4002_first_50000_001,25,50,49751,49775,49751,49800,1.0000,stable,stable,dominant_stable,dominant_stable,0.1600,-0.1200,-0.0400,persisted
rr_interval_4002_first_50000_001,25,50,49776,49800,49751,49800,1.0000,stable,stable,dominant_stable,dominant_stable,0.0000,0.0000,0.0000,persisted
rr_interval_4002_first_50000_001,25,50,49801,49825,49801,49850,1.0000,stable,stable,dominant_stable,dominant_stable,0.0000,0.0000,0.0000,persisted
rr_interval_4002_first_50000_001,25,50,49826,49850,49801,49850,1.0000,stable,stable,dominant_stable,dominant_stable,0.0000,0.0000,0.0000,persisted
rr_interval_4002_first_50000_001,25,50,49851,49875,49851,49900,1.0000,stable,stable,dominant_stable,dominant_stable,0.0000,0.0000,0.0000,persisted
rr_interval_4002_first_50000_001,25,50,49876,49900,49851,49900,1.0000,stable,stable,dominant_stable,dominant_stable,0.1200,-0.1200,0.0000,persisted
rr_interval_4002_first_50000_001,25,50,49901,49925,49901,49950,1.0000,stable,stable,dominant_stable,dominant_stable,0.0000,0.0000,0.0000,persisted
rr_interval_4002_first_50000_001,25,50,49926,49950,49901,49950,1.0000,stable,stable,dominant_stable,dominant_stable,0.0000,0.0000,0.0000,persisted
rr_interval_4002_first_50000_001,25,50,49951,49975,49951,50000,1.0000,stable,stable,dominant_stable,dominant_stable,-0.1200,0.1000,0.0200,persisted
rr_interval_4002_first_50000_001,25,50,49976,50000,49951,50000,1.0000,stable,stable,dominant_stable,dominant_stable,0.1200,-0.1000,-0.0200,persisted
rr_interval_4002_first_50000_001,50,75,1,50,1,75,1.0000,stable,stable,dominant_stable,dominant_stable,-0.0733,0.0667,0.0067,persisted
rr_interval_4002_first_50000_001,50,75,51,100,1,75,0.5000,stable,stable,dominant_stable,dominant_stable,0.0267,-0.0333,0.0067,persisted
rr_interval_4002_first_50000_001,50,75,101,150,76,150,1.0000,stable,stable,dominant_stable,dominant_stable,0.0867,-0.0800,-0.0067,persisted
rr_interval_4002_first_50000_001,50,75,151,200,151,225,1.0000,stable,stable,dominant_stable,dominant_stable,0.0333,-0.0333,0.0000,persisted
rr_interval_4002_first_50000_001,50,75,201,250,151,225,0.5000,stable,stable,dominant_stable,dominant_stable,0.0133,0.0067,-0.0200,persisted
rr_interval_4002_first_50000_001,50,75,251,300,226,300,1.0000,stable,stable,dominant_stable,dominant_stable,0.0600,-0.0600,0.0000,persisted
rr_interval_4002_first_50000_001,50,75,301,350,301,375,1.0000,stable,stable,dominant_stable,dominant_stable,0.0000,0.0000,0.0000,persisted
rr_interval_4002_first_50000_001,50,75,351,400,301,375,0.5000,stable,stable,dominant_stable,dominant_stable,0.0400,0.0000,-0.0400,persisted
rr_interval_4002_first_50000_001,50,75,401,450,376,450,1.0000,stable,stable,dominant_stable,dominant_stable,-0.0267,0.0000,0.0267,persisted
rr_interval_4002_first_50000_001,50,75,451,500,451,525,1.0000,stable,stable,dominant_stable,dominant_stable,0.0200,-0.0200,0.0000,persisted
rr_interval_4002_first_50000_001,50,75,501,550,451,525,0.5000,stable,stable,dominant_stable,dominant_stable,-0.0400,0.0400,0.0000,persisted
rr_interval_4002_first_50000_001,50,75,551,600,526,600,1.0000,stable,stable,dominant_stable,dominant_stable,0.0000,0.0000,0.0000,persisted
rr_interval_4002_first_50000_001,50,75,601,650,601,675,1.0000,stable,stable,dominant_stable,dominant_stable,0.0000,0.0000,0.0000,persisted
rr_interval_4002_first_50000_001,50,75,651,700,601,675,0.5000,stable,stable,dominant_stable,dominant_stable,0.0000,0.0000,0.0000,persisted
rr_interval_4002_first_50000_001,50,75,701,750,676,750,1.0000,stable,stable,dominant_stable,dominant_stable,0.0000,0.0000,0.0000,persisted
rr_interval_4002_first_50000_001,50,75,751,800,751,825,1.0000,stable,stable,dominant_stable,dominant_stable,0.0133,-0.0133,0.0000,persisted
rr_interval_4002_first_50000_001,50,75,801,850,751,825,0.5000,stable,stable,dominant_stable,dominant_stable,-0.0267,0.0267,0.0000,persisted
rr_interval_4002_first_50000_001,50,75,851,900,826,900,1.0000,stable,stable,dominant_stable,dominant_stable,0.0400,-0.0333,-0.0067,persisted
rr_interval_4002_first_50000_001,50,75,901,950,901,975,1.0000,stable,stable,dominant_stable,dominant_stable,0.0200,-0.0133,-0.0067,persisted
rr_interval_4002_first_50000_001,50,75,951,1000,901,975,0.5000,stable,stable,dominant_stable,dominant_stable,0.0200,-0.0333,0.0133,persisted
rr_interval_4002_first_50000_001,50,75,1001,1050,976,1050,1.0000,stable,stable,dominant_stable,dominant_stable,0.0800,-0.0800,0.0000,persisted
rr_interval_4002_first_50000_001,50,75,1051,1100,1051,1125,1.0000,stable,stable,dominant_stable,dominant_stable,0.0667,-0.0800,0.0133,persisted
rr_interval_4002_first_50000_001,50,75,1101,1150,1051,1125,0.5000,stable,stable,dominant_stable,dominant_stable,-0.0533,0.0400,0.0133,persisted
rr_interval_4002_first_50000_001,50,75,1151,1200,1126,1200,1.0000,stable,stable,dominant_stable,dominant_stable,0.0200,0.0000,-0.0200,persisted
rr_interval_4002_first_50000_001,50,75,1201,1250,1201,1275,1.0000,stable,stable,dominant_stable,dominant_stable,0.0800,-0.0800,0.0000,persisted
rr_interval_4002_first_50000_001,50,75,1251,1300,1201,1275,0.5000,stable,stable,dominant_stable,dominant_stable,0.0400,-0.0400,0.0000,persisted
rr_interval_4002_first_50000_001,50,75,1301,1350,1276,1350,1.0000,stable,stable,dominant_stable,dominant_stable,-0.0133,0.0000,0.0133,persisted
rr_interval_4002_first_50000_001,50,75,1351,1400,1351,1425,1.0000,stable,stable,dominant_stable,dominant_stable,0.0800,-0.0733,-0.0067,persisted
rr_interval_4002_first_50000_001,50,75,1401,1450,1351,1425,0.5000,stable,stable,dominant_stable,dominant_stable,0.0200,-0.0333,0.0133,persisted
rr_interval_4002_first_50000_001,50,75,1451,1500,1426,1500,1.0000,stable,stable,dominant_stable,dominant_stable,0.0067,0.0000,-0.0067,persisted
rr_interval_4002_first_50000_001,50,75,1501,1550,1501,1575,1.0000,stable,stable,dominant_stable,dominant_stable,0.0267,-0.0200,-0.0067,persisted
rr_interval_4002_first_50000_001,50,75,1551,1600,1501,1575,0.5000,stable,stable,dominant_stable,dominant_stable,-0.0333,0.0400,-0.0067,persisted
rr_interval_4002_first_50000_001,50,75,1601,1650,1576,1650,1.0000,stable,stable,dominant_stable,dominant_stable,-0.0133,0.0000,0.0133,persisted
rr_interval_4002_first_50000_001,50,75,1651,1700,1651,1725,1.0000,stable,stable,dominant_stable,dominant_stable,-0.0533,0.0400,0.0133,persisted
rr_interval_4002_first_50000_001,50,75,1701,1750,1651,1725,0.5000,stable,stable,dominant_stable,dominant_stable,-0.0133,0.0000,0.0133,persisted
rr_interval_4002_first_50000_001,50,75,1751,1800,1726,1800,1.0000,stable,stable,dominant_stable,dominant_stable,-0.0067,0.0000,0.0067,persisted
rr_interval_4002_first_50000_001,50,75,1801,1850,1801,1875,1.0000,stable,stable,dominant_stable,dominant_stable,0.0133,-0.0133,0.0000,persisted
rr_interval_4002_first_50000_001,50,75,1851,1900,1801,1875,0.5000,stable,stable,dominant_stable,dominant_stable,-0.0267,0.0267,0.0000,persisted
rr_interval_4002_first_50000_001,50,75,1901,1950,1876,1950,1.0000,stable,stable,dominant_stable,dominant_stable,0.0000,0.0000,0.0000,persisted
rr_interval_4002_first_50000_001,50,75,1951,2000,1951,2025,1.0000,stable,stable,dominant_stable,dominant_stable,0.0000,0.0000,0.0000,persisted
rr_interval_4002_first_50000_001,50,75,2001,2050,1951,2025,0.5000,stable,stable,dominant_stable,dominant_stable,0.0000,0.0000,0.0000,persisted
rr_interval_4002_first_50000_001,50,75,2051,2100,2026,2100,1.0000,stable,stable,dominant_stable,dominant_stable,0.0000,0.0000,0.0000,persisted
rr_interval_4002_first_50000_001,50,75,2101,2150,2101,2175,1.0000,stable,stable,dominant_stable,dominant_stable,0.0267,-0.0133,-0.0133,persisted
rr_interval_4002_first_50000_001,50,75,2151,2200,2101,2175,0.5000,stable,stable,dominant_stable,dominant_stable,0.0267,-0.0133,-0.0133,persisted
rr_interval_4002_first_50000_001,50,75,2201,2250,2176,2250,1.0000,stable,stable,dominant_stable,dominant_stable,-0.0467,0.0400,0.0067,persisted
rr_interval_4002_first_50000_001,50,75,2251,2300,2251,2325,1.0000,stable,stable,dominant_stable,dominant_stable,-0.0533,0.0400,0.0133,persisted
rr_interval_4002_first_50000_001,50,75,2301,2350,2251,2325,0.5000,stable,stable,dominant_stable,dominant_stable,0.0067,-0.0200,0.0133,persisted
rr_interval_4002_first_50000_001,50,75,2351,2400,2326,2400,1.0000,stable,stable,dominant_stable,dominant_stable,-0.0400,0.0400,0.0000,persisted
rr_interval_4002_first_50000_001,50,75,2401,2450,2401,2475,1.0000,stable,stable,dominant_stable,dominant_stable,0.0000,0.0000,0.0000,persisted
rr_interval_4002_first_50000_001,50,75,2451,2500,2401,2475,0.5000,stable,stable,dominant_stable,dominant_stable,0.0000,0.0000,0.0000,persisted
rr_interval_4002_first_50000_001,50,75,2501,2550,2476,2550,1.0000,stable,stable,dominant_stable,dominant_stable,0.0000,0.0000,0.0000,persisted
rr_interval_4002_first_50000_001,50,75,2551,2600,2551,2625,1.0000,stable,stable,dominant_stable,dominant_stable,0.0067,0.0000,-0.0067,persisted
rr_interval_4002_first_50000_001,50,75,2601,2650,2551,2625,0.5000,stable,stable,dominant_stable,dominant_stable,0.0067,0.0000,-0.0067,persisted
rr_interval_4002_first_50000_001,50,75,2651,2700,2626,2700,1.0000,stable,stable,dominant_stable,dominant_stable,-0.0067,0.0267,-0.0200,persisted
rr_interval_4002_first_50000_001,50,75,2701,2750,2701,2775,1.0000,stable,stable,dominant_stable,dominant_stable,0.0000,0.0000,0.0000,persisted
rr_interval_4002_first_50000_001,50,75,2751,2800,2701,2775,0.5000,stable,stable,dominant_stable,dominant_stable,0.0000,0.0000,0.0000,persisted
rr_interval_4002_first_50000_001,50,75,2801,2850,2776,2850,1.0000,stable,stable,dominant_stable,dominant_stable,0.0067,0.0000,-0.0067,persisted
rr_interval_4002_first_50000_001,50,75,2851,2900,2851,2925,1.0000,stable,stable,dominant_stable,dominant_stable,0.0000,0.0000,0.0000,persisted
rr_interval_4002_first_50000_001,50,75,2901,2950,2851,2925,0.5000,stable,stable,dominant_stable,dominant_stable,0.0000,0.0000,0.0000,persisted
rr_interval_4002_first_50000_001,50,75,2951,3000,2926,3000,1.0000,stable,stable,dominant_stable,dominant_stable,0.0200,-0.0200,0.0000,persisted
rr_interval_4002_first_50000_001,50,75,3001,3050,3001,3075,1.0000,stable,stable,dominant_stable,dominant_stable,0.0733,-0.0533,-0.0200,persisted
rr_interval_4002_first_50000_001,50,75,3051,3100,3001,3075,0.5000,stable,stable,dominant_stable,dominant_stable,-0.0467,0.0667,-0.0200,persisted
rr_interval_4002_first_50000_001,50,75,3101,3150,3076,3150,1.0000,stable,stable,dominant_stable,dominant_stable,0.0667,-0.0600,-0.0067,persisted
rr_interval_4002_first_50000_001,50,75,3151,3200,3151,3225,1.0000,stable,stable,dominant_stable,dominant_stable,0.0000,0.0000,0.0000,persisted
rr_interval_4002_first_50000_001,50,75,3201,3250,3151,3225,0.5000,stable,stable,dominant_stable,dominant_stable,0.0000,0.0000,0.0000,persisted
rr_interval_4002_first_50000_001,50,75,3251,3300,3226,3300,1.0000,stable,stable,dominant_stable,dominant_stable,0.0000,0.0000,0.0000,persisted
rr_interval_4002_first_50000_001,50,75,3301,3350,3301,3375,1.0000,stable,stable,dominant_stable,dominant_stable,0.0000,0.0000,0.0000,persisted
rr_interval_4002_first_50000_001,50,75,3351,3400,3301,3375,0.5000,stable,stable,dominant_stable,dominant_stable,0.0000,0.0000,0.0000,persisted
rr_interval_4002_first_50000_001,50,75,3401,3450,3376,3450,1.0000,stable,stable,dominant_stable,dominant_stable,0.0067,0.0000,-0.0067,persisted
rr_interval_4002_first_50000_001,50,75,3451,3500,3451,3525,1.0000,stable,stable,dominant_stable,dominant_stable,0.0000,0.0000,0.0000,persisted
rr_interval_4002_first_50000_001,50,75,3501,3550,3451,3525,0.5000,stable,stable,dominant_stable,dominant_stable,0.0000,0.0000,0.0000,persisted
rr_interval_4002_first_50000_001,50,75,3551,3600,3526,3600,1.0000,stable,stable,dominant_stable,dominant_stable,0.0400,-0.0400,0.0000,persisted
rr_interval_4002_first_50000_001,50,75,3601,3650,3601,3675,1.0000,stable,stable,dominant_stable,dominant_stable,0.0000,0.0000,0.0000,persisted
rr_interval_4002_first_50000_001,50,75,3651,3700,3601,3675,0.5000,stable,stable,dominant_stable,dominant_stable,0.0000,0.0000,0.0000,persisted
rr_interval_4002_first_50000_001,50,75,3701,3750,3676,3750,1.0000,stable,stable,dominant_stable,dominant_stable,0.0000,0.0000,0.0000,persisted
rr_interval_4002_first_50000_001,50,75,3751,3800,3751,3825,1.0000,stable,stable,dominant_stable,dominant_stable,0.0067,0.0000,-0.0067,persisted
rr_interval_4002_first_50000_001,50,75,3801,3850,3751,3825,0.5000,stable,stable,dominant_stable,dominant_stable,-0.0133,0.0000,0.0133,persisted
rr_interval_4002_first_50000_001,50,75,3851,3900,3826,3900,1.0000,stable,stable,dominant_stable,dominant_stable,0.0000,0.0000,0.0000,persisted
rr_interval_4002_first_50000_001,50,75,3901,3950,3901,3975,1.0000,stable,stable,dominant_stable,dominant_stable,0.0467,-0.0400,-0.0067,persisted
rr_interval_4002_first_50000_001,50,75,3951,4000,3901,3975,0.5000,stable,stable,dominant_stable,dominant_stable,-0.0133,0.0000,0.0133,persisted
rr_interval_4002_first_50000_001,50,75,4001,4050,3976,4050,1.0000,stable,stable,dominant_stable,dominant_stable,0.0200,0.0000,-0.0200,persisted
rr_interval_4002_first_50000_001,50,75,4051,4100,4051,4125,1.0000,stable,stable,dominant_stable,dominant_stable,0.0000,0.0000,0.0000,persisted
rr_interval_4002_first_50000_001,50,75,4101,4150,4051,4125,0.5000,stable,stable,dominant_stable,dominant_stable,0.0000,0.0000,0.0000,persisted
rr_interval_4002_first_50000_001,50,75,4151,4200,4126,4200,1.0000,stable,stable,dominant_stable,dominant_stable,0.0000,0.0000,0.0000,persisted
rr_interval_4002_first_50000_001,50,75,4201,4250,4201,4275,1.0000,stable,stable,dominant_stable,dominant_stable,0.0000,0.0000,0.0000,persisted
rr_interval_4002_first_50000_001,50,75,4251,4300,4201,4275,0.5000,stable,stable,dominant_stable,dominant_stable,0.0400,0.0000,-0.0400,persisted
rr_interval_4002_first_50000_001,50,75,4301,4350,4276,4350,1.0000,stable,stable,dominant_stable,dominant_stable,-0.0200,0.0267,-0.0067,persisted
rr_interval_4002_first_50000_001,50,75,4351,4400,4351,4425,1.0000,stable,stable,dominant_stable,dominant_stable,-0.0533,0.0400,0.0133,persisted
rr_interval_4002_first_50000_001,50,75,4401,4450,4351,4425,0.5000,stable,stable,dominant_stable,dominant_stable,0.0867,-0.0800,-0.0067,persisted
rr_interval_4002_first_50000_001,50,75,4451,4500,4426,4500,1.0000,stable,stable,dominant_stable,dominant_stable,-0.0400,0.0667,-0.0267,persisted
rr_interval_4002_first_50000_001,50,75,4501,4550,4501,4575,1.0000,stable,stable,dominant_stable,dominant_stable,0.0000,0.0000,0.0000,persisted
rr_interval_4002_first_50000_001,50,75,4551,4600,4501,4575,0.5000,stable,stable,dominant_stable,dominant_stable,0.0000,0.0000,0.0000,persisted
rr_interval_4002_first_50000_001,50,75,4601,4650,4576,4650,1.0000,stable,stable,dominant_stable,dominant_stable,0.0133,-0.0133,0.0000,persisted
rr_interval_4002_first_50000_001,50,75,4651,4700,4651,4725,1.0000,stable,stable,dominant_stable,dominant_stable,0.0467,-0.0267,-0.0200,persisted
rr_interval_4002_first_50000_001,50,75,4701,4750,4651,4725,0.5000,stable,stable,dominant_stable,dominant_stable,0.0067,0.0133,-0.0200,persisted
rr_interval_4002_first_50000_001,50,75,4751,4800,4726,4800,1.0000,stable,stable,dominant_stable,dominant_stable,-0.0133,0.0000,0.0133,persisted
rr_interval_4002_first_50000_001,50,75,4801,4850,4801,4875,1.0000,stable,stable,dominant_stable,dominant_stable,0.0133,-0.0133,0.0000,persisted
rr_interval_4002_first_50000_001,50,75,4851,4900,4801,4875,0.5000,stable,stable,dominant_stable,dominant_stable,-0.0267,0.0267,0.0000,persisted
rr_interval_4002_first_50000_001,50,75,4901,4950,4876,4950,1.0000,stable,stable,dominant_stable,dominant_stable,0.0267,-0.0267,0.0000,persisted
rr_interval_4002_first_50000_001,50,75,4951,5000,4951,5025,1.0000,stable,stable,dominant_stable,dominant_stable,0.0000,0.0000,0.0000,persisted
rr_interval_4002_first_50000_001,50,75,5001,5050,4951,5025,0.5000,stable,stable,dominant_stable,dominant_stable,0.0000,0.0000,0.0000,persisted
rr_interval_4002_first_50000_001,50,75,5051,5100,5026,5100,1.0000,stable,stable,dominant_stable,dominant_stable,0.0067,0.0000,-0.0067,persisted
rr_interval_4002_first_50000_001,50,75,5101,5150,5101,5175,1.0000,stable,stable,dominant_stable,dominant_stable,-0.0067,0.0267,-0.0200,persisted
rr_interval_4002_first_50000_001,50,75,5151,5200,5101,5175,0.5000,stable,stable,dominant_stable,dominant_stable,-0.0267,0.0267,0.0000,persisted
rr_interval_4002_first_50000_001,50,75,5201,5250,5176,5250,1.0000,stable,stable,dominant_stable,dominant_stable,-0.0667,0.0667,0.0000,persisted
rr_interval_4002_first_50000_001,50,75,5251,5300,5251,5325,1.0000,stable,stable,dominant_stable,dominant_stable,0.0333,-0.0333,0.0000,persisted
rr_interval_4002_first_50000_001,50,75,5301,5350,5251,5325,0.5000,stable,stable,dominant_stable,dominant_stable,0.0533,-0.0333,-0.0200,persisted
rr_interval_4002_first_50000_001,50,75,5351,5400,5326,5400,1.0000,stable,stable,dominant_stable,dominant_stable,0.0133,-0.0133,0.0000,persisted
rr_interval_4002_first_50000_001,50,75,5401,5450,5401,5475,1.0000,stable,stable,dominant_stable,dominant_stable,0.0733,-0.0733,0.0000,persisted
rr_interval_4002_first_50000_001,50,75,5451,5500,5401,5475,0.5000,stable,stable,dominant_stable,dominant_stable,-0.0267,0.0267,0.0000,persisted
rr_interval_4002_first_50000_001,50,75,5501,5550,5476,5550,1.0000,stable,stable,dominant_stable,dominant_stable,0.0333,-0.0333,0.0000,persisted
rr_interval_4002_first_50000_001,50,75,5551,5600,5551,5625,1.0000,stable,stable,dominant_stable,dominant_stable,0.0067,0.0000,-0.0067,persisted
rr_interval_4002_first_50000_001,50,75,5601,5650,5551,5625,0.5000,stable,stable,dominant_stable,dominant_stable,0.0667,-0.0800,0.0133,persisted
rr_interval_4002_first_50000_001,50,75,5651,5700,5626,5700,1.0000,stable,stable,dominant_stable,dominant_stable,0.0600,-0.0733,0.0133,persisted
rr_interval_4002_first_50000_001,50,75,5701,5750,5701,5775,1.0000,stable,stable,dominant_stable,dominant_stable,0.0733,-0.0333,-0.0400,persisted
rr_interval_4002_first_50000_001,50,75,5751,5800,5701,5775,0.5000,stable,stable,dominant_stable,dominant_stable,0.1133,-0.1133,0.0000,persisted
rr_interval_4002_first_50000_001,50,75,5801,5850,5776,5850,1.0000,stable,stable,dominant_stable,dominant_stable,-0.0067,0.0267,-0.0200,persisted
rr_interval_4002_first_50000_001,50,75,5851,5900,5851,5925,1.0000,stable,stable,dominant_stable,dominant_stable,0.0400,0.0000,-0.0400,persisted
rr_interval_4002_first_50000_001,50,75,5901,5950,5851,5925,0.5000,stable,stable,dominant_stable,dominant_stable,0.0200,0.0000,-0.0200,persisted
rr_interval_4002_first_50000_001,50,75,5951,6000,5926,6000,1.0000,stable,stable,dominant_stable,dominant_stable,-0.0067,0.0267,-0.0200,persisted
rr_interval_4002_first_50000_001,50,75,6001,6050,6001,6075,1.0000,stable,stable,dominant_stable,dominant_stable,0.0267,-0.0200,-0.0067,persisted
rr_interval_4002_first_50000_001,50,75,6051,6100,6001,6075,0.5000,stable,stable,dominant_stable,dominant_stable,0.0067,-0.0200,0.0133,persisted
rr_interval_4002_first_50000_001,50,75,6101,6150,6076,6150,1.0000,stable,stable,dominant_stable,dominant_stable,0.0000,0.0000,0.0000,persisted
rr_interval_4002_first_50000_001,50,75,6151,6200,6151,6225,1.0000,stable,stable,dominant_stable,dominant_stable,0.0267,-0.0200,-0.0067,persisted
rr_interval_4002_first_50000_001,50,75,6201,6250,6151,6225,0.5000,stable,stable,dominant_stable,dominant_stable,-0.0533,0.0400,0.0133,persisted
rr_interval_4002_first_50000_001,50,75,6251,6300,6226,6300,1.0000,stable,stable,dominant_stable,dominant_stable,0.0133,-0.0133,0.0000,persisted
rr_interval_4002_first_50000_001,50,75,6301,6350,6301,6375,1.0000,stable,stable,dominant_stable,dominant_stable,0.0267,-0.0267,0.0000,persisted
rr_interval_4002_first_50000_001,50,75,6351,6400,6301,6375,0.5000,stable,stable,dominant_stable,dominant_stable,0.0067,0.0133,-0.0200,persisted
rr_interval_4002_first_50000_001,50,75,6401,6450,6376,6450,1.0000,stable,stable,dominant_stable,dominant_stable,0.1000,-0.1000,0.0000,persisted
rr_interval_4002_first_50000_001,50,75,6451,6500,6451,6525,1.0000,stable,stable,dominant_stable,dominant_stable,0.0600,-0.0600,0.0000,persisted
rr_interval_4002_first_50000_001,50,75,6501,6550,6451,6525,0.5000,stable,stable,dominant_stable,dominant_stable,0.0000,0.0000,0.0000,persisted
rr_interval_4002_first_50000_001,50,75,6551,6600,6526,6600,1.0000,stable,stable,dominant_stable,dominant_stable,-0.0267,0.0267,0.0000,persisted
rr_interval_4002_first_50000_001,50,75,6601,6650,6601,6675,1.0000,stable,stable,dominant_stable,dominant_stable,0.0000,0.0000,0.0000,persisted
rr_interval_4002_first_50000_001,50,75,6651,6700,6601,6675,0.5000,stable,stable,dominant_stable,dominant_stable,0.1000,-0.1000,0.0000,persisted
rr_interval_4002_first_50000_001,50,75,6701,6750,6676,6750,1.0000,stable,stable,dominant_stable,dominant_stable,-0.0467,0.0667,-0.0200,persisted
rr_interval_4002_first_50000_001,50,75,6751,6800,6751,6825,1.0000,stable,stable,dominant_stable,dominant_stable,-0.0067,0.0133,-0.0067,persisted
rr_interval_4002_first_50000_001,50,75,6801,6850,6751,6825,0.5000,stable,stable,dominant_stable,dominant_stable,-0.0267,0.0533,-0.0267,persisted
rr_interval_4002_first_50000_001,50,75,6851,6900,6826,6900,1.0000,stable,stable,dominant_stable,dominant_stable,0.0067,0.0000,-0.0067,persisted
rr_interval_4002_first_50000_001,50,75,6901,6950,6901,6975,1.0000,stable,stable,dominant_stable,dominant_stable,-0.0267,0.0000,0.0267,persisted
rr_interval_4002_first_50000_001,50,75,6951,7000,6901,6975,0.5000,stable,stable,dominant_stable,dominant_stable,-0.0067,0.0000,0.0067,persisted
rr_interval_4002_first_50000_001,50,75,7001,7050,6976,7050,1.0000,stable,stable,dominant_stable,dominant_stable,0.0667,-0.0600,-0.0067,persisted
rr_interval_4002_first_50000_001,50,75,7051,7100,7051,7125,1.0000,stable,stable,dominant_stable,dominant_stable,0.0200,-0.0200,0.0000,persisted
rr_interval_4002_first_50000_001,50,75,7101,7150,7051,7125,0.5000,stable,stable,dominant_stable,dominant_stable,0.0200,0.0000,-0.0200,persisted
rr_interval_4002_first_50000_001,50,75,7151,7200,7126,7200,1.0000,stable,stable,dominant_stable,dominant_stable,-0.0333,0.0400,-0.0067,persisted
rr_interval_4002_first_50000_001,50,75,7201,7250,7201,7275,1.0000,stable,stable,dominant_stable,dominant_stable,-0.0267,0.0000,0.0267,persisted
rr_interval_4002_first_50000_001,50,75,7251,7300,7201,7275,0.5000,stable,stable,dominant_stable,dominant_stable,0.0133,0.0000,-0.0133,persisted
rr_interval_4002_first_50000_001,50,75,7301,7350,7276,7350,1.0000,stable,stable,dominant_stable,dominant_stable,0.0133,-0.0133,0.0000,persisted
rr_interval_4002_first_50000_001,50,75,7351,7400,7351,7425,1.0000,stable,stable,dominant_stable,dominant_stable,0.0000,0.0000,0.0000,persisted
rr_interval_4002_first_50000_001,50,75,7401,7450,7351,7425,0.5000,stable,stable,dominant_stable,dominant_stable,0.0000,0.0000,0.0000,persisted
rr_interval_4002_first_50000_001,50,75,7451,7500,7426,7500,1.0000,stable,stable,dominant_stable,dominant_stable,0.0000,0.0000,0.0000,persisted
rr_interval_4002_first_50000_001,50,75,7501,7550,7501,7575,1.0000,stable,stable,dominant_stable,dominant_stable,0.0000,0.0000,0.0000,persisted
rr_interval_4002_first_50000_001,50,75,7551,7600,7501,7575,0.5000,stable,stable,dominant_stable,dominant_stable,0.0000,0.0000,0.0000,persisted
rr_interval_4002_first_50000_001,50,75,7601,7650,7576,7650,1.0000,stable,stable,dominant_stable,dominant_stable,0.0000,0.0000,0.0000,persisted
rr_interval_4002_first_50000_001,50,75,7651,7700,7651,7725,1.0000,stable,stable,dominant_stable,dominant_stable,0.0000,0.0000,0.0000,persisted
rr_interval_4002_first_50000_001,50,75,7701,7750,7651,7725,0.5000,stable,stable,dominant_stable,dominant_stable,0.0000,0.0000,0.0000,persisted
rr_interval_4002_first_50000_001,50,75,7751,7800,7726,7800,1.0000,stable,stable,dominant_stable,dominant_stable,0.0000,0.0000,0.0000,persisted
rr_interval_4002_first_50000_001,50,75,7801,7850,7801,7875,1.0000,stable,stable,dominant_stable,dominant_stable,-0.0267,0.0267,0.0000,persisted
rr_interval_4002_first_50000_001,50,75,7851,7900,7801,7875,0.5000,stable,stable,dominant_stable,dominant_stable,0.0133,-0.0133,0.0000,persisted
rr_interval_4002_first_50000_001,50,75,7901,7950,7876,7950,1.0000,stable,stable,dominant_stable,dominant_stable,0.0267,-0.0267,0.0000,persisted
rr_interval_4002_first_50000_001,50,75,7951,8000,7951,8025,1.0000,stable,stable,dominant_stable,dominant_stable,0.0533,-0.0267,-0.0267,persisted
rr_interval_4002_first_50000_001,50,75,8001,8050,7951,8025,0.5000,stable,stable,dominant_stable,dominant_stable,-0.0667,0.0533,0.0133,persisted
rr_interval_4002_first_50000_001,50,75,8051,8100,8026,8100,1.0000,stable,stable,dominant_stable,dominant_stable,0.1200,-0.1200,0.0000,persisted
rr_interval_4002_first_50000_001,50,75,8101,8150,8101,8175,1.0000,stable,stable,dominant_stable,dominant_stable,0.0000,0.0000,0.0000,persisted
rr_interval_4002_first_50000_001,50,75,8151,8200,8101,8175,0.5000,stable,stable,dominant_stable,dominant_stable,0.0400,0.0000,-0.0400,persisted
rr_interval_4002_first_50000_001,50,75,8201,8250,8176,8250,1.0000,stable,stable,dominant_stable,dominant_stable,0.0533,-0.0533,0.0000,persisted
rr_interval_4002_first_50000_001,50,75,8251,8300,8251,8325,1.0000,stable,stable,dominant_stable,dominant_stable,0.0200,-0.0133,-0.0067,persisted
rr_interval_4002_first_50000_001,50,75,8301,8350,8251,8325,0.5000,stable,stable,dominant_stable,dominant_stable,-0.0400,0.0267,0.0133,persisted
rr_interval_4002_first_50000_001,50,75,8351,8400,8326,8400,1.0000,stable,stable,dominant_stable,dominant_stable,0.0267,-0.0200,-0.0067,persisted
rr_interval_4002_first_50000_001,50,75,8401,8450,8401,8475,1.0000,stable,stable,dominant_stable,dominant_stable,0.0000,0.0000,0.0000,persisted
rr_interval_4002_first_50000_001,50,75,8451,8500,8401,8475,0.5000,stable,stable,dominant_stable,dominant_stable,0.0000,0.0000,0.0000,persisted
rr_interval_4002_first_50000_001,50,75,8501,8550,8476,8550,1.0000,stable,stable,dominant_stable,dominant_stable,0.0800,-0.0600,-0.0200,persisted
rr_interval_4002_first_50000_001,50,75,8551,8600,8551,8625,1.0000,stable,stable,dominant_stable,dominant_stable,0.0200,-0.0133,-0.0067,persisted
rr_interval_4002_first_50000_001,50,75,8601,8650,8551,8625,0.5000,stable,stable,dominant_stable,dominant_stable,-0.0200,0.0267,-0.0067,persisted
rr_interval_4002_first_50000_001,50,75,8651,8700,8626,8700,1.0000,stable,stable,dominant_stable,dominant_stable,-0.0133,0.0000,0.0133,persisted
rr_interval_4002_first_50000_001,50,75,8701,8750,8701,8775,1.0000,stable,stable,dominant_stable,dominant_stable,0.0067,0.0000,-0.0067,persisted
rr_interval_4002_first_50000_001,50,75,8751,8800,8701,8775,0.5000,stable,stable,dominant_stable,dominant_stable,-0.0133,0.0000,0.0133,persisted
rr_interval_4002_first_50000_001,50,75,8801,8850,8776,8850,1.0000,stable,stable,dominant_stable,dominant_stable,0.0067,0.0000,-0.0067,persisted
rr_interval_4002_first_50000_001,50,75,8851,8900,8851,8925,1.0000,stable,stable,dominant_stable,dominant_stable,0.0133,0.0000,-0.0133,persisted
rr_interval_4002_first_50000_001,50,75,8901,8950,8851,8925,0.5000,stable,stable,dominant_stable,dominant_stable,0.0533,-0.0600,0.0067,persisted
rr_interval_4002_first_50000_001,50,75,8951,9000,8926,9000,1.0000,stable,stable,dominant_stable,dominant_stable,0.0267,0.0000,-0.0267,persisted
rr_interval_4002_first_50000_001,50,75,9001,9050,9001,9075,1.0000,stable,stable,dominant_stable,dominant_stable,0.0133,0.0000,-0.0133,persisted
rr_interval_4002_first_50000_001,50,75,9051,9100,9001,9075,0.5000,stable,stable,dominant_stable,dominant_stable,0.0133,0.0000,-0.0133,persisted
rr_interval_4002_first_50000_001,50,75,9101,9150,9076,9150,1.0000,stable,stable,dominant_stable,dominant_stable,0.0067,0.0000,-0.0067,persisted
rr_interval_4002_first_50000_001,50,75,9151,9200,9151,9225,1.0000,stable,stable,dominant_stable,dominant_stable,0.0200,0.0000,-0.0200,persisted
rr_interval_4002_first_50000_001,50,75,9201,9250,9151,9225,0.5000,stable,stable,dominant_stable,dominant_stable,0.0600,-0.0600,0.0000,persisted
rr_interval_4002_first_50000_001,50,75,9251,9300,9226,9300,1.0000,stable,stable,dominant_stable,dominant_stable,0.0600,-0.0600,0.0000,persisted
rr_interval_4002_first_50000_001,50,75,9301,9350,9301,9375,1.0000,stable,stable,dominant_stable,dominant_stable,0.0000,0.0000,0.0000,persisted
rr_interval_4002_first_50000_001,50,75,9351,9400,9301,9375,0.5000,stable,stable,dominant_stable,dominant_stable,0.0000,0.0400,-0.0400,persisted
rr_interval_4002_first_50000_001,50,75,9401,9450,9376,9450,1.0000,stable,stable,dominant_stable,dominant_stable,0.0067,0.0000,-0.0067,persisted
rr_interval_4002_first_50000_001,50,75,9451,9500,9451,9525,1.0000,stable,stable,dominant_stable,dominant_stable,-0.0267,0.0000,0.0267,persisted
rr_interval_4002_first_50000_001,50,75,9501,9550,9451,9525,0.5000,stable,stable,dominant_stable,dominant_stable,0.0133,0.0000,-0.0133,persisted
rr_interval_4002_first_50000_001,50,75,9551,9600,9526,9600,1.0000,stable,stable,dominant_stable,dominant_stable,0.0000,0.0000,0.0000,persisted
rr_interval_4002_first_50000_001,50,75,9601,9650,9601,9675,1.0000,stable,stable,dominant_stable,dominant_stable,0.0000,0.0000,0.0000,persisted
rr_interval_4002_first_50000_001,50,75,9651,9700,9601,9675,0.5000,stable,stable,dominant_stable,dominant_stable,0.0000,0.0000,0.0000,persisted
rr_interval_4002_first_50000_001,50,75,9701,9750,9676,9750,1.0000,stable,stable,dominant_stable,dominant_stable,0.0200,-0.0133,-0.0067,persisted
rr_interval_4002_first_50000_001,50,75,9751,9800,9751,9825,1.0000,stable,stable,dominant_stable,dominant_stable,0.0000,0.0000,0.0000,persisted
rr_interval_4002_first_50000_001,50,75,9801,9850,9751,9825,0.5000,stable,stable,dominant_stable,dominant_stable,0.0200,0.0000,-0.0200,persisted
rr_interval_4002_first_50000_001,50,75,9851,9900,9826,9900,1.0000,stable,stable,dominant_stable,dominant_stable,-0.0133,0.0000,0.0133,persisted
rr_interval_4002_first_50000_001,50,75,9901,9950,9901,9975,1.0000,stable,stable,dominant_stable,dominant_stable,0.0067,0.0000,-0.0067,persisted
rr_interval_4002_first_50000_001,50,75,9951,10000,9901,9975,0.5000,stable,stable,dominant_stable,dominant_stable,-0.0133,0.0000,0.0133,persisted
rr_interval_4002_first_50000_001,50,75,10001,10050,9976,10050,1.0000,stable,stable,dominant_stable,dominant_stable,0.0600,-0.0600,0.0000,persisted
rr_interval_4002_first_50000_001,50,75,10051,10100,10051,10125,1.0000,stable,stable,dominant_stable,dominant_stable,0.0000,0.0000,0.0000,persisted
rr_interval_4002_first_50000_001,50,75,10101,10150,10051,10125,0.5000,stable,stable,dominant_stable,dominant_stable,0.0000,0.0000,0.0000,persisted
rr_interval_4002_first_50000_001,50,75,10151,10200,10126,10200,1.0000,stable,stable,dominant_stable,dominant_stable,0.0067,0.0000,-0.0067,persisted
rr_interval_4002_first_50000_001,50,75,10201,10250,10201,10275,1.0000,stable,stable,dominant_stable,dominant_stable,0.0000,0.0000,0.0000,persisted
rr_interval_4002_first_50000_001,50,75,10251,10300,10201,10275,0.5000,stable,stable,dominant_stable,dominant_stable,0.0000,0.0000,0.0000,persisted
rr_interval_4002_first_50000_001,50,75,10301,10350,10276,10350,1.0000,stable,stable,dominant_stable,dominant_stable,0.0067,0.0000,-0.0067,persisted
rr_interval_4002_first_50000_001,50,75,10351,10400,10351,10425,1.0000,stable,stable,dominant_stable,dominant_stable,-0.0667,0.0533,0.0133,persisted
rr_interval_4002_first_50000_001,50,75,10401,10450,10351,10425,0.5000,stable,stable,dominant_stable,dominant_stable,0.0133,-0.0067,-0.0067,persisted
rr_interval_4002_first_50000_001,50,75,10451,10500,10426,10500,1.0000,stable,stable,dominant_stable,dominant_stable,-0.0667,0.1067,-0.0400,persisted
rr_interval_4002_first_50000_001,50,75,10501,10550,10501,10575,1.0000,stable,stable,dominant_stable,dominant_stable,0.0067,0.0000,-0.0067,persisted
rr_interval_4002_first_50000_001,50,75,10551,10600,10501,10575,0.5000,stable,stable,dominant_stable,dominant_stable,-0.0133,0.0000,0.0133,persisted
rr_interval_4002_first_50000_001,50,75,10601,10650,10576,10650,1.0000,stable,stable,dominant_stable,dominant_stable,0.0000,0.0000,0.0000,persisted
rr_interval_4002_first_50000_001,50,75,10651,10700,10651,10725,1.0000,stable,stable,dominant_stable,dominant_stable,0.0000,0.0000,0.0000,persisted
rr_interval_4002_first_50000_001,50,75,10701,10750,10651,10725,0.5000,stable,stable,dominant_stable,dominant_stable,0.0000,0.0000,0.0000,persisted
rr_interval_4002_first_50000_001,50,75,10751,10800,10726,10800,1.0000,stable,stable,dominant_stable,dominant_stable,0.0067,0.0000,-0.0067,persisted
rr_interval_4002_first_50000_001,50,75,10801,10850,10801,10875,1.0000,stable,stable,dominant_stable,dominant_stable,0.1133,-0.1133,0.0000,persisted
rr_interval_4002_first_50000_001,50,75,10851,10900,10801,10875,0.5000,stable,stable,dominant_stable,dominant_stable,-0.1067,0.1067,0.0000,persisted
rr_interval_4002_first_50000_001,50,75,10901,10950,10876,10950,1.0000,stable,stable,dominant_stable,dominant_stable,0.0000,0.0000,0.0000,persisted
rr_interval_4002_first_50000_001,50,75,10951,11000,10951,11025,1.0000,stable,stable,dominant_stable,dominant_stable,0.0133,0.0000,-0.0133,persisted
rr_interval_4002_first_50000_001,50,75,11001,11050,10951,11025,0.5000,stable,stable,dominant_stable,dominant_stable,-0.0267,0.0000,0.0267,persisted
rr_interval_4002_first_50000_001,50,75,11051,11100,11026,11100,1.0000,stable,stable,dominant_stable,dominant_stable,0.0000,0.0000,0.0000,persisted
rr_interval_4002_first_50000_001,50,75,11101,11150,11101,11175,1.0000,stable,stable,dominant_stable,dominant_stable,0.0000,0.0000,0.0000,persisted
rr_interval_4002_first_50000_001,50,75,11151,11200,11101,11175,0.5000,stable,stable,dominant_stable,dominant_stable,0.0800,-0.0800,0.0000,persisted
rr_interval_4002_first_50000_001,50,75,11201,11250,11176,11250,1.0000,stable,stable,dominant_stable,dominant_stable,0.0600,-0.0600,0.0000,persisted
rr_interval_4002_first_50000_001,50,75,11251,11300,11251,11325,1.0000,stable,stable,dominant_stable,dominant_stable,0.1000,-0.0800,-0.0200,persisted
rr_interval_4002_first_50000_001,50,75,11301,11350,11251,11325,0.5000,stable,stable,dominant_stable,dominant_stable,0.1600,-0.1200,-0.0400,persisted
rr_interval_4002_first_50000_001,50,75,11351,11400,11326,11400,1.0000,stable,stable,dominant_stable,dominant_stable,0.0867,-0.0733,-0.0133,persisted
rr_interval_4002_first_50000_001,50,75,11401,11450,11401,11475,1.0000,stable,stable,dominant_stable,dominant_stable,0.0000,0.0200,-0.0200,persisted
rr_interval_4002_first_50000_001,50,75,11451,11500,11401,11475,0.5000,stable,stable,dominant_stable,dominant_stable,-0.0200,0.0400,-0.0200,persisted
rr_interval_4002_first_50000_001,50,75,11501,11550,11476,11550,1.0000,stable,stable,dominant_stable,dominant_stable,-0.0133,0.0000,0.0133,persisted
rr_interval_4002_first_50000_001,50,75,11551,11600,11551,11625,1.0000,stable,stable,dominant_stable,dominant_stable,0.1000,-0.1000,0.0000,persisted
rr_interval_4002_first_50000_001,50,75,11601,11650,11551,11625,0.5000,stable,stable,dominant_stable,dominant_stable,0.0200,0.0000,-0.0200,persisted
rr_interval_4002_first_50000_001,50,75,11651,11700,11626,11700,1.0000,stable,stable,dominant_stable,dominant_stable,0.0067,0.0000,-0.0067,persisted
rr_interval_4002_first_50000_001,50,75,11701,11750,11701,11775,1.0000,stable,stable,dominant_stable,dominant_stable,0.0333,-0.0133,-0.0200,persisted
rr_interval_4002_first_50000_001,50,75,11751,11800,11701,11775,0.5000,stable,stable,dominant_stable,dominant_stable,-0.1067,0.1067,0.0000,persisted
rr_interval_4002_first_50000_001,50,75,11801,11850,11776,11850,1.0000,stable,stable,dominant_stable,dominant_stable,0.0067,0.0000,-0.0067,persisted
rr_interval_4002_first_50000_001,50,75,11851,11900,11851,11925,1.0000,stable,stable,dominant_stable,dominant_stable,0.0733,-0.0733,0.0000,persisted
rr_interval_4002_first_50000_001,50,75,11901,11950,11851,11925,0.5000,stable,stable,dominant_stable,dominant_stable,-0.0067,0.0067,0.0000,persisted
rr_interval_4002_first_50000_001,50,75,11951,12000,11926,12000,1.0000,stable,stable,dominant_stable,dominant_stable,-0.0400,0.0400,0.0000,persisted
rr_interval_4002_first_50000_001,50,75,12001,12050,12001,12075,1.0000,stable,stable,dominant_stable,dominant_stable,0.0000,0.0000,0.0000,persisted
rr_interval_4002_first_50000_001,50,75,12051,12100,12001,12075,0.5000,stable,stable,dominant_stable,dominant_stable,0.0000,0.0000,0.0000,persisted
rr_interval_4002_first_50000_001,50,75,12101,12150,12076,12150,1.0000,stable,stable,dominant_stable,dominant_stable,0.0133,-0.0133,0.0000,persisted
rr_interval_4002_first_50000_001,50,75,12151,12200,12151,12225,1.0000,stable,stable,dominant_stable,dominant_stable,0.0000,0.0000,0.0000,persisted
rr_interval_4002_first_50000_001,50,75,12201,12250,12151,12225,0.5000,stable,stable,dominant_stable,dominant_stable,0.0200,0.0000,-0.0200,persisted
rr_interval_4002_first_50000_001,50,75,12251,12300,12226,12300,1.0000,stable,stable,dominant_stable,dominant_stable,0.0400,-0.0400,0.0000,persisted
rr_interval_4002_first_50000_001,50,75,12301,12350,12301,12375,1.0000,stable,stable,dominant_stable,dominant_stable,0.0267,-0.0200,-0.0067,persisted
rr_interval_4002_first_50000_001,50,75,12351,12400,12301,12375,0.5000,stable,stable,dominant_stable,dominant_stable,-0.0533,0.0400,0.0133,persisted
rr_interval_4002_first_50000_001,50,75,12401,12450,12376,12450,1.0000,stable,stable,dominant_stable,dominant_stable,0.0133,-0.0133,0.0000,persisted
rr_interval_4002_first_50000_001,50,75,12451,12500,12451,12525,1.0000,stable,stable,dominant_stable,dominant_stable,0.0067,0.0000,-0.0067,persisted
rr_interval_4002_first_50000_001,50,75,12501,12550,12451,12525,0.5000,stable,stable,dominant_stable,dominant_stable,-0.0133,0.0000,0.0133,persisted
rr_interval_4002_first_50000_001,50,75,12551,12600,12526,12600,1.0000,stable,stable,dominant_stable,dominant_stable,0.0000,0.0000,0.0000,persisted
rr_interval_4002_first_50000_001,50,75,12601,12650,12601,12675,1.0000,stable,stable,dominant_stable,dominant_stable,0.0600,-0.0400,-0.0200,persisted
rr_interval_4002_first_50000_001,50,75,12651,12700,12601,12675,0.5000,stable,stable,dominant_stable,dominant_stable,0.0200,0.0000,-0.0200,persisted
rr_interval_4002_first_50000_001,50,75,12701,12750,12676,12750,1.0000,stable,stable,dominant_stable,dominant_stable,0.0267,-0.0200,-0.0067,persisted
rr_interval_4002_first_50000_001,50,75,12751,12800,12751,12825,1.0000,stable,stable,dominant_stable,dominant_stable,0.0000,0.0000,0.0000,persisted
rr_interval_4002_first_50000_001,50,75,12801,12850,12751,12825,0.5000,stable,stable,dominant_stable,dominant_stable,0.0000,0.0000,0.0000,persisted
rr_interval_4002_first_50000_001,50,75,12851,12900,12826,12900,1.0000,stable,stable,dominant_stable,dominant_stable,0.0400,-0.0400,0.0000,persisted
rr_interval_4002_first_50000_001,50,75,12901,12950,12901,12975,1.0000,stable,stable,dominant_stable,dominant_stable,0.0200,0.0000,-0.0200,persisted
rr_interval_4002_first_50000_001,50,75,12951,13000,12901,12975,0.5000,stable,stable,dominant_stable,dominant_stable,0.1000,-0.1000,0.0000,persisted
rr_interval_4002_first_50000_001,50,75,13001,13050,12976,13050,1.0000,stable,stable,dominant_stable,dominant_stable,0.1000,-0.1000,0.0000,persisted
rr_interval_4002_first_50000_001,50,75,13051,13100,13051,13125,1.0000,stable,stable,dominant_stable,dominant_stable,-0.0400,0.0267,0.0133,persisted
rr_interval_4002_first_50000_001,50,75,13101,13150,13051,13125,0.5000,stable,stable,dominant_stable,dominant_stable,0.0200,-0.0133,-0.0067,persisted
rr_interval_4002_first_50000_001,50,75,13151,13200,13126,13200,1.0000,stable,stable,dominant_stable,dominant_stable,0.0200,-0.0133,-0.0067,persisted
rr_interval_4002_first_50000_001,50,75,13201,13250,13201,13275,1.0000,stable,stable,dominant_stable,dominant_stable,0.0133,-0.0133,0.0000,persisted
rr_interval_4002_first_50000_001,50,75,13251,13300,13201,13275,0.5000,stable,stable,dominant_stable,dominant_stable,-0.0267,0.0267,0.0000,persisted
rr_interval_4002_first_50000_001,50,75,13301,13350,13276,13350,1.0000,stable,stable,dominant_stable,dominant_stable,0.0200,-0.0133,-0.0067,persisted
rr_interval_4002_first_50000_001,50,75,13351,13400,13351,13425,1.0000,stable,stable,dominant_stable,dominant_stable,0.0000,0.0000,0.0000,persisted
rr_interval_4002_first_50000_001,50,75,13401,13450,13351,13425,0.5000,stable,stable,dominant_stable,dominant_stable,0.0000,0.0000,0.0000,persisted
rr_interval_4002_first_50000_001,50,75,13451,13500,13426,13500,1.0000,stable,stable,dominant_stable,dominant_stable,0.0000,0.0000,0.0000,persisted
rr_interval_4002_first_50000_001,50,75,13501,13550,13501,13575,1.0000,stable,stable,dominant_stable,dominant_stable,-0.0467,0.0667,-0.0200,persisted
rr_interval_4002_first_50000_001,50,75,13551,13600,13501,13575,0.5000,stable,stable,dominant_stable,dominant_stable,-0.0667,0.0667,0.0000,persisted
rr_interval_4002_first_50000_001,50,75,13601,13650,13576,13650,1.0000,stable,stable,dominant_stable,dominant_stable,0.0600,-0.0600,0.0000,persisted
rr_interval_4002_first_50000_001,50,75,13651,13700,13651,13725,1.0000,stable,stable,dominant_stable,dominant_stable,0.0600,-0.0600,0.0000,persisted
rr_interval_4002_first_50000_001,50,75,13701,13750,13651,13725,0.5000,stable,stable,dominant_stable,dominant_stable,0.0000,0.0000,0.0000,persisted
rr_interval_4002_first_50000_001,50,75,13751,13800,13726,13800,1.0000,stable,stable,dominant_stable,dominant_stable,0.0000,0.0000,0.0000,persisted
rr_interval_4002_first_50000_001,50,75,13801,13850,13801,13875,1.0000,stable,stable,dominant_stable,dominant_stable,0.0400,-0.0400,0.0000,persisted
rr_interval_4002_first_50000_001,50,75,13851,13900,13801,13875,0.5000,stable,stable,dominant_stable,dominant_stable,-0.0200,0.0400,-0.0200,persisted
rr_interval_4002_first_50000_001,50,75,13901,13950,13876,13950,1.0000,stable,stable,dominant_stable,dominant_stable,0.0000,0.0000,0.0000,persisted
rr_interval_4002_first_50000_001,50,75,13951,14000,13951,14025,1.0000,stable,stable,dominant_stable,dominant_stable,0.0133,-0.0133,0.0000,persisted
rr_interval_4002_first_50000_001,50,75,14001,14050,13951,14025,0.5000,stable,stable,dominant_stable,dominant_stable,0.0333,-0.0333,0.0000,persisted
rr_interval_4002_first_50000_001,50,75,14051,14100,14026,14100,1.0000,stable,stable,dominant_stable,dominant_stable,0.1000,-0.1000,0.0000,persisted
rr_interval_4002_first_50000_001,50,75,14101,14150,14101,14175,1.0000,stable,stable,dominant_stable,dominant_stable,0.0000,0.0267,-0.0267,persisted
rr_interval_4002_first_50000_001,50,75,14151,14200,14101,14175,0.5000,stable,stable,dominant_stable,dominant_stable,0.0000,-0.0133,0.0133,persisted
rr_interval_4002_first_50000_001,50,75,14201,14250,14176,14250,1.0000,stable,stable,dominant_stable,dominant_stable,0.0067,-0.0200,0.0133,persisted
rr_interval_4002_first_50000_001,50,75,14251,14300,14251,14325,1.0000,stable,stable,dominant_stable,dominant_stable,0.0067,0.0000,-0.0067,persisted
rr_interval_4002_first_50000_001,50,75,14301,14350,14251,14325,0.5000,stable,stable,dominant_stable,dominant_stable,-0.0133,0.0000,0.0133,persisted
rr_interval_4002_first_50000_001,50,75,14351,14400,14326,14400,1.0000,stable,stable,dominant_stable,dominant_stable,0.0133,0.0000,-0.0133,persisted
rr_interval_4002_first_50000_001,50,75,14401,14450,14401,14475,1.0000,stable,stable,dominant_stable,dominant_stable,0.0000,0.0000,0.0000,persisted
rr_interval_4002_first_50000_001,50,75,14451,14500,14401,14475,0.5000,stable,stable,dominant_stable,dominant_stable,0.0000,0.0000,0.0000,persisted
rr_interval_4002_first_50000_001,50,75,14501,14550,14476,14550,1.0000,stable,stable,dominant_stable,dominant_stable,0.0000,0.0000,0.0000,persisted
rr_interval_4002_first_50000_001,50,75,14551,14600,14551,14625,1.0000,stable,stable,dominant_stable,dominant_stable,0.0333,-0.0333,0.0000,persisted
rr_interval_4002_first_50000_001,50,75,14601,14650,14551,14625,0.5000,stable,stable,dominant_stable,dominant_stable,-0.0667,0.0667,0.0000,persisted
rr_interval_4002_first_50000_001,50,75,14651,14700,14626,14700,1.0000,stable,stable,dominant_stable,dominant_stable,0.0133,-0.0133,0.0000,persisted
rr_interval_4002_first_50000_001,50,75,14701,14750,14701,14775,1.0000,stable,stable,dominant_stable,dominant_stable,0.0933,-0.0733,-0.0200,persisted
rr_interval_4002_first_50000_001,50,75,14751,14800,14701,14775,0.5000,stable,stable,dominant_stable,dominant_stable,0.0333,-0.0133,-0.0200,persisted
rr_interval_4002_first_50000_001,50,75,14801,14850,14776,14850,1.0000,stable,stable,dominant_stable,dominant_stable,-0.0067,0.0133,-0.0067,persisted
rr_interval_4002_first_50000_001,50,75,14851,14900,14851,14925,1.0000,stable,stable,dominant_stable,dominant_stable,-0.0667,0.0533,0.0133,persisted
rr_interval_4002_first_50000_001,50,75,14901,14950,14851,14925,0.5000,stable,stable,dominant_stable,dominant_stable,-0.0467,0.0333,0.0133,persisted
rr_interval_4002_first_50000_001,50,75,14951,15000,14926,15000,1.0000,stable,stable,dominant_stable,dominant_stable,0.0200,-0.0133,-0.0067,persisted
rr_interval_4002_first_50000_001,50,75,15001,15050,15001,15075,1.0000,stable,stable,dominant_stable,dominant_stable,0.0067,0.0000,-0.0067,persisted
rr_interval_4002_first_50000_001,50,75,15051,15100,15001,15075,0.5000,stable,stable,dominant_stable,dominant_stable,-0.0133,0.0000,0.0133,persisted
rr_interval_4002_first_50000_001,50,75,15101,15150,15076,15150,1.0000,stable,stable,dominant_stable,dominant_stable,0.0200,-0.0133,-0.0067,persisted
rr_interval_4002_first_50000_001,50,75,15151,15200,15151,15225,1.0000,stable,stable,dominant_stable,dominant_stable,0.1200,-0.1200,0.0000,persisted
rr_interval_4002_first_50000_001,50,75,15201,15250,15151,15225,0.5000,stable,stable,dominant_stable,dominant_stable,0.0800,-0.0800,0.0000,persisted
rr_interval_4002_first_50000_001,50,75,15251,15300,15226,15300,1.0000,stable,stable,dominant_stable,dominant_stable,0.0133,-0.0133,0.0000,persisted
rr_interval_4002_first_50000_001,50,75,15301,15350,15301,15375,1.0000,stable,stable,dominant_stable,dominant_stable,-0.0067,0.0000,0.0067,persisted
rr_interval_4002_first_50000_001,50,75,15351,15400,15301,15375,0.5000,stable,stable,dominant_stable,dominant_stable,-0.0067,0.0000,0.0067,persisted
rr_interval_4002_first_50000_001,50,75,15401,15450,15376,15450,1.0000,stable,stable,dominant_stable,dominant_stable,0.0000,0.0000,0.0000,persisted
rr_interval_4002_first_50000_001,50,75,15451,15500,15451,15525,1.0000,stable,stable,dominant_stable,dominant_stable,0.0000,0.0000,0.0000,persisted
rr_interval_4002_first_50000_001,50,75,15501,15550,15451,15525,0.5000,stable,stable,dominant_stable,dominant_stable,0.0400,0.0000,-0.0400,persisted
rr_interval_4002_first_50000_001,50,75,15551,15600,15526,15600,1.0000,stable,stable,dominant_stable,dominant_stable,0.0667,-0.0800,0.0133,persisted
rr_interval_4002_first_50000_001,50,75,15601,15650,15601,15675,1.0000,stable,stable,dominant_stable,dominant_stable,0.0400,-0.0400,0.0000,persisted
rr_interval_4002_first_50000_001,50,75,15651,15700,15601,15675,0.5000,stable,stable,dominant_stable,dominant_stable,0.0800,-0.0800,0.0000,persisted
rr_interval_4002_first_50000_001,50,75,15701,15750,15676,15750,1.0000,stable,stable,dominant_stable,dominant_stable,0.0600,-0.0400,-0.0200,persisted
rr_interval_4002_first_50000_001,50,75,15751,15800,15751,15825,1.0000,stable,stable,dominant_stable,dominant_stable,0.0333,-0.0267,-0.0067,persisted
rr_interval_4002_first_50000_001,50,75,15801,15850,15751,15825,0.5000,stable,stable,dominant_stable,dominant_stable,-0.0467,0.0533,-0.0067,persisted
rr_interval_4002_first_50000_001,50,75,15851,15900,15826,15900,1.0000,stable,stable,dominant_stable,dominant_stable,0.0200,-0.0133,-0.0067,persisted
rr_interval_4002_first_50000_001,50,75,15901,15950,15901,15975,1.0000,stable,stable,dominant_stable,dominant_stable,0.0133,0.0000,-0.0133,persisted
rr_interval_4002_first_50000_001,50,75,15951,16000,15901,15975,0.5000,stable,stable,dominant_stable,dominant_stable,-0.0267,0.0000,0.0267,persisted
rr_interval_4002_first_50000_001,50,75,16001,16050,15976,16050,1.0000,stable,stable,dominant_stable,dominant_stable,0.0000,0.0000,0.0000,persisted
rr_interval_4002_first_50000_001,50,75,16051,16100,16051,16125,1.0000,stable,stable,dominant_stable,dominant_stable,0.0000,0.0000,0.0000,persisted
rr_interval_4002_first_50000_001,50,75,16101,16150,16051,16125,0.5000,stable,stable,dominant_stable,dominant_stable,0.0000,0.0000,0.0000,persisted
rr_interval_4002_first_50000_001,50,75,16151,16200,16126,16200,1.0000,stable,stable,dominant_stable,dominant_stable,0.0600,-0.0600,0.0000,persisted
rr_interval_4002_first_50000_001,50,75,16201,16250,16201,16275,1.0000,stable,stable,dominant_stable,dominant_stable,0.0600,-0.0600,0.0000,persisted
rr_interval_4002_first_50000_001,50,75,16251,16300,16201,16275,0.5000,stable,stable,dominant_stable,dominant_stable,0.0600,-0.0600,0.0000,persisted
rr_interval_4002_first_50000_001,50,75,16301,16350,16276,16350,1.0000,stable,stable,dominant_stable,dominant_stable,0.0600,-0.0600,0.0000,persisted
rr_interval_4002_first_50000_001,50,75,16351,16400,16351,16425,1.0000,stable,stable,dominant_stable,dominant_stable,-0.0200,0.0400,-0.0200,persisted
rr_interval_4002_first_50000_001,50,75,16401,16450,16351,16425,0.5000,stable,stable,dominant_stable,dominant_stable,-0.0400,0.0400,0.0000,persisted
rr_interval_4002_first_50000_001,50,75,16451,16500,16426,16500,1.0000,stable,stable,dominant_stable,dominant_stable,0.0000,0.0000,0.0000,persisted
rr_interval_4002_first_50000_001,50,75,16501,16550,16501,16575,1.0000,stable,stable,dominant_stable,dominant_stable,0.0000,0.0000,0.0000,persisted
rr_interval_4002_first_50000_001,50,75,16551,16600,16501,16575,0.5000,stable,stable,dominant_stable,dominant_stable,0.0600,-0.0600,0.0000,persisted
rr_interval_4002_first_50000_001,50,75,16601,16650,16576,16650,1.0000,stable,stable,dominant_stable,dominant_stable,0.0000,0.0000,0.0000,persisted
rr_interval_4002_first_50000_001,50,75,16651,16700,16651,16725,1.0000,stable,stable,dominant_stable,dominant_stable,0.0600,-0.0600,0.0000,persisted
rr_interval_4002_first_50000_001,50,75,16701,16750,16651,16725,0.5000,stable,stable,dominant_stable,dominant_stable,0.1200,-0.0800,-0.0400,persisted
rr_interval_4002_first_50000_001,50,75,16751,16800,16726,16800,1.0000,stable,stable,dominant_stable,dominant_stable,0.0933,-0.0733,-0.0200,persisted
rr_interval_4002_first_50000_001,50,75,16801,16850,16801,16875,1.0000,stable,stable,dominant_stable,dominant_stable,0.0067,0.0000,-0.0067,persisted
rr_interval_4002_first_50000_001,50,75,16851,16900,16801,16875,0.5000,stable,stable,dominant_stable,dominant_stable,0.0267,-0.0400,0.0133,persisted
rr_interval_4002_first_50000_001,50,75,16901,16950,16876,16950,1.0000,stable,stable,dominant_stable,dominant_stable,0.0200,-0.0133,-0.0067,persisted
rr_interval_4002_first_50000_001,50,75,16951,17000,16951,17025,1.0000,stable,stable,dominant_stable,dominant_stable,0.0400,-0.0333,-0.0067,persisted
rr_interval_4002_first_50000_001,50,75,17001,17050,16951,17025,0.5000,stable,stable,dominant_stable,dominant_stable,0.0200,-0.0333,0.0133,persisted
rr_interval_4002_first_50000_001,50,75,17051,17100,17026,17100,1.0000,stable,stable,dominant_stable,dominant_stable,-0.0067,0.0267,-0.0200,persisted
rr_interval_4002_first_50000_001,50,75,17101,17150,17101,17175,1.0000,stable,stable,dominant_stable,dominant_stable,0.0133,0.0067,-0.0200,persisted
rr_interval_4002_first_50000_001,50,75,17151,17200,17101,17175,0.5000,stable,stable,dominant_stable,dominant_stable,-0.0467,0.0667,-0.0200,persisted
rr_interval_4002_first_50000_001,50,75,17201,17250,17176,17250,1.0000,stable,stable,dominant_stable,dominant_stable,0.0000,0.0000,0.0000,persisted
rr_interval_4002_first_50000_001,50,75,17251,17300,17251,17325,1.0000,stable,stable,dominant_stable,dominant_stable,0.0533,-0.0533,0.0000,persisted
rr_interval_4002_first_50000_001,50,75,17301,17350,17251,17325,0.5000,stable,stable,dominant_stable,dominant_stable,0.0333,-0.0333,0.0000,persisted
rr_interval_4002_first_50000_001,50,75,17351,17400,17326,17400,1.0000,stable,stable,dominant_stable,dominant_stable,0.0000,0.0000,0.0000,persisted
rr_interval_4002_first_50000_001,50,75,17401,17450,17401,17475,1.0000,stable,stable,dominant_stable,dominant_stable,0.0000,0.0000,0.0000,persisted
rr_interval_4002_first_50000_001,50,75,17451,17500,17401,17475,0.5000,stable,stable,dominant_stable,dominant_stable,0.0400,0.0000,-0.0400,persisted
rr_interval_4002_first_50000_001,50,75,17501,17550,17476,17550,1.0000,stable,stable,dominant_stable,dominant_stable,0.0467,-0.0400,-0.0067,persisted
rr_interval_4002_first_50000_001,50,75,17551,17600,17551,17625,1.0000,stable,stable,dominant_stable,dominant_stable,-0.0133,0.0000,0.0133,persisted
rr_interval_4002_first_50000_001,50,75,17601,17650,17551,17625,0.5000,stable,stable,dominant_stable,dominant_stable,0.0267,0.0000,-0.0267,persisted
rr_interval_4002_first_50000_001,50,75,17651,17700,17626,17700,1.0000,stable,stable,dominant_stable,dominant_stable,0.0000,0.0000,0.0000,persisted
rr_interval_4002_first_50000_001,50,75,17701,17750,17701,17775,1.0000,stable,stable,dominant_stable,dominant_stable,0.1000,-0.1000,0.0000,persisted
rr_interval_4002_first_50000_001,50,75,17751,17800,17701,17775,0.5000,stable,stable,dominant_stable,dominant_stable,0.0000,0.0000,0.0000,persisted
rr_interval_4002_first_50000_001,50,75,17801,17850,17776,17850,1.0000,stable,stable,dominant_stable,dominant_stable,0.0400,0.0000,-0.0400,persisted
rr_interval_4002_first_50000_001,50,75,17851,17900,17851,17925,1.0000,stable,stable,dominant_stable,dominant_stable,0.0067,0.0000,-0.0067,persisted
rr_interval_4002_first_50000_001,50,75,17901,17950,17851,17925,0.5000,stable,stable,dominant_stable,dominant_stable,0.0467,-0.0600,0.0133,persisted
rr_interval_4002_first_50000_001,50,75,17951,18000,17926,18000,1.0000,stable,stable,dominant_stable,dominant_stable,-0.0533,0.0533,0.0000,persisted
rr_interval_4002_first_50000_001,50,75,18001,18050,18001,18075,1.0000,stable,stable,dominant_stable,dominant_stable,0.0000,0.0000,0.0000,persisted
rr_interval_4002_first_50000_001,50,75,18051,18100,18001,18075,0.5000,stable,stable,dominant_stable,dominant_stable,0.0600,-0.0600,0.0000,persisted
rr_interval_4002_first_50000_001,50,75,18101,18150,18076,18150,1.0000,stable,stable,dominant_stable,dominant_stable,0.0000,0.0000,0.0000,persisted
rr_interval_4002_first_50000_001,50,75,18151,18200,18151,18225,1.0000,stable,stable,dominant_stable,dominant_stable,-0.0133,0.0000,0.0133,persisted
rr_interval_4002_first_50000_001,50,75,18201,18250,18151,18225,0.5000,stable,stable,dominant_stable,dominant_stable,0.0067,0.0000,-0.0067,persisted
rr_interval_4002_first_50000_001,50,75,18251,18300,18226,18300,1.0000,stable,stable,dominant_stable,dominant_stable,-0.0067,0.0267,-0.0200,persisted
rr_interval_4002_first_50000_001,50,75,18301,18350,18301,18375,1.0000,stable,stable,dominant_stable,dominant_stable,0.0000,0.0400,-0.0400,persisted
rr_interval_4002_first_50000_001,50,75,18351,18400,18301,18375,0.5000,stable,stable,dominant_stable,dominant_stable,0.0200,-0.0200,0.0000,persisted
rr_interval_4002_first_50000_001,50,75,18401,18450,18376,18450,1.0000,stable,stable,dominant_stable,dominant_stable,0.0067,0.0000,-0.0067,persisted
rr_interval_4002_first_50000_001,50,75,18451,18500,18451,18525,1.0000,stable,stable,dominant_stable,dominant_stable,0.0000,0.0000,0.0000,persisted
rr_interval_4002_first_50000_001,50,75,18501,18550,18451,18525,0.5000,stable,stable,dominant_stable,dominant_stable,0.0000,0.0000,0.0000,persisted
rr_interval_4002_first_50000_001,50,75,18551,18600,18526,18600,1.0000,stable,stable,dominant_stable,dominant_stable,0.0000,0.0000,0.0000,persisted
rr_interval_4002_first_50000_001,50,75,18601,18650,18601,18675,1.0000,stable,stable,dominant_stable,dominant_stable,0.0000,0.0000,0.0000,persisted
rr_interval_4002_first_50000_001,50,75,18651,18700,18601,18675,0.5000,stable,stable,dominant_stable,dominant_stable,0.0000,0.0000,0.0000,persisted
rr_interval_4002_first_50000_001,50,75,18701,18750,18676,18750,1.0000,stable,stable,dominant_stable,dominant_stable,0.0000,0.0000,0.0000,persisted
rr_interval_4002_first_50000_001,50,75,18751,18800,18751,18825,1.0000,stable,stable,dominant_stable,dominant_stable,0.0000,0.0000,0.0000,persisted
rr_interval_4002_first_50000_001,50,75,18801,18850,18751,18825,0.5000,stable,stable,dominant_stable,dominant_stable,0.0400,-0.0400,0.0000,persisted
rr_interval_4002_first_50000_001,50,75,18851,18900,18826,18900,1.0000,stable,stable,dominant_stable,dominant_stable,-0.0267,0.0267,0.0000,persisted
rr_interval_4002_first_50000_001,50,75,18901,18950,18901,18975,1.0000,stable,stable,dominant_stable,dominant_stable,-0.0667,0.1067,-0.0400,persisted
rr_interval_4002_first_50000_001,50,75,18951,19000,18901,18975,0.5000,stable,stable,dominant_stable,dominant_stable,0.0133,-0.0133,0.0000,persisted
rr_interval_4002_first_50000_001,50,75,19001,19050,18976,19050,1.0000,stable,stable,dominant_stable,dominant_stable,-0.0933,0.0933,0.0000,persisted
rr_interval_4002_first_50000_001,50,75,19051,19100,19051,19125,1.0000,stable,stable,dominant_stable,dominant_stable,0.0533,-0.0333,-0.0200,persisted
rr_interval_4002_first_50000_001,50,75,19101,19150,19051,19125,0.5000,stable,stable,dominant_stable,dominant_stable,0.0133,0.0267,-0.0400,persisted
rr_interval_4002_first_50000_001,50,75,19151,19200,19126,19200,1.0000,stable,stable,dominant_stable,dominant_stable,0.0933,-0.0733,-0.0200,persisted
rr_interval_4002_first_50000_001,50,75,19201,19250,19201,19275,1.0000,stable,stable,dominant_stable,dominant_stable,0.0200,-0.0200,0.0000,persisted
rr_interval_4002_first_50000_001,50,75,19251,19300,19201,19275,0.5000,stable,stable,dominant_stable,dominant_stable,-0.0400,0.0000,0.0400,persisted
rr_interval_4002_first_50000_001,50,75,19301,19350,19276,19350,1.0000,stable,stable,dominant_stable,dominant_stable,0.0200,0.0000,-0.0200,persisted
rr_interval_4002_first_50000_001,50,75,19351,19400,19351,19425,1.0000,stable,stable,dominant_stable,dominant_stable,0.0400,-0.0400,0.0000,persisted
rr_interval_4002_first_50000_001,50,75,19401,19450,19351,19425,0.5000,stable,stable,dominant_stable,dominant_stable,0.2000,-0.2000,0.0000,persisted
rr_interval_4002_first_50000_001,50,75,19451,19500,19426,19500,1.0000,stable,stable,dominant_stable,dominant_stable,0.0000,0.0000,0.0000,persisted
rr_interval_4002_first_50000_001,50,75,19501,19550,19501,19575,1.0000,stable,stable,dominant_stable,dominant_stable,-0.0267,0.0000,0.0267,persisted
rr_interval_4002_first_50000_001,50,75,19551,19600,19501,19575,0.5000,stable,stable,dominant_stable,dominant_stable,0.0733,-0.1000,0.0267,persisted
rr_interval_4002_first_50000_001,50,75,19601,19650,19576,19650,1.0000,stable,stable,dominant_stable,dominant_stable,0.0333,-0.0267,-0.0067,persisted
rr_interval_4002_first_50000_001,50,75,19651,19700,19651,19725,1.0000,stable,stable,dominant_stable,dominant_stable,0.0067,0.0000,-0.0067,persisted
rr_interval_4002_first_50000_001,50,75,19701,19750,19651,19725,0.5000,stable,stable,dominant_stable,dominant_stable,-0.0133,0.0000,0.0133,persisted
rr_interval_4002_first_50000_001,50,75,19751,19800,19726,19800,1.0000,stable,stable,dominant_stable,dominant_stable,0.0000,0.0000,0.0000,persisted
rr_interval_4002_first_50000_001,50,75,19801,19850,19801,19875,1.0000,stable,stable,dominant_stable,dominant_stable,0.0000,0.0000,0.0000,persisted
rr_interval_4002_first_50000_001,50,75,19851,19900,19801,19875,0.5000,stable,stable,dominant_stable,dominant_stable,0.0000,0.0000,0.0000,persisted
rr_interval_4002_first_50000_001,50,75,19901,19950,19876,19950,1.0000,stable,stable,dominant_stable,dominant_stable,0.0000,0.0000,0.0000,persisted
rr_interval_4002_first_50000_001,50,75,19951,20000,19951,20025,1.0000,stable,stable,dominant_stable,dominant_stable,0.1600,-0.1600,0.0000,persisted
rr_interval_4002_first_50000_001,50,75,20001,20050,19951,20025,0.5000,stable,stable,dominant_stable,dominant_stable,0.0800,-0.0600,-0.0200,persisted
rr_interval_4002_first_50000_001,50,75,20051,20100,20026,20100,1.0000,stable,stable,dominant_stable,dominant_stable,-0.0333,0.0400,-0.0067,persisted
rr_interval_4002_first_50000_001,50,75,20101,20150,20101,20175,1.0000,stable,stable,dominant_stable,dominant_stable,0.0600,-0.0600,0.0000,persisted
rr_interval_4002_first_50000_001,50,75,20151,20200,20101,20175,0.5000,stable,stable,dominant_stable,dominant_stable,0.0000,0.0000,0.0000,persisted
rr_interval_4002_first_50000_001,50,75,20201,20250,20176,20250,1.0000,stable,stable,dominant_stable,dominant_stable,0.0000,0.0000,0.0000,persisted
rr_interval_4002_first_50000_001,50,75,20251,20300,20251,20325,1.0000,stable,stable,dominant_stable,dominant_stable,0.0133,-0.0133,0.0000,persisted
rr_interval_4002_first_50000_001,50,75,20301,20350,20251,20325,0.5000,stable,stable,dominant_stable,dominant_stable,-0.0267,0.0267,0.0000,persisted
rr_interval_4002_first_50000_001,50,75,20351,20400,20326,20400,1.0000,stable,stable,dominant_stable,dominant_stable,0.0133,-0.0133,0.0000,persisted
rr_interval_4002_first_50000_001,50,75,20401,20450,20401,20475,1.0000,stable,stable,dominant_stable,dominant_stable,0.0000,0.0000,0.0000,persisted
rr_interval_4002_first_50000_001,50,75,20451,20500,20401,20475,0.5000,stable,stable,dominant_stable,dominant_stable,0.0000,0.0000,0.0000,persisted
rr_interval_4002_first_50000_001,50,75,20501,20550,20476,20550,1.0000,stable,stable,dominant_stable,dominant_stable,0.0000,0.0000,0.0000,persisted
rr_interval_4002_first_50000_001,50,75,20551,20600,20551,20625,1.0000,stable,stable,dominant_stable,dominant_stable,0.0200,-0.0200,0.0000,persisted
rr_interval_4002_first_50000_001,50,75,20601,20650,20551,20625,0.5000,stable,stable,dominant_stable,dominant_stable,0.0400,-0.0200,-0.0200,persisted
rr_interval_4002_first_50000_001,50,75,20651,20700,20626,20700,1.0000,stable,stable,dominant_stable,dominant_stable,0.0533,-0.0533,0.0000,persisted
rr_interval_4002_first_50000_001,50,75,20701,20750,20701,20775,1.0000,stable,stable,dominant_stable,dominant_stable,0.0600,-0.0533,-0.0067,persisted
rr_interval_4002_first_50000_001,50,75,20751,20800,20701,20775,0.5000,stable,stable,dominant_stable,dominant_stable,-0.0400,0.0267,0.0133,persisted
rr_interval_4002_first_50000_001,50,75,20801,20850,20776,20850,1.0000,stable,stable,dominant_stable,dominant_stable,0.0733,-0.0733,0.0000,persisted
rr_interval_4002_first_50000_001,50,75,20851,20900,20851,20925,1.0000,stable,stable,dominant_stable,dominant_stable,0.0400,-0.0267,-0.0133,persisted
rr_interval_4002_first_50000_001,50,75,20901,20950,20851,20925,0.5000,stable,stable,dominant_stable,dominant_stable,-0.0800,0.0533,0.0267,persisted
rr_interval_4002_first_50000_001,50,75,20951,21000,20926,21000,1.0000,stable,stable,dominant_stable,dominant_stable,-0.0533,0.0533,0.0000,persisted
rr_interval_4002_first_50000_001,50,75,21001,21050,21001,21075,1.0000,stable,stable,dominant_stable,dominant_stable,-0.0067,0.0467,-0.0400,persisted
rr_interval_4002_first_50000_001,50,75,21051,21100,21001,21075,0.5000,stable,stable,dominant_stable,dominant_stable,0.0133,0.0067,-0.0200,persisted
rr_interval_4002_first_50000_001,50,75,21101,21150,21076,21150,1.0000,stable,stable,dominant_stable,dominant_stable,0.0267,-0.0267,0.0000,persisted
rr_interval_4002_first_50000_001,50,75,21151,21200,21151,21225,1.0000,stable,stable,dominant_stable,dominant_stable,0.0333,-0.0333,0.0000,persisted
rr_interval_4002_first_50000_001,50,75,21201,21250,21151,21225,0.5000,stable,stable,dominant_stable,dominant_stable,-0.0667,0.0667,0.0000,persisted
rr_interval_4002_first_50000_001,50,75,21251,21300,21226,21300,1.0000,stable,stable,dominant_stable,dominant_stable,0.0000,0.0000,0.0000,persisted
rr_interval_4002_first_50000_001,50,75,21301,21350,21301,21375,1.0000,stable,stable,dominant_stable,dominant_stable,0.0000,0.0000,0.0000,persisted
rr_interval_4002_first_50000_001,50,75,21351,21400,21301,21375,0.5000,stable,stable,dominant_stable,dominant_stable,0.0000,0.0000,0.0000,persisted
rr_interval_4002_first_50000_001,50,75,21401,21450,21376,21450,1.0000,stable,stable,dominant_stable,dominant_stable,0.0000,0.0000,0.0000,persisted
rr_interval_4002_first_50000_001,50,75,21451,21500,21451,21525,1.0000,stable,stable,dominant_stable,dominant_stable,0.0067,0.0000,-0.0067,persisted
rr_interval_4002_first_50000_001,50,75,21501,21550,21451,21525,0.5000,stable,stable,dominant_stable,dominant_stable,0.0067,0.0000,-0.0067,persisted
rr_interval_4002_first_50000_001,50,75,21551,21600,21526,21600,1.0000,stable,stable,dominant_stable,dominant_stable,0.0000,0.0000,0.0000,persisted
rr_interval_4002_first_50000_001,50,75,21601,21650,21601,21675,1.0000,stable,stable,dominant_stable,dominant_stable,0.0467,-0.0400,-0.0067,persisted
rr_interval_4002_first_50000_001,50,75,21651,21700,21601,21675,0.5000,stable,stable,dominant_stable,dominant_stable,-0.0133,0.0000,0.0133,persisted
rr_interval_4002_first_50000_001,50,75,21701,21750,21676,21750,1.0000,stable,stable,dominant_stable,dominant_stable,0.0000,0.0000,0.0000,persisted
rr_interval_4002_first_50000_001,50,75,21751,21800,21751,21825,1.0000,stable,stable,dominant_stable,dominant_stable,0.0133,-0.0133,0.0000,persisted
rr_interval_4002_first_50000_001,50,75,21801,21850,21751,21825,0.5000,stable,stable,dominant_stable,dominant_stable,0.0333,-0.0333,0.0000,persisted
rr_interval_4002_first_50000_001,50,75,21851,21900,21826,21900,1.0000,stable,stable,dominant_stable,dominant_stable,0.0200,-0.0200,0.0000,persisted
rr_interval_4002_first_50000_001,50,75,21901,21950,21901,21975,1.0000,stable,stable,dominant_stable,dominant_stable,0.0333,0.0000,-0.0333,persisted
rr_interval_4002_first_50000_001,50,75,21951,22000,21901,21975,0.5000,stable,stable,dominant_stable,dominant_stable,0.0133,0.0000,-0.0133,persisted
rr_interval_4002_first_50000_001,50,75,22001,22050,21976,22050,1.0000,stable,stable,dominant_stable,dominant_stable,0.0733,-0.0733,0.0000,persisted
rr_interval_4002_first_50000_001,50,75,22051,22100,22051,22125,1.0000,stable,stable,dominant_stable,dominant_stable,0.1133,-0.0933,-0.0200,persisted
rr_interval_4002_first_50000_001,50,75,22101,22150,22051,22125,0.5000,stable,stable,dominant_stable,dominant_stable,0.1133,-0.1133,0.0000,persisted
rr_interval_4002_first_50000_001,50,75,22151,22200,22126,22200,1.0000,stable,stable,dominant_stable,dominant_stable,0.0200,-0.0200,0.0000,persisted
rr_interval_4002_first_50000_001,50,75,22201,22250,22201,22275,1.0000,stable,stable,dominant_stable,dominant_stable,0.0200,0.0000,-0.0200,persisted
rr_interval_4002_first_50000_001,50,75,22251,22300,22201,22275,0.5000,stable,stable,dominant_stable,dominant_stable,0.0600,-0.0600,0.0000,persisted
rr_interval_4002_first_50000_001,50,75,22301,22350,22276,22350,1.0000,stable,stable,dominant_stable,dominant_stable,0.0533,-0.0533,0.0000,persisted
rr_interval_4002_first_50000_001,50,75,22351,22400,22351,22425,1.0000,stable,stable,dominant_stable,dominant_stable,-0.0733,0.0800,-0.0067,persisted
rr_interval_4002_first_50000_001,50,75,22401,22450,22351,22425,0.5000,stable,stable,dominant_stable,dominant_stable,0.0667,-0.0800,0.0133,persisted
rr_interval_4002_first_50000_001,50,75,22451,22500,22426,22500,1.0000,stable,stable,dominant_stable,dominant_stable,0.0000,0.0000,0.0000,persisted
rr_interval_4002_first_50000_001,50,75,22501,22550,22501,22575,1.0000,stable,stable,dominant_stable,dominant_stable,0.0467,-0.0600,0.0133,persisted
rr_interval_4002_first_50000_001,50,75,22551,22600,22501,22575,0.5000,stable,stable,dominant_stable,dominant_stable,0.0467,-0.0400,-0.0067,persisted
rr_interval_4002_first_50000_001,50,75,22601,22650,22576,22650,1.0000,stable,stable,dominant_stable,dominant_stable,0.0867,-0.0800,-0.0067,persisted
rr_interval_4002_first_50000_001,50,75,22651,22700,22651,22725,1.0000,stable,stable,dominant_stable,dominant_stable,0.0000,0.0000,0.0000,persisted
rr_interval_4002_first_50000_001,50,75,22701,22750,22651,22725,0.5000,stable,stable,dominant_stable,dominant_stable,0.0400,-0.0400,0.0000,persisted
rr_interval_4002_first_50000_001,50,75,22751,22800,22726,22800,1.0000,stable,stable,dominant_stable,dominant_stable,0.0133,-0.0133,0.0000,persisted
rr_interval_4002_first_50000_001,50,75,22801,22850,22801,22875,1.0000,stable,stable,dominant_stable,dominant_stable,-0.0200,0.0400,-0.0200,persisted
rr_interval_4002_first_50000_001,50,75,22851,22900,22801,22875,0.5000,stable,stable,dominant_stable,dominant_stable,0.0200,-0.0200,0.0000,persisted
rr_interval_4002_first_50000_001,50,75,22901,22950,22876,22950,1.0000,stable,stable,dominant_stable,dominant_stable,0.0267,-0.0200,-0.0067,persisted
rr_interval_4002_first_50000_001,50,75,22951,23000,22951,23025,1.0000,stable,stable,dominant_stable,dominant_stable,-0.0267,0.0000,0.0267,persisted
rr_interval_4002_first_50000_001,50,75,23001,23050,22951,23025,0.5000,stable,stable,dominant_stable,dominant_stable,0.0133,0.0000,-0.0133,persisted
rr_interval_4002_first_50000_001,50,75,23051,23100,23026,23100,1.0000,stable,stable,dominant_stable,dominant_stable,0.0067,0.0000,-0.0067,persisted
rr_interval_4002_first_50000_001,50,75,23101,23150,23101,23175,1.0000,stable,stable,dominant_stable,dominant_stable,0.0400,-0.0400,0.0000,persisted
rr_interval_4002_first_50000_001,50,75,23151,23200,23101,23175,0.5000,stable,stable,dominant_stable,dominant_stable,0.0000,0.0000,0.0000,persisted
rr_interval_4002_first_50000_001,50,75,23201,23250,23176,23250,1.0000,stable,stable,dominant_stable,dominant_stable,0.1067,-0.0600,-0.0467,persisted
rr_interval_4002_first_50000_001,50,75,23251,23300,23251,23325,1.0000,stable,stable,dominant_stable,dominant_stable,0.0333,0.0000,-0.0333,persisted
rr_interval_4002_first_50000_001,50,75,23301,23350,23251,23325,0.5000,stable,stable,dominant_stable,dominant_stable,-0.0267,0.0000,0.0267,persisted
rr_interval_4002_first_50000_001,50,75,23351,23400,23326,23400,1.0000,stable,stable,dominant_stable,dominant_stable,0.1467,-0.1467,0.0000,persisted
rr_interval_4002_first_50000_001,50,75,23401,23450,23401,23475,1.0000,stable,stable,dominant_stable,dominant_stable,0.0800,-0.0733,-0.0067,persisted
rr_interval_4002_first_50000_001,50,75,23451,23500,23401,23475,0.5000,stable,stable,dominant_stable,dominant_stable,0.0800,-0.0533,-0.0267,persisted
rr_interval_4002_first_50000_001,50,75,23501,23550,23476,23550,1.0000,stable,stable,dominant_stable,dominant_stable,0.0000,0.0000,0.0000,persisted
rr_interval_4002_first_50000_001,50,75,23551,23600,23551,23625,1.0000,stable,stable,dominant_stable,dominant_stable,0.0333,-0.0600,0.0267,persisted
rr_interval_4002_first_50000_001,50,75,23601,23650,23551,23625,0.5000,stable,stable,dominant_stable,dominant_stable,0.0733,-0.1000,0.0267,persisted
rr_interval_4002_first_50000_001,50,75,23651,23700,23626,23700,1.0000,stable,stable,dominant_stable,dominant_stable,0.0333,-0.0267,-0.0067,persisted
rr_interval_4002_first_50000_001,50,75,23701,23750,23701,23775,1.0000,stable,stable,dominant_stable,dominant_stable,0.1000,-0.1000,0.0000,persisted
rr_interval_4002_first_50000_001,50,75,23751,23800,23701,23775,0.5000,stable,stable,dominant_stable,dominant_stable,0.0000,0.0600,-0.0600,persisted
rr_interval_4002_first_50000_001,50,75,23801,23850,23776,23850,1.0000,stable,stable,dominant_stable,dominant_stable,-0.0067,0.0267,-0.0200,persisted
rr_interval_4002_first_50000_001,50,75,23851,23900,23851,23925,1.0000,stable,stable,dominant_stable,dominant_stable,0.0200,0.0000,-0.0200,persisted
rr_interval_4002_first_50000_001,50,75,23901,23950,23851,23925,0.5000,stable,stable,dominant_stable,dominant_stable,0.0600,-0.0400,-0.0200,persisted
rr_interval_4002_first_50000_001,50,75,23951,24000,23926,24000,1.0000,stable,stable,dominant_stable,dominant_stable,-0.0400,0.0267,0.0133,persisted
rr_interval_4002_first_50000_001,50,75,24001,24050,24001,24075,1.0000,stable,stable,dominant_stable,dominant_stable,0.0000,-0.0133,0.0133,persisted
rr_interval_4002_first_50000_001,50,75,24051,24100,24001,24075,0.5000,stable,stable,dominant_stable,dominant_stable,0.1000,-0.0933,-0.0067,persisted
rr_interval_4002_first_50000_001,50,75,24101,24150,24076,24150,1.0000,stable,stable,dominant_stable,dominant_stable,0.0800,-0.0733,-0.0067,persisted
rr_interval_4002_first_50000_001,50,75,24151,24200,24151,24225,1.0000,stable,stable,dominant_stable,dominant_stable,0.0200,-0.0133,-0.0067,persisted
rr_interval_4002_first_50000_001,50,75,24201,24250,24151,24225,0.5000,stable,stable,dominant_stable,dominant_stable,-0.0200,0.0267,-0.0067,persisted
rr_interval_4002_first_50000_001,50,75,24251,24300,24226,24300,1.0000,stable,stable,dominant_stable,dominant_stable,0.0333,-0.0333,0.0000,persisted
rr_interval_4002_first_50000_001,50,75,24301,24350,24301,24375,1.0000,stable,stable,dominant_stable,dominant_stable,0.0133,-0.0133,0.0000,persisted
rr_interval_4002_first_50000_001,50,75,24351,24400,24301,24375,0.5000,stable,stable,dominant_stable,dominant_stable,0.0133,-0.0133,0.0000,persisted
rr_interval_4002_first_50000_001,50,75,24401,24450,24376,24450,1.0000,stable,stable,dominant_stable,dominant_stable,0.0600,-0.0600,0.0000,persisted
rr_interval_4002_first_50000_001,50,75,24451,24500,24451,24525,1.0000,stable,stable,dominant_stable,dominant_stable,0.0667,-0.0800,0.0133,persisted
rr_interval_4002_first_50000_001,50,75,24501,24550,24451,24525,0.5000,stable,stable,dominant_stable,dominant_stable,0.0267,0.0000,-0.0267,persisted
rr_interval_4002_first_50000_001,50,75,24551,24600,24526,24600,1.0000,stable,stable,dominant_stable,dominant_stable,-0.0067,0.0267,-0.0200,persisted
rr_interval_4002_first_50000_001,50,75,24601,24650,24601,24675,1.0000,stable,stable,dominant_stable,dominant_stable,-0.0533,0.0267,0.0267,persisted
rr_interval_4002_first_50000_001,50,75,24651,24700,24601,24675,0.5000,stable,stable,dominant_stable,dominant_stable,0.1067,-0.0933,-0.0133,persisted
rr_interval_4002_first_50000_001,50,75,24701,24750,24676,24750,1.0000,stable,stable,dominant_stable,dominant_stable,0.0400,-0.0333,-0.0067,persisted
rr_interval_4002_first_50000_001,50,75,24751,24800,24751,24825,1.0000,stable,stable,dominant_stable,dominant_stable,0.0467,-0.0400,-0.0067,persisted
rr_interval_4002_first_50000_001,50,75,24801,24850,24751,24825,0.5000,stable,stable,dominant_stable,dominant_stable,0.0067,0.0000,-0.0067,persisted
rr_interval_4002_first_50000_001,50,75,24851,24900,24826,24900,1.0000,stable,stable,dominant_stable,dominant_stable,0.0133,0.0000,-0.0133,persisted
rr_interval_4002_first_50000_001,50,75,24901,24950,24901,24975,1.0000,stable,stable,dominant_stable,dominant_stable,0.0400,-0.0333,-0.0067,persisted
rr_interval_4002_first_50000_001,50,75,24951,25000,24901,24975,0.5000,stable,stable,dominant_stable,dominant_stable,-0.0600,0.0667,-0.0067,persisted
rr_interval_4002_first_50000_001,50,75,25001,25050,24976,25050,1.0000,stable,stable,dominant_stable,dominant_stable,-0.0067,0.0267,-0.0200,persisted
rr_interval_4002_first_50000_001,50,75,25051,25100,25051,25125,1.0000,stable,stable,dominant_stable,dominant_stable,-0.0133,0.0000,0.0133,persisted
rr_interval_4002_first_50000_001,50,75,25101,25150,25051,25125,0.5000,stable,stable,dominant_stable,dominant_stable,0.0067,0.0000,-0.0067,persisted
rr_interval_4002_first_50000_001,50,75,25151,25200,25126,25200,1.0000,stable,stable,dominant_stable,dominant_stable,0.0000,0.0000,0.0000,persisted
rr_interval_4002_first_50000_001,50,75,25201,25250,25201,25275,1.0000,stable,stable,dominant_stable,dominant_stable,-0.0067,0.0267,-0.0200,persisted
rr_interval_4002_first_50000_001,50,75,25251,25300,25201,25275,0.5000,stable,stable,dominant_stable,dominant_stable,-0.0067,0.0267,-0.0200,persisted
rr_interval_4002_first_50000_001,50,75,25301,25350,25276,25350,1.0000,stable,stable,dominant_stable,dominant_stable,0.0000,0.0000,0.0000,persisted
rr_interval_4002_first_50000_001,50,75,25351,25400,25351,25425,1.0000,stable,stable,dominant_stable,dominant_stable,0.0000,0.0000,0.0000,persisted
rr_interval_4002_first_50000_001,50,75,25401,25450,25351,25425,0.5000,stable,stable,dominant_stable,dominant_stable,0.0000,0.0000,0.0000,persisted
rr_interval_4002_first_50000_001,50,75,25451,25500,25426,25500,1.0000,stable,stable,dominant_stable,dominant_stable,0.0000,0.0000,0.0000,persisted
rr_interval_4002_first_50000_001,50,75,25501,25550,25501,25575,1.0000,stable,stable,dominant_stable,dominant_stable,0.0067,-0.0133,0.0067,persisted
rr_interval_4002_first_50000_001,50,75,25551,25600,25501,25575,0.5000,stable,stable,dominant_stable,dominant_stable,-0.0333,0.0267,0.0067,persisted
rr_interval_4002_first_50000_001,50,75,25601,25650,25576,25650,1.0000,stable,stable,dominant_stable,dominant_stable,0.0000,0.0000,0.0000,persisted
rr_interval_4002_first_50000_001,50,75,25651,25700,25651,25725,1.0000,stable,stable,dominant_stable,dominant_stable,0.0000,0.0000,0.0000,persisted
rr_interval_4002_first_50000_001,50,75,25701,25750,25651,25725,0.5000,stable,stable,dominant_stable,dominant_stable,0.0000,0.0000,0.0000,persisted
rr_interval_4002_first_50000_001,50,75,25751,25800,25726,25800,1.0000,stable,stable,dominant_stable,dominant_stable,0.0133,-0.0133,0.0000,persisted
rr_interval_4002_first_50000_001,50,75,25801,25850,25801,25875,1.0000,stable,stable,dominant_stable,dominant_stable,-0.0400,0.0267,0.0133,persisted
rr_interval_4002_first_50000_001,50,75,25851,25900,25801,25875,0.5000,stable,stable,dominant_stable,dominant_stable,0.0200,-0.0133,-0.0067,persisted
rr_interval_4002_first_50000_001,50,75,25901,25950,25876,25950,1.0000,stable,stable,dominant_stable,dominant_stable,0.0000,0.0000,0.0000,persisted
rr_interval_4002_first_50000_001,50,75,25951,26000,25951,26025,1.0000,stable,stable,dominant_stable,dominant_stable,0.0000,0.0000,0.0000,persisted
rr_interval_4002_first_50000_001,50,75,26001,26050,25951,26025,0.5000,stable,stable,dominant_stable,dominant_stable,0.0000,0.0000,0.0000,persisted
rr_interval_4002_first_50000_001,50,75,26051,26100,26026,26100,1.0000,stable,stable,dominant_stable,dominant_stable,0.0000,0.0000,0.0000,persisted
rr_interval_4002_first_50000_001,50,75,26101,26150,26101,26175,1.0000,stable,stable,dominant_stable,dominant_stable,0.0267,0.0000,-0.0267,persisted
rr_interval_4002_first_50000_001,50,75,26151,26200,26101,26175,0.5000,stable,stable,dominant_stable,dominant_stable,-0.0533,0.0000,0.0533,persisted
rr_interval_4002_first_50000_001,50,75,26201,26250,26176,26250,1.0000,stable,stable,dominant_stable,dominant_stable,0.0000,0.0000,0.0000,persisted
rr_interval_4002_first_50000_001,50,75,26251,26300,26251,26325,1.0000,stable,stable,dominant_stable,dominant_stable,-0.0533,0.0400,0.0133,persisted
rr_interval_4002_first_50000_001,50,75,26301,26350,26251,26325,0.5000,stable,stable,dominant_stable,dominant_stable,0.0467,-0.0200,-0.0267,persisted
rr_interval_4002_first_50000_001,50,75,26351,26400,26326,26400,1.0000,stable,stable,dominant_stable,dominant_stable,0.0000,-0.0133,0.0133,persisted
rr_interval_4002_first_50000_001,50,75,26401,26450,26401,26475,1.0000,stable,stable,dominant_stable,dominant_stable,0.0400,-0.0400,0.0000,persisted
rr_interval_4002_first_50000_001,50,75,26451,26500,26401,26475,0.5000,stable,stable,dominant_stable,dominant_stable,0.0400,0.0000,-0.0400,persisted
rr_interval_4002_first_50000_001,50,75,26501,26550,26476,26550,1.0000,stable,stable,dominant_stable,dominant_stable,0.1200,-0.1200,0.0000,persisted
rr_interval_4002_first_50000_001,50,75,26551,26600,26551,26625,1.0000,stable,stable,dominant_stable,dominant_stable,0.0600,-0.0600,0.0000,persisted
rr_interval_4002_first_50000_001,50,75,26601,26650,26551,26625,0.5000,stable,stable,dominant_stable,dominant_stable,-0.0200,0.0400,-0.0200,persisted
rr_interval_4002_first_50000_001,50,75,26651,26700,26626,26700,1.0000,stable,stable,dominant_stable,dominant_stable,0.1000,-0.0800,-0.0200,persisted
rr_interval_4002_first_50000_001,50,75,26701,26750,26701,26775,1.0000,stable,stable,dominant_stable,dominant_stable,0.0000,0.0000,0.0000,persisted
rr_interval_4002_first_50000_001,50,75,26751,26800,26701,26775,0.5000,stable,stable,dominant_stable,dominant_stable,0.0600,-0.0600,0.0000,persisted
rr_interval_4002_first_50000_001,50,75,26801,26850,26776,26850,1.0000,stable,stable,dominant_stable,dominant_stable,0.0933,-0.0933,0.0000,persisted
rr_interval_4002_first_50000_001,50,75,26851,26900,26851,26925,1.0000,stable,stable,dominant_stable,dominant_stable,0.0600,-0.0600,0.0000,persisted
rr_interval_4002_first_50000_001,50,75,26901,26950,26851,26925,0.5000,stable,stable,dominant_stable,dominant_stable,-0.0200,0.0400,-0.0200,persisted
rr_interval_4002_first_50000_001,50,75,26951,27000,26926,27000,1.0000,stable,stable,dominant_stable,dominant_stable,0.0133,0.0000,-0.0133,persisted
rr_interval_4002_first_50000_001,50,75,27001,27050,27001,27075,1.0000,stable,stable,dominant_stable,dominant_stable,0.0333,-0.0133,-0.0200,persisted
rr_interval_4002_first_50000_001,50,75,27051,27100,27001,27075,0.5000,stable,stable,dominant_stable,dominant_stable,0.0333,-0.0333,0.0000,persisted
rr_interval_4002_first_50000_001,50,75,27101,27150,27076,27150,1.0000,stable,stable,dominant_stable,dominant_stable,0.0000,0.0000,0.0000,persisted
rr_interval_4002_first_50000_001,50,75,27151,27200,27151,27225,1.0000,stable,stable,dominant_stable,dominant_stable,0.1200,-0.1200,0.0000,persisted
rr_interval_4002_first_50000_001,50,75,27201,27250,27151,27225,0.5000,stable,stable,dominant_stable,dominant_stable,0.1000,-0.1000,0.0000,persisted
rr_interval_4002_first_50000_001,50,75,27251,27300,27226,27300,1.0000,stable,stable,dominant_stable,dominant_stable,0.0333,-0.0333,0.0000,persisted
rr_interval_4002_first_50000_001,50,75,27301,27350,27301,27375,1.0000,stable,stable,dominant_stable,dominant_stable,-0.0067,0.0000,0.0067,persisted
rr_interval_4002_first_50000_001,50,75,27351,27400,27301,27375,0.5000,stable,stable,dominant_stable,dominant_stable,0.0933,-0.1200,0.0267,persisted
rr_interval_4002_first_50000_001,50,75,27401,27450,27376,27450,1.0000,stable,stable,dominant_stable,dominant_stable,-0.0667,0.0667,0.0000,persisted
rr_interval_4002_first_50000_001,50,75,27451,27500,27451,27525,1.0000,stable,stable,dominant_stable,dominant_stable,0.0533,-0.0600,0.0067,persisted
rr_interval_4002_first_50000_001,50,75,27501,27550,27451,27525,0.5000,stable,stable,dominant_stable,dominant_stable,0.0533,-0.0600,0.0067,persisted
rr_interval_4002_first_50000_001,50,75,27551,27600,27526,27600,1.0000,stable,stable,dominant_stable,dominant_stable,-0.0200,0.0267,-0.0067,persisted
rr_interval_4002_first_50000_001,50,75,27601,27650,27601,27675,1.0000,stable,stable,dominant_stable,dominant_stable,0.0133,0.0000,-0.0133,persisted
rr_interval_4002_first_50000_001,50,75,27651,27700,27601,27675,0.5000,stable,stable,dominant_stable,dominant_stable,-0.0267,0.0000,0.0267,persisted
rr_interval_4002_first_50000_001,50,75,27701,27750,27676,27750,1.0000,stable,stable,dominant_stable,dominant_stable,0.0000,0.0000,0.0000,persisted
rr_interval_4002_first_50000_001,50,75,27751,27800,27751,27825,1.0000,stable,stable,dominant_stable,dominant_stable,-0.0067,0.0267,-0.0200,persisted
rr_interval_4002_first_50000_001,50,75,27801,27850,27751,27825,0.5000,stable,stable,dominant_stable,dominant_stable,-0.0067,0.0267,-0.0200,persisted
rr_interval_4002_first_50000_001,50,75,27851,27900,27826,27900,1.0000,stable,stable,dominant_stable,dominant_stable,0.0000,0.0000,0.0000,persisted
rr_interval_4002_first_50000_001,50,75,27901,27950,27901,27975,1.0000,stable,stable,dominant_stable,dominant_stable,0.0000,0.0000,0.0000,persisted
rr_interval_4002_first_50000_001,50,75,27951,28000,27901,27975,0.5000,stable,stable,dominant_stable,dominant_stable,0.0000,0.0000,0.0000,persisted
rr_interval_4002_first_50000_001,50,75,28001,28050,27976,28050,1.0000,stable,stable,dominant_stable,dominant_stable,0.0000,0.0000,0.0000,persisted
rr_interval_4002_first_50000_001,50,75,28051,28100,28051,28125,1.0000,stable,stable,dominant_stable,dominant_stable,0.0000,0.0000,0.0000,persisted
rr_interval_4002_first_50000_001,50,75,28101,28150,28051,28125,0.5000,stable,stable,dominant_stable,dominant_stable,0.0000,0.0000,0.0000,persisted
rr_interval_4002_first_50000_001,50,75,28151,28200,28126,28200,1.0000,stable,stable,dominant_stable,dominant_stable,0.0000,0.0000,0.0000,persisted
rr_interval_4002_first_50000_001,50,75,28201,28250,28201,28275,1.0000,stable,stable,dominant_stable,dominant_stable,0.0400,-0.0333,-0.0067,persisted
rr_interval_4002_first_50000_001,50,75,28251,28300,28201,28275,0.5000,stable,stable,dominant_stable,dominant_stable,-0.0800,0.0667,0.0133,persisted
rr_interval_4002_first_50000_001,50,75,28301,28350,28276,28350,1.0000,stable,stable,dominant_stable,dominant_stable,0.0000,0.0000,0.0000,persisted
rr_interval_4002_first_50000_001,50,75,28351,28400,28351,28425,1.0000,stable,stable,dominant_stable,dominant_stable,0.0067,0.0000,-0.0067,persisted
rr_interval_4002_first_50000_001,50,75,28401,28450,28351,28425,0.5000,stable,stable,dominant_stable,dominant_stable,-0.0133,0.0000,0.0133,persisted
rr_interval_4002_first_50000_001,50,75,28451,28500,28426,28500,1.0000,stable,stable,dominant_stable,dominant_stable,0.0133,-0.0133,0.0000,persisted
rr_interval_4002_first_50000_001,50,75,28501,28550,28501,28575,1.0000,stable,stable,dominant_stable,dominant_stable,0.0067,0.0000,-0.0067,persisted
rr_interval_4002_first_50000_001,50,75,28551,28600,28501,28575,0.5000,stable,stable,dominant_stable,dominant_stable,0.0067,0.0000,-0.0067,persisted
rr_interval_4002_first_50000_001,50,75,28601,28650,28576,28650,1.0000,stable,stable,dominant_stable,dominant_stable,-0.0133,0.0000,0.0133,persisted
rr_interval_4002_first_50000_001,50,75,28651,28700,28651,28725,1.0000,stable,stable,dominant_stable,dominant_stable,0.0067,0.0000,-0.0067,persisted
rr_interval_4002_first_50000_001,50,75,28701,28750,28651,28725,0.5000,stable,stable,dominant_stable,dominant_stable,-0.0133,0.0000,0.0133,persisted
rr_interval_4002_first_50000_001,50,75,28751,28800,28726,28800,1.0000,stable,stable,dominant_stable,dominant_stable,0.0000,0.0000,0.0000,persisted
rr_interval_4002_first_50000_001,50,75,28801,28850,28801,28875,1.0000,stable,stable,dominant_stable,dominant_stable,-0.0400,0.0267,0.0133,persisted
rr_interval_4002_first_50000_001,50,75,28851,28900,28801,28875,0.5000,stable,stable,dominant_stable,dominant_stable,-0.0400,0.0267,0.0133,persisted
rr_interval_4002_first_50000_001,50,75,28901,28950,28876,28950,1.0000,stable,stable,dominant_stable,dominant_stable,0.0000,0.0000,0.0000,persisted
rr_interval_4002_first_50000_001,50,75,28951,29000,28951,29025,1.0000,stable,stable,dominant_stable,dominant_stable,-0.0733,0.0667,0.0067,persisted
rr_interval_4002_first_50000_001,50,75,29001,29050,28951,29025,0.5000,stable,stable,dominant_stable,dominant_stable,0.0467,-0.0333,-0.0133,persisted
rr_interval_4002_first_50000_001,50,75,29051,29100,29026,29100,1.0000,stable,stable,dominant_stable,dominant_stable,0.0200,0.0000,-0.0200,persisted
rr_interval_4002_first_50000_001,50,75,29101,29150,29101,29175,1.0000,stable,stable,dominant_stable,dominant_stable,0.0200,-0.0133,-0.0067,persisted
rr_interval_4002_first_50000_001,50,75,29151,29200,29101,29175,0.5000,stable,stable,dominant_stable,dominant_stable,0.0200,0.0267,-0.0467,persisted
rr_interval_4002_first_50000_001,50,75,29201,29250,29176,29250,1.0000,stable,stable,dominant_stable,dominant_stable,-0.0400,0.0400,0.0000,persisted
rr_interval_4002_first_50000_001,50,75,29251,29300,29251,29325,1.0000,stable,stable,dominant_stable,dominant_stable,-0.0133,0.0000,0.0133,persisted
rr_interval_4002_first_50000_001,50,75,29301,29350,29251,29325,0.5000,stable,stable,dominant_stable,dominant_stable,0.0067,0.0000,-0.0067,persisted
rr_interval_4002_first_50000_001,50,75,29351,29400,29326,29400,1.0000,stable,stable,dominant_stable,dominant_stable,0.0000,0.0000,0.0000,persisted
rr_interval_4002_first_50000_001,50,75,29401,29450,29401,29475,1.0000,stable,stable,dominant_stable,dominant_stable,0.0000,0.0000,0.0000,persisted
rr_interval_4002_first_50000_001,50,75,29451,29500,29401,29475,0.5000,stable,stable,dominant_stable,dominant_stable,0.0000,0.0000,0.0000,persisted
rr_interval_4002_first_50000_001,50,75,29501,29550,29476,29550,1.0000,stable,stable,dominant_stable,dominant_stable,0.0000,0.0000,0.0000,persisted
rr_interval_4002_first_50000_001,50,75,29551,29600,29551,29625,1.0000,stable,stable,dominant_stable,dominant_stable,-0.0133,0.0000,0.0133,persisted
rr_interval_4002_first_50000_001,50,75,29601,29650,29551,29625,0.5000,stable,stable,dominant_stable,dominant_stable,0.1667,-0.1800,0.0133,persisted
rr_interval_4002_first_50000_001,50,75,29651,29700,29626,29700,1.0000,stable,stable,dominant_stable,dominant_stable,-0.0667,0.0800,-0.0133,persisted
rr_interval_4002_first_50000_001,50,75,29701,29750,29701,29775,1.0000,stable,stable,dominant_stable,dominant_stable,-0.0133,0.0400,-0.0267,persisted
rr_interval_4002_first_50000_001,50,75,29751,29800,29701,29775,0.5000,stable,stable,dominant_stable,dominant_stable,0.0667,-0.0200,-0.0467,persisted
rr_interval_4002_first_50000_001,50,75,29801,29850,29776,29850,1.0000,stable,stable,dominant_stable,dominant_stable,-0.0067,0.0000,0.0067,persisted
rr_interval_4002_first_50000_001,50,75,29851,29900,29851,29925,1.0000,stable,stable,dominant_stable,dominant_stable,0.0000,0.0000,0.0000,persisted
rr_interval_4002_first_50000_001,50,75,29901,29950,29851,29925,0.5000,stable,stable,dominant_stable,dominant_stable,0.0000,0.0000,0.0000,persisted
rr_interval_4002_first_50000_001,50,75,29951,30000,29926,30000,1.0000,stable,stable,dominant_stable,dominant_stable,0.0200,-0.0200,0.0000,persisted
rr_interval_4002_first_50000_001,50,75,30001,30050,30001,30075,1.0000,stable,stable,dominant_stable,dominant_stable,0.0000,0.0000,0.0000,persisted
rr_interval_4002_first_50000_001,50,75,30051,30100,30001,30075,0.5000,stable,stable,dominant_stable,dominant_stable,0.0000,0.0000,0.0000,persisted
rr_interval_4002_first_50000_001,50,75,30101,30150,30076,30150,1.0000,stable,stable,dominant_stable,dominant_stable,0.0067,0.0000,-0.0067,persisted
rr_interval_4002_first_50000_001,50,75,30151,30200,30151,30225,1.0000,stable,stable,dominant_stable,dominant_stable,0.0200,-0.0200,0.0000,persisted
rr_interval_4002_first_50000_001,50,75,30201,30250,30151,30225,0.5000,stable,stable,dominant_stable,dominant_stable,0.0600,-0.0600,0.0000,persisted
rr_interval_4002_first_50000_001,50,75,30251,30300,30226,30300,1.0000,stable,stable,dominant_stable,dominant_stable,0.0133,0.0000,-0.0133,persisted
rr_interval_4002_first_50000_001,50,75,30301,30350,30301,30375,1.0000,stable,stable,dominant_stable,dominant_stable,0.0733,-0.0733,0.0000,persisted
rr_interval_4002_first_50000_001,50,75,30351,30400,30301,30375,0.5000,stable,stable,dominant_stable,dominant_stable,0.0333,-0.0333,0.0000,persisted
rr_interval_4002_first_50000_001,50,75,30401,30450,30376,30450,1.0000,stable,stable,dominant_stable,dominant_stable,0.0067,0.0000,-0.0067,persisted
rr_interval_4002_first_50000_001,50,75,30451,30500,30451,30525,1.0000,stable,stable,dominant_stable,dominant_stable,0.1133,-0.1200,0.0067,persisted
rr_interval_4002_first_50000_001,50,75,30501,30550,30451,30525,0.5000,stable,stable,dominant_stable,dominant_stable,0.0733,-0.0600,-0.0133,persisted
rr_interval_4002_first_50000_001,50,75,30551,30600,30526,30600,1.0000,stable,stable,dominant_stable,dominant_stable,0.1067,-0.1000,-0.0067,persisted
rr_interval_4002_first_50000_001,50,75,30601,30650,30601,30675,1.0000,stable,stable,dominant_stable,dominant_stable,0.0333,-0.0267,-0.0067,persisted
rr_interval_4002_first_50000_001,50,75,30651,30700,30601,30675,0.5000,stable,stable,dominant_stable,dominant_stable,-0.0467,0.0533,-0.0067,persisted
rr_interval_4002_first_50000_001,50,75,30701,30750,30676,30750,1.0000,stable,stable,dominant_stable,dominant_stable,-0.0067,0.0000,0.0067,persisted
rr_interval_4002_first_50000_001,50,75,30751,30800,30751,30825,1.0000,stable,stable,dominant_stable,dominant_stable,-0.0533,0.0533,0.0000,persisted
rr_interval_4002_first_50000_001,50,75,30801,30850,30751,30825,0.5000,stable,stable,dominant_stable,dominant_stable,-0.0133,0.0133,0.0000,persisted
rr_interval_4002_first_50000_001,50,75,30851,30900,30826,30900,1.0000,stable,stable,dominant_stable,dominant_stable,-0.0667,0.0667,0.0000,persisted
rr_interval_4002_first_50000_001,50,75,30901,30950,30901,30975,1.0000,stable,stable,dominant_stable,dominant_stable,0.0467,-0.0333,-0.0133,persisted
rr_interval_4002_first_50000_001,50,75,30951,31000,30901,30975,0.5000,stable,stable,dominant_stable,dominant_stable,-0.0933,0.0667,0.0267,persisted
rr_interval_4002_first_50000_001,50,75,31001,31050,30976,31050,1.0000,stable,stable,dominant_stable,dominant_stable,0.0000,0.0000,0.0000,persisted
rr_interval_4002_first_50000_001,50,75,31051,31100,31051,31125,1.0000,stable,stable,dominant_stable,dominant_stable,0.0267,-0.0133,-0.0133,persisted
rr_interval_4002_first_50000_001,50,75,31101,31150,31051,31125,0.5000,stable,stable,dominant_stable,dominant_stable,0.0267,-0.0533,0.0267,persisted
rr_interval_4002_first_50000_001,50,75,31151,31200,31126,31200,1.0000,stable,stable,dominant_stable,dominant_stable,0.0867,-0.0600,-0.0267,persisted
rr_interval_4002_first_50000_001,50,75,31201,31250,31201,31275,1.0000,stable,stable,dominant_stable,dominant_stable,0.0000,0.0000,0.0000,persisted
rr_interval_4002_first_50000_001,50,75,31251,31300,31201,31275,0.5000,stable,stable,dominant_stable,dominant_stable,0.0400,0.0000,-0.0400,persisted
rr_interval_4002_first_50000_001,50,75,31301,31350,31276,31350,1.0000,stable,stable,dominant_stable,dominant_stable,-0.0267,0.0000,0.0267,persisted
rr_interval_4002_first_50000_001,50,75,31351,31400,31351,31425,1.0000,stable,stable,dominant_stable,dominant_stable,0.0000,0.0000,0.0000,persisted
rr_interval_4002_first_50000_001,50,75,31401,31450,31351,31425,0.5000,stable,stable,dominant_stable,dominant_stable,0.1000,-0.0800,-0.0200,persisted
rr_interval_4002_first_50000_001,50,75,31451,31500,31426,31500,1.0000,stable,stable,dominant_stable,dominant_stable,0.0533,-0.0333,-0.0200,persisted
rr_interval_4002_first_50000_001,50,75,31501,31550,31501,31575,1.0000,stable,stable,dominant_stable,dominant_stable,0.0000,0.0000,0.0000,persisted
rr_interval_4002_first_50000_001,50,75,31551,31600,31501,31575,0.5000,stable,stable,dominant_stable,dominant_stable,0.0000,0.0000,0.0000,persisted
rr_interval_4002_first_50000_001,50,75,31601,31650,31576,31650,1.0000,stable,stable,dominant_stable,dominant_stable,0.0000,0.0000,0.0000,persisted
rr_interval_4002_first_50000_001,50,75,31651,31700,31651,31725,1.0000,stable,stable,dominant_stable,dominant_stable,0.0000,0.0000,0.0000,persisted
rr_interval_4002_first_50000_001,50,75,31701,31750,31651,31725,0.5000,stable,stable,dominant_stable,dominant_stable,0.0000,0.0000,0.0000,persisted
rr_interval_4002_first_50000_001,50,75,31751,31800,31726,31800,1.0000,stable,stable,dominant_stable,dominant_stable,0.0000,0.0000,0.0000,persisted
rr_interval_4002_first_50000_001,50,75,31801,31850,31801,31875,1.0000,stable,stable,dominant_stable,dominant_stable,0.0000,0.0000,0.0000,persisted
rr_interval_4002_first_50000_001,50,75,31851,31900,31801,31875,0.5000,stable,stable,dominant_stable,dominant_stable,0.0000,0.0000,0.0000,persisted
rr_interval_4002_first_50000_001,50,75,31901,31950,31876,31950,1.0000,stable,stable,dominant_stable,dominant_stable,0.0067,0.0000,-0.0067,persisted
rr_interval_4002_first_50000_001,50,75,31951,32000,31951,32025,1.0000,stable,stable,dominant_stable,dominant_stable,0.0000,0.0000,0.0000,persisted
rr_interval_4002_first_50000_001,50,75,32001,32050,31951,32025,0.5000,stable,stable,dominant_stable,dominant_stable,0.0000,0.0000,0.0000,persisted
rr_interval_4002_first_50000_001,50,75,32051,32100,32026,32100,1.0000,stable,stable,dominant_stable,dominant_stable,0.0000,0.0000,0.0000,persisted
rr_interval_4002_first_50000_001,50,75,32101,32150,32101,32175,1.0000,stable,stable,dominant_stable,dominant_stable,0.0000,0.0000,0.0000,persisted
rr_interval_4002_first_50000_001,50,75,32151,32200,32101,32175,0.5000,stable,stable,dominant_stable,dominant_stable,0.0000,0.0000,0.0000,persisted
rr_interval_4002_first_50000_001,50,75,32201,32250,32176,32250,1.0000,stable,stable,dominant_stable,dominant_stable,0.0000,0.0000,0.0000,persisted
rr_interval_4002_first_50000_001,50,75,32251,32300,32251,32325,1.0000,stable,stable,dominant_stable,dominant_stable,0.0067,0.0000,-0.0067,persisted
rr_interval_4002_first_50000_001,50,75,32301,32350,32251,32325,0.5000,stable,stable,dominant_stable,dominant_stable,-0.0133,0.0000,0.0133,persisted
rr_interval_4002_first_50000_001,50,75,32351,32400,32326,32400,1.0000,stable,stable,dominant_stable,dominant_stable,0.0000,0.0000,0.0000,persisted
rr_interval_4002_first_50000_001,50,75,32401,32450,32401,32475,1.0000,stable,stable,dominant_stable,dominant_stable,0.0000,0.0000,0.0000,persisted
rr_interval_4002_first_50000_001,50,75,32451,32500,32401,32475,0.5000,stable,stable,dominant_stable,dominant_stable,0.0000,0.0000,0.0000,persisted
rr_interval_4002_first_50000_001,50,75,32501,32550,32476,32550,1.0000,stable,stable,dominant_stable,dominant_stable,0.0000,0.0000,0.0000,persisted
rr_interval_4002_first_50000_001,50,75,32551,32600,32551,32625,1.0000,stable,stable,dominant_stable,dominant_stable,0.0000,0.0000,0.0000,persisted
rr_interval_4002_first_50000_001,50,75,32601,32650,32551,32625,0.5000,stable,stable,dominant_stable,dominant_stable,0.0200,0.0000,-0.0200,persisted
rr_interval_4002_first_50000_001,50,75,32651,32700,32626,32700,1.0000,stable,stable,dominant_stable,dominant_stable,-0.0133,0.0000,0.0133,persisted
rr_interval_4002_first_50000_001,50,75,32701,32750,32701,32775,1.0000,stable,stable,dominant_stable,dominant_stable,0.0000,0.0000,0.0000,persisted
rr_interval_4002_first_50000_001,50,75,32751,32800,32701,32775,0.5000,stable,stable,dominant_stable,dominant_stable,0.0200,0.0000,-0.0200,persisted
rr_interval_4002_first_50000_001,50,75,32801,32850,32776,32850,1.0000,stable,stable,dominant_stable,dominant_stable,-0.0133,0.0000,0.0133,persisted
rr_interval_4002_first_50000_001,50,75,32851,32900,32851,32925,1.0000,stable,stable,dominant_stable,dominant_stable,0.0267,-0.0200,-0.0067,persisted
rr_interval_4002_first_50000_001,50,75,32901,32950,32851,32925,0.5000,stable,stable,dominant_stable,dominant_stable,-0.0533,0.0400,0.0133,persisted
rr_interval_4002_first_50000_001,50,75,32951,33000,32926,33000,1.0000,stable,stable,dominant_stable,dominant_stable,0.0000,0.0000,0.0000,persisted
rr_interval_4002_first_50000_001,50,75,33001,33050,33001,33075,1.0000,stable,stable,dominant_stable,dominant_stable,0.0400,-0.0333,-0.0067,persisted
rr_interval_4002_first_50000_001,50,75,33051,33100,33001,33075,0.5000,stable,stable,dominant_stable,dominant_stable,-0.0400,0.0667,-0.0267,persisted
rr_interval_4002_first_50000_001,50,75,33101,33150,33076,33150,1.0000,stable,stable,dominant_stable,dominant_stable,0.0000,0.0000,0.0000,persisted
rr_interval_4002_first_50000_001,50,75,33151,33200,33151,33225,1.0000,stable,stable,dominant_stable,dominant_stable,0.0000,0.0000,0.0000,persisted
rr_interval_4002_first_50000_001,50,75,33201,33250,33151,33225,0.5000,stable,stable,dominant_stable,dominant_stable,0.0000,0.0000,0.0000,persisted
rr_interval_4002_first_50000_001,50,75,33251,33300,33226,33300,1.0000,stable,stable,dominant_stable,dominant_stable,0.0000,0.0000,0.0000,persisted
rr_interval_4002_first_50000_001,50,75,33301,33350,33301,33375,1.0000,stable,stable,dominant_stable,dominant_stable,0.0000,0.0000,0.0000,persisted
rr_interval_4002_first_50000_001,50,75,33351,33400,33301,33375,0.5000,stable,stable,dominant_stable,dominant_stable,0.0200,0.0000,-0.0200,persisted
rr_interval_4002_first_50000_001,50,75,33401,33450,33376,33450,1.0000,stable,stable,dominant_stable,dominant_stable,0.0000,-0.0133,0.0133,persisted
rr_interval_4002_first_50000_001,50,75,33451,33500,33451,33525,1.0000,stable,stable,dominant_stable,dominant_stable,-0.0133,0.0000,0.0133,persisted
rr_interval_4002_first_50000_001,50,75,33501,33550,33451,33525,0.5000,stable,stable,dominant_stable,dominant_stable,0.0467,-0.0600,0.0133,persisted
rr_interval_4002_first_50000_001,50,75,33551,33600,33526,33600,1.0000,stable,stable,dominant_stable,dominant_stable,0.0333,-0.0133,-0.0200,persisted
rr_interval_4002_first_50000_001,50,75,33601,33650,33601,33675,1.0000,stable,stable,dominant_stable,dominant_stable,0.0000,0.0000,0.0000,persisted
rr_interval_4002_first_50000_001,50,75,33651,33700,33601,33675,0.5000,stable,stable,dominant_stable,dominant_stable,0.0200,0.0000,-0.0200,persisted
rr_interval_4002_first_50000_001,50,75,33701,33750,33676,33750,1.0000,stable,stable,dominant_stable,dominant_stable,0.0067,0.0000,-0.0067,persisted
rr_interval_4002_first_50000_001,50,75,33751,33800,33751,33825,1.0000,stable,stable,dominant_stable,dominant_stable,0.1200,-0.1000,-0.0200,persisted
rr_interval_4002_first_50000_001,50,75,33801,33850,33751,33825,0.5000,stable,stable,dominant_stable,dominant_stable,-0.0600,0.0800,-0.0200,persisted
rr_interval_4002_first_50000_001,50,75,33851,33900,33826,33900,1.0000,stable,stable,dominant_stable,dominant_stable,0.0200,-0.0200,0.0000,persisted
rr_interval_4002_first_50000_001,50,75,33901,33950,33901,33975,1.0000,stable,stable,dominant_stable,dominant_stable,0.1000,-0.1000,0.0000,persisted
rr_interval_4002_first_50000_001,50,75,33951,34000,33901,33975,0.5000,stable,stable,dominant_stable,dominant_stable,0.0000,0.0000,0.0000,persisted
rr_interval_4002_first_50000_001,50,75,34001,34050,33976,34050,1.0000,stable,stable,dominant_stable,dominant_stable,0.1200,-0.1200,0.0000,persisted
rr_interval_4002_first_50000_001,50,75,34051,34100,34051,34125,1.0000,stable,stable,dominant_stable,dominant_stable,0.0600,-0.0400,-0.0200,persisted
rr_interval_4002_first_50000_001,50,75,34101,34150,34051,34125,0.5000,stable,stable,dominant_stable,dominant_stable,0.0200,-0.0200,0.0000,persisted
rr_interval_4002_first_50000_001,50,75,34151,34200,34126,34200,1.0000,stable,stable,dominant_stable,dominant_stable,0.1067,-0.1200,0.0133,persisted
rr_interval_4002_first_50000_001,50,75,34201,34250,34201,34275,1.0000,stable,stable,dominant_stable,dominant_stable,0.0400,-0.0333,-0.0067,persisted
rr_interval_4002_first_50000_001,50,75,34251,34300,34201,34275,0.5000,stable,stable,dominant_stable,dominant_stable,-0.0200,0.0667,-0.0467,persisted
rr_interval_4002_first_50000_001,50,75,34301,34350,34276,34350,1.0000,stable,stable,dominant_stable,dominant_stable,0.0067,0.0000,-0.0067,persisted
rr_interval_4002_first_50000_001,50,75,34351,34400,34351,34425,1.0000,stable,stable,dominant_stable,dominant_stable,0.0200,0.0000,-0.0200,persisted
rr_interval_4002_first_50000_001,50,75,34401,34450,34351,34425,0.5000,stable,stable,dominant_stable,dominant_stable,0.0000,0.0000,0.0000,persisted
rr_interval_4002_first_50000_001,50,75,34451,34500,34426,34500,1.0000,stable,stable,dominant_stable,dominant_stable,0.0200,-0.0200,0.0000,persisted
rr_interval_4002_first_50000_001,50,75,34501,34550,34501,34575,1.0000,stable,stable,dominant_stable,dominant_stable,-0.0533,0.0533,0.0000,persisted
rr_interval_4002_first_50000_001,50,75,34551,34600,34501,34575,0.5000,stable,stable,dominant_stable,dominant_stable,0.0267,-0.0267,0.0000,persisted
rr_interval_4002_first_50000_001,50,75,34601,34650,34576,34650,1.0000,stable,stable,dominant_stable,dominant_stable,0.0067,0.0000,-0.0067,persisted
rr_interval_4002_first_50000_001,50,75,34651,34700,34651,34725,1.0000,stable,stable,dominant_stable,dominant_stable,0.0000,0.0000,0.0000,persisted
rr_interval_4002_first_50000_001,50,75,34701,34750,34651,34725,0.5000,stable,stable,dominant_stable,dominant_stable,0.0000,0.0000,0.0000,persisted
rr_interval_4002_first_50000_001,50,75,34751,34800,34726,34800,1.0000,stable,stable,dominant_stable,dominant_stable,0.0733,-0.0733,0.0000,persisted
rr_interval_4002_first_50000_001,50,75,34801,34850,34801,34875,1.0000,stable,stable,dominant_stable,dominant_stable,0.0067,0.0000,-0.0067,persisted
rr_interval_4002_first_50000_001,50,75,34851,34900,34801,34875,0.5000,stable,stable,dominant_stable,dominant_stable,0.0267,-0.0400,0.0133,persisted
rr_interval_4002_first_50000_001,50,75,34901,34950,34876,34950,1.0000,stable,stable,dominant_stable,dominant_stable,0.0000,0.0267,-0.0267,persisted
rr_interval_4002_first_50000_001,50,75,34951,35000,34951,35025,1.0000,stable,stable,dominant_stable,dominant_stable,0.0400,-0.0400,0.0000,persisted
rr_interval_4002_first_50000_001,50,75,35001,35050,34951,35025,0.5000,stable,stable,dominant_stable,dominant_stable,0.0800,-0.0600,-0.0200,persisted
rr_interval_4002_first_50000_001,50,75,35051,35100,35026,35100,1.0000,stable,stable,dominant_stable,dominant_stable,0.0667,-0.0600,-0.0067,persisted
rr_interval_4002_first_50000_001,50,75,35101,35150,35101,35175,1.0000,stable,stable,dominant_stable,dominant_stable,0.0600,-0.0600,0.0000,persisted
rr_interval_4002_first_50000_001,50,75,35151,35200,35101,35175,0.5000,stable,stable,dominant_stable,dominant_stable,0.0600,-0.0600,0.0000,persisted
rr_interval_4002_first_50000_001,50,75,35201,35250,35176,35250,1.0000,stable,stable,dominant_stable,dominant_stable,0.0800,-0.0600,-0.0200,persisted
rr_interval_4002_first_50000_001,50,75,35251,35300,35251,35325,1.0000,stable,stable,dominant_stable,dominant_stable,0.0733,-0.0733,0.0000,persisted
rr_interval_4002_first_50000_001,50,75,35301,35350,35251,35325,0.5000,stable,stable,dominant_stable,dominant_stable,-0.0267,0.0267,0.0000,persisted
rr_interval_4002_first_50000_001,50,75,35351,35400,35326,35400,1.0000,stable,stable,dominant_stable,dominant_stable,-0.0400,0.0400,0.0000,persisted
rr_interval_4002_first_50000_001,50,75,35401,35450,35401,35475,1.0000,stable,stable,dominant_stable,dominant_stable,0.0067,0.0000,-0.0067,persisted
rr_interval_4002_first_50000_001,50,75,35451,35500,35401,35475,0.5000,stable,stable,dominant_stable,dominant_stable,0.0267,-0.0400,0.0133,persisted
rr_interval_4002_first_50000_001,50,75,35501,35550,35476,35550,1.0000,stable,stable,dominant_stable,dominant_stable,-0.0133,0.0000,0.0133,persisted
rr_interval_4002_first_50000_001,50,75,35551,35600,35551,35625,1.0000,stable,stable,dominant_stable,dominant_stable,0.0067,0.0000,-0.0067,persisted
rr_interval_4002_first_50000_001,50,75,35601,35650,35551,35625,0.5000,stable,stable,dominant_stable,dominant_stable,0.0467,-0.0400,-0.0067,persisted
rr_interval_4002_first_50000_001,50,75,35651,35700,35626,35700,1.0000,stable,stable,dominant_stable,dominant_stable,0.0133,-0.0133,0.0000,persisted
rr_interval_4002_first_50000_001,50,75,35701,35750,35701,35775,1.0000,stable,stable,dominant_stable,dominant_stable,0.0133,-0.0133,0.0000,persisted
rr_interval_4002_first_50000_001,50,75,35751,35800,35701,35775,0.5000,stable,stable,dominant_stable,dominant_stable,0.1133,-0.0933,-0.0200,persisted
rr_interval_4002_first_50000_001,50,75,35801,35850,35776,35850,1.0000,stable,stable,dominant_stable,dominant_stable,-0.0333,0.0400,-0.0067,persisted
rr_interval_4002_first_50000_001,50,75,35851,35900,35851,35925,1.0000,stable,stable,dominant_stable,dominant_stable,0.0000,0.0000,0.0000,persisted
rr_interval_4002_first_50000_001,50,75,35901,35950,35851,35925,0.5000,stable,stable,dominant_stable,dominant_stable,0.0000,0.0000,0.0000,persisted
rr_interval_4002_first_50000_001,50,75,35951,36000,35926,36000,1.0000,stable,stable,dominant_stable,dominant_stable,0.0000,0.0000,0.0000,persisted
rr_interval_4002_first_50000_001,50,75,36001,36050,36001,36075,1.0000,stable,stable,dominant_stable,dominant_stable,-0.0400,0.0267,0.0133,persisted
rr_interval_4002_first_50000_001,50,75,36051,36100,36001,36075,0.5000,stable,stable,dominant_stable,dominant_stable,0.0200,-0.0133,-0.0067,persisted
rr_interval_4002_first_50000_001,50,75,36101,36150,36076,36150,1.0000,stable,stable,dominant_stable,dominant_stable,0.0133,0.0000,-0.0133,persisted
rr_interval_4002_first_50000_001,50,75,36151,36200,36151,36225,1.0000,stable,stable,dominant_stable,dominant_stable,0.0067,0.0000,-0.0067,persisted
rr_interval_4002_first_50000_001,50,75,36201,36250,36151,36225,0.5000,stable,stable,dominant_stable,dominant_stable,0.0067,0.0000,-0.0067,persisted
rr_interval_4002_first_50000_001,50,75,36251,36300,36226,36300,1.0000,stable,stable,dominant_stable,dominant_stable,0.0067,0.0000,-0.0067,persisted
rr_interval_4002_first_50000_001,50,75,36301,36350,36301,36375,1.0000,stable,stable,dominant_stable,dominant_stable,0.0400,-0.0533,0.0133,persisted
rr_interval_4002_first_50000_001,50,75,36351,36400,36301,36375,0.5000,stable,stable,dominant_stable,dominant_stable,0.0800,-0.0733,-0.0067,persisted
rr_interval_4002_first_50000_001,50,75,36401,36450,36376,36450,1.0000,stable,stable,dominant_stable,dominant_stable,-0.0533,0.0933,-0.0400,persisted
rr_interval_4002_first_50000_001,50,75,36451,36500,36451,36525,1.0000,stable,stable,dominant_stable,dominant_stable,0.0133,-0.0133,0.0000,persisted
rr_interval_4002_first_50000_001,50,75,36501,36550,36451,36525,0.5000,stable,stable,dominant_stable,dominant_stable,-0.0267,0.0267,0.0000,persisted
rr_interval_4002_first_50000_001,50,75,36551,36600,36526,36600,1.0000,stable,stable,dominant_stable,dominant_stable,0.0067,0.0000,-0.0067,persisted
rr_interval_4002_first_50000_001,50,75,36601,36650,36601,36675,1.0000,stable,stable,dominant_stable,dominant_stable,0.0000,0.0267,-0.0267,persisted
rr_interval_4002_first_50000_001,50,75,36651,36700,36601,36675,0.5000,stable,stable,dominant_stable,dominant_stable,0.0000,-0.0133,0.0133,persisted
rr_interval_4002_first_50000_001,50,75,36701,36750,36676,36750,1.0000,stable,stable,dominant_stable,dominant_stable,0.0467,-0.0467,0.0000,persisted
rr_interval_4002_first_50000_001,50,75,36751,36800,36751,36825,1.0000,stable,stable,dominant_stable,dominant_stable,0.0600,-0.0600,0.0000,persisted
rr_interval_4002_first_50000_001,50,75,36801,36850,36751,36825,0.5000,stable,stable,dominant_stable,dominant_stable,0.0600,-0.0600,0.0000,persisted
rr_interval_4002_first_50000_001,50,75,36851,36900,36826,36900,1.0000,stable,stable,dominant_stable,dominant_stable,0.1800,-0.1800,0.0000,persisted
rr_interval_4002_first_50000_001,50,75,36901,36950,36901,36975,1.0000,stable,stable,dominant_stable,dominant_stable,-0.0067,0.0267,-0.0200,persisted
rr_interval_4002_first_50000_001,50,75,36951,37000,36901,36975,0.5000,stable,stable,dominant_stable,dominant_stable,0.0133,-0.0133,0.0000,persisted
rr_interval_4002_first_50000_001,50,75,37001,37050,36976,37050,1.0000,stable,stable,dominant_stable,dominant_stable,0.0400,-0.0400,0.0000,persisted
rr_interval_4002_first_50000_001,50,75,37051,37100,37051,37125,1.0000,stable,stable,dominant_stable,dominant_stable,0.0133,-0.0133,0.0000,persisted
rr_interval_4002_first_50000_001,50,75,37101,37150,37051,37125,0.5000,stable,stable,dominant_stable,dominant_stable,0.0733,-0.0733,0.0000,persisted
rr_interval_4002_first_50000_001,50,75,37151,37200,37126,37200,1.0000,stable,stable,dominant_stable,dominant_stable,0.1000,-0.0933,-0.0067,persisted
rr_interval_4002_first_50000_001,50,75,37201,37250,37201,37275,1.0000,stable,stable,dominant_stable,dominant_stable,0.0667,-0.0600,-0.0067,persisted
rr_interval_4002_first_50000_001,50,75,37251,37300,37201,37275,0.5000,stable,stable,dominant_stable,dominant_stable,0.0467,-0.0600,0.0133,persisted
rr_interval_4002_first_50000_001,50,75,37301,37350,37276,37350,1.0000,stable,stable,dominant_stable,dominant_stable,0.0000,0.0000,0.0000,persisted
rr_interval_4002_first_50000_001,50,75,37351,37400,37351,37425,1.0000,stable,stable,dominant_stable,dominant_stable,0.0200,-0.0200,0.0000,persisted
rr_interval_4002_first_50000_001,50,75,37401,37450,37351,37425,0.5000,stable,stable,dominant_stable,dominant_stable,0.0200,-0.0200,0.0000,persisted
rr_interval_4002_first_50000_001,50,75,37451,37500,37426,37500,1.0000,stable,stable,dominant_stable,dominant_stable,0.0600,-0.0400,-0.0200,persisted
rr_interval_4002_first_50000_001,50,75,37501,37550,37501,37575,1.0000,stable,stable,dominant_stable,dominant_stable,0.0333,-0.0400,0.0067,persisted
rr_interval_4002_first_50000_001,50,75,37551,37600,37501,37575,0.5000,stable,stable,dominant_stable,dominant_stable,0.0733,-0.0800,0.0067,persisted
rr_interval_4002_first_50000_001,50,75,37601,37650,37576,37650,1.0000,stable,stable,dominant_stable,dominant_stable,0.0267,-0.0400,0.0133,persisted
rr_interval_4002_first_50000_001,50,75,37651,37700,37651,37725,1.0000,stable,stable,dominant_stable,dominant_stable,0.0000,0.0000,0.0000,persisted
rr_interval_4002_first_50000_001,50,75,37701,37750,37651,37725,0.5000,stable,stable,dominant_stable,dominant_stable,0.1000,-0.0800,-0.0200,persisted
rr_interval_4002_first_50000_001,50,75,37751,37800,37726,37800,1.0000,stable,stable,dominant_stable,dominant_stable,0.0467,-0.0400,-0.0067,persisted
rr_interval_4002_first_50000_001,50,75,37801,37850,37801,37875,1.0000,stable,stable,dominant_stable,dominant_stable,0.0133,0.0000,-0.0133,persisted
rr_interval_4002_first_50000_001,50,75,37851,37900,37801,37875,0.5000,stable,stable,dominant_stable,dominant_stable,0.1333,-0.1400,0.0067,persisted
rr_interval_4002_first_50000_001,50,75,37901,37950,37876,37950,1.0000,stable,stable,dominant_stable,dominant_stable,0.0533,-0.0333,-0.0200,persisted
rr_interval_4002_first_50000_001,50,75,37951,38000,37951,38025,1.0000,stable,stable,dominant_stable,dominant_stable,0.0000,0.0000,0.0000,persisted
rr_interval_4002_first_50000_001,50,75,38001,38050,37951,38025,0.5000,stable,stable,dominant_stable,dominant_stable,0.0800,-0.0800,0.0000,persisted
rr_interval_4002_first_50000_001,50,75,38051,38100,38026,38100,1.0000,stable,stable,dominant_stable,dominant_stable,0.0733,-0.0733,0.0000,persisted
rr_interval_4002_first_50000_001,50,75,38101,38150,38101,38175,1.0000,stable,stable,dominant_stable,dominant_stable,0.0000,0.0000,0.0000,persisted
rr_interval_4002_first_50000_001,50,75,38151,38200,38101,38175,0.5000,stable,stable,dominant_stable,dominant_stable,0.0000,0.0000,0.0000,persisted
rr_interval_4002_first_50000_001,50,75,38201,38250,38176,38250,1.0000,stable,stable,dominant_stable,dominant_stable,0.0267,-0.0133,-0.0133,persisted
rr_interval_4002_first_50000_001,50,75,38251,38300,38251,38325,1.0000,stable,stable,dominant_stable,dominant_stable,-0.0067,0.0267,-0.0200,persisted
rr_interval_4002_first_50000_001,50,75,38301,38350,38251,38325,0.5000,stable,stable,dominant_stable,dominant_stable,-0.0067,0.0267,-0.0200,persisted
rr_interval_4002_first_50000_001,50,75,38351,38400,38326,38400,1.0000,stable,stable,dominant_stable,dominant_stable,0.0400,-0.0400,0.0000,persisted
rr_interval_4002_first_50000_001,50,75,38401,38450,38401,38475,1.0000,stable,stable,dominant_stable,dominant_stable,0.0800,-0.0800,0.0000,persisted
rr_interval_4002_first_50000_001,50,75,38451,38500,38401,38475,0.5000,stable,stable,dominant_stable,dominant_stable,0.0400,-0.0200,-0.0200,persisted
rr_interval_4002_first_50000_001,50,75,38501,38550,38476,38550,1.0000,stable,stable,dominant_stable,dominant_stable,0.0733,-0.0333,-0.0400,persisted
rr_interval_4002_first_50000_001,50,75,38551,38600,38551,38625,1.0000,stable,stable,dominant_stable,dominant_stable,0.0000,0.0000,0.0000,persisted
rr_interval_4002_first_50000_001,50,75,38601,38650,38551,38625,0.5000,stable,stable,dominant_stable,dominant_stable,0.1000,-0.1000,0.0000,persisted
rr_interval_4002_first_50000_001,50,75,38651,38700,38626,38700,1.0000,stable,stable,dominant_stable,dominant_stable,0.1067,-0.0800,-0.0267,persisted
rr_interval_4002_first_50000_001,50,75,38701,38750,38701,38775,1.0000,stable,stable,dominant_stable,dominant_stable,0.0800,-0.0800,0.0000,persisted
rr_interval_4002_first_50000_001,50,75,38751,38800,38701,38775,0.5000,stable,stable,dominant_stable,dominant_stable,0.0400,-0.0200,-0.0200,persisted
rr_interval_4002_first_50000_001,50,75,38801,38850,38776,38850,1.0000,stable,stable,dominant_stable,dominant_stable,-0.0533,0.0400,0.0133,persisted
rr_interval_4002_first_50000_001,50,75,38851,38900,38851,38925,1.0000,stable,stable,dominant_stable,dominant_stable,0.0133,-0.0133,0.0000,persisted
rr_interval_4002_first_50000_001,50,75,38901,38950,38851,38925,0.5000,stable,stable,dominant_stable,dominant_stable,-0.0267,0.0267,0.0000,persisted
rr_interval_4002_first_50000_001,50,75,38951,39000,38926,39000,1.0000,stable,stable,dominant_stable,dominant_stable,0.0200,-0.0200,0.0000,persisted
rr_interval_4002_first_50000_001,50,75,39001,39050,39001,39075,1.0000,stable,stable,dominant_stable,dominant_stable,0.0467,-0.0400,-0.0067,persisted
rr_interval_4002_first_50000_001,50,75,39051,39100,39001,39075,0.5000,stable,stable,dominant_stable,dominant_stable,-0.0133,0.0000,0.0133,persisted
rr_interval_4002_first_50000_001,50,75,39101,39150,39076,39150,1.0000,stable,stable,dominant_stable,dominant_stable,0.1067,-0.0800,-0.0267,persisted
rr_interval_4002_first_50000_001,50,75,39151,39200,39151,39225,1.0000,stable,stable,dominant_stable,dominant_stable,0.0400,-0.0400,0.0000,persisted
rr_interval_4002_first_50000_001,50,75,39201,39250,39151,39225,0.5000,stable,stable,dominant_stable,dominant_stable,0.0600,-0.0600,0.0000,persisted
rr_interval_4002_first_50000_001,50,75,39251,39300,39226,39300,1.0000,stable,stable,dominant_stable,dominant_stable,0.0600,-0.0600,0.0000,persisted
rr_interval_4002_first_50000_001,50,75,39301,39350,39301,39375,1.0000,stable,stable,dominant_stable,dominant_stable,0.1200,-0.1200,0.0000,persisted
rr_interval_4002_first_50000_001,50,75,39351,39400,39301,39375,0.5000,stable,stable,dominant_stable,dominant_stable,0.0600,-0.0600,0.0000,persisted
rr_interval_4002_first_50000_001,50,75,39401,39450,39376,39450,1.0000,stable,stable,dominant_stable,dominant_stable,-0.0067,0.0267,-0.0200,persisted
rr_interval_4002_first_50000_001,50,75,39451,39500,39451,39525,1.0000,stable,stable,dominant_stable,dominant_stable,0.0000,0.0000,0.0000,persisted
rr_interval_4002_first_50000_001,50,75,39501,39550,39451,39525,0.5000,stable,stable,dominant_stable,dominant_stable,0.0400,0.0000,-0.0400,persisted
rr_interval_4002_first_50000_001,50,75,39551,39600,39526,39600,1.0000,stable,stable,dominant_stable,dominant_stable,0.0267,-0.0200,-0.0067,persisted
rr_interval_4002_first_50000_001,50,75,39601,39650,39601,39675,1.0000,stable,stable,dominant_stable,dominant_stable,0.0267,-0.0400,0.0133,persisted
rr_interval_4002_first_50000_001,50,75,39651,39700,39601,39675,0.5000,stable,stable,dominant_stable,dominant_stable,-0.0133,0.0400,-0.0267,persisted
rr_interval_4002_first_50000_001,50,75,39701,39750,39676,39750,1.0000,stable,stable,dominant_stable,dominant_stable,0.1000,-0.1000,0.0000,persisted
rr_interval_4002_first_50000_001,50,75,39751,39800,39751,39825,1.0000,stable,stable,dominant_stable,dominant_stable,0.0533,-0.0400,-0.0133,persisted
rr_interval_4002_first_50000_001,50,75,39801,39850,39751,39825,0.5000,stable,stable,dominant_stable,dominant_stable,-0.0467,0.0200,0.0267,persisted
rr_interval_4002_first_50000_001,50,75,39851,39900,39826,39900,1.0000,stable,stable,dominant_stable,dominant_stable,0.1067,-0.1000,-0.0067,persisted
rr_interval_4002_first_50000_001,50,75,39901,39950,39901,39975,1.0000,stable,stable,dominant_stable,dominant_stable,0.0133,-0.0133,0.0000,persisted
rr_interval_4002_first_50000_001,50,75,39951,40000,39901,39975,0.5000,stable,stable,dominant_stable,dominant_stable,-0.0267,0.0267,0.0000,persisted
rr_interval_4002_first_50000_001,50,75,40001,40050,39976,40050,1.0000,stable,stable,dominant_stable,dominant_stable,0.0200,-0.0200,0.0000,persisted
rr_interval_4002_first_50000_001,50,75,40051,40100,40051,40125,1.0000,stable,stable,dominant_stable,dominant_stable,0.0733,-0.0800,0.0067,persisted
rr_interval_4002_first_50000_001,50,75,40101,40150,40051,40125,0.5000,stable,stable,dominant_stable,dominant_stable,0.0133,0.0000,-0.0133,persisted
rr_interval_4002_first_50000_001,50,75,40151,40200,40126,40200,1.0000,stable,stable,dominant_stable,dominant_stable,0.0600,-0.0400,-0.0200,persisted
rr_interval_4002_first_50000_001,50,75,40201,40250,40201,40275,1.0000,stable,stable,dominant_stable,dominant_stable,0.0333,-0.0333,0.0000,persisted
rr_interval_4002_first_50000_001,50,75,40251,40300,40201,40275,0.5000,stable,stable,dominant_stable,dominant_stable,-0.0667,0.0667,0.0000,persisted
rr_interval_4002_first_50000_001,50,75,40301,40350,40276,40350,1.0000,stable,stable,dominant_stable,dominant_stable,0.0000,0.0000,0.0000,persisted
rr_interval_4002_first_50000_001,50,75,40351,40400,40351,40425,1.0000,stable,stable,dominant_stable,dominant_stable,0.0467,-0.0400,-0.0067,persisted
rr_interval_4002_first_50000_001,50,75,40401,40450,40351,40425,0.5000,stable,stable,dominant_stable,dominant_stable,0.1067,-0.1000,-0.0067,persisted
rr_interval_4002_first_50000_001,50,75,40451,40500,40426,40500,1.0000,stable,stable,dominant_stable,dominant_stable,0.0067,0.0000,-0.0067,persisted
rr_interval_4002_first_50000_001,50,75,40501,40550,40501,40575,1.0000,stable,stable,dominant_stable,dominant_stable,0.0067,0.0000,-0.0067,persisted
rr_interval_4002_first_50000_001,50,75,40551,40600,40501,40575,0.5000,stable,stable,dominant_stable,dominant_stable,0.0067,0.0000,-0.0067,persisted
rr_interval_4002_first_50000_001,50,75,40601,40650,40576,40650,1.0000,stable,stable,dominant_stable,dominant_stable,0.1067,-0.1200,0.0133,persisted
rr_interval_4002_first_50000_001,50,75,40651,40700,40651,40725,1.0000,stable,stable,dominant_stable,dominant_stable,0.0067,0.0000,-0.0067,persisted
rr_interval_4002_first_50000_001,50,75,40701,40750,40651,40725,0.5000,stable,stable,dominant_stable,dominant_stable,0.1267,-0.1200,-0.0067,persisted
rr_interval_4002_first_50000_001,50,75,40751,40800,40726,40800,1.0000,stable,stable,dominant_stable,dominant_stable,0.0733,-0.0133,-0.0600,persisted
rr_interval_4002_first_50000_001,50,75,40801,40850,40801,40875,1.0000,stable,stable,dominant_stable,dominant_stable,0.0600,-0.0533,-0.0067,persisted
rr_interval_4002_first_50000_001,50,75,40851,40900,40801,40875,0.5000,stable,stable,dominant_stable,dominant_stable,-0.0400,0.0267,0.0133,persisted
rr_interval_4002_first_50000_001,50,75,40901,40950,40876,40950,1.0000,stable,stable,dominant_stable,dominant_stable,0.0000,0.0000,0.0000,persisted
rr_interval_4002_first_50000_001,50,75,40951,41000,40951,41025,1.0000,stable,stable,dominant_stable,dominant_stable,0.0067,0.0000,-0.0067,persisted
rr_interval_4002_first_50000_001,50,75,41001,41050,40951,41025,0.5000,stable,stable,dominant_stable,dominant_stable,-0.0133,0.0000,0.0133,persisted
rr_interval_4002_first_50000_001,50,75,41051,41100,41026,41100,1.0000,stable,stable,dominant_stable,dominant_stable,0.0000,0.0000,0.0000,persisted
rr_interval_4002_first_50000_001,50,75,41101,41150,41101,41175,1.0000,stable,stable,dominant_stable,dominant_stable,0.0600,-0.0600,0.0000,persisted
rr_interval_4002_first_50000_001,50,75,41151,41200,41101,41175,0.5000,stable,stable,dominant_stable,dominant_stable,0.0400,-0.0400,0.0000,persisted
rr_interval_4002_first_50000_001,50,75,41201,41250,41176,41250,1.0000,stable,stable,dominant_stable,dominant_stable,0.0533,-0.0533,0.0000,persisted
rr_interval_4002_first_50000_001,50,75,41251,41300,41251,41325,1.0000,stable,stable,dominant_stable,dominant_stable,0.0133,-0.0133,0.0000,persisted
rr_interval_4002_first_50000_001,50,75,41301,41350,41251,41325,0.5000,stable,stable,dominant_stable,dominant_stable,0.0733,-0.0733,0.0000,persisted
rr_interval_4002_first_50000_001,50,75,41351,41400,41326,41400,1.0000,stable,stable,dominant_stable,dominant_stable,0.0200,-0.0200,0.0000,persisted
rr_interval_4002_first_50000_001,50,75,41401,41450,41401,41475,1.0000,stable,stable,dominant_stable,dominant_stable,-0.0067,0.0267,-0.0200,persisted
rr_interval_4002_first_50000_001,50,75,41451,41500,41401,41475,0.5000,stable,stable,dominant_stable,dominant_stable,-0.0067,0.0267,-0.0200,persisted
rr_interval_4002_first_50000_001,50,75,41501,41550,41476,41550,1.0000,stable,stable,dominant_stable,dominant_stable,0.0067,0.0000,-0.0067,persisted
rr_interval_4002_first_50000_001,50,75,41551,41600,41551,41625,1.0000,stable,stable,dominant_stable,dominant_stable,0.0000,0.0000,0.0000,persisted
rr_interval_4002_first_50000_001,50,75,41601,41650,41551,41625,0.5000,stable,stable,dominant_stable,dominant_stable,0.0600,-0.0400,-0.0200,persisted
rr_interval_4002_first_50000_001,50,75,41651,41700,41626,41700,1.0000,stable,stable,dominant_stable,dominant_stable,0.0600,-0.0533,-0.0067,persisted
rr_interval_4002_first_50000_001,50,75,41701,41750,41701,41775,1.0000,stable,stable,dominant_stable,dominant_stable,0.0133,0.0000,-0.0133,persisted
rr_interval_4002_first_50000_001,50,75,41751,41800,41701,41775,0.5000,stable,stable,dominant_stable,dominant_stable,-0.0067,0.0000,0.0067,persisted
rr_interval_4002_first_50000_001,50,75,41801,41850,41776,41850,1.0000,stable,stable,dominant_stable,dominant_stable,-0.0067,0.0267,-0.0200,persisted
rr_interval_4002_first_50000_001,50,75,41851,41900,41851,41925,1.0000,stable,stable,dominant_stable,dominant_stable,0.0133,-0.0133,0.0000,persisted
rr_interval_4002_first_50000_001,50,75,41901,41950,41851,41925,0.5000,stable,stable,dominant_stable,dominant_stable,0.0333,-0.0333,0.0000,persisted
rr_interval_4002_first_50000_001,50,75,41951,42000,41926,42000,1.0000,stable,stable,dominant_stable,dominant_stable,0.0400,-0.0400,0.0000,persisted
rr_interval_4002_first_50000_001,50,75,42001,42050,42001,42075,1.0000,stable,stable,dominant_stable,dominant_stable,0.0200,0.0000,-0.0200,persisted
rr_interval_4002_first_50000_001,50,75,42051,42100,42001,42075,0.5000,stable,stable,dominant_stable,dominant_stable,0.0000,0.0400,-0.0400,persisted
rr_interval_4002_first_50000_001,50,75,42101,42150,42076,42150,1.0000,stable,stable,dominant_stable,dominant_stable,0.0733,-0.1000,0.0267,persisted
rr_interval_4002_first_50000_001,50,75,42151,42200,42151,42225,1.0000,stable,stable,dominant_stable,dominant_stable,-0.0133,0.0000,0.0133,persisted
rr_interval_4002_first_50000_001,50,75,42201,42250,42151,42225,0.5000,stable,stable,dominant_stable,dominant_stable,0.0467,-0.0400,-0.0067,persisted
rr_interval_4002_first_50000_001,50,75,42251,42300,42226,42300,1.0000,stable,stable,dominant_stable,dominant_stable,-0.0267,0.0000,0.0267,persisted
rr_interval_4002_first_50000_001,50,75,42301,42350,42301,42375,1.0000,stable,stable,dominant_stable,dominant_stable,-0.0800,0.0667,0.0133,persisted
rr_interval_4002_first_50000_001,50,75,42351,42400,42301,42375,0.5000,stable,stable,dominant_stable,dominant_stable,-0.0600,0.0667,-0.0067,persisted
rr_interval_4002_first_50000_001,50,75,42401,42450,42376,42450,1.0000,stable,stable,dominant_stable,dominant_stable,0.0000,0.0000,0.0000,persisted
rr_interval_4002_first_50000_001,50,75,42451,42500,42451,42525,1.0000,stable,stable,dominant_stable,dominant_stable,0.0800,-0.0800,0.0000,persisted
rr_interval_4002_first_50000_001,50,75,42501,42550,42451,42525,0.5000,stable,stable,dominant_stable,dominant_stable,0.1200,-0.1200,0.0000,persisted
rr_interval_4002_first_50000_001,50,75,42551,42600,42526,42600,1.0000,stable,stable,dominant_stable,dominant_stable,0.0000,0.0000,0.0000,persisted
rr_interval_4002_first_50000_001,50,75,42601,42650,42601,42675,1.0000,stable,stable,dominant_stable,dominant_stable,0.0267,-0.0200,-0.0067,persisted
rr_interval_4002_first_50000_001,50,75,42651,42700,42601,42675,0.5000,stable,stable,dominant_stable,dominant_stable,-0.0533,0.0400,0.0133,persisted
rr_interval_4002_first_50000_001,50,75,42701,42750,42676,42750,1.0000,stable,stable,dominant_stable,dominant_stable,0.0000,0.0000,0.0000,persisted
rr_interval_4002_first_50000_001,50,75,42751,42800,42751,42825,1.0000,stable,stable,dominant_stable,dominant_stable,0.0000,0.0000,0.0000,persisted
rr_interval_4002_first_50000_001,50,75,42801,42850,42751,42825,0.5000,stable,stable,dominant_stable,dominant_stable,0.0000,0.0000,0.0000,persisted
rr_interval_4002_first_50000_001,50,75,42851,42900,42826,42900,1.0000,stable,stable,dominant_stable,dominant_stable,0.0200,-0.0133,-0.0067,persisted
rr_interval_4002_first_50000_001,50,75,42901,42950,42901,42975,1.0000,stable,stable,dominant_stable,dominant_stable,0.0067,0.0000,-0.0067,persisted
rr_interval_4002_first_50000_001,50,75,42951,43000,42901,42975,0.5000,stable,stable,dominant_stable,dominant_stable,-0.0133,0.0000,0.0133,persisted
rr_interval_4002_first_50000_001,50,75,43001,43050,42976,43050,1.0000,stable,stable,dominant_stable,dominant_stable,0.0000,0.0000,0.0000,persisted
rr_interval_4002_first_50000_001,50,75,43051,43100,43051,43125,1.0000,stable,stable,dominant_stable,dominant_stable,-0.0267,0.0000,0.0267,persisted
rr_interval_4002_first_50000_001,50,75,43101,43150,43051,43125,0.5000,stable,stable,dominant_stable,dominant_stable,0.0333,-0.0600,0.0267,persisted
rr_interval_4002_first_50000_001,50,75,43151,43200,43126,43200,1.0000,stable,stable,dominant_stable,dominant_stable,-0.0667,0.0667,0.0000,persisted
rr_interval_4002_first_50000_001,50,75,43201,43250,43201,43275,1.0000,stable,stable,dominant_stable,dominant_stable,0.0600,-0.0600,0.0000,persisted
rr_interval_4002_first_50000_001,50,75,43251,43300,43201,43275,0.5000,stable,stable,dominant_stable,dominant_stable,0.0600,-0.0600,0.0000,persisted
rr_interval_4002_first_50000_001,50,75,43301,43350,43276,43350,1.0000,stable,stable,dominant_stable,dominant_stable,-0.0133,0.0400,-0.0267,persisted
rr_interval_4002_first_50000_001,50,75,43351,43400,43351,43425,1.0000,stable,stable,dominant_stable,dominant_stable,0.0133,0.0000,-0.0133,persisted
rr_interval_4002_first_50000_001,50,75,43401,43450,43351,43425,0.5000,stable,stable,dominant_stable,dominant_stable,0.0733,-0.1000,0.0267,persisted
rr_interval_4002_first_50000_001,50,75,43451,43500,43426,43500,1.0000,stable,stable,dominant_stable,dominant_stable,0.0000,0.0000,0.0000,persisted
rr_interval_4002_first_50000_001,50,75,43501,43550,43501,43575,1.0000,stable,stable,dominant_stable,dominant_stable,0.0800,-0.0733,-0.0067,persisted
rr_interval_4002_first_50000_001,50,75,43551,43600,43501,43575,0.5000,stable,stable,dominant_stable,dominant_stable,-0.1400,0.1467,-0.0067,persisted
rr_interval_4002_first_50000_001,50,75,43601,43650,43576,43650,1.0000,stable,stable,dominant_stable,dominant_stable,0.0067,0.0267,-0.0333,persisted
rr_interval_4002_first_50000_001,50,75,43651,43700,43651,43725,1.0000,stable,stable,dominant_stable,dominant_stable,-0.0133,0.0400,-0.0267,persisted
rr_interval_4002_first_50000_001,50,75,43701,43750,43651,43725,0.5000,stable,stable,dominant_stable,dominant_stable,-0.0133,0.0400,-0.0267,persisted
rr_interval_4002_first_50000_001,50,75,43751,43800,43726,43800,1.0000,stable,stable,dominant_stable,dominant_stable,-0.0133,0.0000,0.0133,persisted
rr_interval_4002_first_50000_001,50,75,43801,43850,43801,43875,1.0000,stable,stable,dominant_stable,dominant_stable,0.0600,-0.0600,0.0000,persisted
rr_interval_4002_first_50000_001,50,75,43851,43900,43801,43875,0.5000,stable,stable,dominant_stable,dominant_stable,0.0000,0.0000,0.0000,persisted
rr_interval_4002_first_50000_001,50,75,43901,43950,43876,43950,1.0000,stable,stable,dominant_stable,dominant_stable,0.1600,-0.1600,0.0000,persisted
rr_interval_4002_first_50000_001,50,75,43951,44000,43951,44025,1.0000,stable,stable,dominant_stable,dominant_stable,0.0133,0.0000,-0.0133,persisted
rr_interval_4002_first_50000_001,50,75,44001,44050,43951,44025,0.5000,stable,stable,dominant_stable,dominant_stable,-0.0267,0.0000,0.0267,persisted
rr_interval_4002_first_50000_001,50,75,44051,44100,44026,44100,1.0000,stable,stable,dominant_stable,dominant_stable,0.0000,0.0000,0.0000,persisted
rr_interval_4002_first_50000_001,50,75,44101,44150,44101,44175,1.0000,stable,stable,dominant_stable,dominant_stable,0.0067,0.0000,-0.0067,persisted
rr_interval_4002_first_50000_001,50,75,44151,44200,44101,44175,0.5000,stable,stable,dominant_stable,dominant_stable,0.0267,-0.0400,0.0133,persisted
rr_interval_4002_first_50000_001,50,75,44201,44250,44176,44250,1.0000,stable,stable,dominant_stable,dominant_stable,0.1133,-0.0600,-0.0533,persisted
rr_interval_4002_first_50000_001,50,75,44251,44300,44251,44325,1.0000,stable,stable,dominant_stable,dominant_stable,0.0333,-0.0333,0.0000,persisted
rr_interval_4002_first_50000_001,50,75,44301,44350,44251,44325,0.5000,stable,stable,dominant_stable,dominant_stable,-0.0267,0.0267,0.0000,persisted
rr_interval_4002_first_50000_001,50,75,44351,44400,44326,44400,1.0000,stable,stable,dominant_stable,dominant_stable,0.0600,-0.0600,0.0000,persisted
rr_interval_4002_first_50000_001,50,75,44401,44450,44401,44475,1.0000,stable,stable,dominant_stable,dominant_stable,0.0133,-0.0133,0.0000,persisted
rr_interval_4002_first_50000_001,50,75,44451,44500,44401,44475,0.5000,stable,stable,dominant_stable,dominant_stable,0.0733,-0.0733,0.0000,persisted
rr_interval_4002_first_50000_001,50,75,44501,44550,44476,44550,1.0000,stable,stable,dominant_stable,dominant_stable,0.0733,-0.0733,0.0000,persisted
rr_interval_4002_first_50000_001,50,75,44551,44600,44551,44625,1.0000,stable,stable,dominant_stable,dominant_stable,0.0200,-0.0333,0.0133,persisted
rr_interval_4002_first_50000_001,50,75,44601,44650,44551,44625,0.5000,stable,stable,dominant_stable,dominant_stable,0.0200,0.0267,-0.0467,persisted
rr_interval_4002_first_50000_001,50,75,44651,44700,44626,44700,1.0000,stable,stable,dominant_stable,dominant_stable,-0.0133,0.0000,0.0133,persisted
rr_interval_4002_first_50000_001,50,75,44701,44750,44701,44775,1.0000,stable,stable,dominant_stable,dominant_stable,0.0467,-0.0600,0.0133,persisted
rr_interval_4002_first_50000_001,50,75,44751,44800,44701,44775,0.5000,stable,stable,dominant_stable,dominant_stable,0.1467,-0.1600,0.0133,persisted
rr_interval_4002_first_50000_001,50,75,44801,44850,44776,44850,1.0000,stable,stable,dominant_stable,dominant_stable,0.0267,-0.0200,-0.0067,persisted
rr_interval_4002_first_50000_001,50,75,44851,44900,44851,44925,1.0000,stable,stable,dominant_stable,dominant_stable,0.0733,-0.0600,-0.0133,persisted
rr_interval_4002_first_50000_001,50,75,44901,44950,44851,44925,0.5000,stable,stable,dominant_stable,dominant_stable,-0.0067,0.0000,0.0067,persisted
rr_interval_4002_first_50000_001,50,75,44951,45000,44926,45000,1.0000,stable,stable,dominant_stable,dominant_stable,0.0267,-0.0133,-0.0133,persisted
rr_interval_4002_first_50000_001,50,75,45001,45050,45001,45075,1.0000,stable,stable,dominant_stable,dominant_stable,0.0133,0.0000,-0.0133,persisted
rr_interval_4002_first_50000_001,50,75,45051,45100,45001,45075,0.5000,stable,stable,dominant_stable,dominant_stable,0.1533,-0.1600,0.0067,persisted
rr_interval_4002_first_50000_001,50,75,45101,45150,45076,45150,1.0000,stable,stable,dominant_stable,dominant_stable,0.0133,-0.0133,0.0000,persisted
rr_interval_4002_first_50000_001,50,75,45151,45200,45151,45225,1.0000,stable,stable,dominant_stable,dominant_stable,0.0200,-0.0200,0.0000,persisted
rr_interval_4002_first_50000_001,50,75,45201,45250,45151,45225,0.5000,stable,stable,dominant_stable,dominant_stable,0.0000,0.0400,-0.0400,persisted
rr_interval_4002_first_50000_001,50,75,45251,45300,45226,45300,1.0000,stable,stable,dominant_stable,dominant_stable,0.0867,-0.0800,-0.0067,persisted
rr_interval_4002_first_50000_001,50,75,45301,45350,45301,45375,1.0000,stable,stable,dominant_stable,dominant_stable,0.0533,-0.0333,-0.0200,persisted
rr_interval_4002_first_50000_001,50,75,45351,45400,45301,45375,0.5000,stable,stable,dominant_stable,dominant_stable,0.0533,-0.0333,-0.0200,persisted
rr_interval_4002_first_50000_001,50,75,45401,45450,45376,45450,1.0000,stable,stable,dominant_stable,dominant_stable,0.0000,0.0400,-0.0400,persisted
rr_interval_4002_first_50000_001,50,75,45451,45500,45451,45525,1.0000,stable,stable,dominant_stable,dominant_stable,0.1200,-0.1200,0.0000,persisted
rr_interval_4002_first_50000_001,50,75,45501,45550,45451,45525,0.5000,stable,stable,dominant_stable,dominant_stable,0.0600,-0.0600,0.0000,persisted
rr_interval_4002_first_50000_001,50,75,45551,45600,45526,45600,1.0000,stable,stable,dominant_stable,dominant_stable,0.0000,0.0000,0.0000,persisted
rr_interval_4002_first_50000_001,50,75,45601,45650,45601,45675,1.0000,stable,stable,dominant_stable,dominant_stable,-0.0400,0.0267,0.0133,persisted
rr_interval_4002_first_50000_001,50,75,45651,45700,45601,45675,0.5000,stable,stable,dominant_stable,dominant_stable,-0.0200,0.0267,-0.0067,persisted
rr_interval_4002_first_50000_001,50,75,45701,45750,45676,45750,1.0000,stable,stable,dominant_stable,dominant_stable,0.0467,-0.0400,-0.0067,persisted
rr_interval_4002_first_50000_001,50,75,45751,45800,45751,45825,1.0000,stable,stable,dominant_stable,dominant_stable,0.0000,0.0000,0.0000,persisted
rr_interval_4002_first_50000_001,50,75,45801,45850,45751,45825,0.5000,stable,stable,dominant_stable,dominant_stable,0.0600,-0.0600,0.0000,persisted
rr_interval_4002_first_50000_001,50,75,45851,45900,45826,45900,1.0000,stable,stable,dominant_stable,dominant_stable,0.1400,-0.1400,0.0000,persisted
rr_interval_4002_first_50000_001,50,75,45901,45950,45901,45975,1.0000,stable,stable,dominant_stable,dominant_stable,0.0067,0.0000,-0.0067,persisted
rr_interval_4002_first_50000_001,50,75,45951,46000,45901,45975,0.5000,stable,stable,dominant_stable,dominant_stable,0.0067,0.0000,-0.0067,persisted
rr_interval_4002_first_50000_001,50,75,46001,46050,45976,46050,1.0000,stable,stable,dominant_stable,dominant_stable,-0.0133,0.0267,-0.0133,persisted
rr_interval_4002_first_50000_001,50,75,46051,46100,46051,46125,1.0000,stable,stable,dominant_stable,dominant_stable,0.0200,-0.0200,0.0000,persisted
rr_interval_4002_first_50000_001,50,75,46101,46150,46051,46125,0.5000,stable,stable,dominant_stable,dominant_stable,0.0600,-0.0600,0.0000,persisted
rr_interval_4002_first_50000_001,50,75,46151,46200,46126,46200,1.0000,stable,stable,dominant_stable,dominant_stable,0.0333,-0.0333,0.0000,persisted
rr_interval_4002_first_50000_001,50,75,46201,46250,46201,46275,1.0000,stable,stable,dominant_stable,dominant_stable,0.0800,-0.0400,-0.0400,persisted
rr_interval_4002_first_50000_001,50,75,46251,46300,46201,46275,0.5000,stable,stable,dominant_stable,dominant_stable,-0.0400,0.0400,0.0000,persisted
rr_interval_4002_first_50000_001,50,75,46301,46350,46276,46350,1.0000,stable,stable,dominant_stable,dominant_stable,0.0000,0.0000,0.0000,persisted
rr_interval_4002_first_50000_001,50,75,46351,46400,46351,46425,1.0000,stable,stable,dominant_stable,dominant_stable,0.0067,0.0000,-0.0067,persisted
rr_interval_4002_first_50000_001,50,75,46401,46450,46351,46425,0.5000,stable,stable,dominant_stable,dominant_stable,0.0867,-0.1000,0.0133,persisted
rr_interval_4002_first_50000_001,50,75,46451,46500,46426,46500,1.0000,stable,stable,dominant_stable,dominant_stable,-0.0133,0.0000,0.0133,persisted
rr_interval_4002_first_50000_001,50,75,46501,46550,46501,46575,1.0000,stable,stable,dominant_stable,dominant_stable,0.0533,-0.0333,-0.0200,persisted
rr_interval_4002_first_50000_001,50,75,46551,46600,46501,46575,0.5000,stable,stable,dominant_stable,dominant_stable,-0.0267,0.0267,0.0000,persisted
rr_interval_4002_first_50000_001,50,75,46601,46650,46576,46650,1.0000,stable,stable,dominant_stable,dominant_stable,0.0133,-0.0133,0.0000,persisted
rr_interval_4002_first_50000_001,50,75,46651,46700,46651,46725,1.0000,stable,stable,dominant_stable,dominant_stable,0.0333,-0.0267,-0.0067,persisted
rr_interval_4002_first_50000_001,50,75,46701,46750,46651,46725,0.5000,stable,stable,dominant_stable,dominant_stable,-0.0467,0.0333,0.0133,persisted
rr_interval_4002_first_50000_001,50,75,46751,46800,46726,46800,1.0000,stable,stable,dominant_stable,dominant_stable,0.1000,-0.0933,-0.0067,persisted
rr_interval_4002_first_50000_001,50,75,46801,46850,46801,46875,1.0000,stable,stable,dominant_stable,dominant_stable,0.1933,-0.1733,-0.0200,persisted
rr_interval_4002_first_50000_001,50,75,46851,46900,46801,46875,0.5000,stable,stable,dominant_stable,dominant_stable,0.0133,-0.0133,0.0000,persisted
rr_interval_4002_first_50000_001,50,75,46901,46950,46876,46950,1.0000,stable,stable,dominant_stable,dominant_stable,0.0267,-0.0200,-0.0067,persisted
rr_interval_4002_first_50000_001,50,75,46951,47000,46951,47025,1.0000,stable,stable,dominant_stable,dominant_stable,0.0200,-0.0200,0.0000,persisted
rr_interval_4002_first_50000_001,50,75,47001,47050,46951,47025,0.5000,stable,stable,dominant_stable,dominant_stable,-0.0400,0.0400,0.0000,persisted
rr_interval_4002_first_50000_001,50,75,47051,47100,47026,47100,1.0000,stable,stable,dominant_stable,dominant_stable,0.0533,-0.0533,0.0000,persisted
rr_interval_4002_first_50000_001,50,75,47101,47150,47101,47175,1.0000,stable,stable,dominant_stable,dominant_stable,-0.0400,0.0667,-0.0267,persisted
rr_interval_4002_first_50000_001,50,75,47151,47200,47101,47175,0.5000,stable,stable,dominant_stable,dominant_stable,0.0200,-0.0333,0.0133,persisted
rr_interval_4002_first_50000_001,50,75,47201,47250,47176,47250,1.0000,stable,stable,dominant_stable,dominant_stable,0.0333,-0.0333,0.0000,persisted
rr_interval_4002_first_50000_001,50,75,47251,47300,47251,47325,1.0000,stable,stable,dominant_stable,dominant_stable,0.0000,0.0000,0.0000,persisted
rr_interval_4002_first_50000_001,50,75,47301,47350,47251,47325,0.5000,stable,stable,dominant_stable,dominant_stable,0.0200,0.0000,-0.0200,persisted
rr_interval_4002_first_50000_001,50,75,47351,47400,47326,47400,1.0000,stable,stable,dominant_stable,dominant_stable,-0.0133,0.0000,0.0133,persisted
rr_interval_4002_first_50000_001,50,75,47401,47450,47401,47475,1.0000,stable,stable,dominant_stable,dominant_stable,0.0000,0.0000,0.0000,persisted
rr_interval_4002_first_50000_001,50,75,47451,47500,47401,47475,0.5000,stable,stable,dominant_stable,dominant_stable,0.1000,-0.0600,-0.0400,persisted
rr_interval_4002_first_50000_001,50,75,47501,47550,47476,47550,1.0000,stable,stable,dominant_stable,dominant_stable,0.0600,-0.0600,0.0000,persisted
rr_interval_4002_first_50000_001,50,75,47551,47600,47551,47625,1.0000,stable,stable,dominant_stable,dominant_stable,0.0600,-0.0600,0.0000,persisted
rr_interval_4002_first_50000_001,50,75,47601,47650,47551,47625,0.5000,stable,stable,dominant_stable,dominant_stable,0.1000,-0.1000,0.0000,persisted
rr_interval_4002_first_50000_001,50,75,47651,47700,47626,47700,1.0000,stable,stable,dominant_stable,dominant_stable,0.0200,-0.0133,-0.0067,persisted
rr_interval_4002_first_50000_001,50,75,47701,47750,47701,47775,1.0000,stable,stable,dominant_stable,dominant_stable,0.0400,-0.0400,0.0000,persisted
rr_interval_4002_first_50000_001,50,75,47751,47800,47701,47775,0.5000,stable,stable,dominant_stable,dominant_stable,0.0200,0.0000,-0.0200,persisted
rr_interval_4002_first_50000_001,50,75,47801,47850,47776,47850,1.0000,stable,stable,dominant_stable,dominant_stable,0.0067,-0.0200,0.0133,persisted
rr_interval_4002_first_50000_001,50,75,47851,47900,47851,47925,1.0000,stable,stable,dominant_stable,dominant_stable,0.0400,-0.0333,-0.0067,persisted
rr_interval_4002_first_50000_001,50,75,47901,47950,47851,47925,0.5000,stable,stable,dominant_stable,dominant_stable,-0.0800,0.0667,0.0133,persisted
rr_interval_4002_first_50000_001,50,75,47951,48000,47926,48000,1.0000,stable,stable,dominant_stable,dominant_stable,0.0000,0.0000,0.0000,persisted
rr_interval_4002_first_50000_001,50,75,48001,48050,48001,48075,1.0000,stable,stable,dominant_stable,dominant_stable,-0.0800,0.0800,0.0000,persisted
rr_interval_4002_first_50000_001,50,75,48051,48100,48001,48075,0.5000,stable,stable,dominant_stable,dominant_stable,-0.0400,0.0400,0.0000,persisted
rr_interval_4002_first_50000_001,50,75,48101,48150,48076,48150,1.0000,stable,stable,dominant_stable,dominant_stable,0.0200,0.0000,-0.0200,persisted
rr_interval_4002_first_50000_001,50,75,48151,48200,48151,48225,1.0000,stable,stable,dominant_stable,dominant_stable,-0.0133,0.0000,0.0133,persisted
rr_interval_4002_first_50000_001,50,75,48201,48250,48151,48225,0.5000,stable,stable,dominant_stable,dominant_stable,0.0067,-0.0200,0.0133,persisted
rr_interval_4002_first_50000_001,50,75,48251,48300,48226,48300,1.0000,stable,stable,dominant_stable,dominant_stable,0.0133,-0.0133,0.0000,persisted
rr_interval_4002_first_50000_001,50,75,48301,48350,48301,48375,1.0000,stable,stable,dominant_stable,dominant_stable,0.0000,0.0000,0.0000,persisted
rr_interval_4002_first_50000_001,50,75,48351,48400,48301,48375,0.5000,stable,stable,dominant_stable,dominant_stable,0.0600,-0.0400,-0.0200,persisted
rr_interval_4002_first_50000_001,50,75,48401,48450,48376,48450,1.0000,stable,stable,dominant_stable,dominant_stable,-0.0067,0.0267,-0.0200,persisted
rr_interval_4002_first_50000_001,50,75,48451,48500,48451,48525,1.0000,stable,stable,dominant_stable,dominant_stable,0.0600,-0.0600,0.0000,persisted
rr_interval_4002_first_50000_001,50,75,48501,48550,48451,48525,0.5000,stable,stable,dominant_stable,dominant_stable,-0.0200,0.0400,-0.0200,persisted
rr_interval_4002_first_50000_001,50,75,48551,48600,48526,48600,1.0000,stable,stable,dominant_stable,dominant_stable,0.0333,-0.0267,-0.0067,persisted
rr_interval_4002_first_50000_001,50,75,48601,48650,48601,48675,1.0000,stable,stable,dominant_stable,dominant_stable,0.0200,0.0000,-0.0200,persisted
rr_interval_4002_first_50000_001,50,75,48651,48700,48601,48675,0.5000,stable,stable,dominant_stable,dominant_stable,0.0400,-0.0400,0.0000,persisted
rr_interval_4002_first_50000_001,50,75,48701,48750,48676,48750,1.0000,stable,stable,dominant_stable,dominant_stable,-0.0200,0.0267,-0.0067,persisted
rr_interval_4002_first_50000_001,50,75,48751,48800,48751,48825,1.0000,stable,stable,dominant_stable,dominant_stable,0.0000,0.0000,0.0000,persisted
rr_interval_4002_first_50000_001,50,75,48801,48850,48751,48825,0.5000,stable,stable,dominant_stable,dominant_stable,0.0200,0.0000,-0.0200,persisted
rr_interval_4002_first_50000_001,50,75,48851,48900,48826,48900,1.0000,stable,stable,dominant_stable,dominant_stable,0.0000,-0.0133,0.0133,persisted
rr_interval_4002_first_50000_001,50,75,48901,48950,48901,48975,1.0000,stable,stable,dominant_stable,dominant_stable,0.1267,-0.1000,-0.0267,persisted
rr_interval_4002_first_50000_001,50,75,48951,49000,48901,48975,0.5000,stable,stable,dominant_stable,dominant_stable,0.0667,-0.0600,-0.0067,persisted
rr_interval_4002_first_50000_001,50,75,49001,49050,48976,49050,1.0000,stable,stable,dominant_stable,dominant_stable,0.0000,0.0267,-0.0267,persisted
rr_interval_4002_first_50000_001,50,75,49051,49100,49051,49125,1.0000,stable,stable,dominant_stable,dominant_stable,0.0200,0.0267,-0.0467,persisted
rr_interval_4002_first_50000_001,50,75,49101,49150,49051,49125,0.5000,stable,stable,dominant_stable,dominant_stable,0.0600,-0.0733,0.0133,persisted
rr_interval_4002_first_50000_001,50,75,49151,49200,49126,49200,1.0000,stable,stable,dominant_stable,dominant_stable,-0.0533,0.0800,-0.0267,persisted
rr_interval_4002_first_50000_001,50,75,49201,49250,49201,49275,1.0000,stable,stable,dominant_stable,dominant_stable,0.0333,-0.0333,0.0000,persisted
rr_interval_4002_first_50000_001,50,75,49251,49300,49201,49275,0.5000,stable,stable,dominant_stable,dominant_stable,-0.0667,0.0667,0.0000,persisted
rr_interval_4002_first_50000_001,50,75,49301,49350,49276,49350,1.0000,stable,stable,dominant_stable,dominant_stable,0.0067,0.0000,-0.0067,persisted
rr_interval_4002_first_50000_001,50,75,49351,49400,49351,49425,1.0000,stable,stable,dominant_stable,dominant_stable,0.0200,-0.0200,0.0000,persisted
rr_interval_4002_first_50000_001,50,75,49401,49450,49351,49425,0.5000,stable,stable,dominant_stable,dominant_stable,-0.0200,0.0400,-0.0200,persisted
rr_interval_4002_first_50000_001,50,75,49451,49500,49426,49500,1.0000,stable,stable,dominant_stable,dominant_stable,-0.0067,0.0267,-0.0200,persisted
rr_interval_4002_first_50000_001,50,75,49501,49550,49501,49575,1.0000,stable,stable,dominant_stable,dominant_stable,0.0000,0.0000,0.0000,persisted
rr_interval_4002_first_50000_001,50,75,49551,49600,49501,49575,0.5000,stable,stable,dominant_stable,dominant_stable,0.0400,0.0000,-0.0400,persisted
rr_interval_4002_first_50000_001,50,75,49601,49650,49576,49650,1.0000,stable,stable,dominant_stable,dominant_stable,-0.0267,0.0000,0.0267,persisted
rr_interval_4002_first_50000_001,50,75,49651,49700,49651,49725,1.0000,stable,stable,dominant_stable,dominant_stable,0.0000,0.0000,0.0000,persisted
rr_interval_4002_first_50000_001,50,75,49701,49750,49651,49725,0.5000,stable,stable,dominant_stable,dominant_stable,0.0200,0.0000,-0.0200,persisted
rr_interval_4002_first_50000_001,50,75,49751,49800,49726,49800,1.0000,stable,stable,dominant_stable,dominant_stable,0.0000,0.0000,0.0000,persisted
rr_interval_4002_first_50000_001,50,75,49801,49850,49801,49875,1.0000,stable,stable,dominant_stable,dominant_stable,0.0000,0.0000,0.0000,persisted
rr_interval_4002_first_50000_001,50,75,49851,49900,49801,49875,0.5000,stable,stable,dominant_stable,dominant_stable,0.0000,0.0000,0.0000,persisted
rr_interval_4002_first_50000_001,50,75,49901,49950,49876,49950,1.0000,stable,stable,dominant_stable,dominant_stable,0.0000,0.0000,0.0000,persisted
rr_interval_4002_first_50000_001,50,75,49951,50000,49951,50000,1.0000,stable,stable,dominant_stable,dominant_stable,0.0000,0.0000,0.0000,persisted
rr_interval_4002_first_50000_001,75,100,1,75,1,100,1.0000,stable,stable,dominant_stable,dominant_stable,0.0333,-0.0167,-0.0167,persisted
rr_interval_4002_first_50000_001,75,100,76,150,101,200,0.6667,stable,stable,dominant_stable,dominant_stable,0.0833,-0.0800,-0.0033,persisted
rr_interval_4002_first_50000_001,75,100,151,225,101,200,0.6667,stable,stable,dominant_stable,dominant_stable,0.0567,-0.0667,0.0100,persisted
rr_interval_4002_first_50000_001,75,100,226,300,201,300,1.0000,stable,stable,dominant_stable,dominant_stable,0.0000,0.0000,0.0000,persisted
rr_interval_4002_first_50000_001,75,100,301,375,301,400,1.0000,stable,stable,dominant_stable,dominant_stable,-0.0200,0.0000,0.0200,persisted
rr_interval_4002_first_50000_001,75,100,376,450,401,500,0.6667,stable,stable,dominant_stable,dominant_stable,-0.0033,0.0300,-0.0267,persisted
rr_interval_4002_first_50000_001,75,100,451,525,401,500,0.6667,stable,stable,dominant_stable,dominant_stable,0.0100,-0.0100,0.0000,persisted
rr_interval_4002_first_50000_001,75,100,526,600,501,600,1.0000,stable,stable,dominant_stable,dominant_stable,0.0000,0.0000,0.0000,persisted
rr_interval_4002_first_50000_001,75,100,601,675,601,700,1.0000,stable,stable,dominant_stable,dominant_stable,0.0000,0.0000,0.0000,persisted
rr_interval_4002_first_50000_001,75,100,676,750,701,800,0.6667,stable,stable,dominant_stable,dominant_stable,-0.0200,0.0200,0.0000,persisted
rr_interval_4002_first_50000_001,75,100,751,825,701,800,0.6667,stable,stable,dominant_stable,dominant_stable,0.0067,-0.0067,0.0000,persisted
rr_interval_4002_first_50000_001,75,100,826,900,801,900,1.0000,stable,stable,dominant_stable,dominant_stable,0.0200,-0.0167,-0.0033,persisted
rr_interval_4002_first_50000_001,75,100,901,975,901,1000,1.0000,stable,stable,dominant_stable,dominant_stable,0.0100,0.0033,-0.0133,persisted
rr_interval_4002_first_50000_001,75,100,976,1050,1001,1100,0.6667,stable,stable,dominant_stable,dominant_stable,-0.0300,0.0300,0.0000,persisted
rr_interval_4002_first_50000_001,75,100,1051,1125,1001,1100,0.6667,stable,stable,dominant_stable,dominant_stable,0.0233,-0.0100,-0.0133,persisted
rr_interval_4002_first_50000_001,75,100,1126,1200,1101,1200,1.0000,stable,stable,dominant_stable,dominant_stable,0.0000,0.0000,0.0000,persisted
rr_interval_4002_first_50000_001,75,100,1201,1275,1201,1300,1.0000,stable,stable,dominant_stable,dominant_stable,0.0100,-0.0100,0.0000,persisted
rr_interval_4002_first_50000_001,75,100,1276,1350,1301,1400,0.6667,stable,stable,dominant_stable,dominant_stable,-0.0167,0.0200,-0.0033,persisted
rr_interval_4002_first_50000_001,75,100,1351,1425,1301,1400,0.6667,stable,stable,dominant_stable,dominant_stable,0.0100,-0.0067,-0.0033,persisted
rr_interval_4002_first_50000_001,75,100,1426,1500,1401,1500,1.0000,stable,stable,dominant_stable,dominant_stable,0.0433,-0.0400,-0.0033,persisted
rr_interval_4002_first_50000_001,75,100,1501,1575,1501,1600,1.0000,stable,stable,dominant_stable,dominant_stable,0.0433,-0.0400,-0.0033,persisted
rr_interval_4002_first_50000_001,75,100,1576,1650,1601,1700,0.6667,stable,stable,dominant_stable,dominant_stable,0.0133,0.0000,-0.0133,persisted
rr_interval_4002_first_50000_001,75,100,1651,1725,1601,1700,0.6667,stable,stable,dominant_stable,dominant_stable,0.0533,-0.0400,-0.0133,persisted
rr_interval_4002_first_50000_001,75,100,1726,1800,1701,1800,1.0000,stable,stable,dominant_stable,dominant_stable,0.0067,0.0200,-0.0267,persisted
rr_interval_4002_first_50000_001,75,100,1801,1875,1801,1900,1.0000,stable,stable,dominant_stable,dominant_stable,0.0067,-0.0067,0.0000,persisted
rr_interval_4002_first_50000_001,75,100,1876,1950,1901,2000,0.6667,stable,stable,dominant_stable,dominant_stable,0.0000,0.0000,0.0000,persisted
rr_interval_4002_first_50000_001,75,100,1951,2025,1901,2000,0.6667,stable,stable,dominant_stable,dominant_stable,0.0000,0.0000,0.0000,persisted
rr_interval_4002_first_50000_001,75,100,2026,2100,2001,2100,1.0000,stable,stable,dominant_stable,dominant_stable,0.0000,0.0000,0.0000,persisted
rr_interval_4002_first_50000_001,75,100,2101,2175,2101,2200,1.0000,stable,stable,dominant_stable,dominant_stable,0.0133,0.0133,-0.0267,persisted
rr_interval_4002_first_50000_001,75,100,2176,2250,2201,2300,0.6667,stable,stable,dominant_stable,dominant_stable,0.0567,-0.0400,-0.0167,persisted
rr_interval_4002_first_50000_001,75,100,2251,2325,2201,2300,0.6667,stable,stable,dominant_stable,dominant_stable,0.0433,-0.0400,-0.0033,persisted
rr_interval_4002_first_50000_001,75,100,2326,2400,2301,2400,1.0000,stable,stable,dominant_stable,dominant_stable,0.0500,-0.0500,0.0000,persisted
rr_interval_4002_first_50000_001,75,100,2401,2475,2401,2500,1.0000,stable,stable,dominant_stable,dominant_stable,0.0000,0.0000,0.0000,persisted
rr_interval_4002_first_50000_001,75,100,2476,2550,2501,2600,0.6667,stable,stable,dominant_stable,dominant_stable,-0.0100,0.0000,0.0100,persisted
rr_interval_4002_first_50000_001,75,100,2551,2625,2501,2600,0.6667,stable,stable,dominant_stable,dominant_stable,0.0033,0.0000,-0.0033,persisted
rr_interval_4002_first_50000_001,75,100,2626,2700,2601,2700,1.0000,stable,stable,dominant_stable,dominant_stable,0.0067,-0.0067,0.0000,persisted
rr_interval_4002_first_50000_001,75,100,2701,2775,2701,2800,1.0000,stable,stable,dominant_stable,dominant_stable,0.0000,0.0000,0.0000,persisted
rr_interval_4002_first_50000_001,75,100,2776,2850,2801,2900,0.6667,stable,stable,dominant_stable,dominant_stable,0.0033,0.0000,-0.0033,persisted
rr_interval_4002_first_50000_001,75,100,2851,2925,2801,2900,0.6667,stable,stable,dominant_stable,dominant_stable,-0.0100,0.0000,0.0100,persisted
rr_interval_4002_first_50000_001,75,100,2926,3000,2901,3000,1.0000,stable,stable,dominant_stable,dominant_stable,0.0100,-0.0100,0.0000,persisted
rr_interval_4002_first_50000_001,75,100,3001,3075,3001,3100,1.0000,stable,stable,dominant_stable,dominant_stable,0.0167,-0.0167,0.0000,persisted
rr_interval_4002_first_50000_001,75,100,3076,3150,3101,3200,0.6667,stable,stable,dominant_stable,dominant_stable,-0.0267,0.0300,-0.0033,persisted
rr_interval_4002_first_50000_001,75,100,3151,3225,3101,3200,0.6667,stable,stable,dominant_stable,dominant_stable,-0.0400,0.0300,0.0100,persisted
rr_interval_4002_first_50000_001,75,100,3226,3300,3201,3300,1.0000,stable,stable,dominant_stable,dominant_stable,0.0000,0.0000,0.0000,persisted
rr_interval_4002_first_50000_001,75,100,3301,3375,3301,3400,1.0000,stable,stable,dominant_stable,dominant_stable,0.0000,0.0000,0.0000,persisted
rr_interval_4002_first_50000_001,75,100,3376,3450,3401,3500,0.6667,stable,stable,dominant_stable,dominant_stable,0.0033,0.0000,-0.0033,persisted
rr_interval_4002_first_50000_001,75,100,3451,3525,3401,3500,0.6667,stable,stable,dominant_stable,dominant_stable,-0.0100,0.0000,0.0100,persisted
rr_interval_4002_first_50000_001,75,100,3526,3600,3501,3600,1.0000,stable,stable,dominant_stable,dominant_stable,0.0200,-0.0200,0.0000,persisted
rr_interval_4002_first_50000_001,75,100,3601,3675,3601,3700,1.0000,stable,stable,dominant_stable,dominant_stable,0.0000,0.0000,0.0000,persisted
rr_interval_4002_first_50000_001,75,100,3676,3750,3701,3800,0.6667,stable,stable,dominant_stable,dominant_stable,-0.0100,0.0000,0.0100,persisted
rr_interval_4002_first_50000_001,75,100,3751,3825,3701,3800,0.6667,stable,stable,dominant_stable,dominant_stable,0.0033,0.0000,-0.0033,persisted
rr_interval_4002_first_50000_001,75,100,3826,3900,3801,3900,1.0000,stable,stable,dominant_stable,dominant_stable,0.0000,0.0000,0.0000,persisted
rr_interval_4002_first_50000_001,75,100,3901,3975,3901,4000,1.0000,stable,stable,dominant_stable,dominant_stable,0.0133,0.0000,-0.0133,persisted
rr_interval_4002_first_50000_001,75,100,3976,4050,4001,4100,0.6667,stable,stable,dominant_stable,dominant_stable,-0.0100,0.0000,0.0100,persisted
rr_interval_4002_first_50000_001,75,100,4051,4125,4001,4100,0.6667,stable,stable,dominant_stable,dominant_stable,-0.0100,0.0000,0.0100,persisted
rr_interval_4002_first_50000_001,75,100,4126,4200,4101,4200,1.0000,stable,stable,dominant_stable,dominant_stable,0.0000,0.0000,0.0000,persisted
rr_interval_4002_first_50000_001,75,100,4201,4275,4201,4300,1.0000,stable,stable,dominant_stable,dominant_stable,-0.0200,0.0000,0.0200,persisted
rr_interval_4002_first_50000_001,75,100,4276,4350,4301,4400,0.6667,stable,stable,dominant_stable,dominant_stable,0.0300,-0.0267,-0.0033,persisted
rr_interval_4002_first_50000_001,75,100,4351,4425,4301,4400,0.6667,stable,stable,dominant_stable,dominant_stable,0.0433,-0.0400,-0.0033,persisted
rr_interval_4002_first_50000_001,75,100,4426,4500,4401,4500,1.0000,stable,stable,dominant_stable,dominant_stable,0.0800,-0.0767,-0.0033,persisted
rr_interval_4002_first_50000_001,75,100,4501,4575,4501,4600,1.0000,stable,stable,dominant_stable,dominant_stable,0.0000,0.0000,0.0000,persisted
rr_interval_4002_first_50000_001,75,100,4576,4650,4601,4700,0.6667,stable,stable,dominant_stable,dominant_stable,0.0167,-0.0267,0.0100,persisted
rr_interval_4002_first_50000_001,75,100,4651,4725,4601,4700,0.6667,stable,stable,dominant_stable,dominant_stable,0.0433,-0.0533,0.0100,persisted
rr_interval_4002_first_50000_001,75,100,4726,4800,4701,4800,1.0000,stable,stable,dominant_stable,dominant_stable,-0.0167,0.0200,-0.0033,persisted
rr_interval_4002_first_50000_001,75,100,4801,4875,4801,4900,1.0000,stable,stable,dominant_stable,dominant_stable,0.0067,-0.0067,0.0000,persisted
rr_interval_4002_first_50000_001,75,100,4876,4950,4901,5000,0.6667,stable,stable,dominant_stable,dominant_stable,0.0133,-0.0133,0.0000,persisted
rr_interval_4002_first_50000_001,75,100,4951,5025,4901,5000,0.6667,stable,stable,dominant_stable,dominant_stable,-0.0400,0.0400,0.0000,persisted
rr_interval_4002_first_50000_001,75,100,5026,5100,5001,5100,1.0000,stable,stable,dominant_stable,dominant_stable,0.0033,0.0000,-0.0033,persisted
rr_interval_4002_first_50000_001,75,100,5101,5175,5101,5200,1.0000,stable,stable,dominant_stable,dominant_stable,0.0267,-0.0267,0.0000,persisted
rr_interval_4002_first_50000_001,75,100,5176,5250,5201,5300,0.6667,stable,stable,dominant_stable,dominant_stable,0.0167,-0.0167,0.0000,persisted
rr_interval_4002_first_50000_001,75,100,5251,5325,5201,5300,0.6667,stable,stable,dominant_stable,dominant_stable,0.0167,-0.0167,0.0000,persisted
rr_interval_4002_first_50000_001,75,100,5326,5400,5301,5400,1.0000,stable,stable,dominant_stable,dominant_stable,-0.0033,-0.0067,0.0100,persisted
rr_interval_4002_first_50000_001,75,100,5401,5475,5401,5500,1.0000,stable,stable,dominant_stable,dominant_stable,0.0167,-0.0167,0.0000,persisted
rr_interval_4002_first_50000_001,75,100,5476,5550,5501,5600,0.6667,stable,stable,dominant_stable,dominant_stable,0.0167,-0.0167,0.0000,persisted
rr_interval_4002_first_50000_001,75,100,5551,5625,5501,5600,0.6667,stable,stable,dominant_stable,dominant_stable,-0.0367,0.0500,-0.0133,persisted
rr_interval_4002_first_50000_001,75,100,5626,5700,5601,5700,1.0000,stable,stable,dominant_stable,dominant_stable,0.0000,0.0133,-0.0133,persisted
rr_interval_4002_first_50000_001,75,100,5701,5775,5701,5800,1.0000,stable,stable,dominant_stable,dominant_stable,-0.0033,0.0033,0.0000,persisted
rr_interval_4002_first_50000_001,75,100,5776,5850,5801,5900,0.6667,stable,stable,dominant_stable,dominant_stable,0.0267,-0.0267,0.0000,persisted
rr_interval_4002_first_50000_001,75,100,5851,5925,5801,5900,0.6667,stable,stable,dominant_stable,dominant_stable,0.0000,0.0000,0.0000,persisted
rr_interval_4002_first_50000_001,75,100,5926,6000,5901,6000,1.0000,stable,stable,dominant_stable,dominant_stable,0.0067,-0.0067,0.0000,persisted
rr_interval_4002_first_50000_001,75,100,6001,6075,6001,6100,1.0000,stable,stable,dominant_stable,dominant_stable,0.0533,-0.0400,-0.0133,persisted
rr_interval_4002_first_50000_001,75,100,6076,6150,6101,6200,0.6667,stable,stable,dominant_stable,dominant_stable,0.0000,0.0000,0.0000,persisted
rr_interval_4002_first_50000_001,75,100,6151,6225,6101,6200,0.6667,stable,stable,dominant_stable,dominant_stable,0.0533,-0.0400,-0.0133,persisted
rr_interval_4002_first_50000_001,75,100,6226,6300,6201,6300,1.0000,stable,stable,dominant_stable,dominant_stable,0.0067,-0.0067,0.0000,persisted
rr_interval_4002_first_50000_001,75,100,6301,6375,6301,6400,1.0000,stable,stable,dominant_stable,dominant_stable,0.0233,-0.0233,0.0000,persisted
rr_interval_4002_first_50000_001,75,100,6376,6450,6401,6500,0.6667,stable,stable,dominant_stable,dominant_stable,0.0000,0.0000,0.0000,persisted
rr_interval_4002_first_50000_001,75,100,6451,6525,6401,6500,0.6667,stable,stable,dominant_stable,dominant_stable,0.0000,0.0000,0.0000,persisted
rr_interval_4002_first_50000_001,75,100,6526,6600,6501,6600,1.0000,stable,stable,dominant_stable,dominant_stable,0.0267,-0.0267,0.0000,persisted
rr_interval_4002_first_50000_001,75,100,6601,6675,6601,6700,1.0000,stable,stable,dominant_stable,dominant_stable,-0.0500,0.0500,0.0000,persisted
rr_interval_4002_first_50000_001,75,100,6676,6750,6701,6800,0.6667,stable,stable,dominant_stable,dominant_stable,0.0267,-0.0267,0.0000,persisted
rr_interval_4002_first_50000_001,75,100,6751,6825,6701,6800,0.6667,stable,stable,dominant_stable,dominant_stable,0.0267,-0.0133,-0.0133,persisted
rr_interval_4002_first_50000_001,75,100,6826,6900,6801,6900,1.0000,stable,stable,dominant_stable,dominant_stable,-0.0167,0.0000,0.0167,persisted
rr_interval_4002_first_50000_001,75,100,6901,6975,6901,7000,1.0000,stable,stable,dominant_stable,dominant_stable,0.0167,0.0000,-0.0167,persisted
rr_interval_4002_first_50000_001,75,100,6976,7050,7001,7100,0.6667,stable,stable,dominant_stable,dominant_stable,-0.0167,0.0300,-0.0133,persisted
rr_interval_4002_first_50000_001,75,100,7051,7125,7001,7100,0.6667,stable,stable,dominant_stable,dominant_stable,0.0100,-0.0100,0.0000,persisted
rr_interval_4002_first_50000_001,75,100,7126,7200,7101,7200,1.0000,stable,stable,dominant_stable,dominant_stable,0.0133,-0.0100,-0.0033,persisted
rr_interval_4002_first_50000_001,75,100,7201,7275,7201,7300,1.0000,stable,stable,dominant_stable,dominant_stable,0.0067,0.0000,-0.0067,persisted
rr_interval_4002_first_50000_001,75,100,7276,7350,7301,7400,0.6667,stable,stable,dominant_stable,dominant_stable,0.0067,-0.0067,0.0000,persisted
rr_interval_4002_first_50000_001,75,100,7351,7425,7301,7400,0.6667,stable,stable,dominant_stable,dominant_stable,-0.0200,0.0200,0.0000,persisted
rr_interval_4002_first_50000_001,75,100,7426,7500,7401,7500,1.0000,stable,stable,dominant_stable,dominant_stable,0.0000,0.0000,0.0000,persisted
rr_interval_4002_first_50000_001,75,100,7501,7575,7501,7600,1.0000,stable,stable,dominant_stable,dominant_stable,0.0000,0.0000,0.0000,persisted
rr_interval_4002_first_50000_001,75,100,7576,7650,7601,7700,0.6667,stable,stable,dominant_stable,dominant_stable,0.0000,0.0000,0.0000,persisted
rr_interval_4002_first_50000_001,75,100,7651,7725,7601,7700,0.6667,stable,stable,dominant_stable,dominant_stable,0.0000,0.0000,0.0000,persisted
rr_interval_4002_first_50000_001,75,100,7726,7800,7701,7800,1.0000,stable,stable,dominant_stable,dominant_stable,0.0000,0.0000,0.0000,persisted
rr_interval_4002_first_50000_001,75,100,7801,7875,7801,7900,1.0000,stable,stable,dominant_stable,dominant_stable,0.0067,-0.0067,0.0000,persisted
rr_interval_4002_first_50000_001,75,100,7876,7950,7901,8000,0.6667,stable,stable,dominant_stable,dominant_stable,-0.0067,0.0067,0.0000,persisted
rr_interval_4002_first_50000_001,75,100,7951,8025,7901,8000,0.6667,stable,stable,dominant_stable,dominant_stable,0.0467,0.0067,-0.0533,persisted
rr_interval_4002_first_50000_001,75,100,8026,8100,8001,8100,1.0000,stable,stable,dominant_stable,dominant_stable,0.0000,0.0000,0.0000,persisted
rr_interval_4002_first_50000_001,75,100,8101,8175,8101,8200,1.0000,stable,stable,dominant_stable,dominant_stable,-0.0200,0.0000,0.0200,persisted
rr_interval_4002_first_50000_001,75,100,8176,8250,8201,8300,0.6667,stable,stable,dominant_stable,dominant_stable,-0.0233,0.0133,0.0100,persisted
rr_interval_4002_first_50000_001,75,100,8251,8325,8201,8300,0.6667,stable,stable,dominant_stable,dominant_stable,-0.0100,0.0133,-0.0033,persisted
rr_interval_4002_first_50000_001,75,100,8326,8400,8301,8400,1.0000,stable,stable,dominant_stable,dominant_stable,0.0133,-0.0100,-0.0033,persisted
rr_interval_4002_first_50000_001,75,100,8401,8475,8401,8500,1.0000,stable,stable,dominant_stable,dominant_stable,0.0000,0.0000,0.0000,persisted
rr_interval_4002_first_50000_001,75,100,8476,8550,8501,8600,0.6667,stable,stable,dominant_stable,dominant_stable,0.0000,0.0000,0.0000,persisted
rr_interval_4002_first_50000_001,75,100,8551,8625,8501,8600,0.6667,stable,stable,dominant_stable,dominant_stable,0.0400,-0.0267,-0.0133,persisted
rr_interval_4002_first_50000_001,75,100,8626,8700,8601,8700,1.0000,stable,stable,dominant_stable,dominant_stable,0.0033,0.0000,-0.0033,persisted
rr_interval_4002_first_50000_001,75,100,8701,8775,8701,8800,1.0000,stable,stable,dominant_stable,dominant_stable,0.0033,0.0000,-0.0033,persisted
rr_interval_4002_first_50000_001,75,100,8776,8850,8801,8900,0.6667,stable,stable,dominant_stable,dominant_stable,-0.0167,0.0000,0.0167,persisted
rr_interval_4002_first_50000_001,75,100,8851,8925,8801,8900,0.6667,stable,stable,dominant_stable,dominant_stable,-0.0033,0.0000,0.0033,persisted
rr_interval_4002_first_50000_001,75,100,8926,9000,8901,9000,1.0000,stable,stable,dominant_stable,dominant_stable,0.0133,0.0000,-0.0133,persisted
rr_interval_4002_first_50000_001,75,100,9001,9075,9001,9100,1.0000,stable,stable,dominant_stable,dominant_stable,0.0067,0.0000,-0.0067,persisted
rr_interval_4002_first_50000_001,75,100,9076,9150,9101,9200,0.6667,stable,stable,dominant_stable,dominant_stable,-0.0267,0.0300,-0.0033,persisted
rr_interval_4002_first_50000_001,75,100,9151,9225,9101,9200,0.6667,stable,stable,dominant_stable,dominant_stable,0.0000,-0.0100,0.0100,persisted
rr_interval_4002_first_50000_001,75,100,9226,9300,9201,9300,1.0000,stable,stable,dominant_stable,dominant_stable,0.0000,0.0000,0.0000,persisted
rr_interval_4002_first_50000_001,75,100,9301,9375,9301,9400,1.0000,stable,stable,dominant_stable,dominant_stable,0.0100,-0.0100,0.0000,persisted
rr_interval_4002_first_50000_001,75,100,9376,9450,9401,9500,0.6667,stable,stable,dominant_stable,dominant_stable,0.0033,0.0000,-0.0033,persisted
rr_interval_4002_first_50000_001,75,100,9451,9525,9401,9500,0.6667,stable,stable,dominant_stable,dominant_stable,0.0167,0.0000,-0.0167,persisted
rr_interval_4002_first_50000_001,75,100,9526,9600,9501,9600,1.0000,stable,stable,dominant_stable,dominant_stable,-0.0200,0.0000,0.0200,persisted
rr_interval_4002_first_50000_001,75,100,9601,9675,9601,9700,1.0000,stable,stable,dominant_stable,dominant_stable,0.0000,0.0000,0.0000,persisted
rr_interval_4002_first_50000_001,75,100,9676,9750,9701,9800,0.6667,stable,stable,dominant_stable,dominant_stable,0.0100,-0.0067,-0.0033,persisted
rr_interval_4002_first_50000_001,75,100,9751,9825,9701,9800,0.6667,stable,stable,dominant_stable,dominant_stable,-0.0300,0.0200,0.0100,persisted
rr_interval_4002_first_50000_001,75,100,9826,9900,9801,9900,1.0000,stable,stable,dominant_stable,dominant_stable,0.0033,0.0000,-0.0033,persisted
rr_interval_4002_first_50000_001,75,100,9901,9975,9901,10000,1.0000,stable,stable,dominant_stable,dominant_stable,0.0033,0.0000,-0.0033,persisted
rr_interval_4002_first_50000_001,75,100,9976,10050,10001,10100,0.6667,stable,stable,dominant_stable,dominant_stable,0.0000,0.0000,0.0000,persisted
rr_interval_4002_first_50000_001,75,100,10051,10125,10001,10100,0.6667,stable,stable,dominant_stable,dominant_stable,0.0000,0.0000,0.0000,persisted
rr_interval_4002_first_50000_001,75,100,10126,10200,10101,10200,1.0000,stable,stable,dominant_stable,dominant_stable,0.0033,0.0000,-0.0033,persisted
rr_interval_4002_first_50000_001,75,100,10201,10275,10201,10300,1.0000,stable,stable,dominant_stable,dominant_stable,0.0000,0.0000,0.0000,persisted
rr_interval_4002_first_50000_001,75,100,10276,10350,10301,10400,0.6667,stable,stable,dominant_stable,dominant_stable,0.0033,0.0000,-0.0033,persisted
rr_interval_4002_first_50000_001,75,100,10351,10425,10301,10400,0.6667,stable,stable,dominant_stable,dominant_stable,0.0567,-0.0533,-0.0033,persisted
rr_interval_4002_first_50000_001,75,100,10426,10500,10401,10500,1.0000,stable,stable,dominant_stable,dominant_stable,0.0567,-0.0567,0.0000,persisted
rr_interval_4002_first_50000_001,75,100,10501,10575,10501,10600,1.0000,stable,stable,dominant_stable,dominant_stable,0.0033,0.0000,-0.0033,persisted
rr_interval_4002_first_50000_001,75,100,10576,10650,10601,10700,0.6667,stable,stable,dominant_stable,dominant_stable,0.0000,0.0000,0.0000,persisted
rr_interval_4002_first_50000_001,75,100,10651,10725,10601,10700,0.6667,stable,stable,dominant_stable,dominant_stable,0.0000,0.0000,0.0000,persisted
rr_interval_4002_first_50000_001,75,100,10726,10800,10701,10800,1.0000,stable,stable,dominant_stable,dominant_stable,0.0033,0.0000,-0.0033,persisted
rr_interval_4002_first_50000_001,75,100,10801,10875,10801,10900,1.0000,stable,stable,dominant_stable,dominant_stable,0.0267,-0.0267,0.0000,persisted
rr_interval_4002_first_50000_001,75,100,10876,10950,10901,11000,0.6667,stable,stable,dominant_stable,dominant_stable,-0.0200,0.0000,0.0200,persisted
rr_interval_4002_first_50000_001,75,100,10951,11025,10901,11000,0.6667,stable,stable,dominant_stable,dominant_stable,0.0067,0.0000,-0.0067,persisted
rr_interval_4002_first_50000_001,75,100,11026,11100,11001,11100,1.0000,stable,stable,dominant_stable,dominant_stable,0.0000,0.0000,0.0000,persisted
rr_interval_4002_first_50000_001,75,100,11101,11175,11101,11200,1.0000,stable,stable,dominant_stable,dominant_stable,-0.0400,0.0400,0.0000,persisted
rr_interval_4002_first_50000_001,75,100,11176,11250,11201,11300,0.6667,stable,stable,dominant_stable,dominant_stable,-0.0300,0.0300,0.0000,persisted
rr_interval_4002_first_50000_001,75,100,11251,11325,11201,11300,0.6667,stable,stable,dominant_stable,dominant_stable,0.0100,-0.0100,0.0000,persisted
rr_interval_4002_first_50000_001,75,100,11326,11400,11301,11400,1.0000,stable,stable,dominant_stable,dominant_stable,0.0233,-0.0067,-0.0167,persisted
rr_interval_4002_first_50000_001,75,100,11401,11475,11401,11500,1.0000,stable,stable,dominant_stable,dominant_stable,0.0200,-0.0200,0.0000,persisted
rr_interval_4002_first_50000_001,75,100,11476,11550,11501,11600,0.6667,stable,stable,dominant_stable,dominant_stable,0.0133,0.0000,-0.0133,persisted
rr_interval_4002_first_50000_001,75,100,11551,11625,11501,11600,0.6667,stable,stable,dominant_stable,dominant_stable,0.0000,0.0000,0.0000,persisted
rr_interval_4002_first_50000_001,75,100,11626,11700,11601,11700,1.0000,stable,stable,dominant_stable,dominant_stable,0.0033,0.0000,-0.0033,persisted
rr_interval_4002_first_50000_001,75,100,11701,11775,11701,11800,1.0000,stable,stable,dominant_stable,dominant_stable,0.0767,-0.0767,0.0000,persisted
rr_interval_4002_first_50000_001,75,100,11776,11850,11801,11900,0.6667,stable,stable,dominant_stable,dominant_stable,-0.0067,0.0200,-0.0133,persisted
rr_interval_4002_first_50000_001,75,100,11851,11925,11801,11900,0.6667,stable,stable,dominant_stable,dominant_stable,0.0467,-0.0467,0.0000,persisted
rr_interval_4002_first_50000_001,75,100,11926,12000,11901,12000,1.0000,stable,stable,dominant_stable,dominant_stable,0.0400,-0.0400,0.0000,persisted
rr_interval_4002_first_50000_001,75,100,12001,12075,12001,12100,1.0000,stable,stable,dominant_stable,dominant_stable,0.0000,0.0000,0.0000,persisted
rr_interval_4002_first_50000_001,75,100,12076,12150,12101,12200,0.6667,stable,stable,dominant_stable,dominant_stable,0.0067,-0.0067,0.0000,persisted
rr_interval_4002_first_50000_001,75,100,12151,12225,12101,12200,0.6667,stable,stable,dominant_stable,dominant_stable,-0.0200,0.0200,0.0000,persisted
rr_interval_4002_first_50000_001,75,100,12226,12300,12201,12300,1.0000,stable,stable,dominant_stable,dominant_stable,0.0500,-0.0500,0.0000,persisted
rr_interval_4002_first_50000_001,75,100,12301,12375,12301,12400,1.0000,stable,stable,dominant_stable,dominant_stable,0.0233,-0.0100,-0.0133,persisted
rr_interval_4002_first_50000_001,75,100,12376,12450,12401,12500,0.6667,stable,stable,dominant_stable,dominant_stable,-0.0033,0.0033,0.0000,persisted
rr_interval_4002_first_50000_001,75,100,12451,12525,12401,12500,0.6667,stable,stable,dominant_stable,dominant_stable,-0.0167,0.0300,-0.0133,persisted
rr_interval_4002_first_50000_001,75,100,12526,12600,12501,12600,1.0000,stable,stable,dominant_stable,dominant_stable,0.0000,0.0000,0.0000,persisted
rr_interval_4002_first_50000_001,75,100,12601,12675,12601,12700,1.0000,stable,stable,dominant_stable,dominant_stable,-0.0100,0.0000,0.0100,persisted
rr_interval_4002_first_50000_001,75,100,12676,12750,12701,12800,0.6667,stable,stable,dominant_stable,dominant_stable,0.0133,-0.0100,-0.0033,persisted
rr_interval_4002_first_50000_001,75,100,12751,12825,12701,12800,0.6667,stable,stable,dominant_stable,dominant_stable,-0.0400,0.0300,0.0100,persisted
rr_interval_4002_first_50000_001,75,100,12826,12900,12801,12900,1.0000,stable,stable,dominant_stable,dominant_stable,0.0200,-0.0200,0.0000,persisted
rr_interval_4002_first_50000_001,75,100,12901,12975,12901,13000,1.0000,stable,stable,dominant_stable,dominant_stable,0.0000,0.0000,0.0000,persisted
rr_interval_4002_first_50000_001,75,100,12976,13050,13001,13100,0.6667,stable,stable,dominant_stable,dominant_stable,-0.0500,0.0500,0.0000,persisted
rr_interval_4002_first_50000_001,75,100,13051,13125,13001,13100,0.6667,stable,stable,dominant_stable,dominant_stable,-0.0100,0.0233,-0.0133,persisted
rr_interval_4002_first_50000_001,75,100,13126,13200,13101,13200,1.0000,stable,stable,dominant_stable,dominant_stable,-0.0200,0.0333,-0.0133,persisted
rr_interval_4002_first_50000_001,75,100,13201,13275,13201,13300,1.0000,stable,stable,dominant_stable,dominant_stable,0.0067,-0.0067,0.0000,persisted
rr_interval_4002_first_50000_001,75,100,13276,13350,13301,13400,0.6667,stable,stable,dominant_stable,dominant_stable,0.0100,-0.0067,-0.0033,persisted
rr_interval_4002_first_50000_001,75,100,13351,13425,13301,13400,0.6667,stable,stable,dominant_stable,dominant_stable,-0.0300,0.0200,0.0100,persisted
rr_interval_4002_first_50000_001,75,100,13426,13500,13401,13500,1.0000,stable,stable,dominant_stable,dominant_stable,0.0000,0.0000,0.0000,persisted
rr_interval_4002_first_50000_001,75,100,13501,13575,13501,13600,1.0000,stable,stable,dominant_stable,dominant_stable,0.0667,-0.0667,0.0000,persisted
rr_interval_4002_first_50000_001,75,100,13576,13650,13601,13700,0.6667,stable,stable,dominant_stable,dominant_stable,0.0000,0.0000,0.0000,persisted
rr_interval_4002_first_50000_001,75,100,13651,13725,13601,13700,0.6667,stable,stable,dominant_stable,dominant_stable,0.0000,0.0000,0.0000,persisted
rr_interval_4002_first_50000_001,75,100,13726,13800,13701,13800,1.0000,stable,stable,dominant_stable,dominant_stable,0.0000,0.0000,0.0000,persisted
rr_interval_4002_first_50000_001,75,100,13801,13875,13801,13900,1.0000,stable,stable,dominant_stable,dominant_stable,0.0600,-0.0600,0.0000,persisted
rr_interval_4002_first_50000_001,75,100,13876,13950,13901,14000,0.6667,stable,stable,dominant_stable,dominant_stable,0.0000,0.0000,0.0000,persisted
rr_interval_4002_first_50000_001,75,100,13951,14025,13901,14000,0.6667,stable,stable,dominant_stable,dominant_stable,0.0267,-0.0267,0.0000,persisted
rr_interval_4002_first_50000_001,75,100,14026,14100,14001,14100,1.0000,stable,stable,dominant_stable,dominant_stable,0.0400,-0.0400,0.0000,persisted
rr_interval_4002_first_50000_001,75,100,14101,14175,14101,14200,1.0000,stable,stable,dominant_stable,dominant_stable,0.0000,0.0033,-0.0033,persisted
rr_interval_4002_first_50000_001,75,100,14176,14250,14201,14300,0.6667,stable,stable,dominant_stable,dominant_stable,0.0333,0.0100,-0.0433,persisted
rr_interval_4002_first_50000_001,75,100,14251,14325,14201,14300,0.6667,stable,stable,dominant_stable,dominant_stable,-0.0467,0.0500,-0.0033,persisted
rr_interval_4002_first_50000_001,75,100,14326,14400,14301,14400,1.0000,stable,stable,dominant_stable,dominant_stable,0.0067,0.0000,-0.0067,persisted
rr_interval_4002_first_50000_001,75,100,14401,14475,14401,14500,1.0000,stable,stable,dominant_stable,dominant_stable,0.0000,0.0000,0.0000,persisted
rr_interval_4002_first_50000_001,75,100,14476,14550,14501,14600,0.6667,stable,stable,dominant_stable,dominant_stable,-0.0500,0.0500,0.0000,persisted
rr_interval_4002_first_50000_001,75,100,14551,14625,14501,14600,0.6667,stable,stable,dominant_stable,dominant_stable,0.0167,-0.0167,0.0000,persisted
rr_interval_4002_first_50000_001,75,100,14626,14700,14601,14700,1.0000,stable,stable,dominant_stable,dominant_stable,0.0067,-0.0067,0.0000,persisted
rr_interval_4002_first_50000_001,75,100,14701,14775,14701,14800,1.0000,stable,stable,dominant_stable,dominant_stable,-0.0033,0.0033,0.0000,persisted
rr_interval_4002_first_50000_001,75,100,14776,14850,14801,14900,0.6667,stable,stable,dominant_stable,dominant_stable,0.0267,-0.0133,-0.0133,persisted
rr_interval_4002_first_50000_001,75,100,14851,14925,14801,14900,0.6667,stable,stable,dominant_stable,dominant_stable,0.0667,-0.0533,-0.0133,persisted
rr_interval_4002_first_50000_001,75,100,14926,15000,14901,15000,1.0000,stable,stable,dominant_stable,dominant_stable,0.0400,-0.0267,-0.0133,persisted
rr_interval_4002_first_50000_001,75,100,15001,15075,15001,15100,1.0000,stable,stable,dominant_stable,dominant_stable,0.0033,0.0000,-0.0033,persisted
rr_interval_4002_first_50000_001,75,100,15076,15150,15101,15200,0.6667,stable,stable,dominant_stable,dominant_stable,0.0400,-0.0267,-0.0133,persisted
rr_interval_4002_first_50000_001,75,100,15151,15225,15101,15200,0.6667,stable,stable,dominant_stable,dominant_stable,0.0000,0.0000,0.0000,persisted
rr_interval_4002_first_50000_001,75,100,15226,15300,15201,15300,1.0000,stable,stable,dominant_stable,dominant_stable,0.0067,-0.0067,0.0000,persisted
rr_interval_4002_first_50000_001,75,100,15301,15375,15301,15400,1.0000,stable,stable,dominant_stable,dominant_stable,0.0067,0.0000,-0.0067,persisted
rr_interval_4002_first_50000_001,75,100,15376,15450,15401,15500,0.6667,stable,stable,dominant_stable,dominant_stable,0.0000,0.0000,0.0000,persisted
rr_interval_4002_first_50000_001,75,100,15451,15525,15401,15500,0.6667,stable,stable,dominant_stable,dominant_stable,0.0000,0.0000,0.0000,persisted
rr_interval_4002_first_50000_001,75,100,15526,15600,15501,15600,1.0000,stable,stable,dominant_stable,dominant_stable,0.0133,-0.0100,-0.0033,persisted
rr_interval_4002_first_50000_001,75,100,15601,15675,15601,15700,1.0000,stable,stable,dominant_stable,dominant_stable,0.0000,0.0000,0.0000,persisted
rr_interval_4002_first_50000_001,75,100,15676,15750,15701,15800,0.6667,stable,stable,dominant_stable,dominant_stable,-0.0200,0.0200,0.0000,persisted
rr_interval_4002_first_50000_001,75,100,15751,15825,15701,15800,0.6667,stable,stable,dominant_stable,dominant_stable,0.0467,-0.0333,-0.0133,persisted
rr_interval_4002_first_50000_001,75,100,15826,15900,15801,15900,1.0000,stable,stable,dominant_stable,dominant_stable,0.0200,-0.0067,-0.0133,persisted
rr_interval_4002_first_50000_001,75,100,15901,15975,15901,16000,1.0000,stable,stable,dominant_stable,dominant_stable,0.0067,0.0000,-0.0067,persisted
rr_interval_4002_first_50000_001,75,100,15976,16050,16001,16100,0.6667,stable,stable,dominant_stable,dominant_stable,0.0000,0.0000,0.0000,persisted
rr_interval_4002_first_50000_001,75,100,16051,16125,16001,16100,0.6667,stable,stable,dominant_stable,dominant_stable,0.0000,0.0000,0.0000,persisted
rr_interval_4002_first_50000_001,75,100,16126,16200,16101,16200,1.0000,stable,stable,dominant_stable,dominant_stable,0.0000,0.0000,0.0000,persisted
rr_interval_4002_first_50000_001,75,100,16201,16275,16201,16300,1.0000,stable,stable,dominant_stable,dominant_stable,0.0000,0.0000,0.0000,persisted
rr_interval_4002_first_50000_001,75,100,16276,16350,16301,16400,0.6667,stable,stable,dominant_stable,dominant_stable,0.0000,0.0000,0.0000,persisted
rr_interval_4002_first_50000_001,75,100,16351,16425,16301,16400,0.6667,stable,stable,dominant_stable,dominant_stable,0.0400,-0.0400,0.0000,persisted
rr_interval_4002_first_50000_001,75,100,16426,16500,16401,16500,1.0000,stable,stable,dominant_stable,dominant_stable,0.0000,0.0000,0.0000,persisted
rr_interval_4002_first_50000_001,75,100,16501,16575,16501,16600,1.0000,stable,stable,dominant_stable,dominant_stable,0.0000,0.0000,0.0000,persisted
rr_interval_4002_first_50000_001,75,100,16576,16650,16601,16700,0.6667,stable,stable,dominant_stable,dominant_stable,-0.0300,0.0300,0.0000,persisted
rr_interval_4002_first_50000_001,75,100,16651,16725,16601,16700,0.6667,stable,stable,dominant_stable,dominant_stable,-0.0300,0.0300,0.0000,persisted
rr_interval_4002_first_50000_001,75,100,16726,16800,16701,16800,1.0000,stable,stable,dominant_stable,dominant_stable,0.0267,-0.0267,0.0000,persisted
rr_interval_4002_first_50000_001,75,100,16801,16875,16801,16900,1.0000,stable,stable,dominant_stable,dominant_stable,0.0033,0.0000,-0.0033,persisted
rr_interval_4002_first_50000_001,75,100,16876,16950,16901,17000,0.6667,stable,stable,dominant_stable,dominant_stable,0.0000,0.0033,-0.0033,persisted
rr_interval_4002_first_50000_001,75,100,16951,17025,16901,17000,0.6667,stable,stable,dominant_stable,dominant_stable,0.0400,-0.0367,-0.0033,persisted
rr_interval_4002_first_50000_001,75,100,17026,17100,17001,17100,1.0000,stable,stable,dominant_stable,dominant_stable,0.0167,-0.0167,0.0000,persisted
rr_interval_4002_first_50000_001,75,100,17101,17175,17101,17200,1.0000,stable,stable,dominant_stable,dominant_stable,0.0567,-0.0667,0.0100,persisted
rr_interval_4002_first_50000_001,75,100,17176,17250,17201,17300,0.6667,stable,stable,dominant_stable,dominant_stable,0.0000,0.0000,0.0000,persisted
rr_interval_4002_first_50000_001,75,100,17251,17325,17201,17300,0.6667,stable,stable,dominant_stable,dominant_stable,0.0267,-0.0267,0.0000,persisted
rr_interval_4002_first_50000_001,75,100,17326,17400,17301,17400,1.0000,stable,stable,dominant_stable,dominant_stable,0.0000,0.0000,0.0000,persisted
rr_interval_4002_first_50000_001,75,100,17401,17475,17401,17500,1.0000,stable,stable,dominant_stable,dominant_stable,-0.0200,0.0000,0.0200,persisted
rr_interval_4002_first_50000_001,75,100,17476,17550,17501,17600,0.6667,stable,stable,dominant_stable,dominant_stable,0.0133,0.0000,-0.0133,persisted
rr_interval_4002_first_50000_001,75,100,17551,17625,17501,17600,0.6667,stable,stable,dominant_stable,dominant_stable,0.0133,0.0000,-0.0133,persisted
rr_interval_4002_first_50000_001,75,100,17626,17700,17601,17700,1.0000,stable,stable,dominant_stable,dominant_stable,0.0000,0.0000,0.0000,persisted
rr_interval_4002_first_50000_001,75,100,17701,17775,17701,17800,1.0000,stable,stable,dominant_stable,dominant_stable,0.0000,0.0000,0.0000,persisted
rr_interval_4002_first_50000_001,75,100,17776,17850,17801,17900,0.6667,stable,stable,dominant_stable,dominant_stable,0.0100,-0.0200,0.0100,persisted
rr_interval_4002_first_50000_001,75,100,17851,17925,17801,17900,0.6667,stable,stable,dominant_stable,dominant_stable,0.0233,-0.0200,-0.0033,persisted
rr_interval_4002_first_50000_001,75,100,17926,18000,17901,18000,1.0000,stable,stable,dominant_stable,dominant_stable,0.0033,-0.0033,0.0000,persisted
rr_interval_4002_first_50000_001,75,100,18001,18075,18001,18100,1.0000,stable,stable,dominant_stable,dominant_stable,0.0000,0.0000,0.0000,persisted
rr_interval_4002_first_50000_001,75,100,18076,18150,18101,18200,0.6667,stable,stable,dominant_stable,dominant_stable,0.0000,0.0000,0.0000,persisted
rr_interval_4002_first_50000_001,75,100,18151,18225,18101,18200,0.6667,stable,stable,dominant_stable,dominant_stable,0.0133,0.0000,-0.0133,persisted
rr_interval_4002_first_50000_001,75,100,18226,18300,18201,18300,1.0000,stable,stable,dominant_stable,dominant_stable,0.0167,-0.0267,0.0100,persisted
rr_interval_4002_first_50000_001,75,100,18301,18375,18301,18400,1.0000,stable,stable,dominant_stable,dominant_stable,0.0100,-0.0100,0.0000,persisted
rr_interval_4002_first_50000_001,75,100,18376,18450,18401,18500,0.6667,stable,stable,dominant_stable,dominant_stable,0.0033,0.0000,-0.0033,persisted
rr_interval_4002_first_50000_001,75,100,18451,18525,18401,18500,0.6667,stable,stable,dominant_stable,dominant_stable,-0.0100,0.0000,0.0100,persisted
rr_interval_4002_first_50000_001,75,100,18526,18600,18501,18600,1.0000,stable,stable,dominant_stable,dominant_stable,0.0000,0.0000,0.0000,persisted
rr_interval_4002_first_50000_001,75,100,18601,18675,18601,18700,1.0000,stable,stable,dominant_stable,dominant_stable,0.0000,0.0000,0.0000,persisted
rr_interval_4002_first_50000_001,75,100,18676,18750,18701,18800,0.6667,stable,stable,dominant_stable,dominant_stable,0.0000,0.0000,0.0000,persisted
rr_interval_4002_first_50000_001,75,100,18751,18825,18701,18800,0.6667,stable,stable,dominant_stable,dominant_stable,0.0000,0.0000,0.0000,persisted
rr_interval_4002_first_50000_001,75,100,18826,18900,18801,18900,1.0000,stable,stable,dominant_stable,dominant_stable,0.0067,-0.0067,0.0000,persisted
rr_interval_4002_first_50000_001,75,100,18901,18975,18901,19000,1.0000,stable,stable,dominant_stable,dominant_stable,0.0767,-0.0767,0.0000,persisted
rr_interval_4002_first_50000_001,75,100,18976,19050,19001,19100,0.6667,stable,stable,dominant_stable,dominant_stable,0.0533,-0.0633,0.0100,persisted
rr_interval_4002_first_50000_001,75,100,19051,19125,19001,19100,0.6667,stable,stable,dominant_stable,dominant_stable,-0.0133,0.0033,0.0100,persisted
rr_interval_4002_first_50000_001,75,100,19126,19200,19101,19200,1.0000,stable,stable,dominant_stable,dominant_stable,0.0067,-0.0067,0.0000,persisted
rr_interval_4002_first_50000_001,75,100,19201,19275,19201,19300,1.0000,stable,stable,dominant_stable,dominant_stable,0.0100,0.0100,-0.0200,persisted
rr_interval_4002_first_50000_001,75,100,19276,19350,19301,19400,0.6667,stable,stable,dominant_stable,dominant_stable,-0.0300,0.0300,0.0000,persisted
rr_interval_4002_first_50000_001,75,100,19351,19425,19301,19400,0.6667,stable,stable,dominant_stable,dominant_stable,-0.0300,0.0300,0.0000,persisted
rr_interval_4002_first_50000_001,75,100,19426,19500,19401,19500,1.0000,stable,stable,dominant_stable,dominant_stable,-0.0800,0.0800,0.0000,persisted
rr_interval_4002_first_50000_001,75,100,19501,19575,19501,19600,1.0000,stable,stable,dominant_stable,dominant_stable,-0.0233,0.0500,-0.0267,persisted
rr_interval_4002_first_50000_001,75,100,19576,19650,19601,19700,0.6667,stable,stable,dominant_stable,dominant_stable,0.0167,-0.0133,-0.0033,persisted
rr_interval_4002_first_50000_001,75,100,19651,19725,19601,19700,0.6667,stable,stable,dominant_stable,dominant_stable,-0.0367,0.0400,-0.0033,persisted
rr_interval_4002_first_50000_001,75,100,19726,19800,19701,19800,1.0000,stable,stable,dominant_stable,dominant_stable,0.0000,0.0000,0.0000,persisted
rr_interval_4002_first_50000_001,75,100,19801,19875,19801,19900,1.0000,stable,stable,dominant_stable,dominant_stable,0.0000,0.0000,0.0000,persisted
rr_interval_4002_first_50000_001,75,100,19876,19950,19901,20000,0.6667,stable,stable,dominant_stable,dominant_stable,-0.0800,0.0800,0.0000,persisted
rr_interval_4002_first_50000_001,75,100,19951,20025,19901,20000,0.6667,stable,stable,dominant_stable,dominant_stable,-0.0800,0.0800,0.0000,persisted
rr_interval_4002_first_50000_001,75,100,20026,20100,20001,20100,1.0000,stable,stable,dominant_stable,dominant_stable,0.0033,0.0100,-0.0133,persisted
rr_interval_4002_first_50000_001,75,100,20101,20175,20101,20200,1.0000,stable,stable,dominant_stable,dominant_stable,0.0000,0.0000,0.0000,persisted
rr_interval_4002_first_50000_001,75,100,20176,20250,20201,20300,0.6667,stable,stable,dominant_stable,dominant_stable,-0.0200,0.0200,0.0000,persisted
rr_interval_4002_first_50000_001,75,100,20251,20325,20201,20300,0.6667,stable,stable,dominant_stable,dominant_stable,0.0067,-0.0067,0.0000,persisted
rr_interval_4002_first_50000_001,75,100,20326,20400,20301,20400,1.0000,stable,stable,dominant_stable,dominant_stable,0.0067,-0.0067,0.0000,persisted
rr_interval_4002_first_50000_001,75,100,20401,20475,20401,20500,1.0000,stable,stable,dominant_stable,dominant_stable,0.0000,0.0000,0.0000,persisted
rr_interval_4002_first_50000_001,75,100,20476,20550,20501,20600,0.6667,stable,stable,dominant_stable,dominant_stable,-0.0300,0.0300,0.0000,persisted
rr_interval_4002_first_50000_001,75,100,20551,20625,20501,20600,0.6667,stable,stable,dominant_stable,dominant_stable,0.0100,-0.0100,0.0000,persisted
rr_interval_4002_first_50000_001,75,100,20626,20700,20601,20700,1.0000,stable,stable,dominant_stable,dominant_stable,0.0067,-0.0067,0.0000,persisted
rr_interval_4002_first_50000_001,75,100,20701,20775,20701,20800,1.0000,stable,stable,dominant_stable,dominant_stable,0.0500,-0.0467,-0.0033,persisted
rr_interval_4002_first_50000_001,75,100,20776,20850,20801,20900,0.6667,stable,stable,dominant_stable,dominant_stable,-0.0133,-0.0067,0.0200,persisted
rr_interval_4002_first_50000_001,75,100,20851,20925,20801,20900,0.6667,stable,stable,dominant_stable,dominant_stable,0.0400,-0.0333,-0.0067,persisted
rr_interval_4002_first_50000_001,75,100,20926,21000,20901,21000,1.0000,stable,stable,dominant_stable,dominant_stable,0.0733,-0.0733,0.0000,persisted
rr_interval_4002_first_50000_001,75,100,21001,21075,21001,21100,1.0000,stable,stable,dominant_stable,dominant_stable,0.0567,-0.0567,0.0000,persisted
rr_interval_4002_first_50000_001,75,100,21076,21150,21101,21200,0.6667,stable,stable,dominant_stable,dominant_stable,0.0533,-0.0533,0.0000,persisted
rr_interval_4002_first_50000_001,75,100,21151,21225,21101,21200,0.6667,stable,stable,dominant_stable,dominant_stable,0.0667,-0.0667,0.0000,persisted
rr_interval_4002_first_50000_001,75,100,21226,21300,21201,21300,1.0000,stable,stable,dominant_stable,dominant_stable,0.0000,0.0000,0.0000,persisted
rr_interval_4002_first_50000_001,75,100,21301,21375,21301,21400,1.0000,stable,stable,dominant_stable,dominant_stable,0.0000,0.0000,0.0000,persisted
rr_interval_4002_first_50000_001,75,100,21376,21450,21401,21500,0.6667,stable,stable,dominant_stable,dominant_stable,-0.0100,0.0000,0.0100,persisted
rr_interval_4002_first_50000_001,75,100,21451,21525,21401,21500,0.6667,stable,stable,dominant_stable,dominant_stable,0.0033,0.0000,-0.0033,persisted
rr_interval_4002_first_50000_001,75,100,21526,21600,21501,21600,1.0000,stable,stable,dominant_stable,dominant_stable,0.0000,0.0000,0.0000,persisted
rr_interval_4002_first_50000_001,75,100,21601,21675,21601,21700,1.0000,stable,stable,dominant_stable,dominant_stable,0.0033,0.0000,-0.0033,persisted
rr_interval_4002_first_50000_001,75,100,21676,21750,21701,21800,0.6667,stable,stable,dominant_stable,dominant_stable,0.0000,0.0000,0.0000,persisted
rr_interval_4002_first_50000_001,75,100,21751,21825,21701,21800,0.6667,stable,stable,dominant_stable,dominant_stable,0.0267,-0.0267,0.0000,persisted
rr_interval_4002_first_50000_001,75,100,21826,21900,21801,21900,1.0000,stable,stable,dominant_stable,dominant_stable,0.0100,-0.0100,0.0000,persisted
rr_interval_4002_first_50000_001,75,100,21901,21975,21901,22000,1.0000,stable,stable,dominant_stable,dominant_stable,0.0467,-0.0400,-0.0067,persisted
rr_interval_4002_first_50000_001,75,100,21976,22050,22001,22100,0.6667,stable,stable,dominant_stable,dominant_stable,-0.0133,0.0033,0.0100,persisted
rr_interval_4002_first_50000_001,75,100,22051,22125,22001,22100,0.6667,stable,stable,dominant_stable,dominant_stable,0.0267,-0.0367,0.0100,persisted
rr_interval_4002_first_50000_001,75,100,22126,22200,22101,22200,1.0000,stable,stable,dominant_stable,dominant_stable,0.0500,-0.0500,0.0000,persisted
rr_interval_4002_first_50000_001,75,100,22201,22275,22201,22300,1.0000,stable,stable,dominant_stable,dominant_stable,-0.0300,0.0300,0.0000,persisted
rr_interval_4002_first_50000_001,75,100,22276,22350,22301,22400,0.6667,stable,stable,dominant_stable,dominant_stable,-0.0033,-0.0067,0.0100,persisted
rr_interval_4002_first_50000_001,75,100,22351,22425,22301,22400,0.6667,stable,stable,dominant_stable,dominant_stable,0.0633,-0.0600,-0.0033,persisted
rr_interval_4002_first_50000_001,75,100,22426,22500,22401,22500,1.0000,stable,stable,dominant_stable,dominant_stable,-0.0600,0.0600,0.0000,persisted
rr_interval_4002_first_50000_001,75,100,22501,22575,22501,22600,1.0000,stable,stable,dominant_stable,dominant_stable,0.0033,0.0000,-0.0033,persisted
rr_interval_4002_first_50000_001,75,100,22576,22650,22601,22700,0.6667,stable,stable,dominant_stable,dominant_stable,0.0033,0.0000,-0.0033,persisted
rr_interval_4002_first_50000_001,75,100,22651,22725,22601,22700,0.6667,stable,stable,dominant_stable,dominant_stable,-0.0100,0.0000,0.0100,persisted
rr_interval_4002_first_50000_001,75,100,22726,22800,22701,22800,1.0000,stable,stable,dominant_stable,dominant_stable,0.0267,-0.0267,0.0000,persisted
rr_interval_4002_first_50000_001,75,100,22801,22875,22801,22900,1.0000,stable,stable,dominant_stable,dominant_stable,0.0400,-0.0400,0.0000,persisted
rr_interval_4002_first_50000_001,75,100,22876,22950,22901,23000,0.6667,stable,stable,dominant_stable,dominant_stable,0.0133,-0.0100,-0.0033,persisted
rr_interval_4002_first_50000_001,75,100,22951,23025,22901,23000,0.6667,stable,stable,dominant_stable,dominant_stable,-0.0133,0.0300,-0.0167,persisted
rr_interval_4002_first_50000_001,75,100,23026,23100,23001,23100,1.0000,stable,stable,dominant_stable,dominant_stable,0.0033,0.0000,-0.0033,persisted
rr_interval_4002_first_50000_001,75,100,23101,23175,23101,23200,1.0000,stable,stable,dominant_stable,dominant_stable,0.0000,0.0000,0.0000,persisted
rr_interval_4002_first_50000_001,75,100,23176,23250,23201,23300,0.6667,stable,stable,dominant_stable,dominant_stable,0.0033,0.0000,-0.0033,persisted
rr_interval_4002_first_50000_001,75,100,23251,23325,23201,23300,0.6667,stable,stable,dominant_stable,dominant_stable,0.0167,0.0000,-0.0167,persisted
rr_interval_4002_first_50000_001,75,100,23326,23400,23301,23400,1.0000,stable,stable,dominant_stable,dominant_stable,0.0533,-0.0533,0.0000,persisted
rr_interval_4002_first_50000_001,75,100,23401,23475,23401,23500,1.0000,stable,stable,dominant_stable,dominant_stable,0.0100,-0.0067,-0.0033,persisted
rr_interval_4002_first_50000_001,75,100,23476,23550,23501,23600,0.6667,stable,stable,dominant_stable,dominant_stable,0.0000,0.0000,0.0000,persisted
rr_interval_4002_first_50000_001,75,100,23551,23625,23501,23600,0.6667,stable,stable,dominant_stable,dominant_stable,0.0267,0.0000,-0.0267,persisted
rr_interval_4002_first_50000_001,75,100,23626,23700,23601,23700,1.0000,stable,stable,dominant_stable,dominant_stable,0.0367,-0.0333,-0.0033,persisted
rr_interval_4002_first_50000_001,75,100,23701,23775,23701,23800,1.0000,stable,stable,dominant_stable,dominant_stable,0.0900,-0.0900,0.0000,persisted
rr_interval_4002_first_50000_001,75,100,23776,23850,23801,23900,0.6667,stable,stable,dominant_stable,dominant_stable,0.0667,-0.0667,0.0000,persisted
rr_interval_4002_first_50000_001,75,100,23851,23925,23801,23900,0.6667,stable,stable,dominant_stable,dominant_stable,0.0000,0.0000,0.0000,persisted
rr_interval_4002_first_50000_001,75,100,23926,24000,23901,24000,1.0000,stable,stable,dominant_stable,dominant_stable,0.0100,-0.0067,-0.0033,persisted
rr_interval_4002_first_50000_001,75,100,24001,24075,24001,24100,1.0000,stable,stable,dominant_stable,dominant_stable,0.0200,-0.0067,-0.0133,persisted
rr_interval_4002_first_50000_001,75,100,24076,24150,24101,24200,0.6667,stable,stable,dominant_stable,dominant_stable,0.0100,0.0033,-0.0133,persisted
rr_interval_4002_first_50000_001,75,100,24151,24225,24101,24200,0.6667,stable,stable,dominant_stable,dominant_stable,0.0100,0.0033,-0.0133,persisted
rr_interval_4002_first_50000_001,75,100,24226,24300,24201,24300,1.0000,stable,stable,dominant_stable,dominant_stable,0.0067,-0.0067,0.0000,persisted
rr_interval_4002_first_50000_001,75,100,24301,24375,24301,24400,1.0000,stable,stable,dominant_stable,dominant_stable,-0.0133,0.0133,0.0000,persisted
rr_interval_4002_first_50000_001,75,100,24376,24450,24401,24500,0.6667,stable,stable,dominant_stable,dominant_stable,0.0000,0.0000,0.0000,persisted
rr_interval_4002_first_50000_001,75,100,24451,24525,24401,24500,0.6667,stable,stable,dominant_stable,dominant_stable,0.0533,-0.0400,-0.0133,persisted
rr_interval_4002_first_50000_001,75,100,24526,24600,24501,24600,1.0000,stable,stable,dominant_stable,dominant_stable,-0.0233,0.0033,0.0200,persisted
rr_interval_4002_first_50000_001,75,100,24601,24675,24601,24700,1.0000,stable,stable,dominant_stable,dominant_stable,0.0033,0.0033,-0.0067,persisted
rr_interval_4002_first_50000_001,75,100,24676,24750,24701,24800,0.6667,stable,stable,dominant_stable,dominant_stable,0.0700,-0.0667,-0.0033,persisted
rr_interval_4002_first_50000_001,75,100,24751,24825,24701,24800,0.6667,stable,stable,dominant_stable,dominant_stable,0.0433,-0.0400,-0.0033,persisted
rr_interval_4002_first_50000_001,75,100,24826,24900,24801,24900,1.0000,stable,stable,dominant_stable,dominant_stable,-0.0233,0.0400,-0.0167,persisted
rr_interval_4002_first_50000_001,75,100,24901,24975,24901,25000,1.0000,stable,stable,dominant_stable,dominant_stable,0.0100,-0.0167,0.0067,persisted
rr_interval_4002_first_50000_001,75,100,24976,25050,25001,25100,0.6667,stable,stable,dominant_stable,dominant_stable,0.0167,-0.0267,0.0100,persisted
rr_interval_4002_first_50000_001,75,100,25051,25125,25001,25100,0.6667,stable,stable,dominant_stable,dominant_stable,0.0033,0.0000,-0.0033,persisted
rr_interval_4002_first_50000_001,75,100,25126,25200,25101,25200,1.0000,stable,stable,dominant_stable,dominant_stable,-0.0100,0.0000,0.0100,persisted
rr_interval_4002_first_50000_001,75,100,25201,25275,25201,25300,1.0000,stable,stable,dominant_stable,dominant_stable,0.0067,-0.0067,0.0000,persisted
rr_interval_4002_first_50000_001,75,100,25276,25350,25301,25400,0.6667,stable,stable,dominant_stable,dominant_stable,0.0000,0.0000,0.0000,persisted
rr_interval_4002_first_50000_001,75,100,25351,25425,25301,25400,0.6667,stable,stable,dominant_stable,dominant_stable,0.0000,0.0000,0.0000,persisted
rr_interval_4002_first_50000_001,75,100,25426,25500,25401,25500,1.0000,stable,stable,dominant_stable,dominant_stable,0.0000,0.0000,0.0000,persisted
rr_interval_4002_first_50000_001,75,100,25501,25575,25501,25600,1.0000,stable,stable,dominant_stable,dominant_stable,0.0133,-0.0067,-0.0067,persisted
rr_interval_4002_first_50000_001,75,100,25576,25650,25601,25700,0.6667,stable,stable,dominant_stable,dominant_stable,0.0000,0.0000,0.0000,persisted
rr_interval_4002_first_50000_001,75,100,25651,25725,25601,25700,0.6667,stable,stable,dominant_stable,dominant_stable,0.0000,0.0000,0.0000,persisted
rr_interval_4002_first_50000_001,75,100,25726,25800,25701,25800,1.0000,stable,stable,dominant_stable,dominant_stable,0.0067,-0.0067,0.0000,persisted
rr_interval_4002_first_50000_001,75,100,25801,25875,25801,25900,1.0000,stable,stable,dominant_stable,dominant_stable,0.0100,-0.0067,-0.0033,persisted
rr_interval_4002_first_50000_001,75,100,25876,25950,25901,26000,0.6667,stable,stable,dominant_stable,dominant_stable,0.0000,0.0000,0.0000,persisted
rr_interval_4002_first_50000_001,75,100,25951,26025,25901,26000,0.6667,stable,stable,dominant_stable,dominant_stable,0.0000,0.0000,0.0000,persisted
rr_interval_4002_first_50000_001,75,100,26026,26100,26001,26100,1.0000,stable,stable,dominant_stable,dominant_stable,0.0000,0.0000,0.0000,persisted
rr_interval_4002_first_50000_001,75,100,26101,26175,26101,26200,1.0000,stable,stable,dominant_stable,dominant_stable,0.0133,0.0000,-0.0133,persisted
rr_interval_4002_first_50000_001,75,100,26176,26250,26201,26300,0.6667,stable,stable,dominant_stable,dominant_stable,0.0000,0.0000,0.0000,persisted
rr_interval_4002_first_50000_001,75,100,26251,26325,26201,26300,0.6667,stable,stable,dominant_stable,dominant_stable,0.0533,-0.0400,-0.0133,persisted
rr_interval_4002_first_50000_001,75,100,26326,26400,26301,26400,1.0000,stable,stable,dominant_stable,dominant_stable,0.0400,-0.0367,-0.0033,persisted
rr_interval_4002_first_50000_001,75,100,26401,26475,26401,26500,1.0000,stable,stable,dominant_stable,dominant_stable,0.0900,-0.0900,0.0000,persisted
rr_interval_4002_first_50000_001,75,100,26476,26550,26501,26600,0.6667,stable,stable,dominant_stable,dominant_stable,0.0000,0.0000,0.0000,persisted
rr_interval_4002_first_50000_001,75,100,26551,26625,26501,26600,0.6667,stable,stable,dominant_stable,dominant_stable,0.0400,-0.0400,0.0000,persisted
rr_interval_4002_first_50000_001,75,100,26626,26700,26601,26700,1.0000,stable,stable,dominant_stable,dominant_stable,0.0400,-0.0400,0.0000,persisted
rr_interval_4002_first_50000_001,75,100,26701,26775,26701,26800,1.0000,stable,stable,dominant_stable,dominant_stable,-0.0300,0.0300,0.0000,persisted
rr_interval_4002_first_50000_001,75,100,26776,26850,26801,26900,0.6667,stable,stable,dominant_stable,dominant_stable,-0.0133,0.0133,0.0000,persisted
rr_interval_4002_first_50000_001,75,100,26851,26925,26801,26900,0.6667,stable,stable,dominant_stable,dominant_stable,-0.0400,0.0400,0.0000,persisted
rr_interval_4002_first_50000_001,75,100,26926,27000,26901,27000,1.0000,stable,stable,dominant_stable,dominant_stable,0.0167,0.0000,-0.0167,persisted
rr_interval_4002_first_50000_001,75,100,27001,27075,27001,27100,1.0000,stable,stable,dominant_stable,dominant_stable,-0.0033,0.0033,0.0000,persisted
rr_interval_4002_first_50000_001,75,100,27076,27150,27101,27200,0.6667,stable,stable,dominant_stable,dominant_stable,-0.0300,0.0300,0.0000,persisted
rr_interval_4002_first_50000_001,75,100,27151,27225,27101,27200,0.6667,stable,stable,dominant_stable,dominant_stable,-0.0300,0.0300,0.0000,persisted
rr_interval_4002_first_50000_001,75,100,27226,27300,27201,27300,1.0000,stable,stable,dominant_stable,dominant_stable,-0.0033,0.0033,0.0000,persisted
rr_interval_4002_first_50000_001,75,100,27301,27375,27301,27400,1.0000,stable,stable,dominant_stable,dominant_stable,-0.0433,0.0600,-0.0167,persisted
rr_interval_4002_first_50000_001,75,100,27376,27450,27401,27500,0.6667,stable,stable,dominant_stable,dominant_stable,0.0267,-0.0367,0.0100,persisted
rr_interval_4002_first_50000_001,75,100,27451,27525,27401,27500,0.6667,stable,stable,dominant_stable,dominant_stable,-0.0133,0.0300,-0.0167,persisted
rr_interval_4002_first_50000_001,75,100,27526,27600,27501,27600,1.0000,stable,stable,dominant_stable,dominant_stable,-0.0100,0.0033,0.0067,persisted
rr_interval_4002_first_50000_001,75,100,27601,27675,27601,27700,1.0000,stable,stable,dominant_stable,dominant_stable,0.0067,0.0000,-0.0067,persisted
rr_interval_4002_first_50000_001,75,100,27676,27750,27701,27800,0.6667,stable,stable,dominant_stable,dominant_stable,-0.0100,0.0000,0.0100,persisted
rr_interval_4002_first_50000_001,75,100,27751,27825,27701,27800,0.6667,stable,stable,dominant_stable,dominant_stable,0.0167,-0.0267,0.0100,persisted
rr_interval_4002_first_50000_001,75,100,27826,27900,27801,27900,1.0000,stable,stable,dominant_stable,dominant_stable,-0.0100,0.0000,0.0100,persisted
rr_interval_4002_first_50000_001,75,100,27901,27975,27901,28000,1.0000,stable,stable,dominant_stable,dominant_stable,0.0000,0.0000,0.0000,persisted
rr_interval_4002_first_50000_001,75,100,27976,28050,28001,28100,0.6667,stable,stable,dominant_stable,dominant_stable,0.0000,0.0000,0.0000,persisted
rr_interval_4002_first_50000_001,75,100,28051,28125,28001,28100,0.6667,stable,stable,dominant_stable,dominant_stable,0.0000,0.0000,0.0000,persisted
rr_interval_4002_first_50000_001,75,100,28126,28200,28101,28200,1.0000,stable,stable,dominant_stable,dominant_stable,0.0000,0.0000,0.0000,persisted
rr_interval_4002_first_50000_001,75,100,28201,28275,28201,28300,1.0000,stable,stable,dominant_stable,dominant_stable,0.0200,-0.0167,-0.0033,persisted
rr_interval_4002_first_50000_001,75,100,28276,28350,28301,28400,0.6667,stable,stable,dominant_stable,dominant_stable,-0.0100,0.0000,0.0100,persisted
rr_interval_4002_first_50000_001,75,100,28351,28425,28301,28400,0.6667,stable,stable,dominant_stable,dominant_stable,0.0033,0.0000,-0.0033,persisted
rr_interval_4002_first_50000_001,75,100,28426,28500,28401,28500,1.0000,stable,stable,dominant_stable,dominant_stable,0.0067,-0.0067,0.0000,persisted
rr_interval_4002_first_50000_001,75,100,28501,28575,28501,28600,1.0000,stable,stable,dominant_stable,dominant_stable,-0.0067,0.0200,-0.0133,persisted
rr_interval_4002_first_50000_001,75,100,28576,28650,28601,28700,0.6667,stable,stable,dominant_stable,dominant_stable,0.0033,0.0000,-0.0033,persisted
rr_interval_4002_first_50000_001,75,100,28651,28725,28601,28700,0.6667,stable,stable,dominant_stable,dominant_stable,0.0033,0.0000,-0.0033,persisted
rr_interval_4002_first_50000_001,75,100,28726,28800,28701,28800,1.0000,stable,stable,dominant_stable,dominant_stable,0.0000,0.0000,0.0000,persisted
rr_interval_4002_first_50000_001,75,100,28801,28875,28801,28900,1.0000,stable,stable,dominant_stable,dominant_stable,0.0400,-0.0267,-0.0133,persisted
rr_interval_4002_first_50000_001,75,100,28876,28950,28901,29000,0.6667,stable,stable,dominant_stable,dominant_stable,0.0000,0.0000,0.0000,persisted
rr_interval_4002_first_50000_001,75,100,28951,29025,28901,29000,0.6667,stable,stable,dominant_stable,dominant_stable,0.0933,-0.0667,-0.0267,persisted
rr_interval_4002_first_50000_001,75,100,29026,29100,29001,29100,1.0000,stable,stable,dominant_stable,dominant_stable,0.0000,0.0000,0.0000,persisted
rr_interval_4002_first_50000_001,75,100,29101,29175,29101,29200,1.0000,stable,stable,dominant_stable,dominant_stable,0.0100,-0.0067,-0.0033,persisted
rr_interval_4002_first_50000_001,75,100,29176,29250,29201,29300,0.6667,stable,stable,dominant_stable,dominant_stable,0.0600,-0.0400,-0.0200,persisted
rr_interval_4002_first_50000_001,75,100,29251,29325,29201,29300,0.6667,stable,stable,dominant_stable,dominant_stable,-0.0067,0.0000,0.0067,persisted
rr_interval_4002_first_50000_001,75,100,29326,29400,29301,29400,1.0000,stable,stable,dominant_stable,dominant_stable,-0.0100,0.0000,0.0100,persisted
rr_interval_4002_first_50000_001,75,100,29401,29475,29401,29500,1.0000,stable,stable,dominant_stable,dominant_stable,0.0000,0.0000,0.0000,persisted
rr_interval_4002_first_50000_001,75,100,29476,29550,29501,29600,0.6667,stable,stable,dominant_stable,dominant_stable,0.0000,0.0000,0.0000,persisted
rr_interval_4002_first_50000_001,75,100,29551,29625,29501,29600,0.6667,stable,stable,dominant_stable,dominant_stable,0.0133,0.0000,-0.0133,persisted
rr_interval_4002_first_50000_001,75,100,29626,29700,29601,29700,1.0000,stable,stable,dominant_stable,dominant_stable,0.0267,-0.0200,-0.0067,persisted
rr_interval_4002_first_50000_001,75,100,29701,29775,29701,29800,1.0000,stable,stable,dominant_stable,dominant_stable,0.0433,-0.0400,-0.0033,persisted
rr_interval_4002_first_50000_001,75,100,29776,29850,29801,29900,0.6667,stable,stable,dominant_stable,dominant_stable,0.0167,0.0000,-0.0167,persisted
rr_interval_4002_first_50000_001,75,100,29851,29925,29801,29900,0.6667,stable,stable,dominant_stable,dominant_stable,-0.0100,0.0000,0.0100,persisted
rr_interval_4002_first_50000_001,75,100,29926,30000,29901,30000,1.0000,stable,stable,dominant_stable,dominant_stable,0.0100,-0.0100,0.0000,persisted
rr_interval_4002_first_50000_001,75,100,30001,30075,30001,30100,1.0000,stable,stable,dominant_stable,dominant_stable,0.0000,0.0000,0.0000,persisted
rr_interval_4002_first_50000_001,75,100,30076,30150,30101,30200,0.6667,stable,stable,dominant_stable,dominant_stable,-0.0167,0.0300,-0.0133,persisted
rr_interval_4002_first_50000_001,75,100,30151,30225,30101,30200,0.6667,stable,stable,dominant_stable,dominant_stable,0.0100,-0.0100,0.0000,persisted
rr_interval_4002_first_50000_001,75,100,30226,30300,30201,30300,1.0000,stable,stable,dominant_stable,dominant_stable,-0.0033,0.0300,-0.0267,persisted
rr_interval_4002_first_50000_001,75,100,30301,30375,30301,30400,1.0000,stable,stable,dominant_stable,dominant_stable,0.0267,-0.0267,0.0000,persisted
rr_interval_4002_first_50000_001,75,100,30376,30450,30401,30500,0.6667,stable,stable,dominant_stable,dominant_stable,0.0033,0.0000,-0.0033,persisted
rr_interval_4002_first_50000_001,75,100,30451,30525,30401,30500,0.6667,stable,stable,dominant_stable,dominant_stable,0.0167,0.0000,-0.0167,persisted
rr_interval_4002_first_50000_001,75,100,30526,30600,30501,30600,1.0000,stable,stable,dominant_stable,dominant_stable,-0.0067,0.0000,0.0067,persisted
rr_interval_4002_first_50000_001,75,100,30601,30675,30601,30700,1.0000,stable,stable,dominant_stable,dominant_stable,0.0067,-0.0133,0.0067,persisted
rr_interval_4002_first_50000_001,75,100,30676,30750,30701,30800,0.6667,stable,stable,dominant_stable,dominant_stable,0.0167,0.0000,-0.0167,persisted
rr_interval_4002_first_50000_001,75,100,30751,30825,30701,30800,0.6667,stable,stable,dominant_stable,dominant_stable,0.0433,-0.0533,0.0100,persisted
rr_interval_4002_first_50000_001,75,100,30826,30900,30801,30900,1.0000,stable,stable,dominant_stable,dominant_stable,0.0467,-0.0467,0.0000,persisted
rr_interval_4002_first_50000_001,75,100,30901,30975,30901,31000,1.0000,stable,stable,dominant_stable,dominant_stable,0.0233,-0.0167,-0.0067,persisted
rr_interval_4002_first_50000_001,75,100,30976,31050,31001,31100,0.6667,stable,stable,dominant_stable,dominant_stable,-0.0400,0.0200,0.0200,persisted
rr_interval_4002_first_50000_001,75,100,31051,31125,31001,31100,0.6667,stable,stable,dominant_stable,dominant_stable,0.0533,-0.0467,-0.0067,persisted
rr_interval_4002_first_50000_001,75,100,31126,31200,31101,31200,1.0000,stable,stable,dominant_stable,dominant_stable,0.0533,-0.0400,-0.0133,persisted
rr_interval_4002_first_50000_001,75,100,31201,31275,31201,31300,1.0000,stable,stable,dominant_stable,dominant_stable,-0.0200,0.0000,0.0200,persisted
rr_interval_4002_first_50000_001,75,100,31276,31350,31301,31400,0.6667,stable,stable,dominant_stable,dominant_stable,0.0267,0.0000,-0.0267,persisted
rr_interval_4002_first_50000_001,75,100,31351,31425,31301,31400,0.6667,stable,stable,dominant_stable,dominant_stable,0.0000,0.0000,0.0000,persisted
rr_interval_4002_first_50000_001,75,100,31426,31500,31401,31500,1.0000,stable,stable,dominant_stable,dominant_stable,0.0067,-0.0067,0.0000,persisted
rr_interval_4002_first_50000_001,75,100,31501,31575,31501,31600,1.0000,stable,stable,dominant_stable,dominant_stable,0.0000,0.0000,0.0000,persisted
rr_interval_4002_first_50000_001,75,100,31576,31650,31601,31700,0.6667,stable,stable,dominant_stable,dominant_stable,0.0000,0.0000,0.0000,persisted
rr_interval_4002_first_50000_001,75,100,31651,31725,31601,31700,0.6667,stable,stable,dominant_stable,dominant_stable,0.0000,0.0000,0.0000,persisted
rr_interval_4002_first_50000_001,75,100,31726,31800,31701,31800,1.0000,stable,stable,dominant_stable,dominant_stable,0.0000,0.0000,0.0000,persisted
rr_interval_4002_first_50000_001,75,100,31801,31875,31801,31900,1.0000,stable,stable,dominant_stable,dominant_stable,0.0000,0.0000,0.0000,persisted
rr_interval_4002_first_50000_001,75,100,31876,31950,31901,32000,0.6667,stable,stable,dominant_stable,dominant_stable,0.0033,0.0000,-0.0033,persisted
rr_interval_4002_first_50000_001,75,100,31951,32025,31901,32000,0.6667,stable,stable,dominant_stable,dominant_stable,-0.0100,0.0000,0.0100,persisted
rr_interval_4002_first_50000_001,75,100,32026,32100,32001,32100,1.0000,stable,stable,dominant_stable,dominant_stable,0.0000,0.0000,0.0000,persisted
rr_interval_4002_first_50000_001,75,100,32101,32175,32101,32200,1.0000,stable,stable,dominant_stable,dominant_stable,0.0000,0.0000,0.0000,persisted
rr_interval_4002_first_50000_001,75,100,32176,32250,32201,32300,0.6667,stable,stable,dominant_stable,dominant_stable,-0.0100,0.0000,0.0100,persisted
rr_interval_4002_first_50000_001,75,100,32251,32325,32201,32300,0.6667,stable,stable,dominant_stable,dominant_stable,0.0033,0.0000,-0.0033,persisted
rr_interval_4002_first_50000_001,75,100,32326,32400,32301,32400,1.0000,stable,stable,dominant_stable,dominant_stable,0.0000,0.0000,0.0000,persisted
rr_interval_4002_first_50000_001,75,100,32401,32475,32401,32500,1.0000,stable,stable,dominant_stable,dominant_stable,0.0000,0.0000,0.0000,persisted
rr_interval_4002_first_50000_001,75,100,32476,32550,32501,32600,0.6667,stable,stable,dominant_stable,dominant_stable,0.0000,0.0000,0.0000,persisted
rr_interval_4002_first_50000_001,75,100,32551,32625,32501,32600,0.6667,stable,stable,dominant_stable,dominant_stable,0.0000,0.0000,0.0000,persisted
rr_interval_4002_first_50000_001,75,100,32626,32700,32601,32700,1.0000,stable,stable,dominant_stable,dominant_stable,0.0033,0.0000,-0.0033,persisted
rr_interval_4002_first_50000_001,75,100,32701,32775,32701,32800,1.0000,stable,stable,dominant_stable,dominant_stable,-0.0100,0.0000,0.0100,persisted
rr_interval_4002_first_50000_001,75,100,32776,32850,32801,32900,0.6667,stable,stable,dominant_stable,dominant_stable,-0.0267,0.0300,-0.0033,persisted
rr_interval_4002_first_50000_001,75,100,32851,32925,32801,32900,0.6667,stable,stable,dominant_stable,dominant_stable,0.0133,-0.0100,-0.0033,persisted
rr_interval_4002_first_50000_001,75,100,32926,33000,32901,33000,1.0000,stable,stable,dominant_stable,dominant_stable,0.0000,0.0000,0.0000,persisted
rr_interval_4002_first_50000_001,75,100,33001,33075,33001,33100,1.0000,stable,stable,dominant_stable,dominant_stable,0.0100,-0.0067,-0.0033,persisted
rr_interval_4002_first_50000_001,75,100,33076,33150,33101,33200,0.6667,stable,stable,dominant_stable,dominant_stable,0.0200,0.0000,-0.0200,persisted
rr_interval_4002_first_50000_001,75,100,33151,33225,33101,33200,0.6667,stable,stable,dominant_stable,dominant_stable,-0.0200,0.0000,0.0200,persisted
rr_interval_4002_first_50000_001,75,100,33226,33300,33201,33300,1.0000,stable,stable,dominant_stable,dominant_stable,0.0000,0.0000,0.0000,persisted
rr_interval_4002_first_50000_001,75,100,33301,33375,33301,33400,1.0000,stable,stable,dominant_stable,dominant_stable,-0.0100,0.0000,0.0100,persisted
rr_interval_4002_first_50000_001,75,100,33376,33450,33401,33500,0.6667,stable,stable,dominant_stable,dominant_stable,0.0200,-0.0067,-0.0133,persisted
rr_interval_4002_first_50000_001,75,100,33451,33525,33401,33500,0.6667,stable,stable,dominant_stable,dominant_stable,-0.0067,0.0200,-0.0133,persisted
rr_interval_4002_first_50000_001,75,100,33526,33600,33501,33600,1.0000,stable,stable,dominant_stable,dominant_stable,-0.0033,0.0033,0.0000,persisted
rr_interval_4002_first_50000_001,75,100,33601,33675,33601,33700,1.0000,stable,stable,dominant_stable,dominant_stable,0.0000,0.0000,0.0000,persisted
rr_interval_4002_first_50000_001,75,100,33676,33750,33701,33800,0.6667,stable,stable,dominant_stable,dominant_stable,-0.0267,0.0200,0.0067,persisted
rr_interval_4002_first_50000_001,75,100,33751,33825,33701,33800,0.6667,stable,stable,dominant_stable,dominant_stable,0.0400,-0.0600,0.0200,persisted
rr_interval_4002_first_50000_001,75,100,33826,33900,33801,33900,1.0000,stable,stable,dominant_stable,dominant_stable,0.0400,-0.0400,0.0000,persisted
rr_interval_4002_first_50000_001,75,100,33901,33975,33901,34000,1.0000,stable,stable,dominant_stable,dominant_stable,0.0400,-0.0400,0.0000,persisted
rr_interval_4002_first_50000_001,75,100,33976,34050,34001,34100,0.6667,stable,stable,dominant_stable,dominant_stable,0.0000,0.0000,0.0000,persisted
rr_interval_4002_first_50000_001,75,100,34051,34125,34001,34100,0.6667,stable,stable,dominant_stable,dominant_stable,0.0400,-0.0400,0.0000,persisted
rr_interval_4002_first_50000_001,75,100,34126,34200,34101,34200,1.0000,stable,stable,dominant_stable,dominant_stable,-0.0167,0.0300,-0.0133,persisted
rr_interval_4002_first_50000_001,75,100,34201,34275,34201,34300,1.0000,stable,stable,dominant_stable,dominant_stable,0.0300,-0.0167,-0.0133,persisted
rr_interval_4002_first_50000_001,75,100,34276,34350,34301,34400,0.6667,stable,stable,dominant_stable,dominant_stable,0.0233,-0.0200,-0.0033,persisted
rr_interval_4002_first_50000_001,75,100,34351,34425,34301,34400,0.6667,stable,stable,dominant_stable,dominant_stable,-0.0300,0.0200,0.0100,persisted
rr_interval_4002_first_50000_001,75,100,34426,34500,34401,34500,1.0000,stable,stable,dominant_stable,dominant_stable,0.0400,-0.0400,0.0000,persisted
rr_interval_4002_first_50000_001,75,100,34501,34575,34501,34600,1.0000,stable,stable,dominant_stable,dominant_stable,0.0133,-0.0133,0.0000,persisted
rr_interval_4002_first_50000_001,75,100,34576,34650,34601,34700,0.6667,stable,stable,dominant_stable,dominant_stable,0.0133,0.0000,-0.0133,persisted
rr_interval_4002_first_50000_001,75,100,34651,34725,34601,34700,0.6667,stable,stable,dominant_stable,dominant_stable,0.0000,0.0000,0.0000,persisted
rr_interval_4002_first_50000_001,75,100,34726,34800,34701,34800,1.0000,stable,stable,dominant_stable,dominant_stable,0.0067,-0.0067,0.0000,persisted
rr_interval_4002_first_50000_001,75,100,34801,34875,34801,34900,1.0000,stable,stable,dominant_stable,dominant_stable,0.0033,0.0000,-0.0033,persisted
rr_interval_4002_first_50000_001,75,100,34876,34950,34901,35000,0.6667,stable,stable,dominant_stable,dominant_stable,0.0100,0.0033,-0.0133,persisted
rr_interval_4002_first_50000_001,75,100,34951,35025,34901,35000,0.6667,stable,stable,dominant_stable,dominant_stable,-0.0300,0.0300,0.0000,persisted
rr_interval_4002_first_50000_001,75,100,35026,35100,35001,35100,1.0000,stable,stable,dominant_stable,dominant_stable,0.0033,0.0000,-0.0033,persisted
rr_interval_4002_first_50000_001,75,100,35101,35175,35101,35200,1.0000,stable,stable,dominant_stable,dominant_stable,0.0000,0.0000,0.0000,persisted
rr_interval_4002_first_50000_001,75,100,35176,35250,35201,35300,0.6667,stable,stable,dominant_stable,dominant_stable,0.0000,0.0000,0.0000,persisted
rr_interval_4002_first_50000_001,75,100,35251,35325,35201,35300,0.6667,stable,stable,dominant_stable,dominant_stable,0.0267,-0.0267,0.0000,persisted
rr_interval_4002_first_50000_001,75,100,35326,35400,35301,35400,1.0000,stable,stable,dominant_stable,dominant_stable,0.0400,-0.0400,0.0000,persisted
rr_interval_4002_first_50000_001,75,100,35401,35475,35401,35500,1.0000,stable,stable,dominant_stable,dominant_stable,0.0333,-0.0200,-0.0133,persisted
rr_interval_4002_first_50000_001,75,100,35476,35550,35501,35600,0.6667,stable,stable,dominant_stable,dominant_stable,0.0433,-0.0400,-0.0033,persisted
rr_interval_4002_first_50000_001,75,100,35551,35625,35501,35600,0.6667,stable,stable,dominant_stable,dominant_stable,0.0033,0.0000,-0.0033,persisted
rr_interval_4002_first_50000_001,75,100,35626,35700,35601,35700,1.0000,stable,stable,dominant_stable,dominant_stable,0.0067,-0.0067,0.0000,persisted
rr_interval_4002_first_50000_001,75,100,35701,35775,35701,35800,1.0000,stable,stable,dominant_stable,dominant_stable,-0.0133,0.0033,0.0100,persisted
rr_interval_4002_first_50000_001,75,100,35776,35850,35801,35900,0.6667,stable,stable,dominant_stable,dominant_stable,0.0433,-0.0400,-0.0033,persisted
rr_interval_4002_first_50000_001,75,100,35851,35925,35801,35900,0.6667,stable,stable,dominant_stable,dominant_stable,-0.0100,0.0000,0.0100,persisted
rr_interval_4002_first_50000_001,75,100,35926,36000,35901,36000,1.0000,stable,stable,dominant_stable,dominant_stable,0.0000,0.0000,0.0000,persisted
rr_interval_4002_first_50000_001,75,100,36001,36075,36001,36100,1.0000,stable,stable,dominant_stable,dominant_stable,0.0100,-0.0067,-0.0033,persisted
rr_interval_4002_first_50000_001,75,100,36076,36150,36101,36200,0.6667,stable,stable,dominant_stable,dominant_stable,0.0167,0.0000,-0.0167,persisted
rr_interval_4002_first_50000_001,75,100,36151,36225,36101,36200,0.6667,stable,stable,dominant_stable,dominant_stable,0.0033,0.0000,-0.0033,persisted
rr_interval_4002_first_50000_001,75,100,36226,36300,36201,36300,1.0000,stable,stable,dominant_stable,dominant_stable,0.0033,0.0000,-0.0033,persisted
rr_interval_4002_first_50000_001,75,100,36301,36375,36301,36400,1.0000,stable,stable,dominant_stable,dominant_stable,0.0000,0.0033,-0.0033,persisted
rr_interval_4002_first_50000_001,75,100,36376,36450,36401,36500,0.6667,stable,stable,dominant_stable,dominant_stable,0.0633,-0.0633,0.0000,persisted
rr_interval_4002_first_50000_001,75,100,36451,36525,36401,36500,0.6667,stable,stable,dominant_stable,dominant_stable,-0.0033,0.0033,0.0000,persisted
rr_interval_4002_first_50000_001,75,100,36526,36600,36501,36600,1.0000,stable,stable,dominant_stable,dominant_stable,0.0033,0.0000,-0.0033,persisted
rr_interval_4002_first_50000_001,75,100,36601,36675,36601,36700,1.0000,stable,stable,dominant_stable,dominant_stable,0.0300,-0.0267,-0.0033,persisted
rr_interval_4002_first_50000_001,75,100,36676,36750,36701,36800,0.6667,stable,stable,dominant_stable,dominant_stable,0.1033,-0.1033,0.0000,persisted
rr_interval_4002_first_50000_001,75,100,36751,36825,36701,36800,0.6667,stable,stable,dominant_stable,dominant_stable,-0.0300,0.0300,0.0000,persisted
rr_interval_4002_first_50000_001,75,100,36826,36900,36801,36900,1.0000,stable,stable,dominant_stable,dominant_stable,0.0500,-0.0500,0.0000,persisted
rr_interval_4002_first_50000_001,75,100,36901,36975,36901,37000,1.0000,stable,stable,dominant_stable,dominant_stable,0.0267,-0.0267,0.0000,persisted
rr_interval_4002_first_50000_001,75,100,36976,37050,37001,37100,0.6667,stable,stable,dominant_stable,dominant_stable,0.0000,0.0000,0.0000,persisted
rr_interval_4002_first_50000_001,75,100,37051,37125,37001,37100,0.6667,stable,stable,dominant_stable,dominant_stable,-0.0133,0.0133,0.0000,persisted
rr_interval_4002_first_50000_001,75,100,37126,37200,37101,37200,1.0000,stable,stable,dominant_stable,dominant_stable,0.0200,-0.0167,-0.0033,persisted
rr_interval_4002_first_50000_001,75,100,37201,37275,37201,37300,1.0000,stable,stable,dominant_stable,dominant_stable,0.0133,0.0000,-0.0133,persisted
rr_interval_4002_first_50000_001,75,100,37276,37350,37301,37400,0.6667,stable,stable,dominant_stable,dominant_stable,0.0000,0.0000,0.0000,persisted
rr_interval_4002_first_50000_001,75,100,37351,37425,37301,37400,0.6667,stable,stable,dominant_stable,dominant_stable,0.0400,-0.0400,0.0000,persisted
rr_interval_4002_first_50000_001,75,100,37426,37500,37401,37500,1.0000,stable,stable,dominant_stable,dominant_stable,0.0400,-0.0400,0.0000,persisted
rr_interval_4002_first_50000_001,75,100,37501,37575,37501,37600,1.0000,stable,stable,dominant_stable,dominant_stable,-0.0133,0.0200,-0.0067,persisted
rr_interval_4002_first_50000_001,75,100,37576,37650,37601,37700,0.6667,stable,stable,dominant_stable,dominant_stable,0.0333,-0.0200,-0.0133,persisted
rr_interval_4002_first_50000_001,75,100,37651,37725,37601,37700,0.6667,stable,stable,dominant_stable,dominant_stable,-0.0200,0.0200,0.0000,persisted
rr_interval_4002_first_50000_001,75,100,37726,37800,37701,37800,1.0000,stable,stable,dominant_stable,dominant_stable,0.0833,-0.0800,-0.0033,persisted
rr_interval_4002_first_50000_001,75,100,37801,37875,37801,37900,1.0000,stable,stable,dominant_stable,dominant_stable,-0.0233,0.0400,-0.0167,persisted
rr_interval_4002_first_50000_001,75,100,37876,37950,37901,38000,0.6667,stable,stable,dominant_stable,dominant_stable,0.0067,-0.0167,0.0100,persisted
rr_interval_4002_first_50000_001,75,100,37951,38025,37901,38000,0.6667,stable,stable,dominant_stable,dominant_stable,-0.0600,0.0500,0.0100,persisted
rr_interval_4002_first_50000_001,75,100,38026,38100,38001,38100,1.0000,stable,stable,dominant_stable,dominant_stable,0.0067,-0.0067,0.0000,persisted
rr_interval_4002_first_50000_001,75,100,38101,38175,38101,38200,1.0000,stable,stable,dominant_stable,dominant_stable,0.0000,0.0000,0.0000,persisted
rr_interval_4002_first_50000_001,75,100,38176,38250,38201,38300,0.6667,stable,stable,dominant_stable,dominant_stable,0.0033,0.0033,-0.0067,persisted
rr_interval_4002_first_50000_001,75,100,38251,38325,38201,38300,0.6667,stable,stable,dominant_stable,dominant_stable,-0.0233,0.0033,0.0200,persisted
rr_interval_4002_first_50000_001,75,100,38326,38400,38301,38400,1.0000,stable,stable,dominant_stable,dominant_stable,0.0300,-0.0300,0.0000,persisted
rr_interval_4002_first_50000_001,75,100,38401,38475,38401,38500,1.0000,stable,stable,dominant_stable,dominant_stable,0.0100,-0.0100,0.0000,persisted
rr_interval_4002_first_50000_001,75,100,38476,38550,38501,38600,0.6667,stable,stable,dominant_stable,dominant_stable,0.0067,-0.0167,0.0100,persisted
rr_interval_4002_first_50000_001,75,100,38551,38625,38501,38600,0.6667,stable,stable,dominant_stable,dominant_stable,-0.0600,0.0500,0.0100,persisted
rr_interval_4002_first_50000_001,75,100,38626,38700,38601,38700,1.0000,stable,stable,dominant_stable,dominant_stable,0.0233,-0.0100,-0.0133,persisted
rr_interval_4002_first_50000_001,75,100,38701,38775,38701,38800,1.0000,stable,stable,dominant_stable,dominant_stable,0.0100,-0.0100,0.0000,persisted
rr_interval_4002_first_50000_001,75,100,38776,38850,38801,38900,0.6667,stable,stable,dominant_stable,dominant_stable,0.0333,-0.0200,-0.0133,persisted
rr_interval_4002_first_50000_001,75,100,38851,38925,38801,38900,0.6667,stable,stable,dominant_stable,dominant_stable,0.0067,-0.0067,0.0000,persisted
rr_interval_4002_first_50000_001,75,100,38926,39000,38901,39000,1.0000,stable,stable,dominant_stable,dominant_stable,0.0100,-0.0100,0.0000,persisted
rr_interval_4002_first_50000_001,75,100,39001,39075,39001,39100,1.0000,stable,stable,dominant_stable,dominant_stable,0.0133,0.0000,-0.0133,persisted
rr_interval_4002_first_50000_001,75,100,39076,39150,39101,39200,0.6667,stable,stable,dominant_stable,dominant_stable,-0.0367,0.0500,-0.0133,persisted
rr_interval_4002_first_50000_001,75,100,39151,39225,39101,39200,0.6667,stable,stable,dominant_stable,dominant_stable,-0.0500,0.0500,0.0000,persisted
rr_interval_4002_first_50000_001,75,100,39226,39300,39201,39300,1.0000,stable,stable,dominant_stable,dominant_stable,0.0000,0.0000,0.0000,persisted
rr_interval_4002_first_50000_001,75,100,39301,39375,39301,39400,1.0000,stable,stable,dominant_stable,dominant_stable,0.0000,0.0000,0.0000,persisted
rr_interval_4002_first_50000_001,75,100,39376,39450,39401,39500,0.6667,stable,stable,dominant_stable,dominant_stable,-0.0033,-0.0067,0.0100,persisted
rr_interval_4002_first_50000_001,75,100,39451,39525,39401,39500,0.6667,stable,stable,dominant_stable,dominant_stable,0.0100,-0.0200,0.0100,persisted
rr_interval_4002_first_50000_001,75,100,39526,39600,39501,39600,1.0000,stable,stable,dominant_stable,dominant_stable,0.0133,-0.0100,-0.0033,persisted
rr_interval_4002_first_50000_001,75,100,39601,39675,39601,39700,1.0000,stable,stable,dominant_stable,dominant_stable,0.0133,-0.0100,-0.0033,persisted
rr_interval_4002_first_50000_001,75,100,39676,39750,39701,39800,0.6667,stable,stable,dominant_stable,dominant_stable,-0.0100,0.0000,0.0100,persisted
rr_interval_4002_first_50000_001,75,100,39751,39825,39701,39800,0.6667,stable,stable,dominant_stable,dominant_stable,0.0967,-0.0800,-0.0167,persisted
rr_interval_4002_first_50000_001,75,100,39826,39900,39801,39900,1.0000,stable,stable,dominant_stable,dominant_stable,0.0033,0.0000,-0.0033,persisted
rr_interval_4002_first_50000_001,75,100,39901,39975,39901,40000,1.0000,stable,stable,dominant_stable,dominant_stable,0.0067,-0.0067,0.0000,persisted
rr_interval_4002_first_50000_001,75,100,39976,40050,40001,40100,0.6667,stable,stable,dominant_stable,dominant_stable,0.0300,-0.0400,0.0100,persisted
rr_interval_4002_first_50000_001,75,100,40051,40125,40001,40100,0.6667,stable,stable,dominant_stable,dominant_stable,0.0567,-0.0400,-0.0167,persisted
rr_interval_4002_first_50000_001,75,100,40126,40200,40101,40200,1.0000,stable,stable,dominant_stable,dominant_stable,-0.0200,0.0000,0.0200,persisted
rr_interval_4002_first_50000_001,75,100,40201,40275,40201,40300,1.0000,stable,stable,dominant_stable,dominant_stable,0.0167,-0.0167,0.0000,persisted
rr_interval_4002_first_50000_001,75,100,40276,40350,40301,40400,0.6667,stable,stable,dominant_stable,dominant_stable,-0.0700,0.0600,0.0100,persisted
rr_interval_4002_first_50000_001,75,100,40351,40425,40301,40400,0.6667,stable,stable,dominant_stable,dominant_stable,0.0233,-0.0200,-0.0033,persisted
rr_interval_4002_first_50000_001,75,100,40426,40500,40401,40500,1.0000,stable,stable,dominant_stable,dominant_stable,-0.0567,0.0600,-0.0033,persisted
rr_interval_4002_first_50000_001,75,100,40501,40575,40501,40600,1.0000,stable,stable,dominant_stable,dominant_stable,-0.0067,0.0200,-0.0133,persisted
rr_interval_4002_first_50000_001,75,100,40576,40650,40601,40700,0.6667,stable,stable,dominant_stable,dominant_stable,-0.0167,0.0300,-0.0133,persisted
rr_interval_4002_first_50000_001,75,100,40651,40725,40601,40700,0.6667,stable,stable,dominant_stable,dominant_stable,-0.0167,0.0300,-0.0133,persisted
rr_interval_4002_first_50000_001,75,100,40726,40800,40701,40800,1.0000,stable,stable,dominant_stable,dominant_stable,-0.0033,0.0033,0.0000,persisted
rr_interval_4002_first_50000_001,75,100,40801,40875,40801,40900,1.0000,stable,stable,dominant_stable,dominant_stable,0.0100,-0.0067,-0.0033,persisted
rr_interval_4002_first_50000_001,75,100,40876,40950,40901,41000,0.6667,stable,stable,dominant_stable,dominant_stable,0.0200,-0.0200,0.0000,persisted
rr_interval_4002_first_50000_001,75,100,40951,41025,40901,41000,0.6667,stable,stable,dominant_stable,dominant_stable,-0.0067,0.0200,-0.0133,persisted
rr_interval_4002_first_50000_001,75,100,41026,41100,41001,41100,1.0000,stable,stable,dominant_stable,dominant_stable,0.0000,0.0000,0.0000,persisted
rr_interval_4002_first_50000_001,75,100,41101,41175,41101,41200,1.0000,stable,stable,dominant_stable,dominant_stable,-0.0200,0.0200,0.0000,persisted
rr_interval_4002_first_50000_001,75,100,41176,41250,41201,41300,0.6667,stable,stable,dominant_stable,dominant_stable,0.0067,-0.0067,0.0000,persisted
rr_interval_4002_first_50000_001,75,100,41251,41325,41201,41300,0.6667,stable,stable,dominant_stable,dominant_stable,0.0067,-0.0067,0.0000,persisted
rr_interval_4002_first_50000_001,75,100,41326,41400,41301,41400,1.0000,stable,stable,dominant_stable,dominant_stable,0.0100,-0.0100,0.0000,persisted
rr_interval_4002_first_50000_001,75,100,41401,41475,41401,41500,1.0000,stable,stable,dominant_stable,dominant_stable,0.0067,-0.0067,0.0000,persisted
rr_interval_4002_first_50000_001,75,100,41476,41550,41501,41600,0.6667,stable,stable,dominant_stable,dominant_stable,0.0033,0.0000,-0.0033,persisted
rr_interval_4002_first_50000_001,75,100,41551,41625,41501,41600,0.6667,stable,stable,dominant_stable,dominant_stable,-0.0100,0.0000,0.0100,persisted
rr_interval_4002_first_50000_001,75,100,41626,41700,41601,41700,1.0000,stable,stable,dominant_stable,dominant_stable,0.0100,-0.0067,-0.0033,persisted
rr_interval_4002_first_50000_001,75,100,41701,41775,41701,41800,1.0000,stable,stable,dominant_stable,dominant_stable,-0.0033,0.0200,-0.0167,persisted
rr_interval_4002_first_50000_001,75,100,41776,41850,41801,41900,0.6667,stable,stable,dominant_stable,dominant_stable,0.0067,-0.0067,0.0000,persisted
rr_interval_4002_first_50000_001,75,100,41851,41925,41801,41900,0.6667,stable,stable,dominant_stable,dominant_stable,0.0067,-0.0067,0.0000,persisted
rr_interval_4002_first_50000_001,75,100,41926,42000,41901,42000,1.0000,stable,stable,dominant_stable,dominant_stable,0.0000,0.0000,0.0000,persisted
rr_interval_4002_first_50000_001,75,100,42001,42075,42001,42100,1.0000,stable,stable,dominant_stable,dominant_stable,0.0200,-0.0400,0.0200,persisted
rr_interval_4002_first_50000_001,75,100,42076,42150,42101,42200,0.6667,stable,stable,dominant_stable,dominant_stable,-0.0233,0.0500,-0.0267,persisted
rr_interval_4002_first_50000_001,75,100,42151,42225,42101,42200,0.6667,stable,stable,dominant_stable,dominant_stable,-0.0367,0.0500,-0.0133,persisted
rr_interval_4002_first_50000_001,75,100,42226,42300,42201,42300,1.0000,stable,stable,dominant_stable,dominant_stable,-0.0033,0.0200,-0.0167,persisted
rr_interval_4002_first_50000_001,75,100,42301,42375,42301,42400,1.0000,stable,stable,dominant_stable,dominant_stable,0.0700,-0.0667,-0.0033,persisted
rr_interval_4002_first_50000_001,75,100,42376,42450,42401,42500,0.6667,stable,stable,dominant_stable,dominant_stable,0.0000,0.0000,0.0000,persisted
rr_interval_4002_first_50000_001,75,100,42451,42525,42401,42500,0.6667,stable,stable,dominant_stable,dominant_stable,0.0000,0.0000,0.0000,persisted
rr_interval_4002_first_50000_001,75,100,42526,42600,42501,42600,1.0000,stable,stable,dominant_stable,dominant_stable,-0.0600,0.0600,0.0000,persisted
rr_interval_4002_first_50000_001,75,100,42601,42675,42601,42700,1.0000,stable,stable,dominant_stable,dominant_stable,0.0133,-0.0100,-0.0033,persisted
rr_interval_4002_first_50000_001,75,100,42676,42750,42701,42800,0.6667,stable,stable,dominant_stable,dominant_stable,0.0000,0.0000,0.0000,persisted
rr_interval_4002_first_50000_001,75,100,42751,42825,42701,42800,0.6667,stable,stable,dominant_stable,dominant_stable,0.0000,0.0000,0.0000,persisted
rr_interval_4002_first_50000_001,75,100,42826,42900,42801,42900,1.0000,stable,stable,dominant_stable,dominant_stable,0.0100,-0.0067,-0.0033,persisted
rr_interval_4002_first_50000_001,75,100,42901,42975,42901,43000,1.0000,stable,stable,dominant_stable,dominant_stable,0.0033,0.0000,-0.0033,persisted
rr_interval_4002_first_50000_001,75,100,42976,43050,43001,43100,0.6667,stable,stable,dominant_stable,dominant_stable,0.0000,0.0000,0.0000,persisted
rr_interval_4002_first_50000_001,75,100,43051,43125,43001,43100,0.6667,stable,stable,dominant_stable,dominant_stable,0.0267,0.0000,-0.0267,persisted
rr_interval_4002_first_50000_001,75,100,43126,43200,43101,43200,1.0000,stable,stable,dominant_stable,dominant_stable,0.0367,-0.0367,0.0000,persisted
rr_interval_4002_first_50000_001,75,100,43201,43275,43201,43300,1.0000,stable,stable,dominant_stable,dominant_stable,0.0100,-0.0100,0.0000,persisted
rr_interval_4002_first_50000_001,75,100,43276,43350,43301,43400,0.6667,stable,stable,dominant_stable,dominant_stable,0.0333,-0.0200,-0.0133,persisted
rr_interval_4002_first_50000_001,75,100,43351,43425,43301,43400,0.6667,stable,stable,dominant_stable,dominant_stable,0.0067,0.0200,-0.0267,persisted
rr_interval_4002_first_50000_001,75,100,43426,43500,43401,43500,1.0000,stable,stable,dominant_stable,dominant_stable,0.0000,0.0000,0.0000,persisted
rr_interval_4002_first_50000_001,75,100,43501,43575,43501,43600,1.0000,stable,stable,dominant_stable,dominant_stable,0.0400,-0.0367,-0.0033,persisted
rr_interval_4002_first_50000_001,75,100,43576,43650,43601,43700,0.6667,stable,stable,dominant_stable,dominant_stable,0.0133,-0.0067,-0.0067,persisted
rr_interval_4002_first_50000_001,75,100,43651,43725,43601,43700,0.6667,stable,stable,dominant_stable,dominant_stable,0.0133,-0.0200,0.0067,persisted
rr_interval_4002_first_50000_001,75,100,43726,43800,43701,43800,1.0000,stable,stable,dominant_stable,dominant_stable,0.0033,0.0000,-0.0033,persisted
rr_interval_4002_first_50000_001,75,100,43801,43875,43801,43900,1.0000,stable,stable,dominant_stable,dominant_stable,0.0000,0.0000,0.0000,persisted
rr_interval_4002_first_50000_001,75,100,43876,43950,43901,44000,0.6667,stable,stable,dominant_stable,dominant_stable,0.0000,0.0000,0.0000,persisted
rr_interval_4002_first_50000_001,75,100,43951,44025,43901,44000,0.6667,stable,stable,dominant_stable,dominant_stable,0.0267,0.0000,-0.0267,persisted
rr_interval_4002_first_50000_001,75,100,44026,44100,44001,44100,1.0000,stable,stable,dominant_stable,dominant_stable,0.0000,0.0000,0.0000,persisted
rr_interval_4002_first_50000_001,75,100,44101,44175,44101,44200,1.0000,stable,stable,dominant_stable,dominant_stable,0.0033,0.0000,-0.0033,persisted
rr_interval_4002_first_50000_001,75,100,44176,44250,44201,44300,0.6667,stable,stable,dominant_stable,dominant_stable,0.0467,-0.0400,-0.0067,persisted
rr_interval_4002_first_50000_001,75,100,44251,44325,44201,44300,0.6667,stable,stable,dominant_stable,dominant_stable,0.0467,-0.0667,0.0200,persisted
rr_interval_4002_first_50000_001,75,100,44326,44400,44301,44400,1.0000,stable,stable,dominant_stable,dominant_stable,0.0000,0.0000,0.0000,persisted
rr_interval_4002_first_50000_001,75,100,44401,44475,44401,44500,1.0000,stable,stable,dominant_stable,dominant_stable,0.0267,-0.0267,0.0000,persisted
rr_interval_4002_first_50000_001,75,100,44476,44550,44501,44600,0.6667,stable,stable,dominant_stable,dominant_stable,0.0267,-0.0267,0.0000,persisted
rr_interval_4002_first_50000_001,75,100,44551,44625,44501,44600,0.6667,stable,stable,dominant_stable,dominant_stable,0.0800,-0.0667,-0.0133,persisted
rr_interval_4002_first_50000_001,75,100,44626,44700,44601,44700,1.0000,stable,stable,dominant_stable,dominant_stable,-0.0367,0.0200,0.0167,persisted
rr_interval_4002_first_50000_001,75,100,44701,44775,44701,44800,1.0000,stable,stable,dominant_stable,dominant_stable,-0.0167,0.0300,-0.0133,persisted
rr_interval_4002_first_50000_001,75,100,44776,44850,44801,44900,0.6667,stable,stable,dominant_stable,dominant_stable,0.0933,-0.0800,-0.0133,persisted
rr_interval_4002_first_50000_001,75,100,44851,44925,44801,44900,0.6667,stable,stable,dominant_stable,dominant_stable,0.0267,0.0000,-0.0267,persisted
rr_interval_4002_first_50000_001,75,100,44926,45000,44901,45000,1.0000,stable,stable,dominant_stable,dominant_stable,0.0233,-0.0067,-0.0167,persisted
rr_interval_4002_first_50000_001,75,100,45001,45075,45001,45100,1.0000,stable,stable,dominant_stable,dominant_stable,-0.0233,0.0400,-0.0167,persisted
rr_interval_4002_first_50000_001,75,100,45076,45150,45101,45200,0.6667,stable,stable,dominant_stable,dominant_stable,0.0267,-0.0267,0.0000,persisted
rr_interval_4002_first_50000_001,75,100,45151,45225,45101,45200,0.6667,stable,stable,dominant_stable,dominant_stable,0.0400,-0.0400,0.0000,persisted
rr_interval_4002_first_50000_001,75,100,45226,45300,45201,45300,1.0000,stable,stable,dominant_stable,dominant_stable,0.0133,-0.0100,-0.0033,persisted
rr_interval_4002_first_50000_001,75,100,45301,45375,45301,45400,1.0000,stable,stable,dominant_stable,dominant_stable,0.0267,-0.0267,0.0000,persisted
rr_interval_4002_first_50000_001,75,100,45376,45450,45401,45500,0.6667,stable,stable,dominant_stable,dominant_stable,0.0400,-0.0400,0.0000,persisted
rr_interval_4002_first_50000_001,75,100,45451,45525,45401,45500,0.6667,stable,stable,dominant_stable,dominant_stable,0.0400,-0.0400,0.0000,persisted
rr_interval_4002_first_50000_001,75,100,45526,45600,45501,45600,1.0000,stable,stable,dominant_stable,dominant_stable,-0.0500,0.0500,0.0000,persisted
rr_interval_4002_first_50000_001,75,100,45601,45675,45601,45700,1.0000,stable,stable,dominant_stable,dominant_stable,0.0300,-0.0267,-0.0033,persisted
rr_interval_4002_first_50000_001,75,100,45676,45750,45701,45800,0.6667,stable,stable,dominant_stable,dominant_stable,0.0133,0.0000,-0.0133,persisted
rr_interval_4002_first_50000_001,75,100,45751,45825,45701,45800,0.6667,stable,stable,dominant_stable,dominant_stable,0.0000,0.0000,0.0000,persisted
rr_interval_4002_first_50000_001,75,100,45826,45900,45801,45900,1.0000,stable,stable,dominant_stable,dominant_stable,0.0000,0.0000,0.0000,persisted
rr_interval_4002_first_50000_001,75,100,45901,45975,45901,46000,1.0000,stable,stable,dominant_stable,dominant_stable,0.0333,-0.0400,0.0067,persisted
rr_interval_4002_first_50000_001,75,100,45976,46050,46001,46100,0.6667,stable,stable,dominant_stable,dominant_stable,0.0233,0.0033,-0.0267,persisted
rr_interval_4002_first_50000_001,75,100,46051,46125,46001,46100,0.6667,stable,stable,dominant_stable,dominant_stable,0.0100,-0.0100,0.0000,persisted
rr_interval_4002_first_50000_001,75,100,46126,46200,46101,46200,1.0000,stable,stable,dominant_stable,dominant_stable,0.0467,-0.0467,0.0000,persisted
rr_interval_4002_first_50000_001,75,100,46201,46275,46201,46300,1.0000,stable,stable,dominant_stable,dominant_stable,0.0200,-0.0200,0.0000,persisted
rr_interval_4002_first_50000_001,75,100,46276,46350,46301,46400,0.6667,stable,stable,dominant_stable,dominant_stable,-0.0100,0.0000,0.0100,persisted
rr_interval_4002_first_50000_001,75,100,46351,46425,46301,46400,0.6667,stable,stable,dominant_stable,dominant_stable,0.0033,0.0000,-0.0033,persisted
rr_interval_4002_first_50000_001,75,100,46426,46500,46401,46500,1.0000,stable,stable,dominant_stable,dominant_stable,-0.0067,0.0200,-0.0133,persisted
rr_interval_4002_first_50000_001,75,100,46501,46575,46501,46600,1.0000,stable,stable,dominant_stable,dominant_stable,0.0267,-0.0267,0.0000,persisted
rr_interval_4002_first_50000_001,75,100,46576,46650,46601,46700,0.6667,stable,stable,dominant_stable,dominant_stable,-0.0133,0.0133,0.0000,persisted
rr_interval_4002_first_50000_001,75,100,46651,46725,46601,46700,0.6667,stable,stable,dominant_stable,dominant_stable,0.0667,-0.0533,-0.0133,persisted
rr_interval_4002_first_50000_001,75,100,46726,46800,46701,46800,1.0000,stable,stable,dominant_stable,dominant_stable,0.0200,-0.0167,-0.0033,persisted
rr_interval_4002_first_50000_001,75,100,46801,46875,46801,46900,1.0000,stable,stable,dominant_stable,dominant_stable,0.0067,-0.0067,0.0000,persisted
rr_interval_4002_first_50000_001,75,100,46876,46950,46901,47000,0.6667,stable,stable,dominant_stable,dominant_stable,0.0533,-0.0400,-0.0133,persisted
rr_interval_4002_first_50000_001,75,100,46951,47025,46901,47000,0.6667,stable,stable,dominant_stable,dominant_stable,0.0400,-0.0400,0.0000,persisted
rr_interval_4002_first_50000_001,75,100,47026,47100,47001,47100,1.0000,stable,stable,dominant_stable,dominant_stable,0.0067,-0.0067,0.0000,persisted
rr_interval_4002_first_50000_001,75,100,47101,47175,47101,47200,1.0000,stable,stable,dominant_stable,dominant_stable,0.0200,-0.0167,-0.0033,persisted
rr_interval_4002_first_50000_001,75,100,47176,47250,47201,47300,0.6667,stable,stable,dominant_stable,dominant_stable,0.0667,-0.0667,0.0000,persisted
rr_interval_4002_first_50000_001,75,100,47251,47325,47201,47300,0.6667,stable,stable,dominant_stable,dominant_stable,0.0000,0.0000,0.0000,persisted
rr_interval_4002_first_50000_001,75,100,47326,47400,47301,47400,1.0000,stable,stable,dominant_stable,dominant_stable,0.0033,0.0000,-0.0033,persisted
rr_interval_4002_first_50000_001,75,100,47401,47475,47401,47500,1.0000,stable,stable,dominant_stable,dominant_stable,-0.0400,0.0300,0.0100,persisted
rr_interval_4002_first_50000_001,75,100,47476,47550,47501,47600,0.6667,stable,stable,dominant_stable,dominant_stable,-0.0300,0.0300,0.0000,persisted
rr_interval_4002_first_50000_001,75,100,47551,47625,47501,47600,0.6667,stable,stable,dominant_stable,dominant_stable,-0.0300,0.0300,0.0000,persisted
rr_interval_4002_first_50000_001,75,100,47626,47700,47601,47700,1.0000,stable,stable,dominant_stable,dominant_stable,0.0000,0.0033,-0.0033,persisted
rr_interval_4002_first_50000_001,75,100,47701,47775,47701,47800,1.0000,stable,stable,dominant_stable,dominant_stable,-0.0100,0.0000,0.0100,persisted
rr_interval_4002_first_50000_001,75,100,47776,47850,47801,47900,0.6667,stable,stable,dominant_stable,dominant_stable,0.0133,-0.0100,-0.0033,persisted
rr_interval_4002_first_50000_001,75,100,47851,47925,47801,47900,0.6667,stable,stable,dominant_stable,dominant_stable,0.0400,-0.0367,-0.0033,persisted
rr_interval_4002_first_50000_001,75,100,47926,48000,47901,48000,1.0000,stable,stable,dominant_stable,dominant_stable,0.0000,0.0000,0.0000,persisted
rr_interval_4002_first_50000_001,75,100,48001,48075,48001,48100,1.0000,stable,stable,dominant_stable,dominant_stable,0.0800,-0.0800,0.0000,persisted
rr_interval_4002_first_50000_001,75,100,48076,48150,48101,48200,0.6667,stable,stable,dominant_stable,dominant_stable,-0.0300,0.0300,0.0000,persisted
rr_interval_4002_first_50000_001,75,100,48151,48225,48101,48200,0.6667,stable,stable,dominant_stable,dominant_stable,0.0233,-0.0100,-0.0133,persisted
rr_interval_4002_first_50000_001,75,100,48226,48300,48201,48300,1.0000,stable,stable,dominant_stable,dominant_stable,-0.0033,0.0033,0.0000,persisted
rr_interval_4002_first_50000_001,75,100,48301,48375,48301,48400,1.0000,stable,stable,dominant_stable,dominant_stable,-0.0100,0.0000,0.0100,persisted
rr_interval_4002_first_50000_001,75,100,48376,48450,48401,48500,0.6667,stable,stable,dominant_stable,dominant_stable,-0.0033,0.0033,0.0000,persisted
rr_interval_4002_first_50000_001,75,100,48451,48525,48401,48500,0.6667,stable,stable,dominant_stable,dominant_stable,0.0100,-0.0100,0.0000,persisted
rr_interval_4002_first_50000_001,75,100,48526,48600,48501,48600,1.0000,stable,stable,dominant_stable,dominant_stable,0.0067,-0.0033,-0.0033,persisted
rr_interval_4002_first_50000_001,75,100,48601,48675,48601,48700,1.0000,stable,stable,dominant_stable,dominant_stable,-0.0200,0.0200,0.0000,persisted
rr_interval_4002_first_50000_001,75,100,48676,48750,48701,48800,0.6667,stable,stable,dominant_stable,dominant_stable,0.0200,-0.0067,-0.0133,persisted
rr_interval_4002_first_50000_001,75,100,48751,48825,48701,48800,0.6667,stable,stable,dominant_stable,dominant_stable,0.0200,-0.0200,0.0000,persisted
rr_interval_4002_first_50000_001,75,100,48826,48900,48801,48900,1.0000,stable,stable,dominant_stable,dominant_stable,0.0100,-0.0067,-0.0033,persisted
rr_interval_4002_first_50000_001,75,100,48901,48975,48901,49000,1.0000,stable,stable,dominant_stable,dominant_stable,0.0033,0.0000,-0.0033,persisted
rr_interval_4002_first_50000_001,75,100,48976,49050,49001,49100,0.6667,stable,stable,dominant_stable,dominant_stable,0.0300,-0.0167,-0.0133,persisted
rr_interval_4002_first_50000_001,75,100,49051,49125,49001,49100,0.6667,stable,stable,dominant_stable,dominant_stable,-0.0100,0.0233,-0.0133,persisted
rr_interval_4002_first_50000_001,75,100,49126,49200,49101,49200,1.0000,stable,stable,dominant_stable,dominant_stable,0.1033,-0.0900,-0.0133,persisted
rr_interval_4002_first_50000_001,75,100,49201,49275,49201,49300,1.0000,stable,stable,dominant_stable,dominant_stable,0.0167,-0.0167,0.0000,persisted
rr_interval_4002_first_50000_001,75,100,49276,49350,49301,49400,0.6667,stable,stable,dominant_stable,dominant_stable,0.0133,0.0000,-0.0133,persisted
rr_interval_4002_first_50000_001,75,100,49351,49425,49301,49400,0.6667,stable,stable,dominant_stable,dominant_stable,0.0400,-0.0400,0.0000,persisted
rr_interval_4002_first_50000_001,75,100,49426,49500,49401,49500,1.0000,stable,stable,dominant_stable,dominant_stable,0.0067,-0.0067,0.0000,persisted
rr_interval_4002_first_50000_001,75,100,49501,49575,49501,49600,1.0000,stable,stable,dominant_stable,dominant_stable,-0.0200,0.0000,0.0200,persisted
rr_interval_4002_first_50000_001,75,100,49576,49650,49601,49700,0.6667,stable,stable,dominant_stable,dominant_stable,0.0267,0.0000,-0.0267,persisted
rr_interval_4002_first_50000_001,75,100,49651,49725,49601,49700,0.6667,stable,stable,dominant_stable,dominant_stable,0.0000,0.0000,0.0000,persisted
rr_interval_4002_first_50000_001,75,100,49726,49800,49701,49800,1.0000,stable,stable,dominant_stable,dominant_stable,0.0000,0.0000,0.0000,persisted
rr_interval_4002_first_50000_001,75,100,49801,49875,49801,49900,1.0000,stable,stable,dominant_stable,dominant_stable,0.0000,0.0000,0.0000,persisted
rr_interval_4002_first_50000_001,75,100,49876,49950,49901,50000,0.6667,stable,stable,dominant_stable,dominant_stable,-0.0600,0.0500,0.0100,persisted
rr_interval_4002_first_50000_001,75,100,49951,50000,49901,50000,1.0000,stable,stable,dominant_stable,dominant_stable,0.0600,-0.0500,-0.0100,persisted
rr_interval_4002_first_50000_001,100,125,1,100,1,125,1.0000,stable,stable,dominant_stable,dominant_stable,0.0120,-0.0100,-0.0020,persisted
rr_interval_4002_first_50000_001,100,125,101,200,126,250,0.7500,stable,stable,dominant_stable,dominant_stable,0.0020,0.0000,-0.0020,persisted
rr_interval_4002_first_50000_001,100,125,201,300,126,250,0.5000,stable,stable,dominant_stable,dominant_stable,-0.0080,0.0000,0.0080,persisted
rr_interval_4002_first_50000_001,100,125,301,400,251,375,0.7500,stable,stable,dominant_stable,dominant_stable,-0.0040,0.0240,-0.0200,persisted
rr_interval_4002_first_50000_001,100,125,401,500,376,500,1.0000,stable,stable,dominant_stable,dominant_stable,0.0220,-0.0300,0.0080,persisted
rr_interval_4002_first_50000_001,100,125,501,600,501,625,1.0000,stable,stable,dominant_stable,dominant_stable,0.0000,0.0000,0.0000,persisted
rr_interval_4002_first_50000_001,100,125,601,700,626,750,0.7500,stable,stable,dominant_stable,dominant_stable,0.0000,0.0000,0.0000,persisted
rr_interval_4002_first_50000_001,100,125,701,800,626,750,0.5000,stable,stable,dominant_stable,dominant_stable,0.0200,-0.0200,0.0000,persisted
rr_interval_4002_first_50000_001,100,125,801,900,751,875,0.7500,stable,stable,dominant_stable,dominant_stable,0.0440,-0.0340,-0.0100,persisted
rr_interval_4002_first_50000_001,100,125,901,1000,876,1000,1.0000,stable,stable,dominant_stable,dominant_stable,0.0300,-0.0300,0.0000,persisted
rr_interval_4002_first_50000_001,100,125,1001,1100,1001,1125,1.0000,stable,stable,dominant_stable,dominant_stable,0.0220,-0.0300,0.0080,persisted
rr_interval_4002_first_50000_001,100,125,1101,1200,1126,1250,0.7500,stable,stable,dominant_stable,dominant_stable,-0.0240,0.0240,0.0000,persisted
rr_interval_4002_first_50000_001,100,125,1201,1300,1126,1250,0.5000,stable,stable,dominant_stable,dominant_stable,0.0060,-0.0060,0.0000,persisted
rr_interval_4002_first_50000_001,100,125,1301,1400,1251,1375,0.7500,stable,stable,dominant_stable,dominant_stable,-0.0100,0.0200,-0.0100,persisted
rr_interval_4002_first_50000_001,100,125,1401,1500,1376,1500,1.0000,stable,stable,dominant_stable,dominant_stable,0.0020,0.0000,-0.0020,persisted
rr_interval_4002_first_50000_001,100,125,1501,1600,1501,1625,1.0000,stable,stable,dominant_stable,dominant_stable,0.0020,0.0000,-0.0020,persisted
rr_interval_4002_first_50000_001,100,125,1601,1700,1626,1750,0.7500,stable,stable,dominant_stable,dominant_stable,-0.0160,0.0160,0.0000,persisted
rr_interval_4002_first_50000_001,100,125,1701,1800,1626,1750,0.5000,stable,stable,dominant_stable,dominant_stable,0.0040,-0.0040,0.0000,persisted
rr_interval_4002_first_50000_001,100,125,1801,1900,1751,1875,0.7500,stable,stable,dominant_stable,dominant_stable,-0.0040,0.0040,0.0000,persisted
rr_interval_4002_first_50000_001,100,125,1901,2000,1876,2000,1.0000,stable,stable,dominant_stable,dominant_stable,0.0000,0.0000,0.0000,persisted
rr_interval_4002_first_50000_001,100,125,2001,2100,2001,2125,1.0000,stable,stable,dominant_stable,dominant_stable,-0.0320,0.0160,0.0160,persisted
rr_interval_4002_first_50000_001,100,125,2101,2200,2126,2250,0.7500,stable,stable,dominant_stable,dominant_stable,0.0000,-0.0160,0.0160,persisted
rr_interval_4002_first_50000_001,100,125,2201,2300,2126,2250,0.5000,stable,stable,dominant_stable,dominant_stable,-0.0300,0.0240,0.0060,persisted
rr_interval_4002_first_50000_001,100,125,2301,2400,2251,2375,0.7500,stable,stable,dominant_stable,dominant_stable,0.0060,-0.0060,0.0000,persisted
rr_interval_4002_first_50000_001,100,125,2401,2500,2376,2500,1.0000,stable,stable,dominant_stable,dominant_stable,0.0000,0.0000,0.0000,persisted
rr_interval_4002_first_50000_001,100,125,2501,2600,2501,2625,1.0000,stable,stable,dominant_stable,dominant_stable,0.0020,0.0000,-0.0020,persisted
rr_interval_4002_first_50000_001,100,125,2601,2700,2626,2750,0.7500,stable,stable,dominant_stable,dominant_stable,0.0040,-0.0040,0.0000,persisted
rr_interval_4002_first_50000_001,100,125,2701,2800,2626,2750,0.5000,stable,stable,dominant_stable,dominant_stable,-0.0160,0.0160,0.0000,persisted
rr_interval_4002_first_50000_001,100,125,2801,2900,2751,2875,0.7500,stable,stable,dominant_stable,dominant_stable,0.0020,0.0000,-0.0020,persisted
rr_interval_4002_first_50000_001,100,125,2901,3000,2876,3000,1.0000,stable,stable,dominant_stable,dominant_stable,0.0060,-0.0060,0.0000,persisted
rr_interval_4002_first_50000_001,100,125,3001,3100,3001,3125,1.0000,stable,stable,dominant_stable,dominant_stable,0.0020,-0.0020,0.0000,persisted
rr_interval_4002_first_50000_001,100,125,3101,3200,3126,3250,0.7500,stable,stable,dominant_stable,dominant_stable,0.0400,-0.0300,-0.0100,persisted
rr_interval_4002_first_50000_001,100,125,3201,3300,3126,3250,0.5000,stable,stable,dominant_stable,dominant_stable,0.0000,0.0000,0.0000,persisted
rr_interval_4002_first_50000_001,100,125,3301,3400,3251,3375,0.7500,stable,stable,dominant_stable,dominant_stable,0.0000,0.0000,0.0000,persisted
rr_interval_4002_first_50000_001,100,125,3401,3500,3376,3500,1.0000,stable,stable,dominant_stable,dominant_stable,0.0020,0.0000,-0.0020,persisted
rr_interval_4002_first_50000_001,100,125,3501,3600,3501,3625,1.0000,stable,stable,dominant_stable,dominant_stable,0.0120,-0.0120,0.0000,persisted
rr_interval_4002_first_50000_001,100,125,3601,3700,3626,3750,0.7500,stable,stable,dominant_stable,dominant_stable,0.0000,0.0000,0.0000,persisted
rr_interval_4002_first_50000_001,100,125,3701,3800,3626,3750,0.5000,stable,stable,dominant_stable,dominant_stable,0.0100,0.0000,-0.0100,persisted
rr_interval_4002_first_50000_001,100,125,3801,3900,3751,3875,0.7500,stable,stable,dominant_stable,dominant_stable,-0.0080,0.0000,0.0080,persisted
rr_interval_4002_first_50000_001,100,125,3901,4000,3876,4000,1.0000,stable,stable,dominant_stable,dominant_stable,0.0000,0.0000,0.0000,persisted
rr_interval_4002_first_50000_001,100,125,4001,4100,4001,4125,1.0000,stable,stable,dominant_stable,dominant_stable,0.0020,0.0000,-0.0020,persisted
rr_interval_4002_first_50000_001,100,125,4101,4200,4126,4250,0.7500,stable,stable,dominant_stable,dominant_stable,0.0000,0.0000,0.0000,persisted
rr_interval_4002_first_50000_001,100,125,4201,4300,4126,4250,0.5000,stable,stable,dominant_stable,dominant_stable,0.0200,0.0000,-0.0200,persisted
rr_interval_4002_first_50000_001,100,125,4301,4400,4251,4375,0.7500,stable,stable,dominant_stable,dominant_stable,-0.0140,0.0160,-0.0020,persisted
rr_interval_4002_first_50000_001,100,125,4401,4500,4376,4500,1.0000,stable,stable,dominant_stable,dominant_stable,0.0080,-0.0060,-0.0020,persisted
rr_interval_4002_first_50000_001,100,125,4501,4600,4501,4625,1.0000,stable,stable,dominant_stable,dominant_stable,0.0000,0.0000,0.0000,persisted
rr_interval_4002_first_50000_001,100,125,4601,4700,4626,4750,0.7500,stable,stable,dominant_stable,dominant_stable,-0.0060,0.0160,-0.0100,persisted
rr_interval_4002_first_50000_001,100,125,4701,4800,4626,4750,0.5000,stable,stable,dominant_stable,dominant_stable,0.0140,-0.0040,-0.0100,persisted
rr_interval_4002_first_50000_001,100,125,4801,4900,4751,4875,0.7500,stable,stable,dominant_stable,dominant_stable,0.0040,-0.0040,0.0000,persisted
rr_interval_4002_first_50000_001,100,125,4901,5000,4876,5000,1.0000,stable,stable,dominant_stable,dominant_stable,0.0080,-0.0080,0.0000,persisted
rr_interval_4002_first_50000_001,100,125,5001,5100,5001,5125,1.0000,stable,stable,dominant_stable,dominant_stable,0.0020,0.0000,-0.0020,persisted
rr_interval_4002_first_50000_001,100,125,5101,5200,5126,5250,0.7500,stable,stable,dominant_stable,dominant_stable,0.0000,0.0000,0.0000,persisted
rr_interval_4002_first_50000_001,100,125,5201,5300,5126,5250,0.5000,stable,stable,dominant_stable,dominant_stable,0.0500,-0.0500,0.0000,persisted
rr_interval_4002_first_50000_001,100,125,5301,5400,5251,5375,0.7500,stable,stable,dominant_stable,dominant_stable,-0.0100,0.0200,-0.0100,persisted
rr_interval_4002_first_50000_001,100,125,5401,5500,5376,5500,1.0000,stable,stable,dominant_stable,dominant_stable,0.0100,-0.0100,0.0000,persisted
rr_interval_4002_first_50000_001,100,125,5501,5600,5501,5625,1.0000,stable,stable,dominant_stable,dominant_stable,0.0100,-0.0100,0.0000,persisted
rr_interval_4002_first_50000_001,100,125,5601,5700,5626,5750,0.7500,stable,stable,dominant_stable,dominant_stable,0.0160,-0.0160,0.0000,persisted
rr_interval_4002_first_50000_001,100,125,5701,5800,5626,5750,0.5000,stable,stable,dominant_stable,dominant_stable,0.0060,-0.0060,0.0000,persisted
rr_interval_4002_first_50000_001,100,125,5801,5900,5751,5875,0.7500,stable,stable,dominant_stable,dominant_stable,0.0400,-0.0400,0.0000,persisted
rr_interval_4002_first_50000_001,100,125,5901,6000,5876,6000,1.0000,stable,stable,dominant_stable,dominant_stable,0.0200,-0.0200,0.0000,persisted
rr_interval_4002_first_50000_001,100,125,6001,6100,6001,6125,1.0000,stable,stable,dominant_stable,dominant_stable,-0.0160,0.0160,0.0000,persisted
rr_interval_4002_first_50000_001,100,125,6101,6200,6126,6250,0.7500,stable,stable,dominant_stable,dominant_stable,0.0000,0.0000,0.0000,persisted
rr_interval_4002_first_50000_001,100,125,6201,6300,6126,6250,0.5000,stable,stable,dominant_stable,dominant_stable,0.0200,-0.0200,0.0000,persisted
rr_interval_4002_first_50000_001,100,125,6301,6400,6251,6375,0.7500,stable,stable,dominant_stable,dominant_stable,0.0140,-0.0140,0.0000,persisted
rr_interval_4002_first_50000_001,100,125,6401,6500,6376,6500,1.0000,stable,stable,dominant_stable,dominant_stable,0.0000,0.0000,0.0000,persisted
rr_interval_4002_first_50000_001,100,125,6501,6600,6501,6625,1.0000,stable,stable,dominant_stable,dominant_stable,0.0000,0.0000,0.0000,persisted
rr_interval_4002_first_50000_001,100,125,6601,6700,6626,6750,0.7500,stable,stable,dominant_stable,dominant_stable,0.0100,-0.0100,0.0000,persisted
rr_interval_4002_first_50000_001,100,125,6701,6800,6626,6750,0.5000,stable,stable,dominant_stable,dominant_stable,0.0000,0.0000,0.0000,persisted
rr_interval_4002_first_50000_001,100,125,6801,6900,6751,6875,0.7500,stable,stable,dominant_stable,dominant_stable,-0.0180,0.0400,-0.0220,persisted
rr_interval_4002_first_50000_001,100,125,6901,7000,6876,7000,1.0000,stable,stable,dominant_stable,dominant_stable,0.0020,0.0000,-0.0020,persisted
rr_interval_4002_first_50000_001,100,125,7001,7100,7001,7125,1.0000,stable,stable,dominant_stable,dominant_stable,0.0060,-0.0060,0.0000,persisted
rr_interval_4002_first_50000_001,100,125,7101,7200,7126,7250,0.7500,stable,stable,dominant_stable,dominant_stable,0.0080,-0.0060,-0.0020,persisted
rr_interval_4002_first_50000_001,100,125,7201,7300,7126,7250,0.5000,stable,stable,dominant_stable,dominant_stable,-0.0120,0.0240,-0.0120,persisted
rr_interval_4002_first_50000_001,100,125,7301,7400,7251,7375,0.7500,stable,stable,dominant_stable,dominant_stable,-0.0120,0.0040,0.0080,persisted
rr_interval_4002_first_50000_001,100,125,7401,7500,7376,7500,1.0000,stable,stable,dominant_stable,dominant_stable,0.0000,0.0000,0.0000,persisted
rr_interval_4002_first_50000_001,100,125,7501,7600,7501,7625,1.0000,stable,stable,dominant_stable,dominant_stable,0.0000,0.0000,0.0000,persisted
rr_interval_4002_first_50000_001,100,125,7601,7700,7626,7750,0.7500,stable,stable,dominant_stable,dominant_stable,0.0000,0.0000,0.0000,persisted
rr_interval_4002_first_50000_001,100,125,7701,7800,7626,7750,0.5000,stable,stable,dominant_stable,dominant_stable,0.0000,0.0000,0.0000,persisted
rr_interval_4002_first_50000_001,100,125,7801,7900,7751,7875,0.7500,stable,stable,dominant_stable,dominant_stable,0.0040,-0.0040,0.0000,persisted
rr_interval_4002_first_50000_001,100,125,7901,8000,7876,8000,1.0000,stable,stable,dominant_stable,dominant_stable,0.0120,-0.0120,0.0000,persisted
rr_interval_4002_first_50000_001,100,125,8001,8100,8001,8125,1.0000,stable,stable,dominant_stable,dominant_stable,0.0000,0.0000,0.0000,persisted
rr_interval_4002_first_50000_001,100,125,8101,8200,8126,8250,0.7500,stable,stable,dominant_stable,dominant_stable,0.0040,0.0160,-0.0200,persisted
rr_interval_4002_first_50000_001,100,125,8201,8300,8126,8250,0.5000,stable,stable,dominant_stable,dominant_stable,0.0340,-0.0240,-0.0100,persisted
rr_interval_4002_first_50000_001,100,125,8301,8400,8251,8375,0.7500,stable,stable,dominant_stable,dominant_stable,-0.0160,0.0100,0.0060,persisted
rr_interval_4002_first_50000_001,100,125,8401,8500,8376,8500,1.0000,stable,stable,dominant_stable,dominant_stable,0.0000,0.0000,0.0000,persisted
rr_interval_4002_first_50000_001,100,125,8501,8600,8501,8625,1.0000,stable,stable,dominant_stable,dominant_stable,0.0000,0.0000,0.0000,persisted
rr_interval_4002_first_50000_001,100,125,8601,8700,8626,8750,0.7500,stable,stable,dominant_stable,dominant_stable,-0.0060,0.0160,-0.0100,persisted
rr_interval_4002_first_50000_001,100,125,8701,8800,8626,8750,0.5000,stable,stable,dominant_stable,dominant_stable,-0.0060,0.0160,-0.0100,persisted
rr_interval_4002_first_50000_001,100,125,8801,8900,8751,8875,0.7500,stable,stable,dominant_stable,dominant_stable,0.0060,0.0000,-0.0060,persisted
rr_interval_4002_first_50000_001,100,125,8901,9000,8876,9000,1.0000,stable,stable,dominant_stable,dominant_stable,0.0000,0.0000,0.0000,persisted
rr_interval_4002_first_50000_001,100,125,9001,9100,9001,9125,1.0000,stable,stable,dominant_stable,dominant_stable,0.0040,0.0000,-0.0040,persisted
rr_interval_4002_first_50000_001,100,125,9101,9200,9126,9250,0.7500,stable,stable,dominant_stable,dominant_stable,0.0160,-0.0060,-0.0100,persisted
rr_interval_4002_first_50000_001,100,125,9201,9300,9126,9250,0.5000,stable,stable,dominant_stable,dominant_stable,-0.0240,0.0240,0.0000,persisted
rr_interval_4002_first_50000_001,100,125,9301,9400,9251,9375,0.7500,stable,stable,dominant_stable,dominant_stable,0.0300,-0.0300,0.0000,persisted
rr_interval_4002_first_50000_001,100,125,9401,9500,9376,9500,1.0000,stable,stable,dominant_stable,dominant_stable,0.0020,0.0000,-0.0020,persisted
rr_interval_4002_first_50000_001,100,125,9501,9600,9501,9625,1.0000,stable,stable,dominant_stable,dominant_stable,0.0040,0.0000,-0.0040,persisted
rr_interval_4002_first_50000_001,100,125,9601,9700,9626,9750,0.7500,stable,stable,dominant_stable,dominant_stable,-0.0240,0.0160,0.0080,persisted
rr_interval_4002_first_50000_001,100,125,9701,9800,9626,9750,0.5000,stable,stable,dominant_stable,dominant_stable,0.0060,-0.0040,-0.0020,persisted
rr_interval_4002_first_50000_001,100,125,9801,9900,9751,9875,0.7500,stable,stable,dominant_stable,dominant_stable,0.0020,0.0000,-0.0020,persisted
rr_interval_4002_first_50000_001,100,125,9901,10000,9876,10000,1.0000,stable,stable,dominant_stable,dominant_stable,0.0020,0.0000,-0.0020,persisted
rr_interval_4002_first_50000_001,100,125,10001,10100,10001,10125,1.0000,stable,stable,dominant_stable,dominant_stable,0.0000,0.0000,0.0000,persisted
rr_interval_4002_first_50000_001,100,125,10101,10200,10126,10250,0.7500,stable,stable,dominant_stable,dominant_stable,0.0020,0.0000,-0.0020,persisted
rr_interval_4002_first_50000_001,100,125,10201,10300,10126,10250,0.5000,stable,stable,dominant_stable,dominant_stable,-0.0080,0.0000,0.0080,persisted
rr_interval_4002_first_50000_001,100,125,10301,10400,10251,10375,0.7500,stable,stable,dominant_stable,dominant_stable,0.0020,0.0000,-0.0020,persisted
rr_interval_4002_first_50000_001,100,125,10401,10500,10376,10500,1.0000,stable,stable,dominant_stable,dominant_stable,0.0100,-0.0100,0.0000,persisted
rr_interval_4002_first_50000_001,100,125,10501,10600,10501,10625,1.0000,stable,stable,dominant_stable,dominant_stable,0.0020,0.0000,-0.0020,persisted
rr_interval_4002_first_50000_001,100,125,10601,10700,10626,10750,0.7500,stable,stable,dominant_stable,dominant_stable,0.0000,0.0000,0.0000,persisted
rr_interval_4002_first_50000_001,100,125,10701,10800,10626,10750,0.5000,stable,stable,dominant_stable,dominant_stable,0.0100,0.0000,-0.0100,persisted
rr_interval_4002_first_50000_001,100,125,10801,10900,10751,10875,0.7500,stable,stable,dominant_stable,dominant_stable,0.0400,-0.0400,0.0000,persisted
rr_interval_4002_first_50000_001,100,125,10901,11000,10876,11000,1.0000,stable,stable,dominant_stable,dominant_stable,0.0040,0.0000,-0.0040,persisted
rr_interval_4002_first_50000_001,100,125,11001,11100,11001,11125,1.0000,stable,stable,dominant_stable,dominant_stable,0.0000,0.0000,0.0000,persisted
rr_interval_4002_first_50000_001,100,125,11101,11200,11126,11250,0.7500,stable,stable,dominant_stable,dominant_stable,0.0400,-0.0400,0.0000,persisted
rr_interval_4002_first_50000_001,100,125,11201,11300,11126,11250,0.5000,stable,stable,dominant_stable,dominant_stable,0.0300,-0.0300,0.0000,persisted
rr_interval_4002_first_50000_001,100,125,11301,11400,11251,11375,0.7500,stable,stable,dominant_stable,dominant_stable,0.0620,-0.0600,-0.0020,persisted
rr_interval_4002_first_50000_001,100,125,11401,11500,11376,11500,1.0000,stable,stable,dominant_stable,dominant_stable,0.0360,-0.0360,0.0000,persisted
rr_interval_4002_first_50000_001,100,125,11501,11600,11501,11625,1.0000,stable,stable,dominant_stable,dominant_stable,0.0000,0.0000,0.0000,persisted
rr_interval_4002_first_50000_001,100,125,11601,11700,11626,11750,0.7500,stable,stable,dominant_stable,dominant_stable,-0.0460,0.0480,-0.0020,persisted
rr_interval_4002_first_50000_001,100,125,11701,11800,11626,11750,0.5000,stable,stable,dominant_stable,dominant_stable,-0.0260,0.0180,0.0080,persisted
rr_interval_4002_first_50000_001,100,125,11801,11900,11751,11875,0.7500,stable,stable,dominant_stable,dominant_stable,-0.0040,0.0040,0.0000,persisted
rr_interval_4002_first_50000_001,100,125,11901,12000,11876,12000,1.0000,stable,stable,dominant_stable,dominant_stable,0.0000,0.0000,0.0000,persisted
rr_interval_4002_first_50000_001,100,125,12001,12100,12001,12125,1.0000,stable,stable,dominant_stable,dominant_stable,0.0000,0.0000,0.0000,persisted
rr_interval_4002_first_50000_001,100,125,12101,12200,12126,12250,0.7500,stable,stable,dominant_stable,dominant_stable,0.0040,-0.0040,0.0000,persisted
rr_interval_4002_first_50000_001,100,125,12201,12300,12126,12250,0.5000,stable,stable,dominant_stable,dominant_stable,0.0140,-0.0140,0.0000,persisted
rr_interval_4002_first_50000_001,100,125,12301,12400,12251,12375,0.7500,stable,stable,dominant_stable,dominant_stable,0.0300,-0.0300,0.0000,persisted
rr_interval_4002_first_50000_001,100,125,12401,12500,12376,12500,1.0000,stable,stable,dominant_stable,dominant_stable,0.0060,-0.0060,0.0000,persisted
rr_interval_4002_first_50000_001,100,125,12501,12600,12501,12625,1.0000,stable,stable,dominant_stable,dominant_stable,-0.0400,0.0240,0.0160,persisted
rr_interval_4002_first_50000_001,100,125,12601,12700,12626,12750,0.7500,stable,stable,dominant_stable,dominant_stable,0.0020,0.0000,-0.0020,persisted
rr_interval_4002_first_50000_001,100,125,12701,12800,12626,12750,0.5000,stable,stable,dominant_stable,dominant_stable,0.0320,-0.0300,-0.0020,persisted
rr_interval_4002_first_50000_001,100,125,12801,12900,12751,12875,0.7500,stable,stable,dominant_stable,dominant_stable,0.0600,-0.0600,0.0000,persisted
rr_interval_4002_first_50000_001,100,125,12901,13000,12876,13000,1.0000,stable,stable,dominant_stable,dominant_stable,0.0000,0.0000,0.0000,persisted
rr_interval_4002_first_50000_001,100,125,13001,13100,13001,13125,1.0000,stable,stable,dominant_stable,dominant_stable,0.0260,-0.0260,0.0000,persisted
rr_interval_4002_first_50000_001,100,125,13101,13200,13126,13250,0.7500,stable,stable,dominant_stable,dominant_stable,0.0600,-0.0600,0.0000,persisted
rr_interval_4002_first_50000_001,100,125,13201,13300,13126,13250,0.5000,stable,stable,dominant_stable,dominant_stable,0.0200,-0.0200,0.0000,persisted
rr_interval_4002_first_50000_001,100,125,13301,13400,13251,13375,0.7500,stable,stable,dominant_stable,dominant_stable,0.0060,-0.0040,-0.0020,persisted
rr_interval_4002_first_50000_001,100,125,13401,13500,13376,13500,1.0000,stable,stable,dominant_stable,dominant_stable,0.0000,0.0000,0.0000,persisted
rr_interval_4002_first_50000_001,100,125,13501,13600,13501,13625,1.0000,stable,stable,dominant_stable,dominant_stable,0.0000,0.0000,0.0000,persisted
rr_interval_4002_first_50000_001,100,125,13601,13700,13626,13750,0.7500,stable,stable,dominant_stable,dominant_stable,0.0000,0.0000,0.0000,persisted
rr_interval_4002_first_50000_001,100,125,13701,13800,13626,13750,0.5000,stable,stable,dominant_stable,dominant_stable,0.0000,0.0000,0.0000,persisted
rr_interval_4002_first_50000_001,100,125,13801,13900,13751,13875,0.7500,stable,stable,dominant_stable,dominant_stable,-0.0280,0.0280,0.0000,persisted
rr_interval_4002_first_50000_001,100,125,13901,14000,13876,14000,1.0000,stable,stable,dominant_stable,dominant_stable,0.0000,0.0000,0.0000,persisted
rr_interval_4002_first_50000_001,100,125,14001,14100,14001,14125,1.0000,stable,stable,dominant_stable,dominant_stable,0.0000,0.0000,0.0000,persisted
rr_interval_4002_first_50000_001,100,125,14101,14200,14126,14250,0.7500,stable,stable,dominant_stable,dominant_stable,-0.0160,0.0100,0.0060,persisted
rr_interval_4002_first_50000_001,100,125,14201,14300,14126,14250,0.5000,stable,stable,dominant_stable,dominant_stable,0.0040,-0.0100,0.0060,persisted
rr_interval_4002_first_50000_001,100,125,14301,14400,14251,14375,0.7500,stable,stable,dominant_stable,dominant_stable,-0.0040,0.0000,0.0040,persisted
rr_interval_4002_first_50000_001,100,125,14401,14500,14376,14500,1.0000,stable,stable,dominant_stable,dominant_stable,0.0000,0.0000,0.0000,persisted
rr_interval_4002_first_50000_001,100,125,14501,14600,14501,14625,1.0000,stable,stable,dominant_stable,dominant_stable,0.0100,-0.0100,0.0000,persisted
rr_interval_4002_first_50000_001,100,125,14601,14700,14626,14750,0.7500,stable,stable,dominant_stable,dominant_stable,-0.0280,0.0200,0.0080,persisted
rr_interval_4002_first_50000_001,100,125,14701,14800,14626,14750,0.5000,stable,stable,dominant_stable,dominant_stable,-0.0180,0.0100,0.0080,persisted
rr_interval_4002_first_50000_001,100,125,14801,14900,14751,14875,0.7500,stable,stable,dominant_stable,dominant_stable,0.0080,-0.0080,0.0000,persisted
rr_interval_4002_first_50000_001,100,125,14901,15000,14876,15000,1.0000,stable,stable,dominant_stable,dominant_stable,-0.0160,0.0160,0.0000,persisted
rr_interval_4002_first_50000_001,100,125,15001,15100,15001,15125,1.0000,stable,stable,dominant_stable,dominant_stable,-0.0220,0.0320,-0.0100,persisted
rr_interval_4002_first_50000_001,100,125,15101,15200,15126,15250,0.7500,stable,stable,dominant_stable,dominant_stable,0.0000,0.0000,0.0000,persisted
rr_interval_4002_first_50000_001,100,125,15201,15300,15126,15250,0.5000,stable,stable,dominant_stable,dominant_stable,0.0200,-0.0200,0.0000,persisted
rr_interval_4002_first_50000_001,100,125,15301,15400,15251,15375,0.7500,stable,stable,dominant_stable,dominant_stable,-0.0040,0.0160,-0.0120,persisted
rr_interval_4002_first_50000_001,100,125,15401,15500,15376,15500,1.0000,stable,stable,dominant_stable,dominant_stable,0.0000,0.0000,0.0000,persisted
rr_interval_4002_first_50000_001,100,125,15501,15600,15501,15625,1.0000,stable,stable,dominant_stable,dominant_stable,0.0320,-0.0300,-0.0020,persisted
rr_interval_4002_first_50000_001,100,125,15601,15700,15626,15750,0.7500,stable,stable,dominant_stable,dominant_stable,0.0000,0.0000,0.0000,persisted
rr_interval_4002_first_50000_001,100,125,15701,15800,15626,15750,0.5000,stable,stable,dominant_stable,dominant_stable,0.0200,-0.0200,0.0000,persisted
rr_interval_4002_first_50000_001,100,125,15801,15900,15751,15875,0.7500,stable,stable,dominant_stable,dominant_stable,-0.0040,0.0040,0.0000,persisted
rr_interval_4002_first_50000_001,100,125,15901,16000,15876,16000,1.0000,stable,stable,dominant_stable,dominant_stable,-0.0040,0.0160,-0.0120,persisted
rr_interval_4002_first_50000_001,100,125,16001,16100,16001,16125,1.0000,stable,stable,dominant_stable,dominant_stable,0.0000,0.0000,0.0000,persisted
rr_interval_4002_first_50000_001,100,125,16101,16200,16126,16250,0.7500,stable,stable,dominant_stable,dominant_stable,0.0000,0.0000,0.0000,persisted
rr_interval_4002_first_50000_001,100,125,16201,16300,16126,16250,0.5000,stable,stable,dominant_stable,dominant_stable,0.0000,0.0000,0.0000,persisted
rr_interval_4002_first_50000_001,100,125,16301,16400,16251,16375,0.7500,stable,stable,dominant_stable,dominant_stable,0.0000,0.0000,0.0000,persisted
rr_interval_4002_first_50000_001,100,125,16401,16500,16376,16500,1.0000,stable,stable,dominant_stable,dominant_stable,0.0000,0.0000,0.0000,persisted
rr_interval_4002_first_50000_001,100,125,16501,16600,16501,16625,1.0000,stable,stable,dominant_stable,dominant_stable,0.0000,0.0000,0.0000,persisted
rr_interval_4002_first_50000_001,100,125,16601,16700,16626,16750,0.7500,stable,stable,dominant_stable,dominant_stable,-0.0180,0.0020,0.0160,persisted
rr_interval_4002_first_50000_001,100,125,16701,16800,16626,16750,0.5000,stable,stable,dominant_stable,dominant_stable,-0.0480,0.0320,0.0160,persisted
rr_interval_4002_first_50000_001,100,125,16801,16900,16751,16875,0.7500,stable,stable,dominant_stable,dominant_stable,-0.0060,0.0160,-0.0100,persisted
rr_interval_4002_first_50000_001,100,125,16901,17000,16876,17000,1.0000,stable,stable,dominant_stable,dominant_stable,0.0080,-0.0060,-0.0020,persisted
rr_interval_4002_first_50000_001,100,125,17001,17100,17001,17125,1.0000,stable,stable,dominant_stable,dominant_stable,0.0100,-0.0100,0.0000,persisted
rr_interval_4002_first_50000_001,100,125,17101,17200,17126,17250,0.7500,stable,stable,dominant_stable,dominant_stable,0.0100,0.0000,-0.0100,persisted
rr_interval_4002_first_50000_001,100,125,17201,17300,17126,17250,0.5000,stable,stable,dominant_stable,dominant_stable,0.0000,0.0000,0.0000,persisted
rr_interval_4002_first_50000_001,100,125,17301,17400,17251,17375,0.7500,stable,stable,dominant_stable,dominant_stable,-0.0160,0.0160,0.0000,persisted
rr_interval_4002_first_50000_001,100,125,17401,17500,17376,17500,1.0000,stable,stable,dominant_stable,dominant_stable,0.0040,0.0000,-0.0040,persisted
rr_interval_4002_first_50000_001,100,125,17501,17600,17501,17625,1.0000,stable,stable,dominant_stable,dominant_stable,0.0000,0.0000,0.0000,persisted
rr_interval_4002_first_50000_001,100,125,17601,17700,17626,17750,0.7500,stable,stable,dominant_stable,dominant_stable,0.0000,0.0000,0.0000,persisted
rr_interval_4002_first_50000_001,100,125,17701,17800,17626,17750,0.5000,stable,stable,dominant_stable,dominant_stable,0.0000,0.0000,0.0000,persisted
rr_interval_4002_first_50000_001,100,125,17801,17900,17751,17875,0.7500,stable,stable,dominant_stable,dominant_stable,0.0300,-0.0200,-0.0100,persisted
rr_interval_4002_first_50000_001,100,125,17901,18000,17876,18000,1.0000,stable,stable,dominant_stable,dominant_stable,0.0100,-0.0100,0.0000,persisted
rr_interval_4002_first_50000_001,100,125,18001,18100,18001,18125,1.0000,stable,stable,dominant_stable,dominant_stable,0.0000,0.0000,0.0000,persisted
rr_interval_4002_first_50000_001,100,125,18101,18200,18126,18250,0.7500,stable,stable,dominant_stable,dominant_stable,-0.0080,0.0000,0.0080,persisted
rr_interval_4002_first_50000_001,100,125,18201,18300,18126,18250,0.5000,stable,stable,dominant_stable,dominant_stable,0.0020,0.0000,-0.0020,persisted
rr_interval_4002_first_50000_001,100,125,18301,18400,18251,18375,0.7500,stable,stable,dominant_stable,dominant_stable,0.0060,-0.0060,0.0000,persisted
rr_interval_4002_first_50000_001,100,125,18401,18500,18376,18500,1.0000,stable,stable,dominant_stable,dominant_stable,0.0020,0.0000,-0.0020,persisted
rr_interval_4002_first_50000_001,100,125,18501,18600,18501,18625,1.0000,stable,stable,dominant_stable,dominant_stable,0.0000,0.0000,0.0000,persisted
rr_interval_4002_first_50000_001,100,125,18601,18700,18626,18750,0.7500,stable,stable,dominant_stable,dominant_stable,0.0000,0.0000,0.0000,persisted
rr_interval_4002_first_50000_001,100,125,18701,18800,18626,18750,0.5000,stable,stable,dominant_stable,dominant_stable,0.0000,0.0000,0.0000,persisted
rr_interval_4002_first_50000_001,100,125,18801,18900,18751,18875,0.7500,stable,stable,dominant_stable,dominant_stable,0.0040,-0.0040,0.0000,persisted
rr_interval_4002_first_50000_001,100,125,18901,19000,18876,19000,1.0000,stable,stable,dominant_stable,dominant_stable,0.0060,-0.0060,0.0000,persisted
rr_interval_4002_first_50000_001,100,125,19001,19100,19001,19125,1.0000,stable,stable,dominant_stable,dominant_stable,0.0240,-0.0140,-0.0100,persisted
rr_interval_4002_first_50000_001,100,125,19101,19200,19126,19250,0.7500,stable,stable,dominant_stable,dominant_stable,-0.0040,0.0040,0.0000,persisted
rr_interval_4002_first_50000_001,100,125,19201,19300,19126,19250,0.5000,stable,stable,dominant_stable,dominant_stable,0.0460,-0.0260,-0.0200,persisted
rr_interval_4002_first_50000_001,100,125,19301,19400,19251,19375,0.7500,stable,stable,dominant_stable,dominant_stable,0.0300,-0.0300,0.0000,persisted
rr_interval_4002_first_50000_001,100,125,19401,19500,19376,19500,1.0000,stable,stable,dominant_stable,dominant_stable,0.0800,-0.0800,0.0000,persisted
rr_interval_4002_first_50000_001,100,125,19501,19600,19501,19625,1.0000,stable,stable,dominant_stable,dominant_stable,0.0500,-0.0500,0.0000,persisted
rr_interval_4002_first_50000_001,100,125,19601,19700,19626,19750,0.7500,stable,stable,dominant_stable,dominant_stable,-0.0300,0.0320,-0.0020,persisted
rr_interval_4002_first_50000_001,100,125,19701,19800,19626,19750,0.5000,stable,stable,dominant_stable,dominant_stable,-0.0800,0.0720,0.0080,persisted
rr_interval_4002_first_50000_001,100,125,19801,19900,19751,19875,0.7500,stable,stable,dominant_stable,dominant_stable,0.0000,0.0000,0.0000,persisted
rr_interval_4002_first_50000_001,100,125,19901,20000,19876,20000,1.0000,stable,stable,dominant_stable,dominant_stable,0.0160,-0.0160,0.0000,persisted
rr_interval_4002_first_50000_001,100,125,20001,20100,20001,20125,1.0000,stable,stable,dominant_stable,dominant_stable,0.0020,-0.0020,0.0000,persisted
rr_interval_4002_first_50000_001,100,125,20101,20200,20126,20250,0.7500,stable,stable,dominant_stable,dominant_stable,0.0000,0.0000,0.0000,persisted
rr_interval_4002_first_50000_001,100,125,20201,20300,20126,20250,0.5000,stable,stable,dominant_stable,dominant_stable,0.0200,-0.0200,0.0000,persisted
rr_interval_4002_first_50000_001,100,125,20301,20400,20251,20375,0.7500,stable,stable,dominant_stable,dominant_stable,-0.0040,0.0040,0.0000,persisted
rr_interval_4002_first_50000_001,100,125,20401,20500,20376,20500,1.0000,stable,stable,dominant_stable,dominant_stable,-0.0320,0.0240,0.0080,persisted
rr_interval_4002_first_50000_001,100,125,20501,20600,20501,20625,1.0000,stable,stable,dominant_stable,dominant_stable,0.0060,-0.0060,0.0000,persisted
rr_interval_4002_first_50000_001,100,125,20601,20700,20626,20750,0.7500,stable,stable,dominant_stable,dominant_stable,-0.0040,0.0040,0.0000,persisted
rr_interval_4002_first_50000_001,100,125,20701,20800,20626,20750,0.5000,stable,stable,dominant_stable,dominant_stable,0.0060,0.0040,-0.0100,persisted
rr_interval_4002_first_50000_001,100,125,20801,20900,20751,20875,0.7500,stable,stable,dominant_stable,dominant_stable,0.0160,0.0040,-0.0200,persisted
rr_interval_4002_first_50000_001,100,125,20901,21000,20876,21000,1.0000,stable,stable,dominant_stable,dominant_stable,-0.0040,0.0040,0.0000,persisted
rr_interval_4002_first_50000_001,100,125,21001,21100,21001,21125,1.0000,stable,stable,dominant_stable,dominant_stable,0.0100,-0.0100,0.0000,persisted
rr_interval_4002_first_50000_001,100,125,21101,21200,21126,21250,0.7500,stable,stable,dominant_stable,dominant_stable,-0.0400,0.0400,0.0000,persisted
rr_interval_4002_first_50000_001,100,125,21201,21300,21126,21250,0.5000,stable,stable,dominant_stable,dominant_stable,-0.0400,0.0400,0.0000,persisted
rr_interval_4002_first_50000_001,100,125,21301,21400,21251,21375,0.7500,stable,stable,dominant_stable,dominant_stable,0.0000,0.0000,0.0000,persisted
rr_interval_4002_first_50000_001,100,125,21401,21500,21376,21500,1.0000,stable,stable,dominant_stable,dominant_stable,0.0020,0.0000,-0.0020,persisted
rr_interval_4002_first_50000_001,100,125,21501,21600,21501,21625,1.0000,stable,stable,dominant_stable,dominant_stable,0.0000,0.0000,0.0000,persisted
rr_interval_4002_first_50000_001,100,125,21601,21700,21626,21750,0.7500,stable,stable,dominant_stable,dominant_stable,0.0100,0.0000,-0.0100,persisted
rr_interval_4002_first_50000_001,100,125,21701,21800,21626,21750,0.5000,stable,stable,dominant_stable,dominant_stable,0.0000,0.0000,0.0000,persisted
rr_interval_4002_first_50000_001,100,125,21801,21900,21751,21875,0.7500,stable,stable,dominant_stable,dominant_stable,0.0300,-0.0300,0.0000,persisted
rr_interval_4002_first_50000_001,100,125,21901,22000,21876,22000,1.0000,stable,stable,dominant_stable,dominant_stable,-0.0040,0.0240,-0.0200,persisted
rr_interval_4002_first_50000_001,100,125,22001,22100,22001,22125,1.0000,stable,stable,dominant_stable,dominant_stable,0.0160,-0.0060,-0.0100,persisted
rr_interval_4002_first_50000_001,100,125,22101,22200,22126,22250,0.7500,stable,stable,dominant_stable,dominant_stable,-0.0020,-0.0060,0.0080,persisted
rr_interval_4002_first_50000_001,100,125,22201,22300,22126,22250,0.5000,stable,stable,dominant_stable,dominant_stable,-0.0020,-0.0060,0.0080,persisted
rr_interval_4002_first_50000_001,100,125,22301,22400,22251,22375,0.7500,stable,stable,dominant_stable,dominant_stable,0.0300,-0.0200,-0.0100,persisted
rr_interval_4002_first_50000_001,100,125,22401,22500,22376,22500,1.0000,stable,stable,dominant_stable,dominant_stable,0.0120,-0.0120,0.0000,persisted
rr_interval_4002_first_50000_001,100,125,22501,22600,22501,22625,1.0000,stable,stable,dominant_stable,dominant_stable,0.0100,0.0000,-0.0100,persisted
rr_interval_4002_first_50000_001,100,125,22601,22700,22626,22750,0.7500,stable,stable,dominant_stable,dominant_stable,0.0100,0.0000,-0.0100,persisted
rr_interval_4002_first_50000_001,100,125,22701,22800,22626,22750,0.5000,stable,stable,dominant_stable,dominant_stable,0.0000,0.0000,0.0000,persisted
rr_interval_4002_first_50000_001,100,125,22801,22900,22751,22875,0.7500,stable,stable,dominant_stable,dominant_stable,0.0000,0.0000,0.0000,persisted
rr_interval_4002_first_50000_001,100,125,22901,23000,22876,23000,1.0000,stable,stable,dominant_stable,dominant_stable,0.0080,-0.0060,-0.0020,persisted
rr_interval_4002_first_50000_001,100,125,23001,23100,23001,23125,1.0000,stable,stable,dominant_stable,dominant_stable,0.0020,0.0000,-0.0020,persisted
rr_interval_4002_first_50000_001,100,125,23101,23200,23126,23250,0.7500,stable,stable,dominant_stable,dominant_stable,-0.0080,0.0000,0.0080,persisted
rr_interval_4002_first_50000_001,100,125,23201,23300,23126,23250,0.5000,stable,stable,dominant_stable,dominant_stable,0.0020,0.0000,-0.0020,persisted
rr_interval_4002_first_50000_001,100,125,23301,23400,23251,23375,0.7500,stable,stable,dominant_stable,dominant_stable,0.0240,-0.0400,0.0160,persisted
rr_interval_4002_first_50000_001,100,125,23401,23500,23376,23500,1.0000,stable,stable,dominant_stable,dominant_stable,0.0060,-0.0040,-0.0020,persisted
rr_interval_4002_first_50000_001,100,125,23501,23600,23501,23625,1.0000,stable,stable,dominant_stable,dominant_stable,-0.0160,0.0000,0.0160,persisted
rr_interval_4002_first_50000_001,100,125,23601,23700,23626,23750,0.7500,stable,stable,dominant_stable,dominant_stable,0.0060,-0.0040,-0.0020,persisted
rr_interval_4002_first_50000_001,100,125,23701,23800,23626,23750,0.5000,stable,stable,dominant_stable,dominant_stable,0.0060,-0.0140,0.0080,persisted
rr_interval_4002_first_50000_001,100,125,23801,23900,23751,23875,0.7500,stable,stable,dominant_stable,dominant_stable,-0.0080,0.0000,0.0080,persisted
rr_interval_4002_first_50000_001,100,125,23901,24000,23876,24000,1.0000,stable,stable,dominant_stable,dominant_stable,0.0300,-0.0200,-0.0100,persisted
rr_interval_4002_first_50000_001,100,125,24001,24100,24001,24125,1.0000,stable,stable,dominant_stable,dominant_stable,0.0200,-0.0200,0.0000,persisted
rr_interval_4002_first_50000_001,100,125,24101,24200,24126,24250,0.7500,stable,stable,dominant_stable,dominant_stable,0.0060,-0.0140,0.0080,persisted
rr_interval_4002_first_50000_001,100,125,24201,24300,24126,24250,0.5000,stable,stable,dominant_stable,dominant_stable,0.0360,-0.0440,0.0080,persisted
rr_interval_4002_first_50000_001,100,125,24301,24400,24251,24375,0.7500,stable,stable,dominant_stable,dominant_stable,0.0240,-0.0240,0.0000,persisted
rr_interval_4002_first_50000_001,100,125,24401,24500,24376,24500,1.0000,stable,stable,dominant_stable,dominant_stable,0.0000,0.0000,0.0000,persisted
rr_interval_4002_first_50000_001,100,125,24501,24600,24501,24625,1.0000,stable,stable,dominant_stable,dominant_stable,0.0100,-0.0060,-0.0040,persisted
rr_interval_4002_first_50000_001,100,125,24601,24700,24626,24750,0.7500,stable,stable,dominant_stable,dominant_stable,-0.0060,0.0180,-0.0120,persisted
rr_interval_4002_first_50000_001,100,125,24701,24800,24626,24750,0.5000,stable,stable,dominant_stable,dominant_stable,-0.0460,0.0480,-0.0020,persisted
rr_interval_4002_first_50000_001,100,125,24801,24900,24751,24875,0.7500,stable,stable,dominant_stable,dominant_stable,0.0180,-0.0160,-0.0020,persisted
rr_interval_4002_first_50000_001,100,125,24901,25000,24876,25000,1.0000,stable,stable,dominant_stable,dominant_stable,0.0300,-0.0180,-0.0120,persisted
rr_interval_4002_first_50000_001,100,125,25001,25100,25001,25125,1.0000,stable,stable,dominant_stable,dominant_stable,-0.0060,0.0000,0.0060,persisted
rr_interval_4002_first_50000_001,100,125,25101,25200,25126,25250,0.7500,stable,stable,dominant_stable,dominant_stable,0.0020,0.0000,-0.0020,persisted
rr_interval_4002_first_50000_001,100,125,25201,25300,25126,25250,0.5000,stable,stable,dominant_stable,dominant_stable,0.0120,-0.0200,0.0080,persisted
rr_interval_4002_first_50000_001,100,125,25301,25400,25251,25375,0.7500,stable,stable,dominant_stable,dominant_stable,-0.0080,0.0000,0.0080,persisted
rr_interval_4002_first_50000_001,100,125,25401,25500,25376,25500,1.0000,stable,stable,dominant_stable,dominant_stable,0.0000,0.0000,0.0000,persisted
rr_interval_4002_first_50000_001,100,125,25501,25600,25501,25625,1.0000,stable,stable,dominant_stable,dominant_stable,0.0080,-0.0040,-0.0040,persisted
rr_interval_4002_first_50000_001,100,125,25601,25700,25626,25750,0.7500,stable,stable,dominant_stable,dominant_stable,0.0000,0.0000,0.0000,persisted
rr_interval_4002_first_50000_001,100,125,25701,25800,25626,25750,0.5000,stable,stable,dominant_stable,dominant_stable,0.0200,-0.0200,0.0000,persisted
rr_interval_4002_first_50000_001,100,125,25801,25900,25751,25875,0.7500,stable,stable,dominant_stable,dominant_stable,-0.0100,0.0120,-0.0020,persisted
rr_interval_4002_first_50000_001,100,125,25901,26000,25876,26000,1.0000,stable,stable,dominant_stable,dominant_stable,0.0000,0.0000,0.0000,persisted
rr_interval_4002_first_50000_001,100,125,26001,26100,26001,26125,1.0000,stable,stable,dominant_stable,dominant_stable,-0.0320,0.0000,0.0320,persisted
rr_interval_4002_first_50000_001,100,125,26101,26200,26126,26250,0.7500,stable,stable,dominant_stable,dominant_stable,0.0400,0.0000,-0.0400,persisted
rr_interval_4002_first_50000_001,100,125,26201,26300,26126,26250,0.5000,stable,stable,dominant_stable,dominant_stable,0.0000,0.0000,0.0000,persisted
rr_interval_4002_first_50000_001,100,125,26301,26400,26251,26375,0.7500,stable,stable,dominant_stable,dominant_stable,0.0240,-0.0300,0.0060,persisted
rr_interval_4002_first_50000_001,100,125,26401,26500,26376,26500,1.0000,stable,stable,dominant_stable,dominant_stable,0.0060,-0.0060,0.0000,persisted
rr_interval_4002_first_50000_001,100,125,26501,26600,26501,26625,1.0000,stable,stable,dominant_stable,dominant_stable,0.0000,0.0000,0.0000,persisted
rr_interval_4002_first_50000_001,100,125,26601,26700,26626,26750,0.7500,stable,stable,dominant_stable,dominant_stable,0.0000,0.0000,0.0000,persisted
rr_interval_4002_first_50000_001,100,125,26701,26800,26626,26750,0.5000,stable,stable,dominant_stable,dominant_stable,0.0300,-0.0300,0.0000,persisted
rr_interval_4002_first_50000_001,100,125,26801,26900,26751,26875,0.7500,stable,stable,dominant_stable,dominant_stable,0.0800,-0.0800,0.0000,persisted
rr_interval_4002_first_50000_001,100,125,26901,27000,26876,27000,1.0000,stable,stable,dominant_stable,dominant_stable,0.0020,0.0000,-0.0020,persisted
rr_interval_4002_first_50000_001,100,125,27001,27100,27001,27125,1.0000,stable,stable,dominant_stable,dominant_stable,0.0300,-0.0300,0.0000,persisted
rr_interval_4002_first_50000_001,100,125,27101,27200,27126,27250,0.7500,stable,stable,dominant_stable,dominant_stable,0.0300,-0.0300,0.0000,persisted
rr_interval_4002_first_50000_001,100,125,27201,27300,27126,27250,0.5000,stable,stable,dominant_stable,dominant_stable,0.0700,-0.0700,0.0000,persisted
rr_interval_4002_first_50000_001,100,125,27301,27400,27251,27375,0.7500,stable,stable,dominant_stable,dominant_stable,0.0220,-0.0200,-0.0020,persisted
rr_interval_4002_first_50000_001,100,125,27401,27500,27376,27500,1.0000,stable,stable,dominant_stable,dominant_stable,0.0080,-0.0060,-0.0020,persisted
rr_interval_4002_first_50000_001,100,125,27501,27600,27501,27625,1.0000,stable,stable,dominant_stable,dominant_stable,0.0100,-0.0060,-0.0040,persisted
rr_interval_4002_first_50000_001,100,125,27601,27700,27626,27750,0.7500,stable,stable,dominant_stable,dominant_stable,0.0040,0.0000,-0.0040,persisted
rr_interval_4002_first_50000_001,100,125,27701,27800,27626,27750,0.5000,stable,stable,dominant_stable,dominant_stable,-0.0060,0.0000,0.0060,persisted
rr_interval_4002_first_50000_001,100,125,27801,27900,27751,27875,0.7500,stable,stable,dominant_stable,dominant_stable,-0.0060,0.0160,-0.0100,persisted
rr_interval_4002_first_50000_001,100,125,27901,28000,27876,28000,1.0000,stable,stable,dominant_stable,dominant_stable,0.0000,0.0000,0.0000,persisted
rr_interval_4002_first_50000_001,100,125,28001,28100,28001,28125,1.0000,stable,stable,dominant_stable,dominant_stable,0.0000,0.0000,0.0000,persisted
rr_interval_4002_first_50000_001,100,125,28101,28200,28126,28250,0.7500,stable,stable,dominant_stable,dominant_stable,-0.0480,0.0400,0.0080,persisted
rr_interval_4002_first_50000_001,100,125,28201,28300,28126,28250,0.5000,stable,stable,dominant_stable,dominant_stable,0.0120,-0.0100,-0.0020,persisted
rr_interval_4002_first_50000_001,100,125,28301,28400,28251,28375,0.7500,stable,stable,dominant_stable,dominant_stable,0.0100,0.0000,-0.0100,persisted
rr_interval_4002_first_50000_001,100,125,28401,28500,28376,28500,1.0000,stable,stable,dominant_stable,dominant_stable,-0.0040,0.0040,0.0000,persisted
rr_interval_4002_first_50000_001,100,125,28501,28600,28501,28625,1.0000,stable,stable,dominant_stable,dominant_stable,0.0040,-0.0040,0.0000,persisted
rr_interval_4002_first_50000_001,100,125,28601,28700,28626,28750,0.7500,stable,stable,dominant_stable,dominant_stable,0.0020,0.0000,-0.0020,persisted
rr_interval_4002_first_50000_001,100,125,28701,28800,28626,28750,0.5000,stable,stable,dominant_stable,dominant_stable,-0.0080,0.0000,0.0080,persisted
rr_interval_4002_first_50000_001,100,125,28801,28900,28751,28875,0.7500,stable,stable,dominant_stable,dominant_stable,-0.0240,0.0160,0.0080,persisted
rr_interval_4002_first_50000_001,100,125,28901,29000,28876,29000,1.0000,stable,stable,dominant_stable,dominant_stable,0.0000,0.0000,0.0000,persisted
rr_interval_4002_first_50000_001,100,125,29001,29100,29001,29125,1.0000,stable,stable,dominant_stable,dominant_stable,0.0000,0.0000,0.0000,persisted
rr_interval_4002_first_50000_001,100,125,29101,29200,29126,29250,0.7500,stable,stable,dominant_stable,dominant_stable,0.0380,-0.0440,0.0060,persisted
rr_interval_4002_first_50000_001,100,125,29201,29300,29126,29250,0.5000,stable,stable,dominant_stable,dominant_stable,-0.0120,0.0160,-0.0040,persisted
rr_interval_4002_first_50000_001,100,125,29301,29400,29251,29375,0.7500,stable,stable,dominant_stable,dominant_stable,0.0020,0.0000,-0.0020,persisted
rr_interval_4002_first_50000_001,100,125,29401,29500,29376,29500,1.0000,stable,stable,dominant_stable,dominant_stable,0.0000,0.0000,0.0000,persisted
rr_interval_4002_first_50000_001,100,125,29501,29600,29501,29625,1.0000,stable,stable,dominant_stable,dominant_stable,-0.0080,0.0000,0.0080,persisted
rr_interval_4002_first_50000_001,100,125,29601,29700,29626,29750,0.7500,stable,stable,dominant_stable,dominant_stable,0.0480,-0.0280,-0.0200,persisted
rr_interval_4002_first_50000_001,100,125,29701,29800,29626,29750,0.5000,stable,stable,dominant_stable,dominant_stable,-0.0220,0.0320,-0.0100,persisted
rr_interval_4002_first_50000_001,100,125,29801,29900,29751,29875,0.7500,stable,stable,dominant_stable,dominant_stable,-0.0460,0.0400,0.0060,persisted
rr_interval_4002_first_50000_001,100,125,29901,30000,29876,30000,1.0000,stable,stable,dominant_stable,dominant_stable,0.0060,-0.0060,0.0000,persisted
rr_interval_4002_first_50000_001,100,125,30001,30100,30001,30125,1.0000,stable,stable,dominant_stable,dominant_stable,0.0000,0.0000,0.0000,persisted
rr_interval_4002_first_50000_001,100,125,30101,30200,30126,30250,0.7500,stable,stable,dominant_stable,dominant_stable,0.0060,-0.0060,0.0000,persisted
rr_interval_4002_first_50000_001,100,125,30201,30300,30126,30250,0.5000,stable,stable,dominant_stable,dominant_stable,0.0060,-0.0060,0.0000,persisted
rr_interval_4002_first_50000_001,100,125,30301,30400,30251,30375,0.7500,stable,stable,dominant_stable,dominant_stable,-0.0160,0.0160,0.0000,persisted
rr_interval_4002_first_50000_001,100,125,30401,30500,30376,30500,1.0000,stable,stable,dominant_stable,dominant_stable,0.0020,0.0000,-0.0020,persisted
rr_interval_4002_first_50000_001,100,125,30501,30600,30501,30625,1.0000,stable,stable,dominant_stable,dominant_stable,0.0040,0.0000,-0.0040,persisted
rr_interval_4002_first_50000_001,100,125,30601,30700,30626,30750,0.7500,stable,stable,dominant_stable,dominant_stable,0.0440,-0.0400,-0.0040,persisted
rr_interval_4002_first_50000_001,100,125,30701,30800,30626,30750,0.5000,stable,stable,dominant_stable,dominant_stable,-0.0060,0.0000,0.0060,persisted
rr_interval_4002_first_50000_001,100,125,30801,30900,30751,30875,0.7500,stable,stable,dominant_stable,dominant_stable,0.0040,-0.0040,0.0000,persisted
rr_interval_4002_first_50000_001,100,125,30901,31000,30876,31000,1.0000,stable,stable,dominant_stable,dominant_stable,0.0140,-0.0100,-0.0040,persisted
rr_interval_4002_first_50000_001,100,125,31001,31100,31001,31125,1.0000,stable,stable,dominant_stable,dominant_stable,0.0000,0.0040,-0.0040,persisted
rr_interval_4002_first_50000_001,100,125,31101,31200,31126,31250,0.7500,stable,stable,dominant_stable,dominant_stable,-0.0320,0.0240,0.0080,persisted
rr_interval_4002_first_50000_001,100,125,31201,31300,31126,31250,0.5000,stable,stable,dominant_stable,dominant_stable,-0.0120,0.0240,-0.0120,persisted
rr_interval_4002_first_50000_001,100,125,31301,31400,31251,31375,0.7500,stable,stable,dominant_stable,dominant_stable,-0.0160,0.0000,0.0160,persisted
rr_interval_4002_first_50000_001,100,125,31401,31500,31376,31500,1.0000,stable,stable,dominant_stable,dominant_stable,0.0040,-0.0040,0.0000,persisted
rr_interval_4002_first_50000_001,100,125,31501,31600,31501,31625,1.0000,stable,stable,dominant_stable,dominant_stable,0.0000,0.0000,0.0000,persisted
rr_interval_4002_first_50000_001,100,125,31601,31700,31626,31750,0.7500,stable,stable,dominant_stable,dominant_stable,0.0000,0.0000,0.0000,persisted
rr_interval_4002_first_50000_001,100,125,31701,31800,31626,31750,0.5000,stable,stable,dominant_stable,dominant_stable,0.0000,0.0000,0.0000,persisted
rr_interval_4002_first_50000_001,100,125,31801,31900,31751,31875,0.7500,stable,stable,dominant_stable,dominant_stable,0.0000,0.0000,0.0000,persisted
rr_interval_4002_first_50000_001,100,125,31901,32000,31876,32000,1.0000,stable,stable,dominant_stable,dominant_stable,0.0020,0.0000,-0.0020,persisted
rr_interval_4002_first_50000_001,100,125,32001,32100,32001,32125,1.0000,stable,stable,dominant_stable,dominant_stable,0.0000,0.0000,0.0000,persisted
rr_interval_4002_first_50000_001,100,125,32101,32200,32126,32250,0.7500,stable,stable,dominant_stable,dominant_stable,0.0000,0.0000,0.0000,persisted
rr_interval_4002_first_50000_001,100,125,32201,32300,32126,32250,0.5000,stable,stable,dominant_stable,dominant_stable,0.0100,0.0000,-0.0100,persisted
rr_interval_4002_first_50000_001,100,125,32301,32400,32251,32375,0.7500,stable,stable,dominant_stable,dominant_stable,-0.0080,0.0000,0.0080,persisted
rr_interval_4002_first_50000_001,100,125,32401,32500,32376,32500,1.0000,stable,stable,dominant_stable,dominant_stable,0.0000,0.0000,0.0000,persisted
rr_interval_4002_first_50000_001,100,125,32501,32600,32501,32625,1.0000,stable,stable,dominant_stable,dominant_stable,0.0000,0.0000,0.0000,persisted
rr_interval_4002_first_50000_001,100,125,32601,32700,32626,32750,0.7500,stable,stable,dominant_stable,dominant_stable,0.0020,0.0000,-0.0020,persisted
rr_interval_4002_first_50000_001,100,125,32701,32800,32626,32750,0.5000,stable,stable,dominant_stable,dominant_stable,0.0020,0.0000,-0.0020,persisted
rr_interval_4002_first_50000_001,100,125,32801,32900,32751,32875,0.7500,stable,stable,dominant_stable,dominant_stable,0.0320,-0.0300,-0.0020,persisted
rr_interval_4002_first_50000_001,100,125,32901,33000,32876,33000,1.0000,stable,stable,dominant_stable,dominant_stable,-0.0320,0.0240,0.0080,persisted
rr_interval_4002_first_50000_001,100,125,33001,33100,33001,33125,1.0000,stable,stable,dominant_stable,dominant_stable,0.0140,-0.0120,-0.0020,persisted
rr_interval_4002_first_50000_001,100,125,33101,33200,33126,33250,0.7500,stable,stable,dominant_stable,dominant_stable,0.0040,0.0000,-0.0040,persisted
rr_interval_4002_first_50000_001,100,125,33201,33300,33126,33250,0.5000,stable,stable,dominant_stable,dominant_stable,-0.0160,0.0000,0.0160,persisted
rr_interval_4002_first_50000_001,100,125,33301,33400,33251,33375,0.7500,stable,stable,dominant_stable,dominant_stable,0.0100,0.0000,-0.0100,persisted
rr_interval_4002_first_50000_001,100,125,33401,33500,33376,33500,1.0000,stable,stable,dominant_stable,dominant_stable,-0.0040,-0.0040,0.0080,persisted
rr_interval_4002_first_50000_001,100,125,33501,33600,33501,33625,1.0000,stable,stable,dominant_stable,dominant_stable,0.0300,-0.0300,0.0000,persisted
rr_interval_4002_first_50000_001,100,125,33601,33700,33626,33750,0.7500,stable,stable,dominant_stable,dominant_stable,0.0000,0.0000,0.0000,persisted
rr_interval_4002_first_50000_001,100,125,33701,33800,33626,33750,0.5000,stable,stable,dominant_stable,dominant_stable,0.0400,-0.0200,-0.0200,persisted
rr_interval_4002_first_50000_001,100,125,33801,33900,33751,33875,0.7500,stable,stable,dominant_stable,dominant_stable,-0.0320,0.0320,0.0000,persisted
rr_interval_4002_first_50000_001,100,125,33901,34000,33876,34000,1.0000,stable,stable,dominant_stable,dominant_stable,0.0000,0.0000,0.0000,persisted
rr_interval_4002_first_50000_001,100,125,34001,34100,34001,34125,1.0000,stable,stable,dominant_stable,dominant_stable,0.0000,0.0000,0.0000,persisted
rr_interval_4002_first_50000_001,100,125,34101,34200,34126,34250,0.7500,stable,stable,dominant_stable,dominant_stable,0.0140,-0.0140,0.0000,persisted
rr_interval_4002_first_50000_001,100,125,34201,34300,34126,34250,0.5000,stable,stable,dominant_stable,dominant_stable,0.0340,-0.0340,0.0000,persisted
rr_interval_4002_first_50000_001,100,125,34301,34400,34251,34375,0.7500,stable,stable,dominant_stable,dominant_stable,-0.0020,0.0040,-0.0020,persisted
rr_interval_4002_first_50000_001,100,125,34401,34500,34376,34500,1.0000,stable,stable,dominant_stable,dominant_stable,0.0000,0.0000,0.0000,persisted
rr_interval_4002_first_50000_001,100,125,34501,34600,34501,34625,1.0000,stable,stable,dominant_stable,dominant_stable,0.0400,-0.0400,0.0000,persisted
rr_interval_4002_first_50000_001,100,125,34601,34700,34626,34750,0.7500,stable,stable,dominant_stable,dominant_stable,0.0000,0.0000,0.0000,persisted
rr_interval_4002_first_50000_001,100,125,34701,34800,34626,34750,0.5000,stable,stable,dominant_stable,dominant_stable,0.0200,-0.0200,0.0000,persisted
rr_interval_4002_first_50000_001,100,125,34801,34900,34751,34875,0.7500,stable,stable,dominant_stable,dominant_stable,-0.0060,0.0160,-0.0100,persisted
rr_interval_4002_first_50000_001,100,125,34901,35000,34876,35000,1.0000,stable,stable,dominant_stable,dominant_stable,0.0300,-0.0300,0.0000,persisted
rr_interval_4002_first_50000_001,100,125,35001,35100,35001,35125,1.0000,stable,stable,dominant_stable,dominant_stable,0.0020,0.0000,-0.0020,persisted
rr_interval_4002_first_50000_001,100,125,35101,35200,35126,35250,0.7500,stable,stable,dominant_stable,dominant_stable,0.0000,0.0000,0.0000,persisted
rr_interval_4002_first_50000_001,100,125,35201,35300,35126,35250,0.5000,stable,stable,dominant_stable,dominant_stable,0.0000,0.0000,0.0000,persisted
rr_interval_4002_first_50000_001,100,125,35301,35400,35251,35375,0.7500,stable,stable,dominant_stable,dominant_stable,0.0000,0.0000,0.0000,persisted
rr_interval_4002_first_50000_001,100,125,35401,35500,35376,35500,1.0000,stable,stable,dominant_stable,dominant_stable,0.0040,-0.0040,0.0000,persisted
rr_interval_4002_first_50000_001,100,125,35501,35600,35501,35625,1.0000,stable,stable,dominant_stable,dominant_stable,0.0020,0.0000,-0.0020,persisted
rr_interval_4002_first_50000_001,100,125,35601,35700,35626,35750,0.7500,stable,stable,dominant_stable,dominant_stable,0.0040,-0.0040,0.0000,persisted
rr_interval_4002_first_50000_001,100,125,35701,35800,35626,35750,0.5000,stable,stable,dominant_stable,dominant_stable,0.0240,-0.0140,-0.0100,persisted
rr_interval_4002_first_50000_001,100,125,35801,35900,35751,35875,0.7500,stable,stable,dominant_stable,dominant_stable,-0.0220,0.0240,-0.0020,persisted
rr_interval_4002_first_50000_001,100,125,35901,36000,35876,36000,1.0000,stable,stable,dominant_stable,dominant_stable,0.0000,0.0000,0.0000,persisted
rr_interval_4002_first_50000_001,100,125,36001,36100,36001,36125,1.0000,stable,stable,dominant_stable,dominant_stable,0.0060,-0.0040,-0.0020,persisted
rr_interval_4002_first_50000_001,100,125,36101,36200,36126,36250,0.7500,stable,stable,dominant_stable,dominant_stable,0.0020,0.0000,-0.0020,persisted
rr_interval_4002_first_50000_001,100,125,36201,36300,36126,36250,0.5000,stable,stable,dominant_stable,dominant_stable,0.0020,0.0000,-0.0020,persisted
rr_interval_4002_first_50000_001,100,125,36301,36400,36251,36375,0.7500,stable,stable,dominant_stable,dominant_stable,0.0320,-0.0300,-0.0020,persisted
rr_interval_4002_first_50000_001,100,125,36401,36500,36376,36500,1.0000,stable,stable,dominant_stable,dominant_stable,0.0300,-0.0300,0.0000,persisted
rr_interval_4002_first_50000_001,100,125,36501,36600,36501,36625,1.0000,stable,stable,dominant_stable,dominant_stable,-0.0060,0.0000,0.0060,persisted
rr_interval_4002_first_50000_001,100,125,36601,36700,36626,36750,0.7500,stable,stable,dominant_stable,dominant_stable,-0.0140,0.0240,-0.0100,persisted
rr_interval_4002_first_50000_001,100,125,36701,36800,36626,36750,0.5000,stable,stable,dominant_stable,dominant_stable,0.0060,-0.0060,0.0000,persisted
rr_interval_4002_first_50000_001,100,125,36801,36900,36751,36875,0.7500,stable,stable,dominant_stable,dominant_stable,-0.0100,0.0100,0.0000,persisted
rr_interval_4002_first_50000_001,100,125,36901,37000,36876,37000,1.0000,stable,stable,dominant_stable,dominant_stable,0.0000,0.0000,0.0000,persisted
rr_interval_4002_first_50000_001,100,125,37001,37100,37001,37125,1.0000,stable,stable,dominant_stable,dominant_stable,0.0080,-0.0080,0.0000,persisted
rr_interval_4002_first_50000_001,100,125,37101,37200,37126,37250,0.7500,stable,stable,dominant_stable,dominant_stable,0.0200,-0.0100,-0.0100,persisted
rr_interval_4002_first_50000_001,100,125,37201,37300,37126,37250,0.5000,stable,stable,dominant_stable,dominant_stable,-0.0400,0.0400,0.0000,persisted
rr_interval_4002_first_50000_001,100,125,37301,37400,37251,37375,0.7500,stable,stable,dominant_stable,dominant_stable,0.0000,0.0000,0.0000,persisted
rr_interval_4002_first_50000_001,100,125,37401,37500,37376,37500,1.0000,stable,stable,dominant_stable,dominant_stable,0.0000,0.0000,0.0000,persisted
rr_interval_4002_first_50000_001,100,125,37501,37600,37501,37625,1.0000,stable,stable,dominant_stable,dominant_stable,0.0080,-0.0040,-0.0040,persisted
rr_interval_4002_first_50000_001,100,125,37601,37700,37626,37750,0.7500,stable,stable,dominant_stable,dominant_stable,0.0040,-0.0040,0.0000,persisted
rr_interval_4002_first_50000_001,100,125,37701,37800,37626,37750,0.5000,stable,stable,dominant_stable,dominant_stable,-0.0060,0.0160,-0.0100,persisted
rr_interval_4002_first_50000_001,100,125,37801,37900,37751,37875,0.7500,stable,stable,dominant_stable,dominant_stable,0.0180,-0.0160,-0.0020,persisted
rr_interval_4002_first_50000_001,100,125,37901,38000,37876,38000,1.0000,stable,stable,dominant_stable,dominant_stable,0.0200,-0.0100,-0.0100,persisted
rr_interval_4002_first_50000_001,100,125,38001,38100,38001,38125,1.0000,stable,stable,dominant_stable,dominant_stable,0.0040,-0.0040,0.0000,persisted
rr_interval_4002_first_50000_001,100,125,38101,38200,38126,38250,0.7500,stable,stable,dominant_stable,dominant_stable,-0.0320,0.0160,0.0160,persisted
rr_interval_4002_first_50000_001,100,125,38201,38300,38126,38250,0.5000,stable,stable,dominant_stable,dominant_stable,0.0180,-0.0140,-0.0040,persisted
rr_interval_4002_first_50000_001,100,125,38301,38400,38251,38375,0.7500,stable,stable,dominant_stable,dominant_stable,0.0340,-0.0340,0.0000,persisted
rr_interval_4002_first_50000_001,100,125,38401,38500,38376,38500,1.0000,stable,stable,dominant_stable,dominant_stable,0.0300,-0.0300,0.0000,persisted
rr_interval_4002_first_50000_001,100,125,38501,38600,38501,38625,1.0000,stable,stable,dominant_stable,dominant_stable,0.0200,-0.0100,-0.0100,persisted
rr_interval_4002_first_50000_001,100,125,38601,38700,38626,38750,0.7500,stable,stable,dominant_stable,dominant_stable,0.0060,-0.0060,0.0000,persisted
rr_interval_4002_first_50000_001,100,125,38701,38800,38626,38750,0.5000,stable,stable,dominant_stable,dominant_stable,0.0060,-0.0060,0.0000,persisted
rr_interval_4002_first_50000_001,100,125,38801,38900,38751,38875,0.7500,stable,stable,dominant_stable,dominant_stable,0.0120,-0.0200,0.0080,persisted
rr_interval_4002_first_50000_001,100,125,38901,39000,38876,39000,1.0000,stable,stable,dominant_stable,dominant_stable,0.0300,-0.0300,0.0000,persisted
rr_interval_4002_first_50000_001,100,125,39001,39100,39001,39125,1.0000,stable,stable,dominant_stable,dominant_stable,0.0000,0.0000,0.0000,persisted
rr_interval_4002_first_50000_001,100,125,39101,39200,39126,39250,0.7500,stable,stable,dominant_stable,dominant_stable,0.0340,-0.0340,0.0000,persisted
rr_interval_4002_first_50000_001,100,125,39201,39300,39126,39250,0.5000,stable,stable,dominant_stable,dominant_stable,-0.0160,0.0160,0.0000,persisted
rr_interval_4002_first_50000_001,100,125,39301,39400,39251,39375,0.7500,stable,stable,dominant_stable,dominant_stable,0.0000,0.0000,0.0000,persisted
rr_interval_4002_first_50000_001,100,125,39401,39500,39376,39500,1.0000,stable,stable,dominant_stable,dominant_stable,-0.0020,0.0120,-0.0100,persisted
rr_interval_4002_first_50000_001,100,125,39501,39600,39501,39625,1.0000,stable,stable,dominant_stable,dominant_stable,0.0320,-0.0300,-0.0020,persisted
rr_interval_4002_first_50000_001,100,125,39601,39700,39626,39750,0.7500,stable,stable,dominant_stable,dominant_stable,0.0400,-0.0300,-0.0100,persisted
rr_interval_4002_first_50000_001,100,125,39701,39800,39626,39750,0.5000,stable,stable,dominant_stable,dominant_stable,0.0100,0.0000,-0.0100,persisted
rr_interval_4002_first_50000_001,100,125,39801,39900,39751,39875,0.7500,stable,stable,dominant_stable,dominant_stable,-0.0300,0.0240,0.0060,persisted
rr_interval_4002_first_50000_001,100,125,39901,40000,39876,40000,1.0000,stable,stable,dominant_stable,dominant_stable,0.0040,-0.0040,0.0000,persisted
rr_interval_4002_first_50000_001,100,125,40001,40100,40001,40125,1.0000,stable,stable,dominant_stable,dominant_stable,-0.0300,0.0240,0.0060,persisted
rr_interval_4002_first_50000_001,100,125,40101,40200,40126,40250,0.7500,stable,stable,dominant_stable,dominant_stable,0.0200,0.0000,-0.0200,persisted
rr_interval_4002_first_50000_001,100,125,40201,40300,40126,40250,0.5000,stable,stable,dominant_stable,dominant_stable,0.0500,-0.0500,0.0000,persisted
rr_interval_4002_first_50000_001,100,125,40301,40400,40251,40375,0.7500,stable,stable,dominant_stable,dominant_stable,0.0700,-0.0600,-0.0100,persisted
rr_interval_4002_first_50000_001,100,125,40401,40500,40376,40500,1.0000,stable,stable,dominant_stable,dominant_stable,0.0140,-0.0120,-0.0020,persisted
rr_interval_4002_first_50000_001,100,125,40501,40600,40501,40625,1.0000,stable,stable,dominant_stable,dominant_stable,0.0040,-0.0040,0.0000,persisted
rr_interval_4002_first_50000_001,100,125,40601,40700,40626,40750,0.7500,stable,stable,dominant_stable,dominant_stable,-0.0020,-0.0060,0.0080,persisted
rr_interval_4002_first_50000_001,100,125,40701,40800,40626,40750,0.5000,stable,stable,dominant_stable,dominant_stable,-0.0020,-0.0060,0.0080,persisted
rr_interval_4002_first_50000_001,100,125,40801,40900,40751,40875,0.7500,stable,stable,dominant_stable,dominant_stable,0.0300,-0.0200,-0.0100,persisted
rr_interval_4002_first_50000_001,100,125,40901,41000,40876,41000,1.0000,stable,stable,dominant_stable,dominant_stable,-0.0040,0.0040,0.0000,persisted
rr_interval_4002_first_50000_001,100,125,41001,41100,41001,41125,1.0000,stable,stable,dominant_stable,dominant_stable,-0.0160,0.0160,0.0000,persisted
rr_interval_4002_first_50000_001,100,125,41101,41200,41126,41250,0.7500,stable,stable,dominant_stable,dominant_stable,0.0040,-0.0040,0.0000,persisted
rr_interval_4002_first_50000_001,100,125,41201,41300,41126,41250,0.5000,stable,stable,dominant_stable,dominant_stable,0.0040,-0.0040,0.0000,persisted
rr_interval_4002_first_50000_001,100,125,41301,41400,41251,41375,0.7500,stable,stable,dominant_stable,dominant_stable,0.0300,-0.0300,0.0000,persisted
rr_interval_4002_first_50000_001,100,125,41401,41500,41376,41500,1.0000,stable,stable,dominant_stable,dominant_stable,0.0120,-0.0200,0.0080,persisted
rr_interval_4002_first_50000_001,100,125,41501,41600,41501,41625,1.0000,stable,stable,dominant_stable,dominant_stable,0.0020,0.0000,-0.0020,persisted
rr_interval_4002_first_50000_001,100,125,41601,41700,41626,41750,0.7500,stable,stable,dominant_stable,dominant_stable,-0.0020,0.0040,-0.0020,persisted
rr_interval_4002_first_50000_001,100,125,41701,41800,41626,41750,0.5000,stable,stable,dominant_stable,dominant_stable,-0.0020,0.0040,-0.0020,persisted
rr_interval_4002_first_50000_001,100,125,41801,41900,41751,41875,0.7500,stable,stable,dominant_stable,dominant_stable,0.0040,-0.0040,0.0000,persisted
rr_interval_4002_first_50000_001,100,125,41901,42000,41876,42000,1.0000,stable,stable,dominant_stable,dominant_stable,0.0000,0.0000,0.0000,persisted
rr_interval_4002_first_50000_001,100,125,42001,42100,42001,42125,1.0000,stable,stable,dominant_stable,dominant_stable,0.0040,0.0000,-0.0040,persisted
rr_interval_4002_first_50000_001,100,125,42101,42200,42126,42250,0.7500,stable,stable,dominant_stable,dominant_stable,0.0260,-0.0340,0.0080,persisted
rr_interval_4002_first_50000_001,100,125,42201,42300,42126,42250,0.5000,stable,stable,dominant_stable,dominant_stable,0.0060,-0.0040,-0.0020,persisted
rr_interval_4002_first_50000_001,100,125,42301,42400,42251,42375,0.7500,stable,stable,dominant_stable,dominant_stable,-0.0380,0.0400,-0.0020,persisted
rr_interval_4002_first_50000_001,100,125,42401,42500,42376,42500,1.0000,stable,stable,dominant_stable,dominant_stable,0.0000,0.0000,0.0000,persisted
rr_interval_4002_first_50000_001,100,125,42501,42600,42501,42625,1.0000,stable,stable,dominant_stable,dominant_stable,0.0360,-0.0360,0.0000,persisted
rr_interval_4002_first_50000_001,100,125,42601,42700,42626,42750,0.7500,stable,stable,dominant_stable,dominant_stable,0.0160,-0.0140,-0.0020,persisted
rr_interval_4002_first_50000_001,100,125,42701,42800,42626,42750,0.5000,stable,stable,dominant_stable,dominant_stable,-0.0240,0.0160,0.0080,persisted
rr_interval_4002_first_50000_001,100,125,42801,42900,42751,42875,0.7500,stable,stable,dominant_stable,dominant_stable,0.0060,-0.0040,-0.0020,persisted
rr_interval_4002_first_50000_001,100,125,42901,43000,42876,43000,1.0000,stable,stable,dominant_stable,dominant_stable,0.0020,0.0000,-0.0020,persisted
rr_interval_4002_first_50000_001,100,125,43001,43100,43001,43125,1.0000,stable,stable,dominant_stable,dominant_stable,-0.0160,0.0000,0.0160,persisted
rr_interval_4002_first_50000_001,100,125,43101,43200,43126,43250,0.7500,stable,stable,dominant_stable,dominant_stable,0.0060,-0.0060,0.0000,persisted
rr_interval_4002_first_50000_001,100,125,43201,43300,43126,43250,0.5000,stable,stable,dominant_stable,dominant_stable,0.0060,-0.0060,0.0000,persisted
rr_interval_4002_first_50000_001,100,125,43301,43400,43251,43375,0.7500,stable,stable,dominant_stable,dominant_stable,0.0040,-0.0040,0.0000,persisted
rr_interval_4002_first_50000_001,100,125,43401,43500,43376,43500,1.0000,stable,stable,dominant_stable,dominant_stable,0.0000,0.0000,0.0000,persisted
rr_interval_4002_first_50000_001,100,125,43501,43600,43501,43625,1.0000,stable,stable,dominant_stable,dominant_stable,0.0240,-0.0220,-0.0020,persisted
rr_interval_4002_first_50000_001,100,125,43601,43700,43626,43750,0.7500,stable,stable,dominant_stable,dominant_stable,0.0160,-0.0040,-0.0120,persisted
rr_interval_4002_first_50000_001,100,125,43701,43800,43626,43750,0.5000,stable,stable,dominant_stable,dominant_stable,-0.0140,0.0160,-0.0020,persisted
rr_interval_4002_first_50000_001,100,125,43801,43900,43751,43875,0.7500,stable,stable,dominant_stable,dominant_stable,0.0000,0.0000,0.0000,persisted
rr_interval_4002_first_50000_001,100,125,43901,44000,43876,44000,1.0000,stable,stable,dominant_stable,dominant_stable,0.0000,0.0000,0.0000,persisted
rr_interval_4002_first_50000_001,100,125,44001,44100,44001,44125,1.0000,stable,stable,dominant_stable,dominant_stable,0.0000,0.0000,0.0000,persisted
rr_interval_4002_first_50000_001,100,125,44101,44200,44126,44250,0.7500,stable,stable,dominant_stable,dominant_stable,-0.0300,0.0240,0.0060,persisted
rr_interval_4002_first_50000_001,100,125,44201,44300,44126,44250,0.5000,stable,stable,dominant_stable,dominant_stable,-0.0200,0.0240,-0.0040,persisted
rr_interval_4002_first_50000_001,100,125,44301,44400,44251,44375,0.7500,stable,stable,dominant_stable,dominant_stable,-0.0160,0.0160,0.0000,persisted
rr_interval_4002_first_50000_001,100,125,44401,44500,44376,44500,1.0000,stable,stable,dominant_stable,dominant_stable,0.0000,0.0000,0.0000,persisted
rr_interval_4002_first_50000_001,100,125,44501,44600,44501,44625,1.0000,stable,stable,dominant_stable,dominant_stable,-0.0480,0.0400,0.0080,persisted
rr_interval_4002_first_50000_001,100,125,44601,44700,44626,44750,0.7500,stable,stable,dominant_stable,dominant_stable,0.0420,-0.0200,-0.0220,persisted
rr_interval_4002_first_50000_001,100,125,44701,44800,44626,44750,0.5000,stable,stable,dominant_stable,dominant_stable,0.0220,-0.0300,0.0080,persisted
rr_interval_4002_first_50000_001,100,125,44801,44900,44751,44875,0.7500,stable,stable,dominant_stable,dominant_stable,0.0000,0.0000,0.0000,persisted
rr_interval_4002_first_50000_001,100,125,44901,45000,44876,45000,1.0000,stable,stable,dominant_stable,dominant_stable,-0.0020,0.0120,-0.0100,persisted
rr_interval_4002_first_50000_001,100,125,45001,45100,45001,45125,1.0000,stable,stable,dominant_stable,dominant_stable,0.0420,-0.0400,-0.0020,persisted
rr_interval_4002_first_50000_001,100,125,45101,45200,45126,45250,0.7500,stable,stable,dominant_stable,dominant_stable,-0.0080,0.0000,0.0080,persisted
rr_interval_4002_first_50000_001,100,125,45201,45300,45126,45250,0.5000,stable,stable,dominant_stable,dominant_stable,0.0320,-0.0300,-0.0020,persisted
rr_interval_4002_first_50000_001,100,125,45301,45400,45251,45375,0.7500,stable,stable,dominant_stable,dominant_stable,0.0000,0.0000,0.0000,persisted
rr_interval_4002_first_50000_001,100,125,45401,45500,45376,45500,1.0000,stable,stable,dominant_stable,dominant_stable,0.0000,0.0000,0.0000,persisted
rr_interval_4002_first_50000_001,100,125,45501,45600,45501,45625,1.0000,stable,stable,dominant_stable,dominant_stable,0.0100,-0.0100,0.0000,persisted
rr_interval_4002_first_50000_001,100,125,45601,45700,45626,45750,0.7500,stable,stable,dominant_stable,dominant_stable,0.0020,0.0000,-0.0020,persisted
rr_interval_4002_first_50000_001,100,125,45701,45800,45626,45750,0.5000,stable,stable,dominant_stable,dominant_stable,-0.0080,0.0000,0.0080,persisted
rr_interval_4002_first_50000_001,100,125,45801,45900,45751,45875,0.7500,stable,stable,dominant_stable,dominant_stable,0.0000,0.0000,0.0000,persisted
rr_interval_4002_first_50000_001,100,125,45901,46000,45876,46000,1.0000,stable,stable,dominant_stable,dominant_stable,0.0120,0.0000,-0.0120,persisted
rr_interval_4002_first_50000_001,100,125,46001,46100,46001,46125,1.0000,stable,stable,dominant_stable,dominant_stable,0.0060,-0.0060,0.0000,persisted
rr_interval_4002_first_50000_001,100,125,46101,46200,46126,46250,0.7500,stable,stable,dominant_stable,dominant_stable,-0.0600,0.0520,0.0080,persisted
rr_interval_4002_first_50000_001,100,125,46201,46300,46126,46250,0.5000,stable,stable,dominant_stable,dominant_stable,-0.0200,0.0120,0.0080,persisted
rr_interval_4002_first_50000_001,100,125,46301,46400,46251,46375,0.7500,stable,stable,dominant_stable,dominant_stable,0.0100,0.0000,-0.0100,persisted
rr_interval_4002_first_50000_001,100,125,46401,46500,46376,46500,1.0000,stable,stable,dominant_stable,dominant_stable,0.0120,-0.0200,0.0080,persisted
rr_interval_4002_first_50000_001,100,125,46501,46600,46501,46625,1.0000,stable,stable,dominant_stable,dominant_stable,0.0000,0.0000,0.0000,persisted
rr_interval_4002_first_50000_001,100,125,46601,46700,46626,46750,0.7500,stable,stable,dominant_stable,dominant_stable,0.0080,-0.0080,0.0000,persisted
rr_interval_4002_first_50000_001,100,125,46701,46800,46626,46750,0.5000,stable,stable,dominant_stable,dominant_stable,0.0280,-0.0180,-0.0100,persisted
rr_interval_4002_first_50000_001,100,125,46801,46900,46751,46875,0.7500,stable,stable,dominant_stable,dominant_stable,0.0200,-0.0200,0.0000,persisted
rr_interval_4002_first_50000_001,100,125,46901,47000,46876,47000,1.0000,stable,stable,dominant_stable,dominant_stable,-0.0080,0.0000,0.0080,persisted
rr_interval_4002_first_50000_001,100,125,47001,47100,47001,47125,1.0000,stable,stable,dominant_stable,dominant_stable,0.0200,-0.0200,0.0000,persisted
rr_interval_4002_first_50000_001,100,125,47101,47200,47126,47250,0.7500,stable,stable,dominant_stable,dominant_stable,0.0520,-0.0500,-0.0020,persisted
rr_interval_4002_first_50000_001,100,125,47201,47300,47126,47250,0.5000,stable,stable,dominant_stable,dominant_stable,-0.0080,0.0000,0.0080,persisted
rr_interval_4002_first_50000_001,100,125,47301,47400,47251,47375,0.7500,stable,stable,dominant_stable,dominant_stable,0.0100,0.0000,-0.0100,persisted
rr_interval_4002_first_50000_001,100,125,47401,47500,47376,47500,1.0000,stable,stable,dominant_stable,dominant_stable,0.0080,-0.0060,-0.0020,persisted
rr_interval_4002_first_50000_001,100,125,47501,47600,47501,47625,1.0000,stable,stable,dominant_stable,dominant_stable,0.0060,-0.0060,0.0000,persisted
rr_interval_4002_first_50000_001,100,125,47601,47700,47626,47750,0.7500,stable,stable,dominant_stable,dominant_stable,0.0160,-0.0140,-0.0020,persisted
rr_interval_4002_first_50000_001,100,125,47701,47800,47626,47750,0.5000,stable,stable,dominant_stable,dominant_stable,-0.0140,0.0160,-0.0020,persisted
rr_interval_4002_first_50000_001,100,125,47801,47900,47751,47875,0.7500,stable,stable,dominant_stable,dominant_stable,0.0000,0.0100,-0.0100,persisted
rr_interval_4002_first_50000_001,100,125,47901,48000,47876,48000,1.0000,stable,stable,dominant_stable,dominant_stable,-0.0240,0.0240,0.0000,persisted
rr_interval_4002_first_50000_001,100,125,48001,48100,48001,48125,1.0000,stable,stable,dominant_stable,dominant_stable,0.0000,0.0000,0.0000,persisted
rr_interval_4002_first_50000_001,100,125,48101,48200,48126,48250,0.7500,stable,stable,dominant_stable,dominant_stable,0.0060,-0.0060,0.0000,persisted
rr_interval_4002_first_50000_001,100,125,48201,48300,48126,48250,0.5000,stable,stable,dominant_stable,dominant_stable,0.0060,-0.0060,0.0000,persisted
rr_interval_4002_first_50000_001,100,125,48301,48400,48251,48375,0.7500,stable,stable,dominant_stable,dominant_stable,0.0100,0.0000,-0.0100,persisted
rr_interval_4002_first_50000_001,100,125,48401,48500,48376,48500,1.0000,stable,stable,dominant_stable,dominant_stable,0.0060,-0.0060,0.0000,persisted
rr_interval_4002_first_50000_001,100,125,48501,48600,48501,48625,1.0000,stable,stable,dominant_stable,dominant_stable,0.0120,-0.0100,-0.0020,persisted
rr_interval_4002_first_50000_001,100,125,48601,48700,48626,48750,0.7500,stable,stable,dominant_stable,dominant_stable,-0.0120,0.0120,0.0000,persisted
rr_interval_4002_first_50000_001,100,125,48701,48800,48626,48750,0.5000,stable,stable,dominant_stable,dominant_stable,-0.0120,0.0120,0.0000,persisted
rr_interval_4002_first_50000_001,100,125,48801,48900,48751,48875,0.7500,stable,stable,dominant_stable,dominant_stable,0.0220,-0.0200,-0.0020,persisted
rr_interval_4002_first_50000_001,100,125,48901,49000,48876,49000,1.0000,stable,stable,dominant_stable,dominant_stable,0.0020,0.0000,-0.0020,persisted
rr_interval_4002_first_50000_001,100,125,49001,49100,49001,49125,1.0000,stable,stable,dominant_stable,dominant_stable,0.0340,-0.0340,0.0000,persisted
rr_interval_4002_first_50000_001,100,125,49101,49200,49126,49250,0.7500,stable,stable,dominant_stable,dominant_stable,-0.0020,-0.0060,0.0080,persisted
rr_interval_4002_first_50000_001,100,125,49201,49300,49126,49250,0.5000,stable,stable,dominant_stable,dominant_stable,0.0180,-0.0260,0.0080,persisted
rr_interval_4002_first_50000_001,100,125,49301,49400,49251,49375,0.7500,stable,stable,dominant_stable,dominant_stable,0.0000,0.0000,0.0000,persisted
rr_interval_4002_first_50000_001,100,125,49401,49500,49376,49500,1.0000,stable,stable,dominant_stable,dominant_stable,0.0040,-0.0040,0.0000,persisted
rr_interval_4002_first_50000_001,100,125,49501,49600,49501,49625,1.0000,stable,stable,dominant_stable,dominant_stable,0.0040,0.0000,-0.0040,persisted
rr_interval_4002_first_50000_001,100,125,49601,49700,49626,49750,0.7500,stable,stable,dominant_stable,dominant_stable,-0.0080,0.0000,0.0080,persisted
rr_interval_4002_first_50000_001,100,125,49701,49800,49626,49750,0.5000,stable,stable,dominant_stable,dominant_stable,-0.0080,0.0000,0.0080,persisted
rr_interval_4002_first_50000_001,100,125,49801,49900,49751,49875,0.7500,stable,stable,dominant_stable,dominant_stable,0.0000,0.0000,0.0000,persisted
rr_interval_4002_first_50000_001,100,125,49901,50000,49876,50000,1.0000,stable,stable,dominant_stable,dominant_stable,0.0120,-0.0100,-0.0020,persisted
rr_interval_4002_first_50000_001,125,150,1,125,1,150,1.0000,stable,stable,dominant_stable,dominant_stable,0.0213,-0.0200,-0.0013,persisted
rr_interval_4002_first_50000_001,125,150,126,250,151,300,0.8000,stable,stable,dominant_stable,dominant_stable,0.0080,0.0000,-0.0080,persisted
rr_interval_4002_first_50000_001,125,150,251,375,301,450,0.6000,stable,stable,dominant_stable,dominant_stable,0.0107,-0.0240,0.0133,persisted
rr_interval_4002_first_50000_001,125,150,376,500,301,450,0.6000,stable,stable,dominant_stable,dominant_stable,-0.0053,0.0000,0.0053,persisted
rr_interval_4002_first_50000_001,125,150,501,625,451,600,0.8000,stable,stable,dominant_stable,dominant_stable,-0.0200,0.0200,0.0000,persisted
rr_interval_4002_first_50000_001,125,150,626,750,601,750,1.0000,stable,stable,dominant_stable,dominant_stable,0.0000,0.0000,0.0000,persisted
rr_interval_4002_first_50000_001,125,150,751,875,751,900,1.0000,stable,stable,dominant_stable,dominant_stable,-0.0040,0.0040,0.0000,persisted
rr_interval_4002_first_50000_001,125,150,876,1000,901,1050,0.8000,stable,stable,dominant_stable,dominant_stable,0.0000,0.0000,0.0000,persisted
rr_interval_4002_first_50000_001,125,150,1001,1125,1051,1200,0.6000,stable,stable,dominant_stable,dominant_stable,-0.0120,0.0200,-0.0080,persisted
rr_interval_4002_first_50000_001,125,150,1126,1250,1051,1200,0.6000,stable,stable,dominant_stable,dominant_stable,0.0040,-0.0040,0.0000,persisted
rr_interval_4002_first_50000_001,125,150,1251,1375,1201,1350,0.8000,stable,stable,dominant_stable,dominant_stable,0.0400,-0.0400,0.0000,persisted
rr_interval_4002_first_50000_001,125,150,1376,1500,1351,1500,1.0000,stable,stable,dominant_stable,dominant_stable,-0.0187,0.0200,-0.0013,persisted
rr_interval_4002_first_50000_001,125,150,1501,1625,1501,1650,1.0000,stable,stable,dominant_stable,dominant_stable,0.0013,0.0000,-0.0013,persisted
rr_interval_4002_first_50000_001,125,150,1626,1750,1651,1800,0.8000,stable,stable,dominant_stable,dominant_stable,0.0027,-0.0027,0.0000,persisted
rr_interval_4002_first_50000_001,125,150,1751,1875,1801,1950,0.6000,stable,stable,dominant_stable,dominant_stable,0.0107,-0.0107,0.0000,persisted
rr_interval_4002_first_50000_001,125,150,1876,2000,1801,1950,0.6000,stable,stable,dominant_stable,dominant_stable,-0.0133,0.0133,0.0000,persisted
rr_interval_4002_first_50000_001,125,150,2001,2125,1951,2100,0.8000,stable,stable,dominant_stable,dominant_stable,0.0320,-0.0160,-0.0160,persisted
rr_interval_4002_first_50000_001,125,150,2126,2250,2101,2250,1.0000,stable,stable,dominant_stable,dominant_stable,0.0133,0.0027,-0.0160,persisted
rr_interval_4002_first_50000_001,125,150,2251,2375,2251,2400,1.0000,stable,stable,dominant_stable,dominant_stable,0.0040,-0.0040,0.0000,persisted
rr_interval_4002_first_50000_001,125,150,2376,2500,2401,2550,0.8000,stable,stable,dominant_stable,dominant_stable,0.0000,0.0000,0.0000,persisted
rr_interval_4002_first_50000_001,125,150,2501,2625,2551,2700,0.6000,stable,stable,dominant_stable,dominant_stable,-0.0120,0.0133,-0.0013,persisted
rr_interval_4002_first_50000_001,125,150,2626,2750,2551,2700,0.6000,stable,stable,dominant_stable,dominant_stable,-0.0040,-0.0027,0.0067,persisted
rr_interval_4002_first_50000_001,125,150,2751,2875,2701,2850,0.8000,stable,stable,dominant_stable,dominant_stable,0.0013,0.0000,-0.0013,persisted
rr_interval_4002_first_50000_001,125,150,2876,3000,2851,3000,1.0000,stable,stable,dominant_stable,dominant_stable,0.0040,-0.0040,0.0000,persisted
rr_interval_4002_first_50000_001,125,150,3001,3125,3001,3150,1.0000,stable,stable,dominant_stable,dominant_stable,0.0080,-0.0080,0.0000,persisted
rr_interval_4002_first_50000_001,125,150,3126,3250,3151,3300,0.8000,stable,stable,dominant_stable,dominant_stable,0.0000,0.0000,0.0000,persisted
rr_interval_4002_first_50000_001,125,150,3251,3375,3301,3450,0.6000,stable,stable,dominant_stable,dominant_stable,-0.0067,0.0000,0.0067,persisted
rr_interval_4002_first_50000_001,125,150,3376,3500,3301,3450,0.6000,stable,stable,dominant_stable,dominant_stable,0.0013,0.0000,-0.0013,persisted
rr_interval_4002_first_50000_001,125,150,3501,3625,3451,3600,0.8000,stable,stable,dominant_stable,dominant_stable,0.0080,-0.0080,0.0000,persisted
rr_interval_4002_first_50000_001,125,150,3626,3750,3601,3750,1.0000,stable,stable,dominant_stable,dominant_stable,0.0000,0.0000,0.0000,persisted
rr_interval_4002_first_50000_001,125,150,3751,3875,3751,3900,1.0000,stable,stable,dominant_stable,dominant_stable,0.0013,0.0000,-0.0013,persisted
rr_interval_4002_first_50000_001,125,150,3876,4000,3901,4050,0.8000,stable,stable,dominant_stable,dominant_stable,0.0000,0.0000,0.0000,persisted
rr_interval_4002_first_50000_001,125,150,4001,4125,4051,4200,0.6000,stable,stable,dominant_stable,dominant_stable,0.0080,0.0000,-0.0080,persisted
rr_interval_4002_first_50000_001,125,150,4126,4250,4051,4200,0.6000,stable,stable,dominant_stable,dominant_stable,0.0000,0.0000,0.0000,persisted
rr_interval_4002_first_50000_001,125,150,4251,4375,4201,4350,0.8000,stable,stable,dominant_stable,dominant_stable,0.0040,-0.0027,-0.0013,persisted
rr_interval_4002_first_50000_001,125,150,4376,4500,4351,4500,1.0000,stable,stable,dominant_stable,dominant_stable,0.0053,-0.0040,-0.0013,persisted
rr_interval_4002_first_50000_001,125,150,4501,4625,4501,4650,1.0000,stable,stable,dominant_stable,dominant_stable,-0.0133,0.0133,0.0000,persisted
rr_interval_4002_first_50000_001,125,150,4626,4750,4651,4800,0.8000,stable,stable,dominant_stable,dominant_stable,0.0027,-0.0027,0.0000,persisted
rr_interval_4002_first_50000_001,125,150,4751,4875,4801,4950,0.6000,stable,stable,dominant_stable,dominant_stable,0.0160,-0.0160,0.0000,persisted
rr_interval_4002_first_50000_001,125,150,4876,5000,4801,4950,0.6000,stable,stable,dominant_stable,dominant_stable,0.0320,-0.0320,0.0000,persisted
rr_interval_4002_first_50000_001,125,150,5001,5125,4951,5100,0.8000,stable,stable,dominant_stable,dominant_stable,0.0013,0.0000,-0.0013,persisted
rr_interval_4002_first_50000_001,125,150,5126,5250,5101,5250,1.0000,stable,stable,dominant_stable,dominant_stable,0.0000,0.0000,0.0000,persisted
rr_interval_4002_first_50000_001,125,150,5251,5375,5251,5400,1.0000,stable,stable,dominant_stable,dominant_stable,0.0067,-0.0067,0.0000,persisted
rr_interval_4002_first_50000_001,125,150,5376,5500,5401,5550,0.8000,stable,stable,dominant_stable,dominant_stable,0.0400,-0.0400,0.0000,persisted
rr_interval_4002_first_50000_001,125,150,5501,5625,5551,5700,0.6000,stable,stable,dominant_stable,dominant_stable,0.0133,-0.0133,0.0000,persisted
rr_interval_4002_first_50000_001,125,150,5626,5750,5551,5700,0.6000,stable,stable,dominant_stable,dominant_stable,-0.0027,0.0027,0.0000,persisted
rr_interval_4002_first_50000_001,125,150,5751,5875,5701,5850,0.8000,stable,stable,dominant_stable,dominant_stable,0.0000,0.0000,0.0000,persisted
rr_interval_4002_first_50000_001,125,150,5876,6000,5851,6000,1.0000,stable,stable,dominant_stable,dominant_stable,0.0000,0.0000,0.0000,persisted
rr_interval_4002_first_50000_001,125,150,6001,6125,6001,6150,1.0000,stable,stable,dominant_stable,dominant_stable,0.0160,-0.0160,0.0000,persisted
rr_interval_4002_first_50000_001,125,150,6126,6250,6151,6300,0.8000,stable,stable,dominant_stable,dominant_stable,-0.0267,0.0200,0.0067,persisted
rr_interval_4002_first_50000_001,125,150,6251,6375,6301,6450,0.6000,stable,stable,dominant_stable,dominant_stable,0.0160,-0.0160,0.0000,persisted
rr_interval_4002_first_50000_001,125,150,6376,6500,6301,6450,0.6000,stable,stable,dominant_stable,dominant_stable,0.0000,0.0000,0.0000,persisted
rr_interval_4002_first_50000_001,125,150,6501,6625,6451,6600,0.8000,stable,stable,dominant_stable,dominant_stable,0.0000,0.0000,0.0000,persisted
rr_interval_4002_first_50000_001,125,150,6626,6750,6601,6750,1.0000,stable,stable,dominant_stable,dominant_stable,0.0067,-0.0067,0.0000,persisted
rr_interval_4002_first_50000_001,125,150,6751,6875,6751,6900,1.0000,stable,stable,dominant_stable,dominant_stable,0.0080,-0.0067,-0.0013,persisted
rr_interval_4002_first_50000_001,125,150,6876,7000,6901,7050,0.8000,stable,stable,dominant_stable,dominant_stable,0.0013,0.0000,-0.0013,persisted
rr_interval_4002_first_50000_001,125,150,7001,7125,7051,7200,0.6000,stable,stable,dominant_stable,dominant_stable,0.0040,-0.0040,0.0000,persisted
rr_interval_4002_first_50000_001,125,150,7126,7250,7051,7200,0.6000,stable,stable,dominant_stable,dominant_stable,0.0120,-0.0040,-0.0080,persisted
rr_interval_4002_first_50000_001,125,150,7251,7375,7201,7350,0.8000,stable,stable,dominant_stable,dominant_stable,0.0053,-0.0040,-0.0013,persisted
rr_interval_4002_first_50000_001,125,150,7376,7500,7351,7500,1.0000,stable,stable,dominant_stable,dominant_stable,0.0000,0.0000,0.0000,persisted
rr_interval_4002_first_50000_001,125,150,7501,7625,7501,7650,1.0000,stable,stable,dominant_stable,dominant_stable,0.0000,0.0000,0.0000,persisted
rr_interval_4002_first_50000_001,125,150,7626,7750,7651,7800,0.8000,stable,stable,dominant_stable,dominant_stable,0.0000,0.0000,0.0000,persisted
rr_interval_4002_first_50000_001,125,150,7751,7875,7801,7950,0.6000,stable,stable,dominant_stable,dominant_stable,-0.0107,0.0107,0.0000,persisted
rr_interval_4002_first_50000_001,125,150,7876,8000,7801,7950,0.6000,stable,stable,dominant_stable,dominant_stable,0.0213,-0.0213,0.0000,persisted
rr_interval_4002_first_50000_001,125,150,8001,8125,7951,8100,0.8000,stable,stable,dominant_stable,dominant_stable,-0.0400,0.0267,0.0133,persisted
rr_interval_4002_first_50000_001,125,150,8126,8250,8101,8250,1.0000,stable,stable,dominant_stable,dominant_stable,0.0027,-0.0027,0.0000,persisted
rr_interval_4002_first_50000_001,125,150,8251,8375,8251,8400,1.0000,stable,stable,dominant_stable,dominant_stable,0.0093,-0.0067,-0.0027,persisted
rr_interval_4002_first_50000_001,125,150,8376,8500,8401,8550,0.8000,stable,stable,dominant_stable,dominant_stable,0.0000,0.0000,0.0000,persisted
rr_interval_4002_first_50000_001,125,150,8501,8625,8551,8700,0.6000,stable,stable,dominant_stable,dominant_stable,-0.0200,0.0133,0.0067,persisted
rr_interval_4002_first_50000_001,125,150,8626,8750,8551,8700,0.6000,stable,stable,dominant_stable,dominant_stable,-0.0040,-0.0027,0.0067,persisted
rr_interval_4002_first_50000_001,125,150,8751,8875,8701,8850,0.8000,stable,stable,dominant_stable,dominant_stable,0.0107,0.0000,-0.0107,persisted
rr_interval_4002_first_50000_001,125,150,8876,9000,8851,9000,1.0000,stable,stable,dominant_stable,dominant_stable,0.0000,0.0000,0.0000,persisted
rr_interval_4002_first_50000_001,125,150,9001,9125,9001,9150,1.0000,stable,stable,dominant_stable,dominant_stable,0.0027,0.0000,-0.0027,persisted
rr_interval_4002_first_50000_001,125,150,9126,9250,9151,9300,0.8000,stable,stable,dominant_stable,dominant_stable,0.0240,-0.0240,0.0000,persisted
rr_interval_4002_first_50000_001,125,150,9251,9375,9301,9450,0.6000,stable,stable,dominant_stable,dominant_stable,-0.0267,0.0200,0.0067,persisted
rr_interval_4002_first_50000_001,125,150,9376,9500,9301,9450,0.6000,stable,stable,dominant_stable,dominant_stable,-0.0187,0.0200,-0.0013,persisted
rr_interval_4002_first_50000_001,125,150,9501,9625,9451,9600,0.8000,stable,stable,dominant_stable,dominant_stable,0.0027,0.0000,-0.0027,persisted
rr_interval_4002_first_50000_001,125,150,9626,9750,9601,9750,1.0000,stable,stable,dominant_stable,dominant_stable,0.0040,-0.0027,-0.0013,persisted
rr_interval_4002_first_50000_001,125,150,9751,9875,9751,9900,1.0000,stable,stable,dominant_stable,dominant_stable,0.0013,0.0000,-0.0013,persisted
rr_interval_4002_first_50000_001,125,150,9876,10000,9901,10050,0.8000,stable,stable,dominant_stable,dominant_stable,0.0013,0.0000,-0.0013,persisted
rr_interval_4002_first_50000_001,125,150,10001,10125,10051,10200,0.6000,stable,stable,dominant_stable,dominant_stable,-0.0067,0.0000,0.0067,persisted
rr_interval_4002_first_50000_001,125,150,10126,10250,10051,10200,0.6000,stable,stable,dominant_stable,dominant_stable,0.0013,0.0000,-0.0013,persisted
rr_interval_4002_first_50000_001,125,150,10251,10375,10201,10350,0.8000,stable,stable,dominant_stable,dominant_stable,0.0013,0.0000,-0.0013,persisted
rr_interval_4002_first_50000_001,125,150,10376,10500,10351,10500,1.0000,stable,stable,dominant_stable,dominant_stable,0.0067,-0.0067,0.0000,persisted
rr_interval_4002_first_50000_001,125,150,10501,10625,10501,10650,1.0000,stable,stable,dominant_stable,dominant_stable,0.0013,0.0000,-0.0013,persisted
rr_interval_4002_first_50000_001,125,150,10626,10750,10651,10800,0.8000,stable,stable,dominant_stable,dominant_stable,-0.0067,0.0000,0.0067,persisted
rr_interval_4002_first_50000_001,125,150,10751,10875,10801,10950,0.6000,stable,stable,dominant_stable,dominant_stable,-0.0133,0.0133,0.0000,persisted
rr_interval_4002_first_50000_001,125,150,10876,11000,10801,10950,0.6000,stable,stable,dominant_stable,dominant_stable,-0.0373,0.0533,-0.0160,persisted
rr_interval_4002_first_50000_001,125,150,11001,11125,10951,11100,0.8000,stable,stable,dominant_stable,dominant_stable,-0.0133,0.0000,0.0133,persisted
rr_interval_4002_first_50000_001,125,150,11126,11250,11101,11250,1.0000,stable,stable,dominant_stable,dominant_stable,0.0000,0.0000,0.0000,persisted
rr_interval_4002_first_50000_001,125,150,11251,11375,11251,11400,1.0000,stable,stable,dominant_stable,dominant_stable,0.0013,0.0000,-0.0013,persisted
rr_interval_4002_first_50000_001,125,150,11376,11500,11401,11550,0.8000,stable,stable,dominant_stable,dominant_stable,0.0040,-0.0040,0.0000,persisted
rr_interval_4002_first_50000_001,125,150,11501,11625,11551,11700,0.6000,stable,stable,dominant_stable,dominant_stable,-0.0067,0.0000,0.0067,persisted
rr_interval_4002_first_50000_001,125,150,11626,11750,11551,11700,0.6000,stable,stable,dominant_stable,dominant_stable,0.0493,-0.0480,-0.0013,persisted
rr_interval_4002_first_50000_001,125,150,11751,11875,11701,11850,0.8000,stable,stable,dominant_stable,dominant_stable,0.0040,-0.0040,0.0000,persisted
rr_interval_4002_first_50000_001,125,150,11876,12000,11851,12000,1.0000,stable,stable,dominant_stable,dominant_stable,-0.0333,0.0333,0.0000,persisted
rr_interval_4002_first_50000_001,125,150,12001,12125,12001,12150,1.0000,stable,stable,dominant_stable,dominant_stable,0.0000,0.0000,0.0000,persisted
rr_interval_4002_first_50000_001,125,150,12126,12250,12151,12300,0.8000,stable,stable,dominant_stable,dominant_stable,-0.0040,0.0040,0.0000,persisted
rr_interval_4002_first_50000_001,125,150,12251,12375,12301,12450,0.6000,stable,stable,dominant_stable,dominant_stable,-0.0200,0.0200,0.0000,persisted
rr_interval_4002_first_50000_001,125,150,12376,12500,12301,12450,0.6000,stable,stable,dominant_stable,dominant_stable,0.0040,-0.0040,0.0000,persisted
rr_interval_4002_first_50000_001,125,150,12501,12625,12451,12600,0.8000,stable,stable,dominant_stable,dominant_stable,0.0333,-0.0240,-0.0093,persisted
rr_interval_4002_first_50000_001,125,150,12626,12750,12601,12750,1.0000,stable,stable,dominant_stable,dominant_stable,0.0013,0.0000,-0.0013,persisted
rr_interval_4002_first_50000_001,125,150,12751,12875,12751,12900,1.0000,stable,stable,dominant_stable,dominant_stable,-0.0400,0.0400,0.0000,persisted
rr_interval_4002_first_50000_001,125,150,12876,13000,12901,13050,0.8000,stable,stable,dominant_stable,dominant_stable,0.0000,0.0000,0.0000,persisted
rr_interval_4002_first_50000_001,125,150,13001,13125,13051,13200,0.6000,stable,stable,dominant_stable,dominant_stable,-0.0160,0.0160,0.0000,persisted
rr_interval_4002_first_50000_001,125,150,13126,13250,13051,13200,0.6000,stable,stable,dominant_stable,dominant_stable,-0.0400,0.0400,0.0000,persisted
rr_interval_4002_first_50000_001,125,150,13251,13375,13201,13350,0.8000,stable,stable,dominant_stable,dominant_stable,0.0040,0.0040,-0.0080,persisted
rr_interval_4002_first_50000_001,125,150,13376,13500,13351,13500,1.0000,stable,stable,dominant_stable,dominant_stable,0.0000,0.0000,0.0000,persisted
rr_interval_4002_first_50000_001,125,150,13501,13625,13501,13650,1.0000,stable,stable,dominant_stable,dominant_stable,0.0000,0.0000,0.0000,persisted
rr_interval_4002_first_50000_001,125,150,13626,13750,13651,13800,0.8000,stable,stable,dominant_stable,dominant_stable,0.0000,0.0000,0.0000,persisted
rr_interval_4002_first_50000_001,125,150,13751,13875,13801,13950,0.6000,stable,stable,dominant_stable,dominant_stable,0.0480,-0.0480,0.0000,persisted
rr_interval_4002_first_50000_001,125,150,13876,14000,13801,13950,0.6000,stable,stable,dominant_stable,dominant_stable,0.0000,0.0000,0.0000,persisted
rr_interval_4002_first_50000_001,125,150,14001,14125,13951,14100,0.8000,stable,stable,dominant_stable,dominant_stable,0.0000,0.0000,0.0000,persisted
rr_interval_4002_first_50000_001,125,150,14126,14250,14101,14250,1.0000,stable,stable,dominant_stable,dominant_stable,-0.0040,0.0133,-0.0093,persisted
rr_interval_4002_first_50000_001,125,150,14251,14375,14251,14400,1.0000,stable,stable,dominant_stable,dominant_stable,0.0040,0.0000,-0.0040,persisted
rr_interval_4002_first_50000_001,125,150,14376,14500,14401,14550,0.8000,stable,stable,dominant_stable,dominant_stable,0.0000,0.0000,0.0000,persisted
rr_interval_4002_first_50000_001,125,150,14501,14625,14551,14700,0.6000,stable,stable,dominant_stable,dominant_stable,0.0267,-0.0267,0.0000,persisted
rr_interval_4002_first_50000_001,125,150,14626,14750,14551,14700,0.6000,stable,stable,dominant_stable,dominant_stable,0.0347,-0.0267,-0.0080,persisted
rr_interval_4002_first_50000_001,125,150,14751,14875,14701,14850,0.8000,stable,stable,dominant_stable,dominant_stable,0.0120,-0.0120,0.0000,persisted
rr_interval_4002_first_50000_001,125,150,14876,15000,14851,15000,1.0000,stable,stable,dominant_stable,dominant_stable,0.0027,-0.0027,0.0000,persisted
rr_interval_4002_first_50000_001,125,150,15001,15125,15001,15150,1.0000,stable,stable,dominant_stable,dominant_stable,0.0053,-0.0053,0.0000,persisted
rr_interval_4002_first_50000_001,125,150,15126,15250,15151,15300,0.8000,stable,stable,dominant_stable,dominant_stable,-0.0133,0.0133,0.0000,persisted
rr_interval_4002_first_50000_001,125,150,15251,15375,15301,15450,0.6000,stable,stable,dominant_stable,dominant_stable,0.0107,-0.0160,0.0053,persisted
rr_interval_4002_first_50000_001,125,150,15376,15500,15301,15450,0.6000,stable,stable,dominant_stable,dominant_stable,-0.0133,0.0000,0.0133,persisted
rr_interval_4002_first_50000_001,125,150,15501,15625,15451,15600,0.8000,stable,stable,dominant_stable,dominant_stable,-0.0187,0.0200,-0.0013,persisted
rr_interval_4002_first_50000_001,125,150,15626,15750,15601,15750,1.0000,stable,stable,dominant_stable,dominant_stable,0.0000,0.0000,0.0000,persisted
rr_interval_4002_first_50000_001,125,150,15751,15875,15751,15900,1.0000,stable,stable,dominant_stable,dominant_stable,0.0240,-0.0240,0.0000,persisted
rr_interval_4002_first_50000_001,125,150,15876,16000,15901,16050,0.8000,stable,stable,dominant_stable,dominant_stable,0.0107,-0.0160,0.0053,persisted
rr_interval_4002_first_50000_001,125,150,16001,16125,16051,16200,0.6000,stable,stable,dominant_stable,dominant_stable,0.0000,0.0000,0.0000,persisted
rr_interval_4002_first_50000_001,125,150,16126,16250,16051,16200,0.6000,stable,stable,dominant_stable,dominant_stable,0.0000,0.0000,0.0000,persisted
rr_interval_4002_first_50000_001,125,150,16251,16375,16201,16350,0.8000,stable,stable,dominant_stable,dominant_stable,0.0000,0.0000,0.0000,persisted
rr_interval_4002_first_50000_001,125,150,16376,16500,16351,16500,1.0000,stable,stable,dominant_stable,dominant_stable,0.0000,0.0000,0.0000,persisted
rr_interval_4002_first_50000_001,125,150,16501,16625,16501,16650,1.0000,stable,stable,dominant_stable,dominant_stable,0.0000,0.0000,0.0000,persisted
rr_interval_4002_first_50000_001,125,150,16626,16750,16651,16800,0.8000,stable,stable,dominant_stable,dominant_stable,0.0480,-0.0320,-0.0160,persisted
rr_interval_4002_first_50000_001,125,150,16751,16875,16801,16950,0.6000,stable,stable,dominant_stable,dominant_stable,-0.0107,-0.0027,0.0133,persisted
rr_interval_4002_first_50000_001,125,150,16876,17000,16801,16950,0.6000,stable,stable,dominant_stable,dominant_stable,0.0053,-0.0107,0.0053,persisted
rr_interval_4002_first_50000_001,125,150,17001,17125,16951,17100,0.8000,stable,stable,dominant_stable,dominant_stable,0.0200,-0.0200,0.0000,persisted
rr_interval_4002_first_50000_001,125,150,17126,17250,17101,17250,1.0000,stable,stable,dominant_stable,dominant_stable,0.0000,0.0000,0.0000,persisted
rr_interval_4002_first_50000_001,125,150,17251,17375,17251,17400,1.0000,stable,stable,dominant_stable,dominant_stable,0.0160,-0.0160,0.0000,persisted
rr_interval_4002_first_50000_001,125,150,17376,17500,17401,17550,0.8000,stable,stable,dominant_stable,dominant_stable,0.0093,0.0000,-0.0093,persisted
rr_interval_4002_first_50000_001,125,150,17501,17625,17551,17700,0.6000,stable,stable,dominant_stable,dominant_stable,0.0000,0.0000,0.0000,persisted
rr_interval_4002_first_50000_001,125,150,17626,17750,17551,17700,0.6000,stable,stable,dominant_stable,dominant_stable,0.0000,0.0000,0.0000,persisted
rr_interval_4002_first_50000_001,125,150,17751,17875,17701,17850,0.8000,stable,stable,dominant_stable,dominant_stable,0.0000,0.0000,0.0000,persisted
rr_interval_4002_first_50000_001,125,150,17876,18000,17851,18000,1.0000,stable,stable,dominant_stable,dominant_stable,0.0200,-0.0200,0.0000,persisted
rr_interval_4002_first_50000_001,125,150,18001,18125,18001,18150,1.0000,stable,stable,dominant_stable,dominant_stable,0.0000,0.0000,0.0000,persisted
rr_interval_4002_first_50000_001,125,150,18126,18250,18151,18300,0.8000,stable,stable,dominant_stable,dominant_stable,0.0013,0.0000,-0.0013,persisted
rr_interval_4002_first_50000_001,125,150,18251,18375,18301,18450,0.6000,stable,stable,dominant_stable,dominant_stable,0.0040,-0.0040,0.0000,persisted
rr_interval_4002_first_50000_001,125,150,18376,18500,18301,18450,0.6000,stable,stable,dominant_stable,dominant_stable,-0.0120,0.0200,-0.0080,persisted
rr_interval_4002_first_50000_001,125,150,18501,18625,18451,18600,0.8000,stable,stable,dominant_stable,dominant_stable,0.0000,0.0000,0.0000,persisted
rr_interval_4002_first_50000_001,125,150,18626,18750,18601,18750,1.0000,stable,stable,dominant_stable,dominant_stable,0.0000,0.0000,0.0000,persisted
rr_interval_4002_first_50000_001,125,150,18751,18875,18751,18900,1.0000,stable,stable,dominant_stable,dominant_stable,0.0027,-0.0027,0.0000,persisted
rr_interval_4002_first_50000_001,125,150,18876,19000,18901,19050,0.8000,stable,stable,dominant_stable,dominant_stable,0.0040,-0.0040,0.0000,persisted
rr_interval_4002_first_50000_001,125,150,19001,19125,19051,19200,0.6000,stable,stable,dominant_stable,dominant_stable,0.0027,-0.0027,0.0000,persisted
rr_interval_4002_first_50000_001,125,150,19126,19250,19051,19200,0.6000,stable,stable,dominant_stable,dominant_stable,0.0107,-0.0107,0.0000,persisted
rr_interval_4002_first_50000_001,125,150,19251,19375,19201,19350,0.8000,stable,stable,dominant_stable,dominant_stable,-0.0333,0.0200,0.0133,persisted
rr_interval_4002_first_50000_001,125,150,19376,19500,19351,19500,1.0000,stable,stable,dominant_stable,dominant_stable,0.0000,0.0000,0.0000,persisted
rr_interval_4002_first_50000_001,125,150,19501,19625,19501,19650,1.0000,stable,stable,dominant_stable,dominant_stable,-0.0333,0.0267,0.0067,persisted
rr_interval_4002_first_50000_001,125,150,19626,19750,19651,19800,0.8000,stable,stable,dominant_stable,dominant_stable,0.0733,-0.0720,-0.0013,persisted
rr_interval_4002_first_50000_001,125,150,19751,19875,19801,19950,0.6000,stable,stable,dominant_stable,dominant_stable,0.0000,0.0000,0.0000,persisted
rr_interval_4002_first_50000_001,125,150,19876,20000,19801,19950,0.6000,stable,stable,dominant_stable,dominant_stable,0.0640,-0.0640,0.0000,persisted
rr_interval_4002_first_50000_001,125,150,20001,20125,19951,20100,0.8000,stable,stable,dominant_stable,dominant_stable,0.0480,-0.0480,0.0000,persisted
rr_interval_4002_first_50000_001,125,150,20126,20250,20101,20250,1.0000,stable,stable,dominant_stable,dominant_stable,0.0000,0.0000,0.0000,persisted
rr_interval_4002_first_50000_001,125,150,20251,20375,20251,20400,1.0000,stable,stable,dominant_stable,dominant_stable,0.0240,-0.0240,0.0000,persisted
rr_interval_4002_first_50000_001,125,150,20376,20500,20401,20550,0.8000,stable,stable,dominant_stable,dominant_stable,0.0320,-0.0240,-0.0080,persisted
rr_interval_4002_first_50000_001,125,150,20501,20625,20551,20700,0.6000,stable,stable,dominant_stable,dominant_stable,0.0107,-0.0107,0.0000,persisted
rr_interval_4002_first_50000_001,125,150,20626,20750,20551,20700,0.6000,stable,stable,dominant_stable,dominant_stable,0.0107,-0.0107,0.0000,persisted
rr_interval_4002_first_50000_001,125,150,20751,20875,20701,20850,0.8000,stable,stable,dominant_stable,dominant_stable,0.0173,-0.0240,0.0067,persisted
rr_interval_4002_first_50000_001,125,150,20876,21000,20851,21000,1.0000,stable,stable,dominant_stable,dominant_stable,0.0040,-0.0040,0.0000,persisted
rr_interval_4002_first_50000_001,125,150,21001,21125,21001,21150,1.0000,stable,stable,dominant_stable,dominant_stable,0.0067,-0.0067,0.0000,persisted
rr_interval_4002_first_50000_001,125,150,21126,21250,21151,21300,0.8000,stable,stable,dominant_stable,dominant_stable,0.0067,-0.0067,0.0000,persisted
rr_interval_4002_first_50000_001,125,150,21251,21375,21301,21450,0.6000,stable,stable,dominant_stable,dominant_stable,0.0000,0.0000,0.0000,persisted
rr_interval_4002_first_50000_001,125,150,21376,21500,21301,21450,0.6000,stable,stable,dominant_stable,dominant_stable,0.0080,0.0000,-0.0080,persisted
rr_interval_4002_first_50000_001,125,150,21501,21625,21451,21600,0.8000,stable,stable,dominant_stable,dominant_stable,0.0000,0.0000,0.0000,persisted
rr_interval_4002_first_50000_001,125,150,21626,21750,21601,21750,1.0000,stable,stable,dominant_stable,dominant_stable,0.0000,0.0000,0.0000,persisted
rr_interval_4002_first_50000_001,125,150,21751,21875,21751,21900,1.0000,stable,stable,dominant_stable,dominant_stable,0.0000,0.0000,0.0000,persisted
rr_interval_4002_first_50000_001,125,150,21876,22000,21901,22050,0.8000,stable,stable,dominant_stable,dominant_stable,0.0107,-0.0240,0.0133,persisted
rr_interval_4002_first_50000_001,125,150,22001,22125,22051,22200,0.6000,stable,stable,dominant_stable,dominant_stable,0.0107,-0.0107,0.0000,persisted
rr_interval_4002_first_50000_001,125,150,22126,22250,22051,22200,0.6000,stable,stable,dominant_stable,dominant_stable,0.0187,-0.0107,-0.0080,persisted
rr_interval_4002_first_50000_001,125,150,22251,22375,22201,22350,0.8000,stable,stable,dominant_stable,dominant_stable,0.0000,0.0000,0.0000,persisted
rr_interval_4002_first_50000_001,125,150,22376,22500,22351,22500,1.0000,stable,stable,dominant_stable,dominant_stable,0.0080,-0.0080,0.0000,persisted
rr_interval_4002_first_50000_001,125,150,22501,22625,22501,22650,1.0000,stable,stable,dominant_stable,dominant_stable,0.0000,0.0000,0.0000,persisted
rr_interval_4002_first_50000_001,125,150,22626,22750,22651,22800,0.8000,stable,stable,dominant_stable,dominant_stable,0.0000,0.0000,0.0000,persisted
rr_interval_4002_first_50000_001,125,150,22751,22875,22801,22950,0.6000,stable,stable,dominant_stable,dominant_stable,0.0000,0.0000,0.0000,persisted
rr_interval_4002_first_50000_001,125,150,22876,23000,22801,22950,0.6000,stable,stable,dominant_stable,dominant_stable,0.0320,-0.0240,-0.0080,persisted
rr_interval_4002_first_50000_001,125,150,23001,23125,22951,23100,0.8000,stable,stable,dominant_stable,dominant_stable,0.0013,0.0000,-0.0013,persisted
rr_interval_4002_first_50000_001,125,150,23126,23250,23101,23250,1.0000,stable,stable,dominant_stable,dominant_stable,0.0013,0.0000,-0.0013,persisted
rr_interval_4002_first_50000_001,125,150,23251,23375,23251,23400,1.0000,stable,stable,dominant_stable,dominant_stable,-0.0240,0.0400,-0.0160,persisted
rr_interval_4002_first_50000_001,125,150,23376,23500,23401,23550,0.8000,stable,stable,dominant_stable,dominant_stable,0.0107,-0.0027,-0.0080,persisted
rr_interval_4002_first_50000_001,125,150,23501,23625,23551,23700,0.6000,stable,stable,dominant_stable,dominant_stable,0.0027,0.0133,-0.0160,persisted
rr_interval_4002_first_50000_001,125,150,23626,23750,23551,23700,0.6000,stable,stable,dominant_stable,dominant_stable,0.0107,-0.0027,-0.0080,persisted
rr_interval_4002_first_50000_001,125,150,23751,23875,23701,23850,0.8000,stable,stable,dominant_stable,dominant_stable,-0.0120,0.0200,-0.0080,persisted
rr_interval_4002_first_50000_001,125,150,23876,24000,23851,24000,1.0000,stable,stable,dominant_stable,dominant_stable,0.0000,0.0000,0.0000,persisted
rr_interval_4002_first_50000_001,125,150,24001,24125,24001,24150,1.0000,stable,stable,dominant_stable,dominant_stable,0.0000,0.0000,0.0000,persisted
rr_interval_4002_first_50000_001,125,150,24126,24250,24151,24300,0.8000,stable,stable,dominant_stable,dominant_stable,0.0107,-0.0027,-0.0080,persisted
rr_interval_4002_first_50000_001,125,150,24251,24375,24301,24450,0.6000,stable,stable,dominant_stable,dominant_stable,0.0027,-0.0027,0.0000,persisted
rr_interval_4002_first_50000_001,125,150,24376,24500,24301,24450,0.6000,stable,stable,dominant_stable,dominant_stable,-0.0133,0.0133,0.0000,persisted
rr_interval_4002_first_50000_001,125,150,24501,24625,24451,24600,0.8000,stable,stable,dominant_stable,dominant_stable,0.0133,-0.0040,-0.0093,persisted
rr_interval_4002_first_50000_001,125,150,24626,24750,24601,24750,1.0000,stable,stable,dominant_stable,dominant_stable,0.0093,-0.0080,-0.0013,persisted
rr_interval_4002_first_50000_001,125,150,24751,24875,24751,24900,1.0000,stable,stable,dominant_stable,dominant_stable,0.0187,-0.0107,-0.0080,persisted
rr_interval_4002_first_50000_001,125,150,24876,25000,24901,25050,0.8000,stable,stable,dominant_stable,dominant_stable,-0.0133,0.0147,-0.0013,persisted
rr_interval_4002_first_50000_001,125,150,25001,25125,25051,25200,0.6000,stable,stable,dominant_stable,dominant_stable,0.0093,0.0000,-0.0093,persisted
rr_interval_4002_first_50000_001,125,150,25126,25250,25051,25200,0.6000,stable,stable,dominant_stable,dominant_stable,0.0013,0.0000,-0.0013,persisted
rr_interval_4002_first_50000_001,125,150,25251,25375,25201,25350,0.8000,stable,stable,dominant_stable,dominant_stable,-0.0053,0.0133,-0.0080,persisted
rr_interval_4002_first_50000_001,125,150,25376,25500,25351,25500,1.0000,stable,stable,dominant_stable,dominant_stable,0.0000,0.0000,0.0000,persisted
rr_interval_4002_first_50000_001,125,150,25501,25625,25501,25650,1.0000,stable,stable,dominant_stable,dominant_stable,0.0053,-0.0027,-0.0027,persisted
rr_interval_4002_first_50000_001,125,150,25626,25750,25651,25800,0.8000,stable,stable,dominant_stable,dominant_stable,-0.0133,0.0133,0.0000,persisted
rr_interval_4002_first_50000_001,125,150,25751,25875,25801,25950,0.6000,stable,stable,dominant_stable,dominant_stable,0.0200,-0.0187,-0.0013,persisted
rr_interval_4002_first_50000_001,125,150,25876,26000,25801,25950,0.6000,stable,stable,dominant_stable,dominant_stable,-0.0200,0.0133,0.0067,persisted
rr_interval_4002_first_50000_001,125,150,26001,26125,25951,26100,0.8000,stable,stable,dominant_stable,dominant_stable,0.0320,0.0000,-0.0320,persisted
rr_interval_4002_first_50000_001,125,150,26126,26250,26101,26250,1.0000,stable,stable,dominant_stable,dominant_stable,-0.0267,0.0000,0.0267,persisted
rr_interval_4002_first_50000_001,125,150,26251,26375,26251,26400,1.0000,stable,stable,dominant_stable,dominant_stable,-0.0107,0.0200,-0.0093,persisted
rr_interval_4002_first_50000_001,125,150,26376,26500,26401,26550,0.8000,stable,stable,dominant_stable,dominant_stable,0.0240,-0.0240,0.0000,persisted
rr_interval_4002_first_50000_001,125,150,26501,26625,26551,26700,0.6000,stable,stable,dominant_stable,dominant_stable,0.0000,0.0000,0.0000,persisted
rr_interval_4002_first_50000_001,125,150,26626,26750,26551,26700,0.6000,stable,stable,dominant_stable,dominant_stable,0.0000,0.0000,0.0000,persisted
rr_interval_4002_first_50000_001,125,150,26751,26875,26701,26850,0.8000,stable,stable,dominant_stable,dominant_stable,0.0000,0.0000,0.0000,persisted
rr_interval_4002_first_50000_001,125,150,26876,27000,26851,27000,1.0000,stable,stable,dominant_stable,dominant_stable,0.0013,0.0000,-0.0013,persisted
rr_interval_4002_first_50000_001,125,150,27001,27125,27001,27150,1.0000,stable,stable,dominant_stable,dominant_stable,0.0000,0.0000,0.0000,persisted
rr_interval_4002_first_50000_001,125,150,27126,27250,27151,27300,0.8000,stable,stable,dominant_stable,dominant_stable,0.0000,0.0000,0.0000,persisted
rr_interval_4002_first_50000_001,125,150,27251,27375,27301,27450,0.6000,stable,stable,dominant_stable,dominant_stable,0.0013,0.0000,-0.0013,persisted
rr_interval_4002_first_50000_001,125,150,27376,27500,27301,27450,0.6000,stable,stable,dominant_stable,dominant_stable,-0.0147,0.0160,-0.0013,persisted
rr_interval_4002_first_50000_001,125,150,27501,27625,27451,27600,0.8000,stable,stable,dominant_stable,dominant_stable,0.0200,-0.0107,-0.0093,persisted
rr_interval_4002_first_50000_001,125,150,27626,27750,27601,27750,1.0000,stable,stable,dominant_stable,dominant_stable,0.0027,0.0000,-0.0027,persisted
rr_interval_4002_first_50000_001,125,150,27751,27875,27751,27900,1.0000,stable,stable,dominant_stable,dominant_stable,0.0027,-0.0027,0.0000,persisted
rr_interval_4002_first_50000_001,125,150,27876,28000,27901,28050,0.8000,stable,stable,dominant_stable,dominant_stable,0.0000,0.0000,0.0000,persisted
rr_interval_4002_first_50000_001,125,150,28001,28125,28051,28200,0.6000,stable,stable,dominant_stable,dominant_stable,0.0000,0.0000,0.0000,persisted
rr_interval_4002_first_50000_001,125,150,28126,28250,28051,28200,0.6000,stable,stable,dominant_stable,dominant_stable,0.0480,-0.0400,-0.0080,persisted
rr_interval_4002_first_50000_001,125,150,28251,28375,28201,28350,0.8000,stable,stable,dominant_stable,dominant_stable,-0.0400,0.0333,0.0067,persisted
rr_interval_4002_first_50000_001,125,150,28376,28500,28351,28500,1.0000,stable,stable,dominant_stable,dominant_stable,0.0040,-0.0040,0.0000,persisted
rr_interval_4002_first_50000_001,125,150,28501,28625,28501,28650,1.0000,stable,stable,dominant_stable,dominant_stable,0.0027,-0.0027,0.0000,persisted
rr_interval_4002_first_50000_001,125,150,28626,28750,28651,28800,0.8000,stable,stable,dominant_stable,dominant_stable,0.0013,0.0000,-0.0013,persisted
rr_interval_4002_first_50000_001,125,150,28751,28875,28801,28950,0.6000,stable,stable,dominant_stable,dominant_stable,0.0240,-0.0160,-0.0080,persisted
rr_interval_4002_first_50000_001,125,150,28876,29000,28801,28950,0.6000,stable,stable,dominant_stable,dominant_stable,0.0000,0.0000,0.0000,persisted
rr_interval_4002_first_50000_001,125,150,29001,29125,28951,29100,0.8000,stable,stable,dominant_stable,dominant_stable,0.0000,0.0000,0.0000,persisted
rr_interval_4002_first_50000_001,125,150,29126,29250,29101,29250,1.0000,stable,stable,dominant_stable,dominant_stable,0.0053,0.0040,-0.0093,persisted
rr_interval_4002_first_50000_001,125,150,29251,29375,29251,29400,1.0000,stable,stable,dominant_stable,dominant_stable,0.0013,0.0000,-0.0013,persisted
rr_interval_4002_first_50000_001,125,150,29376,29500,29401,29550,0.8000,stable,stable,dominant_stable,dominant_stable,0.0000,0.0000,0.0000,persisted
rr_interval_4002_first_50000_001,125,150,29501,29625,29551,29700,0.6000,stable,stable,dominant_stable,dominant_stable,-0.0453,0.0400,0.0053,persisted
rr_interval_4002_first_50000_001,125,150,29626,29750,29551,29700,0.6000,stable,stable,dominant_stable,dominant_stable,-0.0213,0.0080,0.0133,persisted
rr_interval_4002_first_50000_001,125,150,29751,29875,29701,29850,0.8000,stable,stable,dominant_stable,dominant_stable,0.0493,-0.0400,-0.0093,persisted
rr_interval_4002_first_50000_001,125,150,29876,30000,29851,30000,1.0000,stable,stable,dominant_stable,dominant_stable,0.0040,-0.0040,0.0000,persisted
rr_interval_4002_first_50000_001,125,150,30001,30125,30001,30150,1.0000,stable,stable,dominant_stable,dominant_stable,-0.0067,0.0000,0.0067,persisted
rr_interval_4002_first_50000_001,125,150,30126,30250,30151,30300,0.8000,stable,stable,dominant_stable,dominant_stable,0.0040,-0.0040,0.0000,persisted
rr_interval_4002_first_50000_001,125,150,30251,30375,30301,30450,0.6000,stable,stable,dominant_stable,dominant_stable,0.0093,-0.0160,0.0067,persisted
rr_interval_4002_first_50000_001,125,150,30376,30500,30301,30450,0.6000,stable,stable,dominant_stable,dominant_stable,0.0013,0.0000,-0.0013,persisted
rr_interval_4002_first_50000_001,125,150,30501,30625,30451,30600,0.8000,stable,stable,dominant_stable,dominant_stable,0.0027,0.0000,-0.0027,persisted
rr_interval_4002_first_50000_001,125,150,30626,30750,30601,30750,1.0000,stable,stable,dominant_stable,dominant_stable,-0.0307,0.0333,-0.0027,persisted
rr_interval_4002_first_50000_001,125,150,30751,30875,30751,30900,1.0000,stable,stable,dominant_stable,dominant_stable,0.0027,-0.0027,0.0000,persisted
rr_interval_4002_first_50000_001,125,150,30876,31000,30901,31050,0.8000,stable,stable,dominant_stable,dominant_stable,0.0427,-0.0400,-0.0027,persisted
rr_interval_4002_first_50000_001,125,150,31001,31125,31051,31200,0.6000,stable,stable,dominant_stable,dominant_stable,0.0267,-0.0240,-0.0027,persisted
rr_interval_4002_first_50000_001,125,150,31126,31250,31051,31200,0.6000,stable,stable,dominant_stable,dominant_stable,0.0187,-0.0240,0.0053,persisted
rr_interval_4002_first_50000_001,125,150,31251,31375,31201,31350,0.8000,stable,stable,dominant_stable,dominant_stable,0.0027,0.0000,-0.0027,persisted
rr_interval_4002_first_50000_001,125,150,31376,31500,31351,31500,1.0000,stable,stable,dominant_stable,dominant_stable,0.0027,-0.0027,0.0000,persisted
rr_interval_4002_first_50000_001,125,150,31501,31625,31501,31650,1.0000,stable,stable,dominant_stable,dominant_stable,0.0000,0.0000,0.0000,persisted
rr_interval_4002_first_50000_001,125,150,31626,31750,31651,31800,0.8000,stable,stable,dominant_stable,dominant_stable,0.0000,0.0000,0.0000,persisted
rr_interval_4002_first_50000_001,125,150,31751,31875,31801,31950,0.6000,stable,stable,dominant_stable,dominant_stable,-0.0067,0.0000,0.0067,persisted
rr_interval_4002_first_50000_001,125,150,31876,32000,31801,31950,0.6000,stable,stable,dominant_stable,dominant_stable,0.0013,0.0000,-0.0013,persisted
rr_interval_4002_first_50000_001,125,150,32001,32125,31951,32100,0.8000,stable,stable,dominant_stable,dominant_stable,0.0000,0.0000,0.0000,persisted
rr_interval_4002_first_50000_001,125,150,32126,32250,32101,32250,1.0000,stable,stable,dominant_stable,dominant_stable,0.0000,0.0000,0.0000,persisted
rr_interval_4002_first_50000_001,125,150,32251,32375,32251,32400,1.0000,stable,stable,dominant_stable,dominant_stable,0.0013,0.0000,-0.0013,persisted
rr_interval_4002_first_50000_001,125,150,32376,32500,32401,32550,0.8000,stable,stable,dominant_stable,dominant_stable,0.0000,0.0000,0.0000,persisted
rr_interval_4002_first_50000_001,125,150,32501,32625,32551,32700,0.6000,stable,stable,dominant_stable,dominant_stable,-0.0067,0.0000,0.0067,persisted
rr_interval_4002_first_50000_001,125,150,32626,32750,32551,32700,0.6000,stable,stable,dominant_stable,dominant_stable,0.0013,0.0000,-0.0013,persisted
rr_interval_4002_first_50000_001,125,150,32751,32875,32701,32850,0.8000,stable,stable,dominant_stable,dominant_stable,0.0013,0.0000,-0.0013,persisted
rr_interval_4002_first_50000_001,125,150,32876,33000,32851,33000,1.0000,stable,stable,dominant_stable,dominant_stable,0.0053,-0.0040,-0.0013,persisted
rr_interval_4002_first_50000_001,125,150,33001,33125,33001,33150,1.0000,stable,stable,dominant_stable,dominant_stable,0.0293,-0.0280,-0.0013,persisted
rr_interval_4002_first_50000_001,125,150,33126,33250,33151,33300,0.8000,stable,stable,dominant_stable,dominant_stable,0.0160,0.0000,-0.0160,persisted
rr_interval_4002_first_50000_001,125,150,33251,33375,33301,33450,0.6000,stable,stable,dominant_stable,dominant_stable,-0.0200,0.0133,0.0067,persisted
rr_interval_4002_first_50000_001,125,150,33376,33500,33301,33450,0.6000,stable,stable,dominant_stable,dominant_stable,0.0040,-0.0027,-0.0013,persisted
rr_interval_4002_first_50000_001,125,150,33501,33625,33451,33600,0.8000,stable,stable,dominant_stable,dominant_stable,-0.0200,0.0200,0.0000,persisted
rr_interval_4002_first_50000_001,125,150,33626,33750,33601,33750,1.0000,stable,stable,dominant_stable,dominant_stable,0.0000,0.0000,0.0000,persisted
rr_interval_4002_first_50000_001,125,150,33751,33875,33751,33900,1.0000,stable,stable,dominant_stable,dominant_stable,0.0053,-0.0053,0.0000,persisted
rr_interval_4002_first_50000_001,125,150,33876,34000,33901,34050,0.8000,stable,stable,dominant_stable,dominant_stable,0.0000,0.0000,0.0000,persisted
rr_interval_4002_first_50000_001,125,150,34001,34125,34051,34200,0.6000,stable,stable,dominant_stable,dominant_stable,0.0000,0.0000,0.0000,persisted
rr_interval_4002_first_50000_001,125,150,34126,34250,34051,34200,0.6000,stable,stable,dominant_stable,dominant_stable,0.0160,-0.0160,0.0000,persisted
rr_interval_4002_first_50000_001,125,150,34251,34375,34201,34350,0.8000,stable,stable,dominant_stable,dominant_stable,0.0253,-0.0240,-0.0013,persisted
rr_interval_4002_first_50000_001,125,150,34376,34500,34351,34500,1.0000,stable,stable,dominant_stable,dominant_stable,0.0000,0.0000,0.0000,persisted
rr_interval_4002_first_50000_001,125,150,34501,34625,34501,34650,1.0000,stable,stable,dominant_stable,dominant_stable,-0.0067,0.0000,0.0067,persisted
rr_interval_4002_first_50000_001,125,150,34626,34750,34651,34800,0.8000,stable,stable,dominant_stable,dominant_stable,-0.0133,0.0133,0.0000,persisted
rr_interval_4002_first_50000_001,125,150,34751,34875,34801,34950,0.6000,stable,stable,dominant_stable,dominant_stable,0.0093,-0.0160,0.0067,persisted
rr_interval_4002_first_50000_001,125,150,34876,35000,34801,34950,0.6000,stable,stable,dominant_stable,dominant_stable,-0.0067,0.0000,0.0067,persisted
rr_interval_4002_first_50000_001,125,150,35001,35125,34951,35100,0.8000,stable,stable,dominant_stable,dominant_stable,0.0013,0.0000,-0.0013,persisted
rr_interval_4002_first_50000_001,125,150,35126,35250,35101,35250,1.0000,stable,stable,dominant_stable,dominant_stable,0.0000,0.0000,0.0000,persisted
rr_interval_4002_first_50000_001,125,150,35251,35375,35251,35400,1.0000,stable,stable,dominant_stable,dominant_stable,0.0000,0.0000,0.0000,persisted
rr_interval_4002_first_50000_001,125,150,35376,35500,35401,35550,0.8000,stable,stable,dominant_stable,dominant_stable,0.0027,-0.0027,0.0000,persisted
rr_interval_4002_first_50000_001,125,150,35501,35625,35551,35700,0.6000,stable,stable,dominant_stable,dominant_stable,-0.0120,0.0200,-0.0080,persisted
rr_interval_4002_first_50000_001,125,150,35626,35750,35551,35700,0.6000,stable,stable,dominant_stable,dominant_stable,-0.0040,0.0040,0.0000,persisted
rr_interval_4002_first_50000_001,125,150,35751,35875,35701,35850,0.8000,stable,stable,dominant_stable,dominant_stable,0.0053,-0.0040,-0.0013,persisted
rr_interval_4002_first_50000_001,125,150,35876,36000,35851,36000,1.0000,stable,stable,dominant_stable,dominant_stable,0.0000,0.0000,0.0000,persisted
rr_interval_4002_first_50000_001,125,150,36001,36125,36001,36150,1.0000,stable,stable,dominant_stable,dominant_stable,-0.0093,0.0173,-0.0080,persisted
rr_interval_4002_first_50000_001,125,150,36126,36250,36151,36300,0.8000,stable,stable,dominant_stable,dominant_stable,-0.0053,0.0133,-0.0080,persisted
rr_interval_4002_first_50000_001,125,150,36251,36375,36301,36450,0.6000,stable,stable,dominant_stable,dominant_stable,-0.0253,0.0333,-0.0080,persisted
rr_interval_4002_first_50000_001,125,150,36376,36500,36301,36450,0.6000,stable,stable,dominant_stable,dominant_stable,-0.0333,0.0333,0.0000,persisted
rr_interval_4002_first_50000_001,125,150,36501,36625,36451,36600,0.8000,stable,stable,dominant_stable,dominant_stable,0.0027,0.0133,-0.0160,persisted
rr_interval_4002_first_50000_001,125,150,36626,36750,36601,36750,1.0000,stable,stable,dominant_stable,dominant_stable,0.0240,-0.0240,0.0000,persisted
rr_interval_4002_first_50000_001,125,150,36751,36875,36751,36900,1.0000,stable,stable,dominant_stable,dominant_stable,0.0200,-0.0200,0.0000,persisted
rr_interval_4002_first_50000_001,125,150,36876,37000,36901,37050,0.8000,stable,stable,dominant_stable,dominant_stable,0.0000,0.0000,0.0000,persisted
rr_interval_4002_first_50000_001,125,150,37001,37125,37051,37200,0.6000,stable,stable,dominant_stable,dominant_stable,0.0120,-0.0187,0.0067,persisted
rr_interval_4002_first_50000_001,125,150,37126,37250,37051,37200,0.6000,stable,stable,dominant_stable,dominant_stable,0.0200,-0.0267,0.0067,persisted
rr_interval_4002_first_50000_001,125,150,37251,37375,37201,37350,0.8000,stable,stable,dominant_stable,dominant_stable,0.0000,0.0000,0.0000,persisted
rr_interval_4002_first_50000_001,125,150,37376,37500,37351,37500,1.0000,stable,stable,dominant_stable,dominant_stable,0.0000,0.0000,0.0000,persisted
rr_interval_4002_first_50000_001,125,150,37501,37625,37501,37650,1.0000,stable,stable,dominant_stable,dominant_stable,0.0187,-0.0160,-0.0027,persisted
rr_interval_4002_first_50000_001,125,150,37626,37750,37651,37800,0.8000,stable,stable,dominant_stable,dominant_stable,0.0093,-0.0160,0.0067,persisted
rr_interval_4002_first_50000_001,125,150,37751,37875,37801,37950,0.6000,stable,stable,dominant_stable,dominant_stable,-0.0013,0.0093,-0.0080,persisted
rr_interval_4002_first_50000_001,125,150,37876,38000,37801,37950,0.6000,stable,stable,dominant_stable,dominant_stable,0.0067,-0.0067,0.0000,persisted
rr_interval_4002_first_50000_001,125,150,38001,38125,37951,38100,0.8000,stable,stable,dominant_stable,dominant_stable,0.0027,-0.0027,0.0000,persisted
rr_interval_4002_first_50000_001,125,150,38126,38250,38101,38250,1.0000,stable,stable,dominant_stable,dominant_stable,0.0053,-0.0027,-0.0027,persisted
rr_interval_4002_first_50000_001,125,150,38251,38375,38251,38400,1.0000,stable,stable,dominant_stable,dominant_stable,0.0093,-0.0093,0.0000,persisted
rr_interval_4002_first_50000_001,125,150,38376,38500,38401,38550,0.8000,stable,stable,dominant_stable,dominant_stable,-0.0333,0.0333,0.0000,persisted
rr_interval_4002_first_50000_001,125,150,38501,38625,38551,38700,0.6000,stable,stable,dominant_stable,dominant_stable,0.0200,-0.0200,0.0000,persisted
rr_interval_4002_first_50000_001,125,150,38626,38750,38551,38700,0.6000,stable,stable,dominant_stable,dominant_stable,0.0040,-0.0040,0.0000,persisted
rr_interval_4002_first_50000_001,125,150,38751,38875,38701,38850,0.8000,stable,stable,dominant_stable,dominant_stable,0.0080,0.0000,-0.0080,persisted
rr_interval_4002_first_50000_001,125,150,38876,39000,38851,39000,1.0000,stable,stable,dominant_stable,dominant_stable,0.0000,0.0000,0.0000,persisted
rr_interval_4002_first_50000_001,125,150,39001,39125,39001,39150,1.0000,stable,stable,dominant_stable,dominant_stable,-0.0067,0.0000,0.0067,persisted
rr_interval_4002_first_50000_001,125,150,39126,39250,39151,39300,0.8000,stable,stable,dominant_stable,dominant_stable,0.0160,-0.0160,0.0000,persisted
rr_interval_4002_first_50000_001,125,150,39251,39375,39301,39450,0.6000,stable,stable,dominant_stable,dominant_stable,0.0000,0.0000,0.0000,persisted
rr_interval_4002_first_50000_001,125,150,39376,39500,39301,39450,0.6000,stable,stable,dominant_stable,dominant_stable,0.0320,-0.0320,0.0000,persisted
rr_interval_4002_first_50000_001,125,150,39501,39625,39451,39600,0.8000,stable,stable,dominant_stable,dominant_stable,-0.0320,0.0400,-0.0080,persisted
rr_interval_4002_first_50000_001,125,150,39626,39750,39601,39750,1.0000,stable,stable,dominant_stable,dominant_stable,0.0000,0.0000,0.0000,persisted
rr_interval_4002_first_50000_001,125,150,39751,39875,39751,39900,1.0000,stable,stable,dominant_stable,dominant_stable,0.0067,-0.0040,-0.0027,persisted
rr_interval_4002_first_50000_001,125,150,39876,40000,39901,40050,0.8000,stable,stable,dominant_stable,dominant_stable,-0.0040,0.0040,0.0000,persisted
rr_interval_4002_first_50000_001,125,150,40001,40125,40051,40200,0.6000,stable,stable,dominant_stable,dominant_stable,0.0267,-0.0240,-0.0027,persisted
rr_interval_4002_first_50000_001,125,150,40126,40250,40051,40200,0.6000,stable,stable,dominant_stable,dominant_stable,-0.0133,0.0000,0.0133,persisted
rr_interval_4002_first_50000_001,125,150,40251,40375,40201,40350,0.8000,stable,stable,dominant_stable,dominant_stable,-0.0333,0.0333,0.0000,persisted
rr_interval_4002_first_50000_001,125,150,40376,40500,40351,40500,1.0000,stable,stable,dominant_stable,dominant_stable,0.0093,-0.0080,-0.0013,persisted
rr_interval_4002_first_50000_001,125,150,40501,40625,40501,40650,1.0000,stable,stable,dominant_stable,dominant_stable,0.0027,-0.0027,0.0000,persisted
rr_interval_4002_first_50000_001,125,150,40626,40750,40651,40800,0.8000,stable,stable,dominant_stable,dominant_stable,0.0320,-0.0240,-0.0080,persisted
rr_interval_4002_first_50000_001,125,150,40751,40875,40801,40950,0.6000,stable,stable,dominant_stable,dominant_stable,-0.0200,0.0133,0.0067,persisted
rr_interval_4002_first_50000_001,125,150,40876,41000,40801,40950,0.6000,stable,stable,dominant_stable,dominant_stable,0.0040,-0.0107,0.0067,persisted
rr_interval_4002_first_50000_001,125,150,41001,41125,40951,41100,0.8000,stable,stable,dominant_stable,dominant_stable,0.0093,-0.0160,0.0067,persisted
rr_interval_4002_first_50000_001,125,150,41126,41250,41101,41250,1.0000,stable,stable,dominant_stable,dominant_stable,0.0027,-0.0027,0.0000,persisted
rr_interval_4002_first_50000_001,125,150,41251,41375,41251,41400,1.0000,stable,stable,dominant_stable,dominant_stable,0.0000,0.0000,0.0000,persisted
rr_interval_4002_first_50000_001,125,150,41376,41500,41401,41550,0.8000,stable,stable,dominant_stable,dominant_stable,0.0013,0.0000,-0.0013,persisted
rr_interval_4002_first_50000_001,125,150,41501,41625,41551,41700,0.6000,stable,stable,dominant_stable,dominant_stable,-0.0120,0.0133,-0.0013,persisted
rr_interval_4002_first_50000_001,125,150,41626,41750,41551,41700,0.6000,stable,stable,dominant_stable,dominant_stable,0.0120,-0.0107,-0.0013,persisted
rr_interval_4002_first_50000_001,125,150,41751,41875,41701,41850,0.8000,stable,stable,dominant_stable,dominant_stable,-0.0107,0.0040,0.0067,persisted
rr_interval_4002_first_50000_001,125,150,41876,42000,41851,42000,1.0000,stable,stable,dominant_stable,dominant_stable,-0.0133,0.0133,0.0000,persisted
rr_interval_4002_first_50000_001,125,150,42001,42125,42001,42150,1.0000,stable,stable,dominant_stable,dominant_stable,0.0027,0.0000,-0.0027,persisted
rr_interval_4002_first_50000_001,125,150,42126,42250,42151,42300,0.8000,stable,stable,dominant_stable,dominant_stable,0.0040,-0.0027,-0.0013,persisted
rr_interval_4002_first_50000_001,125,150,42251,42375,42301,42450,0.6000,stable,stable,dominant_stable,dominant_stable,0.0413,-0.0400,-0.0013,persisted
rr_interval_4002_first_50000_001,125,150,42376,42500,42301,42450,0.6000,stable,stable,dominant_stable,dominant_stable,-0.0067,0.0000,0.0067,persisted
rr_interval_4002_first_50000_001,125,150,42501,42625,42451,42600,0.8000,stable,stable,dominant_stable,dominant_stable,0.0240,-0.0240,0.0000,persisted
rr_interval_4002_first_50000_001,125,150,42626,42750,42601,42750,1.0000,stable,stable,dominant_stable,dominant_stable,-0.0027,0.0040,-0.0013,persisted
rr_interval_4002_first_50000_001,125,150,42751,42875,42751,42900,1.0000,stable,stable,dominant_stable,dominant_stable,0.0040,-0.0027,-0.0013,persisted
rr_interval_4002_first_50000_001,125,150,42876,43000,42901,43050,0.8000,stable,stable,dominant_stable,dominant_stable,0.0013,0.0000,-0.0013,persisted
rr_interval_4002_first_50000_001,125,150,43001,43125,43051,43200,0.6000,stable,stable,dominant_stable,dominant_stable,-0.0040,0.0200,-0.0160,persisted
rr_interval_4002_first_50000_001,125,150,43126,43250,43051,43200,0.6000,stable,stable,dominant_stable,dominant_stable,0.0040,-0.0040,0.0000,persisted
rr_interval_4002_first_50000_001,125,150,43251,43375,43201,43350,0.8000,stable,stable,dominant_stable,dominant_stable,0.0160,-0.0160,0.0000,persisted
rr_interval_4002_first_50000_001,125,150,43376,43500,43351,43500,1.0000,stable,stable,dominant_stable,dominant_stable,-0.0133,0.0000,0.0133,persisted
rr_interval_4002_first_50000_001,125,150,43501,43625,43501,43650,1.0000,stable,stable,dominant_stable,dominant_stable,0.0360,-0.0347,-0.0013,persisted
rr_interval_4002_first_50000_001,125,150,43626,43750,43651,43800,0.8000,stable,stable,dominant_stable,dominant_stable,0.0173,-0.0160,-0.0013,persisted
rr_interval_4002_first_50000_001,125,150,43751,43875,43801,43950,0.6000,stable,stable,dominant_stable,dominant_stable,0.0000,0.0000,0.0000,persisted
rr_interval_4002_first_50000_001,125,150,43876,44000,43801,43950,0.6000,stable,stable,dominant_stable,dominant_stable,0.0000,0.0000,0.0000,persisted
rr_interval_4002_first_50000_001,125,150,44001,44125,43951,44100,0.8000,stable,stable,dominant_stable,dominant_stable,-0.0133,0.0000,0.0133,persisted
rr_interval_4002_first_50000_001,125,150,44126,44250,44101,44250,1.0000,stable,stable,dominant_stable,dominant_stable,0.0067,-0.0040,-0.0027,persisted
rr_interval_4002_first_50000_001,125,150,44251,44375,44251,44400,1.0000,stable,stable,dominant_stable,dominant_stable,0.0027,-0.0027,0.0000,persisted
rr_interval_4002_first_50000_001,125,150,44376,44500,44401,44550,0.8000,stable,stable,dominant_stable,dominant_stable,0.0000,0.0000,0.0000,persisted
rr_interval_4002_first_50000_001,125,150,44501,44625,44551,44700,0.6000,stable,stable,dominant_stable,dominant_stable,0.0413,-0.0400,-0.0013,persisted
rr_interval_4002_first_50000_001,125,150,44626,44750,44551,44700,0.6000,stable,stable,dominant_stable,dominant_stable,0.0013,0.0000,-0.0013,persisted
rr_interval_4002_first_50000_001,125,150,44751,44875,44701,44850,0.8000,stable,stable,dominant_stable,dominant_stable,0.0000,0.0000,0.0000,persisted
rr_interval_4002_first_50000_001,125,150,44876,45000,44851,45000,1.0000,stable,stable,dominant_stable,dominant_stable,0.0053,-0.0053,0.0000,persisted
rr_interval_4002_first_50000_001,125,150,45001,45125,45001,45150,1.0000,stable,stable,dominant_stable,dominant_stable,0.0013,0.0000,-0.0013,persisted
rr_interval_4002_first_50000_001,125,150,45126,45250,45151,45300,0.8000,stable,stable,dominant_stable,dominant_stable,-0.0187,0.0200,-0.0013,persisted
rr_interval_4002_first_50000_001,125,150,45251,45375,45301,45450,0.6000,stable,stable,dominant_stable,dominant_stable,0.0000,0.0000,0.0000,persisted
rr_interval_4002_first_50000_001,125,150,45376,45500,45301,45450,0.6000,stable,stable,dominant_stable,dominant_stable,0.0000,0.0000,0.0000,persisted
rr_interval_4002_first_50000_001,125,150,45501,45625,45451,45600,0.8000,stable,stable,dominant_stable,dominant_stable,0.0200,-0.0200,0.0000,persisted
rr_interval_4002_first_50000_001,125,150,45626,45750,45601,45750,1.0000,stable,stable,dominant_stable,dominant_stable,0.0013,0.0000,-0.0013,persisted
rr_interval_4002_first_50000_001,125,150,45751,45875,45751,45900,1.0000,stable,stable,dominant_stable,dominant_stable,0.0000,0.0000,0.0000,persisted
rr_interval_4002_first_50000_001,125,150,45876,46000,45901,46050,0.8000,stable,stable,dominant_stable,dominant_stable,-0.0120,0.0133,-0.0013,persisted
rr_interval_4002_first_50000_001,125,150,46001,46125,46051,46200,0.6000,stable,stable,dominant_stable,dominant_stable,0.0240,-0.0240,0.0000,persisted
rr_interval_4002_first_50000_001,125,150,46126,46250,46051,46200,0.6000,stable,stable,dominant_stable,dominant_stable,0.0800,-0.0720,-0.0080,persisted
rr_interval_4002_first_50000_001,125,150,46251,46375,46201,46350,0.8000,stable,stable,dominant_stable,dominant_stable,0.0000,0.0000,0.0000,persisted
rr_interval_4002_first_50000_001,125,150,46376,46500,46351,46500,1.0000,stable,stable,dominant_stable,dominant_stable,0.0013,0.0000,-0.0013,persisted
rr_interval_4002_first_50000_001,125,150,46501,46625,46501,46650,1.0000,stable,stable,dominant_stable,dominant_stable,-0.0133,0.0133,0.0000,persisted
rr_interval_4002_first_50000_001,125,150,46626,46750,46651,46800,0.8000,stable,stable,dominant_stable,dominant_stable,-0.0080,0.0080,0.0000,persisted
rr_interval_4002_first_50000_001,125,150,46751,46875,46801,46950,0.6000,stable,stable,dominant_stable,dominant_stable,-0.0133,0.0133,0.0000,persisted
rr_interval_4002_first_50000_001,125,150,46876,47000,46801,46950,0.6000,stable,stable,dominant_stable,dominant_stable,-0.0053,0.0133,-0.0080,persisted
rr_interval_4002_first_50000_001,125,150,47001,47125,46951,47100,0.8000,stable,stable,dominant_stable,dominant_stable,0.0000,0.0000,0.0000,persisted
rr_interval_4002_first_50000_001,125,150,47126,47250,47101,47250,1.0000,stable,stable,dominant_stable,dominant_stable,0.0013,0.0000,-0.0013,persisted
rr_interval_4002_first_50000_001,125,150,47251,47375,47251,47400,1.0000,stable,stable,dominant_stable,dominant_stable,0.0000,0.0000,0.0000,persisted
rr_interval_4002_first_50000_001,125,150,47376,47500,47401,47550,0.8000,stable,stable,dominant_stable,dominant_stable,0.0320,-0.0240,-0.0080,persisted
rr_interval_4002_first_50000_001,125,150,47501,47625,47551,47700,0.6000,stable,stable,dominant_stable,dominant_stable,0.0173,-0.0240,0.0067,persisted
rr_interval_4002_first_50000_001,125,150,47626,47750,47551,47700,0.6000,stable,stable,dominant_stable,dominant_stable,0.0173,-0.0160,-0.0013,persisted
rr_interval_4002_first_50000_001,125,150,47751,47875,47701,47850,0.8000,stable,stable,dominant_stable,dominant_stable,0.0333,-0.0400,0.0067,persisted
rr_interval_4002_first_50000_001,125,150,47876,48000,47851,48000,1.0000,stable,stable,dominant_stable,dominant_stable,-0.0027,-0.0040,0.0067,persisted
rr_interval_4002_first_50000_001,125,150,48001,48125,48001,48150,1.0000,stable,stable,dominant_stable,dominant_stable,0.0000,0.0000,0.0000,persisted
rr_interval_4002_first_50000_001,125,150,48126,48250,48151,48300,0.8000,stable,stable,dominant_stable,dominant_stable,0.0040,-0.0040,0.0000,persisted
rr_interval_4002_first_50000_001,125,150,48251,48375,48301,48450,0.6000,stable,stable,dominant_stable,dominant_stable,-0.0133,0.0133,0.0000,persisted
rr_interval_4002_first_50000_001,125,150,48376,48500,48301,48450,0.6000,stable,stable,dominant_stable,dominant_stable,0.0107,-0.0107,0.0000,persisted
rr_interval_4002_first_50000_001,125,150,48501,48625,48451,48600,0.8000,stable,stable,dominant_stable,dominant_stable,0.0213,-0.0200,-0.0013,persisted
rr_interval_4002_first_50000_001,125,150,48626,48750,48601,48750,1.0000,stable,stable,dominant_stable,dominant_stable,0.0187,-0.0187,0.0000,persisted
rr_interval_4002_first_50000_001,125,150,48751,48875,48751,48900,1.0000,stable,stable,dominant_stable,dominant_stable,0.0013,0.0000,-0.0013,persisted
rr_interval_4002_first_50000_001,125,150,48876,49000,48901,49050,0.8000,stable,stable,dominant_stable,dominant_stable,0.0013,0.0000,-0.0013,persisted
rr_interval_4002_first_50000_001,125,150,49001,49125,49051,49200,0.6000,stable,stable,dominant_stable,dominant_stable,-0.0040,0.0040,0.0000,persisted
rr_interval_4002_first_50000_001,125,150,49126,49250,49051,49200,0.6000,stable,stable,dominant_stable,dominant_stable,0.0120,-0.0040,-0.0080,persisted
rr_interval_4002_first_50000_001,125,150,49251,49375,49201,49350,0.8000,stable,stable,dominant_stable,dominant_stable,-0.0333,0.0333,0.0000,persisted
rr_interval_4002_first_50000_001,125,150,49376,49500,49351,49500,1.0000,stable,stable,dominant_stable,dominant_stable,0.0160,-0.0160,0.0000,persisted
rr_interval_4002_first_50000_001,125,150,49501,49625,49501,49650,1.0000,stable,stable,dominant_stable,dominant_stable,0.0027,0.0000,-0.0027,persisted
rr_interval_4002_first_50000_001,125,150,49626,49750,49651,49800,0.8000,stable,stable,dominant_stable,dominant_stable,0.0080,0.0000,-0.0080,persisted
rr_interval_4002_first_50000_001,125,150,49751,49875,49801,49950,0.6000,stable,stable,dominant_stable,dominant_stable,0.0000,0.0000,0.0000,persisted
rr_interval_4002_first_50000_001,125,150,49876,50000,49951,50000,1.0000,stable,stable,dominant_stable,dominant_stable,-0.0720,0.0600,0.0120,persisted
rr_interval_4002_first_50000_001,150,175,1,150,1,175,1.0000,stable,stable,dominant_stable,dominant_stable,0.0038,-0.0029,-0.0010,persisted
rr_interval_4002_first_50000_001,150,175,151,300,176,350,0.8333,stable,stable,dominant_stable,dominant_stable,0.0000,0.0000,0.0000,persisted
rr_interval_4002_first_50000_001,150,175,301,450,351,525,0.6667,stable,stable,dominant_stable,dominant_stable,0.0076,0.0000,-0.0076,persisted
rr_interval_4002_first_50000_001,150,175,451,600,351,525,0.5000,stable,stable,dominant_stable,dominant_stable,0.0143,-0.0200,0.0057,persisted
rr_interval_4002_first_50000_001,150,175,601,750,526,700,0.6667,stable,stable,dominant_stable,dominant_stable,0.0000,0.0000,0.0000,persisted
rr_interval_4002_first_50000_001,150,175,751,900,701,875,0.8333,stable,stable,dominant_stable,dominant_stable,0.0086,-0.0086,0.0000,persisted
rr_interval_4002_first_50000_001,150,175,901,1050,876,1050,1.0000,stable,stable,dominant_stable,dominant_stable,0.0000,0.0000,0.0000,persisted
rr_interval_4002_first_50000_001,150,175,1051,1200,1051,1225,1.0000,stable,stable,dominant_stable,dominant_stable,0.0200,-0.0200,0.0000,persisted
rr_interval_4002_first_50000_001,150,175,1201,1350,1226,1400,0.8333,stable,stable,dominant_stable,dominant_stable,0.0000,0.0000,0.0000,persisted
rr_interval_4002_first_50000_001,150,175,1351,1500,1401,1575,0.6667,stable,stable,dominant_stable,dominant_stable,0.0210,-0.0200,-0.0010,persisted
rr_interval_4002_first_50000_001,150,175,1501,1650,1401,1575,0.5000,stable,stable,dominant_stable,dominant_stable,0.0010,0.0000,-0.0010,persisted
rr_interval_4002_first_50000_001,150,175,1651,1800,1576,1750,0.6667,stable,stable,dominant_stable,dominant_stable,-0.0038,0.0038,0.0000,persisted
rr_interval_4002_first_50000_001,150,175,1801,1950,1751,1925,0.8333,stable,stable,dominant_stable,dominant_stable,-0.0038,0.0038,0.0000,persisted
rr_interval_4002_first_50000_001,150,175,1951,2100,1926,2100,1.0000,stable,stable,dominant_stable,dominant_stable,0.0000,0.0000,0.0000,persisted
rr_interval_4002_first_50000_001,150,175,2101,2250,2101,2275,1.0000,stable,stable,dominant_stable,dominant_stable,0.0038,-0.0038,0.0000,persisted
rr_interval_4002_first_50000_001,150,175,2251,2400,2276,2450,0.8333,stable,stable,dominant_stable,dominant_stable,0.0029,-0.0029,0.0000,persisted
rr_interval_4002_first_50000_001,150,175,2401,2550,2451,2625,0.6667,stable,stable,dominant_stable,dominant_stable,-0.0057,0.0000,0.0057,persisted
rr_interval_4002_first_50000_001,150,175,2551,2700,2451,2625,0.5000,stable,stable,dominant_stable,dominant_stable,0.0143,-0.0133,-0.0010,persisted
rr_interval_4002_first_50000_001,150,175,2701,2850,2626,2800,0.6667,stable,stable,dominant_stable,dominant_stable,-0.0048,0.0114,-0.0067,persisted
rr_interval_4002_first_50000_001,150,175,2851,3000,2801,2975,0.8333,stable,stable,dominant_stable,dominant_stable,0.0029,-0.0029,0.0000,persisted
rr_interval_4002_first_50000_001,150,175,3001,3150,2976,3150,1.0000,stable,stable,dominant_stable,dominant_stable,0.0400,-0.0400,0.0000,persisted
rr_interval_4002_first_50000_001,150,175,3151,3300,3151,3325,1.0000,stable,stable,dominant_stable,dominant_stable,0.0000,0.0000,0.0000,persisted
rr_interval_4002_first_50000_001,150,175,3301,3450,3326,3500,0.8333,stable,stable,dominant_stable,dominant_stable,0.0010,0.0000,-0.0010,persisted
rr_interval_4002_first_50000_001,150,175,3451,3600,3501,3675,0.6667,stable,stable,dominant_stable,dominant_stable,0.0057,-0.0057,0.0000,persisted
rr_interval_4002_first_50000_001,150,175,3601,3750,3501,3675,0.5000,stable,stable,dominant_stable,dominant_stable,-0.0343,0.0343,0.0000,persisted
rr_interval_4002_first_50000_001,150,175,3751,3900,3676,3850,0.6667,stable,stable,dominant_stable,dominant_stable,0.0010,0.0000,-0.0010,persisted
rr_interval_4002_first_50000_001,150,175,3901,4050,3851,4025,0.8333,stable,stable,dominant_stable,dominant_stable,0.0000,0.0000,0.0000,persisted
rr_interval_4002_first_50000_001,150,175,4051,4200,4026,4200,1.0000,stable,stable,dominant_stable,dominant_stable,-0.0229,0.0171,0.0057,persisted
rr_interval_4002_first_50000_001,150,175,4201,4350,4201,4375,1.0000,stable,stable,dominant_stable,dominant_stable,0.0029,-0.0019,-0.0010,persisted
rr_interval_4002_first_50000_001,150,175,4351,4500,4376,4550,0.8333,stable,stable,dominant_stable,dominant_stable,0.0038,-0.0029,-0.0010,persisted
rr_interval_4002_first_50000_001,150,175,4501,4650,4551,4725,0.6667,stable,stable,dominant_stable,dominant_stable,0.0019,-0.0019,0.0000,persisted
rr_interval_4002_first_50000_001,150,175,4651,4800,4551,4725,0.5000,stable,stable,dominant_stable,dominant_stable,0.0019,-0.0019,0.0000,persisted
rr_interval_4002_first_50000_001,150,175,4801,4950,4726,4900,0.6667,stable,stable,dominant_stable,dominant_stable,-0.0114,0.0114,0.0000,persisted
rr_interval_4002_first_50000_001,150,175,4951,5100,4901,5075,0.8333,stable,stable,dominant_stable,dominant_stable,-0.0162,0.0229,-0.0067,persisted
rr_interval_4002_first_50000_001,150,175,5101,5250,5076,5250,1.0000,stable,stable,dominant_stable,dominant_stable,0.0000,0.0000,0.0000,persisted
rr_interval_4002_first_50000_001,150,175,5251,5400,5251,5425,1.0000,stable,stable,dominant_stable,dominant_stable,0.0162,-0.0162,0.0000,persisted
rr_interval_4002_first_50000_001,150,175,5401,5550,5426,5600,0.8333,stable,stable,dominant_stable,dominant_stable,0.0000,0.0000,0.0000,persisted
rr_interval_4002_first_50000_001,150,175,5551,5700,5601,5775,0.6667,stable,stable,dominant_stable,dominant_stable,0.0267,-0.0267,0.0000,persisted
rr_interval_4002_first_50000_001,150,175,5701,5850,5601,5775,0.5000,stable,stable,dominant_stable,dominant_stable,0.0000,0.0000,0.0000,persisted
rr_interval_4002_first_50000_001,150,175,5851,6000,5776,5950,0.6667,stable,stable,dominant_stable,dominant_stable,0.0000,0.0000,0.0000,persisted
rr_interval_4002_first_50000_001,150,175,6001,6150,5951,6125,0.8333,stable,stable,dominant_stable,dominant_stable,-0.0171,0.0171,0.0000,persisted
rr_interval_4002_first_50000_001,150,175,6151,6300,6126,6300,1.0000,stable,stable,dominant_stable,dominant_stable,0.0267,-0.0200,-0.0067,persisted
rr_interval_4002_first_50000_001,150,175,6301,6450,6301,6475,1.0000,stable,stable,dominant_stable,dominant_stable,0.0000,0.0000,0.0000,persisted
rr_interval_4002_first_50000_001,150,175,6451,6600,6476,6650,0.8333,stable,stable,dominant_stable,dominant_stable,0.0000,0.0000,0.0000,persisted
rr_interval_4002_first_50000_001,150,175,6601,6750,6651,6825,0.6667,stable,stable,dominant_stable,dominant_stable,0.0162,-0.0162,0.0000,persisted
rr_interval_4002_first_50000_001,150,175,6751,6900,6651,6825,0.5000,stable,stable,dominant_stable,dominant_stable,0.0229,-0.0162,-0.0067,persisted
rr_interval_4002_first_50000_001,150,175,6901,7050,6826,7000,0.6667,stable,stable,dominant_stable,dominant_stable,0.0010,0.0000,-0.0010,persisted
rr_interval_4002_first_50000_001,150,175,7051,7200,7001,7175,0.8333,stable,stable,dominant_stable,dominant_stable,0.0029,-0.0029,0.0000,persisted
rr_interval_4002_first_50000_001,150,175,7201,7350,7176,7350,1.0000,stable,stable,dominant_stable,dominant_stable,0.0038,-0.0029,-0.0010,persisted
rr_interval_4002_first_50000_001,150,175,7351,7500,7351,7525,1.0000,stable,stable,dominant_stable,dominant_stable,0.0000,0.0000,0.0000,persisted
rr_interval_4002_first_50000_001,150,175,7501,7650,7526,7700,0.8333,stable,stable,dominant_stable,dominant_stable,0.0000,0.0000,0.0000,persisted
rr_interval_4002_first_50000_001,150,175,7651,7800,7701,7875,0.6667,stable,stable,dominant_stable,dominant_stable,-0.0114,0.0114,0.0000,persisted
rr_interval_4002_first_50000_001,150,175,7801,7950,7701,7875,0.5000,stable,stable,dominant_stable,dominant_stable,0.0152,-0.0152,0.0000,persisted
rr_interval_4002_first_50000_001,150,175,7951,8100,7876,8050,0.6667,stable,stable,dominant_stable,dominant_stable,0.0057,0.0076,-0.0133,persisted
rr_interval_4002_first_50000_001,150,175,8101,8250,8051,8225,0.8333,stable,stable,dominant_stable,dominant_stable,0.0019,-0.0019,0.0000,persisted
rr_interval_4002_first_50000_001,150,175,8251,8400,8226,8400,1.0000,stable,stable,dominant_stable,dominant_stable,0.0067,-0.0048,-0.0019,persisted
rr_interval_4002_first_50000_001,150,175,8401,8550,8401,8575,1.0000,stable,stable,dominant_stable,dominant_stable,0.0000,0.0000,0.0000,persisted
rr_interval_4002_first_50000_001,150,175,8551,8700,8576,8750,0.8333,stable,stable,dominant_stable,dominant_stable,0.0143,-0.0133,-0.0010,persisted
rr_interval_4002_first_50000_001,150,175,8701,8850,8751,8925,0.6667,stable,stable,dominant_stable,dominant_stable,-0.0038,0.0000,0.0038,persisted
rr_interval_4002_first_50000_001,150,175,8851,9000,8751,8925,0.5000,stable,stable,dominant_stable,dominant_stable,-0.0171,0.0000,0.0171,persisted
rr_interval_4002_first_50000_001,150,175,9001,9150,8926,9100,0.6667,stable,stable,dominant_stable,dominant_stable,0.0019,0.0000,-0.0019,persisted
rr_interval_4002_first_50000_001,150,175,9151,9300,9101,9275,0.8333,stable,stable,dominant_stable,dominant_stable,0.0000,0.0000,0.0000,persisted
rr_interval_4002_first_50000_001,150,175,9301,9450,9276,9450,1.0000,stable,stable,dominant_stable,dominant_stable,0.0210,-0.0200,-0.0010,persisted
rr_interval_4002_first_50000_001,150,175,9451,9600,9451,9625,1.0000,stable,stable,dominant_stable,dominant_stable,0.0019,0.0000,-0.0019,persisted
rr_interval_4002_first_50000_001,150,175,9601,9750,9626,9800,0.8333,stable,stable,dominant_stable,dominant_stable,0.0029,-0.0019,-0.0010,persisted
rr_interval_4002_first_50000_001,150,175,9751,9900,9801,9975,0.6667,stable,stable,dominant_stable,dominant_stable,-0.0048,0.0000,0.0048,persisted
rr_interval_4002_first_50000_001,150,175,9901,10050,9801,9975,0.5000,stable,stable,dominant_stable,dominant_stable,-0.0048,0.0000,0.0048,persisted
rr_interval_4002_first_50000_001,150,175,10051,10200,9976,10150,0.6667,stable,stable,dominant_stable,dominant_stable,0.0067,0.0000,-0.0067,persisted
rr_interval_4002_first_50000_001,150,175,10201,10350,10151,10325,0.8333,stable,stable,dominant_stable,dominant_stable,-0.0048,0.0000,0.0048,persisted
rr_interval_4002_first_50000_001,150,175,10351,10500,10326,10500,1.0000,stable,stable,dominant_stable,dominant_stable,0.0048,-0.0048,0.0000,persisted
rr_interval_4002_first_50000_001,150,175,10501,10650,10501,10675,1.0000,stable,stable,dominant_stable,dominant_stable,0.0010,0.0000,-0.0010,persisted
rr_interval_4002_first_50000_001,150,175,10651,10800,10676,10850,0.8333,stable,stable,dominant_stable,dominant_stable,-0.0219,0.0286,-0.0067,persisted
rr_interval_4002_first_50000_001,150,175,10801,10950,10851,11025,0.6667,stable,stable,dominant_stable,dominant_stable,0.0419,-0.0533,0.0114,persisted
rr_interval_4002_first_50000_001,150,175,10951,11100,10851,11025,0.5000,stable,stable,dominant_stable,dominant_stable,0.0019,0.0000,-0.0019,persisted
rr_interval_4002_first_50000_001,150,175,11101,11250,11026,11200,0.6667,stable,stable,dominant_stable,dominant_stable,-0.0229,0.0229,0.0000,persisted
rr_interval_4002_first_50000_001,150,175,11251,11400,11201,11375,0.8333,stable,stable,dominant_stable,dominant_stable,0.0010,0.0000,-0.0010,persisted
rr_interval_4002_first_50000_001,150,175,11401,11550,11376,11550,1.0000,stable,stable,dominant_stable,dominant_stable,0.0029,-0.0029,0.0000,persisted
rr_interval_4002_first_50000_001,150,175,11551,11700,11551,11725,1.0000,stable,stable,dominant_stable,dominant_stable,-0.0105,0.0171,-0.0067,persisted
rr_interval_4002_first_50000_001,150,175,11701,11850,11726,11900,0.8333,stable,stable,dominant_stable,dominant_stable,0.0086,-0.0086,0.0000,persisted
rr_interval_4002_first_50000_001,150,175,11851,12000,11901,12075,0.6667,stable,stable,dominant_stable,dominant_stable,0.0333,-0.0333,0.0000,persisted
rr_interval_4002_first_50000_001,150,175,12001,12150,11901,12075,0.5000,stable,stable,dominant_stable,dominant_stable,0.0000,0.0000,0.0000,persisted
rr_interval_4002_first_50000_001,150,175,12151,12300,12076,12250,0.6667,stable,stable,dominant_stable,dominant_stable,0.0086,-0.0086,0.0000,persisted
rr_interval_4002_first_50000_001,150,175,12301,12450,12251,12425,0.8333,stable,stable,dominant_stable,dominant_stable,0.0200,-0.0200,0.0000,persisted
rr_interval_4002_first_50000_001,150,175,12451,12600,12426,12600,1.0000,stable,stable,dominant_stable,dominant_stable,-0.0276,0.0343,-0.0067,persisted
rr_interval_4002_first_50000_001,150,175,12601,12750,12601,12775,1.0000,stable,stable,dominant_stable,dominant_stable,0.0010,0.0000,-0.0010,persisted
rr_interval_4002_first_50000_001,150,175,12751,12900,12776,12950,0.8333,stable,stable,dominant_stable,dominant_stable,0.0400,-0.0400,0.0000,persisted
rr_interval_4002_first_50000_001,150,175,12901,13050,12951,13125,0.6667,stable,stable,dominant_stable,dominant_stable,0.0000,0.0000,0.0000,persisted
rr_interval_4002_first_50000_001,150,175,13051,13200,12951,13125,0.5000,stable,stable,dominant_stable,dominant_stable,0.0400,-0.0400,0.0000,persisted
rr_interval_4002_first_50000_001,150,175,13201,13350,13126,13300,0.6667,stable,stable,dominant_stable,dominant_stable,0.0200,-0.0200,0.0000,persisted
rr_interval_4002_first_50000_001,150,175,13351,13500,13301,13475,0.8333,stable,stable,dominant_stable,dominant_stable,-0.0171,0.0114,0.0057,persisted
rr_interval_4002_first_50000_001,150,175,13501,13650,13476,13650,1.0000,stable,stable,dominant_stable,dominant_stable,0.0000,0.0000,0.0000,persisted
rr_interval_4002_first_50000_001,150,175,13651,13800,13651,13825,1.0000,stable,stable,dominant_stable,dominant_stable,0.0000,0.0000,0.0000,persisted
rr_interval_4002_first_50000_001,150,175,13801,13950,13826,14000,0.8333,stable,stable,dominant_stable,dominant_stable,0.0000,0.0000,0.0000,persisted
rr_interval_4002_first_50000_001,150,175,13951,14100,14001,14175,0.6667,stable,stable,dominant_stable,dominant_stable,0.0000,0.0000,0.0000,persisted
rr_interval_4002_first_50000_001,150,175,14101,14250,14001,14175,0.5000,stable,stable,dominant_stable,dominant_stable,0.0600,-0.0533,-0.0067,persisted
rr_interval_4002_first_50000_001,150,175,14251,14400,14176,14350,0.6667,stable,stable,dominant_stable,dominant_stable,-0.0257,0.0286,-0.0029,persisted
rr_interval_4002_first_50000_001,150,175,14401,14550,14351,14525,0.8333,stable,stable,dominant_stable,dominant_stable,-0.0114,0.0000,0.0114,persisted
rr_interval_4002_first_50000_001,150,175,14551,14700,14526,14700,1.0000,stable,stable,dominant_stable,dominant_stable,0.0019,-0.0019,0.0000,persisted
rr_interval_4002_first_50000_001,150,175,14701,14850,14701,14875,1.0000,stable,stable,dominant_stable,dominant_stable,0.0086,-0.0086,0.0000,persisted
rr_interval_4002_first_50000_001,150,175,14851,15000,14876,15050,0.8333,stable,stable,dominant_stable,dominant_stable,0.0019,-0.0019,0.0000,persisted
rr_interval_4002_first_50000_001,150,175,15001,15150,15051,15225,0.6667,stable,stable,dominant_stable,dominant_stable,0.0267,-0.0267,0.0000,persisted
rr_interval_4002_first_50000_001,150,175,15151,15300,15051,15225,0.5000,stable,stable,dominant_stable,dominant_stable,0.0133,-0.0133,0.0000,persisted
rr_interval_4002_first_50000_001,150,175,15301,15450,15226,15400,0.6667,stable,stable,dominant_stable,dominant_stable,-0.0038,0.0114,-0.0076,persisted
rr_interval_4002_first_50000_001,150,175,15451,15600,15401,15575,0.8333,stable,stable,dominant_stable,dominant_stable,0.0095,-0.0086,-0.0010,persisted
rr_interval_4002_first_50000_001,150,175,15601,15750,15576,15750,1.0000,stable,stable,dominant_stable,dominant_stable,0.0000,0.0000,0.0000,persisted
rr_interval_4002_first_50000_001,150,175,15751,15900,15751,15925,1.0000,stable,stable,dominant_stable,dominant_stable,0.0000,0.0000,0.0000,persisted
rr_interval_4002_first_50000_001,150,175,15901,16050,15926,16100,0.8333,stable,stable,dominant_stable,dominant_stable,0.0133,0.0000,-0.0133,persisted
rr_interval_4002_first_50000_001,150,175,16051,16200,16101,16275,0.6667,stable,stable,dominant_stable,dominant_stable,0.0000,0.0000,0.0000,persisted
rr_interval_4002_first_50000_001,150,175,16201,16350,16101,16275,0.5000,stable,stable,dominant_stable,dominant_stable,0.0000,0.0000,0.0000,persisted
rr_interval_4002_first_50000_001,150,175,16351,16500,16276,16450,0.6667,stable,stable,dominant_stable,dominant_stable,0.0000,0.0000,0.0000,persisted
rr_interval_4002_first_50000_001,150,175,16501,16650,16451,16625,0.8333,stable,stable,dominant_stable,dominant_stable,0.0000,0.0000,0.0000,persisted
rr_interval_4002_first_50000_001,150,175,16651,16800,16626,16800,1.0000,stable,stable,dominant_stable,dominant_stable,0.0000,0.0000,0.0000,persisted
rr_interval_4002_first_50000_001,150,175,16801,16950,16801,16975,1.0000,stable,stable,dominant_stable,dominant_stable,-0.0019,0.0152,-0.0133,persisted
rr_interval_4002_first_50000_001,150,175,16951,17100,16976,17150,0.8333,stable,stable,dominant_stable,dominant_stable,0.0086,-0.0086,0.0000,persisted
rr_interval_4002_first_50000_001,150,175,17101,17250,17151,17325,0.6667,stable,stable,dominant_stable,dominant_stable,0.0000,0.0000,0.0000,persisted
rr_interval_4002_first_50000_001,150,175,17251,17400,17151,17325,0.5000,stable,stable,dominant_stable,dominant_stable,0.0000,0.0000,0.0000,persisted
rr_interval_4002_first_50000_001,150,175,17401,17550,17326,17500,0.6667,stable,stable,dominant_stable,dominant_stable,-0.0048,0.0000,0.0048,persisted
rr_interval_4002_first_50000_001,150,175,17551,17700,17501,17675,0.8333,stable,stable,dominant_stable,dominant_stable,0.0000,0.0000,0.0000,persisted
rr_interval_4002_first_50000_001,150,175,17701,17850,17676,17850,1.0000,stable,stable,dominant_stable,dominant_stable,0.0000,0.0000,0.0000,persisted
rr_interval_4002_first_50000_001,150,175,17851,18000,17851,18025,1.0000,stable,stable,dominant_stable,dominant_stable,0.0029,-0.0029,0.0000,persisted
rr_interval_4002_first_50000_001,150,175,18001,18150,18026,18200,0.8333,stable,stable,dominant_stable,dominant_stable,0.0000,0.0000,0.0000,persisted
rr_interval_4002_first_50000_001,150,175,18151,18300,18201,18375,0.6667,stable,stable,dominant_stable,dominant_stable,0.0067,0.0000,-0.0067,persisted
rr_interval_4002_first_50000_001,150,175,18301,18450,18201,18375,0.5000,stable,stable,dominant_stable,dominant_stable,0.0200,-0.0200,0.0000,persisted
rr_interval_4002_first_50000_001,150,175,18451,18600,18376,18550,0.6667,stable,stable,dominant_stable,dominant_stable,-0.0057,0.0000,0.0057,persisted
rr_interval_4002_first_50000_001,150,175,18601,18750,18551,18725,0.8333,stable,stable,dominant_stable,dominant_stable,0.0000,0.0000,0.0000,persisted
rr_interval_4002_first_50000_001,150,175,18751,18900,18726,18900,1.0000,stable,stable,dominant_stable,dominant_stable,0.0019,-0.0019,0.0000,persisted
rr_interval_4002_first_50000_001,150,175,18901,19050,18901,19075,1.0000,stable,stable,dominant_stable,dominant_stable,0.0029,-0.0029,0.0000,persisted
rr_interval_4002_first_50000_001,150,175,19051,19200,19076,19250,0.8333,stable,stable,dominant_stable,dominant_stable,-0.0038,0.0038,0.0000,persisted
rr_interval_4002_first_50000_001,150,175,19201,19350,19251,19425,0.6667,stable,stable,dominant_stable,dominant_stable,0.0333,-0.0200,-0.0133,persisted
rr_interval_4002_first_50000_001,150,175,19351,19500,19251,19425,0.5000,stable,stable,dominant_stable,dominant_stable,0.0000,0.0000,0.0000,persisted
rr_interval_4002_first_50000_001,150,175,19501,19650,19426,19600,0.6667,stable,stable,dominant_stable,dominant_stable,0.0048,0.0019,-0.0067,persisted
rr_interval_4002_first_50000_001,150,175,19651,19800,19601,19775,0.8333,stable,stable,dominant_stable,dominant_stable,-0.0219,0.0229,-0.0010,persisted
rr_interval_4002_first_50000_001,150,175,19801,19950,19776,19950,1.0000,stable,stable,dominant_stable,dominant_stable,0.0000,0.0000,0.0000,persisted
rr_interval_4002_first_50000_001,150,175,19951,20100,19951,20125,1.0000,stable,stable,dominant_stable,dominant_stable,0.0000,0.0000,0.0000,persisted
rr_interval_4002_first_50000_001,150,175,20101,20250,20126,20300,0.8333,stable,stable,dominant_stable,dominant_stable,-0.0114,0.0114,0.0000,persisted
rr_interval_4002_first_50000_001,150,175,20251,20400,20301,20475,0.6667,stable,stable,dominant_stable,dominant_stable,-0.0114,0.0114,0.0000,persisted
rr_interval_4002_first_50000_001,150,175,20401,20550,20301,20475,0.5000,stable,stable,dominant_stable,dominant_stable,-0.0114,0.0114,0.0000,persisted
rr_interval_4002_first_50000_001,150,175,20551,20700,20476,20650,0.6667,stable,stable,dominant_stable,dominant_stable,-0.0038,0.0038,0.0000,persisted
rr_interval_4002_first_50000_001,150,175,20701,20850,20651,20825,0.8333,stable,stable,dominant_stable,dominant_stable,-0.0105,0.0171,-0.0067,persisted
rr_interval_4002_first_50000_001,150,175,20851,21000,20826,21000,1.0000,stable,stable,dominant_stable,dominant_stable,0.0029,-0.0029,0.0000,persisted
rr_interval_4002_first_50000_001,150,175,21001,21150,21001,21175,1.0000,stable,stable,dominant_stable,dominant_stable,0.0048,-0.0048,0.0000,persisted
rr_interval_4002_first_50000_001,150,175,21151,21300,21176,21350,0.8333,stable,stable,dominant_stable,dominant_stable,0.0276,-0.0333,0.0057,persisted
rr_interval_4002_first_50000_001,150,175,21301,21450,21351,21525,0.6667,stable,stable,dominant_stable,dominant_stable,-0.0057,0.0000,0.0057,persisted
rr_interval_4002_first_50000_001,150,175,21451,21600,21351,21525,0.5000,stable,stable,dominant_stable,dominant_stable,-0.0057,0.0000,0.0057,persisted
rr_interval_4002_first_50000_001,150,175,21601,21750,21526,21700,0.6667,stable,stable,dominant_stable,dominant_stable,0.0000,0.0000,0.0000,persisted
rr_interval_4002_first_50000_001,150,175,21751,21900,21701,21875,0.8333,stable,stable,dominant_stable,dominant_stable,0.0000,0.0000,0.0000,persisted
rr_interval_4002_first_50000_001,150,175,21901,22050,21876,22050,1.0000,stable,stable,dominant_stable,dominant_stable,-0.0038,0.0171,-0.0133,persisted
rr_interval_4002_first_50000_001,150,175,22051,22200,22051,22225,1.0000,stable,stable,dominant_stable,dominant_stable,0.0019,-0.0019,0.0000,persisted
rr_interval_4002_first_50000_001,150,175,22201,22350,22226,22400,0.8333,stable,stable,dominant_stable,dominant_stable,-0.0057,0.0000,0.0057,persisted
rr_interval_4002_first_50000_001,150,175,22351,22500,22401,22575,0.6667,stable,stable,dominant_stable,dominant_stable,0.0057,-0.0057,0.0000,persisted
rr_interval_4002_first_50000_001,150,175,22501,22650,22401,22575,0.5000,stable,stable,dominant_stable,dominant_stable,-0.0343,0.0343,0.0000,persisted
rr_interval_4002_first_50000_001,150,175,22651,22800,22576,22750,0.6667,stable,stable,dominant_stable,dominant_stable,-0.0057,0.0000,0.0057,persisted
rr_interval_4002_first_50000_001,150,175,22801,22950,22751,22925,0.8333,stable,stable,dominant_stable,dominant_stable,0.0000,0.0000,0.0000,persisted
rr_interval_4002_first_50000_001,150,175,22951,23100,22926,23100,1.0000,stable,stable,dominant_stable,dominant_stable,0.0010,0.0000,-0.0010,persisted
rr_interval_4002_first_50000_001,150,175,23101,23250,23101,23275,1.0000,stable,stable,dominant_stable,dominant_stable,0.0010,0.0000,-0.0010,persisted
rr_interval_4002_first_50000_001,150,175,23251,23400,23276,23450,0.8333,stable,stable,dominant_stable,dominant_stable,0.0343,-0.0400,0.0057,persisted
rr_interval_4002_first_50000_001,150,175,23401,23550,23451,23625,0.6667,stable,stable,dominant_stable,dominant_stable,-0.0267,0.0210,0.0057,persisted
rr_interval_4002_first_50000_001,150,175,23551,23700,23451,23625,0.5000,stable,stable,dominant_stable,dominant_stable,-0.0267,0.0210,0.0057,persisted
rr_interval_4002_first_50000_001,150,175,23701,23850,23626,23800,0.6667,stable,stable,dominant_stable,dominant_stable,0.0029,-0.0086,0.0057,persisted
rr_interval_4002_first_50000_001,150,175,23851,24000,23801,23975,0.8333,stable,stable,dominant_stable,dominant_stable,0.0000,0.0000,0.0000,persisted
rr_interval_4002_first_50000_001,150,175,24001,24150,23976,24150,1.0000,stable,stable,dominant_stable,dominant_stable,0.0000,0.0000,0.0000,persisted
rr_interval_4002_first_50000_001,150,175,24151,24300,24151,24325,1.0000,stable,stable,dominant_stable,dominant_stable,0.0019,-0.0019,0.0000,persisted
rr_interval_4002_first_50000_001,150,175,24301,24450,24326,24500,0.8333,stable,stable,dominant_stable,dominant_stable,0.0076,-0.0133,0.0057,persisted
rr_interval_4002_first_50000_001,150,175,24451,24600,24501,24675,0.6667,stable,stable,dominant_stable,dominant_stable,0.0038,0.0029,-0.0067,persisted
rr_interval_4002_first_50000_001,150,175,24601,24750,24501,24675,0.5000,stable,stable,dominant_stable,dominant_stable,0.0238,-0.0171,-0.0067,persisted
rr_interval_4002_first_50000_001,150,175,24751,24900,24676,24850,0.6667,stable,stable,dominant_stable,dominant_stable,0.0076,-0.0133,0.0057,persisted
rr_interval_4002_first_50000_001,150,175,24901,25050,24851,25025,0.8333,stable,stable,dominant_stable,dominant_stable,0.0190,-0.0181,-0.0010,persisted
rr_interval_4002_first_50000_001,150,175,25051,25200,25026,25200,1.0000,stable,stable,dominant_stable,dominant_stable,0.0010,0.0000,-0.0010,persisted
rr_interval_4002_first_50000_001,150,175,25201,25350,25201,25375,1.0000,stable,stable,dominant_stable,dominant_stable,0.0019,-0.0019,0.0000,persisted
rr_interval_4002_first_50000_001,150,175,25351,25500,25376,25550,0.8333,stable,stable,dominant_stable,dominant_stable,-0.0171,0.0114,0.0057,persisted
rr_interval_4002_first_50000_001,150,175,25501,25650,25551,25725,0.6667,stable,stable,dominant_stable,dominant_stable,0.0210,-0.0133,-0.0076,persisted
rr_interval_4002_first_50000_001,150,175,25651,25800,25551,25725,0.5000,stable,stable,dominant_stable,dominant_stable,0.0076,-0.0133,0.0057,persisted
rr_interval_4002_first_50000_001,150,175,25801,25950,25726,25900,0.6667,stable,stable,dominant_stable,dominant_stable,-0.0086,0.0095,-0.0010,persisted
rr_interval_4002_first_50000_001,150,175,25951,26100,25901,26075,0.8333,stable,stable,dominant_stable,dominant_stable,0.0000,0.0000,0.0000,persisted
rr_interval_4002_first_50000_001,150,175,26101,26250,26076,26250,1.0000,stable,stable,dominant_stable,dominant_stable,0.0038,0.0000,-0.0038,persisted
rr_interval_4002_first_50000_001,150,175,26251,26400,26251,26425,1.0000,stable,stable,dominant_stable,dominant_stable,0.0038,-0.0029,-0.0010,persisted
rr_interval_4002_first_50000_001,150,175,26401,26550,26426,26600,0.8333,stable,stable,dominant_stable,dominant_stable,0.0000,0.0000,0.0000,persisted
rr_interval_4002_first_50000_001,150,175,26551,26700,26601,26775,0.6667,stable,stable,dominant_stable,dominant_stable,0.0000,0.0000,0.0000,persisted
rr_interval_4002_first_50000_001,150,175,26701,26850,26601,26775,0.5000,stable,stable,dominant_stable,dominant_stable,0.0000,0.0000,0.0000,persisted
rr_interval_4002_first_50000_001,150,175,26851,27000,26776,26950,0.6667,stable,stable,dominant_stable,dominant_stable,-0.0276,0.0343,-0.0067,persisted
rr_interval_4002_first_50000_001,150,175,27001,27150,26951,27125,0.8333,stable,stable,dominant_stable,dominant_stable,-0.0057,0.0000,0.0057,persisted
rr_interval_4002_first_50000_001,150,175,27151,27300,27126,27300,1.0000,stable,stable,dominant_stable,dominant_stable,0.0000,0.0000,0.0000,persisted
rr_interval_4002_first_50000_001,150,175,27301,27450,27301,27475,1.0000,stable,stable,dominant_stable,dominant_stable,0.0181,-0.0114,-0.0067,persisted
rr_interval_4002_first_50000_001,150,175,27451,27600,27476,27650,0.8333,stable,stable,dominant_stable,dominant_stable,0.0029,-0.0019,-0.0010,persisted
rr_interval_4002_first_50000_001,150,175,27601,27750,27651,27825,0.6667,stable,stable,dominant_stable,dominant_stable,0.0019,0.0114,-0.0133,persisted
rr_interval_4002_first_50000_001,150,175,27751,27900,27651,27825,0.5000,stable,stable,dominant_stable,dominant_stable,0.0019,-0.0019,0.0000,persisted
rr_interval_4002_first_50000_001,150,175,27901,28050,27826,28000,0.6667,stable,stable,dominant_stable,dominant_stable,0.0000,0.0000,0.0000,persisted
rr_interval_4002_first_50000_001,150,175,28051,28200,28001,28175,0.8333,stable,stable,dominant_stable,dominant_stable,0.0000,0.0000,0.0000,persisted
rr_interval_4002_first_50000_001,150,175,28201,28350,28176,28350,1.0000,stable,stable,dominant_stable,dominant_stable,0.0057,-0.0048,-0.0010,persisted
rr_interval_4002_first_50000_001,150,175,28351,28500,28351,28525,1.0000,stable,stable,dominant_stable,dominant_stable,0.0200,-0.0200,0.0000,persisted
rr_interval_4002_first_50000_001,150,175,28501,28650,28526,28700,0.8333,stable,stable,dominant_stable,dominant_stable,0.0019,-0.0019,0.0000,persisted
rr_interval_4002_first_50000_001,150,175,28651,28800,28701,28875,0.6667,stable,stable,dominant_stable,dominant_stable,-0.0105,0.0114,-0.0010,persisted
rr_interval_4002_first_50000_001,150,175,28801,28950,28701,28875,0.5000,stable,stable,dominant_stable,dominant_stable,-0.0171,0.0114,0.0057,persisted
rr_interval_4002_first_50000_001,150,175,28951,29100,28876,29050,0.6667,stable,stable,dominant_stable,dominant_stable,-0.0229,0.0114,0.0114,persisted
rr_interval_4002_first_50000_001,150,175,29101,29250,29051,29225,0.8333,stable,stable,dominant_stable,dominant_stable,0.0267,-0.0200,-0.0067,persisted
rr_interval_4002_first_50000_001,150,175,29251,29400,29226,29400,1.0000,stable,stable,dominant_stable,dominant_stable,0.0010,0.0000,-0.0010,persisted
rr_interval_4002_first_50000_001,150,175,29401,29550,29401,29575,1.0000,stable,stable,dominant_stable,dominant_stable,0.0000,0.0000,0.0000,persisted
rr_interval_4002_first_50000_001,150,175,29551,29700,29576,29750,0.8333,stable,stable,dominant_stable,dominant_stable,0.0305,-0.0171,-0.0133,persisted
rr_interval_4002_first_50000_001,150,175,29701,29850,29751,29925,0.6667,stable,stable,dominant_stable,dominant_stable,-0.0333,0.0286,0.0048,persisted
rr_interval_4002_first_50000_001,150,175,29851,30000,29751,29925,0.5000,stable,stable,dominant_stable,dominant_stable,-0.0200,0.0086,0.0114,persisted
rr_interval_4002_first_50000_001,150,175,30001,30150,29926,30100,0.6667,stable,stable,dominant_stable,dominant_stable,-0.0105,0.0171,-0.0067,persisted
rr_interval_4002_first_50000_001,150,175,30151,30300,30101,30275,0.8333,stable,stable,dominant_stable,dominant_stable,0.0029,-0.0029,0.0000,persisted
rr_interval_4002_first_50000_001,150,175,30301,30450,30276,30450,1.0000,stable,stable,dominant_stable,dominant_stable,0.0010,0.0000,-0.0010,persisted
rr_interval_4002_first_50000_001,150,175,30451,30600,30451,30625,1.0000,stable,stable,dominant_stable,dominant_stable,0.0019,0.0000,-0.0019,persisted
rr_interval_4002_first_50000_001,150,175,30601,30750,30626,30800,0.8333,stable,stable,dominant_stable,dominant_stable,0.0352,-0.0333,-0.0019,persisted
rr_interval_4002_first_50000_001,150,175,30751,30900,30801,30975,0.6667,stable,stable,dominant_stable,dominant_stable,0.0019,-0.0133,0.0114,persisted
rr_interval_4002_first_50000_001,150,175,30901,31050,30801,30975,0.5000,stable,stable,dominant_stable,dominant_stable,0.0019,0.0000,-0.0019,persisted
rr_interval_4002_first_50000_001,150,175,31051,31200,30976,31150,0.6667,stable,stable,dominant_stable,dominant_stable,0.0019,0.0000,-0.0019,persisted
rr_interval_4002_first_50000_001,150,175,31201,31350,31151,31325,0.8333,stable,stable,dominant_stable,dominant_stable,-0.0152,0.0229,-0.0076,persisted
rr_interval_4002_first_50000_001,150,175,31351,31500,31326,31500,1.0000,stable,stable,dominant_stable,dominant_stable,0.0019,-0.0019,0.0000,persisted
rr_interval_4002_first_50000_001,150,175,31501,31650,31501,31675,1.0000,stable,stable,dominant_stable,dominant_stable,0.0000,0.0000,0.0000,persisted
rr_interval_4002_first_50000_001,150,175,31651,31800,31676,31850,0.8333,stable,stable,dominant_stable,dominant_stable,0.0000,0.0000,0.0000,persisted
rr_interval_4002_first_50000_001,150,175,31801,31950,31851,32025,0.6667,stable,stable,dominant_stable,dominant_stable,0.0010,0.0000,-0.0010,persisted
rr_interval_4002_first_50000_001,150,175,31951,32100,31851,32025,0.5000,stable,stable,dominant_stable,dominant_stable,-0.0057,0.0000,0.0057,persisted
rr_interval_4002_first_50000_001,150,175,32101,32250,32026,32200,0.6667,stable,stable,dominant_stable,dominant_stable,0.0000,0.0000,0.0000,persisted
rr_interval_4002_first_50000_001,150,175,32251,32400,32201,32375,0.8333,stable,stable,dominant_stable,dominant_stable,0.0010,0.0000,-0.0010,persisted
rr_interval_4002_first_50000_001,150,175,32401,32550,32376,32550,1.0000,stable,stable,dominant_stable,dominant_stable,0.0000,0.0000,0.0000,persisted
rr_interval_4002_first_50000_001,150,175,32551,32700,32551,32725,1.0000,stable,stable,dominant_stable,dominant_stable,0.0010,0.0000,-0.0010,persisted
rr_interval_4002_first_50000_001,150,175,32701,32850,32726,32900,0.8333,stable,stable,dominant_stable,dominant_stable,-0.0219,0.0171,0.0048,persisted
rr_interval_4002_first_50000_001,150,175,32851,33000,32901,33075,0.6667,stable,stable,dominant_stable,dominant_stable,-0.0076,0.0086,-0.0010,persisted
rr_interval_4002_first_50000_001,150,175,33001,33150,32901,33075,0.5000,stable,stable,dominant_stable,dominant_stable,-0.0076,0.0086,-0.0010,persisted
rr_interval_4002_first_50000_001,150,175,33151,33300,33076,33250,0.6667,stable,stable,dominant_stable,dominant_stable,-0.0171,0.0000,0.0171,persisted
rr_interval_4002_first_50000_001,150,175,33301,33450,33251,33425,0.8333,stable,stable,dominant_stable,dominant_stable,0.0029,-0.0019,-0.0010,persisted
rr_interval_4002_first_50000_001,150,175,33451,33600,33426,33600,1.0000,stable,stable,dominant_stable,dominant_stable,0.0029,-0.0029,0.0000,persisted
rr_interval_4002_first_50000_001,150,175,33601,33750,33601,33775,1.0000,stable,stable,dominant_stable,dominant_stable,-0.0171,0.0114,0.0057,persisted
rr_interval_4002_first_50000_001,150,175,33751,33900,33776,33950,0.8333,stable,stable,dominant_stable,dominant_stable,0.0095,-0.0152,0.0057,persisted
rr_interval_4002_first_50000_001,150,175,33901,34050,33951,34125,0.6667,stable,stable,dominant_stable,dominant_stable,0.0000,0.0000,0.0000,persisted
rr_interval_4002_first_50000_001,150,175,34051,34200,33951,34125,0.5000,stable,stable,dominant_stable,dominant_stable,0.0000,0.0000,0.0000,persisted
rr_interval_4002_first_50000_001,150,175,34201,34350,34126,34300,0.6667,stable,stable,dominant_stable,dominant_stable,-0.0105,0.0171,-0.0067,persisted
rr_interval_4002_first_50000_001,150,175,34351,34500,34301,34475,0.8333,stable,stable,dominant_stable,dominant_stable,-0.0057,0.0000,0.0057,persisted
rr_interval_4002_first_50000_001,150,175,34501,34650,34476,34650,1.0000,stable,stable,dominant_stable,dominant_stable,0.0010,0.0000,-0.0010,persisted
rr_interval_4002_first_50000_001,150,175,34651,34800,34651,34825,1.0000,stable,stable,dominant_stable,dominant_stable,0.0019,-0.0019,0.0000,persisted
rr_interval_4002_first_50000_001,150,175,34801,34950,34826,35000,0.8333,stable,stable,dominant_stable,dominant_stable,0.0010,0.0000,-0.0010,persisted
rr_interval_4002_first_50000_001,150,175,34951,35100,35001,35175,0.6667,stable,stable,dominant_stable,dominant_stable,0.0010,0.0000,-0.0010,persisted
rr_interval_4002_first_50000_001,150,175,35101,35250,35001,35175,0.5000,stable,stable,dominant_stable,dominant_stable,-0.0057,0.0000,0.0057,persisted
rr_interval_4002_first_50000_001,150,175,35251,35400,35176,35350,0.6667,stable,stable,dominant_stable,dominant_stable,0.0000,0.0000,0.0000,persisted
rr_interval_4002_first_50000_001,150,175,35401,35550,35351,35525,0.8333,stable,stable,dominant_stable,dominant_stable,0.0019,-0.0019,0.0000,persisted
rr_interval_4002_first_50000_001,150,175,35551,35700,35526,35700,1.0000,stable,stable,dominant_stable,dominant_stable,0.0029,-0.0029,0.0000,persisted
rr_interval_4002_first_50000_001,150,175,35701,35850,35701,35875,1.0000,stable,stable,dominant_stable,dominant_stable,0.0038,-0.0029,-0.0010,persisted
rr_interval_4002_first_50000_001,150,175,35851,36000,35876,36050,0.8333,stable,stable,dominant_stable,dominant_stable,0.0000,0.0000,0.0000,persisted
rr_interval_4002_first_50000_001,150,175,36001,36150,36051,36225,0.6667,stable,stable,dominant_stable,dominant_stable,0.0276,-0.0333,0.0057,persisted
rr_interval_4002_first_50000_001,150,175,36151,36300,36051,36225,0.5000,stable,stable,dominant_stable,dominant_stable,0.0076,-0.0133,0.0057,persisted
rr_interval_4002_first_50000_001,150,175,36301,36450,36226,36400,0.6667,stable,stable,dominant_stable,dominant_stable,0.0219,-0.0219,0.0000,persisted
rr_interval_4002_first_50000_001,150,175,36451,36600,36401,36575,0.8333,stable,stable,dominant_stable,dominant_stable,-0.0038,0.0038,0.0000,persisted
rr_interval_4002_first_50000_001,150,175,36601,36750,36576,36750,1.0000,stable,stable,dominant_stable,dominant_stable,0.0000,0.0000,0.0000,persisted
rr_interval_4002_first_50000_001,150,175,36751,36900,36751,36925,1.0000,stable,stable,dominant_stable,dominant_stable,0.0029,-0.0029,0.0000,persisted
rr_interval_4002_first_50000_001,150,175,36901,37050,36926,37100,0.8333,stable,stable,dominant_stable,dominant_stable,-0.0114,0.0114,0.0000,persisted
rr_interval_4002_first_50000_001,150,175,37051,37200,37101,37275,0.6667,stable,stable,dominant_stable,dominant_stable,-0.0086,0.0152,-0.0067,persisted
rr_interval_4002_first_50000_001,150,175,37201,37350,37101,37275,0.5000,stable,stable,dominant_stable,dominant_stable,-0.0286,0.0286,0.0000,persisted
rr_interval_4002_first_50000_001,150,175,37351,37500,37276,37450,0.6667,stable,stable,dominant_stable,dominant_stable,0.0000,0.0000,0.0000,persisted
rr_interval_4002_first_50000_001,150,175,37501,37650,37451,37625,0.8333,stable,stable,dominant_stable,dominant_stable,0.0133,0.0000,-0.0133,persisted
rr_interval_4002_first_50000_001,150,175,37651,37800,37626,37800,1.0000,stable,stable,dominant_stable,dominant_stable,-0.0105,0.0171,-0.0067,persisted
rr_interval_4002_first_50000_001,150,175,37801,37950,37801,37975,1.0000,stable,stable,dominant_stable,dominant_stable,0.0048,-0.0048,0.0000,persisted
rr_interval_4002_first_50000_001,150,175,37951,38100,37976,38150,0.8333,stable,stable,dominant_stable,dominant_stable,0.0019,-0.0019,0.0000,persisted
rr_interval_4002_first_50000_001,150,175,38101,38250,38151,38325,0.6667,stable,stable,dominant_stable,dominant_stable,0.0095,0.0038,-0.0133,persisted
rr_interval_4002_first_50000_001,150,175,38251,38400,38151,38325,0.5000,stable,stable,dominant_stable,dominant_stable,0.0295,-0.0295,0.0000,persisted
rr_interval_4002_first_50000_001,150,175,38401,38550,38326,38500,0.6667,stable,stable,dominant_stable,dominant_stable,-0.0067,0.0067,0.0000,persisted
rr_interval_4002_first_50000_001,150,175,38551,38700,38501,38675,0.8333,stable,stable,dominant_stable,dominant_stable,0.0200,-0.0200,0.0000,persisted
rr_interval_4002_first_50000_001,150,175,38701,38850,38676,38850,1.0000,stable,stable,dominant_stable,dominant_stable,0.0000,0.0000,0.0000,persisted
rr_interval_4002_first_50000_001,150,175,38851,39000,38851,39025,1.0000,stable,stable,dominant_stable,dominant_stable,0.0000,0.0000,0.0000,persisted
rr_interval_4002_first_50000_001,150,175,39001,39150,39026,39200,0.8333,stable,stable,dominant_stable,dominant_stable,0.0067,0.0000,-0.0067,persisted
rr_interval_4002_first_50000_001,150,175,39151,39300,39201,39375,0.6667,stable,stable,dominant_stable,dominant_stable,0.0000,0.0000,0.0000,persisted
rr_interval_4002_first_50000_001,150,175,39301,39450,39201,39375,0.5000,stable,stable,dominant_stable,dominant_stable,0.0000,0.0000,0.0000,persisted
rr_interval_4002_first_50000_001,150,175,39451,39600,39376,39550,0.6667,stable,stable,dominant_stable,dominant_stable,0.0114,-0.0114,0.0000,persisted
rr_interval_4002_first_50000_001,150,175,39601,39750,39551,39725,0.8333,stable,stable,dominant_stable,dominant_stable,-0.0057,0.0000,0.0057,persisted
rr_interval_4002_first_50000_001,150,175,39751,39900,39726,39900,1.0000,stable,stable,dominant_stable,dominant_stable,0.0276,-0.0200,-0.0076,persisted
rr_interval_4002_first_50000_001,150,175,39901,40050,39901,40075,1.0000,stable,stable,dominant_stable,dominant_stable,0.0029,-0.0029,0.0000,persisted
rr_interval_4002_first_50000_001,150,175,40051,40200,40076,40250,0.8333,stable,stable,dominant_stable,dominant_stable,0.0019,0.0000,-0.0019,persisted
rr_interval_4002_first_50000_001,150,175,40201,40350,40251,40425,0.6667,stable,stable,dominant_stable,dominant_stable,-0.0067,0.0010,0.0057,persisted
rr_interval_4002_first_50000_001,150,175,40351,40500,40251,40425,0.5000,stable,stable,dominant_stable,dominant_stable,0.0067,-0.0057,-0.0010,persisted
rr_interval_4002_first_50000_001,150,175,40501,40650,40426,40600,0.6667,stable,stable,dominant_stable,dominant_stable,-0.0038,0.0038,0.0000,persisted
rr_interval_4002_first_50000_001,150,175,40651,40800,40601,40775,0.8333,stable,stable,dominant_stable,dominant_stable,-0.0171,0.0171,0.0000,persisted
rr_interval_4002_first_50000_001,150,175,40801,40950,40776,40950,1.0000,stable,stable,dominant_stable,dominant_stable,0.0200,-0.0133,-0.0067,persisted
rr_interval_4002_first_50000_001,150,175,40951,41100,40951,41125,1.0000,stable,stable,dominant_stable,dominant_stable,-0.0048,0.0114,-0.0067,persisted
rr_interval_4002_first_50000_001,150,175,41101,41250,41126,41300,0.8333,stable,stable,dominant_stable,dominant_stable,0.0019,-0.0019,0.0000,persisted
rr_interval_4002_first_50000_001,150,175,41251,41400,41301,41475,0.6667,stable,stable,dominant_stable,dominant_stable,-0.0171,0.0171,0.0000,persisted
rr_interval_4002_first_50000_001,150,175,41401,41550,41301,41475,0.5000,stable,stable,dominant_stable,dominant_stable,-0.0105,0.0171,-0.0067,persisted
rr_interval_4002_first_50000_001,150,175,41551,41700,41476,41650,0.6667,stable,stable,dominant_stable,dominant_stable,0.0143,-0.0133,-0.0010,persisted
rr_interval_4002_first_50000_001,150,175,41701,41850,41651,41825,0.8333,stable,stable,dominant_stable,dominant_stable,0.0038,-0.0029,-0.0010,persisted
rr_interval_4002_first_50000_001,150,175,41851,42000,41826,42000,1.0000,stable,stable,dominant_stable,dominant_stable,0.0019,-0.0019,0.0000,persisted
rr_interval_4002_first_50000_001,150,175,42001,42150,42001,42175,1.0000,stable,stable,dominant_stable,dominant_stable,0.0019,0.0000,-0.0019,persisted
rr_interval_4002_first_50000_001,150,175,42151,42300,42176,42350,0.8333,stable,stable,dominant_stable,dominant_stable,0.0029,-0.0019,-0.0010,persisted
rr_interval_4002_first_50000_001,150,175,42301,42450,42351,42525,0.6667,stable,stable,dominant_stable,dominant_stable,0.0010,0.0000,-0.0010,persisted
rr_interval_4002_first_50000_001,150,175,42451,42600,42351,42525,0.5000,stable,stable,dominant_stable,dominant_stable,-0.0057,0.0000,0.0057,persisted
rr_interval_4002_first_50000_001,150,175,42601,42750,42526,42700,0.6667,stable,stable,dominant_stable,dominant_stable,0.0038,-0.0029,-0.0010,persisted
rr_interval_4002_first_50000_001,150,175,42751,42900,42701,42875,0.8333,stable,stable,dominant_stable,dominant_stable,0.0029,-0.0019,-0.0010,persisted
rr_interval_4002_first_50000_001,150,175,42901,43050,42876,43050,1.0000,stable,stable,dominant_stable,dominant_stable,0.0010,0.0000,-0.0010,persisted
rr_interval_4002_first_50000_001,150,175,43051,43200,43051,43225,1.0000,stable,stable,dominant_stable,dominant_stable,0.0200,-0.0200,0.0000,persisted
rr_interval_4002_first_50000_001,150,175,43201,43350,43226,43400,0.8333,stable,stable,dominant_stable,dominant_stable,-0.0114,0.0114,0.0000,persisted
rr_interval_4002_first_50000_001,150,175,43351,43500,43401,43575,0.6667,stable,stable,dominant_stable,dominant_stable,-0.0210,0.0286,-0.0076,persisted
rr_interval_4002_first_50000_001,150,175,43501,43650,43401,43575,0.5000,stable,stable,dominant_stable,dominant_stable,0.0257,-0.0248,-0.0010,persisted
rr_interval_4002_first_50000_001,150,175,43651,43800,43576,43750,0.6667,stable,stable,dominant_stable,dominant_stable,-0.0105,0.0114,-0.0010,persisted
rr_interval_4002_first_50000_001,150,175,43801,43950,43751,43925,0.8333,stable,stable,dominant_stable,dominant_stable,-0.0171,0.0171,0.0000,persisted
rr_interval_4002_first_50000_001,150,175,43951,44100,43926,44100,1.0000,stable,stable,dominant_stable,dominant_stable,0.0019,0.0114,-0.0133,persisted
rr_interval_4002_first_50000_001,150,175,44101,44250,44101,44275,1.0000,stable,stable,dominant_stable,dominant_stable,0.0219,-0.0200,-0.0019,persisted
rr_interval_4002_first_50000_001,150,175,44251,44400,44276,44450,0.8333,stable,stable,dominant_stable,dominant_stable,0.0133,-0.0133,0.0000,persisted
rr_interval_4002_first_50000_001,150,175,44401,44550,44451,44625,0.6667,stable,stable,dominant_stable,dominant_stable,-0.0343,0.0286,0.0057,persisted
rr_interval_4002_first_50000_001,150,175,44551,44700,44451,44625,0.5000,stable,stable,dominant_stable,dominant_stable,-0.0276,0.0286,-0.0010,persisted
rr_interval_4002_first_50000_001,150,175,44701,44850,44626,44800,0.6667,stable,stable,dominant_stable,dominant_stable,-0.0171,0.0171,0.0000,persisted
rr_interval_4002_first_50000_001,150,175,44851,45000,44801,44975,0.8333,stable,stable,dominant_stable,dominant_stable,0.0267,-0.0267,0.0000,persisted
rr_interval_4002_first_50000_001,150,175,45001,45150,44976,45150,1.0000,stable,stable,dominant_stable,dominant_stable,0.0010,0.0000,-0.0010,persisted
rr_interval_4002_first_50000_001,150,175,45151,45300,45151,45325,1.0000,stable,stable,dominant_stable,dominant_stable,0.0267,-0.0200,-0.0067,persisted
rr_interval_4002_first_50000_001,150,175,45301,45450,45326,45500,0.8333,stable,stable,dominant_stable,dominant_stable,-0.0171,0.0171,0.0000,persisted
rr_interval_4002_first_50000_001,150,175,45451,45600,45501,45675,0.6667,stable,stable,dominant_stable,dominant_stable,0.0086,-0.0086,0.0000,persisted
rr_interval_4002_first_50000_001,150,175,45601,45750,45501,45675,0.5000,stable,stable,dominant_stable,dominant_stable,-0.0048,0.0114,-0.0067,persisted
rr_interval_4002_first_50000_001,150,175,45751,45900,45676,45850,0.6667,stable,stable,dominant_stable,dominant_stable,0.0000,0.0000,0.0000,persisted
rr_interval_4002_first_50000_001,150,175,45901,46050,45851,46025,0.8333,stable,stable,dominant_stable,dominant_stable,0.0143,-0.0133,-0.0010,persisted
rr_interval_4002_first_50000_001,150,175,46051,46200,46026,46200,1.0000,stable,stable,dominant_stable,dominant_stable,0.0000,0.0000,0.0000,persisted
rr_interval_4002_first_50000_001,150,175,46201,46350,46201,46375,1.0000,stable,stable,dominant_stable,dominant_stable,0.0000,0.0000,0.0000,persisted
rr_interval_4002_first_50000_001,150,175,46351,46500,46376,46550,0.8333,stable,stable,dominant_stable,dominant_stable,0.0010,0.0000,-0.0010,persisted
rr_interval_4002_first_50000_001,150,175,46501,46650,46551,46725,0.6667,stable,stable,dominant_stable,dominant_stable,-0.0095,0.0095,0.0000,persisted
rr_interval_4002_first_50000_001,150,175,46651,46800,46551,46725,0.5000,stable,stable,dominant_stable,dominant_stable,0.0171,-0.0171,0.0000,persisted
rr_interval_4002_first_50000_001,150,175,46801,46950,46726,46900,0.6667,stable,stable,dominant_stable,dominant_stable,0.0133,-0.0133,0.0000,persisted
rr_interval_4002_first_50000_001,150,175,46951,47100,46901,47075,0.8333,stable,stable,dominant_stable,dominant_stable,0.0000,0.0000,0.0000,persisted
rr_interval_4002_first_50000_001,150,175,47101,47250,47076,47250,1.0000,stable,stable,dominant_stable,dominant_stable,0.0010,0.0000,-0.0010,persisted
rr_interval_4002_first_50000_001,150,175,47251,47400,47251,47425,1.0000,stable,stable,dominant_stable,dominant_stable,0.0000,0.0000,0.0000,persisted
rr_interval_4002_first_50000_001,150,175,47401,47550,47426,47600,0.8333,stable,stable,dominant_stable,dominant_stable,-0.0114,0.0114,0.0000,persisted
rr_interval_4002_first_50000_001,150,175,47551,47700,47601,47775,0.6667,stable,stable,dominant_stable,dominant_stable,0.0010,0.0000,-0.0010,persisted
rr_interval_4002_first_50000_001,150,175,47701,47850,47601,47775,0.5000,stable,stable,dominant_stable,dominant_stable,0.0010,0.0000,-0.0010,persisted
rr_interval_4002_first_50000_001,150,175,47851,48000,47776,47950,0.6667,stable,stable,dominant_stable,dominant_stable,-0.0019,0.0086,-0.0067,persisted
rr_interval_4002_first_50000_001,150,175,48001,48150,47951,48125,0.8333,stable,stable,dominant_stable,dominant_stable,0.0000,0.0000,0.0000,persisted
rr_interval_4002_first_50000_001,150,175,48151,48300,48126,48300,1.0000,stable,stable,dominant_stable,dominant_stable,0.0029,-0.0029,0.0000,persisted
rr_interval_4002_first_50000_001,150,175,48301,48450,48301,48475,1.0000,stable,stable,dominant_stable,dominant_stable,-0.0038,0.0038,0.0000,persisted
rr_interval_4002_first_50000_001,150,175,48451,48600,48476,48650,0.8333,stable,stable,dominant_stable,dominant_stable,0.0038,-0.0029,-0.0010,persisted
rr_interval_4002_first_50000_001,150,175,48601,48750,48651,48825,0.6667,stable,stable,dominant_stable,dominant_stable,-0.0152,0.0152,0.0000,persisted
rr_interval_4002_first_50000_001,150,175,48751,48900,48651,48825,0.5000,stable,stable,dominant_stable,dominant_stable,-0.0219,0.0286,-0.0067,persisted
rr_interval_4002_first_50000_001,150,175,48901,49050,48826,49000,0.6667,stable,stable,dominant_stable,dominant_stable,0.0010,0.0000,-0.0010,persisted
rr_interval_4002_first_50000_001,150,175,49051,49200,49001,49175,0.8333,stable,stable,dominant_stable,dominant_stable,-0.0029,0.0029,0.0000,persisted
rr_interval_4002_first_50000_001,150,175,49201,49350,49176,49350,1.0000,stable,stable,dominant_stable,dominant_stable,0.0276,-0.0333,0.0057,persisted
rr_interval_4002_first_50000_001,150,175,49351,49500,49351,49525,1.0000,stable,stable,dominant_stable,dominant_stable,0.0000,0.0000,0.0000,persisted
rr_interval_4002_first_50000_001,150,175,49501,49650,49526,49700,0.8333,stable,stable,dominant_stable,dominant_stable,0.0019,0.0000,-0.0019,persisted
rr_interval_4002_first_50000_001,150,175,49651,49800,49701,49875,0.6667,stable,stable,dominant_stable,dominant_stable,0.0000,0.0000,0.0000,persisted
rr_interval_4002_first_50000_001,150,175,49801,49950,49876,50000,0.6000,stable,stable,dominant_stable,dominant_stable,-0.0480,0.0400,0.0080,persisted
rr_interval_4002_first_50000_001,150,175,49951,50000,49876,50000,1.0000,stable,stable,dominant_stable,dominant_stable,0.0720,-0.0600,-0.0120,persisted
rr_interval_4002_first_50000_001,175,200,1,175,1,200,1.0000,stable,stable,dominant_stable,dominant_stable,0.0029,-0.0021,-0.0007,persisted
rr_interval_4002_first_50000_001,175,200,176,350,201,400,0.8571,stable,stable,dominant_stable,dominant_stable,0.0000,0.0000,0.0000,persisted
rr_interval_4002_first_50000_001,175,200,351,525,401,600,0.7143,stable,stable,dominant_stable,dominant_stable,-0.0093,0.0150,-0.0057,persisted
rr_interval_4002_first_50000_001,175,200,526,700,601,800,0.5714,stable,stable,dominant_stable,dominant_stable,-0.0100,0.0100,0.0000,persisted
rr_interval_4002_first_50000_001,175,200,701,875,601,800,0.5714,stable,stable,dominant_stable,dominant_stable,0.0014,-0.0014,0.0000,persisted
rr_interval_4002_first_50000_001,175,200,876,1050,801,1000,0.7143,stable,stable,dominant_stable,dominant_stable,0.0000,0.0000,0.0000,persisted
rr_interval_4002_first_50000_001,175,200,1051,1225,1001,1200,0.8571,stable,stable,dominant_stable,dominant_stable,0.0000,0.0000,0.0000,persisted
rr_interval_4002_first_50000_001,175,200,1226,1400,1201,1400,1.0000,stable,stable,dominant_stable,dominant_stable,0.0000,0.0000,0.0000,persisted
rr_interval_4002_first_50000_001,175,200,1401,1575,1401,1600,1.0000,stable,stable,dominant_stable,dominant_stable,0.0007,0.0000,-0.0007,persisted
rr_interval_4002_first_50000_001,175,200,1576,1750,1601,1800,0.8571,stable,stable,dominant_stable,dominant_stable,0.0071,-0.0071,0.0000,persisted
rr_interval_4002_first_50000_001,175,200,1751,1925,1801,2000,0.7143,stable,stable,dominant_stable,dominant_stable,0.0071,-0.0071,0.0000,persisted
rr_interval_4002_first_50000_001,175,200,1926,2100,2001,2200,0.5714,stable,stable,dominant_stable,dominant_stable,-0.0200,0.0200,0.0000,persisted
rr_interval_4002_first_50000_001,175,200,2101,2275,2001,2200,0.5714,stable,stable,dominant_stable,dominant_stable,0.0029,-0.0029,0.0000,persisted
rr_interval_4002_first_50000_001,175,200,2276,2450,2201,2400,0.7143,stable,stable,dominant_stable,dominant_stable,0.0021,-0.0021,0.0000,persisted
rr_interval_4002_first_50000_001,175,200,2451,2625,2401,2600,0.8571,stable,stable,dominant_stable,dominant_stable,0.0007,0.0000,-0.0007,persisted
rr_interval_4002_first_50000_001,175,200,2626,2800,2601,2800,1.0000,stable,stable,dominant_stable,dominant_stable,0.0014,-0.0014,0.0000,persisted
rr_interval_4002_first_50000_001,175,200,2801,2975,2801,3000,1.0000,stable,stable,dominant_stable,dominant_stable,0.0021,-0.0021,0.0000,persisted
rr_interval_4002_first_50000_001,175,200,2976,3150,3001,3200,0.8571,stable,stable,dominant_stable,dominant_stable,-0.0300,0.0300,0.0000,persisted
rr_interval_4002_first_50000_001,175,200,3151,3325,3201,3400,0.7143,stable,stable,dominant_stable,dominant_stable,0.0000,0.0000,0.0000,persisted
rr_interval_4002_first_50000_001,175,200,3326,3500,3401,3600,0.5714,stable,stable,dominant_stable,dominant_stable,0.0007,0.0000,-0.0007,persisted
rr_interval_4002_first_50000_001,175,200,3501,3675,3401,3600,0.5714,stable,stable,dominant_stable,dominant_stable,0.0293,-0.0343,0.0050,persisted
rr_interval_4002_first_50000_001,175,200,3676,3850,3601,3800,0.7143,stable,stable,dominant_stable,dominant_stable,0.0007,0.0000,-0.0007,persisted
rr_interval_4002_first_50000_001,175,200,3851,4025,3801,4000,0.8571,stable,stable,dominant_stable,dominant_stable,0.0000,0.0000,0.0000,persisted
rr_interval_4002_first_50000_001,175,200,4026,4200,4001,4200,1.0000,stable,stable,dominant_stable,dominant_stable,0.0179,-0.0171,-0.0007,persisted
rr_interval_4002_first_50000_001,175,200,4201,4375,4201,4400,1.0000,stable,stable,dominant_stable,dominant_stable,0.0021,-0.0014,-0.0007,persisted
rr_interval_4002_first_50000_001,175,200,4376,4550,4401,4600,0.8571,stable,stable,dominant_stable,dominant_stable,0.0029,-0.0021,-0.0007,persisted
rr_interval_4002_first_50000_001,175,200,4551,4725,4601,4800,0.7143,stable,stable,dominant_stable,dominant_stable,0.0014,-0.0014,0.0000,persisted
rr_interval_4002_first_50000_001,175,200,4726,4900,4801,5000,0.5714,stable,stable,dominant_stable,dominant_stable,0.0114,-0.0114,0.0000,persisted
rr_interval_4002_first_50000_001,175,200,4901,5075,4801,5000,0.5714,stable,stable,dominant_stable,dominant_stable,0.0229,-0.0229,0.0000,persisted
rr_interval_4002_first_50000_001,175,200,5076,5250,5001,5200,0.7143,stable,stable,dominant_stable,dominant_stable,0.0000,0.0000,0.0000,persisted
rr_interval_4002_first_50000_001,175,200,5251,5425,5201,5400,0.8571,stable,stable,dominant_stable,dominant_stable,-0.0079,0.0079,0.0000,persisted
rr_interval_4002_first_50000_001,175,200,5426,5600,5401,5600,1.0000,stable,stable,dominant_stable,dominant_stable,0.0000,0.0000,0.0000,persisted
rr_interval_4002_first_50000_001,175,200,5601,5775,5601,5800,1.0000,stable,stable,dominant_stable,dominant_stable,0.0000,0.0000,0.0000,persisted
rr_interval_4002_first_50000_001,175,200,5776,5950,5801,6000,0.8571,stable,stable,dominant_stable,dominant_stable,0.0000,0.0000,0.0000,persisted
rr_interval_4002_first_50000_001,175,200,5951,6125,6001,6200,0.7143,stable,stable,dominant_stable,dominant_stable,0.0171,-0.0171,0.0000,persisted
rr_interval_4002_first_50000_001,175,200,6126,6300,6201,6400,0.5714,stable,stable,dominant_stable,dominant_stable,0.0000,0.0000,0.0000,persisted
rr_interval_4002_first_50000_001,175,200,6301,6475,6201,6400,0.5714,stable,stable,dominant_stable,dominant_stable,0.0000,0.0000,0.0000,persisted
rr_interval_4002_first_50000_001,175,200,6476,6650,6401,6600,0.7143,stable,stable,dominant_stable,dominant_stable,0.0000,0.0000,0.0000,persisted
rr_interval_4002_first_50000_001,175,200,6651,6825,6601,6800,0.8571,stable,stable,dominant_stable,dominant_stable,0.0071,-0.0071,0.0000,persisted
rr_interval_4002_first_50000_001,175,200,6826,7000,6801,7000,1.0000,stable,stable,dominant_stable,dominant_stable,-0.0043,0.0100,-0.0057,persisted
rr_interval_4002_first_50000_001,175,200,7001,7175,7001,7200,1.0000,stable,stable,dominant_stable,dominant_stable,0.0021,-0.0021,0.0000,persisted
rr_interval_4002_first_50000_001,175,200,7176,7350,7201,7400,0.8571,stable,stable,dominant_stable,dominant_stable,0.0029,-0.0021,-0.0007,persisted
rr_interval_4002_first_50000_001,175,200,7351,7525,7401,7600,0.7143,stable,stable,dominant_stable,dominant_stable,0.0000,0.0000,0.0000,persisted
rr_interval_4002_first_50000_001,175,200,7526,7700,7601,7800,0.5714,stable,stable,dominant_stable,dominant_stable,0.0000,0.0000,0.0000,persisted
rr_interval_4002_first_50000_001,175,200,7701,7875,7601,7800,0.5714,stable,stable,dominant_stable,dominant_stable,0.0114,-0.0114,0.0000,persisted
rr_interval_4002_first_50000_001,175,200,7876,8050,7801,8000,0.7143,stable,stable,dominant_stable,dominant_stable,0.0043,-0.0043,0.0000,persisted
rr_interval_4002_first_50000_001,175,200,8051,8225,8001,8200,0.8571,stable,stable,dominant_stable,dominant_stable,0.0114,-0.0114,0.0000,persisted
rr_interval_4002_first_50000_001,175,200,8226,8400,8201,8400,1.0000,stable,stable,dominant_stable,dominant_stable,0.0150,-0.0086,-0.0064,persisted
rr_interval_4002_first_50000_001,175,200,8401,8575,8401,8600,1.0000,stable,stable,dominant_stable,dominant_stable,0.0000,0.0000,0.0000,persisted
rr_interval_4002_first_50000_001,175,200,8576,8750,8601,8800,0.8571,stable,stable,dominant_stable,dominant_stable,-0.0043,0.0100,-0.0057,persisted
rr_interval_4002_first_50000_001,175,200,8751,8925,8801,9000,0.7143,stable,stable,dominant_stable,dominant_stable,0.0121,0.0000,-0.0121,persisted
rr_interval_4002_first_50000_001,175,200,8926,9100,9001,9200,0.5714,stable,stable,dominant_stable,dominant_stable,0.0014,0.0000,-0.0014,persisted
rr_interval_4002_first_50000_001,175,200,9101,9275,9001,9200,0.5714,stable,stable,dominant_stable,dominant_stable,-0.0100,0.0000,0.0100,persisted
rr_interval_4002_first_50000_001,175,200,9276,9450,9201,9400,0.7143,stable,stable,dominant_stable,dominant_stable,0.0057,0.0000,-0.0057,persisted
rr_interval_4002_first_50000_001,175,200,9451,9625,9401,9600,0.8571,stable,stable,dominant_stable,dominant_stable,-0.0036,0.0000,0.0036,persisted
rr_interval_4002_first_50000_001,175,200,9626,9800,9601,9800,1.0000,stable,stable,dominant_stable,dominant_stable,0.0021,-0.0014,-0.0007,persisted
rr_interval_4002_first_50000_001,175,200,9801,9975,9801,10000,1.0000,stable,stable,dominant_stable,dominant_stable,0.0014,0.0000,-0.0014,persisted
rr_interval_4002_first_50000_001,175,200,9976,10150,10001,10200,0.8571,stable,stable,dominant_stable,dominant_stable,-0.0050,0.0000,0.0050,persisted
rr_interval_4002_first_50000_001,175,200,10151,10325,10201,10400,0.7143,stable,stable,dominant_stable,dominant_stable,0.0064,0.0000,-0.0064,persisted
rr_interval_4002_first_50000_001,175,200,10326,10500,10401,10600,0.5714,stable,stable,dominant_stable,dominant_stable,0.0036,-0.0036,0.0000,persisted
rr_interval_4002_first_50000_001,175,200,10501,10675,10401,10600,0.5714,stable,stable,dominant_stable,dominant_stable,-0.0193,0.0250,-0.0057,persisted
rr_interval_4002_first_50000_001,175,200,10676,10850,10601,10800,0.7143,stable,stable,dominant_stable,dominant_stable,0.0236,-0.0286,0.0050,persisted
rr_interval_4002_first_50000_001,175,200,10851,11025,10801,11000,0.8571,stable,stable,dominant_stable,dominant_stable,-0.0136,0.0250,-0.0114,persisted
rr_interval_4002_first_50000_001,175,200,11026,11200,11001,11200,1.0000,stable,stable,dominant_stable,dominant_stable,0.0029,-0.0029,0.0000,persisted
rr_interval_4002_first_50000_001,175,200,11201,11375,11201,11400,1.0000,stable,stable,dominant_stable,dominant_stable,0.0007,0.0000,-0.0007,persisted
rr_interval_4002_first_50000_001,175,200,11376,11550,11401,11600,0.8571,stable,stable,dominant_stable,dominant_stable,0.0021,-0.0021,0.0000,persisted
rr_interval_4002_first_50000_001,175,200,11551,11725,11601,11800,0.7143,stable,stable,dominant_stable,dominant_stable,0.0021,-0.0021,0.0000,persisted
rr_interval_4002_first_50000_001,175,200,11726,11900,11801,12000,0.5714,stable,stable,dominant_stable,dominant_stable,0.0114,-0.0114,0.0000,persisted
rr_interval_4002_first_50000_001,175,200,11901,12075,11801,12000,0.5714,stable,stable,dominant_stable,dominant_stable,0.0000,0.0000,0.0000,persisted
rr_interval_4002_first_50000_001,175,200,12076,12250,12001,12200,0.7143,stable,stable,dominant_stable,dominant_stable,0.0114,-0.0114,0.0000,persisted
rr_interval_4002_first_50000_001,175,200,12251,12425,12201,12400,0.8571,stable,stable,dominant_stable,dominant_stable,0.0000,0.0000,0.0000,persisted
rr_interval_4002_first_50000_001,175,200,12426,12600,12401,12600,1.0000,stable,stable,dominant_stable,dominant_stable,0.0193,-0.0193,0.0000,persisted
rr_interval_4002_first_50000_001,175,200,12601,12775,12601,12800,1.0000,stable,stable,dominant_stable,dominant_stable,0.0007,0.0000,-0.0007,persisted
rr_interval_4002_first_50000_001,175,200,12776,12950,12801,13000,0.8571,stable,stable,dominant_stable,dominant_stable,0.0000,0.0000,0.0000,persisted
rr_interval_4002_first_50000_001,175,200,12951,13125,13001,13200,0.7143,stable,stable,dominant_stable,dominant_stable,0.0000,0.0000,0.0000,persisted
rr_interval_4002_first_50000_001,175,200,13126,13300,13201,13400,0.5714,stable,stable,dominant_stable,dominant_stable,-0.0150,0.0150,0.0000,persisted
rr_interval_4002_first_50000_001,175,200,13301,13475,13201,13400,0.5714,stable,stable,dominant_stable,dominant_stable,0.0021,0.0036,-0.0057,persisted
rr_interval_4002_first_50000_001,175,200,13476,13650,13401,13600,0.7143,stable,stable,dominant_stable,dominant_stable,0.0000,0.0000,0.0000,persisted
rr_interval_4002_first_50000_001,175,200,13651,13825,13601,13800,0.8571,stable,stable,dominant_stable,dominant_stable,0.0000,0.0000,0.0000,persisted
rr_interval_4002_first_50000_001,175,200,13826,14000,13801,14000,1.0000,stable,stable,dominant_stable,dominant_stable,0.0000,0.0000,0.0000,persisted
rr_interval_4002_first_50000_001,175,200,14001,14175,14001,14200,1.0000,stable,stable,dominant_stable,dominant_stable,0.0000,0.0000,0.0000,persisted
rr_interval_4002_first_50000_001,175,200,14176,14350,14201,14400,0.8571,stable,stable,dominant_stable,dominant_stable,0.0057,-0.0036,-0.0021,persisted
rr_interval_4002_first_50000_001,175,200,14351,14525,14401,14600,0.7143,stable,stable,dominant_stable,dominant_stable,-0.0136,0.0250,-0.0114,persisted
rr_interval_4002_first_50000_001,175,200,14526,14700,14601,14800,0.5714,stable,stable,dominant_stable,dominant_stable,-0.0036,0.0036,0.0000,persisted
rr_interval_4002_first_50000_001,175,200,14701,14875,14601,14800,0.5714,stable,stable,dominant_stable,dominant_stable,-0.0036,0.0036,0.0000,persisted
rr_interval_4002_first_50000_001,175,200,14876,15050,14801,15000,0.7143,stable,stable,dominant_stable,dominant_stable,0.0014,-0.0014,0.0000,persisted
rr_interval_4002_first_50000_001,175,200,15051,15225,15001,15200,0.8571,stable,stable,dominant_stable,dominant_stable,0.0000,0.0000,0.0000,persisted
rr_interval_4002_first_50000_001,175,200,15226,15400,15201,15400,1.0000,stable,stable,dominant_stable,dominant_stable,0.0021,-0.0014,-0.0007,persisted
rr_interval_4002_first_50000_001,175,200,15401,15575,15401,15600,1.0000,stable,stable,dominant_stable,dominant_stable,-0.0029,0.0036,-0.0007,persisted
rr_interval_4002_first_50000_001,175,200,15576,15750,15601,15800,0.8571,stable,stable,dominant_stable,dominant_stable,0.0000,0.0000,0.0000,persisted
rr_interval_4002_first_50000_001,175,200,15751,15925,15801,16000,0.7143,stable,stable,dominant_stable,dominant_stable,-0.0150,0.0150,0.0000,persisted
rr_interval_4002_first_50000_001,175,200,15926,16100,16001,16200,0.5714,stable,stable,dominant_stable,dominant_stable,0.0000,0.0000,0.0000,persisted
rr_interval_4002_first_50000_001,175,200,16101,16275,16001,16200,0.5714,stable,stable,dominant_stable,dominant_stable,0.0000,0.0000,0.0000,persisted
rr_interval_4002_first_50000_001,175,200,16276,16450,16201,16400,0.7143,stable,stable,dominant_stable,dominant_stable,0.0000,0.0000,0.0000,persisted
rr_interval_4002_first_50000_001,175,200,16451,16625,16401,16600,0.8571,stable,stable,dominant_stable,dominant_stable,0.0000,0.0000,0.0000,persisted
rr_interval_4002_first_50000_001,175,200,16626,16800,16601,16800,1.0000,stable,stable,dominant_stable,dominant_stable,0.0000,0.0000,0.0000,persisted
rr_interval_4002_first_50000_001,175,200,16801,16975,16801,17000,1.0000,stable,stable,dominant_stable,dominant_stable,0.0036,-0.0036,0.0000,persisted
rr_interval_4002_first_50000_001,175,200,16976,17150,17001,17200,0.8571,stable,stable,dominant_stable,dominant_stable,-0.0036,0.0036,0.0000,persisted
rr_interval_4002_first_50000_001,175,200,17151,17325,17201,17400,0.7143,stable,stable,dominant_stable,dominant_stable,0.0000,0.0000,0.0000,persisted
rr_interval_4002_first_50000_001,175,200,17326,17500,17401,17600,0.5714,stable,stable,dominant_stable,dominant_stable,0.0064,0.0000,-0.0064,persisted
rr_interval_4002_first_50000_001,175,200,17501,17675,17401,17600,0.5714,stable,stable,dominant_stable,dominant_stable,-0.0050,0.0000,0.0050,persisted
rr_interval_4002_first_50000_001,175,200,17676,17850,17601,17800,0.7143,stable,stable,dominant_stable,dominant_stable,0.0000,0.0000,0.0000,persisted
rr_interval_4002_first_50000_001,175,200,17851,18025,17801,18000,0.8571,stable,stable,dominant_stable,dominant_stable,0.0121,-0.0171,0.0050,persisted
rr_interval_4002_first_50000_001,175,200,18026,18200,18001,18200,1.0000,stable,stable,dominant_stable,dominant_stable,0.0000,0.0000,0.0000,persisted
rr_interval_4002_first_50000_001,175,200,18201,18375,18201,18400,1.0000,stable,stable,dominant_stable,dominant_stable,0.0000,0.0000,0.0000,persisted
rr_interval_4002_first_50000_001,175,200,18376,18550,18401,18600,0.8571,stable,stable,dominant_stable,dominant_stable,0.0007,0.0000,-0.0007,persisted
rr_interval_4002_first_50000_001,175,200,18551,18725,18601,18800,0.7143,stable,stable,dominant_stable,dominant_stable,0.0000,0.0000,0.0000,persisted
rr_interval_4002_first_50000_001,175,200,18726,18900,18801,19000,0.5714,stable,stable,dominant_stable,dominant_stable,-0.0036,0.0036,0.0000,persisted
rr_interval_4002_first_50000_001,175,200,18901,19075,18801,19000,0.5714,stable,stable,dominant_stable,dominant_stable,0.0021,-0.0021,0.0000,persisted
rr_interval_4002_first_50000_001,175,200,19076,19250,19001,19200,0.7143,stable,stable,dominant_stable,dominant_stable,0.0071,-0.0071,0.0000,persisted
rr_interval_4002_first_50000_001,175,200,19251,19425,19201,19400,0.8571,stable,stable,dominant_stable,dominant_stable,-0.0250,0.0150,0.0100,persisted
rr_interval_4002_first_50000_001,175,200,19426,19600,19401,19600,1.0000,stable,stable,dominant_stable,dominant_stable,0.0286,-0.0286,0.0000,persisted
rr_interval_4002_first_50000_001,175,200,19601,19775,19601,19800,1.0000,stable,stable,dominant_stable,dominant_stable,0.0036,-0.0029,-0.0007,persisted
rr_interval_4002_first_50000_001,175,200,19776,19950,19801,20000,0.8571,stable,stable,dominant_stable,dominant_stable,-0.0400,0.0400,0.0000,persisted
rr_interval_4002_first_50000_001,175,200,19951,20125,20001,20200,0.7143,stable,stable,dominant_stable,dominant_stable,-0.0150,0.0150,0.0000,persisted
rr_interval_4002_first_50000_001,175,200,20126,20300,20201,20400,0.5714,stable,stable,dominant_stable,dominant_stable,0.0114,-0.0114,0.0000,persisted
rr_interval_4002_first_50000_001,175,200,20301,20475,20201,20400,0.5714,stable,stable,dominant_stable,dominant_stable,0.0114,-0.0114,0.0000,persisted
rr_interval_4002_first_50000_001,175,200,20476,20650,20401,20600,0.7143,stable,stable,dominant_stable,dominant_stable,0.0021,-0.0021,0.0000,persisted
rr_interval_4002_first_50000_001,175,200,20651,20825,20601,20800,0.8571,stable,stable,dominant_stable,dominant_stable,0.0021,-0.0021,0.0000,persisted
rr_interval_4002_first_50000_001,175,200,20826,21000,20801,21000,1.0000,stable,stable,dominant_stable,dominant_stable,0.0021,-0.0021,0.0000,persisted
rr_interval_4002_first_50000_001,175,200,21001,21175,21001,21200,1.0000,stable,stable,dominant_stable,dominant_stable,0.0036,-0.0036,0.0000,persisted
rr_interval_4002_first_50000_001,175,200,21176,21350,21201,21400,0.8571,stable,stable,dominant_stable,dominant_stable,0.0057,0.0000,-0.0057,persisted
rr_interval_4002_first_50000_001,175,200,21351,21525,21401,21600,0.7143,stable,stable,dominant_stable,dominant_stable,0.0057,0.0000,-0.0057,persisted
rr_interval_4002_first_50000_001,175,200,21526,21700,21601,21800,0.5714,stable,stable,dominant_stable,dominant_stable,0.0000,0.0000,0.0000,persisted
rr_interval_4002_first_50000_001,175,200,21701,21875,21601,21800,0.5714,stable,stable,dominant_stable,dominant_stable,0.0000,0.0000,0.0000,persisted
rr_interval_4002_first_50000_001,175,200,21876,22050,21801,22000,0.7143,stable,stable,dominant_stable,dominant_stable,0.0171,-0.0171,0.0000,persisted
rr_interval_4002_first_50000_001,175,200,22051,22225,22001,22200,0.8571,stable,stable,dominant_stable,dominant_stable,0.0114,-0.0114,0.0000,persisted
rr_interval_4002_first_50000_001,175,200,22226,22400,22201,22400,1.0000,stable,stable,dominant_stable,dominant_stable,0.0007,0.0000,-0.0007,persisted
rr_interval_4002_first_50000_001,175,200,22401,22575,22401,22600,1.0000,stable,stable,dominant_stable,dominant_stable,0.0043,-0.0043,0.0000,persisted
rr_interval_4002_first_50000_001,175,200,22576,22750,22601,22800,0.8571,stable,stable,dominant_stable,dominant_stable,0.0007,0.0000,-0.0007,persisted
rr_interval_4002_first_50000_001,175,200,22751,22925,22801,23000,0.7143,stable,stable,dominant_stable,dominant_stable,0.0000,0.0000,0.0000,persisted
rr_interval_4002_first_50000_001,175,200,22926,23100,23001,23200,0.5714,stable,stable,dominant_stable,dominant_stable,0.0007,0.0000,-0.0007,persisted
rr_interval_4002_first_50000_001,175,200,23101,23275,23001,23200,0.5714,stable,stable,dominant_stable,dominant_stable,0.0007,0.0000,-0.0007,persisted
rr_interval_4002_first_50000_001,175,200,23276,23450,23201,23400,0.7143,stable,stable,dominant_stable,dominant_stable,0.0007,0.0000,-0.0007,persisted
rr_interval_4002_first_50000_001,175,200,23451,23625,23401,23600,0.8571,stable,stable,dominant_stable,dominant_stable,0.0300,-0.0243,-0.0057,persisted
rr_interval_4002_first_50000_001,175,200,23626,23800,23601,23800,1.0000,stable,stable,dominant_stable,dominant_stable,0.0121,-0.0114,-0.0007,persisted
rr_interval_4002_first_50000_001,175,200,23801,23975,23801,24000,1.0000,stable,stable,dominant_stable,dominant_stable,0.0000,0.0000,0.0000,persisted
rr_interval_4002_first_50000_001,175,200,23976,24150,24001,24200,0.8571,stable,stable,dominant_stable,dominant_stable,0.0000,0.0000,0.0000,persisted
rr_interval_4002_first_50000_001,175,200,24151,24325,24201,24400,0.7143,stable,stable,dominant_stable,dominant_stable,0.0014,-0.0014,0.0000,persisted
rr_interval_4002_first_50000_001,175,200,24326,24500,24401,24600,0.5714,stable,stable,dominant_stable,dominant_stable,0.0007,0.0000,-0.0007,persisted
rr_interval_4002_first_50000_001,175,200,24501,24675,24401,24600,0.5714,stable,stable,dominant_stable,dominant_stable,0.0179,-0.0229,0.0050,persisted
rr_interval_4002_first_50000_001,175,200,24676,24850,24601,24800,0.7143,stable,stable,dominant_stable,dominant_stable,0.0007,0.0000,-0.0007,persisted
rr_interval_4002_first_50000_001,175,200,24851,25025,24801,25000,0.8571,stable,stable,dominant_stable,dominant_stable,-0.0057,0.0114,-0.0057,persisted
rr_interval_4002_first_50000_001,175,200,25026,25200,25001,25200,1.0000,stable,stable,dominant_stable,dominant_stable,-0.0043,0.0000,0.0043,persisted
rr_interval_4002_first_50000_001,175,200,25201,25375,25201,25400,1.0000,stable,stable,dominant_stable,dominant_stable,0.0014,-0.0014,0.0000,persisted
rr_interval_4002_first_50000_001,175,200,25376,25550,25401,25600,0.8571,stable,stable,dominant_stable,dominant_stable,-0.0029,-0.0014,0.0043,persisted
rr_interval_4002_first_50000_001,175,200,25551,25725,25601,25800,0.7143,stable,stable,dominant_stable,dominant_stable,-0.0043,0.0100,-0.0057,persisted
rr_interval_4002_first_50000_001,175,200,25726,25900,25801,26000,0.5714,stable,stable,dominant_stable,dominant_stable,0.0136,-0.0129,-0.0007,persisted
rr_interval_4002_first_50000_001,175,200,25901,26075,25801,26000,0.5714,stable,stable,dominant_stable,dominant_stable,-0.0150,0.0100,0.0050,persisted
rr_interval_4002_first_50000_001,175,200,26076,26250,26001,26200,0.7143,stable,stable,dominant_stable,dominant_stable,0.0029,0.0000,-0.0029,persisted
rr_interval_4002_first_50000_001,175,200,26251,26425,26201,26400,0.8571,stable,stable,dominant_stable,dominant_stable,0.0029,-0.0021,-0.0007,persisted
rr_interval_4002_first_50000_001,175,200,26426,26600,26401,26600,1.0000,stable,stable,dominant_stable,dominant_stable,0.0000,0.0000,0.0000,persisted
rr_interval_4002_first_50000_001,175,200,26601,26775,26601,26800,1.0000,stable,stable,dominant_stable,dominant_stable,0.0000,0.0000,0.0000,persisted
rr_interval_4002_first_50000_001,175,200,26776,26950,26801,27000,0.8571,stable,stable,dominant_stable,dominant_stable,0.0293,-0.0343,0.0050,persisted
rr_interval_4002_first_50000_001,175,200,26951,27125,27001,27200,0.7143,stable,stable,dominant_stable,dominant_stable,-0.0093,0.0150,-0.0057,persisted
rr_interval_4002_first_50000_001,175,200,27126,27300,27201,27400,0.5714,stable,stable,dominant_stable,dominant_stable,-0.0250,0.0250,0.0000,persisted
rr_interval_4002_first_50000_001,175,200,27301,27475,27201,27400,0.5714,stable,stable,dominant_stable,dominant_stable,0.0036,-0.0036,0.0000,persisted
rr_interval_4002_first_50000_001,175,200,27476,27650,27401,27600,0.7143,stable,stable,dominant_stable,dominant_stable,0.0021,-0.0014,-0.0007,persisted
rr_interval_4002_first_50000_001,175,200,27651,27825,27601,27800,0.8571,stable,stable,dominant_stable,dominant_stable,-0.0036,-0.0114,0.0150,persisted
rr_interval_4002_first_50000_001,175,200,27826,28000,27801,28000,1.0000,stable,stable,dominant_stable,dominant_stable,-0.0050,0.0000,0.0050,persisted
rr_interval_4002_first_50000_001,175,200,28001,28175,28001,28200,1.0000,stable,stable,dominant_stable,dominant_stable,0.0000,0.0000,0.0000,persisted
rr_interval_4002_first_50000_001,175,200,28176,28350,28201,28400,0.8571,stable,stable,dominant_stable,dominant_stable,-0.0007,0.0014,-0.0007,persisted
rr_interval_4002_first_50000_001,175,200,28351,28525,28401,28600,0.7143,stable,stable,dominant_stable,dominant_stable,0.0000,0.0000,0.0000,persisted
rr_interval_4002_first_50000_001,175,200,28526,28700,28601,28800,0.5714,stable,stable,dominant_stable,dominant_stable,0.0064,-0.0114,0.0050,persisted
rr_interval_4002_first_50000_001,175,200,28701,28875,28601,28800,0.5714,stable,stable,dominant_stable,dominant_stable,0.0121,-0.0114,-0.0007,persisted
rr_interval_4002_first_50000_001,175,200,28876,29050,28801,29000,0.7143,stable,stable,dominant_stable,dominant_stable,0.0229,-0.0114,-0.0114,persisted
rr_interval_4002_first_50000_001,175,200,29051,29225,29001,29200,0.8571,stable,stable,dominant_stable,dominant_stable,0.0000,0.0000,0.0000,persisted
rr_interval_4002_first_50000_001,175,200,29226,29400,29201,29400,1.0000,stable,stable,dominant_stable,dominant_stable,-0.0093,0.0100,-0.0007,persisted
rr_interval_4002_first_50000_001,175,200,29401,29575,29401,29600,1.0000,stable,stable,dominant_stable,dominant_stable,0.0000,0.0000,0.0000,persisted
rr_interval_4002_first_50000_001,175,200,29576,29750,29601,29800,0.8571,stable,stable,dominant_stable,dominant_stable,0.0129,-0.0129,0.0000,persisted
rr_interval_4002_first_50000_001,175,200,29751,29925,29801,30000,0.7143,stable,stable,dominant_stable,dominant_stable,0.0250,-0.0136,-0.0114,persisted
rr_interval_4002_first_50000_001,175,200,29926,30100,30001,30200,0.5714,stable,stable,dominant_stable,dominant_stable,0.0021,-0.0021,0.0000,persisted
rr_interval_4002_first_50000_001,175,200,30101,30275,30001,30200,0.5714,stable,stable,dominant_stable,dominant_stable,0.0021,-0.0021,0.0000,persisted
rr_interval_4002_first_50000_001,175,200,30276,30450,30201,30400,0.7143,stable,stable,dominant_stable,dominant_stable,0.0057,0.0000,-0.0057,persisted
rr_interval_4002_first_50000_001,175,200,30451,30625,30401,30600,0.8571,stable,stable,dominant_stable,dominant_stable,0.0014,0.0000,-0.0014,persisted
rr_interval_4002_first_50000_001,175,200,30626,30800,30601,30800,1.0000,stable,stable,dominant_stable,dominant_stable,-0.0236,0.0250,-0.0014,persisted
rr_interval_4002_first_50000_001,175,200,30801,30975,30801,31000,1.0000,stable,stable,dominant_stable,dominant_stable,0.0014,0.0000,-0.0014,persisted
rr_interval_4002_first_50000_001,175,200,30976,31150,31001,31200,0.8571,stable,stable,dominant_stable,dominant_stable,0.0014,0.0000,-0.0014,persisted
rr_interval_4002_first_50000_001,175,200,31151,31325,31201,31400,0.7143,stable,stable,dominant_stable,dominant_stable,0.0186,-0.0229,0.0043,persisted
rr_interval_4002_first_50000_001,175,200,31326,31500,31401,31600,0.5714,stable,stable,dominant_stable,dominant_stable,0.0014,-0.0014,0.0000,persisted
rr_interval_4002_first_50000_001,175,200,31501,31675,31401,31600,0.5714,stable,stable,dominant_stable,dominant_stable,-0.0100,0.0100,0.0000,persisted
rr_interval_4002_first_50000_001,175,200,31676,31850,31601,31800,0.7143,stable,stable,dominant_stable,dominant_stable,0.0000,0.0000,0.0000,persisted
rr_interval_4002_first_50000_001,175,200,31851,32025,31801,32000,0.8571,stable,stable,dominant_stable,dominant_stable,0.0007,0.0000,-0.0007,persisted
rr_interval_4002_first_50000_001,175,200,32026,32200,32001,32200,1.0000,stable,stable,dominant_stable,dominant_stable,0.0000,0.0000,0.0000,persisted
rr_interval_4002_first_50000_001,175,200,32201,32375,32201,32400,1.0000,stable,stable,dominant_stable,dominant_stable,0.0007,0.0000,-0.0007,persisted
rr_interval_4002_first_50000_001,175,200,32376,32550,32401,32600,0.8571,stable,stable,dominant_stable,dominant_stable,0.0000,0.0000,0.0000,persisted
rr_interval_4002_first_50000_001,175,200,32551,32725,32601,32800,0.7143,stable,stable,dominant_stable,dominant_stable,-0.0043,0.0000,0.0043,persisted
rr_interval_4002_first_50000_001,175,200,32726,32900,32801,33000,0.5714,stable,stable,dominant_stable,dominant_stable,0.0086,-0.0021,-0.0064,persisted
rr_interval_4002_first_50000_001,175,200,32901,33075,32801,33000,0.5714,stable,stable,dominant_stable,dominant_stable,0.0143,-0.0136,-0.0007,persisted
rr_interval_4002_first_50000_001,175,200,33076,33250,33001,33200,0.7143,stable,stable,dominant_stable,dominant_stable,-0.0029,0.0150,-0.0121,persisted
rr_interval_4002_first_50000_001,175,200,33251,33425,33201,33400,0.8571,stable,stable,dominant_stable,dominant_stable,0.0121,-0.0114,-0.0007,persisted
rr_interval_4002_first_50000_001,175,200,33426,33600,33401,33600,1.0000,stable,stable,dominant_stable,dominant_stable,0.0021,-0.0021,0.0000,persisted
rr_interval_4002_first_50000_001,175,200,33601,33775,33601,33800,1.0000,stable,stable,dominant_stable,dominant_stable,0.0021,-0.0014,-0.0007,persisted
rr_interval_4002_first_50000_001,175,200,33776,33950,33801,34000,0.8571,stable,stable,dominant_stable,dominant_stable,0.0171,-0.0114,-0.0057,persisted
rr_interval_4002_first_50000_001,175,200,33951,34125,34001,34200,0.7143,stable,stable,dominant_stable,dominant_stable,0.0000,0.0000,0.0000,persisted
rr_interval_4002_first_50000_001,175,200,34126,34300,34201,34400,0.5714,stable,stable,dominant_stable,dominant_stable,0.0121,-0.0171,0.0050,persisted
rr_interval_4002_first_50000_001,175,200,34301,34475,34201,34400,0.5714,stable,stable,dominant_stable,dominant_stable,0.0007,0.0000,-0.0007,persisted
rr_interval_4002_first_50000_001,175,200,34476,34650,34401,34600,0.7143,stable,stable,dominant_stable,dominant_stable,0.0057,0.0000,-0.0057,persisted
rr_interval_4002_first_50000_001,175,200,34651,34825,34601,34800,0.8571,stable,stable,dominant_stable,dominant_stable,0.0014,-0.0014,0.0000,persisted
rr_interval_4002_first_50000_001,175,200,34826,35000,34801,35000,1.0000,stable,stable,dominant_stable,dominant_stable,0.0007,0.0000,-0.0007,persisted
rr_interval_4002_first_50000_001,175,200,35001,35175,35001,35200,1.0000,stable,stable,dominant_stable,dominant_stable,0.0007,0.0000,-0.0007,persisted
rr_interval_4002_first_50000_001,175,200,35176,35350,35201,35400,0.8571,stable,stable,dominant_stable,dominant_stable,0.0000,0.0000,0.0000,persisted
rr_interval_4002_first_50000_001,175,200,35351,35525,35401,35600,0.7143,stable,stable,dominant_stable,dominant_stable,-0.0036,0.0036,0.0000,persisted
rr_interval_4002_first_50000_001,175,200,35526,35700,35601,35800,0.5714,stable,stable,dominant_stable,dominant_stable,0.0021,-0.0021,0.0000,persisted
rr_interval_4002_first_50000_001,175,200,35701,35875,35601,35800,0.5714,stable,stable,dominant_stable,dominant_stable,0.0079,-0.0021,-0.0057,persisted
rr_interval_4002_first_50000_001,175,200,35876,36050,35801,36000,0.7143,stable,stable,dominant_stable,dominant_stable,-0.0050,0.0000,0.0050,persisted
rr_interval_4002_first_50000_001,175,200,36051,36225,36001,36200,0.8571,stable,stable,dominant_stable,dominant_stable,0.0007,0.0000,-0.0007,persisted
rr_interval_4002_first_50000_001,175,200,36226,36400,36201,36400,1.0000,stable,stable,dominant_stable,dominant_stable,0.0014,-0.0014,0.0000,persisted
rr_interval_4002_first_50000_001,175,200,36401,36575,36401,36600,1.0000,stable,stable,dominant_stable,dominant_stable,0.0021,-0.0021,0.0000,persisted
rr_interval_4002_first_50000_001,175,200,36576,36750,36601,36800,0.8571,stable,stable,dominant_stable,dominant_stable,0.0000,0.0000,0.0000,persisted
rr_interval_4002_first_50000_001,175,200,36751,36925,36801,37000,0.7143,stable,stable,dominant_stable,dominant_stable,0.0171,-0.0171,0.0000,persisted
rr_interval_4002_first_50000_001,175,200,36926,37100,37001,37200,0.5714,stable,stable,dominant_stable,dominant_stable,-0.0136,0.0136,0.0000,persisted
rr_interval_4002_first_50000_001,175,200,37101,37275,37001,37200,0.5714,stable,stable,dominant_stable,dominant_stable,0.0036,-0.0036,0.0000,persisted
rr_interval_4002_first_50000_001,175,200,37276,37450,37201,37400,0.7143,stable,stable,dominant_stable,dominant_stable,0.0000,0.0000,0.0000,persisted
rr_interval_4002_first_50000_001,175,200,37451,37625,37401,37600,0.8571,stable,stable,dominant_stable,dominant_stable,0.0000,0.0000,0.0000,persisted
rr_interval_4002_first_50000_001,175,200,37626,37800,37601,37800,1.0000,stable,stable,dominant_stable,dominant_stable,0.0021,-0.0021,0.0000,persisted
rr_interval_4002_first_50000_001,175,200,37801,37975,37801,38000,1.0000,stable,stable,dominant_stable,dominant_stable,0.0036,-0.0036,0.0000,persisted
rr_interval_4002_first_50000_001,175,200,37976,38150,38001,38200,0.8571,stable,stable,dominant_stable,dominant_stable,0.0014,-0.0014,0.0000,persisted
rr_interval_4002_first_50000_001,175,200,38151,38325,38201,38400,0.7143,stable,stable,dominant_stable,dominant_stable,-0.0179,0.0179,0.0000,persisted
rr_interval_4002_first_50000_001,175,200,38326,38500,38401,38600,0.5714,stable,stable,dominant_stable,dominant_stable,0.0150,-0.0150,0.0000,persisted
rr_interval_4002_first_50000_001,175,200,38501,38675,38401,38600,0.5714,stable,stable,dominant_stable,dominant_stable,-0.0250,0.0250,0.0000,persisted
rr_interval_4002_first_50000_001,175,200,38676,38850,38601,38800,0.7143,stable,stable,dominant_stable,dominant_stable,-0.0150,0.0150,0.0000,persisted
rr_interval_4002_first_50000_001,175,200,38851,39025,38801,39000,0.8571,stable,stable,dominant_stable,dominant_stable,0.0000,0.0000,0.0000,persisted
rr_interval_4002_first_50000_001,175,200,39026,39200,39001,39200,1.0000,stable,stable,dominant_stable,dominant_stable,0.0000,0.0000,0.0000,persisted
rr_interval_4002_first_50000_001,175,200,39201,39375,39201,39400,1.0000,stable,stable,dominant_stable,dominant_stable,0.0000,0.0000,0.0000,persisted
rr_interval_4002_first_50000_001,175,200,39376,39550,39401,39600,0.8571,stable,stable,dominant_stable,dominant_stable,-0.0014,0.0014,0.0000,persisted
rr_interval_4002_first_50000_001,175,200,39551,39725,39601,39800,0.7143,stable,stable,dominant_stable,dominant_stable,0.0007,0.0000,-0.0007,persisted
rr_interval_4002_first_50000_001,175,200,39726,39900,39801,40000,0.5714,stable,stable,dominant_stable,dominant_stable,0.0007,0.0000,-0.0007,persisted
rr_interval_4002_first_50000_001,175,200,39901,40075,39801,40000,0.5714,stable,stable,dominant_stable,dominant_stable,0.0121,-0.0171,0.0050,persisted
rr_interval_4002_first_50000_001,175,200,40076,40250,40001,40200,0.7143,stable,stable,dominant_stable,dominant_stable,0.0014,0.0000,-0.0014,persisted
rr_interval_4002_first_50000_001,175,200,40251,40425,40201,40400,0.8571,stable,stable,dominant_stable,dominant_stable,0.0250,-0.0193,-0.0057,persisted
rr_interval_4002_first_50000_001,175,200,40426,40600,40401,40600,1.0000,stable,stable,dominant_stable,dominant_stable,-0.0179,0.0129,0.0050,persisted
rr_interval_4002_first_50000_001,175,200,40601,40775,40601,40800,1.0000,stable,stable,dominant_stable,dominant_stable,0.0171,-0.0171,0.0000,persisted
rr_interval_4002_first_50000_001,175,200,40776,40950,40801,41000,0.8571,stable,stable,dominant_stable,dominant_stable,-0.0150,0.0100,0.0050,persisted
rr_interval_4002_first_50000_001,175,200,40951,41125,41001,41200,0.7143,stable,stable,dominant_stable,dominant_stable,0.0014,-0.0014,0.0000,persisted
rr_interval_4002_first_50000_001,175,200,41126,41300,41201,41400,0.5714,stable,stable,dominant_stable,dominant_stable,0.0014,-0.0014,0.0000,persisted
rr_interval_4002_first_50000_001,175,200,41301,41475,41201,41400,0.5714,stable,stable,dominant_stable,dominant_stable,0.0071,-0.0071,0.0000,persisted
rr_interval_4002_first_50000_001,175,200,41476,41650,41401,41600,0.7143,stable,stable,dominant_stable,dominant_stable,0.0007,0.0000,-0.0007,persisted
rr_interval_4002_first_50000_001,175,200,41651,41825,41601,41800,0.8571,stable,stable,dominant_stable,dominant_stable,0.0029,-0.0021,-0.0007,persisted
rr_interval_4002_first_50000_001,175,200,41826,42000,41801,42000,1.0000,stable,stable,dominant_stable,dominant_stable,0.0014,-0.0014,0.0000,persisted
rr_interval_4002_first_50000_001,175,200,42001,42175,42001,42200,1.0000,stable,stable,dominant_stable,dominant_stable,0.0014,0.0000,-0.0014,persisted
rr_interval_4002_first_50000_001,175,200,42176,42350,42201,42400,0.8571,stable,stable,dominant_stable,dominant_stable,0.0121,-0.0114,-0.0007,persisted
rr_interval_4002_first_50000_001,175,200,42351,42525,42401,42600,0.7143,stable,stable,dominant_stable,dominant_stable,0.0057,0.0000,-0.0057,persisted
rr_interval_4002_first_50000_001,175,200,42526,42700,42601,42800,0.5714,stable,stable,dominant_stable,dominant_stable,0.0029,-0.0021,-0.0007,persisted
rr_interval_4002_first_50000_001,175,200,42701,42875,42601,42800,0.5714,stable,stable,dominant_stable,dominant_stable,-0.0029,0.0036,-0.0007,persisted
rr_interval_4002_first_50000_001,175,200,42876,43050,42801,43000,0.7143,stable,stable,dominant_stable,dominant_stable,-0.0143,0.0150,-0.0007,persisted
rr_interval_4002_first_50000_001,175,200,43051,43225,43001,43200,0.8571,stable,stable,dominant_stable,dominant_stable,-0.0150,0.0150,0.0000,persisted
rr_interval_4002_first_50000_001,175,200,43226,43400,43201,43400,1.0000,stable,stable,dominant_stable,dominant_stable,0.0114,-0.0114,0.0000,persisted
rr_interval_4002_first_50000_001,175,200,43401,43575,43401,43600,1.0000,stable,stable,dominant_stable,dominant_stable,0.0043,-0.0036,-0.0007,persisted
rr_interval_4002_first_50000_001,175,200,43576,43750,43601,43800,0.8571,stable,stable,dominant_stable,dominant_stable,0.0071,-0.0014,-0.0057,persisted
rr_interval_4002_first_50000_001,175,200,43751,43925,43801,44000,0.7143,stable,stable,dominant_stable,dominant_stable,0.0171,-0.0171,0.0000,persisted
rr_interval_4002_first_50000_001,175,200,43926,44100,44001,44200,0.5714,stable,stable,dominant_stable,dominant_stable,0.0064,-0.0114,0.0050,persisted
rr_interval_4002_first_50000_001,175,200,44101,44275,44001,44200,0.5714,stable,stable,dominant_stable,dominant_stable,0.0064,0.0000,-0.0064,persisted
rr_interval_4002_first_50000_001,175,200,44276,44450,44201,44400,0.7143,stable,stable,dominant_stable,dominant_stable,-0.0100,0.0000,0.0100,persisted
rr_interval_4002_first_50000_001,175,200,44451,44625,44401,44600,0.8571,stable,stable,dominant_stable,dominant_stable,0.0343,-0.0286,-0.0057,persisted
rr_interval_4002_first_50000_001,175,200,44626,44800,44601,44800,1.0000,stable,stable,dominant_stable,dominant_stable,0.0171,-0.0171,0.0000,persisted
rr_interval_4002_first_50000_001,175,200,44801,44975,44801,45000,1.0000,stable,stable,dominant_stable,dominant_stable,0.0000,0.0000,0.0000,persisted
rr_interval_4002_first_50000_001,175,200,44976,45150,45001,45200,0.8571,stable,stable,dominant_stable,dominant_stable,0.0007,0.0000,-0.0007,persisted
rr_interval_4002_first_50000_001,175,200,45151,45325,45201,45400,0.7143,stable,stable,dominant_stable,dominant_stable,0.0000,0.0000,0.0000,persisted
rr_interval_4002_first_50000_001,175,200,45326,45500,45401,45600,0.5714,stable,stable,dominant_stable,dominant_stable,0.0171,-0.0171,0.0000,persisted
rr_interval_4002_first_50000_001,175,200,45501,45675,45401,45600,0.5714,stable,stable,dominant_stable,dominant_stable,0.0114,-0.0114,0.0000,persisted
rr_interval_4002_first_50000_001,175,200,45676,45850,45601,45800,0.7143,stable,stable,dominant_stable,dominant_stable,0.0000,0.0000,0.0000,persisted
rr_interval_4002_first_50000_001,175,200,45851,46025,45801,46000,0.8571,stable,stable,dominant_stable,dominant_stable,0.0007,0.0000,-0.0007,persisted
rr_interval_4002_first_50000_001,175,200,46026,46200,46001,46200,1.0000,stable,stable,dominant_stable,dominant_stable,0.0000,0.0000,0.0000,persisted
rr_interval_4002_first_50000_001,175,200,46201,46375,46201,46400,1.0000,stable,stable,dominant_stable,dominant_stable,0.0000,0.0000,0.0000,persisted
rr_interval_4002_first_50000_001,175,200,46376,46550,46401,46600,0.8571,stable,stable,dominant_stable,dominant_stable,-0.0043,0.0100,-0.0057,persisted
rr_interval_4002_first_50000_001,175,200,46551,46725,46601,46800,0.7143,stable,stable,dominant_stable,dominant_stable,0.0079,-0.0079,0.0000,persisted
rr_interval_4002_first_50000_001,175,200,46726,46900,46801,47000,0.5714,stable,stable,dominant_stable,dominant_stable,-0.0100,0.0100,0.0000,persisted
rr_interval_4002_first_50000_001,175,200,46901,47075,46801,47000,0.5714,stable,stable,dominant_stable,dominant_stable,-0.0100,0.0100,0.0000,persisted
rr_interval_4002_first_50000_001,175,200,47076,47250,47001,47200,0.7143,stable,stable,dominant_stable,dominant_stable,0.0007,0.0000,-0.0007,persisted
rr_interval_4002_first_50000_001,175,200,47251,47425,47201,47400,0.8571,stable,stable,dominant_stable,dominant_stable,0.0000,0.0000,0.0000,persisted
rr_interval_4002_first_50000_001,175,200,47426,47600,47401,47600,1.0000,stable,stable,dominant_stable,dominant_stable,0.0114,-0.0114,0.0000,persisted
rr_interval_4002_first_50000_001,175,200,47601,47775,47601,47800,1.0000,stable,stable,dominant_stable,dominant_stable,0.0007,0.0000,-0.0007,persisted
rr_interval_4002_first_50000_001,175,200,47776,47950,47801,48000,0.8571,stable,stable,dominant_stable,dominant_stable,0.0086,-0.0136,0.0050,persisted
rr_interval_4002_first_50000_001,175,200,47951,48125,48001,48200,0.7143,stable,stable,dominant_stable,dominant_stable,0.0000,0.0000,0.0000,persisted
rr_interval_4002_first_50000_001,175,200,48126,48300,48201,48400,0.5714,stable,stable,dominant_stable,dominant_stable,-0.0029,-0.0021,0.0050,persisted
rr_interval_4002_first_50000_001,175,200,48301,48475,48201,48400,0.5714,stable,stable,dominant_stable,dominant_stable,-0.0029,-0.0021,0.0050,persisted
rr_interval_4002_first_50000_001,175,200,48476,48650,48401,48600,0.7143,stable,stable,dominant_stable,dominant_stable,0.0029,-0.0021,-0.0007,persisted
rr_interval_4002_first_50000_001,175,200,48651,48825,48601,48800,0.8571,stable,stable,dominant_stable,dominant_stable,0.0186,-0.0186,0.0000,persisted
rr_interval_4002_first_50000_001,175,200,48826,49000,48801,49000,1.0000,stable,stable,dominant_stable,dominant_stable,0.0007,0.0000,-0.0007,persisted
rr_interval_4002_first_50000_001,175,200,49001,49175,49001,49200,1.0000,stable,stable,dominant_stable,dominant_stable,0.0079,-0.0079,0.0000,persisted
rr_interval_4002_first_50000_001,175,200,49176,49350,49201,49400,0.8571,stable,stable,dominant_stable,dominant_stable,-0.0193,0.0250,-0.0057,persisted
rr_interval_4002_first_50000_001,175,200,49351,49525,49401,49600,0.7143,stable,stable,dominant_stable,dominant_stable,-0.0200,0.0150,0.0050,persisted
rr_interval_4002_first_50000_001,175,200,49526,49700,49601,49800,0.5714,stable,stable,dominant_stable,dominant_stable,0.0114,0.0000,-0.0114,persisted
rr_interval_4002_first_50000_001,175,200,49701,49875,49601,49800,0.5714,stable,stable,dominant_stable,dominant_stable,0.0000,0.0000,0.0000,persisted
rr_interval_4002_first_50000_001,175,200,49876,50000,49801,50000,1.0000,stable,stable,dominant_stable,dominant_stable,0.0180,-0.0150,-0.0030,persisted
rr_interval_4002_first_50000_001,200,225,1,200,1,225,1.0000,stable,stable,dominant_stable,dominant_stable,0.0022,-0.0017,-0.0006,persisted
rr_interval_4002_first_50000_001,200,225,201,400,226,450,0.8750,stable,stable,dominant_stable,dominant_stable,0.0000,0.0000,0.0000,persisted
rr_interval_4002_first_50000_001,200,225,401,600,451,675,0.7500,stable,stable,dominant_stable,dominant_stable,0.0017,-0.0017,0.0000,persisted
rr_interval_4002_first_50000_001,200,225,601,800,676,900,0.6250,stable,stable,dominant_stable,dominant_stable,-0.0033,0.0033,0.0000,persisted
rr_interval_4002_first_50000_001,200,225,801,1000,676,900,0.5000,stable,stable,dominant_stable,dominant_stable,-0.0133,0.0133,0.0000,persisted
rr_interval_4002_first_50000_001,200,225,1001,1200,901,1125,0.6250,stable,stable,dominant_stable,dominant_stable,-0.0044,0.0000,0.0044,persisted
rr_interval_4002_first_50000_001,200,225,1201,1400,1126,1350,0.7500,stable,stable,dominant_stable,dominant_stable,0.0000,0.0000,0.0000,persisted
rr_interval_4002_first_50000_001,200,225,1401,1600,1351,1575,0.8750,stable,stable,dominant_stable,dominant_stable,-0.0039,0.0089,-0.0050,persisted
rr_interval_4002_first_50000_001,200,225,1601,1800,1576,1800,1.0000,stable,stable,dominant_stable,dominant_stable,-0.0033,0.0033,0.0000,persisted
rr_interval_4002_first_50000_001,200,225,1801,2000,1801,2025,1.0000,stable,stable,dominant_stable,dominant_stable,0.0011,-0.0011,0.0000,persisted
rr_interval_4002_first_50000_001,200,225,2001,2200,2026,2250,0.8750,stable,stable,dominant_stable,dominant_stable,0.0022,-0.0022,0.0000,persisted
rr_interval_4002_first_50000_001,200,225,2201,2400,2251,2475,0.7500,stable,stable,dominant_stable,dominant_stable,0.0017,-0.0017,0.0000,persisted
rr_interval_4002_first_50000_001,200,225,2401,2600,2476,2700,0.6250,stable,stable,dominant_stable,dominant_stable,-0.0083,0.0089,-0.0006,persisted
rr_interval_4002_first_50000_001,200,225,2601,2800,2476,2700,0.5000,stable,stable,dominant_stable,dominant_stable,-0.0033,-0.0011,0.0044,persisted
rr_interval_4002_first_50000_001,200,225,2801,3000,2701,2925,0.6250,stable,stable,dominant_stable,dominant_stable,0.0106,-0.0150,0.0044,persisted
rr_interval_4002_first_50000_001,200,225,3001,3200,2926,3150,0.7500,stable,stable,dominant_stable,dominant_stable,0.0300,-0.0300,0.0000,persisted
rr_interval_4002_first_50000_001,200,225,3201,3400,3151,3375,0.8750,stable,stable,dominant_stable,dominant_stable,0.0000,0.0000,0.0000,persisted
rr_interval_4002_first_50000_001,200,225,3401,3600,3376,3600,1.0000,stable,stable,dominant_stable,dominant_stable,0.0006,0.0000,-0.0006,persisted
rr_interval_4002_first_50000_001,200,225,3601,3800,3601,3825,1.0000,stable,stable,dominant_stable,dominant_stable,0.0006,0.0000,-0.0006,persisted
rr_interval_4002_first_50000_001,200,225,3801,4000,3826,4050,0.8750,stable,stable,dominant_stable,dominant_stable,0.0000,0.0000,0.0000,persisted
rr_interval_4002_first_50000_001,200,225,4001,4200,4051,4275,0.7500,stable,stable,dominant_stable,dominant_stable,0.0050,0.0000,-0.0050,persisted
rr_interval_4002_first_50000_001,200,225,4201,4400,4276,4500,0.6250,stable,stable,dominant_stable,dominant_stable,-0.0028,0.0033,-0.0006,persisted
rr_interval_4002_first_50000_001,200,225,4401,4600,4276,4500,0.5000,stable,stable,dominant_stable,dominant_stable,0.0022,-0.0017,-0.0006,persisted
rr_interval_4002_first_50000_001,200,225,4601,4800,4501,4725,0.6250,stable,stable,dominant_stable,dominant_stable,0.0011,-0.0011,0.0000,persisted
rr_interval_4002_first_50000_001,200,225,4801,5000,4726,4950,0.7500,stable,stable,dominant_stable,dominant_stable,0.0000,0.0000,0.0000,persisted
rr_interval_4002_first_50000_001,200,225,5001,5200,4951,5175,0.8750,stable,stable,dominant_stable,dominant_stable,-0.0133,0.0133,0.0000,persisted
rr_interval_4002_first_50000_001,200,225,5201,5400,5176,5400,1.0000,stable,stable,dominant_stable,dominant_stable,0.0117,-0.0117,0.0000,persisted
rr_interval_4002_first_50000_001,200,225,5401,5600,5401,5625,1.0000,stable,stable,dominant_stable,dominant_stable,0.0000,0.0000,0.0000,persisted
rr_interval_4002_first_50000_001,200,225,5601,5800,5626,5850,0.8750,stable,stable,dominant_stable,dominant_stable,0.0000,0.0000,0.0000,persisted
rr_interval_4002_first_50000_001,200,225,5801,6000,5851,6075,0.7500,stable,stable,dominant_stable,dominant_stable,0.0000,0.0000,0.0000,persisted
rr_interval_4002_first_50000_001,200,225,6001,6200,6076,6300,0.6250,stable,stable,dominant_stable,dominant_stable,0.0000,0.0000,0.0000,persisted
rr_interval_4002_first_50000_001,200,225,6201,6400,6076,6300,0.5000,stable,stable,dominant_stable,dominant_stable,0.0000,0.0000,0.0000,persisted
rr_interval_4002_first_50000_001,200,225,6401,6600,6301,6525,0.6250,stable,stable,dominant_stable,dominant_stable,0.0000,0.0000,0.0000,persisted
rr_interval_4002_first_50000_001,200,225,6601,6800,6526,6750,0.7500,stable,stable,dominant_stable,dominant_stable,-0.0122,0.0122,0.0000,persisted
rr_interval_4002_first_50000_001,200,225,6801,7000,6751,6975,0.8750,stable,stable,dominant_stable,dominant_stable,-0.0078,0.0033,0.0044,persisted
rr_interval_4002_first_50000_001,200,225,7001,7200,6976,7200,1.0000,stable,stable,dominant_stable,dominant_stable,0.0150,-0.0150,0.0000,persisted
rr_interval_4002_first_50000_001,200,225,7201,7400,7201,7425,1.0000,stable,stable,dominant_stable,dominant_stable,0.0022,-0.0017,-0.0006,persisted
rr_interval_4002_first_50000_001,200,225,7401,7600,7426,7650,0.8750,stable,stable,dominant_stable,dominant_stable,0.0000,0.0000,0.0000,persisted
rr_interval_4002_first_50000_001,200,225,7601,7800,7651,7875,0.7500,stable,stable,dominant_stable,dominant_stable,-0.0089,0.0089,0.0000,persisted
rr_interval_4002_first_50000_001,200,225,7801,8000,7876,8100,0.6250,stable,stable,dominant_stable,dominant_stable,0.0033,-0.0033,0.0000,persisted
rr_interval_4002_first_50000_001,200,225,8001,8200,7876,8100,0.5000,stable,stable,dominant_stable,dominant_stable,-0.0267,0.0267,0.0000,persisted
rr_interval_4002_first_50000_001,200,225,8201,8400,8101,8325,0.6250,stable,stable,dominant_stable,dominant_stable,0.0028,-0.0022,-0.0006,persisted
rr_interval_4002_first_50000_001,200,225,8401,8600,8326,8550,0.7500,stable,stable,dominant_stable,dominant_stable,0.0000,0.0000,0.0000,persisted
rr_interval_4002_first_50000_001,200,225,8601,8800,8551,8775,0.8750,stable,stable,dominant_stable,dominant_stable,-0.0033,-0.0011,0.0044,persisted
rr_interval_4002_first_50000_001,200,225,8801,9000,8776,9000,1.0000,stable,stable,dominant_stable,dominant_stable,0.0006,0.0000,-0.0006,persisted
rr_interval_4002_first_50000_001,200,225,9001,9200,9001,9225,1.0000,stable,stable,dominant_stable,dominant_stable,0.0011,0.0000,-0.0011,persisted
rr_interval_4002_first_50000_001,200,225,9201,9400,9226,9450,0.8750,stable,stable,dominant_stable,dominant_stable,-0.0044,0.0000,0.0044,persisted
rr_interval_4002_first_50000_001,200,225,9401,9600,9451,9675,0.7500,stable,stable,dominant_stable,dominant_stable,0.0061,0.0000,-0.0061,persisted
rr_interval_4002_first_50000_001,200,225,9601,9800,9676,9900,0.6250,stable,stable,dominant_stable,dominant_stable,-0.0028,0.0033,-0.0006,persisted
rr_interval_4002_first_50000_001,200,225,9801,10000,9676,9900,0.5000,stable,stable,dominant_stable,dominant_stable,-0.0078,0.0133,-0.0056,persisted
rr_interval_4002_first_50000_001,200,225,10001,10200,9901,10125,0.6250,stable,stable,dominant_stable,dominant_stable,0.0006,0.0000,-0.0006,persisted
rr_interval_4002_first_50000_001,200,225,10201,10400,10126,10350,0.7500,stable,stable,dominant_stable,dominant_stable,-0.0039,0.0000,0.0039,persisted
rr_interval_4002_first_50000_001,200,225,10401,10600,10351,10575,0.8750,stable,stable,dominant_stable,dominant_stable,0.0028,-0.0028,0.0000,persisted
rr_interval_4002_first_50000_001,200,225,10601,10800,10576,10800,1.0000,stable,stable,dominant_stable,dominant_stable,0.0006,0.0000,-0.0006,persisted
rr_interval_4002_first_50000_001,200,225,10801,11000,10801,11025,1.0000,stable,stable,dominant_stable,dominant_stable,0.0028,-0.0028,0.0000,persisted
rr_interval_4002_first_50000_001,200,225,11001,11200,11026,11250,0.8750,stable,stable,dominant_stable,dominant_stable,0.0200,-0.0200,0.0000,persisted
rr_interval_4002_first_50000_001,200,225,11201,11400,11251,11475,0.7500,stable,stable,dominant_stable,dominant_stable,0.0050,0.0000,-0.0050,persisted
rr_interval_4002_first_50000_001,200,225,11401,11600,11476,11700,0.6250,stable,stable,dominant_stable,dominant_stable,0.0106,-0.0150,0.0044,persisted
rr_interval_4002_first_50000_001,200,225,11601,11800,11476,11700,0.5000,stable,stable,dominant_stable,dominant_stable,0.0106,-0.0150,0.0044,persisted
rr_interval_4002_first_50000_001,200,225,11801,12000,11701,11925,0.6250,stable,stable,dominant_stable,dominant_stable,0.0000,0.0000,0.0000,persisted
rr_interval_4002_first_50000_001,200,225,12001,12200,11926,12150,0.7500,stable,stable,dominant_stable,dominant_stable,-0.0133,0.0133,0.0000,persisted
rr_interval_4002_first_50000_001,200,225,12201,12400,12151,12375,0.8750,stable,stable,dominant_stable,dominant_stable,0.0000,0.0000,0.0000,persisted
rr_interval_4002_first_50000_001,200,225,12401,12600,12376,12600,1.0000,stable,stable,dominant_stable,dominant_stable,0.0017,-0.0017,0.0000,persisted
rr_interval_4002_first_50000_001,200,225,12601,12800,12601,12825,1.0000,stable,stable,dominant_stable,dominant_stable,0.0006,0.0000,-0.0006,persisted
rr_interval_4002_first_50000_001,200,225,12801,13000,12826,13050,0.8750,stable,stable,dominant_stable,dominant_stable,0.0000,0.0000,0.0000,persisted
rr_interval_4002_first_50000_001,200,225,13001,13200,13051,13275,0.7500,stable,stable,dominant_stable,dominant_stable,0.0000,0.0000,0.0000,persisted
rr_interval_4002_first_50000_001,200,225,13201,13400,13276,13500,0.6250,stable,stable,dominant_stable,dominant_stable,0.0017,-0.0061,0.0044,persisted
rr_interval_4002_first_50000_001,200,225,13401,13600,13276,13500,0.5000,stable,stable,dominant_stable,dominant_stable,-0.0133,0.0089,0.0044,persisted
rr_interval_4002_first_50000_001,200,225,13601,13800,13501,13725,0.6250,stable,stable,dominant_stable,dominant_stable,0.0000,0.0000,0.0000,persisted
rr_interval_4002_first_50000_001,200,225,13801,14000,13726,13950,0.7500,stable,stable,dominant_stable,dominant_stable,0.0000,0.0000,0.0000,persisted
rr_interval_4002_first_50000_001,200,225,14001,14200,13951,14175,0.8750,stable,stable,dominant_stable,dominant_stable,0.0000,0.0000,0.0000,persisted
rr_interval_4002_first_50000_001,200,225,14201,14400,14176,14400,1.0000,stable,stable,dominant_stable,dominant_stable,-0.0044,0.0150,-0.0106,persisted
rr_interval_4002_first_50000_001,200,225,14401,14600,14401,14625,1.0000,stable,stable,dominant_stable,dominant_stable,0.0028,-0.0028,0.0000,persisted
rr_interval_4002_first_50000_001,200,225,14601,14800,14626,14850,0.8750,stable,stable,dominant_stable,dominant_stable,0.0017,-0.0017,0.0000,persisted
rr_interval_4002_first_50000_001,200,225,14801,15000,14851,15075,0.7500,stable,stable,dominant_stable,dominant_stable,0.0011,-0.0011,0.0000,persisted
rr_interval_4002_first_50000_001,200,225,15001,15200,15076,15300,0.6250,stable,stable,dominant_stable,dominant_stable,-0.0089,0.0089,0.0000,persisted
rr_interval_4002_first_50000_001,200,225,15201,15400,15076,15300,0.5000,stable,stable,dominant_stable,dominant_stable,0.0061,-0.0011,-0.0050,persisted
rr_interval_4002_first_50000_001,200,225,15401,15600,15301,15525,0.6250,stable,stable,dominant_stable,dominant_stable,0.0111,-0.0150,0.0039,persisted
rr_interval_4002_first_50000_001,200,225,15601,15800,15526,15750,0.7500,stable,stable,dominant_stable,dominant_stable,-0.0044,0.0000,0.0044,persisted
rr_interval_4002_first_50000_001,200,225,15801,16000,15751,15975,0.8750,stable,stable,dominant_stable,dominant_stable,0.0150,-0.0150,0.0000,persisted
rr_interval_4002_first_50000_001,200,225,16001,16200,15976,16200,1.0000,stable,stable,dominant_stable,dominant_stable,0.0000,0.0000,0.0000,persisted
rr_interval_4002_first_50000_001,200,225,16201,16400,16201,16425,1.0000,stable,stable,dominant_stable,dominant_stable,0.0000,0.0000,0.0000,persisted
rr_interval_4002_first_50000_001,200,225,16401,16600,16426,16650,0.8750,stable,stable,dominant_stable,dominant_stable,0.0000,0.0000,0.0000,persisted
rr_interval_4002_first_50000_001,200,225,16601,16800,16651,16875,0.7500,stable,stable,dominant_stable,dominant_stable,0.0000,0.0000,0.0000,persisted
rr_interval_4002_first_50000_001,200,225,16801,17000,16876,17100,0.6250,stable,stable,dominant_stable,dominant_stable,0.0117,-0.0117,0.0000,persisted
rr_interval_4002_first_50000_001,200,225,17001,17200,16876,17100,0.5000,stable,stable,dominant_stable,dominant_stable,0.0017,-0.0017,0.0000,persisted
rr_interval_4002_first_50000_001,200,225,17201,17400,17101,17325,0.6250,stable,stable,dominant_stable,dominant_stable,0.0000,0.0000,0.0000,persisted
rr_interval_4002_first_50000_001,200,225,17401,17600,17326,17550,0.7500,stable,stable,dominant_stable,dominant_stable,0.0006,0.0000,-0.0006,persisted
rr_interval_4002_first_50000_001,200,225,17601,17800,17551,17775,0.8750,stable,stable,dominant_stable,dominant_stable,0.0000,0.0000,0.0000,persisted
rr_interval_4002_first_50000_001,200,225,17801,18000,17776,18000,1.0000,stable,stable,dominant_stable,dominant_stable,-0.0083,0.0133,-0.0050,persisted
rr_interval_4002_first_50000_001,200,225,18001,18200,18001,18225,1.0000,stable,stable,dominant_stable,dominant_stable,-0.0044,0.0000,0.0044,persisted
rr_interval_4002_first_50000_001,200,225,18201,18400,18226,18450,0.8750,stable,stable,dominant_stable,dominant_stable,-0.0133,0.0133,0.0000,persisted
rr_interval_4002_first_50000_001,200,225,18401,18600,18451,18675,0.7500,stable,stable,dominant_stable,dominant_stable,0.0050,0.0000,-0.0050,persisted
rr_interval_4002_first_50000_001,200,225,18601,18800,18676,18900,0.6250,stable,stable,dominant_stable,dominant_stable,-0.0089,0.0089,0.0000,persisted
rr_interval_4002_first_50000_001,200,225,18801,19000,18676,18900,0.5000,stable,stable,dominant_stable,dominant_stable,0.0061,-0.0061,0.0000,persisted
rr_interval_4002_first_50000_001,200,225,19001,19200,18901,19125,0.6250,stable,stable,dominant_stable,dominant_stable,-0.0033,0.0033,0.0000,persisted
rr_interval_4002_first_50000_001,200,225,19201,19400,19126,19350,0.7500,stable,stable,dominant_stable,dominant_stable,0.0117,-0.0017,-0.0100,persisted
rr_interval_4002_first_50000_001,200,225,19401,19600,19351,19575,0.8750,stable,stable,dominant_stable,dominant_stable,0.0000,0.0000,0.0000,persisted
rr_interval_4002_first_50000_001,200,225,19601,19800,19576,19800,1.0000,stable,stable,dominant_stable,dominant_stable,0.0028,-0.0022,-0.0006,persisted
rr_interval_4002_first_50000_001,200,225,19801,20000,19801,20025,1.0000,stable,stable,dominant_stable,dominant_stable,0.0400,-0.0400,0.0000,persisted
rr_interval_4002_first_50000_001,200,225,20001,20200,20026,20250,0.8750,stable,stable,dominant_stable,dominant_stable,0.0017,-0.0017,0.0000,persisted
rr_interval_4002_first_50000_001,200,225,20201,20400,20251,20475,0.7500,stable,stable,dominant_stable,dominant_stable,0.0000,0.0000,0.0000,persisted
rr_interval_4002_first_50000_001,200,225,20401,20600,20476,20700,0.6250,stable,stable,dominant_stable,dominant_stable,0.0061,-0.0061,0.0000,persisted
rr_interval_4002_first_50000_001,200,225,20601,20800,20476,20700,0.5000,stable,stable,dominant_stable,dominant_stable,0.0061,-0.0061,0.0000,persisted
rr_interval_4002_first_50000_001,200,225,20801,21000,20701,20925,0.6250,stable,stable,dominant_stable,dominant_stable,-0.0072,0.0028,0.0044,persisted
rr_interval_4002_first_50000_001,200,225,21001,21200,20926,21150,0.7500,stable,stable,dominant_stable,dominant_stable,0.0250,-0.0250,0.0000,persisted
rr_interval_4002_first_50000_001,200,225,21201,21400,21151,21375,0.8750,stable,stable,dominant_stable,dominant_stable,-0.0222,0.0222,0.0000,persisted
rr_interval_4002_first_50000_001,200,225,21401,21600,21376,21600,1.0000,stable,stable,dominant_stable,dominant_stable,0.0000,0.0000,0.0000,persisted
rr_interval_4002_first_50000_001,200,225,21601,21800,21601,21825,1.0000,stable,stable,dominant_stable,dominant_stable,-0.0089,0.0089,0.0000,persisted
rr_interval_4002_first_50000_001,200,225,21801,22000,21826,22050,0.8750,stable,stable,dominant_stable,dominant_stable,0.0000,0.0000,0.0000,persisted
rr_interval_4002_first_50000_001,200,225,22001,22200,22051,22275,0.7500,stable,stable,dominant_stable,dominant_stable,0.0000,0.0000,0.0000,persisted
rr_interval_4002_first_50000_001,200,225,22201,22400,22276,22500,0.6250,stable,stable,dominant_stable,dominant_stable,0.0050,0.0000,-0.0050,persisted
rr_interval_4002_first_50000_001,200,225,22401,22600,22276,22500,0.5000,stable,stable,dominant_stable,dominant_stable,0.0300,-0.0300,0.0000,persisted
rr_interval_4002_first_50000_001,200,225,22601,22800,22501,22725,0.6250,stable,stable,dominant_stable,dominant_stable,0.0050,0.0000,-0.0050,persisted
rr_interval_4002_first_50000_001,200,225,22801,23000,22726,22950,0.7500,stable,stable,dominant_stable,dominant_stable,0.0000,0.0000,0.0000,persisted
rr_interval_4002_first_50000_001,200,225,23001,23200,22951,23175,0.8750,stable,stable,dominant_stable,dominant_stable,0.0006,0.0000,-0.0006,persisted
rr_interval_4002_first_50000_001,200,225,23201,23400,23176,23400,1.0000,stable,stable,dominant_stable,dominant_stable,0.0006,0.0000,-0.0006,persisted
rr_interval_4002_first_50000_001,200,225,23401,23600,23401,23625,1.0000,stable,stable,dominant_stable,dominant_stable,0.0011,-0.0011,0.0000,persisted
rr_interval_4002_first_50000_001,200,225,23601,23800,23626,23850,0.8750,stable,stable,dominant_stable,dominant_stable,-0.0083,0.0089,-0.0006,persisted
rr_interval_4002_first_50000_001,200,225,23801,24000,23851,24075,0.7500,stable,stable,dominant_stable,dominant_stable,-0.0089,0.0089,0.0000,persisted
rr_interval_4002_first_50000_001,200,225,24001,24200,24076,24300,0.6250,stable,stable,dominant_stable,dominant_stable,0.0000,0.0000,0.0000,persisted
rr_interval_4002_first_50000_001,200,225,24201,24400,24076,24300,0.5000,stable,stable,dominant_stable,dominant_stable,0.0100,-0.0100,0.0000,persisted
rr_interval_4002_first_50000_001,200,225,24401,24600,24301,24525,0.6250,stable,stable,dominant_stable,dominant_stable,-0.0083,0.0133,-0.0050,persisted
rr_interval_4002_first_50000_001,200,225,24601,24800,24526,24750,0.7500,stable,stable,dominant_stable,dominant_stable,-0.0261,0.0267,-0.0006,persisted
rr_interval_4002_first_50000_001,200,225,24801,25000,24751,24975,0.8750,stable,stable,dominant_stable,dominant_stable,0.0311,-0.0311,0.0000,persisted
rr_interval_4002_first_50000_001,200,225,25001,25200,24976,25200,1.0000,stable,stable,dominant_stable,dominant_stable,-0.0033,0.0089,-0.0056,persisted
rr_interval_4002_first_50000_001,200,225,25201,25400,25201,25425,1.0000,stable,stable,dominant_stable,dominant_stable,0.0011,-0.0011,0.0000,persisted
rr_interval_4002_first_50000_001,200,225,25401,25600,25426,25650,0.8750,stable,stable,dominant_stable,dominant_stable,0.0022,-0.0011,-0.0011,persisted
rr_interval_4002_first_50000_001,200,225,25601,25800,25651,25875,0.7500,stable,stable,dominant_stable,dominant_stable,-0.0122,0.0078,0.0044,persisted
rr_interval_4002_first_50000_001,200,225,25801,26000,25876,26100,0.6250,stable,stable,dominant_stable,dominant_stable,0.0150,-0.0100,-0.0050,persisted
rr_interval_4002_first_50000_001,200,225,26001,26200,25876,26100,0.5000,stable,stable,dominant_stable,dominant_stable,0.0200,0.0000,-0.0200,persisted
rr_interval_4002_first_50000_001,200,225,26201,26400,26101,26325,0.6250,stable,stable,dominant_stable,dominant_stable,0.0022,-0.0150,0.0128,persisted
rr_interval_4002_first_50000_001,200,225,26401,26600,26326,26550,0.7500,stable,stable,dominant_stable,dominant_stable,0.0000,0.0000,0.0000,persisted
rr_interval_4002_first_50000_001,200,225,26601,26800,26551,26775,0.8750,stable,stable,dominant_stable,dominant_stable,0.0000,0.0000,0.0000,persisted
rr_interval_4002_first_50000_001,200,225,26801,27000,26776,27000,1.0000,stable,stable,dominant_stable,dominant_stable,0.0006,0.0000,-0.0006,persisted
rr_interval_4002_first_50000_001,200,225,27001,27200,27001,27225,1.0000,stable,stable,dominant_stable,dominant_stable,0.0150,-0.0150,0.0000,persisted
rr_interval_4002_first_50000_001,200,225,27201,27400,27226,27450,0.8750,stable,stable,dominant_stable,dominant_stable,0.0117,-0.0161,0.0044,persisted
rr_interval_4002_first_50000_001,200,225,27401,27600,27451,27675,0.7500,stable,stable,dominant_stable,dominant_stable,-0.0028,0.0078,-0.0050,persisted
rr_interval_4002_first_50000_001,200,225,27601,27800,27676,27900,0.6250,stable,stable,dominant_stable,dominant_stable,0.0061,0.0089,-0.0150,persisted
rr_interval_4002_first_50000_001,200,225,27801,28000,27676,27900,0.5000,stable,stable,dominant_stable,dominant_stable,-0.0039,0.0089,-0.0050,persisted
rr_interval_4002_first_50000_001,200,225,28001,28200,27901,28125,0.6250,stable,stable,dominant_stable,dominant_stable,0.0000,0.0000,0.0000,persisted
rr_interval_4002_first_50000_001,200,225,28201,28400,28126,28350,0.7500,stable,stable,dominant_stable,dominant_stable,0.0083,-0.0078,-0.0006,persisted
rr_interval_4002_first_50000_001,200,225,28401,28600,28351,28575,0.8750,stable,stable,dominant_stable,dominant_stable,0.0000,0.0000,0.0000,persisted
rr_interval_4002_first_50000_001,200,225,28601,28800,28576,28800,1.0000,stable,stable,dominant_stable,dominant_stable,-0.0039,0.0089,-0.0050,persisted
rr_interval_4002_first_50000_001,200,225,28801,29000,28801,29025,1.0000,stable,stable,dominant_stable,dominant_stable,-0.0178,0.0089,0.0089,persisted
rr_interval_4002_first_50000_001,200,225,29001,29200,29026,29250,0.8750,stable,stable,dominant_stable,dominant_stable,0.0000,0.0000,0.0000,persisted
rr_interval_4002_first_50000_001,200,225,29201,29400,29251,29475,0.7500,stable,stable,dominant_stable,dominant_stable,0.0106,-0.0100,-0.0006,persisted
rr_interval_4002_first_50000_001,200,225,29401,29600,29476,29700,0.6250,stable,stable,dominant_stable,dominant_stable,-0.0356,0.0267,0.0089,persisted
rr_interval_4002_first_50000_001,200,225,29601,29800,29476,29700,0.5000,stable,stable,dominant_stable,dominant_stable,-0.0256,0.0167,0.0089,persisted
rr_interval_4002_first_50000_001,200,225,29801,30000,29701,29925,0.6250,stable,stable,dominant_stable,dominant_stable,0.0106,-0.0150,0.0044,persisted
rr_interval_4002_first_50000_001,200,225,30001,30200,29926,30150,0.7500,stable,stable,dominant_stable,dominant_stable,0.0017,-0.0017,0.0000,persisted
rr_interval_4002_first_50000_001,200,225,30201,30400,30151,30375,0.8750,stable,stable,dominant_stable,dominant_stable,0.0000,0.0000,0.0000,persisted
rr_interval_4002_first_50000_001,200,225,30401,30600,30376,30600,1.0000,stable,stable,dominant_stable,dominant_stable,0.0011,0.0000,-0.0011,persisted
rr_interval_4002_first_50000_001,200,225,30601,30800,30601,30825,1.0000,stable,stable,dominant_stable,dominant_stable,0.0261,-0.0250,-0.0011,persisted
rr_interval_4002_first_50000_001,200,225,30801,31000,30826,31050,0.8750,stable,stable,dominant_stable,dominant_stable,0.0011,0.0000,-0.0011,persisted
rr_interval_4002_first_50000_001,200,225,31001,31200,31051,31275,0.7500,stable,stable,dominant_stable,dominant_stable,0.0011,0.0000,-0.0011,persisted
rr_interval_4002_first_50000_001,200,225,31201,31400,31276,31500,0.6250,stable,stable,dominant_stable,dominant_stable,-0.0033,0.0089,-0.0056,persisted
rr_interval_4002_first_50000_001,200,225,31401,31600,31276,31500,0.5000,stable,stable,dominant_stable,dominant_stable,-0.0033,-0.0011,0.0044,persisted
rr_interval_4002_first_50000_001,200,225,31601,31800,31501,31725,0.6250,stable,stable,dominant_stable,dominant_stable,0.0000,0.0000,0.0000,persisted
rr_interval_4002_first_50000_001,200,225,31801,32000,31726,31950,0.7500,stable,stable,dominant_stable,dominant_stable,0.0006,0.0000,-0.0006,persisted
rr_interval_4002_first_50000_001,200,225,32001,32200,31951,32175,0.8750,stable,stable,dominant_stable,dominant_stable,0.0000,0.0000,0.0000,persisted
rr_interval_4002_first_50000_001,200,225,32201,32400,32176,32400,1.0000,stable,stable,dominant_stable,dominant_stable,0.0006,0.0000,-0.0006,persisted
rr_interval_4002_first_50000_001,200,225,32401,32600,32401,32625,1.0000,stable,stable,dominant_stable,dominant_stable,0.0000,0.0000,0.0000,persisted
rr_interval_4002_first_50000_001,200,225,32601,32800,32626,32850,0.8750,stable,stable,dominant_stable,dominant_stable,0.0011,0.0000,-0.0011,persisted
rr_interval_4002_first_50000_001,200,225,32801,33000,32851,33075,0.7500,stable,stable,dominant_stable,dominant_stable,0.0067,-0.0061,-0.0006,persisted
rr_interval_4002_first_50000_001,200,225,33001,33200,33076,33300,0.6250,stable,stable,dominant_stable,dominant_stable,0.0067,-0.0150,0.0083,persisted
rr_interval_4002_first_50000_001,200,225,33201,33400,33076,33300,0.5000,stable,stable,dominant_stable,dominant_stable,-0.0083,0.0000,0.0083,persisted
rr_interval_4002_first_50000_001,200,225,33401,33600,33301,33525,0.6250,stable,stable,dominant_stable,dominant_stable,0.0061,-0.0150,0.0089,persisted
rr_interval_4002_first_50000_001,200,225,33601,33800,33526,33750,0.7500,stable,stable,dominant_stable,dominant_stable,0.0150,-0.0100,-0.0050,persisted
rr_interval_4002_first_50000_001,200,225,33801,34000,33751,33975,0.8750,stable,stable,dominant_stable,dominant_stable,-0.0178,0.0178,0.0000,persisted
rr_interval_4002_first_50000_001,200,225,34001,34200,33976,34200,1.0000,stable,stable,dominant_stable,dominant_stable,0.0000,0.0000,0.0000,persisted
rr_interval_4002_first_50000_001,200,225,34201,34400,34201,34425,1.0000,stable,stable,dominant_stable,dominant_stable,0.0006,0.0000,-0.0006,persisted
rr_interval_4002_first_50000_001,200,225,34401,34600,34426,34650,0.8750,stable,stable,dominant_stable,dominant_stable,0.0000,0.0000,0.0000,persisted
rr_interval_4002_first_50000_001,200,225,34601,34800,34651,34875,0.7500,stable,stable,dominant_stable,dominant_stable,0.0011,-0.0011,0.0000,persisted
rr_interval_4002_first_50000_001,200,225,34801,35000,34876,35100,0.6250,stable,stable,dominant_stable,dominant_stable,0.0006,0.0000,-0.0006,persisted
rr_interval_4002_first_50000_001,200,225,35001,35200,34876,35100,0.5000,stable,stable,dominant_stable,dominant_stable,0.0006,0.0000,-0.0006,persisted
rr_interval_4002_first_50000_001,200,225,35201,35400,35101,35325,0.6250,stable,stable,dominant_stable,dominant_stable,0.0000,0.0000,0.0000,persisted
rr_interval_4002_first_50000_001,200,225,35401,35600,35326,35550,0.7500,stable,stable,dominant_stable,dominant_stable,0.0150,-0.0150,0.0000,persisted
rr_interval_4002_first_50000_001,200,225,35601,35800,35551,35775,0.8750,stable,stable,dominant_stable,dominant_stable,0.0017,-0.0017,0.0000,persisted
rr_interval_4002_first_50000_001,200,225,35801,36000,35776,36000,1.0000,stable,stable,dominant_stable,dominant_stable,-0.0128,0.0133,-0.0006,persisted
rr_interval_4002_first_50000_001,200,225,36001,36200,36001,36225,1.0000,stable,stable,dominant_stable,dominant_stable,0.0006,0.0000,-0.0006,persisted
rr_interval_4002_first_50000_001,200,225,36201,36400,36226,36450,0.8750,stable,stable,dominant_stable,dominant_stable,-0.0033,0.0033,0.0000,persisted
rr_interval_4002_first_50000_001,200,225,36401,36600,36451,36675,0.7500,stable,stable,dominant_stable,dominant_stable,0.0106,-0.0150,0.0044,persisted
rr_interval_4002_first_50000_001,200,225,36601,36800,36676,36900,0.6250,stable,stable,dominant_stable,dominant_stable,-0.0133,0.0133,0.0000,persisted
rr_interval_4002_first_50000_001,200,225,36801,37000,36676,36900,0.5000,stable,stable,dominant_stable,dominant_stable,-0.0133,0.0133,0.0000,persisted
rr_interval_4002_first_50000_001,200,225,37001,37200,36901,37125,0.6250,stable,stable,dominant_stable,dominant_stable,0.0161,-0.0161,0.0000,persisted
rr_interval_4002_first_50000_001,200,225,37201,37400,37126,37350,0.7500,stable,stable,dominant_stable,dominant_stable,-0.0222,0.0222,0.0000,persisted
rr_interval_4002_first_50000_001,200,225,37401,37600,37351,37575,0.8750,stable,stable,dominant_stable,dominant_stable,0.0000,0.0000,0.0000,persisted
rr_interval_4002_first_50000_001,200,225,37601,37800,37576,37800,1.0000,stable,stable,dominant_stable,dominant_stable,0.0106,-0.0150,0.0044,persisted
rr_interval_4002_first_50000_001,200,225,37801,38000,37801,38025,1.0000,stable,stable,dominant_stable,dominant_stable,0.0028,-0.0028,0.0000,persisted
rr_interval_4002_first_50000_001,200,225,38001,38200,38026,38250,0.8750,stable,stable,dominant_stable,dominant_stable,-0.0033,0.0033,0.0000,persisted
rr_interval_4002_first_50000_001,200,225,38201,38400,38251,38475,0.7500,stable,stable,dominant_stable,dominant_stable,0.0039,-0.0039,0.0000,persisted
rr_interval_4002_first_50000_001,200,225,38401,38600,38476,38700,0.6250,stable,stable,dominant_stable,dominant_stable,0.0250,-0.0250,0.0000,persisted
rr_interval_4002_first_50000_001,200,225,38601,38800,38476,38700,0.5000,stable,stable,dominant_stable,dominant_stable,0.0150,-0.0150,0.0000,persisted
rr_interval_4002_first_50000_001,200,225,38801,39000,38701,38925,0.6250,stable,stable,dominant_stable,dominant_stable,0.0000,0.0000,0.0000,persisted
rr_interval_4002_first_50000_001,200,225,39001,39200,38926,39150,0.7500,stable,stable,dominant_stable,dominant_stable,-0.0044,0.0000,0.0044,persisted
rr_interval_4002_first_50000_001,200,225,39201,39400,39151,39375,0.8750,stable,stable,dominant_stable,dominant_stable,0.0000,0.0000,0.0000,persisted
rr_interval_4002_first_50000_001,200,225,39401,39600,39376,39600,1.0000,stable,stable,dominant_stable,dominant_stable,0.0167,-0.0167,0.0000,persisted
rr_interval_4002_first_50000_001,200,225,39601,39800,39601,39825,1.0000,stable,stable,dominant_stable,dominant_stable,0.0006,0.0000,-0.0006,persisted
rr_interval_4002_first_50000_001,200,225,39801,40000,39826,40050,0.8750,stable,stable,dominant_stable,dominant_stable,0.0006,0.0000,-0.0006,persisted
rr_interval_4002_first_50000_001,200,225,40001,40200,40051,40275,0.7500,stable,stable,dominant_stable,dominant_stable,0.0011,0.0000,-0.0011,persisted
rr_interval_4002_first_50000_001,200,225,40201,40400,40276,40500,0.6250,stable,stable,dominant_stable,dominant_stable,-0.0161,0.0117,0.0044,persisted
rr_interval_4002_first_50000_001,200,225,40401,40600,40276,40500,0.5000,stable,stable,dominant_stable,dominant_stable,0.0039,-0.0033,-0.0006,persisted
rr_interval_4002_first_50000_001,200,225,40601,40800,40501,40725,0.6250,stable,stable,dominant_stable,dominant_stable,-0.0133,0.0133,0.0000,persisted
rr_interval_4002_first_50000_001,200,225,40801,41000,40726,40950,0.7500,stable,stable,dominant_stable,dominant_stable,0.0150,-0.0100,-0.0050,persisted
rr_interval_4002_first_50000_001,200,225,41001,41200,40951,41175,0.8750,stable,stable,dominant_stable,dominant_stable,0.0100,-0.0100,0.0000,persisted
rr_interval_4002_first_50000_001,200,225,41201,41400,41176,41400,1.0000,stable,stable,dominant_stable,dominant_stable,0.0011,-0.0011,0.0000,persisted
rr_interval_4002_first_50000_001,200,225,41401,41600,41401,41625,1.0000,stable,stable,dominant_stable,dominant_stable,0.0006,0.0000,-0.0006,persisted
rr_interval_4002_first_50000_001,200,225,41601,41800,41626,41850,0.8750,stable,stable,dominant_stable,dominant_stable,0.0022,-0.0017,-0.0006,persisted
rr_interval_4002_first_50000_001,200,225,41801,42000,41851,42075,0.7500,stable,stable,dominant_stable,dominant_stable,0.0100,-0.0100,0.0000,persisted
rr_interval_4002_first_50000_001,200,225,42001,42200,42076,42300,0.6250,stable,stable,dominant_stable,dominant_stable,0.0011,0.0000,-0.0011,persisted
rr_interval_4002_first_50000_001,200,225,42201,42400,42076,42300,0.5000,stable,stable,dominant_stable,dominant_stable,-0.0039,0.0000,0.0039,persisted
rr_interval_4002_first_50000_001,200,225,42401,42600,42301,42525,0.6250,stable,stable,dominant_stable,dominant_stable,-0.0044,0.0000,0.0044,persisted
rr_interval_4002_first_50000_001,200,225,42601,42800,42526,42750,0.7500,stable,stable,dominant_stable,dominant_stable,0.0022,-0.0017,-0.0006,persisted
rr_interval_4002_first_50000_001,200,225,42801,43000,42751,42975,0.8750,stable,stable,dominant_stable,dominant_stable,0.0022,-0.0017,-0.0006,persisted
rr_interval_4002_first_50000_001,200,225,43001,43200,42976,43200,1.0000,stable,stable,dominant_stable,dominant_stable,0.0017,-0.0017,0.0000,persisted
rr_interval_4002_first_50000_001,200,225,43201,43400,43201,43425,1.0000,stable,stable,dominant_stable,dominant_stable,0.0000,0.0000,0.0000,persisted
rr_interval_4002_first_50000_001,200,225,43401,43600,43426,43650,0.8750,stable,stable,dominant_stable,dominant_stable,0.0167,-0.0161,-0.0006,persisted
rr_interval_4002_first_50000_001,200,225,43601,43800,43651,43875,0.7500,stable,stable,dominant_stable,dominant_stable,0.0056,-0.0100,0.0044,persisted
rr_interval_4002_first_50000_001,200,225,43801,44000,43876,44100,0.6250,stable,stable,dominant_stable,dominant_stable,0.0000,0.0000,0.0000,persisted
rr_interval_4002_first_50000_001,200,225,44001,44200,43876,44100,0.5000,stable,stable,dominant_stable,dominant_stable,0.0050,0.0000,-0.0050,persisted
rr_interval_4002_first_50000_001,200,225,44201,44400,44101,44325,0.6250,stable,stable,dominant_stable,dominant_stable,0.0011,0.0000,-0.0011,persisted
rr_interval_4002_first_50000_001,200,225,44401,44600,44326,44550,0.7500,stable,stable,dominant_stable,dominant_stable,0.0000,0.0000,0.0000,persisted
rr_interval_4002_first_50000_001,200,225,44601,44800,44551,44775,0.8750,stable,stable,dominant_stable,dominant_stable,0.0000,0.0000,0.0000,persisted
rr_interval_4002_first_50000_001,200,225,44801,45000,44776,45000,1.0000,stable,stable,dominant_stable,dominant_stable,0.0000,0.0000,0.0000,persisted
rr_interval_4002_first_50000_001,200,225,45001,45200,45001,45225,1.0000,stable,stable,dominant_stable,dominant_stable,0.0006,0.0000,-0.0006,persisted
rr_interval_4002_first_50000_001,200,225,45201,45400,45226,45450,0.8750,stable,stable,dominant_stable,dominant_stable,0.0000,0.0000,0.0000,persisted
rr_interval_4002_first_50000_001,200,225,45401,45600,45451,45675,0.7500,stable,stable,dominant_stable,dominant_stable,0.0000,0.0000,0.0000,persisted
rr_interval_4002_first_50000_001,200,225,45601,45800,45676,45900,0.6250,stable,stable,dominant_stable,dominant_stable,0.0000,0.0000,0.0000,persisted
rr_interval_4002_first_50000_001,200,225,45801,46000,45676,45900,0.5000,stable,stable,dominant_stable,dominant_stable,0.0050,0.0000,-0.0050,persisted
rr_interval_4002_first_50000_001,200,225,46001,46200,45901,46125,0.6250,stable,stable,dominant_stable,dominant_stable,-0.0178,0.0133,0.0044,persisted
rr_interval_4002_first_50000_001,200,225,46201,46400,46126,46350,0.7500,stable,stable,dominant_stable,dominant_stable,0.0000,0.0000,0.0000,persisted
rr_interval_4002_first_50000_001,200,225,46401,46600,46351,46575,0.8750,stable,stable,dominant_stable,dominant_stable,0.0056,-0.0100,0.0044,persisted
rr_interval_4002_first_50000_001,200,225,46601,46800,46576,46800,1.0000,stable,stable,dominant_stable,dominant_stable,0.0017,-0.0017,0.0000,persisted
rr_interval_4002_first_50000_001,200,225,46801,47000,46801,47025,1.0000,stable,stable,dominant_stable,dominant_stable,0.0011,-0.0011,0.0000,persisted
rr_interval_4002_first_50000_001,200,225,47001,47200,47026,47250,0.8750,stable,stable,dominant_stable,dominant_stable,0.0006,0.0000,-0.0006,persisted
rr_interval_4002_first_50000_001,200,225,47201,47400,47251,47475,0.7500,stable,stable,dominant_stable,dominant_stable,0.0000,0.0000,0.0000,persisted
rr_interval_4002_first_50000_001,200,225,47401,47600,47476,47700,0.6250,stable,stable,dominant_stable,dominant_stable,-0.0044,0.0000,0.0044,persisted
rr_interval_4002_first_50000_001,200,225,47601,47800,47476,47700,0.5000,stable,stable,dominant_stable,dominant_stable,0.0006,0.0000,-0.0006,persisted
rr_interval_4002_first_50000_001,200,225,47801,48000,47701,47925,0.6250,stable,stable,dominant_stable,dominant_stable,0.0111,-0.0061,-0.0050,persisted
rr_interval_4002_first_50000_001,200,225,48001,48200,47926,48150,0.7500,stable,stable,dominant_stable,dominant_stable,0.0000,0.0000,0.0000,persisted
rr_interval_4002_first_50000_001,200,225,48201,48400,48151,48375,0.8750,stable,stable,dominant_stable,dominant_stable,0.0067,-0.0017,-0.0050,persisted
rr_interval_4002_first_50000_001,200,225,48401,48600,48376,48600,1.0000,stable,stable,dominant_stable,dominant_stable,0.0022,-0.0017,-0.0006,persisted
rr_interval_4002_first_50000_001,200,225,48601,48800,48601,48825,1.0000,stable,stable,dominant_stable,dominant_stable,0.0011,-0.0011,0.0000,persisted
rr_interval_4002_first_50000_001,200,225,48801,49000,48826,49050,0.8750,stable,stable,dominant_stable,dominant_stable,0.0006,0.0000,-0.0006,persisted
rr_interval_4002_first_50000_001,200,225,49001,49200,49051,49275,0.7500,stable,stable,dominant_stable,dominant_stable,0.0150,-0.0150,0.0000,persisted
rr_interval_4002_first_50000_001,200,225,49201,49400,49276,49500,0.6250,stable,stable,dominant_stable,dominant_stable,0.0250,-0.0250,0.0000,persisted
rr_interval_4002_first_50000_001,200,225,49401,49600,49276,49500,0.5000,stable,stable,dominant_stable,dominant_stable,0.0200,-0.0150,-0.0050,persisted
rr_interval_4002_first_50000_001,200,225,49601,49800,49501,49725,0.6250,stable,stable,dominant_stable,dominant_stable,-0.0089,0.0000,0.0089,persisted
rr_interval_4002_first_50000_001,200,225,49801,50000,49951,50000,1.0000,stable,stable,dominant_stable,dominant_stable,-0.0900,0.0750,0.0150,persisted
rr_interval_4002_first_50000_001,225,250,1,225,1,250,1.0000,stable,stable,dominant_stable,dominant_stable,0.0018,-0.0013,-0.0004,persisted
rr_interval_4002_first_50000_001,225,250,226,450,251,500,0.8889,stable,stable,dominant_stable,dominant_stable,0.0000,0.0000,0.0000,persisted
rr_interval_4002_first_50000_001,225,250,451,675,501,750,0.7778,stable,stable,dominant_stable,dominant_stable,0.0133,-0.0133,0.0000,persisted
rr_interval_4002_first_50000_001,225,250,676,900,751,1000,0.6667,stable,stable,dominant_stable,dominant_stable,0.0133,-0.0133,0.0000,persisted
rr_interval_4002_first_50000_001,225,250,901,1125,1001,1250,0.5556,stable,stable,dominant_stable,dominant_stable,0.0044,0.0000,-0.0044,persisted
rr_interval_4002_first_50000_001,225,250,1126,1350,1001,1250,0.5556,stable,stable,dominant_stable,dominant_stable,0.0000,0.0000,0.0000,persisted
rr_interval_4002_first_50000_001,225,250,1351,1575,1251,1500,0.6667,stable,stable,dominant_stable,dominant_stable,-0.0111,0.0111,0.0000,persisted
rr_interval_4002_first_50000_001,225,250,1576,1800,1501,1750,0.7778,stable,stable,dominant_stable,dominant_stable,0.0093,-0.0133,0.0040,persisted
rr_interval_4002_first_50000_001,225,250,1801,2025,1751,2000,0.8889,stable,stable,dominant_stable,dominant_stable,-0.0031,0.0031,0.0000,persisted
rr_interval_4002_first_50000_001,225,250,2026,2250,2001,2250,1.0000,stable,stable,dominant_stable,dominant_stable,0.0018,-0.0018,0.0000,persisted
rr_interval_4002_first_50000_001,225,250,2251,2475,2251,2500,1.0000,stable,stable,dominant_stable,dominant_stable,0.0013,-0.0013,0.0000,persisted
rr_interval_4002_first_50000_001,225,250,2476,2700,2501,2750,0.8889,stable,stable,dominant_stable,dominant_stable,0.0013,-0.0009,-0.0004,persisted
rr_interval_4002_first_50000_001,225,250,2701,2925,2751,3000,0.7778,stable,stable,dominant_stable,dominant_stable,-0.0076,0.0120,-0.0044,persisted
rr_interval_4002_first_50000_001,225,250,2926,3150,3001,3250,0.6667,stable,stable,dominant_stable,dominant_stable,-0.0240,0.0240,0.0000,persisted
rr_interval_4002_first_50000_001,225,250,3151,3375,3251,3500,0.5556,stable,stable,dominant_stable,dominant_stable,-0.0040,0.0000,0.0040,persisted
rr_interval_4002_first_50000_001,225,250,3376,3600,3251,3500,0.5556,stable,stable,dominant_stable,dominant_stable,0.0004,0.0000,-0.0004,persisted
rr_interval_4002_first_50000_001,225,250,3601,3825,3501,3750,0.6667,stable,stable,dominant_stable,dominant_stable,-0.0196,0.0240,-0.0044,persisted
rr_interval_4002_first_50000_001,225,250,3826,4050,3751,4000,0.7778,stable,stable,dominant_stable,dominant_stable,0.0000,0.0000,0.0000,persisted
rr_interval_4002_first_50000_001,225,250,4051,4275,4001,4250,0.8889,stable,stable,dominant_stable,dominant_stable,-0.0040,0.0000,0.0040,persisted
rr_interval_4002_first_50000_001,225,250,4276,4500,4251,4500,1.0000,stable,stable,dominant_stable,dominant_stable,0.0018,-0.0013,-0.0004,persisted
rr_interval_4002_first_50000_001,225,250,4501,4725,4501,4750,1.0000,stable,stable,dominant_stable,dominant_stable,0.0009,-0.0009,0.0000,persisted
rr_interval_4002_first_50000_001,225,250,4726,4950,4751,5000,0.8889,stable,stable,dominant_stable,dominant_stable,0.0000,0.0000,0.0000,persisted
rr_interval_4002_first_50000_001,225,250,4951,5175,5001,5250,0.7778,stable,stable,dominant_stable,dominant_stable,0.0133,-0.0133,0.0000,persisted
rr_interval_4002_first_50000_001,225,250,5176,5400,5251,5500,0.6667,stable,stable,dominant_stable,dominant_stable,0.0013,-0.0013,0.0000,persisted
rr_interval_4002_first_50000_001,225,250,5401,5625,5501,5750,0.5556,stable,stable,dominant_stable,dominant_stable,-0.0120,0.0120,0.0000,persisted
rr_interval_4002_first_50000_001,225,250,5626,5850,5501,5750,0.5556,stable,stable,dominant_stable,dominant_stable,-0.0120,0.0120,0.0000,persisted
rr_interval_4002_first_50000_001,225,250,5851,6075,5751,6000,0.6667,stable,stable,dominant_stable,dominant_stable,0.0000,0.0000,0.0000,persisted
rr_interval_4002_first_50000_001,225,250,6076,6300,6001,6250,0.7778,stable,stable,dominant_stable,dominant_stable,0.0000,0.0000,0.0000,persisted
rr_interval_4002_first_50000_001,225,250,6301,6525,6251,6500,0.8889,stable,stable,dominant_stable,dominant_stable,0.0000,0.0000,0.0000,persisted
rr_interval_4002_first_50000_001,225,250,6526,6750,6501,6750,1.0000,stable,stable,dominant_stable,dominant_stable,0.0142,-0.0142,0.0000,persisted
rr_interval_4002_first_50000_001,225,250,6751,6975,6751,7000,1.0000,stable,stable,dominant_stable,dominant_stable,0.0098,-0.0053,-0.0044,persisted
rr_interval_4002_first_50000_001,225,250,6976,7200,7001,7250,0.8889,stable,stable,dominant_stable,dominant_stable,-0.0120,0.0120,0.0000,persisted
rr_interval_4002_first_50000_001,225,250,7201,7425,7251,7500,0.7778,stable,stable,dominant_stable,dominant_stable,0.0018,-0.0013,-0.0004,persisted
rr_interval_4002_first_50000_001,225,250,7426,7650,7501,7750,0.6667,stable,stable,dominant_stable,dominant_stable,0.0000,0.0000,0.0000,persisted
rr_interval_4002_first_50000_001,225,250,7651,7875,7751,8000,0.5556,stable,stable,dominant_stable,dominant_stable,-0.0151,0.0151,0.0000,persisted
rr_interval_4002_first_50000_001,225,250,7876,8100,7751,8000,0.5556,stable,stable,dominant_stable,dominant_stable,0.0027,-0.0027,0.0000,persisted
rr_interval_4002_first_50000_001,225,250,8101,8325,8001,8250,0.6667,stable,stable,dominant_stable,dominant_stable,0.0142,-0.0098,-0.0044,persisted
rr_interval_4002_first_50000_001,225,250,8326,8550,8251,8500,0.7778,stable,stable,dominant_stable,dominant_stable,-0.0120,0.0080,0.0040,persisted
rr_interval_4002_first_50000_001,225,250,8551,8775,8501,8750,0.8889,stable,stable,dominant_stable,dominant_stable,0.0133,-0.0089,-0.0044,persisted
rr_interval_4002_first_50000_001,225,250,8776,9000,8751,9000,1.0000,stable,stable,dominant_stable,dominant_stable,0.0004,0.0000,-0.0004,persisted
rr_interval_4002_first_50000_001,225,250,9001,9225,9001,9250,1.0000,stable,stable,dominant_stable,dominant_stable,0.0009,0.0000,-0.0009,persisted
rr_interval_4002_first_50000_001,225,250,9226,9450,9251,9500,0.8889,stable,stable,dominant_stable,dominant_stable,0.0004,0.0000,-0.0004,persisted
rr_interval_4002_first_50000_001,225,250,9451,9675,9501,9750,0.7778,stable,stable,dominant_stable,dominant_stable,-0.0031,0.0080,-0.0049,persisted
rr_interval_4002_first_50000_001,225,250,9676,9900,9751,10000,0.6667,stable,stable,dominant_stable,dominant_stable,0.0098,-0.0133,0.0036,persisted
rr_interval_4002_first_50000_001,225,250,9901,10125,10001,10250,0.5556,stable,stable,dominant_stable,dominant_stable,0.0004,0.0000,-0.0004,persisted
rr_interval_4002_first_50000_001,225,250,10126,10350,10001,10250,0.5556,stable,stable,dominant_stable,dominant_stable,0.0049,0.0000,-0.0049,persisted
rr_interval_4002_first_50000_001,225,250,10351,10575,10251,10500,0.6667,stable,stable,dominant_stable,dominant_stable,0.0022,-0.0022,0.0000,persisted
rr_interval_4002_first_50000_001,225,250,10576,10800,10501,10750,0.7778,stable,stable,dominant_stable,dominant_stable,0.0004,0.0000,-0.0004,persisted
rr_interval_4002_first_50000_001,225,250,10801,11025,10751,11000,0.8889,stable,stable,dominant_stable,dominant_stable,0.0022,-0.0022,0.0000,persisted
rr_interval_4002_first_50000_001,225,250,11026,11250,11001,11250,1.0000,stable,stable,dominant_stable,dominant_stable,0.0000,0.0000,0.0000,persisted
rr_interval_4002_first_50000_001,225,250,11251,11475,11251,11500,1.0000,stable,stable,dominant_stable,dominant_stable,0.0000,0.0000,0.0000,persisted
rr_interval_4002_first_50000_001,225,250,11476,11700,11501,11750,0.8889,stable,stable,dominant_stable,dominant_stable,-0.0076,0.0120,-0.0044,persisted
rr_interval_4002_first_50000_001,225,250,11701,11925,11751,12000,0.7778,stable,stable,dominant_stable,dominant_stable,0.0000,0.0000,0.0000,persisted
rr_interval_4002_first_50000_001,225,250,11926,12150,12001,12250,0.6667,stable,stable,dominant_stable,dominant_stable,0.0133,-0.0133,0.0000,persisted
rr_interval_4002_first_50000_001,225,250,12151,12375,12251,12500,0.5556,stable,stable,dominant_stable,dominant_stable,0.0000,0.0000,0.0000,persisted
rr_interval_4002_first_50000_001,225,250,12376,12600,12251,12500,0.5556,stable,stable,dominant_stable,dominant_stable,0.0133,-0.0133,0.0000,persisted
rr_interval_4002_first_50000_001,225,250,12601,12825,12501,12750,0.6667,stable,stable,dominant_stable,dominant_stable,0.0004,0.0000,-0.0004,persisted
rr_interval_4002_first_50000_001,225,250,12826,13050,12751,13000,0.7778,stable,stable,dominant_stable,dominant_stable,0.0000,0.0000,0.0000,persisted
rr_interval_4002_first_50000_001,225,250,13051,13275,13001,13250,0.8889,stable,stable,dominant_stable,dominant_stable,0.0000,0.0000,0.0000,persisted
rr_interval_4002_first_50000_001,225,250,13276,13500,13251,13500,1.0000,stable,stable,dominant_stable,dominant_stable,0.0013,-0.0009,-0.0004,persisted
rr_interval_4002_first_50000_001,225,250,13501,13725,13501,13750,1.0000,stable,stable,dominant_stable,dominant_stable,0.0000,0.0000,0.0000,persisted
rr_interval_4002_first_50000_001,225,250,13726,13950,13751,14000,0.8889,stable,stable,dominant_stable,dominant_stable,0.0000,0.0000,0.0000,persisted
rr_interval_4002_first_50000_001,225,250,13951,14175,14001,14250,0.7778,stable,stable,dominant_stable,dominant_stable,0.0000,0.0000,0.0000,persisted
rr_interval_4002_first_50000_001,225,250,14176,14400,14251,14500,0.6667,stable,stable,dominant_stable,dominant_stable,0.0324,-0.0400,0.0076,persisted
rr_interval_4002_first_50000_001,225,250,14401,14625,14501,14750,0.5556,stable,stable,dominant_stable,dominant_stable,0.0102,-0.0142,0.0040,persisted
rr_interval_4002_first_50000_001,225,250,14626,14850,14501,14750,0.5556,stable,stable,dominant_stable,dominant_stable,0.0013,-0.0053,0.0040,persisted
rr_interval_4002_first_50000_001,225,250,14851,15075,14751,15000,0.6667,stable,stable,dominant_stable,dominant_stable,0.0009,-0.0009,0.0000,persisted
rr_interval_4002_first_50000_001,225,250,15076,15300,15001,15250,0.7778,stable,stable,dominant_stable,dominant_stable,0.0089,-0.0089,0.0000,persisted
rr_interval_4002_first_50000_001,225,250,15301,15525,15251,15500,0.8889,stable,stable,dominant_stable,dominant_stable,-0.0031,0.0080,-0.0049,persisted
rr_interval_4002_first_50000_001,225,250,15526,15750,15501,15750,1.0000,stable,stable,dominant_stable,dominant_stable,0.0004,0.0000,-0.0004,persisted
rr_interval_4002_first_50000_001,225,250,15751,15975,15751,16000,1.0000,stable,stable,dominant_stable,dominant_stable,0.0000,0.0000,0.0000,persisted
rr_interval_4002_first_50000_001,225,250,15976,16200,16001,16250,0.8889,stable,stable,dominant_stable,dominant_stable,0.0000,0.0000,0.0000,persisted
rr_interval_4002_first_50000_001,225,250,16201,16425,16251,16500,0.7778,stable,stable,dominant_stable,dominant_stable,0.0000,0.0000,0.0000,persisted
rr_interval_4002_first_50000_001,225,250,16426,16650,16501,16750,0.6667,stable,stable,dominant_stable,dominant_stable,-0.0160,0.0080,0.0080,persisted
rr_interval_4002_first_50000_001,225,250,16651,16875,16751,17000,0.5556,stable,stable,dominant_stable,dominant_stable,-0.0080,0.0080,0.0000,persisted
rr_interval_4002_first_50000_001,225,250,16876,17100,16751,17000,0.5556,stable,stable,dominant_stable,dominant_stable,0.0053,-0.0053,0.0000,persisted
rr_interval_4002_first_50000_001,225,250,17101,17325,17001,17250,0.6667,stable,stable,dominant_stable,dominant_stable,0.0000,0.0000,0.0000,persisted
rr_interval_4002_first_50000_001,225,250,17326,17550,17251,17500,0.7778,stable,stable,dominant_stable,dominant_stable,-0.0036,0.0000,0.0036,persisted
rr_interval_4002_first_50000_001,225,250,17551,17775,17501,17750,0.8889,stable,stable,dominant_stable,dominant_stable,0.0000,0.0000,0.0000,persisted
rr_interval_4002_first_50000_001,225,250,17776,18000,17751,18000,1.0000,stable,stable,dominant_stable,dominant_stable,0.0133,-0.0133,0.0000,persisted
rr_interval_4002_first_50000_001,225,250,18001,18225,18001,18250,1.0000,stable,stable,dominant_stable,dominant_stable,0.0004,0.0000,-0.0004,persisted
rr_interval_4002_first_50000_001,225,250,18226,18450,18251,18500,0.8889,stable,stable,dominant_stable,dominant_stable,0.0013,-0.0013,0.0000,persisted
rr_interval_4002_first_50000_001,225,250,18451,18675,18501,18750,0.7778,stable,stable,dominant_stable,dominant_stable,0.0000,0.0000,0.0000,persisted
rr_interval_4002_first_50000_001,225,250,18676,18900,18751,19000,0.6667,stable,stable,dominant_stable,dominant_stable,-0.0031,0.0031,0.0000,persisted
rr_interval_4002_first_50000_001,225,250,18901,19125,19001,19250,0.5556,stable,stable,dominant_stable,dominant_stable,0.0013,-0.0013,0.0000,persisted
rr_interval_4002_first_50000_001,225,250,19126,19350,19001,19250,0.5556,stable,stable,dominant_stable,dominant_stable,0.0013,-0.0013,0.0000,persisted
rr_interval_4002_first_50000_001,225,250,19351,19575,19251,19500,0.6667,stable,stable,dominant_stable,dominant_stable,0.0000,0.0000,0.0000,persisted
rr_interval_4002_first_50000_001,225,250,19576,19800,19501,19750,0.7778,stable,stable,dominant_stable,dominant_stable,0.0022,-0.0018,-0.0004,persisted
rr_interval_4002_first_50000_001,225,250,19801,20025,19751,20000,0.8889,stable,stable,dominant_stable,dominant_stable,-0.0320,0.0320,0.0000,persisted
rr_interval_4002_first_50000_001,225,250,20026,20250,20001,20250,1.0000,stable,stable,dominant_stable,dominant_stable,0.0013,-0.0013,0.0000,persisted
rr_interval_4002_first_50000_001,225,250,20251,20475,20251,20500,1.0000,stable,stable,dominant_stable,dominant_stable,0.0000,0.0000,0.0000,persisted
rr_interval_4002_first_50000_001,225,250,20476,20700,20501,20750,0.8889,stable,stable,dominant_stable,dominant_stable,-0.0031,0.0031,0.0000,persisted
rr_interval_4002_first_50000_001,225,250,20701,20925,20751,21000,0.7778,stable,stable,dominant_stable,dominant_stable,0.0102,-0.0058,-0.0044,persisted
rr_interval_4002_first_50000_001,225,250,20926,21150,21001,21250,0.6667,stable,stable,dominant_stable,dominant_stable,-0.0200,0.0200,0.0000,persisted
rr_interval_4002_first_50000_001,225,250,21151,21375,21251,21500,0.5556,stable,stable,dominant_stable,dominant_stable,0.0182,-0.0222,0.0040,persisted
rr_interval_4002_first_50000_001,225,250,21376,21600,21251,21500,0.5556,stable,stable,dominant_stable,dominant_stable,-0.0040,0.0000,0.0040,persisted
rr_interval_4002_first_50000_001,225,250,21601,21825,21501,21750,0.6667,stable,stable,dominant_stable,dominant_stable,0.0089,-0.0089,0.0000,persisted
rr_interval_4002_first_50000_001,225,250,21826,22050,21751,22000,0.7778,stable,stable,dominant_stable,dominant_stable,0.0000,0.0000,0.0000,persisted
rr_interval_4002_first_50000_001,225,250,22051,22275,22001,22250,0.8889,stable,stable,dominant_stable,dominant_stable,0.0000,0.0000,0.0000,persisted
rr_interval_4002_first_50000_001,225,250,22276,22500,22251,22500,1.0000,stable,stable,dominant_stable,dominant_stable,0.0000,0.0000,0.0000,persisted
rr_interval_4002_first_50000_001,225,250,22501,22725,22501,22750,1.0000,stable,stable,dominant_stable,dominant_stable,0.0000,0.0000,0.0000,persisted
rr_interval_4002_first_50000_001,225,250,22726,22950,22751,23000,0.8889,stable,stable,dominant_stable,dominant_stable,0.0000,0.0000,0.0000,persisted
rr_interval_4002_first_50000_001,225,250,22951,23175,23001,23250,0.7778,stable,stable,dominant_stable,dominant_stable,0.0004,0.0000,-0.0004,persisted
rr_interval_4002_first_50000_001,225,250,23176,23400,23251,23500,0.6667,stable,stable,dominant_stable,dominant_stable,-0.0036,0.0080,-0.0044,persisted
rr_interval_4002_first_50000_001,225,250,23401,23625,23501,23750,0.5556,stable,stable,dominant_stable,dominant_stable,0.0089,-0.0089,0.0000,persisted
rr_interval_4002_first_50000_001,225,250,23626,23850,23501,23750,0.5556,stable,stable,dominant_stable,dominant_stable,0.0133,-0.0089,-0.0044,persisted
rr_interval_4002_first_50000_001,225,250,23851,24075,23751,24000,0.6667,stable,stable,dominant_stable,dominant_stable,0.0049,-0.0089,0.0040,persisted
rr_interval_4002_first_50000_001,225,250,24076,24300,24001,24250,0.7778,stable,stable,dominant_stable,dominant_stable,0.0000,0.0000,0.0000,persisted
rr_interval_4002_first_50000_001,225,250,24301,24525,24251,24500,0.8889,stable,stable,dominant_stable,dominant_stable,0.0133,-0.0133,0.0000,persisted
rr_interval_4002_first_50000_001,225,250,24526,24750,24501,24750,1.0000,stable,stable,dominant_stable,dominant_stable,0.0151,-0.0147,-0.0004,persisted
rr_interval_4002_first_50000_001,225,250,24751,24975,24751,25000,1.0000,stable,stable,dominant_stable,dominant_stable,0.0009,-0.0009,0.0000,persisted
rr_interval_4002_first_50000_001,225,250,24976,25200,25001,25250,0.8889,stable,stable,dominant_stable,dominant_stable,0.0013,-0.0009,-0.0004,persisted
rr_interval_4002_first_50000_001,225,250,25201,25425,25251,25500,0.7778,stable,stable,dominant_stable,dominant_stable,0.0049,-0.0089,0.0040,persisted
rr_interval_4002_first_50000_001,225,250,25426,25650,25501,25750,0.6667,stable,stable,dominant_stable,dominant_stable,0.0018,-0.0009,-0.0009,persisted
rr_interval_4002_first_50000_001,225,250,25651,25875,25751,26000,0.5556,stable,stable,dominant_stable,dominant_stable,0.0022,-0.0018,-0.0004,persisted
rr_interval_4002_first_50000_001,225,250,25876,26100,25751,26000,0.5556,stable,stable,dominant_stable,dominant_stable,-0.0200,0.0160,0.0040,persisted
rr_interval_4002_first_50000_001,225,250,26101,26325,26001,26250,0.6667,stable,stable,dominant_stable,dominant_stable,0.0018,0.0000,-0.0018,persisted
rr_interval_4002_first_50000_001,225,250,26326,26550,26251,26500,0.7778,stable,stable,dominant_stable,dominant_stable,-0.0120,0.0120,0.0000,persisted
rr_interval_4002_first_50000_001,225,250,26551,26775,26501,26750,0.8889,stable,stable,dominant_stable,dominant_stable,0.0000,0.0000,0.0000,persisted
rr_interval_4002_first_50000_001,225,250,26776,27000,26751,27000,1.0000,stable,stable,dominant_stable,dominant_stable,0.0044,0.0000,-0.0044,persisted
rr_interval_4002_first_50000_001,225,250,27001,27225,27001,27250,1.0000,stable,stable,dominant_stable,dominant_stable,0.0000,0.0000,0.0000,persisted
rr_interval_4002_first_50000_001,225,250,27226,27450,27251,27500,0.8889,stable,stable,dominant_stable,dominant_stable,-0.0027,0.0071,-0.0044,persisted
rr_interval_4002_first_50000_001,225,250,27451,27675,27501,27750,0.7778,stable,stable,dominant_stable,dominant_stable,0.0058,-0.0098,0.0040,persisted
rr_interval_4002_first_50000_001,225,250,27676,27900,27751,28000,0.6667,stable,stable,dominant_stable,dominant_stable,0.0009,-0.0009,0.0000,persisted
rr_interval_4002_first_50000_001,225,250,27901,28125,28001,28250,0.5556,stable,stable,dominant_stable,dominant_stable,-0.0240,0.0200,0.0040,persisted
rr_interval_4002_first_50000_001,225,250,28126,28350,28001,28250,0.5556,stable,stable,dominant_stable,dominant_stable,0.0027,-0.0022,-0.0004,persisted
rr_interval_4002_first_50000_001,225,250,28351,28575,28251,28500,0.6667,stable,stable,dominant_stable,dominant_stable,-0.0120,0.0120,0.0000,persisted
rr_interval_4002_first_50000_001,225,250,28576,28800,28501,28750,0.7778,stable,stable,dominant_stable,dominant_stable,-0.0031,0.0031,0.0000,persisted
rr_interval_4002_first_50000_001,225,250,28801,29025,28751,29000,0.8889,stable,stable,dominant_stable,dominant_stable,0.0178,-0.0089,-0.0089,persisted
rr_interval_4002_first_50000_001,225,250,29026,29250,29001,29250,1.0000,stable,stable,dominant_stable,dominant_stable,0.0000,0.0000,0.0000,persisted
rr_interval_4002_first_50000_001,225,250,29251,29475,29251,29500,1.0000,stable,stable,dominant_stable,dominant_stable,0.0004,0.0000,-0.0004,persisted
rr_interval_4002_first_50000_001,225,250,29476,29700,29501,29750,0.8889,stable,stable,dominant_stable,dominant_stable,0.0196,-0.0107,-0.0089,persisted
rr_interval_4002_first_50000_001,225,250,29701,29925,29751,30000,0.7778,stable,stable,dominant_stable,dominant_stable,-0.0076,0.0120,-0.0044,persisted
rr_interval_4002_first_50000_001,225,250,29926,30150,30001,30250,0.6667,stable,stable,dominant_stable,dominant_stable,0.0013,-0.0013,0.0000,persisted
rr_interval_4002_first_50000_001,225,250,30151,30375,30251,30500,0.5556,stable,stable,dominant_stable,dominant_stable,-0.0040,0.0000,0.0040,persisted
rr_interval_4002_first_50000_001,225,250,30376,30600,30251,30500,0.5556,stable,stable,dominant_stable,dominant_stable,0.0049,0.0000,-0.0049,persisted
rr_interval_4002_first_50000_001,225,250,30601,30825,30501,30750,0.6667,stable,stable,dominant_stable,dominant_stable,-0.0031,0.0080,-0.0049,persisted
rr_interval_4002_first_50000_001,225,250,30826,31050,30751,31000,0.7778,stable,stable,dominant_stable,dominant_stable,0.0009,0.0000,-0.0009,persisted
rr_interval_4002_first_50000_001,225,250,31051,31275,31001,31250,0.8889,stable,stable,dominant_stable,dominant_stable,0.0009,0.0000,-0.0009,persisted
rr_interval_4002_first_50000_001,225,250,31276,31500,31251,31500,1.0000,stable,stable,dominant_stable,dominant_stable,0.0013,-0.0009,-0.0004,persisted
rr_interval_4002_first_50000_001,225,250,31501,31725,31501,31750,1.0000,stable,stable,dominant_stable,dominant_stable,0.0000,0.0000,0.0000,persisted
rr_interval_4002_first_50000_001,225,250,31726,31950,31751,32000,0.8889,stable,stable,dominant_stable,dominant_stable,0.0004,0.0000,-0.0004,persisted
rr_interval_4002_first_50000_001,225,250,31951,32175,32001,32250,0.7778,stable,stable,dominant_stable,dominant_stable,0.0000,0.0000,0.0000,persisted
rr_interval_4002_first_50000_001,225,250,32176,32400,32251,32500,0.6667,stable,stable,dominant_stable,dominant_stable,0.0004,0.0000,-0.0004,persisted
rr_interval_4002_first_50000_001,225,250,32401,32625,32501,32750,0.5556,stable,stable,dominant_stable,dominant_stable,-0.0040,0.0000,0.0040,persisted
rr_interval_4002_first_50000_001,225,250,32626,32850,32501,32750,0.5556,stable,stable,dominant_stable,dominant_stable,0.0049,0.0000,-0.0049,persisted
rr_interval_4002_first_50000_001,225,250,32851,33075,32751,33000,0.6667,stable,stable,dominant_stable,dominant_stable,-0.0067,0.0031,0.0036,persisted
rr_interval_4002_first_50000_001,225,250,33076,33300,33001,33250,0.7778,stable,stable,dominant_stable,dominant_stable,-0.0027,0.0120,-0.0093,persisted
rr_interval_4002_first_50000_001,225,250,33301,33525,33251,33500,0.8889,stable,stable,dominant_stable,dominant_stable,-0.0031,0.0080,-0.0049,persisted
rr_interval_4002_first_50000_001,225,250,33526,33750,33501,33750,1.0000,stable,stable,dominant_stable,dominant_stable,0.0000,0.0000,0.0000,persisted
rr_interval_4002_first_50000_001,225,250,33751,33975,33751,34000,1.0000,stable,stable,dominant_stable,dominant_stable,0.0018,-0.0018,0.0000,persisted
rr_interval_4002_first_50000_001,225,250,33976,34200,34001,34250,0.8889,stable,stable,dominant_stable,dominant_stable,0.0000,0.0000,0.0000,persisted
rr_interval_4002_first_50000_001,225,250,34201,34425,34251,34500,0.7778,stable,stable,dominant_stable,dominant_stable,0.0004,0.0000,-0.0004,persisted
rr_interval_4002_first_50000_001,225,250,34426,34650,34501,34750,0.6667,stable,stable,dominant_stable,dominant_stable,0.0000,0.0000,0.0000,persisted
rr_interval_4002_first_50000_001,225,250,34651,34875,34751,35000,0.5556,stable,stable,dominant_stable,dominant_stable,0.0009,-0.0009,0.0000,persisted
rr_interval_4002_first_50000_001,225,250,34876,35100,34751,35000,0.5556,stable,stable,dominant_stable,dominant_stable,-0.0036,0.0080,-0.0044,persisted
rr_interval_4002_first_50000_001,225,250,35101,35325,35001,35250,0.6667,stable,stable,dominant_stable,dominant_stable,-0.0040,0.0000,0.0040,persisted
rr_interval_4002_first_50000_001,225,250,35326,35550,35251,35500,0.7778,stable,stable,dominant_stable,dominant_stable,0.0000,0.0000,0.0000,persisted
rr_interval_4002_first_50000_001,225,250,35551,35775,35501,35750,0.8889,stable,stable,dominant_stable,dominant_stable,0.0013,-0.0013,0.0000,persisted
rr_interval_4002_first_50000_001,225,250,35776,36000,35751,36000,1.0000,stable,stable,dominant_stable,dominant_stable,0.0018,-0.0013,-0.0004,persisted
rr_interval_4002_first_50000_001,225,250,36001,36225,36001,36250,1.0000,stable,stable,dominant_stable,dominant_stable,0.0004,0.0000,-0.0004,persisted
rr_interval_4002_first_50000_001,225,250,36226,36450,36251,36500,0.8889,stable,stable,dominant_stable,dominant_stable,0.0133,-0.0133,0.0000,persisted
rr_interval_4002_first_50000_001,225,250,36451,36675,36501,36750,0.7778,stable,stable,dominant_stable,dominant_stable,0.0044,0.0000,-0.0044,persisted
rr_interval_4002_first_50000_001,225,250,36676,36900,36751,37000,0.6667,stable,stable,dominant_stable,dominant_stable,0.0133,-0.0133,0.0000,persisted
rr_interval_4002_first_50000_001,225,250,36901,37125,37001,37250,0.5556,stable,stable,dominant_stable,dominant_stable,0.0009,-0.0009,0.0000,persisted
rr_interval_4002_first_50000_001,225,250,37126,37350,37001,37250,0.5556,stable,stable,dominant_stable,dominant_stable,0.0142,-0.0142,0.0000,persisted
rr_interval_4002_first_50000_001,225,250,37351,37575,37251,37500,0.6667,stable,stable,dominant_stable,dominant_stable,0.0000,0.0000,0.0000,persisted
rr_interval_4002_first_50000_001,225,250,37576,37800,37501,37750,0.7778,stable,stable,dominant_stable,dominant_stable,-0.0036,0.0000,0.0036,persisted
rr_interval_4002_first_50000_001,225,250,37801,38025,37751,38000,0.8889,stable,stable,dominant_stable,dominant_stable,0.0022,-0.0022,0.0000,persisted
rr_interval_4002_first_50000_001,225,250,38026,38250,38001,38250,1.0000,stable,stable,dominant_stable,dominant_stable,0.0013,-0.0013,0.0000,persisted
rr_interval_4002_first_50000_001,225,250,38251,38475,38251,38500,1.0000,stable,stable,dominant_stable,dominant_stable,0.0031,-0.0031,0.0000,persisted
rr_interval_4002_first_50000_001,225,250,38476,38700,38501,38750,0.8889,stable,stable,dominant_stable,dominant_stable,0.0000,0.0000,0.0000,persisted
rr_interval_4002_first_50000_001,225,250,38701,38925,38751,39000,0.7778,stable,stable,dominant_stable,dominant_stable,0.0000,0.0000,0.0000,persisted
rr_interval_4002_first_50000_001,225,250,38926,39150,39001,39250,0.6667,stable,stable,dominant_stable,dominant_stable,0.0044,0.0000,-0.0044,persisted
rr_interval_4002_first_50000_001,225,250,39151,39375,39251,39500,0.5556,stable,stable,dominant_stable,dominant_stable,-0.0080,0.0080,0.0000,persisted
rr_interval_4002_first_50000_001,225,250,39376,39600,39251,39500,0.5556,stable,stable,dominant_stable,dominant_stable,0.0053,-0.0053,0.0000,persisted
rr_interval_4002_first_50000_001,225,250,39601,39825,39501,39750,0.6667,stable,stable,dominant_stable,dominant_stable,0.0004,0.0000,-0.0004,persisted
rr_interval_4002_first_50000_001,225,250,39826,40050,39751,40000,0.7778,stable,stable,dominant_stable,dominant_stable,-0.0156,0.0120,0.0036,persisted
rr_interval_4002_first_50000_001,225,250,40051,40275,40001,40250,0.8889,stable,stable,dominant_stable,dominant_stable,0.0009,0.0000,-0.0009,persisted
rr_interval_4002_first_50000_001,225,250,40276,40500,40251,40500,1.0000,stable,stable,dominant_stable,dominant_stable,0.0031,-0.0027,-0.0004,persisted
rr_interval_4002_first_50000_001,225,250,40501,40725,40501,40750,1.0000,stable,stable,dominant_stable,dominant_stable,-0.0027,-0.0013,0.0040,persisted
rr_interval_4002_first_50000_001,225,250,40726,40950,40751,41000,0.8889,stable,stable,dominant_stable,dominant_stable,0.0000,0.0000,0.0000,persisted
rr_interval_4002_first_50000_001,225,250,40951,41175,41001,41250,0.7778,stable,stable,dominant_stable,dominant_stable,-0.0080,0.0080,0.0000,persisted
rr_interval_4002_first_50000_001,225,250,41176,41400,41251,41500,0.6667,stable,stable,dominant_stable,dominant_stable,0.0089,-0.0089,0.0000,persisted
rr_interval_4002_first_50000_001,225,250,41401,41625,41501,41750,0.5556,stable,stable,dominant_stable,dominant_stable,0.0004,0.0000,-0.0004,persisted
rr_interval_4002_first_50000_001,225,250,41626,41850,41501,41750,0.5556,stable,stable,dominant_stable,dominant_stable,0.0138,-0.0133,-0.0004,persisted
rr_interval_4002_first_50000_001,225,250,41851,42075,41751,42000,0.6667,stable,stable,dominant_stable,dominant_stable,-0.0080,0.0080,0.0000,persisted
rr_interval_4002_first_50000_001,225,250,42076,42300,42001,42250,0.7778,stable,stable,dominant_stable,dominant_stable,0.0009,0.0000,-0.0009,persisted
rr_interval_4002_first_50000_001,225,250,42301,42525,42251,42500,0.8889,stable,stable,dominant_stable,dominant_stable,0.0004,0.0000,-0.0004,persisted
rr_interval_4002_first_50000_001,225,250,42526,42750,42501,42750,1.0000,stable,stable,dominant_stable,dominant_stable,0.0138,-0.0133,-0.0004,persisted
rr_interval_4002_first_50000_001,225,250,42751,42975,42751,43000,1.0000,stable,stable,dominant_stable,dominant_stable,0.0018,-0.0013,-0.0004,persisted
rr_interval_4002_first_50000_001,225,250,42976,43200,43001,43250,0.8889,stable,stable,dominant_stable,dominant_stable,0.0133,-0.0133,0.0000,persisted
rr_interval_4002_first_50000_001,225,250,43201,43425,43251,43500,0.7778,stable,stable,dominant_stable,dominant_stable,-0.0080,0.0080,0.0000,persisted
rr_interval_4002_first_50000_001,225,250,43426,43650,43501,43750,0.6667,stable,stable,dominant_stable,dominant_stable,0.0013,-0.0009,-0.0004,persisted
rr_interval_4002_first_50000_001,225,250,43651,43875,43751,44000,0.5556,stable,stable,dominant_stable,dominant_stable,0.0044,0.0000,-0.0044,persisted
rr_interval_4002_first_50000_001,225,250,43876,44100,43751,44000,0.5556,stable,stable,dominant_stable,dominant_stable,0.0000,0.0000,0.0000,persisted
rr_interval_4002_first_50000_001,225,250,44101,44325,44001,44250,0.6667,stable,stable,dominant_stable,dominant_stable,-0.0111,0.0120,-0.0009,persisted
rr_interval_4002_first_50000_001,225,250,44326,44550,44251,44500,0.7778,stable,stable,dominant_stable,dominant_stable,-0.0080,0.0080,0.0000,persisted
rr_interval_4002_first_50000_001,225,250,44551,44775,44501,44750,0.8889,stable,stable,dominant_stable,dominant_stable,0.0000,0.0000,0.0000,persisted
rr_interval_4002_first_50000_001,225,250,44776,45000,44751,45000,1.0000,stable,stable,dominant_stable,dominant_stable,0.0000,0.0000,0.0000,persisted
rr_interval_4002_first_50000_001,225,250,45001,45225,45001,45250,1.0000,stable,stable,dominant_stable,dominant_stable,0.0004,0.0000,-0.0004,persisted
rr_interval_4002_first_50000_001,225,250,45226,45450,45251,45500,0.8889,stable,stable,dominant_stable,dominant_stable,0.0000,0.0000,0.0000,persisted
rr_interval_4002_first_50000_001,225,250,45451,45675,45501,45750,0.7778,stable,stable,dominant_stable,dominant_stable,-0.0040,0.0000,0.0040,persisted
rr_interval_4002_first_50000_001,225,250,45676,45900,45751,46000,0.6667,stable,stable,dominant_stable,dominant_stable,-0.0040,0.0000,0.0040,persisted
rr_interval_4002_first_50000_001,225,250,45901,46125,46001,46250,0.5556,stable,stable,dominant_stable,dominant_stable,-0.0102,0.0107,-0.0004,persisted
rr_interval_4002_first_50000_001,225,250,46126,46350,46001,46250,0.5556,stable,stable,dominant_stable,dominant_stable,-0.0280,0.0240,0.0040,persisted
rr_interval_4002_first_50000_001,225,250,46351,46575,46251,46500,0.6667,stable,stable,dominant_stable,dominant_stable,0.0004,0.0000,-0.0004,persisted
rr_interval_4002_first_50000_001,225,250,46576,46800,46501,46750,0.7778,stable,stable,dominant_stable,dominant_stable,-0.0027,0.0027,0.0000,persisted
rr_interval_4002_first_50000_001,225,250,46801,47025,46751,47000,0.8889,stable,stable,dominant_stable,dominant_stable,0.0089,-0.0089,0.0000,persisted
rr_interval_4002_first_50000_001,225,250,47026,47250,47001,47250,1.0000,stable,stable,dominant_stable,dominant_stable,0.0004,0.0000,-0.0004,persisted
rr_interval_4002_first_50000_001,225,250,47251,47475,47251,47500,1.0000,stable,stable,dominant_stable,dominant_stable,-0.0160,0.0120,0.0040,persisted
rr_interval_4002_first_50000_001,225,250,47476,47700,47501,47750,0.8889,stable,stable,dominant_stable,dominant_stable,0.0004,0.0000,-0.0004,persisted
rr_interval_4002_first_50000_001,225,250,47701,47925,47751,48000,0.7778,stable,stable,dominant_stable,dominant_stable,-0.0111,0.0111,0.0000,persisted
rr_interval_4002_first_50000_001,225,250,47926,48150,48001,48250,0.6667,stable,stable,dominant_stable,dominant_stable,0.0000,0.0000,0.0000,persisted
rr_interval_4002_first_50000_001,225,250,48151,48375,48251,48500,0.5556,stable,stable,dominant_stable,dominant_stable,0.0013,-0.0013,0.0000,persisted
rr_interval_4002_first_50000_001,225,250,48376,48600,48251,48500,0.5556,stable,stable,dominant_stable,dominant_stable,0.0058,-0.0013,-0.0044,persisted
rr_interval_4002_first_50000_001,225,250,48601,48825,48501,48750,0.6667,stable,stable,dominant_stable,dominant_stable,-0.0031,-0.0009,0.0040,persisted
rr_interval_4002_first_50000_001,225,250,48826,49050,48751,49000,0.7778,stable,stable,dominant_stable,dominant_stable,0.0004,0.0000,-0.0004,persisted
rr_interval_4002_first_50000_001,225,250,49051,49275,49001,49250,0.8889,stable,stable,dominant_stable,dominant_stable,0.0000,0.0000,0.0000,persisted
rr_interval_4002_first_50000_001,225,250,49276,49500,49251,49500,1.0000,stable,stable,dominant_stable,dominant_stable,0.0000,0.0000,0.0000,persisted
rr_interval_4002_first_50000_001,225,250,49501,49725,49501,49750,1.0000,stable,stable,dominant_stable,dominant_stable,-0.0031,0.0080,-0.0049,persisted
rr_interval_4002_first_50000_001,225,250,49726,49950,49751,50000,0.8889,stable,stable,dominant_stable,dominant_stable,0.0000,0.0000,0.0000,persisted
rr_interval_4002_first_50000_001,225,250,49951,50000,49751,50000,1.0000,stable,stable,dominant_stable,dominant_stable,0.1200,-0.1000,-0.0200,persisted
rr_interval_4002_first_50000_001,250,300,1,250,1,300,1.0000,stable,stable,dominant_stable,dominant_stable,0.0027,-0.0020,-0.0007,persisted
rr_interval_4002_first_50000_001,250,300,251,500,301,600,0.8000,stable,stable,dominant_stable,dominant_stable,-0.0033,0.0000,0.0033,persisted
rr_interval_4002_first_50000_001,250,300,501,750,601,900,0.6000,stable,stable,dominant_stable,dominant_stable,-0.0100,0.0100,0.0000,persisted
rr_interval_4002_first_50000_001,250,300,751,1000,601,900,0.6000,stable,stable,dominant_stable,dominant_stable,-0.0100,0.0100,0.0000,persisted
rr_interval_4002_first_50000_001,250,300,1001,1250,901,1200,0.8000,stable,stable,dominant_stable,dominant_stable,0.0000,0.0000,0.0000,persisted
rr_interval_4002_first_50000_001,250,300,1251,1500,1201,1500,1.0000,stable,stable,dominant_stable,dominant_stable,0.0200,-0.0200,0.0000,persisted
rr_interval_4002_first_50000_001,250,300,1501,1750,1501,1800,1.0000,stable,stable,dominant_stable,dominant_stable,0.0007,0.0000,-0.0007,persisted
rr_interval_4002_first_50000_001,250,300,1751,2000,1801,2100,0.8000,stable,stable,dominant_stable,dominant_stable,0.0053,-0.0053,0.0000,persisted
rr_interval_4002_first_50000_001,250,300,2001,2250,2101,2400,0.6000,stable,stable,dominant_stable,dominant_stable,0.0160,-0.0160,0.0000,persisted
rr_interval_4002_first_50000_001,250,300,2251,2500,2101,2400,0.6000,stable,stable,dominant_stable,dominant_stable,0.0120,-0.0120,0.0000,persisted
rr_interval_4002_first_50000_001,250,300,2501,2750,2401,2700,0.8000,stable,stable,dominant_stable,dominant_stable,0.0020,-0.0013,-0.0007,persisted
rr_interval_4002_first_50000_001,250,300,2751,3000,2701,3000,1.0000,stable,stable,dominant_stable,dominant_stable,0.0020,-0.0020,0.0000,persisted
rr_interval_4002_first_50000_001,250,300,3001,3250,3001,3300,1.0000,stable,stable,dominant_stable,dominant_stable,0.0040,-0.0040,0.0000,persisted
rr_interval_4002_first_50000_001,250,300,3251,3500,3301,3600,0.8000,stable,stable,dominant_stable,dominant_stable,0.0007,0.0000,-0.0007,persisted
rr_interval_4002_first_50000_001,250,300,3501,3750,3601,3900,0.6000,stable,stable,dominant_stable,dominant_stable,0.0207,-0.0240,0.0033,persisted
rr_interval_4002_first_50000_001,250,300,3751,4000,3601,3900,0.6000,stable,stable,dominant_stable,dominant_stable,-0.0033,0.0000,0.0033,persisted
rr_interval_4002_first_50000_001,250,300,4001,4250,3901,4200,0.8000,stable,stable,dominant_stable,dominant_stable,0.0040,0.0000,-0.0040,persisted
rr_interval_4002_first_50000_001,250,300,4251,4500,4201,4500,1.0000,stable,stable,dominant_stable,dominant_stable,0.0027,-0.0020,-0.0007,persisted
rr_interval_4002_first_50000_001,250,300,4501,4750,4501,4800,1.0000,stable,stable,dominant_stable,dominant_stable,0.0013,-0.0013,0.0000,persisted
rr_interval_4002_first_50000_001,250,300,4751,5000,4801,5100,0.8000,stable,stable,dominant_stable,dominant_stable,-0.0033,0.0000,0.0033,persisted
rr_interval_4002_first_50000_001,250,300,5001,5250,5101,5400,0.6000,stable,stable,dominant_stable,dominant_stable,-0.0100,0.0100,0.0000,persisted
rr_interval_4002_first_50000_001,250,300,5251,5500,5101,5400,0.6000,stable,stable,dominant_stable,dominant_stable,0.0020,-0.0020,0.0000,persisted
rr_interval_4002_first_50000_001,250,300,5501,5750,5401,5700,0.8000,stable,stable,dominant_stable,dominant_stable,0.0120,-0.0120,0.0000,persisted
rr_interval_4002_first_50000_001,250,300,5751,6000,5701,6000,1.0000,stable,stable,dominant_stable,dominant_stable,0.0000,0.0000,0.0000,persisted
rr_interval_4002_first_50000_001,250,300,6001,6250,6001,6300,1.0000,stable,stable,dominant_stable,dominant_stable,0.0000,0.0000,0.0000,persisted
rr_interval_4002_first_50000_001,250,300,6251,6500,6301,6600,0.8000,stable,stable,dominant_stable,dominant_stable,0.0000,0.0000,0.0000,persisted
rr_interval_4002_first_50000_001,250,300,6501,6750,6601,6900,0.6000,stable,stable,dominant_stable,dominant_stable,-0.0020,0.0020,0.0000,persisted
rr_interval_4002_first_50000_001,250,300,6751,7000,6601,6900,0.6000,stable,stable,dominant_stable,dominant_stable,-0.0020,0.0020,0.0000,persisted
rr_interval_4002_first_50000_001,250,300,7001,7250,6901,7200,0.8000,stable,stable,dominant_stable,dominant_stable,0.0120,-0.0120,0.0000,persisted
rr_interval_4002_first_50000_001,250,300,7251,7500,7201,7500,1.0000,stable,stable,dominant_stable,dominant_stable,0.0027,-0.0020,-0.0007,persisted
rr_interval_4002_first_50000_001,250,300,7501,7750,7501,7800,1.0000,stable,stable,dominant_stable,dominant_stable,0.0000,0.0000,0.0000,persisted
rr_interval_4002_first_50000_001,250,300,7751,8000,7801,8100,0.8000,stable,stable,dominant_stable,dominant_stable,0.0040,-0.0040,0.0000,persisted
rr_interval_4002_first_50000_001,250,300,8001,8250,8101,8400,0.6000,stable,stable,dominant_stable,dominant_stable,-0.0087,0.0053,0.0033,persisted
rr_interval_4002_first_50000_001,250,300,8251,8500,8101,8400,0.6000,stable,stable,dominant_stable,dominant_stable,-0.0047,0.0053,-0.0007,persisted
rr_interval_4002_first_50000_001,250,300,8501,8750,8401,8700,0.8000,stable,stable,dominant_stable,dominant_stable,0.0000,0.0000,0.0000,persisted
rr_interval_4002_first_50000_001,250,300,8751,9000,8701,9000,1.0000,stable,stable,dominant_stable,dominant_stable,0.0007,0.0000,-0.0007,persisted
rr_interval_4002_first_50000_001,250,300,9001,9250,9001,9300,1.0000,stable,stable,dominant_stable,dominant_stable,0.0013,0.0000,-0.0013,persisted
rr_interval_4002_first_50000_001,250,300,9251,9500,9301,9600,0.8000,stable,stable,dominant_stable,dominant_stable,0.0007,0.0000,-0.0007,persisted
rr_interval_4002_first_50000_001,250,300,9501,9750,9601,9900,0.6000,stable,stable,dominant_stable,dominant_stable,-0.0013,0.0020,-0.0007,persisted
rr_interval_4002_first_50000_001,250,300,9751,10000,9601,9900,0.6000,stable,stable,dominant_stable,dominant_stable,-0.0053,0.0100,-0.0047,persisted
rr_interval_4002_first_50000_001,250,300,10001,10250,9901,10200,0.8000,stable,stable,dominant_stable,dominant_stable,-0.0027,0.0000,0.0027,persisted
rr_interval_4002_first_50000_001,250,300,10251,10500,10201,10500,1.0000,stable,stable,dominant_stable,dominant_stable,0.0033,-0.0033,0.0000,persisted
rr_interval_4002_first_50000_001,250,300,10501,10750,10501,10800,1.0000,stable,stable,dominant_stable,dominant_stable,-0.0027,0.0067,-0.0040,persisted
rr_interval_4002_first_50000_001,250,300,10751,11000,10801,11100,0.8000,stable,stable,dominant_stable,dominant_stable,0.0033,-0.0033,0.0000,persisted
rr_interval_4002_first_50000_001,250,300,11001,11250,11101,11400,0.6000,stable,stable,dominant_stable,dominant_stable,-0.0033,0.0000,0.0033,persisted
rr_interval_4002_first_50000_001,250,300,11251,11500,11101,11400,0.6000,stable,stable,dominant_stable,dominant_stable,-0.0033,0.0000,0.0033,persisted
rr_interval_4002_first_50000_001,250,300,11501,11750,11401,11700,0.8000,stable,stable,dominant_stable,dominant_stable,0.0020,-0.0020,0.0000,persisted
rr_interval_4002_first_50000_001,250,300,11751,12000,11701,12000,1.0000,stable,stable,dominant_stable,dominant_stable,0.0000,0.0000,0.0000,persisted
rr_interval_4002_first_50000_001,250,300,12001,12250,12001,12300,1.0000,stable,stable,dominant_stable,dominant_stable,-0.0100,0.0100,0.0000,persisted
rr_interval_4002_first_50000_001,250,300,12251,12500,12301,12600,0.8000,stable,stable,dominant_stable,dominant_stable,-0.0100,0.0100,0.0000,persisted
rr_interval_4002_first_50000_001,250,300,12501,12750,12601,12900,0.6000,stable,stable,dominant_stable,dominant_stable,0.0007,0.0000,-0.0007,persisted
rr_interval_4002_first_50000_001,250,300,12751,13000,12601,12900,0.6000,stable,stable,dominant_stable,dominant_stable,-0.0033,0.0000,0.0033,persisted
rr_interval_4002_first_50000_001,250,300,13001,13250,12901,13200,0.8000,stable,stable,dominant_stable,dominant_stable,0.0000,0.0000,0.0000,persisted
rr_interval_4002_first_50000_001,250,300,13251,13500,13201,13500,1.0000,stable,stable,dominant_stable,dominant_stable,0.0020,0.0020,-0.0040,persisted
rr_interval_4002_first_50000_001,250,300,13501,13750,13501,13800,1.0000,stable,stable,dominant_stable,dominant_stable,0.0000,0.0000,0.0000,persisted
rr_interval_4002_first_50000_001,250,300,13751,14000,13801,14100,0.8000,stable,stable,dominant_stable,dominant_stable,0.0000,0.0000,0.0000,persisted
rr_interval_4002_first_50000_001,250,300,14001,14250,14101,14400,0.6000,stable,stable,dominant_stable,dominant_stable,-0.0233,0.0233,0.0000,persisted
rr_interval_4002_first_50000_001,250,300,14251,14500,14101,14400,0.6000,stable,stable,dominant_stable,dominant_stable,-0.0113,0.0233,-0.0120,persisted
rr_interval_4002_first_50000_001,250,300,14501,14750,14401,14700,0.8000,stable,stable,dominant_stable,dominant_stable,0.0053,-0.0013,-0.0040,persisted
rr_interval_4002_first_50000_001,250,300,14751,15000,14701,15000,1.0000,stable,stable,dominant_stable,dominant_stable,0.0013,-0.0013,0.0000,persisted
rr_interval_4002_first_50000_001,250,300,15001,15250,15001,15300,1.0000,stable,stable,dominant_stable,dominant_stable,-0.0067,0.0067,0.0000,persisted
rr_interval_4002_first_50000_001,250,300,15251,15500,15301,15600,0.8000,stable,stable,dominant_stable,dominant_stable,-0.0047,0.0087,-0.0040,persisted
rr_interval_4002_first_50000_001,250,300,15501,15750,15601,15900,0.6000,stable,stable,dominant_stable,dominant_stable,0.0040,0.0000,-0.0040,persisted
rr_interval_4002_first_50000_001,250,300,15751,16000,15601,15900,0.6000,stable,stable,dominant_stable,dominant_stable,0.0000,0.0000,0.0000,persisted
rr_interval_4002_first_50000_001,250,300,16001,16250,15901,16200,0.8000,stable,stable,dominant_stable,dominant_stable,-0.0067,0.0000,0.0067,persisted
rr_interval_4002_first_50000_001,250,300,16251,16500,16201,16500,1.0000,stable,stable,dominant_stable,dominant_stable,0.0000,0.0000,0.0000,persisted
rr_interval_4002_first_50000_001,250,300,16501,16750,16501,16800,1.0000,stable,stable,dominant_stable,dominant_stable,0.0160,-0.0080,-0.0080,persisted
rr_interval_4002_first_50000_001,250,300,16751,17000,16801,17100,0.8000,stable,stable,dominant_stable,dominant_stable,0.0080,-0.0080,0.0000,persisted
rr_interval_4002_first_50000_001,250,300,17001,17250,17101,17400,0.6000,stable,stable,dominant_stable,dominant_stable,0.0000,0.0000,0.0000,persisted
rr_interval_4002_first_50000_001,250,300,17251,17500,17101,17400,0.6000,stable,stable,dominant_stable,dominant_stable,0.0080,0.0000,-0.0080,persisted
rr_interval_4002_first_50000_001,250,300,17501,17750,17401,17700,0.8000,stable,stable,dominant_stable,dominant_stable,-0.0033,0.0000,0.0033,persisted
rr_interval_4002_first_50000_001,250,300,17751,18000,17701,18000,1.0000,stable,stable,dominant_stable,dominant_stable,0.0000,0.0000,0.0000,persisted
rr_interval_4002_first_50000_001,250,300,18001,18250,18001,18300,1.0000,stable,stable,dominant_stable,dominant_stable,0.0007,0.0000,-0.0007,persisted
rr_interval_4002_first_50000_001,250,300,18251,18500,18301,18600,0.8000,stable,stable,dominant_stable,dominant_stable,0.0020,-0.0020,0.0000,persisted
rr_interval_4002_first_50000_001,250,300,18501,18750,18601,18900,0.6000,stable,stable,dominant_stable,dominant_stable,-0.0067,0.0067,0.0000,persisted
rr_interval_4002_first_50000_001,250,300,18751,19000,18601,18900,0.6000,stable,stable,dominant_stable,dominant_stable,0.0053,-0.0053,0.0000,persisted
rr_interval_4002_first_50000_001,250,300,19001,19250,18901,19200,0.8000,stable,stable,dominant_stable,dominant_stable,0.0053,-0.0053,0.0000,persisted
rr_interval_4002_first_50000_001,250,300,19251,19500,19201,19500,1.0000,stable,stable,dominant_stable,dominant_stable,-0.0167,0.0100,0.0067,persisted
rr_interval_4002_first_50000_001,250,300,19501,19750,19501,19800,1.0000,stable,stable,dominant_stable,dominant_stable,0.0033,-0.0027,-0.0007,persisted
rr_interval_4002_first_50000_001,250,300,19751,20000,19801,20100,0.8000,stable,stable,dominant_stable,dominant_stable,0.0320,-0.0320,0.0000,persisted
rr_interval_4002_first_50000_001,250,300,20001,20250,20101,20400,0.6000,stable,stable,dominant_stable,dominant_stable,0.0120,-0.0120,0.0000,persisted
rr_interval_4002_first_50000_001,250,300,20251,20500,20101,20400,0.6000,stable,stable,dominant_stable,dominant_stable,0.0000,0.0000,0.0000,persisted
rr_interval_4002_first_50000_001,250,300,20501,20750,20401,20700,0.8000,stable,stable,dominant_stable,dominant_stable,0.0053,-0.0053,0.0000,persisted
rr_interval_4002_first_50000_001,250,300,20751,21000,20701,21000,1.0000,stable,stable,dominant_stable,dominant_stable,0.0020,-0.0020,0.0000,persisted
rr_interval_4002_first_50000_001,250,300,21001,21250,21001,21300,1.0000,stable,stable,dominant_stable,dominant_stable,0.0033,-0.0033,0.0000,persisted
rr_interval_4002_first_50000_001,250,300,21251,21500,21301,21600,0.8000,stable,stable,dominant_stable,dominant_stable,0.0040,0.0000,-0.0040,persisted
rr_interval_4002_first_50000_001,250,300,21501,21750,21601,21900,0.6000,stable,stable,dominant_stable,dominant_stable,0.0000,0.0000,0.0000,persisted
rr_interval_4002_first_50000_001,250,300,21751,22000,21601,21900,0.6000,stable,stable,dominant_stable,dominant_stable,0.0000,0.0000,0.0000,persisted
rr_interval_4002_first_50000_001,250,300,22001,22250,21901,22200,0.8000,stable,stable,dominant_stable,dominant_stable,0.0000,0.0000,0.0000,persisted
rr_interval_4002_first_50000_001,250,300,22251,22500,22201,22500,1.0000,stable,stable,dominant_stable,dominant_stable,0.0000,0.0000,0.0000,persisted
rr_interval_4002_first_50000_001,250,300,22501,22750,22501,22800,1.0000,stable,stable,dominant_stable,dominant_stable,0.0000,0.0000,0.0000,persisted
rr_interval_4002_first_50000_001,250,300,22751,23000,22801,23100,0.8000,stable,stable,dominant_stable,dominant_stable,-0.0033,0.0000,0.0033,persisted
rr_interval_4002_first_50000_001,250,300,23001,23250,23101,23400,0.6000,stable,stable,dominant_stable,dominant_stable,0.0007,0.0000,-0.0007,persisted
rr_interval_4002_first_50000_001,250,300,23251,23500,23101,23400,0.6000,stable,stable,dominant_stable,dominant_stable,0.0047,-0.0080,0.0033,persisted
rr_interval_4002_first_50000_001,250,300,23501,23750,23401,23700,0.8000,stable,stable,dominant_stable,dominant_stable,0.0000,0.0000,0.0000,persisted
rr_interval_4002_first_50000_001,250,300,23751,24000,23701,24000,1.0000,stable,stable,dominant_stable,dominant_stable,-0.0060,0.0100,-0.0040,persisted
rr_interval_4002_first_50000_001,250,300,24001,24250,24001,24300,1.0000,stable,stable,dominant_stable,dominant_stable,0.0000,0.0000,0.0000,persisted
rr_interval_4002_first_50000_001,250,300,24251,24500,24301,24600,0.8000,stable,stable,dominant_stable,dominant_stable,-0.0100,0.0100,0.0000,persisted
rr_interval_4002_first_50000_001,250,300,24501,24750,24601,24900,0.6000,stable,stable,dominant_stable,dominant_stable,0.0127,-0.0120,-0.0007,persisted
rr_interval_4002_first_50000_001,250,300,24751,25000,24601,24900,0.6000,stable,stable,dominant_stable,dominant_stable,0.0047,-0.0080,0.0033,persisted
rr_interval_4002_first_50000_001,250,300,25001,25250,24901,25200,0.8000,stable,stable,dominant_stable,dominant_stable,-0.0180,0.0220,-0.0040,persisted
rr_interval_4002_first_50000_001,250,300,25251,25500,25201,25500,1.0000,stable,stable,dominant_stable,dominant_stable,-0.0027,0.0067,-0.0040,persisted
rr_interval_4002_first_50000_001,250,300,25501,25750,25501,25800,1.0000,stable,stable,dominant_stable,dominant_stable,-0.0040,0.0087,-0.0047,persisted
rr_interval_4002_first_50000_001,250,300,25751,26000,25801,26100,0.8000,stable,stable,dominant_stable,dominant_stable,0.0100,-0.0093,-0.0007,persisted
rr_interval_4002_first_50000_001,250,300,26001,26250,26101,26400,0.6000,stable,stable,dominant_stable,dominant_stable,0.0093,0.0067,-0.0160,persisted
rr_interval_4002_first_50000_001,250,300,26251,26500,26101,26400,0.6000,stable,stable,dominant_stable,dominant_stable,0.0053,-0.0053,0.0000,persisted
rr_interval_4002_first_50000_001,250,300,26501,26750,26401,26700,0.8000,stable,stable,dominant_stable,dominant_stable,0.0000,0.0000,0.0000,persisted
rr_interval_4002_first_50000_001,250,300,26751,27000,26701,27000,1.0000,stable,stable,dominant_stable,dominant_stable,0.0000,0.0000,0.0000,persisted
rr_interval_4002_first_50000_001,250,300,27001,27250,27001,27300,1.0000,stable,stable,dominant_stable,dominant_stable,0.0000,0.0000,0.0000,persisted
rr_interval_4002_first_50000_001,250,300,27251,27500,27301,27600,0.8000,stable,stable,dominant_stable,dominant_stable,0.0060,-0.0060,0.0000,persisted
rr_interval_4002_first_50000_001,250,300,27501,27750,27601,27900,0.6000,stable,stable,dominant_stable,dominant_stable,-0.0013,-0.0013,0.0027,persisted
rr_interval_4002_first_50000_001,250,300,27751,28000,27601,27900,0.6000,stable,stable,dominant_stable,dominant_stable,-0.0053,-0.0013,0.0067,persisted
rr_interval_4002_first_50000_001,250,300,28001,28250,27901,28200,0.8000,stable,stable,dominant_stable,dominant_stable,0.0240,-0.0200,-0.0040,persisted
rr_interval_4002_first_50000_001,250,300,28251,28500,28201,28500,1.0000,stable,stable,dominant_stable,dominant_stable,-0.0013,-0.0020,0.0033,persisted
rr_interval_4002_first_50000_001,250,300,28501,28750,28501,28800,1.0000,stable,stable,dominant_stable,dominant_stable,0.0020,-0.0020,0.0000,persisted
rr_interval_4002_first_50000_001,250,300,28751,29000,28801,29100,0.8000,stable,stable,dominant_stable,dominant_stable,0.0000,0.0000,0.0000,persisted
rr_interval_4002_first_50000_001,250,300,29001,29250,29101,29400,0.6000,stable,stable,dominant_stable,dominant_stable,-0.0133,0.0100,0.0033,persisted
rr_interval_4002_first_50000_001,250,300,29251,29500,29101,29400,0.6000,stable,stable,dominant_stable,dominant_stable,-0.0093,0.0100,-0.0007,persisted
rr_interval_4002_first_50000_001,250,300,29501,29750,29401,29700,0.8000,stable,stable,dominant_stable,dominant_stable,-0.0107,0.0040,0.0067,persisted
rr_interval_4002_first_50000_001,250,300,29751,30000,29701,30000,1.0000,stable,stable,dominant_stable,dominant_stable,0.0087,-0.0120,0.0033,persisted
rr_interval_4002_first_50000_001,250,300,30001,30250,30001,30300,1.0000,stable,stable,dominant_stable,dominant_stable,0.0020,-0.0020,0.0000,persisted
rr_interval_4002_first_50000_001,250,300,30251,30500,30301,30600,0.8000,stable,stable,dominant_stable,dominant_stable,-0.0027,0.0000,0.0027,persisted
rr_interval_4002_first_50000_001,250,300,30501,30750,30601,30900,0.6000,stable,stable,dominant_stable,dominant_stable,-0.0013,0.0020,-0.0007,persisted
rr_interval_4002_first_50000_001,250,300,30751,31000,30601,30900,0.6000,stable,stable,dominant_stable,dominant_stable,-0.0053,0.0100,-0.0047,persisted
rr_interval_4002_first_50000_001,250,300,31001,31250,30901,31200,0.8000,stable,stable,dominant_stable,dominant_stable,-0.0020,0.0067,-0.0047,persisted
rr_interval_4002_first_50000_001,250,300,31251,31500,31201,31500,1.0000,stable,stable,dominant_stable,dominant_stable,0.0020,-0.0013,-0.0007,persisted
rr_interval_4002_first_50000_001,250,300,31501,31750,31501,31800,1.0000,stable,stable,dominant_stable,dominant_stable,0.0000,0.0000,0.0000,persisted
rr_interval_4002_first_50000_001,250,300,31751,32000,31801,32100,0.8000,stable,stable,dominant_stable,dominant_stable,0.0007,0.0000,-0.0007,persisted
rr_interval_4002_first_50000_001,250,300,32001,32250,32101,32400,0.6000,stable,stable,dominant_stable,dominant_stable,-0.0033,0.0000,0.0033,persisted
rr_interval_4002_first_50000_001,250,300,32251,32500,32101,32400,0.6000,stable,stable,dominant_stable,dominant_stable,0.0007,0.0000,-0.0007,persisted
rr_interval_4002_first_50000_001,250,300,32501,32750,32401,32700,0.8000,stable,stable,dominant_stable,dominant_stable,0.0007,0.0000,-0.0007,persisted
rr_interval_4002_first_50000_001,250,300,32751,33000,32701,33000,1.0000,stable,stable,dominant_stable,dominant_stable,0.0033,-0.0020,-0.0013,persisted
rr_interval_4002_first_50000_001,250,300,33001,33250,33001,33300,1.0000,stable,stable,dominant_stable,dominant_stable,0.0027,-0.0020,-0.0007,persisted
rr_interval_4002_first_50000_001,250,300,33251,33500,33301,33600,0.8000,stable,stable,dominant_stable,dominant_stable,-0.0013,0.0020,-0.0007,persisted
rr_interval_4002_first_50000_001,250,300,33501,33750,33601,33900,0.6000,stable,stable,dominant_stable,dominant_stable,0.0000,0.0000,0.0000,persisted
rr_interval_4002_first_50000_001,250,300,33751,34000,33601,33900,0.6000,stable,stable,dominant_stable,dominant_stable,0.0160,-0.0160,0.0000,persisted
rr_interval_4002_first_50000_001,250,300,34001,34250,33901,34200,0.8000,stable,stable,dominant_stable,dominant_stable,0.0000,0.0000,0.0000,persisted
rr_interval_4002_first_50000_001,250,300,34251,34500,34201,34500,1.0000,stable,stable,dominant_stable,dominant_stable,0.0007,0.0000,-0.0007,persisted
rr_interval_4002_first_50000_001,250,300,34501,34750,34501,34800,1.0000,stable,stable,dominant_stable,dominant_stable,-0.0067,0.0067,0.0000,persisted
rr_interval_4002_first_50000_001,250,300,34751,35000,34801,35100,0.8000,stable,stable,dominant_stable,dominant_stable,0.0047,-0.0080,0.0033,persisted
rr_interval_4002_first_50000_001,250,300,35001,35250,35101,35400,0.6000,stable,stable,dominant_stable,dominant_stable,0.0040,0.0000,-0.0040,persisted
rr_interval_4002_first_50000_001,250,300,35251,35500,35101,35400,0.6000,stable,stable,dominant_stable,dominant_stable,0.0000,0.0000,0.0000,persisted
rr_interval_4002_first_50000_001,250,300,35501,35750,35401,35700,0.8000,stable,stable,dominant_stable,dominant_stable,0.0120,-0.0120,0.0000,persisted
rr_interval_4002_first_50000_001,250,300,35751,36000,35701,36000,1.0000,stable,stable,dominant_stable,dominant_stable,0.0027,-0.0020,-0.0007,persisted
rr_interval_4002_first_50000_001,250,300,36001,36250,36001,36300,1.0000,stable,stable,dominant_stable,dominant_stable,-0.0027,0.0067,-0.0040,persisted
rr_interval_4002_first_50000_001,250,300,36251,36500,36301,36600,0.8000,stable,stable,dominant_stable,dominant_stable,0.0000,0.0000,0.0000,persisted
rr_interval_4002_first_50000_001,250,300,36501,36750,36601,36900,0.6000,stable,stable,dominant_stable,dominant_stable,-0.0100,0.0100,0.0000,persisted
rr_interval_4002_first_50000_001,250,300,36751,37000,36601,36900,0.6000,stable,stable,dominant_stable,dominant_stable,-0.0100,0.0100,0.0000,persisted
rr_interval_4002_first_50000_001,250,300,37001,37250,36901,37200,0.8000,stable,stable,dominant_stable,dominant_stable,0.0013,-0.0013,0.0000,persisted
rr_interval_4002_first_50000_001,250,300,37251,37500,37201,37500,1.0000,stable,stable,dominant_stable,dominant_stable,0.0000,0.0000,0.0000,persisted
rr_interval_4002_first_50000_001,250,300,37501,37750,37501,37800,1.0000,stable,stable,dominant_stable,dominant_stable,0.0013,0.0000,-0.0013,persisted
rr_interval_4002_first_50000_001,250,300,37751,38000,37801,38100,0.8000,stable,stable,dominant_stable,dominant_stable,0.0033,-0.0033,0.0000,persisted
rr_interval_4002_first_50000_001,250,300,38001,38250,38101,38400,0.6000,stable,stable,dominant_stable,dominant_stable,-0.0113,0.0113,0.0000,persisted
rr_interval_4002_first_50000_001,250,300,38251,38500,38101,38400,0.6000,stable,stable,dominant_stable,dominant_stable,0.0047,-0.0047,0.0000,persisted
rr_interval_4002_first_50000_001,250,300,38501,38750,38401,38700,0.8000,stable,stable,dominant_stable,dominant_stable,0.0000,0.0000,0.0000,persisted
rr_interval_4002_first_50000_001,250,300,38751,39000,38701,39000,1.0000,stable,stable,dominant_stable,dominant_stable,0.0000,0.0000,0.0000,persisted
rr_interval_4002_first_50000_001,250,300,39001,39250,39001,39300,1.0000,stable,stable,dominant_stable,dominant_stable,0.0000,0.0000,0.0000,persisted
rr_interval_4002_first_50000_001,250,300,39251,39500,39301,39600,0.8000,stable,stable,dominant_stable,dominant_stable,-0.0020,0.0020,0.0000,persisted
rr_interval_4002_first_50000_001,250,300,39501,39750,39601,39900,0.6000,stable,stable,dominant_stable,dominant_stable,0.0007,0.0000,-0.0007,persisted
rr_interval_4002_first_50000_001,250,300,39751,40000,39601,39900,0.6000,stable,stable,dominant_stable,dominant_stable,0.0167,-0.0120,-0.0047,persisted
rr_interval_4002_first_50000_001,250,300,40001,40250,39901,40200,0.8000,stable,stable,dominant_stable,dominant_stable,0.0013,0.0000,-0.0013,persisted
rr_interval_4002_first_50000_001,250,300,40251,40500,40201,40500,1.0000,stable,stable,dominant_stable,dominant_stable,0.0047,-0.0040,-0.0007,persisted
rr_interval_4002_first_50000_001,250,300,40501,40750,40501,40800,1.0000,stable,stable,dominant_stable,dominant_stable,0.0160,-0.0120,-0.0040,persisted
rr_interval_4002_first_50000_001,250,300,40751,41000,40801,41100,0.8000,stable,stable,dominant_stable,dominant_stable,-0.0100,0.0067,0.0033,persisted
rr_interval_4002_first_50000_001,250,300,41001,41250,41101,41400,0.6000,stable,stable,dominant_stable,dominant_stable,0.0013,-0.0013,0.0000,persisted
rr_interval_4002_first_50000_001,250,300,41251,41500,41101,41400,0.6000,stable,stable,dominant_stable,dominant_stable,-0.0067,0.0067,0.0000,persisted
rr_interval_4002_first_50000_001,250,300,41501,41750,41401,41700,0.8000,stable,stable,dominant_stable,dominant_stable,-0.0093,0.0100,-0.0007,persisted
rr_interval_4002_first_50000_001,250,300,41751,42000,41701,42000,1.0000,stable,stable,dominant_stable,dominant_stable,-0.0020,0.0020,0.0000,persisted
rr_interval_4002_first_50000_001,250,300,42001,42250,42001,42300,1.0000,stable,stable,dominant_stable,dominant_stable,0.0013,0.0000,-0.0013,persisted
rr_interval_4002_first_50000_001,250,300,42251,42500,42301,42600,0.8000,stable,stable,dominant_stable,dominant_stable,0.0007,0.0000,-0.0007,persisted
rr_interval_4002_first_50000_001,250,300,42501,42750,42601,42900,0.6000,stable,stable,dominant_stable,dominant_stable,0.0007,0.0000,-0.0007,persisted
rr_interval_4002_first_50000_001,250,300,42751,43000,42601,42900,0.6000,stable,stable,dominant_stable,dominant_stable,0.0127,-0.0120,-0.0007,persisted
rr_interval_4002_first_50000_001,250,300,43001,43250,42901,43200,0.8000,stable,stable,dominant_stable,dominant_stable,-0.0100,0.0100,0.0000,persisted
rr_interval_4002_first_50000_001,250,300,43251,43500,43201,43500,1.0000,stable,stable,dominant_stable,dominant_stable,0.0080,-0.0080,0.0000,persisted
rr_interval_4002_first_50000_001,250,300,43501,43750,43501,43800,1.0000,stable,stable,dominant_stable,dominant_stable,0.0020,-0.0013,-0.0007,persisted
rr_interval_4002_first_50000_001,250,300,43751,44000,43801,44100,0.8000,stable,stable,dominant_stable,dominant_stable,0.0000,0.0000,0.0000,persisted
rr_interval_4002_first_50000_001,250,300,44001,44250,44101,44400,0.6000,stable,stable,dominant_stable,dominant_stable,0.0133,-0.0120,-0.0013,persisted
rr_interval_4002_first_50000_001,250,300,44251,44500,44101,44400,0.6000,stable,stable,dominant_stable,dominant_stable,0.0013,-0.0080,0.0067,persisted
rr_interval_4002_first_50000_001,250,300,44501,44750,44401,44700,0.8000,stable,stable,dominant_stable,dominant_stable,-0.0033,0.0000,0.0033,persisted
rr_interval_4002_first_50000_001,250,300,44751,45000,44701,45000,1.0000,stable,stable,dominant_stable,dominant_stable,0.0000,0.0000,0.0000,persisted
rr_interval_4002_first_50000_001,250,300,45001,45250,45001,45300,1.0000,stable,stable,dominant_stable,dominant_stable,0.0007,0.0000,-0.0007,persisted
rr_interval_4002_first_50000_001,250,300,45251,45500,45301,45600,0.8000,stable,stable,dominant_stable,dominant_stable,0.0000,0.0000,0.0000,persisted
rr_interval_4002_first_50000_001,250,300,45501,45750,45601,45900,0.6000,stable,stable,dominant_stable,dominant_stable,0.0040,0.0000,-0.0040,persisted
rr_interval_4002_first_50000_001,250,300,45751,46000,45601,45900,0.6000,stable,stable,dominant_stable,dominant_stable,0.0040,0.0000,-0.0040,persisted
rr_interval_4002_first_50000_001,250,300,46001,46250,45901,46200,0.8000,stable,stable,dominant_stable,dominant_stable,0.0247,-0.0240,-0.0007,persisted
rr_interval_4002_first_50000_001,250,300,46251,46500,46201,46500,1.0000,stable,stable,dominant_stable,dominant_stable,0.0040,0.0000,-0.0040,persisted
rr_interval_4002_first_50000_001,250,300,46501,46750,46501,46800,1.0000,stable,stable,dominant_stable,dominant_stable,0.0060,-0.0060,0.0000,persisted
rr_interval_4002_first_50000_001,250,300,46751,47000,46801,47100,0.8000,stable,stable,dominant_stable,dominant_stable,-0.0067,0.0067,0.0000,persisted
rr_interval_4002_first_50000_001,250,300,47001,47250,47101,47400,0.6000,stable,stable,dominant_stable,dominant_stable,0.0007,0.0000,-0.0007,persisted
rr_interval_4002_first_50000_001,250,300,47251,47500,47101,47400,0.6000,stable,stable,dominant_stable,dominant_stable,0.0127,-0.0120,-0.0007,persisted
rr_interval_4002_first_50000_001,250,300,47501,47750,47401,47700,0.8000,stable,stable,dominant_stable,dominant_stable,0.0040,0.0000,-0.0040,persisted
rr_interval_4002_first_50000_001,250,300,47751,48000,47701,48000,1.0000,stable,stable,dominant_stable,dominant_stable,0.0133,-0.0133,0.0000,persisted
rr_interval_4002_first_50000_001,250,300,48001,48250,48001,48300,1.0000,stable,stable,dominant_stable,dominant_stable,0.0000,0.0000,0.0000,persisted
rr_interval_4002_first_50000_001,250,300,48251,48500,48301,48600,0.8000,stable,stable,dominant_stable,dominant_stable,-0.0013,-0.0020,0.0033,persisted
rr_interval_4002_first_50000_001,250,300,48501,48750,48601,48900,0.6000,stable,stable,dominant_stable,dominant_stable,0.0053,-0.0013,-0.0040,persisted
rr_interval_4002_first_50000_001,250,300,48751,49000,48601,48900,0.6000,stable,stable,dominant_stable,dominant_stable,-0.0027,0.0067,-0.0040,persisted
rr_interval_4002_first_50000_001,250,300,49001,49250,48901,49200,0.8000,stable,stable,dominant_stable,dominant_stable,0.0000,0.0000,0.0000,persisted
rr_interval_4002_first_50000_001,250,300,49251,49500,49201,49500,1.0000,stable,stable,dominant_stable,dominant_stable,-0.0167,0.0167,0.0000,persisted
rr_interval_4002_first_50000_001,250,300,49501,49750,49501,49800,1.0000,stable,stable,dominant_stable,dominant_stable,0.0120,-0.0080,-0.0040,persisted
rr_interval_4002_first_50000_001,250,300,49751,50000,49801,50000,1.0000,stable,stable,dominant_stable,dominant_stable,-0.0300,0.0250,0.0050,persisted
rr_interval_4002_first_50000_001,300,375,1,300,1,375,1.0000,stable,stable,dominant_stable,dominant_stable,0.0027,-0.0020,-0.0007,persisted
rr_interval_4002_first_50000_001,300,375,301,600,376,750,0.7500,stable,stable,dominant_stable,dominant_stable,0.0007,0.0000,-0.0007,persisted
rr_interval_4002_first_50000_001,300,375,601,900,376,750,0.5000,stable,stable,dominant_stable,dominant_stable,0.0073,-0.0100,0.0027,persisted
rr_interval_4002_first_50000_001,300,375,901,1200,751,1125,0.7500,stable,stable,dominant_stable,dominant_stable,-0.0027,0.0000,0.0027,persisted
rr_interval_4002_first_50000_001,300,375,1201,1500,1126,1500,1.0000,stable,stable,dominant_stable,dominant_stable,0.0000,0.0000,0.0000,persisted
rr_interval_4002_first_50000_001,300,375,1501,1800,1501,1875,1.0000,stable,stable,dominant_stable,dominant_stable,0.0007,0.0000,-0.0007,persisted
rr_interval_4002_first_50000_001,300,375,1801,2100,1876,2250,0.7500,stable,stable,dominant_stable,dominant_stable,-0.0040,0.0040,0.0000,persisted
rr_interval_4002_first_50000_001,300,375,2101,2400,1876,2250,0.5000,stable,stable,dominant_stable,dominant_stable,-0.0107,0.0107,0.0000,persisted
rr_interval_4002_first_50000_001,300,375,2401,2700,2251,2625,0.7500,stable,stable,dominant_stable,dominant_stable,0.0020,0.0013,-0.0033,persisted
rr_interval_4002_first_50000_001,300,375,2701,3000,2626,3000,1.0000,stable,stable,dominant_stable,dominant_stable,0.0020,-0.0020,0.0000,persisted
rr_interval_4002_first_50000_001,300,375,3001,3300,3001,3375,1.0000,stable,stable,dominant_stable,dominant_stable,0.0040,-0.0040,0.0000,persisted
rr_interval_4002_first_50000_001,300,375,3301,3600,3376,3750,0.7500,stable,stable,dominant_stable,dominant_stable,0.0007,0.0000,-0.0007,persisted
rr_interval_4002_first_50000_001,300,375,3601,3900,3376,3750,0.5000,stable,stable,dominant_stable,dominant_stable,0.0007,0.0000,-0.0007,persisted
rr_interval_4002_first_50000_001,300,375,3901,4200,3751,4125,0.7500,stable,stable,dominant_stable,dominant_stable,0.0000,0.0000,0.0000,persisted
rr_interval_4002_first_50000_001,300,375,4201,4500,4126,4500,1.0000,stable,stable,dominant_stable,dominant_stable,0.0027,-0.0020,-0.0007,persisted
rr_interval_4002_first_50000_001,300,375,4501,4800,4501,4875,1.0000,stable,stable,dominant_stable,dominant_stable,0.0013,-0.0013,0.0000,persisted
rr_interval_4002_first_50000_001,300,375,4801,5100,4876,5250,0.7500,stable,stable,dominant_stable,dominant_stable,0.0033,0.0000,-0.0033,persisted
rr_interval_4002_first_50000_001,300,375,5101,5400,4876,5250,0.5000,stable,stable,dominant_stable,dominant_stable,0.0100,-0.0100,0.0000,persisted
rr_interval_4002_first_50000_001,300,375,5401,5700,5251,5625,0.7500,stable,stable,dominant_stable,dominant_stable,-0.0080,0.0080,0.0000,persisted
rr_interval_4002_first_50000_001,300,375,5701,6000,5626,6000,1.0000,stable,stable,dominant_stable,dominant_stable,0.0000,0.0000,0.0000,persisted
rr_interval_4002_first_50000_001,300,375,6001,6300,6001,6375,1.0000,stable,stable,dominant_stable,dominant_stable,0.0000,0.0000,0.0000,persisted
rr_interval_4002_first_50000_001,300,375,6301,6600,6376,6750,0.7500,stable,stable,dominant_stable,dominant_stable,-0.0053,0.0053,0.0000,persisted
rr_interval_4002_first_50000_001,300,375,6601,6900,6376,6750,0.5000,stable,stable,dominant_stable,dominant_stable,0.0047,-0.0047,0.0000,persisted
rr_interval_4002_first_50000_001,300,375,6901,7200,6751,7125,0.7500,stable,stable,dominant_stable,dominant_stable,0.0000,0.0000,0.0000,persisted
rr_interval_4002_first_50000_001,300,375,7201,7500,7126,7500,1.0000,stable,stable,dominant_stable,dominant_stable,0.0080,-0.0047,-0.0033,persisted
rr_interval_4002_first_50000_001,300,375,7501,7800,7501,7875,1.0000,stable,stable,dominant_stable,dominant_stable,-0.0053,0.0053,0.0000,persisted
rr_interval_4002_first_50000_001,300,375,7801,8100,7876,8250,0.7500,stable,stable,dominant_stable,dominant_stable,0.0120,-0.0120,0.0000,persisted
rr_interval_4002_first_50000_001,300,375,8101,8400,7876,8250,0.5000,stable,stable,dominant_stable,dominant_stable,0.0087,-0.0053,-0.0033,persisted
rr_interval_4002_first_50000_001,300,375,8401,8700,8251,8625,0.7500,stable,stable,dominant_stable,dominant_stable,-0.0080,0.0053,0.0027,persisted
rr_interval_4002_first_50000_001,300,375,8701,9000,8626,9000,1.0000,stable,stable,dominant_stable,dominant_stable,0.0007,0.0000,-0.0007,persisted
rr_interval_4002_first_50000_001,300,375,9001,9300,9001,9375,1.0000,stable,stable,dominant_stable,dominant_stable,0.0013,0.0000,-0.0013,persisted
rr_interval_4002_first_50000_001,300,375,9301,9600,9376,9750,0.7500,stable,stable,dominant_stable,dominant_stable,-0.0073,0.0053,0.0020,persisted
rr_interval_4002_first_50000_001,300,375,9601,9900,9376,9750,0.5000,stable,stable,dominant_stable,dominant_stable,0.0027,-0.0047,0.0020,persisted
rr_interval_4002_first_50000_001,300,375,9901,10200,9751,10125,0.7500,stable,stable,dominant_stable,dominant_stable,0.0013,0.0000,-0.0013,persisted
rr_interval_4002_first_50000_001,300,375,10201,10500,10126,10500,1.0000,stable,stable,dominant_stable,dominant_stable,0.0033,-0.0033,0.0000,persisted
rr_interval_4002_first_50000_001,300,375,10501,10800,10501,10875,1.0000,stable,stable,dominant_stable,dominant_stable,-0.0067,0.0067,0.0000,persisted
rr_interval_4002_first_50000_001,300,375,10801,11100,10876,11250,0.7500,stable,stable,dominant_stable,dominant_stable,0.0167,-0.0167,0.0000,persisted
rr_interval_4002_first_50000_001,300,375,11101,11400,10876,11250,0.5000,stable,stable,dominant_stable,dominant_stable,0.0033,0.0000,-0.0033,persisted
rr_interval_4002_first_50000_001,300,375,11401,11700,11251,11625,0.7500,stable,stable,dominant_stable,dominant_stable,0.0100,-0.0100,0.0000,persisted
rr_interval_4002_first_50000_001,300,375,11701,12000,11626,12000,1.0000,stable,stable,dominant_stable,dominant_stable,0.0000,0.0000,0.0000,persisted
rr_interval_4002_first_50000_001,300,375,12001,12300,12001,12375,1.0000,stable,stable,dominant_stable,dominant_stable,0.0100,-0.0100,0.0000,persisted
rr_interval_4002_first_50000_001,300,375,12301,12600,12376,12750,0.7500,stable,stable,dominant_stable,dominant_stable,0.0073,-0.0100,0.0027,persisted
rr_interval_4002_first_50000_001,300,375,12601,12900,12376,12750,0.5000,stable,stable,dominant_stable,dominant_stable,0.0007,0.0000,-0.0007,persisted
rr_interval_4002_first_50000_001,300,375,12901,13200,12751,13125,0.7500,stable,stable,dominant_stable,dominant_stable,0.0000,0.0000,0.0000,persisted
rr_interval_4002_first_50000_001,300,375,13201,13500,13126,13500,1.0000,stable,stable,dominant_stable,dominant_stable,0.0100,-0.0100,0.0000,persisted
rr_interval_4002_first_50000_001,300,375,13501,13800,13501,13875,1.0000,stable,stable,dominant_stable,dominant_stable,0.0000,0.0000,0.0000,persisted
rr_interval_4002_first_50000_001,300,375,13801,14100,13876,14250,0.7500,stable,stable,dominant_stable,dominant_stable,0.0000,0.0000,0.0000,persisted
rr_interval_4002_first_50000_001,300,375,14101,14400,13876,14250,0.5000,stable,stable,dominant_stable,dominant_stable,0.0233,-0.0233,0.0000,persisted
rr_interval_4002_first_50000_001,300,375,14401,14700,14251,14625,0.7500,stable,stable,dominant_stable,dominant_stable,-0.0040,-0.0013,0.0053,persisted
rr_interval_4002_first_50000_001,300,375,14701,15000,14626,15000,1.0000,stable,stable,dominant_stable,dominant_stable,0.0013,-0.0013,0.0000,persisted
rr_interval_4002_first_50000_001,300,375,15001,15300,15001,15375,1.0000,stable,stable,dominant_stable,dominant_stable,-0.0013,-0.0013,0.0027,persisted
rr_interval_4002_first_50000_001,300,375,15301,15600,15376,15750,0.7500,stable,stable,dominant_stable,dominant_stable,0.0140,-0.0167,0.0027,persisted
rr_interval_4002_first_50000_001,300,375,15601,15900,15376,15750,0.5000,stable,stable,dominant_stable,dominant_stable,-0.0027,0.0000,0.0027,persisted
rr_interval_4002_first_50000_001,300,375,15901,16200,15751,16125,0.7500,stable,stable,dominant_stable,dominant_stable,0.0067,0.0000,-0.0067,persisted
rr_interval_4002_first_50000_001,300,375,16201,16500,16126,16500,1.0000,stable,stable,dominant_stable,dominant_stable,0.0000,0.0000,0.0000,persisted
rr_interval_4002_first_50000_001,300,375,16501,16800,16501,16875,1.0000,stable,stable,dominant_stable,dominant_stable,0.0000,0.0000,0.0000,persisted
rr_interval_4002_first_50000_001,300,375,16801,17100,16876,17250,0.7500,stable,stable,dominant_stable,dominant_stable,0.0000,0.0000,0.0000,persisted
rr_interval_4002_first_50000_001,300,375,17101,17400,16876,17250,0.5000,stable,stable,dominant_stable,dominant_stable,0.0000,0.0000,0.0000,persisted
rr_interval_4002_first_50000_001,300,375,17401,17700,17251,17625,0.7500,stable,stable,dominant_stable,dominant_stable,0.0007,0.0000,-0.0007,persisted
rr_interval_4002_first_50000_001,300,375,17701,18000,17626,18000,1.0000,stable,stable,dominant_stable,dominant_stable,0.0000,0.0000,0.0000,persisted
rr_interval_4002_first_50000_001,300,375,18001,18300,18001,18375,1.0000,stable,stable,dominant_stable,dominant_stable,0.0033,0.0000,-0.0033,persisted
rr_interval_4002_first_50000_001,300,375,18301,18600,18376,18750,0.7500,stable,stable,dominant_stable,dominant_stable,0.0073,-0.0100,0.0027,persisted
rr_interval_4002_first_50000_001,300,375,18601,18900,18376,18750,0.5000,stable,stable,dominant_stable,dominant_stable,0.0040,-0.0067,0.0027,persisted
rr_interval_4002_first_50000_001,300,375,18901,19200,18751,19125,0.7500,stable,stable,dominant_stable,dominant_stable,-0.0013,0.0013,0.0000,persisted
rr_interval_4002_first_50000_001,300,375,19201,19500,19126,19500,1.0000,stable,stable,dominant_stable,dominant_stable,0.0087,-0.0020,-0.0067,persisted
rr_interval_4002_first_50000_001,300,375,19501,19800,19501,19875,1.0000,stable,stable,dominant_stable,dominant_stable,0.0033,-0.0027,-0.0007,persisted
rr_interval_4002_first_50000_001,300,375,19801,20100,19876,20250,0.7500,stable,stable,dominant_stable,dominant_stable,0.0000,0.0000,0.0000,persisted
rr_interval_4002_first_50000_001,300,375,20101,20400,19876,20250,0.5000,stable,stable,dominant_stable,dominant_stable,0.0000,0.0000,0.0000,persisted
rr_interval_4002_first_50000_001,300,375,20401,20700,20251,20625,0.7500,stable,stable,dominant_stable,dominant_stable,-0.0013,0.0013,0.0000,persisted
rr_interval_4002_first_50000_001,300,375,20701,21000,20626,21000,1.0000,stable,stable,dominant_stable,dominant_stable,0.0020,-0.0020,0.0000,persisted
rr_interval_4002_first_50000_001,300,375,21001,21300,21001,21375,1.0000,stable,stable,dominant_stable,dominant_stable,0.0033,-0.0033,0.0000,persisted
rr_interval_4002_first_50000_001,300,375,21301,21600,21376,21750,0.7500,stable,stable,dominant_stable,dominant_stable,0.0000,0.0000,0.0000,persisted
rr_interval_4002_first_50000_001,300,375,21601,21900,21376,21750,0.5000,stable,stable,dominant_stable,dominant_stable,0.0000,0.0000,0.0000,persisted
rr_interval_4002_first_50000_001,300,375,21901,22200,21751,22125,0.7500,stable,stable,dominant_stable,dominant_stable,0.0000,0.0000,0.0000,persisted
rr_interval_4002_first_50000_001,300,375,22201,22500,22126,22500,1.0000,stable,stable,dominant_stable,dominant_stable,0.0000,0.0000,0.0000,persisted
rr_interval_4002_first_50000_001,300,375,22501,22800,22501,22875,1.0000,stable,stable,dominant_stable,dominant_stable,0.0000,0.0000,0.0000,persisted
rr_interval_4002_first_50000_001,300,375,22801,23100,22876,23250,0.7500,stable,stable,dominant_stable,dominant_stable,0.0007,0.0000,-0.0007,persisted
rr_interval_4002_first_50000_001,300,375,23101,23400,22876,23250,0.5000,stable,stable,dominant_stable,dominant_stable,0.0007,0.0000,-0.0007,persisted
rr_interval_4002_first_50000_001,300,375,23401,23700,23251,23625,0.7500,stable,stable,dominant_stable,dominant_stable,-0.0053,0.0053,0.0000,persisted
rr_interval_4002_first_50000_001,300,375,23701,24000,23626,24000,1.0000,stable,stable,dominant_stable,dominant_stable,0.0020,-0.0047,0.0027,persisted
rr_interval_4002_first_50000_001,300,375,24001,24300,24001,24375,1.0000,stable,stable,dominant_stable,dominant_stable,0.0000,0.0000,0.0000,persisted
rr_interval_4002_first_50000_001,300,375,24301,24600,24376,24750,0.7500,stable,stable,dominant_stable,dominant_stable,0.0073,-0.0100,0.0027,persisted
rr_interval_4002_first_50000_001,300,375,24601,24900,24376,24750,0.5000,stable,stable,dominant_stable,dominant_stable,0.0007,0.0000,-0.0007,persisted
rr_interval_4002_first_50000_001,300,375,24901,25200,24751,25125,0.7500,stable,stable,dominant_stable,dominant_stable,0.0247,-0.0247,0.0000,persisted
rr_interval_4002_first_50000_001,300,375,25201,25500,25126,25500,1.0000,stable,stable,dominant_stable,dominant_stable,0.0013,-0.0013,0.0000,persisted
rr_interval_4002_first_50000_001,300,375,25501,25800,25501,25875,1.0000,stable,stable,dominant_stable,dominant_stable,0.0067,-0.0087,0.0020,persisted
rr_interval_4002_first_50000_001,300,375,25801,26100,25876,26250,0.7500,stable,stable,dominant_stable,dominant_stable,-0.0007,-0.0067,0.0073,persisted
rr_interval_4002_first_50000_001,300,375,26101,26400,25876,26250,0.5000,stable,stable,dominant_stable,dominant_stable,-0.0040,-0.0067,0.0107,persisted
rr_interval_4002_first_50000_001,300,375,26401,26700,26251,26625,0.7500,stable,stable,dominant_stable,dominant_stable,0.0000,0.0000,0.0000,persisted
rr_interval_4002_first_50000_001,300,375,26701,27000,26626,27000,1.0000,stable,stable,dominant_stable,dominant_stable,0.0000,0.0000,0.0000,persisted
rr_interval_4002_first_50000_001,300,375,27001,27300,27001,27375,1.0000,stable,stable,dominant_stable,dominant_stable,0.0000,0.0000,0.0000,persisted
rr_interval_4002_first_50000_001,300,375,27301,27600,27376,27750,0.7500,stable,stable,dominant_stable,dominant_stable,0.0047,-0.0047,0.0000,persisted
rr_interval_4002_first_50000_001,300,375,27601,27900,27376,27750,0.5000,stable,stable,dominant_stable,dominant_stable,0.0080,-0.0013,-0.0067,persisted
rr_interval_4002_first_50000_001,300,375,27901,28200,27751,28125,0.7500,stable,stable,dominant_stable,dominant_stable,-0.0053,0.0053,0.0000,persisted
rr_interval_4002_first_50000_001,300,375,28201,28500,28126,28500,1.0000,stable,stable,dominant_stable,dominant_stable,0.0027,-0.0020,-0.0007,persisted
rr_interval_4002_first_50000_001,300,375,28501,28800,28501,28875,1.0000,stable,stable,dominant_stable,dominant_stable,0.0047,-0.0047,0.0000,persisted
rr_interval_4002_first_50000_001,300,375,28801,29100,28876,29250,0.7500,stable,stable,dominant_stable,dominant_stable,0.0000,0.0000,0.0000,persisted
rr_interval_4002_first_50000_001,300,375,29101,29400,28876,29250,0.5000,stable,stable,dominant_stable,dominant_stable,0.0133,-0.0100,-0.0033,persisted
rr_interval_4002_first_50000_001,300,375,29401,29700,29251,29625,0.7500,stable,stable,dominant_stable,dominant_stable,0.0213,-0.0200,-0.0013,persisted
rr_interval_4002_first_50000_001,300,375,29701,30000,29626,30000,1.0000,stable,stable,dominant_stable,dominant_stable,-0.0020,0.0053,-0.0033,persisted
rr_interval_4002_first_50000_001,300,375,30001,30300,30001,30375,1.0000,stable,stable,dominant_stable,dominant_stable,0.0100,-0.0100,0.0000,persisted
rr_interval_4002_first_50000_001,300,375,30301,30600,30376,30750,0.7500,stable,stable,dominant_stable,dominant_stable,0.0013,0.0000,-0.0013,persisted
rr_interval_4002_first_50000_001,300,375,30601,30900,30376,30750,0.5000,stable,stable,dominant_stable,dominant_stable,0.0080,-0.0100,0.0020,persisted
rr_interval_4002_first_50000_001,300,375,30901,31200,30751,31125,0.7500,stable,stable,dominant_stable,dominant_stable,0.0020,-0.0013,-0.0007,persisted
rr_interval_4002_first_50000_001,300,375,31201,31500,31126,31500,1.0000,stable,stable,dominant_stable,dominant_stable,0.0100,-0.0067,-0.0033,persisted
rr_interval_4002_first_50000_001,300,375,31501,31800,31501,31875,1.0000,stable,stable,dominant_stable,dominant_stable,0.0000,0.0000,0.0000,persisted
rr_interval_4002_first_50000_001,300,375,31801,32100,31876,32250,0.7500,stable,stable,dominant_stable,dominant_stable,0.0007,0.0000,-0.0007,persisted
rr_interval_4002_first_50000_001,300,375,32101,32400,31876,32250,0.5000,stable,stable,dominant_stable,dominant_stable,0.0007,0.0000,-0.0007,persisted
rr_interval_4002_first_50000_001,300,375,32401,32700,32251,32625,0.7500,stable,stable,dominant_stable,dominant_stable,0.0007,0.0000,-0.0007,persisted
rr_interval_4002_first_50000_001,300,375,32701,33000,32626,33000,1.0000,stable,stable,dominant_stable,dominant_stable,0.0033,-0.0020,-0.0013,persisted
rr_interval_4002_first_50000_001,300,375,33001,33300,33001,33375,1.0000,stable,stable,dominant_stable,dominant_stable,0.0027,-0.0020,-0.0007,persisted
rr_interval_4002_first_50000_001,300,375,33301,33600,33376,33750,0.7500,stable,stable,dominant_stable,dominant_stable,0.0133,-0.0100,-0.0033,persisted
rr_interval_4002_first_50000_001,300,375,33601,33900,33376,33750,0.5000,stable,stable,dominant_stable,dominant_stable,0.0000,0.0000,0.0000,persisted
rr_interval_4002_first_50000_001,300,375,33901,34200,33751,34125,0.7500,stable,stable,dominant_stable,dominant_stable,-0.0107,0.0107,0.0000,persisted
rr_interval_4002_first_50000_001,300,375,34201,34500,34126,34500,1.0000,stable,stable,dominant_stable,dominant_stable,0.0007,0.0000,-0.0007,persisted
rr_interval_4002_first_50000_001,300,375,34501,34800,34501,34875,1.0000,stable,stable,dominant_stable,dominant_stable,0.0013,-0.0013,0.0000,persisted
rr_interval_4002_first_50000_001,300,375,34801,35100,34876,35250,0.7500,stable,stable,dominant_stable,dominant_stable,0.0007,0.0000,-0.0007,persisted
rr_interval_4002_first_50000_001,300,375,35101,35400,34876,35250,0.5000,stable,stable,dominant_stable,dominant_stable,-0.0027,0.0000,0.0027,persisted
rr_interval_4002_first_50000_001,300,375,35401,35700,35251,35625,0.7500,stable,stable,dominant_stable,dominant_stable,0.0000,0.0000,0.0000,persisted
rr_interval_4002_first_50000_001,300,375,35701,36000,35626,36000,1.0000,stable,stable,dominant_stable,dominant_stable,0.0053,-0.0020,-0.0033,persisted
rr_interval_4002_first_50000_001,300,375,36001,36300,36001,36375,1.0000,stable,stable,dominant_stable,dominant_stable,0.0013,-0.0013,0.0000,persisted
rr_interval_4002_first_50000_001,300,375,36301,36600,36376,36750,0.7500,stable,stable,dominant_stable,dominant_stable,0.0000,0.0000,0.0000,persisted
rr_interval_4002_first_50000_001,300,375,36601,36900,36376,36750,0.5000,stable,stable,dominant_stable,dominant_stable,0.0100,-0.0100,0.0000,persisted
rr_interval_4002_first_50000_001,300,375,36901,37200,36751,37125,0.7500,stable,stable,dominant_stable,dominant_stable,0.0067,-0.0067,0.0000,persisted
rr_interval_4002_first_50000_001,300,375,37201,37500,37126,37500,1.0000,stable,stable,dominant_stable,dominant_stable,0.0000,0.0000,0.0000,persisted
rr_interval_4002_first_50000_001,300,375,37501,37800,37501,37875,1.0000,stable,stable,dominant_stable,dominant_stable,0.0013,0.0000,-0.0013,persisted
rr_interval_4002_first_50000_001,300,375,37801,38100,37876,38250,0.7500,stable,stable,dominant_stable,dominant_stable,0.0033,-0.0033,0.0000,persisted
rr_interval_4002_first_50000_001,300,375,38101,38400,37876,38250,0.5000,stable,stable,dominant_stable,dominant_stable,0.0100,-0.0100,0.0000,persisted
rr_interval_4002_first_50000_001,300,375,38401,38700,38251,38625,0.7500,stable,stable,dominant_stable,dominant_stable,0.0000,0.0000,0.0000,persisted
rr_interval_4002_first_50000_001,300,375,38701,39000,38626,39000,1.0000,stable,stable,dominant_stable,dominant_stable,0.0000,0.0000,0.0000,persisted
rr_interval_4002_first_50000_001,300,375,39001,39300,39001,39375,1.0000,stable,stable,dominant_stable,dominant_stable,0.0000,0.0000,0.0000,persisted
rr_interval_4002_first_50000_001,300,375,39301,39600,39376,39750,0.7500,stable,stable,dominant_stable,dominant_stable,0.0020,-0.0020,0.0000,persisted
rr_interval_4002_first_50000_001,300,375,39601,39900,39376,39750,0.5000,stable,stable,dominant_stable,dominant_stable,-0.0047,0.0080,-0.0033,persisted
rr_interval_4002_first_50000_001,300,375,39901,40200,39751,40125,0.7500,stable,stable,dominant_stable,dominant_stable,-0.0013,0.0053,-0.0040,persisted
rr_interval_4002_first_50000_001,300,375,40201,40500,40126,40500,1.0000,stable,stable,dominant_stable,dominant_stable,0.0047,-0.0040,-0.0007,persisted
rr_interval_4002_first_50000_001,300,375,40501,40800,40501,40875,1.0000,stable,stable,dominant_stable,dominant_stable,0.0000,0.0000,0.0000,persisted
rr_interval_4002_first_50000_001,300,375,40801,41100,40876,41250,0.7500,stable,stable,dominant_stable,dominant_stable,0.0047,-0.0013,-0.0033,persisted
rr_interval_4002_first_50000_001,300,375,41101,41400,40876,41250,0.5000,stable,stable,dominant_stable,dominant_stable,0.0013,-0.0013,0.0000,persisted
rr_interval_4002_first_50000_001,300,375,41401,41700,41251,41625,0.7500,stable,stable,dominant_stable,dominant_stable,0.0133,-0.0100,-0.0033,persisted
rr_interval_4002_first_50000_001,300,375,41701,42000,41626,42000,1.0000,stable,stable,dominant_stable,dominant_stable,0.0073,-0.0100,0.0027,persisted
rr_interval_4002_first_50000_001,300,375,42001,42300,42001,42375,1.0000,stable,stable,dominant_stable,dominant_stable,0.0013,0.0000,-0.0013,persisted
rr_interval_4002_first_50000_001,300,375,42301,42600,42376,42750,0.7500,stable,stable,dominant_stable,dominant_stable,0.0007,0.0000,-0.0007,persisted
rr_interval_4002_first_50000_001,300,375,42601,42900,42376,42750,0.5000,stable,stable,dominant_stable,dominant_stable,0.0007,0.0000,-0.0007,persisted
rr_interval_4002_first_50000_001,300,375,42901,43200,42751,43125,0.7500,stable,stable,dominant_stable,dominant_stable,0.0047,-0.0100,0.0053,persisted
rr_interval_4002_first_50000_001,300,375,43201,43500,43126,43500,1.0000,stable,stable,dominant_stable,dominant_stable,0.0000,0.0000,0.0000,persisted
rr_interval_4002_first_50000_001,300,375,43501,43800,43501,43875,1.0000,stable,stable,dominant_stable,dominant_stable,0.0020,-0.0013,-0.0007,persisted
rr_interval_4002_first_50000_001,300,375,43801,44100,43876,44250,0.7500,stable,stable,dominant_stable,dominant_stable,0.0000,0.0000,0.0000,persisted
rr_interval_4002_first_50000_001,300,375,44101,44400,43876,44250,0.5000,stable,stable,dominant_stable,dominant_stable,0.0067,0.0000,-0.0067,persisted
rr_interval_4002_first_50000_001,300,375,44401,44700,44251,44625,0.7500,stable,stable,dominant_stable,dominant_stable,-0.0073,0.0080,-0.0007,persisted
rr_interval_4002_first_50000_001,300,375,44701,45000,44626,45000,1.0000,stable,stable,dominant_stable,dominant_stable,0.0000,0.0000,0.0000,persisted
rr_interval_4002_first_50000_001,300,375,45001,45300,45001,45375,1.0000,stable,stable,dominant_stable,dominant_stable,0.0007,0.0000,-0.0007,persisted
rr_interval_4002_first_50000_001,300,375,45301,45600,45376,45750,0.7500,stable,stable,dominant_stable,dominant_stable,-0.0027,0.0000,0.0027,persisted
rr_interval_4002_first_50000_001,300,375,45601,45900,45376,45750,0.5000,stable,stable,dominant_stable,dominant_stable,-0.0027,0.0000,0.0027,persisted
rr_interval_4002_first_50000_001,300,375,45901,46200,45751,46125,0.7500,stable,stable,dominant_stable,dominant_stable,0.0007,0.0000,-0.0007,persisted
rr_interval_4002_first_50000_001,300,375,46201,46500,46126,46500,1.0000,stable,stable,dominant_stable,dominant_stable,0.0000,0.0000,0.0000,persisted
rr_interval_4002_first_50000_001,300,375,46501,46800,46501,46875,1.0000,stable,stable,dominant_stable,dominant_stable,0.0100,-0.0100,0.0000,persisted
rr_interval_4002_first_50000_001,300,375,46801,47100,46876,47250,0.7500,stable,stable,dominant_stable,dominant_stable,0.0013,-0.0013,0.0000,persisted
rr_interval_4002_first_50000_001,300,375,47101,47400,46876,47250,0.5000,stable,stable,dominant_stable,dominant_stable,-0.0020,0.0053,-0.0033,persisted
rr_interval_4002_first_50000_001,300,375,47401,47700,47251,47625,0.7500,stable,stable,dominant_stable,dominant_stable,0.0000,0.0000,0.0000,persisted
rr_interval_4002_first_50000_001,300,375,47701,48000,47626,48000,1.0000,stable,stable,dominant_stable,dominant_stable,0.0040,-0.0067,0.0027,persisted
rr_interval_4002_first_50000_001,300,375,48001,48300,48001,48375,1.0000,stable,stable,dominant_stable,dominant_stable,0.0000,0.0000,0.0000,persisted
rr_interval_4002_first_50000_001,300,375,48301,48600,48376,48750,0.7500,stable,stable,dominant_stable,dominant_stable,0.0107,-0.0100,-0.0007,persisted
rr_interval_4002_first_50000_001,300,375,48601,48900,48376,48750,0.5000,stable,stable,dominant_stable,dominant_stable,0.0040,-0.0067,0.0027,persisted
rr_interval_4002_first_50000_001,300,375,48901,49200,48751,49125,0.7500,stable,stable,dominant_stable,dominant_stable,-0.0027,0.0000,0.0027,persisted
rr_interval_4002_first_50000_001,300,375,49201,49500,49126,49500,1.0000,stable,stable,dominant_stable,dominant_stable,0.0060,-0.0087,0.0027,persisted
rr_interval_4002_first_50000_001,300,375,49501,49800,49501,49875,1.0000,stable,stable,dominant_stable,dominant_stable,0.0000,0.0000,0.0000,persisted
rr_interval_4002_first_50000_001,300,375,49801,50000,49876,50000,1.0000,stable,stable,dominant_stable,dominant_stable,-0.0180,0.0150,0.0030,persisted
rr_interval_4002_first_50000_001,375,500,1,375,1,500,1.0000,stable,stable,dominant_stable,dominant_stable,0.0027,-0.0020,-0.0007,persisted
rr_interval_4002_first_50000_001,375,500,376,750,501,1000,0.6667,stable,stable,dominant_stable,dominant_stable,0.0027,0.0000,-0.0027,persisted
rr_interval_4002_first_50000_001,375,500,751,1125,501,1000,0.6667,stable,stable,dominant_stable,dominant_stable,0.0027,0.0000,-0.0027,persisted
rr_interval_4002_first_50000_001,375,500,1126,1500,1001,1500,1.0000,stable,stable,dominant_stable,dominant_stable,0.0000,0.0000,0.0000,persisted
rr_interval_4002_first_50000_001,375,500,1501,1875,1501,2000,1.0000,stable,stable,dominant_stable,dominant_stable,0.0007,0.0000,-0.0007,persisted
rr_interval_4002_first_50000_001,375,500,1876,2250,2001,2500,0.6667,stable,stable,dominant_stable,dominant_stable,0.0107,-0.0107,0.0000,persisted
rr_interval_4002_first_50000_001,375,500,2251,2625,2001,2500,0.6667,stable,stable,dominant_stable,dominant_stable,0.0080,-0.0080,0.0000,persisted
rr_interval_4002_first_50000_001,375,500,2626,3000,2501,3000,1.0000,stable,stable,dominant_stable,dominant_stable,0.0020,-0.0020,0.0000,persisted
rr_interval_4002_first_50000_001,375,500,3001,3375,3001,3500,1.0000,stable,stable,dominant_stable,dominant_stable,0.0160,-0.0160,0.0000,persisted
rr_interval_4002_first_50000_001,375,500,3376,3750,3501,4000,0.6667,stable,stable,dominant_stable,dominant_stable,0.0027,0.0000,-0.0027,persisted
rr_interval_4002_first_50000_001,375,500,3751,4125,3501,4000,0.6667,stable,stable,dominant_stable,dominant_stable,0.0000,0.0000,0.0000,persisted
rr_interval_4002_first_50000_001,375,500,4126,4500,4001,4500,1.0000,stable,stable,dominant_stable,dominant_stable,0.0027,-0.0020,-0.0007,persisted
rr_interval_4002_first_50000_001,375,500,4501,4875,4501,5000,1.0000,stable,stable,dominant_stable,dominant_stable,0.0013,-0.0013,0.0000,persisted
rr_interval_4002_first_50000_001,375,500,4876,5250,5001,5500,0.6667,stable,stable,dominant_stable,dominant_stable,-0.0060,0.0060,0.0000,persisted
rr_interval_4002_first_50000_001,375,500,5251,5625,5001,5500,0.6667,stable,stable,dominant_stable,dominant_stable,0.0020,-0.0020,0.0000,persisted
rr_interval_4002_first_50000_001,375,500,5626,6000,5501,6000,1.0000,stable,stable,dominant_stable,dominant_stable,0.0000,0.0000,0.0000,persisted
rr_interval_4002_first_50000_001,375,500,6001,6375,6001,6500,1.0000,stable,stable,dominant_stable,dominant_stable,0.0000,0.0000,0.0000,persisted
rr_interval_4002_first_50000_001,375,500,6376,6750,6501,7000,0.6667,stable,stable,dominant_stable,dominant_stable,0.0053,-0.0053,0.0000,persisted
rr_interval_4002_first_50000_001,375,500,6751,7125,6501,7000,0.6667,stable,stable,dominant_stable,dominant_stable,0.0000,0.0000,0.0000,persisted
rr_interval_4002_first_50000_001,375,500,7126,7500,7001,7500,1.0000,stable,stable,dominant_stable,dominant_stable,-0.0007,0.0007,0.0000,persisted
rr_interval_4002_first_50000_001,375,500,7501,7875,7501,8000,1.0000,stable,stable,dominant_stable,dominant_stable,-0.0067,0.0067,0.0000,persisted
rr_interval_4002_first_50000_001,375,500,7876,8250,8001,8500,0.6667,stable,stable,dominant_stable,dominant_stable,0.0020,-0.0040,0.0020,persisted
rr_interval_4002_first_50000_001,375,500,8251,8625,8001,8500,0.6667,stable,stable,dominant_stable,dominant_stable,0.0020,-0.0013,-0.0007,persisted
rr_interval_4002_first_50000_001,375,500,8626,9000,8501,9000,1.0000,stable,stable,dominant_stable,dominant_stable,0.0007,0.0000,-0.0007,persisted
rr_interval_4002_first_50000_001,375,500,9001,9375,9001,9500,1.0000,stable,stable,dominant_stable,dominant_stable,-0.0007,0.0040,-0.0033,persisted
rr_interval_4002_first_50000_001,375,500,9376,9750,9501,10000,0.6667,stable,stable,dominant_stable,dominant_stable,0.0027,0.0007,-0.0033,persisted
rr_interval_4002_first_50000_001,375,500,9751,10125,9501,10000,0.6667,stable,stable,dominant_stable,dominant_stable,-0.0027,0.0060,-0.0033,persisted
rr_interval_4002_first_50000_001,375,500,10126,10500,10001,10500,1.0000,stable,stable,dominant_stable,dominant_stable,0.0033,-0.0033,0.0000,persisted
rr_interval_4002_first_50000_001,375,500,10501,10875,10501,11000,1.0000,stable,stable,dominant_stable,dominant_stable,0.0033,-0.0033,0.0000,persisted
rr_interval_4002_first_50000_001,375,500,10876,11250,11001,11500,0.6667,stable,stable,dominant_stable,dominant_stable,0.0000,0.0000,0.0000,persisted
rr_interval_4002_first_50000_001,375,500,11251,11625,11001,11500,0.6667,stable,stable,dominant_stable,dominant_stable,0.0000,0.0000,0.0000,persisted
rr_interval_4002_first_50000_001,375,500,11626,12000,11501,12000,1.0000,stable,stable,dominant_stable,dominant_stable,0.0000,0.0000,0.0000,persisted
rr_interval_4002_first_50000_001,375,500,12001,12375,12001,12500,1.0000,stable,stable,dominant_stable,dominant_stable,0.0000,0.0000,0.0000,persisted
rr_interval_4002_first_50000_001,375,500,12376,12750,12501,13000,0.6667,stable,stable,dominant_stable,dominant_stable,0.0007,0.0000,-0.0007,persisted
rr_interval_4002_first_50000_001,375,500,12751,13125,12501,13000,0.6667,stable,stable,dominant_stable,dominant_stable,-0.0020,0.0000,0.0020,persisted
rr_interval_4002_first_50000_001,375,500,13126,13500,13001,13500,1.0000,stable,stable,dominant_stable,dominant_stable,0.0000,0.0000,0.0000,persisted
rr_interval_4002_first_50000_001,375,500,13501,13875,13501,14000,1.0000,stable,stable,dominant_stable,dominant_stable,0.0000,0.0000,0.0000,persisted
rr_interval_4002_first_50000_001,375,500,13876,14250,14001,14500,0.6667,stable,stable,dominant_stable,dominant_stable,0.0000,0.0000,0.0000,persisted
rr_interval_4002_first_50000_001,375,500,14251,14625,14001,14500,0.6667,stable,stable,dominant_stable,dominant_stable,0.0107,-0.0053,-0.0053,persisted
rr_interval_4002_first_50000_001,375,500,14626,15000,14501,15000,1.0000,stable,stable,dominant_stable,dominant_stable,0.0013,-0.0013,0.0000,persisted
rr_interval_4002_first_50000_001,375,500,15001,15375,15001,15500,1.0000,stable,stable,dominant_stable,dominant_stable,0.0020,-0.0013,-0.0007,persisted
rr_interval_4002_first_50000_001,375,500,15376,15750,15501,16000,0.6667,stable,stable,dominant_stable,dominant_stable,0.0027,0.0000,-0.0027,persisted
rr_interval_4002_first_50000_001,375,500,15751,16125,15501,16000,0.6667,stable,stable,dominant_stable,dominant_stable,0.0000,0.0000,0.0000,persisted
rr_interval_4002_first_50000_001,375,500,16126,16500,16001,16500,1.0000,stable,stable,dominant_stable,dominant_stable,0.0000,0.0000,0.0000,persisted
rr_interval_4002_first_50000_001,375,500,16501,16875,16501,17000,1.0000,stable,stable,dominant_stable,dominant_stable,0.0000,0.0000,0.0000,persisted
rr_interval_4002_first_50000_001,375,500,16876,17250,17001,17500,0.6667,stable,stable,dominant_stable,dominant_stable,-0.0040,0.0000,0.0040,persisted
rr_interval_4002_first_50000_001,375,500,17251,17625,17001,17500,0.6667,stable,stable,dominant_stable,dominant_stable,-0.0013,0.0000,0.0013,persisted
rr_interval_4002_first_50000_001,375,500,17626,18000,17501,18000,1.0000,stable,stable,dominant_stable,dominant_stable,0.0000,0.0000,0.0000,persisted
rr_interval_4002_first_50000_001,375,500,18001,18375,18001,18500,1.0000,stable,stable,dominant_stable,dominant_stable,0.0000,0.0000,0.0000,persisted
rr_interval_4002_first_50000_001,375,500,18376,18750,18501,19000,0.6667,stable,stable,dominant_stable,dominant_stable,-0.0033,0.0060,-0.0027,persisted
rr_interval_4002_first_50000_001,375,500,18751,19125,18501,19000,0.6667,stable,stable,dominant_stable,dominant_stable,0.0020,-0.0020,0.0000,persisted
rr_interval_4002_first_50000_001,375,500,19126,19500,19001,19500,1.0000,stable,stable,dominant_stable,dominant_stable,0.0020,-0.0020,0.0000,persisted
rr_interval_4002_first_50000_001,375,500,19501,19875,19501,20000,1.0000,stable,stable,dominant_stable,dominant_stable,0.0093,-0.0067,-0.0027,persisted
rr_interval_4002_first_50000_001,375,500,19876,20250,20001,20500,0.6667,stable,stable,dominant_stable,dominant_stable,-0.0060,0.0060,0.0000,persisted
rr_interval_4002_first_50000_001,375,500,20251,20625,20001,20500,0.6667,stable,stable,dominant_stable,dominant_stable,0.0020,-0.0020,0.0000,persisted
rr_interval_4002_first_50000_001,375,500,20626,21000,20501,21000,1.0000,stable,stable,dominant_stable,dominant_stable,0.0020,-0.0020,0.0000,persisted
rr_interval_4002_first_50000_001,375,500,21001,21375,21001,21500,1.0000,stable,stable,dominant_stable,dominant_stable,0.0033,-0.0033,0.0000,persisted
rr_interval_4002_first_50000_001,375,500,21376,21750,21501,22000,0.6667,stable,stable,dominant_stable,dominant_stable,0.0000,0.0000,0.0000,persisted
rr_interval_4002_first_50000_001,375,500,21751,22125,21501,22000,0.6667,stable,stable,dominant_stable,dominant_stable,0.0000,0.0000,0.0000,persisted
rr_interval_4002_first_50000_001,375,500,22126,22500,22001,22500,1.0000,stable,stable,dominant_stable,dominant_stable,0.0000,0.0000,0.0000,persisted
rr_interval_4002_first_50000_001,375,500,22501,22875,22501,23000,1.0000,stable,stable,dominant_stable,dominant_stable,0.0000,0.0000,0.0000,persisted
rr_interval_4002_first_50000_001,375,500,22876,23250,23001,23500,0.6667,stable,stable,dominant_stable,dominant_stable,-0.0033,0.0060,-0.0027,persisted
rr_interval_4002_first_50000_001,375,500,23251,23625,23001,23500,0.6667,stable,stable,dominant_stable,dominant_stable,-0.0007,0.0007,0.0000,persisted
rr_interval_4002_first_50000_001,375,500,23626,24000,23501,24000,1.0000,stable,stable,dominant_stable,dominant_stable,0.0080,-0.0053,-0.0027,persisted
rr_interval_4002_first_50000_001,375,500,24001,24375,24001,24500,1.0000,stable,stable,dominant_stable,dominant_stable,0.0000,0.0000,0.0000,persisted
rr_interval_4002_first_50000_001,375,500,24376,24750,24501,25000,0.6667,stable,stable,dominant_stable,dominant_stable,0.0007,0.0000,-0.0007,persisted
rr_interval_4002_first_50000_001,375,500,24751,25125,24501,25000,0.6667,stable,stable,dominant_stable,dominant_stable,0.0033,-0.0053,0.0020,persisted
rr_interval_4002_first_50000_001,375,500,25126,25500,25001,25500,1.0000,stable,stable,dominant_stable,dominant_stable,-0.0027,0.0007,0.0020,persisted
rr_interval_4002_first_50000_001,375,500,25501,25875,25501,26000,1.0000,stable,stable,dominant_stable,dominant_stable,0.0033,-0.0020,-0.0013,persisted
rr_interval_4002_first_50000_001,375,500,25876,26250,26001,26500,0.6667,stable,stable,dominant_stable,dominant_stable,0.0047,0.0060,-0.0107,persisted
rr_interval_4002_first_50000_001,375,500,26251,26625,26001,26500,0.6667,stable,stable,dominant_stable,dominant_stable,-0.0060,0.0060,0.0000,persisted
rr_interval_4002_first_50000_001,375,500,26626,27000,26501,27000,1.0000,stable,stable,dominant_stable,dominant_stable,0.0000,0.0000,0.0000,persisted
rr_interval_4002_first_50000_001,375,500,27001,27375,27001,27500,1.0000,stable,stable,dominant_stable,dominant_stable,0.0000,0.0000,0.0000,persisted
rr_interval_4002_first_50000_001,375,500,27376,27750,27501,28000,0.6667,stable,stable,dominant_stable,dominant_stable,-0.0047,0.0047,0.0000,persisted
rr_interval_4002_first_50000_001,375,500,27751,28125,27501,28000,0.6667,stable,stable,dominant_stable,dominant_stable,-0.0047,0.0047,0.0000,persisted
rr_interval_4002_first_50000_001,375,500,28126,28500,28001,28500,1.0000,stable,stable,dominant_stable,dominant_stable,0.0027,-0.0020,-0.0007,persisted
rr_interval_4002_first_50000_001,375,500,28501,28875,28501,29000,1.0000,stable,stable,dominant_stable,dominant_stable,0.0053,-0.0053,0.0000,persisted
rr_interval_4002_first_50000_001,375,500,28876,29250,29001,29500,0.6667,stable,stable,dominant_stable,dominant_stable,0.0000,0.0000,0.0000,persisted
rr_interval_4002_first_50000_001,375,500,29251,29625,29001,29500,0.6667,stable,stable,dominant_stable,dominant_stable,0.0053,0.0000,-0.0053,persisted
rr_interval_4002_first_50000_001,375,500,29626,30000,29501,30000,1.0000,stable,stable,dominant_stable,dominant_stable,0.0013,-0.0013,0.0000,persisted
rr_interval_4002_first_50000_001,375,500,30001,30375,30001,30500,1.0000,stable,stable,dominant_stable,dominant_stable,-0.0020,0.0000,0.0020,persisted
rr_interval_4002_first_50000_001,375,500,30376,30750,30501,31000,0.6667,stable,stable,dominant_stable,dominant_stable,-0.0047,0.0100,-0.0053,persisted
rr_interval_4002_first_50000_001,375,500,30751,31125,30501,31000,0.6667,stable,stable,dominant_stable,dominant_stable,-0.0020,0.0047,-0.0027,persisted
rr_interval_4002_first_50000_001,375,500,31126,31500,31001,31500,1.0000,stable,stable,dominant_stable,dominant_stable,-0.0040,0.0000,0.0040,persisted
rr_interval_4002_first_50000_001,375,500,31501,31875,31501,32000,1.0000,stable,stable,dominant_stable,dominant_stable,-0.0020,0.0000,0.0020,persisted
rr_interval_4002_first_50000_001,375,500,31876,32250,32001,32500,0.6667,stable,stable,dominant_stable,dominant_stable,0.0007,0.0000,-0.0007,persisted
rr_interval_4002_first_50000_001,375,500,32251,32625,32001,32500,0.6667,stable,stable,dominant_stable,dominant_stable,0.0007,0.0000,-0.0007,persisted
rr_interval_4002_first_50000_001,375,500,32626,33000,32501,33000,1.0000,stable,stable,dominant_stable,dominant_stable,0.0033,-0.0020,-0.0013,persisted
rr_interval_4002_first_50000_001,375,500,33001,33375,33001,33500,1.0000,stable,stable,dominant_stable,dominant_stable,0.0087,-0.0080,-0.0007,persisted
rr_interval_4002_first_50000_001,375,500,33376,33750,33501,34000,0.6667,stable,stable,dominant_stable,dominant_stable,0.0000,0.0000,0.0000,persisted
rr_interval_4002_first_50000_001,375,500,33751,34125,33501,34000,0.6667,stable,stable,dominant_stable,dominant_stable,0.0107,-0.0107,0.0000,persisted
rr_interval_4002_first_50000_001,375,500,34126,34500,34001,34500,1.0000,stable,stable,dominant_stable,dominant_stable,0.0007,0.0000,-0.0007,persisted
rr_interval_4002_first_50000_001,375,500,34501,34875,34501,35000,1.0000,stable,stable,dominant_stable,dominant_stable,0.0013,-0.0013,0.0000,persisted
rr_interval_4002_first_50000_001,375,500,34876,35250,35001,35500,0.6667,stable,stable,dominant_stable,dominant_stable,0.0007,0.0000,-0.0007,persisted
rr_interval_4002_first_50000_001,375,500,35251,35625,35001,35500,0.6667,stable,stable,dominant_stable,dominant_stable,-0.0020,0.0000,0.0020,persisted
rr_interval_4002_first_50000_001,375,500,35626,36000,35501,36000,1.0000,stable,stable,dominant_stable,dominant_stable,0.0080,-0.0080,0.0000,persisted
rr_interval_4002_first_50000_001,375,500,36001,36375,36001,36500,1.0000,stable,stable,dominant_stable,dominant_stable,0.0053,-0.0053,0.0000,persisted
rr_interval_4002_first_50000_001,375,500,36376,36750,36501,37000,0.6667,stable,stable,dominant_stable,dominant_stable,0.0000,0.0000,0.0000,persisted
rr_interval_4002_first_50000_001,375,500,36751,37125,36501,37000,0.6667,stable,stable,dominant_stable,dominant_stable,0.0000,0.0000,0.0000,persisted
rr_interval_4002_first_50000_001,375,500,37126,37500,37001,37500,1.0000,stable,stable,dominant_stable,dominant_stable,0.0000,0.0000,0.0000,persisted
rr_interval_4002_first_50000_001,375,500,37501,37875,37501,38000,1.0000,stable,stable,dominant_stable,dominant_stable,-0.0007,0.0060,-0.0053,persisted
rr_interval_4002_first_50000_001,375,500,37876,38250,38001,38500,0.6667,stable,stable,dominant_stable,dominant_stable,-0.0007,0.0007,0.0000,persisted
rr_interval_4002_first_50000_001,375,500,38251,38625,38001,38500,0.6667,stable,stable,dominant_stable,dominant_stable,-0.0140,0.0140,0.0000,persisted
rr_interval_4002_first_50000_001,375,500,38626,39000,38501,39000,1.0000,stable,stable,dominant_stable,dominant_stable,0.0000,0.0000,0.0000,persisted
rr_interval_4002_first_50000_001,375,500,39001,39375,39001,39500,1.0000,stable,stable,dominant_stable,dominant_stable,0.0000,0.0000,0.0000,persisted
rr_interval_4002_first_50000_001,375,500,39376,39750,39501,40000,0.6667,stable,stable,dominant_stable,dominant_stable,0.0040,-0.0040,0.0000,persisted
rr_interval_4002_first_50000_001,375,500,39751,40125,39501,40000,0.6667,stable,stable,dominant_stable,dominant_stable,0.0040,-0.0013,-0.0027,persisted
rr_interval_4002_first_50000_001,375,500,40126,40500,40001,40500,1.0000,stable,stable,dominant_stable,dominant_stable,0.0167,-0.0160,-0.0007,persisted
rr_interval_4002_first_50000_001,375,500,40501,40875,40501,41000,1.0000,stable,stable,dominant_stable,dominant_stable,0.0000,0.0000,0.0000,persisted
rr_interval_4002_first_50000_001,375,500,40876,41250,41001,41500,0.6667,stable,stable,dominant_stable,dominant_stable,0.0013,-0.0013,0.0000,persisted
rr_interval_4002_first_50000_001,375,500,41251,41625,41001,41500,0.6667,stable,stable,dominant_stable,dominant_stable,-0.0040,0.0040,0.0000,persisted
rr_interval_4002_first_50000_001,375,500,41626,42000,41501,42000,1.0000,stable,stable,dominant_stable,dominant_stable,0.0007,0.0000,-0.0007,persisted
rr_interval_4002_first_50000_001,375,500,42001,42375,42001,42500,1.0000,stable,stable,dominant_stable,dominant_stable,0.0013,0.0000,-0.0013,persisted
rr_interval_4002_first_50000_001,375,500,42376,42750,42501,43000,0.6667,stable,stable,dominant_stable,dominant_stable,0.0007,0.0000,-0.0007,persisted
rr_interval_4002_first_50000_001,375,500,42751,43125,42501,43000,0.6667,stable,stable,dominant_stable,dominant_stable,0.0033,0.0000,-0.0033,persisted
rr_interval_4002_first_50000_001,375,500,43126,43500,43001,43500,1.0000,stable,stable,dominant_stable,dominant_stable,0.0000,0.0000,0.0000,persisted
rr_interval_4002_first_50000_001,375,500,43501,43875,43501,44000,1.0000,stable,stable,dominant_stable,dominant_stable,0.0080,-0.0053,-0.0027,persisted
rr_interval_4002_first_50000_001,375,500,43876,44250,44001,44500,0.6667,stable,stable,dominant_stable,dominant_stable,-0.0040,0.0000,0.0040,persisted
rr_interval_4002_first_50000_001,375,500,44251,44625,44001,44500,0.6667,stable,stable,dominant_stable,dominant_stable,0.0067,-0.0080,0.0013,persisted
rr_interval_4002_first_50000_001,375,500,44626,45000,44501,45000,1.0000,stable,stable,dominant_stable,dominant_stable,0.0000,0.0000,0.0000,persisted
rr_interval_4002_first_50000_001,375,500,45001,45375,45001,45500,1.0000,stable,stable,dominant_stable,dominant_stable,0.0007,0.0000,-0.0007,persisted
rr_interval_4002_first_50000_001,375,500,45376,45750,45501,46000,0.6667,stable,stable,dominant_stable,dominant_stable,0.0027,0.0000,-0.0027,persisted
rr_interval_4002_first_50000_001,375,500,45751,46125,45501,46000,0.6667,stable,stable,dominant_stable,dominant_stable,0.0027,0.0000,-0.0027,persisted
rr_interval_4002_first_50000_001,375,500,46126,46500,46001,46500,1.0000,stable,stable,dominant_stable,dominant_stable,0.0000,0.0000,0.0000,persisted
rr_interval_4002_first_50000_001,375,500,46501,46875,46501,47000,1.0000,stable,stable,dominant_stable,dominant_stable,0.0000,0.0000,0.0000,persisted
rr_interval_4002_first_50000_001,375,500,46876,47250,47001,47500,0.6667,stable,stable,dominant_stable,dominant_stable,0.0033,-0.0053,0.0020,persisted
rr_interval_4002_first_50000_001,375,500,47251,47625,47001,47500,0.6667,stable,stable,dominant_stable,dominant_stable,-0.0020,0.0000,0.0020,persisted
rr_interval_4002_first_50000_001,375,500,47626,48000,47501,48000,1.0000,stable,stable,dominant_stable,dominant_stable,0.0007,0.0000,-0.0007,persisted
rr_interval_4002_first_50000_001,375,500,48001,48375,48001,48500,1.0000,stable,stable,dominant_stable,dominant_stable,-0.0060,0.0060,0.0000,persisted
rr_interval_4002_first_50000_001,375,500,48376,48750,48501,49000,0.6667,stable,stable,dominant_stable,dominant_stable,-0.0033,0.0060,-0.0027,persisted
rr_interval_4002_first_50000_001,375,500,48751,49125,48501,49000,0.6667,stable,stable,dominant_stable,dominant_stable,-0.0033,0.0060,-0.0027,persisted
rr_interval_4002_first_50000_001,375,500,49126,49500,49001,49500,1.0000,stable,stable,dominant_stable,dominant_stable,0.0107,-0.0080,-0.0027,persisted
rr_interval_4002_first_50000_001,375,500,49501,49875,49501,50000,1.0000,stable,stable,dominant_stable,dominant_stable,0.0000,0.0000,0.0000,persisted
rr_interval_4002_first_50000_001,375,500,49876,50000,49501,50000,1.0000,stable,stable,dominant_stable,dominant_stable,0.0480,-0.0400,-0.0080,persisted
rr_interval_4002_first_50000_001,500,625,1,500,1,625,1.0000,stable,stable,dominant_stable,dominant_stable,0.0016,-0.0012,-0.0004,persisted
rr_interval_4002_first_50000_001,500,625,501,1000,626,1250,0.7500,stable,stable,dominant_stable,dominant_stable,0.0000,0.0000,0.0000,persisted
rr_interval_4002_first_50000_001,500,625,1001,1500,626,1250,0.5000,stable,stable,dominant_stable,dominant_stable,0.0000,0.0000,0.0000,persisted
rr_interval_4002_first_50000_001,500,625,1501,2000,1251,1875,0.7500,stable,stable,dominant_stable,dominant_stable,-0.0012,0.0032,-0.0020,persisted
rr_interval_4002_first_50000_001,500,625,2001,2500,1876,2500,1.0000,stable,stable,dominant_stable,dominant_stable,0.0000,0.0000,0.0000,persisted
rr_interval_4002_first_50000_001,500,625,2501,3000,2501,3125,1.0000,stable,stable,dominant_stable,dominant_stable,0.0060,-0.0060,0.0000,persisted
rr_interval_4002_first_50000_001,500,625,3001,3500,3126,3750,0.7500,stable,stable,dominant_stable,dominant_stable,-0.0016,0.0000,0.0016,persisted
rr_interval_4002_first_50000_001,500,625,3501,4000,3126,3750,0.5000,stable,stable,dominant_stable,dominant_stable,-0.0016,0.0000,0.0016,persisted
rr_interval_4002_first_50000_001,500,625,4001,4500,3751,4375,0.7500,stable,stable,dominant_stable,dominant_stable,0.0080,-0.0060,-0.0020,persisted
rr_interval_4002_first_50000_001,500,625,4501,5000,4376,5000,1.0000,stable,stable,dominant_stable,dominant_stable,-0.0008,0.0008,0.0000,persisted
rr_interval_4002_first_50000_001,500,625,5001,5500,5001,5625,1.0000,stable,stable,dominant_stable,dominant_stable,0.0012,-0.0012,0.0000,persisted
rr_interval_4002_first_50000_001,500,625,5501,6000,5626,6250,0.7500,stable,stable,dominant_stable,dominant_stable,0.0000,0.0000,0.0000,persisted
rr_interval_4002_first_50000_001,500,625,6001,6500,5626,6250,0.5000,stable,stable,dominant_stable,dominant_stable,0.0000,0.0000,0.0000,persisted
rr_interval_4002_first_50000_001,500,625,6501,7000,6251,6875,0.7500,stable,stable,dominant_stable,dominant_stable,-0.0048,0.0048,0.0000,persisted
rr_interval_4002_first_50000_001,500,625,7001,7500,6876,7500,1.0000,stable,stable,dominant_stable,dominant_stable,0.0060,-0.0060,0.0000,persisted
rr_interval_4002_first_50000_001,500,625,7501,8000,7501,8125,1.0000,stable,stable,dominant_stable,dominant_stable,0.0024,-0.0024,0.0000,persisted
rr_interval_4002_first_50000_001,500,625,8001,8500,8126,8750,0.7500,stable,stable,dominant_stable,dominant_stable,0.0012,-0.0008,-0.0004,persisted
rr_interval_4002_first_50000_001,500,625,8501,9000,8126,8750,0.5000,stable,stable,dominant_stable,dominant_stable,-0.0028,0.0032,-0.0004,persisted
rr_interval_4002_first_50000_001,500,625,9001,9500,8751,9375,0.7500,stable,stable,dominant_stable,dominant_stable,0.0012,-0.0008,-0.0004,persisted
rr_interval_4002_first_50000_001,500,625,9501,10000,9376,10000,1.0000,stable,stable,dominant_stable,dominant_stable,0.0000,-0.0012,0.0012,persisted
rr_interval_4002_first_50000_001,500,625,10001,10500,10001,10625,1.0000,stable,stable,dominant_stable,dominant_stable,0.0020,-0.0020,0.0000,persisted
rr_interval_4002_first_50000_001,500,625,10501,11000,10626,11250,0.7500,stable,stable,dominant_stable,dominant_stable,0.0020,-0.0020,0.0000,persisted
rr_interval_4002_first_50000_001,500,625,11001,11500,10626,11250,0.5000,stable,stable,dominant_stable,dominant_stable,-0.0080,0.0080,0.0000,persisted
rr_interval_4002_first_50000_001,500,625,11501,12000,11251,11875,0.7500,stable,stable,dominant_stable,dominant_stable,0.0000,0.0000,0.0000,persisted
rr_interval_4002_first_50000_001,500,625,12001,12500,11876,12500,1.0000,stable,stable,dominant_stable,dominant_stable,0.0000,0.0000,0.0000,persisted
rr_interval_4002_first_50000_001,500,625,12501,13000,12501,13125,1.0000,stable,stable,dominant_stable,dominant_stable,0.0004,0.0000,-0.0004,persisted
rr_interval_4002_first_50000_001,500,625,13001,13500,13126,13750,0.7500,stable,stable,dominant_stable,dominant_stable,0.0000,0.0000,0.0000,persisted
rr_interval_4002_first_50000_001,500,625,13501,14000,13126,13750,0.5000,stable,stable,dominant_stable,dominant_stable,0.0000,0.0000,0.0000,persisted
rr_interval_4002_first_50000_001,500,625,14001,14500,13751,14375,0.7500,stable,stable,dominant_stable,dominant_stable,0.0000,0.0000,0.0000,persisted
rr_interval_4002_first_50000_001,500,625,14501,15000,14376,15000,1.0000,stable,stable,dominant_stable,dominant_stable,0.0008,-0.0008,0.0000,persisted
rr_interval_4002_first_50000_001,500,625,15001,15500,15001,15625,1.0000,stable,stable,dominant_stable,dominant_stable,-0.0004,0.0024,-0.0020,persisted
rr_interval_4002_first_50000_001,500,625,15501,16000,15626,16250,0.7500,stable,stable,dominant_stable,dominant_stable,0.0000,0.0000,0.0000,persisted
rr_interval_4002_first_50000_001,500,625,16001,16500,15626,16250,0.5000,stable,stable,dominant_stable,dominant_stable,0.0000,0.0000,0.0000,persisted
rr_interval_4002_first_50000_001,500,625,16501,17000,16251,16875,0.7500,stable,stable,dominant_stable,dominant_stable,0.0000,0.0000,0.0000,persisted
rr_interval_4002_first_50000_001,500,625,17001,17500,16876,17500,1.0000,stable,stable,dominant_stable,dominant_stable,0.0008,0.0000,-0.0008,persisted
rr_interval_4002_first_50000_001,500,625,17501,18000,17501,18125,1.0000,stable,stable,dominant_stable,dominant_stable,0.0000,0.0000,0.0000,persisted
rr_interval_4002_first_50000_001,500,625,18001,18500,18126,18750,0.7500,stable,stable,dominant_stable,dominant_stable,0.0000,0.0000,0.0000,persisted
rr_interval_4002_first_50000_001,500,625,18501,19000,18126,18750,0.5000,stable,stable,dominant_stable,dominant_stable,0.0060,-0.0060,0.0000,persisted
rr_interval_4002_first_50000_001,500,625,19001,19500,18751,19375,0.7500,stable,stable,dominant_stable,dominant_stable,0.0012,-0.0012,0.0000,persisted
rr_interval_4002_first_50000_001,500,625,19501,20000,19376,20000,1.0000,stable,stable,dominant_stable,dominant_stable,0.0008,-0.0008,0.0000,persisted
rr_interval_4002_first_50000_001,500,625,20001,20500,20001,20625,1.0000,stable,stable,dominant_stable,dominant_stable,0.0012,-0.0012,0.0000,persisted
rr_interval_4002_first_50000_001,500,625,20501,21000,20626,21250,0.7500,stable,stable,dominant_stable,dominant_stable,0.0060,-0.0060,0.0000,persisted
rr_interval_4002_first_50000_001,500,625,21001,21500,20626,21250,0.5000,stable,stable,dominant_stable,dominant_stable,0.0100,-0.0100,0.0000,persisted
rr_interval_4002_first_50000_001,500,625,21501,22000,21251,21875,0.7500,stable,stable,dominant_stable,dominant_stable,0.0000,0.0000,0.0000,persisted
rr_interval_4002_first_50000_001,500,625,22001,22500,21876,22500,1.0000,stable,stable,dominant_stable,dominant_stable,0.0000,0.0000,0.0000,persisted
rr_interval_4002_first_50000_001,500,625,22501,23000,22501,23125,1.0000,stable,stable,dominant_stable,dominant_stable,0.0000,0.0000,0.0000,persisted
rr_interval_4002_first_50000_001,500,625,23001,23500,23126,23750,0.7500,stable,stable,dominant_stable,dominant_stable,0.0060,-0.0060,0.0000,persisted
rr_interval_4002_first_50000_001,500,625,23501,24000,23126,23750,0.5000,stable,stable,dominant_stable,dominant_stable,0.0000,0.0000,0.0000,persisted
rr_interval_4002_first_50000_001,500,625,24001,24500,23751,24375,0.7500,stable,stable,dominant_stable,dominant_stable,0.0000,0.0000,0.0000,persisted
rr_interval_4002_first_50000_001,500,625,24501,25000,24376,25000,1.0000,stable,stable,dominant_stable,dominant_stable,0.0004,0.0000,-0.0004,persisted
rr_interval_4002_first_50000_001,500,625,25001,25500,25001,25625,1.0000,stable,stable,dominant_stable,dominant_stable,0.0032,-0.0028,-0.0004,persisted
rr_interval_4002_first_50000_001,500,625,25501,26000,25626,26250,0.7500,stable,stable,dominant_stable,dominant_stable,-0.0044,0.0068,-0.0024,persisted
rr_interval_4002_first_50000_001,500,625,26001,26500,25626,26250,0.5000,stable,stable,dominant_stable,dominant_stable,-0.0084,0.0068,0.0016,persisted
rr_interval_4002_first_50000_001,500,625,26501,27000,26251,26875,0.7500,stable,stable,dominant_stable,dominant_stable,0.0000,0.0000,0.0000,persisted
rr_interval_4002_first_50000_001,500,625,27001,27500,26876,27500,1.0000,stable,stable,dominant_stable,dominant_stable,0.0000,0.0000,0.0000,persisted
rr_interval_4002_first_50000_001,500,625,27501,28000,27501,28125,1.0000,stable,stable,dominant_stable,dominant_stable,0.0020,-0.0020,0.0000,persisted
rr_interval_4002_first_50000_001,500,625,28001,28500,28126,28750,0.7500,stable,stable,dominant_stable,dominant_stable,0.0016,-0.0012,-0.0004,persisted
rr_interval_4002_first_50000_001,500,625,28501,29000,28126,28750,0.5000,stable,stable,dominant_stable,dominant_stable,-0.0064,0.0048,0.0016,persisted
rr_interval_4002_first_50000_001,500,625,29001,29500,28751,29375,0.7500,stable,stable,dominant_stable,dominant_stable,0.0000,0.0000,0.0000,persisted
rr_interval_4002_first_50000_001,500,625,29501,30000,29376,30000,1.0000,stable,stable,dominant_stable,dominant_stable,0.0008,-0.0008,0.0000,persisted
rr_interval_4002_first_50000_001,500,625,30001,30500,30001,30625,1.0000,stable,stable,dominant_stable,dominant_stable,-0.0012,0.0000,0.0012,persisted
rr_interval_4002_first_50000_001,500,625,30501,31000,30626,31250,0.7500,stable,stable,dominant_stable,dominant_stable,0.0052,-0.0068,0.0016,persisted
rr_interval_4002_first_50000_001,500,625,31001,31500,30626,31250,0.5000,stable,stable,dominant_stable,dominant_stable,-0.0008,0.0032,-0.0024,persisted
rr_interval_4002_first_50000_001,500,625,31501,32000,31251,31875,0.7500,stable,stable,dominant_stable,dominant_stable,-0.0028,0.0032,-0.0004,persisted
rr_interval_4002_first_50000_001,500,625,32001,32500,31876,32500,1.0000,stable,stable,dominant_stable,dominant_stable,-0.0012,0.0000,0.0012,persisted
rr_interval_4002_first_50000_001,500,625,32501,33000,32501,33125,1.0000,stable,stable,dominant_stable,dominant_stable,0.0084,-0.0060,-0.0024,persisted
rr_interval_4002_first_50000_001,500,625,33001,33500,33126,33750,0.7500,stable,stable,dominant_stable,dominant_stable,0.0020,0.0000,-0.0020,persisted
rr_interval_4002_first_50000_001,500,625,33501,34000,33126,33750,0.5000,stable,stable,dominant_stable,dominant_stable,0.0000,0.0000,0.0000,persisted
rr_interval_4002_first_50000_001,500,625,34001,34500,33751,34375,0.7500,stable,stable,dominant_stable,dominant_stable,-0.0060,0.0080,-0.0020,persisted
rr_interval_4002_first_50000_001,500,625,34501,35000,34376,35000,1.0000,stable,stable,dominant_stable,dominant_stable,0.0008,-0.0008,0.0000,persisted
rr_interval_4002_first_50000_001,500,625,35001,35500,35001,35625,1.0000,stable,stable,dominant_stable,dominant_stable,0.0004,0.0000,-0.0004,persisted
rr_interval_4002_first_50000_001,500,625,35501,36000,35626,36250,0.7500,stable,stable,dominant_stable,dominant_stable,0.0000,0.0000,0.0000,persisted
rr_interval_4002_first_50000_001,500,625,36001,36500,35626,36250,0.5000,stable,stable,dominant_stable,dominant_stable,0.0000,0.0000,0.0000,persisted
rr_interval_4002_first_50000_001,500,625,36501,37000,36251,36875,0.7500,stable,stable,dominant_stable,dominant_stable,-0.0032,0.0032,0.0000,persisted
rr_interval_4002_first_50000_001,500,625,37001,37500,36876,37500,1.0000,stable,stable,dominant_stable,dominant_stable,0.0000,0.0000,0.0000,persisted
rr_interval_4002_first_50000_001,500,625,37501,38000,37501,38125,1.0000,stable,stable,dominant_stable,dominant_stable,0.0012,-0.0012,0.0000,persisted
rr_interval_4002_first_50000_001,500,625,38001,38500,38126,38750,0.7500,stable,stable,dominant_stable,dominant_stable,0.0140,-0.0140,0.0000,persisted
rr_interval_4002_first_50000_001,500,625,38501,39000,38126,38750,0.5000,stable,stable,dominant_stable,dominant_stable,0.0000,0.0000,0.0000,persisted
rr_interval_4002_first_50000_001,500,625,39001,39500,38751,39375,0.7500,stable,stable,dominant_stable,dominant_stable,0.0000,0.0000,0.0000,persisted
rr_interval_4002_first_50000_001,500,625,39501,40000,39376,40000,1.0000,stable,stable,dominant_stable,dominant_stable,0.0040,-0.0040,0.0000,persisted
rr_interval_4002_first_50000_001,500,625,40001,40500,40001,40625,1.0000,stable,stable,dominant_stable,dominant_stable,0.0004,0.0000,-0.0004,persisted
rr_interval_4002_first_50000_001,500,625,40501,41000,40626,41250,0.7500,stable,stable,dominant_stable,dominant_stable,0.0000,0.0000,0.0000,persisted
rr_interval_4002_first_50000_001,500,625,41001,41500,40626,41250,0.5000,stable,stable,dominant_stable,dominant_stable,0.0040,-0.0040,0.0000,persisted
rr_interval_4002_first_50000_001,500,625,41501,42000,41251,41875,0.7500,stable,stable,dominant_stable,dominant_stable,0.0004,0.0000,-0.0004,persisted
rr_interval_4002_first_50000_001,500,625,42001,42500,41876,42500,1.0000,stable,stable,dominant_stable,dominant_stable,0.0008,0.0000,-0.0008,persisted
rr_interval_4002_first_50000_001,500,625,42501,43000,42501,43125,1.0000,stable,stable,dominant_stable,dominant_stable,-0.0028,0.0032,-0.0004,persisted
rr_interval_4002_first_50000_001,500,625,43001,43500,43126,43750,0.7500,stable,stable,dominant_stable,dominant_stable,-0.0016,0.0000,0.0016,persisted
rr_interval_4002_first_50000_001,500,625,43501,44000,43126,43750,0.5000,stable,stable,dominant_stable,dominant_stable,-0.0016,0.0000,0.0016,persisted
rr_interval_4002_first_50000_001,500,625,44001,44500,43751,44375,0.7500,stable,stable,dominant_stable,dominant_stable,0.0040,0.0000,-0.0040,persisted
rr_interval_4002_first_50000_001,500,625,44501,45000,44376,45000,1.0000,stable,stable,dominant_stable,dominant_stable,0.0000,0.0000,0.0000,persisted
rr_interval_4002_first_50000_001,500,625,45001,45500,45001,45625,1.0000,stable,stable,dominant_stable,dominant_stable,0.0004,0.0000,-0.0004,persisted
rr_interval_4002_first_50000_001,500,625,45501,46000,45626,46250,0.7500,stable,stable,dominant_stable,dominant_stable,0.0000,0.0000,0.0000,persisted
rr_interval_4002_first_50000_001,500,625,46001,46500,45626,46250,0.5000,stable,stable,dominant_stable,dominant_stable,0.0000,0.0000,0.0000,persisted
rr_interval_4002_first_50000_001,500,625,46501,47000,46251,46875,0.7500,stable,stable,dominant_stable,dominant_stable,0.0000,0.0000,0.0000,persisted
rr_interval_4002_first_50000_001,500,625,47001,47500,46876,47500,1.0000,stable,stable,dominant_stable,dominant_stable,0.0004,0.0000,-0.0004,persisted
rr_interval_4002_first_50000_001,500,625,47501,48000,47501,48125,1.0000,stable,stable,dominant_stable,dominant_stable,0.0004,0.0000,-0.0004,persisted
rr_interval_4002_first_50000_001,500,625,48001,48500,48126,48750,0.7500,stable,stable,dominant_stable,dominant_stable,0.0044,-0.0060,0.0016,persisted
rr_interval_4002_first_50000_001,500,625,48501,49000,48126,48750,0.5000,stable,stable,dominant_stable,dominant_stable,0.0044,-0.0060,0.0016,persisted
rr_interval_4002_first_50000_001,500,625,49001,49500,48751,49375,0.7500,stable,stable,dominant_stable,dominant_stable,0.0000,0.0000,0.0000,persisted
rr_interval_4002_first_50000_001,500,625,49501,50000,49376,50000,1.0000,stable,stable,dominant_stable,dominant_stable,0.0000,0.0000,0.0000,persisted
rr_interval_4002_first_50000_001,625,750,1,625,1,750,1.0000,stable,stable,dominant_stable,dominant_stable,0.0011,-0.0008,-0.0003,persisted
rr_interval_4002_first_50000_001,625,750,626,1250,751,1500,0.8000,stable,stable,dominant_stable,dominant_stable,0.0000,0.0000,0.0000,persisted
rr_interval_4002_first_50000_001,625,750,1251,1875,1501,2250,0.6000,stable,stable,dominant_stable,dominant_stable,0.0019,-0.0032,0.0013,persisted
rr_interval_4002_first_50000_001,625,750,1876,2500,1501,2250,0.6000,stable,stable,dominant_stable,dominant_stable,-0.0013,0.0000,0.0013,persisted
rr_interval_4002_first_50000_001,625,750,2501,3125,2251,3000,0.8000,stable,stable,dominant_stable,dominant_stable,0.0000,0.0000,0.0000,persisted
rr_interval_4002_first_50000_001,625,750,3126,3750,3001,3750,1.0000,stable,stable,dominant_stable,dominant_stable,0.0016,0.0000,-0.0016,persisted
rr_interval_4002_first_50000_001,625,750,3751,4375,3751,4500,1.0000,stable,stable,dominant_stable,dominant_stable,-0.0053,0.0040,0.0013,persisted
rr_interval_4002_first_50000_001,625,750,4376,5000,4501,5250,0.8000,stable,stable,dominant_stable,dominant_stable,0.0021,-0.0021,0.0000,persisted
rr_interval_4002_first_50000_001,625,750,5001,5625,5251,6000,0.6000,stable,stable,dominant_stable,dominant_stable,0.0048,-0.0048,0.0000,persisted
rr_interval_4002_first_50000_001,625,750,5626,6250,5251,6000,0.6000,stable,stable,dominant_stable,dominant_stable,0.0000,0.0000,0.0000,persisted
rr_interval_4002_first_50000_001,625,750,6251,6875,6001,6750,0.8000,stable,stable,dominant_stable,dominant_stable,0.0048,-0.0048,0.0000,persisted
rr_interval_4002_first_50000_001,625,750,6876,7500,6751,7500,1.0000,stable,stable,dominant_stable,dominant_stable,0.0000,0.0000,0.0000,persisted
rr_interval_4002_first_50000_001,625,750,7501,8125,7501,8250,1.0000,stable,stable,dominant_stable,dominant_stable,0.0056,-0.0056,0.0000,persisted
rr_interval_4002_first_50000_001,625,750,8126,8750,8251,9000,0.8000,stable,stable,dominant_stable,dominant_stable,-0.0005,0.0008,-0.0003,persisted
rr_interval_4002_first_50000_001,625,750,8751,9375,9001,9750,0.6000,stable,stable,dominant_stable,dominant_stable,0.0008,-0.0005,-0.0003,persisted
rr_interval_4002_first_50000_001,625,750,9376,10000,9001,9750,0.6000,stable,stable,dominant_stable,dominant_stable,0.0040,-0.0021,-0.0019,persisted
rr_interval_4002_first_50000_001,625,750,10001,10625,9751,10500,0.8000,stable,stable,dominant_stable,dominant_stable,0.0013,-0.0013,0.0000,persisted
rr_interval_4002_first_50000_001,625,750,10626,11250,10501,11250,1.0000,stable,stable,dominant_stable,dominant_stable,0.0013,-0.0013,0.0000,persisted
rr_interval_4002_first_50000_001,625,750,11251,11875,11251,12000,1.0000,stable,stable,dominant_stable,dominant_stable,0.0000,0.0000,0.0000,persisted
rr_interval_4002_first_50000_001,625,750,11876,12500,12001,12750,0.8000,stable,stable,dominant_stable,dominant_stable,0.0000,0.0000,0.0000,persisted
rr_interval_4002_first_50000_001,625,750,12501,13125,12751,13500,0.6000,stable,stable,dominant_stable,dominant_stable,0.0016,0.0000,-0.0016,persisted
rr_interval_4002_first_50000_001,625,750,13126,13750,12751,13500,0.6000,stable,stable,dominant_stable,dominant_stable,0.0000,0.0000,0.0000,persisted
rr_interval_4002_first_50000_001,625,750,13751,14375,13501,14250,0.8000,stable,stable,dominant_stable,dominant_stable,0.0000,0.0000,0.0000,persisted
rr_interval_4002_first_50000_001,625,750,14376,15000,14251,15000,1.0000,stable,stable,dominant_stable,dominant_stable,-0.0008,0.0008,0.0000,persisted
rr_interval_4002_first_50000_001,625,750,15001,15625,15001,15750,1.0000,stable,stable,dominant_stable,dominant_stable,0.0037,-0.0037,0.0000,persisted
rr_interval_4002_first_50000_001,625,750,15626,16250,15751,16500,0.8000,stable,stable,dominant_stable,dominant_stable,0.0000,0.0000,0.0000,persisted
rr_interval_4002_first_50000_001,625,750,16251,16875,16501,17250,0.6000,stable,stable,dominant_stable,dominant_stable,0.0000,0.0000,0.0000,persisted
rr_interval_4002_first_50000_001,625,750,16876,17500,16501,17250,0.6000,stable,stable,dominant_stable,dominant_stable,0.0032,0.0000,-0.0032,persisted
rr_interval_4002_first_50000_001,625,750,17501,18125,17251,18000,0.8000,stable,stable,dominant_stable,dominant_stable,-0.0013,0.0000,0.0013,persisted
rr_interval_4002_first_50000_001,625,750,18126,18750,18001,18750,1.0000,stable,stable,dominant_stable,dominant_stable,0.0000,0.0000,0.0000,persisted
rr_interval_4002_first_50000_001,625,750,18751,19375,18751,19500,1.0000,stable,stable,dominant_stable,dominant_stable,0.0008,-0.0008,0.0000,persisted
rr_interval_4002_first_50000_001,625,750,19376,20000,19501,20250,0.8000,stable,stable,dominant_stable,dominant_stable,0.0005,-0.0005,0.0000,persisted
rr_interval_4002_first_50000_001,625,750,20001,20625,20251,21000,0.6000,stable,stable,dominant_stable,dominant_stable,0.0008,-0.0008,0.0000,persisted
rr_interval_4002_first_50000_001,625,750,20626,21250,20251,21000,0.6000,stable,stable,dominant_stable,dominant_stable,-0.0040,0.0040,0.0000,persisted
rr_interval_4002_first_50000_001,625,750,21251,21875,21001,21750,0.8000,stable,stable,dominant_stable,dominant_stable,-0.0067,0.0067,0.0000,persisted
rr_interval_4002_first_50000_001,625,750,21876,22500,21751,22500,1.0000,stable,stable,dominant_stable,dominant_stable,0.0000,0.0000,0.0000,persisted
rr_interval_4002_first_50000_001,625,750,22501,23125,22501,23250,1.0000,stable,stable,dominant_stable,dominant_stable,0.0000,0.0000,0.0000,persisted
rr_interval_4002_first_50000_001,625,750,23126,23750,23251,24000,0.8000,stable,stable,dominant_stable,dominant_stable,0.0000,0.0000,0.0000,persisted
rr_interval_4002_first_50000_001,625,750,23751,24375,24001,24750,0.6000,stable,stable,dominant_stable,dominant_stable,-0.0013,0.0000,0.0013,persisted
rr_interval_4002_first_50000_001,625,750,24376,25000,24001,24750,0.6000,stable,stable,dominant_stable,dominant_stable,0.0003,0.0000,-0.0003,persisted
rr_interval_4002_first_50000_001,625,750,25001,25625,24751,25500,0.8000,stable,stable,dominant_stable,dominant_stable,0.0021,-0.0005,-0.0016,persisted
rr_interval_4002_first_50000_001,625,750,25626,26250,25501,26250,1.0000,stable,stable,dominant_stable,dominant_stable,0.0091,-0.0101,0.0011,persisted
rr_interval_4002_first_50000_001,625,750,26251,26875,26251,27000,1.0000,stable,stable,dominant_stable,dominant_stable,0.0000,0.0000,0.0000,persisted
rr_interval_4002_first_50000_001,625,750,26876,27500,27001,27750,0.8000,stable,stable,dominant_stable,dominant_stable,0.0000,0.0000,0.0000,persisted
rr_interval_4002_first_50000_001,625,750,27501,28125,27751,28500,0.6000,stable,stable,dominant_stable,dominant_stable,0.0000,-0.0013,0.0013,persisted
rr_interval_4002_first_50000_001,625,750,28126,28750,27751,28500,0.6000,stable,stable,dominant_stable,dominant_stable,-0.0016,0.0019,-0.0003,persisted
rr_interval_4002_first_50000_001,625,750,28751,29375,28501,29250,0.8000,stable,stable,dominant_stable,dominant_stable,0.0000,0.0000,0.0000,persisted
rr_interval_4002_first_50000_001,625,750,29376,30000,29251,30000,1.0000,stable,stable,dominant_stable,dominant_stable,0.0005,-0.0005,0.0000,persisted
rr_interval_4002_first_50000_001,625,750,30001,30625,30001,30750,1.0000,stable,stable,dominant_stable,dominant_stable,0.0005,0.0000,-0.0005,persisted
rr_interval_4002_first_50000_001,625,750,30626,31250,30751,31500,0.8000,stable,stable,dominant_stable,dominant_stable,0.0008,-0.0005,-0.0003,persisted
rr_interval_4002_first_50000_001,625,750,31251,31875,31501,32250,0.6000,stable,stable,dominant_stable,dominant_stable,0.0035,-0.0032,-0.0003,persisted
rr_interval_4002_first_50000_001,625,750,31876,32500,31501,32250,0.6000,stable,stable,dominant_stable,dominant_stable,0.0019,0.0000,-0.0019,persisted
rr_interval_4002_first_50000_001,625,750,32501,33125,32251,33000,0.8000,stable,stable,dominant_stable,dominant_stable,-0.0051,0.0040,0.0011,persisted
rr_interval_4002_first_50000_001,625,750,33126,33750,33001,33750,1.0000,stable,stable,dominant_stable,dominant_stable,-0.0013,0.0000,0.0013,persisted
rr_interval_4002_first_50000_001,625,750,33751,34375,33751,34500,1.0000,stable,stable,dominant_stable,dominant_stable,0.0013,-0.0013,0.0000,persisted
rr_interval_4002_first_50000_001,625,750,34376,35000,34501,35250,0.8000,stable,stable,dominant_stable,dominant_stable,-0.0008,0.0008,0.0000,persisted
rr_interval_4002_first_50000_001,625,750,35001,35625,35251,36000,0.6000,stable,stable,dominant_stable,dominant_stable,0.0016,0.0000,-0.0016,persisted
rr_interval_4002_first_50000_001,625,750,35626,36250,35251,36000,0.6000,stable,stable,dominant_stable,dominant_stable,0.0000,0.0000,0.0000,persisted
rr_interval_4002_first_50000_001,625,750,36251,36875,36001,36750,0.8000,stable,stable,dominant_stable,dominant_stable,0.0032,-0.0032,0.0000,persisted
rr_interval_4002_first_50000_001,625,750,36876,37500,36751,37500,1.0000,stable,stable,dominant_stable,dominant_stable,0.0000,0.0000,0.0000,persisted
rr_interval_4002_first_50000_001,625,750,37501,38125,37501,38250,1.0000,stable,stable,dominant_stable,dominant_stable,0.0008,-0.0008,0.0000,persisted
rr_interval_4002_first_50000_001,625,750,38126,38750,38251,39000,0.8000,stable,stable,dominant_stable,dominant_stable,0.0000,0.0000,0.0000,persisted
rr_interval_4002_first_50000_001,625,750,38751,39375,39001,39750,0.6000,stable,stable,dominant_stable,dominant_stable,0.0000,0.0000,0.0000,persisted
rr_interval_4002_first_50000_001,625,750,39376,40000,39001,39750,0.6000,stable,stable,dominant_stable,dominant_stable,0.0000,0.0000,0.0000,persisted
rr_interval_4002_first_50000_001,625,750,40001,40625,39751,40500,0.8000,stable,stable,dominant_stable,dominant_stable,-0.0011,0.0027,-0.0016,persisted
rr_interval_4002_first_50000_001,625,750,40626,41250,40501,41250,1.0000,stable,stable,dominant_stable,dominant_stable,0.0000,0.0000,0.0000,persisted
rr_interval_4002_first_50000_001,625,750,41251,41875,41251,42000,1.0000,stable,stable,dominant_stable,dominant_stable,0.0003,0.0000,-0.0003,persisted
rr_interval_4002_first_50000_001,625,750,41876,42500,42001,42750,0.8000,stable,stable,dominant_stable,dominant_stable,0.0005,0.0000,-0.0005,persisted
rr_interval_4002_first_50000_001,625,750,42501,43125,42751,43500,0.6000,stable,stable,dominant_stable,dominant_stable,0.0048,-0.0032,-0.0016,persisted
rr_interval_4002_first_50000_001,625,750,43126,43750,42751,43500,0.6000,stable,stable,dominant_stable,dominant_stable,0.0016,0.0000,-0.0016,persisted
rr_interval_4002_first_50000_001,625,750,43751,44375,43501,44250,0.8000,stable,stable,dominant_stable,dominant_stable,0.0000,0.0000,0.0000,persisted
rr_interval_4002_first_50000_001,625,750,44376,45000,44251,45000,1.0000,stable,stable,dominant_stable,dominant_stable,0.0000,0.0000,0.0000,persisted
rr_interval_4002_first_50000_001,625,750,45001,45625,45001,45750,1.0000,stable,stable,dominant_stable,dominant_stable,0.0003,0.0000,-0.0003,persisted
rr_interval_4002_first_50000_001,625,750,45626,46250,45751,46500,0.8000,stable,stable,dominant_stable,dominant_stable,0.0000,0.0000,0.0000,persisted
rr_interval_4002_first_50000_001,625,750,46251,46875,46501,47250,0.6000,stable,stable,dominant_stable,dominant_stable,0.0000,0.0000,0.0000,persisted
rr_interval_4002_first_50000_001,625,750,46876,47500,46501,47250,0.6000,stable,stable,dominant_stable,dominant_stable,0.0016,0.0000,-0.0016,persisted
rr_interval_4002_first_50000_001,625,750,47501,48125,47251,48000,0.8000,stable,stable,dominant_stable,dominant_stable,0.0016,0.0000,-0.0016,persisted
rr_interval_4002_first_50000_001,625,750,48126,48750,48001,48750,1.0000,stable,stable,dominant_stable,dominant_stable,0.0003,0.0000,-0.0003,persisted
rr_interval_4002_first_50000_001,625,750,48751,49375,48751,49500,1.0000,stable,stable,dominant_stable,dominant_stable,0.0000,0.0000,0.0000,persisted
rr_interval_4002_first_50000_001,625,750,49376,50000,49501,50000,1.0000,stable,stable,dominant_stable,dominant_stable,0.0000,0.0000,0.0000,persisted
rr_interval_4002_first_50000_001,750,875,1,750,1,875,1.0000,stable,stable,dominant_stable,dominant_stable,0.0008,-0.0006,-0.0002,persisted
rr_interval_4002_first_50000_001,750,875,751,1500,876,1750,0.8333,stable,stable,dominant_stable,dominant_stable,0.0000,0.0000,0.0000,persisted
rr_interval_4002_first_50000_001,750,875,1501,2250,1751,2625,0.6667,stable,stable,dominant_stable,dominant_stable,0.0013,0.0000,-0.0013,persisted
rr_interval_4002_first_50000_001,750,875,2251,3000,1751,2625,0.5000,stable,stable,dominant_stable,dominant_stable,0.0000,0.0000,0.0000,persisted
rr_interval_4002_first_50000_001,750,875,3001,3750,2626,3500,0.6667,stable,stable,dominant_stable,dominant_stable,0.0000,0.0000,0.0000,persisted
rr_interval_4002_first_50000_001,750,875,3751,4500,3501,4375,0.8333,stable,stable,dominant_stable,dominant_stable,0.0053,-0.0040,-0.0013,persisted
rr_interval_4002_first_50000_001,750,875,4501,5250,4376,5250,1.0000,stable,stable,dominant_stable,dominant_stable,-0.0008,0.0008,0.0000,persisted
rr_interval_4002_first_50000_001,750,875,5251,6000,5251,6125,1.0000,stable,stable,dominant_stable,dominant_stable,0.0000,0.0000,0.0000,persisted
rr_interval_4002_first_50000_001,750,875,6001,6750,6126,7000,0.8333,stable,stable,dominant_stable,dominant_stable,0.0000,0.0000,0.0000,persisted
rr_interval_4002_first_50000_001,750,875,6751,7500,7001,7875,0.6667,stable,stable,dominant_stable,dominant_stable,-0.0034,0.0034,0.0000,persisted
rr_interval_4002_first_50000_001,750,875,7501,8250,7001,7875,0.5000,stable,stable,dominant_stable,dominant_stable,0.0006,-0.0006,0.0000,persisted
rr_interval_4002_first_50000_001,750,875,8251,9000,7876,8750,0.6667,stable,stable,dominant_stable,dominant_stable,0.0053,-0.0040,-0.0013,persisted
rr_interval_4002_first_50000_001,750,875,9001,9750,8751,9625,0.8333,stable,stable,dominant_stable,dominant_stable,-0.0006,0.0008,-0.0002,persisted
rr_interval_4002_first_50000_001,750,875,9751,10500,9626,10500,1.0000,stable,stable,dominant_stable,dominant_stable,0.0010,-0.0010,0.0000,persisted
rr_interval_4002_first_50000_001,750,875,10501,11250,10501,11375,1.0000,stable,stable,dominant_stable,dominant_stable,0.0055,-0.0067,0.0011,persisted
rr_interval_4002_first_50000_001,750,875,11251,12000,11376,12250,0.8333,stable,stable,dominant_stable,dominant_stable,0.0000,0.0000,0.0000,persisted
rr_interval_4002_first_50000_001,750,875,12001,12750,12251,13125,0.6667,stable,stable,dominant_stable,dominant_stable,0.0000,0.0000,0.0000,persisted
rr_interval_4002_first_50000_001,750,875,12751,13500,12251,13125,0.5000,stable,stable,dominant_stable,dominant_stable,0.0000,0.0000,0.0000,persisted
rr_interval_4002_first_50000_001,750,875,13501,14250,13126,14000,0.6667,stable,stable,dominant_stable,dominant_stable,0.0000,0.0000,0.0000,persisted
rr_interval_4002_first_50000_001,750,875,14251,15000,14001,14875,0.8333,stable,stable,dominant_stable,dominant_stable,0.0040,-0.0040,0.0000,persisted
rr_interval_4002_first_50000_001,750,875,15001,15750,14876,15750,1.0000,stable,stable,dominant_stable,dominant_stable,0.0004,-0.0004,0.0000,persisted
rr_interval_4002_first_50000_001,750,875,15751,16500,15751,16625,1.0000,stable,stable,dominant_stable,dominant_stable,0.0000,0.0000,0.0000,persisted
rr_interval_4002_first_50000_001,750,875,16501,17250,16626,17500,0.8333,stable,stable,dominant_stable,dominant_stable,0.0000,0.0000,0.0000,persisted
rr_interval_4002_first_50000_001,750,875,17251,18000,17501,18375,0.6667,stable,stable,dominant_stable,dominant_stable,0.0013,0.0000,-0.0013,persisted
rr_interval_4002_first_50000_001,750,875,18001,18750,17501,18375,0.5000,stable,stable,dominant_stable,dominant_stable,0.0000,0.0000,0.0000,persisted
rr_interval_4002_first_50000_001,750,875,18751,19500,18376,19250,0.6667,stable,stable,dominant_stable,dominant_stable,0.0006,-0.0006,0.0000,persisted
rr_interval_4002_first_50000_001,750,875,19501,20250,19251,20125,0.8333,stable,stable,dominant_stable,dominant_stable,0.0004,-0.0004,0.0000,persisted
rr_interval_4002_first_50000_001,750,875,20251,21000,20126,21000,1.0000,stable,stable,dominant_stable,dominant_stable,0.0006,-0.0006,0.0000,persisted
rr_interval_4002_first_50000_001,750,875,21001,21750,21001,21875,1.0000,stable,stable,dominant_stable,dominant_stable,0.0067,-0.0067,0.0000,persisted
rr_interval_4002_first_50000_001,750,875,21751,22500,21876,22750,0.8333,stable,stable,dominant_stable,dominant_stable,0.0000,0.0000,0.0000,persisted
rr_interval_4002_first_50000_001,750,875,22501,23250,22751,23625,0.6667,stable,stable,dominant_stable,dominant_stable,-0.0034,0.0034,0.0000,persisted
rr_interval_4002_first_50000_001,750,875,23251,24000,22751,23625,0.5000,stable,stable,dominant_stable,dominant_stable,-0.0034,0.0034,0.0000,persisted
rr_interval_4002_first_50000_001,750,875,24001,24750,23626,24500,0.6667,stable,stable,dominant_stable,dominant_stable,-0.0021,0.0023,-0.0002,persisted
rr_interval_4002_first_50000_001,750,875,24751,25500,24501,25375,0.8333,stable,stable,dominant_stable,dominant_stable,0.0015,-0.0027,0.0011,persisted
rr_interval_4002_first_50000_001,750,875,25501,26250,25376,26250,1.0000,stable,stable,dominant_stable,dominant_stable,0.0008,-0.0004,-0.0004,persisted
rr_interval_4002_first_50000_001,750,875,26251,27000,26251,27125,1.0000,stable,stable,dominant_stable,dominant_stable,0.0000,0.0000,0.0000,persisted
rr_interval_4002_first_50000_001,750,875,27001,27750,27126,28000,0.8333,stable,stable,dominant_stable,dominant_stable,0.0000,0.0000,0.0000,persisted
rr_interval_4002_first_50000_001,750,875,27751,28500,28001,28875,0.6667,stable,stable,dominant_stable,dominant_stable,0.0069,-0.0067,-0.0002,persisted
rr_interval_4002_first_50000_001,750,875,28501,29250,28001,28875,0.5000,stable,stable,dominant_stable,dominant_stable,-0.0011,0.0000,0.0011,persisted
rr_interval_4002_first_50000_001,750,875,29251,30000,28876,29750,0.6667,stable,stable,dominant_stable,dominant_stable,0.0027,-0.0027,0.0000,persisted
rr_interval_4002_first_50000_001,750,875,30001,30750,29751,30625,0.8333,stable,stable,dominant_stable,dominant_stable,0.0004,0.0000,-0.0004,persisted
rr_interval_4002_first_50000_001,750,875,30751,31500,30626,31500,1.0000,stable,stable,dominant_stable,dominant_stable,0.0006,-0.0004,-0.0002,persisted
rr_interval_4002_first_50000_001,750,875,31501,32250,31501,32375,1.0000,stable,stable,dominant_stable,dominant_stable,-0.0010,0.0000,0.0010,persisted
rr_interval_4002_first_50000_001,750,875,32251,33000,32376,33250,0.8333,stable,stable,dominant_stable,dominant_stable,0.0055,-0.0040,-0.0015,persisted
rr_interval_4002_first_50000_001,750,875,33001,33750,33251,34125,0.6667,stable,stable,dominant_stable,dominant_stable,0.0013,0.0000,-0.0013,persisted
rr_interval_4002_first_50000_001,750,875,33751,34500,33251,34125,0.5000,stable,stable,dominant_stable,dominant_stable,0.0067,-0.0067,0.0000,persisted
rr_interval_4002_first_50000_001,750,875,34501,35250,34126,35000,0.6667,stable,stable,dominant_stable,dominant_stable,0.0006,-0.0017,0.0011,persisted
rr_interval_4002_first_50000_001,750,875,35251,36000,35001,35875,0.8333,stable,stable,dominant_stable,dominant_stable,-0.0011,0.0000,0.0011,persisted
rr_interval_4002_first_50000_001,750,875,36001,36750,35876,36750,1.0000,stable,stable,dominant_stable,dominant_stable,0.0000,0.0000,0.0000,persisted
rr_interval_4002_first_50000_001,750,875,36751,37500,36751,37625,1.0000,stable,stable,dominant_stable,dominant_stable,0.0000,0.0000,0.0000,persisted
rr_interval_4002_first_50000_001,750,875,37501,38250,37626,38500,0.8333,stable,stable,dominant_stable,dominant_stable,0.0040,-0.0040,0.0000,persisted
rr_interval_4002_first_50000_001,750,875,38251,39000,38501,39375,0.6667,stable,stable,dominant_stable,dominant_stable,0.0000,0.0000,0.0000,persisted
rr_interval_4002_first_50000_001,750,875,39001,39750,38501,39375,0.5000,stable,stable,dominant_stable,dominant_stable,0.0000,0.0000,0.0000,persisted
rr_interval_4002_first_50000_001,750,875,39751,40500,39376,40250,0.6667,stable,stable,dominant_stable,dominant_stable,0.0027,-0.0027,0.0000,persisted
rr_interval_4002_first_50000_001,750,875,40501,41250,40251,41125,0.8333,stable,stable,dominant_stable,dominant_stable,0.0000,0.0000,0.0000,persisted
rr_interval_4002_first_50000_001,750,875,41251,42000,41126,42000,1.0000,stable,stable,dominant_stable,dominant_stable,-0.0021,0.0034,-0.0013,persisted
rr_interval_4002_first_50000_001,750,875,42001,42750,42001,42875,1.0000,stable,stable,dominant_stable,dominant_stable,0.0004,0.0000,-0.0004,persisted
rr_interval_4002_first_50000_001,750,875,42751,43500,42876,43750,0.8333,stable,stable,dominant_stable,dominant_stable,-0.0011,0.0000,0.0011,persisted
rr_interval_4002_first_50000_001,750,875,43501,44250,43751,44625,0.6667,stable,stable,dominant_stable,dominant_stable,0.0000,0.0000,0.0000,persisted
rr_interval_4002_first_50000_001,750,875,44251,45000,43751,44625,0.5000,stable,stable,dominant_stable,dominant_stable,0.0000,0.0000,0.0000,persisted
rr_interval_4002_first_50000_001,750,875,45001,45750,44626,45500,0.6667,stable,stable,dominant_stable,dominant_stable,0.0013,0.0000,-0.0013,persisted
rr_interval_4002_first_50000_001,750,875,45751,46500,45501,46375,0.8333,stable,stable,dominant_stable,dominant_stable,0.0000,0.0000,0.0000,persisted
rr_interval_4002_first_50000_001,750,875,46501,47250,46376,47250,1.0000,stable,stable,dominant_stable,dominant_stable,0.0000,0.0000,0.0000,persisted
rr_interval_4002_first_50000_001,750,875,47251,48000,47251,48125,1.0000,stable,stable,dominant_stable,dominant_stable,0.0000,0.0000,0.0000,persisted
rr_interval_4002_first_50000_001,750,875,48001,48750,48126,49000,0.8333,stable,stable,dominant_stable,dominant_stable,0.0013,0.0000,-0.0013,persisted
rr_interval_4002_first_50000_001,750,875,48751,49500,49001,49875,0.6667,stable,stable,dominant_stable,dominant_stable,0.0000,0.0000,0.0000,persisted
rr_interval_4002_first_50000_001,750,875,49501,50000,49876,50000,1.0000,stable,stable,dominant_stable,dominant_stable,-0.0480,0.0400,0.0080,persisted
rr_interval_4002_first_50000_001,875,1000,1,875,1,1000,1.0000,stable,stable,dominant_stable,dominant_stable,0.0006,-0.0004,-0.0001,persisted
rr_interval_4002_first_50000_001,875,1000,876,1750,1001,2000,0.8571,stable,stable,dominant_stable,dominant_stable,0.0000,0.0000,0.0000,persisted
rr_interval_4002_first_50000_001,875,1000,1751,2625,2001,3000,0.7143,stable,stable,dominant_stable,dominant_stable,0.0000,0.0000,0.0000,persisted
rr_interval_4002_first_50000_001,875,1000,2626,3500,3001,4000,0.5714,stable,stable,dominant_stable,dominant_stable,0.0000,0.0000,0.0000,persisted
rr_interval_4002_first_50000_001,875,1000,3501,4375,3001,4000,0.5714,stable,stable,dominant_stable,dominant_stable,0.0000,0.0000,0.0000,persisted
rr_interval_4002_first_50000_001,875,1000,4376,5250,4001,5000,0.7143,stable,stable,dominant_stable,dominant_stable,0.0004,-0.0004,0.0000,persisted
rr_interval_4002_first_50000_001,875,1000,5251,6125,5001,6000,0.8571,stable,stable,dominant_stable,dominant_stable,0.0000,0.0000,0.0000,persisted
rr_interval_4002_first_50000_001,875,1000,6126,7000,6001,7000,1.0000,stable,stable,dominant_stable,dominant_stable,0.0000,0.0000,0.0000,persisted
rr_interval_4002_first_50000_001,875,1000,7001,7875,7001,8000,1.0000,stable,stable,dominant_stable,dominant_stable,0.0004,-0.0004,0.0000,persisted
rr_interval_4002_first_50000_001,875,1000,7876,8750,8001,9000,0.8571,stable,stable,dominant_stable,dominant_stable,-0.0040,0.0030,0.0010,persisted
rr_interval_4002_first_50000_001,875,1000,8751,9625,9001,10000,0.7143,stable,stable,dominant_stable,dominant_stable,0.0016,-0.0014,-0.0001,persisted
rr_interval_4002_first_50000_001,875,1000,9626,10500,10001,11000,0.5714,stable,stable,dominant_stable,dominant_stable,0.0057,-0.0057,0.0000,persisted
rr_interval_4002_first_50000_001,875,1000,10501,11375,10001,11000,0.5714,stable,stable,dominant_stable,dominant_stable,0.0011,0.0000,-0.0011,persisted
rr_interval_4002_first_50000_001,875,1000,11376,12250,11001,12000,0.7143,stable,stable,dominant_stable,dominant_stable,0.0000,0.0000,0.0000,persisted
rr_interval_4002_first_50000_001,875,1000,12251,13125,12001,13000,0.8571,stable,stable,dominant_stable,dominant_stable,0.0000,0.0000,0.0000,persisted
rr_interval_4002_first_50000_001,875,1000,13126,14000,13001,14000,1.0000,stable,stable,dominant_stable,dominant_stable,0.0000,0.0000,0.0000,persisted
rr_interval_4002_first_50000_001,875,1000,14001,14875,14001,15000,1.0000,stable,stable,dominant_stable,dominant_stable,0.0000,0.0000,0.0000,persisted
rr_interval_4002_first_50000_001,875,1000,14876,15750,15001,16000,0.8571,stable,stable,dominant_stable,dominant_stable,0.0023,-0.0023,0.0000,persisted
rr_interval_4002_first_50000_001,875,1000,15751,16625,16001,17000,0.7143,stable,stable,dominant_stable,dominant_stable,0.0000,0.0000,0.0000,persisted
rr_interval_4002_first_50000_001,875,1000,16626,17500,17001,18000,0.5714,stable,stable,dominant_stable,dominant_stable,-0.0010,0.0000,0.0010,persisted
rr_interval_4002_first_50000_001,875,1000,17501,18375,17001,18000,0.5714,stable,stable,dominant_stable,dominant_stable,-0.0010,0.0000,0.0010,persisted
rr_interval_4002_first_50000_001,875,1000,18376,19250,18001,19000,0.7143,stable,stable,dominant_stable,dominant_stable,0.0004,-0.0004,0.0000,persisted
rr_interval_4002_first_50000_001,875,1000,19251,20125,19001,20000,0.8571,stable,stable,dominant_stable,dominant_stable,0.0023,-0.0023,0.0000,persisted
rr_interval_4002_first_50000_001,875,1000,20126,21000,20001,21000,1.0000,stable,stable,dominant_stable,dominant_stable,0.0004,-0.0004,0.0000,persisted
rr_interval_4002_first_50000_001,875,1000,21001,21875,21001,22000,1.0000,stable,stable,dominant_stable,dominant_stable,0.0000,0.0000,0.0000,persisted
rr_interval_4002_first_50000_001,875,1000,21876,22750,22001,23000,0.8571,stable,stable,dominant_stable,dominant_stable,0.0000,0.0000,0.0000,persisted
rr_interval_4002_first_50000_001,875,1000,22751,23625,23001,24000,0.7143,stable,stable,dominant_stable,dominant_stable,0.0034,-0.0034,0.0000,persisted
rr_interval_4002_first_50000_001,875,1000,23626,24500,24001,25000,0.5714,stable,stable,dominant_stable,dominant_stable,0.0024,-0.0023,-0.0001,persisted
rr_interval_4002_first_50000_001,875,1000,24501,25375,24001,25000,0.5714,stable,stable,dominant_stable,dominant_stable,0.0001,0.0000,-0.0001,persisted
rr_interval_4002_first_50000_001,875,1000,25376,26250,25001,26000,0.7143,stable,stable,dominant_stable,dominant_stable,0.0026,-0.0023,-0.0003,persisted
rr_interval_4002_first_50000_001,875,1000,26251,27125,26001,27000,0.8571,stable,stable,dominant_stable,dominant_stable,0.0000,0.0000,0.0000,persisted
rr_interval_4002_first_50000_001,875,1000,27126,28000,27001,28000,1.0000,stable,stable,dominant_stable,dominant_stable,0.0000,0.0000,0.0000,persisted
rr_interval_4002_first_50000_001,875,1000,28001,28875,28001,29000,1.0000,stable,stable,dominant_stable,dominant_stable,0.0011,0.0000,-0.0011,persisted
rr_interval_4002_first_50000_001,875,1000,28876,29750,29001,30000,0.8571,stable,stable,dominant_stable,dominant_stable,0.0000,0.0000,0.0000,persisted
rr_interval_4002_first_50000_001,875,1000,29751,30625,30001,31000,0.7143,stable,stable,dominant_stable,dominant_stable,-0.0007,0.0020,-0.0013,persisted
rr_interval_4002_first_50000_001,875,1000,30626,31500,31001,32000,0.5714,stable,stable,dominant_stable,dominant_stable,0.0014,-0.0023,0.0009,persisted
rr_interval_4002_first_50000_001,875,1000,31501,32375,31001,32000,0.5714,stable,stable,dominant_stable,dominant_stable,0.0003,0.0000,-0.0003,persisted
rr_interval_4002_first_50000_001,875,1000,32376,33250,32001,33000,0.7143,stable,stable,dominant_stable,dominant_stable,-0.0039,0.0030,0.0009,persisted
rr_interval_4002_first_50000_001,875,1000,33251,34125,33001,34000,0.8571,stable,stable,dominant_stable,dominant_stable,0.0000,0.0000,0.0000,persisted
rr_interval_4002_first_50000_001,875,1000,34126,35000,34001,35000,1.0000,stable,stable,dominant_stable,dominant_stable,0.0004,-0.0003,-0.0001,persisted
rr_interval_4002_first_50000_001,875,1000,35001,35875,35001,36000,1.0000,stable,stable,dominant_stable,dominant_stable,0.0001,0.0000,-0.0001,persisted
rr_interval_4002_first_50000_001,875,1000,35876,36750,36001,37000,0.8571,stable,stable,dominant_stable,dominant_stable,0.0000,0.0000,0.0000,persisted
rr_interval_4002_first_50000_001,875,1000,36751,37625,37001,38000,0.7143,stable,stable,dominant_stable,dominant_stable,0.0000,0.0000,0.0000,persisted
rr_interval_4002_first_50000_001,875,1000,37626,38500,38001,39000,0.5714,stable,stable,dominant_stable,dominant_stable,0.0000,0.0000,0.0000,persisted
rr_interval_4002_first_50000_001,875,1000,38501,39375,38001,39000,0.5714,stable,stable,dominant_stable,dominant_stable,0.0000,0.0000,0.0000,persisted
rr_interval_4002_first_50000_001,875,1000,39376,40250,39001,40000,0.7143,stable,stable,dominant_stable,dominant_stable,0.0000,0.0000,0.0000,persisted
rr_interval_4002_first_50000_001,875,1000,40251,41125,40001,41000,0.8571,stable,stable,dominant_stable,dominant_stable,0.0000,0.0000,0.0000,persisted
rr_interval_4002_first_50000_001,875,1000,41126,42000,41001,42000,1.0000,stable,stable,dominant_stable,dominant_stable,0.0004,-0.0004,0.0000,persisted
rr_interval_4002_first_50000_001,875,1000,42001,42875,42001,43000,1.0000,stable,stable,dominant_stable,dominant_stable,0.0003,0.0000,-0.0003,persisted
rr_interval_4002_first_50000_001,875,1000,42876,43750,43001,44000,0.8571,stable,stable,dominant_stable,dominant_stable,0.0011,0.0000,-0.0011,persisted
rr_interval_4002_first_50000_001,875,1000,43751,44625,44001,45000,0.7143,stable,stable,dominant_stable,dominant_stable,0.0000,0.0000,0.0000,persisted
rr_interval_4002_first_50000_001,875,1000,44626,45500,45001,46000,0.5714,stable,stable,dominant_stable,dominant_stable,0.0000,0.0000,0.0000,persisted
rr_interval_4002_first_50000_001,875,1000,45501,46375,45001,46000,0.5714,stable,stable,dominant_stable,dominant_stable,0.0000,0.0000,0.0000,persisted
rr_interval_4002_first_50000_001,875,1000,46376,47250,46001,47000,0.7143,stable,stable,dominant_stable,dominant_stable,0.0000,0.0000,0.0000,persisted
rr_interval_4002_first_50000_001,875,1000,47251,48125,47001,48000,0.8571,stable,stable,dominant_stable,dominant_stable,0.0000,0.0000,0.0000,persisted
rr_interval_4002_first_50000_001,875,1000,48126,49000,48001,49000,1.0000,stable,stable,dominant_stable,dominant_stable,0.0000,0.0000,0.0000,persisted
rr_interval_4002_first_50000_001,875,1000,49001,49875,49001,50000,1.0000,stable,stable,dominant_stable,dominant_stable,0.0000,0.0000,0.0000,persisted
rr_interval_4002_first_50000_001,875,1000,49876,50000,49001,50000,1.0000,stable,stable,dominant_stable,dominant_stable,0.0480,-0.0400,-0.0080,persisted
