window_size,window_id,line_start,line_end,lines,stable_lines,middle_lines,residual_lines,stable_share,middle_share,residual_share,residual_self_adjacent,residual_near_stable,residual_near_middle,residual_self_adjacent_share,residual_near_stable_share,dominant_residual_family_share,dominant_residual_family,local_residue_posture
25,window_001,1,25,25,4,21,0,0.16,0.84,0.0,0,0,0,0.0,0.0,0.0,,no_residual
25,window_002,26,50,25,0,25,0,0.0,1.0,0.0,0,0,0,0.0,0.0,0.0,,no_residual
25,window_003,51,75,25,1,23,1,0.04,0.92,0.04,0,0,1,0.0,0.0,1.0,Jun <num> <num>:<num>:<num> combo kernel:,diffuse_residual
25,window_004,76,100,25,0,25,0,0.0,1.0,0.0,0,0,0,0.0,0.0,0.0,,no_residual
25,window_005,101,125,25,0,25,0,0.0,1.0,0.0,0,0,0,0.0,0.0,0.0,,no_residual
25,window_006,126,150,25,3,22,0,0.12,0.88,0.0,0,0,0,0.0,0.0,0.0,,no_residual
25,window_007,151,175,25,1,22,2,0.04,0.88,0.08,2,0,2,1.0,0.0,1.0,Jun <num> <num>:<num>:<num> combo kernel:,residual_island
25,window_008,176,200,25,0,25,0,0.0,1.0,0.0,0,0,0,0.0,0.0,0.0,,no_residual
25,window_009,201,225,25,2,23,0,0.08,0.92,0.0,0,0,0,0.0,0.0,0.0,,no_residual
25,window_010,226,250,25,0,25,0,0.0,1.0,0.0,0,0,0,0.0,0.0,0.0,,no_residual
25,window_011,251,275,25,17,8,0,0.68,0.32,0.0,0,0,0,0.0,0.0,0.0,,no_residual
25,window_012,276,300,25,5,19,1,0.2,0.76,0.04,0,0,1,0.0,0.0,1.0,Jun <num> <num>:<num>:<num> combo udev[<num>]:,diffuse_residual
25,window_013,301,325,25,0,22,3,0.0,0.88,0.12,2,0,3,0.6667,0.0,1.0,Jun <num> <num>:<num>:<num> combo udev[<num>]:,partial_residual_cluster
25,window_014,326,350,25,6,19,0,0.24,0.76,0.0,0,0,0,0.0,0.0,0.0,,no_residual
25,window_015,351,375,25,3,22,0,0.12,0.88,0.0,0,0,0,0.0,0.0,0.0,,no_residual
25,window_016,376,400,25,0,25,0,0.0,1.0,0.0,0,0,0,0.0,0.0,0.0,,no_residual
25,window_017,401,425,25,1,23,1,0.04,0.92,0.04,0,0,1,0.0,0.0,1.0,Jun <num> <num>:<num>:<num> combo kernel:,diffuse_residual
25,window_018,426,450,25,0,24,1,0.0,0.96,0.04,0,0,1,0.0,0.0,1.0,Jun <num> <num>:<num>:<num> combo sysctl:,diffuse_residual
25,window_019,451,475,25,0,25,0,0.0,1.0,0.0,0,0,0,0.0,0.0,0.0,,no_residual
25,window_020,476,500,25,3,22,0,0.12,0.88,0.0,0,0,0,0.0,0.0,0.0,,no_residual
25,window_021,501,525,25,1,24,0,0.04,0.96,0.0,0,0,0,0.0,0.0,0.0,,no_residual
25,window_022,526,550,25,1,24,0,0.04,0.96,0.0,0,0,0,0.0,0.0,0.0,,no_residual
25,window_023,551,575,25,1,24,0,0.04,0.96,0.0,0,0,0,0.0,0.0,0.0,,no_residual
25,window_024,576,600,25,2,23,0,0.08,0.92,0.0,0,0,0,0.0,0.0,0.0,,no_residual
25,window_025,601,625,25,17,8,0,0.68,0.32,0.0,0,0,0,0.0,0.0,0.0,,no_residual
25,window_026,626,650,25,3,22,0,0.12,0.88,0.0,0,0,0,0.0,0.0,0.0,,no_residual
25,window_027,651,675,25,1,24,0,0.04,0.96,0.0,0,0,0,0.0,0.0,0.0,,no_residual
25,window_028,676,700,25,23,1,1,0.92,0.04,0.04,0,1,0,0.0,1.0,1.0,Jun <num> <num>:<num>:<num> combo sshd(pam_unix)[<num>]:,stable_attached_residual
25,window_029,701,725,25,24,1,0,0.96,0.04,0.0,0,0,0,0.0,0.0,0.0,,no_residual
25,window_030,726,750,25,25,0,0,1.0,0.0,0.0,0,0,0,0.0,0.0,0.0,,no_residual
25,window_031,751,775,25,24,1,0,0.96,0.04,0.0,0,0,0,0.0,0.0,0.0,,no_residual
25,window_032,776,800,25,25,0,0,1.0,0.0,0.0,0,0,0,0.0,0.0,0.0,,no_residual
25,window_033,801,825,25,25,0,0,1.0,0.0,0.0,0,0,0,0.0,0.0,0.0,,no_residual
25,window_034,826,850,25,21,2,2,0.84,0.08,0.08,0,1,2,0.0,0.5,1.0,Jun <num> <num>:<num>:<num> combo gdm(pam_unix)[<num>]:,stable_attached_residual
25,window_035,851,875,25,25,0,0,1.0,0.0,0.0,0,0,0,0.0,0.0,0.0,,no_residual
25,window_036,876,900,25,25,0,0,1.0,0.0,0.0,0,0,0,0.0,0.0,0.0,,no_residual
25,window_037,901,925,25,25,0,0,1.0,0.0,0.0,0,0,0,0.0,0.0,0.0,,no_residual
25,window_038,926,950,25,25,0,0,1.0,0.0,0.0,0,0,0,0.0,0.0,0.0,,no_residual
25,window_039,951,975,25,25,0,0,1.0,0.0,0.0,0,0,0,0.0,0.0,0.0,,no_residual
25,window_040,976,1000,25,25,0,0,1.0,0.0,0.0,0,0,0,0.0,0.0,0.0,,no_residual
25,window_041,1001,1025,25,25,0,0,1.0,0.0,0.0,0,0,0,0.0,0.0,0.0,,no_residual
25,window_042,1026,1050,25,25,0,0,1.0,0.0,0.0,0,0,0,0.0,0.0,0.0,,no_residual
25,window_043,1051,1075,25,25,0,0,1.0,0.0,0.0,0,0,0,0.0,0.0,0.0,,no_residual
25,window_044,1076,1100,25,25,0,0,1.0,0.0,0.0,0,0,0,0.0,0.0,0.0,,no_residual
25,window_045,1101,1125,25,25,0,0,1.0,0.0,0.0,0,0,0,0.0,0.0,0.0,,no_residual
25,window_046,1126,1150,25,23,1,1,0.92,0.04,0.04,0,1,0,0.0,1.0,1.0,Jun <num> <num>:<num>:<num> combo ftpd[<num>]:,stable_attached_residual
25,window_047,1151,1175,25,24,0,1,0.96,0.0,0.04,0,1,0,0.0,1.0,1.0,Jun <num> <num>:<num>:<num> combo snmpd[<num>]:,stable_attached_residual
25,window_048,1176,1200,25,25,0,0,1.0,0.0,0.0,0,0,0,0.0,0.0,0.0,,no_residual
25,window_049,1201,1225,25,25,0,0,1.0,0.0,0.0,0,0,0,0.0,0.0,0.0,,no_residual
25,window_050,1226,1250,25,25,0,0,1.0,0.0,0.0,0,0,0,0.0,0.0,0.0,,no_residual
25,window_051,1251,1275,25,25,0,0,1.0,0.0,0.0,0,0,0,0.0,0.0,0.0,,no_residual
25,window_052,1276,1300,25,25,0,0,1.0,0.0,0.0,0,0,0,0.0,0.0,0.0,,no_residual
25,window_053,1301,1325,25,25,0,0,1.0,0.0,0.0,0,0,0,0.0,0.0,0.0,,no_residual
25,window_054,1326,1350,25,25,0,0,1.0,0.0,0.0,0,0,0,0.0,0.0,0.0,,no_residual
25,window_055,1351,1375,25,24,1,0,0.96,0.04,0.0,0,0,0,0.0,0.0,0.0,,no_residual
25,window_056,1376,1400,25,25,0,0,1.0,0.0,0.0,0,0,0,0.0,0.0,0.0,,no_residual
25,window_057,1401,1425,25,25,0,0,1.0,0.0,0.0,0,0,0,0.0,0.0,0.0,,no_residual
25,window_058,1426,1450,25,25,0,0,1.0,0.0,0.0,0,0,0,0.0,0.0,0.0,,no_residual
25,window_059,1451,1475,25,25,0,0,1.0,0.0,0.0,0,0,0,0.0,0.0,0.0,,no_residual
25,window_060,1476,1500,25,25,0,0,1.0,0.0,0.0,0,0,0,0.0,0.0,0.0,,no_residual
25,window_061,1501,1525,25,25,0,0,1.0,0.0,0.0,0,0,0,0.0,0.0,0.0,,no_residual
25,window_062,1526,1550,25,25,0,0,1.0,0.0,0.0,0,0,0,0.0,0.0,0.0,,no_residual
25,window_063,1551,1575,25,25,0,0,1.0,0.0,0.0,0,0,0,0.0,0.0,0.0,,no_residual
25,window_064,1576,1600,25,25,0,0,1.0,0.0,0.0,0,0,0,0.0,0.0,0.0,,no_residual
25,window_065,1601,1625,25,25,0,0,1.0,0.0,0.0,0,0,0,0.0,0.0,0.0,,no_residual
25,window_066,1626,1650,25,25,0,0,1.0,0.0,0.0,0,0,0,0.0,0.0,0.0,,no_residual
25,window_067,1651,1675,25,25,0,0,1.0,0.0,0.0,0,0,0,0.0,0.0,0.0,,no_residual
25,window_068,1676,1700,25,25,0,0,1.0,0.0,0.0,0,0,0,0.0,0.0,0.0,,no_residual
25,window_069,1701,1725,25,25,0,0,1.0,0.0,0.0,0,0,0,0.0,0.0,0.0,,no_residual
25,window_070,1726,1750,25,25,0,0,1.0,0.0,0.0,0,0,0,0.0,0.0,0.0,,no_residual
25,window_071,1751,1775,25,25,0,0,1.0,0.0,0.0,0,0,0,0.0,0.0,0.0,,no_residual
25,window_072,1776,1800,25,25,0,0,1.0,0.0,0.0,0,0,0,0.0,0.0,0.0,,no_residual
25,window_073,1801,1825,25,25,0,0,1.0,0.0,0.0,0,0,0,0.0,0.0,0.0,,no_residual
25,window_074,1826,1850,25,25,0,0,1.0,0.0,0.0,0,0,0,0.0,0.0,0.0,,no_residual
25,window_075,1851,1875,25,25,0,0,1.0,0.0,0.0,0,0,0,0.0,0.0,0.0,,no_residual
25,window_076,1876,1900,25,21,2,2,0.84,0.08,0.08,2,0,1,1.0,0.0,0.5,Jul <num> <num>:<num>:<num> combo login(pam_unix)[<num>]:,residual_island
25,window_077,1901,1925,25,12,12,1,0.48,0.48,0.04,1,0,1,1.0,0.0,1.0,Jul <num> <num>:<num>:<num> combo login(pam_unix)[<num>]:,residual_island
25,window_078,1926,1950,25,25,0,0,1.0,0.0,0.0,0,0,0,0.0,0.0,0.0,,no_residual
25,window_079,1951,1975,25,21,4,0,0.84,0.16,0.0,0,0,0,0.0,0.0,0.0,,no_residual
25,window_080,1976,2000,25,25,0,0,1.0,0.0,0.0,0,0,0,0.0,0.0,0.0,,no_residual
25,window_081,2001,2025,25,25,0,0,1.0,0.0,0.0,0,0,0,0.0,0.0,0.0,,no_residual
25,window_082,2026,2050,25,25,0,0,1.0,0.0,0.0,0,0,0,0.0,0.0,0.0,,no_residual
25,window_083,2051,2075,25,25,0,0,1.0,0.0,0.0,0,0,0,0.0,0.0,0.0,,no_residual
25,window_084,2076,2100,25,25,0,0,1.0,0.0,0.0,0,0,0,0.0,0.0,0.0,,no_residual
25,window_085,2101,2125,25,25,0,0,1.0,0.0,0.0,0,0,0,0.0,0.0,0.0,,no_residual
25,window_086,2126,2150,25,25,0,0,1.0,0.0,0.0,0,0,0,0.0,0.0,0.0,,no_residual
25,window_087,2151,2175,25,25,0,0,1.0,0.0,0.0,0,0,0,0.0,0.0,0.0,,no_residual
25,window_088,2176,2200,25,25,0,0,1.0,0.0,0.0,0,0,0,0.0,0.0,0.0,,no_residual
25,window_089,2201,2225,25,25,0,0,1.0,0.0,0.0,0,0,0,0.0,0.0,0.0,,no_residual
25,window_090,2226,2250,25,22,0,3,0.88,0.0,0.12,3,2,0,1.0,0.6667,0.6667,Jul <num> <num>:<num>:<num> combo gdm(pam_unix)[<num>]:,stable_attached_residual
25,window_091,2251,2275,25,25,0,0,1.0,0.0,0.0,0,0,0,0.0,0.0,0.0,,no_residual
25,window_092,2276,2300,25,25,0,0,1.0,0.0,0.0,0,0,0,0.0,0.0,0.0,,no_residual
25,window_093,2301,2325,25,25,0,0,1.0,0.0,0.0,0,0,0,0.0,0.0,0.0,,no_residual
25,window_094,2326,2350,25,25,0,0,1.0,0.0,0.0,0,0,0,0.0,0.0,0.0,,no_residual
25,window_095,2351,2375,25,25,0,0,1.0,0.0,0.0,0,0,0,0.0,0.0,0.0,,no_residual
25,window_096,2376,2400,25,25,0,0,1.0,0.0,0.0,0,0,0,0.0,0.0,0.0,,no_residual
25,window_097,2401,2425,25,25,0,0,1.0,0.0,0.0,0,0,0,0.0,0.0,0.0,,no_residual
25,window_098,2426,2450,25,22,3,0,0.88,0.12,0.0,0,0,0,0.0,0.0,0.0,,no_residual
25,window_099,2451,2475,25,25,0,0,1.0,0.0,0.0,0,0,0,0.0,0.0,0.0,,no_residual
25,window_100,2476,2500,25,25,0,0,1.0,0.0,0.0,0,0,0,0.0,0.0,0.0,,no_residual
25,window_101,2501,2525,25,25,0,0,1.0,0.0,0.0,0,0,0,0.0,0.0,0.0,,no_residual
25,window_102,2526,2550,25,25,0,0,1.0,0.0,0.0,0,0,0,0.0,0.0,0.0,,no_residual
25,window_103,2551,2575,25,25,0,0,1.0,0.0,0.0,0,0,0,0.0,0.0,0.0,,no_residual
25,window_104,2576,2600,25,25,0,0,1.0,0.0,0.0,0,0,0,0.0,0.0,0.0,,no_residual
25,window_105,2601,2625,25,23,2,0,0.92,0.08,0.0,0,0,0,0.0,0.0,0.0,,no_residual
25,window_106,2626,2650,25,25,0,0,1.0,0.0,0.0,0,0,0,0.0,0.0,0.0,,no_residual
25,window_107,2651,2675,25,25,0,0,1.0,0.0,0.0,0,0,0,0.0,0.0,0.0,,no_residual
25,window_108,2676,2700,25,25,0,0,1.0,0.0,0.0,0,0,0,0.0,0.0,0.0,,no_residual
25,window_109,2701,2725,25,25,0,0,1.0,0.0,0.0,0,0,0,0.0,0.0,0.0,,no_residual
25,window_110,2726,2750,25,25,0,0,1.0,0.0,0.0,0,0,0,0.0,0.0,0.0,,no_residual
25,window_111,2751,2775,25,23,2,0,0.92,0.08,0.0,0,0,0,0.0,0.0,0.0,,no_residual
25,window_112,2776,2800,25,25,0,0,1.0,0.0,0.0,0,0,0,0.0,0.0,0.0,,no_residual
25,window_113,2801,2825,25,25,0,0,1.0,0.0,0.0,0,0,0,0.0,0.0,0.0,,no_residual
25,window_114,2826,2850,25,19,6,0,0.76,0.24,0.0,0,0,0,0.0,0.0,0.0,,no_residual
25,window_115,2851,2875,25,25,0,0,1.0,0.0,0.0,0,0,0,0.0,0.0,0.0,,no_residual
25,window_116,2876,2900,25,25,0,0,1.0,0.0,0.0,0,0,0,0.0,0.0,0.0,,no_residual
25,window_117,2901,2925,25,11,5,9,0.44,0.2,0.36,9,1,2,1.0,0.1111,0.7778,Jul <num> <num>:<num>:<num> combo kernel:,residual_island
25,window_118,2926,2950,25,0,0,25,0.0,0.0,1.0,25,0,0,1.0,0.0,0.84,Jul <num> <num>:<num>:<num> combo kernel:,residual_island
25,window_119,2951,2975,25,1,0,24,0.04,0.0,0.96,24,2,0,1.0,0.0833,0.875,Jul <num> <num>:<num>:<num> combo kernel:,residual_island
25,window_120,2976,3000,25,0,0,25,0.0,0.0,1.0,25,0,0,1.0,0.0,0.72,Jul <num> <num>:<num>:<num> combo kernel:,residual_island
25,window_121,3001,3025,25,0,0,25,0.0,0.0,1.0,25,0,0,1.0,0.0,0.88,Jul <num> <num>:<num>:<num> combo kernel:,residual_island
25,window_122,3026,3050,25,1,0,24,0.04,0.0,0.96,24,2,0,1.0,0.0833,0.75,Jul <num> <num>:<num>:<num> combo kernel:,residual_island
25,window_123,3051,3075,25,2,2,21,0.08,0.08,0.84,20,4,3,0.9524,0.1905,0.7143,Jul <num> <num>:<num>:<num> combo kernel:,residual_island
25,window_124,3076,3100,25,1,4,20,0.04,0.16,0.8,19,2,5,0.95,0.1,0.95,Jul <num> <num>:<num>:<num> combo kernel:,residual_island
25,window_125,3101,3125,25,2,10,13,0.08,0.4,0.52,13,3,4,1.0,0.2308,1.0,Jul <num> <num>:<num>:<num> combo kernel:,residual_island
25,window_126,3126,3150,25,0,2,23,0.0,0.08,0.92,23,1,2,1.0,0.0435,0.2174,Jul <num> <num>:<num>:<num> combo xinetd[<num>]:,residual_island
25,window_127,3151,3175,25,11,0,14,0.44,0.0,0.56,13,2,0,0.9286,0.1429,0.3571,Jul <num> <num>:<num>:<num> combo named[<num>]:,residual_island
25,window_128,3176,3200,25,11,0,14,0.44,0.0,0.56,10,7,1,0.7143,0.5,0.3571,Jul <num> <num>:<num>:<num> combo ntpd[<num>]:,stable_attached_residual
25,window_129,3201,3225,25,0,18,7,0.0,0.72,0.28,6,0,5,0.8571,0.0,1.0,Jul <num> <num>:<num>:<num> combo udev[<num>]:,residual_island
25,window_130,3226,3250,25,9,8,8,0.36,0.32,0.32,7,1,4,0.875,0.125,0.375,Jul <num> <num>:<num>:<num> combo udev[<num>]:,residual_island
25,window_131,3251,3275,25,21,4,0,0.84,0.16,0.0,0,0,0,0.0,0.0,0.0,,no_residual
25,window_132,3276,3300,25,25,0,0,1.0,0.0,0.0,0,0,0,0.0,0.0,0.0,,no_residual
25,window_133,3301,3325,25,25,0,0,1.0,0.0,0.0,0,0,0,0.0,0.0,0.0,,no_residual
25,window_134,3326,3350,25,24,0,1,0.96,0.0,0.04,1,1,0,1.0,1.0,1.0,Aug <num> <num>:<num>:<num> combo mysqld:,stable_attached_residual
25,window_135,3351,3375,25,11,8,6,0.44,0.32,0.24,3,1,5,0.5,0.1667,0.8333,Aug <num> <num>:<num>:<num> combo gpm[<num>]:,partial_residual_cluster
25,window_136,3376,3400,25,22,3,0,0.88,0.12,0.0,0,0,0,0.0,0.0,0.0,,no_residual
25,window_137,3401,3425,25,25,0,0,1.0,0.0,0.0,0,0,0,0.0,0.0,0.0,,no_residual
25,window_138,3426,3450,25,25,0,0,1.0,0.0,0.0,0,0,0,0.0,0.0,0.0,,no_residual
25,window_139,3451,3475,25,25,0,0,1.0,0.0,0.0,0,0,0,0.0,0.0,0.0,,no_residual
25,window_140,3476,3500,25,21,4,0,0.84,0.16,0.0,0,0,0,0.0,0.0,0.0,,no_residual
25,window_141,3501,3525,25,22,3,0,0.88,0.12,0.0,0,0,0,0.0,0.0,0.0,,no_residual
25,window_142,3526,3550,25,24,0,1,0.96,0.0,0.04,0,1,0,0.0,1.0,1.0,Aug <num> <num>:<num>:<num> combo ftpd[<num>]:,stable_attached_residual
25,window_143,3551,3575,25,25,0,0,1.0,0.0,0.0,0,0,0,0.0,0.0,0.0,,no_residual
25,window_144,3576,3600,25,25,0,0,1.0,0.0,0.0,0,0,0,0.0,0.0,0.0,,no_residual
25,window_145,3601,3625,25,23,2,0,0.92,0.08,0.0,0,0,0,0.0,0.0,0.0,,no_residual
25,window_146,3626,3650,25,25,0,0,1.0,0.0,0.0,0,0,0,0.0,0.0,0.0,,no_residual
25,window_147,3651,3675,25,17,2,6,0.68,0.08,0.24,5,2,4,0.8333,0.3333,0.6667,Aug <num> <num>:<num>:<num> combo login(pam_unix)[<num>]:,partial_residual_cluster
25,window_148,3676,3700,25,21,4,0,0.84,0.16,0.0,0,0,0,0.0,0.0,0.0,,no_residual
25,window_149,3701,3725,25,25,0,0,1.0,0.0,0.0,0,0,0,0.0,0.0,0.0,,no_residual
25,window_150,3726,3750,25,25,0,0,1.0,0.0,0.0,0,0,0,0.0,0.0,0.0,,no_residual
25,window_151,3751,3775,25,25,0,0,1.0,0.0,0.0,0,0,0,0.0,0.0,0.0,,no_residual
25,window_152,3776,3800,25,24,0,1,0.96,0.0,0.04,0,1,0,0.0,1.0,1.0,Aug <num> <num>:<num>:<num> combo /sbin/mingetty[<num>]:,stable_attached_residual
25,window_153,3801,3825,25,25,0,0,1.0,0.0,0.0,0,0,0,0.0,0.0,0.0,,no_residual
25,window_154,3826,3850,25,22,3,0,0.88,0.12,0.0,0,0,0,0.0,0.0,0.0,,no_residual
25,window_155,3851,3875,25,25,0,0,1.0,0.0,0.0,0,0,0,0.0,0.0,0.0,,no_residual
25,window_156,3876,3900,25,25,0,0,1.0,0.0,0.0,0,0,0,0.0,0.0,0.0,,no_residual
25,window_157,3901,3925,25,25,0,0,1.0,0.0,0.0,0,0,0,0.0,0.0,0.0,,no_residual
25,window_158,3926,3950,25,25,0,0,1.0,0.0,0.0,0,0,0,0.0,0.0,0.0,,no_residual
25,window_159,3951,3975,25,22,3,0,0.88,0.12,0.0,0,0,0,0.0,0.0,0.0,,no_residual
25,window_160,3976,4000,25,25,0,0,1.0,0.0,0.0,0,0,0,0.0,0.0,0.0,,no_residual
25,window_161,4001,4025,25,25,0,0,1.0,0.0,0.0,0,0,0,0.0,0.0,0.0,,no_residual
25,window_162,4026,4050,25,25,0,0,1.0,0.0,0.0,0,0,0,0.0,0.0,0.0,,no_residual
25,window_163,4051,4075,25,25,0,0,1.0,0.0,0.0,0,0,0,0.0,0.0,0.0,,no_residual
25,window_164,4076,4100,25,25,0,0,1.0,0.0,0.0,0,0,0,0.0,0.0,0.0,,no_residual
25,window_165,4101,4125,25,25,0,0,1.0,0.0,0.0,0,0,0,0.0,0.0,0.0,,no_residual
25,window_166,4126,4150,25,25,0,0,1.0,0.0,0.0,0,0,0,0.0,0.0,0.0,,no_residual
25,window_167,4151,4175,25,25,0,0,1.0,0.0,0.0,0,0,0,0.0,0.0,0.0,,no_residual
25,window_168,4176,4200,25,25,0,0,1.0,0.0,0.0,0,0,0,0.0,0.0,0.0,,no_residual
25,window_169,4201,4225,25,25,0,0,1.0,0.0,0.0,0,0,0,0.0,0.0,0.0,,no_residual
25,window_170,4226,4250,25,25,0,0,1.0,0.0,0.0,0,0,0,0.0,0.0,0.0,,no_residual
25,window_171,4251,4275,25,24,1,0,0.96,0.04,0.0,0,0,0,0.0,0.0,0.0,,no_residual
25,window_172,4276,4300,25,23,2,0,0.92,0.08,0.0,0,0,0,0.0,0.0,0.0,,no_residual
25,window_173,4301,4325,25,25,0,0,1.0,0.0,0.0,0,0,0,0.0,0.0,0.0,,no_residual
25,window_174,4326,4350,25,25,0,0,1.0,0.0,0.0,0,0,0,0.0,0.0,0.0,,no_residual
25,window_175,4351,4375,25,25,0,0,1.0,0.0,0.0,0,0,0,0.0,0.0,0.0,,no_residual
25,window_176,4376,4400,25,25,0,0,1.0,0.0,0.0,0,0,0,0.0,0.0,0.0,,no_residual
25,window_177,4401,4425,25,25,0,0,1.0,0.0,0.0,0,0,0,0.0,0.0,0.0,,no_residual
25,window_178,4426,4450,25,25,0,0,1.0,0.0,0.0,0,0,0,0.0,0.0,0.0,,no_residual
25,window_179,4451,4475,25,25,0,0,1.0,0.0,0.0,0,0,0,0.0,0.0,0.0,,no_residual
25,window_180,4476,4500,25,25,0,0,1.0,0.0,0.0,0,0,0,0.0,0.0,0.0,,no_residual
25,window_181,4501,4525,25,25,0,0,1.0,0.0,0.0,0,0,0,0.0,0.0,0.0,,no_residual
25,window_182,4526,4550,25,25,0,0,1.0,0.0,0.0,0,0,0,0.0,0.0,0.0,,no_residual
25,window_183,4551,4575,25,25,0,0,1.0,0.0,0.0,0,0,0,0.0,0.0,0.0,,no_residual
25,window_184,4576,4600,25,25,0,0,1.0,0.0,0.0,0,0,0,0.0,0.0,0.0,,no_residual
25,window_185,4601,4625,25,25,0,0,1.0,0.0,0.0,0,0,0,0.0,0.0,0.0,,no_residual
25,window_186,4626,4650,25,25,0,0,1.0,0.0,0.0,0,0,0,0.0,0.0,0.0,,no_residual
25,window_187,4651,4675,25,25,0,0,1.0,0.0,0.0,0,0,0,0.0,0.0,0.0,,no_residual
25,window_188,4676,4700,25,25,0,0,1.0,0.0,0.0,0,0,0,0.0,0.0,0.0,,no_residual
25,window_189,4701,4725,25,25,0,0,1.0,0.0,0.0,0,0,0,0.0,0.0,0.0,,no_residual
25,window_190,4726,4750,25,25,0,0,1.0,0.0,0.0,0,0,0,0.0,0.0,0.0,,no_residual
25,window_191,4751,4775,25,23,2,0,0.92,0.08,0.0,0,0,0,0.0,0.0,0.0,,no_residual
25,window_192,4776,4800,25,25,0,0,1.0,0.0,0.0,0,0,0,0.0,0.0,0.0,,no_residual
25,window_193,4801,4825,25,25,0,0,1.0,0.0,0.0,0,0,0,0.0,0.0,0.0,,no_residual
25,window_194,4826,4850,25,24,1,0,0.96,0.04,0.0,0,0,0,0.0,0.0,0.0,,no_residual
25,window_195,4851,4875,25,23,2,0,0.92,0.08,0.0,0,0,0,0.0,0.0,0.0,,no_residual
25,window_196,4876,4900,25,25,0,0,1.0,0.0,0.0,0,0,0,0.0,0.0,0.0,,no_residual
25,window_197,4901,4925,25,23,0,2,0.92,0.0,0.08,2,2,0,1.0,1.0,0.5,Sep <num> <num>:<num>:<num> combo xinetd[<num>]:,stable_attached_residual
25,window_198,4926,4950,25,25,0,0,1.0,0.0,0.0,0,0,0,0.0,0.0,0.0,,no_residual
25,window_199,4951,4975,25,25,0,0,1.0,0.0,0.0,0,0,0,0.0,0.0,0.0,,no_residual
25,window_200,4976,5000,25,24,0,1,0.96,0.0,0.04,0,1,0,0.0,1.0,1.0,Sep <num> <num>:<num>:<num> combo sshd(pam_unix)[<num>]:,stable_attached_residual
25,window_201,5001,5025,25,24,0,1,0.96,0.0,0.04,0,1,0,0.0,1.0,1.0,Sep <num> <num>:<num>:<num> combo ftpd[<num>]:,stable_attached_residual
25,window_202,5026,5050,25,25,0,0,1.0,0.0,0.0,0,0,0,0.0,0.0,0.0,,no_residual
25,window_203,5051,5075,25,23,2,0,0.92,0.08,0.0,0,0,0,0.0,0.0,0.0,,no_residual
25,window_204,5076,5100,25,23,2,0,0.92,0.08,0.0,0,0,0,0.0,0.0,0.0,,no_residual
25,window_205,5101,5125,25,25,0,0,1.0,0.0,0.0,0,0,0,0.0,0.0,0.0,,no_residual
25,window_206,5126,5150,25,14,11,0,0.56,0.44,0.0,0,0,0,0.0,0.0,0.0,,no_residual
25,window_207,5151,5175,25,0,25,0,0.0,1.0,0.0,0,0,0,0.0,0.0,0.0,,no_residual
25,window_208,5176,5200,25,1,24,0,0.04,0.96,0.0,0,0,0,0.0,0.0,0.0,,no_residual
25,window_209,5201,5225,25,0,25,0,0.0,1.0,0.0,0,0,0,0.0,0.0,0.0,,no_residual
25,window_210,5226,5250,25,0,23,2,0.0,0.92,0.08,0,0,2,0.0,0.0,1.0,Sep <num> <num>:<num>:<num> combo network:,diffuse_residual
25,window_211,5251,5275,25,3,22,0,0.12,0.88,0.0,0,0,0,0.0,0.0,0.0,,no_residual
25,window_212,5276,5300,25,1,21,3,0.04,0.84,0.12,0,0,3,0.0,0.0,1.0,Sep <num> <num>:<num>:<num> combo kernel:,diffuse_residual
25,window_213,5301,5325,25,0,25,0,0.0,1.0,0.0,0,0,0,0.0,0.0,0.0,,no_residual
25,window_214,5326,5350,25,2,23,0,0.08,0.92,0.0,0,0,0,0.0,0.0,0.0,,no_residual
25,window_215,5351,5375,25,0,25,0,0.0,1.0,0.0,0,0,0,0.0,0.0,0.0,,no_residual
25,window_216,5376,5400,25,12,13,0,0.48,0.52,0.0,0,0,0,0.0,0.0,0.0,,no_residual
25,window_217,5401,5425,25,11,14,0,0.44,0.56,0.0,0,0,0,0.0,0.0,0.0,,no_residual
25,window_218,5426,5450,25,4,21,0,0.16,0.84,0.0,0,0,0,0.0,0.0,0.0,,no_residual
25,window_219,5451,5475,25,11,14,0,0.44,0.56,0.0,0,0,0,0.0,0.0,0.0,,no_residual
25,window_220,5476,5500,25,22,3,0,0.88,0.12,0.0,0,0,0,0.0,0.0,0.0,,no_residual
25,window_221,5501,5525,25,25,0,0,1.0,0.0,0.0,0,0,0,0.0,0.0,0.0,,no_residual
25,window_222,5526,5550,25,25,0,0,1.0,0.0,0.0,0,0,0,0.0,0.0,0.0,,no_residual
25,window_223,5551,5575,25,25,0,0,1.0,0.0,0.0,0,0,0,0.0,0.0,0.0,,no_residual
25,window_224,5576,5600,25,24,0,1,0.96,0.0,0.04,0,1,0,0.0,1.0,1.0,Sep <num> <num>:<num>:<num> combo snmpd[<num>]:,stable_attached_residual
25,window_225,5601,5625,25,24,0,1,0.96,0.0,0.04,0,1,0,0.0,1.0,1.0,Sep <num> <num>:<num>:<num> combo sshd(pam_unix)[<num>]:,stable_attached_residual
25,window_226,5626,5650,25,25,0,0,1.0,0.0,0.0,0,0,0,0.0,0.0,0.0,,no_residual
25,window_227,5651,5675,25,25,0,0,1.0,0.0,0.0,0,0,0,0.0,0.0,0.0,,no_residual
25,window_228,5676,5700,25,25,0,0,1.0,0.0,0.0,0,0,0,0.0,0.0,0.0,,no_residual
25,window_229,5701,5725,25,25,0,0,1.0,0.0,0.0,0,0,0,0.0,0.0,0.0,,no_residual
25,window_230,5726,5750,25,25,0,0,1.0,0.0,0.0,0,0,0,0.0,0.0,0.0,,no_residual
25,window_231,5751,5775,25,23,2,0,0.92,0.08,0.0,0,0,0,0.0,0.0,0.0,,no_residual
25,window_232,5776,5800,25,23,2,0,0.92,0.08,0.0,0,0,0,0.0,0.0,0.0,,no_residual
25,window_233,5801,5825,25,3,16,6,0.12,0.64,0.24,6,1,3,1.0,0.1667,0.1667,Sep <num> <num>:<num>:<num> combo sendmail:,residual_island
25,window_234,5826,5850,25,4,1,20,0.16,0.04,0.8,20,2,2,1.0,0.1,0.15,Sep <num> <num>:<num>:<num> combo squid:,residual_island
25,window_235,5851,5875,25,20,0,5,0.8,0.0,0.2,5,1,0,1.0,0.2,0.2,Sep <num> <num>:<num>:<num> combo named[<num>]:,residual_island
25,window_236,5876,5900,25,2,7,16,0.08,0.28,0.64,16,1,0,1.0,0.0625,0.125,Sep <num> <num>:<num>:<num> combo dd:,residual_island
25,window_237,5901,5925,25,2,23,0,0.08,0.92,0.0,0,0,0,0.0,0.0,0.0,,no_residual
25,window_238,5926,5950,25,1,24,0,0.04,0.96,0.0,0,0,0,0.0,0.0,0.0,,no_residual
25,window_239,5951,5975,25,0,25,0,0.0,1.0,0.0,0,0,0,0.0,0.0,0.0,,no_residual
25,window_240,5976,6000,25,0,24,1,0.0,0.96,0.04,0,0,1,0.0,0.0,1.0,Sep <num> <num>:<num>:<num> combo network:,diffuse_residual
25,window_241,6001,6025,25,1,24,0,0.04,0.96,0.0,0,0,0,0.0,0.0,0.0,,no_residual
25,window_242,6026,6050,25,2,23,0,0.08,0.92,0.0,0,0,0,0.0,0.0,0.0,,no_residual
25,window_243,6051,6075,25,1,24,0,0.04,0.96,0.0,0,0,0,0.0,0.0,0.0,,no_residual
25,window_244,6076,6100,25,1,24,0,0.04,0.96,0.0,0,0,0,0.0,0.0,0.0,,no_residual
25,window_245,6101,6125,25,1,24,0,0.04,0.96,0.0,0,0,0,0.0,0.0,0.0,,no_residual
25,window_246,6126,6150,25,11,14,0,0.44,0.56,0.0,0,0,0,0.0,0.0,0.0,,no_residual
25,window_247,6151,6175,25,11,14,0,0.44,0.56,0.0,0,0,0,0.0,0.0,0.0,,no_residual
25,window_248,6176,6200,25,4,19,2,0.16,0.76,0.08,0,0,2,0.0,0.0,1.0,Sep <num> <num>:<num>:<num> combo udev[<num>]:,diffuse_residual
25,window_249,6201,6225,25,2,20,3,0.08,0.8,0.12,2,1,2,0.6667,0.3333,0.6667,Sep <num> <num>:<num>:<num> combo udev[<num>]:,partial_residual_cluster
25,window_250,6226,6250,25,7,13,5,0.28,0.52,0.2,3,2,4,0.6,0.4,0.4,Sep <num> <num>:<num>:<num> combo su(pam_unix)[<num>]:,partial_residual_cluster
25,window_251,6251,6275,25,25,0,0,1.0,0.0,0.0,0,0,0,0.0,0.0,0.0,,no_residual
25,window_252,6276,6300,25,25,0,0,1.0,0.0,0.0,0,0,0,0.0,0.0,0.0,,no_residual
25,window_253,6301,6325,25,25,0,0,1.0,0.0,0.0,0,0,0,0.0,0.0,0.0,,no_residual
25,window_254,6326,6350,25,25,0,0,1.0,0.0,0.0,0,0,0,0.0,0.0,0.0,,no_residual
25,window_255,6351,6375,25,25,0,0,1.0,0.0,0.0,0,0,0,0.0,0.0,0.0,,no_residual
25,window_256,6376,6400,25,23,2,0,0.92,0.08,0.0,0,0,0,0.0,0.0,0.0,,no_residual
25,window_257,6401,6425,25,25,0,0,1.0,0.0,0.0,0,0,0,0.0,0.0,0.0,,no_residual
25,window_258,6426,6450,25,25,0,0,1.0,0.0,0.0,0,0,0,0.0,0.0,0.0,,no_residual
25,window_259,6451,6475,25,25,0,0,1.0,0.0,0.0,0,0,0,0.0,0.0,0.0,,no_residual
25,window_260,6476,6500,25,25,0,0,1.0,0.0,0.0,0,0,0,0.0,0.0,0.0,,no_residual
25,window_261,6501,6525,25,25,0,0,1.0,0.0,0.0,0,0,0,0.0,0.0,0.0,,no_residual
25,window_262,6526,6550,25,25,0,0,1.0,0.0,0.0,0,0,0,0.0,0.0,0.0,,no_residual
25,window_263,6551,6575,25,25,0,0,1.0,0.0,0.0,0,0,0,0.0,0.0,0.0,,no_residual
25,window_264,6576,6600,25,24,1,0,0.96,0.04,0.0,0,0,0,0.0,0.0,0.0,,no_residual
25,window_265,6601,6625,25,21,2,2,0.84,0.08,0.08,2,2,0,1.0,1.0,1.0,Oct <num> <num>:<num>:<num> combo sshd(pam_unix)[<num>]:,stable_attached_residual
25,window_266,6626,6650,25,25,0,0,1.0,0.0,0.0,0,0,0,0.0,0.0,0.0,,no_residual
25,window_267,6651,6675,25,24,0,1,0.96,0.0,0.04,0,1,0,0.0,1.0,1.0,Oct <num> <num>:<num>:<num> combo sshd(pam_unix)[<num>]:,stable_attached_residual
25,window_268,6676,6700,25,23,2,0,0.92,0.08,0.0,0,0,0,0.0,0.0,0.0,,no_residual
25,window_269,6701,6725,25,21,3,1,0.84,0.12,0.04,0,1,1,0.0,1.0,1.0,Oct <num> <num>:<num>:<num> combo sshd(pam_unix)[<num>]:,stable_attached_residual
25,window_270,6726,6750,25,25,0,0,1.0,0.0,0.0,0,0,0,0.0,0.0,0.0,,no_residual
25,window_271,6751,6775,25,20,3,2,0.8,0.12,0.08,0,2,1,0.0,1.0,0.5,Oct <num> <num>:<num>:<num> combo sshd(pam_unix)[<num>]:,stable_attached_residual
25,window_272,6776,6800,25,25,0,0,1.0,0.0,0.0,0,0,0,0.0,0.0,0.0,,no_residual
25,window_273,6801,6825,25,25,0,0,1.0,0.0,0.0,0,0,0,0.0,0.0,0.0,,no_residual
25,window_274,6826,6850,25,23,1,1,0.92,0.04,0.04,0,1,1,0.0,1.0,1.0,Oct <num> <num>:<num>:<num> combo sshd(pam_unix)[<num>]:,stable_attached_residual
25,window_275,6851,6875,25,23,0,2,0.92,0.0,0.08,0,2,0,0.0,1.0,0.5,Oct <num> <num>:<num>:<num> combo ftpd[<num>]:,stable_attached_residual
25,window_276,6876,6900,25,25,0,0,1.0,0.0,0.0,0,0,0,0.0,0.0,0.0,,no_residual
25,window_277,6901,6925,25,25,0,0,1.0,0.0,0.0,0,0,0,0.0,0.0,0.0,,no_residual
25,window_278,6926,6950,25,25,0,0,1.0,0.0,0.0,0,0,0,0.0,0.0,0.0,,no_residual
25,window_279,6951,6975,25,25,0,0,1.0,0.0,0.0,0,0,0,0.0,0.0,0.0,,no_residual
25,window_280,6976,7000,25,25,0,0,1.0,0.0,0.0,0,0,0,0.0,0.0,0.0,,no_residual
25,window_281,7001,7025,25,25,0,0,1.0,0.0,0.0,0,0,0,0.0,0.0,0.0,,no_residual
25,window_282,7026,7050,25,25,0,0,1.0,0.0,0.0,0,0,0,0.0,0.0,0.0,,no_residual
25,window_283,7051,7075,25,25,0,0,1.0,0.0,0.0,0,0,0,0.0,0.0,0.0,,no_residual
25,window_284,7076,7100,25,25,0,0,1.0,0.0,0.0,0,0,0,0.0,0.0,0.0,,no_residual
25,window_285,7101,7125,25,25,0,0,1.0,0.0,0.0,0,0,0,0.0,0.0,0.0,,no_residual
25,window_286,7126,7150,25,25,0,0,1.0,0.0,0.0,0,0,0,0.0,0.0,0.0,,no_residual
25,window_287,7151,7175,25,25,0,0,1.0,0.0,0.0,0,0,0,0.0,0.0,0.0,,no_residual
25,window_288,7176,7200,25,25,0,0,1.0,0.0,0.0,0,0,0,0.0,0.0,0.0,,no_residual
25,window_289,7201,7225,25,24,1,0,0.96,0.04,0.0,0,0,0,0.0,0.0,0.0,,no_residual
25,window_290,7226,7250,25,25,0,0,1.0,0.0,0.0,0,0,0,0.0,0.0,0.0,,no_residual
25,window_291,7251,7275,25,25,0,0,1.0,0.0,0.0,0,0,0,0.0,0.0,0.0,,no_residual
25,window_292,7276,7300,25,23,1,1,0.92,0.04,0.04,0,1,0,0.0,1.0,1.0,Oct <num> <num>:<num>:<num> combo ftpd[<num>]:,stable_attached_residual
25,window_293,7301,7325,25,25,0,0,1.0,0.0,0.0,0,0,0,0.0,0.0,0.0,,no_residual
25,window_294,7326,7350,25,7,6,12,0.28,0.24,0.48,12,3,5,1.0,0.25,0.1667,Oct <num> <num>:<num>:<num> combo rsyncd[<num>]:,partial_residual_cluster
25,window_295,7351,7375,25,25,0,0,1.0,0.0,0.0,0,0,0,0.0,0.0,0.0,,no_residual
25,window_296,7376,7400,25,2,14,9,0.08,0.56,0.36,8,2,3,0.8889,0.2222,0.2222,Oct <num> <num>:<num>:<num> combo sshd(pam_unix)[<num>]:,residual_island
25,window_297,7401,7425,25,1,2,22,0.04,0.08,0.88,22,2,4,1.0,0.0909,0.1364,Oct <num> <num>:<num>:<num> combo squid:,residual_island
25,window_298,7426,7450,25,24,0,1,0.96,0.0,0.04,1,1,0,1.0,1.0,1.0,Oct <num> <num>:<num>:<num> combo named[<num>]:,stable_attached_residual
25,window_299,7451,7475,25,1,0,24,0.04,0.0,0.96,24,2,0,1.0,0.0833,0.1667,Oct <num> <num>:<num>:<num> combo kernel:,residual_island
25,window_300,7476,7500,25,0,5,20,0.0,0.2,0.8,20,0,2,1.0,0.0,0.85,Oct <num> <num>:<num>:<num> combo kernel:,residual_island
25,window_301,7501,7525,25,0,0,25,0.0,0.0,1.0,25,0,0,1.0,0.0,0.92,Oct <num> <num>:<num>:<num> combo kernel:,residual_island
25,window_302,7526,7550,25,1,0,24,0.04,0.0,0.96,24,2,0,1.0,0.0833,0.625,Oct <num> <num>:<num>:<num> combo kernel:,residual_island
25,window_303,7551,7575,25,0,0,25,0.0,0.0,1.0,25,0,0,1.0,0.0,0.8,Oct <num> <num>:<num>:<num> combo kernel:,residual_island
25,window_304,7576,7600,25,0,0,25,0.0,0.0,1.0,25,0,0,1.0,0.0,0.52,Oct <num> <num>:<num>:<num> combo kernel:,residual_island
25,window_305,7601,7625,25,3,0,22,0.12,0.0,0.88,22,4,0,1.0,0.1818,0.9545,Oct <num> <num>:<num>:<num> combo kernel:,residual_island
25,window_306,7626,7650,25,1,3,21,0.04,0.12,0.84,21,2,3,1.0,0.0952,1.0,Oct <num> <num>:<num>:<num> combo kernel:,residual_island
25,window_307,7651,7675,25,1,11,13,0.04,0.44,0.52,12,2,6,0.9231,0.1538,1.0,Oct <num> <num>:<num>:<num> combo kernel:,residual_island
25,window_308,7676,7700,25,1,3,21,0.04,0.12,0.84,21,2,3,1.0,0.0952,0.2857,Oct <num> <num>:<num>:<num> combo kernel:,residual_island
25,window_309,7701,7725,25,3,1,21,0.12,0.04,0.84,21,1,1,1.0,0.0476,0.2381,Oct <num> <num>:<num>:<num> combo named[<num>]:,residual_island
25,window_310,7726,7750,25,18,0,7,0.72,0.0,0.28,3,6,0,0.4286,0.8571,0.5714,Oct <num> <num>:<num>:<num> combo ntpd[<num>]:,stable_attached_residual
25,window_311,7751,7775,25,1,14,10,0.04,0.56,0.4,9,2,3,0.9,0.2,0.3,Oct <num> <num>:<num>:<num> combo named[<num>]:,residual_island
25,window_312,7776,7800,25,0,23,2,0.0,0.92,0.08,0,0,2,0.0,0.0,1.0,Oct <num> <num>:<num>:<num> combo udev[<num>]:,diffuse_residual
25,window_313,7801,7825,25,17,3,5,0.68,0.12,0.2,5,1,1,1.0,0.2,0.6,Oct <num> <num>:<num>:<num> combo ntpd[<num>]:,residual_island
25,window_314,7826,7850,25,25,0,0,1.0,0.0,0.0,0,0,0,0.0,0.0,0.0,,no_residual
25,window_315,7851,7875,25,25,0,0,1.0,0.0,0.0,0,0,0,0.0,0.0,0.0,,no_residual
25,window_316,7876,7900,25,25,0,0,1.0,0.0,0.0,0,0,0,0.0,0.0,0.0,,no_residual
25,window_317,7901,7925,25,25,0,0,1.0,0.0,0.0,0,0,0,0.0,0.0,0.0,,no_residual
25,window_318,7926,7950,25,25,0,0,1.0,0.0,0.0,0,0,0,0.0,0.0,0.0,,no_residual
25,window_319,7951,7975,25,25,0,0,1.0,0.0,0.0,0,0,0,0.0,0.0,0.0,,no_residual
25,window_320,7976,8000,25,25,0,0,1.0,0.0,0.0,0,0,0,0.0,0.0,0.0,,no_residual
25,window_321,8001,8025,25,25,0,0,1.0,0.0,0.0,0,0,0,0.0,0.0,0.0,,no_residual
25,window_322,8026,8050,25,25,0,0,1.0,0.0,0.0,0,0,0,0.0,0.0,0.0,,no_residual
25,window_323,8051,8075,25,22,3,0,0.88,0.12,0.0,0,0,0,0.0,0.0,0.0,,no_residual
25,window_324,8076,8100,25,25,0,0,1.0,0.0,0.0,0,0,0,0.0,0.0,0.0,,no_residual
25,window_325,8101,8125,25,25,0,0,1.0,0.0,0.0,0,0,0,0.0,0.0,0.0,,no_residual
25,window_326,8126,8150,25,25,0,0,1.0,0.0,0.0,0,0,0,0.0,0.0,0.0,,no_residual
25,window_327,8151,8175,25,25,0,0,1.0,0.0,0.0,0,0,0,0.0,0.0,0.0,,no_residual
25,window_328,8176,8200,25,25,0,0,1.0,0.0,0.0,0,0,0,0.0,0.0,0.0,,no_residual
25,window_329,8201,8225,25,20,0,5,0.8,0.0,0.2,5,3,0,1.0,0.6,1.0,Nov <num> <num>:<num>:<num> combo kernel:,stable_attached_residual
25,window_330,8226,8250,25,24,0,1,0.96,0.0,0.04,1,1,0,1.0,1.0,1.0,Nov <num> <num>:<num>:<num> combo kernel:,stable_attached_residual
25,window_331,8251,8275,25,25,0,0,1.0,0.0,0.0,0,0,0,0.0,0.0,0.0,,no_residual
25,window_332,8276,8300,25,25,0,0,1.0,0.0,0.0,0,0,0,0.0,0.0,0.0,,no_residual
25,window_333,8301,8325,25,24,1,0,0.96,0.04,0.0,0,0,0,0.0,0.0,0.0,,no_residual
25,window_334,8326,8350,25,20,5,0,0.8,0.2,0.0,0,0,0,0.0,0.0,0.0,,no_residual
25,window_335,8351,8375,25,25,0,0,1.0,0.0,0.0,0,0,0,0.0,0.0,0.0,,no_residual
25,window_336,8376,8400,25,25,0,0,1.0,0.0,0.0,0,0,0,0.0,0.0,0.0,,no_residual
25,window_337,8401,8425,25,25,0,0,1.0,0.0,0.0,0,0,0,0.0,0.0,0.0,,no_residual
25,window_338,8426,8450,25,25,0,0,1.0,0.0,0.0,0,0,0,0.0,0.0,0.0,,no_residual
25,window_339,8451,8475,25,25,0,0,1.0,0.0,0.0,0,0,0,0.0,0.0,0.0,,no_residual
25,window_340,8476,8500,25,25,0,0,1.0,0.0,0.0,0,0,0,0.0,0.0,0.0,,no_residual
25,window_341,8501,8525,25,25,0,0,1.0,0.0,0.0,0,0,0,0.0,0.0,0.0,,no_residual
25,window_342,8526,8550,25,25,0,0,1.0,0.0,0.0,0,0,0,0.0,0.0,0.0,,no_residual
25,window_343,8551,8575,25,25,0,0,1.0,0.0,0.0,0,0,0,0.0,0.0,0.0,,no_residual
25,window_344,8576,8600,25,25,0,0,1.0,0.0,0.0,0,0,0,0.0,0.0,0.0,,no_residual
25,window_345,8601,8625,25,25,0,0,1.0,0.0,0.0,0,0,0,0.0,0.0,0.0,,no_residual
25,window_346,8626,8650,25,23,2,0,0.92,0.08,0.0,0,0,0,0.0,0.0,0.0,,no_residual
25,window_347,8651,8675,25,25,0,0,1.0,0.0,0.0,0,0,0,0.0,0.0,0.0,,no_residual
25,window_348,8676,8700,25,25,0,0,1.0,0.0,0.0,0,0,0,0.0,0.0,0.0,,no_residual
25,window_349,8701,8725,25,25,0,0,1.0,0.0,0.0,0,0,0,0.0,0.0,0.0,,no_residual
25,window_350,8726,8750,25,25,0,0,1.0,0.0,0.0,0,0,0,0.0,0.0,0.0,,no_residual
25,window_351,8751,8775,25,25,0,0,1.0,0.0,0.0,0,0,0,0.0,0.0,0.0,,no_residual
25,window_352,8776,8800,25,25,0,0,1.0,0.0,0.0,0,0,0,0.0,0.0,0.0,,no_residual
25,window_353,8801,8825,25,25,0,0,1.0,0.0,0.0,0,0,0,0.0,0.0,0.0,,no_residual
25,window_354,8826,8850,25,25,0,0,1.0,0.0,0.0,0,0,0,0.0,0.0,0.0,,no_residual
25,window_355,8851,8875,25,25,0,0,1.0,0.0,0.0,0,0,0,0.0,0.0,0.0,,no_residual
25,window_356,8876,8900,25,25,0,0,1.0,0.0,0.0,0,0,0,0.0,0.0,0.0,,no_residual
25,window_357,8901,8925,25,25,0,0,1.0,0.0,0.0,0,0,0,0.0,0.0,0.0,,no_residual
25,window_358,8926,8950,25,25,0,0,1.0,0.0,0.0,0,0,0,0.0,0.0,0.0,,no_residual
25,window_359,8951,8975,25,25,0,0,1.0,0.0,0.0,0,0,0,0.0,0.0,0.0,,no_residual
25,window_360,8976,9000,25,25,0,0,1.0,0.0,0.0,0,0,0,0.0,0.0,0.0,,no_residual
25,window_361,9001,9025,25,25,0,0,1.0,0.0,0.0,0,0,0,0.0,0.0,0.0,,no_residual
25,window_362,9026,9050,25,25,0,0,1.0,0.0,0.0,0,0,0,0.0,0.0,0.0,,no_residual
25,window_363,9051,9075,25,25,0,0,1.0,0.0,0.0,0,0,0,0.0,0.0,0.0,,no_residual
25,window_364,9076,9100,25,25,0,0,1.0,0.0,0.0,0,0,0,0.0,0.0,0.0,,no_residual
25,window_365,9101,9125,25,24,0,1,0.96,0.0,0.04,0,1,0,0.0,1.0,1.0,Nov <num> <num>:<num>:<num> combo kernel:,stable_attached_residual
25,window_366,9126,9150,25,25,0,0,1.0,0.0,0.0,0,0,0,0.0,0.0,0.0,,no_residual
25,window_367,9151,9175,25,25,0,0,1.0,0.0,0.0,0,0,0,0.0,0.0,0.0,,no_residual
25,window_368,9176,9200,25,25,0,0,1.0,0.0,0.0,0,0,0,0.0,0.0,0.0,,no_residual
25,window_369,9201,9225,25,25,0,0,1.0,0.0,0.0,0,0,0,0.0,0.0,0.0,,no_residual
25,window_370,9226,9250,25,25,0,0,1.0,0.0,0.0,0,0,0,0.0,0.0,0.0,,no_residual
25,window_371,9251,9275,25,25,0,0,1.0,0.0,0.0,0,0,0,0.0,0.0,0.0,,no_residual
25,window_372,9276,9300,25,25,0,0,1.0,0.0,0.0,0,0,0,0.0,0.0,0.0,,no_residual
25,window_373,9301,9325,25,25,0,0,1.0,0.0,0.0,0,0,0,0.0,0.0,0.0,,no_residual
25,window_374,9326,9350,25,25,0,0,1.0,0.0,0.0,0,0,0,0.0,0.0,0.0,,no_residual
25,window_375,9351,9375,25,25,0,0,1.0,0.0,0.0,0,0,0,0.0,0.0,0.0,,no_residual
25,window_376,9376,9400,25,25,0,0,1.0,0.0,0.0,0,0,0,0.0,0.0,0.0,,no_residual
25,window_377,9401,9425,25,25,0,0,1.0,0.0,0.0,0,0,0,0.0,0.0,0.0,,no_residual
25,window_378,9426,9450,25,25,0,0,1.0,0.0,0.0,0,0,0,0.0,0.0,0.0,,no_residual
25,window_379,9451,9475,25,25,0,0,1.0,0.0,0.0,0,0,0,0.0,0.0,0.0,,no_residual
25,window_380,9476,9500,25,25,0,0,1.0,0.0,0.0,0,0,0,0.0,0.0,0.0,,no_residual
25,window_381,9501,9525,25,25,0,0,1.0,0.0,0.0,0,0,0,0.0,0.0,0.0,,no_residual
25,window_382,9526,9550,25,25,0,0,1.0,0.0,0.0,0,0,0,0.0,0.0,0.0,,no_residual
25,window_383,9551,9575,25,25,0,0,1.0,0.0,0.0,0,0,0,0.0,0.0,0.0,,no_residual
25,window_384,9576,9600,25,25,0,0,1.0,0.0,0.0,0,0,0,0.0,0.0,0.0,,no_residual
25,window_385,9601,9625,25,25,0,0,1.0,0.0,0.0,0,0,0,0.0,0.0,0.0,,no_residual
25,window_386,9626,9650,25,25,0,0,1.0,0.0,0.0,0,0,0,0.0,0.0,0.0,,no_residual
25,window_387,9651,9675,25,25,0,0,1.0,0.0,0.0,0,0,0,0.0,0.0,0.0,,no_residual
25,window_388,9676,9700,25,25,0,0,1.0,0.0,0.0,0,0,0,0.0,0.0,0.0,,no_residual
25,window_389,9701,9725,25,25,0,0,1.0,0.0,0.0,0,0,0,0.0,0.0,0.0,,no_residual
25,window_390,9726,9750,25,23,2,0,0.92,0.08,0.0,0,0,0,0.0,0.0,0.0,,no_residual
25,window_391,9751,9775,25,24,1,0,0.96,0.04,0.0,0,0,0,0.0,0.0,0.0,,no_residual
25,window_392,9776,9800,25,25,0,0,1.0,0.0,0.0,0,0,0,0.0,0.0,0.0,,no_residual
25,window_393,9801,9825,25,25,0,0,1.0,0.0,0.0,0,0,0,0.0,0.0,0.0,,no_residual
25,window_394,9826,9850,25,25,0,0,1.0,0.0,0.0,0,0,0,0.0,0.0,0.0,,no_residual
25,window_395,9851,9875,25,25,0,0,1.0,0.0,0.0,0,0,0,0.0,0.0,0.0,,no_residual
25,window_396,9876,9900,25,25,0,0,1.0,0.0,0.0,0,0,0,0.0,0.0,0.0,,no_residual
25,window_397,9901,9925,25,25,0,0,1.0,0.0,0.0,0,0,0,0.0,0.0,0.0,,no_residual
25,window_398,9926,9950,25,25,0,0,1.0,0.0,0.0,0,0,0,0.0,0.0,0.0,,no_residual
25,window_399,9951,9975,25,25,0,0,1.0,0.0,0.0,0,0,0,0.0,0.0,0.0,,no_residual
25,window_400,9976,10000,25,25,0,0,1.0,0.0,0.0,0,0,0,0.0,0.0,0.0,,no_residual
25,window_401,10001,10025,25,25,0,0,1.0,0.0,0.0,0,0,0,0.0,0.0,0.0,,no_residual
25,window_402,10026,10050,25,25,0,0,1.0,0.0,0.0,0,0,0,0.0,0.0,0.0,,no_residual
25,window_403,10051,10075,25,25,0,0,1.0,0.0,0.0,0,0,0,0.0,0.0,0.0,,no_residual
25,window_404,10076,10100,25,25,0,0,1.0,0.0,0.0,0,0,0,0.0,0.0,0.0,,no_residual
25,window_405,10101,10125,25,25,0,0,1.0,0.0,0.0,0,0,0,0.0,0.0,0.0,,no_residual
25,window_406,10126,10150,25,25,0,0,1.0,0.0,0.0,0,0,0,0.0,0.0,0.0,,no_residual
25,window_407,10151,10175,25,25,0,0,1.0,0.0,0.0,0,0,0,0.0,0.0,0.0,,no_residual
25,window_408,10176,10200,25,25,0,0,1.0,0.0,0.0,0,0,0,0.0,0.0,0.0,,no_residual
25,window_409,10201,10225,25,25,0,0,1.0,0.0,0.0,0,0,0,0.0,0.0,0.0,,no_residual
25,window_410,10226,10250,25,25,0,0,1.0,0.0,0.0,0,0,0,0.0,0.0,0.0,,no_residual
25,window_411,10251,10275,25,25,0,0,1.0,0.0,0.0,0,0,0,0.0,0.0,0.0,,no_residual
25,window_412,10276,10300,25,25,0,0,1.0,0.0,0.0,0,0,0,0.0,0.0,0.0,,no_residual
25,window_413,10301,10325,25,25,0,0,1.0,0.0,0.0,0,0,0,0.0,0.0,0.0,,no_residual
25,window_414,10326,10350,25,25,0,0,1.0,0.0,0.0,0,0,0,0.0,0.0,0.0,,no_residual
25,window_415,10351,10375,25,25,0,0,1.0,0.0,0.0,0,0,0,0.0,0.0,0.0,,no_residual
25,window_416,10376,10400,25,25,0,0,1.0,0.0,0.0,0,0,0,0.0,0.0,0.0,,no_residual
25,window_417,10401,10425,25,25,0,0,1.0,0.0,0.0,0,0,0,0.0,0.0,0.0,,no_residual
25,window_418,10426,10450,25,25,0,0,1.0,0.0,0.0,0,0,0,0.0,0.0,0.0,,no_residual
25,window_419,10451,10475,25,25,0,0,1.0,0.0,0.0,0,0,0,0.0,0.0,0.0,,no_residual
25,window_420,10476,10500,25,25,0,0,1.0,0.0,0.0,0,0,0,0.0,0.0,0.0,,no_residual
25,window_421,10501,10525,25,25,0,0,1.0,0.0,0.0,0,0,0,0.0,0.0,0.0,,no_residual
25,window_422,10526,10550,25,25,0,0,1.0,0.0,0.0,0,0,0,0.0,0.0,0.0,,no_residual
25,window_423,10551,10575,25,25,0,0,1.0,0.0,0.0,0,0,0,0.0,0.0,0.0,,no_residual
25,window_424,10576,10600,25,25,0,0,1.0,0.0,0.0,0,0,0,0.0,0.0,0.0,,no_residual
25,window_425,10601,10625,25,25,0,0,1.0,0.0,0.0,0,0,0,0.0,0.0,0.0,,no_residual
25,window_426,10626,10650,25,25,0,0,1.0,0.0,0.0,0,0,0,0.0,0.0,0.0,,no_residual
25,window_427,10651,10675,25,25,0,0,1.0,0.0,0.0,0,0,0,0.0,0.0,0.0,,no_residual
25,window_428,10676,10700,25,25,0,0,1.0,0.0,0.0,0,0,0,0.0,0.0,0.0,,no_residual
25,window_429,10701,10725,25,25,0,0,1.0,0.0,0.0,0,0,0,0.0,0.0,0.0,,no_residual
25,window_430,10726,10750,25,25,0,0,1.0,0.0,0.0,0,0,0,0.0,0.0,0.0,,no_residual
25,window_431,10751,10775,25,25,0,0,1.0,0.0,0.0,0,0,0,0.0,0.0,0.0,,no_residual
25,window_432,10776,10800,25,25,0,0,1.0,0.0,0.0,0,0,0,0.0,0.0,0.0,,no_residual
25,window_433,10801,10825,25,25,0,0,1.0,0.0,0.0,0,0,0,0.0,0.0,0.0,,no_residual
25,window_434,10826,10850,25,25,0,0,1.0,0.0,0.0,0,0,0,0.0,0.0,0.0,,no_residual
25,window_435,10851,10875,25,25,0,0,1.0,0.0,0.0,0,0,0,0.0,0.0,0.0,,no_residual
25,window_436,10876,10900,25,25,0,0,1.0,0.0,0.0,0,0,0,0.0,0.0,0.0,,no_residual
25,window_437,10901,10925,25,25,0,0,1.0,0.0,0.0,0,0,0,0.0,0.0,0.0,,no_residual
25,window_438,10926,10950,25,25,0,0,1.0,0.0,0.0,0,0,0,0.0,0.0,0.0,,no_residual
25,window_439,10951,10975,25,25,0,0,1.0,0.0,0.0,0,0,0,0.0,0.0,0.0,,no_residual
25,window_440,10976,11000,25,25,0,0,1.0,0.0,0.0,0,0,0,0.0,0.0,0.0,,no_residual
25,window_441,11001,11025,25,24,0,1,0.96,0.0,0.04,0,1,0,0.0,1.0,1.0,Nov <num> <num>:<num>:<num> combo kernel:,stable_attached_residual
25,window_442,11026,11050,25,25,0,0,1.0,0.0,0.0,0,0,0,0.0,0.0,0.0,,no_residual
25,window_443,11051,11075,25,25,0,0,1.0,0.0,0.0,0,0,0,0.0,0.0,0.0,,no_residual
25,window_444,11076,11100,25,25,0,0,1.0,0.0,0.0,0,0,0,0.0,0.0,0.0,,no_residual
25,window_445,11101,11125,25,25,0,0,1.0,0.0,0.0,0,0,0,0.0,0.0,0.0,,no_residual
25,window_446,11126,11150,25,25,0,0,1.0,0.0,0.0,0,0,0,0.0,0.0,0.0,,no_residual
25,window_447,11151,11175,25,25,0,0,1.0,0.0,0.0,0,0,0,0.0,0.0,0.0,,no_residual
25,window_448,11176,11200,25,25,0,0,1.0,0.0,0.0,0,0,0,0.0,0.0,0.0,,no_residual
25,window_449,11201,11225,25,25,0,0,1.0,0.0,0.0,0,0,0,0.0,0.0,0.0,,no_residual
25,window_450,11226,11250,25,25,0,0,1.0,0.0,0.0,0,0,0,0.0,0.0,0.0,,no_residual
25,window_451,11251,11275,25,24,0,1,0.96,0.0,0.04,0,1,0,0.0,1.0,1.0,Nov <num> <num>:<num>:<num> combo kernel:,stable_attached_residual
25,window_452,11276,11300,25,25,0,0,1.0,0.0,0.0,0,0,0,0.0,0.0,0.0,,no_residual
25,window_453,11301,11325,25,25,0,0,1.0,0.0,0.0,0,0,0,0.0,0.0,0.0,,no_residual
25,window_454,11326,11350,25,22,0,3,0.88,0.0,0.12,3,2,0,1.0,0.6667,1.0,Nov <num> <num>:<num>:<num> combo kernel:,stable_attached_residual
25,window_455,11351,11375,25,25,0,0,1.0,0.0,0.0,0,0,0,0.0,0.0,0.0,,no_residual
25,window_456,11376,11400,25,25,0,0,1.0,0.0,0.0,0,0,0,0.0,0.0,0.0,,no_residual
25,window_457,11401,11425,25,25,0,0,1.0,0.0,0.0,0,0,0,0.0,0.0,0.0,,no_residual
25,window_458,11426,11450,25,25,0,0,1.0,0.0,0.0,0,0,0,0.0,0.0,0.0,,no_residual
25,window_459,11451,11475,25,25,0,0,1.0,0.0,0.0,0,0,0,0.0,0.0,0.0,,no_residual
25,window_460,11476,11500,25,25,0,0,1.0,0.0,0.0,0,0,0,0.0,0.0,0.0,,no_residual
25,window_461,11501,11525,25,25,0,0,1.0,0.0,0.0,0,0,0,0.0,0.0,0.0,,no_residual
25,window_462,11526,11550,25,25,0,0,1.0,0.0,0.0,0,0,0,0.0,0.0,0.0,,no_residual
25,window_463,11551,11575,25,25,0,0,1.0,0.0,0.0,0,0,0,0.0,0.0,0.0,,no_residual
25,window_464,11576,11600,25,25,0,0,1.0,0.0,0.0,0,0,0,0.0,0.0,0.0,,no_residual
25,window_465,11601,11625,25,25,0,0,1.0,0.0,0.0,0,0,0,0.0,0.0,0.0,,no_residual
25,window_466,11626,11650,25,25,0,0,1.0,0.0,0.0,0,0,0,0.0,0.0,0.0,,no_residual
25,window_467,11651,11675,25,24,0,1,0.96,0.0,0.04,0,1,0,0.0,1.0,1.0,Nov <num> <num>:<num>:<num> combo kernel:,stable_attached_residual
25,window_468,11676,11700,25,25,0,0,1.0,0.0,0.0,0,0,0,0.0,0.0,0.0,,no_residual
25,window_469,11701,11725,25,25,0,0,1.0,0.0,0.0,0,0,0,0.0,0.0,0.0,,no_residual
25,window_470,11726,11750,25,25,0,0,1.0,0.0,0.0,0,0,0,0.0,0.0,0.0,,no_residual
25,window_471,11751,11775,25,25,0,0,1.0,0.0,0.0,0,0,0,0.0,0.0,0.0,,no_residual
25,window_472,11776,11800,25,25,0,0,1.0,0.0,0.0,0,0,0,0.0,0.0,0.0,,no_residual
25,window_473,11801,11825,25,25,0,0,1.0,0.0,0.0,0,0,0,0.0,0.0,0.0,,no_residual
25,window_474,11826,11850,25,25,0,0,1.0,0.0,0.0,0,0,0,0.0,0.0,0.0,,no_residual
25,window_475,11851,11875,25,25,0,0,1.0,0.0,0.0,0,0,0,0.0,0.0,0.0,,no_residual
25,window_476,11876,11900,25,25,0,0,1.0,0.0,0.0,0,0,0,0.0,0.0,0.0,,no_residual
25,window_477,11901,11925,25,25,0,0,1.0,0.0,0.0,0,0,0,0.0,0.0,0.0,,no_residual
25,window_478,11926,11950,25,25,0,0,1.0,0.0,0.0,0,0,0,0.0,0.0,0.0,,no_residual
25,window_479,11951,11975,25,25,0,0,1.0,0.0,0.0,0,0,0,0.0,0.0,0.0,,no_residual
25,window_480,11976,12000,25,25,0,0,1.0,0.0,0.0,0,0,0,0.0,0.0,0.0,,no_residual
25,window_481,12001,12025,25,25,0,0,1.0,0.0,0.0,0,0,0,0.0,0.0,0.0,,no_residual
25,window_482,12026,12050,25,25,0,0,1.0,0.0,0.0,0,0,0,0.0,0.0,0.0,,no_residual
25,window_483,12051,12075,25,25,0,0,1.0,0.0,0.0,0,0,0,0.0,0.0,0.0,,no_residual
25,window_484,12076,12100,25,25,0,0,1.0,0.0,0.0,0,0,0,0.0,0.0,0.0,,no_residual
25,window_485,12101,12125,25,25,0,0,1.0,0.0,0.0,0,0,0,0.0,0.0,0.0,,no_residual
25,window_486,12126,12150,25,25,0,0,1.0,0.0,0.0,0,0,0,0.0,0.0,0.0,,no_residual
25,window_487,12151,12175,25,25,0,0,1.0,0.0,0.0,0,0,0,0.0,0.0,0.0,,no_residual
25,window_488,12176,12200,25,25,0,0,1.0,0.0,0.0,0,0,0,0.0,0.0,0.0,,no_residual
25,window_489,12201,12225,25,25,0,0,1.0,0.0,0.0,0,0,0,0.0,0.0,0.0,,no_residual
25,window_490,12226,12250,25,25,0,0,1.0,0.0,0.0,0,0,0,0.0,0.0,0.0,,no_residual
25,window_491,12251,12275,25,25,0,0,1.0,0.0,0.0,0,0,0,0.0,0.0,0.0,,no_residual
25,window_492,12276,12300,25,25,0,0,1.0,0.0,0.0,0,0,0,0.0,0.0,0.0,,no_residual
25,window_493,12301,12325,25,25,0,0,1.0,0.0,0.0,0,0,0,0.0,0.0,0.0,,no_residual
25,window_494,12326,12350,25,25,0,0,1.0,0.0,0.0,0,0,0,0.0,0.0,0.0,,no_residual
25,window_495,12351,12375,25,25,0,0,1.0,0.0,0.0,0,0,0,0.0,0.0,0.0,,no_residual
25,window_496,12376,12400,25,25,0,0,1.0,0.0,0.0,0,0,0,0.0,0.0,0.0,,no_residual
25,window_497,12401,12425,25,25,0,0,1.0,0.0,0.0,0,0,0,0.0,0.0,0.0,,no_residual
25,window_498,12426,12450,25,24,0,1,0.96,0.0,0.04,0,1,0,0.0,1.0,1.0,Nov <num> <num>:<num>:<num> combo kernel:,stable_attached_residual
25,window_499,12451,12475,25,25,0,0,1.0,0.0,0.0,0,0,0,0.0,0.0,0.0,,no_residual
25,window_500,12476,12500,25,25,0,0,1.0,0.0,0.0,0,0,0,0.0,0.0,0.0,,no_residual
25,window_501,12501,12525,25,25,0,0,1.0,0.0,0.0,0,0,0,0.0,0.0,0.0,,no_residual
25,window_502,12526,12550,25,17,8,0,0.68,0.32,0.0,0,0,0,0.0,0.0,0.0,,no_residual
25,window_503,12551,12575,25,20,4,1,0.8,0.16,0.04,0,1,0,0.0,1.0,1.0,Nov <num> <num>:<num>:<num> combo kernel:,stable_attached_residual
25,window_504,12576,12600,25,25,0,0,1.0,0.0,0.0,0,0,0,0.0,0.0,0.0,,no_residual
25,window_505,12601,12625,25,25,0,0,1.0,0.0,0.0,0,0,0,0.0,0.0,0.0,,no_residual
25,window_506,12626,12650,25,24,1,0,0.96,0.04,0.0,0,0,0,0.0,0.0,0.0,,no_residual
25,window_507,12651,12675,25,25,0,0,1.0,0.0,0.0,0,0,0,0.0,0.0,0.0,,no_residual
25,window_508,12676,12700,25,25,0,0,1.0,0.0,0.0,0,0,0,0.0,0.0,0.0,,no_residual
25,window_509,12701,12725,25,25,0,0,1.0,0.0,0.0,0,0,0,0.0,0.0,0.0,,no_residual
25,window_510,12726,12750,25,25,0,0,1.0,0.0,0.0,0,0,0,0.0,0.0,0.0,,no_residual
25,window_511,12751,12775,25,22,3,0,0.88,0.12,0.0,0,0,0,0.0,0.0,0.0,,no_residual
25,window_512,12776,12800,25,24,1,0,0.96,0.04,0.0,0,0,0,0.0,0.0,0.0,,no_residual
25,window_513,12801,12825,25,25,0,0,1.0,0.0,0.0,0,0,0,0.0,0.0,0.0,,no_residual
25,window_514,12826,12850,25,25,0,0,1.0,0.0,0.0,0,0,0,0.0,0.0,0.0,,no_residual
25,window_515,12851,12875,25,25,0,0,1.0,0.0,0.0,0,0,0,0.0,0.0,0.0,,no_residual
25,window_516,12876,12900,25,25,0,0,1.0,0.0,0.0,0,0,0,0.0,0.0,0.0,,no_residual
25,window_517,12901,12925,25,25,0,0,1.0,0.0,0.0,0,0,0,0.0,0.0,0.0,,no_residual
25,window_518,12926,12950,25,23,2,0,0.92,0.08,0.0,0,0,0,0.0,0.0,0.0,,no_residual
25,window_519,12951,12975,25,25,0,0,1.0,0.0,0.0,0,0,0,0.0,0.0,0.0,,no_residual
25,window_520,12976,13000,25,24,1,0,0.96,0.04,0.0,0,0,0,0.0,0.0,0.0,,no_residual
25,window_521,13001,13025,25,25,0,0,1.0,0.0,0.0,0,0,0,0.0,0.0,0.0,,no_residual
25,window_522,13026,13050,25,25,0,0,1.0,0.0,0.0,0,0,0,0.0,0.0,0.0,,no_residual
25,window_523,13051,13075,25,24,1,0,0.96,0.04,0.0,0,0,0,0.0,0.0,0.0,,no_residual
25,window_524,13076,13100,25,25,0,0,1.0,0.0,0.0,0,0,0,0.0,0.0,0.0,,no_residual
25,window_525,13101,13125,25,25,0,0,1.0,0.0,0.0,0,0,0,0.0,0.0,0.0,,no_residual
25,window_526,13126,13150,25,25,0,0,1.0,0.0,0.0,0,0,0,0.0,0.0,0.0,,no_residual
25,window_527,13151,13175,25,24,1,0,0.96,0.04,0.0,0,0,0,0.0,0.0,0.0,,no_residual
25,window_528,13176,13200,25,25,0,0,1.0,0.0,0.0,0,0,0,0.0,0.0,0.0,,no_residual
25,window_529,13201,13225,25,25,0,0,1.0,0.0,0.0,0,0,0,0.0,0.0,0.0,,no_residual
25,window_530,13226,13250,25,25,0,0,1.0,0.0,0.0,0,0,0,0.0,0.0,0.0,,no_residual
25,window_531,13251,13275,25,25,0,0,1.0,0.0,0.0,0,0,0,0.0,0.0,0.0,,no_residual
25,window_532,13276,13300,25,23,2,0,0.92,0.08,0.0,0,0,0,0.0,0.0,0.0,,no_residual
25,window_533,13301,13325,25,25,0,0,1.0,0.0,0.0,0,0,0,0.0,0.0,0.0,,no_residual
25,window_534,13326,13350,25,25,0,0,1.0,0.0,0.0,0,0,0,0.0,0.0,0.0,,no_residual
25,window_535,13351,13375,25,25,0,0,1.0,0.0,0.0,0,0,0,0.0,0.0,0.0,,no_residual
25,window_536,13376,13400,25,25,0,0,1.0,0.0,0.0,0,0,0,0.0,0.0,0.0,,no_residual
25,window_537,13401,13425,25,25,0,0,1.0,0.0,0.0,0,0,0,0.0,0.0,0.0,,no_residual
25,window_538,13426,13450,25,25,0,0,1.0,0.0,0.0,0,0,0,0.0,0.0,0.0,,no_residual
25,window_539,13451,13475,25,25,0,0,1.0,0.0,0.0,0,0,0,0.0,0.0,0.0,,no_residual
25,window_540,13476,13500,25,25,0,0,1.0,0.0,0.0,0,0,0,0.0,0.0,0.0,,no_residual
25,window_541,13501,13525,25,25,0,0,1.0,0.0,0.0,0,0,0,0.0,0.0,0.0,,no_residual
25,window_542,13526,13550,25,25,0,0,1.0,0.0,0.0,0,0,0,0.0,0.0,0.0,,no_residual
25,window_543,13551,13575,25,25,0,0,1.0,0.0,0.0,0,0,0,0.0,0.0,0.0,,no_residual
25,window_544,13576,13600,25,24,0,1,0.96,0.0,0.04,0,1,0,0.0,1.0,1.0,Nov <num> <num>:<num>:<num> combo kernel:,stable_attached_residual
25,window_545,13601,13625,25,25,0,0,1.0,0.0,0.0,0,0,0,0.0,0.0,0.0,,no_residual
25,window_546,13626,13650,25,25,0,0,1.0,0.0,0.0,0,0,0,0.0,0.0,0.0,,no_residual
25,window_547,13651,13675,25,25,0,0,1.0,0.0,0.0,0,0,0,0.0,0.0,0.0,,no_residual
25,window_548,13676,13700,25,25,0,0,1.0,0.0,0.0,0,0,0,0.0,0.0,0.0,,no_residual
25,window_549,13701,13725,25,25,0,0,1.0,0.0,0.0,0,0,0,0.0,0.0,0.0,,no_residual
25,window_550,13726,13750,25,25,0,0,1.0,0.0,0.0,0,0,0,0.0,0.0,0.0,,no_residual
25,window_551,13751,13775,25,25,0,0,1.0,0.0,0.0,0,0,0,0.0,0.0,0.0,,no_residual
25,window_552,13776,13800,25,25,0,0,1.0,0.0,0.0,0,0,0,0.0,0.0,0.0,,no_residual
25,window_553,13801,13825,25,25,0,0,1.0,0.0,0.0,0,0,0,0.0,0.0,0.0,,no_residual
25,window_554,13826,13850,25,24,1,0,0.96,0.04,0.0,0,0,0,0.0,0.0,0.0,,no_residual
25,window_555,13851,13875,25,25,0,0,1.0,0.0,0.0,0,0,0,0.0,0.0,0.0,,no_residual
25,window_556,13876,13900,25,24,1,0,0.96,0.04,0.0,0,0,0,0.0,0.0,0.0,,no_residual
25,window_557,13901,13925,25,25,0,0,1.0,0.0,0.0,0,0,0,0.0,0.0,0.0,,no_residual
25,window_558,13926,13950,25,25,0,0,1.0,0.0,0.0,0,0,0,0.0,0.0,0.0,,no_residual
25,window_559,13951,13975,25,25,0,0,1.0,0.0,0.0,0,0,0,0.0,0.0,0.0,,no_residual
25,window_560,13976,14000,25,25,0,0,1.0,0.0,0.0,0,0,0,0.0,0.0,0.0,,no_residual
25,window_561,14001,14025,25,22,0,3,0.88,0.0,0.12,2,3,0,0.6667,1.0,1.0,Nov <num> <num>:<num>:<num> combo kernel:,stable_attached_residual
25,window_562,14026,14050,25,25,0,0,1.0,0.0,0.0,0,0,0,0.0,0.0,0.0,,no_residual
25,window_563,14051,14075,25,25,0,0,1.0,0.0,0.0,0,0,0,0.0,0.0,0.0,,no_residual
25,window_564,14076,14100,25,25,0,0,1.0,0.0,0.0,0,0,0,0.0,0.0,0.0,,no_residual
25,window_565,14101,14125,25,25,0,0,1.0,0.0,0.0,0,0,0,0.0,0.0,0.0,,no_residual
25,window_566,14126,14150,25,25,0,0,1.0,0.0,0.0,0,0,0,0.0,0.0,0.0,,no_residual
25,window_567,14151,14175,25,25,0,0,1.0,0.0,0.0,0,0,0,0.0,0.0,0.0,,no_residual
25,window_568,14176,14200,25,25,0,0,1.0,0.0,0.0,0,0,0,0.0,0.0,0.0,,no_residual
25,window_569,14201,14225,25,25,0,0,1.0,0.0,0.0,0,0,0,0.0,0.0,0.0,,no_residual
25,window_570,14226,14250,25,25,0,0,1.0,0.0,0.0,0,0,0,0.0,0.0,0.0,,no_residual
25,window_571,14251,14275,25,25,0,0,1.0,0.0,0.0,0,0,0,0.0,0.0,0.0,,no_residual
25,window_572,14276,14300,25,25,0,0,1.0,0.0,0.0,0,0,0,0.0,0.0,0.0,,no_residual
25,window_573,14301,14325,25,25,0,0,1.0,0.0,0.0,0,0,0,0.0,0.0,0.0,,no_residual
25,window_574,14326,14350,25,25,0,0,1.0,0.0,0.0,0,0,0,0.0,0.0,0.0,,no_residual
25,window_575,14351,14375,25,25,0,0,1.0,0.0,0.0,0,0,0,0.0,0.0,0.0,,no_residual
25,window_576,14376,14400,25,25,0,0,1.0,0.0,0.0,0,0,0,0.0,0.0,0.0,,no_residual
25,window_577,14401,14425,25,25,0,0,1.0,0.0,0.0,0,0,0,0.0,0.0,0.0,,no_residual
25,window_578,14426,14450,25,25,0,0,1.0,0.0,0.0,0,0,0,0.0,0.0,0.0,,no_residual
25,window_579,14451,14475,25,25,0,0,1.0,0.0,0.0,0,0,0,0.0,0.0,0.0,,no_residual
25,window_580,14476,14500,25,25,0,0,1.0,0.0,0.0,0,0,0,0.0,0.0,0.0,,no_residual
25,window_581,14501,14525,25,23,2,0,0.92,0.08,0.0,0,0,0,0.0,0.0,0.0,,no_residual
25,window_582,14526,14550,25,22,3,0,0.88,0.12,0.0,0,0,0,0.0,0.0,0.0,,no_residual
25,window_583,14551,14575,25,23,2,0,0.92,0.08,0.0,0,0,0,0.0,0.0,0.0,,no_residual
25,window_584,14576,14600,25,23,2,0,0.92,0.08,0.0,0,0,0,0.0,0.0,0.0,,no_residual
25,window_585,14601,14625,25,25,0,0,1.0,0.0,0.0,0,0,0,0.0,0.0,0.0,,no_residual
25,window_586,14626,14650,25,25,0,0,1.0,0.0,0.0,0,0,0,0.0,0.0,0.0,,no_residual
25,window_587,14651,14675,25,25,0,0,1.0,0.0,0.0,0,0,0,0.0,0.0,0.0,,no_residual
25,window_588,14676,14700,25,25,0,0,1.0,0.0,0.0,0,0,0,0.0,0.0,0.0,,no_residual
25,window_589,14701,14725,25,25,0,0,1.0,0.0,0.0,0,0,0,0.0,0.0,0.0,,no_residual
25,window_590,14726,14750,25,25,0,0,1.0,0.0,0.0,0,0,0,0.0,0.0,0.0,,no_residual
25,window_591,14751,14775,25,25,0,0,1.0,0.0,0.0,0,0,0,0.0,0.0,0.0,,no_residual
25,window_592,14776,14800,25,25,0,0,1.0,0.0,0.0,0,0,0,0.0,0.0,0.0,,no_residual
25,window_593,14801,14825,25,25,0,0,1.0,0.0,0.0,0,0,0,0.0,0.0,0.0,,no_residual
25,window_594,14826,14850,25,25,0,0,1.0,0.0,0.0,0,0,0,0.0,0.0,0.0,,no_residual
25,window_595,14851,14875,25,25,0,0,1.0,0.0,0.0,0,0,0,0.0,0.0,0.0,,no_residual
25,window_596,14876,14900,25,25,0,0,1.0,0.0,0.0,0,0,0,0.0,0.0,0.0,,no_residual
25,window_597,14901,14925,25,25,0,0,1.0,0.0,0.0,0,0,0,0.0,0.0,0.0,,no_residual
25,window_598,14926,14950,25,25,0,0,1.0,0.0,0.0,0,0,0,0.0,0.0,0.0,,no_residual
25,window_599,14951,14975,25,25,0,0,1.0,0.0,0.0,0,0,0,0.0,0.0,0.0,,no_residual
25,window_600,14976,15000,25,25,0,0,1.0,0.0,0.0,0,0,0,0.0,0.0,0.0,,no_residual
25,window_601,15001,15025,25,25,0,0,1.0,0.0,0.0,0,0,0,0.0,0.0,0.0,,no_residual
25,window_602,15026,15050,25,23,2,0,0.92,0.08,0.0,0,0,0,0.0,0.0,0.0,,no_residual
25,window_603,15051,15075,25,25,0,0,1.0,0.0,0.0,0,0,0,0.0,0.0,0.0,,no_residual
25,window_604,15076,15100,25,22,3,0,0.88,0.12,0.0,0,0,0,0.0,0.0,0.0,,no_residual
25,window_605,15101,15125,25,25,0,0,1.0,0.0,0.0,0,0,0,0.0,0.0,0.0,,no_residual
25,window_606,15126,15150,25,25,0,0,1.0,0.0,0.0,0,0,0,0.0,0.0,0.0,,no_residual
25,window_607,15151,15175,25,25,0,0,1.0,0.0,0.0,0,0,0,0.0,0.0,0.0,,no_residual
25,window_608,15176,15200,25,25,0,0,1.0,0.0,0.0,0,0,0,0.0,0.0,0.0,,no_residual
25,window_609,15201,15225,25,25,0,0,1.0,0.0,0.0,0,0,0,0.0,0.0,0.0,,no_residual
25,window_610,15226,15250,25,25,0,0,1.0,0.0,0.0,0,0,0,0.0,0.0,0.0,,no_residual
25,window_611,15251,15275,25,25,0,0,1.0,0.0,0.0,0,0,0,0.0,0.0,0.0,,no_residual
25,window_612,15276,15300,25,25,0,0,1.0,0.0,0.0,0,0,0,0.0,0.0,0.0,,no_residual
25,window_613,15301,15325,25,25,0,0,1.0,0.0,0.0,0,0,0,0.0,0.0,0.0,,no_residual
25,window_614,15326,15350,25,25,0,0,1.0,0.0,0.0,0,0,0,0.0,0.0,0.0,,no_residual
25,window_615,15351,15375,25,25,0,0,1.0,0.0,0.0,0,0,0,0.0,0.0,0.0,,no_residual
25,window_616,15376,15400,25,25,0,0,1.0,0.0,0.0,0,0,0,0.0,0.0,0.0,,no_residual
25,window_617,15401,15425,25,25,0,0,1.0,0.0,0.0,0,0,0,0.0,0.0,0.0,,no_residual
25,window_618,15426,15450,25,25,0,0,1.0,0.0,0.0,0,0,0,0.0,0.0,0.0,,no_residual
25,window_619,15451,15475,25,25,0,0,1.0,0.0,0.0,0,0,0,0.0,0.0,0.0,,no_residual
25,window_620,15476,15500,25,25,0,0,1.0,0.0,0.0,0,0,0,0.0,0.0,0.0,,no_residual
25,window_621,15501,15525,25,25,0,0,1.0,0.0,0.0,0,0,0,0.0,0.0,0.0,,no_residual
25,window_622,15526,15550,25,25,0,0,1.0,0.0,0.0,0,0,0,0.0,0.0,0.0,,no_residual
25,window_623,15551,15575,25,25,0,0,1.0,0.0,0.0,0,0,0,0.0,0.0,0.0,,no_residual
25,window_624,15576,15600,25,25,0,0,1.0,0.0,0.0,0,0,0,0.0,0.0,0.0,,no_residual
25,window_625,15601,15625,25,25,0,0,1.0,0.0,0.0,0,0,0,0.0,0.0,0.0,,no_residual
25,window_626,15626,15650,25,25,0,0,1.0,0.0,0.0,0,0,0,0.0,0.0,0.0,,no_residual
25,window_627,15651,15675,25,25,0,0,1.0,0.0,0.0,0,0,0,0.0,0.0,0.0,,no_residual
25,window_628,15676,15700,25,25,0,0,1.0,0.0,0.0,0,0,0,0.0,0.0,0.0,,no_residual
25,window_629,15701,15725,25,25,0,0,1.0,0.0,0.0,0,0,0,0.0,0.0,0.0,,no_residual
25,window_630,15726,15750,25,25,0,0,1.0,0.0,0.0,0,0,0,0.0,0.0,0.0,,no_residual
25,window_631,15751,15775,25,25,0,0,1.0,0.0,0.0,0,0,0,0.0,0.0,0.0,,no_residual
25,window_632,15776,15800,25,25,0,0,1.0,0.0,0.0,0,0,0,0.0,0.0,0.0,,no_residual
25,window_633,15801,15825,25,25,0,0,1.0,0.0,0.0,0,0,0,0.0,0.0,0.0,,no_residual
25,window_634,15826,15850,25,25,0,0,1.0,0.0,0.0,0,0,0,0.0,0.0,0.0,,no_residual
25,window_635,15851,15875,25,25,0,0,1.0,0.0,0.0,0,0,0,0.0,0.0,0.0,,no_residual
25,window_636,15876,15900,25,25,0,0,1.0,0.0,0.0,0,0,0,0.0,0.0,0.0,,no_residual
25,window_637,15901,15925,25,25,0,0,1.0,0.0,0.0,0,0,0,0.0,0.0,0.0,,no_residual
25,window_638,15926,15950,25,25,0,0,1.0,0.0,0.0,0,0,0,0.0,0.0,0.0,,no_residual
25,window_639,15951,15975,25,25,0,0,1.0,0.0,0.0,0,0,0,0.0,0.0,0.0,,no_residual
25,window_640,15976,16000,25,25,0,0,1.0,0.0,0.0,0,0,0,0.0,0.0,0.0,,no_residual
25,window_641,16001,16025,25,25,0,0,1.0,0.0,0.0,0,0,0,0.0,0.0,0.0,,no_residual
25,window_642,16026,16050,25,25,0,0,1.0,0.0,0.0,0,0,0,0.0,0.0,0.0,,no_residual
25,window_643,16051,16075,25,25,0,0,1.0,0.0,0.0,0,0,0,0.0,0.0,0.0,,no_residual
25,window_644,16076,16100,25,25,0,0,1.0,0.0,0.0,0,0,0,0.0,0.0,0.0,,no_residual
25,window_645,16101,16125,25,25,0,0,1.0,0.0,0.0,0,0,0,0.0,0.0,0.0,,no_residual
25,window_646,16126,16150,25,25,0,0,1.0,0.0,0.0,0,0,0,0.0,0.0,0.0,,no_residual
25,window_647,16151,16175,25,25,0,0,1.0,0.0,0.0,0,0,0,0.0,0.0,0.0,,no_residual
25,window_648,16176,16200,25,25,0,0,1.0,0.0,0.0,0,0,0,0.0,0.0,0.0,,no_residual
25,window_649,16201,16225,25,25,0,0,1.0,0.0,0.0,0,0,0,0.0,0.0,0.0,,no_residual
25,window_650,16226,16250,25,25,0,0,1.0,0.0,0.0,0,0,0,0.0,0.0,0.0,,no_residual
25,window_651,16251,16275,25,25,0,0,1.0,0.0,0.0,0,0,0,0.0,0.0,0.0,,no_residual
25,window_652,16276,16300,25,24,0,1,0.96,0.0,0.04,0,1,0,0.0,1.0,1.0,Nov <num> <num>:<num>:<num> combo kernel:,stable_attached_residual
25,window_653,16301,16325,25,25,0,0,1.0,0.0,0.0,0,0,0,0.0,0.0,0.0,,no_residual
25,window_654,16326,16350,25,25,0,0,1.0,0.0,0.0,0,0,0,0.0,0.0,0.0,,no_residual
25,window_655,16351,16375,25,25,0,0,1.0,0.0,0.0,0,0,0,0.0,0.0,0.0,,no_residual
25,window_656,16376,16400,25,25,0,0,1.0,0.0,0.0,0,0,0,0.0,0.0,0.0,,no_residual
25,window_657,16401,16425,25,25,0,0,1.0,0.0,0.0,0,0,0,0.0,0.0,0.0,,no_residual
25,window_658,16426,16450,25,25,0,0,1.0,0.0,0.0,0,0,0,0.0,0.0,0.0,,no_residual
25,window_659,16451,16475,25,25,0,0,1.0,0.0,0.0,0,0,0,0.0,0.0,0.0,,no_residual
25,window_660,16476,16500,25,25,0,0,1.0,0.0,0.0,0,0,0,0.0,0.0,0.0,,no_residual
25,window_661,16501,16525,25,25,0,0,1.0,0.0,0.0,0,0,0,0.0,0.0,0.0,,no_residual
25,window_662,16526,16550,25,25,0,0,1.0,0.0,0.0,0,0,0,0.0,0.0,0.0,,no_residual
25,window_663,16551,16575,25,25,0,0,1.0,0.0,0.0,0,0,0,0.0,0.0,0.0,,no_residual
25,window_664,16576,16600,25,25,0,0,1.0,0.0,0.0,0,0,0,0.0,0.0,0.0,,no_residual
25,window_665,16601,16625,25,25,0,0,1.0,0.0,0.0,0,0,0,0.0,0.0,0.0,,no_residual
25,window_666,16626,16650,25,25,0,0,1.0,0.0,0.0,0,0,0,0.0,0.0,0.0,,no_residual
25,window_667,16651,16675,25,25,0,0,1.0,0.0,0.0,0,0,0,0.0,0.0,0.0,,no_residual
25,window_668,16676,16700,25,25,0,0,1.0,0.0,0.0,0,0,0,0.0,0.0,0.0,,no_residual
25,window_669,16701,16725,25,25,0,0,1.0,0.0,0.0,0,0,0,0.0,0.0,0.0,,no_residual
25,window_670,16726,16750,25,24,0,1,0.96,0.0,0.04,0,1,0,0.0,1.0,1.0,Nov <num> <num>:<num>:<num> combo kernel:,stable_attached_residual
25,window_671,16751,16775,25,23,0,2,0.92,0.0,0.08,2,2,0,1.0,1.0,1.0,Nov <num> <num>:<num>:<num> combo kernel:,stable_attached_residual
25,window_672,16776,16800,25,25,0,0,1.0,0.0,0.0,0,0,0,0.0,0.0,0.0,,no_residual
25,window_673,16801,16825,25,25,0,0,1.0,0.0,0.0,0,0,0,0.0,0.0,0.0,,no_residual
25,window_674,16826,16850,25,25,0,0,1.0,0.0,0.0,0,0,0,0.0,0.0,0.0,,no_residual
25,window_675,16851,16875,25,25,0,0,1.0,0.0,0.0,0,0,0,0.0,0.0,0.0,,no_residual
25,window_676,16876,16900,25,25,0,0,1.0,0.0,0.0,0,0,0,0.0,0.0,0.0,,no_residual
25,window_677,16901,16925,25,25,0,0,1.0,0.0,0.0,0,0,0,0.0,0.0,0.0,,no_residual
25,window_678,16926,16950,25,25,0,0,1.0,0.0,0.0,0,0,0,0.0,0.0,0.0,,no_residual
25,window_679,16951,16975,25,25,0,0,1.0,0.0,0.0,0,0,0,0.0,0.0,0.0,,no_residual
25,window_680,16976,17000,25,25,0,0,1.0,0.0,0.0,0,0,0,0.0,0.0,0.0,,no_residual
25,window_681,17001,17025,25,25,0,0,1.0,0.0,0.0,0,0,0,0.0,0.0,0.0,,no_residual
25,window_682,17026,17050,25,25,0,0,1.0,0.0,0.0,0,0,0,0.0,0.0,0.0,,no_residual
25,window_683,17051,17075,25,25,0,0,1.0,0.0,0.0,0,0,0,0.0,0.0,0.0,,no_residual
25,window_684,17076,17100,25,25,0,0,1.0,0.0,0.0,0,0,0,0.0,0.0,0.0,,no_residual
25,window_685,17101,17125,25,25,0,0,1.0,0.0,0.0,0,0,0,0.0,0.0,0.0,,no_residual
25,window_686,17126,17150,25,25,0,0,1.0,0.0,0.0,0,0,0,0.0,0.0,0.0,,no_residual
25,window_687,17151,17175,25,25,0,0,1.0,0.0,0.0,0,0,0,0.0,0.0,0.0,,no_residual
25,window_688,17176,17200,25,25,0,0,1.0,0.0,0.0,0,0,0,0.0,0.0,0.0,,no_residual
25,window_689,17201,17225,25,25,0,0,1.0,0.0,0.0,0,0,0,0.0,0.0,0.0,,no_residual
25,window_690,17226,17250,25,25,0,0,1.0,0.0,0.0,0,0,0,0.0,0.0,0.0,,no_residual
25,window_691,17251,17275,25,25,0,0,1.0,0.0,0.0,0,0,0,0.0,0.0,0.0,,no_residual
25,window_692,17276,17300,25,23,2,0,0.92,0.08,0.0,0,0,0,0.0,0.0,0.0,,no_residual
25,window_693,17301,17325,25,25,0,0,1.0,0.0,0.0,0,0,0,0.0,0.0,0.0,,no_residual
25,window_694,17326,17350,25,25,0,0,1.0,0.0,0.0,0,0,0,0.0,0.0,0.0,,no_residual
25,window_695,17351,17375,25,24,0,1,0.96,0.0,0.04,0,1,0,0.0,1.0,1.0,Dec <num> <num>:<num>:<num> combo kernel:,stable_attached_residual
25,window_696,17376,17400,25,25,0,0,1.0,0.0,0.0,0,0,0,0.0,0.0,0.0,,no_residual
25,window_697,17401,17425,25,25,0,0,1.0,0.0,0.0,0,0,0,0.0,0.0,0.0,,no_residual
25,window_698,17426,17450,25,25,0,0,1.0,0.0,0.0,0,0,0,0.0,0.0,0.0,,no_residual
25,window_699,17451,17475,25,25,0,0,1.0,0.0,0.0,0,0,0,0.0,0.0,0.0,,no_residual
25,window_700,17476,17500,25,25,0,0,1.0,0.0,0.0,0,0,0,0.0,0.0,0.0,,no_residual
25,window_701,17501,17525,25,25,0,0,1.0,0.0,0.0,0,0,0,0.0,0.0,0.0,,no_residual
25,window_702,17526,17550,25,25,0,0,1.0,0.0,0.0,0,0,0,0.0,0.0,0.0,,no_residual
25,window_703,17551,17575,25,25,0,0,1.0,0.0,0.0,0,0,0,0.0,0.0,0.0,,no_residual
25,window_704,17576,17600,25,25,0,0,1.0,0.0,0.0,0,0,0,0.0,0.0,0.0,,no_residual
25,window_705,17601,17625,25,25,0,0,1.0,0.0,0.0,0,0,0,0.0,0.0,0.0,,no_residual
25,window_706,17626,17650,25,25,0,0,1.0,0.0,0.0,0,0,0,0.0,0.0,0.0,,no_residual
25,window_707,17651,17675,25,24,1,0,0.96,0.04,0.0,0,0,0,0.0,0.0,0.0,,no_residual
25,window_708,17676,17700,25,25,0,0,1.0,0.0,0.0,0,0,0,0.0,0.0,0.0,,no_residual
25,window_709,17701,17725,25,25,0,0,1.0,0.0,0.0,0,0,0,0.0,0.0,0.0,,no_residual
25,window_710,17726,17750,25,25,0,0,1.0,0.0,0.0,0,0,0,0.0,0.0,0.0,,no_residual
25,window_711,17751,17775,25,25,0,0,1.0,0.0,0.0,0,0,0,0.0,0.0,0.0,,no_residual
25,window_712,17776,17800,25,25,0,0,1.0,0.0,0.0,0,0,0,0.0,0.0,0.0,,no_residual
25,window_713,17801,17825,25,25,0,0,1.0,0.0,0.0,0,0,0,0.0,0.0,0.0,,no_residual
25,window_714,17826,17850,25,25,0,0,1.0,0.0,0.0,0,0,0,0.0,0.0,0.0,,no_residual
25,window_715,17851,17875,25,25,0,0,1.0,0.0,0.0,0,0,0,0.0,0.0,0.0,,no_residual
25,window_716,17876,17900,25,25,0,0,1.0,0.0,0.0,0,0,0,0.0,0.0,0.0,,no_residual
25,window_717,17901,17925,25,25,0,0,1.0,0.0,0.0,0,0,0,0.0,0.0,0.0,,no_residual
25,window_718,17926,17950,25,25,0,0,1.0,0.0,0.0,0,0,0,0.0,0.0,0.0,,no_residual
25,window_719,17951,17975,25,25,0,0,1.0,0.0,0.0,0,0,0,0.0,0.0,0.0,,no_residual
25,window_720,17976,18000,25,25,0,0,1.0,0.0,0.0,0,0,0,0.0,0.0,0.0,,no_residual
25,window_721,18001,18025,25,25,0,0,1.0,0.0,0.0,0,0,0,0.0,0.0,0.0,,no_residual
25,window_722,18026,18050,25,25,0,0,1.0,0.0,0.0,0,0,0,0.0,0.0,0.0,,no_residual
25,window_723,18051,18075,25,25,0,0,1.0,0.0,0.0,0,0,0,0.0,0.0,0.0,,no_residual
25,window_724,18076,18100,25,25,0,0,1.0,0.0,0.0,0,0,0,0.0,0.0,0.0,,no_residual
25,window_725,18101,18125,25,25,0,0,1.0,0.0,0.0,0,0,0,0.0,0.0,0.0,,no_residual
25,window_726,18126,18150,25,25,0,0,1.0,0.0,0.0,0,0,0,0.0,0.0,0.0,,no_residual
25,window_727,18151,18175,25,25,0,0,1.0,0.0,0.0,0,0,0,0.0,0.0,0.0,,no_residual
25,window_728,18176,18200,25,25,0,0,1.0,0.0,0.0,0,0,0,0.0,0.0,0.0,,no_residual
25,window_729,18201,18225,25,25,0,0,1.0,0.0,0.0,0,0,0,0.0,0.0,0.0,,no_residual
25,window_730,18226,18250,25,25,0,0,1.0,0.0,0.0,0,0,0,0.0,0.0,0.0,,no_residual
25,window_731,18251,18275,25,25,0,0,1.0,0.0,0.0,0,0,0,0.0,0.0,0.0,,no_residual
25,window_732,18276,18300,25,25,0,0,1.0,0.0,0.0,0,0,0,0.0,0.0,0.0,,no_residual
25,window_733,18301,18325,25,25,0,0,1.0,0.0,0.0,0,0,0,0.0,0.0,0.0,,no_residual
25,window_734,18326,18350,25,25,0,0,1.0,0.0,0.0,0,0,0,0.0,0.0,0.0,,no_residual
25,window_735,18351,18375,25,25,0,0,1.0,0.0,0.0,0,0,0,0.0,0.0,0.0,,no_residual
25,window_736,18376,18400,25,25,0,0,1.0,0.0,0.0,0,0,0,0.0,0.0,0.0,,no_residual
25,window_737,18401,18425,25,25,0,0,1.0,0.0,0.0,0,0,0,0.0,0.0,0.0,,no_residual
25,window_738,18426,18450,25,25,0,0,1.0,0.0,0.0,0,0,0,0.0,0.0,0.0,,no_residual
25,window_739,18451,18475,25,25,0,0,1.0,0.0,0.0,0,0,0,0.0,0.0,0.0,,no_residual
25,window_740,18476,18500,25,25,0,0,1.0,0.0,0.0,0,0,0,0.0,0.0,0.0,,no_residual
25,window_741,18501,18525,25,24,0,1,0.96,0.0,0.04,0,1,0,0.0,1.0,1.0,Dec <num> <num>:<num>:<num> combo kernel:,stable_attached_residual
25,window_742,18526,18550,25,25,0,0,1.0,0.0,0.0,0,0,0,0.0,0.0,0.0,,no_residual
25,window_743,18551,18575,25,25,0,0,1.0,0.0,0.0,0,0,0,0.0,0.0,0.0,,no_residual
25,window_744,18576,18600,25,25,0,0,1.0,0.0,0.0,0,0,0,0.0,0.0,0.0,,no_residual
25,window_745,18601,18625,25,25,0,0,1.0,0.0,0.0,0,0,0,0.0,0.0,0.0,,no_residual
25,window_746,18626,18650,25,25,0,0,1.0,0.0,0.0,0,0,0,0.0,0.0,0.0,,no_residual
25,window_747,18651,18675,25,25,0,0,1.0,0.0,0.0,0,0,0,0.0,0.0,0.0,,no_residual
25,window_748,18676,18700,25,16,2,7,0.64,0.08,0.28,6,4,0,0.8571,0.5714,1.0,Dec <num> <num>:<num>:<num> combo kernel:,stable_attached_residual
25,window_749,18701,18725,25,16,7,2,0.64,0.28,0.08,1,1,1,0.5,0.5,1.0,Dec <num> <num>:<num>:<num> combo kernel:,stable_attached_residual
25,window_750,18726,18750,25,14,8,3,0.56,0.32,0.12,2,2,1,0.6667,0.6667,1.0,Dec <num> <num>:<num>:<num> combo kernel:,stable_attached_residual
25,window_751,18751,18775,25,23,2,0,0.92,0.08,0.0,0,0,0,0.0,0.0,0.0,,no_residual
25,window_752,18776,18800,25,25,0,0,1.0,0.0,0.0,0,0,0,0.0,0.0,0.0,,no_residual
25,window_753,18801,18825,25,25,0,0,1.0,0.0,0.0,0,0,0,0.0,0.0,0.0,,no_residual
25,window_754,18826,18850,25,25,0,0,1.0,0.0,0.0,0,0,0,0.0,0.0,0.0,,no_residual
25,window_755,18851,18875,25,25,0,0,1.0,0.0,0.0,0,0,0,0.0,0.0,0.0,,no_residual
25,window_756,18876,18900,25,25,0,0,1.0,0.0,0.0,0,0,0,0.0,0.0,0.0,,no_residual
25,window_757,18901,18925,25,25,0,0,1.0,0.0,0.0,0,0,0,0.0,0.0,0.0,,no_residual
25,window_758,18926,18950,25,25,0,0,1.0,0.0,0.0,0,0,0,0.0,0.0,0.0,,no_residual
25,window_759,18951,18975,25,25,0,0,1.0,0.0,0.0,0,0,0,0.0,0.0,0.0,,no_residual
25,window_760,18976,19000,25,25,0,0,1.0,0.0,0.0,0,0,0,0.0,0.0,0.0,,no_residual
25,window_761,19001,19025,25,24,1,0,0.96,0.04,0.0,0,0,0,0.0,0.0,0.0,,no_residual
25,window_762,19026,19050,25,25,0,0,1.0,0.0,0.0,0,0,0,0.0,0.0,0.0,,no_residual
25,window_763,19051,19075,25,25,0,0,1.0,0.0,0.0,0,0,0,0.0,0.0,0.0,,no_residual
25,window_764,19076,19100,25,25,0,0,1.0,0.0,0.0,0,0,0,0.0,0.0,0.0,,no_residual
25,window_765,19101,19125,25,25,0,0,1.0,0.0,0.0,0,0,0,0.0,0.0,0.0,,no_residual
25,window_766,19126,19150,25,25,0,0,1.0,0.0,0.0,0,0,0,0.0,0.0,0.0,,no_residual
25,window_767,19151,19175,25,25,0,0,1.0,0.0,0.0,0,0,0,0.0,0.0,0.0,,no_residual
25,window_768,19176,19200,25,25,0,0,1.0,0.0,0.0,0,0,0,0.0,0.0,0.0,,no_residual
25,window_769,19201,19225,25,25,0,0,1.0,0.0,0.0,0,0,0,0.0,0.0,0.0,,no_residual
25,window_770,19226,19250,25,25,0,0,1.0,0.0,0.0,0,0,0,0.0,0.0,0.0,,no_residual
25,window_771,19251,19275,25,25,0,0,1.0,0.0,0.0,0,0,0,0.0,0.0,0.0,,no_residual
25,window_772,19276,19300,25,25,0,0,1.0,0.0,0.0,0,0,0,0.0,0.0,0.0,,no_residual
25,window_773,19301,19325,25,24,1,0,0.96,0.04,0.0,0,0,0,0.0,0.0,0.0,,no_residual
25,window_774,19326,19350,25,25,0,0,1.0,0.0,0.0,0,0,0,0.0,0.0,0.0,,no_residual
25,window_775,19351,19375,25,25,0,0,1.0,0.0,0.0,0,0,0,0.0,0.0,0.0,,no_residual
25,window_776,19376,19400,25,25,0,0,1.0,0.0,0.0,0,0,0,0.0,0.0,0.0,,no_residual
25,window_777,19401,19425,25,25,0,0,1.0,0.0,0.0,0,0,0,0.0,0.0,0.0,,no_residual
25,window_778,19426,19450,25,25,0,0,1.0,0.0,0.0,0,0,0,0.0,0.0,0.0,,no_residual
25,window_779,19451,19475,25,25,0,0,1.0,0.0,0.0,0,0,0,0.0,0.0,0.0,,no_residual
25,window_780,19476,19500,25,25,0,0,1.0,0.0,0.0,0,0,0,0.0,0.0,0.0,,no_residual
25,window_781,19501,19525,25,25,0,0,1.0,0.0,0.0,0,0,0,0.0,0.0,0.0,,no_residual
25,window_782,19526,19550,25,25,0,0,1.0,0.0,0.0,0,0,0,0.0,0.0,0.0,,no_residual
25,window_783,19551,19575,25,25,0,0,1.0,0.0,0.0,0,0,0,0.0,0.0,0.0,,no_residual
25,window_784,19576,19600,25,25,0,0,1.0,0.0,0.0,0,0,0,0.0,0.0,0.0,,no_residual
25,window_785,19601,19625,25,25,0,0,1.0,0.0,0.0,0,0,0,0.0,0.0,0.0,,no_residual
25,window_786,19626,19650,25,25,0,0,1.0,0.0,0.0,0,0,0,0.0,0.0,0.0,,no_residual
25,window_787,19651,19675,25,25,0,0,1.0,0.0,0.0,0,0,0,0.0,0.0,0.0,,no_residual
25,window_788,19676,19700,25,25,0,0,1.0,0.0,0.0,0,0,0,0.0,0.0,0.0,,no_residual
25,window_789,19701,19725,25,25,0,0,1.0,0.0,0.0,0,0,0,0.0,0.0,0.0,,no_residual
25,window_790,19726,19750,25,25,0,0,1.0,0.0,0.0,0,0,0,0.0,0.0,0.0,,no_residual
25,window_791,19751,19775,25,25,0,0,1.0,0.0,0.0,0,0,0,0.0,0.0,0.0,,no_residual
25,window_792,19776,19800,25,25,0,0,1.0,0.0,0.0,0,0,0,0.0,0.0,0.0,,no_residual
25,window_793,19801,19825,25,25,0,0,1.0,0.0,0.0,0,0,0,0.0,0.0,0.0,,no_residual
25,window_794,19826,19850,25,24,1,0,0.96,0.04,0.0,0,0,0,0.0,0.0,0.0,,no_residual
25,window_795,19851,19875,25,25,0,0,1.0,0.0,0.0,0,0,0,0.0,0.0,0.0,,no_residual
25,window_796,19876,19900,25,24,1,0,0.96,0.04,0.0,0,0,0,0.0,0.0,0.0,,no_residual
25,window_797,19901,19925,25,25,0,0,1.0,0.0,0.0,0,0,0,0.0,0.0,0.0,,no_residual
25,window_798,19926,19950,25,25,0,0,1.0,0.0,0.0,0,0,0,0.0,0.0,0.0,,no_residual
25,window_799,19951,19975,25,25,0,0,1.0,0.0,0.0,0,0,0,0.0,0.0,0.0,,no_residual
25,window_800,19976,20000,25,25,0,0,1.0,0.0,0.0,0,0,0,0.0,0.0,0.0,,no_residual
25,window_801,20001,20025,25,25,0,0,1.0,0.0,0.0,0,0,0,0.0,0.0,0.0,,no_residual
25,window_802,20026,20050,25,25,0,0,1.0,0.0,0.0,0,0,0,0.0,0.0,0.0,,no_residual
25,window_803,20051,20075,25,25,0,0,1.0,0.0,0.0,0,0,0,0.0,0.0,0.0,,no_residual
25,window_804,20076,20100,25,25,0,0,1.0,0.0,0.0,0,0,0,0.0,0.0,0.0,,no_residual
25,window_805,20101,20125,25,25,0,0,1.0,0.0,0.0,0,0,0,0.0,0.0,0.0,,no_residual
25,window_806,20126,20150,25,25,0,0,1.0,0.0,0.0,0,0,0,0.0,0.0,0.0,,no_residual
25,window_807,20151,20175,25,25,0,0,1.0,0.0,0.0,0,0,0,0.0,0.0,0.0,,no_residual
25,window_808,20176,20200,25,25,0,0,1.0,0.0,0.0,0,0,0,0.0,0.0,0.0,,no_residual
25,window_809,20201,20225,25,25,0,0,1.0,0.0,0.0,0,0,0,0.0,0.0,0.0,,no_residual
25,window_810,20226,20250,25,25,0,0,1.0,0.0,0.0,0,0,0,0.0,0.0,0.0,,no_residual
25,window_811,20251,20275,25,25,0,0,1.0,0.0,0.0,0,0,0,0.0,0.0,0.0,,no_residual
25,window_812,20276,20300,25,25,0,0,1.0,0.0,0.0,0,0,0,0.0,0.0,0.0,,no_residual
25,window_813,20301,20325,25,25,0,0,1.0,0.0,0.0,0,0,0,0.0,0.0,0.0,,no_residual
25,window_814,20326,20350,25,25,0,0,1.0,0.0,0.0,0,0,0,0.0,0.0,0.0,,no_residual
25,window_815,20351,20375,25,25,0,0,1.0,0.0,0.0,0,0,0,0.0,0.0,0.0,,no_residual
25,window_816,20376,20400,25,25,0,0,1.0,0.0,0.0,0,0,0,0.0,0.0,0.0,,no_residual
25,window_817,20401,20425,25,25,0,0,1.0,0.0,0.0,0,0,0,0.0,0.0,0.0,,no_residual
25,window_818,20426,20450,25,25,0,0,1.0,0.0,0.0,0,0,0,0.0,0.0,0.0,,no_residual
25,window_819,20451,20475,25,25,0,0,1.0,0.0,0.0,0,0,0,0.0,0.0,0.0,,no_residual
25,window_820,20476,20500,25,25,0,0,1.0,0.0,0.0,0,0,0,0.0,0.0,0.0,,no_residual
25,window_821,20501,20525,25,25,0,0,1.0,0.0,0.0,0,0,0,0.0,0.0,0.0,,no_residual
25,window_822,20526,20550,25,25,0,0,1.0,0.0,0.0,0,0,0,0.0,0.0,0.0,,no_residual
25,window_823,20551,20575,25,25,0,0,1.0,0.0,0.0,0,0,0,0.0,0.0,0.0,,no_residual
25,window_824,20576,20600,25,25,0,0,1.0,0.0,0.0,0,0,0,0.0,0.0,0.0,,no_residual
25,window_825,20601,20625,25,21,4,0,0.84,0.16,0.0,0,0,0,0.0,0.0,0.0,,no_residual
25,window_826,20626,20650,25,19,4,2,0.76,0.16,0.08,2,2,0,1.0,1.0,1.0,Dec <num> <num>:<num>:<num> combo kernel:,stable_attached_residual
25,window_827,20651,20675,25,20,5,0,0.8,0.2,0.0,0,0,0,0.0,0.0,0.0,,no_residual
25,window_828,20676,20700,25,25,0,0,1.0,0.0,0.0,0,0,0,0.0,0.0,0.0,,no_residual
25,window_829,20701,20725,25,25,0,0,1.0,0.0,0.0,0,0,0,0.0,0.0,0.0,,no_residual
25,window_830,20726,20750,25,25,0,0,1.0,0.0,0.0,0,0,0,0.0,0.0,0.0,,no_residual
25,window_831,20751,20775,25,25,0,0,1.0,0.0,0.0,0,0,0,0.0,0.0,0.0,,no_residual
25,window_832,20776,20800,25,25,0,0,1.0,0.0,0.0,0,0,0,0.0,0.0,0.0,,no_residual
25,window_833,20801,20825,25,20,5,0,0.8,0.2,0.0,0,0,0,0.0,0.0,0.0,,no_residual
25,window_834,20826,20850,25,24,1,0,0.96,0.04,0.0,0,0,0,0.0,0.0,0.0,,no_residual
25,window_835,20851,20875,25,25,0,0,1.0,0.0,0.0,0,0,0,0.0,0.0,0.0,,no_residual
25,window_836,20876,20900,25,25,0,0,1.0,0.0,0.0,0,0,0,0.0,0.0,0.0,,no_residual
25,window_837,20901,20925,25,25,0,0,1.0,0.0,0.0,0,0,0,0.0,0.0,0.0,,no_residual
25,window_838,20926,20950,25,25,0,0,1.0,0.0,0.0,0,0,0,0.0,0.0,0.0,,no_residual
25,window_839,20951,20975,25,25,0,0,1.0,0.0,0.0,0,0,0,0.0,0.0,0.0,,no_residual
25,window_840,20976,21000,25,25,0,0,1.0,0.0,0.0,0,0,0,0.0,0.0,0.0,,no_residual
25,window_841,21001,21025,25,25,0,0,1.0,0.0,0.0,0,0,0,0.0,0.0,0.0,,no_residual
25,window_842,21026,21050,25,25,0,0,1.0,0.0,0.0,0,0,0,0.0,0.0,0.0,,no_residual
25,window_843,21051,21075,25,0,18,7,0.0,0.72,0.28,5,2,5,0.7143,0.2857,0.1429,Dec <num> <num>:<num>:<num> combo kernel:,partial_residual_cluster
25,window_844,21076,21100,25,1,2,22,0.04,0.08,0.88,22,1,2,1.0,0.0455,0.1364,Dec <num> <num>:<num>:<num> combo squid:,residual_island
25,window_845,21101,21125,25,1,10,14,0.04,0.4,0.56,14,0,3,1.0,0.0,0.1429,Dec <num> <num>:<num>:<num> combo dd:,residual_island
25,window_846,21126,21150,25,0,2,23,0.0,0.08,0.92,23,0,3,1.0,0.0,0.913,Dec <num> <num>:<num>:<num> combo kernel:,residual_island
25,window_847,21151,21175,25,1,0,24,0.04,0.0,0.96,24,2,0,1.0,0.0833,0.875,Dec <num> <num>:<num>:<num> combo kernel:,residual_island
25,window_848,21176,21200,25,0,0,25,0.0,0.0,1.0,25,0,0,1.0,0.0,0.72,Dec <num> <num>:<num>:<num> combo kernel:,residual_island
25,window_849,21201,21225,25,0,0,25,0.0,0.0,1.0,25,0,0,1.0,0.0,0.8,Dec <num> <num>:<num>:<num> combo kernel:,residual_island
25,window_850,21226,21250,25,0,0,25,0.0,0.0,1.0,25,0,0,1.0,0.0,0.72,Dec <num> <num>:<num>:<num> combo kernel:,residual_island
25,window_851,21251,21275,25,3,0,22,0.12,0.0,0.88,22,4,0,1.0,0.1818,0.6364,Dec <num> <num>:<num>:<num> combo kernel:,residual_island
25,window_852,21276,21300,25,1,4,20,0.04,0.16,0.8,19,2,5,0.95,0.1,1.0,Dec <num> <num>:<num>:<num> combo kernel:,residual_island
25,window_853,21301,21325,25,1,10,14,0.04,0.4,0.56,14,2,5,1.0,0.1429,1.0,Dec <num> <num>:<num>:<num> combo kernel:,residual_island
25,window_854,21326,21350,25,1,4,20,0.04,0.16,0.8,20,2,3,1.0,0.1,0.25,Dec <num> <num>:<num>:<num> combo xinetd[<num>]:,residual_island
25,window_855,21351,21375,25,5,0,20,0.2,0.0,0.8,20,1,0,1.0,0.05,0.25,Dec <num> <num>:<num>:<num> combo named[<num>]:,residual_island
25,window_856,21376,21400,25,17,0,8,0.68,0.0,0.32,3,7,0,0.375,0.875,0.625,Dec <num> <num>:<num>:<num> combo ntpd[<num>]:,stable_attached_residual
25,window_857,21401,21425,25,0,16,9,0.0,0.64,0.36,9,1,3,1.0,0.1111,0.3333,Dec <num> <num>:<num>:<num> combo named[<num>]:,residual_island
25,window_858,21426,21450,25,0,25,0,0.0,1.0,0.0,0,0,0,0.0,0.0,0.0,,no_residual
25,window_859,21451,21475,25,21,1,3,0.84,0.04,0.12,3,1,1,1.0,0.3333,1.0,Dec <num> <num>:<num>:<num> combo ntpd[<num>]:,partial_residual_cluster
25,window_860,21476,21500,25,24,0,1,0.96,0.0,0.04,0,1,0,0.0,1.0,1.0,Dec <num> <num>:<num>:<num> combo kernel:,stable_attached_residual
25,window_861,21501,21525,25,25,0,0,1.0,0.0,0.0,0,0,0,0.0,0.0,0.0,,no_residual
25,window_862,21526,21550,25,25,0,0,1.0,0.0,0.0,0,0,0,0.0,0.0,0.0,,no_residual
25,window_863,21551,21575,25,25,0,0,1.0,0.0,0.0,0,0,0,0.0,0.0,0.0,,no_residual
25,window_864,21576,21600,25,25,0,0,1.0,0.0,0.0,0,0,0,0.0,0.0,0.0,,no_residual
25,window_865,21601,21625,25,25,0,0,1.0,0.0,0.0,0,0,0,0.0,0.0,0.0,,no_residual
25,window_866,21626,21650,25,19,3,3,0.76,0.12,0.12,3,1,1,1.0,0.3333,0.3333,Dec <num> <num>:<num>:<num> combo --,partial_residual_cluster
25,window_867,21651,21675,25,4,19,2,0.16,0.76,0.08,0,1,2,0.0,0.5,0.5,Dec <num> <num>:<num>:<num> combo --,stable_attached_residual
25,window_868,21676,21700,25,14,11,0,0.56,0.44,0.0,0,0,0,0.0,0.0,0.0,,no_residual
25,window_869,21701,21725,25,25,0,0,1.0,0.0,0.0,0,0,0,0.0,0.0,0.0,,no_residual
25,window_870,21726,21750,25,25,0,0,1.0,0.0,0.0,0,0,0,0.0,0.0,0.0,,no_residual
25,window_871,21751,21775,25,19,6,0,0.76,0.24,0.0,0,0,0,0.0,0.0,0.0,,no_residual
25,window_872,21776,21800,25,25,0,0,1.0,0.0,0.0,0,0,0,0.0,0.0,0.0,,no_residual
25,window_873,21801,21825,25,16,9,0,0.64,0.36,0.0,0,0,0,0.0,0.0,0.0,,no_residual
25,window_874,21826,21850,25,25,0,0,1.0,0.0,0.0,0,0,0,0.0,0.0,0.0,,no_residual
25,window_875,21851,21875,25,25,0,0,1.0,0.0,0.0,0,0,0,0.0,0.0,0.0,,no_residual
25,window_876,21876,21900,25,25,0,0,1.0,0.0,0.0,0,0,0,0.0,0.0,0.0,,no_residual
25,window_877,21901,21925,25,25,0,0,1.0,0.0,0.0,0,0,0,0.0,0.0,0.0,,no_residual
25,window_878,21926,21950,25,25,0,0,1.0,0.0,0.0,0,0,0,0.0,0.0,0.0,,no_residual
25,window_879,21951,21975,25,24,0,1,0.96,0.0,0.04,0,1,0,0.0,1.0,1.0,Jan <num> <num>:<num>:<num> combo snmpd[<num>]:,stable_attached_residual
25,window_880,21976,22000,25,25,0,0,1.0,0.0,0.0,0,0,0,0.0,0.0,0.0,,no_residual
25,window_881,22001,22025,25,24,0,1,0.96,0.0,0.04,0,1,0,0.0,1.0,1.0,Jan <num> <num>:<num>:<num> combo sshd(pam_unix)[<num>]:,stable_attached_residual
25,window_882,22026,22050,25,21,4,0,0.84,0.16,0.0,0,0,0,0.0,0.0,0.0,,no_residual
25,window_883,22051,22075,25,25,0,0,1.0,0.0,0.0,0,0,0,0.0,0.0,0.0,,no_residual
25,window_884,22076,22100,25,25,0,0,1.0,0.0,0.0,0,0,0,0.0,0.0,0.0,,no_residual
25,window_885,22101,22125,25,25,0,0,1.0,0.0,0.0,0,0,0,0.0,0.0,0.0,,no_residual
25,window_886,22126,22150,25,25,0,0,1.0,0.0,0.0,0,0,0,0.0,0.0,0.0,,no_residual
25,window_887,22151,22175,25,25,0,0,1.0,0.0,0.0,0,0,0,0.0,0.0,0.0,,no_residual
25,window_888,22176,22200,25,24,1,0,0.96,0.04,0.0,0,0,0,0.0,0.0,0.0,,no_residual
25,window_889,22201,22225,25,24,1,0,0.96,0.04,0.0,0,0,0,0.0,0.0,0.0,,no_residual
25,window_890,22226,22250,25,25,0,0,1.0,0.0,0.0,0,0,0,0.0,0.0,0.0,,no_residual
25,window_891,22251,22275,25,25,0,0,1.0,0.0,0.0,0,0,0,0.0,0.0,0.0,,no_residual
25,window_892,22276,22300,25,24,0,1,0.96,0.0,0.04,0,1,0,0.0,1.0,1.0,Jan <num> <num>:<num>:<num> combo sshd(pam_unix)[<num>]:,stable_attached_residual
25,window_893,22301,22325,25,25,0,0,1.0,0.0,0.0,0,0,0,0.0,0.0,0.0,,no_residual
25,window_894,22326,22350,25,24,1,0,0.96,0.04,0.0,0,0,0,0.0,0.0,0.0,,no_residual
25,window_895,22351,22375,25,24,1,0,0.96,0.04,0.0,0,0,0,0.0,0.0,0.0,,no_residual
25,window_896,22376,22400,25,25,0,0,1.0,0.0,0.0,0,0,0,0.0,0.0,0.0,,no_residual
25,window_897,22401,22425,25,25,0,0,1.0,0.0,0.0,0,0,0,0.0,0.0,0.0,,no_residual
25,window_898,22426,22450,25,25,0,0,1.0,0.0,0.0,0,0,0,0.0,0.0,0.0,,no_residual
25,window_899,22451,22475,25,25,0,0,1.0,0.0,0.0,0,0,0,0.0,0.0,0.0,,no_residual
25,window_900,22476,22500,25,21,4,0,0.84,0.16,0.0,0,0,0,0.0,0.0,0.0,,no_residual
25,window_901,22501,22525,25,23,2,0,0.92,0.08,0.0,0,0,0,0.0,0.0,0.0,,no_residual
25,window_902,22526,22550,25,25,0,0,1.0,0.0,0.0,0,0,0,0.0,0.0,0.0,,no_residual
25,window_903,22551,22575,25,25,0,0,1.0,0.0,0.0,0,0,0,0.0,0.0,0.0,,no_residual
25,window_904,22576,22600,25,25,0,0,1.0,0.0,0.0,0,0,0,0.0,0.0,0.0,,no_residual
25,window_905,22601,22625,25,25,0,0,1.0,0.0,0.0,0,0,0,0.0,0.0,0.0,,no_residual
25,window_906,22626,22650,25,25,0,0,1.0,0.0,0.0,0,0,0,0.0,0.0,0.0,,no_residual
25,window_907,22651,22675,25,25,0,0,1.0,0.0,0.0,0,0,0,0.0,0.0,0.0,,no_residual
25,window_908,22676,22700,25,24,1,0,0.96,0.04,0.0,0,0,0,0.0,0.0,0.0,,no_residual
25,window_909,22701,22725,25,25,0,0,1.0,0.0,0.0,0,0,0,0.0,0.0,0.0,,no_residual
25,window_910,22726,22750,25,25,0,0,1.0,0.0,0.0,0,0,0,0.0,0.0,0.0,,no_residual
25,window_911,22751,22775,25,25,0,0,1.0,0.0,0.0,0,0,0,0.0,0.0,0.0,,no_residual
25,window_912,22776,22800,25,25,0,0,1.0,0.0,0.0,0,0,0,0.0,0.0,0.0,,no_residual
25,window_913,22801,22825,25,23,2,0,0.92,0.08,0.0,0,0,0,0.0,0.0,0.0,,no_residual
25,window_914,22826,22850,25,25,0,0,1.0,0.0,0.0,0,0,0,0.0,0.0,0.0,,no_residual
25,window_915,22851,22875,25,25,0,0,1.0,0.0,0.0,0,0,0,0.0,0.0,0.0,,no_residual
25,window_916,22876,22900,25,25,0,0,1.0,0.0,0.0,0,0,0,0.0,0.0,0.0,,no_residual
25,window_917,22901,22925,25,25,0,0,1.0,0.0,0.0,0,0,0,0.0,0.0,0.0,,no_residual
25,window_918,22926,22950,25,25,0,0,1.0,0.0,0.0,0,0,0,0.0,0.0,0.0,,no_residual
25,window_919,22951,22975,25,25,0,0,1.0,0.0,0.0,0,0,0,0.0,0.0,0.0,,no_residual
25,window_920,22976,23000,25,25,0,0,1.0,0.0,0.0,0,0,0,0.0,0.0,0.0,,no_residual
25,window_921,23001,23025,25,25,0,0,1.0,0.0,0.0,0,0,0,0.0,0.0,0.0,,no_residual
25,window_922,23026,23050,25,25,0,0,1.0,0.0,0.0,0,0,0,0.0,0.0,0.0,,no_residual
25,window_923,23051,23075,25,25,0,0,1.0,0.0,0.0,0,0,0,0.0,0.0,0.0,,no_residual
25,window_924,23076,23100,25,25,0,0,1.0,0.0,0.0,0,0,0,0.0,0.0,0.0,,no_residual
25,window_925,23101,23125,25,25,0,0,1.0,0.0,0.0,0,0,0,0.0,0.0,0.0,,no_residual
25,window_926,23126,23150,25,25,0,0,1.0,0.0,0.0,0,0,0,0.0,0.0,0.0,,no_residual
25,window_927,23151,23175,25,25,0,0,1.0,0.0,0.0,0,0,0,0.0,0.0,0.0,,no_residual
25,window_928,23176,23200,25,25,0,0,1.0,0.0,0.0,0,0,0,0.0,0.0,0.0,,no_residual
25,window_929,23201,23225,25,25,0,0,1.0,0.0,0.0,0,0,0,0.0,0.0,0.0,,no_residual
25,window_930,23226,23250,25,25,0,0,1.0,0.0,0.0,0,0,0,0.0,0.0,0.0,,no_residual
25,window_931,23251,23275,25,25,0,0,1.0,0.0,0.0,0,0,0,0.0,0.0,0.0,,no_residual
25,window_932,23276,23300,25,25,0,0,1.0,0.0,0.0,0,0,0,0.0,0.0,0.0,,no_residual
25,window_933,23301,23325,25,25,0,0,1.0,0.0,0.0,0,0,0,0.0,0.0,0.0,,no_residual
25,window_934,23326,23350,25,25,0,0,1.0,0.0,0.0,0,0,0,0.0,0.0,0.0,,no_residual
25,window_935,23351,23375,25,20,3,2,0.8,0.12,0.08,1,0,2,0.5,0.0,0.5,Jan <num> <num>:<num>:<num> combo sendmail:,partial_residual_cluster
25,window_936,23376,23400,25,5,13,7,0.2,0.52,0.28,7,3,1,1.0,0.4286,0.1429,Jan <num> <num>:<num>:<num> combo init:,partial_residual_cluster
25,window_937,23401,23425,25,3,1,21,0.12,0.04,0.84,21,3,1,1.0,0.1429,0.1429,Jan <num> <num>:<num>:<num> combo squid:,residual_island
25,window_938,23426,23450,25,2,5,18,0.08,0.2,0.72,18,4,1,1.0,0.2222,0.2778,Jan <num> <num>:<num>:<num> combo kernel:,residual_island
25,window_939,23451,23475,25,0,0,25,0.0,0.0,1.0,25,0,1,1.0,0.0,0.88,Jan <num> <num>:<num>:<num> combo kernel:,residual_island
25,window_940,23476,23500,25,1,0,24,0.04,0.0,0.96,24,2,0,1.0,0.0833,0.875,Jan <num> <num>:<num>:<num> combo kernel:,residual_island
25,window_941,23501,23525,25,0,0,25,0.0,0.0,1.0,25,0,0,1.0,0.0,0.84,Jan <num> <num>:<num>:<num> combo kernel:,residual_island
25,window_942,23526,23550,25,0,0,25,0.0,0.0,1.0,25,0,0,1.0,0.0,0.8,Jan <num> <num>:<num>:<num> combo kernel:,residual_island
25,window_943,23551,23575,25,0,0,25,0.0,0.0,1.0,25,0,0,1.0,0.0,0.68,Jan <num> <num>:<num>:<num> combo kernel:,residual_island
25,window_944,23576,23600,25,3,2,20,0.12,0.08,0.8,20,4,2,1.0,0.2,0.7,Jan <num> <num>:<num>:<num> combo kernel:,residual_island
25,window_945,23601,23625,25,0,2,23,0.0,0.08,0.92,23,0,4,1.0,0.0,1.0,Jan <num> <num>:<num>:<num> combo kernel:,residual_island
25,window_946,23626,23650,25,2,3,20,0.08,0.12,0.8,20,4,5,1.0,0.2,1.0,Jan <num> <num>:<num>:<num> combo kernel:,residual_island
25,window_947,23651,23675,25,5,2,18,0.2,0.08,0.72,17,5,3,0.9444,0.2778,0.9444,Jan <num> <num>:<num>:<num> combo kernel:,partial_residual_cluster
25,window_948,23676,23700,25,2,2,21,0.08,0.08,0.84,20,3,3,0.9524,0.1429,1.0,Jan <num> <num>:<num>:<num> combo kernel:,residual_island
25,window_949,23701,23725,25,2,3,20,0.08,0.12,0.8,20,4,6,1.0,0.2,1.0,Jan <num> <num>:<num>:<num> combo kernel:,residual_island
25,window_950,23726,23750,25,0,7,18,0.0,0.28,0.72,16,0,10,0.8889,0.0,1.0,Jan <num> <num>:<num>:<num> combo kernel:,residual_island
25,window_951,23751,23775,25,1,9,15,0.04,0.36,0.6,12,1,12,0.8,0.0667,0.9333,Jan <num> <num>:<num>:<num> combo kernel:,residual_island
25,window_952,23776,23800,25,0,4,21,0.0,0.16,0.84,21,1,7,1.0,0.0476,0.8095,Jan <num> <num>:<num>:<num> combo kernel:,residual_island
25,window_953,23801,23825,25,1,7,17,0.04,0.28,0.68,17,1,4,1.0,0.0588,0.8235,Jan <num> <num>:<num>:<num> combo kernel:,residual_island
25,window_954,23826,23850,25,0,9,16,0.0,0.36,0.64,13,0,11,0.8125,0.0,0.75,Jan <num> <num>:<num>:<num> combo kernel:,residual_island
25,window_955,23851,23875,25,1,1,23,0.04,0.04,0.92,22,2,2,0.9565,0.087,0.9565,Jan <num> <num>:<num>:<num> combo kernel:,residual_island
25,window_956,23876,23900,25,4,2,19,0.16,0.08,0.76,16,4,2,0.8421,0.2105,0.8947,Jan <num> <num>:<num>:<num> combo kernel:,residual_island
25,window_957,23901,23925,25,10,0,15,0.4,0.0,0.6,7,13,0,0.4667,0.8667,0.8,Jan <num> <num>:<num>:<num> combo kernel:,stable_attached_residual
25,window_958,23926,23950,25,1,1,23,0.04,0.04,0.92,22,2,2,0.9565,0.087,0.6087,Jan <num> <num>:<num>:<num> combo kernel:,residual_island
25,window_959,23951,23975,25,0,3,22,0.0,0.12,0.88,22,0,6,1.0,0.0,0.5,Jan <num> <num>:<num>:<num> combo kernel:,residual_island
25,window_960,23976,24000,25,14,0,11,0.56,0.0,0.44,7,9,0,0.6364,0.8182,0.5455,Jan <num> <num>:<num>:<num> combo kernel:,stable_attached_residual
25,window_961,24001,24025,25,8,0,17,0.32,0.0,0.68,12,10,0,0.7059,0.5882,0.3529,Jan <num> <num>:<num>:<num> combo kernel:,stable_attached_residual
25,window_962,24026,24050,25,2,17,6,0.08,0.68,0.24,5,0,6,0.8333,0.0,0.6667,Jan <num> <num>:<num>:<num> combo kernel:,residual_island
25,window_963,24051,24075,25,0,20,5,0.0,0.8,0.2,4,0,5,0.8,0.0,0.4,Jan <num> <num>:<num>:<num> combo udev[<num>]:,residual_island
25,window_964,24076,24100,25,1,7,17,0.04,0.28,0.68,17,2,9,1.0,0.1176,0.7647,Jan <num> <num>:<num>:<num> combo kernel:,residual_island
25,window_965,24101,24125,25,11,2,12,0.44,0.08,0.48,11,5,2,0.9167,0.4167,0.75,Jan <num> <num>:<num>:<num> combo kernel:,partial_residual_cluster
25,window_966,24126,24150,25,25,0,0,1.0,0.0,0.0,0,0,0,0.0,0.0,0.0,,no_residual
25,window_967,24151,24175,25,21,4,0,0.84,0.16,0.0,0,0,0,0.0,0.0,0.0,,no_residual
25,window_968,24176,24200,25,24,0,1,0.96,0.0,0.04,0,1,0,0.0,1.0,1.0,Jan <num> <num>:<num>:<num> combo sshd(pam_unix)[<num>]:,stable_attached_residual
25,window_969,24201,24225,25,22,3,0,0.88,0.12,0.0,0,0,0,0.0,0.0,0.0,,no_residual
25,window_970,24226,24250,25,23,2,0,0.92,0.08,0.0,0,0,0,0.0,0.0,0.0,,no_residual
25,window_971,24251,24275,25,25,0,0,1.0,0.0,0.0,0,0,0,0.0,0.0,0.0,,no_residual
25,window_972,24276,24300,25,25,0,0,1.0,0.0,0.0,0,0,0,0.0,0.0,0.0,,no_residual
25,window_973,24301,24325,25,24,0,1,0.96,0.0,0.04,0,1,0,0.0,1.0,1.0,Jan <num> <num>:<num>:<num> combo sshd(pam_unix)[<num>]:,stable_attached_residual
25,window_974,24326,24350,25,25,0,0,1.0,0.0,0.0,0,0,0,0.0,0.0,0.0,,no_residual
25,window_975,24351,24375,25,25,0,0,1.0,0.0,0.0,0,0,0,0.0,0.0,0.0,,no_residual
25,window_976,24376,24400,25,25,0,0,1.0,0.0,0.0,0,0,0,0.0,0.0,0.0,,no_residual
25,window_977,24401,24425,25,24,0,1,0.96,0.0,0.04,0,1,0,0.0,1.0,1.0,Feb <num> <num>:<num>:<num> combo snmpd[<num>]:,stable_attached_residual
25,window_978,24426,24450,25,25,0,0,1.0,0.0,0.0,0,0,0,0.0,0.0,0.0,,no_residual
25,window_979,24451,24475,25,25,0,0,1.0,0.0,0.0,0,0,0,0.0,0.0,0.0,,no_residual
25,window_980,24476,24500,25,25,0,0,1.0,0.0,0.0,0,0,0,0.0,0.0,0.0,,no_residual
25,window_981,24501,24525,25,25,0,0,1.0,0.0,0.0,0,0,0,0.0,0.0,0.0,,no_residual
25,window_982,24526,24550,25,25,0,0,1.0,0.0,0.0,0,0,0,0.0,0.0,0.0,,no_residual
25,window_983,24551,24575,25,25,0,0,1.0,0.0,0.0,0,0,0,0.0,0.0,0.0,,no_residual
25,window_984,24576,24600,25,25,0,0,1.0,0.0,0.0,0,0,0,0.0,0.0,0.0,,no_residual
25,window_985,24601,24625,25,25,0,0,1.0,0.0,0.0,0,0,0,0.0,0.0,0.0,,no_residual
25,window_986,24626,24650,25,25,0,0,1.0,0.0,0.0,0,0,0,0.0,0.0,0.0,,no_residual
25,window_987,24651,24675,25,25,0,0,1.0,0.0,0.0,0,0,0,0.0,0.0,0.0,,no_residual
25,window_988,24676,24700,25,22,3,0,0.88,0.12,0.0,0,0,0,0.0,0.0,0.0,,no_residual
25,window_989,24701,24725,25,25,0,0,1.0,0.0,0.0,0,0,0,0.0,0.0,0.0,,no_residual
25,window_990,24726,24750,25,25,0,0,1.0,0.0,0.0,0,0,0,0.0,0.0,0.0,,no_residual
25,window_991,24751,24775,25,25,0,0,1.0,0.0,0.0,0,0,0,0.0,0.0,0.0,,no_residual
25,window_992,24776,24800,25,25,0,0,1.0,0.0,0.0,0,0,0,0.0,0.0,0.0,,no_residual
25,window_993,24801,24825,25,25,0,0,1.0,0.0,0.0,0,0,0,0.0,0.0,0.0,,no_residual
25,window_994,24826,24850,25,25,0,0,1.0,0.0,0.0,0,0,0,0.0,0.0,0.0,,no_residual
25,window_995,24851,24875,25,25,0,0,1.0,0.0,0.0,0,0,0,0.0,0.0,0.0,,no_residual
25,window_996,24876,24900,25,24,0,1,0.96,0.0,0.04,0,1,0,0.0,1.0,1.0,Feb <num> <num>:<num>:<num> combo sshd(pam_unix)[<num>]:,stable_attached_residual
25,window_997,24901,24925,25,25,0,0,1.0,0.0,0.0,0,0,0,0.0,0.0,0.0,,no_residual
25,window_998,24926,24950,25,25,0,0,1.0,0.0,0.0,0,0,0,0.0,0.0,0.0,,no_residual
25,window_999,24951,24975,25,25,0,0,1.0,0.0,0.0,0,0,0,0.0,0.0,0.0,,no_residual
25,window_1000,24976,25000,25,24,0,1,0.96,0.0,0.04,0,1,0,0.0,1.0,1.0,Feb <num> <num>:<num>:<num> combo sshd(pam_unix)[<num>]:,stable_attached_residual
25,window_1001,25001,25025,25,25,0,0,1.0,0.0,0.0,0,0,0,0.0,0.0,0.0,,no_residual
25,window_1002,25026,25050,25,24,0,1,0.96,0.0,0.04,0,1,0,0.0,1.0,1.0,Feb <num> <num>:<num>:<num> combo sshd(pam_unix)[<num>]:,stable_attached_residual
25,window_1003,25051,25075,25,25,0,0,1.0,0.0,0.0,0,0,0,0.0,0.0,0.0,,no_residual
25,window_1004,25076,25100,25,20,0,5,0.8,0.0,0.2,5,2,0,1.0,0.4,1.0,Feb <num> <num>:<num>:<num> combo sshd(pam_unix)[<num>]:,partial_residual_cluster
25,window_1005,25101,25125,25,24,0,1,0.96,0.0,0.04,0,1,0,0.0,1.0,1.0,Feb <num> <num>:<num>:<num> combo sshd(pam_unix)[<num>]:,stable_attached_residual
25,window_1006,25126,25150,25,25,0,0,1.0,0.0,0.0,0,0,0,0.0,0.0,0.0,,no_residual
25,window_1007,25151,25175,25,25,0,0,1.0,0.0,0.0,0,0,0,0.0,0.0,0.0,,no_residual
25,window_1008,25176,25200,25,25,0,0,1.0,0.0,0.0,0,0,0,0.0,0.0,0.0,,no_residual
25,window_1009,25201,25225,25,25,0,0,1.0,0.0,0.0,0,0,0,0.0,0.0,0.0,,no_residual
25,window_1010,25226,25250,25,25,0,0,1.0,0.0,0.0,0,0,0,0.0,0.0,0.0,,no_residual
25,window_1011,25251,25275,25,24,0,1,0.96,0.0,0.04,0,1,0,0.0,1.0,1.0,Feb <num> <num>:<num>:<num> combo sshd(pam_unix)[<num>]:,stable_attached_residual
25,window_1012,25276,25300,25,25,0,0,1.0,0.0,0.0,0,0,0,0.0,0.0,0.0,,no_residual
25,window_1013,25301,25325,25,20,4,1,0.8,0.16,0.04,0,1,1,0.0,1.0,1.0,Feb <num> <num>:<num>:<num> combo ftpd[<num>]:,stable_attached_residual
25,window_1014,25326,25350,25,24,0,1,0.96,0.0,0.04,0,1,0,0.0,1.0,1.0,Feb <num> <num>:<num>:<num> combo ftpd[<num>]:,stable_attached_residual
25,window_1015,25351,25375,25,24,1,0,0.96,0.04,0.0,0,0,0,0.0,0.0,0.0,,no_residual
25,window_1016,25376,25400,25,23,2,0,0.92,0.08,0.0,0,0,0,0.0,0.0,0.0,,no_residual
25,window_1017,25401,25425,25,19,6,0,0.76,0.24,0.0,0,0,0,0.0,0.0,0.0,,no_residual
25,window_1018,25426,25450,25,18,5,2,0.72,0.2,0.08,2,1,1,1.0,0.5,1.0,Feb <num> <num>:<num>:<num> combo telnetd[<num>]:,stable_attached_residual
25,window_1019,25451,25475,25,25,0,0,1.0,0.0,0.0,0,0,0,0.0,0.0,0.0,,no_residual
25,window_1020,25476,25500,25,23,2,0,0.92,0.08,0.0,0,0,0,0.0,0.0,0.0,,no_residual
25,window_1021,25501,25525,25,25,0,0,1.0,0.0,0.0,0,0,0,0.0,0.0,0.0,,no_residual
25,window_1022,25526,25550,25,22,3,0,0.88,0.12,0.0,0,0,0,0.0,0.0,0.0,,no_residual
25,window_1023,25551,25567,17,13,3,1,0.7647,0.1765,0.0588,0,1,0,0.0,1.0,1.0,Feb <num> <num>:<num>:<num> combo sshd(pam_unix)[<num>]:,stable_attached_residual
40,window_001,1,40,40,4,36,0,0.1,0.9,0.0,0,0,0,0.0,0.0,0.0,,no_residual
40,window_002,41,80,40,1,38,1,0.025,0.95,0.025,0,0,1,0.0,0.0,1.0,Jun <num> <num>:<num>:<num> combo kernel:,diffuse_residual
40,window_003,81,120,40,0,40,0,0.0,1.0,0.0,0,0,0,0.0,0.0,0.0,,no_residual
40,window_004,121,160,40,3,37,0,0.075,0.925,0.0,0,0,0,0.0,0.0,0.0,,no_residual
40,window_005,161,200,40,1,37,2,0.025,0.925,0.05,2,0,2,1.0,0.0,1.0,Jun <num> <num>:<num>:<num> combo kernel:,residual_island
40,window_006,201,240,40,2,38,0,0.05,0.95,0.0,0,0,0,0.0,0.0,0.0,,no_residual
40,window_007,241,280,40,20,20,0,0.5,0.5,0.0,0,0,0,0.0,0.0,0.0,,no_residual
40,window_008,281,320,40,2,34,4,0.05,0.85,0.1,2,0,4,0.5,0.0,1.0,Jun <num> <num>:<num>:<num> combo udev[<num>]:,partial_residual_cluster
40,window_009,321,360,40,9,31,0,0.225,0.775,0.0,0,0,0,0.0,0.0,0.0,,no_residual
40,window_010,361,400,40,0,40,0,0.0,1.0,0.0,0,0,0,0.0,0.0,0.0,,no_residual
40,window_011,401,440,40,1,37,2,0.025,0.925,0.05,0,0,2,0.0,0.0,0.5,Jun <num> <num>:<num>:<num> combo kernel:,diffuse_residual
40,window_012,441,480,40,1,39,0,0.025,0.975,0.0,0,0,0,0.0,0.0,0.0,,no_residual
40,window_013,481,520,40,3,37,0,0.075,0.925,0.0,0,0,0,0.0,0.0,0.0,,no_residual
40,window_014,521,560,40,2,38,0,0.05,0.95,0.0,0,0,0,0.0,0.0,0.0,,no_residual
40,window_015,561,600,40,2,38,0,0.05,0.95,0.0,0,0,0,0.0,0.0,0.0,,no_residual
40,window_016,601,640,40,20,20,0,0.5,0.5,0.0,0,0,0,0.0,0.0,0.0,,no_residual
40,window_017,641,680,40,5,34,1,0.125,0.85,0.025,0,1,0,0.0,1.0,1.0,Jun <num> <num>:<num>:<num> combo sshd(pam_unix)[<num>]:,stable_attached_residual
40,window_018,681,720,40,38,2,0,0.95,0.05,0.0,0,0,0,0.0,0.0,0.0,,no_residual
40,window_019,721,760,40,40,0,0,1.0,0.0,0.0,0,0,0,0.0,0.0,0.0,,no_residual
40,window_020,761,800,40,39,1,0,0.975,0.025,0.0,0,0,0,0.0,0.0,0.0,,no_residual
40,window_021,801,840,40,36,2,2,0.9,0.05,0.05,0,1,2,0.0,0.5,1.0,Jun <num> <num>:<num>:<num> combo gdm(pam_unix)[<num>]:,stable_attached_residual
40,window_022,841,880,40,40,0,0,1.0,0.0,0.0,0,0,0,0.0,0.0,0.0,,no_residual
40,window_023,881,920,40,40,0,0,1.0,0.0,0.0,0,0,0,0.0,0.0,0.0,,no_residual
40,window_024,921,960,40,40,0,0,1.0,0.0,0.0,0,0,0,0.0,0.0,0.0,,no_residual
40,window_025,961,1000,40,40,0,0,1.0,0.0,0.0,0,0,0,0.0,0.0,0.0,,no_residual
40,window_026,1001,1040,40,40,0,0,1.0,0.0,0.0,0,0,0,0.0,0.0,0.0,,no_residual
40,window_027,1041,1080,40,40,0,0,1.0,0.0,0.0,0,0,0,0.0,0.0,0.0,,no_residual
40,window_028,1081,1120,40,40,0,0,1.0,0.0,0.0,0,0,0,0.0,0.0,0.0,,no_residual
40,window_029,1121,1160,40,38,1,1,0.95,0.025,0.025,0,1,0,0.0,1.0,1.0,Jun <num> <num>:<num>:<num> combo ftpd[<num>]:,stable_attached_residual
40,window_030,1161,1200,40,39,0,1,0.975,0.0,0.025,0,1,0,0.0,1.0,1.0,Jun <num> <num>:<num>:<num> combo snmpd[<num>]:,stable_attached_residual
40,window_031,1201,1240,40,40,0,0,1.0,0.0,0.0,0,0,0,0.0,0.0,0.0,,no_residual
40,window_032,1241,1280,40,40,0,0,1.0,0.0,0.0,0,0,0,0.0,0.0,0.0,,no_residual
40,window_033,1281,1320,40,40,0,0,1.0,0.0,0.0,0,0,0,0.0,0.0,0.0,,no_residual
40,window_034,1321,1360,40,40,0,0,1.0,0.0,0.0,0,0,0,0.0,0.0,0.0,,no_residual
40,window_035,1361,1400,40,39,1,0,0.975,0.025,0.0,0,0,0,0.0,0.0,0.0,,no_residual
40,window_036,1401,1440,40,40,0,0,1.0,0.0,0.0,0,0,0,0.0,0.0,0.0,,no_residual
40,window_037,1441,1480,40,40,0,0,1.0,0.0,0.0,0,0,0,0.0,0.0,0.0,,no_residual
40,window_038,1481,1520,40,40,0,0,1.0,0.0,0.0,0,0,0,0.0,0.0,0.0,,no_residual
40,window_039,1521,1560,40,40,0,0,1.0,0.0,0.0,0,0,0,0.0,0.0,0.0,,no_residual
40,window_040,1561,1600,40,40,0,0,1.0,0.0,0.0,0,0,0,0.0,0.0,0.0,,no_residual
40,window_041,1601,1640,40,40,0,0,1.0,0.0,0.0,0,0,0,0.0,0.0,0.0,,no_residual
40,window_042,1641,1680,40,40,0,0,1.0,0.0,0.0,0,0,0,0.0,0.0,0.0,,no_residual
40,window_043,1681,1720,40,40,0,0,1.0,0.0,0.0,0,0,0,0.0,0.0,0.0,,no_residual
40,window_044,1721,1760,40,40,0,0,1.0,0.0,0.0,0,0,0,0.0,0.0,0.0,,no_residual
40,window_045,1761,1800,40,40,0,0,1.0,0.0,0.0,0,0,0,0.0,0.0,0.0,,no_residual
40,window_046,1801,1840,40,40,0,0,1.0,0.0,0.0,0,0,0,0.0,0.0,0.0,,no_residual
40,window_047,1841,1880,40,40,0,0,1.0,0.0,0.0,0,0,0,0.0,0.0,0.0,,no_residual
40,window_048,1881,1920,40,23,14,3,0.575,0.35,0.075,3,0,2,1.0,0.0,0.6667,Jul <num> <num>:<num>:<num> combo login(pam_unix)[<num>]:,residual_island
40,window_049,1921,1960,40,36,4,0,0.9,0.1,0.0,0,0,0,0.0,0.0,0.0,,no_residual
40,window_050,1961,2000,40,40,0,0,1.0,0.0,0.0,0,0,0,0.0,0.0,0.0,,no_residual
40,window_051,2001,2040,40,40,0,0,1.0,0.0,0.0,0,0,0,0.0,0.0,0.0,,no_residual
40,window_052,2041,2080,40,40,0,0,1.0,0.0,0.0,0,0,0,0.0,0.0,0.0,,no_residual
40,window_053,2081,2120,40,40,0,0,1.0,0.0,0.0,0,0,0,0.0,0.0,0.0,,no_residual
40,window_054,2121,2160,40,40,0,0,1.0,0.0,0.0,0,0,0,0.0,0.0,0.0,,no_residual
40,window_055,2161,2200,40,40,0,0,1.0,0.0,0.0,0,0,0,0.0,0.0,0.0,,no_residual
40,window_056,2201,2240,40,40,0,0,1.0,0.0,0.0,0,0,0,0.0,0.0,0.0,,no_residual
40,window_057,2241,2280,40,37,0,3,0.925,0.0,0.075,3,2,0,1.0,0.6667,0.6667,Jul <num> <num>:<num>:<num> combo gdm(pam_unix)[<num>]:,stable_attached_residual
40,window_058,2281,2320,40,40,0,0,1.0,0.0,0.0,0,0,0,0.0,0.0,0.0,,no_residual
40,window_059,2321,2360,40,40,0,0,1.0,0.0,0.0,0,0,0,0.0,0.0,0.0,,no_residual
40,window_060,2361,2400,40,40,0,0,1.0,0.0,0.0,0,0,0,0.0,0.0,0.0,,no_residual
40,window_061,2401,2440,40,37,3,0,0.925,0.075,0.0,0,0,0,0.0,0.0,0.0,,no_residual
40,window_062,2441,2480,40,40,0,0,1.0,0.0,0.0,0,0,0,0.0,0.0,0.0,,no_residual
40,window_063,2481,2520,40,40,0,0,1.0,0.0,0.0,0,0,0,0.0,0.0,0.0,,no_residual
40,window_064,2521,2560,40,40,0,0,1.0,0.0,0.0,0,0,0,0.0,0.0,0.0,,no_residual
40,window_065,2561,2600,40,40,0,0,1.0,0.0,0.0,0,0,0,0.0,0.0,0.0,,no_residual
40,window_066,2601,2640,40,38,2,0,0.95,0.05,0.0,0,0,0,0.0,0.0,0.0,,no_residual
40,window_067,2641,2680,40,40,0,0,1.0,0.0,0.0,0,0,0,0.0,0.0,0.0,,no_residual
40,window_068,2681,2720,40,40,0,0,1.0,0.0,0.0,0,0,0,0.0,0.0,0.0,,no_residual
40,window_069,2721,2760,40,38,2,0,0.95,0.05,0.0,0,0,0,0.0,0.0,0.0,,no_residual
40,window_070,2761,2800,40,40,0,0,1.0,0.0,0.0,0,0,0,0.0,0.0,0.0,,no_residual
40,window_071,2801,2840,40,34,6,0,0.85,0.15,0.0,0,0,0,0.0,0.0,0.0,,no_residual
40,window_072,2841,2880,40,40,0,0,1.0,0.0,0.0,0,0,0,0.0,0.0,0.0,,no_residual
40,window_073,2881,2920,40,31,5,4,0.775,0.125,0.1,4,1,1,1.0,0.25,0.75,Jul <num> <num>:<num>:<num> combo kernel:,partial_residual_cluster
40,window_074,2921,2960,40,0,0,40,0.0,0.0,1.0,40,0,1,1.0,0.0,0.85,Jul <num> <num>:<num>:<num> combo kernel:,residual_island
40,window_075,2961,3000,40,1,0,39,0.025,0.0,0.975,39,2,0,1.0,0.0513,0.7692,Jul <num> <num>:<num>:<num> combo kernel:,residual_island
40,window_076,3001,3040,40,0,0,40,0.0,0.0,1.0,40,0,0,1.0,0.0,0.9,Jul <num> <num>:<num>:<num> combo kernel:,residual_island
40,window_077,3041,3080,40,4,2,34,0.1,0.05,0.85,33,8,3,0.9706,0.2353,0.6471,Jul <num> <num>:<num>:<num> combo kernel:,residual_island
40,window_078,3081,3120,40,1,12,27,0.025,0.3,0.675,26,2,8,0.963,0.0741,1.0,Jul <num> <num>:<num>:<num> combo kernel:,residual_island
40,window_079,3121,3160,40,1,4,35,0.025,0.1,0.875,35,2,3,1.0,0.0571,0.1429,Jul <num> <num>:<num>:<num> combo xinetd[<num>]:,residual_island
40,window_080,3161,3200,40,22,0,18,0.55,0.0,0.45,13,9,1,0.7222,0.5,0.3333,Jul <num> <num>:<num>:<num> combo named[<num>]:,stable_attached_residual
40,window_081,3201,3240,40,0,26,14,0.0,0.65,0.35,12,0,9,0.8571,0.0,0.7143,Jul <num> <num>:<num>:<num> combo udev[<num>]:,residual_island
40,window_082,3241,3280,40,35,4,1,0.875,0.1,0.025,1,1,0,1.0,1.0,1.0,Jul <num> <num>:<num>:<num> combo xinetd[<num>]:,stable_attached_residual
40,window_083,3281,3320,40,40,0,0,1.0,0.0,0.0,0,0,0,0.0,0.0,0.0,,no_residual
40,window_084,3321,3360,40,34,2,4,0.85,0.05,0.1,4,2,2,1.0,0.5,0.5,Aug <num> <num>:<num>:<num> combo mysqld:,stable_attached_residual
40,window_085,3361,3400,40,28,9,3,0.7,0.225,0.075,0,0,3,0.0,0.0,1.0,Aug <num> <num>:<num>:<num> combo gpm[<num>]:,diffuse_residual
40,window_086,3401,3440,40,40,0,0,1.0,0.0,0.0,0,0,0,0.0,0.0,0.0,,no_residual
40,window_087,3441,3480,40,38,2,0,0.95,0.05,0.0,0,0,0,0.0,0.0,0.0,,no_residual
40,window_088,3481,3520,40,36,4,0,0.9,0.1,0.0,0,0,0,0.0,0.0,0.0,,no_residual
40,window_089,3521,3560,40,38,1,1,0.95,0.025,0.025,0,1,0,0.0,1.0,1.0,Aug <num> <num>:<num>:<num> combo ftpd[<num>]:,stable_attached_residual
40,window_090,3561,3600,40,40,0,0,1.0,0.0,0.0,0,0,0,0.0,0.0,0.0,,no_residual
40,window_091,3601,3640,40,38,2,0,0.95,0.05,0.0,0,0,0,0.0,0.0,0.0,,no_residual
40,window_092,3641,3680,40,28,6,6,0.7,0.15,0.15,5,2,4,0.8333,0.3333,0.6667,Aug <num> <num>:<num>:<num> combo login(pam_unix)[<num>]:,partial_residual_cluster
40,window_093,3681,3720,40,40,0,0,1.0,0.0,0.0,0,0,0,0.0,0.0,0.0,,no_residual
40,window_094,3721,3760,40,40,0,0,1.0,0.0,0.0,0,0,0,0.0,0.0,0.0,,no_residual
40,window_095,3761,3800,40,39,0,1,0.975,0.0,0.025,0,1,0,0.0,1.0,1.0,Aug <num> <num>:<num>:<num> combo /sbin/mingetty[<num>]:,stable_attached_residual
40,window_096,3801,3840,40,37,3,0,0.925,0.075,0.0,0,0,0,0.0,0.0,0.0,,no_residual
40,window_097,3841,3880,40,40,0,0,1.0,0.0,0.0,0,0,0,0.0,0.0,0.0,,no_residual
40,window_098,3881,3920,40,40,0,0,1.0,0.0,0.0,0,0,0,0.0,0.0,0.0,,no_residual
40,window_099,3921,3960,40,39,1,0,0.975,0.025,0.0,0,0,0,0.0,0.0,0.0,,no_residual
40,window_100,3961,4000,40,38,2,0,0.95,0.05,0.0,0,0,0,0.0,0.0,0.0,,no_residual
40,window_101,4001,4040,40,40,0,0,1.0,0.0,0.0,0,0,0,0.0,0.0,0.0,,no_residual
40,window_102,4041,4080,40,40,0,0,1.0,0.0,0.0,0,0,0,0.0,0.0,0.0,,no_residual
40,window_103,4081,4120,40,40,0,0,1.0,0.0,0.0,0,0,0,0.0,0.0,0.0,,no_residual
40,window_104,4121,4160,40,40,0,0,1.0,0.0,0.0,0,0,0,0.0,0.0,0.0,,no_residual
40,window_105,4161,4200,40,40,0,0,1.0,0.0,0.0,0,0,0,0.0,0.0,0.0,,no_residual
40,window_106,4201,4240,40,40,0,0,1.0,0.0,0.0,0,0,0,0.0,0.0,0.0,,no_residual
40,window_107,4241,4280,40,37,3,0,0.925,0.075,0.0,0,0,0,0.0,0.0,0.0,,no_residual
40,window_108,4281,4320,40,40,0,0,1.0,0.0,0.0,0,0,0,0.0,0.0,0.0,,no_residual
40,window_109,4321,4360,40,40,0,0,1.0,0.0,0.0,0,0,0,0.0,0.0,0.0,,no_residual
40,window_110,4361,4400,40,40,0,0,1.0,0.0,0.0,0,0,0,0.0,0.0,0.0,,no_residual
40,window_111,4401,4440,40,40,0,0,1.0,0.0,0.0,0,0,0,0.0,0.0,0.0,,no_residual
40,window_112,4441,4480,40,40,0,0,1.0,0.0,0.0,0,0,0,0.0,0.0,0.0,,no_residual
40,window_113,4481,4520,40,40,0,0,1.0,0.0,0.0,0,0,0,0.0,0.0,0.0,,no_residual
40,window_114,4521,4560,40,40,0,0,1.0,0.0,0.0,0,0,0,0.0,0.0,0.0,,no_residual
40,window_115,4561,4600,40,40,0,0,1.0,0.0,0.0,0,0,0,0.0,0.0,0.0,,no_residual
40,window_116,4601,4640,40,40,0,0,1.0,0.0,0.0,0,0,0,0.0,0.0,0.0,,no_residual
40,window_117,4641,4680,40,40,0,0,1.0,0.0,0.0,0,0,0,0.0,0.0,0.0,,no_residual
40,window_118,4681,4720,40,40,0,0,1.0,0.0,0.0,0,0,0,0.0,0.0,0.0,,no_residual
40,window_119,4721,4760,40,40,0,0,1.0,0.0,0.0,0,0,0,0.0,0.0,0.0,,no_residual
40,window_120,4761,4800,40,38,2,0,0.95,0.05,0.0,0,0,0,0.0,0.0,0.0,,no_residual
40,window_121,4801,4840,40,40,0,0,1.0,0.0,0.0,0,0,0,0.0,0.0,0.0,,no_residual
40,window_122,4841,4880,40,37,3,0,0.925,0.075,0.0,0,0,0,0.0,0.0,0.0,,no_residual
40,window_123,4881,4920,40,38,0,2,0.95,0.0,0.05,2,2,0,1.0,1.0,0.5,Sep <num> <num>:<num>:<num> combo xinetd[<num>]:,stable_attached_residual
40,window_124,4921,4960,40,40,0,0,1.0,0.0,0.0,0,0,0,0.0,0.0,0.0,,no_residual
40,window_125,4961,5000,40,39,0,1,0.975,0.0,0.025,0,1,0,0.0,1.0,1.0,Sep <num> <num>:<num>:<num> combo sshd(pam_unix)[<num>]:,stable_attached_residual
40,window_126,5001,5040,40,39,0,1,0.975,0.0,0.025,0,1,0,0.0,1.0,1.0,Sep <num> <num>:<num>:<num> combo ftpd[<num>]:,stable_attached_residual
40,window_127,5041,5080,40,36,4,0,0.9,0.1,0.0,0,0,0,0.0,0.0,0.0,,no_residual
40,window_128,5081,5120,40,40,0,0,1.0,0.0,0.0,0,0,0,0.0,0.0,0.0,,no_residual
40,window_129,5121,5160,40,19,21,0,0.475,0.525,0.0,0,0,0,0.0,0.0,0.0,,no_residual
40,window_130,5161,5200,40,1,39,0,0.025,0.975,0.0,0,0,0,0.0,0.0,0.0,,no_residual
40,window_131,5201,5240,40,0,38,2,0.0,0.95,0.05,0,0,2,0.0,0.0,1.0,Sep <num> <num>:<num>:<num> combo network:,diffuse_residual
40,window_132,5241,5280,40,3,37,0,0.075,0.925,0.0,0,0,0,0.0,0.0,0.0,,no_residual
40,window_133,5281,5320,40,1,36,3,0.025,0.9,0.075,0,0,3,0.0,0.0,1.0,Sep <num> <num>:<num>:<num> combo kernel:,diffuse_residual
40,window_134,5321,5360,40,2,38,0,0.05,0.95,0.0,0,0,0,0.0,0.0,0.0,,no_residual
40,window_135,5361,5400,40,12,28,0,0.3,0.7,0.0,0,0,0,0.0,0.0,0.0,,no_residual
40,window_136,5401,5440,40,13,27,0,0.325,0.675,0.0,0,0,0,0.0,0.0,0.0,,no_residual
40,window_137,5441,5480,40,18,22,0,0.45,0.55,0.0,0,0,0,0.0,0.0,0.0,,no_residual
40,window_138,5481,5520,40,37,3,0,0.925,0.075,0.0,0,0,0,0.0,0.0,0.0,,no_residual
40,window_139,5521,5560,40,40,0,0,1.0,0.0,0.0,0,0,0,0.0,0.0,0.0,,no_residual
40,window_140,5561,5600,40,39,0,1,0.975,0.0,0.025,0,1,0,0.0,1.0,1.0,Sep <num> <num>:<num>:<num> combo snmpd[<num>]:,stable_attached_residual
40,window_141,5601,5640,40,39,0,1,0.975,0.0,0.025,0,1,0,0.0,1.0,1.0,Sep <num> <num>:<num>:<num> combo sshd(pam_unix)[<num>]:,stable_attached_residual
40,window_142,5641,5680,40,40,0,0,1.0,0.0,0.0,0,0,0,0.0,0.0,0.0,,no_residual
40,window_143,5681,5720,40,40,0,0,1.0,0.0,0.0,0,0,0,0.0,0.0,0.0,,no_residual
40,window_144,5721,5760,40,40,0,0,1.0,0.0,0.0,0,0,0,0.0,0.0,0.0,,no_residual
40,window_145,5761,5800,40,36,4,0,0.9,0.1,0.0,0,0,0,0.0,0.0,0.0,,no_residual
40,window_146,5801,5840,40,3,16,21,0.075,0.4,0.525,21,2,4,1.0,0.0952,0.1429,Sep <num> <num>:<num>:<num> combo squid:,residual_island
40,window_147,5841,5880,40,24,1,15,0.6,0.025,0.375,15,2,1,1.0,0.1333,0.1333,Sep <num> <num>:<num>:<num> combo smartd[<num>]:,residual_island
40,window_148,5881,5920,40,4,25,11,0.1,0.625,0.275,11,1,0,1.0,0.0909,0.1818,Sep <num> <num>:<num>:<num> combo dd:,residual_island
40,window_149,5921,5960,40,1,39,0,0.025,0.975,0.0,0,0,0,0.0,0.0,0.0,,no_residual
40,window_150,5961,6000,40,0,39,1,0.0,0.975,0.025,0,0,1,0.0,0.0,1.0,Sep <num> <num>:<num>:<num> combo network:,diffuse_residual
40,window_151,6001,6040,40,3,37,0,0.075,0.925,0.0,0,0,0,0.0,0.0,0.0,,no_residual
40,window_152,6041,6080,40,1,39,0,0.025,0.975,0.0,0,0,0,0.0,0.0,0.0,,no_residual
40,window_153,6081,6120,40,2,38,0,0.05,0.95,0.0,0,0,0,0.0,0.0,0.0,,no_residual
40,window_154,6121,6160,40,17,23,0,0.425,0.575,0.0,0,0,0,0.0,0.0,0.0,,no_residual
40,window_155,6161,6200,40,9,29,2,0.225,0.725,0.05,0,0,2,0.0,0.0,1.0,Sep <num> <num>:<num>:<num> combo udev[<num>]:,diffuse_residual
40,window_156,6201,6240,40,7,29,4,0.175,0.725,0.1,2,2,3,0.5,0.5,0.5,Sep <num> <num>:<num>:<num> combo udev[<num>]:,stable_attached_residual
40,window_157,6241,6280,40,32,4,4,0.8,0.1,0.1,3,1,3,0.75,0.25,0.5,Sep <num> <num>:<num>:<num> combo su(pam_unix)[<num>]:,partial_residual_cluster
40,window_158,6281,6320,40,40,0,0,1.0,0.0,0.0,0,0,0,0.0,0.0,0.0,,no_residual
40,window_159,6321,6360,40,40,0,0,1.0,0.0,0.0,0,0,0,0.0,0.0,0.0,,no_residual
40,window_160,6361,6400,40,38,2,0,0.95,0.05,0.0,0,0,0,0.0,0.0,0.0,,no_residual
40,window_161,6401,6440,40,40,0,0,1.0,0.0,0.0,0,0,0,0.0,0.0,0.0,,no_residual
40,window_162,6441,6480,40,40,0,0,1.0,0.0,0.0,0,0,0,0.0,0.0,0.0,,no_residual
40,window_163,6481,6520,40,40,0,0,1.0,0.0,0.0,0,0,0,0.0,0.0,0.0,,no_residual
40,window_164,6521,6560,40,40,0,0,1.0,0.0,0.0,0,0,0,0.0,0.0,0.0,,no_residual
40,window_165,6561,6600,40,39,1,0,0.975,0.025,0.0,0,0,0,0.0,0.0,0.0,,no_residual
40,window_166,6601,6640,40,36,2,2,0.9,0.05,0.05,2,2,0,1.0,1.0,1.0,Oct <num> <num>:<num>:<num> combo sshd(pam_unix)[<num>]:,stable_attached_residual
40,window_167,6641,6680,40,39,0,1,0.975,0.0,0.025,0,1,0,0.0,1.0,1.0,Oct <num> <num>:<num>:<num> combo sshd(pam_unix)[<num>]:,stable_attached_residual
40,window_168,6681,6720,40,34,5,1,0.85,0.125,0.025,0,1,1,0.0,1.0,1.0,Oct <num> <num>:<num>:<num> combo sshd(pam_unix)[<num>]:,stable_attached_residual
40,window_169,6721,6760,40,35,3,2,0.875,0.075,0.05,0,2,1,0.0,1.0,0.5,Oct <num> <num>:<num>:<num> combo sshd(pam_unix)[<num>]:,stable_attached_residual
40,window_170,6761,6800,40,40,0,0,1.0,0.0,0.0,0,0,0,0.0,0.0,0.0,,no_residual
40,window_171,6801,6840,40,40,0,0,1.0,0.0,0.0,0,0,0,0.0,0.0,0.0,,no_residual
40,window_172,6841,6880,40,36,1,3,0.9,0.025,0.075,0,3,1,0.0,1.0,0.6667,Oct <num> <num>:<num>:<num> combo sshd(pam_unix)[<num>]:,stable_attached_residual
40,window_173,6881,6920,40,40,0,0,1.0,0.0,0.0,0,0,0,0.0,0.0,0.0,,no_residual
40,window_174,6921,6960,40,40,0,0,1.0,0.0,0.0,0,0,0,0.0,0.0,0.0,,no_residual
40,window_175,6961,7000,40,40,0,0,1.0,0.0,0.0,0,0,0,0.0,0.0,0.0,,no_residual
40,window_176,7001,7040,40,40,0,0,1.0,0.0,0.0,0,0,0,0.0,0.0,0.0,,no_residual
40,window_177,7041,7080,40,40,0,0,1.0,0.0,0.0,0,0,0,0.0,0.0,0.0,,no_residual
40,window_178,7081,7120,40,40,0,0,1.0,0.0,0.0,0,0,0,0.0,0.0,0.0,,no_residual
40,window_179,7121,7160,40,40,0,0,1.0,0.0,0.0,0,0,0,0.0,0.0,0.0,,no_residual
40,window_180,7161,7200,40,40,0,0,1.0,0.0,0.0,0,0,0,0.0,0.0,0.0,,no_residual
40,window_181,7201,7240,40,39,1,0,0.975,0.025,0.0,0,0,0,0.0,0.0,0.0,,no_residual
40,window_182,7241,7280,40,40,0,0,1.0,0.0,0.0,0,0,0,0.0,0.0,0.0,,no_residual
40,window_183,7281,7320,40,38,1,1,0.95,0.025,0.025,0,1,0,0.0,1.0,1.0,Oct <num> <num>:<num>:<num> combo ftpd[<num>]:,stable_attached_residual
40,window_184,7321,7360,40,22,6,12,0.55,0.15,0.3,12,3,5,1.0,0.25,0.1667,Oct <num> <num>:<num>:<num> combo rsyncd[<num>]:,partial_residual_cluster
40,window_185,7361,7400,40,17,14,9,0.425,0.35,0.225,8,2,3,0.8889,0.2222,0.2222,Oct <num> <num>:<num>:<num> combo sshd(pam_unix)[<num>]:,residual_island
40,window_186,7401,7440,40,16,2,22,0.4,0.05,0.55,22,2,4,1.0,0.0909,0.1364,Oct <num> <num>:<num>:<num> combo squid:,residual_island
40,window_187,7441,7480,40,10,4,26,0.25,0.1,0.65,26,3,1,1.0,0.1154,0.1923,Oct <num> <num>:<num>:<num> combo kernel:,residual_island
40,window_188,7481,7520,40,0,1,39,0.0,0.025,0.975,39,0,1,1.0,0.0,0.8718,Oct <num> <num>:<num>:<num> combo kernel:,residual_island
40,window_189,7521,7560,40,1,0,39,0.025,0.0,0.975,39,2,0,1.0,0.0513,0.7179,Oct <num> <num>:<num>:<num> combo kernel:,residual_island
40,window_190,7561,7600,40,0,0,40,0.0,0.0,1.0,40,0,0,1.0,0.0,0.625,Oct <num> <num>:<num>:<num> combo kernel:,residual_island
40,window_191,7601,7640,40,4,2,34,0.1,0.05,0.85,34,6,2,1.0,0.1765,0.9706,Oct <num> <num>:<num>:<num> combo kernel:,residual_island
40,window_192,7641,7680,40,1,13,26,0.025,0.325,0.65,25,2,8,0.9615,0.0769,1.0,Oct <num> <num>:<num>:<num> combo kernel:,residual_island
40,window_193,7681,7720,40,1,3,36,0.025,0.075,0.9,36,2,3,1.0,0.0556,0.1389,Oct <num> <num>:<num>:<num> combo xinetd[<num>]:,residual_island
40,window_194,7721,7760,40,22,1,17,0.55,0.025,0.425,12,9,1,0.7059,0.5294,0.2941,Oct <num> <num>:<num>:<num> combo named[<num>]:,stable_attached_residual
40,window_195,7761,7800,40,0,36,4,0.0,0.9,0.1,2,0,4,0.5,0.0,1.0,Oct <num> <num>:<num>:<num> combo udev[<num>]:,partial_residual_cluster
40,window_196,7801,7840,40,32,3,5,0.8,0.075,0.125,5,1,1,1.0,0.2,0.6,Oct <num> <num>:<num>:<num> combo ntpd[<num>]:,residual_island
40,window_197,7841,7880,40,40,0,0,1.0,0.0,0.0,0,0,0,0.0,0.0,0.0,,no_residual
40,window_198,7881,7920,40,40,0,0,1.0,0.0,0.0,0,0,0,0.0,0.0,0.0,,no_residual
40,window_199,7921,7960,40,40,0,0,1.0,0.0,0.0,0,0,0,0.0,0.0,0.0,,no_residual
40,window_200,7961,8000,40,40,0,0,1.0,0.0,0.0,0,0,0,0.0,0.0,0.0,,no_residual
40,window_201,8001,8040,40,40,0,0,1.0,0.0,0.0,0,0,0,0.0,0.0,0.0,,no_residual
40,window_202,8041,8080,40,37,3,0,0.925,0.075,0.0,0,0,0,0.0,0.0,0.0,,no_residual
40,window_203,8081,8120,40,40,0,0,1.0,0.0,0.0,0,0,0,0.0,0.0,0.0,,no_residual
40,window_204,8121,8160,40,40,0,0,1.0,0.0,0.0,0,0,0,0.0,0.0,0.0,,no_residual
40,window_205,8161,8200,40,40,0,0,1.0,0.0,0.0,0,0,0,0.0,0.0,0.0,,no_residual
40,window_206,8201,8240,40,34,0,6,0.85,0.0,0.15,6,4,0,1.0,0.6667,1.0,Nov <num> <num>:<num>:<num> combo kernel:,stable_attached_residual
40,window_207,8241,8280,40,40,0,0,1.0,0.0,0.0,0,0,0,0.0,0.0,0.0,,no_residual
40,window_208,8281,8320,40,40,0,0,1.0,0.0,0.0,0,0,0,0.0,0.0,0.0,,no_residual
40,window_209,8321,8360,40,34,6,0,0.85,0.15,0.0,0,0,0,0.0,0.0,0.0,,no_residual
40,window_210,8361,8400,40,40,0,0,1.0,0.0,0.0,0,0,0,0.0,0.0,0.0,,no_residual
40,window_211,8401,8440,40,40,0,0,1.0,0.0,0.0,0,0,0,0.0,0.0,0.0,,no_residual
40,window_212,8441,8480,40,40,0,0,1.0,0.0,0.0,0,0,0,0.0,0.0,0.0,,no_residual
40,window_213,8481,8520,40,40,0,0,1.0,0.0,0.0,0,0,0,0.0,0.0,0.0,,no_residual
40,window_214,8521,8560,40,40,0,0,1.0,0.0,0.0,0,0,0,0.0,0.0,0.0,,no_residual
40,window_215,8561,8600,40,40,0,0,1.0,0.0,0.0,0,0,0,0.0,0.0,0.0,,no_residual
40,window_216,8601,8640,40,40,0,0,1.0,0.0,0.0,0,0,0,0.0,0.0,0.0,,no_residual
40,window_217,8641,8680,40,38,2,0,0.95,0.05,0.0,0,0,0,0.0,0.0,0.0,,no_residual
40,window_218,8681,8720,40,40,0,0,1.0,0.0,0.0,0,0,0,0.0,0.0,0.0,,no_residual
40,window_219,8721,8760,40,40,0,0,1.0,0.0,0.0,0,0,0,0.0,0.0,0.0,,no_residual
40,window_220,8761,8800,40,40,0,0,1.0,0.0,0.0,0,0,0,0.0,0.0,0.0,,no_residual
40,window_221,8801,8840,40,40,0,0,1.0,0.0,0.0,0,0,0,0.0,0.0,0.0,,no_residual
40,window_222,8841,8880,40,40,0,0,1.0,0.0,0.0,0,0,0,0.0,0.0,0.0,,no_residual
40,window_223,8881,8920,40,40,0,0,1.0,0.0,0.0,0,0,0,0.0,0.0,0.0,,no_residual
40,window_224,8921,8960,40,40,0,0,1.0,0.0,0.0,0,0,0,0.0,0.0,0.0,,no_residual
40,window_225,8961,9000,40,40,0,0,1.0,0.0,0.0,0,0,0,0.0,0.0,0.0,,no_residual
40,window_226,9001,9040,40,40,0,0,1.0,0.0,0.0,0,0,0,0.0,0.0,0.0,,no_residual
40,window_227,9041,9080,40,40,0,0,1.0,0.0,0.0,0,0,0,0.0,0.0,0.0,,no_residual
40,window_228,9081,9120,40,39,0,1,0.975,0.0,0.025,0,1,0,0.0,1.0,1.0,Nov <num> <num>:<num>:<num> combo kernel:,stable_attached_residual
40,window_229,9121,9160,40,40,0,0,1.0,0.0,0.0,0,0,0,0.0,0.0,0.0,,no_residual
40,window_230,9161,9200,40,40,0,0,1.0,0.0,0.0,0,0,0,0.0,0.0,0.0,,no_residual
40,window_231,9201,9240,40,40,0,0,1.0,0.0,0.0,0,0,0,0.0,0.0,0.0,,no_residual
40,window_232,9241,9280,40,40,0,0,1.0,0.0,0.0,0,0,0,0.0,0.0,0.0,,no_residual
40,window_233,9281,9320,40,40,0,0,1.0,0.0,0.0,0,0,0,0.0,0.0,0.0,,no_residual
40,window_234,9321,9360,40,40,0,0,1.0,0.0,0.0,0,0,0,0.0,0.0,0.0,,no_residual
40,window_235,9361,9400,40,40,0,0,1.0,0.0,0.0,0,0,0,0.0,0.0,0.0,,no_residual
40,window_236,9401,9440,40,40,0,0,1.0,0.0,0.0,0,0,0,0.0,0.0,0.0,,no_residual
40,window_237,9441,9480,40,40,0,0,1.0,0.0,0.0,0,0,0,0.0,0.0,0.0,,no_residual
40,window_238,9481,9520,40,40,0,0,1.0,0.0,0.0,0,0,0,0.0,0.0,0.0,,no_residual
40,window_239,9521,9560,40,40,0,0,1.0,0.0,0.0,0,0,0,0.0,0.0,0.0,,no_residual
40,window_240,9561,9600,40,40,0,0,1.0,0.0,0.0,0,0,0,0.0,0.0,0.0,,no_residual
40,window_241,9601,9640,40,40,0,0,1.0,0.0,0.0,0,0,0,0.0,0.0,0.0,,no_residual
40,window_242,9641,9680,40,40,0,0,1.0,0.0,0.0,0,0,0,0.0,0.0,0.0,,no_residual
40,window_243,9681,9720,40,40,0,0,1.0,0.0,0.0,0,0,0,0.0,0.0,0.0,,no_residual
40,window_244,9721,9760,40,37,3,0,0.925,0.075,0.0,0,0,0,0.0,0.0,0.0,,no_residual
40,window_245,9761,9800,40,40,0,0,1.0,0.0,0.0,0,0,0,0.0,0.0,0.0,,no_residual
40,window_246,9801,9840,40,40,0,0,1.0,0.0,0.0,0,0,0,0.0,0.0,0.0,,no_residual
40,window_247,9841,9880,40,40,0,0,1.0,0.0,0.0,0,0,0,0.0,0.0,0.0,,no_residual
40,window_248,9881,9920,40,40,0,0,1.0,0.0,0.0,0,0,0,0.0,0.0,0.0,,no_residual
40,window_249,9921,9960,40,40,0,0,1.0,0.0,0.0,0,0,0,0.0,0.0,0.0,,no_residual
40,window_250,9961,10000,40,40,0,0,1.0,0.0,0.0,0,0,0,0.0,0.0,0.0,,no_residual
40,window_251,10001,10040,40,40,0,0,1.0,0.0,0.0,0,0,0,0.0,0.0,0.0,,no_residual
40,window_252,10041,10080,40,40,0,0,1.0,0.0,0.0,0,0,0,0.0,0.0,0.0,,no_residual
40,window_253,10081,10120,40,40,0,0,1.0,0.0,0.0,0,0,0,0.0,0.0,0.0,,no_residual
40,window_254,10121,10160,40,40,0,0,1.0,0.0,0.0,0,0,0,0.0,0.0,0.0,,no_residual
40,window_255,10161,10200,40,40,0,0,1.0,0.0,0.0,0,0,0,0.0,0.0,0.0,,no_residual
40,window_256,10201,10240,40,40,0,0,1.0,0.0,0.0,0,0,0,0.0,0.0,0.0,,no_residual
40,window_257,10241,10280,40,40,0,0,1.0,0.0,0.0,0,0,0,0.0,0.0,0.0,,no_residual
40,window_258,10281,10320,40,40,0,0,1.0,0.0,0.0,0,0,0,0.0,0.0,0.0,,no_residual
40,window_259,10321,10360,40,40,0,0,1.0,0.0,0.0,0,0,0,0.0,0.0,0.0,,no_residual
40,window_260,10361,10400,40,40,0,0,1.0,0.0,0.0,0,0,0,0.0,0.0,0.0,,no_residual
40,window_261,10401,10440,40,40,0,0,1.0,0.0,0.0,0,0,0,0.0,0.0,0.0,,no_residual
40,window_262,10441,10480,40,40,0,0,1.0,0.0,0.0,0,0,0,0.0,0.0,0.0,,no_residual
40,window_263,10481,10520,40,40,0,0,1.0,0.0,0.0,0,0,0,0.0,0.0,0.0,,no_residual
40,window_264,10521,10560,40,40,0,0,1.0,0.0,0.0,0,0,0,0.0,0.0,0.0,,no_residual
40,window_265,10561,10600,40,40,0,0,1.0,0.0,0.0,0,0,0,0.0,0.0,0.0,,no_residual
40,window_266,10601,10640,40,40,0,0,1.0,0.0,0.0,0,0,0,0.0,0.0,0.0,,no_residual
40,window_267,10641,10680,40,40,0,0,1.0,0.0,0.0,0,0,0,0.0,0.0,0.0,,no_residual
40,window_268,10681,10720,40,40,0,0,1.0,0.0,0.0,0,0,0,0.0,0.0,0.0,,no_residual
40,window_269,10721,10760,40,40,0,0,1.0,0.0,0.0,0,0,0,0.0,0.0,0.0,,no_residual
40,window_270,10761,10800,40,40,0,0,1.0,0.0,0.0,0,0,0,0.0,0.0,0.0,,no_residual
40,window_271,10801,10840,40,40,0,0,1.0,0.0,0.0,0,0,0,0.0,0.0,0.0,,no_residual
40,window_272,10841,10880,40,40,0,0,1.0,0.0,0.0,0,0,0,0.0,0.0,0.0,,no_residual
40,window_273,10881,10920,40,40,0,0,1.0,0.0,0.0,0,0,0,0.0,0.0,0.0,,no_residual
40,window_274,10921,10960,40,40,0,0,1.0,0.0,0.0,0,0,0,0.0,0.0,0.0,,no_residual
40,window_275,10961,11000,40,40,0,0,1.0,0.0,0.0,0,0,0,0.0,0.0,0.0,,no_residual
40,window_276,11001,11040,40,39,0,1,0.975,0.0,0.025,0,1,0,0.0,1.0,1.0,Nov <num> <num>:<num>:<num> combo kernel:,stable_attached_residual
40,window_277,11041,11080,40,40,0,0,1.0,0.0,0.0,0,0,0,0.0,0.0,0.0,,no_residual
40,window_278,11081,11120,40,40,0,0,1.0,0.0,0.0,0,0,0,0.0,0.0,0.0,,no_residual
40,window_279,11121,11160,40,40,0,0,1.0,0.0,0.0,0,0,0,0.0,0.0,0.0,,no_residual
40,window_280,11161,11200,40,40,0,0,1.0,0.0,0.0,0,0,0,0.0,0.0,0.0,,no_residual
40,window_281,11201,11240,40,40,0,0,1.0,0.0,0.0,0,0,0,0.0,0.0,0.0,,no_residual
40,window_282,11241,11280,40,39,0,1,0.975,0.0,0.025,0,1,0,0.0,1.0,1.0,Nov <num> <num>:<num>:<num> combo kernel:,stable_attached_residual
40,window_283,11281,11320,40,40,0,0,1.0,0.0,0.0,0,0,0,0.0,0.0,0.0,,no_residual
40,window_284,11321,11360,40,37,0,3,0.925,0.0,0.075,3,2,0,1.0,0.6667,1.0,Nov <num> <num>:<num>:<num> combo kernel:,stable_attached_residual
40,window_285,11361,11400,40,40,0,0,1.0,0.0,0.0,0,0,0,0.0,0.0,0.0,,no_residual
40,window_286,11401,11440,40,40,0,0,1.0,0.0,0.0,0,0,0,0.0,0.0,0.0,,no_residual
40,window_287,11441,11480,40,40,0,0,1.0,0.0,0.0,0,0,0,0.0,0.0,0.0,,no_residual
40,window_288,11481,11520,40,40,0,0,1.0,0.0,0.0,0,0,0,0.0,0.0,0.0,,no_residual
40,window_289,11521,11560,40,40,0,0,1.0,0.0,0.0,0,0,0,0.0,0.0,0.0,,no_residual
40,window_290,11561,11600,40,40,0,0,1.0,0.0,0.0,0,0,0,0.0,0.0,0.0,,no_residual
40,window_291,11601,11640,40,40,0,0,1.0,0.0,0.0,0,0,0,0.0,0.0,0.0,,no_residual
40,window_292,11641,11680,40,39,0,1,0.975,0.0,0.025,0,1,0,0.0,1.0,1.0,Nov <num> <num>:<num>:<num> combo kernel:,stable_attached_residual
40,window_293,11681,11720,40,40,0,0,1.0,0.0,0.0,0,0,0,0.0,0.0,0.0,,no_residual
40,window_294,11721,11760,40,40,0,0,1.0,0.0,0.0,0,0,0,0.0,0.0,0.0,,no_residual
40,window_295,11761,11800,40,40,0,0,1.0,0.0,0.0,0,0,0,0.0,0.0,0.0,,no_residual
40,window_296,11801,11840,40,40,0,0,1.0,0.0,0.0,0,0,0,0.0,0.0,0.0,,no_residual
40,window_297,11841,11880,40,40,0,0,1.0,0.0,0.0,0,0,0,0.0,0.0,0.0,,no_residual
40,window_298,11881,11920,40,40,0,0,1.0,0.0,0.0,0,0,0,0.0,0.0,0.0,,no_residual
40,window_299,11921,11960,40,40,0,0,1.0,0.0,0.0,0,0,0,0.0,0.0,0.0,,no_residual
40,window_300,11961,12000,40,40,0,0,1.0,0.0,0.0,0,0,0,0.0,0.0,0.0,,no_residual
40,window_301,12001,12040,40,40,0,0,1.0,0.0,0.0,0,0,0,0.0,0.0,0.0,,no_residual
40,window_302,12041,12080,40,40,0,0,1.0,0.0,0.0,0,0,0,0.0,0.0,0.0,,no_residual
40,window_303,12081,12120,40,40,0,0,1.0,0.0,0.0,0,0,0,0.0,0.0,0.0,,no_residual
40,window_304,12121,12160,40,40,0,0,1.0,0.0,0.0,0,0,0,0.0,0.0,0.0,,no_residual
40,window_305,12161,12200,40,40,0,0,1.0,0.0,0.0,0,0,0,0.0,0.0,0.0,,no_residual
40,window_306,12201,12240,40,40,0,0,1.0,0.0,0.0,0,0,0,0.0,0.0,0.0,,no_residual
40,window_307,12241,12280,40,40,0,0,1.0,0.0,0.0,0,0,0,0.0,0.0,0.0,,no_residual
40,window_308,12281,12320,40,40,0,0,1.0,0.0,0.0,0,0,0,0.0,0.0,0.0,,no_residual
40,window_309,12321,12360,40,40,0,0,1.0,0.0,0.0,0,0,0,0.0,0.0,0.0,,no_residual
40,window_310,12361,12400,40,40,0,0,1.0,0.0,0.0,0,0,0,0.0,0.0,0.0,,no_residual
40,window_311,12401,12440,40,39,0,1,0.975,0.0,0.025,0,1,0,0.0,1.0,1.0,Nov <num> <num>:<num>:<num> combo kernel:,stable_attached_residual
40,window_312,12441,12480,40,40,0,0,1.0,0.0,0.0,0,0,0,0.0,0.0,0.0,,no_residual
40,window_313,12481,12520,40,40,0,0,1.0,0.0,0.0,0,0,0,0.0,0.0,0.0,,no_residual
40,window_314,12521,12560,40,31,8,1,0.775,0.2,0.025,0,1,0,0.0,1.0,1.0,Nov <num> <num>:<num>:<num> combo kernel:,stable_attached_residual
40,window_315,12561,12600,40,36,4,0,0.9,0.1,0.0,0,0,0,0.0,0.0,0.0,,no_residual
40,window_316,12601,12640,40,39,1,0,0.975,0.025,0.0,0,0,0,0.0,0.0,0.0,,no_residual
40,window_317,12641,12680,40,40,0,0,1.0,0.0,0.0,0,0,0,0.0,0.0,0.0,,no_residual
40,window_318,12681,12720,40,40,0,0,1.0,0.0,0.0,0,0,0,0.0,0.0,0.0,,no_residual
40,window_319,12721,12760,40,39,1,0,0.975,0.025,0.0,0,0,0,0.0,0.0,0.0,,no_residual
40,window_320,12761,12800,40,37,3,0,0.925,0.075,0.0,0,0,0,0.0,0.0,0.0,,no_residual
40,window_321,12801,12840,40,40,0,0,1.0,0.0,0.0,0,0,0,0.0,0.0,0.0,,no_residual
40,window_322,12841,12880,40,40,0,0,1.0,0.0,0.0,0,0,0,0.0,0.0,0.0,,no_residual
40,window_323,12881,12920,40,40,0,0,1.0,0.0,0.0,0,0,0,0.0,0.0,0.0,,no_residual
40,window_324,12921,12960,40,38,2,0,0.95,0.05,0.0,0,0,0,0.0,0.0,0.0,,no_residual
40,window_325,12961,13000,40,39,1,0,0.975,0.025,0.0,0,0,0,0.0,0.0,0.0,,no_residual
40,window_326,13001,13040,40,40,0,0,1.0,0.0,0.0,0,0,0,0.0,0.0,0.0,,no_residual
40,window_327,13041,13080,40,39,1,0,0.975,0.025,0.0,0,0,0,0.0,0.0,0.0,,no_residual
40,window_328,13081,13120,40,40,0,0,1.0,0.0,0.0,0,0,0,0.0,0.0,0.0,,no_residual
40,window_329,13121,13160,40,40,0,0,1.0,0.0,0.0,0,0,0,0.0,0.0,0.0,,no_residual
40,window_330,13161,13200,40,39,1,0,0.975,0.025,0.0,0,0,0,0.0,0.0,0.0,,no_residual
40,window_331,13201,13240,40,40,0,0,1.0,0.0,0.0,0,0,0,0.0,0.0,0.0,,no_residual
40,window_332,13241,13280,40,39,1,0,0.975,0.025,0.0,0,0,0,0.0,0.0,0.0,,no_residual
40,window_333,13281,13320,40,39,1,0,0.975,0.025,0.0,0,0,0,0.0,0.0,0.0,,no_residual
40,window_334,13321,13360,40,40,0,0,1.0,0.0,0.0,0,0,0,0.0,0.0,0.0,,no_residual
40,window_335,13361,13400,40,40,0,0,1.0,0.0,0.0,0,0,0,0.0,0.0,0.0,,no_residual
40,window_336,13401,13440,40,40,0,0,1.0,0.0,0.0,0,0,0,0.0,0.0,0.0,,no_residual
40,window_337,13441,13480,40,40,0,0,1.0,0.0,0.0,0,0,0,0.0,0.0,0.0,,no_residual
40,window_338,13481,13520,40,40,0,0,1.0,0.0,0.0,0,0,0,0.0,0.0,0.0,,no_residual
40,window_339,13521,13560,40,40,0,0,1.0,0.0,0.0,0,0,0,0.0,0.0,0.0,,no_residual
40,window_340,13561,13600,40,39,0,1,0.975,0.0,0.025,0,1,0,0.0,1.0,1.0,Nov <num> <num>:<num>:<num> combo kernel:,stable_attached_residual
40,window_341,13601,13640,40,40,0,0,1.0,0.0,0.0,0,0,0,0.0,0.0,0.0,,no_residual
40,window_342,13641,13680,40,40,0,0,1.0,0.0,0.0,0,0,0,0.0,0.0,0.0,,no_residual
40,window_343,13681,13720,40,40,0,0,1.0,0.0,0.0,0,0,0,0.0,0.0,0.0,,no_residual
40,window_344,13721,13760,40,40,0,0,1.0,0.0,0.0,0,0,0,0.0,0.0,0.0,,no_residual
40,window_345,13761,13800,40,40,0,0,1.0,0.0,0.0,0,0,0,0.0,0.0,0.0,,no_residual
40,window_346,13801,13840,40,39,1,0,0.975,0.025,0.0,0,0,0,0.0,0.0,0.0,,no_residual
40,window_347,13841,13880,40,40,0,0,1.0,0.0,0.0,0,0,0,0.0,0.0,0.0,,no_residual
40,window_348,13881,13920,40,39,1,0,0.975,0.025,0.0,0,0,0,0.0,0.0,0.0,,no_residual
40,window_349,13921,13960,40,40,0,0,1.0,0.0,0.0,0,0,0,0.0,0.0,0.0,,no_residual
40,window_350,13961,14000,40,40,0,0,1.0,0.0,0.0,0,0,0,0.0,0.0,0.0,,no_residual
40,window_351,14001,14040,40,37,0,3,0.925,0.0,0.075,2,3,0,0.6667,1.0,1.0,Nov <num> <num>:<num>:<num> combo kernel:,stable_attached_residual
40,window_352,14041,14080,40,40,0,0,1.0,0.0,0.0,0,0,0,0.0,0.0,0.0,,no_residual
40,window_353,14081,14120,40,40,0,0,1.0,0.0,0.0,0,0,0,0.0,0.0,0.0,,no_residual
40,window_354,14121,14160,40,40,0,0,1.0,0.0,0.0,0,0,0,0.0,0.0,0.0,,no_residual
40,window_355,14161,14200,40,40,0,0,1.0,0.0,0.0,0,0,0,0.0,0.0,0.0,,no_residual
40,window_356,14201,14240,40,40,0,0,1.0,0.0,0.0,0,0,0,0.0,0.0,0.0,,no_residual
40,window_357,14241,14280,40,40,0,0,1.0,0.0,0.0,0,0,0,0.0,0.0,0.0,,no_residual
40,window_358,14281,14320,40,40,0,0,1.0,0.0,0.0,0,0,0,0.0,0.0,0.0,,no_residual
40,window_359,14321,14360,40,40,0,0,1.0,0.0,0.0,0,0,0,0.0,0.0,0.0,,no_residual
40,window_360,14361,14400,40,40,0,0,1.0,0.0,0.0,0,0,0,0.0,0.0,0.0,,no_residual
40,window_361,14401,14440,40,40,0,0,1.0,0.0,0.0,0,0,0,0.0,0.0,0.0,,no_residual
40,window_362,14441,14480,40,40,0,0,1.0,0.0,0.0,0,0,0,0.0,0.0,0.0,,no_residual
40,window_363,14481,14520,40,40,0,0,1.0,0.0,0.0,0,0,0,0.0,0.0,0.0,,no_residual
40,window_364,14521,14560,40,35,5,0,0.875,0.125,0.0,0,0,0,0.0,0.0,0.0,,no_residual
40,window_365,14561,14600,40,36,4,0,0.9,0.1,0.0,0,0,0,0.0,0.0,0.0,,no_residual
40,window_366,14601,14640,40,40,0,0,1.0,0.0,0.0,0,0,0,0.0,0.0,0.0,,no_residual
40,window_367,14641,14680,40,40,0,0,1.0,0.0,0.0,0,0,0,0.0,0.0,0.0,,no_residual
40,window_368,14681,14720,40,40,0,0,1.0,0.0,0.0,0,0,0,0.0,0.0,0.0,,no_residual
40,window_369,14721,14760,40,40,0,0,1.0,0.0,0.0,0,0,0,0.0,0.0,0.0,,no_residual
40,window_370,14761,14800,40,40,0,0,1.0,0.0,0.0,0,0,0,0.0,0.0,0.0,,no_residual
40,window_371,14801,14840,40,40,0,0,1.0,0.0,0.0,0,0,0,0.0,0.0,0.0,,no_residual
40,window_372,14841,14880,40,40,0,0,1.0,0.0,0.0,0,0,0,0.0,0.0,0.0,,no_residual
40,window_373,14881,14920,40,40,0,0,1.0,0.0,0.0,0,0,0,0.0,0.0,0.0,,no_residual
40,window_374,14921,14960,40,40,0,0,1.0,0.0,0.0,0,0,0,0.0,0.0,0.0,,no_residual
40,window_375,14961,15000,40,40,0,0,1.0,0.0,0.0,0,0,0,0.0,0.0,0.0,,no_residual
40,window_376,15001,15040,40,40,0,0,1.0,0.0,0.0,0,0,0,0.0,0.0,0.0,,no_residual
40,window_377,15041,15080,40,38,2,0,0.95,0.05,0.0,0,0,0,0.0,0.0,0.0,,no_residual
40,window_378,15081,15120,40,37,3,0,0.925,0.075,0.0,0,0,0,0.0,0.0,0.0,,no_residual
40,window_379,15121,15160,40,40,0,0,1.0,0.0,0.0,0,0,0,0.0,0.0,0.0,,no_residual
40,window_380,15161,15200,40,40,0,0,1.0,0.0,0.0,0,0,0,0.0,0.0,0.0,,no_residual
40,window_381,15201,15240,40,40,0,0,1.0,0.0,0.0,0,0,0,0.0,0.0,0.0,,no_residual
40,window_382,15241,15280,40,40,0,0,1.0,0.0,0.0,0,0,0,0.0,0.0,0.0,,no_residual
40,window_383,15281,15320,40,40,0,0,1.0,0.0,0.0,0,0,0,0.0,0.0,0.0,,no_residual
40,window_384,15321,15360,40,40,0,0,1.0,0.0,0.0,0,0,0,0.0,0.0,0.0,,no_residual
40,window_385,15361,15400,40,40,0,0,1.0,0.0,0.0,0,0,0,0.0,0.0,0.0,,no_residual
40,window_386,15401,15440,40,40,0,0,1.0,0.0,0.0,0,0,0,0.0,0.0,0.0,,no_residual
40,window_387,15441,15480,40,40,0,0,1.0,0.0,0.0,0,0,0,0.0,0.0,0.0,,no_residual
40,window_388,15481,15520,40,40,0,0,1.0,0.0,0.0,0,0,0,0.0,0.0,0.0,,no_residual
40,window_389,15521,15560,40,40,0,0,1.0,0.0,0.0,0,0,0,0.0,0.0,0.0,,no_residual
40,window_390,15561,15600,40,40,0,0,1.0,0.0,0.0,0,0,0,0.0,0.0,0.0,,no_residual
40,window_391,15601,15640,40,40,0,0,1.0,0.0,0.0,0,0,0,0.0,0.0,0.0,,no_residual
40,window_392,15641,15680,40,40,0,0,1.0,0.0,0.0,0,0,0,0.0,0.0,0.0,,no_residual
40,window_393,15681,15720,40,40,0,0,1.0,0.0,0.0,0,0,0,0.0,0.0,0.0,,no_residual
40,window_394,15721,15760,40,40,0,0,1.0,0.0,0.0,0,0,0,0.0,0.0,0.0,,no_residual
40,window_395,15761,15800,40,40,0,0,1.0,0.0,0.0,0,0,0,0.0,0.0,0.0,,no_residual
40,window_396,15801,15840,40,40,0,0,1.0,0.0,0.0,0,0,0,0.0,0.0,0.0,,no_residual
40,window_397,15841,15880,40,40,0,0,1.0,0.0,0.0,0,0,0,0.0,0.0,0.0,,no_residual
40,window_398,15881,15920,40,40,0,0,1.0,0.0,0.0,0,0,0,0.0,0.0,0.0,,no_residual
40,window_399,15921,15960,40,40,0,0,1.0,0.0,0.0,0,0,0,0.0,0.0,0.0,,no_residual
40,window_400,15961,16000,40,40,0,0,1.0,0.0,0.0,0,0,0,0.0,0.0,0.0,,no_residual
40,window_401,16001,16040,40,40,0,0,1.0,0.0,0.0,0,0,0,0.0,0.0,0.0,,no_residual
40,window_402,16041,16080,40,40,0,0,1.0,0.0,0.0,0,0,0,0.0,0.0,0.0,,no_residual
40,window_403,16081,16120,40,40,0,0,1.0,0.0,0.0,0,0,0,0.0,0.0,0.0,,no_residual
40,window_404,16121,16160,40,40,0,0,1.0,0.0,0.0,0,0,0,0.0,0.0,0.0,,no_residual
40,window_405,16161,16200,40,40,0,0,1.0,0.0,0.0,0,0,0,0.0,0.0,0.0,,no_residual
40,window_406,16201,16240,40,40,0,0,1.0,0.0,0.0,0,0,0,0.0,0.0,0.0,,no_residual
40,window_407,16241,16280,40,39,0,1,0.975,0.0,0.025,0,1,0,0.0,1.0,1.0,Nov <num> <num>:<num>:<num> combo kernel:,stable_attached_residual
40,window_408,16281,16320,40,40,0,0,1.0,0.0,0.0,0,0,0,0.0,0.0,0.0,,no_residual
40,window_409,16321,16360,40,40,0,0,1.0,0.0,0.0,0,0,0,0.0,0.0,0.0,,no_residual
40,window_410,16361,16400,40,40,0,0,1.0,0.0,0.0,0,0,0,0.0,0.0,0.0,,no_residual
40,window_411,16401,16440,40,40,0,0,1.0,0.0,0.0,0,0,0,0.0,0.0,0.0,,no_residual
40,window_412,16441,16480,40,40,0,0,1.0,0.0,0.0,0,0,0,0.0,0.0,0.0,,no_residual
40,window_413,16481,16520,40,40,0,0,1.0,0.0,0.0,0,0,0,0.0,0.0,0.0,,no_residual
40,window_414,16521,16560,40,40,0,0,1.0,0.0,0.0,0,0,0,0.0,0.0,0.0,,no_residual
40,window_415,16561,16600,40,40,0,0,1.0,0.0,0.0,0,0,0,0.0,0.0,0.0,,no_residual
40,window_416,16601,16640,40,40,0,0,1.0,0.0,0.0,0,0,0,0.0,0.0,0.0,,no_residual
40,window_417,16641,16680,40,40,0,0,1.0,0.0,0.0,0,0,0,0.0,0.0,0.0,,no_residual
40,window_418,16681,16720,40,40,0,0,1.0,0.0,0.0,0,0,0,0.0,0.0,0.0,,no_residual
40,window_419,16721,16760,40,39,0,1,0.975,0.0,0.025,0,1,0,0.0,1.0,1.0,Nov <num> <num>:<num>:<num> combo kernel:,stable_attached_residual
40,window_420,16761,16800,40,38,0,2,0.95,0.0,0.05,2,2,0,1.0,1.0,1.0,Nov <num> <num>:<num>:<num> combo kernel:,stable_attached_residual
40,window_421,16801,16840,40,40,0,0,1.0,0.0,0.0,0,0,0,0.0,0.0,0.0,,no_residual
40,window_422,16841,16880,40,40,0,0,1.0,0.0,0.0,0,0,0,0.0,0.0,0.0,,no_residual
40,window_423,16881,16920,40,40,0,0,1.0,0.0,0.0,0,0,0,0.0,0.0,0.0,,no_residual
40,window_424,16921,16960,40,40,0,0,1.0,0.0,0.0,0,0,0,0.0,0.0,0.0,,no_residual
40,window_425,16961,17000,40,40,0,0,1.0,0.0,0.0,0,0,0,0.0,0.0,0.0,,no_residual
40,window_426,17001,17040,40,40,0,0,1.0,0.0,0.0,0,0,0,0.0,0.0,0.0,,no_residual
40,window_427,17041,17080,40,40,0,0,1.0,0.0,0.0,0,0,0,0.0,0.0,0.0,,no_residual
40,window_428,17081,17120,40,40,0,0,1.0,0.0,0.0,0,0,0,0.0,0.0,0.0,,no_residual
40,window_429,17121,17160,40,40,0,0,1.0,0.0,0.0,0,0,0,0.0,0.0,0.0,,no_residual
40,window_430,17161,17200,40,40,0,0,1.0,0.0,0.0,0,0,0,0.0,0.0,0.0,,no_residual
40,window_431,17201,17240,40,40,0,0,1.0,0.0,0.0,0,0,0,0.0,0.0,0.0,,no_residual
40,window_432,17241,17280,40,39,1,0,0.975,0.025,0.0,0,0,0,0.0,0.0,0.0,,no_residual
40,window_433,17281,17320,40,39,1,0,0.975,0.025,0.0,0,0,0,0.0,0.0,0.0,,no_residual
40,window_434,17321,17360,40,39,0,1,0.975,0.0,0.025,0,1,0,0.0,1.0,1.0,Dec <num> <num>:<num>:<num> combo kernel:,stable_attached_residual
40,window_435,17361,17400,40,40,0,0,1.0,0.0,0.0,0,0,0,0.0,0.0,0.0,,no_residual
40,window_436,17401,17440,40,40,0,0,1.0,0.0,0.0,0,0,0,0.0,0.0,0.0,,no_residual
40,window_437,17441,17480,40,40,0,0,1.0,0.0,0.0,0,0,0,0.0,0.0,0.0,,no_residual
40,window_438,17481,17520,40,40,0,0,1.0,0.0,0.0,0,0,0,0.0,0.0,0.0,,no_residual
40,window_439,17521,17560,40,40,0,0,1.0,0.0,0.0,0,0,0,0.0,0.0,0.0,,no_residual
40,window_440,17561,17600,40,40,0,0,1.0,0.0,0.0,0,0,0,0.0,0.0,0.0,,no_residual
40,window_441,17601,17640,40,40,0,0,1.0,0.0,0.0,0,0,0,0.0,0.0,0.0,,no_residual
40,window_442,17641,17680,40,39,1,0,0.975,0.025,0.0,0,0,0,0.0,0.0,0.0,,no_residual
40,window_443,17681,17720,40,40,0,0,1.0,0.0,0.0,0,0,0,0.0,0.0,0.0,,no_residual
40,window_444,17721,17760,40,40,0,0,1.0,0.0,0.0,0,0,0,0.0,0.0,0.0,,no_residual
40,window_445,17761,17800,40,40,0,0,1.0,0.0,0.0,0,0,0,0.0,0.0,0.0,,no_residual
40,window_446,17801,17840,40,40,0,0,1.0,0.0,0.0,0,0,0,0.0,0.0,0.0,,no_residual
40,window_447,17841,17880,40,40,0,0,1.0,0.0,0.0,0,0,0,0.0,0.0,0.0,,no_residual
40,window_448,17881,17920,40,40,0,0,1.0,0.0,0.0,0,0,0,0.0,0.0,0.0,,no_residual
40,window_449,17921,17960,40,40,0,0,1.0,0.0,0.0,0,0,0,0.0,0.0,0.0,,no_residual
40,window_450,17961,18000,40,40,0,0,1.0,0.0,0.0,0,0,0,0.0,0.0,0.0,,no_residual
40,window_451,18001,18040,40,40,0,0,1.0,0.0,0.0,0,0,0,0.0,0.0,0.0,,no_residual
40,window_452,18041,18080,40,40,0,0,1.0,0.0,0.0,0,0,0,0.0,0.0,0.0,,no_residual
40,window_453,18081,18120,40,40,0,0,1.0,0.0,0.0,0,0,0,0.0,0.0,0.0,,no_residual
40,window_454,18121,18160,40,40,0,0,1.0,0.0,0.0,0,0,0,0.0,0.0,0.0,,no_residual
40,window_455,18161,18200,40,40,0,0,1.0,0.0,0.0,0,0,0,0.0,0.0,0.0,,no_residual
40,window_456,18201,18240,40,40,0,0,1.0,0.0,0.0,0,0,0,0.0,0.0,0.0,,no_residual
40,window_457,18241,18280,40,40,0,0,1.0,0.0,0.0,0,0,0,0.0,0.0,0.0,,no_residual
40,window_458,18281,18320,40,40,0,0,1.0,0.0,0.0,0,0,0,0.0,0.0,0.0,,no_residual
40,window_459,18321,18360,40,40,0,0,1.0,0.0,0.0,0,0,0,0.0,0.0,0.0,,no_residual
40,window_460,18361,18400,40,40,0,0,1.0,0.0,0.0,0,0,0,0.0,0.0,0.0,,no_residual
40,window_461,18401,18440,40,40,0,0,1.0,0.0,0.0,0,0,0,0.0,0.0,0.0,,no_residual
40,window_462,18441,18480,40,40,0,0,1.0,0.0,0.0,0,0,0,0.0,0.0,0.0,,no_residual
40,window_463,18481,18520,40,39,0,1,0.975,0.0,0.025,0,1,0,0.0,1.0,1.0,Dec <num> <num>:<num>:<num> combo kernel:,stable_attached_residual
40,window_464,18521,18560,40,40,0,0,1.0,0.0,0.0,0,0,0,0.0,0.0,0.0,,no_residual
40,window_465,18561,18600,40,40,0,0,1.0,0.0,0.0,0,0,0,0.0,0.0,0.0,,no_residual
40,window_466,18601,18640,40,40,0,0,1.0,0.0,0.0,0,0,0,0.0,0.0,0.0,,no_residual
40,window_467,18641,18680,40,40,0,0,1.0,0.0,0.0,0,0,0,0.0,0.0,0.0,,no_residual
40,window_468,18681,18720,40,24,8,8,0.6,0.2,0.2,7,5,0,0.875,0.625,1.0,Dec <num> <num>:<num>:<num> combo kernel:,stable_attached_residual
40,window_469,18721,18760,40,25,11,4,0.625,0.275,0.1,2,2,2,0.5,0.5,1.0,Dec <num> <num>:<num>:<num> combo kernel:,stable_attached_residual
40,window_470,18761,18800,40,40,0,0,1.0,0.0,0.0,0,0,0,0.0,0.0,0.0,,no_residual
40,window_471,18801,18840,40,40,0,0,1.0,0.0,0.0,0,0,0,0.0,0.0,0.0,,no_residual
40,window_472,18841,18880,40,40,0,0,1.0,0.0,0.0,0,0,0,0.0,0.0,0.0,,no_residual
40,window_473,18881,18920,40,40,0,0,1.0,0.0,0.0,0,0,0,0.0,0.0,0.0,,no_residual
40,window_474,18921,18960,40,40,0,0,1.0,0.0,0.0,0,0,0,0.0,0.0,0.0,,no_residual
40,window_475,18961,19000,40,40,0,0,1.0,0.0,0.0,0,0,0,0.0,0.0,0.0,,no_residual
40,window_476,19001,19040,40,39,1,0,0.975,0.025,0.0,0,0,0,0.0,0.0,0.0,,no_residual
40,window_477,19041,19080,40,40,0,0,1.0,0.0,0.0,0,0,0,0.0,0.0,0.0,,no_residual
40,window_478,19081,19120,40,40,0,0,1.0,0.0,0.0,0,0,0,0.0,0.0,0.0,,no_residual
40,window_479,19121,19160,40,40,0,0,1.0,0.0,0.0,0,0,0,0.0,0.0,0.0,,no_residual
40,window_480,19161,19200,40,40,0,0,1.0,0.0,0.0,0,0,0,0.0,0.0,0.0,,no_residual
40,window_481,19201,19240,40,40,0,0,1.0,0.0,0.0,0,0,0,0.0,0.0,0.0,,no_residual
40,window_482,19241,19280,40,40,0,0,1.0,0.0,0.0,0,0,0,0.0,0.0,0.0,,no_residual
40,window_483,19281,19320,40,40,0,0,1.0,0.0,0.0,0,0,0,0.0,0.0,0.0,,no_residual
40,window_484,19321,19360,40,39,1,0,0.975,0.025,0.0,0,0,0,0.0,0.0,0.0,,no_residual
40,window_485,19361,19400,40,40,0,0,1.0,0.0,0.0,0,0,0,0.0,0.0,0.0,,no_residual
40,window_486,19401,19440,40,40,0,0,1.0,0.0,0.0,0,0,0,0.0,0.0,0.0,,no_residual
40,window_487,19441,19480,40,40,0,0,1.0,0.0,0.0,0,0,0,0.0,0.0,0.0,,no_residual
40,window_488,19481,19520,40,40,0,0,1.0,0.0,0.0,0,0,0,0.0,0.0,0.0,,no_residual
40,window_489,19521,19560,40,40,0,0,1.0,0.0,0.0,0,0,0,0.0,0.0,0.0,,no_residual
40,window_490,19561,19600,40,40,0,0,1.0,0.0,0.0,0,0,0,0.0,0.0,0.0,,no_residual
40,window_491,19601,19640,40,40,0,0,1.0,0.0,0.0,0,0,0,0.0,0.0,0.0,,no_residual
40,window_492,19641,19680,40,40,0,0,1.0,0.0,0.0,0,0,0,0.0,0.0,0.0,,no_residual
40,window_493,19681,19720,40,40,0,0,1.0,0.0,0.0,0,0,0,0.0,0.0,0.0,,no_residual
40,window_494,19721,19760,40,40,0,0,1.0,0.0,0.0,0,0,0,0.0,0.0,0.0,,no_residual
40,window_495,19761,19800,40,40,0,0,1.0,0.0,0.0,0,0,0,0.0,0.0,0.0,,no_residual
40,window_496,19801,19840,40,40,0,0,1.0,0.0,0.0,0,0,0,0.0,0.0,0.0,,no_residual
40,window_497,19841,19880,40,39,1,0,0.975,0.025,0.0,0,0,0,0.0,0.0,0.0,,no_residual
40,window_498,19881,19920,40,39,1,0,0.975,0.025,0.0,0,0,0,0.0,0.0,0.0,,no_residual
40,window_499,19921,19960,40,40,0,0,1.0,0.0,0.0,0,0,0,0.0,0.0,0.0,,no_residual
40,window_500,19961,20000,40,40,0,0,1.0,0.0,0.0,0,0,0,0.0,0.0,0.0,,no_residual
40,window_501,20001,20040,40,40,0,0,1.0,0.0,0.0,0,0,0,0.0,0.0,0.0,,no_residual
40,window_502,20041,20080,40,40,0,0,1.0,0.0,0.0,0,0,0,0.0,0.0,0.0,,no_residual
40,window_503,20081,20120,40,40,0,0,1.0,0.0,0.0,0,0,0,0.0,0.0,0.0,,no_residual
40,window_504,20121,20160,40,40,0,0,1.0,0.0,0.0,0,0,0,0.0,0.0,0.0,,no_residual
40,window_505,20161,20200,40,40,0,0,1.0,0.0,0.0,0,0,0,0.0,0.0,0.0,,no_residual
40,window_506,20201,20240,40,40,0,0,1.0,0.0,0.0,0,0,0,0.0,0.0,0.0,,no_residual
40,window_507,20241,20280,40,40,0,0,1.0,0.0,0.0,0,0,0,0.0,0.0,0.0,,no_residual
40,window_508,20281,20320,40,40,0,0,1.0,0.0,0.0,0,0,0,0.0,0.0,0.0,,no_residual
40,window_509,20321,20360,40,40,0,0,1.0,0.0,0.0,0,0,0,0.0,0.0,0.0,,no_residual
40,window_510,20361,20400,40,40,0,0,1.0,0.0,0.0,0,0,0,0.0,0.0,0.0,,no_residual
40,window_511,20401,20440,40,40,0,0,1.0,0.0,0.0,0,0,0,0.0,0.0,0.0,,no_residual
40,window_512,20441,20480,40,40,0,0,1.0,0.0,0.0,0,0,0,0.0,0.0,0.0,,no_residual
40,window_513,20481,20520,40,40,0,0,1.0,0.0,0.0,0,0,0,0.0,0.0,0.0,,no_residual
40,window_514,20521,20560,40,40,0,0,1.0,0.0,0.0,0,0,0,0.0,0.0,0.0,,no_residual
40,window_515,20561,20600,40,40,0,0,1.0,0.0,0.0,0,0,0,0.0,0.0,0.0,,no_residual
40,window_516,20601,20640,40,33,7,0,0.825,0.175,0.0,0,0,0,0.0,0.0,0.0,,no_residual
40,window_517,20641,20680,40,32,6,2,0.8,0.15,0.05,2,2,0,1.0,1.0,1.0,Dec <num> <num>:<num>:<num> combo kernel:,stable_attached_residual
40,window_518,20681,20720,40,40,0,0,1.0,0.0,0.0,0,0,0,0.0,0.0,0.0,,no_residual
40,window_519,20721,20760,40,40,0,0,1.0,0.0,0.0,0,0,0,0.0,0.0,0.0,,no_residual
40,window_520,20761,20800,40,40,0,0,1.0,0.0,0.0,0,0,0,0.0,0.0,0.0,,no_residual
40,window_521,20801,20840,40,34,6,0,0.85,0.15,0.0,0,0,0,0.0,0.0,0.0,,no_residual
40,window_522,20841,20880,40,40,0,0,1.0,0.0,0.0,0,0,0,0.0,0.0,0.0,,no_residual
40,window_523,20881,20920,40,40,0,0,1.0,0.0,0.0,0,0,0,0.0,0.0,0.0,,no_residual
40,window_524,20921,20960,40,40,0,0,1.0,0.0,0.0,0,0,0,0.0,0.0,0.0,,no_residual
40,window_525,20961,21000,40,40,0,0,1.0,0.0,0.0,0,0,0,0.0,0.0,0.0,,no_residual
40,window_526,21001,21040,40,40,0,0,1.0,0.0,0.0,0,0,0,0.0,0.0,0.0,,no_residual
40,window_527,21041,21080,40,11,18,11,0.275,0.45,0.275,9,3,5,0.8182,0.2727,0.0909,Dec <num> <num>:<num>:<num> combo kernel:,partial_residual_cluster
40,window_528,21081,21120,40,1,8,31,0.025,0.2,0.775,31,0,4,1.0,0.0,0.0968,Dec <num> <num>:<num>:<num> combo squid:,residual_island
40,window_529,21121,21160,40,0,6,34,0.0,0.15,0.85,34,0,4,1.0,0.0,0.8824,Dec <num> <num>:<num>:<num> combo kernel:,residual_island
40,window_530,21161,21200,40,1,0,39,0.025,0.0,0.975,39,2,0,1.0,0.0513,0.7949,Dec <num> <num>:<num>:<num> combo kernel:,residual_island
40,window_531,21201,21240,40,0,0,40,0.0,0.0,1.0,40,0,0,1.0,0.0,0.825,Dec <num> <num>:<num>:<num> combo kernel:,residual_island
40,window_532,21241,21280,40,3,2,35,0.075,0.05,0.875,35,4,2,1.0,0.1143,0.6286,Dec <num> <num>:<num>:<num> combo kernel:,residual_island
40,window_533,21281,21320,40,2,12,26,0.05,0.3,0.65,25,4,7,0.9615,0.1538,1.0,Dec <num> <num>:<num>:<num> combo kernel:,residual_island
40,window_534,21321,21360,40,1,4,35,0.025,0.1,0.875,35,2,4,1.0,0.0571,0.2,Dec <num> <num>:<num>:<num> combo kernel:,residual_island
40,window_535,21361,21400,40,22,0,18,0.55,0.0,0.45,13,8,0,0.7222,0.4444,0.2778,Dec <num> <num>:<num>:<num> combo named[<num>]:,partial_residual_cluster
40,window_536,21401,21440,40,0,31,9,0.0,0.775,0.225,9,1,3,1.0,0.1111,0.3333,Dec <num> <num>:<num>:<num> combo named[<num>]:,residual_island
40,window_537,21441,21480,40,26,11,3,0.65,0.275,0.075,3,1,1,1.0,0.3333,1.0,Dec <num> <num>:<num>:<num> combo ntpd[<num>]:,partial_residual_cluster
40,window_538,21481,21520,40,39,0,1,0.975,0.0,0.025,0,1,0,0.0,1.0,1.0,Dec <num> <num>:<num>:<num> combo kernel:,stable_attached_residual
40,window_539,21521,21560,40,40,0,0,1.0,0.0,0.0,0,0,0,0.0,0.0,0.0,,no_residual
40,window_540,21561,21600,40,40,0,0,1.0,0.0,0.0,0,0,0,0.0,0.0,0.0,,no_residual
40,window_541,21601,21640,40,40,0,0,1.0,0.0,0.0,0,0,0,0.0,0.0,0.0,,no_residual
40,window_542,21641,21680,40,8,27,5,0.2,0.675,0.125,3,2,3,0.6,0.4,0.4,Dec <num> <num>:<num>:<num> combo --,partial_residual_cluster
40,window_543,21681,21720,40,34,6,0,0.85,0.15,0.0,0,0,0,0.0,0.0,0.0,,no_residual
40,window_544,21721,21760,40,35,5,0,0.875,0.125,0.0,0,0,0,0.0,0.0,0.0,,no_residual
40,window_545,21761,21800,40,39,1,0,0.975,0.025,0.0,0,0,0,0.0,0.0,0.0,,no_residual
40,window_546,21801,21840,40,31,9,0,0.775,0.225,0.0,0,0,0,0.0,0.0,0.0,,no_residual
40,window_547,21841,21880,40,40,0,0,1.0,0.0,0.0,0,0,0,0.0,0.0,0.0,,no_residual
40,window_548,21881,21920,40,40,0,0,1.0,0.0,0.0,0,0,0,0.0,0.0,0.0,,no_residual
40,window_549,21921,21960,40,40,0,0,1.0,0.0,0.0,0,0,0,0.0,0.0,0.0,,no_residual
40,window_550,21961,22000,40,39,0,1,0.975,0.0,0.025,0,1,0,0.0,1.0,1.0,Jan <num> <num>:<num>:<num> combo snmpd[<num>]:,stable_attached_residual
40,window_551,22001,22040,40,37,2,1,0.925,0.05,0.025,0,1,0,0.0,1.0,1.0,Jan <num> <num>:<num>:<num> combo sshd(pam_unix)[<num>]:,stable_attached_residual
40,window_552,22041,22080,40,38,2,0,0.95,0.05,0.0,0,0,0,0.0,0.0,0.0,,no_residual
40,window_553,22081,22120,40,40,0,0,1.0,0.0,0.0,0,0,0,0.0,0.0,0.0,,no_residual
40,window_554,22121,22160,40,40,0,0,1.0,0.0,0.0,0,0,0,0.0,0.0,0.0,,no_residual
40,window_555,22161,22200,40,39,1,0,0.975,0.025,0.0,0,0,0,0.0,0.0,0.0,,no_residual
40,window_556,22201,22240,40,39,1,0,0.975,0.025,0.0,0,0,0,0.0,0.0,0.0,,no_residual
40,window_557,22241,22280,40,40,0,0,1.0,0.0,0.0,0,0,0,0.0,0.0,0.0,,no_residual
40,window_558,22281,22320,40,39,0,1,0.975,0.0,0.025,0,1,0,0.0,1.0,1.0,Jan <num> <num>:<num>:<num> combo sshd(pam_unix)[<num>]:,stable_attached_residual
40,window_559,22321,22360,40,38,2,0,0.95,0.05,0.0,0,0,0,0.0,0.0,0.0,,no_residual
40,window_560,22361,22400,40,40,0,0,1.0,0.0,0.0,0,0,0,0.0,0.0,0.0,,no_residual
40,window_561,22401,22440,40,40,0,0,1.0,0.0,0.0,0,0,0,0.0,0.0,0.0,,no_residual
40,window_562,22441,22480,40,40,0,0,1.0,0.0,0.0,0,0,0,0.0,0.0,0.0,,no_residual
40,window_563,22481,22520,40,34,6,0,0.85,0.15,0.0,0,0,0,0.0,0.0,0.0,,no_residual
40,window_564,22521,22560,40,40,0,0,1.0,0.0,0.0,0,0,0,0.0,0.0,0.0,,no_residual
40,window_565,22561,22600,40,40,0,0,1.0,0.0,0.0,0,0,0,0.0,0.0,0.0,,no_residual
40,window_566,22601,22640,40,40,0,0,1.0,0.0,0.0,0,0,0,0.0,0.0,0.0,,no_residual
40,window_567,22641,22680,40,40,0,0,1.0,0.0,0.0,0,0,0,0.0,0.0,0.0,,no_residual
40,window_568,22681,22720,40,39,1,0,0.975,0.025,0.0,0,0,0,0.0,0.0,0.0,,no_residual
40,window_569,22721,22760,40,40,0,0,1.0,0.0,0.0,0,0,0,0.0,0.0,0.0,,no_residual
40,window_570,22761,22800,40,40,0,0,1.0,0.0,0.0,0,0,0,0.0,0.0,0.0,,no_residual
40,window_571,22801,22840,40,38,2,0,0.95,0.05,0.0,0,0,0,0.0,0.0,0.0,,no_residual
40,window_572,22841,22880,40,40,0,0,1.0,0.0,0.0,0,0,0,0.0,0.0,0.0,,no_residual
40,window_573,22881,22920,40,40,0,0,1.0,0.0,0.0,0,0,0,0.0,0.0,0.0,,no_residual
40,window_574,22921,22960,40,40,0,0,1.0,0.0,0.0,0,0,0,0.0,0.0,0.0,,no_residual
40,window_575,22961,23000,40,40,0,0,1.0,0.0,0.0,0,0,0,0.0,0.0,0.0,,no_residual
40,window_576,23001,23040,40,40,0,0,1.0,0.0,0.0,0,0,0,0.0,0.0,0.0,,no_residual
40,window_577,23041,23080,40,40,0,0,1.0,0.0,0.0,0,0,0,0.0,0.0,0.0,,no_residual
40,window_578,23081,23120,40,40,0,0,1.0,0.0,0.0,0,0,0,0.0,0.0,0.0,,no_residual
40,window_579,23121,23160,40,40,0,0,1.0,0.0,0.0,0,0,0,0.0,0.0,0.0,,no_residual
40,window_580,23161,23200,40,40,0,0,1.0,0.0,0.0,0,0,0,0.0,0.0,0.0,,no_residual
40,window_581,23201,23240,40,40,0,0,1.0,0.0,0.0,0,0,0,0.0,0.0,0.0,,no_residual
40,window_582,23241,23280,40,40,0,0,1.0,0.0,0.0,0,0,0,0.0,0.0,0.0,,no_residual
40,window_583,23281,23320,40,40,0,0,1.0,0.0,0.0,0,0,0,0.0,0.0,0.0,,no_residual
40,window_584,23321,23360,40,40,0,0,1.0,0.0,0.0,0,0,0,0.0,0.0,0.0,,no_residual
40,window_585,23361,23400,40,15,16,9,0.375,0.4,0.225,8,3,3,0.8889,0.3333,0.1111,Jan <num> <num>:<num>:<num> combo sendmail:,partial_residual_cluster
40,window_586,23401,23440,40,4,1,35,0.1,0.025,0.875,35,6,1,1.0,0.1714,0.0857,Jan <num> <num>:<num>:<num> combo squid:,residual_island
40,window_587,23441,23480,40,1,5,34,0.025,0.125,0.85,34,1,2,1.0,0.0294,0.8824,Jan <num> <num>:<num>:<num> combo kernel:,residual_island
40,window_588,23481,23520,40,1,0,39,0.025,0.0,0.975,39,2,0,1.0,0.0513,0.8462,Jan <num> <num>:<num>:<num> combo kernel:,residual_island
40,window_589,23521,23560,40,0,0,40,0.0,0.0,1.0,40,0,0,1.0,0.0,0.8,Jan <num> <num>:<num>:<num> combo kernel:,residual_island
40,window_590,23561,23600,40,3,2,35,0.075,0.05,0.875,35,4,2,1.0,0.1143,0.6571,Jan <num> <num>:<num>:<num> combo kernel:,residual_island
40,window_591,23601,23640,40,1,4,35,0.025,0.1,0.875,35,2,8,1.0,0.0571,1.0,Jan <num> <num>:<num>:<num> combo kernel:,residual_island
40,window_592,23641,23680,40,6,3,31,0.15,0.075,0.775,30,7,4,0.9677,0.2258,0.9677,Jan <num> <num>:<num>:<num> combo kernel:,residual_island
40,window_593,23681,23720,40,4,4,32,0.1,0.1,0.8,31,7,7,0.9688,0.2188,1.0,Jan <num> <num>:<num>:<num> combo kernel:,residual_island
40,window_594,23721,23760,40,0,11,29,0.0,0.275,0.725,27,0,17,0.931,0.0,1.0,Jan <num> <num>:<num>:<num> combo kernel:,residual_island
40,window_595,23761,23800,40,1,10,29,0.025,0.25,0.725,26,2,14,0.8966,0.069,0.8276,Jan <num> <num>:<num>:<num> combo kernel:,residual_island
40,window_596,23801,23840,40,1,13,26,0.025,0.325,0.65,24,1,10,0.9231,0.0385,0.7308,Jan <num> <num>:<num>:<num> combo kernel:,residual_island
40,window_597,23841,23880,40,1,6,33,0.025,0.15,0.825,31,2,9,0.9394,0.0606,0.9697,Jan <num> <num>:<num>:<num> combo kernel:,residual_island
40,window_598,23881,23920,40,13,0,27,0.325,0.0,0.675,17,15,0,0.6296,0.5556,0.8519,Jan <num> <num>:<num>:<num> combo kernel:,stable_attached_residual
40,window_599,23921,23960,40,2,1,37,0.05,0.025,0.925,35,4,3,0.9459,0.1081,0.5676,Jan <num> <num>:<num>:<num> combo kernel:,residual_island
40,window_600,23961,24000,40,14,3,23,0.35,0.075,0.575,19,9,5,0.8261,0.3913,0.5652,Jan <num> <num>:<num>:<num> combo kernel:,partial_residual_cluster
40,window_601,24001,24040,40,8,10,22,0.2,0.25,0.55,17,10,5,0.7727,0.4545,0.4091,Jan <num> <num>:<num>:<num> combo kernel:,partial_residual_cluster
40,window_602,24041,24080,40,2,29,9,0.05,0.725,0.225,7,0,8,0.7778,0.0,0.5556,Jan <num> <num>:<num>:<num> combo kernel:,residual_island
40,window_603,24081,24120,40,7,7,26,0.175,0.175,0.65,25,7,9,0.9615,0.2692,0.7692,Jan <num> <num>:<num>:<num> combo kernel:,partial_residual_cluster
40,window_604,24121,24160,40,40,0,0,1.0,0.0,0.0,0,0,0,0.0,0.0,0.0,,no_residual
40,window_605,24161,24200,40,35,4,1,0.875,0.1,0.025,0,1,0,0.0,1.0,1.0,Jan <num> <num>:<num>:<num> combo sshd(pam_unix)[<num>]:,stable_attached_residual
40,window_606,24201,24240,40,35,5,0,0.875,0.125,0.0,0,0,0,0.0,0.0,0.0,,no_residual
40,window_607,24241,24280,40,40,0,0,1.0,0.0,0.0,0,0,0,0.0,0.0,0.0,,no_residual
40,window_608,24281,24320,40,39,0,1,0.975,0.0,0.025,0,1,0,0.0,1.0,1.0,Jan <num> <num>:<num>:<num> combo sshd(pam_unix)[<num>]:,stable_attached_residual
40,window_609,24321,24360,40,40,0,0,1.0,0.0,0.0,0,0,0,0.0,0.0,0.0,,no_residual
40,window_610,24361,24400,40,40,0,0,1.0,0.0,0.0,0,0,0,0.0,0.0,0.0,,no_residual
40,window_611,24401,24440,40,39,0,1,0.975,0.0,0.025,0,1,0,0.0,1.0,1.0,Feb <num> <num>:<num>:<num> combo snmpd[<num>]:,stable_attached_residual
40,window_612,24441,24480,40,40,0,0,1.0,0.0,0.0,0,0,0,0.0,0.0,0.0,,no_residual
40,window_613,24481,24520,40,40,0,0,1.0,0.0,0.0,0,0,0,0.0,0.0,0.0,,no_residual
40,window_614,24521,24560,40,40,0,0,1.0,0.0,0.0,0,0,0,0.0,0.0,0.0,,no_residual
40,window_615,24561,24600,40,40,0,0,1.0,0.0,0.0,0,0,0,0.0,0.0,0.0,,no_residual
40,window_616,24601,24640,40,40,0,0,1.0,0.0,0.0,0,0,0,0.0,0.0,0.0,,no_residual
40,window_617,24641,24680,40,40,0,0,1.0,0.0,0.0,0,0,0,0.0,0.0,0.0,,no_residual
40,window_618,24681,24720,40,37,3,0,0.925,0.075,0.0,0,0,0,0.0,0.0,0.0,,no_residual
40,window_619,24721,24760,40,40,0,0,1.0,0.0,0.0,0,0,0,0.0,0.0,0.0,,no_residual
40,window_620,24761,24800,40,40,0,0,1.0,0.0,0.0,0,0,0,0.0,0.0,0.0,,no_residual
40,window_621,24801,24840,40,40,0,0,1.0,0.0,0.0,0,0,0,0.0,0.0,0.0,,no_residual
40,window_622,24841,24880,40,40,0,0,1.0,0.0,0.0,0,0,0,0.0,0.0,0.0,,no_residual
40,window_623,24881,24920,40,39,0,1,0.975,0.0,0.025,0,1,0,0.0,1.0,1.0,Feb <num> <num>:<num>:<num> combo sshd(pam_unix)[<num>]:,stable_attached_residual
40,window_624,24921,24960,40,40,0,0,1.0,0.0,0.0,0,0,0,0.0,0.0,0.0,,no_residual
40,window_625,24961,25000,40,39,0,1,0.975,0.0,0.025,0,1,0,0.0,1.0,1.0,Feb <num> <num>:<num>:<num> combo sshd(pam_unix)[<num>]:,stable_attached_residual
40,window_626,25001,25040,40,39,0,1,0.975,0.0,0.025,0,1,0,0.0,1.0,1.0,Feb <num> <num>:<num>:<num> combo sshd(pam_unix)[<num>]:,stable_attached_residual
40,window_627,25041,25080,40,37,0,3,0.925,0.0,0.075,3,1,0,1.0,0.3333,1.0,Feb <num> <num>:<num>:<num> combo sshd(pam_unix)[<num>]:,partial_residual_cluster
40,window_628,25081,25120,40,37,0,3,0.925,0.0,0.075,2,2,0,0.6667,0.6667,1.0,Feb <num> <num>:<num>:<num> combo sshd(pam_unix)[<num>]:,stable_attached_residual
40,window_629,25121,25160,40,40,0,0,1.0,0.0,0.0,0,0,0,0.0,0.0,0.0,,no_residual
40,window_630,25161,25200,40,40,0,0,1.0,0.0,0.0,0,0,0,0.0,0.0,0.0,,no_residual
40,window_631,25201,25240,40,40,0,0,1.0,0.0,0.0,0,0,0,0.0,0.0,0.0,,no_residual
40,window_632,25241,25280,40,39,0,1,0.975,0.0,0.025,0,1,0,0.0,1.0,1.0,Feb <num> <num>:<num>:<num> combo sshd(pam_unix)[<num>]:,stable_attached_residual
40,window_633,25281,25320,40,39,0,1,0.975,0.0,0.025,0,1,1,0.0,1.0,1.0,Feb <num> <num>:<num>:<num> combo ftpd[<num>]:,stable_attached_residual
40,window_634,25321,25360,40,34,5,1,0.85,0.125,0.025,0,1,0,0.0,1.0,1.0,Feb <num> <num>:<num>:<num> combo ftpd[<num>]:,stable_attached_residual
40,window_635,25361,25400,40,38,2,0,0.95,0.05,0.0,0,0,0,0.0,0.0,0.0,,no_residual
40,window_636,25401,25440,40,27,11,2,0.675,0.275,0.05,2,1,1,1.0,0.5,1.0,Feb <num> <num>:<num>:<num> combo telnetd[<num>]:,stable_attached_residual
40,window_637,25441,25480,40,39,1,0,0.975,0.025,0.0,0,0,0,0.0,0.0,0.0,,no_residual
40,window_638,25481,25520,40,39,1,0,0.975,0.025,0.0,0,0,0,0.0,0.0,0.0,,no_residual
40,window_639,25521,25560,40,34,6,0,0.85,0.15,0.0,0,0,0,0.0,0.0,0.0,,no_residual
40,window_640,25561,25567,7,6,0,1,0.8571,0.0,0.1429,0,1,0,0.0,1.0,1.0,Feb <num> <num>:<num>:<num> combo sshd(pam_unix)[<num>]:,stable_attached_residual
50,window_001,1,50,50,4,46,0,0.08,0.92,0.0,0,0,0,0.0,0.0,0.0,,no_residual
50,window_002,51,100,50,1,48,1,0.02,0.96,0.02,0,0,1,0.0,0.0,1.0,Jun <num> <num>:<num>:<num> combo kernel:,diffuse_residual
50,window_003,101,150,50,3,47,0,0.06,0.94,0.0,0,0,0,0.0,0.0,0.0,,no_residual
50,window_004,151,200,50,1,47,2,0.02,0.94,0.04,2,0,2,1.0,0.0,1.0,Jun <num> <num>:<num>:<num> combo kernel:,residual_island
50,window_005,201,250,50,2,48,0,0.04,0.96,0.0,0,0,0,0.0,0.0,0.0,,no_residual
50,window_006,251,300,50,22,27,1,0.44,0.54,0.02,0,0,1,0.0,0.0,1.0,Jun <num> <num>:<num>:<num> combo udev[<num>]:,diffuse_residual
50,window_007,301,350,50,6,41,3,0.12,0.82,0.06,2,0,3,0.6667,0.0,1.0,Jun <num> <num>:<num>:<num> combo udev[<num>]:,partial_residual_cluster
50,window_008,351,400,50,3,47,0,0.06,0.94,0.0,0,0,0,0.0,0.0,0.0,,no_residual
50,window_009,401,450,50,1,47,2,0.02,0.94,0.04,0,0,2,0.0,0.0,0.5,Jun <num> <num>:<num>:<num> combo kernel:,diffuse_residual
50,window_010,451,500,50,3,47,0,0.06,0.94,0.0,0,0,0,0.0,0.0,0.0,,no_residual
50,window_011,501,550,50,2,48,0,0.04,0.96,0.0,0,0,0,0.0,0.0,0.0,,no_residual
50,window_012,551,600,50,3,47,0,0.06,0.94,0.0,0,0,0,0.0,0.0,0.0,,no_residual
50,window_013,601,650,50,20,30,0,0.4,0.6,0.0,0,0,0,0.0,0.0,0.0,,no_residual
50,window_014,651,700,50,24,25,1,0.48,0.5,0.02,0,1,0,0.0,1.0,1.0,Jun <num> <num>:<num>:<num> combo sshd(pam_unix)[<num>]:,stable_attached_residual
50,window_015,701,750,50,49,1,0,0.98,0.02,0.0,0,0,0,0.0,0.0,0.0,,no_residual
50,window_016,751,800,50,49,1,0,0.98,0.02,0.0,0,0,0,0.0,0.0,0.0,,no_residual
50,window_017,801,850,50,46,2,2,0.92,0.04,0.04,0,1,2,0.0,0.5,1.0,Jun <num> <num>:<num>:<num> combo gdm(pam_unix)[<num>]:,stable_attached_residual
50,window_018,851,900,50,50,0,0,1.0,0.0,0.0,0,0,0,0.0,0.0,0.0,,no_residual
50,window_019,901,950,50,50,0,0,1.0,0.0,0.0,0,0,0,0.0,0.0,0.0,,no_residual
50,window_020,951,1000,50,50,0,0,1.0,0.0,0.0,0,0,0,0.0,0.0,0.0,,no_residual
50,window_021,1001,1050,50,50,0,0,1.0,0.0,0.0,0,0,0,0.0,0.0,0.0,,no_residual
50,window_022,1051,1100,50,50,0,0,1.0,0.0,0.0,0,0,0,0.0,0.0,0.0,,no_residual
50,window_023,1101,1150,50,48,1,1,0.96,0.02,0.02,0,1,0,0.0,1.0,1.0,Jun <num> <num>:<num>:<num> combo ftpd[<num>]:,stable_attached_residual
50,window_024,1151,1200,50,49,0,1,0.98,0.0,0.02,0,1,0,0.0,1.0,1.0,Jun <num> <num>:<num>:<num> combo snmpd[<num>]:,stable_attached_residual
50,window_025,1201,1250,50,50,0,0,1.0,0.0,0.0,0,0,0,0.0,0.0,0.0,,no_residual
50,window_026,1251,1300,50,50,0,0,1.0,0.0,0.0,0,0,0,0.0,0.0,0.0,,no_residual
50,window_027,1301,1350,50,50,0,0,1.0,0.0,0.0,0,0,0,0.0,0.0,0.0,,no_residual
50,window_028,1351,1400,50,49,1,0,0.98,0.02,0.0,0,0,0,0.0,0.0,0.0,,no_residual
50,window_029,1401,1450,50,50,0,0,1.0,0.0,0.0,0,0,0,0.0,0.0,0.0,,no_residual
50,window_030,1451,1500,50,50,0,0,1.0,0.0,0.0,0,0,0,0.0,0.0,0.0,,no_residual
50,window_031,1501,1550,50,50,0,0,1.0,0.0,0.0,0,0,0,0.0,0.0,0.0,,no_residual
50,window_032,1551,1600,50,50,0,0,1.0,0.0,0.0,0,0,0,0.0,0.0,0.0,,no_residual
50,window_033,1601,1650,50,50,0,0,1.0,0.0,0.0,0,0,0,0.0,0.0,0.0,,no_residual
50,window_034,1651,1700,50,50,0,0,1.0,0.0,0.0,0,0,0,0.0,0.0,0.0,,no_residual
50,window_035,1701,1750,50,50,0,0,1.0,0.0,0.0,0,0,0,0.0,0.0,0.0,,no_residual
50,window_036,1751,1800,50,50,0,0,1.0,0.0,0.0,0,0,0,0.0,0.0,0.0,,no_residual
50,window_037,1801,1850,50,50,0,0,1.0,0.0,0.0,0,0,0,0.0,0.0,0.0,,no_residual
50,window_038,1851,1900,50,46,2,2,0.92,0.04,0.04,2,0,1,1.0,0.0,0.5,Jul <num> <num>:<num>:<num> combo login(pam_unix)[<num>]:,residual_island
50,window_039,1901,1950,50,37,12,1,0.74,0.24,0.02,1,0,1,1.0,0.0,1.0,Jul <num> <num>:<num>:<num> combo login(pam_unix)[<num>]:,residual_island
50,window_040,1951,2000,50,46,4,0,0.92,0.08,0.0,0,0,0,0.0,0.0,0.0,,no_residual
50,window_041,2001,2050,50,50,0,0,1.0,0.0,0.0,0,0,0,0.0,0.0,0.0,,no_residual
50,window_042,2051,2100,50,50,0,0,1.0,0.0,0.0,0,0,0,0.0,0.0,0.0,,no_residual
50,window_043,2101,2150,50,50,0,0,1.0,0.0,0.0,0,0,0,0.0,0.0,0.0,,no_residual
50,window_044,2151,2200,50,50,0,0,1.0,0.0,0.0,0,0,0,0.0,0.0,0.0,,no_residual
50,window_045,2201,2250,50,47,0,3,0.94,0.0,0.06,3,2,0,1.0,0.6667,0.6667,Jul <num> <num>:<num>:<num> combo gdm(pam_unix)[<num>]:,stable_attached_residual
50,window_046,2251,2300,50,50,0,0,1.0,0.0,0.0,0,0,0,0.0,0.0,0.0,,no_residual
50,window_047,2301,2350,50,50,0,0,1.0,0.0,0.0,0,0,0,0.0,0.0,0.0,,no_residual
50,window_048,2351,2400,50,50,0,0,1.0,0.0,0.0,0,0,0,0.0,0.0,0.0,,no_residual
50,window_049,2401,2450,50,47,3,0,0.94,0.06,0.0,0,0,0,0.0,0.0,0.0,,no_residual
50,window_050,2451,2500,50,50,0,0,1.0,0.0,0.0,0,0,0,0.0,0.0,0.0,,no_residual
50,window_051,2501,2550,50,50,0,0,1.0,0.0,0.0,0,0,0,0.0,0.0,0.0,,no_residual
50,window_052,2551,2600,50,50,0,0,1.0,0.0,0.0,0,0,0,0.0,0.0,0.0,,no_residual
50,window_053,2601,2650,50,48,2,0,0.96,0.04,0.0,0,0,0,0.0,0.0,0.0,,no_residual
50,window_054,2651,2700,50,50,0,0,1.0,0.0,0.0,0,0,0,0.0,0.0,0.0,,no_residual
50,window_055,2701,2750,50,50,0,0,1.0,0.0,0.0,0,0,0,0.0,0.0,0.0,,no_residual
50,window_056,2751,2800,50,48,2,0,0.96,0.04,0.0,0,0,0,0.0,0.0,0.0,,no_residual
50,window_057,2801,2850,50,44,6,0,0.88,0.12,0.0,0,0,0,0.0,0.0,0.0,,no_residual
50,window_058,2851,2900,50,50,0,0,1.0,0.0,0.0,0,0,0,0.0,0.0,0.0,,no_residual
50,window_059,2901,2950,50,11,5,34,0.22,0.1,0.68,34,1,2,1.0,0.0294,0.8235,Jul <num> <num>:<num>:<num> combo kernel:,residual_island
50,window_060,2951,3000,50,1,0,49,0.02,0.0,0.98,49,2,0,1.0,0.0408,0.7959,Jul <num> <num>:<num>:<num> combo kernel:,residual_island
50,window_061,3001,3050,50,1,0,49,0.02,0.0,0.98,49,2,0,1.0,0.0408,0.8163,Jul <num> <num>:<num>:<num> combo kernel:,residual_island
50,window_062,3051,3100,50,3,6,41,0.06,0.12,0.82,39,6,8,0.9512,0.1463,0.8293,Jul <num> <num>:<num>:<num> combo kernel:,residual_island
50,window_063,3101,3150,50,2,12,36,0.04,0.24,0.72,36,4,6,1.0,0.1111,0.3611,Jul <num> <num>:<num>:<num> combo kernel:,residual_island
50,window_064,3151,3200,50,22,0,28,0.44,0.0,0.56,23,9,1,0.8214,0.3214,0.2857,Jul <num> <num>:<num>:<num> combo named[<num>]:,partial_residual_cluster
50,window_065,3201,3250,50,9,26,15,0.18,0.52,0.3,13,1,9,0.8667,0.0667,0.6667,Jul <num> <num>:<num>:<num> combo udev[<num>]:,residual_island
50,window_066,3251,3300,50,46,4,0,0.92,0.08,0.0,0,0,0,0.0,0.0,0.0,,no_residual
50,window_067,3301,3350,50,49,0,1,0.98,0.0,0.02,1,1,0,1.0,1.0,1.0,Aug <num> <num>:<num>:<num> combo mysqld:,stable_attached_residual
50,window_068,3351,3400,50,33,11,6,0.66,0.22,0.12,3,1,5,0.5,0.1667,0.8333,Aug <num> <num>:<num>:<num> combo gpm[<num>]:,partial_residual_cluster
50,window_069,3401,3450,50,50,0,0,1.0,0.0,0.0,0,0,0,0.0,0.0,0.0,,no_residual
50,window_070,3451,3500,50,46,4,0,0.92,0.08,0.0,0,0,0,0.0,0.0,0.0,,no_residual
50,window_071,3501,3550,50,46,3,1,0.92,0.06,0.02,0,1,0,0.0,1.0,1.0,Aug <num> <num>:<num>:<num> combo ftpd[<num>]:,stable_attached_residual
50,window_072,3551,3600,50,50,0,0,1.0,0.0,0.0,0,0,0,0.0,0.0,0.0,,no_residual
50,window_073,3601,3650,50,48,2,0,0.96,0.04,0.0,0,0,0,0.0,0.0,0.0,,no_residual
50,window_074,3651,3700,50,38,6,6,0.76,0.12,0.12,5,2,4,0.8333,0.3333,0.6667,Aug <num> <num>:<num>:<num> combo login(pam_unix)[<num>]:,partial_residual_cluster
50,window_075,3701,3750,50,50,0,0,1.0,0.0,0.0,0,0,0,0.0,0.0,0.0,,no_residual
50,window_076,3751,3800,50,49,0,1,0.98,0.0,0.02,0,1,0,0.0,1.0,1.0,Aug <num> <num>:<num>:<num> combo /sbin/mingetty[<num>]:,stable_attached_residual
50,window_077,3801,3850,50,47,3,0,0.94,0.06,0.0,0,0,0,0.0,0.0,0.0,,no_residual
50,window_078,3851,3900,50,50,0,0,1.0,0.0,0.0,0,0,0,0.0,0.0,0.0,,no_residual
50,window_079,3901,3950,50,50,0,0,1.0,0.0,0.0,0,0,0,0.0,0.0,0.0,,no_residual
50,window_080,3951,4000,50,47,3,0,0.94,0.06,0.0,0,0,0,0.0,0.0,0.0,,no_residual
50,window_081,4001,4050,50,50,0,0,1.0,0.0,0.0,0,0,0,0.0,0.0,0.0,,no_residual
50,window_082,4051,4100,50,50,0,0,1.0,0.0,0.0,0,0,0,0.0,0.0,0.0,,no_residual
50,window_083,4101,4150,50,50,0,0,1.0,0.0,0.0,0,0,0,0.0,0.0,0.0,,no_residual
50,window_084,4151,4200,50,50,0,0,1.0,0.0,0.0,0,0,0,0.0,0.0,0.0,,no_residual
50,window_085,4201,4250,50,50,0,0,1.0,0.0,0.0,0,0,0,0.0,0.0,0.0,,no_residual
50,window_086,4251,4300,50,47,3,0,0.94,0.06,0.0,0,0,0,0.0,0.0,0.0,,no_residual
50,window_087,4301,4350,50,50,0,0,1.0,0.0,0.0,0,0,0,0.0,0.0,0.0,,no_residual
50,window_088,4351,4400,50,50,0,0,1.0,0.0,0.0,0,0,0,0.0,0.0,0.0,,no_residual
50,window_089,4401,4450,50,50,0,0,1.0,0.0,0.0,0,0,0,0.0,0.0,0.0,,no_residual
50,window_090,4451,4500,50,50,0,0,1.0,0.0,0.0,0,0,0,0.0,0.0,0.0,,no_residual
50,window_091,4501,4550,50,50,0,0,1.0,0.0,0.0,0,0,0,0.0,0.0,0.0,,no_residual
50,window_092,4551,4600,50,50,0,0,1.0,0.0,0.0,0,0,0,0.0,0.0,0.0,,no_residual
50,window_093,4601,4650,50,50,0,0,1.0,0.0,0.0,0,0,0,0.0,0.0,0.0,,no_residual
50,window_094,4651,4700,50,50,0,0,1.0,0.0,0.0,0,0,0,0.0,0.0,0.0,,no_residual
50,window_095,4701,4750,50,50,0,0,1.0,0.0,0.0,0,0,0,0.0,0.0,0.0,,no_residual
50,window_096,4751,4800,50,48,2,0,0.96,0.04,0.0,0,0,0,0.0,0.0,0.0,,no_residual
50,window_097,4801,4850,50,49,1,0,0.98,0.02,0.0,0,0,0,0.0,0.0,0.0,,no_residual
50,window_098,4851,4900,50,48,2,0,0.96,0.04,0.0,0,0,0,0.0,0.0,0.0,,no_residual
50,window_099,4901,4950,50,48,0,2,0.96,0.0,0.04,2,2,0,1.0,1.0,0.5,Sep <num> <num>:<num>:<num> combo xinetd[<num>]:,stable_attached_residual
50,window_100,4951,5000,50,49,0,1,0.98,0.0,0.02,0,1,0,0.0,1.0,1.0,Sep <num> <num>:<num>:<num> combo sshd(pam_unix)[<num>]:,stable_attached_residual
50,window_101,5001,5050,50,49,0,1,0.98,0.0,0.02,0,1,0,0.0,1.0,1.0,Sep <num> <num>:<num>:<num> combo ftpd[<num>]:,stable_attached_residual
50,window_102,5051,5100,50,46,4,0,0.92,0.08,0.0,0,0,0,0.0,0.0,0.0,,no_residual
50,window_103,5101,5150,50,39,11,0,0.78,0.22,0.0,0,0,0,0.0,0.0,0.0,,no_residual
50,window_104,5151,5200,50,1,49,0,0.02,0.98,0.0,0,0,0,0.0,0.0,0.0,,no_residual
50,window_105,5201,5250,50,0,48,2,0.0,0.96,0.04,0,0,2,0.0,0.0,1.0,Sep <num> <num>:<num>:<num> combo network:,diffuse_residual
50,window_106,5251,5300,50,4,43,3,0.08,0.86,0.06,0,0,3,0.0,0.0,1.0,Sep <num> <num>:<num>:<num> combo kernel:,diffuse_residual
50,window_107,5301,5350,50,2,48,0,0.04,0.96,0.0,0,0,0,0.0,0.0,0.0,,no_residual
50,window_108,5351,5400,50,12,38,0,0.24,0.76,0.0,0,0,0,0.0,0.0,0.0,,no_residual
50,window_109,5401,5450,50,15,35,0,0.3,0.7,0.0,0,0,0,0.0,0.0,0.0,,no_residual
50,window_110,5451,5500,50,33,17,0,0.66,0.34,0.0,0,0,0,0.0,0.0,0.0,,no_residual
50,window_111,5501,5550,50,50,0,0,1.0,0.0,0.0,0,0,0,0.0,0.0,0.0,,no_residual
50,window_112,5551,5600,50,49,0,1,0.98,0.0,0.02,0,1,0,0.0,1.0,1.0,Sep <num> <num>:<num>:<num> combo snmpd[<num>]:,stable_attached_residual
50,window_113,5601,5650,50,49,0,1,0.98,0.0,0.02,0,1,0,0.0,1.0,1.0,Sep <num> <num>:<num>:<num> combo sshd(pam_unix)[<num>]:,stable_attached_residual
50,window_114,5651,5700,50,50,0,0,1.0,0.0,0.0,0,0,0,0.0,0.0,0.0,,no_residual
50,window_115,5701,5750,50,50,0,0,1.0,0.0,0.0,0,0,0,0.0,0.0,0.0,,no_residual
50,window_116,5751,5800,50,46,4,0,0.92,0.08,0.0,0,0,0,0.0,0.0,0.0,,no_residual
50,window_117,5801,5850,50,7,17,26,0.14,0.34,0.52,26,3,5,1.0,0.1154,0.1154,Sep <num> <num>:<num>:<num> combo squid:,residual_island
50,window_118,5851,5900,50,22,7,21,0.44,0.14,0.42,21,2,0,1.0,0.0952,0.0952,Sep <num> <num>:<num>:<num> combo dd:,residual_island
50,window_119,5901,5950,50,3,47,0,0.06,0.94,0.0,0,0,0,0.0,0.0,0.0,,no_residual
50,window_120,5951,6000,50,0,49,1,0.0,0.98,0.02,0,0,1,0.0,0.0,1.0,Sep <num> <num>:<num>:<num> combo network:,diffuse_residual
50,window_121,6001,6050,50,3,47,0,0.06,0.94,0.0,0,0,0,0.0,0.0,0.0,,no_residual
50,window_122,6051,6100,50,2,48,0,0.04,0.96,0.0,0,0,0,0.0,0.0,0.0,,no_residual
50,window_123,6101,6150,50,12,38,0,0.24,0.76,0.0,0,0,0,0.0,0.0,0.0,,no_residual
50,window_124,6151,6200,50,15,33,2,0.3,0.66,0.04,0,0,2,0.0,0.0,1.0,Sep <num> <num>:<num>:<num> combo udev[<num>]:,diffuse_residual
50,window_125,6201,6250,50,9,33,8,0.18,0.66,0.16,5,3,6,0.625,0.375,0.25,Sep <num> <num>:<num>:<num> combo udev[<num>]:,partial_residual_cluster
50,window_126,6251,6300,50,50,0,0,1.0,0.0,0.0,0,0,0,0.0,0.0,0.0,,no_residual
50,window_127,6301,6350,50,50,0,0,1.0,0.0,0.0,0,0,0,0.0,0.0,0.0,,no_residual
50,window_128,6351,6400,50,48,2,0,0.96,0.04,0.0,0,0,0,0.0,0.0,0.0,,no_residual
50,window_129,6401,6450,50,50,0,0,1.0,0.0,0.0,0,0,0,0.0,0.0,0.0,,no_residual
50,window_130,6451,6500,50,50,0,0,1.0,0.0,0.0,0,0,0,0.0,0.0,0.0,,no_residual
50,window_131,6501,6550,50,50,0,0,1.0,0.0,0.0,0,0,0,0.0,0.0,0.0,,no_residual
50,window_132,6551,6600,50,49,1,0,0.98,0.02,0.0,0,0,0,0.0,0.0,0.0,,no_residual
50,window_133,6601,6650,50,46,2,2,0.92,0.04,0.04,2,2,0,1.0,1.0,1.0,Oct <num> <num>:<num>:<num> combo sshd(pam_unix)[<num>]:,stable_attached_residual
50,window_134,6651,6700,50,47,2,1,0.94,0.04,0.02,0,1,0,0.0,1.0,1.0,Oct <num> <num>:<num>:<num> combo sshd(pam_unix)[<num>]:,stable_attached_residual
50,window_135,6701,6750,50,46,3,1,0.92,0.06,0.02,0,1,1,0.0,1.0,1.0,Oct <num> <num>:<num>:<num> combo sshd(pam_unix)[<num>]:,stable_attached_residual
50,window_136,6751,6800,50,45,3,2,0.9,0.06,0.04,0,2,1,0.0,1.0,0.5,Oct <num> <num>:<num>:<num> combo sshd(pam_unix)[<num>]:,stable_attached_residual
50,window_137,6801,6850,50,48,1,1,0.96,0.02,0.02,0,1,1,0.0,1.0,1.0,Oct <num> <num>:<num>:<num> combo sshd(pam_unix)[<num>]:,stable_attached_residual
50,window_138,6851,6900,50,48,0,2,0.96,0.0,0.04,0,2,0,0.0,1.0,0.5,Oct <num> <num>:<num>:<num> combo ftpd[<num>]:,stable_attached_residual
50,window_139,6901,6950,50,50,0,0,1.0,0.0,0.0,0,0,0,0.0,0.0,0.0,,no_residual
50,window_140,6951,7000,50,50,0,0,1.0,0.0,0.0,0,0,0,0.0,0.0,0.0,,no_residual
50,window_141,7001,7050,50,50,0,0,1.0,0.0,0.0,0,0,0,0.0,0.0,0.0,,no_residual
50,window_142,7051,7100,50,50,0,0,1.0,0.0,0.0,0,0,0,0.0,0.0,0.0,,no_residual
50,window_143,7101,7150,50,50,0,0,1.0,0.0,0.0,0,0,0,0.0,0.0,0.0,,no_residual
50,window_144,7151,7200,50,50,0,0,1.0,0.0,0.0,0,0,0,0.0,0.0,0.0,,no_residual
50,window_145,7201,7250,50,49,1,0,0.98,0.02,0.0,0,0,0,0.0,0.0,0.0,,no_residual
50,window_146,7251,7300,50,48,1,1,0.96,0.02,0.02,0,1,0,0.0,1.0,1.0,Oct <num> <num>:<num>:<num> combo ftpd[<num>]:,stable_attached_residual
50,window_147,7301,7350,50,32,6,12,0.64,0.12,0.24,12,3,5,1.0,0.25,0.1667,Oct <num> <num>:<num>:<num> combo rsyncd[<num>]:,partial_residual_cluster
50,window_148,7351,7400,50,27,14,9,0.54,0.28,0.18,8,2,3,0.8889,0.2222,0.2222,Oct <num> <num>:<num>:<num> combo sshd(pam_unix)[<num>]:,residual_island
50,window_149,7401,7450,50,25,2,23,0.5,0.04,0.46,23,3,4,1.0,0.1304,0.1304,Oct <num> <num>:<num>:<num> combo squid:,residual_island
50,window_150,7451,7500,50,1,5,44,0.02,0.1,0.88,44,2,2,1.0,0.0455,0.4773,Oct <num> <num>:<num>:<num> combo kernel:,residual_island
50,window_151,7501,7550,50,1,0,49,0.02,0.0,0.98,49,2,0,1.0,0.0408,0.7755,Oct <num> <num>:<num>:<num> combo kernel:,residual_island
50,window_152,7551,7600,50,0,0,50,0.0,0.0,1.0,50,0,0,1.0,0.0,0.66,Oct <num> <num>:<num>:<num> combo kernel:,residual_island
50,window_153,7601,7650,50,4,3,43,0.08,0.06,0.86,43,6,3,1.0,0.1395,0.9767,Oct <num> <num>:<num>:<num> combo kernel:,residual_island
50,window_154,7651,7700,50,2,14,34,0.04,0.28,0.68,33,4,9,0.9706,0.1176,0.5588,Oct <num> <num>:<num>:<num> combo kernel:,residual_island
50,window_155,7701,7750,50,21,1,28,0.42,0.02,0.56,24,7,1,0.8571,0.25,0.1786,Oct <num> <num>:<num>:<num> combo named[<num>]:,partial_residual_cluster
50,window_156,7751,7800,50,1,37,12,0.02,0.74,0.24,9,2,5,0.75,0.1667,0.3333,Oct <num> <num>:<num>:<num> combo udev[<num>]:,residual_island
50,window_157,7801,7850,50,42,3,5,0.84,0.06,0.1,5,1,1,1.0,0.2,0.6,Oct <num> <num>:<num>:<num> combo ntpd[<num>]:,residual_island
50,window_158,7851,7900,50,50,0,0,1.0,0.0,0.0,0,0,0,0.0,0.0,0.0,,no_residual
50,window_159,7901,7950,50,50,0,0,1.0,0.0,0.0,0,0,0,0.0,0.0,0.0,,no_residual
50,window_160,7951,8000,50,50,0,0,1.0,0.0,0.0,0,0,0,0.0,0.0,0.0,,no_residual
50,window_161,8001,8050,50,50,0,0,1.0,0.0,0.0,0,0,0,0.0,0.0,0.0,,no_residual
50,window_162,8051,8100,50,47,3,0,0.94,0.06,0.0,0,0,0,0.0,0.0,0.0,,no_residual
50,window_163,8101,8150,50,50,0,0,1.0,0.0,0.0,0,0,0,0.0,0.0,0.0,,no_residual
50,window_164,8151,8200,50,50,0,0,1.0,0.0,0.0,0,0,0,0.0,0.0,0.0,,no_residual
50,window_165,8201,8250,50,44,0,6,0.88,0.0,0.12,6,4,0,1.0,0.6667,1.0,Nov <num> <num>:<num>:<num> combo kernel:,stable_attached_residual
50,window_166,8251,8300,50,50,0,0,1.0,0.0,0.0,0,0,0,0.0,0.0,0.0,,no_residual
50,window_167,8301,8350,50,44,6,0,0.88,0.12,0.0,0,0,0,0.0,0.0,0.0,,no_residual
50,window_168,8351,8400,50,50,0,0,1.0,0.0,0.0,0,0,0,0.0,0.0,0.0,,no_residual
50,window_169,8401,8450,50,50,0,0,1.0,0.0,0.0,0,0,0,0.0,0.0,0.0,,no_residual
50,window_170,8451,8500,50,50,0,0,1.0,0.0,0.0,0,0,0,0.0,0.0,0.0,,no_residual
50,window_171,8501,8550,50,50,0,0,1.0,0.0,0.0,0,0,0,0.0,0.0,0.0,,no_residual
50,window_172,8551,8600,50,50,0,0,1.0,0.0,0.0,0,0,0,0.0,0.0,0.0,,no_residual
50,window_173,8601,8650,50,48,2,0,0.96,0.04,0.0,0,0,0,0.0,0.0,0.0,,no_residual
50,window_174,8651,8700,50,50,0,0,1.0,0.0,0.0,0,0,0,0.0,0.0,0.0,,no_residual
50,window_175,8701,8750,50,50,0,0,1.0,0.0,0.0,0,0,0,0.0,0.0,0.0,,no_residual
50,window_176,8751,8800,50,50,0,0,1.0,0.0,0.0,0,0,0,0.0,0.0,0.0,,no_residual
50,window_177,8801,8850,50,50,0,0,1.0,0.0,0.0,0,0,0,0.0,0.0,0.0,,no_residual
50,window_178,8851,8900,50,50,0,0,1.0,0.0,0.0,0,0,0,0.0,0.0,0.0,,no_residual
50,window_179,8901,8950,50,50,0,0,1.0,0.0,0.0,0,0,0,0.0,0.0,0.0,,no_residual
50,window_180,8951,9000,50,50,0,0,1.0,0.0,0.0,0,0,0,0.0,0.0,0.0,,no_residual
50,window_181,9001,9050,50,50,0,0,1.0,0.0,0.0,0,0,0,0.0,0.0,0.0,,no_residual
50,window_182,9051,9100,50,50,0,0,1.0,0.0,0.0,0,0,0,0.0,0.0,0.0,,no_residual
50,window_183,9101,9150,50,49,0,1,0.98,0.0,0.02,0,1,0,0.0,1.0,1.0,Nov <num> <num>:<num>:<num> combo kernel:,stable_attached_residual
50,window_184,9151,9200,50,50,0,0,1.0,0.0,0.0,0,0,0,0.0,0.0,0.0,,no_residual
50,window_185,9201,9250,50,50,0,0,1.0,0.0,0.0,0,0,0,0.0,0.0,0.0,,no_residual
50,window_186,9251,9300,50,50,0,0,1.0,0.0,0.0,0,0,0,0.0,0.0,0.0,,no_residual
50,window_187,9301,9350,50,50,0,0,1.0,0.0,0.0,0,0,0,0.0,0.0,0.0,,no_residual
50,window_188,9351,9400,50,50,0,0,1.0,0.0,0.0,0,0,0,0.0,0.0,0.0,,no_residual
50,window_189,9401,9450,50,50,0,0,1.0,0.0,0.0,0,0,0,0.0,0.0,0.0,,no_residual
50,window_190,9451,9500,50,50,0,0,1.0,0.0,0.0,0,0,0,0.0,0.0,0.0,,no_residual
50,window_191,9501,9550,50,50,0,0,1.0,0.0,0.0,0,0,0,0.0,0.0,0.0,,no_residual
50,window_192,9551,9600,50,50,0,0,1.0,0.0,0.0,0,0,0,0.0,0.0,0.0,,no_residual
50,window_193,9601,9650,50,50,0,0,1.0,0.0,0.0,0,0,0,0.0,0.0,0.0,,no_residual
50,window_194,9651,9700,50,50,0,0,1.0,0.0,0.0,0,0,0,0.0,0.0,0.0,,no_residual
50,window_195,9701,9750,50,48,2,0,0.96,0.04,0.0,0,0,0,0.0,0.0,0.0,,no_residual
50,window_196,9751,9800,50,49,1,0,0.98,0.02,0.0,0,0,0,0.0,0.0,0.0,,no_residual
50,window_197,9801,9850,50,50,0,0,1.0,0.0,0.0,0,0,0,0.0,0.0,0.0,,no_residual
50,window_198,9851,9900,50,50,0,0,1.0,0.0,0.0,0,0,0,0.0,0.0,0.0,,no_residual
50,window_199,9901,9950,50,50,0,0,1.0,0.0,0.0,0,0,0,0.0,0.0,0.0,,no_residual
50,window_200,9951,10000,50,50,0,0,1.0,0.0,0.0,0,0,0,0.0,0.0,0.0,,no_residual
50,window_201,10001,10050,50,50,0,0,1.0,0.0,0.0,0,0,0,0.0,0.0,0.0,,no_residual
50,window_202,10051,10100,50,50,0,0,1.0,0.0,0.0,0,0,0,0.0,0.0,0.0,,no_residual
50,window_203,10101,10150,50,50,0,0,1.0,0.0,0.0,0,0,0,0.0,0.0,0.0,,no_residual
50,window_204,10151,10200,50,50,0,0,1.0,0.0,0.0,0,0,0,0.0,0.0,0.0,,no_residual
50,window_205,10201,10250,50,50,0,0,1.0,0.0,0.0,0,0,0,0.0,0.0,0.0,,no_residual
50,window_206,10251,10300,50,50,0,0,1.0,0.0,0.0,0,0,0,0.0,0.0,0.0,,no_residual
50,window_207,10301,10350,50,50,0,0,1.0,0.0,0.0,0,0,0,0.0,0.0,0.0,,no_residual
50,window_208,10351,10400,50,50,0,0,1.0,0.0,0.0,0,0,0,0.0,0.0,0.0,,no_residual
50,window_209,10401,10450,50,50,0,0,1.0,0.0,0.0,0,0,0,0.0,0.0,0.0,,no_residual
50,window_210,10451,10500,50,50,0,0,1.0,0.0,0.0,0,0,0,0.0,0.0,0.0,,no_residual
50,window_211,10501,10550,50,50,0,0,1.0,0.0,0.0,0,0,0,0.0,0.0,0.0,,no_residual
50,window_212,10551,10600,50,50,0,0,1.0,0.0,0.0,0,0,0,0.0,0.0,0.0,,no_residual
50,window_213,10601,10650,50,50,0,0,1.0,0.0,0.0,0,0,0,0.0,0.0,0.0,,no_residual
50,window_214,10651,10700,50,50,0,0,1.0,0.0,0.0,0,0,0,0.0,0.0,0.0,,no_residual
50,window_215,10701,10750,50,50,0,0,1.0,0.0,0.0,0,0,0,0.0,0.0,0.0,,no_residual
50,window_216,10751,10800,50,50,0,0,1.0,0.0,0.0,0,0,0,0.0,0.0,0.0,,no_residual
50,window_217,10801,10850,50,50,0,0,1.0,0.0,0.0,0,0,0,0.0,0.0,0.0,,no_residual
50,window_218,10851,10900,50,50,0,0,1.0,0.0,0.0,0,0,0,0.0,0.0,0.0,,no_residual
50,window_219,10901,10950,50,50,0,0,1.0,0.0,0.0,0,0,0,0.0,0.0,0.0,,no_residual
50,window_220,10951,11000,50,50,0,0,1.0,0.0,0.0,0,0,0,0.0,0.0,0.0,,no_residual
50,window_221,11001,11050,50,49,0,1,0.98,0.0,0.02,0,1,0,0.0,1.0,1.0,Nov <num> <num>:<num>:<num> combo kernel:,stable_attached_residual
50,window_222,11051,11100,50,50,0,0,1.0,0.0,0.0,0,0,0,0.0,0.0,0.0,,no_residual
50,window_223,11101,11150,50,50,0,0,1.0,0.0,0.0,0,0,0,0.0,0.0,0.0,,no_residual
50,window_224,11151,11200,50,50,0,0,1.0,0.0,0.0,0,0,0,0.0,0.0,0.0,,no_residual
50,window_225,11201,11250,50,50,0,0,1.0,0.0,0.0,0,0,0,0.0,0.0,0.0,,no_residual
50,window_226,11251,11300,50,49,0,1,0.98,0.0,0.02,0,1,0,0.0,1.0,1.0,Nov <num> <num>:<num>:<num> combo kernel:,stable_attached_residual
50,window_227,11301,11350,50,47,0,3,0.94,0.0,0.06,3,2,0,1.0,0.6667,1.0,Nov <num> <num>:<num>:<num> combo kernel:,stable_attached_residual
50,window_228,11351,11400,50,50,0,0,1.0,0.0,0.0,0,0,0,0.0,0.0,0.0,,no_residual
50,window_229,11401,11450,50,50,0,0,1.0,0.0,0.0,0,0,0,0.0,0.0,0.0,,no_residual
50,window_230,11451,11500,50,50,0,0,1.0,0.0,0.0,0,0,0,0.0,0.0,0.0,,no_residual
50,window_231,11501,11550,50,50,0,0,1.0,0.0,0.0,0,0,0,0.0,0.0,0.0,,no_residual
50,window_232,11551,11600,50,50,0,0,1.0,0.0,0.0,0,0,0,0.0,0.0,0.0,,no_residual
50,window_233,11601,11650,50,50,0,0,1.0,0.0,0.0,0,0,0,0.0,0.0,0.0,,no_residual
50,window_234,11651,11700,50,49,0,1,0.98,0.0,0.02,0,1,0,0.0,1.0,1.0,Nov <num> <num>:<num>:<num> combo kernel:,stable_attached_residual
50,window_235,11701,11750,50,50,0,0,1.0,0.0,0.0,0,0,0,0.0,0.0,0.0,,no_residual
50,window_236,11751,11800,50,50,0,0,1.0,0.0,0.0,0,0,0,0.0,0.0,0.0,,no_residual
50,window_237,11801,11850,50,50,0,0,1.0,0.0,0.0,0,0,0,0.0,0.0,0.0,,no_residual
50,window_238,11851,11900,50,50,0,0,1.0,0.0,0.0,0,0,0,0.0,0.0,0.0,,no_residual
50,window_239,11901,11950,50,50,0,0,1.0,0.0,0.0,0,0,0,0.0,0.0,0.0,,no_residual
50,window_240,11951,12000,50,50,0,0,1.0,0.0,0.0,0,0,0,0.0,0.0,0.0,,no_residual
50,window_241,12001,12050,50,50,0,0,1.0,0.0,0.0,0,0,0,0.0,0.0,0.0,,no_residual
50,window_242,12051,12100,50,50,0,0,1.0,0.0,0.0,0,0,0,0.0,0.0,0.0,,no_residual
50,window_243,12101,12150,50,50,0,0,1.0,0.0,0.0,0,0,0,0.0,0.0,0.0,,no_residual
50,window_244,12151,12200,50,50,0,0,1.0,0.0,0.0,0,0,0,0.0,0.0,0.0,,no_residual
50,window_245,12201,12250,50,50,0,0,1.0,0.0,0.0,0,0,0,0.0,0.0,0.0,,no_residual
50,window_246,12251,12300,50,50,0,0,1.0,0.0,0.0,0,0,0,0.0,0.0,0.0,,no_residual
50,window_247,12301,12350,50,50,0,0,1.0,0.0,0.0,0,0,0,0.0,0.0,0.0,,no_residual
50,window_248,12351,12400,50,50,0,0,1.0,0.0,0.0,0,0,0,0.0,0.0,0.0,,no_residual
50,window_249,12401,12450,50,49,0,1,0.98,0.0,0.02,0,1,0,0.0,1.0,1.0,Nov <num> <num>:<num>:<num> combo kernel:,stable_attached_residual
50,window_250,12451,12500,50,50,0,0,1.0,0.0,0.0,0,0,0,0.0,0.0,0.0,,no_residual
50,window_251,12501,12550,50,42,8,0,0.84,0.16,0.0,0,0,0,0.0,0.0,0.0,,no_residual
50,window_252,12551,12600,50,45,4,1,0.9,0.08,0.02,0,1,0,0.0,1.0,1.0,Nov <num> <num>:<num>:<num> combo kernel:,stable_attached_residual
50,window_253,12601,12650,50,49,1,0,0.98,0.02,0.0,0,0,0,0.0,0.0,0.0,,no_residual
50,window_254,12651,12700,50,50,0,0,1.0,0.0,0.0,0,0,0,0.0,0.0,0.0,,no_residual
50,window_255,12701,12750,50,50,0,0,1.0,0.0,0.0,0,0,0,0.0,0.0,0.0,,no_residual
50,window_256,12751,12800,50,46,4,0,0.92,0.08,0.0,0,0,0,0.0,0.0,0.0,,no_residual
50,window_257,12801,12850,50,50,0,0,1.0,0.0,0.0,0,0,0,0.0,0.0,0.0,,no_residual
50,window_258,12851,12900,50,50,0,0,1.0,0.0,0.0,0,0,0,0.0,0.0,0.0,,no_residual
50,window_259,12901,12950,50,48,2,0,0.96,0.04,0.0,0,0,0,0.0,0.0,0.0,,no_residual
50,window_260,12951,13000,50,49,1,0,0.98,0.02,0.0,0,0,0,0.0,0.0,0.0,,no_residual
50,window_261,13001,13050,50,50,0,0,1.0,0.0,0.0,0,0,0,0.0,0.0,0.0,,no_residual
50,window_262,13051,13100,50,49,1,0,0.98,0.02,0.0,0,0,0,0.0,0.0,0.0,,no_residual
50,window_263,13101,13150,50,50,0,0,1.0,0.0,0.0,0,0,0,0.0,0.0,0.0,,no_residual
50,window_264,13151,13200,50,49,1,0,0.98,0.02,0.0,0,0,0,0.0,0.0,0.0,,no_residual
50,window_265,13201,13250,50,50,0,0,1.0,0.0,0.0,0,0,0,0.0,0.0,0.0,,no_residual
50,window_266,13251,13300,50,48,2,0,0.96,0.04,0.0,0,0,0,0.0,0.0,0.0,,no_residual
50,window_267,13301,13350,50,50,0,0,1.0,0.0,0.0,0,0,0,0.0,0.0,0.0,,no_residual
50,window_268,13351,13400,50,50,0,0,1.0,0.0,0.0,0,0,0,0.0,0.0,0.0,,no_residual
50,window_269,13401,13450,50,50,0,0,1.0,0.0,0.0,0,0,0,0.0,0.0,0.0,,no_residual
50,window_270,13451,13500,50,50,0,0,1.0,0.0,0.0,0,0,0,0.0,0.0,0.0,,no_residual
50,window_271,13501,13550,50,50,0,0,1.0,0.0,0.0,0,0,0,0.0,0.0,0.0,,no_residual
50,window_272,13551,13600,50,49,0,1,0.98,0.0,0.02,0,1,0,0.0,1.0,1.0,Nov <num> <num>:<num>:<num> combo kernel:,stable_attached_residual
50,window_273,13601,13650,50,50,0,0,1.0,0.0,0.0,0,0,0,0.0,0.0,0.0,,no_residual
50,window_274,13651,13700,50,50,0,0,1.0,0.0,0.0,0,0,0,0.0,0.0,0.0,,no_residual
50,window_275,13701,13750,50,50,0,0,1.0,0.0,0.0,0,0,0,0.0,0.0,0.0,,no_residual
50,window_276,13751,13800,50,50,0,0,1.0,0.0,0.0,0,0,0,0.0,0.0,0.0,,no_residual
50,window_277,13801,13850,50,49,1,0,0.98,0.02,0.0,0,0,0,0.0,0.0,0.0,,no_residual
50,window_278,13851,13900,50,49,1,0,0.98,0.02,0.0,0,0,0,0.0,0.0,0.0,,no_residual
50,window_279,13901,13950,50,50,0,0,1.0,0.0,0.0,0,0,0,0.0,0.0,0.0,,no_residual
50,window_280,13951,14000,50,50,0,0,1.0,0.0,0.0,0,0,0,0.0,0.0,0.0,,no_residual
50,window_281,14001,14050,50,47,0,3,0.94,0.0,0.06,2,3,0,0.6667,1.0,1.0,Nov <num> <num>:<num>:<num> combo kernel:,stable_attached_residual
50,window_282,14051,14100,50,50,0,0,1.0,0.0,0.0,0,0,0,0.0,0.0,0.0,,no_residual
50,window_283,14101,14150,50,50,0,0,1.0,0.0,0.0,0,0,0,0.0,0.0,0.0,,no_residual
50,window_284,14151,14200,50,50,0,0,1.0,0.0,0.0,0,0,0,0.0,0.0,0.0,,no_residual
50,window_285,14201,14250,50,50,0,0,1.0,0.0,0.0,0,0,0,0.0,0.0,0.0,,no_residual
50,window_286,14251,14300,50,50,0,0,1.0,0.0,0.0,0,0,0,0.0,0.0,0.0,,no_residual
50,window_287,14301,14350,50,50,0,0,1.0,0.0,0.0,0,0,0,0.0,0.0,0.0,,no_residual
50,window_288,14351,14400,50,50,0,0,1.0,0.0,0.0,0,0,0,0.0,0.0,0.0,,no_residual
50,window_289,14401,14450,50,50,0,0,1.0,0.0,0.0,0,0,0,0.0,0.0,0.0,,no_residual
50,window_290,14451,14500,50,50,0,0,1.0,0.0,0.0,0,0,0,0.0,0.0,0.0,,no_residual
50,window_291,14501,14550,50,45,5,0,0.9,0.1,0.0,0,0,0,0.0,0.0,0.0,,no_residual
50,window_292,14551,14600,50,46,4,0,0.92,0.08,0.0,0,0,0,0.0,0.0,0.0,,no_residual
50,window_293,14601,14650,50,50,0,0,1.0,0.0,0.0,0,0,0,0.0,0.0,0.0,,no_residual
50,window_294,14651,14700,50,50,0,0,1.0,0.0,0.0,0,0,0,0.0,0.0,0.0,,no_residual
50,window_295,14701,14750,50,50,0,0,1.0,0.0,0.0,0,0,0,0.0,0.0,0.0,,no_residual
50,window_296,14751,14800,50,50,0,0,1.0,0.0,0.0,0,0,0,0.0,0.0,0.0,,no_residual
50,window_297,14801,14850,50,50,0,0,1.0,0.0,0.0,0,0,0,0.0,0.0,0.0,,no_residual
50,window_298,14851,14900,50,50,0,0,1.0,0.0,0.0,0,0,0,0.0,0.0,0.0,,no_residual
50,window_299,14901,14950,50,50,0,0,1.0,0.0,0.0,0,0,0,0.0,0.0,0.0,,no_residual
50,window_300,14951,15000,50,50,0,0,1.0,0.0,0.0,0,0,0,0.0,0.0,0.0,,no_residual
50,window_301,15001,15050,50,48,2,0,0.96,0.04,0.0,0,0,0,0.0,0.0,0.0,,no_residual
50,window_302,15051,15100,50,47,3,0,0.94,0.06,0.0,0,0,0,0.0,0.0,0.0,,no_residual
50,window_303,15101,15150,50,50,0,0,1.0,0.0,0.0,0,0,0,0.0,0.0,0.0,,no_residual
50,window_304,15151,15200,50,50,0,0,1.0,0.0,0.0,0,0,0,0.0,0.0,0.0,,no_residual
50,window_305,15201,15250,50,50,0,0,1.0,0.0,0.0,0,0,0,0.0,0.0,0.0,,no_residual
50,window_306,15251,15300,50,50,0,0,1.0,0.0,0.0,0,0,0,0.0,0.0,0.0,,no_residual
50,window_307,15301,15350,50,50,0,0,1.0,0.0,0.0,0,0,0,0.0,0.0,0.0,,no_residual
50,window_308,15351,15400,50,50,0,0,1.0,0.0,0.0,0,0,0,0.0,0.0,0.0,,no_residual
50,window_309,15401,15450,50,50,0,0,1.0,0.0,0.0,0,0,0,0.0,0.0,0.0,,no_residual
50,window_310,15451,15500,50,50,0,0,1.0,0.0,0.0,0,0,0,0.0,0.0,0.0,,no_residual
50,window_311,15501,15550,50,50,0,0,1.0,0.0,0.0,0,0,0,0.0,0.0,0.0,,no_residual
50,window_312,15551,15600,50,50,0,0,1.0,0.0,0.0,0,0,0,0.0,0.0,0.0,,no_residual
50,window_313,15601,15650,50,50,0,0,1.0,0.0,0.0,0,0,0,0.0,0.0,0.0,,no_residual
50,window_314,15651,15700,50,50,0,0,1.0,0.0,0.0,0,0,0,0.0,0.0,0.0,,no_residual
50,window_315,15701,15750,50,50,0,0,1.0,0.0,0.0,0,0,0,0.0,0.0,0.0,,no_residual
50,window_316,15751,15800,50,50,0,0,1.0,0.0,0.0,0,0,0,0.0,0.0,0.0,,no_residual
50,window_317,15801,15850,50,50,0,0,1.0,0.0,0.0,0,0,0,0.0,0.0,0.0,,no_residual
50,window_318,15851,15900,50,50,0,0,1.0,0.0,0.0,0,0,0,0.0,0.0,0.0,,no_residual
50,window_319,15901,15950,50,50,0,0,1.0,0.0,0.0,0,0,0,0.0,0.0,0.0,,no_residual
50,window_320,15951,16000,50,50,0,0,1.0,0.0,0.0,0,0,0,0.0,0.0,0.0,,no_residual
50,window_321,16001,16050,50,50,0,0,1.0,0.0,0.0,0,0,0,0.0,0.0,0.0,,no_residual
50,window_322,16051,16100,50,50,0,0,1.0,0.0,0.0,0,0,0,0.0,0.0,0.0,,no_residual
50,window_323,16101,16150,50,50,0,0,1.0,0.0,0.0,0,0,0,0.0,0.0,0.0,,no_residual
50,window_324,16151,16200,50,50,0,0,1.0,0.0,0.0,0,0,0,0.0,0.0,0.0,,no_residual
50,window_325,16201,16250,50,50,0,0,1.0,0.0,0.0,0,0,0,0.0,0.0,0.0,,no_residual
50,window_326,16251,16300,50,49,0,1,0.98,0.0,0.02,0,1,0,0.0,1.0,1.0,Nov <num> <num>:<num>:<num> combo kernel:,stable_attached_residual
50,window_327,16301,16350,50,50,0,0,1.0,0.0,0.0,0,0,0,0.0,0.0,0.0,,no_residual
50,window_328,16351,16400,50,50,0,0,1.0,0.0,0.0,0,0,0,0.0,0.0,0.0,,no_residual
50,window_329,16401,16450,50,50,0,0,1.0,0.0,0.0,0,0,0,0.0,0.0,0.0,,no_residual
50,window_330,16451,16500,50,50,0,0,1.0,0.0,0.0,0,0,0,0.0,0.0,0.0,,no_residual
50,window_331,16501,16550,50,50,0,0,1.0,0.0,0.0,0,0,0,0.0,0.0,0.0,,no_residual
50,window_332,16551,16600,50,50,0,0,1.0,0.0,0.0,0,0,0,0.0,0.0,0.0,,no_residual
50,window_333,16601,16650,50,50,0,0,1.0,0.0,0.0,0,0,0,0.0,0.0,0.0,,no_residual
50,window_334,16651,16700,50,50,0,0,1.0,0.0,0.0,0,0,0,0.0,0.0,0.0,,no_residual
50,window_335,16701,16750,50,49,0,1,0.98,0.0,0.02,0,1,0,0.0,1.0,1.0,Nov <num> <num>:<num>:<num> combo kernel:,stable_attached_residual
50,window_336,16751,16800,50,48,0,2,0.96,0.0,0.04,2,2,0,1.0,1.0,1.0,Nov <num> <num>:<num>:<num> combo kernel:,stable_attached_residual
50,window_337,16801,16850,50,50,0,0,1.0,0.0,0.0,0,0,0,0.0,0.0,0.0,,no_residual
50,window_338,16851,16900,50,50,0,0,1.0,0.0,0.0,0,0,0,0.0,0.0,0.0,,no_residual
50,window_339,16901,16950,50,50,0,0,1.0,0.0,0.0,0,0,0,0.0,0.0,0.0,,no_residual
50,window_340,16951,17000,50,50,0,0,1.0,0.0,0.0,0,0,0,0.0,0.0,0.0,,no_residual
50,window_341,17001,17050,50,50,0,0,1.0,0.0,0.0,0,0,0,0.0,0.0,0.0,,no_residual
50,window_342,17051,17100,50,50,0,0,1.0,0.0,0.0,0,0,0,0.0,0.0,0.0,,no_residual
50,window_343,17101,17150,50,50,0,0,1.0,0.0,0.0,0,0,0,0.0,0.0,0.0,,no_residual
50,window_344,17151,17200,50,50,0,0,1.0,0.0,0.0,0,0,0,0.0,0.0,0.0,,no_residual
50,window_345,17201,17250,50,50,0,0,1.0,0.0,0.0,0,0,0,0.0,0.0,0.0,,no_residual
50,window_346,17251,17300,50,48,2,0,0.96,0.04,0.0,0,0,0,0.0,0.0,0.0,,no_residual
50,window_347,17301,17350,50,50,0,0,1.0,0.0,0.0,0,0,0,0.0,0.0,0.0,,no_residual
50,window_348,17351,17400,50,49,0,1,0.98,0.0,0.02,0,1,0,0.0,1.0,1.0,Dec <num> <num>:<num>:<num> combo kernel:,stable_attached_residual
50,window_349,17401,17450,50,50,0,0,1.0,0.0,0.0,0,0,0,0.0,0.0,0.0,,no_residual
50,window_350,17451,17500,50,50,0,0,1.0,0.0,0.0,0,0,0,0.0,0.0,0.0,,no_residual
50,window_351,17501,17550,50,50,0,0,1.0,0.0,0.0,0,0,0,0.0,0.0,0.0,,no_residual
50,window_352,17551,17600,50,50,0,0,1.0,0.0,0.0,0,0,0,0.0,0.0,0.0,,no_residual
50,window_353,17601,17650,50,50,0,0,1.0,0.0,0.0,0,0,0,0.0,0.0,0.0,,no_residual
50,window_354,17651,17700,50,49,1,0,0.98,0.02,0.0,0,0,0,0.0,0.0,0.0,,no_residual
50,window_355,17701,17750,50,50,0,0,1.0,0.0,0.0,0,0,0,0.0,0.0,0.0,,no_residual
50,window_356,17751,17800,50,50,0,0,1.0,0.0,0.0,0,0,0,0.0,0.0,0.0,,no_residual
50,window_357,17801,17850,50,50,0,0,1.0,0.0,0.0,0,0,0,0.0,0.0,0.0,,no_residual
50,window_358,17851,17900,50,50,0,0,1.0,0.0,0.0,0,0,0,0.0,0.0,0.0,,no_residual
50,window_359,17901,17950,50,50,0,0,1.0,0.0,0.0,0,0,0,0.0,0.0,0.0,,no_residual
50,window_360,17951,18000,50,50,0,0,1.0,0.0,0.0,0,0,0,0.0,0.0,0.0,,no_residual
50,window_361,18001,18050,50,50,0,0,1.0,0.0,0.0,0,0,0,0.0,0.0,0.0,,no_residual
50,window_362,18051,18100,50,50,0,0,1.0,0.0,0.0,0,0,0,0.0,0.0,0.0,,no_residual
50,window_363,18101,18150,50,50,0,0,1.0,0.0,0.0,0,0,0,0.0,0.0,0.0,,no_residual
50,window_364,18151,18200,50,50,0,0,1.0,0.0,0.0,0,0,0,0.0,0.0,0.0,,no_residual
50,window_365,18201,18250,50,50,0,0,1.0,0.0,0.0,0,0,0,0.0,0.0,0.0,,no_residual
50,window_366,18251,18300,50,50,0,0,1.0,0.0,0.0,0,0,0,0.0,0.0,0.0,,no_residual
50,window_367,18301,18350,50,50,0,0,1.0,0.0,0.0,0,0,0,0.0,0.0,0.0,,no_residual
50,window_368,18351,18400,50,50,0,0,1.0,0.0,0.0,0,0,0,0.0,0.0,0.0,,no_residual
50,window_369,18401,18450,50,50,0,0,1.0,0.0,0.0,0,0,0,0.0,0.0,0.0,,no_residual
50,window_370,18451,18500,50,50,0,0,1.0,0.0,0.0,0,0,0,0.0,0.0,0.0,,no_residual
50,window_371,18501,18550,50,49,0,1,0.98,0.0,0.02,0,1,0,0.0,1.0,1.0,Dec <num> <num>:<num>:<num> combo kernel:,stable_attached_residual
50,window_372,18551,18600,50,50,0,0,1.0,0.0,0.0,0,0,0,0.0,0.0,0.0,,no_residual
50,window_373,18601,18650,50,50,0,0,1.0,0.0,0.0,0,0,0,0.0,0.0,0.0,,no_residual
50,window_374,18651,18700,50,41,2,7,0.82,0.04,0.14,6,4,0,0.8571,0.5714,1.0,Dec <num> <num>:<num>:<num> combo kernel:,stable_attached_residual
50,window_375,18701,18750,50,30,15,5,0.6,0.3,0.1,3,3,2,0.6,0.6,1.0,Dec <num> <num>:<num>:<num> combo kernel:,stable_attached_residual
50,window_376,18751,18800,50,48,2,0,0.96,0.04,0.0,0,0,0,0.0,0.0,0.0,,no_residual
50,window_377,18801,18850,50,50,0,0,1.0,0.0,0.0,0,0,0,0.0,0.0,0.0,,no_residual
50,window_378,18851,18900,50,50,0,0,1.0,0.0,0.0,0,0,0,0.0,0.0,0.0,,no_residual
50,window_379,18901,18950,50,50,0,0,1.0,0.0,0.0,0,0,0,0.0,0.0,0.0,,no_residual
50,window_380,18951,19000,50,50,0,0,1.0,0.0,0.0,0,0,0,0.0,0.0,0.0,,no_residual
50,window_381,19001,19050,50,49,1,0,0.98,0.02,0.0,0,0,0,0.0,0.0,0.0,,no_residual
50,window_382,19051,19100,50,50,0,0,1.0,0.0,0.0,0,0,0,0.0,0.0,0.0,,no_residual
50,window_383,19101,19150,50,50,0,0,1.0,0.0,0.0,0,0,0,0.0,0.0,0.0,,no_residual
50,window_384,19151,19200,50,50,0,0,1.0,0.0,0.0,0,0,0,0.0,0.0,0.0,,no_residual
50,window_385,19201,19250,50,50,0,0,1.0,0.0,0.0,0,0,0,0.0,0.0,0.0,,no_residual
50,window_386,19251,19300,50,50,0,0,1.0,0.0,0.0,0,0,0,0.0,0.0,0.0,,no_residual
50,window_387,19301,19350,50,49,1,0,0.98,0.02,0.0,0,0,0,0.0,0.0,0.0,,no_residual
50,window_388,19351,19400,50,50,0,0,1.0,0.0,0.0,0,0,0,0.0,0.0,0.0,,no_residual
50,window_389,19401,19450,50,50,0,0,1.0,0.0,0.0,0,0,0,0.0,0.0,0.0,,no_residual
50,window_390,19451,19500,50,50,0,0,1.0,0.0,0.0,0,0,0,0.0,0.0,0.0,,no_residual
50,window_391,19501,19550,50,50,0,0,1.0,0.0,0.0,0,0,0,0.0,0.0,0.0,,no_residual
50,window_392,19551,19600,50,50,0,0,1.0,0.0,0.0,0,0,0,0.0,0.0,0.0,,no_residual
50,window_393,19601,19650,50,50,0,0,1.0,0.0,0.0,0,0,0,0.0,0.0,0.0,,no_residual
50,window_394,19651,19700,50,50,0,0,1.0,0.0,0.0,0,0,0,0.0,0.0,0.0,,no_residual
50,window_395,19701,19750,50,50,0,0,1.0,0.0,0.0,0,0,0,0.0,0.0,0.0,,no_residual
50,window_396,19751,19800,50,50,0,0,1.0,0.0,0.0,0,0,0,0.0,0.0,0.0,,no_residual
50,window_397,19801,19850,50,49,1,0,0.98,0.02,0.0,0,0,0,0.0,0.0,0.0,,no_residual
50,window_398,19851,19900,50,49,1,0,0.98,0.02,0.0,0,0,0,0.0,0.0,0.0,,no_residual
50,window_399,19901,19950,50,50,0,0,1.0,0.0,0.0,0,0,0,0.0,0.0,0.0,,no_residual
50,window_400,19951,20000,50,50,0,0,1.0,0.0,0.0,0,0,0,0.0,0.0,0.0,,no_residual
50,window_401,20001,20050,50,50,0,0,1.0,0.0,0.0,0,0,0,0.0,0.0,0.0,,no_residual
50,window_402,20051,20100,50,50,0,0,1.0,0.0,0.0,0,0,0,0.0,0.0,0.0,,no_residual
50,window_403,20101,20150,50,50,0,0,1.0,0.0,0.0,0,0,0,0.0,0.0,0.0,,no_residual
50,window_404,20151,20200,50,50,0,0,1.0,0.0,0.0,0,0,0,0.0,0.0,0.0,,no_residual
50,window_405,20201,20250,50,50,0,0,1.0,0.0,0.0,0,0,0,0.0,0.0,0.0,,no_residual
50,window_406,20251,20300,50,50,0,0,1.0,0.0,0.0,0,0,0,0.0,0.0,0.0,,no_residual
50,window_407,20301,20350,50,50,0,0,1.0,0.0,0.0,0,0,0,0.0,0.0,0.0,,no_residual
50,window_408,20351,20400,50,50,0,0,1.0,0.0,0.0,0,0,0,0.0,0.0,0.0,,no_residual
50,window_409,20401,20450,50,50,0,0,1.0,0.0,0.0,0,0,0,0.0,0.0,0.0,,no_residual
50,window_410,20451,20500,50,50,0,0,1.0,0.0,0.0,0,0,0,0.0,0.0,0.0,,no_residual
50,window_411,20501,20550,50,50,0,0,1.0,0.0,0.0,0,0,0,0.0,0.0,0.0,,no_residual
50,window_412,20551,20600,50,50,0,0,1.0,0.0,0.0,0,0,0,0.0,0.0,0.0,,no_residual
50,window_413,20601,20650,50,40,8,2,0.8,0.16,0.04,2,2,0,1.0,1.0,1.0,Dec <num> <num>:<num>:<num> combo kernel:,stable_attached_residual
50,window_414,20651,20700,50,45,5,0,0.9,0.1,0.0,0,0,0,0.0,0.0,0.0,,no_residual
50,window_415,20701,20750,50,50,0,0,1.0,0.0,0.0,0,0,0,0.0,0.0,0.0,,no_residual
50,window_416,20751,20800,50,50,0,0,1.0,0.0,0.0,0,0,0,0.0,0.0,0.0,,no_residual
50,window_417,20801,20850,50,44,6,0,0.88,0.12,0.0,0,0,0,0.0,0.0,0.0,,no_residual
50,window_418,20851,20900,50,50,0,0,1.0,0.0,0.0,0,0,0,0.0,0.0,0.0,,no_residual
50,window_419,20901,20950,50,50,0,0,1.0,0.0,0.0,0,0,0,0.0,0.0,0.0,,no_residual
50,window_420,20951,21000,50,50,0,0,1.0,0.0,0.0,0,0,0,0.0,0.0,0.0,,no_residual
50,window_421,21001,21050,50,50,0,0,1.0,0.0,0.0,0,0,0,0.0,0.0,0.0,,no_residual
50,window_422,21051,21100,50,1,20,29,0.02,0.4,0.58,27,3,7,0.931,0.1034,0.1034,Dec <num> <num>:<num>:<num> combo squid:,residual_island
50,window_423,21101,21150,50,1,12,37,0.02,0.24,0.74,37,0,6,1.0,0.0,0.6216,Dec <num> <num>:<num>:<num> combo kernel:,residual_island
50,window_424,21151,21200,50,1,0,49,0.02,0.0,0.98,49,2,0,1.0,0.0408,0.7959,Dec <num> <num>:<num>:<num> combo kernel:,residual_island
50,window_425,21201,21250,50,0,0,50,0.0,0.0,1.0,50,0,0,1.0,0.0,0.76,Dec <num> <num>:<num>:<num> combo kernel:,residual_island
50,window_426,21251,21300,50,4,4,42,0.08,0.08,0.84,41,6,5,0.9762,0.1429,0.8095,Dec <num> <num>:<num>:<num> combo kernel:,residual_island
50,window_427,21301,21350,50,2,14,34,0.04,0.28,0.68,34,4,8,1.0,0.1176,0.4706,Dec <num> <num>:<num>:<num> combo kernel:,residual_island
50,window_428,21351,21400,50,22,0,28,0.44,0.0,0.56,23,8,0,0.8214,0.2857,0.1786,Dec <num> <num>:<num>:<num> combo named[<num>]:,partial_residual_cluster
50,window_429,21401,21450,50,0,41,9,0.0,0.82,0.18,9,1,3,1.0,0.1111,0.3333,Dec <num> <num>:<num>:<num> combo named[<num>]:,residual_island
50,window_430,21451,21500,50,45,1,4,0.9,0.02,0.08,3,2,1,0.75,0.5,0.75,Dec <num> <num>:<num>:<num> combo ntpd[<num>]:,stable_attached_residual
50,window_431,21501,21550,50,50,0,0,1.0,0.0,0.0,0,0,0,0.0,0.0,0.0,,no_residual
50,window_432,21551,21600,50,50,0,0,1.0,0.0,0.0,0,0,0,0.0,0.0,0.0,,no_residual
50,window_433,21601,21650,50,44,3,3,0.88,0.06,0.06,3,1,1,1.0,0.3333,0.3333,Dec <num> <num>:<num>:<num> combo --,partial_residual_cluster
50,window_434,21651,21700,50,18,30,2,0.36,0.6,0.04,0,1,2,0.0,0.5,0.5,Dec <num> <num>:<num>:<num> combo --,stable_attached_residual
50,window_435,21701,21750,50,50,0,0,1.0,0.0,0.0,0,0,0,0.0,0.0,0.0,,no_residual
50,window_436,21751,21800,50,44,6,0,0.88,0.12,0.0,0,0,0,0.0,0.0,0.0,,no_residual
50,window_437,21801,21850,50,41,9,0,0.82,0.18,0.0,0,0,0,0.0,0.0,0.0,,no_residual
50,window_438,21851,21900,50,50,0,0,1.0,0.0,0.0,0,0,0,0.0,0.0,0.0,,no_residual
50,window_439,21901,21950,50,50,0,0,1.0,0.0,0.0,0,0,0,0.0,0.0,0.0,,no_residual
50,window_440,21951,22000,50,49,0,1,0.98,0.0,0.02,0,1,0,0.0,1.0,1.0,Jan <num> <num>:<num>:<num> combo snmpd[<num>]:,stable_attached_residual
50,window_441,22001,22050,50,45,4,1,0.9,0.08,0.02,0,1,0,0.0,1.0,1.0,Jan <num> <num>:<num>:<num> combo sshd(pam_unix)[<num>]:,stable_attached_residual
50,window_442,22051,22100,50,50,0,0,1.0,0.0,0.0,0,0,0,0.0,0.0,0.0,,no_residual
50,window_443,22101,22150,50,50,0,0,1.0,0.0,0.0,0,0,0,0.0,0.0,0.0,,no_residual
50,window_444,22151,22200,50,49,1,0,0.98,0.02,0.0,0,0,0,0.0,0.0,0.0,,no_residual
50,window_445,22201,22250,50,49,1,0,0.98,0.02,0.0,0,0,0,0.0,0.0,0.0,,no_residual
50,window_446,22251,22300,50,49,0,1,0.98,0.0,0.02,0,1,0,0.0,1.0,1.0,Jan <num> <num>:<num>:<num> combo sshd(pam_unix)[<num>]:,stable_attached_residual
50,window_447,22301,22350,50,49,1,0,0.98,0.02,0.0,0,0,0,0.0,0.0,0.0,,no_residual
50,window_448,22351,22400,50,49,1,0,0.98,0.02,0.0,0,0,0,0.0,0.0,0.0,,no_residual
50,window_449,22401,22450,50,50,0,0,1.0,0.0,0.0,0,0,0,0.0,0.0,0.0,,no_residual
50,window_450,22451,22500,50,46,4,0,0.92,0.08,0.0,0,0,0,0.0,0.0,0.0,,no_residual
50,window_451,22501,22550,50,48,2,0,0.96,0.04,0.0,0,0,0,0.0,0.0,0.0,,no_residual
50,window_452,22551,22600,50,50,0,0,1.0,0.0,0.0,0,0,0,0.0,0.0,0.0,,no_residual
50,window_453,22601,22650,50,50,0,0,1.0,0.0,0.0,0,0,0,0.0,0.0,0.0,,no_residual
50,window_454,22651,22700,50,49,1,0,0.98,0.02,0.0,0,0,0,0.0,0.0,0.0,,no_residual
50,window_455,22701,22750,50,50,0,0,1.0,0.0,0.0,0,0,0,0.0,0.0,0.0,,no_residual
50,window_456,22751,22800,50,50,0,0,1.0,0.0,0.0,0,0,0,0.0,0.0,0.0,,no_residual
50,window_457,22801,22850,50,48,2,0,0.96,0.04,0.0,0,0,0,0.0,0.0,0.0,,no_residual
50,window_458,22851,22900,50,50,0,0,1.0,0.0,0.0,0,0,0,0.0,0.0,0.0,,no_residual
50,window_459,22901,22950,50,50,0,0,1.0,0.0,0.0,0,0,0,0.0,0.0,0.0,,no_residual
50,window_460,22951,23000,50,50,0,0,1.0,0.0,0.0,0,0,0,0.0,0.0,0.0,,no_residual
50,window_461,23001,23050,50,50,0,0,1.0,0.0,0.0,0,0,0,0.0,0.0,0.0,,no_residual
50,window_462,23051,23100,50,50,0,0,1.0,0.0,0.0,0,0,0,0.0,0.0,0.0,,no_residual
50,window_463,23101,23150,50,50,0,0,1.0,0.0,0.0,0,0,0,0.0,0.0,0.0,,no_residual
50,window_464,23151,23200,50,50,0,0,1.0,0.0,0.0,0,0,0,0.0,0.0,0.0,,no_residual
50,window_465,23201,23250,50,50,0,0,1.0,0.0,0.0,0,0,0,0.0,0.0,0.0,,no_residual
50,window_466,23251,23300,50,50,0,0,1.0,0.0,0.0,0,0,0,0.0,0.0,0.0,,no_residual
50,window_467,23301,23350,50,50,0,0,1.0,0.0,0.0,0,0,0,0.0,0.0,0.0,,no_residual
50,window_468,23351,23400,50,25,16,9,0.5,0.32,0.18,8,3,3,0.8889,0.3333,0.1111,Jan <num> <num>:<num>:<num> combo sendmail:,partial_residual_cluster
50,window_469,23401,23450,50,5,6,39,0.1,0.12,0.78,39,7,2,1.0,0.1795,0.1282,Jan <num> <num>:<num>:<num> combo kernel:,residual_island
50,window_470,23451,23500,50,1,0,49,0.02,0.0,0.98,49,2,1,1.0,0.0408,0.8776,Jan <num> <num>:<num>:<num> combo kernel:,residual_island
50,window_471,23501,23550,50,0,0,50,0.0,0.0,1.0,50,0,0,1.0,0.0,0.82,Jan <num> <num>:<num>:<num> combo kernel:,residual_island
50,window_472,23551,23600,50,3,2,45,0.06,0.04,0.9,45,4,2,1.0,0.0889,0.6889,Jan <num> <num>:<num>:<num> combo kernel:,residual_island
50,window_473,23601,23650,50,2,5,43,0.04,0.1,0.86,43,4,9,1.0,0.093,1.0,Jan <num> <num>:<num>:<num> combo kernel:,residual_island
50,window_474,23651,23700,50,7,4,39,0.14,0.08,0.78,37,8,6,0.9487,0.2051,0.9744,Jan <num> <num>:<num>:<num> combo kernel:,residual_island
50,window_475,23701,23750,50,2,10,38,0.04,0.2,0.76,36,4,16,0.9474,0.1053,1.0,Jan <num> <num>:<num>:<num> combo kernel:,residual_island
50,window_476,23751,23800,50,1,13,36,0.02,0.26,0.72,33,2,19,0.9167,0.0556,0.8611,Jan <num> <num>:<num>:<num> combo kernel:,residual_island
50,window_477,23801,23850,50,1,16,33,0.02,0.32,0.66,30,1,15,0.9091,0.0303,0.7879,Jan <num> <num>:<num>:<num> combo kernel:,residual_island
50,window_478,23851,23900,50,5,3,42,0.1,0.06,0.84,38,6,4,0.9048,0.1429,0.9286,Jan <num> <num>:<num>:<num> combo kernel:,residual_island
50,window_479,23901,23950,50,11,1,38,0.22,0.02,0.76,29,15,2,0.7632,0.3947,0.6842,Jan <num> <num>:<num>:<num> combo kernel:,partial_residual_cluster
50,window_480,23951,24000,50,14,3,33,0.28,0.06,0.66,29,9,6,0.8788,0.2727,0.5152,Jan <num> <num>:<num>:<num> combo kernel:,partial_residual_cluster
50,window_481,24001,24050,50,10,17,23,0.2,0.34,0.46,17,10,6,0.7391,0.4348,0.4348,Jan <num> <num>:<num>:<num> combo kernel:,partial_residual_cluster
50,window_482,24051,24100,50,1,27,22,0.02,0.54,0.44,21,2,14,0.9545,0.0909,0.6818,Jan <num> <num>:<num>:<num> combo kernel:,residual_island
50,window_483,24101,24150,50,36,2,12,0.72,0.04,0.24,11,5,2,0.9167,0.4167,0.75,Jan <num> <num>:<num>:<num> combo kernel:,partial_residual_cluster
50,window_484,24151,24200,50,45,4,1,0.9,0.08,0.02,0,1,0,0.0,1.0,1.0,Jan <num> <num>:<num>:<num> combo sshd(pam_unix)[<num>]:,stable_attached_residual
50,window_485,24201,24250,50,45,5,0,0.9,0.1,0.0,0,0,0,0.0,0.0,0.0,,no_residual
50,window_486,24251,24300,50,50,0,0,1.0,0.0,0.0,0,0,0,0.0,0.0,0.0,,no_residual
50,window_487,24301,24350,50,49,0,1,0.98,0.0,0.02,0,1,0,0.0,1.0,1.0,Jan <num> <num>:<num>:<num> combo sshd(pam_unix)[<num>]:,stable_attached_residual
50,window_488,24351,24400,50,50,0,0,1.0,0.0,0.0,0,0,0,0.0,0.0,0.0,,no_residual
50,window_489,24401,24450,50,49,0,1,0.98,0.0,0.02,0,1,0,0.0,1.0,1.0,Feb <num> <num>:<num>:<num> combo snmpd[<num>]:,stable_attached_residual
50,window_490,24451,24500,50,50,0,0,1.0,0.0,0.0,0,0,0,0.0,0.0,0.0,,no_residual
50,window_491,24501,24550,50,50,0,0,1.0,0.0,0.0,0,0,0,0.0,0.0,0.0,,no_residual
50,window_492,24551,24600,50,50,0,0,1.0,0.0,0.0,0,0,0,0.0,0.0,0.0,,no_residual
50,window_493,24601,24650,50,50,0,0,1.0,0.0,0.0,0,0,0,0.0,0.0,0.0,,no_residual
50,window_494,24651,24700,50,47,3,0,0.94,0.06,0.0,0,0,0,0.0,0.0,0.0,,no_residual
50,window_495,24701,24750,50,50,0,0,1.0,0.0,0.0,0,0,0,0.0,0.0,0.0,,no_residual
50,window_496,24751,24800,50,50,0,0,1.0,0.0,0.0,0,0,0,0.0,0.0,0.0,,no_residual
50,window_497,24801,24850,50,50,0,0,1.0,0.0,0.0,0,0,0,0.0,0.0,0.0,,no_residual
50,window_498,24851,24900,50,49,0,1,0.98,0.0,0.02,0,1,0,0.0,1.0,1.0,Feb <num> <num>:<num>:<num> combo sshd(pam_unix)[<num>]:,stable_attached_residual
50,window_499,24901,24950,50,50,0,0,1.0,0.0,0.0,0,0,0,0.0,0.0,0.0,,no_residual
50,window_500,24951,25000,50,49,0,1,0.98,0.0,0.02,0,1,0,0.0,1.0,1.0,Feb <num> <num>:<num>:<num> combo sshd(pam_unix)[<num>]:,stable_attached_residual
50,window_501,25001,25050,50,49,0,1,0.98,0.0,0.02,0,1,0,0.0,1.0,1.0,Feb <num> <num>:<num>:<num> combo sshd(pam_unix)[<num>]:,stable_attached_residual
50,window_502,25051,25100,50,45,0,5,0.9,0.0,0.1,5,2,0,1.0,0.4,1.0,Feb <num> <num>:<num>:<num> combo sshd(pam_unix)[<num>]:,partial_residual_cluster
50,window_503,25101,25150,50,49,0,1,0.98,0.0,0.02,0,1,0,0.0,1.0,1.0,Feb <num> <num>:<num>:<num> combo sshd(pam_unix)[<num>]:,stable_attached_residual
50,window_504,25151,25200,50,50,0,0,1.0,0.0,0.0,0,0,0,0.0,0.0,0.0,,no_residual
50,window_505,25201,25250,50,50,0,0,1.0,0.0,0.0,0,0,0,0.0,0.0,0.0,,no_residual
50,window_506,25251,25300,50,49,0,1,0.98,0.0,0.02,0,1,0,0.0,1.0,1.0,Feb <num> <num>:<num>:<num> combo sshd(pam_unix)[<num>]:,stable_attached_residual
50,window_507,25301,25350,50,44,4,2,0.88,0.08,0.04,0,2,1,0.0,1.0,1.0,Feb <num> <num>:<num>:<num> combo ftpd[<num>]:,stable_attached_residual
50,window_508,25351,25400,50,47,3,0,0.94,0.06,0.0,0,0,0,0.0,0.0,0.0,,no_residual
50,window_509,25401,25450,50,37,11,2,0.74,0.22,0.04,2,1,1,1.0,0.5,1.0,Feb <num> <num>:<num>:<num> combo telnetd[<num>]:,stable_attached_residual
50,window_510,25451,25500,50,48,2,0,0.96,0.04,0.0,0,0,0,0.0,0.0,0.0,,no_residual
50,window_511,25501,25550,50,47,3,0,0.94,0.06,0.0,0,0,0,0.0,0.0,0.0,,no_residual
50,window_512,25551,25567,17,13,3,1,0.7647,0.1765,0.0588,0,1,0,0.0,1.0,1.0,Feb <num> <num>:<num>:<num> combo sshd(pam_unix)[<num>]:,stable_attached_residual
75,window_001,1,75,75,5,69,1,0.0667,0.92,0.0133,0,0,1,0.0,0.0,1.0,Jun <num> <num>:<num>:<num> combo kernel:,diffuse_residual
75,window_002,76,150,75,3,72,0,0.04,0.96,0.0,0,0,0,0.0,0.0,0.0,,no_residual
75,window_003,151,225,75,3,70,2,0.04,0.9333,0.0267,2,0,2,1.0,0.0,1.0,Jun <num> <num>:<num>:<num> combo kernel:,residual_island
75,window_004,226,300,75,22,52,1,0.2933,0.6933,0.0133,0,0,1,0.0,0.0,1.0,Jun <num> <num>:<num>:<num> combo udev[<num>]:,diffuse_residual
75,window_005,301,375,75,9,63,3,0.12,0.84,0.04,2,0,3,0.6667,0.0,1.0,Jun <num> <num>:<num>:<num> combo udev[<num>]:,partial_residual_cluster
75,window_006,376,450,75,1,72,2,0.0133,0.96,0.0267,0,0,2,0.0,0.0,0.5,Jun <num> <num>:<num>:<num> combo kernel:,diffuse_residual
75,window_007,451,525,75,4,71,0,0.0533,0.9467,0.0,0,0,0,0.0,0.0,0.0,,no_residual
75,window_008,526,600,75,4,71,0,0.0533,0.9467,0.0,0,0,0,0.0,0.0,0.0,,no_residual
75,window_009,601,675,75,21,54,0,0.28,0.72,0.0,0,0,0,0.0,0.0,0.0,,no_residual
75,window_010,676,750,75,72,2,1,0.96,0.0267,0.0133,0,1,0,0.0,1.0,1.0,Jun <num> <num>:<num>:<num> combo sshd(pam_unix)[<num>]:,stable_attached_residual
75,window_011,751,825,75,74,1,0,0.9867,0.0133,0.0,0,0,0,0.0,0.0,0.0,,no_residual
75,window_012,826,900,75,71,2,2,0.9467,0.0267,0.0267,0,1,2,0.0,0.5,1.0,Jun <num> <num>:<num>:<num> combo gdm(pam_unix)[<num>]:,stable_attached_residual
75,window_013,901,975,75,75,0,0,1.0,0.0,0.0,0,0,0,0.0,0.0,0.0,,no_residual
75,window_014,976,1050,75,75,0,0,1.0,0.0,0.0,0,0,0,0.0,0.0,0.0,,no_residual
75,window_015,1051,1125,75,75,0,0,1.0,0.0,0.0,0,0,0,0.0,0.0,0.0,,no_residual
75,window_016,1126,1200,75,72,1,2,0.96,0.0133,0.0267,0,2,0,0.0,1.0,0.5,Jun <num> <num>:<num>:<num> combo ftpd[<num>]:,stable_attached_residual
75,window_017,1201,1275,75,75,0,0,1.0,0.0,0.0,0,0,0,0.0,0.0,0.0,,no_residual
75,window_018,1276,1350,75,75,0,0,1.0,0.0,0.0,0,0,0,0.0,0.0,0.0,,no_residual
75,window_019,1351,1425,75,74,1,0,0.9867,0.0133,0.0,0,0,0,0.0,0.0,0.0,,no_residual
75,window_020,1426,1500,75,75,0,0,1.0,0.0,0.0,0,0,0,0.0,0.0,0.0,,no_residual
75,window_021,1501,1575,75,75,0,0,1.0,0.0,0.0,0,0,0,0.0,0.0,0.0,,no_residual
75,window_022,1576,1650,75,75,0,0,1.0,0.0,0.0,0,0,0,0.0,0.0,0.0,,no_residual
75,window_023,1651,1725,75,75,0,0,1.0,0.0,0.0,0,0,0,0.0,0.0,0.0,,no_residual
75,window_024,1726,1800,75,75,0,0,1.0,0.0,0.0,0,0,0,0.0,0.0,0.0,,no_residual
75,window_025,1801,1875,75,75,0,0,1.0,0.0,0.0,0,0,0,0.0,0.0,0.0,,no_residual
75,window_026,1876,1950,75,58,14,3,0.7733,0.1867,0.04,3,0,2,1.0,0.0,0.6667,Jul <num> <num>:<num>:<num> combo login(pam_unix)[<num>]:,residual_island
75,window_027,1951,2025,75,71,4,0,0.9467,0.0533,0.0,0,0,0,0.0,0.0,0.0,,no_residual
75,window_028,2026,2100,75,75,0,0,1.0,0.0,0.0,0,0,0,0.0,0.0,0.0,,no_residual
75,window_029,2101,2175,75,75,0,0,1.0,0.0,0.0,0,0,0,0.0,0.0,0.0,,no_residual
75,window_030,2176,2250,75,72,0,3,0.96,0.0,0.04,3,2,0,1.0,0.6667,0.6667,Jul <num> <num>:<num>:<num> combo gdm(pam_unix)[<num>]:,stable_attached_residual
75,window_031,2251,2325,75,75,0,0,1.0,0.0,0.0,0,0,0,0.0,0.0,0.0,,no_residual
75,window_032,2326,2400,75,75,0,0,1.0,0.0,0.0,0,0,0,0.0,0.0,0.0,,no_residual
75,window_033,2401,2475,75,72,3,0,0.96,0.04,0.0,0,0,0,0.0,0.0,0.0,,no_residual
75,window_034,2476,2550,75,75,0,0,1.0,0.0,0.0,0,0,0,0.0,0.0,0.0,,no_residual
75,window_035,2551,2625,75,73,2,0,0.9733,0.0267,0.0,0,0,0,0.0,0.0,0.0,,no_residual
75,window_036,2626,2700,75,75,0,0,1.0,0.0,0.0,0,0,0,0.0,0.0,0.0,,no_residual
75,window_037,2701,2775,75,73,2,0,0.9733,0.0267,0.0,0,0,0,0.0,0.0,0.0,,no_residual
75,window_038,2776,2850,75,69,6,0,0.92,0.08,0.0,0,0,0,0.0,0.0,0.0,,no_residual
75,window_039,2851,2925,75,61,5,9,0.8133,0.0667,0.12,9,1,2,1.0,0.1111,0.7778,Jul <num> <num>:<num>:<num> combo kernel:,residual_island
75,window_040,2926,3000,75,1,0,74,0.0133,0.0,0.9867,74,2,0,1.0,0.027,0.8108,Jul <num> <num>:<num>:<num> combo kernel:,residual_island
75,window_041,3001,3075,75,3,2,70,0.04,0.0267,0.9333,69,6,3,0.9857,0.0857,0.7857,Jul <num> <num>:<num>:<num> combo kernel:,residual_island
75,window_042,3076,3150,75,3,16,56,0.04,0.2133,0.7467,55,6,11,0.9821,0.1071,0.5714,Jul <num> <num>:<num>:<num> combo kernel:,residual_island
75,window_043,3151,3225,75,22,18,35,0.2933,0.24,0.4667,29,9,6,0.8286,0.2571,0.2286,Jul <num> <num>:<num>:<num> combo named[<num>]:,partial_residual_cluster
75,window_044,3226,3300,75,55,12,8,0.7333,0.16,0.1067,7,1,4,0.875,0.125,0.375,Jul <num> <num>:<num>:<num> combo udev[<num>]:,residual_island
75,window_045,3301,3375,75,60,8,7,0.8,0.1067,0.0933,4,2,5,0.5714,0.2857,0.7143,Aug <num> <num>:<num>:<num> combo gpm[<num>]:,partial_residual_cluster
75,window_046,3376,3450,75,72,3,0,0.96,0.04,0.0,0,0,0,0.0,0.0,0.0,,no_residual
75,window_047,3451,3525,75,68,7,0,0.9067,0.0933,0.0,0,0,0,0.0,0.0,0.0,,no_residual
75,window_048,3526,3600,75,74,0,1,0.9867,0.0,0.0133,0,1,0,0.0,1.0,1.0,Aug <num> <num>:<num>:<num> combo ftpd[<num>]:,stable_attached_residual
75,window_049,3601,3675,75,65,4,6,0.8667,0.0533,0.08,5,2,4,0.8333,0.3333,0.6667,Aug <num> <num>:<num>:<num> combo login(pam_unix)[<num>]:,partial_residual_cluster
75,window_050,3676,3750,75,71,4,0,0.9467,0.0533,0.0,0,0,0,0.0,0.0,0.0,,no_residual
75,window_051,3751,3825,75,74,0,1,0.9867,0.0,0.0133,0,1,0,0.0,1.0,1.0,Aug <num> <num>:<num>:<num> combo /sbin/mingetty[<num>]:,stable_attached_residual
75,window_052,3826,3900,75,72,3,0,0.96,0.04,0.0,0,0,0,0.0,0.0,0.0,,no_residual
75,window_053,3901,3975,75,72,3,0,0.96,0.04,0.0,0,0,0,0.0,0.0,0.0,,no_residual
75,window_054,3976,4050,75,75,0,0,1.0,0.0,0.0,0,0,0,0.0,0.0,0.0,,no_residual
75,window_055,4051,4125,75,75,0,0,1.0,0.0,0.0,0,0,0,0.0,0.0,0.0,,no_residual
75,window_056,4126,4200,75,75,0,0,1.0,0.0,0.0,0,0,0,0.0,0.0,0.0,,no_residual
75,window_057,4201,4275,75,74,1,0,0.9867,0.0133,0.0,0,0,0,0.0,0.0,0.0,,no_residual
75,window_058,4276,4350,75,73,2,0,0.9733,0.0267,0.0,0,0,0,0.0,0.0,0.0,,no_residual
75,window_059,4351,4425,75,75,0,0,1.0,0.0,0.0,0,0,0,0.0,0.0,0.0,,no_residual
75,window_060,4426,4500,75,75,0,0,1.0,0.0,0.0,0,0,0,0.0,0.0,0.0,,no_residual
75,window_061,4501,4575,75,75,0,0,1.0,0.0,0.0,0,0,0,0.0,0.0,0.0,,no_residual
75,window_062,4576,4650,75,75,0,0,1.0,0.0,0.0,0,0,0,0.0,0.0,0.0,,no_residual
75,window_063,4651,4725,75,75,0,0,1.0,0.0,0.0,0,0,0,0.0,0.0,0.0,,no_residual
75,window_064,4726,4800,75,73,2,0,0.9733,0.0267,0.0,0,0,0,0.0,0.0,0.0,,no_residual
75,window_065,4801,4875,75,72,3,0,0.96,0.04,0.0,0,0,0,0.0,0.0,0.0,,no_residual
75,window_066,4876,4950,75,73,0,2,0.9733,0.0,0.0267,2,2,0,1.0,1.0,0.5,Sep <num> <num>:<num>:<num> combo xinetd[<num>]:,stable_attached_residual
75,window_067,4951,5025,75,73,0,2,0.9733,0.0,0.0267,0,2,0,0.0,1.0,0.5,Sep <num> <num>:<num>:<num> combo sshd(pam_unix)[<num>]:,stable_attached_residual
75,window_068,5026,5100,75,71,4,0,0.9467,0.0533,0.0,0,0,0,0.0,0.0,0.0,,no_residual
75,window_069,5101,5175,75,39,36,0,0.52,0.48,0.0,0,0,0,0.0,0.0,0.0,,no_residual
75,window_070,5176,5250,75,1,72,2,0.0133,0.96,0.0267,0,0,2,0.0,0.0,1.0,Sep <num> <num>:<num>:<num> combo network:,diffuse_residual
75,window_071,5251,5325,75,4,68,3,0.0533,0.9067,0.04,0,0,3,0.0,0.0,1.0,Sep <num> <num>:<num>:<num> combo kernel:,diffuse_residual
75,window_072,5326,5400,75,14,61,0,0.1867,0.8133,0.0,0,0,0,0.0,0.0,0.0,,no_residual
75,window_073,5401,5475,75,26,49,0,0.3467,0.6533,0.0,0,0,0,0.0,0.0,0.0,,no_residual
75,window_074,5476,5550,75,72,3,0,0.96,0.04,0.0,0,0,0,0.0,0.0,0.0,,no_residual
75,window_075,5551,5625,75,73,0,2,0.9733,0.0,0.0267,0,2,0,0.0,1.0,0.5,Sep <num> <num>:<num>:<num> combo snmpd[<num>]:,stable_attached_residual
75,window_076,5626,5700,75,75,0,0,1.0,0.0,0.0,0,0,0,0.0,0.0,0.0,,no_residual
75,window_077,5701,5775,75,73,2,0,0.9733,0.0267,0.0,0,0,0,0.0,0.0,0.0,,no_residual
75,window_078,5776,5850,75,30,19,26,0.4,0.2533,0.3467,26,3,5,1.0,0.1154,0.1154,Sep <num> <num>:<num>:<num> combo squid:,residual_island
75,window_079,5851,5925,75,24,30,21,0.32,0.4,0.28,21,2,0,1.0,0.0952,0.0952,Sep <num> <num>:<num>:<num> combo dd:,residual_island
75,window_080,5926,6000,75,1,73,1,0.0133,0.9733,0.0133,0,0,1,0.0,0.0,1.0,Sep <num> <num>:<num>:<num> combo network:,diffuse_residual
75,window_081,6001,6075,75,4,71,0,0.0533,0.9467,0.0,0,0,0,0.0,0.0,0.0,,no_residual
75,window_082,6076,6150,75,13,62,0,0.1733,0.8267,0.0,0,0,0,0.0,0.0,0.0,,no_residual
75,window_083,6151,6225,75,17,53,5,0.2267,0.7067,0.0667,2,1,4,0.4,0.2,0.8,Sep <num> <num>:<num>:<num> combo udev[<num>]:,partial_residual_cluster
75,window_084,6226,6300,75,57,13,5,0.76,0.1733,0.0667,3,2,4,0.6,0.4,0.4,Sep <num> <num>:<num>:<num> combo su(pam_unix)[<num>]:,partial_residual_cluster
75,window_085,6301,6375,75,75,0,0,1.0,0.0,0.0,0,0,0,0.0,0.0,0.0,,no_residual
75,window_086,6376,6450,75,73,2,0,0.9733,0.0267,0.0,0,0,0,0.0,0.0,0.0,,no_residual
75,window_087,6451,6525,75,75,0,0,1.0,0.0,0.0,0,0,0,0.0,0.0,0.0,,no_residual
75,window_088,6526,6600,75,74,1,0,0.9867,0.0133,0.0,0,0,0,0.0,0.0,0.0,,no_residual
75,window_089,6601,6675,75,70,2,3,0.9333,0.0267,0.04,2,3,0,0.6667,1.0,1.0,Oct <num> <num>:<num>:<num> combo sshd(pam_unix)[<num>]:,stable_attached_residual
75,window_090,6676,6750,75,69,5,1,0.92,0.0667,0.0133,0,1,1,0.0,1.0,1.0,Oct <num> <num>:<num>:<num> combo sshd(pam_unix)[<num>]:,stable_attached_residual
75,window_091,6751,6825,75,70,3,2,0.9333,0.04,0.0267,0,2,1,0.0,1.0,0.5,Oct <num> <num>:<num>:<num> combo sshd(pam_unix)[<num>]:,stable_attached_residual
75,window_092,6826,6900,75,71,1,3,0.9467,0.0133,0.04,0,3,1,0.0,1.0,0.6667,Oct <num> <num>:<num>:<num> combo sshd(pam_unix)[<num>]:,stable_attached_residual
75,window_093,6901,6975,75,75,0,0,1.0,0.0,0.0,0,0,0,0.0,0.0,0.0,,no_residual
75,window_094,6976,7050,75,75,0,0,1.0,0.0,0.0,0,0,0,0.0,0.0,0.0,,no_residual
75,window_095,7051,7125,75,75,0,0,1.0,0.0,0.0,0,0,0,0.0,0.0,0.0,,no_residual
75,window_096,7126,7200,75,75,0,0,1.0,0.0,0.0,0,0,0,0.0,0.0,0.0,,no_residual
75,window_097,7201,7275,75,74,1,0,0.9867,0.0133,0.0,0,0,0,0.0,0.0,0.0,,no_residual
75,window_098,7276,7350,75,55,7,13,0.7333,0.0933,0.1733,12,4,5,0.9231,0.3077,0.1538,Oct <num> <num>:<num>:<num> combo ftpd[<num>]:,partial_residual_cluster
75,window_099,7351,7425,75,28,16,31,0.3733,0.2133,0.4133,30,4,7,0.9677,0.129,0.0968,Oct <num> <num>:<num>:<num> combo squid:,residual_island
75,window_100,7426,7500,75,25,5,45,0.3333,0.0667,0.6,45,3,2,1.0,0.0667,0.4667,Oct <num> <num>:<num>:<num> combo kernel:,residual_island
75,window_101,7501,7575,75,1,0,74,0.0133,0.0,0.9867,74,2,0,1.0,0.027,0.7838,Oct <num> <num>:<num>:<num> combo kernel:,residual_island
75,window_102,7576,7650,75,4,3,68,0.0533,0.04,0.9067,68,6,3,1.0,0.0882,0.8088,Oct <num> <num>:<num>:<num> combo kernel:,residual_island
75,window_103,7651,7725,75,5,15,55,0.0667,0.2,0.7333,54,5,10,0.9818,0.0909,0.3455,Oct <num> <num>:<num>:<num> combo kernel:,residual_island
75,window_104,7726,7800,75,19,37,19,0.2533,0.4933,0.2533,12,8,5,0.6316,0.4211,0.2632,Oct <num> <num>:<num>:<num> combo ntpd[<num>]:,partial_residual_cluster
75,window_105,7801,7875,75,67,3,5,0.8933,0.04,0.0667,5,1,1,1.0,0.2,0.6,Oct <num> <num>:<num>:<num> combo ntpd[<num>]:,residual_island
75,window_106,7876,7950,75,75,0,0,1.0,0.0,0.0,0,0,0,0.0,0.0,0.0,,no_residual
75,window_107,7951,8025,75,75,0,0,1.0,0.0,0.0,0,0,0,0.0,0.0,0.0,,no_residual
75,window_108,8026,8100,75,72,3,0,0.96,0.04,0.0,0,0,0,0.0,0.0,0.0,,no_residual
75,window_109,8101,8175,75,75,0,0,1.0,0.0,0.0,0,0,0,0.0,0.0,0.0,,no_residual
75,window_110,8176,8250,75,69,0,6,0.92,0.0,0.08,6,4,0,1.0,0.6667,1.0,Nov <num> <num>:<num>:<num> combo kernel:,stable_attached_residual
75,window_111,8251,8325,75,74,1,0,0.9867,0.0133,0.0,0,0,0,0.0,0.0,0.0,,no_residual
75,window_112,8326,8400,75,70,5,0,0.9333,0.0667,0.0,0,0,0,0.0,0.0,0.0,,no_residual
75,window_113,8401,8475,75,75,0,0,1.0,0.0,0.0,0,0,0,0.0,0.0,0.0,,no_residual
75,window_114,8476,8550,75,75,0,0,1.0,0.0,0.0,0,0,0,0.0,0.0,0.0,,no_residual
75,window_115,8551,8625,75,75,0,0,1.0,0.0,0.0,0,0,0,0.0,0.0,0.0,,no_residual
75,window_116,8626,8700,75,73,2,0,0.9733,0.0267,0.0,0,0,0,0.0,0.0,0.0,,no_residual
75,window_117,8701,8775,75,75,0,0,1.0,0.0,0.0,0,0,0,0.0,0.0,0.0,,no_residual
75,window_118,8776,8850,75,75,0,0,1.0,0.0,0.0,0,0,0,0.0,0.0,0.0,,no_residual
75,window_119,8851,8925,75,75,0,0,1.0,0.0,0.0,0,0,0,0.0,0.0,0.0,,no_residual
75,window_120,8926,9000,75,75,0,0,1.0,0.0,0.0,0,0,0,0.0,0.0,0.0,,no_residual
75,window_121,9001,9075,75,75,0,0,1.0,0.0,0.0,0,0,0,0.0,0.0,0.0,,no_residual
75,window_122,9076,9150,75,74,0,1,0.9867,0.0,0.0133,0,1,0,0.0,1.0,1.0,Nov <num> <num>:<num>:<num> combo kernel:,stable_attached_residual
75,window_123,9151,9225,75,75,0,0,1.0,0.0,0.0,0,0,0,0.0,0.0,0.0,,no_residual
75,window_124,9226,9300,75,75,0,0,1.0,0.0,0.0,0,0,0,0.0,0.0,0.0,,no_residual
75,window_125,9301,9375,75,75,0,0,1.0,0.0,0.0,0,0,0,0.0,0.0,0.0,,no_residual
75,window_126,9376,9450,75,75,0,0,1.0,0.0,0.0,0,0,0,0.0,0.0,0.0,,no_residual
75,window_127,9451,9525,75,75,0,0,1.0,0.0,0.0,0,0,0,0.0,0.0,0.0,,no_residual
75,window_128,9526,9600,75,75,0,0,1.0,0.0,0.0,0,0,0,0.0,0.0,0.0,,no_residual
75,window_129,9601,9675,75,75,0,0,1.0,0.0,0.0,0,0,0,0.0,0.0,0.0,,no_residual
75,window_130,9676,9750,75,73,2,0,0.9733,0.0267,0.0,0,0,0,0.0,0.0,0.0,,no_residual
75,window_131,9751,9825,75,74,1,0,0.9867,0.0133,0.0,0,0,0,0.0,0.0,0.0,,no_residual
75,window_132,9826,9900,75,75,0,0,1.0,0.0,0.0,0,0,0,0.0,0.0,0.0,,no_residual
75,window_133,9901,9975,75,75,0,0,1.0,0.0,0.0,0,0,0,0.0,0.0,0.0,,no_residual
75,window_134,9976,10050,75,75,0,0,1.0,0.0,0.0,0,0,0,0.0,0.0,0.0,,no_residual
75,window_135,10051,10125,75,75,0,0,1.0,0.0,0.0,0,0,0,0.0,0.0,0.0,,no_residual
75,window_136,10126,10200,75,75,0,0,1.0,0.0,0.0,0,0,0,0.0,0.0,0.0,,no_residual
75,window_137,10201,10275,75,75,0,0,1.0,0.0,0.0,0,0,0,0.0,0.0,0.0,,no_residual
75,window_138,10276,10350,75,75,0,0,1.0,0.0,0.0,0,0,0,0.0,0.0,0.0,,no_residual
75,window_139,10351,10425,75,75,0,0,1.0,0.0,0.0,0,0,0,0.0,0.0,0.0,,no_residual
75,window_140,10426,10500,75,75,0,0,1.0,0.0,0.0,0,0,0,0.0,0.0,0.0,,no_residual
75,window_141,10501,10575,75,75,0,0,1.0,0.0,0.0,0,0,0,0.0,0.0,0.0,,no_residual
75,window_142,10576,10650,75,75,0,0,1.0,0.0,0.0,0,0,0,0.0,0.0,0.0,,no_residual
75,window_143,10651,10725,75,75,0,0,1.0,0.0,0.0,0,0,0,0.0,0.0,0.0,,no_residual
75,window_144,10726,10800,75,75,0,0,1.0,0.0,0.0,0,0,0,0.0,0.0,0.0,,no_residual
75,window_145,10801,10875,75,75,0,0,1.0,0.0,0.0,0,0,0,0.0,0.0,0.0,,no_residual
75,window_146,10876,10950,75,75,0,0,1.0,0.0,0.0,0,0,0,0.0,0.0,0.0,,no_residual
75,window_147,10951,11025,75,74,0,1,0.9867,0.0,0.0133,0,1,0,0.0,1.0,1.0,Nov <num> <num>:<num>:<num> combo kernel:,stable_attached_residual
75,window_148,11026,11100,75,75,0,0,1.0,0.0,0.0,0,0,0,0.0,0.0,0.0,,no_residual
75,window_149,11101,11175,75,75,0,0,1.0,0.0,0.0,0,0,0,0.0,0.0,0.0,,no_residual
75,window_150,11176,11250,75,75,0,0,1.0,0.0,0.0,0,0,0,0.0,0.0,0.0,,no_residual
75,window_151,11251,11325,75,74,0,1,0.9867,0.0,0.0133,0,1,0,0.0,1.0,1.0,Nov <num> <num>:<num>:<num> combo kernel:,stable_attached_residual
75,window_152,11326,11400,75,72,0,3,0.96,0.0,0.04,3,2,0,1.0,0.6667,1.0,Nov <num> <num>:<num>:<num> combo kernel:,stable_attached_residual
75,window_153,11401,11475,75,75,0,0,1.0,0.0,0.0,0,0,0,0.0,0.0,0.0,,no_residual
75,window_154,11476,11550,75,75,0,0,1.0,0.0,0.0,0,0,0,0.0,0.0,0.0,,no_residual
75,window_155,11551,11625,75,75,0,0,1.0,0.0,0.0,0,0,0,0.0,0.0,0.0,,no_residual
75,window_156,11626,11700,75,74,0,1,0.9867,0.0,0.0133,0,1,0,0.0,1.0,1.0,Nov <num> <num>:<num>:<num> combo kernel:,stable_attached_residual
75,window_157,11701,11775,75,75,0,0,1.0,0.0,0.0,0,0,0,0.0,0.0,0.0,,no_residual
75,window_158,11776,11850,75,75,0,0,1.0,0.0,0.0,0,0,0,0.0,0.0,0.0,,no_residual
75,window_159,11851,11925,75,75,0,0,1.0,0.0,0.0,0,0,0,0.0,0.0,0.0,,no_residual
75,window_160,11926,12000,75,75,0,0,1.0,0.0,0.0,0,0,0,0.0,0.0,0.0,,no_residual
75,window_161,12001,12075,75,75,0,0,1.0,0.0,0.0,0,0,0,0.0,0.0,0.0,,no_residual
75,window_162,12076,12150,75,75,0,0,1.0,0.0,0.0,0,0,0,0.0,0.0,0.0,,no_residual
75,window_163,12151,12225,75,75,0,0,1.0,0.0,0.0,0,0,0,0.0,0.0,0.0,,no_residual
75,window_164,12226,12300,75,75,0,0,1.0,0.0,0.0,0,0,0,0.0,0.0,0.0,,no_residual
75,window_165,12301,12375,75,75,0,0,1.0,0.0,0.0,0,0,0,0.0,0.0,0.0,,no_residual
75,window_166,12376,12450,75,74,0,1,0.9867,0.0,0.0133,0,1,0,0.0,1.0,1.0,Nov <num> <num>:<num>:<num> combo kernel:,stable_attached_residual
75,window_167,12451,12525,75,75,0,0,1.0,0.0,0.0,0,0,0,0.0,0.0,0.0,,no_residual
75,window_168,12526,12600,75,62,12,1,0.8267,0.16,0.0133,0,1,0,0.0,1.0,1.0,Nov <num> <num>:<num>:<num> combo kernel:,stable_attached_residual
75,window_169,12601,12675,75,74,1,0,0.9867,0.0133,0.0,0,0,0,0.0,0.0,0.0,,no_residual
75,window_170,12676,12750,75,75,0,0,1.0,0.0,0.0,0,0,0,0.0,0.0,0.0,,no_residual
75,window_171,12751,12825,75,71,4,0,0.9467,0.0533,0.0,0,0,0,0.0,0.0,0.0,,no_residual
75,window_172,12826,12900,75,75,0,0,1.0,0.0,0.0,0,0,0,0.0,0.0,0.0,,no_residual
75,window_173,12901,12975,75,73,2,0,0.9733,0.0267,0.0,0,0,0,0.0,0.0,0.0,,no_residual
75,window_174,12976,13050,75,74,1,0,0.9867,0.0133,0.0,0,0,0,0.0,0.0,0.0,,no_residual
75,window_175,13051,13125,75,74,1,0,0.9867,0.0133,0.0,0,0,0,0.0,0.0,0.0,,no_residual
75,window_176,13126,13200,75,74,1,0,0.9867,0.0133,0.0,0,0,0,0.0,0.0,0.0,,no_residual
75,window_177,13201,13275,75,75,0,0,1.0,0.0,0.0,0,0,0,0.0,0.0,0.0,,no_residual
75,window_178,13276,13350,75,73,2,0,0.9733,0.0267,0.0,0,0,0,0.0,0.0,0.0,,no_residual
75,window_179,13351,13425,75,75,0,0,1.0,0.0,0.0,0,0,0,0.0,0.0,0.0,,no_residual
75,window_180,13426,13500,75,75,0,0,1.0,0.0,0.0,0,0,0,0.0,0.0,0.0,,no_residual
75,window_181,13501,13575,75,75,0,0,1.0,0.0,0.0,0,0,0,0.0,0.0,0.0,,no_residual
75,window_182,13576,13650,75,74,0,1,0.9867,0.0,0.0133,0,1,0,0.0,1.0,1.0,Nov <num> <num>:<num>:<num> combo kernel:,stable_attached_residual
75,window_183,13651,13725,75,75,0,0,1.0,0.0,0.0,0,0,0,0.0,0.0,0.0,,no_residual
75,window_184,13726,13800,75,75,0,0,1.0,0.0,0.0,0,0,0,0.0,0.0,0.0,,no_residual
75,window_185,13801,13875,75,74,1,0,0.9867,0.0133,0.0,0,0,0,0.0,0.0,0.0,,no_residual
75,window_186,13876,13950,75,74,1,0,0.9867,0.0133,0.0,0,0,0,0.0,0.0,0.0,,no_residual
75,window_187,13951,14025,75,72,0,3,0.96,0.0,0.04,2,3,0,0.6667,1.0,1.0,Nov <num> <num>:<num>:<num> combo kernel:,stable_attached_residual
75,window_188,14026,14100,75,75,0,0,1.0,0.0,0.0,0,0,0,0.0,0.0,0.0,,no_residual
75,window_189,14101,14175,75,75,0,0,1.0,0.0,0.0,0,0,0,0.0,0.0,0.0,,no_residual
75,window_190,14176,14250,75,75,0,0,1.0,0.0,0.0,0,0,0,0.0,0.0,0.0,,no_residual
75,window_191,14251,14325,75,75,0,0,1.0,0.0,0.0,0,0,0,0.0,0.0,0.0,,no_residual
75,window_192,14326,14400,75,75,0,0,1.0,0.0,0.0,0,0,0,0.0,0.0,0.0,,no_residual
75,window_193,14401,14475,75,75,0,0,1.0,0.0,0.0,0,0,0,0.0,0.0,0.0,,no_residual
75,window_194,14476,14550,75,70,5,0,0.9333,0.0667,0.0,0,0,0,0.0,0.0,0.0,,no_residual
75,window_195,14551,14625,75,71,4,0,0.9467,0.0533,0.0,0,0,0,0.0,0.0,0.0,,no_residual
75,window_196,14626,14700,75,75,0,0,1.0,0.0,0.0,0,0,0,0.0,0.0,0.0,,no_residual
75,window_197,14701,14775,75,75,0,0,1.0,0.0,0.0,0,0,0,0.0,0.0,0.0,,no_residual
75,window_198,14776,14850,75,75,0,0,1.0,0.0,0.0,0,0,0,0.0,0.0,0.0,,no_residual
75,window_199,14851,14925,75,75,0,0,1.0,0.0,0.0,0,0,0,0.0,0.0,0.0,,no_residual
75,window_200,14926,15000,75,75,0,0,1.0,0.0,0.0,0,0,0,0.0,0.0,0.0,,no_residual
75,window_201,15001,15075,75,73,2,0,0.9733,0.0267,0.0,0,0,0,0.0,0.0,0.0,,no_residual
75,window_202,15076,15150,75,72,3,0,0.96,0.04,0.0,0,0,0,0.0,0.0,0.0,,no_residual
75,window_203,15151,15225,75,75,0,0,1.0,0.0,0.0,0,0,0,0.0,0.0,0.0,,no_residual
75,window_204,15226,15300,75,75,0,0,1.0,0.0,0.0,0,0,0,0.0,0.0,0.0,,no_residual
75,window_205,15301,15375,75,75,0,0,1.0,0.0,0.0,0,0,0,0.0,0.0,0.0,,no_residual
75,window_206,15376,15450,75,75,0,0,1.0,0.0,0.0,0,0,0,0.0,0.0,0.0,,no_residual
75,window_207,15451,15525,75,75,0,0,1.0,0.0,0.0,0,0,0,0.0,0.0,0.0,,no_residual
75,window_208,15526,15600,75,75,0,0,1.0,0.0,0.0,0,0,0,0.0,0.0,0.0,,no_residual
75,window_209,15601,15675,75,75,0,0,1.0,0.0,0.0,0,0,0,0.0,0.0,0.0,,no_residual
75,window_210,15676,15750,75,75,0,0,1.0,0.0,0.0,0,0,0,0.0,0.0,0.0,,no_residual
75,window_211,15751,15825,75,75,0,0,1.0,0.0,0.0,0,0,0,0.0,0.0,0.0,,no_residual
75,window_212,15826,15900,75,75,0,0,1.0,0.0,0.0,0,0,0,0.0,0.0,0.0,,no_residual
75,window_213,15901,15975,75,75,0,0,1.0,0.0,0.0,0,0,0,0.0,0.0,0.0,,no_residual
75,window_214,15976,16050,75,75,0,0,1.0,0.0,0.0,0,0,0,0.0,0.0,0.0,,no_residual
75,window_215,16051,16125,75,75,0,0,1.0,0.0,0.0,0,0,0,0.0,0.0,0.0,,no_residual
75,window_216,16126,16200,75,75,0,0,1.0,0.0,0.0,0,0,0,0.0,0.0,0.0,,no_residual
75,window_217,16201,16275,75,75,0,0,1.0,0.0,0.0,0,0,0,0.0,0.0,0.0,,no_residual
75,window_218,16276,16350,75,74,0,1,0.9867,0.0,0.0133,0,1,0,0.0,1.0,1.0,Nov <num> <num>:<num>:<num> combo kernel:,stable_attached_residual
75,window_219,16351,16425,75,75,0,0,1.0,0.0,0.0,0,0,0,0.0,0.0,0.0,,no_residual
75,window_220,16426,16500,75,75,0,0,1.0,0.0,0.0,0,0,0,0.0,0.0,0.0,,no_residual
75,window_221,16501,16575,75,75,0,0,1.0,0.0,0.0,0,0,0,0.0,0.0,0.0,,no_residual
75,window_222,16576,16650,75,75,0,0,1.0,0.0,0.0,0,0,0,0.0,0.0,0.0,,no_residual
75,window_223,16651,16725,75,75,0,0,1.0,0.0,0.0,0,0,0,0.0,0.0,0.0,,no_residual
75,window_224,16726,16800,75,72,0,3,0.96,0.0,0.04,2,3,0,0.6667,1.0,1.0,Nov <num> <num>:<num>:<num> combo kernel:,stable_attached_residual
75,window_225,16801,16875,75,75,0,0,1.0,0.0,0.0,0,0,0,0.0,0.0,0.0,,no_residual
75,window_226,16876,16950,75,75,0,0,1.0,0.0,0.0,0,0,0,0.0,0.0,0.0,,no_residual
75,window_227,16951,17025,75,75,0,0,1.0,0.0,0.0,0,0,0,0.0,0.0,0.0,,no_residual
75,window_228,17026,17100,75,75,0,0,1.0,0.0,0.0,0,0,0,0.0,0.0,0.0,,no_residual
75,window_229,17101,17175,75,75,0,0,1.0,0.0,0.0,0,0,0,0.0,0.0,0.0,,no_residual
75,window_230,17176,17250,75,75,0,0,1.0,0.0,0.0,0,0,0,0.0,0.0,0.0,,no_residual
75,window_231,17251,17325,75,73,2,0,0.9733,0.0267,0.0,0,0,0,0.0,0.0,0.0,,no_residual
75,window_232,17326,17400,75,74,0,1,0.9867,0.0,0.0133,0,1,0,0.0,1.0,1.0,Dec <num> <num>:<num>:<num> combo kernel:,stable_attached_residual
75,window_233,17401,17475,75,75,0,0,1.0,0.0,0.0,0,0,0,0.0,0.0,0.0,,no_residual
75,window_234,17476,17550,75,75,0,0,1.0,0.0,0.0,0,0,0,0.0,0.0,0.0,,no_residual
75,window_235,17551,17625,75,75,0,0,1.0,0.0,0.0,0,0,0,0.0,0.0,0.0,,no_residual
75,window_236,17626,17700,75,74,1,0,0.9867,0.0133,0.0,0,0,0,0.0,0.0,0.0,,no_residual
75,window_237,17701,17775,75,75,0,0,1.0,0.0,0.0,0,0,0,0.0,0.0,0.0,,no_residual
75,window_238,17776,17850,75,75,0,0,1.0,0.0,0.0,0,0,0,0.0,0.0,0.0,,no_residual
75,window_239,17851,17925,75,75,0,0,1.0,0.0,0.0,0,0,0,0.0,0.0,0.0,,no_residual
75,window_240,17926,18000,75,75,0,0,1.0,0.0,0.0,0,0,0,0.0,0.0,0.0,,no_residual
75,window_241,18001,18075,75,75,0,0,1.0,0.0,0.0,0,0,0,0.0,0.0,0.0,,no_residual
75,window_242,18076,18150,75,75,0,0,1.0,0.0,0.0,0,0,0,0.0,0.0,0.0,,no_residual
75,window_243,18151,18225,75,75,0,0,1.0,0.0,0.0,0,0,0,0.0,0.0,0.0,,no_residual
75,window_244,18226,18300,75,75,0,0,1.0,0.0,0.0,0,0,0,0.0,0.0,0.0,,no_residual
75,window_245,18301,18375,75,75,0,0,1.0,0.0,0.0,0,0,0,0.0,0.0,0.0,,no_residual
75,window_246,18376,18450,75,75,0,0,1.0,0.0,0.0,0,0,0,0.0,0.0,0.0,,no_residual
75,window_247,18451,18525,75,74,0,1,0.9867,0.0,0.0133,0,1,0,0.0,1.0,1.0,Dec <num> <num>:<num>:<num> combo kernel:,stable_attached_residual
75,window_248,18526,18600,75,75,0,0,1.0,0.0,0.0,0,0,0,0.0,0.0,0.0,,no_residual
75,window_249,18601,18675,75,75,0,0,1.0,0.0,0.0,0,0,0,0.0,0.0,0.0,,no_residual
75,window_250,18676,18750,75,46,17,12,0.6133,0.2267,0.16,9,7,2,0.75,0.5833,1.0,Dec <num> <num>:<num>:<num> combo kernel:,stable_attached_residual
75,window_251,18751,18825,75,73,2,0,0.9733,0.0267,0.0,0,0,0,0.0,0.0,0.0,,no_residual
75,window_252,18826,18900,75,75,0,0,1.0,0.0,0.0,0,0,0,0.0,0.0,0.0,,no_residual
75,window_253,18901,18975,75,75,0,0,1.0,0.0,0.0,0,0,0,0.0,0.0,0.0,,no_residual
75,window_254,18976,19050,75,74,1,0,0.9867,0.0133,0.0,0,0,0,0.0,0.0,0.0,,no_residual
75,window_255,19051,19125,75,75,0,0,1.0,0.0,0.0,0,0,0,0.0,0.0,0.0,,no_residual
75,window_256,19126,19200,75,75,0,0,1.0,0.0,0.0,0,0,0,0.0,0.0,0.0,,no_residual
75,window_257,19201,19275,75,75,0,0,1.0,0.0,0.0,0,0,0,0.0,0.0,0.0,,no_residual
75,window_258,19276,19350,75,74,1,0,0.9867,0.0133,0.0,0,0,0,0.0,0.0,0.0,,no_residual
75,window_259,19351,19425,75,75,0,0,1.0,0.0,0.0,0,0,0,0.0,0.0,0.0,,no_residual
75,window_260,19426,19500,75,75,0,0,1.0,0.0,0.0,0,0,0,0.0,0.0,0.0,,no_residual
75,window_261,19501,19575,75,75,0,0,1.0,0.0,0.0,0,0,0,0.0,0.0,0.0,,no_residual
75,window_262,19576,19650,75,75,0,0,1.0,0.0,0.0,0,0,0,0.0,0.0,0.0,,no_residual
75,window_263,19651,19725,75,75,0,0,1.0,0.0,0.0,0,0,0,0.0,0.0,0.0,,no_residual
75,window_264,19726,19800,75,75,0,0,1.0,0.0,0.0,0,0,0,0.0,0.0,0.0,,no_residual
75,window_265,19801,19875,75,74,1,0,0.9867,0.0133,0.0,0,0,0,0.0,0.0,0.0,,no_residual
75,window_266,19876,19950,75,74,1,0,0.9867,0.0133,0.0,0,0,0,0.0,0.0,0.0,,no_residual
75,window_267,19951,20025,75,75,0,0,1.0,0.0,0.0,0,0,0,0.0,0.0,0.0,,no_residual
75,window_268,20026,20100,75,75,0,0,1.0,0.0,0.0,0,0,0,0.0,0.0,0.0,,no_residual
75,window_269,20101,20175,75,75,0,0,1.0,0.0,0.0,0,0,0,0.0,0.0,0.0,,no_residual
75,window_270,20176,20250,75,75,0,0,1.0,0.0,0.0,0,0,0,0.0,0.0,0.0,,no_residual
75,window_271,20251,20325,75,75,0,0,1.0,0.0,0.0,0,0,0,0.0,0.0,0.0,,no_residual
75,window_272,20326,20400,75,75,0,0,1.0,0.0,0.0,0,0,0,0.0,0.0,0.0,,no_residual
75,window_273,20401,20475,75,75,0,0,1.0,0.0,0.0,0,0,0,0.0,0.0,0.0,,no_residual
75,window_274,20476,20550,75,75,0,0,1.0,0.0,0.0,0,0,0,0.0,0.0,0.0,,no_residual
75,window_275,20551,20625,75,71,4,0,0.9467,0.0533,0.0,0,0,0,0.0,0.0,0.0,,no_residual
75,window_276,20626,20700,75,64,9,2,0.8533,0.12,0.0267,2,2,0,1.0,1.0,1.0,Dec <num> <num>:<num>:<num> combo kernel:,stable_attached_residual
75,window_277,20701,20775,75,75,0,0,1.0,0.0,0.0,0,0,0,0.0,0.0,0.0,,no_residual
75,window_278,20776,20850,75,69,6,0,0.92,0.08,0.0,0,0,0,0.0,0.0,0.0,,no_residual
75,window_279,20851,20925,75,75,0,0,1.0,0.0,0.0,0,0,0,0.0,0.0,0.0,,no_residual
75,window_280,20926,21000,75,75,0,0,1.0,0.0,0.0,0,0,0,0.0,0.0,0.0,,no_residual
75,window_281,21001,21075,75,50,18,7,0.6667,0.24,0.0933,5,2,5,0.7143,0.2857,0.1429,Dec <num> <num>:<num>:<num> combo kernel:,partial_residual_cluster
75,window_282,21076,21150,75,2,14,59,0.0267,0.1867,0.7867,59,1,8,1.0,0.0169,0.3898,Dec <num> <num>:<num>:<num> combo kernel:,residual_island
75,window_283,21151,21225,75,1,0,74,0.0133,0.0,0.9867,74,2,0,1.0,0.027,0.7973,Dec <num> <num>:<num>:<num> combo kernel:,residual_island
75,window_284,21226,21300,75,4,4,67,0.0533,0.0533,0.8933,66,6,5,0.9851,0.0896,0.7761,Dec <num> <num>:<num>:<num> combo kernel:,residual_island
75,window_285,21301,21375,75,7,14,54,0.0933,0.1867,0.72,54,5,8,1.0,0.0926,0.2963,Dec <num> <num>:<num>:<num> combo kernel:,residual_island
75,window_286,21376,21450,75,17,41,17,0.2267,0.5467,0.2267,12,8,3,0.7059,0.4706,0.2941,Dec <num> <num>:<num>:<num> combo ntpd[<num>]:,partial_residual_cluster
75,window_287,21451,21525,75,70,1,4,0.9333,0.0133,0.0533,3,2,1,0.75,0.5,0.75,Dec <num> <num>:<num>:<num> combo ntpd[<num>]:,stable_attached_residual
75,window_288,21526,21600,75,75,0,0,1.0,0.0,0.0,0,0,0,0.0,0.0,0.0,,no_residual
75,window_289,21601,21675,75,48,22,5,0.64,0.2933,0.0667,3,2,3,0.6,0.4,0.4,Dec <num> <num>:<num>:<num> combo --,partial_residual_cluster
75,window_290,21676,21750,75,64,11,0,0.8533,0.1467,0.0,0,0,0,0.0,0.0,0.0,,no_residual
75,window_291,21751,21825,75,60,15,0,0.8,0.2,0.0,0,0,0,0.0,0.0,0.0,,no_residual
75,window_292,21826,21900,75,75,0,0,1.0,0.0,0.0,0,0,0,0.0,0.0,0.0,,no_residual
75,window_293,21901,21975,75,74,0,1,0.9867,0.0,0.0133,0,1,0,0.0,1.0,1.0,Jan <num> <num>:<num>:<num> combo snmpd[<num>]:,stable_attached_residual
75,window_294,21976,22050,75,70,4,1,0.9333,0.0533,0.0133,0,1,0,0.0,1.0,1.0,Jan <num> <num>:<num>:<num> combo sshd(pam_unix)[<num>]:,stable_attached_residual
75,window_295,22051,22125,75,75,0,0,1.0,0.0,0.0,0,0,0,0.0,0.0,0.0,,no_residual
75,window_296,22126,22200,75,74,1,0,0.9867,0.0133,0.0,0,0,0,0.0,0.0,0.0,,no_residual
75,window_297,22201,22275,75,74,1,0,0.9867,0.0133,0.0,0,0,0,0.0,0.0,0.0,,no_residual
75,window_298,22276,22350,75,73,1,1,0.9733,0.0133,0.0133,0,1,0,0.0,1.0,1.0,Jan <num> <num>:<num>:<num> combo sshd(pam_unix)[<num>]:,stable_attached_residual
75,window_299,22351,22425,75,74,1,0,0.9867,0.0133,0.0,0,0,0,0.0,0.0,0.0,,no_residual
75,window_300,22426,22500,75,71,4,0,0.9467,0.0533,0.0,0,0,0,0.0,0.0,0.0,,no_residual
75,window_301,22501,22575,75,73,2,0,0.9733,0.0267,0.0,0,0,0,0.0,0.0,0.0,,no_residual
75,window_302,22576,22650,75,75,0,0,1.0,0.0,0.0,0,0,0,0.0,0.0,0.0,,no_residual
75,window_303,22651,22725,75,74,1,0,0.9867,0.0133,0.0,0,0,0,0.0,0.0,0.0,,no_residual
75,window_304,22726,22800,75,75,0,0,1.0,0.0,0.0,0,0,0,0.0,0.0,0.0,,no_residual
75,window_305,22801,22875,75,73,2,0,0.9733,0.0267,0.0,0,0,0,0.0,0.0,0.0,,no_residual
75,window_306,22876,22950,75,75,0,0,1.0,0.0,0.0,0,0,0,0.0,0.0,0.0,,no_residual
75,window_307,22951,23025,75,75,0,0,1.0,0.0,0.0,0,0,0,0.0,0.0,0.0,,no_residual
75,window_308,23026,23100,75,75,0,0,1.0,0.0,0.0,0,0,0,0.0,0.0,0.0,,no_residual
75,window_309,23101,23175,75,75,0,0,1.0,0.0,0.0,0,0,0,0.0,0.0,0.0,,no_residual
75,window_310,23176,23250,75,75,0,0,1.0,0.0,0.0,0,0,0,0.0,0.0,0.0,,no_residual
75,window_311,23251,23325,75,75,0,0,1.0,0.0,0.0,0,0,0,0.0,0.0,0.0,,no_residual
75,window_312,23326,23400,75,50,16,9,0.6667,0.2133,0.12,8,3,3,0.8889,0.3333,0.1111,Jan <num> <num>:<num>:<num> combo sendmail:,partial_residual_cluster
75,window_313,23401,23475,75,5,6,64,0.0667,0.08,0.8533,64,7,3,1.0,0.1094,0.4219,Jan <num> <num>:<num>:<num> combo kernel:,residual_island
75,window_314,23476,23550,75,1,0,74,0.0133,0.0,0.9867,74,2,0,1.0,0.027,0.8378,Jan <num> <num>:<num>:<num> combo kernel:,residual_island
75,window_315,23551,23625,75,3,4,68,0.04,0.0533,0.9067,68,4,6,1.0,0.0588,0.7941,Jan <num> <num>:<num>:<num> combo kernel:,residual_island
75,window_316,23626,23700,75,9,7,59,0.12,0.0933,0.7867,57,12,11,0.9661,0.2034,0.9831,Jan <num> <num>:<num>:<num> combo kernel:,residual_island
75,window_317,23701,23775,75,3,19,53,0.04,0.2533,0.7067,48,5,28,0.9057,0.0943,0.9811,Jan <num> <num>:<num>:<num> combo kernel:,residual_island
75,window_318,23776,23850,75,1,20,54,0.0133,0.2667,0.72,51,2,22,0.9444,0.037,0.7963,Jan <num> <num>:<num>:<num> combo kernel:,residual_island
75,window_319,23851,23925,75,15,3,57,0.2,0.04,0.76,45,19,4,0.7895,0.3333,0.8947,Jan <num> <num>:<num>:<num> combo kernel:,partial_residual_cluster
75,window_320,23926,24000,75,15,4,56,0.2,0.0533,0.7467,51,11,8,0.9107,0.1964,0.5536,Jan <num> <num>:<num>:<num> combo kernel:,residual_island
75,window_321,24001,24075,75,10,37,28,0.1333,0.4933,0.3733,21,10,11,0.75,0.3571,0.4286,Jan <num> <num>:<num>:<num> combo kernel:,partial_residual_cluster
75,window_322,24076,24150,75,37,9,29,0.4933,0.12,0.3867,28,7,11,0.9655,0.2414,0.7586,Jan <num> <num>:<num>:<num> combo kernel:,residual_island
75,window_323,24151,24225,75,67,7,1,0.8933,0.0933,0.0133,0,1,0,0.0,1.0,1.0,Jan <num> <num>:<num>:<num> combo sshd(pam_unix)[<num>]:,stable_attached_residual
75,window_324,24226,24300,75,73,2,0,0.9733,0.0267,0.0,0,0,0,0.0,0.0,0.0,,no_residual
75,window_325,24301,24375,75,74,0,1,0.9867,0.0,0.0133,0,1,0,0.0,1.0,1.0,Jan <num> <num>:<num>:<num> combo sshd(pam_unix)[<num>]:,stable_attached_residual
75,window_326,24376,24450,75,74,0,1,0.9867,0.0,0.0133,0,1,0,0.0,1.0,1.0,Feb <num> <num>:<num>:<num> combo snmpd[<num>]:,stable_attached_residual
75,window_327,24451,24525,75,75,0,0,1.0,0.0,0.0,0,0,0,0.0,0.0,0.0,,no_residual
75,window_328,24526,24600,75,75,0,0,1.0,0.0,0.0,0,0,0,0.0,0.0,0.0,,no_residual
75,window_329,24601,24675,75,75,0,0,1.0,0.0,0.0,0,0,0,0.0,0.0,0.0,,no_residual
75,window_330,24676,24750,75,72,3,0,0.96,0.04,0.0,0,0,0,0.0,0.0,0.0,,no_residual
75,window_331,24751,24825,75,75,0,0,1.0,0.0,0.0,0,0,0,0.0,0.0,0.0,,no_residual
75,window_332,24826,24900,75,74,0,1,0.9867,0.0,0.0133,0,1,0,0.0,1.0,1.0,Feb <num> <num>:<num>:<num> combo sshd(pam_unix)[<num>]:,stable_attached_residual
75,window_333,24901,24975,75,75,0,0,1.0,0.0,0.0,0,0,0,0.0,0.0,0.0,,no_residual
75,window_334,24976,25050,75,73,0,2,0.9733,0.0,0.0267,0,2,0,0.0,1.0,1.0,Feb <num> <num>:<num>:<num> combo sshd(pam_unix)[<num>]:,stable_attached_residual
75,window_335,25051,25125,75,69,0,6,0.92,0.0,0.08,5,3,0,0.8333,0.5,1.0,Feb <num> <num>:<num>:<num> combo sshd(pam_unix)[<num>]:,stable_attached_residual
75,window_336,25126,25200,75,75,0,0,1.0,0.0,0.0,0,0,0,0.0,0.0,0.0,,no_residual
75,window_337,25201,25275,75,74,0,1,0.9867,0.0,0.0133,0,1,0,0.0,1.0,1.0,Feb <num> <num>:<num>:<num> combo sshd(pam_unix)[<num>]:,stable_attached_residual
75,window_338,25276,25350,75,69,4,2,0.92,0.0533,0.0267,0,2,1,0.0,1.0,1.0,Feb <num> <num>:<num>:<num> combo ftpd[<num>]:,stable_attached_residual
75,window_339,25351,25425,75,66,9,0,0.88,0.12,0.0,0,0,0,0.0,0.0,0.0,,no_residual
75,window_340,25426,25500,75,66,7,2,0.88,0.0933,0.0267,2,1,1,1.0,0.5,1.0,Feb <num> <num>:<num>:<num> combo telnetd[<num>]:,stable_attached_residual
75,window_341,25501,25567,67,60,6,1,0.8955,0.0896,0.0149,0,1,0,0.0,1.0,1.0,Feb <num> <num>:<num>:<num> combo sshd(pam_unix)[<num>]:,stable_attached_residual
100,window_001,1,100,100,5,94,1,0.05,0.94,0.01,0,0,1,0.0,0.0,1.0,Jun <num> <num>:<num>:<num> combo kernel:,diffuse_residual
100,window_002,101,200,100,4,94,2,0.04,0.94,0.02,2,0,2,1.0,0.0,1.0,Jun <num> <num>:<num>:<num> combo kernel:,residual_island
100,window_003,201,300,100,24,75,1,0.24,0.75,0.01,0,0,1,0.0,0.0,1.0,Jun <num> <num>:<num>:<num> combo udev[<num>]:,diffuse_residual
100,window_004,301,400,100,9,88,3,0.09,0.88,0.03,2,0,3,0.6667,0.0,1.0,Jun <num> <num>:<num>:<num> combo udev[<num>]:,partial_residual_cluster
100,window_005,401,500,100,4,94,2,0.04,0.94,0.02,0,0,2,0.0,0.0,0.5,Jun <num> <num>:<num>:<num> combo kernel:,diffuse_residual
100,window_006,501,600,100,5,95,0,0.05,0.95,0.0,0,0,0,0.0,0.0,0.0,,no_residual
100,window_007,601,700,100,44,55,1,0.44,0.55,0.01,0,1,0,0.0,1.0,1.0,Jun <num> <num>:<num>:<num> combo sshd(pam_unix)[<num>]:,stable_attached_residual
100,window_008,701,800,100,98,2,0,0.98,0.02,0.0,0,0,0,0.0,0.0,0.0,,no_residual
100,window_009,801,900,100,96,2,2,0.96,0.02,0.02,0,1,2,0.0,0.5,1.0,Jun <num> <num>:<num>:<num> combo gdm(pam_unix)[<num>]:,stable_attached_residual
100,window_010,901,1000,100,100,0,0,1.0,0.0,0.0,0,0,0,0.0,0.0,0.0,,no_residual
100,window_011,1001,1100,100,100,0,0,1.0,0.0,0.0,0,0,0,0.0,0.0,0.0,,no_residual
100,window_012,1101,1200,100,97,1,2,0.97,0.01,0.02,0,2,0,0.0,1.0,0.5,Jun <num> <num>:<num>:<num> combo ftpd[<num>]:,stable_attached_residual
100,window_013,1201,1300,100,100,0,0,1.0,0.0,0.0,0,0,0,0.0,0.0,0.0,,no_residual
100,window_014,1301,1400,100,99,1,0,0.99,0.01,0.0,0,0,0,0.0,0.0,0.0,,no_residual
100,window_015,1401,1500,100,100,0,0,1.0,0.0,0.0,0,0,0,0.0,0.0,0.0,,no_residual
100,window_016,1501,1600,100,100,0,0,1.0,0.0,0.0,0,0,0,0.0,0.0,0.0,,no_residual
100,window_017,1601,1700,100,100,0,0,1.0,0.0,0.0,0,0,0,0.0,0.0,0.0,,no_residual
100,window_018,1701,1800,100,100,0,0,1.0,0.0,0.0,0,0,0,0.0,0.0,0.0,,no_residual
100,window_019,1801,1900,100,96,2,2,0.96,0.02,0.02,2,0,1,1.0,0.0,0.5,Jul <num> <num>:<num>:<num> combo login(pam_unix)[<num>]:,residual_island
100,window_020,1901,2000,100,83,16,1,0.83,0.16,0.01,1,0,1,1.0,0.0,1.0,Jul <num> <num>:<num>:<num> combo login(pam_unix)[<num>]:,residual_island
100,window_021,2001,2100,100,100,0,0,1.0,0.0,0.0,0,0,0,0.0,0.0,0.0,,no_residual
100,window_022,2101,2200,100,100,0,0,1.0,0.0,0.0,0,0,0,0.0,0.0,0.0,,no_residual
100,window_023,2201,2300,100,97,0,3,0.97,0.0,0.03,3,2,0,1.0,0.6667,0.6667,Jul <num> <num>:<num>:<num> combo gdm(pam_unix)[<num>]:,stable_attached_residual
100,window_024,2301,2400,100,100,0,0,1.0,0.0,0.0,0,0,0,0.0,0.0,0.0,,no_residual
100,window_025,2401,2500,100,97,3,0,0.97,0.03,0.0,0,0,0,0.0,0.0,0.0,,no_residual
100,window_026,2501,2600,100,100,0,0,1.0,0.0,0.0,0,0,0,0.0,0.0,0.0,,no_residual
100,window_027,2601,2700,100,98,2,0,0.98,0.02,0.0,0,0,0,0.0,0.0,0.0,,no_residual
100,window_028,2701,2800,100,98,2,0,0.98,0.02,0.0,0,0,0,0.0,0.0,0.0,,no_residual
100,window_029,2801,2900,100,94,6,0,0.94,0.06,0.0,0,0,0,0.0,0.0,0.0,,no_residual
100,window_030,2901,3000,100,12,5,83,0.12,0.05,0.83,83,3,2,1.0,0.0361,0.8072,Jul <num> <num>:<num>:<num> combo kernel:,residual_island
100,window_031,3001,3100,100,4,6,90,0.04,0.06,0.9,88,8,8,0.9778,0.0889,0.8222,Jul <num> <num>:<num>:<num> combo kernel:,residual_island
100,window_032,3101,3200,100,24,12,64,0.24,0.12,0.64,59,13,7,0.9219,0.2031,0.2031,Jul <num> <num>:<num>:<num> combo kernel:,residual_island
100,window_033,3201,3300,100,55,30,15,0.55,0.3,0.15,13,1,9,0.8667,0.0667,0.6667,Jul <num> <num>:<num>:<num> combo udev[<num>]:,residual_island
100,window_034,3301,3400,100,82,11,7,0.82,0.11,0.07,4,2,5,0.5714,0.2857,0.7143,Aug <num> <num>:<num>:<num> combo gpm[<num>]:,partial_residual_cluster
100,window_035,3401,3500,100,96,4,0,0.96,0.04,0.0,0,0,0,0.0,0.0,0.0,,no_residual
100,window_036,3501,3600,100,96,3,1,0.96,0.03,0.01,0,1,0,0.0,1.0,1.0,Aug <num> <num>:<num>:<num> combo ftpd[<num>]:,stable_attached_residual
100,window_037,3601,3700,100,86,8,6,0.86,0.08,0.06,5,2,4,0.8333,0.3333,0.6667,Aug <num> <num>:<num>:<num> combo login(pam_unix)[<num>]:,partial_residual_cluster
100,window_038,3701,3800,100,99,0,1,0.99,0.0,0.01,0,1,0,0.0,1.0,1.0,Aug <num> <num>:<num>:<num> combo /sbin/mingetty[<num>]:,stable_attached_residual
100,window_039,3801,3900,100,97,3,0,0.97,0.03,0.0,0,0,0,0.0,0.0,0.0,,no_residual
100,window_040,3901,4000,100,97,3,0,0.97,0.03,0.0,0,0,0,0.0,0.0,0.0,,no_residual
100,window_041,4001,4100,100,100,0,0,1.0,0.0,0.0,0,0,0,0.0,0.0,0.0,,no_residual
100,window_042,4101,4200,100,100,0,0,1.0,0.0,0.0,0,0,0,0.0,0.0,0.0,,no_residual
100,window_043,4201,4300,100,97,3,0,0.97,0.03,0.0,0,0,0,0.0,0.0,0.0,,no_residual
100,window_044,4301,4400,100,100,0,0,1.0,0.0,0.0,0,0,0,0.0,0.0,0.0,,no_residual
100,window_045,4401,4500,100,100,0,0,1.0,0.0,0.0,0,0,0,0.0,0.0,0.0,,no_residual
100,window_046,4501,4600,100,100,0,0,1.0,0.0,0.0,0,0,0,0.0,0.0,0.0,,no_residual
100,window_047,4601,4700,100,100,0,0,1.0,0.0,0.0,0,0,0,0.0,0.0,0.0,,no_residual
100,window_048,4701,4800,100,98,2,0,0.98,0.02,0.0,0,0,0,0.0,0.0,0.0,,no_residual
100,window_049,4801,4900,100,97,3,0,0.97,0.03,0.0,0,0,0,0.0,0.0,0.0,,no_residual
100,window_050,4901,5000,100,97,0,3,0.97,0.0,0.03,2,3,0,0.6667,1.0,0.3333,Sep <num> <num>:<num>:<num> combo xinetd[<num>]:,stable_attached_residual
100,window_051,5001,5100,100,95,4,1,0.95,0.04,0.01,0,1,0,0.0,1.0,1.0,Sep <num> <num>:<num>:<num> combo ftpd[<num>]:,stable_attached_residual
100,window_052,5101,5200,100,40,60,0,0.4,0.6,0.0,0,0,0,0.0,0.0,0.0,,no_residual
100,window_053,5201,5300,100,4,91,5,0.04,0.91,0.05,0,0,5,0.0,0.0,0.6,Sep <num> <num>:<num>:<num> combo kernel:,diffuse_residual
100,window_054,5301,5400,100,14,86,0,0.14,0.86,0.0,0,0,0,0.0,0.0,0.0,,no_residual
100,window_055,5401,5500,100,48,52,0,0.48,0.52,0.0,0,0,0,0.0,0.0,0.0,,no_residual
100,window_056,5501,5600,100,99,0,1,0.99,0.0,0.01,0,1,0,0.0,1.0,1.0,Sep <num> <num>:<num>:<num> combo snmpd[<num>]:,stable_attached_residual
100,window_057,5601,5700,100,99,0,1,0.99,0.0,0.01,0,1,0,0.0,1.0,1.0,Sep <num> <num>:<num>:<num> combo sshd(pam_unix)[<num>]:,stable_attached_residual
100,window_058,5701,5800,100,96,4,0,0.96,0.04,0.0,0,0,0,0.0,0.0,0.0,,no_residual
100,window_059,5801,5900,100,29,24,47,0.29,0.24,0.47,47,5,5,1.0,0.1064,0.0638,Sep <num> <num>:<num>:<num> combo squid:,residual_island
100,window_060,5901,6000,100,3,96,1,0.03,0.96,0.01,0,0,1,0.0,0.0,1.0,Sep <num> <num>:<num>:<num> combo network:,diffuse_residual
100,window_061,6001,6100,100,5,95,0,0.05,0.95,0.0,0,0,0,0.0,0.0,0.0,,no_residual
100,window_062,6101,6200,100,27,71,2,0.27,0.71,0.02,0,0,2,0.0,0.0,1.0,Sep <num> <num>:<num>:<num> combo udev[<num>]:,diffuse_residual
100,window_063,6201,6300,100,59,33,8,0.59,0.33,0.08,5,3,6,0.625,0.375,0.25,Sep <num> <num>:<num>:<num> combo udev[<num>]:,partial_residual_cluster
100,window_064,6301,6400,100,98,2,0,0.98,0.02,0.0,0,0,0,0.0,0.0,0.0,,no_residual
100,window_065,6401,6500,100,100,0,0,1.0,0.0,0.0,0,0,0,0.0,0.0,0.0,,no_residual
100,window_066,6501,6600,100,99,1,0,0.99,0.01,0.0,0,0,0,0.0,0.0,0.0,,no_residual
100,window_067,6601,6700,100,93,4,3,0.93,0.04,0.03,2,3,0,0.6667,1.0,1.0,Oct <num> <num>:<num>:<num> combo sshd(pam_unix)[<num>]:,stable_attached_residual
100,window_068,6701,6800,100,91,6,3,0.91,0.06,0.03,0,3,2,0.0,1.0,0.6667,Oct <num> <num>:<num>:<num> combo sshd(pam_unix)[<num>]:,stable_attached_residual
100,window_069,6801,6900,100,96,1,3,0.96,0.01,0.03,0,3,1,0.0,1.0,0.6667,Oct <num> <num>:<num>:<num> combo sshd(pam_unix)[<num>]:,stable_attached_residual
100,window_070,6901,7000,100,100,0,0,1.0,0.0,0.0,0,0,0,0.0,0.0,0.0,,no_residual
100,window_071,7001,7100,100,100,0,0,1.0,0.0,0.0,0,0,0,0.0,0.0,0.0,,no_residual
100,window_072,7101,7200,100,100,0,0,1.0,0.0,0.0,0,0,0,0.0,0.0,0.0,,no_residual
100,window_073,7201,7300,100,97,2,1,0.97,0.02,0.01,0,1,0,0.0,1.0,1.0,Oct <num> <num>:<num>:<num> combo ftpd[<num>]:,stable_attached_residual
100,window_074,7301,7400,100,59,20,21,0.59,0.2,0.21,20,5,8,0.9524,0.2381,0.1905,Oct <num> <num>:<num>:<num> combo sshd(pam_unix)[<num>]:,residual_island
100,window_075,7401,7500,100,26,7,67,0.26,0.07,0.67,67,5,6,1.0,0.0746,0.3134,Oct <num> <num>:<num>:<num> combo kernel:,residual_island
100,window_076,7501,7600,100,1,0,99,0.01,0.0,0.99,99,2,0,1.0,0.0202,0.7172,Oct <num> <num>:<num>:<num> combo kernel:,residual_island
100,window_077,7601,7700,100,6,17,77,0.06,0.17,0.77,76,10,12,0.987,0.1299,0.7922,Oct <num> <num>:<num>:<num> combo kernel:,residual_island
100,window_078,7701,7800,100,22,38,40,0.22,0.38,0.4,33,9,6,0.825,0.225,0.2,Oct <num> <num>:<num>:<num> combo named[<num>]:,residual_island
100,window_079,7801,7900,100,92,3,5,0.92,0.03,0.05,5,1,1,1.0,0.2,0.6,Oct <num> <num>:<num>:<num> combo ntpd[<num>]:,residual_island
100,window_080,7901,8000,100,100,0,0,1.0,0.0,0.0,0,0,0,0.0,0.0,0.0,,no_residual
100,window_081,8001,8100,100,97,3,0,0.97,0.03,0.0,0,0,0,0.0,0.0,0.0,,no_residual
100,window_082,8101,8200,100,100,0,0,1.0,0.0,0.0,0,0,0,0.0,0.0,0.0,,no_residual
100,window_083,8201,8300,100,94,0,6,0.94,0.0,0.06,6,4,0,1.0,0.6667,1.0,Nov <num> <num>:<num>:<num> combo kernel:,stable_attached_residual
100,window_084,8301,8400,100,94,6,0,0.94,0.06,0.0,0,0,0,0.0,0.0,0.0,,no_residual
100,window_085,8401,8500,100,100,0,0,1.0,0.0,0.0,0,0,0,0.0,0.0,0.0,,no_residual
100,window_086,8501,8600,100,100,0,0,1.0,0.0,0.0,0,0,0,0.0,0.0,0.0,,no_residual
100,window_087,8601,8700,100,98,2,0,0.98,0.02,0.0,0,0,0,0.0,0.0,0.0,,no_residual
100,window_088,8701,8800,100,100,0,0,1.0,0.0,0.0,0,0,0,0.0,0.0,0.0,,no_residual
100,window_089,8801,8900,100,100,0,0,1.0,0.0,0.0,0,0,0,0.0,0.0,0.0,,no_residual
100,window_090,8901,9000,100,100,0,0,1.0,0.0,0.0,0,0,0,0.0,0.0,0.0,,no_residual
100,window_091,9001,9100,100,100,0,0,1.0,0.0,0.0,0,0,0,0.0,0.0,0.0,,no_residual
100,window_092,9101,9200,100,99,0,1,0.99,0.0,0.01,0,1,0,0.0,1.0,1.0,Nov <num> <num>:<num>:<num> combo kernel:,stable_attached_residual
100,window_093,9201,9300,100,100,0,0,1.0,0.0,0.0,0,0,0,0.0,0.0,0.0,,no_residual
100,window_094,9301,9400,100,100,0,0,1.0,0.0,0.0,0,0,0,0.0,0.0,0.0,,no_residual
100,window_095,9401,9500,100,100,0,0,1.0,0.0,0.0,0,0,0,0.0,0.0,0.0,,no_residual
100,window_096,9501,9600,100,100,0,0,1.0,0.0,0.0,0,0,0,0.0,0.0,0.0,,no_residual
100,window_097,9601,9700,100,100,0,0,1.0,0.0,0.0,0,0,0,0.0,0.0,0.0,,no_residual
100,window_098,9701,9800,100,97,3,0,0.97,0.03,0.0,0,0,0,0.0,0.0,0.0,,no_residual
100,window_099,9801,9900,100,100,0,0,1.0,0.0,0.0,0,0,0,0.0,0.0,0.0,,no_residual
100,window_100,9901,10000,100,100,0,0,1.0,0.0,0.0,0,0,0,0.0,0.0,0.0,,no_residual
100,window_101,10001,10100,100,100,0,0,1.0,0.0,0.0,0,0,0,0.0,0.0,0.0,,no_residual
100,window_102,10101,10200,100,100,0,0,1.0,0.0,0.0,0,0,0,0.0,0.0,0.0,,no_residual
100,window_103,10201,10300,100,100,0,0,1.0,0.0,0.0,0,0,0,0.0,0.0,0.0,,no_residual
100,window_104,10301,10400,100,100,0,0,1.0,0.0,0.0,0,0,0,0.0,0.0,0.0,,no_residual
100,window_105,10401,10500,100,100,0,0,1.0,0.0,0.0,0,0,0,0.0,0.0,0.0,,no_residual
100,window_106,10501,10600,100,100,0,0,1.0,0.0,0.0,0,0,0,0.0,0.0,0.0,,no_residual
100,window_107,10601,10700,100,100,0,0,1.0,0.0,0.0,0,0,0,0.0,0.0,0.0,,no_residual
100,window_108,10701,10800,100,100,0,0,1.0,0.0,0.0,0,0,0,0.0,0.0,0.0,,no_residual
100,window_109,10801,10900,100,100,0,0,1.0,0.0,0.0,0,0,0,0.0,0.0,0.0,,no_residual
100,window_110,10901,11000,100,100,0,0,1.0,0.0,0.0,0,0,0,0.0,0.0,0.0,,no_residual
100,window_111,11001,11100,100,99,0,1,0.99,0.0,0.01,0,1,0,0.0,1.0,1.0,Nov <num> <num>:<num>:<num> combo kernel:,stable_attached_residual
100,window_112,11101,11200,100,100,0,0,1.0,0.0,0.0,0,0,0,0.0,0.0,0.0,,no_residual
100,window_113,11201,11300,100,99,0,1,0.99,0.0,0.01,0,1,0,0.0,1.0,1.0,Nov <num> <num>:<num>:<num> combo kernel:,stable_attached_residual
100,window_114,11301,11400,100,97,0,3,0.97,0.0,0.03,3,2,0,1.0,0.6667,1.0,Nov <num> <num>:<num>:<num> combo kernel:,stable_attached_residual
100,window_115,11401,11500,100,100,0,0,1.0,0.0,0.0,0,0,0,0.0,0.0,0.0,,no_residual
100,window_116,11501,11600,100,100,0,0,1.0,0.0,0.0,0,0,0,0.0,0.0,0.0,,no_residual
100,window_117,11601,11700,100,99,0,1,0.99,0.0,0.01,0,1,0,0.0,1.0,1.0,Nov <num> <num>:<num>:<num> combo kernel:,stable_attached_residual
100,window_118,11701,11800,100,100,0,0,1.0,0.0,0.0,0,0,0,0.0,0.0,0.0,,no_residual
100,window_119,11801,11900,100,100,0,0,1.0,0.0,0.0,0,0,0,0.0,0.0,0.0,,no_residual
100,window_120,11901,12000,100,100,0,0,1.0,0.0,0.0,0,0,0,0.0,0.0,0.0,,no_residual
100,window_121,12001,12100,100,100,0,0,1.0,0.0,0.0,0,0,0,0.0,0.0,0.0,,no_residual
100,window_122,12101,12200,100,100,0,0,1.0,0.0,0.0,0,0,0,0.0,0.0,0.0,,no_residual
100,window_123,12201,12300,100,100,0,0,1.0,0.0,0.0,0,0,0,0.0,0.0,0.0,,no_residual
100,window_124,12301,12400,100,100,0,0,1.0,0.0,0.0,0,0,0,0.0,0.0,0.0,,no_residual
100,window_125,12401,12500,100,99,0,1,0.99,0.0,0.01,0,1,0,0.0,1.0,1.0,Nov <num> <num>:<num>:<num> combo kernel:,stable_attached_residual
100,window_126,12501,12600,100,87,12,1,0.87,0.12,0.01,0,1,0,0.0,1.0,1.0,Nov <num> <num>:<num>:<num> combo kernel:,stable_attached_residual
100,window_127,12601,12700,100,99,1,0,0.99,0.01,0.0,0,0,0,0.0,0.0,0.0,,no_residual
100,window_128,12701,12800,100,96,4,0,0.96,0.04,0.0,0,0,0,0.0,0.0,0.0,,no_residual
100,window_129,12801,12900,100,100,0,0,1.0,0.0,0.0,0,0,0,0.0,0.0,0.0,,no_residual
100,window_130,12901,13000,100,97,3,0,0.97,0.03,0.0,0,0,0,0.0,0.0,0.0,,no_residual
100,window_131,13001,13100,100,99,1,0,0.99,0.01,0.0,0,0,0,0.0,0.0,0.0,,no_residual
100,window_132,13101,13200,100,99,1,0,0.99,0.01,0.0,0,0,0,0.0,0.0,0.0,,no_residual
100,window_133,13201,13300,100,98,2,0,0.98,0.02,0.0,0,0,0,0.0,0.0,0.0,,no_residual
100,window_134,13301,13400,100,100,0,0,1.0,0.0,0.0,0,0,0,0.0,0.0,0.0,,no_residual
100,window_135,13401,13500,100,100,0,0,1.0,0.0,0.0,0,0,0,0.0,0.0,0.0,,no_residual
100,window_136,13501,13600,100,99,0,1,0.99,0.0,0.01,0,1,0,0.0,1.0,1.0,Nov <num> <num>:<num>:<num> combo kernel:,stable_attached_residual
100,window_137,13601,13700,100,100,0,0,1.0,0.0,0.0,0,0,0,0.0,0.0,0.0,,no_residual
100,window_138,13701,13800,100,100,0,0,1.0,0.0,0.0,0,0,0,0.0,0.0,0.0,,no_residual
100,window_139,13801,13900,100,98,2,0,0.98,0.02,0.0,0,0,0,0.0,0.0,0.0,,no_residual
100,window_140,13901,14000,100,100,0,0,1.0,0.0,0.0,0,0,0,0.0,0.0,0.0,,no_residual
100,window_141,14001,14100,100,97,0,3,0.97,0.0,0.03,2,3,0,0.6667,1.0,1.0,Nov <num> <num>:<num>:<num> combo kernel:,stable_attached_residual
100,window_142,14101,14200,100,100,0,0,1.0,0.0,0.0,0,0,0,0.0,0.0,0.0,,no_residual
100,window_143,14201,14300,100,100,0,0,1.0,0.0,0.0,0,0,0,0.0,0.0,0.0,,no_residual
100,window_144,14301,14400,100,100,0,0,1.0,0.0,0.0,0,0,0,0.0,0.0,0.0,,no_residual
100,window_145,14401,14500,100,100,0,0,1.0,0.0,0.0,0,0,0,0.0,0.0,0.0,,no_residual
100,window_146,14501,14600,100,91,9,0,0.91,0.09,0.0,0,0,0,0.0,0.0,0.0,,no_residual
100,window_147,14601,14700,100,100,0,0,1.0,0.0,0.0,0,0,0,0.0,0.0,0.0,,no_residual
100,window_148,14701,14800,100,100,0,0,1.0,0.0,0.0,0,0,0,0.0,0.0,0.0,,no_residual
100,window_149,14801,14900,100,100,0,0,1.0,0.0,0.0,0,0,0,0.0,0.0,0.0,,no_residual
100,window_150,14901,15000,100,100,0,0,1.0,0.0,0.0,0,0,0,0.0,0.0,0.0,,no_residual
100,window_151,15001,15100,100,95,5,0,0.95,0.05,0.0,0,0,0,0.0,0.0,0.0,,no_residual
100,window_152,15101,15200,100,100,0,0,1.0,0.0,0.0,0,0,0,0.0,0.0,0.0,,no_residual
100,window_153,15201,15300,100,100,0,0,1.0,0.0,0.0,0,0,0,0.0,0.0,0.0,,no_residual
100,window_154,15301,15400,100,100,0,0,1.0,0.0,0.0,0,0,0,0.0,0.0,0.0,,no_residual
100,window_155,15401,15500,100,100,0,0,1.0,0.0,0.0,0,0,0,0.0,0.0,0.0,,no_residual
100,window_156,15501,15600,100,100,0,0,1.0,0.0,0.0,0,0,0,0.0,0.0,0.0,,no_residual
100,window_157,15601,15700,100,100,0,0,1.0,0.0,0.0,0,0,0,0.0,0.0,0.0,,no_residual
100,window_158,15701,15800,100,100,0,0,1.0,0.0,0.0,0,0,0,0.0,0.0,0.0,,no_residual
100,window_159,15801,15900,100,100,0,0,1.0,0.0,0.0,0,0,0,0.0,0.0,0.0,,no_residual
100,window_160,15901,16000,100,100,0,0,1.0,0.0,0.0,0,0,0,0.0,0.0,0.0,,no_residual
100,window_161,16001,16100,100,100,0,0,1.0,0.0,0.0,0,0,0,0.0,0.0,0.0,,no_residual
100,window_162,16101,16200,100,100,0,0,1.0,0.0,0.0,0,0,0,0.0,0.0,0.0,,no_residual
100,window_163,16201,16300,100,99,0,1,0.99,0.0,0.01,0,1,0,0.0,1.0,1.0,Nov <num> <num>:<num>:<num> combo kernel:,stable_attached_residual
100,window_164,16301,16400,100,100,0,0,1.0,0.0,0.0,0,0,0,0.0,0.0,0.0,,no_residual
100,window_165,16401,16500,100,100,0,0,1.0,0.0,0.0,0,0,0,0.0,0.0,0.0,,no_residual
100,window_166,16501,16600,100,100,0,0,1.0,0.0,0.0,0,0,0,0.0,0.0,0.0,,no_residual
100,window_167,16601,16700,100,100,0,0,1.0,0.0,0.0,0,0,0,0.0,0.0,0.0,,no_residual
100,window_168,16701,16800,100,97,0,3,0.97,0.0,0.03,2,3,0,0.6667,1.0,1.0,Nov <num> <num>:<num>:<num> combo kernel:,stable_attached_residual
100,window_169,16801,16900,100,100,0,0,1.0,0.0,0.0,0,0,0,0.0,0.0,0.0,,no_residual
100,window_170,16901,17000,100,100,0,0,1.0,0.0,0.0,0,0,0,0.0,0.0,0.0,,no_residual
100,window_171,17001,17100,100,100,0,0,1.0,0.0,0.0,0,0,0,0.0,0.0,0.0,,no_residual
100,window_172,17101,17200,100,100,0,0,1.0,0.0,0.0,0,0,0,0.0,0.0,0.0,,no_residual
100,window_173,17201,17300,100,98,2,0,0.98,0.02,0.0,0,0,0,0.0,0.0,0.0,,no_residual
100,window_174,17301,17400,100,99,0,1,0.99,0.0,0.01,0,1,0,0.0,1.0,1.0,Dec <num> <num>:<num>:<num> combo kernel:,stable_attached_residual
100,window_175,17401,17500,100,100,0,0,1.0,0.0,0.0,0,0,0,0.0,0.0,0.0,,no_residual
100,window_176,17501,17600,100,100,0,0,1.0,0.0,0.0,0,0,0,0.0,0.0,0.0,,no_residual
100,window_177,17601,17700,100,99,1,0,0.99,0.01,0.0,0,0,0,0.0,0.0,0.0,,no_residual
100,window_178,17701,17800,100,100,0,0,1.0,0.0,0.0,0,0,0,0.0,0.0,0.0,,no_residual
100,window_179,17801,17900,100,100,0,0,1.0,0.0,0.0,0,0,0,0.0,0.0,0.0,,no_residual
100,window_180,17901,18000,100,100,0,0,1.0,0.0,0.0,0,0,0,0.0,0.0,0.0,,no_residual
100,window_181,18001,18100,100,100,0,0,1.0,0.0,0.0,0,0,0,0.0,0.0,0.0,,no_residual
100,window_182,18101,18200,100,100,0,0,1.0,0.0,0.0,0,0,0,0.0,0.0,0.0,,no_residual
100,window_183,18201,18300,100,100,0,0,1.0,0.0,0.0,0,0,0,0.0,0.0,0.0,,no_residual
100,window_184,18301,18400,100,100,0,0,1.0,0.0,0.0,0,0,0,0.0,0.0,0.0,,no_residual
100,window_185,18401,18500,100,100,0,0,1.0,0.0,0.0,0,0,0,0.0,0.0,0.0,,no_residual
100,window_186,18501,18600,100,99,0,1,0.99,0.0,0.01,0,1,0,0.0,1.0,1.0,Dec <num> <num>:<num>:<num> combo kernel:,stable_attached_residual
100,window_187,18601,18700,100,91,2,7,0.91,0.02,0.07,6,4,0,0.8571,0.5714,1.0,Dec <num> <num>:<num>:<num> combo kernel:,stable_attached_residual
100,window_188,18701,18800,100,78,17,5,0.78,0.17,0.05,3,3,2,0.6,0.6,1.0,Dec <num> <num>:<num>:<num> combo kernel:,stable_attached_residual
100,window_189,18801,18900,100,100,0,0,1.0,0.0,0.0,0,0,0,0.0,0.0,0.0,,no_residual
100,window_190,18901,19000,100,100,0,0,1.0,0.0,0.0,0,0,0,0.0,0.0,0.0,,no_residual
100,window_191,19001,19100,100,99,1,0,0.99,0.01,0.0,0,0,0,0.0,0.0,0.0,,no_residual
100,window_192,19101,19200,100,100,0,0,1.0,0.0,0.0,0,0,0,0.0,0.0,0.0,,no_residual
100,window_193,19201,19300,100,100,0,0,1.0,0.0,0.0,0,0,0,0.0,0.0,0.0,,no_residual
100,window_194,19301,19400,100,99,1,0,0.99,0.01,0.0,0,0,0,0.0,0.0,0.0,,no_residual
100,window_195,19401,19500,100,100,0,0,1.0,0.0,0.0,0,0,0,0.0,0.0,0.0,,no_residual
100,window_196,19501,19600,100,100,0,0,1.0,0.0,0.0,0,0,0,0.0,0.0,0.0,,no_residual
100,window_197,19601,19700,100,100,0,0,1.0,0.0,0.0,0,0,0,0.0,0.0,0.0,,no_residual
100,window_198,19701,19800,100,100,0,0,1.0,0.0,0.0,0,0,0,0.0,0.0,0.0,,no_residual
100,window_199,19801,19900,100,98,2,0,0.98,0.02,0.0,0,0,0,0.0,0.0,0.0,,no_residual
100,window_200,19901,20000,100,100,0,0,1.0,0.0,0.0,0,0,0,0.0,0.0,0.0,,no_residual
100,window_201,20001,20100,100,100,0,0,1.0,0.0,0.0,0,0,0,0.0,0.0,0.0,,no_residual
100,window_202,20101,20200,100,100,0,0,1.0,0.0,0.0,0,0,0,0.0,0.0,0.0,,no_residual
100,window_203,20201,20300,100,100,0,0,1.0,0.0,0.0,0,0,0,0.0,0.0,0.0,,no_residual
100,window_204,20301,20400,100,100,0,0,1.0,0.0,0.0,0,0,0,0.0,0.0,0.0,,no_residual
100,window_205,20401,20500,100,100,0,0,1.0,0.0,0.0,0,0,0,0.0,0.0,0.0,,no_residual
100,window_206,20501,20600,100,100,0,0,1.0,0.0,0.0,0,0,0,0.0,0.0,0.0,,no_residual
100,window_207,20601,20700,100,85,13,2,0.85,0.13,0.02,2,2,0,1.0,1.0,1.0,Dec <num> <num>:<num>:<num> combo kernel:,stable_attached_residual
100,window_208,20701,20800,100,100,0,0,1.0,0.0,0.0,0,0,0,0.0,0.0,0.0,,no_residual
100,window_209,20801,20900,100,94,6,0,0.94,0.06,0.0,0,0,0,0.0,0.0,0.0,,no_residual
100,window_210,20901,21000,100,100,0,0,1.0,0.0,0.0,0,0,0,0.0,0.0,0.0,,no_residual
100,window_211,21001,21100,100,51,20,29,0.51,0.2,0.29,27,3,7,0.931,0.1034,0.1034,Dec <num> <num>:<num>:<num> combo squid:,residual_island
100,window_212,21101,21200,100,2,12,86,0.02,0.12,0.86,86,2,6,1.0,0.0233,0.7209,Dec <num> <num>:<num>:<num> combo kernel:,residual_island
100,window_213,21201,21300,100,4,4,92,0.04,0.04,0.92,91,6,5,0.9891,0.0652,0.7826,Dec <num> <num>:<num>:<num> combo kernel:,residual_island
100,window_214,21301,21400,100,24,14,62,0.24,0.14,0.62,57,12,8,0.9194,0.1935,0.2581,Dec <num> <num>:<num>:<num> combo kernel:,residual_island
100,window_215,21401,21500,100,45,42,13,0.45,0.42,0.13,12,3,4,0.9231,0.2308,0.2308,Dec <num> <num>:<num>:<num> combo named[<num>]:,residual_island
100,window_216,21501,21600,100,100,0,0,1.0,0.0,0.0,0,0,0,0.0,0.0,0.0,,no_residual
100,window_217,21601,21700,100,62,33,5,0.62,0.33,0.05,3,2,3,0.6,0.4,0.4,Dec <num> <num>:<num>:<num> combo --,partial_residual_cluster
100,window_218,21701,21800,100,94,6,0,0.94,0.06,0.0,0,0,0,0.0,0.0,0.0,,no_residual
100,window_219,21801,21900,100,91,9,0,0.91,0.09,0.0,0,0,0,0.0,0.0,0.0,,no_residual
100,window_220,21901,22000,100,99,0,1,0.99,0.0,0.01,0,1,0,0.0,1.0,1.0,Jan <num> <num>:<num>:<num> combo snmpd[<num>]:,stable_attached_residual
100,window_221,22001,22100,100,95,4,1,0.95,0.04,0.01,0,1,0,0.0,1.0,1.0,Jan <num> <num>:<num>:<num> combo sshd(pam_unix)[<num>]:,stable_attached_residual
100,window_222,22101,22200,100,99,1,0,0.99,0.01,0.0,0,0,0,0.0,0.0,0.0,,no_residual
100,window_223,22201,22300,100,98,1,1,0.98,0.01,0.01,0,1,0,0.0,1.0,1.0,Jan <num> <num>:<num>:<num> combo sshd(pam_unix)[<num>]:,stable_attached_residual
100,window_224,22301,22400,100,98,2,0,0.98,0.02,0.0,0,0,0,0.0,0.0,0.0,,no_residual
100,window_225,22401,22500,100,96,4,0,0.96,0.04,0.0,0,0,0,0.0,0.0,0.0,,no_residual
100,window_226,22501,22600,100,98,2,0,0.98,0.02,0.0,0,0,0,0.0,0.0,0.0,,no_residual
100,window_227,22601,22700,100,99,1,0,0.99,0.01,0.0,0,0,0,0.0,0.0,0.0,,no_residual
100,window_228,22701,22800,100,100,0,0,1.0,0.0,0.0,0,0,0,0.0,0.0,0.0,,no_residual
100,window_229,22801,22900,100,98,2,0,0.98,0.02,0.0,0,0,0,0.0,0.0,0.0,,no_residual
100,window_230,22901,23000,100,100,0,0,1.0,0.0,0.0,0,0,0,0.0,0.0,0.0,,no_residual
100,window_231,23001,23100,100,100,0,0,1.0,0.0,0.0,0,0,0,0.0,0.0,0.0,,no_residual
100,window_232,23101,23200,100,100,0,0,1.0,0.0,0.0,0,0,0,0.0,0.0,0.0,,no_residual
100,window_233,23201,23300,100,100,0,0,1.0,0.0,0.0,0,0,0,0.0,0.0,0.0,,no_residual
100,window_234,23301,23400,100,75,16,9,0.75,0.16,0.09,8,3,3,0.8889,0.3333,0.1111,Jan <num> <num>:<num>:<num> combo sendmail:,partial_residual_cluster
100,window_235,23401,23500,100,6,6,88,0.06,0.06,0.88,88,9,3,1.0,0.1023,0.5455,Jan <num> <num>:<num>:<num> combo kernel:,residual_island
100,window_236,23501,23600,100,3,2,95,0.03,0.02,0.95,95,4,2,1.0,0.0421,0.7579,Jan <num> <num>:<num>:<num> combo kernel:,residual_island
100,window_237,23601,23700,100,9,9,82,0.09,0.09,0.82,80,12,15,0.9756,0.1463,0.9878,Jan <num> <num>:<num>:<num> combo kernel:,residual_island
100,window_238,23701,23800,100,3,23,74,0.03,0.23,0.74,69,6,35,0.9324,0.0811,0.9324,Jan <num> <num>:<num>:<num> combo kernel:,residual_island
100,window_239,23801,23900,100,6,19,75,0.06,0.19,0.75,68,7,19,0.9067,0.0933,0.8667,Jan <num> <num>:<num>:<num> combo kernel:,residual_island
100,window_240,23901,24000,100,25,4,71,0.25,0.04,0.71,58,24,8,0.8169,0.338,0.6056,Jan <num> <num>:<num>:<num> combo kernel:,partial_residual_cluster
100,window_241,24001,24100,100,11,44,45,0.11,0.44,0.45,38,12,20,0.8444,0.2667,0.5556,Jan <num> <num>:<num>:<num> combo kernel:,partial_residual_cluster
100,window_242,24101,24200,100,81,6,13,0.81,0.06,0.13,11,6,2,0.8462,0.4615,0.6923,Jan <num> <num>:<num>:<num> combo kernel:,partial_residual_cluster
100,window_243,24201,24300,100,95,5,0,0.95,0.05,0.0,0,0,0,0.0,0.0,0.0,,no_residual
100,window_244,24301,24400,100,99,0,1,0.99,0.0,0.01,0,1,0,0.0,1.0,1.0,Jan <num> <num>:<num>:<num> combo sshd(pam_unix)[<num>]:,stable_attached_residual
100,window_245,24401,24500,100,99,0,1,0.99,0.0,0.01,0,1,0,0.0,1.0,1.0,Feb <num> <num>:<num>:<num> combo snmpd[<num>]:,stable_attached_residual
100,window_246,24501,24600,100,100,0,0,1.0,0.0,0.0,0,0,0,0.0,0.0,0.0,,no_residual
100,window_247,24601,24700,100,97,3,0,0.97,0.03,0.0,0,0,0,0.0,0.0,0.0,,no_residual
100,window_248,24701,24800,100,100,0,0,1.0,0.0,0.0,0,0,0,0.0,0.0,0.0,,no_residual
100,window_249,24801,24900,100,99,0,1,0.99,0.0,0.01,0,1,0,0.0,1.0,1.0,Feb <num> <num>:<num>:<num> combo sshd(pam_unix)[<num>]:,stable_attached_residual
100,window_250,24901,25000,100,99,0,1,0.99,0.0,0.01,0,1,0,0.0,1.0,1.0,Feb <num> <num>:<num>:<num> combo sshd(pam_unix)[<num>]:,stable_attached_residual
100,window_251,25001,25100,100,94,0,6,0.94,0.0,0.06,5,3,0,0.8333,0.5,1.0,Feb <num> <num>:<num>:<num> combo sshd(pam_unix)[<num>]:,stable_attached_residual
100,window_252,25101,25200,100,99,0,1,0.99,0.0,0.01,0,1,0,0.0,1.0,1.0,Feb <num> <num>:<num>:<num> combo sshd(pam_unix)[<num>]:,stable_attached_residual
100,window_253,25201,25300,100,99,0,1,0.99,0.0,0.01,0,1,0,0.0,1.0,1.0,Feb <num> <num>:<num>:<num> combo sshd(pam_unix)[<num>]:,stable_attached_residual
100,window_254,25301,25400,100,91,7,2,0.91,0.07,0.02,0,2,1,0.0,1.0,1.0,Feb <num> <num>:<num>:<num> combo ftpd[<num>]:,stable_attached_residual
100,window_255,25401,25500,100,85,13,2,0.85,0.13,0.02,2,1,1,1.0,0.5,1.0,Feb <num> <num>:<num>:<num> combo telnetd[<num>]:,stable_attached_residual
100,window_256,25501,25567,67,60,6,1,0.8955,0.0896,0.0149,0,1,0,0.0,1.0,1.0,Feb <num> <num>:<num>:<num> combo sshd(pam_unix)[<num>]:,stable_attached_residual
150,window_001,1,150,150,8,141,1,0.0533,0.94,0.0067,0,0,1,0.0,0.0,1.0,Jun <num> <num>:<num>:<num> combo kernel:,diffuse_residual
150,window_002,151,300,150,25,122,3,0.1667,0.8133,0.02,2,0,3,0.6667,0.0,0.6667,Jun <num> <num>:<num>:<num> combo kernel:,partial_residual_cluster
150,window_003,301,450,150,10,135,5,0.0667,0.9,0.0333,2,0,5,0.4,0.0,0.6,Jun <num> <num>:<num>:<num> combo udev[<num>]:,partial_residual_cluster
150,window_004,451,600,150,8,142,0,0.0533,0.9467,0.0,0,0,0,0.0,0.0,0.0,,no_residual
150,window_005,601,750,150,93,56,1,0.62,0.3733,0.0067,0,1,0,0.0,1.0,1.0,Jun <num> <num>:<num>:<num> combo sshd(pam_unix)[<num>]:,stable_attached_residual
150,window_006,751,900,150,145,3,2,0.9667,0.02,0.0133,0,1,2,0.0,0.5,1.0,Jun <num> <num>:<num>:<num> combo gdm(pam_unix)[<num>]:,stable_attached_residual
150,window_007,901,1050,150,150,0,0,1.0,0.0,0.0,0,0,0,0.0,0.0,0.0,,no_residual
150,window_008,1051,1200,150,147,1,2,0.98,0.0067,0.0133,0,2,0,0.0,1.0,0.5,Jun <num> <num>:<num>:<num> combo ftpd[<num>]:,stable_attached_residual
150,window_009,1201,1350,150,150,0,0,1.0,0.0,0.0,0,0,0,0.0,0.0,0.0,,no_residual
150,window_010,1351,1500,150,149,1,0,0.9933,0.0067,0.0,0,0,0,0.0,0.0,0.0,,no_residual
150,window_011,1501,1650,150,150,0,0,1.0,0.0,0.0,0,0,0,0.0,0.0,0.0,,no_residual
150,window_012,1651,1800,150,150,0,0,1.0,0.0,0.0,0,0,0,0.0,0.0,0.0,,no_residual
150,window_013,1801,1950,150,133,14,3,0.8867,0.0933,0.02,3,0,2,1.0,0.0,0.6667,Jul <num> <num>:<num>:<num> combo login(pam_unix)[<num>]:,residual_island
150,window_014,1951,2100,150,146,4,0,0.9733,0.0267,0.0,0,0,0,0.0,0.0,0.0,,no_residual
150,window_015,2101,2250,150,147,0,3,0.98,0.0,0.02,3,2,0,1.0,0.6667,0.6667,Jul <num> <num>:<num>:<num> combo gdm(pam_unix)[<num>]:,stable_attached_residual
150,window_016,2251,2400,150,150,0,0,1.0,0.0,0.0,0,0,0,0.0,0.0,0.0,,no_residual
150,window_017,2401,2550,150,147,3,0,0.98,0.02,0.0,0,0,0,0.0,0.0,0.0,,no_residual
150,window_018,2551,2700,150,148,2,0,0.9867,0.0133,0.0,0,0,0,0.0,0.0,0.0,,no_residual
150,window_019,2701,2850,150,142,8,0,0.9467,0.0533,0.0,0,0,0,0.0,0.0,0.0,,no_residual
150,window_020,2851,3000,150,62,5,83,0.4133,0.0333,0.5533,83,3,2,1.0,0.0361,0.8072,Jul <num> <num>:<num>:<num> combo kernel:,residual_island
150,window_021,3001,3150,150,6,18,126,0.04,0.12,0.84,124,12,14,0.9841,0.0952,0.6905,Jul <num> <num>:<num>:<num> combo kernel:,residual_island
150,window_022,3151,3300,150,77,30,43,0.5133,0.2,0.2867,36,10,10,0.8372,0.2326,0.2326,Jul <num> <num>:<num>:<num> combo udev[<num>]:,residual_island
150,window_023,3301,3450,150,132,11,7,0.88,0.0733,0.0467,4,2,5,0.5714,0.2857,0.7143,Aug <num> <num>:<num>:<num> combo gpm[<num>]:,partial_residual_cluster
150,window_024,3451,3600,150,142,7,1,0.9467,0.0467,0.0067,0,1,0,0.0,1.0,1.0,Aug <num> <num>:<num>:<num> combo ftpd[<num>]:,stable_attached_residual
150,window_025,3601,3750,150,136,8,6,0.9067,0.0533,0.04,5,2,4,0.8333,0.3333,0.6667,Aug <num> <num>:<num>:<num> combo login(pam_unix)[<num>]:,partial_residual_cluster
150,window_026,3751,3900,150,146,3,1,0.9733,0.02,0.0067,0,1,0,0.0,1.0,1.0,Aug <num> <num>:<num>:<num> combo /sbin/mingetty[<num>]:,stable_attached_residual
150,window_027,3901,4050,150,147,3,0,0.98,0.02,0.0,0,0,0,0.0,0.0,0.0,,no_residual
150,window_028,4051,4200,150,150,0,0,1.0,0.0,0.0,0,0,0,0.0,0.0,0.0,,no_residual
150,window_029,4201,4350,150,147,3,0,0.98,0.02,0.0,0,0,0,0.0,0.0,0.0,,no_residual
150,window_030,4351,4500,150,150,0,0,1.0,0.0,0.0,0,0,0,0.0,0.0,0.0,,no_residual
150,window_031,4501,4650,150,150,0,0,1.0,0.0,0.0,0,0,0,0.0,0.0,0.0,,no_residual
150,window_032,4651,4800,150,148,2,0,0.9867,0.0133,0.0,0,0,0,0.0,0.0,0.0,,no_residual
150,window_033,4801,4950,150,145,3,2,0.9667,0.02,0.0133,2,2,0,1.0,1.0,0.5,Sep <num> <num>:<num>:<num> combo xinetd[<num>]:,stable_attached_residual
150,window_034,4951,5100,150,144,4,2,0.96,0.0267,0.0133,0,2,0,0.0,1.0,0.5,Sep <num> <num>:<num>:<num> combo sshd(pam_unix)[<num>]:,stable_attached_residual
150,window_035,5101,5250,150,40,108,2,0.2667,0.72,0.0133,0,0,2,0.0,0.0,1.0,Sep <num> <num>:<num>:<num> combo network:,diffuse_residual
150,window_036,5251,5400,150,18,129,3,0.12,0.86,0.02,0,0,3,0.0,0.0,1.0,Sep <num> <num>:<num>:<num> combo kernel:,diffuse_residual
150,window_037,5401,5550,150,98,52,0,0.6533,0.3467,0.0,0,0,0,0.0,0.0,0.0,,no_residual
150,window_038,5551,5700,150,148,0,2,0.9867,0.0,0.0133,0,2,0,0.0,1.0,0.5,Sep <num> <num>:<num>:<num> combo snmpd[<num>]:,stable_attached_residual
150,window_039,5701,5850,150,103,21,26,0.6867,0.14,0.1733,26,3,5,1.0,0.1154,0.1154,Sep <num> <num>:<num>:<num> combo squid:,residual_island
150,window_040,5851,6000,150,25,103,22,0.1667,0.6867,0.1467,21,2,1,0.9545,0.0909,0.0909,Sep <num> <num>:<num>:<num> combo dd:,residual_island
150,window_041,6001,6150,150,17,133,0,0.1133,0.8867,0.0,0,0,0,0.0,0.0,0.0,,no_residual
150,window_042,6151,6300,150,74,66,10,0.4933,0.44,0.0667,5,3,8,0.5,0.3,0.4,Sep <num> <num>:<num>:<num> combo udev[<num>]:,partial_residual_cluster
150,window_043,6301,6450,150,148,2,0,0.9867,0.0133,0.0,0,0,0,0.0,0.0,0.0,,no_residual
150,window_044,6451,6600,150,149,1,0,0.9933,0.0067,0.0,0,0,0,0.0,0.0,0.0,,no_residual
150,window_045,6601,6750,150,139,7,4,0.9267,0.0467,0.0267,2,4,1,0.5,1.0,1.0,Oct <num> <num>:<num>:<num> combo sshd(pam_unix)[<num>]:,stable_attached_residual
150,window_046,6751,6900,150,141,4,5,0.94,0.0267,0.0333,0,5,2,0.0,1.0,0.6,Oct <num> <num>:<num>:<num> combo sshd(pam_unix)[<num>]:,stable_attached_residual
150,window_047,6901,7050,150,150,0,0,1.0,0.0,0.0,0,0,0,0.0,0.0,0.0,,no_residual
150,window_048,7051,7200,150,150,0,0,1.0,0.0,0.0,0,0,0,0.0,0.0,0.0,,no_residual
150,window_049,7201,7350,150,129,8,13,0.86,0.0533,0.0867,12,4,5,0.9231,0.3077,0.1538,Oct <num> <num>:<num>:<num> combo ftpd[<num>]:,partial_residual_cluster
150,window_050,7351,7500,150,53,21,76,0.3533,0.14,0.5067,75,7,9,0.9868,0.0921,0.2763,Oct <num> <num>:<num>:<num> combo kernel:,residual_island
150,window_051,7501,7650,150,5,3,142,0.0333,0.02,0.9467,142,8,3,1.0,0.0563,0.7958,Oct <num> <num>:<num>:<num> combo kernel:,residual_island
150,window_052,7651,7800,150,24,52,74,0.16,0.3467,0.4933,66,13,15,0.8919,0.1757,0.2568,Oct <num> <num>:<num>:<num> combo kernel:,residual_island
150,window_053,7801,7950,150,142,3,5,0.9467,0.02,0.0333,5,1,1,1.0,0.2,0.6,Oct <num> <num>:<num>:<num> combo ntpd[<num>]:,residual_island
150,window_054,7951,8100,150,147,3,0,0.98,0.02,0.0,0,0,0,0.0,0.0,0.0,,no_residual
150,window_055,8101,8250,150,144,0,6,0.96,0.0,0.04,6,4,0,1.0,0.6667,1.0,Nov <num> <num>:<num>:<num> combo kernel:,stable_attached_residual
150,window_056,8251,8400,150,144,6,0,0.96,0.04,0.0,0,0,0,0.0,0.0,0.0,,no_residual
150,window_057,8401,8550,150,150,0,0,1.0,0.0,0.0,0,0,0,0.0,0.0,0.0,,no_residual
150,window_058,8551,8700,150,148,2,0,0.9867,0.0133,0.0,0,0,0,0.0,0.0,0.0,,no_residual
150,window_059,8701,8850,150,150,0,0,1.0,0.0,0.0,0,0,0,0.0,0.0,0.0,,no_residual
150,window_060,8851,9000,150,150,0,0,1.0,0.0,0.0,0,0,0,0.0,0.0,0.0,,no_residual
150,window_061,9001,9150,150,149,0,1,0.9933,0.0,0.0067,0,1,0,0.0,1.0,1.0,Nov <num> <num>:<num>:<num> combo kernel:,stable_attached_residual
150,window_062,9151,9300,150,150,0,0,1.0,0.0,0.0,0,0,0,0.0,0.0,0.0,,no_residual
150,window_063,9301,9450,150,150,0,0,1.0,0.0,0.0,0,0,0,0.0,0.0,0.0,,no_residual
150,window_064,9451,9600,150,150,0,0,1.0,0.0,0.0,0,0,0,0.0,0.0,0.0,,no_residual
150,window_065,9601,9750,150,148,2,0,0.9867,0.0133,0.0,0,0,0,0.0,0.0,0.0,,no_residual
150,window_066,9751,9900,150,149,1,0,0.9933,0.0067,0.0,0,0,0,0.0,0.0,0.0,,no_residual
150,window_067,9901,10050,150,150,0,0,1.0,0.0,0.0,0,0,0,0.0,0.0,0.0,,no_residual
150,window_068,10051,10200,150,150,0,0,1.0,0.0,0.0,0,0,0,0.0,0.0,0.0,,no_residual
150,window_069,10201,10350,150,150,0,0,1.0,0.0,0.0,0,0,0,0.0,0.0,0.0,,no_residual
150,window_070,10351,10500,150,150,0,0,1.0,0.0,0.0,0,0,0,0.0,0.0,0.0,,no_residual
150,window_071,10501,10650,150,150,0,0,1.0,0.0,0.0,0,0,0,0.0,0.0,0.0,,no_residual
150,window_072,10651,10800,150,150,0,0,1.0,0.0,0.0,0,0,0,0.0,0.0,0.0,,no_residual
150,window_073,10801,10950,150,150,0,0,1.0,0.0,0.0,0,0,0,0.0,0.0,0.0,,no_residual
150,window_074,10951,11100,150,149,0,1,0.9933,0.0,0.0067,0,1,0,0.0,1.0,1.0,Nov <num> <num>:<num>:<num> combo kernel:,stable_attached_residual
150,window_075,11101,11250,150,150,0,0,1.0,0.0,0.0,0,0,0,0.0,0.0,0.0,,no_residual
150,window_076,11251,11400,150,146,0,4,0.9733,0.0,0.0267,3,3,0,0.75,0.75,1.0,Nov <num> <num>:<num>:<num> combo kernel:,stable_attached_residual
150,window_077,11401,11550,150,150,0,0,1.0,0.0,0.0,0,0,0,0.0,0.0,0.0,,no_residual
150,window_078,11551,11700,150,149,0,1,0.9933,0.0,0.0067,0,1,0,0.0,1.0,1.0,Nov <num> <num>:<num>:<num> combo kernel:,stable_attached_residual
150,window_079,11701,11850,150,150,0,0,1.0,0.0,0.0,0,0,0,0.0,0.0,0.0,,no_residual
150,window_080,11851,12000,150,150,0,0,1.0,0.0,0.0,0,0,0,0.0,0.0,0.0,,no_residual
150,window_081,12001,12150,150,150,0,0,1.0,0.0,0.0,0,0,0,0.0,0.0,0.0,,no_residual
150,window_082,12151,12300,150,150,0,0,1.0,0.0,0.0,0,0,0,0.0,0.0,0.0,,no_residual
150,window_083,12301,12450,150,149,0,1,0.9933,0.0,0.0067,0,1,0,0.0,1.0,1.0,Nov <num> <num>:<num>:<num> combo kernel:,stable_attached_residual
150,window_084,12451,12600,150,137,12,1,0.9133,0.08,0.0067,0,1,0,0.0,1.0,1.0,Nov <num> <num>:<num>:<num> combo kernel:,stable_attached_residual
150,window_085,12601,12750,150,149,1,0,0.9933,0.0067,0.0,0,0,0,0.0,0.0,0.0,,no_residual
150,window_086,12751,12900,150,146,4,0,0.9733,0.0267,0.0,0,0,0,0.0,0.0,0.0,,no_residual
150,window_087,12901,13050,150,147,3,0,0.98,0.02,0.0,0,0,0,0.0,0.0,0.0,,no_residual
150,window_088,13051,13200,150,148,2,0,0.9867,0.0133,0.0,0,0,0,0.0,0.0,0.0,,no_residual
150,window_089,13201,13350,150,148,2,0,0.9867,0.0133,0.0,0,0,0,0.0,0.0,0.0,,no_residual
150,window_090,13351,13500,150,150,0,0,1.0,0.0,0.0,0,0,0,0.0,0.0,0.0,,no_residual
150,window_091,13501,13650,150,149,0,1,0.9933,0.0,0.0067,0,1,0,0.0,1.0,1.0,Nov <num> <num>:<num>:<num> combo kernel:,stable_attached_residual
150,window_092,13651,13800,150,150,0,0,1.0,0.0,0.0,0,0,0,0.0,0.0,0.0,,no_residual
150,window_093,13801,13950,150,148,2,0,0.9867,0.0133,0.0,0,0,0,0.0,0.0,0.0,,no_residual
150,window_094,13951,14100,150,147,0,3,0.98,0.0,0.02,2,3,0,0.6667,1.0,1.0,Nov <num> <num>:<num>:<num> combo kernel:,stable_attached_residual
150,window_095,14101,14250,150,150,0,0,1.0,0.0,0.0,0,0,0,0.0,0.0,0.0,,no_residual
150,window_096,14251,14400,150,150,0,0,1.0,0.0,0.0,0,0,0,0.0,0.0,0.0,,no_residual
150,window_097,14401,14550,150,145,5,0,0.9667,0.0333,0.0,0,0,0,0.0,0.0,0.0,,no_residual
150,window_098,14551,14700,150,146,4,0,0.9733,0.0267,0.0,0,0,0,0.0,0.0,0.0,,no_residual
150,window_099,14701,14850,150,150,0,0,1.0,0.0,0.0,0,0,0,0.0,0.0,0.0,,no_residual
150,window_100,14851,15000,150,150,0,0,1.0,0.0,0.0,0,0,0,0.0,0.0,0.0,,no_residual
150,window_101,15001,15150,150,145,5,0,0.9667,0.0333,0.0,0,0,0,0.0,0.0,0.0,,no_residual
150,window_102,15151,15300,150,150,0,0,1.0,0.0,0.0,0,0,0,0.0,0.0,0.0,,no_residual
150,window_103,15301,15450,150,150,0,0,1.0,0.0,0.0,0,0,0,0.0,0.0,0.0,,no_residual
150,window_104,15451,15600,150,150,0,0,1.0,0.0,0.0,0,0,0,0.0,0.0,0.0,,no_residual
150,window_105,15601,15750,150,150,0,0,1.0,0.0,0.0,0,0,0,0.0,0.0,0.0,,no_residual
150,window_106,15751,15900,150,150,0,0,1.0,0.0,0.0,0,0,0,0.0,0.0,0.0,,no_residual
150,window_107,15901,16050,150,150,0,0,1.0,0.0,0.0,0,0,0,0.0,0.0,0.0,,no_residual
150,window_108,16051,16200,150,150,0,0,1.0,0.0,0.0,0,0,0,0.0,0.0,0.0,,no_residual
150,window_109,16201,16350,150,149,0,1,0.9933,0.0,0.0067,0,1,0,0.0,1.0,1.0,Nov <num> <num>:<num>:<num> combo kernel:,stable_attached_residual
150,window_110,16351,16500,150,150,0,0,1.0,0.0,0.0,0,0,0,0.0,0.0,0.0,,no_residual
150,window_111,16501,16650,150,150,0,0,1.0,0.0,0.0,0,0,0,0.0,0.0,0.0,,no_residual
150,window_112,16651,16800,150,147,0,3,0.98,0.0,0.02,2,3,0,0.6667,1.0,1.0,Nov <num> <num>:<num>:<num> combo kernel:,stable_attached_residual
150,window_113,16801,16950,150,150,0,0,1.0,0.0,0.0,0,0,0,0.0,0.0,0.0,,no_residual
150,window_114,16951,17100,150,150,0,0,1.0,0.0,0.0,0,0,0,0.0,0.0,0.0,,no_residual
150,window_115,17101,17250,150,150,0,0,1.0,0.0,0.0,0,0,0,0.0,0.0,0.0,,no_residual
150,window_116,17251,17400,150,147,2,1,0.98,0.0133,0.0067,0,1,0,0.0,1.0,1.0,Dec <num> <num>:<num>:<num> combo kernel:,stable_attached_residual
150,window_117,17401,17550,150,150,0,0,1.0,0.0,0.0,0,0,0,0.0,0.0,0.0,,no_residual
150,window_118,17551,17700,150,149,1,0,0.9933,0.0067,0.0,0,0,0,0.0,0.0,0.0,,no_residual
150,window_119,17701,17850,150,150,0,0,1.0,0.0,0.0,0,0,0,0.0,0.0,0.0,,no_residual
150,window_120,17851,18000,150,150,0,0,1.0,0.0,0.0,0,0,0,0.0,0.0,0.0,,no_residual
150,window_121,18001,18150,150,150,0,0,1.0,0.0,0.0,0,0,0,0.0,0.0,0.0,,no_residual
150,window_122,18151,18300,150,150,0,0,1.0,0.0,0.0,0,0,0,0.0,0.0,0.0,,no_residual
150,window_123,18301,18450,150,150,0,0,1.0,0.0,0.0,0,0,0,0.0,0.0,0.0,,no_residual
150,window_124,18451,18600,150,149,0,1,0.9933,0.0,0.0067,0,1,0,0.0,1.0,1.0,Dec <num> <num>:<num>:<num> combo kernel:,stable_attached_residual
150,window_125,18601,18750,150,121,17,12,0.8067,0.1133,0.08,9,7,2,0.75,0.5833,1.0,Dec <num> <num>:<num>:<num> combo kernel:,stable_attached_residual
150,window_126,18751,18900,150,148,2,0,0.9867,0.0133,0.0,0,0,0,0.0,0.0,0.0,,no_residual
150,window_127,18901,19050,150,149,1,0,0.9933,0.0067,0.0,0,0,0,0.0,0.0,0.0,,no_residual
150,window_128,19051,19200,150,150,0,0,1.0,0.0,0.0,0,0,0,0.0,0.0,0.0,,no_residual
150,window_129,19201,19350,150,149,1,0,0.9933,0.0067,0.0,0,0,0,0.0,0.0,0.0,,no_residual
150,window_130,19351,19500,150,150,0,0,1.0,0.0,0.0,0,0,0,0.0,0.0,0.0,,no_residual
150,window_131,19501,19650,150,150,0,0,1.0,0.0,0.0,0,0,0,0.0,0.0,0.0,,no_residual
150,window_132,19651,19800,150,150,0,0,1.0,0.0,0.0,0,0,0,0.0,0.0,0.0,,no_residual
150,window_133,19801,19950,150,148,2,0,0.9867,0.0133,0.0,0,0,0,0.0,0.0,0.0,,no_residual
150,window_134,19951,20100,150,150,0,0,1.0,0.0,0.0,0,0,0,0.0,0.0,0.0,,no_residual
150,window_135,20101,20250,150,150,0,0,1.0,0.0,0.0,0,0,0,0.0,0.0,0.0,,no_residual
150,window_136,20251,20400,150,150,0,0,1.0,0.0,0.0,0,0,0,0.0,0.0,0.0,,no_residual
150,window_137,20401,20550,150,150,0,0,1.0,0.0,0.0,0,0,0,0.0,0.0,0.0,,no_residual
150,window_138,20551,20700,150,135,13,2,0.9,0.0867,0.0133,2,2,0,1.0,1.0,1.0,Dec <num> <num>:<num>:<num> combo kernel:,stable_attached_residual
150,window_139,20701,20850,150,144,6,0,0.96,0.04,0.0,0,0,0,0.0,0.0,0.0,,no_residual
150,window_140,20851,21000,150,150,0,0,1.0,0.0,0.0,0,0,0,0.0,0.0,0.0,,no_residual
150,window_141,21001,21150,150,52,32,66,0.3467,0.2133,0.44,64,3,13,0.9697,0.0455,0.3636,Dec <num> <num>:<num>:<num> combo kernel:,residual_island
150,window_142,21151,21300,150,5,4,141,0.0333,0.0267,0.94,140,8,5,0.9929,0.0567,0.7872,Dec <num> <num>:<num>:<num> combo kernel:,residual_island
150,window_143,21301,21450,150,24,55,71,0.16,0.3667,0.4733,66,13,11,0.9296,0.1831,0.2254,Dec <num> <num>:<num>:<num> combo kernel:,residual_island
150,window_144,21451,21600,150,145,1,4,0.9667,0.0067,0.0267,3,2,1,0.75,0.5,0.75,Dec <num> <num>:<num>:<num> combo ntpd[<num>]:,stable_attached_residual
150,window_145,21601,21750,150,112,33,5,0.7467,0.22,0.0333,3,2,3,0.6,0.4,0.4,Dec <num> <num>:<num>:<num> combo --,partial_residual_cluster
150,window_146,21751,21900,150,135,15,0,0.9,0.1,0.0,0,0,0,0.0,0.0,0.0,,no_residual
150,window_147,21901,22050,150,144,4,2,0.96,0.0267,0.0133,0,2,0,0.0,1.0,0.5,Jan <num> <num>:<num>:<num> combo snmpd[<num>]:,stable_attached_residual
150,window_148,22051,22200,150,149,1,0,0.9933,0.0067,0.0,0,0,0,0.0,0.0,0.0,,no_residual
150,window_149,22201,22350,150,147,2,1,0.98,0.0133,0.0067,0,1,0,0.0,1.0,1.0,Jan <num> <num>:<num>:<num> combo sshd(pam_unix)[<num>]:,stable_attached_residual
150,window_150,22351,22500,150,145,5,0,0.9667,0.0333,0.0,0,0,0,0.0,0.0,0.0,,no_residual
150,window_151,22501,22650,150,148,2,0,0.9867,0.0133,0.0,0,0,0,0.0,0.0,0.0,,no_residual
150,window_152,22651,22800,150,149,1,0,0.9933,0.0067,0.0,0,0,0,0.0,0.0,0.0,,no_residual
150,window_153,22801,22950,150,148,2,0,0.9867,0.0133,0.0,0,0,0,0.0,0.0,0.0,,no_residual
150,window_154,22951,23100,150,150,0,0,1.0,0.0,0.0,0,0,0,0.0,0.0,0.0,,no_residual
150,window_155,23101,23250,150,150,0,0,1.0,0.0,0.0,0,0,0,0.0,0.0,0.0,,no_residual
150,window_156,23251,23400,150,125,16,9,0.8333,0.1067,0.06,8,3,3,0.8889,0.3333,0.1111,Jan <num> <num>:<num>:<num> combo sendmail:,partial_residual_cluster
150,window_157,23401,23550,150,6,6,138,0.04,0.04,0.92,138,9,3,1.0,0.0652,0.6449,Jan <num> <num>:<num>:<num> combo kernel:,residual_island
150,window_158,23551,23700,150,12,11,127,0.08,0.0733,0.8467,125,16,17,0.9843,0.126,0.8819,Jan <num> <num>:<num>:<num> combo kernel:,residual_island
150,window_159,23701,23850,150,4,39,107,0.0267,0.26,0.7133,99,7,50,0.9252,0.0654,0.8879,Jan <num> <num>:<num>:<num> combo kernel:,residual_island
150,window_160,23851,24000,150,30,7,113,0.2,0.0467,0.7533,96,30,12,0.8496,0.2655,0.7257,Jan <num> <num>:<num>:<num> combo kernel:,partial_residual_cluster
150,window_161,24001,24150,150,47,46,57,0.3133,0.3067,0.38,49,17,22,0.8596,0.2982,0.5965,Jan <num> <num>:<num>:<num> combo kernel:,partial_residual_cluster
150,window_162,24151,24300,150,140,9,1,0.9333,0.06,0.0067,0,1,0,0.0,1.0,1.0,Jan <num> <num>:<num>:<num> combo sshd(pam_unix)[<num>]:,stable_attached_residual
150,window_163,24301,24450,150,148,0,2,0.9867,0.0,0.0133,0,2,0,0.0,1.0,0.5,Jan <num> <num>:<num>:<num> combo sshd(pam_unix)[<num>]:,stable_attached_residual
150,window_164,24451,24600,150,150,0,0,1.0,0.0,0.0,0,0,0,0.0,0.0,0.0,,no_residual
150,window_165,24601,24750,150,147,3,0,0.98,0.02,0.0,0,0,0,0.0,0.0,0.0,,no_residual
150,window_166,24751,24900,150,149,0,1,0.9933,0.0,0.0067,0,1,0,0.0,1.0,1.0,Feb <num> <num>:<num>:<num> combo sshd(pam_unix)[<num>]:,stable_attached_residual
150,window_167,24901,25050,150,148,0,2,0.9867,0.0,0.0133,0,2,0,0.0,1.0,1.0,Feb <num> <num>:<num>:<num> combo sshd(pam_unix)[<num>]:,stable_attached_residual
150,window_168,25051,25200,150,144,0,6,0.96,0.0,0.04,5,3,0,0.8333,0.5,1.0,Feb <num> <num>:<num>:<num> combo sshd(pam_unix)[<num>]:,stable_attached_residual
150,window_169,25201,25350,150,143,4,3,0.9533,0.0267,0.02,0,3,1,0.0,1.0,0.6667,Feb <num> <num>:<num>:<num> combo ftpd[<num>]:,stable_attached_residual
150,window_170,25351,25500,150,132,16,2,0.88,0.1067,0.0133,2,1,1,1.0,0.5,1.0,Feb <num> <num>:<num>:<num> combo telnetd[<num>]:,stable_attached_residual
150,window_171,25501,25567,67,60,6,1,0.8955,0.0896,0.0149,0,1,0,0.0,1.0,1.0,Feb <num> <num>:<num>:<num> combo sshd(pam_unix)[<num>]:,stable_attached_residual
200,window_001,1,200,200,9,188,3,0.045,0.94,0.015,2,0,3,0.6667,0.0,1.0,Jun <num> <num>:<num>:<num> combo kernel:,partial_residual_cluster
200,window_002,201,400,200,33,163,4,0.165,0.815,0.02,2,0,4,0.5,0.0,1.0,Jun <num> <num>:<num>:<num> combo udev[<num>]:,partial_residual_cluster
200,window_003,401,600,200,9,189,2,0.045,0.945,0.01,0,0,2,0.0,0.0,0.5,Jun <num> <num>:<num>:<num> combo kernel:,diffuse_residual
200,window_004,601,800,200,142,57,1,0.71,0.285,0.005,0,1,0,0.0,1.0,1.0,Jun <num> <num>:<num>:<num> combo sshd(pam_unix)[<num>]:,stable_attached_residual
200,window_005,801,1000,200,196,2,2,0.98,0.01,0.01,0,1,2,0.0,0.5,1.0,Jun <num> <num>:<num>:<num> combo gdm(pam_unix)[<num>]:,stable_attached_residual
200,window_006,1001,1200,200,197,1,2,0.985,0.005,0.01,0,2,0,0.0,1.0,0.5,Jun <num> <num>:<num>:<num> combo ftpd[<num>]:,stable_attached_residual
200,window_007,1201,1400,200,199,1,0,0.995,0.005,0.0,0,0,0,0.0,0.0,0.0,,no_residual
200,window_008,1401,1600,200,200,0,0,1.0,0.0,0.0,0,0,0,0.0,0.0,0.0,,no_residual
200,window_009,1601,1800,200,200,0,0,1.0,0.0,0.0,0,0,0,0.0,0.0,0.0,,no_residual
200,window_010,1801,2000,200,179,18,3,0.895,0.09,0.015,3,0,2,1.0,0.0,0.6667,Jul <num> <num>:<num>:<num> combo login(pam_unix)[<num>]:,residual_island
200,window_011,2001,2200,200,200,0,0,1.0,0.0,0.0,0,0,0,0.0,0.0,0.0,,no_residual
200,window_012,2201,2400,200,197,0,3,0.985,0.0,0.015,3,2,0,1.0,0.6667,0.6667,Jul <num> <num>:<num>:<num> combo gdm(pam_unix)[<num>]:,stable_attached_residual
200,window_013,2401,2600,200,197,3,0,0.985,0.015,0.0,0,0,0,0.0,0.0,0.0,,no_residual
200,window_014,2601,2800,200,196,4,0,0.98,0.02,0.0,0,0,0,0.0,0.0,0.0,,no_residual
200,window_015,2801,3000,200,106,11,83,0.53,0.055,0.415,83,3,2,1.0,0.0361,0.8072,Jul <num> <num>:<num>:<num> combo kernel:,residual_island
200,window_016,3001,3200,200,28,18,154,0.14,0.09,0.77,147,21,15,0.9545,0.1364,0.5649,Jul <num> <num>:<num>:<num> combo kernel:,residual_island
200,window_017,3201,3400,200,137,41,22,0.685,0.205,0.11,17,3,14,0.7727,0.1364,0.4545,Jul <num> <num>:<num>:<num> combo udev[<num>]:,residual_island
200,window_018,3401,3600,200,192,7,1,0.96,0.035,0.005,0,1,0,0.0,1.0,1.0,Aug <num> <num>:<num>:<num> combo ftpd[<num>]:,stable_attached_residual
200,window_019,3601,3800,200,185,8,7,0.925,0.04,0.035,5,3,4,0.7143,0.4286,0.5714,Aug <num> <num>:<num>:<num> combo login(pam_unix)[<num>]:,partial_residual_cluster
200,window_020,3801,4000,200,194,6,0,0.97,0.03,0.0,0,0,0,0.0,0.0,0.0,,no_residual
200,window_021,4001,4200,200,200,0,0,1.0,0.0,0.0,0,0,0,0.0,0.0,0.0,,no_residual
200,window_022,4201,4400,200,197,3,0,0.985,0.015,0.0,0,0,0,0.0,0.0,0.0,,no_residual
200,window_023,4401,4600,200,200,0,0,1.0,0.0,0.0,0,0,0,0.0,0.0,0.0,,no_residual
200,window_024,4601,4800,200,198,2,0,0.99,0.01,0.0,0,0,0,0.0,0.0,0.0,,no_residual
200,window_025,4801,5000,200,194,3,3,0.97,0.015,0.015,2,3,0,0.6667,1.0,0.3333,Sep <num> <num>:<num>:<num> combo xinetd[<num>]:,stable_attached_residual
200,window_026,5001,5200,200,135,64,1,0.675,0.32,0.005,0,1,0,0.0,1.0,1.0,Sep <num> <num>:<num>:<num> combo ftpd[<num>]:,stable_attached_residual
200,window_027,5201,5400,200,18,177,5,0.09,0.885,0.025,0,0,5,0.0,0.0,0.6,Sep <num> <num>:<num>:<num> combo kernel:,diffuse_residual
200,window_028,5401,5600,200,147,52,1,0.735,0.26,0.005,0,1,0,0.0,1.0,1.0,Sep <num> <num>:<num>:<num> combo snmpd[<num>]:,stable_attached_residual
200,window_029,5601,5800,200,195,4,1,0.975,0.02,0.005,0,1,0,0.0,1.0,1.0,Sep <num> <num>:<num>:<num> combo sshd(pam_unix)[<num>]:,stable_attached_residual
200,window_030,5801,6000,200,32,120,48,0.16,0.6,0.24,47,5,6,0.9792,0.1042,0.0625,Sep <num> <num>:<num>:<num> combo squid:,residual_island
200,window_031,6001,6200,200,32,166,2,0.16,0.83,0.01,0,0,2,0.0,0.0,1.0,Sep <num> <num>:<num>:<num> combo udev[<num>]:,diffuse_residual
200,window_032,6201,6400,200,157,35,8,0.785,0.175,0.04,5,3,6,0.625,0.375,0.25,Sep <num> <num>:<num>:<num> combo udev[<num>]:,partial_residual_cluster
200,window_033,6401,6600,200,199,1,0,0.995,0.005,0.0,0,0,0,0.0,0.0,0.0,,no_residual
200,window_034,6601,6800,200,184,10,6,0.92,0.05,0.03,2,6,2,0.3333,1.0,0.8333,Oct <num> <num>:<num>:<num> combo sshd(pam_unix)[<num>]:,stable_attached_residual
200,window_035,6801,7000,200,196,1,3,0.98,0.005,0.015,0,3,1,0.0,1.0,0.6667,Oct <num> <num>:<num>:<num> combo sshd(pam_unix)[<num>]:,stable_attached_residual
200,window_036,7001,7200,200,200,0,0,1.0,0.0,0.0,0,0,0,0.0,0.0,0.0,,no_residual
200,window_037,7201,7400,200,156,22,22,0.78,0.11,0.11,20,6,8,0.9091,0.2727,0.1818,Oct <num> <num>:<num>:<num> combo sshd(pam_unix)[<num>]:,partial_residual_cluster
200,window_038,7401,7600,200,27,7,166,0.135,0.035,0.83,166,7,6,1.0,0.0422,0.5542,Oct <num> <num>:<num>:<num> combo kernel:,residual_island
200,window_039,7601,7800,200,28,55,117,0.14,0.275,0.585,109,19,18,0.9316,0.1624,0.5214,Oct <num> <num>:<num>:<num> combo kernel:,residual_island
200,window_040,7801,8000,200,192,3,5,0.96,0.015,0.025,5,1,1,1.0,0.2,0.6,Oct <num> <num>:<num>:<num> combo ntpd[<num>]:,residual_island
200,window_041,8001,8200,200,197,3,0,0.985,0.015,0.0,0,0,0,0.0,0.0,0.0,,no_residual
200,window_042,8201,8400,200,188,6,6,0.94,0.03,0.03,6,4,0,1.0,0.6667,1.0,Nov <num> <num>:<num>:<num> combo kernel:,stable_attached_residual
200,window_043,8401,8600,200,200,0,0,1.0,0.0,0.0,0,0,0,0.0,0.0,0.0,,no_residual
200,window_044,8601,8800,200,198,2,0,0.99,0.01,0.0,0,0,0,0.0,0.0,0.0,,no_residual
200,window_045,8801,9000,200,200,0,0,1.0,0.0,0.0,0,0,0,0.0,0.0,0.0,,no_residual
200,window_046,9001,9200,200,199,0,1,0.995,0.0,0.005,0,1,0,0.0,1.0,1.0,Nov <num> <num>:<num>:<num> combo kernel:,stable_attached_residual
200,window_047,9201,9400,200,200,0,0,1.0,0.0,0.0,0,0,0,0.0,0.0,0.0,,no_residual
200,window_048,9401,9600,200,200,0,0,1.0,0.0,0.0,0,0,0,0.0,0.0,0.0,,no_residual
200,window_049,9601,9800,200,197,3,0,0.985,0.015,0.0,0,0,0,0.0,0.0,0.0,,no_residual
200,window_050,9801,10000,200,200,0,0,1.0,0.0,0.0,0,0,0,0.0,0.0,0.0,,no_residual
200,window_051,10001,10200,200,200,0,0,1.0,0.0,0.0,0,0,0,0.0,0.0,0.0,,no_residual
200,window_052,10201,10400,200,200,0,0,1.0,0.0,0.0,0,0,0,0.0,0.0,0.0,,no_residual
200,window_053,10401,10600,200,200,0,0,1.0,0.0,0.0,0,0,0,0.0,0.0,0.0,,no_residual
200,window_054,10601,10800,200,200,0,0,1.0,0.0,0.0,0,0,0,0.0,0.0,0.0,,no_residual
200,window_055,10801,11000,200,200,0,0,1.0,0.0,0.0,0,0,0,0.0,0.0,0.0,,no_residual
200,window_056,11001,11200,200,199,0,1,0.995,0.0,0.005,0,1,0,0.0,1.0,1.0,Nov <num> <num>:<num>:<num> combo kernel:,stable_attached_residual
200,window_057,11201,11400,200,196,0,4,0.98,0.0,0.02,3,3,0,0.75,0.75,1.0,Nov <num> <num>:<num>:<num> combo kernel:,stable_attached_residual
200,window_058,11401,11600,200,200,0,0,1.0,0.0,0.0,0,0,0,0.0,0.0,0.0,,no_residual
200,window_059,11601,11800,200,199,0,1,0.995,0.0,0.005,0,1,0,0.0,1.0,1.0,Nov <num> <num>:<num>:<num> combo kernel:,stable_attached_residual
200,window_060,11801,12000,200,200,0,0,1.0,0.0,0.0,0,0,0,0.0,0.0,0.0,,no_residual
200,window_061,12001,12200,200,200,0,0,1.0,0.0,0.0,0,0,0,0.0,0.0,0.0,,no_residual
200,window_062,12201,12400,200,200,0,0,1.0,0.0,0.0,0,0,0,0.0,0.0,0.0,,no_residual
200,window_063,12401,12600,200,186,12,2,0.93,0.06,0.01,0,2,0,0.0,1.0,1.0,Nov <num> <num>:<num>:<num> combo kernel:,stable_attached_residual
200,window_064,12601,12800,200,195,5,0,0.975,0.025,0.0,0,0,0,0.0,0.0,0.0,,no_residual
200,window_065,12801,13000,200,197,3,0,0.985,0.015,0.0,0,0,0,0.0,0.0,0.0,,no_residual
200,window_066,13001,13200,200,198,2,0,0.99,0.01,0.0,0,0,0,0.0,0.0,0.0,,no_residual
200,window_067,13201,13400,200,198,2,0,0.99,0.01,0.0,0,0,0,0.0,0.0,0.0,,no_residual
200,window_068,13401,13600,200,199,0,1,0.995,0.0,0.005,0,1,0,0.0,1.0,1.0,Nov <num> <num>:<num>:<num> combo kernel:,stable_attached_residual
200,window_069,13601,13800,200,200,0,0,1.0,0.0,0.0,0,0,0,0.0,0.0,0.0,,no_residual
200,window_070,13801,14000,200,198,2,0,0.99,0.01,0.0,0,0,0,0.0,0.0,0.0,,no_residual
200,window_071,14001,14200,200,197,0,3,0.985,0.0,0.015,2,3,0,0.6667,1.0,1.0,Nov <num> <num>:<num>:<num> combo kernel:,stable_attached_residual
200,window_072,14201,14400,200,200,0,0,1.0,0.0,0.0,0,0,0,0.0,0.0,0.0,,no_residual
200,window_073,14401,14600,200,191,9,0,0.955,0.045,0.0,0,0,0,0.0,0.0,0.0,,no_residual
200,window_074,14601,14800,200,200,0,0,1.0,0.0,0.0,0,0,0,0.0,0.0,0.0,,no_residual
200,window_075,14801,15000,200,200,0,0,1.0,0.0,0.0,0,0,0,0.0,0.0,0.0,,no_residual
200,window_076,15001,15200,200,195,5,0,0.975,0.025,0.0,0,0,0,0.0,0.0,0.0,,no_residual
200,window_077,15201,15400,200,200,0,0,1.0,0.0,0.0,0,0,0,0.0,0.0,0.0,,no_residual
200,window_078,15401,15600,200,200,0,0,1.0,0.0,0.0,0,0,0,0.0,0.0,0.0,,no_residual
200,window_079,15601,15800,200,200,0,0,1.0,0.0,0.0,0,0,0,0.0,0.0,0.0,,no_residual
200,window_080,15801,16000,200,200,0,0,1.0,0.0,0.0,0,0,0,0.0,0.0,0.0,,no_residual
200,window_081,16001,16200,200,200,0,0,1.0,0.0,0.0,0,0,0,0.0,0.0,0.0,,no_residual
200,window_082,16201,16400,200,199,0,1,0.995,0.0,0.005,0,1,0,0.0,1.0,1.0,Nov <num> <num>:<num>:<num> combo kernel:,stable_attached_residual
200,window_083,16401,16600,200,200,0,0,1.0,0.0,0.0,0,0,0,0.0,0.0,0.0,,no_residual
200,window_084,16601,16800,200,197,0,3,0.985,0.0,0.015,2,3,0,0.6667,1.0,1.0,Nov <num> <num>:<num>:<num> combo kernel:,stable_attached_residual
200,window_085,16801,17000,200,200,0,0,1.0,0.0,0.0,0,0,0,0.0,0.0,0.0,,no_residual
200,window_086,17001,17200,200,200,0,0,1.0,0.0,0.0,0,0,0,0.0,0.0,0.0,,no_residual
200,window_087,17201,17400,200,197,2,1,0.985,0.01,0.005,0,1,0,0.0,1.0,1.0,Dec <num> <num>:<num>:<num> combo kernel:,stable_attached_residual
200,window_088,17401,17600,200,200,0,0,1.0,0.0,0.0,0,0,0,0.0,0.0,0.0,,no_residual
200,window_089,17601,17800,200,199,1,0,0.995,0.005,0.0,0,0,0,0.0,0.0,0.0,,no_residual
200,window_090,17801,18000,200,200,0,0,1.0,0.0,0.0,0,0,0,0.0,0.0,0.0,,no_residual
200,window_091,18001,18200,200,200,0,0,1.0,0.0,0.0,0,0,0,0.0,0.0,0.0,,no_residual
200,window_092,18201,18400,200,200,0,0,1.0,0.0,0.0,0,0,0,0.0,0.0,0.0,,no_residual
200,window_093,18401,18600,200,199,0,1,0.995,0.0,0.005,0,1,0,0.0,1.0,1.0,Dec <num> <num>:<num>:<num> combo kernel:,stable_attached_residual
200,window_094,18601,18800,200,169,19,12,0.845,0.095,0.06,9,7,2,0.75,0.5833,1.0,Dec <num> <num>:<num>:<num> combo kernel:,stable_attached_residual
200,window_095,18801,19000,200,200,0,0,1.0,0.0,0.0,0,0,0,0.0,0.0,0.0,,no_residual
200,window_096,19001,19200,200,199,1,0,0.995,0.005,0.0,0,0,0,0.0,0.0,0.0,,no_residual
200,window_097,19201,19400,200,199,1,0,0.995,0.005,0.0,0,0,0,0.0,0.0,0.0,,no_residual
200,window_098,19401,19600,200,200,0,0,1.0,0.0,0.0,0,0,0,0.0,0.0,0.0,,no_residual
200,window_099,19601,19800,200,200,0,0,1.0,0.0,0.0,0,0,0,0.0,0.0,0.0,,no_residual
200,window_100,19801,20000,200,198,2,0,0.99,0.01,0.0,0,0,0,0.0,0.0,0.0,,no_residual
200,window_101,20001,20200,200,200,0,0,1.0,0.0,0.0,0,0,0,0.0,0.0,0.0,,no_residual
200,window_102,20201,20400,200,200,0,0,1.0,0.0,0.0,0,0,0,0.0,0.0,0.0,,no_residual
200,window_103,20401,20600,200,200,0,0,1.0,0.0,0.0,0,0,0,0.0,0.0,0.0,,no_residual
200,window_104,20601,20800,200,185,13,2,0.925,0.065,0.01,2,2,0,1.0,1.0,1.0,Dec <num> <num>:<num>:<num> combo kernel:,stable_attached_residual
200,window_105,20801,21000,200,194,6,0,0.97,0.03,0.0,0,0,0,0.0,0.0,0.0,,no_residual
200,window_106,21001,21200,200,53,32,115,0.265,0.16,0.575,113,5,13,0.9826,0.0435,0.5478,Dec <num> <num>:<num>:<num> combo kernel:,residual_island
200,window_107,21201,21400,200,28,18,154,0.14,0.09,0.77,148,18,13,0.961,0.1169,0.5714,Dec <num> <num>:<num>:<num> combo kernel:,residual_island
200,window_108,21401,21600,200,145,42,13,0.725,0.21,0.065,12,3,4,0.9231,0.2308,0.2308,Dec <num> <num>:<num>:<num> combo named[<num>]:,residual_island
200,window_109,21601,21800,200,156,39,5,0.78,0.195,0.025,3,2,3,0.6,0.4,0.4,Dec <num> <num>:<num>:<num> combo --,partial_residual_cluster
200,window_110,21801,22000,200,190,9,1,0.95,0.045,0.005,0,1,0,0.0,1.0,1.0,Jan <num> <num>:<num>:<num> combo snmpd[<num>]:,stable_attached_residual
200,window_111,22001,22200,200,194,5,1,0.97,0.025,0.005,0,1,0,0.0,1.0,1.0,Jan <num> <num>:<num>:<num> combo sshd(pam_unix)[<num>]:,stable_attached_residual
200,window_112,22201,22400,200,196,3,1,0.98,0.015,0.005,0,1,0,0.0,1.0,1.0,Jan <num> <num>:<num>:<num> combo sshd(pam_unix)[<num>]:,stable_attached_residual
200,window_113,22401,22600,200,194,6,0,0.97,0.03,0.0,0,0,0,0.0,0.0,0.0,,no_residual
200,window_114,22601,22800,200,199,1,0,0.995,0.005,0.0,0,0,0,0.0,0.0,0.0,,no_residual
200,window_115,22801,23000,200,198,2,0,0.99,0.01,0.0,0,0,0,0.0,0.0,0.0,,no_residual
200,window_116,23001,23200,200,200,0,0,1.0,0.0,0.0,0,0,0,0.0,0.0,0.0,,no_residual
200,window_117,23201,23400,200,175,16,9,0.875,0.08,0.045,8,3,3,0.8889,0.3333,0.1111,Jan <num> <num>:<num>:<num> combo sendmail:,partial_residual_cluster
200,window_118,23401,23600,200,9,8,183,0.045,0.04,0.915,183,13,5,1.0,0.071,0.6557,Jan <num> <num>:<num>:<num> combo kernel:,residual_island
200,window_119,23601,23800,200,12,32,156,0.06,0.16,0.78,149,18,50,0.9551,0.1154,0.9615,Jan <num> <num>:<num>:<num> combo kernel:,residual_island
200,window_120,23801,24000,200,31,23,146,0.155,0.115,0.73,126,31,27,0.863,0.2123,0.7397,Jan <num> <num>:<num>:<num> combo kernel:,residual_island
200,window_121,24001,24200,200,92,50,58,0.46,0.25,0.29,49,18,22,0.8448,0.3103,0.5862,Jan <num> <num>:<num>:<num> combo kernel:,partial_residual_cluster
200,window_122,24201,24400,200,194,5,1,0.97,0.025,0.005,0,1,0,0.0,1.0,1.0,Jan <num> <num>:<num>:<num> combo sshd(pam_unix)[<num>]:,stable_attached_residual
200,window_123,24401,24600,200,199,0,1,0.995,0.0,0.005,0,1,0,0.0,1.0,1.0,Feb <num> <num>:<num>:<num> combo snmpd[<num>]:,stable_attached_residual
200,window_124,24601,24800,200,197,3,0,0.985,0.015,0.0,0,0,0,0.0,0.0,0.0,,no_residual
200,window_125,24801,25000,200,198,0,2,0.99,0.0,0.01,0,2,0,0.0,1.0,1.0,Feb <num> <num>:<num>:<num> combo sshd(pam_unix)[<num>]:,stable_attached_residual
200,window_126,25001,25200,200,193,0,7,0.965,0.0,0.035,5,4,0,0.7143,0.5714,1.0,Feb <num> <num>:<num>:<num> combo sshd(pam_unix)[<num>]:,stable_attached_residual
200,window_127,25201,25400,200,190,7,3,0.95,0.035,0.015,0,3,1,0.0,1.0,0.6667,Feb <num> <num>:<num>:<num> combo ftpd[<num>]:,stable_attached_residual
200,window_128,25401,25567,167,145,19,3,0.8683,0.1138,0.018,2,2,1,0.6667,0.6667,0.6667,Feb <num> <num>:<num>:<num> combo telnetd[<num>]:,stable_attached_residual
250,window_001,1,250,250,11,236,3,0.044,0.944,0.012,2,0,3,0.6667,0.0,1.0,Jun <num> <num>:<num>:<num> combo kernel:,partial_residual_cluster
250,window_002,251,500,250,35,209,6,0.14,0.836,0.024,2,0,6,0.3333,0.0,0.6667,Jun <num> <num>:<num>:<num> combo udev[<num>]:,diffuse_residual
250,window_003,501,750,250,98,151,1,0.392,0.604,0.004,0,1,0,0.0,1.0,1.0,Jun <num> <num>:<num>:<num> combo sshd(pam_unix)[<num>]:,stable_attached_residual
250,window_004,751,1000,250,245,3,2,0.98,0.012,0.008,0,1,2,0.0,0.5,1.0,Jun <num> <num>:<num>:<num> combo gdm(pam_unix)[<num>]:,stable_attached_residual
250,window_005,1001,1250,250,247,1,2,0.988,0.004,0.008,0,2,0,0.0,1.0,0.5,Jun <num> <num>:<num>:<num> combo ftpd[<num>]:,stable_attached_residual
250,window_006,1251,1500,250,249,1,0,0.996,0.004,0.0,0,0,0,0.0,0.0,0.0,,no_residual
250,window_007,1501,1750,250,250,0,0,1.0,0.0,0.0,0,0,0,0.0,0.0,0.0,,no_residual
250,window_008,1751,2000,250,229,18,3,0.916,0.072,0.012,3,0,2,1.0,0.0,0.6667,Jul <num> <num>:<num>:<num> combo login(pam_unix)[<num>]:,residual_island
250,window_009,2001,2250,250,247,0,3,0.988,0.0,0.012,3,2,0,1.0,0.6667,0.6667,Jul <num> <num>:<num>:<num> combo gdm(pam_unix)[<num>]:,stable_attached_residual
250,window_010,2251,2500,250,247,3,0,0.988,0.012,0.0,0,0,0,0.0,0.0,0.0,,no_residual
250,window_011,2501,2750,250,248,2,0,0.992,0.008,0.0,0,0,0,0.0,0.0,0.0,,no_residual
250,window_012,2751,3000,250,154,13,83,0.616,0.052,0.332,83,3,2,1.0,0.0361,0.8072,Jul <num> <num>:<num>:<num> combo kernel:,residual_island
250,window_013,3001,3250,250,37,44,169,0.148,0.176,0.676,160,22,24,0.9467,0.1302,0.5148,Jul <num> <num>:<num>:<num> combo kernel:,residual_island
250,window_014,3251,3500,250,224,19,7,0.896,0.076,0.028,4,2,5,0.5714,0.2857,0.7143,Aug <num> <num>:<num>:<num> combo gpm[<num>]:,partial_residual_cluster
250,window_015,3501,3750,250,232,11,7,0.928,0.044,0.028,5,3,4,0.7143,0.4286,0.5714,Aug <num> <num>:<num>:<num> combo login(pam_unix)[<num>]:,partial_residual_cluster
250,window_016,3751,4000,250,243,6,1,0.972,0.024,0.004,0,1,0,0.0,1.0,1.0,Aug <num> <num>:<num>:<num> combo /sbin/mingetty[<num>]:,stable_attached_residual
250,window_017,4001,4250,250,250,0,0,1.0,0.0,0.0,0,0,0,0.0,0.0,0.0,,no_residual
250,window_018,4251,4500,250,247,3,0,0.988,0.012,0.0,0,0,0,0.0,0.0,0.0,,no_residual
250,window_019,4501,4750,250,250,0,0,1.0,0.0,0.0,0,0,0,0.0,0.0,0.0,,no_residual
250,window_020,4751,5000,250,242,5,3,0.968,0.02,0.012,2,3,0,0.6667,1.0,0.3333,Sep <num> <num>:<num>:<num> combo xinetd[<num>]:,stable_attached_residual
250,window_021,5001,5250,250,135,112,3,0.54,0.448,0.012,0,1,2,0.0,0.3333,0.6667,Sep <num> <num>:<num>:<num> combo network:,diffuse_residual
250,window_022,5251,5500,250,66,181,3,0.264,0.724,0.012,0,0,3,0.0,0.0,1.0,Sep <num> <num>:<num>:<num> combo kernel:,diffuse_residual
250,window_023,5501,5750,250,248,0,2,0.992,0.0,0.008,0,2,0,0.0,1.0,0.5,Sep <num> <num>:<num>:<num> combo snmpd[<num>]:,stable_attached_residual
250,window_024,5751,6000,250,78,124,48,0.312,0.496,0.192,47,5,6,0.9792,0.1042,0.0625,Sep <num> <num>:<num>:<num> combo squid:,residual_island
250,window_025,6001,6250,250,41,199,10,0.164,0.796,0.04,5,3,8,0.5,0.3,0.4,Sep <num> <num>:<num>:<num> combo udev[<num>]:,partial_residual_cluster
250,window_026,6251,6500,250,248,2,0,0.992,0.008,0.0,0,0,0,0.0,0.0,0.0,,no_residual
250,window_027,6501,6750,250,238,8,4,0.952,0.032,0.016,2,4,1,0.5,1.0,1.0,Oct <num> <num>:<num>:<num> combo sshd(pam_unix)[<num>]:,stable_attached_residual
250,window_028,6751,7000,250,241,4,5,0.964,0.016,0.02,0,5,2,0.0,1.0,0.6,Oct <num> <num>:<num>:<num> combo sshd(pam_unix)[<num>]:,stable_attached_residual
250,window_029,7001,7250,250,249,1,0,0.996,0.004,0.0,0,0,0,0.0,0.0,0.0,,no_residual
250,window_030,7251,7500,250,133,28,89,0.532,0.112,0.356,87,11,14,0.9775,0.1236,0.236,Oct <num> <num>:<num>:<num> combo kernel:,residual_island
250,window_031,7501,7750,250,28,18,204,0.112,0.072,0.816,199,19,13,0.9755,0.0931,0.6471,Oct <num> <num>:<num>:<num> combo kernel:,residual_island
250,window_032,7751,8000,250,193,40,17,0.772,0.16,0.068,14,3,6,0.8235,0.1765,0.2353,Oct <num> <num>:<num>:<num> combo ntpd[<num>]:,residual_island
250,window_033,8001,8250,250,241,3,6,0.964,0.012,0.024,6,4,0,1.0,0.6667,1.0,Nov <num> <num>:<num>:<num> combo kernel:,stable_attached_residual
250,window_034,8251,8500,250,244,6,0,0.976,0.024,0.0,0,0,0,0.0,0.0,0.0,,no_residual
250,window_035,8501,8750,250,248,2,0,0.992,0.008,0.0,0,0,0,0.0,0.0,0.0,,no_residual
250,window_036,8751,9000,250,250,0,0,1.0,0.0,0.0,0,0,0,0.0,0.0,0.0,,no_residual
250,window_037,9001,9250,250,249,0,1,0.996,0.0,0.004,0,1,0,0.0,1.0,1.0,Nov <num> <num>:<num>:<num> combo kernel:,stable_attached_residual
250,window_038,9251,9500,250,250,0,0,1.0,0.0,0.0,0,0,0,0.0,0.0,0.0,,no_residual
250,window_039,9501,9750,250,248,2,0,0.992,0.008,0.0,0,0,0,0.0,0.0,0.0,,no_residual
250,window_040,9751,10000,250,249,1,0,0.996,0.004,0.0,0,0,0,0.0,0.0,0.0,,no_residual
250,window_041,10001,10250,250,250,0,0,1.0,0.0,0.0,0,0,0,0.0,0.0,0.0,,no_residual
250,window_042,10251,10500,250,250,0,0,1.0,0.0,0.0,0,0,0,0.0,0.0,0.0,,no_residual
250,window_043,10501,10750,250,250,0,0,1.0,0.0,0.0,0,0,0,0.0,0.0,0.0,,no_residual
250,window_044,10751,11000,250,250,0,0,1.0,0.0,0.0,0,0,0,0.0,0.0,0.0,,no_residual
250,window_045,11001,11250,250,249,0,1,0.996,0.0,0.004,0,1,0,0.0,1.0,1.0,Nov <num> <num>:<num>:<num> combo kernel:,stable_attached_residual
250,window_046,11251,11500,250,246,0,4,0.984,0.0,0.016,3,3,0,0.75,0.75,1.0,Nov <num> <num>:<num>:<num> combo kernel:,stable_attached_residual
250,window_047,11501,11750,250,249,0,1,0.996,0.0,0.004,0,1,0,0.0,1.0,1.0,Nov <num> <num>:<num>:<num> combo kernel:,stable_attached_residual
250,window_048,11751,12000,250,250,0,0,1.0,0.0,0.0,0,0,0,0.0,0.0,0.0,,no_residual
250,window_049,12001,12250,250,250,0,0,1.0,0.0,0.0,0,0,0,0.0,0.0,0.0,,no_residual
250,window_050,12251,12500,250,249,0,1,0.996,0.0,0.004,0,1,0,0.0,1.0,1.0,Nov <num> <num>:<num>:<num> combo kernel:,stable_attached_residual
250,window_051,12501,12750,250,236,13,1,0.944,0.052,0.004,0,1,0,0.0,1.0,1.0,Nov <num> <num>:<num>:<num> combo kernel:,stable_attached_residual
250,window_052,12751,13000,250,243,7,0,0.972,0.028,0.0,0,0,0,0.0,0.0,0.0,,no_residual
250,window_053,13001,13250,250,248,2,0,0.992,0.008,0.0,0,0,0,0.0,0.0,0.0,,no_residual
250,window_054,13251,13500,250,248,2,0,0.992,0.008,0.0,0,0,0,0.0,0.0,0.0,,no_residual
250,window_055,13501,13750,250,249,0,1,0.996,0.0,0.004,0,1,0,0.0,1.0,1.0,Nov <num> <num>:<num>:<num> combo kernel:,stable_attached_residual
250,window_056,13751,14000,250,248,2,0,0.992,0.008,0.0,0,0,0,0.0,0.0,0.0,,no_residual
250,window_057,14001,14250,250,247,0,3,0.988,0.0,0.012,2,3,0,0.6667,1.0,1.0,Nov <num> <num>:<num>:<num> combo kernel:,stable_attached_residual
250,window_058,14251,14500,250,250,0,0,1.0,0.0,0.0,0,0,0,0.0,0.0,0.0,,no_residual
250,window_059,14501,14750,250,241,9,0,0.964,0.036,0.0,0,0,0,0.0,0.0,0.0,,no_residual
250,window_060,14751,15000,250,250,0,0,1.0,0.0,0.0,0,0,0,0.0,0.0,0.0,,no_residual
250,window_061,15001,15250,250,245,5,0,0.98,0.02,0.0,0,0,0,0.0,0.0,0.0,,no_residual
250,window_062,15251,15500,250,250,0,0,1.0,0.0,0.0,0,0,0,0.0,0.0,0.0,,no_residual
250,window_063,15501,15750,250,250,0,0,1.0,0.0,0.0,0,0,0,0.0,0.0,0.0,,no_residual
250,window_064,15751,16000,250,250,0,0,1.0,0.0,0.0,0,0,0,0.0,0.0,0.0,,no_residual
250,window_065,16001,16250,250,250,0,0,1.0,0.0,0.0,0,0,0,0.0,0.0,0.0,,no_residual
250,window_066,16251,16500,250,249,0,1,0.996,0.0,0.004,0,1,0,0.0,1.0,1.0,Nov <num> <num>:<num>:<num> combo kernel:,stable_attached_residual
250,window_067,16501,16750,250,249,0,1,0.996,0.0,0.004,0,1,0,0.0,1.0,1.0,Nov <num> <num>:<num>:<num> combo kernel:,stable_attached_residual
250,window_068,16751,17000,250,248,0,2,0.992,0.0,0.008,2,2,0,1.0,1.0,1.0,Nov <num> <num>:<num>:<num> combo kernel:,stable_attached_residual
250,window_069,17001,17250,250,250,0,0,1.0,0.0,0.0,0,0,0,0.0,0.0,0.0,,no_residual
250,window_070,17251,17500,250,247,2,1,0.988,0.008,0.004,0,1,0,0.0,1.0,1.0,Dec <num> <num>:<num>:<num> combo kernel:,stable_attached_residual
250,window_071,17501,17750,250,249,1,0,0.996,0.004,0.0,0,0,0,0.0,0.0,0.0,,no_residual
250,window_072,17751,18000,250,250,0,0,1.0,0.0,0.0,0,0,0,0.0,0.0,0.0,,no_residual
250,window_073,18001,18250,250,250,0,0,1.0,0.0,0.0,0,0,0,0.0,0.0,0.0,,no_residual
250,window_074,18251,18500,250,250,0,0,1.0,0.0,0.0,0,0,0,0.0,0.0,0.0,,no_residual
250,window_075,18501,18750,250,220,17,13,0.88,0.068,0.052,9,8,2,0.6923,0.6154,1.0,Dec <num> <num>:<num>:<num> combo kernel:,stable_attached_residual
250,window_076,18751,19000,250,248,2,0,0.992,0.008,0.0,0,0,0,0.0,0.0,0.0,,no_residual
250,window_077,19001,19250,250,249,1,0,0.996,0.004,0.0,0,0,0,0.0,0.0,0.0,,no_residual
250,window_078,19251,19500,250,249,1,0,0.996,0.004,0.0,0,0,0,0.0,0.0,0.0,,no_residual
250,window_079,19501,19750,250,250,0,0,1.0,0.0,0.0,0,0,0,0.0,0.0,0.0,,no_residual
250,window_080,19751,20000,250,248,2,0,0.992,0.008,0.0,0,0,0,0.0,0.0,0.0,,no_residual
250,window_081,20001,20250,250,250,0,0,1.0,0.0,0.0,0,0,0,0.0,0.0,0.0,,no_residual
250,window_082,20251,20500,250,250,0,0,1.0,0.0,0.0,0,0,0,0.0,0.0,0.0,,no_residual
250,window_083,20501,20750,250,235,13,2,0.94,0.052,0.008,2,2,0,1.0,1.0,1.0,Dec <num> <num>:<num>:<num> combo kernel:,stable_attached_residual
250,window_084,20751,21000,250,244,6,0,0.976,0.024,0.0,0,0,0,0.0,0.0,0.0,,no_residual
250,window_085,21001,21250,250,53,32,165,0.212,0.128,0.66,163,5,13,0.9879,0.0303,0.6121,Dec <num> <num>:<num>:<num> combo kernel:,residual_island
250,window_086,21251,21500,250,73,60,117,0.292,0.24,0.468,110,21,17,0.9402,0.1795,0.4359,Dec <num> <num>:<num>:<num> combo kernel:,residual_island
250,window_087,21501,21750,250,212,33,5,0.848,0.132,0.02,3,2,3,0.6,0.4,0.4,Dec <num> <num>:<num>:<num> combo --,partial_residual_cluster
250,window_088,21751,22000,250,234,15,1,0.936,0.06,0.004,0,1,0,0.0,1.0,1.0,Jan <num> <num>:<num>:<num> combo snmpd[<num>]:,stable_attached_residual
250,window_089,22001,22250,250,243,6,1,0.972,0.024,0.004,0,1,0,0.0,1.0,1.0,Jan <num> <num>:<num>:<num> combo sshd(pam_unix)[<num>]:,stable_attached_residual
250,window_090,22251,22500,250,243,6,1,0.972,0.024,0.004,0,1,0,0.0,1.0,1.0,Jan <num> <num>:<num>:<num> combo sshd(pam_unix)[<num>]:,stable_attached_residual
250,window_091,22501,22750,250,247,3,0,0.988,0.012,0.0,0,0,0,0.0,0.0,0.0,,no_residual
250,window_092,22751,23000,250,248,2,0,0.992,0.008,0.0,0,0,0,0.0,0.0,0.0,,no_residual
250,window_093,23001,23250,250,250,0,0,1.0,0.0,0.0,0,0,0,0.0,0.0,0.0,,no_residual
250,window_094,23251,23500,250,131,22,97,0.524,0.088,0.388,96,12,6,0.9897,0.1237,0.4948,Jan <num> <num>:<num>:<num> combo kernel:,residual_island
250,window_095,23501,23750,250,14,21,215,0.056,0.084,0.86,211,20,33,0.9814,0.093,0.8884,Jan <num> <num>:<num>:<num> combo kernel:,residual_island
250,window_096,23751,24000,250,32,36,182,0.128,0.144,0.728,159,33,46,0.8736,0.1813,0.7637,Jan <num> <num>:<num>:<num> combo kernel:,residual_island
250,window_097,24001,24250,250,137,55,58,0.548,0.22,0.232,49,18,22,0.8448,0.3103,0.5862,Jan <num> <num>:<num>:<num> combo kernel:,partial_residual_cluster
250,window_098,24251,24500,250,248,0,2,0.992,0.0,0.008,0,2,0,0.0,1.0,0.5,Jan <num> <num>:<num>:<num> combo sshd(pam_unix)[<num>]:,stable_attached_residual
250,window_099,24501,24750,250,247,3,0,0.988,0.012,0.0,0,0,0,0.0,0.0,0.0,,no_residual
250,window_100,24751,25000,250,248,0,2,0.992,0.0,0.008,0,2,0,0.0,1.0,1.0,Feb <num> <num>:<num>:<num> combo sshd(pam_unix)[<num>]:,stable_attached_residual
250,window_101,25001,25250,250,243,0,7,0.972,0.0,0.028,5,4,0,0.7143,0.5714,1.0,Feb <num> <num>:<num>:<num> combo sshd(pam_unix)[<num>]:,stable_attached_residual
250,window_102,25251,25500,250,225,20,5,0.9,0.08,0.02,2,4,2,0.4,0.8,0.4,Feb <num> <num>:<num>:<num> combo ftpd[<num>]:,stable_attached_residual
250,window_103,25501,25567,67,60,6,1,0.8955,0.0896,0.0149,0,1,0,0.0,1.0,1.0,Feb <num> <num>:<num>:<num> combo sshd(pam_unix)[<num>]:,stable_attached_residual
350,window_001,1,350,350,39,304,7,0.1114,0.8686,0.02,4,0,7,0.5714,0.0,0.5714,Jun <num> <num>:<num>:<num> combo udev[<num>]:,partial_residual_cluster
350,window_002,351,700,350,56,291,3,0.16,0.8314,0.0086,0,1,2,0.0,0.3333,0.3333,Jun <num> <num>:<num>:<num> combo kernel:,diffuse_residual
350,window_003,701,1050,350,344,4,2,0.9829,0.0114,0.0057,0,1,2,0.0,0.5,1.0,Jun <num> <num>:<num>:<num> combo gdm(pam_unix)[<num>]:,stable_attached_residual
350,window_004,1051,1400,350,346,2,2,0.9886,0.0057,0.0057,0,2,0,0.0,1.0,0.5,Jun <num> <num>:<num>:<num> combo ftpd[<num>]:,stable_attached_residual
350,window_005,1401,1750,350,350,0,0,1.0,0.0,0.0,0,0,0,0.0,0.0,0.0,,no_residual
350,window_006,1751,2100,350,329,18,3,0.94,0.0514,0.0086,3,0,2,1.0,0.0,0.6667,Jul <num> <num>:<num>:<num> combo login(pam_unix)[<num>]:,residual_island
350,window_007,2101,2450,350,344,3,3,0.9829,0.0086,0.0086,3,2,0,1.0,0.6667,0.6667,Jul <num> <num>:<num>:<num> combo gdm(pam_unix)[<num>]:,stable_attached_residual
350,window_008,2451,2800,350,346,4,0,0.9886,0.0114,0.0,0,0,0,0.0,0.0,0.0,,no_residual
350,window_009,2801,3150,350,112,29,209,0.32,0.0829,0.5971,207,15,16,0.9904,0.0718,0.7368,Jul <num> <num>:<num>:<num> combo kernel:,residual_island
350,window_010,3151,3500,350,255,45,50,0.7286,0.1286,0.1429,40,12,15,0.8,0.24,0.2,Jul <num> <num>:<num>:<num> combo udev[<num>]:,residual_island
350,window_011,3501,3850,350,328,14,8,0.9371,0.04,0.0229,5,4,4,0.625,0.5,0.5,Aug <num> <num>:<num>:<num> combo login(pam_unix)[<num>]:,stable_attached_residual
350,window_012,3851,4200,350,347,3,0,0.9914,0.0086,0.0,0,0,0,0.0,0.0,0.0,,no_residual
350,window_013,4201,4550,350,347,3,0,0.9914,0.0086,0.0,0,0,0,0.0,0.0,0.0,,no_residual
350,window_014,4551,4900,350,345,5,0,0.9857,0.0143,0.0,0,0,0,0.0,0.0,0.0,,no_residual
350,window_015,4901,5250,350,232,112,6,0.6629,0.32,0.0171,2,4,2,0.3333,0.6667,0.3333,Sep <num> <num>:<num>:<num> combo ftpd[<num>]:,stable_attached_residual
350,window_016,5251,5600,350,165,181,4,0.4714,0.5171,0.0114,0,1,3,0.0,0.25,0.75,Sep <num> <num>:<num>:<num> combo kernel:,diffuse_residual
350,window_017,5601,5950,350,227,75,48,0.6486,0.2143,0.1371,47,6,5,0.9792,0.125,0.0625,Sep <num> <num>:<num>:<num> combo squid:,residual_island
350,window_018,5951,6300,350,91,248,11,0.26,0.7086,0.0314,5,3,9,0.4545,0.2727,0.3636,Sep <num> <num>:<num>:<num> combo udev[<num>]:,partial_residual_cluster
350,window_019,6301,6650,350,343,5,2,0.98,0.0143,0.0057,2,2,0,1.0,1.0,1.0,Oct <num> <num>:<num>:<num> combo sshd(pam_unix)[<num>]:,stable_attached_residual
350,window_020,6651,7000,350,334,9,7,0.9543,0.0257,0.02,0,7,3,0.0,1.0,0.7143,Oct <num> <num>:<num>:<num> combo sshd(pam_unix)[<num>]:,stable_attached_residual
350,window_021,7001,7350,350,329,8,13,0.94,0.0229,0.0371,12,4,5,0.9231,0.3077,0.1538,Oct <num> <num>:<num>:<num> combo ftpd[<num>]:,partial_residual_cluster
350,window_022,7351,7700,350,60,38,252,0.1714,0.1086,0.72,250,19,21,0.9921,0.0754,0.6071,Oct <num> <num>:<num>:<num> combo kernel:,residual_island
350,window_023,7701,8050,350,264,41,45,0.7543,0.1171,0.1286,38,10,7,0.8444,0.2222,0.1778,Oct <num> <num>:<num>:<num> combo named[<num>]:,residual_island
350,window_024,8051,8400,350,335,9,6,0.9571,0.0257,0.0171,6,4,0,1.0,0.6667,1.0,Nov <num> <num>:<num>:<num> combo kernel:,stable_attached_residual
350,window_025,8401,8750,350,348,2,0,0.9943,0.0057,0.0,0,0,0,0.0,0.0,0.0,,no_residual
350,window_026,8751,9100,350,350,0,0,1.0,0.0,0.0,0,0,0,0.0,0.0,0.0,,no_residual
350,window_027,9101,9450,350,349,0,1,0.9971,0.0,0.0029,0,1,0,0.0,1.0,1.0,Nov <num> <num>:<num>:<num> combo kernel:,stable_attached_residual
350,window_028,9451,9800,350,347,3,0,0.9914,0.0086,0.0,0,0,0,0.0,0.0,0.0,,no_residual
350,window_029,9801,10150,350,350,0,0,1.0,0.0,0.0,0,0,0,0.0,0.0,0.0,,no_residual
350,window_030,10151,10500,350,350,0,0,1.0,0.0,0.0,0,0,0,0.0,0.0,0.0,,no_residual
350,window_031,10501,10850,350,350,0,0,1.0,0.0,0.0,0,0,0,0.0,0.0,0.0,,no_residual
350,window_032,10851,11200,350,349,0,1,0.9971,0.0,0.0029,0,1,0,0.0,1.0,1.0,Nov <num> <num>:<num>:<num> combo kernel:,stable_attached_residual
350,window_033,11201,11550,350,346,0,4,0.9886,0.0,0.0114,3,3,0,0.75,0.75,1.0,Nov <num> <num>:<num>:<num> combo kernel:,stable_attached_residual
350,window_034,11551,11900,350,349,0,1,0.9971,0.0,0.0029,0,1,0,0.0,1.0,1.0,Nov <num> <num>:<num>:<num> combo kernel:,stable_attached_residual
350,window_035,11901,12250,350,350,0,0,1.0,0.0,0.0,0,0,0,0.0,0.0,0.0,,no_residual
350,window_036,12251,12600,350,336,12,2,0.96,0.0343,0.0057,0,2,0,0.0,1.0,1.0,Nov <num> <num>:<num>:<num> combo kernel:,stable_attached_residual
350,window_037,12601,12950,350,343,7,0,0.98,0.02,0.0,0,0,0,0.0,0.0,0.0,,no_residual
350,window_038,12951,13300,350,345,5,0,0.9857,0.0143,0.0,0,0,0,0.0,0.0,0.0,,no_residual
350,window_039,13301,13650,350,349,0,1,0.9971,0.0,0.0029,0,1,0,0.0,1.0,1.0,Nov <num> <num>:<num>:<num> combo kernel:,stable_attached_residual
350,window_040,13651,14000,350,348,2,0,0.9943,0.0057,0.0,0,0,0,0.0,0.0,0.0,,no_residual
350,window_041,14001,14350,350,347,0,3,0.9914,0.0,0.0086,2,3,0,0.6667,1.0,1.0,Nov <num> <num>:<num>:<num> combo kernel:,stable_attached_residual
350,window_042,14351,14700,350,341,9,0,0.9743,0.0257,0.0,0,0,0,0.0,0.0,0.0,,no_residual
350,window_043,14701,15050,350,348,2,0,0.9943,0.0057,0.0,0,0,0,0.0,0.0,0.0,,no_residual
350,window_044,15051,15400,350,347,3,0,0.9914,0.0086,0.0,0,0,0,0.0,0.0,0.0,,no_residual
350,window_045,15401,15750,350,350,0,0,1.0,0.0,0.0,0,0,0,0.0,0.0,0.0,,no_residual
350,window_046,15751,16100,350,350,0,0,1.0,0.0,0.0,0,0,0,0.0,0.0,0.0,,no_residual
350,window_047,16101,16450,350,349,0,1,0.9971,0.0,0.0029,0,1,0,0.0,1.0,1.0,Nov <num> <num>:<num>:<num> combo kernel:,stable_attached_residual
350,window_048,16451,16800,350,347,0,3,0.9914,0.0,0.0086,2,3,0,0.6667,1.0,1.0,Nov <num> <num>:<num>:<num> combo kernel:,stable_attached_residual
350,window_049,16801,17150,350,350,0,0,1.0,0.0,0.0,0,0,0,0.0,0.0,0.0,,no_residual
350,window_050,17151,17500,350,347,2,1,0.9914,0.0057,0.0029,0,1,0,0.0,1.0,1.0,Dec <num> <num>:<num>:<num> combo kernel:,stable_attached_residual
350,window_051,17501,17850,350,349,1,0,0.9971,0.0029,0.0,0,0,0,0.0,0.0,0.0,,no_residual
350,window_052,17851,18200,350,350,0,0,1.0,0.0,0.0,0,0,0,0.0,0.0,0.0,,no_residual
350,window_053,18201,18550,350,349,0,1,0.9971,0.0,0.0029,0,1,0,0.0,1.0,1.0,Dec <num> <num>:<num>:<num> combo kernel:,stable_attached_residual
350,window_054,18551,18900,350,319,19,12,0.9114,0.0543,0.0343,9,7,2,0.75,0.5833,1.0,Dec <num> <num>:<num>:<num> combo kernel:,stable_attached_residual
350,window_055,18901,19250,350,349,1,0,0.9971,0.0029,0.0,0,0,0,0.0,0.0,0.0,,no_residual
350,window_056,19251,19600,350,349,1,0,0.9971,0.0029,0.0,0,0,0,0.0,0.0,0.0,,no_residual
350,window_057,19601,19950,350,348,2,0,0.9943,0.0057,0.0,0,0,0,0.0,0.0,0.0,,no_residual
350,window_058,19951,20300,350,350,0,0,1.0,0.0,0.0,0,0,0,0.0,0.0,0.0,,no_residual
350,window_059,20301,20650,350,340,8,2,0.9714,0.0229,0.0057,2,2,0,1.0,1.0,1.0,Dec <num> <num>:<num>:<num> combo kernel:,stable_attached_residual
350,window_060,20651,21000,350,339,11,0,0.9686,0.0314,0.0,0,0,0,0.0,0.0,0.0,,no_residual
350,window_061,21001,21350,350,59,50,241,0.1686,0.1429,0.6886,238,15,26,0.9876,0.0622,0.6266,Dec <num> <num>:<num>:<num> combo kernel:,residual_island
350,window_062,21351,21700,350,229,75,46,0.6543,0.2143,0.1314,38,13,7,0.8261,0.2826,0.1739,Dec <num> <num>:<num>:<num> combo named[<num>]:,partial_residual_cluster
350,window_063,21701,22050,350,329,19,2,0.94,0.0543,0.0057,0,2,0,0.0,1.0,0.5,Jan <num> <num>:<num>:<num> combo snmpd[<num>]:,stable_attached_residual
350,window_064,22051,22400,350,345,4,1,0.9857,0.0114,0.0029,0,1,0,0.0,1.0,1.0,Jan <num> <num>:<num>:<num> combo sshd(pam_unix)[<num>]:,stable_attached_residual
350,window_065,22401,22750,350,343,7,0,0.98,0.02,0.0,0,0,0,0.0,0.0,0.0,,no_residual
350,window_066,22751,23100,350,348,2,0,0.9943,0.0057,0.0,0,0,0,0.0,0.0,0.0,,no_residual
350,window_067,23101,23450,350,280,22,48,0.8,0.0629,0.1371,47,10,5,0.9792,0.2083,0.1042,Jan <num> <num>:<num>:<num> combo kernel:,residual_island
350,window_068,23451,23800,350,16,34,300,0.0457,0.0971,0.8571,293,24,53,0.9767,0.08,0.8833,Jan <num> <num>:<num>:<num> combo kernel:,residual_island
350,window_069,23801,24150,350,78,69,203,0.2229,0.1971,0.58,175,48,49,0.8621,0.2365,0.6995,Jan <num> <num>:<num>:<num> combo kernel:,residual_island
350,window_070,24151,24500,350,338,9,3,0.9657,0.0257,0.0086,0,3,0,0.0,1.0,0.6667,Jan <num> <num>:<num>:<num> combo sshd(pam_unix)[<num>]:,stable_attached_residual
350,window_071,24501,24850,350,347,3,0,0.9914,0.0086,0.0,0,0,0,0.0,0.0,0.0,,no_residual
350,window_072,24851,25200,350,341,0,9,0.9743,0.0,0.0257,5,6,0,0.5556,0.6667,1.0,Feb <num> <num>:<num>:<num> combo sshd(pam_unix)[<num>]:,stable_attached_residual
350,window_073,25201,25550,350,322,23,5,0.92,0.0657,0.0143,2,4,2,0.4,0.8,0.4,Feb <num> <num>:<num>:<num> combo ftpd[<num>]:,stable_attached_residual
350,window_074,25551,25567,17,13,3,1,0.7647,0.1765,0.0588,0,1,0,0.0,1.0,1.0,Feb <num> <num>:<num>:<num> combo sshd(pam_unix)[<num>]:,stable_attached_residual
500,window_001,1,500,500,46,445,9,0.092,0.89,0.018,4,0,9,0.4444,0.0,0.4444,Jun <num> <num>:<num>:<num> combo kernel:,partial_residual_cluster
500,window_002,501,1000,500,343,154,3,0.686,0.308,0.006,0,2,2,0.0,0.6667,0.6667,Jun <num> <num>:<num>:<num> combo gdm(pam_unix)[<num>]:,stable_attached_residual
500,window_003,1001,1500,500,496,2,2,0.992,0.004,0.004,0,2,0,0.0,1.0,0.5,Jun <num> <num>:<num>:<num> combo ftpd[<num>]:,stable_attached_residual
500,window_004,1501,2000,500,479,18,3,0.958,0.036,0.006,3,0,2,1.0,0.0,0.6667,Jul <num> <num>:<num>:<num> combo login(pam_unix)[<num>]:,residual_island
500,window_005,2001,2500,500,494,3,3,0.988,0.006,0.006,3,2,0,1.0,0.6667,0.6667,Jul <num> <num>:<num>:<num> combo gdm(pam_unix)[<num>]:,stable_attached_residual
500,window_006,2501,3000,500,402,15,83,0.804,0.03,0.166,83,3,2,1.0,0.0361,0.8072,Jul <num> <num>:<num>:<num> combo kernel:,residual_island
500,window_007,3001,3500,500,261,63,176,0.522,0.126,0.352,164,24,29,0.9318,0.1364,0.4943,Jul <num> <num>:<num>:<num> combo kernel:,residual_island
500,window_008,3501,4000,500,475,17,8,0.95,0.034,0.016,5,4,4,0.625,0.5,0.5,Aug <num> <num>:<num>:<num> combo login(pam_unix)[<num>]:,stable_attached_residual
500,window_009,4001,4500,500,497,3,0,0.994,0.006,0.0,0,0,0,0.0,0.0,0.0,,no_residual
500,window_010,4501,5000,500,492,5,3,0.984,0.01,0.006,2,3,0,0.6667,1.0,0.3333,Sep <num> <num>:<num>:<num> combo xinetd[<num>]:,stable_attached_residual
500,window_011,5001,5500,500,201,293,6,0.402,0.586,0.012,0,1,5,0.0,0.1667,0.5,Sep <num> <num>:<num>:<num> combo kernel:,diffuse_residual
500,window_012,5501,6000,500,326,124,50,0.652,0.248,0.1,47,7,6,0.94,0.14,0.06,Sep <num> <num>:<num>:<num> combo squid:,residual_island
500,window_013,6001,6500,500,289,201,10,0.578,0.402,0.02,5,3,8,0.5,0.3,0.4,Sep <num> <num>:<num>:<num> combo udev[<num>]:,partial_residual_cluster
500,window_014,6501,7000,500,479,12,9,0.958,0.024,0.018,2,9,3,0.2222,1.0,0.7778,Oct <num> <num>:<num>:<num> combo sshd(pam_unix)[<num>]:,stable_attached_residual
500,window_015,7001,7500,500,382,29,89,0.764,0.058,0.178,87,11,14,0.9775,0.1236,0.236,Oct <num> <num>:<num>:<num> combo kernel:,residual_island
500,window_016,7501,8000,500,221,58,221,0.442,0.116,0.442,213,22,19,0.9638,0.0995,0.5973,Oct <num> <num>:<num>:<num> combo kernel:,residual_island
500,window_017,8001,8500,500,485,9,6,0.97,0.018,0.012,6,4,0,1.0,0.6667,1.0,Nov <num> <num>:<num>:<num> combo kernel:,stable_attached_residual
500,window_018,8501,9000,500,498,2,0,0.996,0.004,0.0,0,0,0,0.0,0.0,0.0,,no_residual
500,window_019,9001,9500,500,499,0,1,0.998,0.0,0.002,0,1,0,0.0,1.0,1.0,Nov <num> <num>:<num>:<num> combo kernel:,stable_attached_residual
500,window_020,9501,10000,500,497,3,0,0.994,0.006,0.0,0,0,0,0.0,0.0,0.0,,no_residual
500,window_021,10001,10500,500,500,0,0,1.0,0.0,0.0,0,0,0,0.0,0.0,0.0,,no_residual
500,window_022,10501,11000,500,500,0,0,1.0,0.0,0.0,0,0,0,0.0,0.0,0.0,,no_residual
500,window_023,11001,11500,500,495,0,5,0.99,0.0,0.01,3,4,0,0.6,0.8,1.0,Nov <num> <num>:<num>:<num> combo kernel:,stable_attached_residual
500,window_024,11501,12000,500,499,0,1,0.998,0.0,0.002,0,1,0,0.0,1.0,1.0,Nov <num> <num>:<num>:<num> combo kernel:,stable_attached_residual
500,window_025,12001,12500,500,499,0,1,0.998,0.0,0.002,0,1,0,0.0,1.0,1.0,Nov <num> <num>:<num>:<num> combo kernel:,stable_attached_residual
500,window_026,12501,13000,500,479,20,1,0.958,0.04,0.002,0,1,0,0.0,1.0,1.0,Nov <num> <num>:<num>:<num> combo kernel:,stable_attached_residual
500,window_027,13001,13500,500,496,4,0,0.992,0.008,0.0,0,0,0,0.0,0.0,0.0,,no_residual
500,window_028,13501,14000,500,497,2,1,0.994,0.004,0.002,0,1,0,0.0,1.0,1.0,Nov <num> <num>:<num>:<num> combo kernel:,stable_attached_residual
500,window_029,14001,14500,500,497,0,3,0.994,0.0,0.006,2,3,0,0.6667,1.0,1.0,Nov <num> <num>:<num>:<num> combo kernel:,stable_attached_residual
500,window_030,14501,15000,500,491,9,0,0.982,0.018,0.0,0,0,0,0.0,0.0,0.0,,no_residual
500,window_031,15001,15500,500,495,5,0,0.99,0.01,0.0,0,0,0,0.0,0.0,0.0,,no_residual
500,window_032,15501,16000,500,500,0,0,1.0,0.0,0.0,0,0,0,0.0,0.0,0.0,,no_residual
500,window_033,16001,16500,500,499,0,1,0.998,0.0,0.002,0,1,0,0.0,1.0,1.0,Nov <num> <num>:<num>:<num> combo kernel:,stable_attached_residual
500,window_034,16501,17000,500,497,0,3,0.994,0.0,0.006,2,3,0,0.6667,1.0,1.0,Nov <num> <num>:<num>:<num> combo kernel:,stable_attached_residual
500,window_035,17001,17500,500,497,2,1,0.994,0.004,0.002,0,1,0,0.0,1.0,1.0,Dec <num> <num>:<num>:<num> combo kernel:,stable_attached_residual
500,window_036,17501,18000,500,499,1,0,0.998,0.002,0.0,0,0,0,0.0,0.0,0.0,,no_residual
500,window_037,18001,18500,500,500,0,0,1.0,0.0,0.0,0,0,0,0.0,0.0,0.0,,no_residual
500,window_038,18501,19000,500,468,19,13,0.936,0.038,0.026,9,8,2,0.6923,0.6154,1.0,Dec <num> <num>:<num>:<num> combo kernel:,stable_attached_residual
500,window_039,19001,19500,500,498,2,0,0.996,0.004,0.0,0,0,0,0.0,0.0,0.0,,no_residual
500,window_040,19501,20000,500,498,2,0,0.996,0.004,0.0,0,0,0,0.0,0.0,0.0,,no_residual
500,window_041,20001,20500,500,500,0,0,1.0,0.0,0.0,0,0,0,0.0,0.0,0.0,,no_residual
500,window_042,20501,21000,500,479,19,2,0.958,0.038,0.004,2,2,0,1.0,1.0,1.0,Dec <num> <num>:<num>:<num> combo kernel:,stable_attached_residual
500,window_043,21001,21500,500,126,92,282,0.252,0.184,0.564,273,26,30,0.9681,0.0922,0.539,Dec <num> <num>:<num>:<num> combo kernel:,residual_island
500,window_044,21501,22000,500,446,48,6,0.892,0.096,0.012,3,3,3,0.5,0.5,0.3333,Dec <num> <num>:<num>:<num> combo --,stable_attached_residual
500,window_045,22001,22500,500,486,12,2,0.972,0.024,0.004,0,2,0,0.0,1.0,1.0,Jan <num> <num>:<num>:<num> combo sshd(pam_unix)[<num>]:,stable_attached_residual
500,window_046,22501,23000,500,495,5,0,0.99,0.01,0.0,0,0,0,0.0,0.0,0.0,,no_residual
500,window_047,23001,23500,500,381,22,97,0.762,0.044,0.194,96,12,6,0.9897,0.1237,0.4948,Jan <num> <num>:<num>:<num> combo kernel:,residual_island
500,window_048,23501,24000,500,46,57,397,0.092,0.114,0.794,370,53,79,0.932,0.1335,0.8312,Jan <num> <num>:<num>:<num> combo kernel:,residual_island
500,window_049,24001,24500,500,385,55,60,0.77,0.11,0.12,49,20,22,0.8167,0.3333,0.5667,Jan <num> <num>:<num>:<num> combo kernel:,partial_residual_cluster
500,window_050,24501,25000,500,495,3,2,0.99,0.006,0.004,0,2,0,0.0,1.0,1.0,Feb <num> <num>:<num>:<num> combo sshd(pam_unix)[<num>]:,stable_attached_residual
500,window_051,25001,25500,500,468,20,12,0.936,0.04,0.024,7,8,2,0.5833,0.6667,0.6667,Feb <num> <num>:<num>:<num> combo sshd(pam_unix)[<num>]:,stable_attached_residual
500,window_052,25501,25567,67,60,6,1,0.8955,0.0896,0.0149,0,1,0,0.0,1.0,1.0,Feb <num> <num>:<num>:<num> combo sshd(pam_unix)[<num>]:,stable_attached_residual
750,window_001,1,750,750,144,596,10,0.192,0.7947,0.0133,4,1,9,0.4,0.1,0.4,Jun <num> <num>:<num>:<num> combo kernel:,partial_residual_cluster
750,window_002,751,1500,750,741,5,4,0.988,0.0067,0.0053,0,3,2,0.0,0.75,0.5,Jun <num> <num>:<num>:<num> combo gdm(pam_unix)[<num>]:,stable_attached_residual
750,window_003,1501,2250,750,726,18,6,0.968,0.024,0.008,6,2,2,1.0,0.3333,0.3333,Jul <num> <num>:<num>:<num> combo login(pam_unix)[<num>]:,partial_residual_cluster
750,window_004,2251,3000,750,649,18,83,0.8653,0.024,0.1107,83,3,2,1.0,0.0361,0.8072,Jul <num> <num>:<num>:<num> combo kernel:,residual_island
750,window_005,3001,3750,750,493,74,183,0.6573,0.0987,0.244,169,27,33,0.9235,0.1475,0.4754,Jul <num> <num>:<num>:<num> combo kernel:,residual_island
750,window_006,3751,4500,750,740,9,1,0.9867,0.012,0.0013,0,1,0,0.0,1.0,1.0,Aug <num> <num>:<num>:<num> combo /sbin/mingetty[<num>]:,stable_attached_residual
750,window_007,4501,5250,750,627,117,6,0.836,0.156,0.008,2,4,2,0.3333,0.6667,0.3333,Sep <num> <num>:<num>:<num> combo ftpd[<num>]:,stable_attached_residual
750,window_008,5251,6000,750,392,305,53,0.5227,0.4067,0.0707,47,7,9,0.8868,0.1321,0.0943,Sep <num> <num>:<num>:<num> combo kernel:,residual_island
750,window_009,6001,6750,750,527,209,14,0.7027,0.2787,0.0187,7,7,9,0.5,0.5,0.2857,Sep <num> <num>:<num>:<num> combo udev[<num>]:,stable_attached_residual
750,window_010,6751,7500,750,623,33,94,0.8307,0.044,0.1253,87,16,16,0.9255,0.1702,0.2234,Oct <num> <num>:<num>:<num> combo kernel:,residual_island
750,window_011,7501,8250,750,462,61,227,0.616,0.0813,0.3027,219,26,19,0.9648,0.1145,0.5815,Oct <num> <num>:<num>:<num> combo kernel:,residual_island
750,window_012,8251,9000,750,742,8,0,0.9893,0.0107,0.0,0,0,0,0.0,0.0,0.0,,no_residual
750,window_013,9001,9750,750,747,2,1,0.996,0.0027,0.0013,0,1,0,0.0,1.0,1.0,Nov <num> <num>:<num>:<num> combo kernel:,stable_attached_residual
750,window_014,9751,10500,750,749,1,0,0.9987,0.0013,0.0,0,0,0,0.0,0.0,0.0,,no_residual
750,window_015,10501,11250,750,749,0,1,0.9987,0.0,0.0013,0,1,0,0.0,1.0,1.0,Nov <num> <num>:<num>:<num> combo kernel:,stable_attached_residual
750,window_016,11251,12000,750,745,0,5,0.9933,0.0,0.0067,3,4,0,0.6,0.8,1.0,Nov <num> <num>:<num>:<num> combo kernel:,stable_attached_residual
750,window_017,12001,12750,750,735,13,2,0.98,0.0173,0.0027,0,2,0,0.0,1.0,1.0,Nov <num> <num>:<num>:<num> combo kernel:,stable_attached_residual
750,window_018,12751,13500,750,739,11,0,0.9853,0.0147,0.0,0,0,0,0.0,0.0,0.0,,no_residual
750,window_019,13501,14250,750,744,2,4,0.992,0.0027,0.0053,2,4,0,0.5,1.0,1.0,Nov <num> <num>:<num>:<num> combo kernel:,stable_attached_residual
750,window_020,14251,15000,750,741,9,0,0.988,0.012,0.0,0,0,0,0.0,0.0,0.0,,no_residual
750,window_021,15001,15750,750,745,5,0,0.9933,0.0067,0.0,0,0,0,0.0,0.0,0.0,,no_residual
750,window_022,15751,16500,750,749,0,1,0.9987,0.0,0.0013,0,1,0,0.0,1.0,1.0,Nov <num> <num>:<num>:<num> combo kernel:,stable_attached_residual
750,window_023,16501,17250,750,747,0,3,0.996,0.0,0.004,2,3,0,0.6667,1.0,1.0,Nov <num> <num>:<num>:<num> combo kernel:,stable_attached_residual
750,window_024,17251,18000,750,746,3,1,0.9947,0.004,0.0013,0,1,0,0.0,1.0,1.0,Dec <num> <num>:<num>:<num> combo kernel:,stable_attached_residual
750,window_025,18001,18750,750,720,17,13,0.96,0.0227,0.0173,9,8,2,0.6923,0.6154,1.0,Dec <num> <num>:<num>:<num> combo kernel:,stable_attached_residual
750,window_026,18751,19500,750,746,4,0,0.9947,0.0053,0.0,0,0,0,0.0,0.0,0.0,,no_residual
750,window_027,19501,20250,750,748,2,0,0.9973,0.0027,0.0,0,0,0,0.0,0.0,0.0,,no_residual
750,window_028,20251,21000,750,729,19,2,0.972,0.0253,0.0027,2,2,0,1.0,1.0,1.0,Dec <num> <num>:<num>:<num> combo kernel:,stable_attached_residual
750,window_029,21001,21750,750,338,125,287,0.4507,0.1667,0.3827,276,28,33,0.9617,0.0976,0.5296,Dec <num> <num>:<num>:<num> combo kernel:,residual_island
750,window_030,21751,22500,750,720,27,3,0.96,0.036,0.004,0,3,0,0.0,1.0,0.6667,Jan <num> <num>:<num>:<num> combo sshd(pam_unix)[<num>]:,stable_attached_residual
750,window_031,22501,23250,750,745,5,0,0.9933,0.0067,0.0,0,0,0,0.0,0.0,0.0,,no_residual
750,window_032,23251,24000,750,177,79,494,0.236,0.1053,0.6587,466,65,85,0.9433,0.1316,0.7652,Jan <num> <num>:<num>:<num> combo kernel:,residual_island
750,window_033,24001,24750,750,632,58,60,0.8427,0.0773,0.08,49,20,22,0.8167,0.3333,0.5667,Jan <num> <num>:<num>:<num> combo kernel:,partial_residual_cluster
750,window_034,24751,25500,750,716,20,14,0.9547,0.0267,0.0187,7,10,2,0.5,0.7143,0.7143,Feb <num> <num>:<num>:<num> combo sshd(pam_unix)[<num>]:,stable_attached_residual
750,window_035,25501,25567,67,60,6,1,0.8955,0.0896,0.0149,0,1,0,0.0,1.0,1.0,Feb <num> <num>:<num>:<num> combo sshd(pam_unix)[<num>]:,stable_attached_residual
1000,window_001,1,1000,1000,389,599,12,0.389,0.599,0.012,4,2,11,0.3333,0.1667,0.3333,Jun <num> <num>:<num>:<num> combo kernel:,diffuse_residual
1000,window_002,1001,2000,1000,975,20,5,0.975,0.02,0.005,3,2,2,0.6,0.4,0.4,Jul <num> <num>:<num>:<num> combo login(pam_unix)[<num>]:,partial_residual_cluster
1000,window_003,2001,3000,1000,896,18,86,0.896,0.018,0.086,86,5,2,1.0,0.0581,0.7791,Jul <num> <num>:<num>:<num> combo kernel:,residual_island
1000,window_004,3001,4000,1000,736,80,184,0.736,0.08,0.184,169,28,33,0.9185,0.1522,0.4728,Jul <num> <num>:<num>:<num> combo kernel:,residual_island
1000,window_005,4001,5000,1000,989,8,3,0.989,0.008,0.003,2,3,0,0.6667,1.0,0.3333,Sep <num> <num>:<num>:<num> combo xinetd[<num>]:,stable_attached_residual
1000,window_006,5001,6000,1000,527,417,56,0.527,0.417,0.056,47,8,11,0.8393,0.1429,0.0893,Sep <num> <num>:<num>:<num> combo kernel:,residual_island
1000,window_007,6001,7000,1000,768,213,19,0.768,0.213,0.019,7,12,11,0.3684,0.6316,0.3684,Oct <num> <num>:<num>:<num> combo sshd(pam_unix)[<num>]:,stable_attached_residual
1000,window_008,7001,8000,1000,603,87,310,0.603,0.087,0.31,300,33,33,0.9677,0.1065,0.4935,Oct <num> <num>:<num>:<num> combo kernel:,residual_island
1000,window_009,8001,9000,1000,983,11,6,0.983,0.011,0.006,6,4,0,1.0,0.6667,1.0,Nov <num> <num>:<num>:<num> combo kernel:,stable_attached_residual
1000,window_010,9001,10000,1000,996,3,1,0.996,0.003,0.001,0,1,0,0.0,1.0,1.0,Nov <num> <num>:<num>:<num> combo kernel:,stable_attached_residual
1000,window_011,10001,11000,1000,1000,0,0,1.0,0.0,0.0,0,0,0,0.0,0.0,0.0,,no_residual
1000,window_012,11001,12000,1000,994,0,6,0.994,0.0,0.006,3,5,0,0.5,0.8333,1.0,Nov <num> <num>:<num>:<num> combo kernel:,stable_attached_residual
1000,window_013,12001,13000,1000,978,20,2,0.978,0.02,0.002,0,2,0,0.0,1.0,1.0,Nov <num> <num>:<num>:<num> combo kernel:,stable_attached_residual
1000,window_014,13001,14000,1000,993,6,1,0.993,0.006,0.001,0,1,0,0.0,1.0,1.0,Nov <num> <num>:<num>:<num> combo kernel:,stable_attached_residual
1000,window_015,14001,15000,1000,988,9,3,0.988,0.009,0.003,2,3,0,0.6667,1.0,1.0,Nov <num> <num>:<num>:<num> combo kernel:,stable_attached_residual
1000,window_016,15001,16000,1000,995,5,0,0.995,0.005,0.0,0,0,0,0.0,0.0,0.0,,no_residual
1000,window_017,16001,17000,1000,996,0,4,0.996,0.0,0.004,2,4,0,0.5,1.0,1.0,Nov <num> <num>:<num>:<num> combo kernel:,stable_attached_residual
1000,window_018,17001,18000,1000,996,3,1,0.996,0.003,0.001,0,1,0,0.0,1.0,1.0,Dec <num> <num>:<num>:<num> combo kernel:,stable_attached_residual
1000,window_019,18001,19000,1000,968,19,13,0.968,0.019,0.013,9,8,2,0.6923,0.6154,1.0,Dec <num> <num>:<num>:<num> combo kernel:,stable_attached_residual
1000,window_020,19001,20000,1000,996,4,0,0.996,0.004,0.0,0,0,0,0.0,0.0,0.0,,no_residual
1000,window_021,20001,21000,1000,979,19,2,0.979,0.019,0.002,2,2,0,1.0,1.0,1.0,Dec <num> <num>:<num>:<num> combo kernel:,stable_attached_residual
1000,window_022,21001,22000,1000,572,140,288,0.572,0.14,0.288,276,29,33,0.9583,0.1007,0.5278,Dec <num> <num>:<num>:<num> combo kernel:,residual_island
1000,window_023,22001,23000,1000,981,17,2,0.981,0.017,0.002,0,2,0,0.0,1.0,1.0,Jan <num> <num>:<num>:<num> combo sshd(pam_unix)[<num>]:,stable_attached_residual
1000,window_024,23001,24000,1000,427,79,494,0.427,0.079,0.494,466,65,85,0.9433,0.1316,0.7652,Jan <num> <num>:<num>:<num> combo kernel:,residual_island
1000,window_025,24001,25000,1000,880,58,62,0.88,0.058,0.062,49,22,22,0.7903,0.3548,0.5484,Jan <num> <num>:<num>:<num> combo kernel:,partial_residual_cluster
1000,window_026,25001,25567,567,528,26,13,0.9312,0.0459,0.0229,7,9,2,0.5385,0.6923,0.6923,Feb <num> <num>:<num>:<num> combo sshd(pam_unix)[<num>]:,stable_attached_residual
1500,window_001,1,1500,1500,885,601,14,0.59,0.4007,0.0093,4,4,11,0.2857,0.2857,0.2857,Jun <num> <num>:<num>:<num> combo kernel:,diffuse_residual
1500,window_002,1501,3000,1500,1375,36,89,0.9167,0.024,0.0593,89,5,4,1.0,0.0562,0.7528,Jul <num> <num>:<num>:<num> combo kernel:,residual_island
1500,window_003,3001,4500,1500,1233,83,184,0.822,0.0553,0.1227,169,28,33,0.9185,0.1522,0.4728,Jul <num> <num>:<num>:<num> combo kernel:,residual_island
1500,window_004,4501,6000,1500,1019,422,59,0.6793,0.2813,0.0393,49,11,11,0.8305,0.1864,0.0847,Sep <num> <num>:<num>:<num> combo kernel:,residual_island
1500,window_005,6001,7500,1500,1150,242,108,0.7667,0.1613,0.072,94,23,25,0.8704,0.213,0.1944,Oct <num> <num>:<num>:<num> combo kernel:,residual_island
1500,window_006,7501,9000,1500,1204,69,227,0.8027,0.046,0.1513,219,26,19,0.9648,0.1145,0.5815,Oct <num> <num>:<num>:<num> combo kernel:,residual_island
1500,window_007,9001,10500,1500,1496,3,1,0.9973,0.002,0.0007,0,1,0,0.0,1.0,1.0,Nov <num> <num>:<num>:<num> combo kernel:,stable_attached_residual
1500,window_008,10501,12000,1500,1494,0,6,0.996,0.0,0.004,3,5,0,0.5,0.8333,1.0,Nov <num> <num>:<num>:<num> combo kernel:,stable_attached_residual
1500,window_009,12001,13500,1500,1474,24,2,0.9827,0.016,0.0013,0,2,0,0.0,1.0,1.0,Nov <num> <num>:<num>:<num> combo kernel:,stable_attached_residual
1500,window_010,13501,15000,1500,1485,11,4,0.99,0.0073,0.0027,2,4,0,0.5,1.0,1.0,Nov <num> <num>:<num>:<num> combo kernel:,stable_attached_residual
1500,window_011,15001,16500,1500,1494,5,1,0.996,0.0033,0.0007,0,1,0,0.0,1.0,1.0,Nov <num> <num>:<num>:<num> combo kernel:,stable_attached_residual
1500,window_012,16501,18000,1500,1493,3,4,0.9953,0.002,0.0027,2,4,0,0.5,1.0,0.75,Nov <num> <num>:<num>:<num> combo kernel:,stable_attached_residual
1500,window_013,18001,19500,1500,1466,21,13,0.9773,0.014,0.0087,9,8,2,0.6923,0.6154,1.0,Dec <num> <num>:<num>:<num> combo kernel:,stable_attached_residual
1500,window_014,19501,21000,1500,1477,21,2,0.9847,0.014,0.0013,2,2,0,1.0,1.0,1.0,Dec <num> <num>:<num>:<num> combo kernel:,stable_attached_residual
1500,window_015,21001,22500,1500,1058,152,290,0.7053,0.1013,0.1933,276,31,33,0.9517,0.1069,0.5241,Dec <num> <num>:<num>:<num> combo kernel:,residual_island
1500,window_016,22501,24000,1500,922,84,494,0.6147,0.056,0.3293,466,65,85,0.9433,0.1316,0.7652,Jan <num> <num>:<num>:<num> combo kernel:,residual_island
1500,window_017,24001,25500,1500,1348,78,74,0.8987,0.052,0.0493,56,30,24,0.7568,0.4054,0.4595,Jan <num> <num>:<num>:<num> combo kernel:,partial_residual_cluster
1500,window_018,25501,25567,67,60,6,1,0.8955,0.0896,0.0149,0,1,0,0.0,1.0,1.0,Feb <num> <num>:<num>:<num> combo sshd(pam_unix)[<num>]:,stable_attached_residual
2000,window_001,1,2000,2000,1364,619,17,0.682,0.3095,0.0085,7,4,13,0.4118,0.2353,0.2353,Jun <num> <num>:<num>:<num> combo kernel:,partial_residual_cluster
2000,window_002,2001,4000,2000,1632,98,270,0.816,0.049,0.135,255,33,35,0.9444,0.1222,0.5704,Jul <num> <num>:<num>:<num> combo kernel:,residual_island
2000,window_003,4001,6000,2000,1516,425,59,0.758,0.2125,0.0295,49,11,11,0.8305,0.1864,0.0847,Sep <num> <num>:<num>:<num> combo kernel:,residual_island
2000,window_004,6001,8000,2000,1371,300,329,0.6855,0.15,0.1645,307,45,44,0.9331,0.1368,0.465,Oct <num> <num>:<num>:<num> combo kernel:,residual_island
2000,window_005,8001,10000,2000,1979,14,7,0.9895,0.007,0.0035,6,5,0,0.8571,0.7143,1.0,Nov <num> <num>:<num>:<num> combo kernel:,stable_attached_residual
2000,window_006,10001,12000,2000,1994,0,6,0.997,0.0,0.003,3,5,0,0.5,0.8333,1.0,Nov <num> <num>:<num>:<num> combo kernel:,stable_attached_residual
2000,window_007,12001,14000,2000,1971,26,3,0.9855,0.013,0.0015,0,3,0,0.0,1.0,1.0,Nov <num> <num>:<num>:<num> combo kernel:,stable_attached_residual
2000,window_008,14001,16000,2000,1983,14,3,0.9915,0.007,0.0015,2,3,0,0.6667,1.0,1.0,Nov <num> <num>:<num>:<num> combo kernel:,stable_attached_residual
2000,window_009,16001,18000,2000,1992,3,5,0.996,0.0015,0.0025,2,5,0,0.4,1.0,0.8,Nov <num> <num>:<num>:<num> combo kernel:,stable_attached_residual
2000,window_010,18001,20000,2000,1964,23,13,0.982,0.0115,0.0065,9,8,2,0.6923,0.6154,1.0,Dec <num> <num>:<num>:<num> combo kernel:,stable_attached_residual
2000,window_011,20001,22000,2000,1551,159,290,0.7755,0.0795,0.145,278,31,33,0.9586,0.1069,0.531,Dec <num> <num>:<num>:<num> combo kernel:,residual_island
2000,window_012,22001,24000,2000,1408,96,496,0.704,0.048,0.248,466,67,85,0.9395,0.1351,0.7621,Jan <num> <num>:<num>:<num> combo kernel:,residual_island
2000,window_013,24001,25567,1567,1408,84,75,0.8985,0.0536,0.0479,56,31,24,0.7467,0.4133,0.4533,Jan <num> <num>:<num>:<num> combo kernel:,partial_residual_cluster
3000,window_001,1,3000,3000,2260,637,103,0.7533,0.2123,0.0343,93,9,15,0.9029,0.0874,0.6505,Jul <num> <num>:<num>:<num> combo kernel:,residual_island
3000,window_002,3001,6000,3000,2252,505,243,0.7507,0.1683,0.081,218,39,44,0.8971,0.1605,0.358,Jul <num> <num>:<num>:<num> combo kernel:,residual_island
3000,window_003,6001,9000,3000,2354,311,335,0.7847,0.1037,0.1117,313,49,44,0.9343,0.1463,0.4567,Oct <num> <num>:<num>:<num> combo kernel:,residual_island
3000,window_004,9001,12000,3000,2990,3,7,0.9967,0.001,0.0023,3,6,0,0.4286,0.8571,1.0,Nov <num> <num>:<num>:<num> combo kernel:,stable_attached_residual
3000,window_005,12001,15000,3000,2959,35,6,0.9863,0.0117,0.002,2,6,0,0.3333,1.0,1.0,Nov <num> <num>:<num>:<num> combo kernel:,stable_attached_residual
3000,window_006,15001,18000,3000,2987,8,5,0.9957,0.0027,0.0017,2,5,0,0.4,1.0,0.8,Nov <num> <num>:<num>:<num> combo kernel:,stable_attached_residual
3000,window_007,18001,21000,3000,2943,42,15,0.981,0.014,0.005,11,10,2,0.7333,0.6667,1.0,Dec <num> <num>:<num>:<num> combo kernel:,stable_attached_residual
3000,window_008,21001,24000,3000,1980,236,784,0.66,0.0787,0.2613,742,96,118,0.9464,0.1224,0.4821,Jan <num> <num>:<num>:<num> combo kernel:,residual_island
3000,window_009,24001,25567,1567,1408,84,75,0.8985,0.0536,0.0479,56,31,24,0.7467,0.4133,0.4533,Jan <num> <num>:<num>:<num> combo kernel:,partial_residual_cluster
4000,window_001,1,4000,4000,2996,717,287,0.749,0.1792,0.0717,262,37,48,0.9129,0.1289,0.5366,Jul <num> <num>:<num>:<num> combo kernel:,residual_island
4000,window_002,4001,8000,4000,2887,725,388,0.7218,0.1812,0.097,356,56,55,0.9175,0.1443,0.3943,Oct <num> <num>:<num>:<num> combo kernel:,residual_island
4000,window_003,8001,12000,4000,3973,14,13,0.9932,0.0035,0.0032,9,10,0,0.6923,0.7692,1.0,Nov <num> <num>:<num>:<num> combo kernel:,stable_attached_residual
4000,window_004,12001,16000,4000,3954,40,6,0.9885,0.01,0.0015,2,6,0,0.3333,1.0,1.0,Nov <num> <num>:<num>:<num> combo kernel:,stable_attached_residual
4000,window_005,16001,20000,4000,3956,26,18,0.989,0.0065,0.0045,11,13,2,0.6111,0.7222,0.7778,Dec <num> <num>:<num>:<num> combo kernel:,stable_attached_residual
4000,window_006,20001,24000,4000,2959,255,786,0.7398,0.0638,0.1965,744,98,118,0.9466,0.1247,0.4809,Jan <num> <num>:<num>:<num> combo kernel:,residual_island
4000,window_007,24001,25567,1567,1408,84,75,0.8985,0.0536,0.0479,56,31,24,0.7467,0.4133,0.4533,Jan <num> <num>:<num>:<num> combo kernel:,partial_residual_cluster
5000,window_001,1,5000,5000,3985,725,290,0.797,0.145,0.058,264,40,48,0.9103,0.1379,0.531,Jul <num> <num>:<num>:<num> combo kernel:,residual_island
5000,window_002,5001,10000,5000,3877,731,392,0.7754,0.1462,0.0784,360,58,55,0.9184,0.148,0.3903,Oct <num> <num>:<num>:<num> combo kernel:,residual_island
5000,window_003,10001,15000,5000,4953,35,12,0.9906,0.007,0.0024,5,11,0,0.4167,0.9167,1.0,Nov <num> <num>:<num>:<num> combo kernel:,stable_attached_residual
5000,window_004,15001,20000,5000,4951,31,18,0.9902,0.0062,0.0036,11,13,2,0.6111,0.7222,0.7778,Dec <num> <num>:<num>:<num> combo kernel:,stable_attached_residual
5000,window_005,20001,25000,5000,3839,313,848,0.7678,0.0626,0.1696,793,120,140,0.9351,0.1415,0.4858,Jan <num> <num>:<num>:<num> combo kernel:,residual_island
5000,window_006,25001,25567,567,528,26,13,0.9312,0.0459,0.0229,7,9,2,0.5385,0.6923,0.6923,Feb <num> <num>:<num>:<num> combo sshd(pam_unix)[<num>]:,stable_attached_residual
7000,window_001,1,7000,7000,5280,1355,365,0.7543,0.1936,0.0521,318,60,70,0.8712,0.1644,0.4219,Jul <num> <num>:<num>:<num> combo kernel:,residual_island
7000,window_002,7001,14000,7000,6547,127,326,0.9353,0.0181,0.0466,309,46,33,0.9479,0.1411,0.4693,Oct <num> <num>:<num>:<num> combo kernel:,residual_island
7000,window_003,14001,21000,7000,6918,59,23,0.9883,0.0084,0.0033,15,18,2,0.6522,0.7826,0.6957,Dec <num> <num>:<num>:<num> combo kernel:,stable_attached_residual
7000,window_004,21001,25567,4567,3388,320,859,0.7418,0.0701,0.1881,798,127,142,0.929,0.1478,0.4796,Jan <num> <num>:<num>:<num> combo kernel:,residual_island
10000,window_001,1,10000,10000,7862,1456,682,0.7862,0.1456,0.0682,624,98,103,0.915,0.1437,0.2258,Jul <num> <num>:<num>:<num> combo kernel:,residual_island
10000,window_002,10001,20000,10000,9904,66,30,0.9904,0.0066,0.003,16,24,2,0.5333,0.8,0.5333,Nov <num> <num>:<num>:<num> combo kernel:,stable_attached_residual
10000,window_003,20001,25567,5567,4367,339,861,0.7844,0.0609,0.1547,800,129,142,0.9292,0.1498,0.4785,Jan <num> <num>:<num>:<num> combo kernel:,residual_island
