tick=0001 terrain=brown_noise value_bucket=6 signal=######
tick=0002 terrain=brown_noise value_bucket=7 signal=#######
tick=0003 terrain=brown_noise value_bucket=6 signal=######
tick=0004 terrain=brown_noise value_bucket=6 signal=######
tick=0005 terrain=brown_noise value_bucket=5 signal=#####
tick=0006 terrain=brown_noise value_bucket=4 signal=####
tick=0007 terrain=brown_noise value_bucket=3 signal=###
tick=0008 terrain=brown_noise value_bucket=4 signal=####
tick=0009 terrain=brown_noise value_bucket=5 signal=#####
tick=0010 terrain=brown_noise value_bucket=6 signal=######
tick=0011 terrain=brown_noise value_bucket=7 signal=#######
tick=0012 terrain=brown_noise value_bucket=6 signal=######
tick=0013 terrain=brown_noise value_bucket=5 signal=#####
tick=0014 terrain=brown_noise value_bucket=4 signal=####
tick=0015 terrain=brown_noise value_bucket=5 signal=#####
tick=0016 terrain=brown_noise value_bucket=5 signal=#####
tick=0017 terrain=brown_noise value_bucket=5 signal=#####
tick=0018 terrain=brown_noise value_bucket=6 signal=######
tick=0019 terrain=brown_noise value_bucket=6 signal=######
tick=0020 terrain=brown_noise value_bucket=5 signal=#####
tick=0021 terrain=brown_noise value_bucket=6 signal=######
tick=0022 terrain=brown_noise value_bucket=5 signal=#####
tick=0023 terrain=brown_noise value_bucket=6 signal=######
tick=0024 terrain=brown_noise value_bucket=7 signal=#######
tick=0025 terrain=brown_noise value_bucket=7 signal=#######
tick=0026 terrain=brown_noise value_bucket=6 signal=######
tick=0027 terrain=brown_noise value_bucket=6 signal=######
tick=0028 terrain=brown_noise value_bucket=6 signal=######
tick=0029 terrain=brown_noise value_bucket=5 signal=#####
tick=0030 terrain=brown_noise value_bucket=6 signal=######
tick=0031 terrain=brown_noise value_bucket=5 signal=#####
tick=0032 terrain=brown_noise value_bucket=5 signal=#####
tick=0033 terrain=brown_noise value_bucket=6 signal=######
tick=0034 terrain=brown_noise value_bucket=6 signal=######
tick=0035 terrain=brown_noise value_bucket=6 signal=######
tick=0036 terrain=brown_noise value_bucket=5 signal=#####
tick=0037 terrain=brown_noise value_bucket=6 signal=######
tick=0038 terrain=brown_noise value_bucket=6 signal=######
tick=0039 terrain=brown_noise value_bucket=5 signal=#####
tick=0040 terrain=brown_noise value_bucket=4 signal=####
tick=0041 terrain=brown_noise value_bucket=4 signal=####
tick=0042 terrain=brown_noise value_bucket=5 signal=#####
tick=0043 terrain=brown_noise value_bucket=6 signal=######
tick=0044 terrain=brown_noise value_bucket=5 signal=#####
tick=0045 terrain=brown_noise value_bucket=4 signal=####
tick=0046 terrain=brown_noise value_bucket=3 signal=###
tick=0047 terrain=brown_noise value_bucket=3 signal=###
tick=0048 terrain=brown_noise value_bucket=2 signal=##
tick=0049 terrain=brown_noise value_bucket=1 signal=#
tick=0050 terrain=brown_noise value_bucket=1 signal=#
tick=0051 terrain=brown_noise value_bucket=0 signal=
tick=0052 terrain=brown_noise value_bucket=0 signal=
tick=0053 terrain=brown_noise value_bucket=0 signal=
tick=0054 terrain=brown_noise value_bucket=0 signal=
tick=0055 terrain=brown_noise value_bucket=0 signal=
tick=0056 terrain=brown_noise value_bucket=0 signal=
tick=0057 terrain=brown_noise value_bucket=0 signal=
tick=0058 terrain=brown_noise value_bucket=0 signal=
tick=0059 terrain=brown_noise value_bucket=0 signal=
tick=0060 terrain=brown_noise value_bucket=0 signal=
tick=0061 terrain=brown_noise value_bucket=1 signal=#
tick=0062 terrain=brown_noise value_bucket=2 signal=##
tick=0063 terrain=brown_noise value_bucket=1 signal=#
tick=0064 terrain=brown_noise value_bucket=1 signal=#
tick=0065 terrain=brown_noise value_bucket=1 signal=#
tick=0066 terrain=brown_noise value_bucket=1 signal=#
tick=0067 terrain=brown_noise value_bucket=2 signal=##
tick=0068 terrain=brown_noise value_bucket=1 signal=#
tick=0069 terrain=brown_noise value_bucket=1 signal=#
tick=0070 terrain=brown_noise value_bucket=1 signal=#
tick=0071 terrain=brown_noise value_bucket=0 signal=
tick=0072 terrain=brown_noise value_bucket=0 signal=
tick=0073 terrain=brown_noise value_bucket=0 signal=
tick=0074 terrain=brown_noise value_bucket=0 signal=
tick=0075 terrain=brown_noise value_bucket=0 signal=
tick=0076 terrain=brown_noise value_bucket=0 signal=
tick=0077 terrain=brown_noise value_bucket=0 signal=
tick=0078 terrain=brown_noise value_bucket=0 signal=
tick=0079 terrain=brown_noise value_bucket=1 signal=#
tick=0080 terrain=brown_noise value_bucket=1 signal=#
tick=0081 terrain=brown_noise value_bucket=0 signal=
tick=0082 terrain=brown_noise value_bucket=1 signal=#
tick=0083 terrain=brown_noise value_bucket=2 signal=##
tick=0084 terrain=brown_noise value_bucket=2 signal=##
tick=0085 terrain=brown_noise value_bucket=3 signal=###
tick=0086 terrain=brown_noise value_bucket=2 signal=##
tick=0087 terrain=brown_noise value_bucket=3 signal=###
tick=0088 terrain=brown_noise value_bucket=4 signal=####
tick=0089 terrain=brown_noise value_bucket=3 signal=###
tick=0090 terrain=brown_noise value_bucket=4 signal=####
tick=0091 terrain=brown_noise value_bucket=4 signal=####
tick=0092 terrain=brown_noise value_bucket=4 signal=####
tick=0093 terrain=brown_noise value_bucket=5 signal=#####
tick=0094 terrain=brown_noise value_bucket=5 signal=#####
tick=0095 terrain=brown_noise value_bucket=6 signal=######
tick=0096 terrain=brown_noise value_bucket=7 signal=#######
tick=0097 terrain=brown_noise value_bucket=7 signal=#######
tick=0098 terrain=brown_noise value_bucket=8 signal=########
tick=0099 terrain=brown_noise value_bucket=7 signal=#######
tick=0100 terrain=brown_noise value_bucket=6 signal=######
tick=0101 terrain=brown_noise value_bucket=5 signal=#####
tick=0102 terrain=brown_noise value_bucket=5 signal=#####
tick=0103 terrain=brown_noise value_bucket=6 signal=######
tick=0104 terrain=brown_noise value_bucket=7 signal=#######
tick=0105 terrain=brown_noise value_bucket=8 signal=########
tick=0106 terrain=brown_noise value_bucket=9 signal=#########
tick=0107 terrain=brown_noise value_bucket=8 signal=########
tick=0108 terrain=brown_noise value_bucket=8 signal=########
tick=0109 terrain=brown_noise value_bucket=8 signal=########
tick=0110 terrain=brown_noise value_bucket=9 signal=#########
tick=0111 terrain=brown_noise value_bucket=8 signal=########
tick=0112 terrain=brown_noise value_bucket=9 signal=#########
tick=0113 terrain=brown_noise value_bucket=8 signal=########
tick=0114 terrain=brown_noise value_bucket=9 signal=#########
tick=0115 terrain=brown_noise value_bucket=9 signal=#########
tick=0116 terrain=brown_noise value_bucket=9 signal=#########
tick=0117 terrain=brown_noise value_bucket=9 signal=#########
tick=0118 terrain=brown_noise value_bucket=9 signal=#########
tick=0119 terrain=brown_noise value_bucket=9 signal=#########
tick=0120 terrain=brown_noise value_bucket=8 signal=########
tick=0121 terrain=brown_noise value_bucket=7 signal=#######
tick=0122 terrain=brown_noise value_bucket=8 signal=########
tick=0123 terrain=brown_noise value_bucket=8 signal=########
tick=0124 terrain=brown_noise value_bucket=7 signal=#######
tick=0125 terrain=brown_noise value_bucket=7 signal=#######
tick=0126 terrain=brown_noise value_bucket=8 signal=########
tick=0127 terrain=brown_noise value_bucket=8 signal=########
tick=0128 terrain=brown_noise value_bucket=9 signal=#########
tick=0129 terrain=brown_noise value_bucket=8 signal=########
tick=0130 terrain=brown_noise value_bucket=9 signal=#########
tick=0131 terrain=brown_noise value_bucket=9 signal=#########
tick=0132 terrain=brown_noise value_bucket=9 signal=#########
tick=0133 terrain=brown_noise value_bucket=8 signal=########
tick=0134 terrain=brown_noise value_bucket=7 signal=#######
tick=0135 terrain=brown_noise value_bucket=7 signal=#######
tick=0136 terrain=brown_noise value_bucket=7 signal=#######
tick=0137 terrain=brown_noise value_bucket=8 signal=########
tick=0138 terrain=brown_noise value_bucket=7 signal=#######
tick=0139 terrain=brown_noise value_bucket=6 signal=######
tick=0140 terrain=brown_noise value_bucket=7 signal=#######
tick=0141 terrain=brown_noise value_bucket=6 signal=######
tick=0142 terrain=brown_noise value_bucket=5 signal=#####
tick=0143 terrain=brown_noise value_bucket=4 signal=####
tick=0144 terrain=brown_noise value_bucket=3 signal=###
tick=0145 terrain=brown_noise value_bucket=4 signal=####
tick=0146 terrain=brown_noise value_bucket=4 signal=####
tick=0147 terrain=brown_noise value_bucket=5 signal=#####
tick=0148 terrain=brown_noise value_bucket=4 signal=####
tick=0149 terrain=brown_noise value_bucket=4 signal=####
tick=0150 terrain=brown_noise value_bucket=5 signal=#####
tick=0151 terrain=brown_noise value_bucket=6 signal=######
tick=0152 terrain=brown_noise value_bucket=5 signal=#####
tick=0153 terrain=brown_noise value_bucket=5 signal=#####
tick=0154 terrain=brown_noise value_bucket=4 signal=####
tick=0155 terrain=brown_noise value_bucket=3 signal=###
tick=0156 terrain=brown_noise value_bucket=2 signal=##
tick=0157 terrain=brown_noise value_bucket=3 signal=###
tick=0158 terrain=brown_noise value_bucket=4 signal=####
tick=0159 terrain=brown_noise value_bucket=3 signal=###
tick=0160 terrain=brown_noise value_bucket=3 signal=###
tick=0161 terrain=brown_noise value_bucket=2 signal=##
tick=0162 terrain=brown_noise value_bucket=2 signal=##
tick=0163 terrain=brown_noise value_bucket=1 signal=#
tick=0164 terrain=brown_noise value_bucket=1 signal=#
tick=0165 terrain=brown_noise value_bucket=2 signal=##
tick=0166 terrain=brown_noise value_bucket=1 signal=#
tick=0167 terrain=brown_noise value_bucket=0 signal=
tick=0168 terrain=brown_noise value_bucket=0 signal=
tick=0169 terrain=brown_noise value_bucket=1 signal=#
tick=0170 terrain=brown_noise value_bucket=2 signal=##
tick=0171 terrain=brown_noise value_bucket=3 signal=###
tick=0172 terrain=brown_noise value_bucket=4 signal=####
tick=0173 terrain=brown_noise value_bucket=3 signal=###
tick=0174 terrain=brown_noise value_bucket=3 signal=###
tick=0175 terrain=brown_noise value_bucket=2 signal=##
tick=0176 terrain=brown_noise value_bucket=1 signal=#
tick=0177 terrain=brown_noise value_bucket=0 signal=
tick=0178 terrain=brown_noise value_bucket=1 signal=#
tick=0179 terrain=brown_noise value_bucket=2 signal=##
tick=0180 terrain=brown_noise value_bucket=1 signal=#
tick=0181 terrain=brown_noise value_bucket=2 signal=##
tick=0182 terrain=brown_noise value_bucket=3 signal=###
tick=0183 terrain=brown_noise value_bucket=4 signal=####
tick=0184 terrain=brown_noise value_bucket=4 signal=####
tick=0185 terrain=brown_noise value_bucket=4 signal=####
tick=0186 terrain=brown_noise value_bucket=5 signal=#####
tick=0187 terrain=brown_noise value_bucket=4 signal=####
tick=0188 terrain=brown_noise value_bucket=4 signal=####
tick=0189 terrain=brown_noise value_bucket=4 signal=####
tick=0190 terrain=brown_noise value_bucket=4 signal=####
tick=0191 terrain=brown_noise value_bucket=5 signal=#####
tick=0192 terrain=brown_noise value_bucket=6 signal=######
tick=0193 terrain=brown_noise value_bucket=7 signal=#######
tick=0194 terrain=brown_noise value_bucket=8 signal=########
tick=0195 terrain=brown_noise value_bucket=9 signal=#########
tick=0196 terrain=brown_noise value_bucket=9 signal=#########
tick=0197 terrain=brown_noise value_bucket=8 signal=########
tick=0198 terrain=brown_noise value_bucket=7 signal=#######
tick=0199 terrain=brown_noise value_bucket=6 signal=######
tick=0200 terrain=brown_noise value_bucket=7 signal=#######
tick=0201 terrain=brown_noise value_bucket=8 signal=########
tick=0202 terrain=brown_noise value_bucket=9 signal=#########
tick=0203 terrain=brown_noise value_bucket=9 signal=#########
tick=0204 terrain=brown_noise value_bucket=9 signal=#########
tick=0205 terrain=brown_noise value_bucket=9 signal=#########
tick=0206 terrain=brown_noise value_bucket=9 signal=#########
tick=0207 terrain=brown_noise value_bucket=9 signal=#########
tick=0208 terrain=brown_noise value_bucket=9 signal=#########
tick=0209 terrain=brown_noise value_bucket=9 signal=#########
tick=0210 terrain=brown_noise value_bucket=9 signal=#########
tick=0211 terrain=brown_noise value_bucket=8 signal=########
tick=0212 terrain=brown_noise value_bucket=9 signal=#########
tick=0213 terrain=brown_noise value_bucket=9 signal=#########
tick=0214 terrain=brown_noise value_bucket=9 signal=#########
tick=0215 terrain=brown_noise value_bucket=9 signal=#########
tick=0216 terrain=brown_noise value_bucket=9 signal=#########
tick=0217 terrain=brown_noise value_bucket=9 signal=#########
tick=0218 terrain=brown_noise value_bucket=9 signal=#########
tick=0219 terrain=brown_noise value_bucket=9 signal=#########
tick=0220 terrain=brown_noise value_bucket=9 signal=#########
tick=0221 terrain=brown_noise value_bucket=9 signal=#########
tick=0222 terrain=brown_noise value_bucket=9 signal=#########
tick=0223 terrain=brown_noise value_bucket=9 signal=#########
tick=0224 terrain=brown_noise value_bucket=9 signal=#########
tick=0225 terrain=brown_noise value_bucket=9 signal=#########
tick=0226 terrain=brown_noise value_bucket=9 signal=#########
tick=0227 terrain=brown_noise value_bucket=8 signal=########
tick=0228 terrain=brown_noise value_bucket=9 signal=#########
tick=0229 terrain=brown_noise value_bucket=9 signal=#########
tick=0230 terrain=brown_noise value_bucket=8 signal=########
tick=0231 terrain=brown_noise value_bucket=9 signal=#########
tick=0232 terrain=brown_noise value_bucket=8 signal=########
tick=0233 terrain=brown_noise value_bucket=8 signal=########
tick=0234 terrain=brown_noise value_bucket=9 signal=#########
tick=0235 terrain=brown_noise value_bucket=9 signal=#########
tick=0236 terrain=brown_noise value_bucket=8 signal=########
tick=0237 terrain=brown_noise value_bucket=8 signal=########
tick=0238 terrain=brown_noise value_bucket=7 signal=#######
tick=0239 terrain=brown_noise value_bucket=6 signal=######
tick=0240 terrain=brown_noise value_bucket=7 signal=#######
tick=0241 terrain=brown_noise value_bucket=7 signal=#######
tick=0242 terrain=brown_noise value_bucket=8 signal=########
tick=0243 terrain=brown_noise value_bucket=8 signal=########
tick=0244 terrain=brown_noise value_bucket=7 signal=#######
tick=0245 terrain=brown_noise value_bucket=7 signal=#######
tick=0246 terrain=brown_noise value_bucket=8 signal=########
tick=0247 terrain=brown_noise value_bucket=8 signal=########
tick=0248 terrain=brown_noise value_bucket=7 signal=#######
tick=0249 terrain=brown_noise value_bucket=8 signal=########
tick=0250 terrain=brown_noise value_bucket=9 signal=#########
tick=0251 terrain=brown_noise value_bucket=9 signal=#########
tick=0252 terrain=brown_noise value_bucket=8 signal=########
tick=0253 terrain=brown_noise value_bucket=8 signal=########
tick=0254 terrain=brown_noise value_bucket=7 signal=#######
tick=0255 terrain=brown_noise value_bucket=7 signal=#######
tick=0256 terrain=brown_noise value_bucket=8 signal=########
tick=0257 terrain=brown_noise value_bucket=8 signal=########
tick=0258 terrain=brown_noise value_bucket=7 signal=#######
tick=0259 terrain=brown_noise value_bucket=8 signal=########
tick=0260 terrain=brown_noise value_bucket=7 signal=#######
tick=0261 terrain=brown_noise value_bucket=6 signal=######
tick=0262 terrain=brown_noise value_bucket=5 signal=#####
tick=0263 terrain=brown_noise value_bucket=4 signal=####
tick=0264 terrain=brown_noise value_bucket=4 signal=####
tick=0265 terrain=brown_noise value_bucket=5 signal=#####
tick=0266 terrain=brown_noise value_bucket=4 signal=####
tick=0267 terrain=brown_noise value_bucket=3 signal=###
tick=0268 terrain=brown_noise value_bucket=4 signal=####
tick=0269 terrain=brown_noise value_bucket=5 signal=#####
tick=0270 terrain=brown_noise value_bucket=4 signal=####
tick=0271 terrain=brown_noise value_bucket=4 signal=####
tick=0272 terrain=brown_noise value_bucket=5 signal=#####
tick=0273 terrain=brown_noise value_bucket=6 signal=######
tick=0274 terrain=brown_noise value_bucket=7 signal=#######
tick=0275 terrain=brown_noise value_bucket=7 signal=#######
tick=0276 terrain=brown_noise value_bucket=8 signal=########
tick=0277 terrain=brown_noise value_bucket=7 signal=#######
tick=0278 terrain=brown_noise value_bucket=8 signal=########
tick=0279 terrain=brown_noise value_bucket=8 signal=########
tick=0280 terrain=brown_noise value_bucket=8 signal=########
tick=0281 terrain=brown_noise value_bucket=8 signal=########
tick=0282 terrain=brown_noise value_bucket=8 signal=########
tick=0283 terrain=brown_noise value_bucket=9 signal=#########
tick=0284 terrain=brown_noise value_bucket=9 signal=#########
tick=0285 terrain=brown_noise value_bucket=9 signal=#########
tick=0286 terrain=brown_noise value_bucket=9 signal=#########
tick=0287 terrain=brown_noise value_bucket=8 signal=########
tick=0288 terrain=brown_noise value_bucket=7 signal=#######
tick=0289 terrain=brown_noise value_bucket=6 signal=######
tick=0290 terrain=brown_noise value_bucket=7 signal=#######
tick=0291 terrain=brown_noise value_bucket=7 signal=#######
tick=0292 terrain=brown_noise value_bucket=7 signal=#######
tick=0293 terrain=brown_noise value_bucket=7 signal=#######
tick=0294 terrain=brown_noise value_bucket=6 signal=######
tick=0295 terrain=brown_noise value_bucket=6 signal=######
tick=0296 terrain=brown_noise value_bucket=7 signal=#######
tick=0297 terrain=brown_noise value_bucket=6 signal=######
tick=0298 terrain=brown_noise value_bucket=5 signal=#####
tick=0299 terrain=brown_noise value_bucket=5 signal=#####
tick=0300 terrain=brown_noise value_bucket=6 signal=######
tick=0301 terrain=brown_noise value_bucket=7 signal=#######
tick=0302 terrain=brown_noise value_bucket=7 signal=#######
tick=0303 terrain=brown_noise value_bucket=8 signal=########
tick=0304 terrain=brown_noise value_bucket=7 signal=#######
tick=0305 terrain=brown_noise value_bucket=7 signal=#######
tick=0306 terrain=brown_noise value_bucket=8 signal=########
tick=0307 terrain=brown_noise value_bucket=8 signal=########
tick=0308 terrain=brown_noise value_bucket=7 signal=#######
tick=0309 terrain=brown_noise value_bucket=6 signal=######
tick=0310 terrain=brown_noise value_bucket=6 signal=######
tick=0311 terrain=brown_noise value_bucket=6 signal=######
tick=0312 terrain=brown_noise value_bucket=6 signal=######
tick=0313 terrain=brown_noise value_bucket=6 signal=######
tick=0314 terrain=brown_noise value_bucket=6 signal=######
tick=0315 terrain=brown_noise value_bucket=7 signal=#######
tick=0316 terrain=brown_noise value_bucket=7 signal=#######
tick=0317 terrain=brown_noise value_bucket=8 signal=########
tick=0318 terrain=brown_noise value_bucket=8 signal=########
tick=0319 terrain=brown_noise value_bucket=9 signal=#########
tick=0320 terrain=brown_noise value_bucket=8 signal=########
tick=0321 terrain=brown_noise value_bucket=9 signal=#########
tick=0322 terrain=brown_noise value_bucket=8 signal=########
tick=0323 terrain=brown_noise value_bucket=9 signal=#########
tick=0324 terrain=brown_noise value_bucket=9 signal=#########
tick=0325 terrain=brown_noise value_bucket=9 signal=#########
tick=0326 terrain=brown_noise value_bucket=9 signal=#########
tick=0327 terrain=brown_noise value_bucket=8 signal=########
tick=0328 terrain=brown_noise value_bucket=7 signal=#######
tick=0329 terrain=brown_noise value_bucket=7 signal=#######
tick=0330 terrain=brown_noise value_bucket=8 signal=########
tick=0331 terrain=brown_noise value_bucket=8 signal=########
tick=0332 terrain=brown_noise value_bucket=9 signal=#########
tick=0333 terrain=brown_noise value_bucket=8 signal=########
tick=0334 terrain=brown_noise value_bucket=9 signal=#########
tick=0335 terrain=brown_noise value_bucket=8 signal=########
tick=0336 terrain=brown_noise value_bucket=9 signal=#########
tick=0337 terrain=brown_noise value_bucket=8 signal=########
tick=0338 terrain=brown_noise value_bucket=8 signal=########
tick=0339 terrain=brown_noise value_bucket=9 signal=#########
tick=0340 terrain=brown_noise value_bucket=8 signal=########
tick=0341 terrain=brown_noise value_bucket=9 signal=#########
tick=0342 terrain=brown_noise value_bucket=8 signal=########
tick=0343 terrain=brown_noise value_bucket=9 signal=#########
tick=0344 terrain=brown_noise value_bucket=8 signal=########
tick=0345 terrain=brown_noise value_bucket=7 signal=#######
tick=0346 terrain=brown_noise value_bucket=8 signal=########
tick=0347 terrain=brown_noise value_bucket=9 signal=#########
tick=0348 terrain=brown_noise value_bucket=8 signal=########
tick=0349 terrain=brown_noise value_bucket=8 signal=########
tick=0350 terrain=brown_noise value_bucket=7 signal=#######
tick=0351 terrain=brown_noise value_bucket=8 signal=########
tick=0352 terrain=brown_noise value_bucket=9 signal=#########
tick=0353 terrain=brown_noise value_bucket=9 signal=#########
tick=0354 terrain=brown_noise value_bucket=9 signal=#########
tick=0355 terrain=brown_noise value_bucket=9 signal=#########
tick=0356 terrain=brown_noise value_bucket=9 signal=#########
tick=0357 terrain=brown_noise value_bucket=9 signal=#########
tick=0358 terrain=brown_noise value_bucket=9 signal=#########
tick=0359 terrain=brown_noise value_bucket=9 signal=#########
tick=0360 terrain=brown_noise value_bucket=9 signal=#########
tick=0361 terrain=brown_noise value_bucket=8 signal=########
tick=0362 terrain=brown_noise value_bucket=9 signal=#########
tick=0363 terrain=brown_noise value_bucket=9 signal=#########
tick=0364 terrain=brown_noise value_bucket=9 signal=#########
tick=0365 terrain=brown_noise value_bucket=9 signal=#########
tick=0366 terrain=brown_noise value_bucket=9 signal=#########
tick=0367 terrain=brown_noise value_bucket=9 signal=#########
tick=0368 terrain=brown_noise value_bucket=9 signal=#########
tick=0369 terrain=brown_noise value_bucket=8 signal=########
tick=0370 terrain=brown_noise value_bucket=8 signal=########
tick=0371 terrain=brown_noise value_bucket=8 signal=########
tick=0372 terrain=brown_noise value_bucket=8 signal=########
tick=0373 terrain=brown_noise value_bucket=8 signal=########
tick=0374 terrain=brown_noise value_bucket=7 signal=#######
tick=0375 terrain=brown_noise value_bucket=8 signal=########
tick=0376 terrain=brown_noise value_bucket=9 signal=#########
tick=0377 terrain=brown_noise value_bucket=9 signal=#########
tick=0378 terrain=brown_noise value_bucket=9 signal=#########
tick=0379 terrain=brown_noise value_bucket=8 signal=########
tick=0380 terrain=brown_noise value_bucket=7 signal=#######
tick=0381 terrain=brown_noise value_bucket=7 signal=#######
tick=0382 terrain=brown_noise value_bucket=7 signal=#######
tick=0383 terrain=brown_noise value_bucket=7 signal=#######
tick=0384 terrain=brown_noise value_bucket=8 signal=########
tick=0385 terrain=brown_noise value_bucket=8 signal=########
tick=0386 terrain=brown_noise value_bucket=8 signal=########
tick=0387 terrain=brown_noise value_bucket=9 signal=#########
tick=0388 terrain=brown_noise value_bucket=9 signal=#########
tick=0389 terrain=brown_noise value_bucket=9 signal=#########
tick=0390 terrain=brown_noise value_bucket=9 signal=#########
tick=0391 terrain=brown_noise value_bucket=9 signal=#########
tick=0392 terrain=brown_noise value_bucket=8 signal=########
tick=0393 terrain=brown_noise value_bucket=8 signal=########
tick=0394 terrain=brown_noise value_bucket=9 signal=#########
tick=0395 terrain=brown_noise value_bucket=9 signal=#########
tick=0396 terrain=brown_noise value_bucket=9 signal=#########
tick=0397 terrain=brown_noise value_bucket=9 signal=#########
tick=0398 terrain=brown_noise value_bucket=9 signal=#########
tick=0399 terrain=brown_noise value_bucket=9 signal=#########
tick=0400 terrain=brown_noise value_bucket=9 signal=#########
tick=0401 terrain=brown_noise value_bucket=9 signal=#########
tick=0402 terrain=brown_noise value_bucket=9 signal=#########
tick=0403 terrain=brown_noise value_bucket=9 signal=#########
tick=0404 terrain=brown_noise value_bucket=8 signal=########
tick=0405 terrain=brown_noise value_bucket=7 signal=#######
tick=0406 terrain=brown_noise value_bucket=6 signal=######
tick=0407 terrain=brown_noise value_bucket=5 signal=#####
tick=0408 terrain=brown_noise value_bucket=5 signal=#####
tick=0409 terrain=brown_noise value_bucket=5 signal=#####
tick=0410 terrain=brown_noise value_bucket=6 signal=######
tick=0411 terrain=brown_noise value_bucket=7 signal=#######
tick=0412 terrain=brown_noise value_bucket=8 signal=########
tick=0413 terrain=brown_noise value_bucket=9 signal=#########
tick=0414 terrain=brown_noise value_bucket=8 signal=########
tick=0415 terrain=brown_noise value_bucket=8 signal=########
tick=0416 terrain=brown_noise value_bucket=9 signal=#########
tick=0417 terrain=brown_noise value_bucket=8 signal=########
tick=0418 terrain=brown_noise value_bucket=7 signal=#######
tick=0419 terrain=brown_noise value_bucket=7 signal=#######
tick=0420 terrain=brown_noise value_bucket=8 signal=########
tick=0421 terrain=brown_noise value_bucket=7 signal=#######
tick=0422 terrain=brown_noise value_bucket=8 signal=########
tick=0423 terrain=brown_noise value_bucket=9 signal=#########
tick=0424 terrain=brown_noise value_bucket=9 signal=#########
tick=0425 terrain=brown_noise value_bucket=8 signal=########
tick=0426 terrain=brown_noise value_bucket=7 signal=#######
tick=0427 terrain=brown_noise value_bucket=6 signal=######
tick=0428 terrain=brown_noise value_bucket=5 signal=#####
tick=0429 terrain=brown_noise value_bucket=5 signal=#####
tick=0430 terrain=brown_noise value_bucket=6 signal=######
tick=0431 terrain=brown_noise value_bucket=5 signal=#####
tick=0432 terrain=brown_noise value_bucket=5 signal=#####
tick=0433 terrain=brown_noise value_bucket=4 signal=####
tick=0434 terrain=brown_noise value_bucket=3 signal=###
tick=0435 terrain=brown_noise value_bucket=2 signal=##
tick=0436 terrain=brown_noise value_bucket=1 signal=#
tick=0437 terrain=brown_noise value_bucket=0 signal=
tick=0438 terrain=brown_noise value_bucket=0 signal=
tick=0439 terrain=brown_noise value_bucket=0 signal=
tick=0440 terrain=brown_noise value_bucket=0 signal=
tick=0441 terrain=brown_noise value_bucket=1 signal=#
tick=0442 terrain=brown_noise value_bucket=1 signal=#
tick=0443 terrain=brown_noise value_bucket=0 signal=
tick=0444 terrain=brown_noise value_bucket=1 signal=#
tick=0445 terrain=brown_noise value_bucket=0 signal=
tick=0446 terrain=brown_noise value_bucket=0 signal=
tick=0447 terrain=brown_noise value_bucket=0 signal=
tick=0448 terrain=brown_noise value_bucket=0 signal=
tick=0449 terrain=brown_noise value_bucket=0 signal=
tick=0450 terrain=brown_noise value_bucket=0 signal=
tick=0451 terrain=brown_noise value_bucket=0 signal=
tick=0452 terrain=brown_noise value_bucket=0 signal=
tick=0453 terrain=brown_noise value_bucket=0 signal=
tick=0454 terrain=brown_noise value_bucket=0 signal=
tick=0455 terrain=brown_noise value_bucket=1 signal=#
tick=0456 terrain=brown_noise value_bucket=2 signal=##
tick=0457 terrain=brown_noise value_bucket=3 signal=###
tick=0458 terrain=brown_noise value_bucket=4 signal=####
tick=0459 terrain=brown_noise value_bucket=4 signal=####
tick=0460 terrain=brown_noise value_bucket=5 signal=#####
tick=0461 terrain=brown_noise value_bucket=6 signal=######
tick=0462 terrain=brown_noise value_bucket=7 signal=#######
tick=0463 terrain=brown_noise value_bucket=7 signal=#######
tick=0464 terrain=brown_noise value_bucket=6 signal=######
tick=0465 terrain=brown_noise value_bucket=6 signal=######
tick=0466 terrain=brown_noise value_bucket=7 signal=#######
tick=0467 terrain=brown_noise value_bucket=8 signal=########
tick=0468 terrain=brown_noise value_bucket=7 signal=#######
tick=0469 terrain=brown_noise value_bucket=8 signal=########
tick=0470 terrain=brown_noise value_bucket=7 signal=#######
tick=0471 terrain=brown_noise value_bucket=8 signal=########
tick=0472 terrain=brown_noise value_bucket=8 signal=########
tick=0473 terrain=brown_noise value_bucket=8 signal=########
tick=0474 terrain=brown_noise value_bucket=7 signal=#######
tick=0475 terrain=brown_noise value_bucket=7 signal=#######
tick=0476 terrain=brown_noise value_bucket=8 signal=########
tick=0477 terrain=brown_noise value_bucket=9 signal=#########
tick=0478 terrain=brown_noise value_bucket=9 signal=#########
tick=0479 terrain=brown_noise value_bucket=9 signal=#########
tick=0480 terrain=brown_noise value_bucket=8 signal=########
tick=0481 terrain=brown_noise value_bucket=7 signal=#######
tick=0482 terrain=brown_noise value_bucket=8 signal=########
tick=0483 terrain=brown_noise value_bucket=9 signal=#########
tick=0484 terrain=brown_noise value_bucket=9 signal=#########
tick=0485 terrain=brown_noise value_bucket=8 signal=########
tick=0486 terrain=brown_noise value_bucket=7 signal=#######
tick=0487 terrain=brown_noise value_bucket=8 signal=########
tick=0488 terrain=brown_noise value_bucket=7 signal=#######
tick=0489 terrain=brown_noise value_bucket=8 signal=########
tick=0490 terrain=brown_noise value_bucket=8 signal=########
tick=0491 terrain=brown_noise value_bucket=8 signal=########
tick=0492 terrain=brown_noise value_bucket=8 signal=########
tick=0493 terrain=brown_noise value_bucket=8 signal=########
tick=0494 terrain=brown_noise value_bucket=7 signal=#######
tick=0495 terrain=brown_noise value_bucket=7 signal=#######
tick=0496 terrain=brown_noise value_bucket=6 signal=######
tick=0497 terrain=brown_noise value_bucket=7 signal=#######
tick=0498 terrain=brown_noise value_bucket=8 signal=########
tick=0499 terrain=brown_noise value_bucket=8 signal=########
tick=0500 terrain=brown_noise value_bucket=7 signal=#######
tick=0501 terrain=brown_noise value_bucket=6 signal=######
tick=0502 terrain=brown_noise value_bucket=5 signal=#####
tick=0503 terrain=brown_noise value_bucket=5 signal=#####
tick=0504 terrain=brown_noise value_bucket=5 signal=#####
tick=0505 terrain=brown_noise value_bucket=5 signal=#####
tick=0506 terrain=brown_noise value_bucket=5 signal=#####
tick=0507 terrain=brown_noise value_bucket=4 signal=####
tick=0508 terrain=brown_noise value_bucket=3 signal=###
tick=0509 terrain=brown_noise value_bucket=2 signal=##
tick=0510 terrain=brown_noise value_bucket=1 signal=#
tick=0511 terrain=brown_noise value_bucket=0 signal=
tick=0512 terrain=brown_noise value_bucket=0 signal=
tick=0513 terrain=brown_noise value_bucket=0 signal=
tick=0514 terrain=brown_noise value_bucket=1 signal=#
tick=0515 terrain=brown_noise value_bucket=1 signal=#
tick=0516 terrain=brown_noise value_bucket=0 signal=
tick=0517 terrain=brown_noise value_bucket=1 signal=#
tick=0518 terrain=brown_noise value_bucket=2 signal=##
tick=0519 terrain=brown_noise value_bucket=2 signal=##
tick=0520 terrain=brown_noise value_bucket=3 signal=###
tick=0521 terrain=brown_noise value_bucket=2 signal=##
tick=0522 terrain=brown_noise value_bucket=1 signal=#
tick=0523 terrain=brown_noise value_bucket=0 signal=
tick=0524 terrain=brown_noise value_bucket=0 signal=
tick=0525 terrain=brown_noise value_bucket=0 signal=
tick=0526 terrain=brown_noise value_bucket=0 signal=
tick=0527 terrain=brown_noise value_bucket=1 signal=#
tick=0528 terrain=brown_noise value_bucket=1 signal=#
tick=0529 terrain=brown_noise value_bucket=1 signal=#
tick=0530 terrain=brown_noise value_bucket=2 signal=##
tick=0531 terrain=brown_noise value_bucket=3 signal=###
tick=0532 terrain=brown_noise value_bucket=3 signal=###
tick=0533 terrain=brown_noise value_bucket=4 signal=####
tick=0534 terrain=brown_noise value_bucket=5 signal=#####
tick=0535 terrain=brown_noise value_bucket=5 signal=#####
tick=0536 terrain=brown_noise value_bucket=6 signal=######
tick=0537 terrain=brown_noise value_bucket=6 signal=######
tick=0538 terrain=brown_noise value_bucket=6 signal=######
tick=0539 terrain=brown_noise value_bucket=6 signal=######
tick=0540 terrain=brown_noise value_bucket=7 signal=#######
tick=0541 terrain=brown_noise value_bucket=8 signal=########
tick=0542 terrain=brown_noise value_bucket=9 signal=#########
tick=0543 terrain=brown_noise value_bucket=9 signal=#########
tick=0544 terrain=brown_noise value_bucket=8 signal=########
tick=0545 terrain=brown_noise value_bucket=7 signal=#######
tick=0546 terrain=brown_noise value_bucket=6 signal=######
tick=0547 terrain=brown_noise value_bucket=7 signal=#######
tick=0548 terrain=brown_noise value_bucket=6 signal=######
tick=0549 terrain=brown_noise value_bucket=6 signal=######
tick=0550 terrain=brown_noise value_bucket=5 signal=#####
tick=0551 terrain=brown_noise value_bucket=4 signal=####
tick=0552 terrain=brown_noise value_bucket=5 signal=#####
tick=0553 terrain=brown_noise value_bucket=6 signal=######
tick=0554 terrain=brown_noise value_bucket=7 signal=#######
tick=0555 terrain=brown_noise value_bucket=8 signal=########
tick=0556 terrain=brown_noise value_bucket=8 signal=########
tick=0557 terrain=brown_noise value_bucket=8 signal=########
tick=0558 terrain=brown_noise value_bucket=7 signal=#######
tick=0559 terrain=brown_noise value_bucket=7 signal=#######
tick=0560 terrain=brown_noise value_bucket=7 signal=#######
tick=0561 terrain=brown_noise value_bucket=6 signal=######
tick=0562 terrain=brown_noise value_bucket=6 signal=######
tick=0563 terrain=brown_noise value_bucket=7 signal=#######
tick=0564 terrain=brown_noise value_bucket=7 signal=#######
tick=0565 terrain=brown_noise value_bucket=7 signal=#######
tick=0566 terrain=brown_noise value_bucket=7 signal=#######
tick=0567 terrain=brown_noise value_bucket=6 signal=######
tick=0568 terrain=brown_noise value_bucket=7 signal=#######
tick=0569 terrain=brown_noise value_bucket=7 signal=#######
tick=0570 terrain=brown_noise value_bucket=7 signal=#######
tick=0571 terrain=brown_noise value_bucket=7 signal=#######
tick=0572 terrain=brown_noise value_bucket=7 signal=#######
tick=0573 terrain=brown_noise value_bucket=8 signal=########
tick=0574 terrain=brown_noise value_bucket=7 signal=#######
tick=0575 terrain=brown_noise value_bucket=7 signal=#######
tick=0576 terrain=brown_noise value_bucket=8 signal=########
tick=0577 terrain=brown_noise value_bucket=7 signal=#######
tick=0578 terrain=brown_noise value_bucket=8 signal=########
tick=0579 terrain=brown_noise value_bucket=9 signal=#########
tick=0580 terrain=brown_noise value_bucket=9 signal=#########
tick=0581 terrain=brown_noise value_bucket=9 signal=#########
tick=0582 terrain=brown_noise value_bucket=8 signal=########
tick=0583 terrain=brown_noise value_bucket=9 signal=#########
tick=0584 terrain=brown_noise value_bucket=9 signal=#########
tick=0585 terrain=brown_noise value_bucket=9 signal=#########
tick=0586 terrain=brown_noise value_bucket=9 signal=#########
tick=0587 terrain=brown_noise value_bucket=9 signal=#########
tick=0588 terrain=brown_noise value_bucket=8 signal=########
tick=0589 terrain=brown_noise value_bucket=7 signal=#######
tick=0590 terrain=brown_noise value_bucket=7 signal=#######
tick=0591 terrain=brown_noise value_bucket=7 signal=#######
tick=0592 terrain=brown_noise value_bucket=8 signal=########
tick=0593 terrain=brown_noise value_bucket=8 signal=########
tick=0594 terrain=brown_noise value_bucket=8 signal=########
tick=0595 terrain=brown_noise value_bucket=8 signal=########
tick=0596 terrain=brown_noise value_bucket=8 signal=########
tick=0597 terrain=brown_noise value_bucket=8 signal=########
tick=0598 terrain=brown_noise value_bucket=9 signal=#########
tick=0599 terrain=brown_noise value_bucket=9 signal=#########
tick=0600 terrain=brown_noise value_bucket=9 signal=#########
tick=0601 terrain=brown_noise value_bucket=8 signal=########
tick=0602 terrain=brown_noise value_bucket=9 signal=#########
tick=0603 terrain=brown_noise value_bucket=8 signal=########
tick=0604 terrain=brown_noise value_bucket=9 signal=#########
tick=0605 terrain=brown_noise value_bucket=9 signal=#########
tick=0606 terrain=brown_noise value_bucket=8 signal=########
tick=0607 terrain=brown_noise value_bucket=9 signal=#########
tick=0608 terrain=brown_noise value_bucket=8 signal=########
tick=0609 terrain=brown_noise value_bucket=8 signal=########
tick=0610 terrain=brown_noise value_bucket=7 signal=#######
tick=0611 terrain=brown_noise value_bucket=7 signal=#######
tick=0612 terrain=brown_noise value_bucket=7 signal=#######
tick=0613 terrain=brown_noise value_bucket=8 signal=########
tick=0614 terrain=brown_noise value_bucket=7 signal=#######
tick=0615 terrain=brown_noise value_bucket=6 signal=######
tick=0616 terrain=brown_noise value_bucket=6 signal=######
tick=0617 terrain=brown_noise value_bucket=7 signal=#######
tick=0618 terrain=brown_noise value_bucket=6 signal=######
tick=0619 terrain=brown_noise value_bucket=5 signal=#####
tick=0620 terrain=brown_noise value_bucket=6 signal=######
tick=0621 terrain=brown_noise value_bucket=7 signal=#######
tick=0622 terrain=brown_noise value_bucket=7 signal=#######
tick=0623 terrain=brown_noise value_bucket=6 signal=######
tick=0624 terrain=brown_noise value_bucket=6 signal=######
tick=0625 terrain=brown_noise value_bucket=7 signal=#######
tick=0626 terrain=brown_noise value_bucket=7 signal=#######
tick=0627 terrain=brown_noise value_bucket=7 signal=#######
tick=0628 terrain=brown_noise value_bucket=8 signal=########
tick=0629 terrain=brown_noise value_bucket=8 signal=########
tick=0630 terrain=brown_noise value_bucket=8 signal=########
tick=0631 terrain=brown_noise value_bucket=8 signal=########
tick=0632 terrain=brown_noise value_bucket=8 signal=########
tick=0633 terrain=brown_noise value_bucket=7 signal=#######
tick=0634 terrain=brown_noise value_bucket=7 signal=#######
tick=0635 terrain=brown_noise value_bucket=6 signal=######
tick=0636 terrain=brown_noise value_bucket=7 signal=#######
tick=0637 terrain=brown_noise value_bucket=8 signal=########
tick=0638 terrain=brown_noise value_bucket=7 signal=#######
tick=0639 terrain=brown_noise value_bucket=7 signal=#######
tick=0640 terrain=brown_noise value_bucket=6 signal=######
tick=0641 terrain=brown_noise value_bucket=6 signal=######
tick=0642 terrain=brown_noise value_bucket=5 signal=#####
tick=0643 terrain=brown_noise value_bucket=4 signal=####
tick=0644 terrain=brown_noise value_bucket=3 signal=###
tick=0645 terrain=brown_noise value_bucket=4 signal=####
tick=0646 terrain=brown_noise value_bucket=4 signal=####
tick=0647 terrain=brown_noise value_bucket=3 signal=###
tick=0648 terrain=brown_noise value_bucket=2 signal=##
tick=0649 terrain=brown_noise value_bucket=2 signal=##
tick=0650 terrain=brown_noise value_bucket=3 signal=###
tick=0651 terrain=brown_noise value_bucket=4 signal=####
tick=0652 terrain=brown_noise value_bucket=4 signal=####
tick=0653 terrain=brown_noise value_bucket=4 signal=####
tick=0654 terrain=brown_noise value_bucket=5 signal=#####
tick=0655 terrain=brown_noise value_bucket=5 signal=#####
tick=0656 terrain=brown_noise value_bucket=5 signal=#####
tick=0657 terrain=brown_noise value_bucket=6 signal=######
tick=0658 terrain=brown_noise value_bucket=6 signal=######
tick=0659 terrain=brown_noise value_bucket=7 signal=#######
tick=0660 terrain=brown_noise value_bucket=8 signal=########
tick=0661 terrain=brown_noise value_bucket=8 signal=########
tick=0662 terrain=brown_noise value_bucket=9 signal=#########
tick=0663 terrain=brown_noise value_bucket=9 signal=#########
tick=0664 terrain=brown_noise value_bucket=9 signal=#########
tick=0665 terrain=brown_noise value_bucket=9 signal=#########
tick=0666 terrain=brown_noise value_bucket=9 signal=#########
tick=0667 terrain=brown_noise value_bucket=9 signal=#########
tick=0668 terrain=brown_noise value_bucket=8 signal=########
tick=0669 terrain=brown_noise value_bucket=8 signal=########
tick=0670 terrain=brown_noise value_bucket=9 signal=#########
tick=0671 terrain=brown_noise value_bucket=9 signal=#########
tick=0672 terrain=brown_noise value_bucket=9 signal=#########
tick=0673 terrain=brown_noise value_bucket=8 signal=########
tick=0674 terrain=brown_noise value_bucket=7 signal=#######
tick=0675 terrain=brown_noise value_bucket=6 signal=######
tick=0676 terrain=brown_noise value_bucket=7 signal=#######
tick=0677 terrain=brown_noise value_bucket=8 signal=########
tick=0678 terrain=brown_noise value_bucket=8 signal=########
tick=0679 terrain=brown_noise value_bucket=7 signal=#######
tick=0680 terrain=brown_noise value_bucket=7 signal=#######
tick=0681 terrain=brown_noise value_bucket=6 signal=######
tick=0682 terrain=brown_noise value_bucket=5 signal=#####
tick=0683 terrain=brown_noise value_bucket=5 signal=#####
tick=0684 terrain=brown_noise value_bucket=6 signal=######
tick=0685 terrain=brown_noise value_bucket=5 signal=#####
tick=0686 terrain=brown_noise value_bucket=5 signal=#####
tick=0687 terrain=brown_noise value_bucket=4 signal=####
tick=0688 terrain=brown_noise value_bucket=3 signal=###
tick=0689 terrain=brown_noise value_bucket=4 signal=####
tick=0690 terrain=brown_noise value_bucket=3 signal=###
tick=0691 terrain=brown_noise value_bucket=3 signal=###
tick=0692 terrain=brown_noise value_bucket=2 signal=##
tick=0693 terrain=brown_noise value_bucket=3 signal=###
tick=0694 terrain=brown_noise value_bucket=4 signal=####
tick=0695 terrain=brown_noise value_bucket=3 signal=###
tick=0696 terrain=brown_noise value_bucket=4 signal=####
tick=0697 terrain=brown_noise value_bucket=3 signal=###
tick=0698 terrain=brown_noise value_bucket=3 signal=###
tick=0699 terrain=brown_noise value_bucket=4 signal=####
tick=0700 terrain=brown_noise value_bucket=5 signal=#####
tick=0701 terrain=brown_noise value_bucket=4 signal=####
tick=0702 terrain=brown_noise value_bucket=5 signal=#####
tick=0703 terrain=brown_noise value_bucket=5 signal=#####
tick=0704 terrain=brown_noise value_bucket=5 signal=#####
tick=0705 terrain=brown_noise value_bucket=4 signal=####
tick=0706 terrain=brown_noise value_bucket=5 signal=#####
tick=0707 terrain=brown_noise value_bucket=6 signal=######
tick=0708 terrain=brown_noise value_bucket=5 signal=#####
tick=0709 terrain=brown_noise value_bucket=6 signal=######
tick=0710 terrain=brown_noise value_bucket=5 signal=#####
tick=0711 terrain=brown_noise value_bucket=6 signal=######
tick=0712 terrain=brown_noise value_bucket=5 signal=#####
tick=0713 terrain=brown_noise value_bucket=6 signal=######
tick=0714 terrain=brown_noise value_bucket=7 signal=#######
tick=0715 terrain=brown_noise value_bucket=8 signal=########
tick=0716 terrain=brown_noise value_bucket=9 signal=#########
tick=0717 terrain=brown_noise value_bucket=8 signal=########
tick=0718 terrain=brown_noise value_bucket=8 signal=########
tick=0719 terrain=brown_noise value_bucket=9 signal=#########
tick=0720 terrain=brown_noise value_bucket=9 signal=#########
tick=0721 terrain=brown_noise value_bucket=9 signal=#########
tick=0722 terrain=brown_noise value_bucket=9 signal=#########
tick=0723 terrain=brown_noise value_bucket=9 signal=#########
tick=0724 terrain=brown_noise value_bucket=8 signal=########
tick=0725 terrain=brown_noise value_bucket=9 signal=#########
tick=0726 terrain=brown_noise value_bucket=8 signal=########
tick=0727 terrain=brown_noise value_bucket=8 signal=########
tick=0728 terrain=brown_noise value_bucket=7 signal=#######
tick=0729 terrain=brown_noise value_bucket=8 signal=########
tick=0730 terrain=brown_noise value_bucket=9 signal=#########
tick=0731 terrain=brown_noise value_bucket=9 signal=#########
tick=0732 terrain=brown_noise value_bucket=9 signal=#########
tick=0733 terrain=brown_noise value_bucket=8 signal=########
tick=0734 terrain=brown_noise value_bucket=9 signal=#########
tick=0735 terrain=brown_noise value_bucket=9 signal=#########
tick=0736 terrain=brown_noise value_bucket=9 signal=#########
tick=0737 terrain=brown_noise value_bucket=8 signal=########
tick=0738 terrain=brown_noise value_bucket=8 signal=########
tick=0739 terrain=brown_noise value_bucket=7 signal=#######
tick=0740 terrain=brown_noise value_bucket=7 signal=#######
tick=0741 terrain=brown_noise value_bucket=7 signal=#######
tick=0742 terrain=brown_noise value_bucket=6 signal=######
tick=0743 terrain=brown_noise value_bucket=7 signal=#######
tick=0744 terrain=brown_noise value_bucket=6 signal=######
tick=0745 terrain=brown_noise value_bucket=7 signal=#######
tick=0746 terrain=brown_noise value_bucket=6 signal=######
tick=0747 terrain=brown_noise value_bucket=7 signal=#######
tick=0748 terrain=brown_noise value_bucket=6 signal=######
tick=0749 terrain=brown_noise value_bucket=5 signal=#####
tick=0750 terrain=brown_noise value_bucket=6 signal=######
tick=0751 terrain=brown_noise value_bucket=6 signal=######
tick=0752 terrain=brown_noise value_bucket=5 signal=#####
tick=0753 terrain=brown_noise value_bucket=6 signal=######
tick=0754 terrain=brown_noise value_bucket=5 signal=#####
tick=0755 terrain=brown_noise value_bucket=6 signal=######
tick=0756 terrain=brown_noise value_bucket=7 signal=#######
tick=0757 terrain=brown_noise value_bucket=7 signal=#######
tick=0758 terrain=brown_noise value_bucket=8 signal=########
tick=0759 terrain=brown_noise value_bucket=8 signal=########
tick=0760 terrain=brown_noise value_bucket=8 signal=########
tick=0761 terrain=brown_noise value_bucket=7 signal=#######
tick=0762 terrain=brown_noise value_bucket=7 signal=#######
tick=0763 terrain=brown_noise value_bucket=6 signal=######
tick=0764 terrain=brown_noise value_bucket=5 signal=#####
tick=0765 terrain=brown_noise value_bucket=6 signal=######
tick=0766 terrain=brown_noise value_bucket=7 signal=#######
tick=0767 terrain=brown_noise value_bucket=7 signal=#######
tick=0768 terrain=brown_noise value_bucket=6 signal=######
tick=0769 terrain=brown_noise value_bucket=7 signal=#######
tick=0770 terrain=brown_noise value_bucket=7 signal=#######
tick=0771 terrain=brown_noise value_bucket=7 signal=#######
tick=0772 terrain=brown_noise value_bucket=6 signal=######
tick=0773 terrain=brown_noise value_bucket=5 signal=#####
tick=0774 terrain=brown_noise value_bucket=6 signal=######
tick=0775 terrain=brown_noise value_bucket=5 signal=#####
tick=0776 terrain=brown_noise value_bucket=6 signal=######
tick=0777 terrain=brown_noise value_bucket=7 signal=#######
tick=0778 terrain=brown_noise value_bucket=6 signal=######
tick=0779 terrain=brown_noise value_bucket=6 signal=######
tick=0780 terrain=brown_noise value_bucket=7 signal=#######
tick=0781 terrain=brown_noise value_bucket=8 signal=########
tick=0782 terrain=brown_noise value_bucket=7 signal=#######
tick=0783 terrain=brown_noise value_bucket=6 signal=######
tick=0784 terrain=brown_noise value_bucket=7 signal=#######
tick=0785 terrain=brown_noise value_bucket=8 signal=########
tick=0786 terrain=brown_noise value_bucket=8 signal=########
tick=0787 terrain=brown_noise value_bucket=7 signal=#######
tick=0788 terrain=brown_noise value_bucket=7 signal=#######
tick=0789 terrain=brown_noise value_bucket=6 signal=######
tick=0790 terrain=brown_noise value_bucket=5 signal=#####
tick=0791 terrain=brown_noise value_bucket=5 signal=#####
tick=0792 terrain=brown_noise value_bucket=4 signal=####
tick=0793 terrain=brown_noise value_bucket=4 signal=####
tick=0794 terrain=brown_noise value_bucket=4 signal=####
tick=0795 terrain=brown_noise value_bucket=5 signal=#####
tick=0796 terrain=brown_noise value_bucket=5 signal=#####
tick=0797 terrain=brown_noise value_bucket=5 signal=#####
tick=0798 terrain=brown_noise value_bucket=5 signal=#####
tick=0799 terrain=brown_noise value_bucket=6 signal=######
tick=0800 terrain=brown_noise value_bucket=6 signal=######
tick=0801 terrain=brown_noise value_bucket=6 signal=######
tick=0802 terrain=brown_noise value_bucket=7 signal=#######
tick=0803 terrain=brown_noise value_bucket=7 signal=#######
tick=0804 terrain=brown_noise value_bucket=7 signal=#######
tick=0805 terrain=brown_noise value_bucket=8 signal=########
tick=0806 terrain=brown_noise value_bucket=7 signal=#######
tick=0807 terrain=brown_noise value_bucket=8 signal=########
tick=0808 terrain=brown_noise value_bucket=9 signal=#########
tick=0809 terrain=brown_noise value_bucket=8 signal=########
tick=0810 terrain=brown_noise value_bucket=8 signal=########
tick=0811 terrain=brown_noise value_bucket=9 signal=#########
tick=0812 terrain=brown_noise value_bucket=9 signal=#########
tick=0813 terrain=brown_noise value_bucket=8 signal=########
tick=0814 terrain=brown_noise value_bucket=7 signal=#######
tick=0815 terrain=brown_noise value_bucket=8 signal=########
tick=0816 terrain=brown_noise value_bucket=7 signal=#######
tick=0817 terrain=brown_noise value_bucket=7 signal=#######
tick=0818 terrain=brown_noise value_bucket=7 signal=#######
tick=0819 terrain=brown_noise value_bucket=6 signal=######
tick=0820 terrain=brown_noise value_bucket=5 signal=#####
tick=0821 terrain=brown_noise value_bucket=6 signal=######
tick=0822 terrain=brown_noise value_bucket=7 signal=#######
tick=0823 terrain=brown_noise value_bucket=8 signal=########
tick=0824 terrain=brown_noise value_bucket=7 signal=#######
tick=0825 terrain=brown_noise value_bucket=6 signal=######
tick=0826 terrain=brown_noise value_bucket=6 signal=######
tick=0827 terrain=brown_noise value_bucket=7 signal=#######
tick=0828 terrain=brown_noise value_bucket=7 signal=#######
tick=0829 terrain=brown_noise value_bucket=7 signal=#######
tick=0830 terrain=brown_noise value_bucket=6 signal=######
tick=0831 terrain=brown_noise value_bucket=5 signal=#####
tick=0832 terrain=brown_noise value_bucket=5 signal=#####
tick=0833 terrain=brown_noise value_bucket=4 signal=####
tick=0834 terrain=brown_noise value_bucket=4 signal=####
tick=0835 terrain=brown_noise value_bucket=4 signal=####
tick=0836 terrain=brown_noise value_bucket=5 signal=#####
tick=0837 terrain=brown_noise value_bucket=5 signal=#####
tick=0838 terrain=brown_noise value_bucket=5 signal=#####
tick=0839 terrain=brown_noise value_bucket=6 signal=######
tick=0840 terrain=brown_noise value_bucket=7 signal=#######
tick=0841 terrain=brown_noise value_bucket=7 signal=#######
tick=0842 terrain=brown_noise value_bucket=8 signal=########
tick=0843 terrain=brown_noise value_bucket=8 signal=########
tick=0844 terrain=brown_noise value_bucket=9 signal=#########
tick=0845 terrain=brown_noise value_bucket=9 signal=#########
tick=0846 terrain=brown_noise value_bucket=8 signal=########
tick=0847 terrain=brown_noise value_bucket=8 signal=########
tick=0848 terrain=brown_noise value_bucket=8 signal=########
tick=0849 terrain=brown_noise value_bucket=8 signal=########
tick=0850 terrain=brown_noise value_bucket=8 signal=########
tick=0851 terrain=brown_noise value_bucket=7 signal=#######
tick=0852 terrain=brown_noise value_bucket=6 signal=######
tick=0853 terrain=brown_noise value_bucket=6 signal=######
tick=0854 terrain=brown_noise value_bucket=6 signal=######
tick=0855 terrain=brown_noise value_bucket=7 signal=#######
tick=0856 terrain=brown_noise value_bucket=8 signal=########
tick=0857 terrain=brown_noise value_bucket=7 signal=#######
tick=0858 terrain=brown_noise value_bucket=6 signal=######
tick=0859 terrain=brown_noise value_bucket=5 signal=#####
tick=0860 terrain=brown_noise value_bucket=4 signal=####
tick=0861 terrain=brown_noise value_bucket=4 signal=####
tick=0862 terrain=brown_noise value_bucket=5 signal=#####
tick=0863 terrain=brown_noise value_bucket=6 signal=######
tick=0864 terrain=brown_noise value_bucket=5 signal=#####
tick=0865 terrain=brown_noise value_bucket=5 signal=#####
tick=0866 terrain=brown_noise value_bucket=6 signal=######
tick=0867 terrain=brown_noise value_bucket=6 signal=######
tick=0868 terrain=brown_noise value_bucket=7 signal=#######
tick=0869 terrain=brown_noise value_bucket=7 signal=#######
tick=0870 terrain=brown_noise value_bucket=7 signal=#######
tick=0871 terrain=brown_noise value_bucket=8 signal=########
tick=0872 terrain=brown_noise value_bucket=7 signal=#######
tick=0873 terrain=brown_noise value_bucket=8 signal=########
tick=0874 terrain=brown_noise value_bucket=9 signal=#########
tick=0875 terrain=brown_noise value_bucket=8 signal=########
tick=0876 terrain=brown_noise value_bucket=7 signal=#######
tick=0877 terrain=brown_noise value_bucket=8 signal=########
tick=0878 terrain=brown_noise value_bucket=9 signal=#########
tick=0879 terrain=brown_noise value_bucket=9 signal=#########
tick=0880 terrain=brown_noise value_bucket=9 signal=#########
tick=0881 terrain=brown_noise value_bucket=9 signal=#########
tick=0882 terrain=brown_noise value_bucket=9 signal=#########
tick=0883 terrain=brown_noise value_bucket=8 signal=########
tick=0884 terrain=brown_noise value_bucket=9 signal=#########
tick=0885 terrain=brown_noise value_bucket=8 signal=########
tick=0886 terrain=brown_noise value_bucket=7 signal=#######
tick=0887 terrain=brown_noise value_bucket=8 signal=########
tick=0888 terrain=brown_noise value_bucket=9 signal=#########
tick=0889 terrain=brown_noise value_bucket=9 signal=#########
tick=0890 terrain=brown_noise value_bucket=9 signal=#########
tick=0891 terrain=brown_noise value_bucket=9 signal=#########
tick=0892 terrain=brown_noise value_bucket=9 signal=#########
tick=0893 terrain=brown_noise value_bucket=9 signal=#########
tick=0894 terrain=brown_noise value_bucket=9 signal=#########
tick=0895 terrain=brown_noise value_bucket=8 signal=########
tick=0896 terrain=brown_noise value_bucket=9 signal=#########
tick=0897 terrain=brown_noise value_bucket=8 signal=########
tick=0898 terrain=brown_noise value_bucket=7 signal=#######
tick=0899 terrain=brown_noise value_bucket=6 signal=######
tick=0900 terrain=brown_noise value_bucket=6 signal=######
tick=0901 terrain=brown_noise value_bucket=7 signal=#######
tick=0902 terrain=brown_noise value_bucket=6 signal=######
tick=0903 terrain=brown_noise value_bucket=5 signal=#####
tick=0904 terrain=brown_noise value_bucket=5 signal=#####
tick=0905 terrain=brown_noise value_bucket=4 signal=####
tick=0906 terrain=brown_noise value_bucket=3 signal=###
tick=0907 terrain=brown_noise value_bucket=4 signal=####
tick=0908 terrain=brown_noise value_bucket=3 signal=###
tick=0909 terrain=brown_noise value_bucket=4 signal=####
tick=0910 terrain=brown_noise value_bucket=4 signal=####
tick=0911 terrain=brown_noise value_bucket=4 signal=####
tick=0912 terrain=brown_noise value_bucket=4 signal=####
tick=0913 terrain=brown_noise value_bucket=4 signal=####
tick=0914 terrain=brown_noise value_bucket=5 signal=#####
tick=0915 terrain=brown_noise value_bucket=4 signal=####
tick=0916 terrain=brown_noise value_bucket=3 signal=###
tick=0917 terrain=brown_noise value_bucket=4 signal=####
tick=0918 terrain=brown_noise value_bucket=5 signal=#####
tick=0919 terrain=brown_noise value_bucket=5 signal=#####
tick=0920 terrain=brown_noise value_bucket=4 signal=####
tick=0921 terrain=brown_noise value_bucket=4 signal=####
tick=0922 terrain=brown_noise value_bucket=5 signal=#####
tick=0923 terrain=brown_noise value_bucket=4 signal=####
tick=0924 terrain=brown_noise value_bucket=5 signal=#####
tick=0925 terrain=brown_noise value_bucket=5 signal=#####
tick=0926 terrain=brown_noise value_bucket=6 signal=######
tick=0927 terrain=brown_noise value_bucket=5 signal=#####
tick=0928 terrain=brown_noise value_bucket=4 signal=####
tick=0929 terrain=brown_noise value_bucket=5 signal=#####
tick=0930 terrain=brown_noise value_bucket=4 signal=####
tick=0931 terrain=brown_noise value_bucket=3 signal=###
tick=0932 terrain=brown_noise value_bucket=4 signal=####
tick=0933 terrain=brown_noise value_bucket=5 signal=#####
tick=0934 terrain=brown_noise value_bucket=4 signal=####
tick=0935 terrain=brown_noise value_bucket=5 signal=#####
tick=0936 terrain=brown_noise value_bucket=4 signal=####
tick=0937 terrain=brown_noise value_bucket=4 signal=####
tick=0938 terrain=brown_noise value_bucket=5 signal=#####
tick=0939 terrain=brown_noise value_bucket=6 signal=######
tick=0940 terrain=brown_noise value_bucket=6 signal=######
tick=0941 terrain=brown_noise value_bucket=5 signal=#####
tick=0942 terrain=brown_noise value_bucket=4 signal=####
tick=0943 terrain=brown_noise value_bucket=4 signal=####
tick=0944 terrain=brown_noise value_bucket=3 signal=###
tick=0945 terrain=brown_noise value_bucket=4 signal=####
tick=0946 terrain=brown_noise value_bucket=4 signal=####
tick=0947 terrain=brown_noise value_bucket=3 signal=###
tick=0948 terrain=brown_noise value_bucket=4 signal=####
tick=0949 terrain=brown_noise value_bucket=4 signal=####
tick=0950 terrain=brown_noise value_bucket=4 signal=####
tick=0951 terrain=brown_noise value_bucket=4 signal=####
tick=0952 terrain=brown_noise value_bucket=5 signal=#####
tick=0953 terrain=brown_noise value_bucket=4 signal=####
tick=0954 terrain=brown_noise value_bucket=4 signal=####
tick=0955 terrain=brown_noise value_bucket=3 signal=###
tick=0956 terrain=brown_noise value_bucket=2 signal=##
tick=0957 terrain=brown_noise value_bucket=2 signal=##
tick=0958 terrain=brown_noise value_bucket=3 signal=###
tick=0959 terrain=brown_noise value_bucket=4 signal=####
tick=0960 terrain=brown_noise value_bucket=5 signal=#####
tick=0961 terrain=brown_noise value_bucket=5 signal=#####
tick=0962 terrain=brown_noise value_bucket=5 signal=#####
tick=0963 terrain=brown_noise value_bucket=5 signal=#####
tick=0964 terrain=brown_noise value_bucket=5 signal=#####
tick=0965 terrain=brown_noise value_bucket=6 signal=######
tick=0966 terrain=brown_noise value_bucket=6 signal=######
tick=0967 terrain=brown_noise value_bucket=7 signal=#######
tick=0968 terrain=brown_noise value_bucket=7 signal=#######
tick=0969 terrain=brown_noise value_bucket=6 signal=######
tick=0970 terrain=brown_noise value_bucket=6 signal=######
tick=0971 terrain=brown_noise value_bucket=5 signal=#####
tick=0972 terrain=brown_noise value_bucket=6 signal=######
tick=0973 terrain=brown_noise value_bucket=7 signal=#######
tick=0974 terrain=brown_noise value_bucket=6 signal=######
tick=0975 terrain=brown_noise value_bucket=7 signal=#######
tick=0976 terrain=brown_noise value_bucket=7 signal=#######
tick=0977 terrain=brown_noise value_bucket=6 signal=######
tick=0978 terrain=brown_noise value_bucket=6 signal=######
tick=0979 terrain=brown_noise value_bucket=6 signal=######
tick=0980 terrain=brown_noise value_bucket=5 signal=#####
tick=0981 terrain=brown_noise value_bucket=4 signal=####
tick=0982 terrain=brown_noise value_bucket=3 signal=###
tick=0983 terrain=brown_noise value_bucket=2 signal=##
tick=0984 terrain=brown_noise value_bucket=3 signal=###
tick=0985 terrain=brown_noise value_bucket=2 signal=##
tick=0986 terrain=brown_noise value_bucket=2 signal=##
tick=0987 terrain=brown_noise value_bucket=3 signal=###
tick=0988 terrain=brown_noise value_bucket=2 signal=##
tick=0989 terrain=brown_noise value_bucket=2 signal=##
tick=0990 terrain=brown_noise value_bucket=2 signal=##
tick=0991 terrain=brown_noise value_bucket=3 signal=###
tick=0992 terrain=brown_noise value_bucket=3 signal=###
tick=0993 terrain=brown_noise value_bucket=4 signal=####
tick=0994 terrain=brown_noise value_bucket=5 signal=#####
tick=0995 terrain=brown_noise value_bucket=4 signal=####
tick=0996 terrain=brown_noise value_bucket=5 signal=#####
tick=0997 terrain=brown_noise value_bucket=6 signal=######
tick=0998 terrain=brown_noise value_bucket=5 signal=#####
tick=0999 terrain=brown_noise value_bucket=6 signal=######
tick=1000 terrain=brown_noise value_bucket=7 signal=#######
tick=1001 terrain=brown_noise value_bucket=6 signal=######
tick=1002 terrain=brown_noise value_bucket=7 signal=#######
tick=1003 terrain=brown_noise value_bucket=8 signal=########
tick=1004 terrain=brown_noise value_bucket=9 signal=#########
tick=1005 terrain=brown_noise value_bucket=9 signal=#########
tick=1006 terrain=brown_noise value_bucket=9 signal=#########
tick=1007 terrain=brown_noise value_bucket=9 signal=#########
tick=1008 terrain=brown_noise value_bucket=9 signal=#########
tick=1009 terrain=brown_noise value_bucket=8 signal=########
tick=1010 terrain=brown_noise value_bucket=7 signal=#######
tick=1011 terrain=brown_noise value_bucket=6 signal=######
tick=1012 terrain=brown_noise value_bucket=5 signal=#####
tick=1013 terrain=brown_noise value_bucket=5 signal=#####
tick=1014 terrain=brown_noise value_bucket=6 signal=######
tick=1015 terrain=brown_noise value_bucket=5 signal=#####
tick=1016 terrain=brown_noise value_bucket=6 signal=######
tick=1017 terrain=brown_noise value_bucket=5 signal=#####
tick=1018 terrain=brown_noise value_bucket=5 signal=#####
tick=1019 terrain=brown_noise value_bucket=4 signal=####
tick=1020 terrain=brown_noise value_bucket=3 signal=###
tick=1021 terrain=brown_noise value_bucket=3 signal=###
tick=1022 terrain=brown_noise value_bucket=2 signal=##
tick=1023 terrain=brown_noise value_bucket=3 signal=###
tick=1024 terrain=brown_noise value_bucket=4 signal=####
tick=1025 terrain=brown_noise value_bucket=3 signal=###
tick=1026 terrain=brown_noise value_bucket=3 signal=###
tick=1027 terrain=brown_noise value_bucket=3 signal=###
tick=1028 terrain=brown_noise value_bucket=4 signal=####
tick=1029 terrain=brown_noise value_bucket=5 signal=#####
tick=1030 terrain=brown_noise value_bucket=4 signal=####
tick=1031 terrain=brown_noise value_bucket=3 signal=###
tick=1032 terrain=brown_noise value_bucket=4 signal=####
tick=1033 terrain=brown_noise value_bucket=4 signal=####
tick=1034 terrain=brown_noise value_bucket=5 signal=#####
tick=1035 terrain=brown_noise value_bucket=5 signal=#####
tick=1036 terrain=brown_noise value_bucket=5 signal=#####
tick=1037 terrain=brown_noise value_bucket=4 signal=####
tick=1038 terrain=brown_noise value_bucket=4 signal=####
tick=1039 terrain=brown_noise value_bucket=5 signal=#####
tick=1040 terrain=brown_noise value_bucket=6 signal=######
tick=1041 terrain=brown_noise value_bucket=7 signal=#######
tick=1042 terrain=brown_noise value_bucket=6 signal=######
tick=1043 terrain=brown_noise value_bucket=6 signal=######
tick=1044 terrain=brown_noise value_bucket=7 signal=#######
tick=1045 terrain=brown_noise value_bucket=7 signal=#######
tick=1046 terrain=brown_noise value_bucket=8 signal=########
tick=1047 terrain=brown_noise value_bucket=7 signal=#######
tick=1048 terrain=brown_noise value_bucket=6 signal=######
tick=1049 terrain=brown_noise value_bucket=6 signal=######
tick=1050 terrain=brown_noise value_bucket=5 signal=#####
tick=1051 terrain=brown_noise value_bucket=6 signal=######
tick=1052 terrain=brown_noise value_bucket=5 signal=#####
tick=1053 terrain=brown_noise value_bucket=4 signal=####
tick=1054 terrain=brown_noise value_bucket=5 signal=#####
tick=1055 terrain=brown_noise value_bucket=5 signal=#####
tick=1056 terrain=brown_noise value_bucket=6 signal=######
tick=1057 terrain=brown_noise value_bucket=5 signal=#####
tick=1058 terrain=brown_noise value_bucket=4 signal=####
tick=1059 terrain=brown_noise value_bucket=4 signal=####
tick=1060 terrain=brown_noise value_bucket=3 signal=###
tick=1061 terrain=brown_noise value_bucket=4 signal=####
tick=1062 terrain=brown_noise value_bucket=3 signal=###
tick=1063 terrain=brown_noise value_bucket=4 signal=####
tick=1064 terrain=brown_noise value_bucket=4 signal=####
tick=1065 terrain=brown_noise value_bucket=3 signal=###
tick=1066 terrain=brown_noise value_bucket=3 signal=###
tick=1067 terrain=brown_noise value_bucket=4 signal=####
tick=1068 terrain=brown_noise value_bucket=3 signal=###
tick=1069 terrain=brown_noise value_bucket=3 signal=###
tick=1070 terrain=brown_noise value_bucket=3 signal=###
tick=1071 terrain=brown_noise value_bucket=3 signal=###
tick=1072 terrain=brown_noise value_bucket=2 signal=##
tick=1073 terrain=brown_noise value_bucket=1 signal=#
tick=1074 terrain=brown_noise value_bucket=1 signal=#
tick=1075 terrain=brown_noise value_bucket=1 signal=#
tick=1076 terrain=brown_noise value_bucket=2 signal=##
tick=1077 terrain=brown_noise value_bucket=1 signal=#
tick=1078 terrain=brown_noise value_bucket=2 signal=##
tick=1079 terrain=brown_noise value_bucket=2 signal=##
tick=1080 terrain=brown_noise value_bucket=3 signal=###
tick=1081 terrain=brown_noise value_bucket=2 signal=##
tick=1082 terrain=brown_noise value_bucket=1 signal=#
tick=1083 terrain=brown_noise value_bucket=2 signal=##
tick=1084 terrain=brown_noise value_bucket=1 signal=#
tick=1085 terrain=brown_noise value_bucket=1 signal=#
tick=1086 terrain=brown_noise value_bucket=0 signal=
tick=1087 terrain=brown_noise value_bucket=0 signal=
tick=1088 terrain=brown_noise value_bucket=0 signal=
tick=1089 terrain=brown_noise value_bucket=1 signal=#
tick=1090 terrain=brown_noise value_bucket=0 signal=
tick=1091 terrain=brown_noise value_bucket=1 signal=#
tick=1092 terrain=brown_noise value_bucket=0 signal=
tick=1093 terrain=brown_noise value_bucket=0 signal=
tick=1094 terrain=brown_noise value_bucket=0 signal=
tick=1095 terrain=brown_noise value_bucket=1 signal=#
tick=1096 terrain=brown_noise value_bucket=2 signal=##
tick=1097 terrain=brown_noise value_bucket=3 signal=###
tick=1098 terrain=brown_noise value_bucket=3 signal=###
tick=1099 terrain=brown_noise value_bucket=4 signal=####
tick=1100 terrain=brown_noise value_bucket=5 signal=#####
tick=1101 terrain=brown_noise value_bucket=6 signal=######
tick=1102 terrain=brown_noise value_bucket=6 signal=######
tick=1103 terrain=brown_noise value_bucket=6 signal=######
tick=1104 terrain=brown_noise value_bucket=5 signal=#####
tick=1105 terrain=brown_noise value_bucket=5 signal=#####
tick=1106 terrain=brown_noise value_bucket=6 signal=######
tick=1107 terrain=brown_noise value_bucket=7 signal=#######
tick=1108 terrain=brown_noise value_bucket=7 signal=#######
tick=1109 terrain=brown_noise value_bucket=8 signal=########
tick=1110 terrain=brown_noise value_bucket=9 signal=#########
tick=1111 terrain=brown_noise value_bucket=8 signal=########
tick=1112 terrain=brown_noise value_bucket=9 signal=#########
tick=1113 terrain=brown_noise value_bucket=9 signal=#########
tick=1114 terrain=brown_noise value_bucket=9 signal=#########
tick=1115 terrain=brown_noise value_bucket=9 signal=#########
tick=1116 terrain=brown_noise value_bucket=9 signal=#########
tick=1117 terrain=brown_noise value_bucket=9 signal=#########
tick=1118 terrain=brown_noise value_bucket=8 signal=########
tick=1119 terrain=brown_noise value_bucket=9 signal=#########
tick=1120 terrain=brown_noise value_bucket=9 signal=#########
tick=1121 terrain=brown_noise value_bucket=9 signal=#########
tick=1122 terrain=brown_noise value_bucket=9 signal=#########
tick=1123 terrain=brown_noise value_bucket=9 signal=#########
tick=1124 terrain=brown_noise value_bucket=9 signal=#########
tick=1125 terrain=brown_noise value_bucket=9 signal=#########
tick=1126 terrain=brown_noise value_bucket=8 signal=########
tick=1127 terrain=brown_noise value_bucket=9 signal=#########
tick=1128 terrain=brown_noise value_bucket=8 signal=########
tick=1129 terrain=brown_noise value_bucket=7 signal=#######
tick=1130 terrain=brown_noise value_bucket=8 signal=########
tick=1131 terrain=brown_noise value_bucket=7 signal=#######
tick=1132 terrain=brown_noise value_bucket=7 signal=#######
tick=1133 terrain=brown_noise value_bucket=8 signal=########
tick=1134 terrain=brown_noise value_bucket=9 signal=#########
tick=1135 terrain=brown_noise value_bucket=8 signal=########
tick=1136 terrain=brown_noise value_bucket=9 signal=#########
tick=1137 terrain=brown_noise value_bucket=8 signal=########
tick=1138 terrain=brown_noise value_bucket=8 signal=########
tick=1139 terrain=brown_noise value_bucket=8 signal=########
tick=1140 terrain=brown_noise value_bucket=9 signal=#########
tick=1141 terrain=brown_noise value_bucket=9 signal=#########
tick=1142 terrain=brown_noise value_bucket=9 signal=#########
tick=1143 terrain=brown_noise value_bucket=9 signal=#########
tick=1144 terrain=brown_noise value_bucket=9 signal=#########
tick=1145 terrain=brown_noise value_bucket=9 signal=#########
tick=1146 terrain=brown_noise value_bucket=9 signal=#########
tick=1147 terrain=brown_noise value_bucket=9 signal=#########
tick=1148 terrain=brown_noise value_bucket=9 signal=#########
tick=1149 terrain=brown_noise value_bucket=8 signal=########
tick=1150 terrain=brown_noise value_bucket=8 signal=########
tick=1151 terrain=brown_noise value_bucket=9 signal=#########
tick=1152 terrain=brown_noise value_bucket=9 signal=#########
tick=1153 terrain=brown_noise value_bucket=8 signal=########
tick=1154 terrain=brown_noise value_bucket=9 signal=#########
tick=1155 terrain=brown_noise value_bucket=8 signal=########
tick=1156 terrain=brown_noise value_bucket=7 signal=#######
tick=1157 terrain=brown_noise value_bucket=6 signal=######
tick=1158 terrain=brown_noise value_bucket=6 signal=######
tick=1159 terrain=brown_noise value_bucket=6 signal=######
tick=1160 terrain=brown_noise value_bucket=7 signal=#######
tick=1161 terrain=brown_noise value_bucket=6 signal=######
tick=1162 terrain=brown_noise value_bucket=6 signal=######
tick=1163 terrain=brown_noise value_bucket=7 signal=#######
tick=1164 terrain=brown_noise value_bucket=6 signal=######
tick=1165 terrain=brown_noise value_bucket=7 signal=#######
tick=1166 terrain=brown_noise value_bucket=7 signal=#######
tick=1167 terrain=brown_noise value_bucket=6 signal=######
tick=1168 terrain=brown_noise value_bucket=5 signal=#####
tick=1169 terrain=brown_noise value_bucket=4 signal=####
tick=1170 terrain=brown_noise value_bucket=4 signal=####
tick=1171 terrain=brown_noise value_bucket=4 signal=####
tick=1172 terrain=brown_noise value_bucket=3 signal=###
tick=1173 terrain=brown_noise value_bucket=2 signal=##
tick=1174 terrain=brown_noise value_bucket=3 signal=###
tick=1175 terrain=brown_noise value_bucket=2 signal=##
tick=1176 terrain=brown_noise value_bucket=2 signal=##
tick=1177 terrain=brown_noise value_bucket=3 signal=###
tick=1178 terrain=brown_noise value_bucket=2 signal=##
tick=1179 terrain=brown_noise value_bucket=3 signal=###
tick=1180 terrain=brown_noise value_bucket=4 signal=####
tick=1181 terrain=brown_noise value_bucket=5 signal=#####
tick=1182 terrain=brown_noise value_bucket=4 signal=####
tick=1183 terrain=brown_noise value_bucket=5 signal=#####
tick=1184 terrain=brown_noise value_bucket=6 signal=######
tick=1185 terrain=brown_noise value_bucket=7 signal=#######
tick=1186 terrain=brown_noise value_bucket=7 signal=#######
tick=1187 terrain=brown_noise value_bucket=8 signal=########
tick=1188 terrain=brown_noise value_bucket=9 signal=#########
tick=1189 terrain=brown_noise value_bucket=9 signal=#########
tick=1190 terrain=brown_noise value_bucket=9 signal=#########
tick=1191 terrain=brown_noise value_bucket=8 signal=########
tick=1192 terrain=brown_noise value_bucket=9 signal=#########
tick=1193 terrain=brown_noise value_bucket=9 signal=#########
tick=1194 terrain=brown_noise value_bucket=8 signal=########
tick=1195 terrain=brown_noise value_bucket=8 signal=########
tick=1196 terrain=brown_noise value_bucket=9 signal=#########
tick=1197 terrain=brown_noise value_bucket=9 signal=#########
tick=1198 terrain=brown_noise value_bucket=8 signal=########
tick=1199 terrain=brown_noise value_bucket=8 signal=########
tick=1200 terrain=brown_noise value_bucket=8 signal=########
tick=1201 terrain=brown_noise value_bucket=7 signal=#######
tick=1202 terrain=brown_noise value_bucket=6 signal=######
tick=1203 terrain=brown_noise value_bucket=6 signal=######
tick=1204 terrain=brown_noise value_bucket=7 signal=#######
tick=1205 terrain=brown_noise value_bucket=8 signal=########
tick=1206 terrain=brown_noise value_bucket=9 signal=#########
tick=1207 terrain=brown_noise value_bucket=9 signal=#########
tick=1208 terrain=brown_noise value_bucket=9 signal=#########
tick=1209 terrain=brown_noise value_bucket=9 signal=#########
tick=1210 terrain=brown_noise value_bucket=9 signal=#########
tick=1211 terrain=brown_noise value_bucket=8 signal=########
tick=1212 terrain=brown_noise value_bucket=8 signal=########
tick=1213 terrain=brown_noise value_bucket=7 signal=#######
tick=1214 terrain=brown_noise value_bucket=8 signal=########
tick=1215 terrain=brown_noise value_bucket=8 signal=########
tick=1216 terrain=brown_noise value_bucket=9 signal=#########
tick=1217 terrain=brown_noise value_bucket=8 signal=########
tick=1218 terrain=brown_noise value_bucket=8 signal=########
tick=1219 terrain=brown_noise value_bucket=9 signal=#########
tick=1220 terrain=brown_noise value_bucket=8 signal=########
tick=1221 terrain=brown_noise value_bucket=8 signal=########
tick=1222 terrain=brown_noise value_bucket=9 signal=#########
tick=1223 terrain=brown_noise value_bucket=9 signal=#########
tick=1224 terrain=brown_noise value_bucket=9 signal=#########
tick=1225 terrain=brown_noise value_bucket=8 signal=########
tick=1226 terrain=brown_noise value_bucket=8 signal=########
tick=1227 terrain=brown_noise value_bucket=8 signal=########
tick=1228 terrain=brown_noise value_bucket=9 signal=#########
tick=1229 terrain=brown_noise value_bucket=9 signal=#########
tick=1230 terrain=brown_noise value_bucket=9 signal=#########
tick=1231 terrain=brown_noise value_bucket=8 signal=########
tick=1232 terrain=brown_noise value_bucket=7 signal=#######
tick=1233 terrain=brown_noise value_bucket=6 signal=######
tick=1234 terrain=brown_noise value_bucket=6 signal=######
tick=1235 terrain=brown_noise value_bucket=5 signal=#####
tick=1236 terrain=brown_noise value_bucket=5 signal=#####
tick=1237 terrain=brown_noise value_bucket=5 signal=#####
tick=1238 terrain=brown_noise value_bucket=4 signal=####
tick=1239 terrain=brown_noise value_bucket=3 signal=###
tick=1240 terrain=brown_noise value_bucket=3 signal=###
tick=1241 terrain=brown_noise value_bucket=2 signal=##
tick=1242 terrain=brown_noise value_bucket=2 signal=##
tick=1243 terrain=brown_noise value_bucket=2 signal=##
tick=1244 terrain=brown_noise value_bucket=2 signal=##
tick=1245 terrain=brown_noise value_bucket=3 signal=###
tick=1246 terrain=brown_noise value_bucket=3 signal=###
tick=1247 terrain=brown_noise value_bucket=3 signal=###
tick=1248 terrain=brown_noise value_bucket=4 signal=####
tick=1249 terrain=brown_noise value_bucket=4 signal=####
tick=1250 terrain=brown_noise value_bucket=3 signal=###
tick=1251 terrain=brown_noise value_bucket=3 signal=###
tick=1252 terrain=brown_noise value_bucket=2 signal=##
tick=1253 terrain=brown_noise value_bucket=3 signal=###
tick=1254 terrain=brown_noise value_bucket=2 signal=##
tick=1255 terrain=brown_noise value_bucket=3 signal=###
tick=1256 terrain=brown_noise value_bucket=2 signal=##
tick=1257 terrain=brown_noise value_bucket=3 signal=###
tick=1258 terrain=brown_noise value_bucket=2 signal=##
tick=1259 terrain=brown_noise value_bucket=1 signal=#
tick=1260 terrain=brown_noise value_bucket=0 signal=
tick=1261 terrain=brown_noise value_bucket=0 signal=
tick=1262 terrain=brown_noise value_bucket=0 signal=
tick=1263 terrain=brown_noise value_bucket=1 signal=#
tick=1264 terrain=brown_noise value_bucket=1 signal=#
tick=1265 terrain=brown_noise value_bucket=2 signal=##
tick=1266 terrain=brown_noise value_bucket=2 signal=##
tick=1267 terrain=brown_noise value_bucket=3 signal=###
tick=1268 terrain=brown_noise value_bucket=3 signal=###
tick=1269 terrain=brown_noise value_bucket=3 signal=###
tick=1270 terrain=brown_noise value_bucket=2 signal=##
tick=1271 terrain=brown_noise value_bucket=3 signal=###
tick=1272 terrain=brown_noise value_bucket=2 signal=##
tick=1273 terrain=brown_noise value_bucket=1 signal=#
tick=1274 terrain=brown_noise value_bucket=0 signal=
tick=1275 terrain=brown_noise value_bucket=0 signal=
tick=1276 terrain=brown_noise value_bucket=1 signal=#
tick=1277 terrain=brown_noise value_bucket=0 signal=
tick=1278 terrain=brown_noise value_bucket=1 signal=#
tick=1279 terrain=brown_noise value_bucket=0 signal=
tick=1280 terrain=brown_noise value_bucket=0 signal=
tick=1281 terrain=brown_noise value_bucket=0 signal=
tick=1282 terrain=brown_noise value_bucket=0 signal=
tick=1283 terrain=brown_noise value_bucket=1 signal=#
tick=1284 terrain=brown_noise value_bucket=2 signal=##
tick=1285 terrain=brown_noise value_bucket=2 signal=##
tick=1286 terrain=brown_noise value_bucket=1 signal=#
tick=1287 terrain=brown_noise value_bucket=2 signal=##
tick=1288 terrain=brown_noise value_bucket=2 signal=##
tick=1289 terrain=brown_noise value_bucket=2 signal=##
tick=1290 terrain=brown_noise value_bucket=2 signal=##
tick=1291 terrain=brown_noise value_bucket=1 signal=#
tick=1292 terrain=brown_noise value_bucket=2 signal=##
tick=1293 terrain=brown_noise value_bucket=3 signal=###
tick=1294 terrain=brown_noise value_bucket=4 signal=####
tick=1295 terrain=brown_noise value_bucket=3 signal=###
tick=1296 terrain=brown_noise value_bucket=3 signal=###
tick=1297 terrain=brown_noise value_bucket=2 signal=##
tick=1298 terrain=brown_noise value_bucket=2 signal=##
tick=1299 terrain=brown_noise value_bucket=2 signal=##
tick=1300 terrain=brown_noise value_bucket=1 signal=#
tick=1301 terrain=brown_noise value_bucket=1 signal=#
tick=1302 terrain=brown_noise value_bucket=0 signal=
tick=1303 terrain=brown_noise value_bucket=0 signal=
tick=1304 terrain=brown_noise value_bucket=0 signal=
tick=1305 terrain=brown_noise value_bucket=0 signal=
tick=1306 terrain=brown_noise value_bucket=1 signal=#
tick=1307 terrain=brown_noise value_bucket=0 signal=
tick=1308 terrain=brown_noise value_bucket=0 signal=
tick=1309 terrain=brown_noise value_bucket=0 signal=
tick=1310 terrain=brown_noise value_bucket=0 signal=
tick=1311 terrain=brown_noise value_bucket=0 signal=
tick=1312 terrain=brown_noise value_bucket=0 signal=
tick=1313 terrain=brown_noise value_bucket=0 signal=
tick=1314 terrain=brown_noise value_bucket=0 signal=
tick=1315 terrain=brown_noise value_bucket=0 signal=
tick=1316 terrain=brown_noise value_bucket=1 signal=#
tick=1317 terrain=brown_noise value_bucket=0 signal=
tick=1318 terrain=brown_noise value_bucket=0 signal=
tick=1319 terrain=brown_noise value_bucket=0 signal=
tick=1320 terrain=brown_noise value_bucket=1 signal=#
tick=1321 terrain=brown_noise value_bucket=1 signal=#
tick=1322 terrain=brown_noise value_bucket=2 signal=##
tick=1323 terrain=brown_noise value_bucket=2 signal=##
tick=1324 terrain=brown_noise value_bucket=3 signal=###
tick=1325 terrain=brown_noise value_bucket=2 signal=##
tick=1326 terrain=brown_noise value_bucket=1 signal=#
tick=1327 terrain=brown_noise value_bucket=1 signal=#
tick=1328 terrain=brown_noise value_bucket=2 signal=##
tick=1329 terrain=brown_noise value_bucket=3 signal=###
tick=1330 terrain=brown_noise value_bucket=2 signal=##
tick=1331 terrain=brown_noise value_bucket=1 signal=#
tick=1332 terrain=brown_noise value_bucket=2 signal=##
tick=1333 terrain=brown_noise value_bucket=3 signal=###
tick=1334 terrain=brown_noise value_bucket=3 signal=###
tick=1335 terrain=brown_noise value_bucket=4 signal=####
tick=1336 terrain=brown_noise value_bucket=4 signal=####
tick=1337 terrain=brown_noise value_bucket=5 signal=#####
tick=1338 terrain=brown_noise value_bucket=4 signal=####
tick=1339 terrain=brown_noise value_bucket=5 signal=#####
tick=1340 terrain=brown_noise value_bucket=4 signal=####
tick=1341 terrain=brown_noise value_bucket=3 signal=###
tick=1342 terrain=brown_noise value_bucket=2 signal=##
tick=1343 terrain=brown_noise value_bucket=2 signal=##
tick=1344 terrain=brown_noise value_bucket=1 signal=#
tick=1345 terrain=brown_noise value_bucket=2 signal=##
tick=1346 terrain=brown_noise value_bucket=3 signal=###
tick=1347 terrain=brown_noise value_bucket=4 signal=####
tick=1348 terrain=brown_noise value_bucket=3 signal=###
tick=1349 terrain=brown_noise value_bucket=2 signal=##
tick=1350 terrain=brown_noise value_bucket=1 signal=#
tick=1351 terrain=brown_noise value_bucket=1 signal=#
tick=1352 terrain=brown_noise value_bucket=2 signal=##
tick=1353 terrain=brown_noise value_bucket=3 signal=###
tick=1354 terrain=brown_noise value_bucket=4 signal=####
tick=1355 terrain=brown_noise value_bucket=3 signal=###
tick=1356 terrain=brown_noise value_bucket=4 signal=####
tick=1357 terrain=brown_noise value_bucket=3 signal=###
tick=1358 terrain=brown_noise value_bucket=3 signal=###
tick=1359 terrain=brown_noise value_bucket=4 signal=####
tick=1360 terrain=brown_noise value_bucket=5 signal=#####
tick=1361 terrain=brown_noise value_bucket=4 signal=####
tick=1362 terrain=brown_noise value_bucket=5 signal=#####
tick=1363 terrain=brown_noise value_bucket=6 signal=######
tick=1364 terrain=brown_noise value_bucket=6 signal=######
tick=1365 terrain=brown_noise value_bucket=7 signal=#######
tick=1366 terrain=brown_noise value_bucket=6 signal=######
tick=1367 terrain=brown_noise value_bucket=6 signal=######
tick=1368 terrain=brown_noise value_bucket=6 signal=######
tick=1369 terrain=brown_noise value_bucket=7 signal=#######
tick=1370 terrain=brown_noise value_bucket=6 signal=######
tick=1371 terrain=brown_noise value_bucket=6 signal=######
tick=1372 terrain=brown_noise value_bucket=7 signal=#######
tick=1373 terrain=brown_noise value_bucket=8 signal=########
tick=1374 terrain=brown_noise value_bucket=9 signal=#########
tick=1375 terrain=brown_noise value_bucket=9 signal=#########
tick=1376 terrain=brown_noise value_bucket=9 signal=#########
tick=1377 terrain=brown_noise value_bucket=9 signal=#########
tick=1378 terrain=brown_noise value_bucket=9 signal=#########
tick=1379 terrain=brown_noise value_bucket=9 signal=#########
tick=1380 terrain=brown_noise value_bucket=8 signal=########
tick=1381 terrain=brown_noise value_bucket=9 signal=#########
tick=1382 terrain=brown_noise value_bucket=8 signal=########
tick=1383 terrain=brown_noise value_bucket=8 signal=########
tick=1384 terrain=brown_noise value_bucket=9 signal=#########
tick=1385 terrain=brown_noise value_bucket=8 signal=########
tick=1386 terrain=brown_noise value_bucket=8 signal=########
tick=1387 terrain=brown_noise value_bucket=9 signal=#########
tick=1388 terrain=brown_noise value_bucket=9 signal=#########
tick=1389 terrain=brown_noise value_bucket=9 signal=#########
tick=1390 terrain=brown_noise value_bucket=9 signal=#########
tick=1391 terrain=brown_noise value_bucket=9 signal=#########
tick=1392 terrain=brown_noise value_bucket=8 signal=########
tick=1393 terrain=brown_noise value_bucket=9 signal=#########
tick=1394 terrain=brown_noise value_bucket=8 signal=########
tick=1395 terrain=brown_noise value_bucket=9 signal=#########
tick=1396 terrain=brown_noise value_bucket=9 signal=#########
tick=1397 terrain=brown_noise value_bucket=9 signal=#########
tick=1398 terrain=brown_noise value_bucket=9 signal=#########
tick=1399 terrain=brown_noise value_bucket=9 signal=#########
tick=1400 terrain=brown_noise value_bucket=9 signal=#########
tick=1401 terrain=brown_noise value_bucket=8 signal=########
tick=1402 terrain=brown_noise value_bucket=7 signal=#######
tick=1403 terrain=brown_noise value_bucket=6 signal=######
tick=1404 terrain=brown_noise value_bucket=6 signal=######
tick=1405 terrain=brown_noise value_bucket=7 signal=#######
tick=1406 terrain=brown_noise value_bucket=7 signal=#######
tick=1407 terrain=brown_noise value_bucket=6 signal=######
tick=1408 terrain=brown_noise value_bucket=5 signal=#####
tick=1409 terrain=brown_noise value_bucket=5 signal=#####
tick=1410 terrain=brown_noise value_bucket=6 signal=######
tick=1411 terrain=brown_noise value_bucket=6 signal=######
tick=1412 terrain=brown_noise value_bucket=5 signal=#####
tick=1413 terrain=brown_noise value_bucket=5 signal=#####
tick=1414 terrain=brown_noise value_bucket=6 signal=######
tick=1415 terrain=brown_noise value_bucket=7 signal=#######
tick=1416 terrain=brown_noise value_bucket=8 signal=########
tick=1417 terrain=brown_noise value_bucket=9 signal=#########
tick=1418 terrain=brown_noise value_bucket=8 signal=########
tick=1419 terrain=brown_noise value_bucket=9 signal=#########
tick=1420 terrain=brown_noise value_bucket=8 signal=########
tick=1421 terrain=brown_noise value_bucket=8 signal=########
tick=1422 terrain=brown_noise value_bucket=9 signal=#########
tick=1423 terrain=brown_noise value_bucket=8 signal=########
tick=1424 terrain=brown_noise value_bucket=7 signal=#######
tick=1425 terrain=brown_noise value_bucket=7 signal=#######
tick=1426 terrain=brown_noise value_bucket=6 signal=######
tick=1427 terrain=brown_noise value_bucket=6 signal=######
tick=1428 terrain=brown_noise value_bucket=7 signal=#######
tick=1429 terrain=brown_noise value_bucket=7 signal=#######
tick=1430 terrain=brown_noise value_bucket=8 signal=########
tick=1431 terrain=brown_noise value_bucket=7 signal=#######
tick=1432 terrain=brown_noise value_bucket=6 signal=######
tick=1433 terrain=brown_noise value_bucket=5 signal=#####
tick=1434 terrain=brown_noise value_bucket=4 signal=####
tick=1435 terrain=brown_noise value_bucket=4 signal=####
tick=1436 terrain=brown_noise value_bucket=5 signal=#####
tick=1437 terrain=brown_noise value_bucket=6 signal=######
tick=1438 terrain=brown_noise value_bucket=5 signal=#####
tick=1439 terrain=brown_noise value_bucket=6 signal=######
tick=1440 terrain=brown_noise value_bucket=6 signal=######
tick=1441 terrain=brown_noise value_bucket=5 signal=#####
tick=1442 terrain=brown_noise value_bucket=6 signal=######
tick=1443 terrain=brown_noise value_bucket=7 signal=#######
tick=1444 terrain=brown_noise value_bucket=6 signal=######
tick=1445 terrain=brown_noise value_bucket=7 signal=#######
tick=1446 terrain=brown_noise value_bucket=7 signal=#######
tick=1447 terrain=brown_noise value_bucket=6 signal=######
tick=1448 terrain=brown_noise value_bucket=7 signal=#######
tick=1449 terrain=brown_noise value_bucket=7 signal=#######
tick=1450 terrain=brown_noise value_bucket=7 signal=#######
tick=1451 terrain=brown_noise value_bucket=7 signal=#######
tick=1452 terrain=brown_noise value_bucket=6 signal=######
tick=1453 terrain=brown_noise value_bucket=7 signal=#######
tick=1454 terrain=brown_noise value_bucket=7 signal=#######
tick=1455 terrain=brown_noise value_bucket=8 signal=########
tick=1456 terrain=brown_noise value_bucket=9 signal=#########
tick=1457 terrain=brown_noise value_bucket=9 signal=#########
tick=1458 terrain=brown_noise value_bucket=9 signal=#########
tick=1459 terrain=brown_noise value_bucket=9 signal=#########
tick=1460 terrain=brown_noise value_bucket=8 signal=########
tick=1461 terrain=brown_noise value_bucket=8 signal=########
tick=1462 terrain=brown_noise value_bucket=8 signal=########
tick=1463 terrain=brown_noise value_bucket=9 signal=#########
tick=1464 terrain=brown_noise value_bucket=9 signal=#########
tick=1465 terrain=brown_noise value_bucket=9 signal=#########
tick=1466 terrain=brown_noise value_bucket=8 signal=########
tick=1467 terrain=brown_noise value_bucket=8 signal=########
tick=1468 terrain=brown_noise value_bucket=9 signal=#########
tick=1469 terrain=brown_noise value_bucket=8 signal=########
tick=1470 terrain=brown_noise value_bucket=7 signal=#######
tick=1471 terrain=brown_noise value_bucket=6 signal=######
tick=1472 terrain=brown_noise value_bucket=6 signal=######
tick=1473 terrain=brown_noise value_bucket=7 signal=#######
tick=1474 terrain=brown_noise value_bucket=8 signal=########
tick=1475 terrain=brown_noise value_bucket=8 signal=########
tick=1476 terrain=brown_noise value_bucket=7 signal=#######
tick=1477 terrain=brown_noise value_bucket=7 signal=#######
tick=1478 terrain=brown_noise value_bucket=6 signal=######
tick=1479 terrain=brown_noise value_bucket=5 signal=#####
tick=1480 terrain=brown_noise value_bucket=4 signal=####
tick=1481 terrain=brown_noise value_bucket=4 signal=####
tick=1482 terrain=brown_noise value_bucket=3 signal=###
tick=1483 terrain=brown_noise value_bucket=2 signal=##
tick=1484 terrain=brown_noise value_bucket=1 signal=#
tick=1485 terrain=brown_noise value_bucket=2 signal=##
tick=1486 terrain=brown_noise value_bucket=2 signal=##
tick=1487 terrain=brown_noise value_bucket=2 signal=##
tick=1488 terrain=brown_noise value_bucket=2 signal=##
tick=1489 terrain=brown_noise value_bucket=2 signal=##
tick=1490 terrain=brown_noise value_bucket=2 signal=##
tick=1491 terrain=brown_noise value_bucket=2 signal=##
tick=1492 terrain=brown_noise value_bucket=1 signal=#
tick=1493 terrain=brown_noise value_bucket=0 signal=
tick=1494 terrain=brown_noise value_bucket=0 signal=
tick=1495 terrain=brown_noise value_bucket=1 signal=#
tick=1496 terrain=brown_noise value_bucket=1 signal=#
tick=1497 terrain=brown_noise value_bucket=2 signal=##
tick=1498 terrain=brown_noise value_bucket=3 signal=###
tick=1499 terrain=brown_noise value_bucket=2 signal=##
tick=1500 terrain=brown_noise value_bucket=1 signal=#
tick=1501 terrain=brown_noise value_bucket=2 signal=##
tick=1502 terrain=brown_noise value_bucket=3 signal=###
tick=1503 terrain=brown_noise value_bucket=3 signal=###
tick=1504 terrain=brown_noise value_bucket=2 signal=##
tick=1505 terrain=brown_noise value_bucket=1 signal=#
tick=1506 terrain=brown_noise value_bucket=2 signal=##
tick=1507 terrain=brown_noise value_bucket=2 signal=##
tick=1508 terrain=brown_noise value_bucket=3 signal=###
tick=1509 terrain=brown_noise value_bucket=4 signal=####
tick=1510 terrain=brown_noise value_bucket=3 signal=###
tick=1511 terrain=brown_noise value_bucket=4 signal=####
tick=1512 terrain=brown_noise value_bucket=4 signal=####
tick=1513 terrain=brown_noise value_bucket=4 signal=####
tick=1514 terrain=brown_noise value_bucket=4 signal=####
tick=1515 terrain=brown_noise value_bucket=3 signal=###
tick=1516 terrain=brown_noise value_bucket=3 signal=###
tick=1517 terrain=brown_noise value_bucket=2 signal=##
tick=1518 terrain=brown_noise value_bucket=1 signal=#
tick=1519 terrain=brown_noise value_bucket=1 signal=#
tick=1520 terrain=brown_noise value_bucket=2 signal=##
tick=1521 terrain=brown_noise value_bucket=3 signal=###
tick=1522 terrain=brown_noise value_bucket=4 signal=####
tick=1523 terrain=brown_noise value_bucket=4 signal=####
tick=1524 terrain=brown_noise value_bucket=5 signal=#####
tick=1525 terrain=brown_noise value_bucket=5 signal=#####
tick=1526 terrain=brown_noise value_bucket=5 signal=#####
tick=1527 terrain=brown_noise value_bucket=5 signal=#####
tick=1528 terrain=brown_noise value_bucket=5 signal=#####
tick=1529 terrain=brown_noise value_bucket=4 signal=####
tick=1530 terrain=brown_noise value_bucket=5 signal=#####
tick=1531 terrain=brown_noise value_bucket=5 signal=#####
tick=1532 terrain=brown_noise value_bucket=4 signal=####
tick=1533 terrain=brown_noise value_bucket=5 signal=#####
tick=1534 terrain=brown_noise value_bucket=5 signal=#####
tick=1535 terrain=brown_noise value_bucket=6 signal=######
tick=1536 terrain=brown_noise value_bucket=5 signal=#####
tick=1537 terrain=brown_noise value_bucket=6 signal=######
tick=1538 terrain=brown_noise value_bucket=6 signal=######
tick=1539 terrain=brown_noise value_bucket=5 signal=#####
tick=1540 terrain=brown_noise value_bucket=4 signal=####
tick=1541 terrain=brown_noise value_bucket=4 signal=####
tick=1542 terrain=brown_noise value_bucket=4 signal=####
tick=1543 terrain=brown_noise value_bucket=5 signal=#####
tick=1544 terrain=brown_noise value_bucket=4 signal=####
tick=1545 terrain=brown_noise value_bucket=5 signal=#####
tick=1546 terrain=brown_noise value_bucket=5 signal=#####
tick=1547 terrain=brown_noise value_bucket=4 signal=####
tick=1548 terrain=brown_noise value_bucket=3 signal=###
tick=1549 terrain=brown_noise value_bucket=3 signal=###
tick=1550 terrain=brown_noise value_bucket=2 signal=##
tick=1551 terrain=brown_noise value_bucket=3 signal=###
tick=1552 terrain=brown_noise value_bucket=3 signal=###
tick=1553 terrain=brown_noise value_bucket=4 signal=####
tick=1554 terrain=brown_noise value_bucket=4 signal=####
tick=1555 terrain=brown_noise value_bucket=3 signal=###
tick=1556 terrain=brown_noise value_bucket=3 signal=###
tick=1557 terrain=brown_noise value_bucket=2 signal=##
tick=1558 terrain=brown_noise value_bucket=2 signal=##
tick=1559 terrain=brown_noise value_bucket=3 signal=###
tick=1560 terrain=brown_noise value_bucket=2 signal=##
tick=1561 terrain=brown_noise value_bucket=1 signal=#
tick=1562 terrain=brown_noise value_bucket=1 signal=#
tick=1563 terrain=brown_noise value_bucket=2 signal=##
tick=1564 terrain=brown_noise value_bucket=2 signal=##
tick=1565 terrain=brown_noise value_bucket=3 signal=###
tick=1566 terrain=brown_noise value_bucket=4 signal=####
tick=1567 terrain=brown_noise value_bucket=4 signal=####
tick=1568 terrain=brown_noise value_bucket=5 signal=#####
tick=1569 terrain=brown_noise value_bucket=4 signal=####
tick=1570 terrain=brown_noise value_bucket=3 signal=###
tick=1571 terrain=brown_noise value_bucket=4 signal=####
tick=1572 terrain=brown_noise value_bucket=5 signal=#####
tick=1573 terrain=brown_noise value_bucket=6 signal=######
tick=1574 terrain=brown_noise value_bucket=6 signal=######
tick=1575 terrain=brown_noise value_bucket=7 signal=#######
tick=1576 terrain=brown_noise value_bucket=7 signal=#######
tick=1577 terrain=brown_noise value_bucket=6 signal=######
tick=1578 terrain=brown_noise value_bucket=7 signal=#######
tick=1579 terrain=brown_noise value_bucket=8 signal=########
tick=1580 terrain=brown_noise value_bucket=7 signal=#######
tick=1581 terrain=brown_noise value_bucket=8 signal=########
tick=1582 terrain=brown_noise value_bucket=7 signal=#######
tick=1583 terrain=brown_noise value_bucket=6 signal=######
tick=1584 terrain=brown_noise value_bucket=7 signal=#######
tick=1585 terrain=brown_noise value_bucket=8 signal=########
tick=1586 terrain=brown_noise value_bucket=7 signal=#######
tick=1587 terrain=brown_noise value_bucket=8 signal=########
tick=1588 terrain=brown_noise value_bucket=9 signal=#########
tick=1589 terrain=brown_noise value_bucket=9 signal=#########
tick=1590 terrain=brown_noise value_bucket=9 signal=#########
tick=1591 terrain=brown_noise value_bucket=8 signal=########
tick=1592 terrain=brown_noise value_bucket=8 signal=########
tick=1593 terrain=brown_noise value_bucket=7 signal=#######
tick=1594 terrain=brown_noise value_bucket=6 signal=######
tick=1595 terrain=brown_noise value_bucket=5 signal=#####
tick=1596 terrain=brown_noise value_bucket=4 signal=####
tick=1597 terrain=brown_noise value_bucket=5 signal=#####
tick=1598 terrain=brown_noise value_bucket=5 signal=#####
tick=1599 terrain=brown_noise value_bucket=6 signal=######
tick=1600 terrain=brown_noise value_bucket=7 signal=#######
tick=1601 terrain=brown_noise value_bucket=7 signal=#######
tick=1602 terrain=brown_noise value_bucket=6 signal=######
tick=1603 terrain=brown_noise value_bucket=5 signal=#####
tick=1604 terrain=brown_noise value_bucket=5 signal=#####
tick=1605 terrain=brown_noise value_bucket=6 signal=######
tick=1606 terrain=brown_noise value_bucket=5 signal=#####
tick=1607 terrain=brown_noise value_bucket=4 signal=####
tick=1608 terrain=brown_noise value_bucket=3 signal=###
tick=1609 terrain=brown_noise value_bucket=3 signal=###
tick=1610 terrain=brown_noise value_bucket=2 signal=##
tick=1611 terrain=brown_noise value_bucket=3 signal=###
tick=1612 terrain=brown_noise value_bucket=3 signal=###
tick=1613 terrain=brown_noise value_bucket=3 signal=###
tick=1614 terrain=brown_noise value_bucket=2 signal=##
tick=1615 terrain=brown_noise value_bucket=1 signal=#
tick=1616 terrain=brown_noise value_bucket=2 signal=##
tick=1617 terrain=brown_noise value_bucket=1 signal=#
tick=1618 terrain=brown_noise value_bucket=0 signal=
tick=1619 terrain=brown_noise value_bucket=1 signal=#
tick=1620 terrain=brown_noise value_bucket=0 signal=
tick=1621 terrain=brown_noise value_bucket=0 signal=
tick=1622 terrain=brown_noise value_bucket=0 signal=
tick=1623 terrain=brown_noise value_bucket=1 signal=#
tick=1624 terrain=brown_noise value_bucket=2 signal=##
tick=1625 terrain=brown_noise value_bucket=1 signal=#
tick=1626 terrain=brown_noise value_bucket=2 signal=##
tick=1627 terrain=brown_noise value_bucket=2 signal=##
tick=1628 terrain=brown_noise value_bucket=2 signal=##
tick=1629 terrain=brown_noise value_bucket=1 signal=#
tick=1630 terrain=brown_noise value_bucket=1 signal=#
tick=1631 terrain=brown_noise value_bucket=1 signal=#
tick=1632 terrain=brown_noise value_bucket=1 signal=#
tick=1633 terrain=brown_noise value_bucket=2 signal=##
tick=1634 terrain=brown_noise value_bucket=2 signal=##
tick=1635 terrain=brown_noise value_bucket=2 signal=##
tick=1636 terrain=brown_noise value_bucket=2 signal=##
tick=1637 terrain=brown_noise value_bucket=3 signal=###
tick=1638 terrain=brown_noise value_bucket=3 signal=###
tick=1639 terrain=brown_noise value_bucket=2 signal=##
tick=1640 terrain=brown_noise value_bucket=3 signal=###
tick=1641 terrain=brown_noise value_bucket=3 signal=###
tick=1642 terrain=brown_noise value_bucket=2 signal=##
tick=1643 terrain=brown_noise value_bucket=1 signal=#
tick=1644 terrain=brown_noise value_bucket=1 signal=#
tick=1645 terrain=brown_noise value_bucket=1 signal=#
tick=1646 terrain=brown_noise value_bucket=0 signal=
tick=1647 terrain=brown_noise value_bucket=0 signal=
tick=1648 terrain=brown_noise value_bucket=0 signal=
tick=1649 terrain=brown_noise value_bucket=0 signal=
tick=1650 terrain=brown_noise value_bucket=0 signal=
tick=1651 terrain=brown_noise value_bucket=1 signal=#
tick=1652 terrain=brown_noise value_bucket=0 signal=
tick=1653 terrain=brown_noise value_bucket=1 signal=#
tick=1654 terrain=brown_noise value_bucket=1 signal=#
tick=1655 terrain=brown_noise value_bucket=0 signal=
tick=1656 terrain=brown_noise value_bucket=0 signal=
tick=1657 terrain=brown_noise value_bucket=0 signal=
tick=1658 terrain=brown_noise value_bucket=0 signal=
tick=1659 terrain=brown_noise value_bucket=0 signal=
tick=1660 terrain=brown_noise value_bucket=0 signal=
tick=1661 terrain=brown_noise value_bucket=0 signal=
tick=1662 terrain=brown_noise value_bucket=0 signal=
tick=1663 terrain=brown_noise value_bucket=1 signal=#
tick=1664 terrain=brown_noise value_bucket=2 signal=##
tick=1665 terrain=brown_noise value_bucket=3 signal=###
tick=1666 terrain=brown_noise value_bucket=3 signal=###
tick=1667 terrain=brown_noise value_bucket=2 signal=##
tick=1668 terrain=brown_noise value_bucket=2 signal=##
tick=1669 terrain=brown_noise value_bucket=1 signal=#
tick=1670 terrain=brown_noise value_bucket=0 signal=
tick=1671 terrain=brown_noise value_bucket=1 signal=#
tick=1672 terrain=brown_noise value_bucket=1 signal=#
tick=1673 terrain=brown_noise value_bucket=2 signal=##
tick=1674 terrain=brown_noise value_bucket=2 signal=##
tick=1675 terrain=brown_noise value_bucket=2 signal=##
tick=1676 terrain=brown_noise value_bucket=1 signal=#
tick=1677 terrain=brown_noise value_bucket=1 signal=#
tick=1678 terrain=brown_noise value_bucket=1 signal=#
tick=1679 terrain=brown_noise value_bucket=2 signal=##
tick=1680 terrain=brown_noise value_bucket=2 signal=##
tick=1681 terrain=brown_noise value_bucket=1 signal=#
tick=1682 terrain=brown_noise value_bucket=1 signal=#
tick=1683 terrain=brown_noise value_bucket=2 signal=##
tick=1684 terrain=brown_noise value_bucket=3 signal=###
tick=1685 terrain=brown_noise value_bucket=4 signal=####
tick=1686 terrain=brown_noise value_bucket=3 signal=###
tick=1687 terrain=brown_noise value_bucket=4 signal=####
tick=1688 terrain=brown_noise value_bucket=4 signal=####
tick=1689 terrain=brown_noise value_bucket=5 signal=#####
tick=1690 terrain=brown_noise value_bucket=4 signal=####
tick=1691 terrain=brown_noise value_bucket=3 signal=###
tick=1692 terrain=brown_noise value_bucket=4 signal=####
tick=1693 terrain=brown_noise value_bucket=4 signal=####
tick=1694 terrain=brown_noise value_bucket=4 signal=####
tick=1695 terrain=brown_noise value_bucket=4 signal=####
tick=1696 terrain=brown_noise value_bucket=5 signal=#####
tick=1697 terrain=brown_noise value_bucket=6 signal=######
tick=1698 terrain=brown_noise value_bucket=6 signal=######
tick=1699 terrain=brown_noise value_bucket=5 signal=#####
tick=1700 terrain=brown_noise value_bucket=5 signal=#####
tick=1701 terrain=brown_noise value_bucket=4 signal=####
tick=1702 terrain=brown_noise value_bucket=4 signal=####
tick=1703 terrain=brown_noise value_bucket=5 signal=#####
tick=1704 terrain=brown_noise value_bucket=5 signal=#####
tick=1705 terrain=brown_noise value_bucket=6 signal=######
tick=1706 terrain=brown_noise value_bucket=6 signal=######
tick=1707 terrain=brown_noise value_bucket=5 signal=#####
tick=1708 terrain=brown_noise value_bucket=6 signal=######
tick=1709 terrain=brown_noise value_bucket=7 signal=#######
tick=1710 terrain=brown_noise value_bucket=8 signal=########
tick=1711 terrain=brown_noise value_bucket=9 signal=#########
tick=1712 terrain=brown_noise value_bucket=9 signal=#########
tick=1713 terrain=brown_noise value_bucket=9 signal=#########
tick=1714 terrain=brown_noise value_bucket=8 signal=########
tick=1715 terrain=brown_noise value_bucket=9 signal=#########
tick=1716 terrain=brown_noise value_bucket=9 signal=#########
tick=1717 terrain=brown_noise value_bucket=9 signal=#########
tick=1718 terrain=brown_noise value_bucket=9 signal=#########
tick=1719 terrain=brown_noise value_bucket=8 signal=########
tick=1720 terrain=brown_noise value_bucket=9 signal=#########
tick=1721 terrain=brown_noise value_bucket=9 signal=#########
tick=1722 terrain=brown_noise value_bucket=8 signal=########
tick=1723 terrain=brown_noise value_bucket=7 signal=#######
tick=1724 terrain=brown_noise value_bucket=8 signal=########
tick=1725 terrain=brown_noise value_bucket=7 signal=#######
tick=1726 terrain=brown_noise value_bucket=6 signal=######
tick=1727 terrain=brown_noise value_bucket=6 signal=######
tick=1728 terrain=brown_noise value_bucket=7 signal=#######
tick=1729 terrain=brown_noise value_bucket=6 signal=######
tick=1730 terrain=brown_noise value_bucket=7 signal=#######
tick=1731 terrain=brown_noise value_bucket=8 signal=########
tick=1732 terrain=brown_noise value_bucket=7 signal=#######
tick=1733 terrain=brown_noise value_bucket=7 signal=#######
tick=1734 terrain=brown_noise value_bucket=6 signal=######
tick=1735 terrain=brown_noise value_bucket=7 signal=#######
tick=1736 terrain=brown_noise value_bucket=7 signal=#######
tick=1737 terrain=brown_noise value_bucket=6 signal=######
tick=1738 terrain=brown_noise value_bucket=6 signal=######
tick=1739 terrain=brown_noise value_bucket=6 signal=######
tick=1740 terrain=brown_noise value_bucket=5 signal=#####
tick=1741 terrain=brown_noise value_bucket=4 signal=####
tick=1742 terrain=brown_noise value_bucket=4 signal=####
tick=1743 terrain=brown_noise value_bucket=4 signal=####
tick=1744 terrain=brown_noise value_bucket=3 signal=###
tick=1745 terrain=brown_noise value_bucket=4 signal=####
tick=1746 terrain=brown_noise value_bucket=5 signal=#####
tick=1747 terrain=brown_noise value_bucket=5 signal=#####
tick=1748 terrain=brown_noise value_bucket=5 signal=#####
tick=1749 terrain=brown_noise value_bucket=4 signal=####
tick=1750 terrain=brown_noise value_bucket=4 signal=####
tick=1751 terrain=brown_noise value_bucket=4 signal=####
tick=1752 terrain=brown_noise value_bucket=5 signal=#####
tick=1753 terrain=brown_noise value_bucket=6 signal=######
tick=1754 terrain=brown_noise value_bucket=7 signal=#######
tick=1755 terrain=brown_noise value_bucket=6 signal=######
tick=1756 terrain=brown_noise value_bucket=6 signal=######
tick=1757 terrain=brown_noise value_bucket=6 signal=######
tick=1758 terrain=brown_noise value_bucket=7 signal=#######
tick=1759 terrain=brown_noise value_bucket=7 signal=#######
tick=1760 terrain=brown_noise value_bucket=8 signal=########
tick=1761 terrain=brown_noise value_bucket=9 signal=#########
tick=1762 terrain=brown_noise value_bucket=9 signal=#########
tick=1763 terrain=brown_noise value_bucket=9 signal=#########
tick=1764 terrain=brown_noise value_bucket=9 signal=#########
tick=1765 terrain=brown_noise value_bucket=8 signal=########
tick=1766 terrain=brown_noise value_bucket=8 signal=########
tick=1767 terrain=brown_noise value_bucket=7 signal=#######
tick=1768 terrain=brown_noise value_bucket=6 signal=######
tick=1769 terrain=brown_noise value_bucket=6 signal=######
tick=1770 terrain=brown_noise value_bucket=5 signal=#####
tick=1771 terrain=brown_noise value_bucket=5 signal=#####
tick=1772 terrain=brown_noise value_bucket=5 signal=#####
tick=1773 terrain=brown_noise value_bucket=5 signal=#####
tick=1774 terrain=brown_noise value_bucket=6 signal=######
tick=1775 terrain=brown_noise value_bucket=7 signal=#######
tick=1776 terrain=brown_noise value_bucket=7 signal=#######
tick=1777 terrain=brown_noise value_bucket=8 signal=########
tick=1778 terrain=brown_noise value_bucket=9 signal=#########
tick=1779 terrain=brown_noise value_bucket=9 signal=#########
tick=1780 terrain=brown_noise value_bucket=9 signal=#########
tick=1781 terrain=brown_noise value_bucket=9 signal=#########
tick=1782 terrain=brown_noise value_bucket=8 signal=########
tick=1783 terrain=brown_noise value_bucket=8 signal=########
tick=1784 terrain=brown_noise value_bucket=8 signal=########
tick=1785 terrain=brown_noise value_bucket=8 signal=########
tick=1786 terrain=brown_noise value_bucket=9 signal=#########
tick=1787 terrain=brown_noise value_bucket=9 signal=#########
tick=1788 terrain=brown_noise value_bucket=9 signal=#########
tick=1789 terrain=brown_noise value_bucket=9 signal=#########
tick=1790 terrain=brown_noise value_bucket=9 signal=#########
tick=1791 terrain=brown_noise value_bucket=8 signal=########
tick=1792 terrain=brown_noise value_bucket=9 signal=#########
tick=1793 terrain=brown_noise value_bucket=8 signal=########
tick=1794 terrain=brown_noise value_bucket=9 signal=#########
tick=1795 terrain=brown_noise value_bucket=9 signal=#########
tick=1796 terrain=brown_noise value_bucket=9 signal=#########
tick=1797 terrain=brown_noise value_bucket=9 signal=#########
tick=1798 terrain=brown_noise value_bucket=9 signal=#########
tick=1799 terrain=brown_noise value_bucket=9 signal=#########
tick=1800 terrain=brown_noise value_bucket=9 signal=#########
tick=1801 terrain=brown_noise value_bucket=9 signal=#########
tick=1802 terrain=brown_noise value_bucket=8 signal=########
tick=1803 terrain=brown_noise value_bucket=9 signal=#########
tick=1804 terrain=brown_noise value_bucket=9 signal=#########
tick=1805 terrain=brown_noise value_bucket=9 signal=#########
tick=1806 terrain=brown_noise value_bucket=9 signal=#########
tick=1807 terrain=brown_noise value_bucket=9 signal=#########
tick=1808 terrain=brown_noise value_bucket=8 signal=########
tick=1809 terrain=brown_noise value_bucket=7 signal=#######
tick=1810 terrain=brown_noise value_bucket=7 signal=#######
tick=1811 terrain=brown_noise value_bucket=7 signal=#######
tick=1812 terrain=brown_noise value_bucket=7 signal=#######
tick=1813 terrain=brown_noise value_bucket=7 signal=#######
tick=1814 terrain=brown_noise value_bucket=8 signal=########
tick=1815 terrain=brown_noise value_bucket=9 signal=#########
tick=1816 terrain=brown_noise value_bucket=8 signal=########
tick=1817 terrain=brown_noise value_bucket=7 signal=#######
tick=1818 terrain=brown_noise value_bucket=7 signal=#######
tick=1819 terrain=brown_noise value_bucket=6 signal=######
tick=1820 terrain=brown_noise value_bucket=5 signal=#####
tick=1821 terrain=brown_noise value_bucket=4 signal=####
tick=1822 terrain=brown_noise value_bucket=4 signal=####
tick=1823 terrain=brown_noise value_bucket=4 signal=####
tick=1824 terrain=brown_noise value_bucket=3 signal=###
tick=1825 terrain=brown_noise value_bucket=4 signal=####
tick=1826 terrain=brown_noise value_bucket=3 signal=###
tick=1827 terrain=brown_noise value_bucket=3 signal=###
tick=1828 terrain=brown_noise value_bucket=2 signal=##
tick=1829 terrain=brown_noise value_bucket=1 signal=#
tick=1830 terrain=brown_noise value_bucket=0 signal=
tick=1831 terrain=brown_noise value_bucket=0 signal=
tick=1832 terrain=brown_noise value_bucket=0 signal=
tick=1833 terrain=brown_noise value_bucket=0 signal=
tick=1834 terrain=brown_noise value_bucket=0 signal=
tick=1835 terrain=brown_noise value_bucket=1 signal=#
tick=1836 terrain=brown_noise value_bucket=1 signal=#
tick=1837 terrain=brown_noise value_bucket=1 signal=#
tick=1838 terrain=brown_noise value_bucket=2 signal=##
tick=1839 terrain=brown_noise value_bucket=1 signal=#
tick=1840 terrain=brown_noise value_bucket=1 signal=#
tick=1841 terrain=brown_noise value_bucket=0 signal=
tick=1842 terrain=brown_noise value_bucket=1 signal=#
tick=1843 terrain=brown_noise value_bucket=2 signal=##
tick=1844 terrain=brown_noise value_bucket=3 signal=###
tick=1845 terrain=brown_noise value_bucket=2 signal=##
tick=1846 terrain=brown_noise value_bucket=2 signal=##
tick=1847 terrain=brown_noise value_bucket=2 signal=##
tick=1848 terrain=brown_noise value_bucket=2 signal=##
tick=1849 terrain=brown_noise value_bucket=2 signal=##
tick=1850 terrain=brown_noise value_bucket=3 signal=###
tick=1851 terrain=brown_noise value_bucket=2 signal=##
tick=1852 terrain=brown_noise value_bucket=2 signal=##
tick=1853 terrain=brown_noise value_bucket=1 signal=#
tick=1854 terrain=brown_noise value_bucket=2 signal=##
tick=1855 terrain=brown_noise value_bucket=3 signal=###
tick=1856 terrain=brown_noise value_bucket=2 signal=##
tick=1857 terrain=brown_noise value_bucket=3 signal=###
tick=1858 terrain=brown_noise value_bucket=2 signal=##
tick=1859 terrain=brown_noise value_bucket=2 signal=##
tick=1860 terrain=brown_noise value_bucket=3 signal=###
tick=1861 terrain=brown_noise value_bucket=3 signal=###
tick=1862 terrain=brown_noise value_bucket=4 signal=####
tick=1863 terrain=brown_noise value_bucket=5 signal=#####
tick=1864 terrain=brown_noise value_bucket=4 signal=####
tick=1865 terrain=brown_noise value_bucket=4 signal=####
tick=1866 terrain=brown_noise value_bucket=3 signal=###
tick=1867 terrain=brown_noise value_bucket=2 signal=##
tick=1868 terrain=brown_noise value_bucket=3 signal=###
tick=1869 terrain=brown_noise value_bucket=4 signal=####
tick=1870 terrain=brown_noise value_bucket=4 signal=####
tick=1871 terrain=brown_noise value_bucket=4 signal=####
tick=1872 terrain=brown_noise value_bucket=5 signal=#####
tick=1873 terrain=brown_noise value_bucket=5 signal=#####
tick=1874 terrain=brown_noise value_bucket=4 signal=####
tick=1875 terrain=brown_noise value_bucket=4 signal=####
tick=1876 terrain=brown_noise value_bucket=3 signal=###
tick=1877 terrain=brown_noise value_bucket=2 signal=##
tick=1878 terrain=brown_noise value_bucket=1 signal=#
tick=1879 terrain=brown_noise value_bucket=0 signal=
tick=1880 terrain=brown_noise value_bucket=1 signal=#
tick=1881 terrain=brown_noise value_bucket=0 signal=
tick=1882 terrain=brown_noise value_bucket=0 signal=
tick=1883 terrain=brown_noise value_bucket=0 signal=
tick=1884 terrain=brown_noise value_bucket=0 signal=
tick=1885 terrain=brown_noise value_bucket=0 signal=
tick=1886 terrain=brown_noise value_bucket=1 signal=#
tick=1887 terrain=brown_noise value_bucket=2 signal=##
tick=1888 terrain=brown_noise value_bucket=2 signal=##
tick=1889 terrain=brown_noise value_bucket=3 signal=###
tick=1890 terrain=brown_noise value_bucket=3 signal=###
tick=1891 terrain=brown_noise value_bucket=3 signal=###
tick=1892 terrain=brown_noise value_bucket=2 signal=##
tick=1893 terrain=brown_noise value_bucket=3 signal=###
tick=1894 terrain=brown_noise value_bucket=4 signal=####
tick=1895 terrain=brown_noise value_bucket=5 signal=#####
tick=1896 terrain=brown_noise value_bucket=4 signal=####
tick=1897 terrain=brown_noise value_bucket=5 signal=#####
tick=1898 terrain=brown_noise value_bucket=5 signal=#####
tick=1899 terrain=brown_noise value_bucket=5 signal=#####
tick=1900 terrain=brown_noise value_bucket=6 signal=######
tick=1901 terrain=brown_noise value_bucket=5 signal=#####
tick=1902 terrain=brown_noise value_bucket=5 signal=#####
tick=1903 terrain=brown_noise value_bucket=5 signal=#####
tick=1904 terrain=brown_noise value_bucket=5 signal=#####
tick=1905 terrain=brown_noise value_bucket=6 signal=######
tick=1906 terrain=brown_noise value_bucket=6 signal=######
tick=1907 terrain=brown_noise value_bucket=7 signal=#######
tick=1908 terrain=brown_noise value_bucket=6 signal=######
tick=1909 terrain=brown_noise value_bucket=6 signal=######
tick=1910 terrain=brown_noise value_bucket=5 signal=#####
tick=1911 terrain=brown_noise value_bucket=6 signal=######
tick=1912 terrain=brown_noise value_bucket=6 signal=######
tick=1913 terrain=brown_noise value_bucket=7 signal=#######
tick=1914 terrain=brown_noise value_bucket=6 signal=######
tick=1915 terrain=brown_noise value_bucket=6 signal=######
tick=1916 terrain=brown_noise value_bucket=6 signal=######
tick=1917 terrain=brown_noise value_bucket=6 signal=######
tick=1918 terrain=brown_noise value_bucket=6 signal=######
tick=1919 terrain=brown_noise value_bucket=7 signal=#######
tick=1920 terrain=brown_noise value_bucket=8 signal=########
tick=1921 terrain=brown_noise value_bucket=7 signal=#######
tick=1922 terrain=brown_noise value_bucket=6 signal=######
tick=1923 terrain=brown_noise value_bucket=6 signal=######
tick=1924 terrain=brown_noise value_bucket=5 signal=#####
tick=1925 terrain=brown_noise value_bucket=5 signal=#####
tick=1926 terrain=brown_noise value_bucket=4 signal=####
tick=1927 terrain=brown_noise value_bucket=3 signal=###
tick=1928 terrain=brown_noise value_bucket=4 signal=####
tick=1929 terrain=brown_noise value_bucket=3 signal=###
tick=1930 terrain=brown_noise value_bucket=4 signal=####
tick=1931 terrain=brown_noise value_bucket=4 signal=####
tick=1932 terrain=brown_noise value_bucket=4 signal=####
tick=1933 terrain=brown_noise value_bucket=3 signal=###
tick=1934 terrain=brown_noise value_bucket=3 signal=###
tick=1935 terrain=brown_noise value_bucket=2 signal=##
tick=1936 terrain=brown_noise value_bucket=2 signal=##
tick=1937 terrain=brown_noise value_bucket=2 signal=##
tick=1938 terrain=brown_noise value_bucket=3 signal=###
tick=1939 terrain=brown_noise value_bucket=3 signal=###
tick=1940 terrain=brown_noise value_bucket=2 signal=##
tick=1941 terrain=brown_noise value_bucket=1 signal=#
tick=1942 terrain=brown_noise value_bucket=0 signal=
tick=1943 terrain=brown_noise value_bucket=1 signal=#
tick=1944 terrain=brown_noise value_bucket=2 signal=##
tick=1945 terrain=brown_noise value_bucket=2 signal=##
tick=1946 terrain=brown_noise value_bucket=3 signal=###
tick=1947 terrain=brown_noise value_bucket=3 signal=###
tick=1948 terrain=brown_noise value_bucket=2 signal=##
tick=1949 terrain=brown_noise value_bucket=2 signal=##
tick=1950 terrain=brown_noise value_bucket=2 signal=##
tick=1951 terrain=brown_noise value_bucket=2 signal=##
tick=1952 terrain=brown_noise value_bucket=2 signal=##
tick=1953 terrain=brown_noise value_bucket=2 signal=##
tick=1954 terrain=brown_noise value_bucket=1 signal=#
tick=1955 terrain=brown_noise value_bucket=2 signal=##
tick=1956 terrain=brown_noise value_bucket=1 signal=#
tick=1957 terrain=brown_noise value_bucket=0 signal=
tick=1958 terrain=brown_noise value_bucket=1 signal=#
tick=1959 terrain=brown_noise value_bucket=2 signal=##
tick=1960 terrain=brown_noise value_bucket=3 signal=###
tick=1961 terrain=brown_noise value_bucket=3 signal=###
tick=1962 terrain=brown_noise value_bucket=4 signal=####
tick=1963 terrain=brown_noise value_bucket=4 signal=####
tick=1964 terrain=brown_noise value_bucket=5 signal=#####
tick=1965 terrain=brown_noise value_bucket=5 signal=#####
tick=1966 terrain=brown_noise value_bucket=6 signal=######
tick=1967 terrain=brown_noise value_bucket=6 signal=######
tick=1968 terrain=brown_noise value_bucket=6 signal=######
tick=1969 terrain=brown_noise value_bucket=6 signal=######
tick=1970 terrain=brown_noise value_bucket=7 signal=#######
tick=1971 terrain=brown_noise value_bucket=6 signal=######
tick=1972 terrain=brown_noise value_bucket=6 signal=######
tick=1973 terrain=brown_noise value_bucket=7 signal=#######
tick=1974 terrain=brown_noise value_bucket=7 signal=#######
tick=1975 terrain=brown_noise value_bucket=6 signal=######
tick=1976 terrain=brown_noise value_bucket=7 signal=#######
tick=1977 terrain=brown_noise value_bucket=8 signal=########
tick=1978 terrain=brown_noise value_bucket=8 signal=########
tick=1979 terrain=brown_noise value_bucket=8 signal=########
tick=1980 terrain=brown_noise value_bucket=7 signal=#######
tick=1981 terrain=brown_noise value_bucket=7 signal=#######
tick=1982 terrain=brown_noise value_bucket=8 signal=########
tick=1983 terrain=brown_noise value_bucket=7 signal=#######
tick=1984 terrain=brown_noise value_bucket=8 signal=########
tick=1985 terrain=brown_noise value_bucket=7 signal=#######
tick=1986 terrain=brown_noise value_bucket=6 signal=######
tick=1987 terrain=brown_noise value_bucket=7 signal=#######
tick=1988 terrain=brown_noise value_bucket=7 signal=#######
tick=1989 terrain=brown_noise value_bucket=8 signal=########
tick=1990 terrain=brown_noise value_bucket=8 signal=########
tick=1991 terrain=brown_noise value_bucket=9 signal=#########
tick=1992 terrain=brown_noise value_bucket=9 signal=#########
tick=1993 terrain=brown_noise value_bucket=8 signal=########
tick=1994 terrain=brown_noise value_bucket=9 signal=#########
tick=1995 terrain=brown_noise value_bucket=8 signal=########
tick=1996 terrain=brown_noise value_bucket=8 signal=########
tick=1997 terrain=brown_noise value_bucket=9 signal=#########
tick=1998 terrain=brown_noise value_bucket=9 signal=#########
tick=1999 terrain=brown_noise value_bucket=8 signal=########
tick=2000 terrain=brown_noise value_bucket=8 signal=########
