from_window_size,to_window_size,from_segment,to_segment,from_dominant,to_dominant,from_interval,to_interval,overlap_lines,from_overlap_count,to_overlap_count,relation_type,relation_note
25,40,2,1,stable,residual,151-175,1-160,10,2,2,one_to_many_split,one prior segment overlaps multiple wider-constitution segments
25,40,2,2,stable,stable,151-175,161-200,15,2,2,one_to_many_split,one prior segment overlaps multiple wider-constitution segments
25,40,3,2,residual,stable,176-1000,161-200,25,2,2,one_to_many_split,one prior segment overlaps multiple wider-constitution segments
25,40,3,3,residual,residual,176-1000,201-3040,800,2,3,one_to_many_split,one prior segment overlaps multiple wider-constitution segments
25,40,5,3,residual,residual,1026-3425,201-3040,2015,3,3,one_to_many_split,one prior segment overlaps multiple wider-constitution segments
25,40,5,4,residual,stable,1026-3425,3041-3080,40,3,1,one_to_many_split,one prior segment overlaps multiple wider-constitution segments
25,40,5,5,residual,residual,1026-3425,3081-4560,345,3,9,one_to_many_split,one prior segment overlaps multiple wider-constitution segments
25,40,13,5,residual,residual,4201-4575,3081-4560,360,2,9,one_to_many_split,one prior segment overlaps multiple wider-constitution segments
25,40,13,6,residual,stable,4201-4575,4561-4600,15,2,2,one_to_many_split,one prior segment overlaps multiple wider-constitution segments
25,40,17,7,residual,residual,4951-5125,4601-5120,170,2,3,one_to_many_split,one prior segment overlaps multiple wider-constitution segments
25,40,17,8,residual,stable,4951-5125,5121-5160,5,2,2,one_to_many_split,one prior segment overlaps multiple wider-constitution segments
25,40,18,8,stable,stable,5126-5175,5121-5160,35,2,2,one_to_many_split,one prior segment overlaps multiple wider-constitution segments
25,40,18,9,stable,residual,5126-5175,5161-8240,15,2,8,one_to_many_split,one prior segment overlaps multiple wider-constitution segments
25,40,25,9,residual,residual,7976-8250,5161-8240,265,2,8,one_to_many_split,one prior segment overlaps multiple wider-constitution segments
25,40,25,10,residual,stable,7976-8250,8241-8280,10,2,3,one_to_many_split,one prior segment overlaps multiple wider-constitution segments
25,40,27,10,residual,stable,8276-8700,8241-8280,5,2,3,one_to_many_split,one prior segment overlaps multiple wider-constitution segments
25,40,27,11,residual,residual,8276-8700,8281-9640,420,2,9,one_to_many_split,one prior segment overlaps multiple wider-constitution segments
25,40,35,11,residual,residual,9576-9650,8281-9640,65,2,9,one_to_many_split,one prior segment overlaps multiple wider-constitution segments
25,40,35,12,residual,stable,9576-9650,9641-9680,10,2,3,one_to_many_split,one prior segment overlaps multiple wider-constitution segments
25,40,37,12,residual,stable,9676-10125,9641-9680,5,3,3,one_to_many_split,one prior segment overlaps multiple wider-constitution segments
25,40,37,13,residual,residual,9676-10125,9681-10120,440,3,1,one_to_many_split,one prior segment overlaps multiple wider-constitution segments
25,40,37,14,residual,stable,9676-10125,10121-10160,5,3,2,one_to_many_split,one prior segment overlaps multiple wider-constitution segments
25,40,38,14,stable,stable,10126-10175,10121-10160,35,2,2,one_to_many_split,one prior segment overlaps multiple wider-constitution segments
25,40,38,15,stable,residual,10126-10175,10161-10240,15,2,2,one_to_many_split,one prior segment overlaps multiple wider-constitution segments
25,40,39,15,residual,residual,10176-10875,10161-10240,65,3,2,one_to_many_split,one prior segment overlaps multiple wider-constitution segments
25,40,39,16,residual,stable,10176-10875,10241-10280,40,3,1,one_to_many_split,one prior segment overlaps multiple wider-constitution segments
25,40,39,17,residual,residual,10176-10875,10281-12800,595,3,7,one_to_many_split,one prior segment overlaps multiple wider-constitution segments
25,40,47,18,residual,stable,12826-14025,12801-12840,15,2,2,one_to_many_split,one prior segment overlaps multiple wider-constitution segments
25,40,47,19,residual,residual,12826-14025,12841-15080,1185,2,5,one_to_many_split,one prior segment overlaps multiple wider-constitution segments
25,40,51,19,residual,residual,14426-15100,12841-15080,655,2,5,one_to_many_split,one prior segment overlaps multiple wider-constitution segments
25,40,51,20,residual,stable,14426-15100,15081-15120,20,2,2,one_to_many_split,one prior segment overlaps multiple wider-constitution segments
25,40,52,20,stable,stable,15101-15125,15081-15120,20,2,2,one_to_many_split,one prior segment overlaps multiple wider-constitution segments
25,40,52,21,stable,residual,15101-15125,15121-17640,5,2,2,one_to_many_split,one prior segment overlaps multiple wider-constitution segments
25,40,53,21,residual,residual,15126-17650,15121-17640,2515,2,2,one_to_many_split,one prior segment overlaps multiple wider-constitution segments
25,40,53,22,residual,stable,15126-17650,17641-17680,10,2,3,one_to_many_split,one prior segment overlaps multiple wider-constitution segments
25,40,55,22,residual,stable,17676-17950,17641-17680,5,2,3,one_to_many_split,one prior segment overlaps multiple wider-constitution segments
25,40,55,23,residual,residual,17676-17950,17681-18760,270,2,8,one_to_many_split,one prior segment overlaps multiple wider-constitution segments
25,40,62,23,stable,residual,18751-18775,17681-18760,10,2,8,one_to_many_split,one prior segment overlaps multiple wider-constitution segments
25,40,62,24,stable,stable,18751-18775,18761-18800,15,2,2,one_to_many_split,one prior segment overlaps multiple wider-constitution segments
25,40,63,24,residual,stable,18776-19400,18761-18800,25,2,2,one_to_many_split,one prior segment overlaps multiple wider-constitution segments
25,40,63,25,residual,residual,18776-19400,18801-19720,600,2,4,one_to_many_split,one prior segment overlaps multiple wider-constitution segments
25,40,66,25,stable,residual,19701-19750,18801-19720,20,2,4,one_to_many_split,one prior segment overlaps multiple wider-constitution segments
25,40,66,26,stable,stable,19701-19750,19721-19760,30,2,2,one_to_many_split,one prior segment overlaps multiple wider-constitution segments
25,40,67,26,residual,stable,19751-20375,19721-19760,10,2,2,one_to_many_split,one prior segment overlaps multiple wider-constitution segments
25,40,67,27,residual,residual,19751-20375,19761-29880,615,2,31,one_to_many_split,one prior segment overlaps multiple wider-constitution segments
25,40,97,27,residual,residual,29626-30300,19761-29880,255,5,31,one_to_many_split,one prior segment overlaps multiple wider-constitution segments
25,40,97,28,residual,stable,29626-30300,29881-29920,40,5,1,one_to_many_split,one prior segment overlaps multiple wider-constitution segments
25,40,97,29,residual,residual,29626-30300,29921-30000,80,5,1,one_to_many_split,one prior segment overlaps multiple wider-constitution segments
25,40,97,30,residual,stable,29626-30300,30001-30040,40,5,1,one_to_many_split,one prior segment overlaps multiple wider-constitution segments
25,40,97,31,residual,residual,29626-30300,30041-32880,260,5,13,one_to_many_split,one prior segment overlaps multiple wider-constitution segments
25,40,109,31,residual,residual,32826-32900,30041-32880,55,2,13,one_to_many_split,one prior segment overlaps multiple wider-constitution segments
25,40,109,32,residual,stable,32826-32900,32881-32920,20,2,2,one_to_many_split,one prior segment overlaps multiple wider-constitution segments
25,40,110,32,stable,stable,32901-32925,32881-32920,20,2,2,one_to_many_split,one prior segment overlaps multiple wider-constitution segments
25,40,110,33,stable,residual,32901-32925,32921-34680,5,2,3,one_to_many_split,one prior segment overlaps multiple wider-constitution segments
25,40,112,33,stable,residual,34676-34700,32921-34680,5,2,3,one_to_many_split,one prior segment overlaps multiple wider-constitution segments
25,40,112,34,stable,stable,34676-34700,34681-34720,20,2,2,one_to_many_split,one prior segment overlaps multiple wider-constitution segments
25,40,113,34,residual,stable,34701-34775,34681-34720,20,2,2,one_to_many_split,one prior segment overlaps multiple wider-constitution segments
25,40,113,35,residual,residual,34701-34775,34721-34800,55,2,2,one_to_many_split,one prior segment overlaps multiple wider-constitution segments
25,40,114,35,stable,residual,34776-34825,34721-34800,25,2,2,one_to_many_split,one prior segment overlaps multiple wider-constitution segments
25,40,114,36,stable,stable,34776-34825,34801-34840,25,2,2,one_to_many_split,one prior segment overlaps multiple wider-constitution segments
25,40,115,36,residual,stable,34826-37000,34801-34840,15,2,2,one_to_many_split,one prior segment overlaps multiple wider-constitution segments
25,40,115,37,residual,residual,34826-37000,34841-37000,2160,2,1,one_to_many_split,one prior segment overlaps multiple wider-constitution segments
25,40,116,38,stable,stable,37001-37050,37001-37040,40,2,1,one_to_many_split,one prior segment overlaps multiple wider-constitution segments
25,40,116,39,stable,residual,37001-37050,37041-41280,10,2,18,one_to_many_split,one prior segment overlaps multiple wider-constitution segments
25,40,133,39,residual,residual,40651-41300,37041-41280,630,2,18,one_to_many_split,one prior segment overlaps multiple wider-constitution segments
25,40,133,40,residual,stable,40651-41300,41281-41320,20,2,2,one_to_many_split,one prior segment overlaps multiple wider-constitution segments
25,40,134,40,stable,stable,41301-41325,41281-41320,20,2,2,one_to_many_split,one prior segment overlaps multiple wider-constitution segments
25,40,134,41,stable,residual,41301-41325,41321-42720,5,2,5,one_to_many_split,one prior segment overlaps multiple wider-constitution segments
25,40,138,41,stable,residual,42701-42750,41321-42720,20,2,5,one_to_many_split,one prior segment overlaps multiple wider-constitution segments
25,40,138,42,stable,stable,42701-42750,42721-42760,30,2,2,one_to_many_split,one prior segment overlaps multiple wider-constitution segments
25,40,139,42,residual,stable,42751-43575,42721-42760,10,3,2,one_to_many_split,one prior segment overlaps multiple wider-constitution segments
25,40,139,43,residual,residual,42751-43575,42761-43480,720,3,1,one_to_many_split,one prior segment overlaps multiple wider-constitution segments
25,40,139,44,residual,stable,42751-43575,43481-43520,40,3,1,one_to_many_split,one prior segment overlaps multiple wider-constitution segments
25,40,148,45,stable,residual,45476-45500,43521-45480,5,2,10,one_to_many_split,one prior segment overlaps multiple wider-constitution segments
25,40,148,46,stable,stable,45476-45500,45481-45520,20,2,2,one_to_many_split,one prior segment overlaps multiple wider-constitution segments
25,40,149,46,residual,stable,45501-45850,45481-45520,20,2,2,one_to_many_split,one prior segment overlaps multiple wider-constitution segments
25,40,149,47,residual,residual,45501-45850,45521-49040,330,2,11,one_to_many_split,one prior segment overlaps multiple wider-constitution segments
25,40,159,47,residual,residual,48501-49050,45521-49040,540,2,11,one_to_many_split,one prior segment overlaps multiple wider-constitution segments
25,40,159,48,residual,stable,48501-49050,49041-49080,10,2,3,one_to_many_split,one prior segment overlaps multiple wider-constitution segments
25,40,161,48,residual,stable,49076-50225,49041-49080,5,2,3,one_to_many_split,one prior segment overlaps multiple wider-constitution segments
25,40,161,49,residual,residual,49076-50225,49081-53720,1145,2,9,one_to_many_split,one prior segment overlaps multiple wider-constitution segments
25,40,169,49,residual,residual,51676-54275,49081-53720,2045,3,9,one_to_many_split,one prior segment overlaps multiple wider-constitution segments
25,40,169,50,residual,stable,51676-54275,53721-53760,40,3,1,one_to_many_split,one prior segment overlaps multiple wider-constitution segments
25,40,169,51,residual,residual,51676-54275,53761-54280,515,3,2,one_to_many_split,one prior segment overlaps multiple wider-constitution segments
25,40,170,51,stable,residual,54276-54300,53761-54280,5,2,2,one_to_many_split,one prior segment overlaps multiple wider-constitution segments
25,40,170,52,stable,stable,54276-54300,54281-54320,20,2,2,one_to_many_split,one prior segment overlaps multiple wider-constitution segments
25,40,171,52,residual,stable,54301-54550,54281-54320,20,2,2,one_to_many_split,one prior segment overlaps multiple wider-constitution segments
25,40,171,53,residual,residual,54301-54550,54321-55640,230,2,7,one_to_many_split,one prior segment overlaps multiple wider-constitution segments
25,40,177,53,residual,residual,55126-56050,54321-55640,515,3,7,one_to_many_split,one prior segment overlaps multiple wider-constitution segments
25,40,177,54,residual,stable,55126-56050,55641-55680,40,3,1,one_to_many_split,one prior segment overlaps multiple wider-constitution segments
25,40,177,55,residual,residual,55126-56050,55681-57000,370,3,7,one_to_many_split,one prior segment overlaps multiple wider-constitution segments
25,40,184,56,stable,stable,57001-57050,57001-57040,40,2,1,one_to_many_split,one prior segment overlaps multiple wider-constitution segments
25,40,184,57,stable,residual,57001-57050,57041-57960,10,2,7,one_to_many_split,one prior segment overlaps multiple wider-constitution segments
25,40,190,57,stable,residual,57951-57975,57041-57960,10,2,7,one_to_many_split,one prior segment overlaps multiple wider-constitution segments
25,40,190,58,stable,stable,57951-57975,57961-58000,15,2,2,one_to_many_split,one prior segment overlaps multiple wider-constitution segments
25,40,191,58,residual,stable,57976-58450,57961-58000,25,3,2,one_to_many_split,one prior segment overlaps multiple wider-constitution segments
25,40,191,59,residual,residual,57976-58450,58001-58440,440,3,1,one_to_many_split,one prior segment overlaps multiple wider-constitution segments
25,40,191,60,residual,stable,57976-58450,58441-58480,10,3,3,one_to_many_split,one prior segment overlaps multiple wider-constitution segments
25,40,193,60,residual,stable,58476-59100,58441-58480,5,2,3,one_to_many_split,one prior segment overlaps multiple wider-constitution segments
25,40,193,61,residual,residual,58476-59100,58481-59280,620,2,3,one_to_many_split,one prior segment overlaps multiple wider-constitution segments
25,40,195,61,residual,residual,59126-59575,58481-59280,155,3,3,one_to_many_split,one prior segment overlaps multiple wider-constitution segments
25,40,195,62,residual,stable,59126-59575,59281-59320,40,3,1,one_to_many_split,one prior segment overlaps multiple wider-constitution segments
25,40,195,63,residual,residual,59126-59575,59321-60120,255,3,5,one_to_many_split,one prior segment overlaps multiple wider-constitution segments
25,40,199,63,residual,residual,59876-60525,59321-60120,245,3,5,one_to_many_split,one prior segment overlaps multiple wider-constitution segments
25,40,199,64,residual,stable,59876-60525,60121-60160,40,3,1,one_to_many_split,one prior segment overlaps multiple wider-constitution segments
25,40,199,65,residual,residual,59876-60525,60161-61240,365,3,7,one_to_many_split,one prior segment overlaps multiple wider-constitution segments
25,40,205,65,residual,residual,61101-61250,60161-61240,140,2,7,one_to_many_split,one prior segment overlaps multiple wider-constitution segments
25,40,205,66,residual,stable,61101-61250,61241-61280,10,2,3,one_to_many_split,one prior segment overlaps multiple wider-constitution segments
25,40,207,66,residual,stable,61276-61900,61241-61280,5,2,3,one_to_many_split,one prior segment overlaps multiple wider-constitution segments
25,40,207,67,residual,residual,61276-61900,61281-62720,620,2,5,one_to_many_split,one prior segment overlaps multiple wider-constitution segments
25,40,211,67,residual,residual,62201-63950,61281-62720,520,3,5,one_to_many_split,one prior segment overlaps multiple wider-constitution segments
25,40,211,68,residual,stable,62201-63950,62721-62760,40,3,1,one_to_many_split,one prior segment overlaps multiple wider-constitution segments
25,40,211,69,residual,residual,62201-63950,62761-64760,1190,3,9,one_to_many_split,one prior segment overlaps multiple wider-constitution segments
25,40,219,69,residual,residual,64526-64775,62761-64760,235,2,9,one_to_many_split,one prior segment overlaps multiple wider-constitution segments
25,40,219,70,residual,stable,64526-64775,64761-64800,15,2,2,one_to_many_split,one prior segment overlaps multiple wider-constitution segments
25,40,237,71,residual,residual,68126-68375,64801-68360,235,2,17,one_to_many_split,one prior segment overlaps multiple wider-constitution segments
25,40,237,72,residual,stable,68126-68375,68361-68400,15,2,2,one_to_many_split,one prior segment overlaps multiple wider-constitution segments
25,40,240,73,stable,residual,68676-68725,68401-68680,5,3,2,one_to_many_split,one prior segment overlaps multiple wider-constitution segments
25,40,240,74,stable,stable,68676-68725,68681-68720,40,3,1,one_to_many_split,one prior segment overlaps multiple wider-constitution segments
25,40,240,75,stable,residual,68676-68725,68721-69360,5,3,6,one_to_many_split,one prior segment overlaps multiple wider-constitution segments
25,40,245,75,residual,residual,69001-69650,68721-69360,360,3,6,one_to_many_split,one prior segment overlaps multiple wider-constitution segments
25,40,245,76,residual,stable,69001-69650,69361-69400,40,3,1,one_to_many_split,one prior segment overlaps multiple wider-constitution segments
25,40,245,77,residual,residual,69001-69650,69401-71840,250,3,13,one_to_many_split,one prior segment overlaps multiple wider-constitution segments
25,40,257,77,residual,residual,70776-71950,69401-71840,1065,3,13,one_to_many_split,one prior segment overlaps multiple wider-constitution segments
25,40,257,78,residual,stable,70776-71950,71841-71880,40,3,1,one_to_many_split,one prior segment overlaps multiple wider-constitution segments
25,40,257,79,residual,residual,70776-71950,71881-71960,70,3,2,one_to_many_split,one prior segment overlaps multiple wider-constitution segments
25,40,258,79,stable,residual,71951-71975,71881-71960,10,2,2,one_to_many_split,one prior segment overlaps multiple wider-constitution segments
25,40,258,80,stable,stable,71951-71975,71961-72000,15,2,2,one_to_many_split,one prior segment overlaps multiple wider-constitution segments
25,40,259,80,residual,stable,71976-72875,71961-72000,25,2,2,one_to_many_split,one prior segment overlaps multiple wider-constitution segments
25,40,259,81,residual,residual,71976-72875,72001-72880,875,2,2,one_to_many_split,one prior segment overlaps multiple wider-constitution segments
25,40,260,81,stable,residual,72876-72900,72001-72880,5,2,2,one_to_many_split,one prior segment overlaps multiple wider-constitution segments
25,40,260,82,stable,stable,72876-72900,72881-72920,20,2,2,one_to_many_split,one prior segment overlaps multiple wider-constitution segments
25,40,261,82,residual,stable,72901-73075,72881-72920,20,2,2,one_to_many_split,one prior segment overlaps multiple wider-constitution segments
25,40,261,83,residual,residual,72901-73075,72921-73080,155,2,2,one_to_many_split,one prior segment overlaps multiple wider-constitution segments
25,40,262,83,stable,residual,73076-73125,72921-73080,5,3,2,one_to_many_split,one prior segment overlaps multiple wider-constitution segments
25,40,262,84,stable,stable,73076-73125,73081-73120,40,3,1,one_to_many_split,one prior segment overlaps multiple wider-constitution segments
25,40,262,85,stable,residual,73076-73125,73121-73640,5,3,2,one_to_many_split,one prior segment overlaps multiple wider-constitution segments
25,40,263,85,residual,residual,73126-73650,73121-73640,515,2,2,one_to_many_split,one prior segment overlaps multiple wider-constitution segments
25,40,263,86,residual,stable,73126-73650,73641-73680,10,2,3,one_to_many_split,one prior segment overlaps multiple wider-constitution segments
25,40,265,86,residual,stable,73676-74025,73641-73680,5,2,3,one_to_many_split,one prior segment overlaps multiple wider-constitution segments
25,40,265,87,residual,residual,73676-74025,73681-74040,345,2,2,one_to_many_split,one prior segment overlaps multiple wider-constitution segments
25,40,266,87,stable,residual,74026-74050,73681-74040,15,2,2,one_to_many_split,one prior segment overlaps multiple wider-constitution segments
25,40,266,88,stable,stable,74026-74050,74041-74080,10,2,2,one_to_many_split,one prior segment overlaps multiple wider-constitution segments
25,40,267,88,residual,stable,74051-75075,74041-74080,30,2,2,one_to_many_split,one prior segment overlaps multiple wider-constitution segments
25,40,267,89,residual,residual,74051-75075,74081-75080,995,2,2,one_to_many_split,one prior segment overlaps multiple wider-constitution segments
25,40,268,89,stable,residual,75076-75100,74081-75080,5,2,2,one_to_many_split,one prior segment overlaps multiple wider-constitution segments
25,40,268,90,stable,stable,75076-75100,75081-75120,20,2,2,one_to_many_split,one prior segment overlaps multiple wider-constitution segments
25,40,269,90,residual,stable,75101-77900,75081-75120,20,3,2,one_to_many_split,one prior segment overlaps multiple wider-constitution segments
25,40,269,91,residual,residual,75101-77900,75121-77880,2760,3,1,one_to_many_split,one prior segment overlaps multiple wider-constitution segments
25,40,269,92,residual,stable,75101-77900,77881-77920,20,3,2,one_to_many_split,one prior segment overlaps multiple wider-constitution segments
25,40,270,92,stable,stable,77901-77925,77881-77920,20,2,2,one_to_many_split,one prior segment overlaps multiple wider-constitution segments
25,40,270,93,stable,residual,77901-77925,77921-80160,5,2,8,one_to_many_split,one prior segment overlaps multiple wider-constitution segments
25,40,277,93,residual,residual,79426-80175,77921-80160,735,2,8,one_to_many_split,one prior segment overlaps multiple wider-constitution segments
25,40,277,94,residual,stable,79426-80175,80161-80200,15,2,2,one_to_many_split,one prior segment overlaps multiple wider-constitution segments
25,40,285,96,residual,stable,81426-81500,81401-81440,15,2,2,one_to_many_split,one prior segment overlaps multiple wider-constitution segments
25,40,285,97,residual,residual,81426-81500,81441-83800,60,2,15,one_to_many_split,one prior segment overlaps multiple wider-constitution segments
25,40,299,97,residual,residual,83551-84375,81441-83800,250,5,15,one_to_many_split,one prior segment overlaps multiple wider-constitution segments
25,40,299,98,residual,stable,83551-84375,83801-83840,40,5,1,one_to_many_split,one prior segment overlaps multiple wider-constitution segments
25,40,299,99,residual,residual,83551-84375,83841-84200,360,5,1,one_to_many_split,one prior segment overlaps multiple wider-constitution segments
25,40,299,100,residual,stable,83551-84375,84201-84240,40,5,1,one_to_many_split,one prior segment overlaps multiple wider-constitution segments
25,40,299,101,residual,residual,83551-84375,84241-87000,135,5,19,one_to_many_split,one prior segment overlaps multiple wider-constitution segments
25,40,317,101,residual,residual,86751-87025,84241-87000,250,2,19,one_to_many_split,one prior segment overlaps multiple wider-constitution segments
25,40,317,102,residual,stable,86751-87025,87001-87040,25,2,2,one_to_many_split,one prior segment overlaps multiple wider-constitution segments
25,40,318,102,stable,stable,87026-87050,87001-87040,15,2,2,one_to_many_split,one prior segment overlaps multiple wider-constitution segments
25,40,318,103,stable,residual,87026-87050,87041-87400,10,2,2,one_to_many_split,one prior segment overlaps multiple wider-constitution segments
25,40,319,103,residual,residual,87051-87675,87041-87400,350,3,2,one_to_many_split,one prior segment overlaps multiple wider-constitution segments
25,40,319,104,residual,stable,87051-87675,87401-87440,40,3,1,one_to_many_split,one prior segment overlaps multiple wider-constitution segments
25,40,319,105,residual,residual,87051-87675,87441-87680,235,3,2,one_to_many_split,one prior segment overlaps multiple wider-constitution segments
25,40,320,105,stable,residual,87676-87700,87441-87680,5,2,2,one_to_many_split,one prior segment overlaps multiple wider-constitution segments
25,40,320,106,stable,stable,87676-87700,87681-87720,20,2,2,one_to_many_split,one prior segment overlaps multiple wider-constitution segments
25,40,321,106,residual,stable,87701-88250,87681-87720,20,4,2,one_to_many_split,one prior segment overlaps multiple wider-constitution segments
25,40,321,107,residual,residual,87701-88250,87721-87960,240,4,1,one_to_many_split,one prior segment overlaps multiple wider-constitution segments
25,40,321,108,residual,stable,87701-88250,87961-88000,40,4,1,one_to_many_split,one prior segment overlaps multiple wider-constitution segments
25,40,321,109,residual,residual,87701-88250,88001-88520,250,4,3,one_to_many_split,one prior segment overlaps multiple wider-constitution segments
25,40,323,109,residual,residual,88276-89575,88001-88520,245,5,3,one_to_many_split,one prior segment overlaps multiple wider-constitution segments
25,40,323,110,residual,stable,88276-89575,88521-88560,40,5,1,one_to_many_split,one prior segment overlaps multiple wider-constitution segments
25,40,323,111,residual,residual,88276-89575,88561-89200,640,5,1,one_to_many_split,one prior segment overlaps multiple wider-constitution segments
25,40,323,112,residual,stable,88276-89575,89201-89240,40,5,1,one_to_many_split,one prior segment overlaps multiple wider-constitution segments
25,40,323,113,residual,residual,88276-89575,89241-92280,335,5,8,one_to_many_split,one prior segment overlaps multiple wider-constitution segments
25,40,330,113,stable,residual,92276-92300,89241-92280,5,2,8,one_to_many_split,one prior segment overlaps multiple wider-constitution segments
25,40,330,114,stable,stable,92276-92300,92281-92320,20,2,2,one_to_many_split,one prior segment overlaps multiple wider-constitution segments
25,40,331,114,residual,stable,92301-92850,92281-92320,20,2,2,one_to_many_split,one prior segment overlaps multiple wider-constitution segments
25,40,331,115,residual,residual,92301-92850,92321-93320,530,2,7,one_to_many_split,one prior segment overlaps multiple wider-constitution segments
25,40,337,115,residual,residual,93251-93425,92321-93320,70,3,7,one_to_many_split,one prior segment overlaps multiple wider-constitution segments
25,40,337,116,residual,stable,93251-93425,93321-93360,40,3,1,one_to_many_split,one prior segment overlaps multiple wider-constitution segments
25,40,337,117,residual,residual,93251-93425,93361-94760,65,3,3,one_to_many_split,one prior segment overlaps multiple wider-constitution segments
25,40,339,117,residual,residual,93451-94775,93361-94760,1310,2,3,one_to_many_split,one prior segment overlaps multiple wider-constitution segments
25,40,339,118,residual,stable,93451-94775,94761-94800,15,2,2,one_to_many_split,one prior segment overlaps multiple wider-constitution segments
25,40,341,119,residual,residual,94801-95700,94801-95320,520,3,1,one_to_many_split,one prior segment overlaps multiple wider-constitution segments
25,40,341,120,residual,stable,94801-95700,95321-95360,40,3,1,one_to_many_split,one prior segment overlaps multiple wider-constitution segments
25,40,341,121,residual,residual,94801-95700,95361-99440,340,3,13,one_to_many_split,one prior segment overlaps multiple wider-constitution segments
25,40,353,121,residual,residual,98526-100175,95361-99440,915,3,13,one_to_many_split,one prior segment overlaps multiple wider-constitution segments
25,40,353,122,residual,stable,98526-100175,99441-99480,40,3,1,one_to_many_split,one prior segment overlaps multiple wider-constitution segments
25,40,353,123,residual,residual,98526-100175,99481-104120,695,3,13,one_to_many_split,one prior segment overlaps multiple wider-constitution segments
25,40,365,123,residual,residual,103851-104125,99481-104120,270,2,13,one_to_many_split,one prior segment overlaps multiple wider-constitution segments
25,40,365,124,residual,stable,103851-104125,104121-104160,5,2,3,one_to_many_split,one prior segment overlaps multiple wider-constitution segments
25,40,367,124,residual,stable,104151-104400,104121-104160,10,2,3,one_to_many_split,one prior segment overlaps multiple wider-constitution segments
25,40,367,125,residual,residual,104151-104400,104161-106680,240,2,11,one_to_many_split,one prior segment overlaps multiple wider-constitution segments
25,40,377,125,residual,residual,106451-106700,104161-106680,230,2,11,one_to_many_split,one prior segment overlaps multiple wider-constitution segments
25,40,377,126,residual,stable,106451-106700,106681-106720,20,2,2,one_to_many_split,one prior segment overlaps multiple wider-constitution segments
25,40,378,126,stable,stable,106701-106725,106681-106720,20,2,2,one_to_many_split,one prior segment overlaps multiple wider-constitution segments
25,40,378,127,stable,residual,106701-106725,106721-111240,5,2,22,one_to_many_split,one prior segment overlaps multiple wider-constitution segments
25,40,399,127,residual,residual,111076-111900,106721-111240,165,3,22,one_to_many_split,one prior segment overlaps multiple wider-constitution segments
25,40,399,128,residual,stable,111076-111900,111241-111280,40,3,1,one_to_many_split,one prior segment overlaps multiple wider-constitution segments
25,40,399,129,residual,residual,111076-111900,111281-112000,620,3,3,one_to_many_split,one prior segment overlaps multiple wider-constitution segments
25,40,403,130,residual,stable,112026-112375,112001-112040,15,2,2,one_to_many_split,one prior segment overlaps multiple wider-constitution segments
25,40,403,131,residual,residual,112026-112375,112041-113800,335,2,9,one_to_many_split,one prior segment overlaps multiple wider-constitution segments
25,40,413,132,residual,stable,113826-114175,113801-113840,15,2,2,one_to_many_split,one prior segment overlaps multiple wider-constitution segments
25,40,413,133,residual,residual,113826-114175,113841-114440,335,2,3,one_to_many_split,one prior segment overlaps multiple wider-constitution segments
25,40,415,133,residual,residual,114201-114450,113841-114440,240,2,3,one_to_many_split,one prior segment overlaps multiple wider-constitution segments
25,40,415,134,residual,stable,114201-114450,114441-114480,10,2,3,one_to_many_split,one prior segment overlaps multiple wider-constitution segments
25,40,417,134,residual,stable,114476-115100,114441-114480,5,2,3,one_to_many_split,one prior segment overlaps multiple wider-constitution segments
25,40,417,135,residual,residual,114476-115100,114481-115120,620,2,2,one_to_many_split,one prior segment overlaps multiple wider-constitution segments
25,40,418,135,stable,residual,115101-115150,114481-115120,20,2,2,one_to_many_split,one prior segment overlaps multiple wider-constitution segments
25,40,418,136,stable,stable,115101-115150,115121-115160,30,2,2,one_to_many_split,one prior segment overlaps multiple wider-constitution segments
25,40,419,136,residual,stable,115151-116225,115121-115160,10,2,2,one_to_many_split,one prior segment overlaps multiple wider-constitution segments
25,40,419,137,residual,residual,115151-116225,115161-118640,1065,2,9,one_to_many_split,one prior segment overlaps multiple wider-constitution segments
25,40,427,137,residual,residual,117926-119100,115161-118640,715,3,9,one_to_many_split,one prior segment overlaps multiple wider-constitution segments
25,40,427,138,residual,stable,117926-119100,118641-118680,40,3,1,one_to_many_split,one prior segment overlaps multiple wider-constitution segments
25,40,427,139,residual,residual,117926-119100,118681-120320,420,3,7,one_to_many_split,one prior segment overlaps multiple wider-constitution segments
25,40,433,139,residual,residual,119526-121175,118681-120320,795,3,7,one_to_many_split,one prior segment overlaps multiple wider-constitution segments
25,40,433,140,residual,stable,119526-121175,120321-120360,40,3,1,one_to_many_split,one prior segment overlaps multiple wider-constitution segments
25,40,433,141,residual,residual,119526-121175,120361-123360,815,3,7,one_to_many_split,one prior segment overlaps multiple wider-constitution segments
25,40,1,1,residual,residual,1-150,1-160,150,1,2,many_to_one_absorption,multiple prior segments overlap one wider-constitution segment
25,40,2,1,stable,residual,151-175,1-160,10,2,2,many_to_one_absorption,multiple prior segments overlap one wider-constitution segment
25,40,2,2,stable,stable,151-175,161-200,15,2,2,many_to_one_absorption,multiple prior segments overlap one wider-constitution segment
25,40,3,2,residual,stable,176-1000,161-200,25,2,2,many_to_one_absorption,multiple prior segments overlap one wider-constitution segment
25,40,3,3,residual,residual,176-1000,201-3040,800,2,3,many_to_one_absorption,multiple prior segments overlap one wider-constitution segment
25,40,4,3,stable,residual,1001-1025,201-3040,25,1,3,many_to_one_absorption,multiple prior segments overlap one wider-constitution segment
25,40,5,3,residual,residual,1026-3425,201-3040,2015,3,3,many_to_one_absorption,multiple prior segments overlap one wider-constitution segment
25,40,5,5,residual,residual,1026-3425,3081-4560,345,3,9,many_to_one_absorption,multiple prior segments overlap one wider-constitution segment
25,40,6,5,stable,residual,3426-3450,3081-4560,25,1,9,many_to_one_absorption,multiple prior segments overlap one wider-constitution segment
25,40,7,5,residual,residual,3451-3725,3081-4560,275,1,9,many_to_one_absorption,multiple prior segments overlap one wider-constitution segment
25,40,8,5,stable,residual,3726-3750,3081-4560,25,1,9,many_to_one_absorption,multiple prior segments overlap one wider-constitution segment
25,40,9,5,residual,residual,3751-4000,3081-4560,250,1,9,many_to_one_absorption,multiple prior segments overlap one wider-constitution segment
25,40,10,5,stable,residual,4001-4025,3081-4560,25,1,9,many_to_one_absorption,multiple prior segments overlap one wider-constitution segment
25,40,11,5,residual,residual,4026-4175,3081-4560,150,1,9,many_to_one_absorption,multiple prior segments overlap one wider-constitution segment
25,40,12,5,stable,residual,4176-4200,3081-4560,25,1,9,many_to_one_absorption,multiple prior segments overlap one wider-constitution segment
25,40,13,5,residual,residual,4201-4575,3081-4560,360,2,9,many_to_one_absorption,multiple prior segments overlap one wider-constitution segment
25,40,13,6,residual,stable,4201-4575,4561-4600,15,2,2,many_to_one_absorption,multiple prior segments overlap one wider-constitution segment
25,40,14,6,stable,stable,4576-4600,4561-4600,25,1,2,many_to_one_absorption,multiple prior segments overlap one wider-constitution segment
25,40,15,7,residual,residual,4601-4925,4601-5120,325,1,3,many_to_one_absorption,multiple prior segments overlap one wider-constitution segment
25,40,16,7,stable,residual,4926-4950,4601-5120,25,1,3,many_to_one_absorption,multiple prior segments overlap one wider-constitution segment
25,40,17,7,residual,residual,4951-5125,4601-5120,170,2,3,many_to_one_absorption,multiple prior segments overlap one wider-constitution segment
25,40,17,8,residual,stable,4951-5125,5121-5160,5,2,2,many_to_one_absorption,multiple prior segments overlap one wider-constitution segment
25,40,18,8,stable,stable,5126-5175,5121-5160,35,2,2,many_to_one_absorption,multiple prior segments overlap one wider-constitution segment
25,40,18,9,stable,residual,5126-5175,5161-8240,15,2,8,many_to_one_absorption,multiple prior segments overlap one wider-constitution segment
25,40,19,9,residual,residual,5176-7200,5161-8240,2025,1,8,many_to_one_absorption,multiple prior segments overlap one wider-constitution segment
25,40,20,9,stable,residual,7201-7225,5161-8240,25,1,8,many_to_one_absorption,multiple prior segments overlap one wider-constitution segment
25,40,21,9,residual,residual,7226-7875,5161-8240,650,1,8,many_to_one_absorption,multiple prior segments overlap one wider-constitution segment
25,40,22,9,stable,residual,7876-7900,5161-8240,25,1,8,many_to_one_absorption,multiple prior segments overlap one wider-constitution segment
25,40,23,9,residual,residual,7901-7950,5161-8240,50,1,8,many_to_one_absorption,multiple prior segments overlap one wider-constitution segment
25,40,24,9,stable,residual,7951-7975,5161-8240,25,1,8,many_to_one_absorption,multiple prior segments overlap one wider-constitution segment
25,40,25,9,residual,residual,7976-8250,5161-8240,265,2,8,many_to_one_absorption,multiple prior segments overlap one wider-constitution segment
25,40,25,10,residual,stable,7976-8250,8241-8280,10,2,3,many_to_one_absorption,multiple prior segments overlap one wider-constitution segment
25,40,26,10,stable,stable,8251-8275,8241-8280,25,1,3,many_to_one_absorption,multiple prior segments overlap one wider-constitution segment
25,40,27,10,residual,stable,8276-8700,8241-8280,5,2,3,many_to_one_absorption,multiple prior segments overlap one wider-constitution segment
25,40,27,11,residual,residual,8276-8700,8281-9640,420,2,9,many_to_one_absorption,multiple prior segments overlap one wider-constitution segment
25,40,28,11,stable,residual,8701-8725,8281-9640,25,1,9,many_to_one_absorption,multiple prior segments overlap one wider-constitution segment
25,40,29,11,residual,residual,8726-8975,8281-9640,250,1,9,many_to_one_absorption,multiple prior segments overlap one wider-constitution segment
25,40,30,11,stable,residual,8976-9000,8281-9640,25,1,9,many_to_one_absorption,multiple prior segments overlap one wider-constitution segment
25,40,31,11,residual,residual,9001-9175,8281-9640,175,1,9,many_to_one_absorption,multiple prior segments overlap one wider-constitution segment
25,40,32,11,stable,residual,9176-9200,8281-9640,25,1,9,many_to_one_absorption,multiple prior segments overlap one wider-constitution segment
25,40,33,11,residual,residual,9201-9550,8281-9640,350,1,9,many_to_one_absorption,multiple prior segments overlap one wider-constitution segment
25,40,34,11,stable,residual,9551-9575,8281-9640,25,1,9,many_to_one_absorption,multiple prior segments overlap one wider-constitution segment
25,40,35,11,residual,residual,9576-9650,8281-9640,65,2,9,many_to_one_absorption,multiple prior segments overlap one wider-constitution segment
25,40,35,12,residual,stable,9576-9650,9641-9680,10,2,3,many_to_one_absorption,multiple prior segments overlap one wider-constitution segment
25,40,36,12,stable,stable,9651-9675,9641-9680,25,1,3,many_to_one_absorption,multiple prior segments overlap one wider-constitution segment
25,40,37,12,residual,stable,9676-10125,9641-9680,5,3,3,many_to_one_absorption,multiple prior segments overlap one wider-constitution segment
25,40,37,14,residual,stable,9676-10125,10121-10160,5,3,2,many_to_one_absorption,multiple prior segments overlap one wider-constitution segment
25,40,38,14,stable,stable,10126-10175,10121-10160,35,2,2,many_to_one_absorption,multiple prior segments overlap one wider-constitution segment
25,40,38,15,stable,residual,10126-10175,10161-10240,15,2,2,many_to_one_absorption,multiple prior segments overlap one wider-constitution segment
25,40,39,15,residual,residual,10176-10875,10161-10240,65,3,2,many_to_one_absorption,multiple prior segments overlap one wider-constitution segment
25,40,39,17,residual,residual,10176-10875,10281-12800,595,3,7,many_to_one_absorption,multiple prior segments overlap one wider-constitution segment
25,40,40,17,stable,residual,10876-10900,10281-12800,25,1,7,many_to_one_absorption,multiple prior segments overlap one wider-constitution segment
25,40,41,17,residual,residual,10901-12025,10281-12800,1125,1,7,many_to_one_absorption,multiple prior segments overlap one wider-constitution segment
25,40,42,17,stable,residual,12026-12050,10281-12800,25,1,7,many_to_one_absorption,multiple prior segments overlap one wider-constitution segment
25,40,43,17,residual,residual,12051-12575,10281-12800,525,1,7,many_to_one_absorption,multiple prior segments overlap one wider-constitution segment
25,40,44,17,stable,residual,12576-12600,10281-12800,25,1,7,many_to_one_absorption,multiple prior segments overlap one wider-constitution segment
25,40,45,17,residual,residual,12601-12800,10281-12800,200,1,7,many_to_one_absorption,multiple prior segments overlap one wider-constitution segment
25,40,46,18,stable,stable,12801-12825,12801-12840,25,1,2,many_to_one_absorption,multiple prior segments overlap one wider-constitution segment
25,40,47,18,residual,stable,12826-14025,12801-12840,15,2,2,many_to_one_absorption,multiple prior segments overlap one wider-constitution segment
25,40,47,19,residual,residual,12826-14025,12841-15080,1185,2,5,many_to_one_absorption,multiple prior segments overlap one wider-constitution segment
25,40,48,19,stable,residual,14026-14050,12841-15080,25,1,5,many_to_one_absorption,multiple prior segments overlap one wider-constitution segment
25,40,49,19,residual,residual,14051-14400,12841-15080,350,1,5,many_to_one_absorption,multiple prior segments overlap one wider-constitution segment
25,40,50,19,stable,residual,14401-14425,12841-15080,25,1,5,many_to_one_absorption,multiple prior segments overlap one wider-constitution segment
25,40,51,19,residual,residual,14426-15100,12841-15080,655,2,5,many_to_one_absorption,multiple prior segments overlap one wider-constitution segment
25,40,51,20,residual,stable,14426-15100,15081-15120,20,2,2,many_to_one_absorption,multiple prior segments overlap one wider-constitution segment
25,40,52,20,stable,stable,15101-15125,15081-15120,20,2,2,many_to_one_absorption,multiple prior segments overlap one wider-constitution segment
25,40,52,21,stable,residual,15101-15125,15121-17640,5,2,2,many_to_one_absorption,multiple prior segments overlap one wider-constitution segment
25,40,53,21,residual,residual,15126-17650,15121-17640,2515,2,2,many_to_one_absorption,multiple prior segments overlap one wider-constitution segment
25,40,53,22,residual,stable,15126-17650,17641-17680,10,2,3,many_to_one_absorption,multiple prior segments overlap one wider-constitution segment
25,40,54,22,stable,stable,17651-17675,17641-17680,25,1,3,many_to_one_absorption,multiple prior segments overlap one wider-constitution segment
25,40,55,22,residual,stable,17676-17950,17641-17680,5,2,3,many_to_one_absorption,multiple prior segments overlap one wider-constitution segment
25,40,55,23,residual,residual,17676-17950,17681-18760,270,2,8,many_to_one_absorption,multiple prior segments overlap one wider-constitution segment
25,40,56,23,stable,residual,17951-17975,17681-18760,25,1,8,many_to_one_absorption,multiple prior segments overlap one wider-constitution segment
25,40,57,23,residual,residual,17976-18025,17681-18760,50,1,8,many_to_one_absorption,multiple prior segments overlap one wider-constitution segment
25,40,58,23,stable,residual,18026-18050,17681-18760,25,1,8,many_to_one_absorption,multiple prior segments overlap one wider-constitution segment
25,40,59,23,residual,residual,18051-18575,17681-18760,525,1,8,many_to_one_absorption,multiple prior segments overlap one wider-constitution segment
25,40,60,23,stable,residual,18576-18600,17681-18760,25,1,8,many_to_one_absorption,multiple prior segments overlap one wider-constitution segment
25,40,61,23,residual,residual,18601-18750,17681-18760,150,1,8,many_to_one_absorption,multiple prior segments overlap one wider-constitution segment
25,40,62,23,stable,residual,18751-18775,17681-18760,10,2,8,many_to_one_absorption,multiple prior segments overlap one wider-constitution segment
25,40,62,24,stable,stable,18751-18775,18761-18800,15,2,2,many_to_one_absorption,multiple prior segments overlap one wider-constitution segment
25,40,63,24,residual,stable,18776-19400,18761-18800,25,2,2,many_to_one_absorption,multiple prior segments overlap one wider-constitution segment
25,40,63,25,residual,residual,18776-19400,18801-19720,600,2,4,many_to_one_absorption,multiple prior segments overlap one wider-constitution segment
25,40,64,25,stable,residual,19401-19425,18801-19720,25,1,4,many_to_one_absorption,multiple prior segments overlap one wider-constitution segment
25,40,65,25,residual,residual,19426-19700,18801-19720,275,1,4,many_to_one_absorption,multiple prior segments overlap one wider-constitution segment
25,40,66,25,stable,residual,19701-19750,18801-19720,20,2,4,many_to_one_absorption,multiple prior segments overlap one wider-constitution segment
25,40,66,26,stable,stable,19701-19750,19721-19760,30,2,2,many_to_one_absorption,multiple prior segments overlap one wider-constitution segment
25,40,67,26,residual,stable,19751-20375,19721-19760,10,2,2,many_to_one_absorption,multiple prior segments overlap one wider-constitution segment
25,40,67,27,residual,residual,19751-20375,19761-29880,615,2,31,many_to_one_absorption,multiple prior segments overlap one wider-constitution segment
25,40,68,27,stable,residual,20376-20400,19761-29880,25,1,31,many_to_one_absorption,multiple prior segments overlap one wider-constitution segment
25,40,69,27,residual,residual,20401-20950,19761-29880,550,1,31,many_to_one_absorption,multiple prior segments overlap one wider-constitution segment
25,40,70,27,stable,residual,20951-20975,19761-29880,25,1,31,many_to_one_absorption,multiple prior segments overlap one wider-constitution segment
25,40,71,27,residual,residual,20976-21150,19761-29880,175,1,31,many_to_one_absorption,multiple prior segments overlap one wider-constitution segment
25,40,72,27,stable,residual,21151-21175,19761-29880,25,1,31,many_to_one_absorption,multiple prior segments overlap one wider-constitution segment
25,40,73,27,residual,residual,21176-23600,19761-29880,2425,1,31,many_to_one_absorption,multiple prior segments overlap one wider-constitution segment
25,40,74,27,stable,residual,23601-23625,19761-29880,25,1,31,many_to_one_absorption,multiple prior segments overlap one wider-constitution segment
25,40,75,27,residual,residual,23626-23850,19761-29880,225,1,31,many_to_one_absorption,multiple prior segments overlap one wider-constitution segment
25,40,76,27,stable,residual,23851-23875,19761-29880,25,1,31,many_to_one_absorption,multiple prior segments overlap one wider-constitution segment
25,40,77,27,residual,residual,23876-24425,19761-29880,550,1,31,many_to_one_absorption,multiple prior segments overlap one wider-constitution segment
25,40,78,27,stable,residual,24426-24450,19761-29880,25,1,31,many_to_one_absorption,multiple prior segments overlap one wider-constitution segment
25,40,79,27,residual,residual,24451-24525,19761-29880,75,1,31,many_to_one_absorption,multiple prior segments overlap one wider-constitution segment
25,40,80,27,stable,residual,24526-24550,19761-29880,25,1,31,many_to_one_absorption,multiple prior segments overlap one wider-constitution segment
25,40,81,27,residual,residual,24551-24900,19761-29880,350,1,31,many_to_one_absorption,multiple prior segments overlap one wider-constitution segment
25,40,82,27,stable,residual,24901-24925,19761-29880,25,1,31,many_to_one_absorption,multiple prior segments overlap one wider-constitution segment
25,40,83,27,residual,residual,24926-26000,19761-29880,1075,1,31,many_to_one_absorption,multiple prior segments overlap one wider-constitution segment
25,40,84,27,stable,residual,26001-26025,19761-29880,25,1,31,many_to_one_absorption,multiple prior segments overlap one wider-constitution segment
25,40,85,27,residual,residual,26026-26725,19761-29880,700,1,31,many_to_one_absorption,multiple prior segments overlap one wider-constitution segment
25,40,86,27,stable,residual,26726-26750,19761-29880,25,1,31,many_to_one_absorption,multiple prior segments overlap one wider-constitution segment
25,40,87,27,residual,residual,26751-27725,19761-29880,975,1,31,many_to_one_absorption,multiple prior segments overlap one wider-constitution segment
25,40,88,27,stable,residual,27726-27750,19761-29880,25,1,31,many_to_one_absorption,multiple prior segments overlap one wider-constitution segment
25,40,89,27,residual,residual,27751-27925,19761-29880,175,1,31,many_to_one_absorption,multiple prior segments overlap one wider-constitution segment
25,40,90,27,stable,residual,27926-27950,19761-29880,25,1,31,many_to_one_absorption,multiple prior segments overlap one wider-constitution segment
25,40,91,27,residual,residual,27951-28250,19761-29880,300,1,31,many_to_one_absorption,multiple prior segments overlap one wider-constitution segment
25,40,92,27,stable,residual,28251-28275,19761-29880,25,1,31,many_to_one_absorption,multiple prior segments overlap one wider-constitution segment
25,40,93,27,residual,residual,28276-29050,19761-29880,775,1,31,many_to_one_absorption,multiple prior segments overlap one wider-constitution segment
25,40,94,27,stable,residual,29051-29075,19761-29880,25,1,31,many_to_one_absorption,multiple prior segments overlap one wider-constitution segment
25,40,95,27,residual,residual,29076-29600,19761-29880,525,1,31,many_to_one_absorption,multiple prior segments overlap one wider-constitution segment
25,40,96,27,stable,residual,29601-29625,19761-29880,25,1,31,many_to_one_absorption,multiple prior segments overlap one wider-constitution segment
25,40,97,27,residual,residual,29626-30300,19761-29880,255,5,31,many_to_one_absorption,multiple prior segments overlap one wider-constitution segment
25,40,97,31,residual,residual,29626-30300,30041-32880,260,5,13,many_to_one_absorption,multiple prior segments overlap one wider-constitution segment
25,40,98,31,stable,residual,30301-30325,30041-32880,25,1,13,many_to_one_absorption,multiple prior segments overlap one wider-constitution segment
25,40,99,31,residual,residual,30326-31150,30041-32880,825,1,13,many_to_one_absorption,multiple prior segments overlap one wider-constitution segment
25,40,100,31,stable,residual,31151-31175,30041-32880,25,1,13,many_to_one_absorption,multiple prior segments overlap one wider-constitution segment
25,40,101,31,residual,residual,31176-31425,30041-32880,250,1,13,many_to_one_absorption,multiple prior segments overlap one wider-constitution segment
25,40,102,31,stable,residual,31426-31450,30041-32880,25,1,13,many_to_one_absorption,multiple prior segments overlap one wider-constitution segment
25,40,103,31,residual,residual,31451-32525,30041-32880,1075,1,13,many_to_one_absorption,multiple prior segments overlap one wider-constitution segment
25,40,104,31,stable,residual,32526-32550,30041-32880,25,1,13,many_to_one_absorption,multiple prior segments overlap one wider-constitution segment
25,40,105,31,residual,residual,32551-32625,30041-32880,75,1,13,many_to_one_absorption,multiple prior segments overlap one wider-constitution segment
25,40,106,31,stable,residual,32626-32650,30041-32880,25,1,13,many_to_one_absorption,multiple prior segments overlap one wider-constitution segment
25,40,107,31,residual,residual,32651-32800,30041-32880,150,1,13,many_to_one_absorption,multiple prior segments overlap one wider-constitution segment
25,40,108,31,stable,residual,32801-32825,30041-32880,25,1,13,many_to_one_absorption,multiple prior segments overlap one wider-constitution segment
25,40,109,31,residual,residual,32826-32900,30041-32880,55,2,13,many_to_one_absorption,multiple prior segments overlap one wider-constitution segment
25,40,109,32,residual,stable,32826-32900,32881-32920,20,2,2,many_to_one_absorption,multiple prior segments overlap one wider-constitution segment
25,40,110,32,stable,stable,32901-32925,32881-32920,20,2,2,many_to_one_absorption,multiple prior segments overlap one wider-constitution segment
25,40,110,33,stable,residual,32901-32925,32921-34680,5,2,3,many_to_one_absorption,multiple prior segments overlap one wider-constitution segment
25,40,111,33,residual,residual,32926-34675,32921-34680,1750,1,3,many_to_one_absorption,multiple prior segments overlap one wider-constitution segment
25,40,112,33,stable,residual,34676-34700,32921-34680,5,2,3,many_to_one_absorption,multiple prior segments overlap one wider-constitution segment
25,40,112,34,stable,stable,34676-34700,34681-34720,20,2,2,many_to_one_absorption,multiple prior segments overlap one wider-constitution segment
25,40,113,34,residual,stable,34701-34775,34681-34720,20,2,2,many_to_one_absorption,multiple prior segments overlap one wider-constitution segment
25,40,113,35,residual,residual,34701-34775,34721-34800,55,2,2,many_to_one_absorption,multiple prior segments overlap one wider-constitution segment
25,40,114,35,stable,residual,34776-34825,34721-34800,25,2,2,many_to_one_absorption,multiple prior segments overlap one wider-constitution segment
25,40,114,36,stable,stable,34776-34825,34801-34840,25,2,2,many_to_one_absorption,multiple prior segments overlap one wider-constitution segment
25,40,115,36,residual,stable,34826-37000,34801-34840,15,2,2,many_to_one_absorption,multiple prior segments overlap one wider-constitution segment
25,40,116,39,stable,residual,37001-37050,37041-41280,10,2,18,many_to_one_absorption,multiple prior segments overlap one wider-constitution segment
25,40,117,39,residual,residual,37051-37200,37041-41280,150,1,18,many_to_one_absorption,multiple prior segments overlap one wider-constitution segment
25,40,118,39,stable,residual,37201-37225,37041-41280,25,1,18,many_to_one_absorption,multiple prior segments overlap one wider-constitution segment
25,40,119,39,residual,residual,37226-37400,37041-41280,175,1,18,many_to_one_absorption,multiple prior segments overlap one wider-constitution segment
25,40,120,39,stable,residual,37401-37425,37041-41280,25,1,18,many_to_one_absorption,multiple prior segments overlap one wider-constitution segment
25,40,121,39,residual,residual,37426-37575,37041-41280,150,1,18,many_to_one_absorption,multiple prior segments overlap one wider-constitution segment
25,40,122,39,stable,residual,37576-37600,37041-41280,25,1,18,many_to_one_absorption,multiple prior segments overlap one wider-constitution segment
25,40,123,39,residual,residual,37601-37875,37041-41280,275,1,18,many_to_one_absorption,multiple prior segments overlap one wider-constitution segment
25,40,124,39,stable,residual,37876-37900,37041-41280,25,1,18,many_to_one_absorption,multiple prior segments overlap one wider-constitution segment
25,40,125,39,residual,residual,37901-38050,37041-41280,150,1,18,many_to_one_absorption,multiple prior segments overlap one wider-constitution segment
25,40,126,39,stable,residual,38051-38075,37041-41280,25,1,18,many_to_one_absorption,multiple prior segments overlap one wider-constitution segment
25,40,127,39,residual,residual,38076-39875,37041-41280,1800,1,18,many_to_one_absorption,multiple prior segments overlap one wider-constitution segment
25,40,128,39,stable,residual,39876-39900,37041-41280,25,1,18,many_to_one_absorption,multiple prior segments overlap one wider-constitution segment
25,40,129,39,residual,residual,39901-40150,37041-41280,250,1,18,many_to_one_absorption,multiple prior segments overlap one wider-constitution segment
25,40,130,39,stable,residual,40151-40175,37041-41280,25,1,18,many_to_one_absorption,multiple prior segments overlap one wider-constitution segment
25,40,131,39,residual,residual,40176-40625,37041-41280,450,1,18,many_to_one_absorption,multiple prior segments overlap one wider-constitution segment
25,40,132,39,stable,residual,40626-40650,37041-41280,25,1,18,many_to_one_absorption,multiple prior segments overlap one wider-constitution segment
25,40,133,39,residual,residual,40651-41300,37041-41280,630,2,18,many_to_one_absorption,multiple prior segments overlap one wider-constitution segment
25,40,133,40,residual,stable,40651-41300,41281-41320,20,2,2,many_to_one_absorption,multiple prior segments overlap one wider-constitution segment
25,40,134,40,stable,stable,41301-41325,41281-41320,20,2,2,many_to_one_absorption,multiple prior segments overlap one wider-constitution segment
25,40,134,41,stable,residual,41301-41325,41321-42720,5,2,5,many_to_one_absorption,multiple prior segments overlap one wider-constitution segment
25,40,135,41,residual,residual,41326-41675,41321-42720,350,1,5,many_to_one_absorption,multiple prior segments overlap one wider-constitution segment
25,40,136,41,stable,residual,41676-41700,41321-42720,25,1,5,many_to_one_absorption,multiple prior segments overlap one wider-constitution segment
25,40,137,41,residual,residual,41701-42700,41321-42720,1000,1,5,many_to_one_absorption,multiple prior segments overlap one wider-constitution segment
25,40,138,41,stable,residual,42701-42750,41321-42720,20,2,5,many_to_one_absorption,multiple prior segments overlap one wider-constitution segment
25,40,138,42,stable,stable,42701-42750,42721-42760,30,2,2,many_to_one_absorption,multiple prior segments overlap one wider-constitution segment
25,40,139,42,residual,stable,42751-43575,42721-42760,10,4,2,many_to_one_absorption,multiple prior segments overlap one wider-constitution segment
25,40,140,45,stable,residual,43576-43600,43521-45480,25,1,9,many_to_one_absorption,multiple prior segments overlap one wider-constitution segment
25,40,141,45,residual,residual,43601-44325,43521-45480,725,1,9,many_to_one_absorption,multiple prior segments overlap one wider-constitution segment
25,40,142,45,stable,residual,44326-44350,43521-45480,25,1,9,many_to_one_absorption,multiple prior segments overlap one wider-constitution segment
25,40,143,45,residual,residual,44351-44525,43521-45480,175,1,9,many_to_one_absorption,multiple prior segments overlap one wider-constitution segment
25,40,144,45,stable,residual,44526-44550,43521-45480,25,1,9,many_to_one_absorption,multiple prior segments overlap one wider-constitution segment
25,40,145,45,residual,residual,44551-45200,43521-45480,650,1,9,many_to_one_absorption,multiple prior segments overlap one wider-constitution segment
25,40,146,45,stable,residual,45201-45225,43521-45480,25,1,9,many_to_one_absorption,multiple prior segments overlap one wider-constitution segment
25,40,147,45,residual,residual,45226-45475,43521-45480,250,1,9,many_to_one_absorption,multiple prior segments overlap one wider-constitution segment
25,40,148,45,stable,residual,45476-45500,43521-45480,5,2,9,many_to_one_absorption,multiple prior segments overlap one wider-constitution segment
25,40,148,46,stable,stable,45476-45500,45481-45520,20,2,2,many_to_one_absorption,multiple prior segments overlap one wider-constitution segment
25,40,149,46,residual,stable,45501-45850,45481-45520,20,2,2,many_to_one_absorption,multiple prior segments overlap one wider-constitution segment
25,40,149,47,residual,residual,45501-45850,45521-49040,330,2,11,many_to_one_absorption,multiple prior segments overlap one wider-constitution segment
25,40,150,47,stable,residual,45851-45875,45521-49040,25,1,11,many_to_one_absorption,multiple prior segments overlap one wider-constitution segment
25,40,151,47,residual,residual,45876-46125,45521-49040,250,1,11,many_to_one_absorption,multiple prior segments overlap one wider-constitution segment
25,40,152,47,stable,residual,46126-46150,45521-49040,25,1,11,many_to_one_absorption,multiple prior segments overlap one wider-constitution segment
25,40,153,47,residual,residual,46151-46500,45521-49040,350,1,11,many_to_one_absorption,multiple prior segments overlap one wider-constitution segment
25,40,154,47,stable,residual,46501-46525,45521-49040,25,1,11,many_to_one_absorption,multiple prior segments overlap one wider-constitution segment
25,40,155,47,residual,residual,46526-48000,45521-49040,1475,1,11,many_to_one_absorption,multiple prior segments overlap one wider-constitution segment
25,40,156,47,stable,residual,48001-48025,45521-49040,25,1,11,many_to_one_absorption,multiple prior segments overlap one wider-constitution segment
25,40,157,47,residual,residual,48026-48475,45521-49040,450,1,11,many_to_one_absorption,multiple prior segments overlap one wider-constitution segment
25,40,158,47,stable,residual,48476-48500,45521-49040,25,1,11,many_to_one_absorption,multiple prior segments overlap one wider-constitution segment
25,40,159,47,residual,residual,48501-49050,45521-49040,540,2,11,many_to_one_absorption,multiple prior segments overlap one wider-constitution segment
25,40,159,48,residual,stable,48501-49050,49041-49080,10,2,3,many_to_one_absorption,multiple prior segments overlap one wider-constitution segment
25,40,160,48,stable,stable,49051-49075,49041-49080,25,1,3,many_to_one_absorption,multiple prior segments overlap one wider-constitution segment
25,40,161,48,residual,stable,49076-50225,49041-49080,5,2,3,many_to_one_absorption,multiple prior segments overlap one wider-constitution segment
25,40,161,49,residual,residual,49076-50225,49081-53720,1145,2,9,many_to_one_absorption,multiple prior segments overlap one wider-constitution segment
25,40,162,49,stable,residual,50226-50250,49081-53720,25,1,9,many_to_one_absorption,multiple prior segments overlap one wider-constitution segment
25,40,163,49,residual,residual,50251-50975,49081-53720,725,1,9,many_to_one_absorption,multiple prior segments overlap one wider-constitution segment
25,40,164,49,stable,residual,50976-51000,49081-53720,25,1,9,many_to_one_absorption,multiple prior segments overlap one wider-constitution segment
25,40,165,49,residual,residual,51001-51100,49081-53720,100,1,9,many_to_one_absorption,multiple prior segments overlap one wider-constitution segment
25,40,166,49,stable,residual,51101-51125,49081-53720,25,1,9,many_to_one_absorption,multiple prior segments overlap one wider-constitution segment
25,40,167,49,residual,residual,51126-51650,49081-53720,525,1,9,many_to_one_absorption,multiple prior segments overlap one wider-constitution segment
25,40,168,49,stable,residual,51651-51675,49081-53720,25,1,9,many_to_one_absorption,multiple prior segments overlap one wider-constitution segment
25,40,169,49,residual,residual,51676-54275,49081-53720,2045,3,9,many_to_one_absorption,multiple prior segments overlap one wider-constitution segment
25,40,169,51,residual,residual,51676-54275,53761-54280,515,3,2,many_to_one_absorption,multiple prior segments overlap one wider-constitution segment
25,40,170,51,stable,residual,54276-54300,53761-54280,5,2,2,many_to_one_absorption,multiple prior segments overlap one wider-constitution segment
25,40,170,52,stable,stable,54276-54300,54281-54320,20,2,2,many_to_one_absorption,multiple prior segments overlap one wider-constitution segment
25,40,171,52,residual,stable,54301-54550,54281-54320,20,2,2,many_to_one_absorption,multiple prior segments overlap one wider-constitution segment
25,40,171,53,residual,residual,54301-54550,54321-55640,230,2,7,many_to_one_absorption,multiple prior segments overlap one wider-constitution segment
25,40,172,53,stable,residual,54551-54575,54321-55640,25,1,7,many_to_one_absorption,multiple prior segments overlap one wider-constitution segment
25,40,173,53,residual,residual,54576-54825,54321-55640,250,1,7,many_to_one_absorption,multiple prior segments overlap one wider-constitution segment
25,40,174,53,stable,residual,54826-54850,54321-55640,25,1,7,many_to_one_absorption,multiple prior segments overlap one wider-constitution segment
25,40,175,53,residual,residual,54851-55100,54321-55640,250,1,7,many_to_one_absorption,multiple prior segments overlap one wider-constitution segment
25,40,176,53,stable,residual,55101-55125,54321-55640,25,1,7,many_to_one_absorption,multiple prior segments overlap one wider-constitution segment
25,40,177,53,residual,residual,55126-56050,54321-55640,515,3,7,many_to_one_absorption,multiple prior segments overlap one wider-constitution segment
25,40,177,55,residual,residual,55126-56050,55681-57000,370,3,7,many_to_one_absorption,multiple prior segments overlap one wider-constitution segment
25,40,178,55,stable,residual,56051-56075,55681-57000,25,1,7,many_to_one_absorption,multiple prior segments overlap one wider-constitution segment
25,40,179,55,residual,residual,56076-56125,55681-57000,50,1,7,many_to_one_absorption,multiple prior segments overlap one wider-constitution segment
25,40,180,55,stable,residual,56126-56150,55681-57000,25,1,7,many_to_one_absorption,multiple prior segments overlap one wider-constitution segment
25,40,181,55,residual,residual,56151-56600,55681-57000,450,1,7,many_to_one_absorption,multiple prior segments overlap one wider-constitution segment
25,40,182,55,stable,residual,56601-56625,55681-57000,25,1,7,many_to_one_absorption,multiple prior segments overlap one wider-constitution segment
25,40,183,55,residual,residual,56626-57000,55681-57000,375,1,7,many_to_one_absorption,multiple prior segments overlap one wider-constitution segment
25,40,184,57,stable,residual,57001-57050,57041-57960,10,2,7,many_to_one_absorption,multiple prior segments overlap one wider-constitution segment
25,40,185,57,residual,residual,57051-57200,57041-57960,150,1,7,many_to_one_absorption,multiple prior segments overlap one wider-constitution segment
25,40,186,57,stable,residual,57201-57225,57041-57960,25,1,7,many_to_one_absorption,multiple prior segments overlap one wider-constitution segment
25,40,187,57,residual,residual,57226-57575,57041-57960,350,1,7,many_to_one_absorption,multiple prior segments overlap one wider-constitution segment
25,40,188,57,stable,residual,57576-57600,57041-57960,25,1,7,many_to_one_absorption,multiple prior segments overlap one wider-constitution segment
25,40,189,57,residual,residual,57601-57950,57041-57960,350,1,7,many_to_one_absorption,multiple prior segments overlap one wider-constitution segment
25,40,190,57,stable,residual,57951-57975,57041-57960,10,2,7,many_to_one_absorption,multiple prior segments overlap one wider-constitution segment
25,40,190,58,stable,stable,57951-57975,57961-58000,15,2,2,many_to_one_absorption,multiple prior segments overlap one wider-constitution segment
25,40,191,58,residual,stable,57976-58450,57961-58000,25,3,2,many_to_one_absorption,multiple prior segments overlap one wider-constitution segment
25,40,191,60,residual,stable,57976-58450,58441-58480,10,3,3,many_to_one_absorption,multiple prior segments overlap one wider-constitution segment
25,40,192,60,stable,stable,58451-58475,58441-58480,25,1,3,many_to_one_absorption,multiple prior segments overlap one wider-constitution segment
25,40,193,60,residual,stable,58476-59100,58441-58480,5,2,3,many_to_one_absorption,multiple prior segments overlap one wider-constitution segment
25,40,193,61,residual,residual,58476-59100,58481-59280,620,2,3,many_to_one_absorption,multiple prior segments overlap one wider-constitution segment
25,40,194,61,stable,residual,59101-59125,58481-59280,25,1,3,many_to_one_absorption,multiple prior segments overlap one wider-constitution segment
25,40,195,61,residual,residual,59126-59575,58481-59280,155,3,3,many_to_one_absorption,multiple prior segments overlap one wider-constitution segment
25,40,195,63,residual,residual,59126-59575,59321-60120,255,3,5,many_to_one_absorption,multiple prior segments overlap one wider-constitution segment
25,40,196,63,stable,residual,59576-59600,59321-60120,25,1,5,many_to_one_absorption,multiple prior segments overlap one wider-constitution segment
25,40,197,63,residual,residual,59601-59850,59321-60120,250,1,5,many_to_one_absorption,multiple prior segments overlap one wider-constitution segment
25,40,198,63,stable,residual,59851-59875,59321-60120,25,1,5,many_to_one_absorption,multiple prior segments overlap one wider-constitution segment
25,40,199,63,residual,residual,59876-60525,59321-60120,245,3,5,many_to_one_absorption,multiple prior segments overlap one wider-constitution segment
25,40,199,65,residual,residual,59876-60525,60161-61240,365,3,7,many_to_one_absorption,multiple prior segments overlap one wider-constitution segment
25,40,200,65,stable,residual,60526-60550,60161-61240,25,1,7,many_to_one_absorption,multiple prior segments overlap one wider-constitution segment
25,40,201,65,residual,residual,60551-60975,60161-61240,425,1,7,many_to_one_absorption,multiple prior segments overlap one wider-constitution segment
25,40,202,65,stable,residual,60976-61000,60161-61240,25,1,7,many_to_one_absorption,multiple prior segments overlap one wider-constitution segment
25,40,203,65,residual,residual,61001-61075,60161-61240,75,1,7,many_to_one_absorption,multiple prior segments overlap one wider-constitution segment
25,40,204,65,stable,residual,61076-61100,60161-61240,25,1,7,many_to_one_absorption,multiple prior segments overlap one wider-constitution segment
25,40,205,65,residual,residual,61101-61250,60161-61240,140,2,7,many_to_one_absorption,multiple prior segments overlap one wider-constitution segment
25,40,205,66,residual,stable,61101-61250,61241-61280,10,2,3,many_to_one_absorption,multiple prior segments overlap one wider-constitution segment
25,40,206,66,stable,stable,61251-61275,61241-61280,25,1,3,many_to_one_absorption,multiple prior segments overlap one wider-constitution segment
25,40,207,66,residual,stable,61276-61900,61241-61280,5,2,3,many_to_one_absorption,multiple prior segments overlap one wider-constitution segment
25,40,207,67,residual,residual,61276-61900,61281-62720,620,2,5,many_to_one_absorption,multiple prior segments overlap one wider-constitution segment
25,40,208,67,stable,residual,61901-61925,61281-62720,25,1,5,many_to_one_absorption,multiple prior segments overlap one wider-constitution segment
25,40,209,67,residual,residual,61926-62175,61281-62720,250,1,5,many_to_one_absorption,multiple prior segments overlap one wider-constitution segment
25,40,210,67,stable,residual,62176-62200,61281-62720,25,1,5,many_to_one_absorption,multiple prior segments overlap one wider-constitution segment
25,40,211,67,residual,residual,62201-63950,61281-62720,520,3,5,many_to_one_absorption,multiple prior segments overlap one wider-constitution segment
25,40,211,69,residual,residual,62201-63950,62761-64760,1190,3,9,many_to_one_absorption,multiple prior segments overlap one wider-constitution segment
25,40,212,69,stable,residual,63951-63975,62761-64760,25,1,9,many_to_one_absorption,multiple prior segments overlap one wider-constitution segment
25,40,213,69,residual,residual,63976-64225,62761-64760,250,1,9,many_to_one_absorption,multiple prior segments overlap one wider-constitution segment
25,40,214,69,stable,residual,64226-64250,62761-64760,25,1,9,many_to_one_absorption,multiple prior segments overlap one wider-constitution segment
25,40,215,69,residual,residual,64251-64325,62761-64760,75,1,9,many_to_one_absorption,multiple prior segments overlap one wider-constitution segment
25,40,216,69,stable,residual,64326-64350,62761-64760,25,1,9,many_to_one_absorption,multiple prior segments overlap one wider-constitution segment
25,40,217,69,residual,residual,64351-64500,62761-64760,150,1,9,many_to_one_absorption,multiple prior segments overlap one wider-constitution segment
25,40,218,69,stable,residual,64501-64525,62761-64760,25,1,9,many_to_one_absorption,multiple prior segments overlap one wider-constitution segment
25,40,219,69,residual,residual,64526-64775,62761-64760,235,2,9,many_to_one_absorption,multiple prior segments overlap one wider-constitution segment
25,40,219,70,residual,stable,64526-64775,64761-64800,15,2,2,many_to_one_absorption,multiple prior segments overlap one wider-constitution segment
25,40,220,70,stable,stable,64776-64800,64761-64800,25,1,2,many_to_one_absorption,multiple prior segments overlap one wider-constitution segment
25,40,221,71,residual,residual,64801-64975,64801-68360,175,1,17,many_to_one_absorption,multiple prior segments overlap one wider-constitution segment
25,40,222,71,stable,residual,64976-65000,64801-68360,25,1,17,many_to_one_absorption,multiple prior segments overlap one wider-constitution segment
25,40,223,71,residual,residual,65001-65250,64801-68360,250,1,17,many_to_one_absorption,multiple prior segments overlap one wider-constitution segment
25,40,224,71,stable,residual,65251-65275,64801-68360,25,1,17,many_to_one_absorption,multiple prior segments overlap one wider-constitution segment
25,40,225,71,residual,residual,65276-65350,64801-68360,75,1,17,many_to_one_absorption,multiple prior segments overlap one wider-constitution segment
25,40,226,71,stable,residual,65351-65375,64801-68360,25,1,17,many_to_one_absorption,multiple prior segments overlap one wider-constitution segment
25,40,227,71,residual,residual,65376-65825,64801-68360,450,1,17,many_to_one_absorption,multiple prior segments overlap one wider-constitution segment
25,40,228,71,stable,residual,65826-65850,64801-68360,25,1,17,many_to_one_absorption,multiple prior segments overlap one wider-constitution segment
25,40,229,71,residual,residual,65851-66300,64801-68360,450,1,17,many_to_one_absorption,multiple prior segments overlap one wider-constitution segment
25,40,230,71,stable,residual,66301-66325,64801-68360,25,1,17,many_to_one_absorption,multiple prior segments overlap one wider-constitution segment
25,40,231,71,residual,residual,66326-66600,64801-68360,275,1,17,many_to_one_absorption,multiple prior segments overlap one wider-constitution segment
25,40,232,71,stable,residual,66601-66625,64801-68360,25,1,17,many_to_one_absorption,multiple prior segments overlap one wider-constitution segment
25,40,233,71,residual,residual,66626-67250,64801-68360,625,1,17,many_to_one_absorption,multiple prior segments overlap one wider-constitution segment
25,40,234,71,stable,residual,67251-67275,64801-68360,25,1,17,many_to_one_absorption,multiple prior segments overlap one wider-constitution segment
25,40,235,71,residual,residual,67276-68100,64801-68360,825,1,17,many_to_one_absorption,multiple prior segments overlap one wider-constitution segment
25,40,236,71,stable,residual,68101-68125,64801-68360,25,1,17,many_to_one_absorption,multiple prior segments overlap one wider-constitution segment
25,40,237,71,residual,residual,68126-68375,64801-68360,235,2,17,many_to_one_absorption,multiple prior segments overlap one wider-constitution segment
25,40,237,72,residual,stable,68126-68375,68361-68400,15,2,2,many_to_one_absorption,multiple prior segments overlap one wider-constitution segment
25,40,238,72,stable,stable,68376-68400,68361-68400,25,1,2,many_to_one_absorption,multiple prior segments overlap one wider-constitution segment
25,40,239,73,residual,residual,68401-68675,68401-68680,275,1,2,many_to_one_absorption,multiple prior segments overlap one wider-constitution segment
25,40,240,73,stable,residual,68676-68725,68401-68680,5,3,2,many_to_one_absorption,multiple prior segments overlap one wider-constitution segment
25,40,240,75,stable,residual,68676-68725,68721-69360,5,3,6,many_to_one_absorption,multiple prior segments overlap one wider-constitution segment
25,40,241,75,residual,residual,68726-68875,68721-69360,150,1,6,many_to_one_absorption,multiple prior segments overlap one wider-constitution segment
25,40,242,75,stable,residual,68876-68900,68721-69360,25,1,6,many_to_one_absorption,multiple prior segments overlap one wider-constitution segment
25,40,243,75,residual,residual,68901-68975,68721-69360,75,1,6,many_to_one_absorption,multiple prior segments overlap one wider-constitution segment
25,40,244,75,stable,residual,68976-69000,68721-69360,25,1,6,many_to_one_absorption,multiple prior segments overlap one wider-constitution segment
25,40,245,75,residual,residual,69001-69650,68721-69360,360,3,6,many_to_one_absorption,multiple prior segments overlap one wider-constitution segment
25,40,245,77,residual,residual,69001-69650,69401-71840,250,3,13,many_to_one_absorption,multiple prior segments overlap one wider-constitution segment
25,40,246,77,stable,residual,69651-69675,69401-71840,25,1,13,many_to_one_absorption,multiple prior segments overlap one wider-constitution segment
25,40,247,77,residual,residual,69676-69925,69401-71840,250,1,13,many_to_one_absorption,multiple prior segments overlap one wider-constitution segment
25,40,248,77,stable,residual,69926-69950,69401-71840,25,1,13,many_to_one_absorption,multiple prior segments overlap one wider-constitution segment
25,40,249,77,residual,residual,69951-70000,69401-71840,50,1,13,many_to_one_absorption,multiple prior segments overlap one wider-constitution segment
25,40,250,77,stable,residual,70001-70025,69401-71840,25,1,13,many_to_one_absorption,multiple prior segments overlap one wider-constitution segment
25,40,251,77,residual,residual,70026-70100,69401-71840,75,1,13,many_to_one_absorption,multiple prior segments overlap one wider-constitution segment
25,40,252,77,stable,residual,70101-70125,69401-71840,25,1,13,many_to_one_absorption,multiple prior segments overlap one wider-constitution segment
25,40,253,77,residual,residual,70126-70475,69401-71840,350,1,13,many_to_one_absorption,multiple prior segments overlap one wider-constitution segment
25,40,254,77,stable,residual,70476-70500,69401-71840,25,1,13,many_to_one_absorption,multiple prior segments overlap one wider-constitution segment
25,40,255,77,residual,residual,70501-70750,69401-71840,250,1,13,many_to_one_absorption,multiple prior segments overlap one wider-constitution segment
25,40,256,77,stable,residual,70751-70775,69401-71840,25,1,13,many_to_one_absorption,multiple prior segments overlap one wider-constitution segment
25,40,257,77,residual,residual,70776-71950,69401-71840,1065,3,13,many_to_one_absorption,multiple prior segments overlap one wider-constitution segment
25,40,257,79,residual,residual,70776-71950,71881-71960,70,3,2,many_to_one_absorption,multiple prior segments overlap one wider-constitution segment
25,40,258,79,stable,residual,71951-71975,71881-71960,10,2,2,many_to_one_absorption,multiple prior segments overlap one wider-constitution segment
25,40,258,80,stable,stable,71951-71975,71961-72000,15,2,2,many_to_one_absorption,multiple prior segments overlap one wider-constitution segment
25,40,259,80,residual,stable,71976-72875,71961-72000,25,2,2,many_to_one_absorption,multiple prior segments overlap one wider-constitution segment
25,40,259,81,residual,residual,71976-72875,72001-72880,875,2,2,many_to_one_absorption,multiple prior segments overlap one wider-constitution segment
25,40,260,81,stable,residual,72876-72900,72001-72880,5,2,2,many_to_one_absorption,multiple prior segments overlap one wider-constitution segment
25,40,260,82,stable,stable,72876-72900,72881-72920,20,2,2,many_to_one_absorption,multiple prior segments overlap one wider-constitution segment
25,40,261,82,residual,stable,72901-73075,72881-72920,20,2,2,many_to_one_absorption,multiple prior segments overlap one wider-constitution segment
25,40,261,83,residual,residual,72901-73075,72921-73080,155,2,2,many_to_one_absorption,multiple prior segments overlap one wider-constitution segment
25,40,262,83,stable,residual,73076-73125,72921-73080,5,3,2,many_to_one_absorption,multiple prior segments overlap one wider-constitution segment
25,40,262,85,stable,residual,73076-73125,73121-73640,5,3,2,many_to_one_absorption,multiple prior segments overlap one wider-constitution segment
25,40,263,85,residual,residual,73126-73650,73121-73640,515,2,2,many_to_one_absorption,multiple prior segments overlap one wider-constitution segment
25,40,263,86,residual,stable,73126-73650,73641-73680,10,2,3,many_to_one_absorption,multiple prior segments overlap one wider-constitution segment
25,40,264,86,stable,stable,73651-73675,73641-73680,25,1,3,many_to_one_absorption,multiple prior segments overlap one wider-constitution segment
25,40,265,86,residual,stable,73676-74025,73641-73680,5,2,3,many_to_one_absorption,multiple prior segments overlap one wider-constitution segment
25,40,265,87,residual,residual,73676-74025,73681-74040,345,2,2,many_to_one_absorption,multiple prior segments overlap one wider-constitution segment
25,40,266,87,stable,residual,74026-74050,73681-74040,15,2,2,many_to_one_absorption,multiple prior segments overlap one wider-constitution segment
25,40,266,88,stable,stable,74026-74050,74041-74080,10,2,2,many_to_one_absorption,multiple prior segments overlap one wider-constitution segment
25,40,267,88,residual,stable,74051-75075,74041-74080,30,2,2,many_to_one_absorption,multiple prior segments overlap one wider-constitution segment
25,40,267,89,residual,residual,74051-75075,74081-75080,995,2,2,many_to_one_absorption,multiple prior segments overlap one wider-constitution segment
25,40,268,89,stable,residual,75076-75100,74081-75080,5,2,2,many_to_one_absorption,multiple prior segments overlap one wider-constitution segment
25,40,268,90,stable,stable,75076-75100,75081-75120,20,2,2,many_to_one_absorption,multiple prior segments overlap one wider-constitution segment
25,40,269,90,residual,stable,75101-77900,75081-75120,20,3,2,many_to_one_absorption,multiple prior segments overlap one wider-constitution segment
25,40,269,92,residual,stable,75101-77900,77881-77920,20,3,2,many_to_one_absorption,multiple prior segments overlap one wider-constitution segment
25,40,270,92,stable,stable,77901-77925,77881-77920,20,2,2,many_to_one_absorption,multiple prior segments overlap one wider-constitution segment
25,40,270,93,stable,residual,77901-77925,77921-80160,5,2,8,many_to_one_absorption,multiple prior segments overlap one wider-constitution segment
25,40,271,93,residual,residual,77926-78275,77921-80160,350,1,8,many_to_one_absorption,multiple prior segments overlap one wider-constitution segment
25,40,272,93,stable,residual,78276-78300,77921-80160,25,1,8,many_to_one_absorption,multiple prior segments overlap one wider-constitution segment
25,40,273,93,residual,residual,78301-78650,77921-80160,350,1,8,many_to_one_absorption,multiple prior segments overlap one wider-constitution segment
25,40,274,93,stable,residual,78651-78675,77921-80160,25,1,8,many_to_one_absorption,multiple prior segments overlap one wider-constitution segment
25,40,275,93,residual,residual,78676-79400,77921-80160,725,1,8,many_to_one_absorption,multiple prior segments overlap one wider-constitution segment
25,40,276,93,stable,residual,79401-79425,77921-80160,25,1,8,many_to_one_absorption,multiple prior segments overlap one wider-constitution segment
25,40,277,93,residual,residual,79426-80175,77921-80160,735,2,8,many_to_one_absorption,multiple prior segments overlap one wider-constitution segment
25,40,277,94,residual,stable,79426-80175,80161-80200,15,2,2,many_to_one_absorption,multiple prior segments overlap one wider-constitution segment
25,40,278,94,stable,stable,80176-80200,80161-80200,25,1,2,many_to_one_absorption,multiple prior segments overlap one wider-constitution segment
25,40,279,95,residual,residual,80201-80650,80201-81400,450,1,5,many_to_one_absorption,multiple prior segments overlap one wider-constitution segment
25,40,280,95,stable,residual,80651-80675,80201-81400,25,1,5,many_to_one_absorption,multiple prior segments overlap one wider-constitution segment
25,40,281,95,residual,residual,80676-80850,80201-81400,175,1,5,many_to_one_absorption,multiple prior segments overlap one wider-constitution segment
25,40,282,95,stable,residual,80851-80875,80201-81400,25,1,5,many_to_one_absorption,multiple prior segments overlap one wider-constitution segment
25,40,283,95,residual,residual,80876-81400,80201-81400,525,1,5,many_to_one_absorption,multiple prior segments overlap one wider-constitution segment
25,40,284,96,stable,stable,81401-81425,81401-81440,25,1,2,many_to_one_absorption,multiple prior segments overlap one wider-constitution segment
25,40,285,96,residual,stable,81426-81500,81401-81440,15,2,2,many_to_one_absorption,multiple prior segments overlap one wider-constitution segment
25,40,285,97,residual,residual,81426-81500,81441-83800,60,2,15,many_to_one_absorption,multiple prior segments overlap one wider-constitution segment
25,40,286,97,stable,residual,81501-81525,81441-83800,25,1,15,many_to_one_absorption,multiple prior segments overlap one wider-constitution segment
25,40,287,97,residual,residual,81526-81700,81441-83800,175,1,15,many_to_one_absorption,multiple prior segments overlap one wider-constitution segment
25,40,288,97,stable,residual,81701-81725,81441-83800,25,1,15,many_to_one_absorption,multiple prior segments overlap one wider-constitution segment
25,40,289,97,residual,residual,81726-81800,81441-83800,75,1,15,many_to_one_absorption,multiple prior segments overlap one wider-constitution segment
25,40,290,97,stable,residual,81801-81825,81441-83800,25,1,15,many_to_one_absorption,multiple prior segments overlap one wider-constitution segment
25,40,291,97,residual,residual,81826-82875,81441-83800,1050,1,15,many_to_one_absorption,multiple prior segments overlap one wider-constitution segment
25,40,292,97,stable,residual,82876-82900,81441-83800,25,1,15,many_to_one_absorption,multiple prior segments overlap one wider-constitution segment
25,40,293,97,residual,residual,82901-82975,81441-83800,75,1,15,many_to_one_absorption,multiple prior segments overlap one wider-constitution segment
25,40,294,97,stable,residual,82976-83000,81441-83800,25,1,15,many_to_one_absorption,multiple prior segments overlap one wider-constitution segment
25,40,295,97,residual,residual,83001-83250,81441-83800,250,1,15,many_to_one_absorption,multiple prior segments overlap one wider-constitution segment
25,40,296,97,stable,residual,83251-83275,81441-83800,25,1,15,many_to_one_absorption,multiple prior segments overlap one wider-constitution segment
25,40,297,97,residual,residual,83276-83525,81441-83800,250,1,15,many_to_one_absorption,multiple prior segments overlap one wider-constitution segment
25,40,298,97,stable,residual,83526-83550,81441-83800,25,1,15,many_to_one_absorption,multiple prior segments overlap one wider-constitution segment
25,40,299,97,residual,residual,83551-84375,81441-83800,250,5,15,many_to_one_absorption,multiple prior segments overlap one wider-constitution segment
25,40,299,101,residual,residual,83551-84375,84241-87000,135,5,19,many_to_one_absorption,multiple prior segments overlap one wider-constitution segment
25,40,300,101,stable,residual,84376-84400,84241-87000,25,1,19,many_to_one_absorption,multiple prior segments overlap one wider-constitution segment
25,40,301,101,residual,residual,84401-84650,84241-87000,250,1,19,many_to_one_absorption,multiple prior segments overlap one wider-constitution segment
25,40,302,101,stable,residual,84651-84675,84241-87000,25,1,19,many_to_one_absorption,multiple prior segments overlap one wider-constitution segment
25,40,303,101,residual,residual,84676-84850,84241-87000,175,1,19,many_to_one_absorption,multiple prior segments overlap one wider-constitution segment
25,40,304,101,stable,residual,84851-84875,84241-87000,25,1,19,many_to_one_absorption,multiple prior segments overlap one wider-constitution segment
25,40,305,101,residual,residual,84876-84950,84241-87000,75,1,19,many_to_one_absorption,multiple prior segments overlap one wider-constitution segment
25,40,306,101,stable,residual,84951-84975,84241-87000,25,1,19,many_to_one_absorption,multiple prior segments overlap one wider-constitution segment
25,40,307,101,residual,residual,84976-85350,84241-87000,375,1,19,many_to_one_absorption,multiple prior segments overlap one wider-constitution segment
25,40,308,101,stable,residual,85351-85375,84241-87000,25,1,19,many_to_one_absorption,multiple prior segments overlap one wider-constitution segment
25,40,309,101,residual,residual,85376-85625,84241-87000,250,1,19,many_to_one_absorption,multiple prior segments overlap one wider-constitution segment
25,40,310,101,stable,residual,85626-85650,84241-87000,25,1,19,many_to_one_absorption,multiple prior segments overlap one wider-constitution segment
25,40,311,101,residual,residual,85651-85800,84241-87000,150,1,19,many_to_one_absorption,multiple prior segments overlap one wider-constitution segment
25,40,312,101,stable,residual,85801-85825,84241-87000,25,1,19,many_to_one_absorption,multiple prior segments overlap one wider-constitution segment
25,40,313,101,residual,residual,85826-85900,84241-87000,75,1,19,many_to_one_absorption,multiple prior segments overlap one wider-constitution segment
25,40,314,101,stable,residual,85901-85925,84241-87000,25,1,19,many_to_one_absorption,multiple prior segments overlap one wider-constitution segment
25,40,315,101,residual,residual,85926-86725,84241-87000,800,1,19,many_to_one_absorption,multiple prior segments overlap one wider-constitution segment
25,40,316,101,stable,residual,86726-86750,84241-87000,25,1,19,many_to_one_absorption,multiple prior segments overlap one wider-constitution segment
25,40,317,101,residual,residual,86751-87025,84241-87000,250,2,19,many_to_one_absorption,multiple prior segments overlap one wider-constitution segment
25,40,317,102,residual,stable,86751-87025,87001-87040,25,2,2,many_to_one_absorption,multiple prior segments overlap one wider-constitution segment
25,40,318,102,stable,stable,87026-87050,87001-87040,15,2,2,many_to_one_absorption,multiple prior segments overlap one wider-constitution segment
25,40,318,103,stable,residual,87026-87050,87041-87400,10,2,2,many_to_one_absorption,multiple prior segments overlap one wider-constitution segment
25,40,319,103,residual,residual,87051-87675,87041-87400,350,3,2,many_to_one_absorption,multiple prior segments overlap one wider-constitution segment
25,40,319,105,residual,residual,87051-87675,87441-87680,235,3,2,many_to_one_absorption,multiple prior segments overlap one wider-constitution segment
25,40,320,105,stable,residual,87676-87700,87441-87680,5,2,2,many_to_one_absorption,multiple prior segments overlap one wider-constitution segment
25,40,320,106,stable,stable,87676-87700,87681-87720,20,2,2,many_to_one_absorption,multiple prior segments overlap one wider-constitution segment
25,40,321,106,residual,stable,87701-88250,87681-87720,20,4,2,many_to_one_absorption,multiple prior segments overlap one wider-constitution segment
25,40,321,109,residual,residual,87701-88250,88001-88520,250,4,3,many_to_one_absorption,multiple prior segments overlap one wider-constitution segment
25,40,322,109,stable,residual,88251-88275,88001-88520,25,1,3,many_to_one_absorption,multiple prior segments overlap one wider-constitution segment
25,40,323,109,residual,residual,88276-89575,88001-88520,245,5,3,many_to_one_absorption,multiple prior segments overlap one wider-constitution segment
25,40,323,113,residual,residual,88276-89575,89241-92280,335,5,8,many_to_one_absorption,multiple prior segments overlap one wider-constitution segment
25,40,324,113,stable,residual,89576-89600,89241-92280,25,1,8,many_to_one_absorption,multiple prior segments overlap one wider-constitution segment
25,40,325,113,residual,residual,89601-91550,89241-92280,1950,1,8,many_to_one_absorption,multiple prior segments overlap one wider-constitution segment
25,40,326,113,stable,residual,91551-91575,89241-92280,25,1,8,many_to_one_absorption,multiple prior segments overlap one wider-constitution segment
25,40,327,113,residual,residual,91576-91625,89241-92280,50,1,8,many_to_one_absorption,multiple prior segments overlap one wider-constitution segment
25,40,328,113,stable,residual,91626-91650,89241-92280,25,1,8,many_to_one_absorption,multiple prior segments overlap one wider-constitution segment
25,40,329,113,residual,residual,91651-92275,89241-92280,625,1,8,many_to_one_absorption,multiple prior segments overlap one wider-constitution segment
25,40,330,113,stable,residual,92276-92300,89241-92280,5,2,8,many_to_one_absorption,multiple prior segments overlap one wider-constitution segment
25,40,330,114,stable,stable,92276-92300,92281-92320,20,2,2,many_to_one_absorption,multiple prior segments overlap one wider-constitution segment
25,40,331,114,residual,stable,92301-92850,92281-92320,20,2,2,many_to_one_absorption,multiple prior segments overlap one wider-constitution segment
25,40,331,115,residual,residual,92301-92850,92321-93320,530,2,7,many_to_one_absorption,multiple prior segments overlap one wider-constitution segment
25,40,332,115,stable,residual,92851-92875,92321-93320,25,1,7,many_to_one_absorption,multiple prior segments overlap one wider-constitution segment
25,40,333,115,residual,residual,92876-93125,92321-93320,250,1,7,many_to_one_absorption,multiple prior segments overlap one wider-constitution segment
25,40,334,115,stable,residual,93126-93150,92321-93320,25,1,7,many_to_one_absorption,multiple prior segments overlap one wider-constitution segment
25,40,335,115,residual,residual,93151-93225,92321-93320,75,1,7,many_to_one_absorption,multiple prior segments overlap one wider-constitution segment
25,40,336,115,stable,residual,93226-93250,92321-93320,25,1,7,many_to_one_absorption,multiple prior segments overlap one wider-constitution segment
25,40,337,115,residual,residual,93251-93425,92321-93320,70,3,7,many_to_one_absorption,multiple prior segments overlap one wider-constitution segment
25,40,337,117,residual,residual,93251-93425,93361-94760,65,3,3,many_to_one_absorption,multiple prior segments overlap one wider-constitution segment
25,40,338,117,stable,residual,93426-93450,93361-94760,25,1,3,many_to_one_absorption,multiple prior segments overlap one wider-constitution segment
25,40,339,117,residual,residual,93451-94775,93361-94760,1310,2,3,many_to_one_absorption,multiple prior segments overlap one wider-constitution segment
25,40,339,118,residual,stable,93451-94775,94761-94800,15,2,2,many_to_one_absorption,multiple prior segments overlap one wider-constitution segment
25,40,340,118,stable,stable,94776-94800,94761-94800,25,1,2,many_to_one_absorption,multiple prior segments overlap one wider-constitution segment
25,40,341,121,residual,residual,94801-95700,95361-99440,340,3,13,many_to_one_absorption,multiple prior segments overlap one wider-constitution segment
25,40,342,121,stable,residual,95701-95725,95361-99440,25,1,13,many_to_one_absorption,multiple prior segments overlap one wider-constitution segment
25,40,343,121,residual,residual,95726-96075,95361-99440,350,1,13,many_to_one_absorption,multiple prior segments overlap one wider-constitution segment
25,40,344,121,stable,residual,96076-96100,95361-99440,25,1,13,many_to_one_absorption,multiple prior segments overlap one wider-constitution segment
25,40,345,121,residual,residual,96101-96350,95361-99440,250,1,13,many_to_one_absorption,multiple prior segments overlap one wider-constitution segment
25,40,346,121,stable,residual,96351-96375,95361-99440,25,1,13,many_to_one_absorption,multiple prior segments overlap one wider-constitution segment
25,40,347,121,residual,residual,96376-97450,95361-99440,1075,1,13,many_to_one_absorption,multiple prior segments overlap one wider-constitution segment
25,40,348,121,stable,residual,97451-97475,95361-99440,25,1,13,many_to_one_absorption,multiple prior segments overlap one wider-constitution segment
25,40,349,121,residual,residual,97476-97650,95361-99440,175,1,13,many_to_one_absorption,multiple prior segments overlap one wider-constitution segment
25,40,350,121,stable,residual,97651-97675,95361-99440,25,1,13,many_to_one_absorption,multiple prior segments overlap one wider-constitution segment
25,40,351,121,residual,residual,97676-98500,95361-99440,825,1,13,many_to_one_absorption,multiple prior segments overlap one wider-constitution segment
25,40,352,121,stable,residual,98501-98525,95361-99440,25,1,13,many_to_one_absorption,multiple prior segments overlap one wider-constitution segment
25,40,353,121,residual,residual,98526-100175,95361-99440,915,3,13,many_to_one_absorption,multiple prior segments overlap one wider-constitution segment
25,40,353,123,residual,residual,98526-100175,99481-104120,695,3,13,many_to_one_absorption,multiple prior segments overlap one wider-constitution segment
25,40,354,123,stable,residual,100176-100200,99481-104120,25,1,13,many_to_one_absorption,multiple prior segments overlap one wider-constitution segment
25,40,355,123,residual,residual,100201-100475,99481-104120,275,1,13,many_to_one_absorption,multiple prior segments overlap one wider-constitution segment
25,40,356,123,stable,residual,100476-100500,99481-104120,25,1,13,many_to_one_absorption,multiple prior segments overlap one wider-constitution segment
25,40,357,123,residual,residual,100501-100750,99481-104120,250,1,13,many_to_one_absorption,multiple prior segments overlap one wider-constitution segment
25,40,358,123,stable,residual,100751-100775,99481-104120,25,1,13,many_to_one_absorption,multiple prior segments overlap one wider-constitution segment
25,40,359,123,residual,residual,100776-101600,99481-104120,825,1,13,many_to_one_absorption,multiple prior segments overlap one wider-constitution segment
25,40,360,123,stable,residual,101601-101625,99481-104120,25,1,13,many_to_one_absorption,multiple prior segments overlap one wider-constitution segment
25,40,361,123,residual,residual,101626-103550,99481-104120,1925,1,13,many_to_one_absorption,multiple prior segments overlap one wider-constitution segment
25,40,362,123,stable,residual,103551-103575,99481-104120,25,1,13,many_to_one_absorption,multiple prior segments overlap one wider-constitution segment
25,40,363,123,residual,residual,103576-103825,99481-104120,250,1,13,many_to_one_absorption,multiple prior segments overlap one wider-constitution segment
25,40,364,123,stable,residual,103826-103850,99481-104120,25,1,13,many_to_one_absorption,multiple prior segments overlap one wider-constitution segment
25,40,365,123,residual,residual,103851-104125,99481-104120,270,2,13,many_to_one_absorption,multiple prior segments overlap one wider-constitution segment
25,40,365,124,residual,stable,103851-104125,104121-104160,5,2,3,many_to_one_absorption,multiple prior segments overlap one wider-constitution segment
25,40,366,124,stable,stable,104126-104150,104121-104160,25,1,3,many_to_one_absorption,multiple prior segments overlap one wider-constitution segment
25,40,367,124,residual,stable,104151-104400,104121-104160,10,2,3,many_to_one_absorption,multiple prior segments overlap one wider-constitution segment
25,40,367,125,residual,residual,104151-104400,104161-106680,240,2,11,many_to_one_absorption,multiple prior segments overlap one wider-constitution segment
25,40,368,125,stable,residual,104401-104425,104161-106680,25,1,11,many_to_one_absorption,multiple prior segments overlap one wider-constitution segment
25,40,369,125,residual,residual,104426-105600,104161-106680,1175,1,11,many_to_one_absorption,multiple prior segments overlap one wider-constitution segment
25,40,370,125,stable,residual,105601-105625,104161-106680,25,1,11,many_to_one_absorption,multiple prior segments overlap one wider-constitution segment
25,40,371,125,residual,residual,105626-105875,104161-106680,250,1,11,many_to_one_absorption,multiple prior segments overlap one wider-constitution segment
25,40,372,125,stable,residual,105876-105900,104161-106680,25,1,11,many_to_one_absorption,multiple prior segments overlap one wider-constitution segment
25,40,373,125,residual,residual,105901-106150,104161-106680,250,1,11,many_to_one_absorption,multiple prior segments overlap one wider-constitution segment
25,40,374,125,stable,residual,106151-106175,104161-106680,25,1,11,many_to_one_absorption,multiple prior segments overlap one wider-constitution segment
25,40,375,125,residual,residual,106176-106425,104161-106680,250,1,11,many_to_one_absorption,multiple prior segments overlap one wider-constitution segment
25,40,376,125,stable,residual,106426-106450,104161-106680,25,1,11,many_to_one_absorption,multiple prior segments overlap one wider-constitution segment
25,40,377,125,residual,residual,106451-106700,104161-106680,230,2,11,many_to_one_absorption,multiple prior segments overlap one wider-constitution segment
25,40,377,126,residual,stable,106451-106700,106681-106720,20,2,2,many_to_one_absorption,multiple prior segments overlap one wider-constitution segment
25,40,378,126,stable,stable,106701-106725,106681-106720,20,2,2,many_to_one_absorption,multiple prior segments overlap one wider-constitution segment
25,40,378,127,stable,residual,106701-106725,106721-111240,5,2,22,many_to_one_absorption,multiple prior segments overlap one wider-constitution segment
25,40,379,127,residual,residual,106726-107275,106721-111240,550,1,22,many_to_one_absorption,multiple prior segments overlap one wider-constitution segment
25,40,380,127,stable,residual,107276-107300,106721-111240,25,1,22,many_to_one_absorption,multiple prior segments overlap one wider-constitution segment
25,40,381,127,residual,residual,107301-107650,106721-111240,350,1,22,many_to_one_absorption,multiple prior segments overlap one wider-constitution segment
25,40,382,127,stable,residual,107651-107700,106721-111240,50,1,22,many_to_one_absorption,multiple prior segments overlap one wider-constitution segment
25,40,383,127,residual,residual,107701-108225,106721-111240,525,1,22,many_to_one_absorption,multiple prior segments overlap one wider-constitution segment
25,40,384,127,stable,residual,108226-108250,106721-111240,25,1,22,many_to_one_absorption,multiple prior segments overlap one wider-constitution segment
25,40,385,127,residual,residual,108251-108500,106721-111240,250,1,22,many_to_one_absorption,multiple prior segments overlap one wider-constitution segment
25,40,386,127,stable,residual,108501-108525,106721-111240,25,1,22,many_to_one_absorption,multiple prior segments overlap one wider-constitution segment
25,40,387,127,residual,residual,108526-108700,106721-111240,175,1,22,many_to_one_absorption,multiple prior segments overlap one wider-constitution segment
25,40,388,127,stable,residual,108701-108725,106721-111240,25,1,22,many_to_one_absorption,multiple prior segments overlap one wider-constitution segment
25,40,389,127,residual,residual,108726-109075,106721-111240,350,1,22,many_to_one_absorption,multiple prior segments overlap one wider-constitution segment
25,40,390,127,stable,residual,109076-109100,106721-111240,25,1,22,many_to_one_absorption,multiple prior segments overlap one wider-constitution segment
25,40,391,127,residual,residual,109101-110300,106721-111240,1200,1,22,many_to_one_absorption,multiple prior segments overlap one wider-constitution segment
25,40,392,127,stable,residual,110301-110325,106721-111240,25,1,22,many_to_one_absorption,multiple prior segments overlap one wider-constitution segment
25,40,393,127,residual,residual,110326-110575,106721-111240,250,1,22,many_to_one_absorption,multiple prior segments overlap one wider-constitution segment
25,40,394,127,stable,residual,110576-110600,106721-111240,25,1,22,many_to_one_absorption,multiple prior segments overlap one wider-constitution segment
25,40,395,127,residual,residual,110601-110775,106721-111240,175,1,22,many_to_one_absorption,multiple prior segments overlap one wider-constitution segment
25,40,396,127,stable,residual,110776-110800,106721-111240,25,1,22,many_to_one_absorption,multiple prior segments overlap one wider-constitution segment
25,40,397,127,residual,residual,110801-111050,106721-111240,250,1,22,many_to_one_absorption,multiple prior segments overlap one wider-constitution segment
25,40,398,127,stable,residual,111051-111075,106721-111240,25,1,22,many_to_one_absorption,multiple prior segments overlap one wider-constitution segment
25,40,399,127,residual,residual,111076-111900,106721-111240,165,3,22,many_to_one_absorption,multiple prior segments overlap one wider-constitution segment
25,40,399,129,residual,residual,111076-111900,111281-112000,620,3,3,many_to_one_absorption,multiple prior segments overlap one wider-constitution segment
25,40,400,129,stable,residual,111901-111925,111281-112000,25,1,3,many_to_one_absorption,multiple prior segments overlap one wider-constitution segment
25,40,401,129,residual,residual,111926-112000,111281-112000,75,1,3,many_to_one_absorption,multiple prior segments overlap one wider-constitution segment
25,40,402,130,stable,stable,112001-112025,112001-112040,25,1,2,many_to_one_absorption,multiple prior segments overlap one wider-constitution segment
25,40,403,130,residual,stable,112026-112375,112001-112040,15,2,2,many_to_one_absorption,multiple prior segments overlap one wider-constitution segment
25,40,403,131,residual,residual,112026-112375,112041-113800,335,2,9,many_to_one_absorption,multiple prior segments overlap one wider-constitution segment
25,40,404,131,stable,residual,112376-112400,112041-113800,25,1,9,many_to_one_absorption,multiple prior segments overlap one wider-constitution segment
25,40,405,131,residual,residual,112401-112575,112041-113800,175,1,9,many_to_one_absorption,multiple prior segments overlap one wider-constitution segment
25,40,406,131,stable,residual,112576-112600,112041-113800,25,1,9,many_to_one_absorption,multiple prior segments overlap one wider-constitution segment
25,40,407,131,residual,residual,112601-112850,112041-113800,250,1,9,many_to_one_absorption,multiple prior segments overlap one wider-constitution segment
25,40,408,131,stable,residual,112851-112875,112041-113800,25,1,9,many_to_one_absorption,multiple prior segments overlap one wider-constitution segment
25,40,409,131,residual,residual,112876-113325,112041-113800,450,1,9,many_to_one_absorption,multiple prior segments overlap one wider-constitution segment
25,40,410,131,stable,residual,113326-113350,112041-113800,25,1,9,many_to_one_absorption,multiple prior segments overlap one wider-constitution segment
25,40,411,131,residual,residual,113351-113800,112041-113800,450,1,9,many_to_one_absorption,multiple prior segments overlap one wider-constitution segment
25,40,412,132,stable,stable,113801-113825,113801-113840,25,1,2,many_to_one_absorption,multiple prior segments overlap one wider-constitution segment
25,40,413,132,residual,stable,113826-114175,113801-113840,15,2,2,many_to_one_absorption,multiple prior segments overlap one wider-constitution segment
25,40,413,133,residual,residual,113826-114175,113841-114440,335,2,3,many_to_one_absorption,multiple prior segments overlap one wider-constitution segment
25,40,414,133,stable,residual,114176-114200,113841-114440,25,1,3,many_to_one_absorption,multiple prior segments overlap one wider-constitution segment
25,40,415,133,residual,residual,114201-114450,113841-114440,240,2,3,many_to_one_absorption,multiple prior segments overlap one wider-constitution segment
25,40,415,134,residual,stable,114201-114450,114441-114480,10,2,3,many_to_one_absorption,multiple prior segments overlap one wider-constitution segment
25,40,416,134,stable,stable,114451-114475,114441-114480,25,1,3,many_to_one_absorption,multiple prior segments overlap one wider-constitution segment
25,40,417,134,residual,stable,114476-115100,114441-114480,5,2,3,many_to_one_absorption,multiple prior segments overlap one wider-constitution segment
25,40,417,135,residual,residual,114476-115100,114481-115120,620,2,2,many_to_one_absorption,multiple prior segments overlap one wider-constitution segment
25,40,418,135,stable,residual,115101-115150,114481-115120,20,2,2,many_to_one_absorption,multiple prior segments overlap one wider-constitution segment
25,40,418,136,stable,stable,115101-115150,115121-115160,30,2,2,many_to_one_absorption,multiple prior segments overlap one wider-constitution segment
25,40,419,136,residual,stable,115151-116225,115121-115160,10,2,2,many_to_one_absorption,multiple prior segments overlap one wider-constitution segment
25,40,419,137,residual,residual,115151-116225,115161-118640,1065,2,9,many_to_one_absorption,multiple prior segments overlap one wider-constitution segment
25,40,420,137,stable,residual,116226-116250,115161-118640,25,1,9,many_to_one_absorption,multiple prior segments overlap one wider-constitution segment
25,40,421,137,residual,residual,116251-116700,115161-118640,450,1,9,many_to_one_absorption,multiple prior segments overlap one wider-constitution segment
25,40,422,137,stable,residual,116701-116725,115161-118640,25,1,9,many_to_one_absorption,multiple prior segments overlap one wider-constitution segment
25,40,423,137,residual,residual,116726-116900,115161-118640,175,1,9,many_to_one_absorption,multiple prior segments overlap one wider-constitution segment
25,40,424,137,stable,residual,116901-116925,115161-118640,25,1,9,many_to_one_absorption,multiple prior segments overlap one wider-constitution segment
25,40,425,137,residual,residual,116926-117900,115161-118640,975,1,9,many_to_one_absorption,multiple prior segments overlap one wider-constitution segment
25,40,426,137,stable,residual,117901-117925,115161-118640,25,1,9,many_to_one_absorption,multiple prior segments overlap one wider-constitution segment
25,40,427,137,residual,residual,117926-119100,115161-118640,715,3,9,many_to_one_absorption,multiple prior segments overlap one wider-constitution segment
25,40,427,139,residual,residual,117926-119100,118681-120320,420,3,7,many_to_one_absorption,multiple prior segments overlap one wider-constitution segment
25,40,428,139,stable,residual,119101-119125,118681-120320,25,1,7,many_to_one_absorption,multiple prior segments overlap one wider-constitution segment
25,40,429,139,residual,residual,119126-119300,118681-120320,175,1,7,many_to_one_absorption,multiple prior segments overlap one wider-constitution segment
25,40,430,139,stable,residual,119301-119325,118681-120320,25,1,7,many_to_one_absorption,multiple prior segments overlap one wider-constitution segment
25,40,431,139,residual,residual,119326-119500,118681-120320,175,1,7,many_to_one_absorption,multiple prior segments overlap one wider-constitution segment
25,40,432,139,stable,residual,119501-119525,118681-120320,25,1,7,many_to_one_absorption,multiple prior segments overlap one wider-constitution segment
25,40,433,139,residual,residual,119526-121175,118681-120320,795,3,7,many_to_one_absorption,multiple prior segments overlap one wider-constitution segment
25,40,433,141,residual,residual,119526-121175,120361-123360,815,3,7,many_to_one_absorption,multiple prior segments overlap one wider-constitution segment
25,40,434,141,stable,residual,121176-121200,120361-123360,25,1,7,many_to_one_absorption,multiple prior segments overlap one wider-constitution segment
25,40,435,141,residual,residual,121201-121825,120361-123360,625,1,7,many_to_one_absorption,multiple prior segments overlap one wider-constitution segment
25,40,436,141,stable,residual,121826-121850,120361-123360,25,1,7,many_to_one_absorption,multiple prior segments overlap one wider-constitution segment
25,40,437,141,residual,residual,121851-123050,120361-123360,1200,1,7,many_to_one_absorption,multiple prior segments overlap one wider-constitution segment
25,40,438,141,stable,residual,123051-123075,120361-123360,25,1,7,many_to_one_absorption,multiple prior segments overlap one wider-constitution segment
25,40,439,141,residual,residual,123076-123375,120361-123360,285,2,7,many_to_one_absorption,multiple prior segments overlap one wider-constitution segment
25,40,439,142,residual,stable,123076-123375,123361-137074,15,1,1,recolored_overlap,observer-side overlap relation under adjacent constitution transition
25,40,440,142,stable,stable,123376-137074,123361-137074,13699,1,1,one_to_one_continuation,observer-side overlap relation under adjacent constitution transition
40,50,5,1,residual,residual,3081-4560,1-3700,620,3,5,one_to_many_split,one prior segment overlaps multiple wider-constitution segments
40,50,5,2,residual,stable,3081-4560,3701-3750,50,3,1,one_to_many_split,one prior segment overlaps multiple wider-constitution segments
40,50,5,3,residual,residual,3081-4560,3751-7200,810,3,5,one_to_many_split,one prior segment overlaps multiple wider-constitution segments
40,50,9,3,residual,residual,5161-8240,3751-7200,2040,3,5,one_to_many_split,one prior segment overlaps multiple wider-constitution segments
40,50,9,4,residual,stable,5161-8240,7201-7250,50,3,1,one_to_many_split,one prior segment overlaps multiple wider-constitution segments
40,50,9,5,residual,residual,5161-8240,7251-9650,990,3,4,one_to_many_split,one prior segment overlaps multiple wider-constitution segments
40,50,12,5,stable,residual,9641-9680,7251-9650,10,2,4,one_to_many_split,one prior segment overlaps multiple wider-constitution segments
40,50,12,6,stable,stable,9641-9680,9651-9700,30,2,2,one_to_many_split,one prior segment overlaps multiple wider-constitution segments
40,50,13,6,residual,stable,9681-10120,9651-9700,20,3,2,one_to_many_split,one prior segment overlaps multiple wider-constitution segments
40,50,13,7,residual,residual,9681-10120,9701-10100,400,3,1,one_to_many_split,one prior segment overlaps multiple wider-constitution segments
40,50,13,8,residual,stable,9681-10120,10101-10150,20,3,2,one_to_many_split,one prior segment overlaps multiple wider-constitution segments
40,50,14,8,stable,stable,10121-10160,10101-10150,30,2,2,one_to_many_split,one prior segment overlaps multiple wider-constitution segments
40,50,14,9,stable,residual,10121-10160,10151-17650,10,2,9,one_to_many_split,one prior segment overlaps multiple wider-constitution segments
40,50,22,9,stable,residual,17641-17680,10151-17650,10,2,9,one_to_many_split,one prior segment overlaps multiple wider-constitution segments
40,50,22,10,stable,stable,17641-17680,17651-17700,30,2,2,one_to_many_split,one prior segment overlaps multiple wider-constitution segments
40,50,23,10,residual,stable,17681-18760,17651-17700,20,2,2,one_to_many_split,one prior segment overlaps multiple wider-constitution segments
40,50,23,11,residual,residual,17681-18760,17701-19400,1060,2,3,one_to_many_split,one prior segment overlaps multiple wider-constitution segments
40,50,25,11,residual,residual,18801-19720,17701-19400,600,4,3,one_to_many_split,one prior segment overlaps multiple wider-constitution segments
40,50,25,12,residual,stable,18801-19720,19401-19450,50,4,1,one_to_many_split,one prior segment overlaps multiple wider-constitution segments
40,50,25,13,residual,residual,18801-19720,19451-19700,250,4,1,one_to_many_split,one prior segment overlaps multiple wider-constitution segments
40,50,25,14,residual,stable,18801-19720,19701-19750,20,4,2,one_to_many_split,one prior segment overlaps multiple wider-constitution segments
40,50,26,14,stable,stable,19721-19760,19701-19750,30,2,2,one_to_many_split,one prior segment overlaps multiple wider-constitution segments
40,50,26,15,stable,residual,19721-19760,19751-24400,10,2,2,one_to_many_split,one prior segment overlaps multiple wider-constitution segments
40,50,27,15,residual,residual,19761-29880,19751-24400,4640,3,2,one_to_many_split,one prior segment overlaps multiple wider-constitution segments
40,50,27,16,residual,stable,19761-29880,24401-24450,50,3,1,one_to_many_split,one prior segment overlaps multiple wider-constitution segments
40,50,27,17,residual,residual,19761-29880,24451-34800,5430,3,9,one_to_many_split,one prior segment overlaps multiple wider-constitution segments
40,50,37,18,residual,stable,34841-37000,34801-34850,10,2,2,one_to_many_split,one prior segment overlaps multiple wider-constitution segments
40,50,37,19,residual,residual,34841-37000,34851-37000,2150,2,1,one_to_many_split,one prior segment overlaps multiple wider-constitution segments
40,50,39,20,residual,stable,37041-41280,37001-37050,10,2,2,one_to_many_split,one prior segment overlaps multiple wider-constitution segments
40,50,39,21,residual,residual,37041-41280,37051-42700,4230,2,3,one_to_many_split,one prior segment overlaps multiple wider-constitution segments
40,50,41,21,residual,residual,41321-42720,37051-42700,1380,2,3,one_to_many_split,one prior segment overlaps multiple wider-constitution segments
40,50,41,22,residual,stable,41321-42720,42701-42750,20,2,2,one_to_many_split,one prior segment overlaps multiple wider-constitution segments
40,50,42,22,stable,stable,42721-42760,42701-42750,30,2,2,one_to_many_split,one prior segment overlaps multiple wider-constitution segments
40,50,42,23,stable,residual,42721-42760,42751-45450,10,2,4,one_to_many_split,one prior segment overlaps multiple wider-constitution segments
40,50,45,23,residual,residual,43521-45480,42751-45450,1930,2,4,one_to_many_split,one prior segment overlaps multiple wider-constitution segments
40,50,45,24,residual,stable,43521-45480,45451-45500,30,2,2,one_to_many_split,one prior segment overlaps multiple wider-constitution segments
40,50,46,24,stable,stable,45481-45520,45451-45500,20,2,2,one_to_many_split,one prior segment overlaps multiple wider-constitution segments
40,50,46,25,stable,residual,45481-45520,45501-46500,20,2,2,one_to_many_split,one prior segment overlaps multiple wider-constitution segments
40,50,47,25,residual,residual,45521-49040,45501-46500,980,3,2,one_to_many_split,one prior segment overlaps multiple wider-constitution segments
40,50,47,26,residual,stable,45521-49040,46501-46550,50,3,1,one_to_many_split,one prior segment overlaps multiple wider-constitution segments
40,50,47,27,residual,residual,45521-49040,46551-57000,2490,3,9,one_to_many_split,one prior segment overlaps multiple wider-constitution segments
40,50,57,28,residual,stable,57041-57960,57001-57050,10,2,2,one_to_many_split,one prior segment overlaps multiple wider-constitution segments
40,50,57,29,residual,residual,57041-57960,57051-71950,910,2,23,one_to_many_split,one prior segment overlaps multiple wider-constitution segments
40,50,79,29,residual,residual,71881-71960,57051-71950,70,2,23,one_to_many_split,one prior segment overlaps multiple wider-constitution segments
40,50,79,30,residual,stable,71881-71960,71951-72000,10,2,2,one_to_many_split,one prior segment overlaps multiple wider-constitution segments
40,50,83,31,residual,residual,72921-73080,72001-73050,130,2,3,one_to_many_split,one prior segment overlaps multiple wider-constitution segments
40,50,83,32,residual,stable,72921-73080,73051-73100,30,2,2,one_to_many_split,one prior segment overlaps multiple wider-constitution segments
40,50,84,32,stable,stable,73081-73120,73051-73100,20,2,2,one_to_many_split,one prior segment overlaps multiple wider-constitution segments
40,50,84,33,stable,residual,73081-73120,73101-95700,20,2,38,one_to_many_split,one prior segment overlaps multiple wider-constitution segments
40,50,121,34,residual,stable,95361-99440,95701-95750,50,2,1,one_to_many_split,one prior segment overlaps multiple wider-constitution segments
40,50,121,35,residual,residual,95361-99440,95751-104100,3690,2,3,one_to_many_split,one prior segment overlaps multiple wider-constitution segments
40,50,123,35,residual,residual,99481-104120,95751-104100,4620,2,3,one_to_many_split,one prior segment overlaps multiple wider-constitution segments
40,50,123,36,residual,stable,99481-104120,104101-104150,20,2,2,one_to_many_split,one prior segment overlaps multiple wider-constitution segments
40,50,124,36,stable,stable,104121-104160,104101-104150,30,2,2,one_to_many_split,one prior segment overlaps multiple wider-constitution segments
40,50,124,37,stable,residual,104121-104160,104151-107650,10,2,4,one_to_many_split,one prior segment overlaps multiple wider-constitution segments
40,50,127,37,residual,residual,106721-111240,104151-107650,930,5,4,one_to_many_split,one prior segment overlaps multiple wider-constitution segments
40,50,127,38,residual,stable,106721-111240,107651-107700,50,5,1,one_to_many_split,one prior segment overlaps multiple wider-constitution segments
40,50,127,39,residual,residual,106721-111240,107701-109050,1350,5,1,one_to_many_split,one prior segment overlaps multiple wider-constitution segments
40,50,127,40,residual,stable,106721-111240,109051-109100,50,5,1,one_to_many_split,one prior segment overlaps multiple wider-constitution segments
40,50,127,41,residual,residual,106721-111240,109101-112000,2140,5,3,one_to_many_split,one prior segment overlaps multiple wider-constitution segments
40,50,131,42,residual,stable,112041-113800,112001-112050,10,2,2,one_to_many_split,one prior segment overlaps multiple wider-constitution segments
40,50,131,43,residual,residual,112041-113800,112051-113800,1750,2,1,one_to_many_split,one prior segment overlaps multiple wider-constitution segments
40,50,133,44,residual,stable,113841-114440,113801-113850,10,2,2,one_to_many_split,one prior segment overlaps multiple wider-constitution segments
40,50,133,45,residual,residual,113841-114440,113851-115100,590,2,3,one_to_many_split,one prior segment overlaps multiple wider-constitution segments
40,50,135,45,residual,residual,114481-115120,113851-115100,620,2,3,one_to_many_split,one prior segment overlaps multiple wider-constitution segments
40,50,135,46,residual,stable,114481-115120,115101-115150,20,2,2,one_to_many_split,one prior segment overlaps multiple wider-constitution segments
40,50,136,46,stable,stable,115121-115160,115101-115150,30,2,2,one_to_many_split,one prior segment overlaps multiple wider-constitution segments
40,50,136,47,stable,residual,115121-115160,115151-123350,10,2,6,one_to_many_split,one prior segment overlaps multiple wider-constitution segments
40,50,1,1,residual,residual,1-160,1-3700,160,1,5,many_to_one_absorption,multiple prior segments overlap one wider-constitution segment
40,50,2,1,stable,residual,161-200,1-3700,40,1,5,many_to_one_absorption,multiple prior segments overlap one wider-constitution segment
40,50,3,1,residual,residual,201-3040,1-3700,2840,1,5,many_to_one_absorption,multiple prior segments overlap one wider-constitution segment
40,50,4,1,stable,residual,3041-3080,1-3700,40,1,5,many_to_one_absorption,multiple prior segments overlap one wider-constitution segment
40,50,5,1,residual,residual,3081-4560,1-3700,620,3,5,many_to_one_absorption,multiple prior segments overlap one wider-constitution segment
40,50,5,3,residual,residual,3081-4560,3751-7200,810,3,5,many_to_one_absorption,multiple prior segments overlap one wider-constitution segment
40,50,6,3,stable,residual,4561-4600,3751-7200,40,1,5,many_to_one_absorption,multiple prior segments overlap one wider-constitution segment
40,50,7,3,residual,residual,4601-5120,3751-7200,520,1,5,many_to_one_absorption,multiple prior segments overlap one wider-constitution segment
40,50,8,3,stable,residual,5121-5160,3751-7200,40,1,5,many_to_one_absorption,multiple prior segments overlap one wider-constitution segment
40,50,9,3,residual,residual,5161-8240,3751-7200,2040,3,5,many_to_one_absorption,multiple prior segments overlap one wider-constitution segment
40,50,9,5,residual,residual,5161-8240,7251-9650,990,3,4,many_to_one_absorption,multiple prior segments overlap one wider-constitution segment
40,50,10,5,stable,residual,8241-8280,7251-9650,40,1,4,many_to_one_absorption,multiple prior segments overlap one wider-constitution segment
40,50,11,5,residual,residual,8281-9640,7251-9650,1360,1,4,many_to_one_absorption,multiple prior segments overlap one wider-constitution segment
40,50,12,5,stable,residual,9641-9680,7251-9650,10,2,4,many_to_one_absorption,multiple prior segments overlap one wider-constitution segment
40,50,12,6,stable,stable,9641-9680,9651-9700,30,2,2,many_to_one_absorption,multiple prior segments overlap one wider-constitution segment
40,50,13,6,residual,stable,9681-10120,9651-9700,20,3,2,many_to_one_absorption,multiple prior segments overlap one wider-constitution segment
40,50,13,8,residual,stable,9681-10120,10101-10150,20,3,2,many_to_one_absorption,multiple prior segments overlap one wider-constitution segment
40,50,14,8,stable,stable,10121-10160,10101-10150,30,2,2,many_to_one_absorption,multiple prior segments overlap one wider-constitution segment
40,50,14,9,stable,residual,10121-10160,10151-17650,10,2,9,many_to_one_absorption,multiple prior segments overlap one wider-constitution segment
40,50,15,9,residual,residual,10161-10240,10151-17650,80,1,9,many_to_one_absorption,multiple prior segments overlap one wider-constitution segment
40,50,16,9,stable,residual,10241-10280,10151-17650,40,1,9,many_to_one_absorption,multiple prior segments overlap one wider-constitution segment
40,50,17,9,residual,residual,10281-12800,10151-17650,2520,1,9,many_to_one_absorption,multiple prior segments overlap one wider-constitution segment
40,50,18,9,stable,residual,12801-12840,10151-17650,40,1,9,many_to_one_absorption,multiple prior segments overlap one wider-constitution segment
40,50,19,9,residual,residual,12841-15080,10151-17650,2240,1,9,many_to_one_absorption,multiple prior segments overlap one wider-constitution segment
40,50,20,9,stable,residual,15081-15120,10151-17650,40,1,9,many_to_one_absorption,multiple prior segments overlap one wider-constitution segment
40,50,21,9,residual,residual,15121-17640,10151-17650,2520,1,9,many_to_one_absorption,multiple prior segments overlap one wider-constitution segment
40,50,22,9,stable,residual,17641-17680,10151-17650,10,2,9,many_to_one_absorption,multiple prior segments overlap one wider-constitution segment
40,50,22,10,stable,stable,17641-17680,17651-17700,30,2,2,many_to_one_absorption,multiple prior segments overlap one wider-constitution segment
40,50,23,10,residual,stable,17681-18760,17651-17700,20,2,2,many_to_one_absorption,multiple prior segments overlap one wider-constitution segment
40,50,23,11,residual,residual,17681-18760,17701-19400,1060,2,3,many_to_one_absorption,multiple prior segments overlap one wider-constitution segment
40,50,24,11,stable,residual,18761-18800,17701-19400,40,1,3,many_to_one_absorption,multiple prior segments overlap one wider-constitution segment
40,50,25,11,residual,residual,18801-19720,17701-19400,600,4,3,many_to_one_absorption,multiple prior segments overlap one wider-constitution segment
40,50,25,14,residual,stable,18801-19720,19701-19750,20,4,2,many_to_one_absorption,multiple prior segments overlap one wider-constitution segment
40,50,26,14,stable,stable,19721-19760,19701-19750,30,2,2,many_to_one_absorption,multiple prior segments overlap one wider-constitution segment
40,50,26,15,stable,residual,19721-19760,19751-24400,10,2,2,many_to_one_absorption,multiple prior segments overlap one wider-constitution segment
40,50,27,15,residual,residual,19761-29880,19751-24400,4640,3,2,many_to_one_absorption,multiple prior segments overlap one wider-constitution segment
40,50,27,17,residual,residual,19761-29880,24451-34800,5430,3,9,many_to_one_absorption,multiple prior segments overlap one wider-constitution segment
40,50,28,17,stable,residual,29881-29920,24451-34800,40,1,9,many_to_one_absorption,multiple prior segments overlap one wider-constitution segment
40,50,29,17,residual,residual,29921-30000,24451-34800,80,1,9,many_to_one_absorption,multiple prior segments overlap one wider-constitution segment
40,50,30,17,stable,residual,30001-30040,24451-34800,40,1,9,many_to_one_absorption,multiple prior segments overlap one wider-constitution segment
40,50,31,17,residual,residual,30041-32880,24451-34800,2840,1,9,many_to_one_absorption,multiple prior segments overlap one wider-constitution segment
40,50,32,17,stable,residual,32881-32920,24451-34800,40,1,9,many_to_one_absorption,multiple prior segments overlap one wider-constitution segment
40,50,33,17,residual,residual,32921-34680,24451-34800,1760,1,9,many_to_one_absorption,multiple prior segments overlap one wider-constitution segment
40,50,34,17,stable,residual,34681-34720,24451-34800,40,1,9,many_to_one_absorption,multiple prior segments overlap one wider-constitution segment
40,50,35,17,residual,residual,34721-34800,24451-34800,80,1,9,many_to_one_absorption,multiple prior segments overlap one wider-constitution segment
40,50,36,18,stable,stable,34801-34840,34801-34850,40,1,2,many_to_one_absorption,multiple prior segments overlap one wider-constitution segment
40,50,37,18,residual,stable,34841-37000,34801-34850,10,2,2,many_to_one_absorption,multiple prior segments overlap one wider-constitution segment
40,50,38,20,stable,stable,37001-37040,37001-37050,40,1,2,many_to_one_absorption,multiple prior segments overlap one wider-constitution segment
40,50,39,20,residual,stable,37041-41280,37001-37050,10,2,2,many_to_one_absorption,multiple prior segments overlap one wider-constitution segment
40,50,39,21,residual,residual,37041-41280,37051-42700,4230,2,3,many_to_one_absorption,multiple prior segments overlap one wider-constitution segment
40,50,40,21,stable,residual,41281-41320,37051-42700,40,1,3,many_to_one_absorption,multiple prior segments overlap one wider-constitution segment
40,50,41,21,residual,residual,41321-42720,37051-42700,1380,2,3,many_to_one_absorption,multiple prior segments overlap one wider-constitution segment
40,50,41,22,residual,stable,41321-42720,42701-42750,20,2,2,many_to_one_absorption,multiple prior segments overlap one wider-constitution segment
40,50,42,22,stable,stable,42721-42760,42701-42750,30,2,2,many_to_one_absorption,multiple prior segments overlap one wider-constitution segment
40,50,42,23,stable,residual,42721-42760,42751-45450,10,2,4,many_to_one_absorption,multiple prior segments overlap one wider-constitution segment
40,50,43,23,residual,residual,42761-43480,42751-45450,720,1,4,many_to_one_absorption,multiple prior segments overlap one wider-constitution segment
40,50,44,23,stable,residual,43481-43520,42751-45450,40,1,4,many_to_one_absorption,multiple prior segments overlap one wider-constitution segment
40,50,45,23,residual,residual,43521-45480,42751-45450,1930,2,4,many_to_one_absorption,multiple prior segments overlap one wider-constitution segment
40,50,45,24,residual,stable,43521-45480,45451-45500,30,2,2,many_to_one_absorption,multiple prior segments overlap one wider-constitution segment
40,50,46,24,stable,stable,45481-45520,45451-45500,20,2,2,many_to_one_absorption,multiple prior segments overlap one wider-constitution segment
40,50,46,25,stable,residual,45481-45520,45501-46500,20,2,2,many_to_one_absorption,multiple prior segments overlap one wider-constitution segment
40,50,47,25,residual,residual,45521-49040,45501-46500,980,3,2,many_to_one_absorption,multiple prior segments overlap one wider-constitution segment
40,50,47,27,residual,residual,45521-49040,46551-57000,2490,3,9,many_to_one_absorption,multiple prior segments overlap one wider-constitution segment
40,50,48,27,stable,residual,49041-49080,46551-57000,40,1,9,many_to_one_absorption,multiple prior segments overlap one wider-constitution segment
40,50,49,27,residual,residual,49081-53720,46551-57000,4640,1,9,many_to_one_absorption,multiple prior segments overlap one wider-constitution segment
40,50,50,27,stable,residual,53721-53760,46551-57000,40,1,9,many_to_one_absorption,multiple prior segments overlap one wider-constitution segment
40,50,51,27,residual,residual,53761-54280,46551-57000,520,1,9,many_to_one_absorption,multiple prior segments overlap one wider-constitution segment
40,50,52,27,stable,residual,54281-54320,46551-57000,40,1,9,many_to_one_absorption,multiple prior segments overlap one wider-constitution segment
40,50,53,27,residual,residual,54321-55640,46551-57000,1320,1,9,many_to_one_absorption,multiple prior segments overlap one wider-constitution segment
40,50,54,27,stable,residual,55641-55680,46551-57000,40,1,9,many_to_one_absorption,multiple prior segments overlap one wider-constitution segment
40,50,55,27,residual,residual,55681-57000,46551-57000,1320,1,9,many_to_one_absorption,multiple prior segments overlap one wider-constitution segment
40,50,56,28,stable,stable,57001-57040,57001-57050,40,1,2,many_to_one_absorption,multiple prior segments overlap one wider-constitution segment
40,50,57,28,residual,stable,57041-57960,57001-57050,10,2,2,many_to_one_absorption,multiple prior segments overlap one wider-constitution segment
40,50,57,29,residual,residual,57041-57960,57051-71950,910,2,23,many_to_one_absorption,multiple prior segments overlap one wider-constitution segment
40,50,58,29,stable,residual,57961-58000,57051-71950,40,1,23,many_to_one_absorption,multiple prior segments overlap one wider-constitution segment
40,50,59,29,residual,residual,58001-58440,57051-71950,440,1,23,many_to_one_absorption,multiple prior segments overlap one wider-constitution segment
40,50,60,29,stable,residual,58441-58480,57051-71950,40,1,23,many_to_one_absorption,multiple prior segments overlap one wider-constitution segment
40,50,61,29,residual,residual,58481-59280,57051-71950,800,1,23,many_to_one_absorption,multiple prior segments overlap one wider-constitution segment
40,50,62,29,stable,residual,59281-59320,57051-71950,40,1,23,many_to_one_absorption,multiple prior segments overlap one wider-constitution segment
40,50,63,29,residual,residual,59321-60120,57051-71950,800,1,23,many_to_one_absorption,multiple prior segments overlap one wider-constitution segment
40,50,64,29,stable,residual,60121-60160,57051-71950,40,1,23,many_to_one_absorption,multiple prior segments overlap one wider-constitution segment
40,50,65,29,residual,residual,60161-61240,57051-71950,1080,1,23,many_to_one_absorption,multiple prior segments overlap one wider-constitution segment
40,50,66,29,stable,residual,61241-61280,57051-71950,40,1,23,many_to_one_absorption,multiple prior segments overlap one wider-constitution segment
40,50,67,29,residual,residual,61281-62720,57051-71950,1440,1,23,many_to_one_absorption,multiple prior segments overlap one wider-constitution segment
40,50,68,29,stable,residual,62721-62760,57051-71950,40,1,23,many_to_one_absorption,multiple prior segments overlap one wider-constitution segment
40,50,69,29,residual,residual,62761-64760,57051-71950,2000,1,23,many_to_one_absorption,multiple prior segments overlap one wider-constitution segment
40,50,70,29,stable,residual,64761-64800,57051-71950,40,1,23,many_to_one_absorption,multiple prior segments overlap one wider-constitution segment
40,50,71,29,residual,residual,64801-68360,57051-71950,3560,1,23,many_to_one_absorption,multiple prior segments overlap one wider-constitution segment
40,50,72,29,stable,residual,68361-68400,57051-71950,40,1,23,many_to_one_absorption,multiple prior segments overlap one wider-constitution segment
40,50,73,29,residual,residual,68401-68680,57051-71950,280,1,23,many_to_one_absorption,multiple prior segments overlap one wider-constitution segment
40,50,74,29,stable,residual,68681-68720,57051-71950,40,1,23,many_to_one_absorption,multiple prior segments overlap one wider-constitution segment
40,50,75,29,residual,residual,68721-69360,57051-71950,640,1,23,many_to_one_absorption,multiple prior segments overlap one wider-constitution segment
40,50,76,29,stable,residual,69361-69400,57051-71950,40,1,23,many_to_one_absorption,multiple prior segments overlap one wider-constitution segment
40,50,77,29,residual,residual,69401-71840,57051-71950,2440,1,23,many_to_one_absorption,multiple prior segments overlap one wider-constitution segment
40,50,78,29,stable,residual,71841-71880,57051-71950,40,1,23,many_to_one_absorption,multiple prior segments overlap one wider-constitution segment
40,50,79,29,residual,residual,71881-71960,57051-71950,70,2,23,many_to_one_absorption,multiple prior segments overlap one wider-constitution segment
40,50,79,30,residual,stable,71881-71960,71951-72000,10,2,2,many_to_one_absorption,multiple prior segments overlap one wider-constitution segment
40,50,80,30,stable,stable,71961-72000,71951-72000,40,1,2,many_to_one_absorption,multiple prior segments overlap one wider-constitution segment
40,50,81,31,residual,residual,72001-72880,72001-73050,880,1,3,many_to_one_absorption,multiple prior segments overlap one wider-constitution segment
40,50,82,31,stable,residual,72881-72920,72001-73050,40,1,3,many_to_one_absorption,multiple prior segments overlap one wider-constitution segment
40,50,83,31,residual,residual,72921-73080,72001-73050,130,2,3,many_to_one_absorption,multiple prior segments overlap one wider-constitution segment
40,50,83,32,residual,stable,72921-73080,73051-73100,30,2,2,many_to_one_absorption,multiple prior segments overlap one wider-constitution segment
40,50,84,32,stable,stable,73081-73120,73051-73100,20,2,2,many_to_one_absorption,multiple prior segments overlap one wider-constitution segment
40,50,84,33,stable,residual,73081-73120,73101-95700,20,2,37,many_to_one_absorption,multiple prior segments overlap one wider-constitution segment
40,50,85,33,residual,residual,73121-73640,73101-95700,520,1,37,many_to_one_absorption,multiple prior segments overlap one wider-constitution segment
40,50,86,33,stable,residual,73641-73680,73101-95700,40,1,37,many_to_one_absorption,multiple prior segments overlap one wider-constitution segment
40,50,87,33,residual,residual,73681-74040,73101-95700,360,1,37,many_to_one_absorption,multiple prior segments overlap one wider-constitution segment
40,50,88,33,stable,residual,74041-74080,73101-95700,40,1,37,many_to_one_absorption,multiple prior segments overlap one wider-constitution segment
40,50,89,33,residual,residual,74081-75080,73101-95700,1000,1,37,many_to_one_absorption,multiple prior segments overlap one wider-constitution segment
40,50,90,33,stable,residual,75081-75120,73101-95700,40,1,37,many_to_one_absorption,multiple prior segments overlap one wider-constitution segment
40,50,91,33,residual,residual,75121-77880,73101-95700,2760,1,37,many_to_one_absorption,multiple prior segments overlap one wider-constitution segment
40,50,92,33,stable,residual,77881-77920,73101-95700,40,1,37,many_to_one_absorption,multiple prior segments overlap one wider-constitution segment
40,50,93,33,residual,residual,77921-80160,73101-95700,2240,1,37,many_to_one_absorption,multiple prior segments overlap one wider-constitution segment
40,50,94,33,stable,residual,80161-80200,73101-95700,40,1,37,many_to_one_absorption,multiple prior segments overlap one wider-constitution segment
40,50,95,33,residual,residual,80201-81400,73101-95700,1200,1,37,many_to_one_absorption,multiple prior segments overlap one wider-constitution segment
40,50,96,33,stable,residual,81401-81440,73101-95700,40,1,37,many_to_one_absorption,multiple prior segments overlap one wider-constitution segment
40,50,97,33,residual,residual,81441-83800,73101-95700,2360,1,37,many_to_one_absorption,multiple prior segments overlap one wider-constitution segment
40,50,98,33,stable,residual,83801-83840,73101-95700,40,1,37,many_to_one_absorption,multiple prior segments overlap one wider-constitution segment
40,50,99,33,residual,residual,83841-84200,73101-95700,360,1,37,many_to_one_absorption,multiple prior segments overlap one wider-constitution segment
40,50,100,33,stable,residual,84201-84240,73101-95700,40,1,37,many_to_one_absorption,multiple prior segments overlap one wider-constitution segment
40,50,101,33,residual,residual,84241-87000,73101-95700,2760,1,37,many_to_one_absorption,multiple prior segments overlap one wider-constitution segment
40,50,102,33,stable,residual,87001-87040,73101-95700,40,1,37,many_to_one_absorption,multiple prior segments overlap one wider-constitution segment
40,50,103,33,residual,residual,87041-87400,73101-95700,360,1,37,many_to_one_absorption,multiple prior segments overlap one wider-constitution segment
40,50,104,33,stable,residual,87401-87440,73101-95700,40,1,37,many_to_one_absorption,multiple prior segments overlap one wider-constitution segment
40,50,105,33,residual,residual,87441-87680,73101-95700,240,1,37,many_to_one_absorption,multiple prior segments overlap one wider-constitution segment
40,50,106,33,stable,residual,87681-87720,73101-95700,40,1,37,many_to_one_absorption,multiple prior segments overlap one wider-constitution segment
40,50,107,33,residual,residual,87721-87960,73101-95700,240,1,37,many_to_one_absorption,multiple prior segments overlap one wider-constitution segment
40,50,108,33,stable,residual,87961-88000,73101-95700,40,1,37,many_to_one_absorption,multiple prior segments overlap one wider-constitution segment
40,50,109,33,residual,residual,88001-88520,73101-95700,520,1,37,many_to_one_absorption,multiple prior segments overlap one wider-constitution segment
40,50,110,33,stable,residual,88521-88560,73101-95700,40,1,37,many_to_one_absorption,multiple prior segments overlap one wider-constitution segment
40,50,111,33,residual,residual,88561-89200,73101-95700,640,1,37,many_to_one_absorption,multiple prior segments overlap one wider-constitution segment
40,50,112,33,stable,residual,89201-89240,73101-95700,40,1,37,many_to_one_absorption,multiple prior segments overlap one wider-constitution segment
40,50,113,33,residual,residual,89241-92280,73101-95700,3040,1,37,many_to_one_absorption,multiple prior segments overlap one wider-constitution segment
40,50,114,33,stable,residual,92281-92320,73101-95700,40,1,37,many_to_one_absorption,multiple prior segments overlap one wider-constitution segment
40,50,115,33,residual,residual,92321-93320,73101-95700,1000,1,37,many_to_one_absorption,multiple prior segments overlap one wider-constitution segment
40,50,116,33,stable,residual,93321-93360,73101-95700,40,1,37,many_to_one_absorption,multiple prior segments overlap one wider-constitution segment
40,50,117,33,residual,residual,93361-94760,73101-95700,1400,1,37,many_to_one_absorption,multiple prior segments overlap one wider-constitution segment
40,50,118,33,stable,residual,94761-94800,73101-95700,40,1,37,many_to_one_absorption,multiple prior segments overlap one wider-constitution segment
40,50,119,33,residual,residual,94801-95320,73101-95700,520,1,37,many_to_one_absorption,multiple prior segments overlap one wider-constitution segment
40,50,120,33,stable,residual,95321-95360,73101-95700,40,1,37,many_to_one_absorption,multiple prior segments overlap one wider-constitution segment
40,50,121,35,residual,residual,95361-99440,95751-104100,3690,3,3,many_to_one_absorption,multiple prior segments overlap one wider-constitution segment
40,50,122,35,stable,residual,99441-99480,95751-104100,40,1,3,many_to_one_absorption,multiple prior segments overlap one wider-constitution segment
40,50,123,35,residual,residual,99481-104120,95751-104100,4620,2,3,many_to_one_absorption,multiple prior segments overlap one wider-constitution segment
40,50,123,36,residual,stable,99481-104120,104101-104150,20,2,2,many_to_one_absorption,multiple prior segments overlap one wider-constitution segment
40,50,124,36,stable,stable,104121-104160,104101-104150,30,2,2,many_to_one_absorption,multiple prior segments overlap one wider-constitution segment
40,50,124,37,stable,residual,104121-104160,104151-107650,10,2,4,many_to_one_absorption,multiple prior segments overlap one wider-constitution segment
40,50,125,37,residual,residual,104161-106680,104151-107650,2520,1,4,many_to_one_absorption,multiple prior segments overlap one wider-constitution segment
40,50,126,37,stable,residual,106681-106720,104151-107650,40,1,4,many_to_one_absorption,multiple prior segments overlap one wider-constitution segment
40,50,127,37,residual,residual,106721-111240,104151-107650,930,5,4,many_to_one_absorption,multiple prior segments overlap one wider-constitution segment
40,50,127,41,residual,residual,106721-111240,109101-112000,2140,5,3,many_to_one_absorption,multiple prior segments overlap one wider-constitution segment
40,50,128,41,stable,residual,111241-111280,109101-112000,40,1,3,many_to_one_absorption,multiple prior segments overlap one wider-constitution segment
40,50,129,41,residual,residual,111281-112000,109101-112000,720,1,3,many_to_one_absorption,multiple prior segments overlap one wider-constitution segment
40,50,130,42,stable,stable,112001-112040,112001-112050,40,1,2,many_to_one_absorption,multiple prior segments overlap one wider-constitution segment
40,50,131,42,residual,stable,112041-113800,112001-112050,10,2,2,many_to_one_absorption,multiple prior segments overlap one wider-constitution segment
40,50,132,44,stable,stable,113801-113840,113801-113850,40,1,2,many_to_one_absorption,multiple prior segments overlap one wider-constitution segment
40,50,133,44,residual,stable,113841-114440,113801-113850,10,2,2,many_to_one_absorption,multiple prior segments overlap one wider-constitution segment
40,50,133,45,residual,residual,113841-114440,113851-115100,590,2,3,many_to_one_absorption,multiple prior segments overlap one wider-constitution segment
40,50,134,45,stable,residual,114441-114480,113851-115100,40,1,3,many_to_one_absorption,multiple prior segments overlap one wider-constitution segment
40,50,135,45,residual,residual,114481-115120,113851-115100,620,2,3,many_to_one_absorption,multiple prior segments overlap one wider-constitution segment
40,50,135,46,residual,stable,114481-115120,115101-115150,20,2,2,many_to_one_absorption,multiple prior segments overlap one wider-constitution segment
40,50,136,46,stable,stable,115121-115160,115101-115150,30,2,2,many_to_one_absorption,multiple prior segments overlap one wider-constitution segment
40,50,136,47,stable,residual,115121-115160,115151-123350,10,2,6,many_to_one_absorption,multiple prior segments overlap one wider-constitution segment
40,50,137,47,residual,residual,115161-118640,115151-123350,3480,1,6,many_to_one_absorption,multiple prior segments overlap one wider-constitution segment
40,50,138,47,stable,residual,118641-118680,115151-123350,40,1,6,many_to_one_absorption,multiple prior segments overlap one wider-constitution segment
40,50,139,47,residual,residual,118681-120320,115151-123350,1640,1,6,many_to_one_absorption,multiple prior segments overlap one wider-constitution segment
40,50,140,47,stable,residual,120321-120360,115151-123350,40,1,6,many_to_one_absorption,multiple prior segments overlap one wider-constitution segment
40,50,141,47,residual,residual,120361-123360,115151-123350,2990,2,6,many_to_one_absorption,multiple prior segments overlap one wider-constitution segment
40,50,141,48,residual,stable,120361-123360,123351-137074,10,1,1,recolored_overlap,observer-side overlap relation under adjacent constitution transition
40,50,142,48,stable,stable,123361-137074,123351-137074,13714,1,1,one_to_one_continuation,observer-side overlap relation under adjacent constitution transition
50,75,21,1,residual,residual,37051-42700,1-42675,5625,2,21,one_to_many_split,one prior segment overlaps multiple wider-constitution segments
50,75,21,2,residual,stable,37051-42700,42676-42750,25,2,2,one_to_many_split,one prior segment overlaps multiple wider-constitution segments
50,75,33,4,residual,stable,73101-95700,73051-73125,25,2,2,one_to_many_split,one prior segment overlaps multiple wider-constitution segments
50,75,33,5,residual,residual,73101-95700,73126-123375,22575,2,16,one_to_many_split,one prior segment overlaps multiple wider-constitution segments
50,75,1,1,residual,residual,1-3700,1-42675,3700,1,21,many_to_one_absorption,multiple prior segments overlap one wider-constitution segment
50,75,2,1,stable,residual,3701-3750,1-42675,50,1,21,many_to_one_absorption,multiple prior segments overlap one wider-constitution segment
50,75,3,1,residual,residual,3751-7200,1-42675,3450,1,21,many_to_one_absorption,multiple prior segments overlap one wider-constitution segment
50,75,4,1,stable,residual,7201-7250,1-42675,50,1,21,many_to_one_absorption,multiple prior segments overlap one wider-constitution segment
50,75,5,1,residual,residual,7251-9650,1-42675,2400,1,21,many_to_one_absorption,multiple prior segments overlap one wider-constitution segment
50,75,6,1,stable,residual,9651-9700,1-42675,50,1,21,many_to_one_absorption,multiple prior segments overlap one wider-constitution segment
50,75,7,1,residual,residual,9701-10100,1-42675,400,1,21,many_to_one_absorption,multiple prior segments overlap one wider-constitution segment
50,75,8,1,stable,residual,10101-10150,1-42675,50,1,21,many_to_one_absorption,multiple prior segments overlap one wider-constitution segment
50,75,9,1,residual,residual,10151-17650,1-42675,7500,1,21,many_to_one_absorption,multiple prior segments overlap one wider-constitution segment
50,75,10,1,stable,residual,17651-17700,1-42675,50,1,21,many_to_one_absorption,multiple prior segments overlap one wider-constitution segment
50,75,11,1,residual,residual,17701-19400,1-42675,1700,1,21,many_to_one_absorption,multiple prior segments overlap one wider-constitution segment
50,75,12,1,stable,residual,19401-19450,1-42675,50,1,21,many_to_one_absorption,multiple prior segments overlap one wider-constitution segment
50,75,13,1,residual,residual,19451-19700,1-42675,250,1,21,many_to_one_absorption,multiple prior segments overlap one wider-constitution segment
50,75,14,1,stable,residual,19701-19750,1-42675,50,1,21,many_to_one_absorption,multiple prior segments overlap one wider-constitution segment
50,75,15,1,residual,residual,19751-24400,1-42675,4650,1,21,many_to_one_absorption,multiple prior segments overlap one wider-constitution segment
50,75,16,1,stable,residual,24401-24450,1-42675,50,1,21,many_to_one_absorption,multiple prior segments overlap one wider-constitution segment
50,75,17,1,residual,residual,24451-34800,1-42675,10350,1,21,many_to_one_absorption,multiple prior segments overlap one wider-constitution segment
50,75,18,1,stable,residual,34801-34850,1-42675,50,1,21,many_to_one_absorption,multiple prior segments overlap one wider-constitution segment
50,75,19,1,residual,residual,34851-37000,1-42675,2150,1,21,many_to_one_absorption,multiple prior segments overlap one wider-constitution segment
50,75,20,1,stable,residual,37001-37050,1-42675,50,1,21,many_to_one_absorption,multiple prior segments overlap one wider-constitution segment
50,75,21,1,residual,residual,37051-42700,1-42675,5625,2,21,many_to_one_absorption,multiple prior segments overlap one wider-constitution segment
50,75,21,2,residual,stable,37051-42700,42676-42750,25,2,2,many_to_one_absorption,multiple prior segments overlap one wider-constitution segment
50,75,22,2,stable,stable,42701-42750,42676-42750,50,1,2,many_to_one_absorption,multiple prior segments overlap one wider-constitution segment
50,75,23,3,residual,residual,42751-45450,42751-73050,2700,1,9,many_to_one_absorption,multiple prior segments overlap one wider-constitution segment
50,75,24,3,stable,residual,45451-45500,42751-73050,50,1,9,many_to_one_absorption,multiple prior segments overlap one wider-constitution segment
50,75,25,3,residual,residual,45501-46500,42751-73050,1000,1,9,many_to_one_absorption,multiple prior segments overlap one wider-constitution segment
50,75,26,3,stable,residual,46501-46550,42751-73050,50,1,9,many_to_one_absorption,multiple prior segments overlap one wider-constitution segment
50,75,27,3,residual,residual,46551-57000,42751-73050,10450,1,9,many_to_one_absorption,multiple prior segments overlap one wider-constitution segment
50,75,28,3,stable,residual,57001-57050,42751-73050,50,1,9,many_to_one_absorption,multiple prior segments overlap one wider-constitution segment
50,75,29,3,residual,residual,57051-71950,42751-73050,14900,1,9,many_to_one_absorption,multiple prior segments overlap one wider-constitution segment
50,75,30,3,stable,residual,71951-72000,42751-73050,50,1,9,many_to_one_absorption,multiple prior segments overlap one wider-constitution segment
50,75,31,3,residual,residual,72001-73050,42751-73050,1050,1,9,many_to_one_absorption,multiple prior segments overlap one wider-constitution segment
50,75,32,4,stable,stable,73051-73100,73051-73125,50,1,2,many_to_one_absorption,multiple prior segments overlap one wider-constitution segment
50,75,33,4,residual,stable,73101-95700,73051-73125,25,2,2,many_to_one_absorption,multiple prior segments overlap one wider-constitution segment
50,75,33,5,residual,residual,73101-95700,73126-123375,22575,2,15,many_to_one_absorption,multiple prior segments overlap one wider-constitution segment
50,75,34,5,stable,residual,95701-95750,73126-123375,50,1,15,many_to_one_absorption,multiple prior segments overlap one wider-constitution segment
50,75,35,5,residual,residual,95751-104100,73126-123375,8350,1,15,many_to_one_absorption,multiple prior segments overlap one wider-constitution segment
50,75,36,5,stable,residual,104101-104150,73126-123375,50,1,15,many_to_one_absorption,multiple prior segments overlap one wider-constitution segment
50,75,37,5,residual,residual,104151-107650,73126-123375,3500,1,15,many_to_one_absorption,multiple prior segments overlap one wider-constitution segment
50,75,38,5,stable,residual,107651-107700,73126-123375,50,1,15,many_to_one_absorption,multiple prior segments overlap one wider-constitution segment
50,75,39,5,residual,residual,107701-109050,73126-123375,1350,1,15,many_to_one_absorption,multiple prior segments overlap one wider-constitution segment
50,75,40,5,stable,residual,109051-109100,73126-123375,50,1,15,many_to_one_absorption,multiple prior segments overlap one wider-constitution segment
50,75,41,5,residual,residual,109101-112000,73126-123375,2900,1,15,many_to_one_absorption,multiple prior segments overlap one wider-constitution segment
50,75,42,5,stable,residual,112001-112050,73126-123375,50,1,15,many_to_one_absorption,multiple prior segments overlap one wider-constitution segment
50,75,43,5,residual,residual,112051-113800,73126-123375,1750,1,15,many_to_one_absorption,multiple prior segments overlap one wider-constitution segment
50,75,44,5,stable,residual,113801-113850,73126-123375,50,1,15,many_to_one_absorption,multiple prior segments overlap one wider-constitution segment
50,75,45,5,residual,residual,113851-115100,73126-123375,1250,1,15,many_to_one_absorption,multiple prior segments overlap one wider-constitution segment
50,75,46,5,stable,residual,115101-115150,73126-123375,50,1,15,many_to_one_absorption,multiple prior segments overlap one wider-constitution segment
50,75,47,5,residual,residual,115151-123350,73126-123375,8200,1,15,many_to_one_absorption,multiple prior segments overlap one wider-constitution segment
50,75,48,6,stable,stable,123351-137074,123376-137074,13699,1,1,one_to_one_continuation,observer-side overlap relation under adjacent constitution transition
75,100,1,1,residual,residual,1-42675,1-123400,42675,1,5,many_to_one_absorption,multiple prior segments overlap one wider-constitution segment
75,100,2,1,stable,residual,42676-42750,1-123400,75,1,5,many_to_one_absorption,multiple prior segments overlap one wider-constitution segment
75,100,3,1,residual,residual,42751-73050,1-123400,30300,1,5,many_to_one_absorption,multiple prior segments overlap one wider-constitution segment
75,100,4,1,stable,residual,73051-73125,1-123400,75,1,5,many_to_one_absorption,multiple prior segments overlap one wider-constitution segment
75,100,5,1,residual,residual,73126-123375,1-123400,50250,1,5,many_to_one_absorption,multiple prior segments overlap one wider-constitution segment
75,100,6,2,stable,stable,123376-137074,123401-137074,13674,1,1,one_to_one_continuation,observer-side overlap relation under adjacent constitution transition
100,150,1,1,residual,residual,1-123400,1-123300,123300,1,1,one_to_one_continuation,observer-side overlap relation under adjacent constitution transition
100,150,1,2,residual,stable,1-123400,123301-137074,100,1,1,recolored_overlap,observer-side overlap relation under adjacent constitution transition
100,150,2,2,stable,stable,123401-137074,123301-137074,13674,1,1,one_to_one_continuation,observer-side overlap relation under adjacent constitution transition
150,200,1,1,residual,residual,1-123300,1-123400,123300,1,1,one_to_one_continuation,observer-side overlap relation under adjacent constitution transition
150,200,2,1,stable,residual,123301-137074,1-123400,100,1,1,recolored_overlap,observer-side overlap relation under adjacent constitution transition
150,200,2,2,stable,stable,123301-137074,123401-137074,13674,1,1,one_to_one_continuation,observer-side overlap relation under adjacent constitution transition
200,250,1,1,residual,residual,1-123400,1-123250,123250,1,1,one_to_one_continuation,observer-side overlap relation under adjacent constitution transition
200,250,1,2,residual,stable,1-123400,123251-137074,150,1,1,recolored_overlap,observer-side overlap relation under adjacent constitution transition
200,250,2,2,stable,stable,123401-137074,123251-137074,13674,1,1,one_to_one_continuation,observer-side overlap relation under adjacent constitution transition
250,350,1,1,residual,residual,1-123250,1-123200,123200,1,1,one_to_one_continuation,observer-side overlap relation under adjacent constitution transition
250,350,1,2,residual,stable,1-123250,123201-137074,50,1,1,recolored_overlap,observer-side overlap relation under adjacent constitution transition
250,350,2,2,stable,stable,123251-137074,123201-137074,13824,1,1,one_to_one_continuation,observer-side overlap relation under adjacent constitution transition
350,500,1,1,residual,residual,1-123200,1-123500,123200,1,1,one_to_one_continuation,observer-side overlap relation under adjacent constitution transition
350,500,2,1,stable,residual,123201-137074,1-123500,300,1,1,recolored_overlap,observer-side overlap relation under adjacent constitution transition
350,500,2,2,stable,stable,123201-137074,123501-137074,13574,1,1,one_to_one_continuation,observer-side overlap relation under adjacent constitution transition
500,750,1,1,residual,residual,1-123500,1-123000,123000,1,1,one_to_one_continuation,observer-side overlap relation under adjacent constitution transition
500,750,1,2,residual,stable,1-123500,123001-137074,500,1,1,recolored_overlap,observer-side overlap relation under adjacent constitution transition
500,750,2,2,stable,stable,123501-137074,123001-137074,13574,1,1,one_to_one_continuation,observer-side overlap relation under adjacent constitution transition
750,1000,1,1,residual,residual,1-123000,1-123000,123000,1,1,one_to_one_continuation,observer-side overlap relation under adjacent constitution transition
750,1000,2,2,stable,stable,123001-137074,123001-137074,14074,1,1,one_to_one_continuation,observer-side overlap relation under adjacent constitution transition
1000,1500,1,1,residual,residual,1-123000,1-123000,123000,1,1,one_to_one_continuation,observer-side overlap relation under adjacent constitution transition
1000,1500,2,2,stable,stable,123001-137074,123001-137074,14074,1,1,one_to_one_continuation,observer-side overlap relation under adjacent constitution transition
1500,2000,1,1,residual,residual,1-123000,1-124000,123000,1,1,one_to_one_continuation,observer-side overlap relation under adjacent constitution transition
1500,2000,2,1,stable,residual,123001-137074,1-124000,1000,1,1,recolored_overlap,observer-side overlap relation under adjacent constitution transition
1500,2000,2,2,stable,stable,123001-137074,124001-137074,13074,1,1,one_to_one_continuation,observer-side overlap relation under adjacent constitution transition
2000,3000,1,1,residual,residual,1-124000,1-123000,123000,1,1,one_to_one_continuation,observer-side overlap relation under adjacent constitution transition
2000,3000,1,2,residual,stable,1-124000,123001-137074,1000,1,1,recolored_overlap,observer-side overlap relation under adjacent constitution transition
2000,3000,2,2,stable,stable,124001-137074,123001-137074,13074,1,1,one_to_one_continuation,observer-side overlap relation under adjacent constitution transition
3000,4000,1,1,residual,residual,1-123000,1-124000,123000,1,1,one_to_one_continuation,observer-side overlap relation under adjacent constitution transition
3000,4000,2,1,stable,residual,123001-137074,1-124000,1000,1,1,recolored_overlap,observer-side overlap relation under adjacent constitution transition
3000,4000,2,2,stable,stable,123001-137074,124001-137074,13074,1,1,one_to_one_continuation,observer-side overlap relation under adjacent constitution transition
4000,5000,1,1,residual,residual,1-124000,1-120000,120000,2,1,one_to_many_split,one prior segment overlaps multiple wider-constitution segments
4000,5000,1,2,residual,stable,1-124000,120001-137074,4000,2,2,one_to_many_split,one prior segment overlaps multiple wider-constitution segments
4000,5000,1,2,residual,stable,1-124000,120001-137074,4000,2,2,many_to_one_absorption,multiple prior segments overlap one wider-constitution segment
4000,5000,2,2,stable,stable,124001-137074,120001-137074,13074,1,2,many_to_one_absorption,multiple prior segments overlap one wider-constitution segment
5000,7000,1,1,residual,residual,1-120000,1-119000,119000,1,1,one_to_one_continuation,observer-side overlap relation under adjacent constitution transition
5000,7000,1,2,residual,stable,1-120000,119001-137074,1000,1,1,recolored_overlap,observer-side overlap relation under adjacent constitution transition
5000,7000,2,2,stable,stable,120001-137074,119001-137074,17074,1,1,one_to_one_continuation,observer-side overlap relation under adjacent constitution transition
7000,10000,1,1,residual,residual,1-119000,1-120000,119000,1,1,one_to_one_continuation,observer-side overlap relation under adjacent constitution transition
7000,10000,2,1,stable,residual,119001-137074,1-120000,1000,1,1,recolored_overlap,observer-side overlap relation under adjacent constitution transition
7000,10000,2,2,stable,stable,119001-137074,120001-137074,17074,1,1,one_to_one_continuation,observer-side overlap relation under adjacent constitution transition
