t=0001 CARRIER_A_STABLE carrier_field
t=0002 CARRIER_A_STABLE carrier_field
t=0003 CARRIER_A_STABLE carrier_field
t=0004 CARRIER_A_STABLE carrier_field
t=0005 CARRIER_A_STABLE carrier_field
t=0006 CARRIER_A_STABLE carrier_field
t=0007 CARRIER_A_STABLE carrier_field
t=0008 CARRIER_A_STABLE carrier_field
t=0009 CARRIER_A_STABLE carrier_field
t=0010 CARRIER_A_STABLE carrier_field
t=0011 CARRIER_A_STABLE carrier_field
t=0012 CARRIER_A_STABLE carrier_field
t=0013 CARRIER_A_STABLE carrier_field
t=0014 CARRIER_A_STABLE carrier_field
t=0015 CARRIER_A_STABLE carrier_field
t=0016 CARRIER_A_STABLE carrier_field
t=0017 CARRIER_A_STABLE carrier_field
t=0018 CARRIER_A_STABLE carrier_field
t=0019 CARRIER_A_STABLE carrier_field
t=0020 CARRIER_A_STABLE carrier_field
t=0021 CARRIER_A_STABLE carrier_field
t=0022 CARRIER_A_STABLE carrier_field
t=0023 CARRIER_A_STABLE carrier_field
t=0024 CARRIER_A_STABLE carrier_field
t=0025 CARRIER_A_STABLE carrier_field
t=0026 CARRIER_A_STABLE carrier_field
t=0027 CARRIER_A_STABLE carrier_field
t=0028 CARRIER_A_STABLE carrier_field
t=0029 CARRIER_A_STABLE carrier_field
t=0030 CARRIER_A_STABLE carrier_field
t=0031 CARRIER_A_STABLE carrier_field
t=0032 CARRIER_A_STABLE carrier_field
t=0033 CARRIER_A_STABLE carrier_field
t=0034 CARRIER_A_STABLE carrier_field
t=0035 CARRIER_A_STABLE carrier_field
t=0036 CARRIER_A_STABLE carrier_field
t=0037 CARRIER_A_STABLE carrier_field
t=0038 CARRIER_A_STABLE carrier_field
t=0039 CARRIER_A_STABLE carrier_field
t=0040 RESIDUAL_BURST_0040_7405 burst_zone
t=0041 RESIDUAL_BURST_0041_9801 burst_zone
t=0042 RESIDUAL_BURST_0042_9853 burst_zone
t=0043 RESIDUAL_BURST_0043_5640 burst_zone
t=0044 RESIDUAL_BURST_0044_6784 burst_zone
t=0045 MID_HOLD_DELTA burst_seam
t=0046 RESIDUAL_BURST_0046_6607 burst_zone
t=0047 RESIDUAL_BURST_0047_4318 burst_zone
t=0048 RESIDUAL_BURST_0048_8283 burst_zone
t=0049 MID_SEAM_ALPHA burst_seam
t=0050 RESIDUAL_BURST_0050_3943 burst_zone
t=0051 RESIDUAL_BURST_0051_9390 burst_zone
t=0052 MID_SEAM_BETA burst_seam
t=0053 RESIDUAL_BURST_0053_3422 burst_zone
t=0054 RESIDUAL_BURST_0054_7705 burst_zone
t=0055 RESIDUAL_BURST_0055_6341 burst_zone
t=0056 MID_SEAM_BETA burst_seam
t=0057 RESIDUAL_BURST_0057_7826 burst_zone
t=0058 RESIDUAL_BURST_0058_9258 burst_zone
t=0059 RESIDUAL_BURST_0059_7111 burst_zone
t=0060 RESIDUAL_BURST_0060_7661 burst_zone
t=0061 MID_SEAM_BETA burst_seam
t=0062 RESIDUAL_BURST_0062_9406 burst_zone
t=0063 RESIDUAL_BURST_0063_4429 burst_zone
t=0064 RESIDUAL_BURST_0064_5674 burst_zone
t=0065 MID_RETURN_GAMMA burst_seam
t=0066 RESIDUAL_BURST_0066_3918 burst_zone
t=0067 RESIDUAL_BURST_0067_2978 burst_zone
t=0068 RESIDUAL_BURST_0068_7757 burst_zone
t=0069 MID_SEAM_ALPHA burst_seam
t=0070 RESIDUAL_BURST_0070_6171 burst_zone
t=0071 MID_RETURN_GAMMA burst_seam
t=0072 RESIDUAL_BURST_0072_9610 burst_zone
t=0073 RESIDUAL_BURST_0073_4804 burst_zone
t=0074 RESIDUAL_BURST_0074_4013 burst_zone
t=0075 RESIDUAL_BURST_0075_1849 burst_zone
t=0076 RESIDUAL_BURST_0076_7459 burst_zone
t=0077 RESIDUAL_BURST_0077_3628 burst_zone
t=0078 MID_SEAM_BETA burst_seam
t=0079 RESIDUAL_BURST_0079_6699 burst_zone
t=0080 MID_HOLD_DELTA burst_seam
t=0081 RESIDUAL_BURST_0081_2953 burst_zone
t=0082 CARRIER_A_STABLE carrier_field
t=0083 CARRIER_A_STABLE carrier_field
t=0084 CARRIER_A_STABLE carrier_field
t=0085 CARRIER_A_STABLE carrier_field
t=0086 CARRIER_A_STABLE carrier_field
t=0087 CARRIER_A_STABLE carrier_field
t=0088 CARRIER_A_STABLE carrier_field
t=0089 CARRIER_A_STABLE carrier_field
t=0090 CARRIER_A_STABLE carrier_field
t=0091 CARRIER_A_STABLE carrier_field
t=0092 CARRIER_A_STABLE carrier_field
t=0093 CARRIER_A_STABLE carrier_field
t=0094 CARRIER_A_STABLE carrier_field
t=0095 CARRIER_A_STABLE carrier_field
t=0096 CARRIER_A_STABLE carrier_field
t=0097 CARRIER_A_STABLE carrier_field
t=0098 CARRIER_A_STABLE carrier_field
t=0099 CARRIER_A_STABLE carrier_field
t=0100 CARRIER_A_STABLE carrier_field
t=0101 CARRIER_A_STABLE carrier_field
t=0102 CARRIER_A_STABLE carrier_field
t=0103 CARRIER_A_STABLE carrier_field
t=0104 CARRIER_A_STABLE carrier_field
t=0105 CARRIER_A_STABLE carrier_field
t=0106 CARRIER_A_STABLE carrier_field
t=0107 CARRIER_A_STABLE carrier_field
t=0108 CARRIER_A_STABLE carrier_field
t=0109 CARRIER_A_STABLE carrier_field
t=0110 CARRIER_A_STABLE carrier_field
t=0111 CARRIER_A_STABLE carrier_field
t=0112 CARRIER_A_STABLE carrier_field
t=0113 CARRIER_A_STABLE carrier_field
t=0114 CARRIER_A_STABLE carrier_field
t=0115 CARRIER_A_STABLE carrier_field
t=0116 CARRIER_A_STABLE carrier_field
t=0117 CARRIER_A_STABLE carrier_field
t=0118 CARRIER_A_STABLE carrier_field
t=0119 CARRIER_A_STABLE carrier_field
t=0120 CARRIER_A_STABLE carrier_field
t=0121 CARRIER_A_STABLE carrier_field
t=0122 CARRIER_A_STABLE carrier_field
t=0123 CARRIER_A_STABLE carrier_field
t=0124 CARRIER_A_STABLE carrier_field
t=0125 CARRIER_A_STABLE carrier_field
t=0126 CARRIER_A_STABLE carrier_field
t=0127 CARRIER_A_STABLE carrier_field
t=0128 CARRIER_A_STABLE carrier_field
t=0129 CARRIER_A_STABLE carrier_field
t=0130 CARRIER_A_STABLE carrier_field
t=0131 CARRIER_A_STABLE carrier_field
t=0132 CARRIER_A_STABLE carrier_field
t=0133 CARRIER_A_STABLE carrier_field
t=0134 CARRIER_A_STABLE carrier_field
t=0135 CARRIER_A_STABLE carrier_field
t=0136 CARRIER_A_STABLE carrier_field
t=0137 CARRIER_A_STABLE carrier_field
t=0138 CARRIER_A_STABLE carrier_field
t=0139 CARRIER_A_STABLE carrier_field
t=0140 CARRIER_A_STABLE carrier_field
t=0141 CARRIER_A_STABLE carrier_field
t=0142 CARRIER_A_STABLE carrier_field
t=0143 CARRIER_A_STABLE carrier_field
t=0144 CARRIER_A_STABLE carrier_field
t=0145 CARRIER_A_STABLE carrier_field
t=0146 CARRIER_A_STABLE carrier_field
t=0147 CARRIER_A_STABLE carrier_field
t=0148 CARRIER_A_STABLE carrier_field
t=0149 CARRIER_A_STABLE carrier_field
t=0150 CARRIER_A_STABLE carrier_field
t=0151 CARRIER_A_STABLE carrier_field
t=0152 CARRIER_A_STABLE carrier_field
t=0153 CARRIER_A_STABLE carrier_field
t=0154 CARRIER_A_STABLE carrier_field
t=0155 CARRIER_A_STABLE carrier_field
t=0156 CARRIER_A_STABLE carrier_field
t=0157 CARRIER_A_STABLE carrier_field
t=0158 CARRIER_A_STABLE carrier_field
t=0159 CARRIER_A_STABLE carrier_field
t=0160 CARRIER_A_STABLE carrier_field
t=0161 CARRIER_A_STABLE carrier_field
t=0162 CARRIER_A_STABLE carrier_field
t=0163 CARRIER_A_STABLE carrier_field
t=0164 CARRIER_A_STABLE carrier_field
t=0165 CARRIER_A_STABLE carrier_field
t=0166 CARRIER_A_STABLE carrier_field
t=0167 CARRIER_A_STABLE carrier_field
t=0168 CARRIER_A_STABLE carrier_field
t=0169 RESIDUAL_EDGE_0169_3043 edge_disturbance
t=0170 CARRIER_A_STABLE carrier_field
t=0171 CARRIER_A_STABLE carrier_field
t=0172 CARRIER_A_STABLE carrier_field
t=0173 CARRIER_A_STABLE carrier_field
t=0174 CARRIER_A_STABLE carrier_field
t=0175 CARRIER_A_STABLE carrier_field
t=0176 CARRIER_A_STABLE carrier_field
t=0177 CARRIER_A_STABLE carrier_field
t=0178 CARRIER_A_STABLE carrier_field
t=0179 CARRIER_A_STABLE carrier_field
t=0180 CARRIER_A_STABLE carrier_field
t=0181 CARRIER_A_STABLE carrier_field
t=0182 CARRIER_A_STABLE carrier_field
t=0183 CARRIER_A_STABLE carrier_field
t=0184 CARRIER_A_STABLE carrier_field
t=0185 CARRIER_A_STABLE carrier_field
t=0186 CARRIER_A_STABLE carrier_field
t=0187 CARRIER_A_STABLE carrier_field
t=0188 CARRIER_A_STABLE carrier_field
t=0189 CARRIER_A_STABLE carrier_field
t=0190 CARRIER_A_STABLE carrier_field
t=0191 CARRIER_A_STABLE carrier_field
t=0192 CARRIER_A_STABLE carrier_field
t=0193 CARRIER_A_STABLE carrier_field
t=0194 CARRIER_A_STABLE carrier_field
t=0195 CARRIER_A_STABLE carrier_field
t=0196 CARRIER_A_STABLE carrier_field
t=0197 CARRIER_A_STABLE carrier_field
t=0198 CARRIER_A_STABLE carrier_field
t=0199 CARRIER_A_STABLE carrier_field
t=0200 CARRIER_A_STABLE carrier_field
t=0201 CARRIER_A_STABLE carrier_field
t=0202 CARRIER_A_STABLE carrier_field
t=0203 CARRIER_A_STABLE carrier_field
t=0204 CARRIER_A_STABLE carrier_field
t=0205 CARRIER_A_STABLE carrier_field
t=0206 CARRIER_A_STABLE carrier_field
t=0207 CARRIER_A_STABLE carrier_field
t=0208 CARRIER_A_STABLE carrier_field
t=0209 CARRIER_A_STABLE carrier_field
t=0210 CARRIER_A_STABLE carrier_field
t=0211 CARRIER_A_STABLE carrier_field
t=0212 CARRIER_A_STABLE carrier_field
t=0213 CARRIER_A_STABLE carrier_field
t=0214 CARRIER_A_STABLE carrier_field
t=0215 CARRIER_A_STABLE carrier_field
t=0216 CARRIER_A_STABLE carrier_field
t=0217 CARRIER_A_STABLE carrier_field
t=0218 CARRIER_A_STABLE carrier_field
t=0219 CARRIER_A_STABLE carrier_field
t=0220 CARRIER_A_STABLE carrier_field
t=0221 CARRIER_A_STABLE carrier_field
t=0222 CARRIER_A_STABLE carrier_field
t=0223 CARRIER_A_STABLE carrier_field
t=0224 CARRIER_A_STABLE carrier_field
t=0225 CARRIER_A_STABLE carrier_field
t=0226 CARRIER_A_STABLE carrier_field
t=0227 CARRIER_A_STABLE carrier_field
t=0228 CARRIER_A_STABLE carrier_field
t=0229 CARRIER_A_STABLE carrier_field
t=0230 CARRIER_A_STABLE carrier_field
t=0231 CARRIER_A_STABLE carrier_field
t=0232 CARRIER_A_STABLE carrier_field
t=0233 CARRIER_A_STABLE carrier_field
t=0234 CARRIER_A_STABLE carrier_field
t=0235 CARRIER_A_STABLE carrier_field
t=0236 CARRIER_A_STABLE carrier_field
t=0237 CARRIER_A_STABLE carrier_field
t=0238 CARRIER_A_STABLE carrier_field
t=0239 CARRIER_A_STABLE carrier_field
t=0240 CARRIER_A_STABLE carrier_field
t=0241 CARRIER_A_STABLE carrier_field
t=0242 CARRIER_A_STABLE carrier_field
t=0243 CARRIER_A_STABLE carrier_field
t=0244 CARRIER_A_STABLE carrier_field
t=0245 CARRIER_A_STABLE carrier_field
t=0246 CARRIER_A_STABLE carrier_field
t=0247 CARRIER_A_STABLE carrier_field
t=0248 CARRIER_A_STABLE carrier_field
t=0249 CARRIER_A_STABLE carrier_field
t=0250 CARRIER_A_STABLE carrier_field
t=0251 CARRIER_A_STABLE carrier_field
t=0252 CARRIER_A_STABLE carrier_field
t=0253 CARRIER_A_STABLE carrier_field
t=0254 CARRIER_A_STABLE carrier_field
t=0255 CARRIER_A_STABLE carrier_field
t=0256 CARRIER_A_STABLE carrier_field
t=0257 CARRIER_A_STABLE carrier_field
t=0258 CARRIER_A_STABLE carrier_field
t=0259 CARRIER_A_STABLE carrier_field
t=0260 RESIDUAL_BURST_0260_3790 burst_zone
t=0261 RESIDUAL_BURST_0261_8439 burst_zone
t=0262 MID_SEAM_ALPHA burst_seam
t=0263 MID_SEAM_ALPHA burst_seam
t=0264 RESIDUAL_BURST_0264_6489 burst_zone
t=0265 MID_SEAM_ALPHA burst_seam
t=0266 RESIDUAL_BURST_0266_2810 burst_zone
t=0267 RESIDUAL_BURST_0267_7400 burst_zone
t=0268 RESIDUAL_BURST_0268_4440 burst_zone
t=0269 MID_HOLD_DELTA burst_seam
t=0270 RESIDUAL_BURST_0270_4557 burst_zone
t=0271 MID_SEAM_ALPHA burst_seam
t=0272 RESIDUAL_BURST_0272_7395 burst_zone
t=0273 RESIDUAL_BURST_0273_7895 burst_zone
t=0274 RESIDUAL_BURST_0274_5529 burst_zone
t=0275 MID_HOLD_DELTA burst_seam
t=0276 RESIDUAL_BURST_0276_8700 burst_zone
t=0277 RESIDUAL_BURST_0277_2697 burst_zone
t=0278 RESIDUAL_BURST_0278_1932 burst_zone
t=0279 RESIDUAL_BURST_0279_5701 burst_zone
t=0280 RESIDUAL_BURST_0280_2096 burst_zone
t=0281 RESIDUAL_BURST_0281_3560 burst_zone
t=0282 RESIDUAL_BURST_0282_3810 burst_zone
t=0283 MID_SEAM_ALPHA burst_seam
t=0284 RESIDUAL_BURST_0284_5843 burst_zone
t=0285 MID_RETURN_GAMMA burst_seam
t=0286 MID_SEAM_ALPHA burst_seam
t=0287 RESIDUAL_BURST_0287_2849 burst_zone
t=0288 RESIDUAL_BURST_0288_2627 burst_zone
t=0289 RESIDUAL_BURST_0289_1736 burst_zone
t=0290 RESIDUAL_BURST_0290_5471 burst_zone
t=0291 RESIDUAL_BURST_0291_7966 burst_zone
t=0292 RESIDUAL_BURST_0292_8039 burst_zone
t=0293 MID_SEAM_ALPHA burst_seam
t=0294 RESIDUAL_BURST_0294_1630 burst_zone
t=0295 RESIDUAL_BURST_0295_1219 burst_zone
t=0296 RESIDUAL_BURST_0296_7315 burst_zone
t=0297 RESIDUAL_BURST_0297_2120 burst_zone
t=0298 RESIDUAL_BURST_0298_7373 burst_zone
t=0299 RESIDUAL_BURST_0299_9840 burst_zone
t=0300 RESIDUAL_BURST_0300_4829 burst_zone
t=0301 RESIDUAL_BURST_0301_5775 burst_zone
t=0302 CARRIER_A_STABLE carrier_field
t=0303 CARRIER_A_STABLE carrier_field
t=0304 CARRIER_A_STABLE carrier_field
t=0305 RESIDUAL_EDGE_0305_3385 edge_disturbance
t=0306 CARRIER_A_STABLE carrier_field
t=0307 CARRIER_A_STABLE carrier_field
t=0308 CARRIER_A_STABLE carrier_field
t=0309 CARRIER_A_STABLE carrier_field
t=0310 CARRIER_A_STABLE carrier_field
t=0311 CARRIER_A_STABLE carrier_field
t=0312 CARRIER_A_STABLE carrier_field
t=0313 CARRIER_A_STABLE carrier_field
t=0314 CARRIER_A_STABLE carrier_field
t=0315 CARRIER_A_STABLE carrier_field
t=0316 CARRIER_A_STABLE carrier_field
t=0317 CARRIER_A_STABLE carrier_field
t=0318 CARRIER_A_STABLE carrier_field
t=0319 CARRIER_A_STABLE carrier_field
t=0320 CARRIER_A_STABLE carrier_field
t=0321 CARRIER_A_STABLE carrier_field
t=0322 CARRIER_A_STABLE carrier_field
t=0323 CARRIER_A_STABLE carrier_field
t=0324 CARRIER_A_STABLE carrier_field
t=0325 CARRIER_A_STABLE carrier_field
t=0326 CARRIER_A_STABLE carrier_field
t=0327 CARRIER_A_STABLE carrier_field
t=0328 CARRIER_A_STABLE carrier_field
t=0329 CARRIER_A_STABLE carrier_field
t=0330 CARRIER_A_STABLE carrier_field
t=0331 CARRIER_A_STABLE carrier_field
t=0332 CARRIER_A_STABLE carrier_field
t=0333 CARRIER_A_STABLE carrier_field
t=0334 CARRIER_A_STABLE carrier_field
t=0335 CARRIER_A_STABLE carrier_field
t=0336 CARRIER_A_STABLE carrier_field
t=0337 CARRIER_A_STABLE carrier_field
t=0338 CARRIER_A_STABLE carrier_field
t=0339 CARRIER_A_STABLE carrier_field
t=0340 CARRIER_A_STABLE carrier_field
t=0341 CARRIER_A_STABLE carrier_field
t=0342 CARRIER_A_STABLE carrier_field
t=0343 CARRIER_A_STABLE carrier_field
t=0344 RESIDUAL_EDGE_0344_6644 edge_disturbance
t=0345 CARRIER_A_STABLE carrier_field
t=0346 CARRIER_A_STABLE carrier_field
t=0347 CARRIER_A_STABLE carrier_field
t=0348 CARRIER_A_STABLE carrier_field
t=0349 CARRIER_A_STABLE carrier_field
t=0350 CARRIER_A_STABLE carrier_field
t=0351 CARRIER_A_STABLE carrier_field
t=0352 CARRIER_A_STABLE carrier_field
t=0353 CARRIER_A_STABLE carrier_field
t=0354 CARRIER_A_STABLE carrier_field
t=0355 CARRIER_A_STABLE carrier_field
t=0356 CARRIER_A_STABLE carrier_field
t=0357 CARRIER_A_STABLE carrier_field
t=0358 CARRIER_A_STABLE carrier_field
t=0359 CARRIER_A_STABLE carrier_field
t=0360 CARRIER_A_STABLE carrier_field
t=0361 CARRIER_A_STABLE carrier_field
t=0362 CARRIER_A_STABLE carrier_field
t=0363 CARRIER_A_STABLE carrier_field
t=0364 CARRIER_A_STABLE carrier_field
t=0365 CARRIER_A_STABLE carrier_field
t=0366 CARRIER_A_STABLE carrier_field
t=0367 CARRIER_A_STABLE carrier_field
t=0368 CARRIER_A_STABLE carrier_field
t=0369 CARRIER_A_STABLE carrier_field
t=0370 CARRIER_A_STABLE carrier_field
t=0371 CARRIER_A_STABLE carrier_field
t=0372 CARRIER_A_STABLE carrier_field
t=0373 CARRIER_A_STABLE carrier_field
t=0374 CARRIER_A_STABLE carrier_field
t=0375 CARRIER_A_STABLE carrier_field
t=0376 CARRIER_A_STABLE carrier_field
t=0377 CARRIER_A_STABLE carrier_field
t=0378 CARRIER_A_STABLE carrier_field
t=0379 CARRIER_A_STABLE carrier_field
t=0380 CARRIER_A_STABLE carrier_field
t=0381 CARRIER_A_STABLE carrier_field
t=0382 CARRIER_A_STABLE carrier_field
t=0383 CARRIER_A_STABLE carrier_field
t=0384 CARRIER_A_STABLE carrier_field
t=0385 CARRIER_A_STABLE carrier_field
t=0386 CARRIER_A_STABLE carrier_field
t=0387 CARRIER_A_STABLE carrier_field
t=0388 CARRIER_A_STABLE carrier_field
t=0389 CARRIER_A_STABLE carrier_field
t=0390 CARRIER_A_STABLE carrier_field
t=0391 CARRIER_A_STABLE carrier_field
t=0392 CARRIER_A_STABLE carrier_field
t=0393 CARRIER_A_STABLE carrier_field
t=0394 CARRIER_A_STABLE carrier_field
t=0395 CARRIER_A_STABLE carrier_field
t=0396 CARRIER_A_STABLE carrier_field
t=0397 CARRIER_A_STABLE carrier_field
t=0398 CARRIER_A_STABLE carrier_field
t=0399 CARRIER_A_STABLE carrier_field
t=0400 CARRIER_A_STABLE carrier_field
t=0401 CARRIER_A_STABLE carrier_field
t=0402 CARRIER_A_STABLE carrier_field
t=0403 CARRIER_A_STABLE carrier_field
t=0404 CARRIER_A_STABLE carrier_field
t=0405 CARRIER_A_STABLE carrier_field
t=0406 CARRIER_A_STABLE carrier_field
t=0407 CARRIER_A_STABLE carrier_field
t=0408 CARRIER_A_STABLE carrier_field
t=0409 CARRIER_A_STABLE carrier_field
t=0410 CARRIER_A_STABLE carrier_field
t=0411 CARRIER_A_STABLE carrier_field
t=0412 CARRIER_A_STABLE carrier_field
t=0413 CARRIER_A_STABLE carrier_field
t=0414 CARRIER_A_STABLE carrier_field
t=0415 CARRIER_A_STABLE carrier_field
t=0416 RESIDUAL_EDGE_0416_7357 edge_disturbance
t=0417 CARRIER_A_STABLE carrier_field
t=0418 CARRIER_A_STABLE carrier_field
t=0419 CARRIER_A_STABLE carrier_field
t=0420 CARRIER_A_STABLE carrier_field
t=0421 CARRIER_A_STABLE carrier_field
t=0422 CARRIER_A_STABLE carrier_field
t=0423 CARRIER_A_STABLE carrier_field
t=0424 CARRIER_A_STABLE carrier_field
t=0425 CARRIER_A_STABLE carrier_field
t=0426 CARRIER_A_STABLE carrier_field
t=0427 CARRIER_A_STABLE carrier_field
t=0428 CARRIER_A_STABLE carrier_field
t=0429 CARRIER_A_STABLE carrier_field
t=0430 RESIDUAL_EDGE_0430_8219 edge_disturbance
t=0431 CARRIER_A_STABLE carrier_field
t=0432 CARRIER_A_STABLE carrier_field
t=0433 CARRIER_A_STABLE carrier_field
t=0434 CARRIER_A_STABLE carrier_field
t=0435 CARRIER_A_STABLE carrier_field
t=0436 CARRIER_A_STABLE carrier_field
t=0437 CARRIER_A_STABLE carrier_field
t=0438 CARRIER_A_STABLE carrier_field
t=0439 CARRIER_A_STABLE carrier_field
t=0440 CARRIER_A_STABLE carrier_field
t=0441 CARRIER_A_STABLE carrier_field
t=0442 RESIDUAL_EDGE_0442_1730 edge_disturbance
t=0443 CARRIER_A_STABLE carrier_field
t=0444 CARRIER_A_STABLE carrier_field
t=0445 CARRIER_A_STABLE carrier_field
t=0446 CARRIER_A_STABLE carrier_field
t=0447 CARRIER_A_STABLE carrier_field
t=0448 CARRIER_A_STABLE carrier_field
t=0449 CARRIER_A_STABLE carrier_field
t=0450 CARRIER_A_STABLE carrier_field
t=0451 CARRIER_A_STABLE carrier_field
t=0452 CARRIER_A_STABLE carrier_field
t=0453 CARRIER_A_STABLE carrier_field
t=0454 CARRIER_A_STABLE carrier_field
t=0455 CARRIER_A_STABLE carrier_field
t=0456 CARRIER_A_STABLE carrier_field
t=0457 CARRIER_A_STABLE carrier_field
t=0458 CARRIER_A_STABLE carrier_field
t=0459 CARRIER_A_STABLE carrier_field
t=0460 CARRIER_A_STABLE carrier_field
t=0461 CARRIER_A_STABLE carrier_field
t=0462 CARRIER_A_STABLE carrier_field
t=0463 CARRIER_A_STABLE carrier_field
t=0464 CARRIER_A_STABLE carrier_field
t=0465 CARRIER_A_STABLE carrier_field
t=0466 CARRIER_A_STABLE carrier_field
t=0467 CARRIER_A_STABLE carrier_field
t=0468 CARRIER_A_STABLE carrier_field
t=0469 CARRIER_A_STABLE carrier_field
t=0470 CARRIER_A_STABLE carrier_field
t=0471 RESIDUAL_EDGE_0471_4702 edge_disturbance
t=0472 CARRIER_A_STABLE carrier_field
t=0473 CARRIER_A_STABLE carrier_field
t=0474 CARRIER_A_STABLE carrier_field
t=0475 CARRIER_A_STABLE carrier_field
t=0476 CARRIER_A_STABLE carrier_field
t=0477 CARRIER_A_STABLE carrier_field
t=0478 CARRIER_A_STABLE carrier_field
t=0479 CARRIER_A_STABLE carrier_field
t=0480 RESIDUAL_BURST_0480_6440 burst_zone
t=0481 RESIDUAL_BURST_0481_3483 burst_zone
t=0482 RESIDUAL_BURST_0482_8657 burst_zone
t=0483 RESIDUAL_BURST_0483_2439 burst_zone
t=0484 RESIDUAL_BURST_0484_4821 burst_zone
t=0485 MID_SEAM_ALPHA burst_seam
t=0486 RESIDUAL_BURST_0486_8164 burst_zone
t=0487 MID_RETURN_GAMMA burst_seam
t=0488 RESIDUAL_BURST_0488_1178 burst_zone
t=0489 RESIDUAL_BURST_0489_1898 burst_zone
t=0490 RESIDUAL_BURST_0490_9776 burst_zone
t=0491 RESIDUAL_BURST_0491_4620 burst_zone
t=0492 RESIDUAL_BURST_0492_6348 burst_zone
t=0493 RESIDUAL_BURST_0493_2622 burst_zone
t=0494 RESIDUAL_BURST_0494_9514 burst_zone
t=0495 RESIDUAL_BURST_0495_3331 burst_zone
t=0496 RESIDUAL_BURST_0496_7961 burst_zone
t=0497 MID_SEAM_BETA burst_seam
t=0498 MID_SEAM_ALPHA burst_seam
t=0499 RESIDUAL_BURST_0499_7984 burst_zone
t=0500 RESIDUAL_BURST_0500_4426 burst_zone
t=0501 RESIDUAL_BURST_0501_3451 burst_zone
t=0502 MID_RETURN_GAMMA burst_seam
t=0503 MID_SEAM_ALPHA burst_seam
t=0504 RESIDUAL_BURST_0504_6986 burst_zone
t=0505 RESIDUAL_BURST_0505_8909 burst_zone
t=0506 RESIDUAL_BURST_0506_6477 burst_zone
t=0507 RESIDUAL_BURST_0507_9449 burst_zone
t=0508 RESIDUAL_BURST_0508_6635 burst_zone
t=0509 RESIDUAL_BURST_0509_4354 burst_zone
t=0510 RESIDUAL_BURST_0510_7496 burst_zone
t=0511 RESIDUAL_BURST_0511_2986 burst_zone
t=0512 RESIDUAL_BURST_0512_3910 burst_zone
t=0513 RESIDUAL_BURST_0513_2133 burst_zone
t=0514 RESIDUAL_BURST_0514_9293 burst_zone
t=0515 RESIDUAL_BURST_0515_2848 burst_zone
t=0516 RESIDUAL_BURST_0516_6273 burst_zone
t=0517 RESIDUAL_BURST_0517_4363 burst_zone
t=0518 RESIDUAL_BURST_0518_9965 burst_zone
t=0519 RESIDUAL_BURST_0519_9751 burst_zone
t=0520 RESIDUAL_BURST_0520_8876 burst_zone
t=0521 RESIDUAL_BURST_0521_2355 burst_zone
t=0522 MID_SEAM_ALPHA recomposition_pocket
t=0523 MID_HOLD_DELTA recomposition_pocket
t=0524 MID_SEAM_ALPHA recomposition_pocket
t=0525 MID_SEAM_BETA recomposition_pocket
t=0526 MID_SEAM_ALPHA recomposition_pocket
t=0527 MID_SEAM_ALPHA recomposition_pocket
t=0528 MID_RETURN_GAMMA recomposition_pocket
t=0529 MID_SEAM_ALPHA recomposition_pocket
t=0530 MID_SEAM_ALPHA recomposition_pocket
t=0531 MID_SEAM_ALPHA recomposition_pocket
t=0532 MID_HOLD_DELTA recomposition_pocket
t=0533 MID_SEAM_BETA recomposition_pocket
t=0534 MID_RETURN_GAMMA recomposition_pocket
t=0535 MID_HOLD_DELTA recomposition_pocket
t=0536 MID_RETURN_GAMMA recomposition_pocket
t=0537 MID_SEAM_ALPHA recomposition_pocket
t=0538 MID_SEAM_BETA recomposition_pocket
t=0539 MID_SEAM_ALPHA recomposition_pocket
t=0540 MID_RETURN_GAMMA recomposition_pocket
t=0541 MID_SEAM_BETA recomposition_pocket
t=0542 MID_HOLD_DELTA recomposition_pocket
t=0543 MID_SEAM_ALPHA recomposition_pocket
t=0544 MID_SEAM_ALPHA recomposition_pocket
t=0545 MID_SEAM_ALPHA recomposition_pocket
t=0546 MID_HOLD_DELTA recomposition_pocket
t=0547 MID_SEAM_BETA recomposition_pocket
t=0548 MID_RETURN_GAMMA recomposition_pocket
t=0549 MID_SEAM_ALPHA recomposition_pocket
t=0550 MID_HOLD_DELTA recomposition_pocket
t=0551 MID_RETURN_GAMMA recomposition_pocket
t=0552 MID_SEAM_BETA recomposition_pocket
t=0553 MID_HOLD_DELTA recomposition_pocket
t=0554 MID_SEAM_BETA recomposition_pocket
t=0555 MID_RETURN_GAMMA recomposition_pocket
t=0556 MID_RETURN_GAMMA recomposition_pocket
t=0557 MID_HOLD_DELTA recomposition_pocket
t=0558 MID_HOLD_DELTA recomposition_pocket
t=0559 MID_HOLD_DELTA recomposition_pocket
t=0560 MID_HOLD_DELTA recomposition_pocket
t=0561 MID_HOLD_DELTA recomposition_pocket
t=0562 MID_RETURN_GAMMA recomposition_pocket
t=0563 MID_RETURN_GAMMA recomposition_pocket
t=0564 MID_SEAM_BETA recomposition_pocket
t=0565 MID_HOLD_DELTA recomposition_pocket
t=0566 MID_HOLD_DELTA recomposition_pocket
t=0567 MID_SEAM_ALPHA recomposition_pocket
t=0568 MID_HOLD_DELTA recomposition_pocket
t=0569 MID_HOLD_DELTA recomposition_pocket
t=0570 MID_HOLD_DELTA recomposition_pocket
t=0571 MID_SEAM_ALPHA recomposition_pocket
t=0572 MID_SEAM_ALPHA recomposition_pocket
t=0573 MID_SEAM_BETA recomposition_pocket
t=0574 MID_HOLD_DELTA recomposition_pocket
t=0575 MID_HOLD_DELTA recomposition_pocket
t=0576 MID_HOLD_DELTA recomposition_pocket
t=0577 MID_SEAM_BETA recomposition_pocket
t=0578 MID_RETURN_GAMMA recomposition_pocket
t=0579 MID_HOLD_DELTA recomposition_pocket
t=0580 MID_RETURN_GAMMA recomposition_pocket
t=0581 MID_HOLD_DELTA recomposition_pocket
t=0582 MID_HOLD_DELTA recomposition_pocket
t=0583 MID_SEAM_ALPHA recomposition_pocket
t=0584 MID_SEAM_BETA recomposition_pocket
t=0585 MID_SEAM_BETA recomposition_pocket
t=0586 MID_HOLD_DELTA recomposition_pocket
t=0587 MID_SEAM_BETA recomposition_pocket
t=0588 MID_RETURN_GAMMA recomposition_pocket
t=0589 MID_SEAM_BETA recomposition_pocket
t=0590 MID_SEAM_BETA recomposition_pocket
t=0591 MID_SEAM_BETA recomposition_pocket
t=0592 MID_RETURN_GAMMA recomposition_pocket
t=0593 MID_SEAM_BETA recomposition_pocket
t=0594 MID_SEAM_BETA recomposition_pocket
t=0595 MID_SEAM_ALPHA recomposition_pocket
t=0596 MID_HOLD_DELTA recomposition_pocket
t=0597 MID_SEAM_BETA recomposition_pocket
t=0598 MID_RETURN_GAMMA recomposition_pocket
t=0599 MID_SEAM_BETA recomposition_pocket
t=0600 MID_SEAM_ALPHA recomposition_pocket
t=0601 MID_SEAM_ALPHA recomposition_pocket
t=0602 MID_SEAM_BETA recomposition_pocket
t=0603 MID_SEAM_ALPHA recomposition_pocket
t=0604 MID_SEAM_ALPHA recomposition_pocket
t=0605 MID_HOLD_DELTA recomposition_pocket
t=0606 MID_SEAM_ALPHA recomposition_pocket
t=0607 MID_SEAM_BETA recomposition_pocket
t=0608 MID_SEAM_ALPHA recomposition_pocket
t=0609 MID_RETURN_GAMMA recomposition_pocket
t=0610 MID_HOLD_DELTA recomposition_pocket
t=0611 MID_RETURN_GAMMA recomposition_pocket
t=0612 MID_RETURN_GAMMA recomposition_pocket
t=0613 MID_HOLD_DELTA recomposition_pocket
t=0614 MID_HOLD_DELTA recomposition_pocket
t=0615 MID_SEAM_ALPHA recomposition_pocket
t=0616 MID_HOLD_DELTA recomposition_pocket
t=0617 MID_HOLD_DELTA recomposition_pocket
t=0618 MID_RETURN_GAMMA recomposition_pocket
t=0619 MID_SEAM_BETA recomposition_pocket
t=0620 CARRIER_A_STABLE carrier_field
t=0621 CARRIER_A_STABLE carrier_field
t=0622 CARRIER_A_STABLE carrier_field
t=0623 CARRIER_A_STABLE carrier_field
t=0624 CARRIER_A_STABLE carrier_field
t=0625 CARRIER_A_STABLE carrier_field
t=0626 CARRIER_A_STABLE carrier_field
t=0627 CARRIER_A_STABLE carrier_field
t=0628 CARRIER_A_STABLE carrier_field
t=0629 CARRIER_A_STABLE carrier_field
t=0630 CARRIER_A_STABLE carrier_field
t=0631 CARRIER_A_STABLE carrier_field
t=0632 CARRIER_A_STABLE carrier_field
t=0633 CARRIER_A_STABLE carrier_field
t=0634 CARRIER_A_STABLE carrier_field
t=0635 CARRIER_A_STABLE carrier_field
t=0636 CARRIER_A_STABLE carrier_field
t=0637 CARRIER_A_STABLE carrier_field
t=0638 CARRIER_A_STABLE carrier_field
t=0639 CARRIER_A_STABLE carrier_field
t=0640 CARRIER_A_STABLE carrier_field
t=0641 CARRIER_A_STABLE carrier_field
t=0642 CARRIER_A_STABLE carrier_field
t=0643 CARRIER_A_STABLE carrier_field
t=0644 CARRIER_A_STABLE carrier_field
t=0645 CARRIER_A_STABLE carrier_field
t=0646 CARRIER_A_STABLE carrier_field
t=0647 CARRIER_A_STABLE carrier_field
t=0648 CARRIER_A_STABLE carrier_field
t=0649 CARRIER_A_STABLE carrier_field
t=0650 CARRIER_A_STABLE carrier_field
t=0651 CARRIER_A_STABLE carrier_field
t=0652 CARRIER_A_STABLE carrier_field
t=0653 CARRIER_A_STABLE carrier_field
t=0654 CARRIER_A_STABLE carrier_field
t=0655 CARRIER_A_STABLE carrier_field
t=0656 CARRIER_A_STABLE carrier_field
t=0657 CARRIER_A_STABLE carrier_field
t=0658 CARRIER_A_STABLE carrier_field
t=0659 CARRIER_A_STABLE carrier_field
t=0660 CARRIER_A_STABLE carrier_field
t=0661 CARRIER_A_STABLE carrier_field
t=0662 CARRIER_A_STABLE carrier_field
t=0663 CARRIER_A_STABLE carrier_field
t=0664 CARRIER_A_STABLE carrier_field
t=0665 CARRIER_A_STABLE carrier_field
t=0666 CARRIER_A_STABLE carrier_field
t=0667 CARRIER_A_STABLE carrier_field
t=0668 CARRIER_A_STABLE carrier_field
t=0669 CARRIER_A_STABLE carrier_field
t=0670 CARRIER_A_STABLE carrier_field
t=0671 CARRIER_A_STABLE carrier_field
t=0672 CARRIER_A_STABLE carrier_field
t=0673 CARRIER_A_STABLE carrier_field
t=0674 CARRIER_A_STABLE carrier_field
t=0675 CARRIER_A_STABLE carrier_field
t=0676 CARRIER_A_STABLE carrier_field
t=0677 CARRIER_A_STABLE carrier_field
t=0678 CARRIER_A_STABLE carrier_field
t=0679 CARRIER_A_STABLE carrier_field
t=0680 CARRIER_A_STABLE carrier_field
t=0681 CARRIER_A_STABLE carrier_field
t=0682 RESIDUAL_EDGE_0682_8844 edge_disturbance
t=0683 CARRIER_A_STABLE carrier_field
t=0684 CARRIER_A_STABLE carrier_field
t=0685 CARRIER_A_STABLE carrier_field
t=0686 CARRIER_A_STABLE carrier_field
t=0687 CARRIER_A_STABLE carrier_field
t=0688 CARRIER_A_STABLE carrier_field
t=0689 CARRIER_A_STABLE carrier_field
t=0690 CARRIER_A_STABLE carrier_field
t=0691 CARRIER_A_STABLE carrier_field
t=0692 CARRIER_A_STABLE carrier_field
t=0693 CARRIER_A_STABLE carrier_field
t=0694 CARRIER_A_STABLE carrier_field
t=0695 CARRIER_A_STABLE carrier_field
t=0696 CARRIER_A_STABLE carrier_field
t=0697 CARRIER_A_STABLE carrier_field
t=0698 CARRIER_A_STABLE carrier_field
t=0699 CARRIER_A_STABLE carrier_field
t=0700 RESIDUAL_BURST_0700_1831 burst_zone
t=0701 RESIDUAL_BURST_0701_9212 burst_zone
t=0702 RESIDUAL_BURST_0702_8711 burst_zone
t=0703 RESIDUAL_BURST_0703_2910 burst_zone
t=0704 RESIDUAL_BURST_0704_8362 burst_zone
t=0705 RESIDUAL_BURST_0705_5390 burst_zone
t=0706 RESIDUAL_BURST_0706_9263 burst_zone
t=0707 RESIDUAL_BURST_0707_6031 burst_zone
t=0708 MID_SEAM_BETA burst_seam
t=0709 RESIDUAL_BURST_0709_1898 burst_zone
t=0710 MID_SEAM_BETA burst_seam
t=0711 RESIDUAL_BURST_0711_5953 burst_zone
t=0712 MID_RETURN_GAMMA burst_seam
t=0713 RESIDUAL_BURST_0713_8160 burst_zone
t=0714 RESIDUAL_BURST_0714_6479 burst_zone
t=0715 RESIDUAL_BURST_0715_4248 burst_zone
t=0716 RESIDUAL_BURST_0716_3326 burst_zone
t=0717 MID_HOLD_DELTA burst_seam
t=0718 RESIDUAL_BURST_0718_5695 burst_zone
t=0719 RESIDUAL_BURST_0719_9309 burst_zone
t=0720 RESIDUAL_BURST_0720_5412 burst_zone
t=0721 MID_SEAM_BETA burst_seam
t=0722 RESIDUAL_BURST_0722_7894 burst_zone
t=0723 RESIDUAL_BURST_0723_4906 burst_zone
t=0724 MID_SEAM_ALPHA burst_seam
t=0725 RESIDUAL_BURST_0725_9828 burst_zone
t=0726 RESIDUAL_BURST_0726_4940 burst_zone
t=0727 RESIDUAL_BURST_0727_5682 burst_zone
t=0728 RESIDUAL_BURST_0728_5755 burst_zone
t=0729 RESIDUAL_BURST_0729_7064 burst_zone
t=0730 RESIDUAL_BURST_0730_8207 burst_zone
t=0731 RESIDUAL_BURST_0731_1582 burst_zone
t=0732 RESIDUAL_BURST_0732_3899 burst_zone
t=0733 MID_HOLD_DELTA burst_seam
t=0734 RESIDUAL_BURST_0734_6422 burst_zone
t=0735 RESIDUAL_BURST_0735_7590 burst_zone
t=0736 MID_HOLD_DELTA burst_seam
t=0737 RESIDUAL_BURST_0737_9252 burst_zone
t=0738 RESIDUAL_BURST_0738_2827 burst_zone
t=0739 RESIDUAL_BURST_0739_1960 burst_zone
t=0740 RESIDUAL_BURST_0740_6683 burst_zone
t=0741 RESIDUAL_BURST_0741_8174 burst_zone
t=0742 CARRIER_B_STABLE carrier_field
t=0743 CARRIER_B_STABLE carrier_field
t=0744 CARRIER_B_STABLE carrier_field
t=0745 CARRIER_B_STABLE carrier_field
t=0746 CARRIER_B_STABLE carrier_field
t=0747 CARRIER_B_STABLE carrier_field
t=0748 RESIDUAL_EDGE_0748_1587 edge_disturbance
t=0749 CARRIER_B_STABLE carrier_field
t=0750 CARRIER_B_STABLE carrier_field
t=0751 CARRIER_B_STABLE carrier_field
t=0752 CARRIER_B_STABLE carrier_field
t=0753 CARRIER_B_STABLE carrier_field
t=0754 CARRIER_B_STABLE carrier_field
t=0755 CARRIER_B_STABLE carrier_field
t=0756 CARRIER_B_STABLE carrier_field
t=0757 CARRIER_B_STABLE carrier_field
t=0758 CARRIER_B_STABLE carrier_field
t=0759 CARRIER_B_STABLE carrier_field
t=0760 CARRIER_B_STABLE carrier_field
t=0761 CARRIER_B_STABLE carrier_field
t=0762 CARRIER_B_STABLE carrier_field
t=0763 CARRIER_B_STABLE carrier_field
t=0764 CARRIER_B_STABLE carrier_field
t=0765 CARRIER_B_STABLE carrier_field
t=0766 CARRIER_B_STABLE carrier_field
t=0767 CARRIER_B_STABLE carrier_field
t=0768 CARRIER_B_STABLE carrier_field
t=0769 CARRIER_B_STABLE carrier_field
t=0770 CARRIER_B_STABLE carrier_field
t=0771 CARRIER_B_STABLE carrier_field
t=0772 CARRIER_B_STABLE carrier_field
t=0773 CARRIER_B_STABLE carrier_field
t=0774 CARRIER_B_STABLE carrier_field
t=0775 CARRIER_B_STABLE carrier_field
t=0776 CARRIER_B_STABLE carrier_field
t=0777 CARRIER_B_STABLE carrier_field
t=0778 CARRIER_B_STABLE carrier_field
t=0779 CARRIER_B_STABLE carrier_field
t=0780 CARRIER_B_STABLE carrier_field
t=0781 CARRIER_B_STABLE carrier_field
t=0782 CARRIER_B_STABLE carrier_field
t=0783 CARRIER_B_STABLE carrier_field
t=0784 CARRIER_B_STABLE carrier_field
t=0785 CARRIER_B_STABLE carrier_field
t=0786 CARRIER_B_STABLE carrier_field
t=0787 CARRIER_B_STABLE carrier_field
t=0788 CARRIER_B_STABLE carrier_field
t=0789 CARRIER_B_STABLE carrier_field
t=0790 CARRIER_B_STABLE carrier_field
t=0791 CARRIER_B_STABLE carrier_field
t=0792 CARRIER_B_STABLE carrier_field
t=0793 CARRIER_B_STABLE carrier_field
t=0794 CARRIER_B_STABLE carrier_field
t=0795 CARRIER_B_STABLE carrier_field
t=0796 CARRIER_B_STABLE carrier_field
t=0797 CARRIER_B_STABLE carrier_field
t=0798 CARRIER_B_STABLE carrier_field
t=0799 CARRIER_B_STABLE carrier_field
t=0800 CARRIER_B_STABLE carrier_field
t=0801 CARRIER_B_STABLE carrier_field
t=0802 CARRIER_B_STABLE carrier_field
t=0803 CARRIER_B_STABLE carrier_field
t=0804 CARRIER_B_STABLE carrier_field
t=0805 CARRIER_B_STABLE carrier_field
t=0806 CARRIER_B_STABLE carrier_field
t=0807 CARRIER_B_STABLE carrier_field
t=0808 CARRIER_B_STABLE carrier_field
t=0809 CARRIER_B_STABLE carrier_field
t=0810 CARRIER_B_STABLE carrier_field
t=0811 CARRIER_B_STABLE carrier_field
t=0812 CARRIER_B_STABLE carrier_field
t=0813 CARRIER_B_STABLE carrier_field
t=0814 CARRIER_B_STABLE carrier_field
t=0815 CARRIER_B_STABLE carrier_field
t=0816 CARRIER_B_STABLE carrier_field
t=0817 CARRIER_B_STABLE carrier_field
t=0818 CARRIER_B_STABLE carrier_field
t=0819 CARRIER_B_STABLE carrier_field
t=0820 CARRIER_B_STABLE carrier_field
t=0821 CARRIER_B_STABLE carrier_field
t=0822 CARRIER_B_STABLE carrier_field
t=0823 CARRIER_B_STABLE carrier_field
t=0824 CARRIER_B_STABLE carrier_field
t=0825 CARRIER_B_STABLE carrier_field
t=0826 CARRIER_B_STABLE carrier_field
t=0827 CARRIER_B_STABLE carrier_field
t=0828 CARRIER_B_STABLE carrier_field
t=0829 RESIDUAL_EDGE_0829_1832 edge_disturbance
t=0830 CARRIER_B_STABLE carrier_field
t=0831 CARRIER_B_STABLE carrier_field
t=0832 CARRIER_B_STABLE carrier_field
t=0833 CARRIER_B_STABLE carrier_field
t=0834 CARRIER_B_STABLE carrier_field
t=0835 CARRIER_B_STABLE carrier_field
t=0836 CARRIER_B_STABLE carrier_field
t=0837 CARRIER_B_STABLE carrier_field
t=0838 CARRIER_B_STABLE carrier_field
t=0839 CARRIER_B_STABLE carrier_field
t=0840 CARRIER_B_STABLE carrier_field
t=0841 CARRIER_B_STABLE carrier_field
t=0842 CARRIER_B_STABLE carrier_field
t=0843 CARRIER_B_STABLE carrier_field
t=0844 CARRIER_B_STABLE carrier_field
t=0845 CARRIER_B_STABLE carrier_field
t=0846 CARRIER_B_STABLE carrier_field
t=0847 CARRIER_B_STABLE carrier_field
t=0848 CARRIER_B_STABLE carrier_field
t=0849 CARRIER_B_STABLE carrier_field
t=0850 CARRIER_B_STABLE carrier_field
t=0851 CARRIER_B_STABLE carrier_field
t=0852 CARRIER_B_STABLE carrier_field
t=0853 CARRIER_B_STABLE carrier_field
t=0854 CARRIER_B_STABLE carrier_field
t=0855 CARRIER_B_STABLE carrier_field
t=0856 CARRIER_B_STABLE carrier_field
t=0857 CARRIER_B_STABLE carrier_field
t=0858 CARRIER_B_STABLE carrier_field
t=0859 CARRIER_B_STABLE carrier_field
t=0860 CARRIER_B_STABLE carrier_field
t=0861 CARRIER_B_STABLE carrier_field
t=0862 CARRIER_B_STABLE carrier_field
t=0863 CARRIER_B_STABLE carrier_field
t=0864 CARRIER_B_STABLE carrier_field
t=0865 CARRIER_B_STABLE carrier_field
t=0866 CARRIER_B_STABLE carrier_field
t=0867 CARRIER_B_STABLE carrier_field
t=0868 CARRIER_B_STABLE carrier_field
t=0869 CARRIER_B_STABLE carrier_field
t=0870 CARRIER_B_STABLE carrier_field
t=0871 CARRIER_B_STABLE carrier_field
t=0872 CARRIER_B_STABLE carrier_field
t=0873 RESIDUAL_EDGE_0873_6997 edge_disturbance
t=0874 CARRIER_B_STABLE carrier_field
t=0875 CARRIER_B_STABLE carrier_field
t=0876 CARRIER_B_STABLE carrier_field
t=0877 CARRIER_B_STABLE carrier_field
t=0878 CARRIER_B_STABLE carrier_field
t=0879 CARRIER_B_STABLE carrier_field
t=0880 CARRIER_B_STABLE carrier_field
t=0881 CARRIER_B_STABLE carrier_field
t=0882 CARRIER_B_STABLE carrier_field
t=0883 CARRIER_B_STABLE carrier_field
t=0884 CARRIER_B_STABLE carrier_field
t=0885 CARRIER_B_STABLE carrier_field
t=0886 CARRIER_B_STABLE carrier_field
t=0887 CARRIER_B_STABLE carrier_field
t=0888 CARRIER_B_STABLE carrier_field
t=0889 CARRIER_B_STABLE carrier_field
t=0890 CARRIER_B_STABLE carrier_field
t=0891 CARRIER_B_STABLE carrier_field
t=0892 CARRIER_B_STABLE carrier_field
t=0893 CARRIER_B_STABLE carrier_field
t=0894 CARRIER_B_STABLE carrier_field
t=0895 CARRIER_B_STABLE carrier_field
t=0896 CARRIER_B_STABLE carrier_field
t=0897 CARRIER_B_STABLE carrier_field
t=0898 CARRIER_B_STABLE carrier_field
t=0899 CARRIER_B_STABLE carrier_field
t=0900 CARRIER_B_STABLE carrier_field
t=0901 RESIDUAL_EDGE_0901_9701 edge_disturbance
t=0902 RESIDUAL_EDGE_0902_8084 edge_disturbance
t=0903 CARRIER_B_STABLE carrier_field
t=0904 CARRIER_B_STABLE carrier_field
t=0905 CARRIER_B_STABLE carrier_field
t=0906 CARRIER_B_STABLE carrier_field
t=0907 CARRIER_B_STABLE carrier_field
t=0908 CARRIER_B_STABLE carrier_field
t=0909 CARRIER_B_STABLE carrier_field
t=0910 CARRIER_B_STABLE carrier_field
t=0911 CARRIER_B_STABLE carrier_field
t=0912 CARRIER_B_STABLE carrier_field
t=0913 CARRIER_B_STABLE carrier_field
t=0914 CARRIER_B_STABLE carrier_field
t=0915 CARRIER_B_STABLE carrier_field
t=0916 CARRIER_B_STABLE carrier_field
t=0917 CARRIER_B_STABLE carrier_field
t=0918 CARRIER_B_STABLE carrier_field
t=0919 CARRIER_B_STABLE carrier_field
t=0920 MID_SEAM_ALPHA burst_seam
t=0921 RESIDUAL_BURST_0921_2522 burst_zone
t=0922 MID_RETURN_GAMMA burst_seam
t=0923 MID_SEAM_ALPHA burst_seam
t=0924 RESIDUAL_BURST_0924_5186 burst_zone
t=0925 MID_RETURN_GAMMA burst_seam
t=0926 RESIDUAL_BURST_0926_4980 burst_zone
t=0927 RESIDUAL_BURST_0927_3309 burst_zone
t=0928 RESIDUAL_BURST_0928_3136 burst_zone
t=0929 RESIDUAL_BURST_0929_9958 burst_zone
t=0930 RESIDUAL_BURST_0930_8617 burst_zone
t=0931 RESIDUAL_BURST_0931_2746 burst_zone
t=0932 RESIDUAL_BURST_0932_1004 burst_zone
t=0933 MID_HOLD_DELTA burst_seam
t=0934 RESIDUAL_BURST_0934_7190 burst_zone
t=0935 MID_HOLD_DELTA burst_seam
t=0936 RESIDUAL_BURST_0936_4706 burst_zone
t=0937 RESIDUAL_BURST_0937_9137 burst_zone
t=0938 MID_RETURN_GAMMA burst_seam
t=0939 RESIDUAL_BURST_0939_3280 burst_zone
t=0940 RESIDUAL_BURST_0940_3145 burst_zone
t=0941 RESIDUAL_BURST_0941_7051 burst_zone
t=0942 MID_SEAM_BETA burst_seam
t=0943 RESIDUAL_BURST_0943_5833 burst_zone
t=0944 MID_SEAM_ALPHA burst_seam
t=0945 MID_SEAM_BETA burst_seam
t=0946 RESIDUAL_BURST_0946_1817 burst_zone
t=0947 RESIDUAL_BURST_0947_2401 burst_zone
t=0948 RESIDUAL_BURST_0948_4227 burst_zone
t=0949 RESIDUAL_BURST_0949_6684 burst_zone
t=0950 RESIDUAL_BURST_0950_7712 burst_zone
t=0951 RESIDUAL_BURST_0951_6184 burst_zone
t=0952 RESIDUAL_BURST_0952_5744 burst_zone
t=0953 RESIDUAL_BURST_0953_1917 burst_zone
t=0954 RESIDUAL_BURST_0954_7537 burst_zone
t=0955 RESIDUAL_BURST_0955_3657 burst_zone
t=0956 RESIDUAL_BURST_0956_3819 burst_zone
t=0957 RESIDUAL_BURST_0957_3576 burst_zone
t=0958 RESIDUAL_BURST_0958_1945 burst_zone
t=0959 MID_RETURN_GAMMA burst_seam
t=0960 RESIDUAL_BURST_0960_7072 burst_zone
t=0961 MID_SEAM_BETA burst_seam
t=0962 CARRIER_B_STABLE carrier_field
t=0963 CARRIER_B_STABLE carrier_field
t=0964 CARRIER_B_STABLE carrier_field
t=0965 CARRIER_B_STABLE carrier_field
t=0966 CARRIER_B_STABLE carrier_field
t=0967 CARRIER_B_STABLE carrier_field
t=0968 CARRIER_B_STABLE carrier_field
t=0969 CARRIER_B_STABLE carrier_field
t=0970 CARRIER_B_STABLE carrier_field
t=0971 CARRIER_B_STABLE carrier_field
t=0972 CARRIER_B_STABLE carrier_field
t=0973 CARRIER_B_STABLE carrier_field
t=0974 CARRIER_B_STABLE carrier_field
t=0975 CARRIER_B_STABLE carrier_field
t=0976 CARRIER_B_STABLE carrier_field
t=0977 CARRIER_B_STABLE carrier_field
t=0978 CARRIER_B_STABLE carrier_field
t=0979 CARRIER_B_STABLE carrier_field
t=0980 CARRIER_B_STABLE carrier_field
t=0981 CARRIER_B_STABLE carrier_field
t=0982 RESIDUAL_EDGE_0982_1009 edge_disturbance
t=0983 CARRIER_B_STABLE carrier_field
t=0984 CARRIER_B_STABLE carrier_field
t=0985 CARRIER_B_STABLE carrier_field
t=0986 CARRIER_B_STABLE carrier_field
t=0987 CARRIER_B_STABLE carrier_field
t=0988 CARRIER_B_STABLE carrier_field
t=0989 CARRIER_B_STABLE carrier_field
t=0990 CARRIER_B_STABLE carrier_field
t=0991 CARRIER_B_STABLE carrier_field
t=0992 CARRIER_B_STABLE carrier_field
t=0993 CARRIER_B_STABLE carrier_field
t=0994 CARRIER_B_STABLE carrier_field
t=0995 CARRIER_B_STABLE carrier_field
t=0996 CARRIER_B_STABLE carrier_field
t=0997 CARRIER_B_STABLE carrier_field
t=0998 CARRIER_B_STABLE carrier_field
t=0999 CARRIER_B_STABLE carrier_field
t=1000 RESIDUAL_EDGE_1000_3238 edge_disturbance
t=1001 CARRIER_B_STABLE carrier_field
t=1002 CARRIER_B_STABLE carrier_field
t=1003 CARRIER_B_STABLE carrier_field
t=1004 CARRIER_B_STABLE carrier_field
t=1005 CARRIER_B_STABLE carrier_field
t=1006 CARRIER_B_STABLE carrier_field
t=1007 CARRIER_B_STABLE carrier_field
t=1008 CARRIER_B_STABLE carrier_field
t=1009 CARRIER_B_STABLE carrier_field
t=1010 CARRIER_B_STABLE carrier_field
t=1011 CARRIER_B_STABLE carrier_field
t=1012 CARRIER_B_STABLE carrier_field
t=1013 CARRIER_B_STABLE carrier_field
t=1014 CARRIER_B_STABLE carrier_field
t=1015 CARRIER_B_STABLE carrier_field
t=1016 CARRIER_B_STABLE carrier_field
t=1017 CARRIER_B_STABLE carrier_field
t=1018 CARRIER_B_STABLE carrier_field
t=1019 CARRIER_B_STABLE carrier_field
t=1020 CARRIER_B_STABLE carrier_field
t=1021 CARRIER_B_STABLE carrier_field
t=1022 CARRIER_B_STABLE carrier_field
t=1023 CARRIER_B_STABLE carrier_field
t=1024 CARRIER_B_STABLE carrier_field
t=1025 CARRIER_B_STABLE carrier_field
t=1026 CARRIER_B_STABLE carrier_field
t=1027 CARRIER_B_STABLE carrier_field
t=1028 CARRIER_B_STABLE carrier_field
t=1029 CARRIER_B_STABLE carrier_field
t=1030 CARRIER_B_STABLE carrier_field
t=1031 CARRIER_B_STABLE carrier_field
t=1032 CARRIER_B_STABLE carrier_field
t=1033 CARRIER_B_STABLE carrier_field
t=1034 CARRIER_B_STABLE carrier_field
t=1035 CARRIER_B_STABLE carrier_field
t=1036 CARRIER_B_STABLE carrier_field
t=1037 CARRIER_B_STABLE carrier_field
t=1038 CARRIER_B_STABLE carrier_field
t=1039 CARRIER_B_STABLE carrier_field
t=1040 CARRIER_B_STABLE carrier_field
t=1041 CARRIER_B_STABLE carrier_field
t=1042 CARRIER_B_STABLE carrier_field
t=1043 CARRIER_B_STABLE carrier_field
t=1044 CARRIER_B_STABLE carrier_field
t=1045 CARRIER_B_STABLE carrier_field
t=1046 CARRIER_B_STABLE carrier_field
t=1047 CARRIER_B_STABLE carrier_field
t=1048 CARRIER_B_STABLE carrier_field
t=1049 CARRIER_B_STABLE carrier_field
t=1050 CARRIER_B_STABLE carrier_field
t=1051 CARRIER_B_STABLE carrier_field
t=1052 CARRIER_B_STABLE carrier_field
t=1053 CARRIER_B_STABLE carrier_field
t=1054 CARRIER_B_STABLE carrier_field
t=1055 CARRIER_B_STABLE carrier_field
t=1056 CARRIER_B_STABLE carrier_field
t=1057 CARRIER_B_STABLE carrier_field
t=1058 CARRIER_B_STABLE carrier_field
t=1059 CARRIER_B_STABLE carrier_field
t=1060 CARRIER_B_STABLE carrier_field
t=1061 CARRIER_B_STABLE carrier_field
t=1062 CARRIER_B_STABLE carrier_field
t=1063 CARRIER_B_STABLE carrier_field
t=1064 CARRIER_B_STABLE carrier_field
t=1065 CARRIER_B_STABLE carrier_field
t=1066 CARRIER_B_STABLE carrier_field
t=1067 CARRIER_B_STABLE carrier_field
t=1068 CARRIER_B_STABLE carrier_field
t=1069 CARRIER_B_STABLE carrier_field
t=1070 CARRIER_B_STABLE carrier_field
t=1071 CARRIER_B_STABLE carrier_field
t=1072 CARRIER_B_STABLE carrier_field
t=1073 CARRIER_B_STABLE carrier_field
t=1074 CARRIER_B_STABLE carrier_field
t=1075 CARRIER_B_STABLE carrier_field
t=1076 CARRIER_B_STABLE carrier_field
t=1077 CARRIER_B_STABLE carrier_field
t=1078 CARRIER_B_STABLE carrier_field
t=1079 CARRIER_B_STABLE carrier_field
t=1080 CARRIER_B_STABLE carrier_field
t=1081 CARRIER_B_STABLE carrier_field
t=1082 CARRIER_B_STABLE carrier_field
t=1083 CARRIER_B_STABLE carrier_field
t=1084 CARRIER_B_STABLE carrier_field
t=1085 CARRIER_B_STABLE carrier_field
t=1086 CARRIER_B_STABLE carrier_field
t=1087 CARRIER_B_STABLE carrier_field
t=1088 CARRIER_B_STABLE carrier_field
t=1089 CARRIER_B_STABLE carrier_field
t=1090 CARRIER_B_STABLE carrier_field
t=1091 CARRIER_B_STABLE carrier_field
t=1092 CARRIER_B_STABLE carrier_field
t=1093 CARRIER_B_STABLE carrier_field
t=1094 CARRIER_B_STABLE carrier_field
t=1095 CARRIER_B_STABLE carrier_field
t=1096 CARRIER_B_STABLE carrier_field
t=1097 CARRIER_B_STABLE carrier_field
t=1098 CARRIER_B_STABLE carrier_field
t=1099 CARRIER_B_STABLE carrier_field
t=1100 CARRIER_B_STABLE carrier_field
t=1101 CARRIER_B_STABLE carrier_field
t=1102 RESIDUAL_EDGE_1102_5544 edge_disturbance
t=1103 CARRIER_B_STABLE carrier_field
t=1104 CARRIER_B_STABLE carrier_field
t=1105 CARRIER_B_STABLE carrier_field
t=1106 CARRIER_B_STABLE carrier_field
t=1107 CARRIER_B_STABLE carrier_field
t=1108 CARRIER_B_STABLE carrier_field
t=1109 CARRIER_B_STABLE carrier_field
t=1110 CARRIER_B_STABLE carrier_field
t=1111 CARRIER_B_STABLE carrier_field
t=1112 CARRIER_B_STABLE carrier_field
t=1113 CARRIER_B_STABLE carrier_field
t=1114 CARRIER_B_STABLE carrier_field
t=1115 CARRIER_B_STABLE carrier_field
t=1116 CARRIER_B_STABLE carrier_field
t=1117 CARRIER_B_STABLE carrier_field
t=1118 CARRIER_B_STABLE carrier_field
t=1119 CARRIER_B_STABLE carrier_field
t=1120 CARRIER_B_STABLE carrier_field
t=1121 CARRIER_B_STABLE carrier_field
t=1122 CARRIER_B_STABLE carrier_field
t=1123 CARRIER_B_STABLE carrier_field
t=1124 CARRIER_B_STABLE carrier_field
t=1125 RESIDUAL_EDGE_1125_7361 edge_disturbance
t=1126 CARRIER_B_STABLE carrier_field
t=1127 CARRIER_B_STABLE carrier_field
t=1128 CARRIER_B_STABLE carrier_field
t=1129 CARRIER_B_STABLE carrier_field
t=1130 CARRIER_B_STABLE carrier_field
t=1131 CARRIER_B_STABLE carrier_field
t=1132 CARRIER_B_STABLE carrier_field
t=1133 CARRIER_B_STABLE carrier_field
t=1134 CARRIER_B_STABLE carrier_field
t=1135 CARRIER_B_STABLE carrier_field
t=1136 CARRIER_B_STABLE carrier_field
t=1137 CARRIER_B_STABLE carrier_field
t=1138 CARRIER_B_STABLE carrier_field
t=1139 CARRIER_B_STABLE carrier_field
t=1140 RESIDUAL_BURST_1140_5279 burst_zone
t=1141 MID_SEAM_BETA burst_seam
t=1142 MID_SEAM_BETA burst_seam
t=1143 RESIDUAL_BURST_1143_3478 burst_zone
t=1144 RESIDUAL_BURST_1144_6009 burst_zone
t=1145 MID_HOLD_DELTA burst_seam
t=1146 RESIDUAL_BURST_1146_8864 burst_zone
t=1147 RESIDUAL_BURST_1147_6765 burst_zone
t=1148 RESIDUAL_BURST_1148_1668 burst_zone
t=1149 RESIDUAL_BURST_1149_9222 burst_zone
t=1150 RESIDUAL_BURST_1150_7370 burst_zone
t=1151 RESIDUAL_BURST_1151_5051 burst_zone
t=1152 MID_SEAM_ALPHA burst_seam
t=1153 RESIDUAL_BURST_1153_9247 burst_zone
t=1154 RESIDUAL_BURST_1154_2632 burst_zone
t=1155 RESIDUAL_BURST_1155_2627 burst_zone
t=1156 RESIDUAL_BURST_1156_3472 burst_zone
t=1157 RESIDUAL_BURST_1157_5756 burst_zone
t=1158 RESIDUAL_BURST_1158_5615 burst_zone
t=1159 RESIDUAL_BURST_1159_5266 burst_zone
t=1160 RESIDUAL_BURST_1160_2021 burst_zone
t=1161 RESIDUAL_BURST_1161_8293 burst_zone
t=1162 MID_RETURN_GAMMA burst_seam
t=1163 RESIDUAL_BURST_1163_6696 burst_zone
t=1164 RESIDUAL_BURST_1164_3225 burst_zone
t=1165 MID_RETURN_GAMMA burst_seam
t=1166 RESIDUAL_BURST_1166_6376 burst_zone
t=1167 RESIDUAL_BURST_1167_4521 burst_zone
t=1168 MID_HOLD_DELTA burst_seam
t=1169 RESIDUAL_BURST_1169_7895 burst_zone
t=1170 RESIDUAL_BURST_1170_5063 burst_zone
t=1171 RESIDUAL_BURST_1171_9002 burst_zone
t=1172 RESIDUAL_BURST_1172_2110 burst_zone
t=1173 RESIDUAL_BURST_1173_6501 burst_zone
t=1174 RESIDUAL_BURST_1174_1652 burst_zone
t=1175 MID_HOLD_DELTA burst_seam
t=1176 RESIDUAL_BURST_1176_6536 burst_zone
t=1177 RESIDUAL_BURST_1177_8717 burst_zone
t=1178 MID_SEAM_BETA burst_seam
t=1179 RESIDUAL_BURST_1179_9490 burst_zone
t=1180 RESIDUAL_BURST_1180_7680 burst_zone
t=1181 RESIDUAL_BURST_1181_8836 burst_zone
t=1182 CARRIER_B_STABLE carrier_field
t=1183 CARRIER_B_STABLE carrier_field
t=1184 CARRIER_B_STABLE carrier_field
t=1185 CARRIER_B_STABLE carrier_field
t=1186 CARRIER_B_STABLE carrier_field
t=1187 CARRIER_B_STABLE carrier_field
t=1188 CARRIER_B_STABLE carrier_field
t=1189 CARRIER_B_STABLE carrier_field
t=1190 RESIDUAL_EDGE_1190_3723 edge_disturbance
t=1191 CARRIER_B_STABLE carrier_field
t=1192 CARRIER_B_STABLE carrier_field
t=1193 CARRIER_B_STABLE carrier_field
t=1194 CARRIER_B_STABLE carrier_field
t=1195 CARRIER_B_STABLE carrier_field
t=1196 CARRIER_B_STABLE carrier_field
t=1197 CARRIER_B_STABLE carrier_field
t=1198 CARRIER_B_STABLE carrier_field
t=1199 CARRIER_B_STABLE carrier_field
t=1200 CARRIER_B_STABLE carrier_field
t=1201 CARRIER_B_STABLE carrier_field
t=1202 CARRIER_B_STABLE carrier_field
t=1203 CARRIER_B_STABLE carrier_field
t=1204 CARRIER_B_STABLE carrier_field
t=1205 RESIDUAL_EDGE_1205_2717 edge_disturbance
t=1206 RESIDUAL_EDGE_1206_4856 edge_disturbance
t=1207 CARRIER_B_STABLE carrier_field
t=1208 CARRIER_B_STABLE carrier_field
t=1209 RESIDUAL_EDGE_1209_9920 edge_disturbance
t=1210 CARRIER_B_STABLE carrier_field
t=1211 CARRIER_B_STABLE carrier_field
t=1212 CARRIER_B_STABLE carrier_field
t=1213 CARRIER_B_STABLE carrier_field
t=1214 CARRIER_B_STABLE carrier_field
t=1215 CARRIER_B_STABLE carrier_field
t=1216 CARRIER_B_STABLE carrier_field
t=1217 CARRIER_B_STABLE carrier_field
t=1218 RESIDUAL_EDGE_1218_7269 edge_disturbance
t=1219 CARRIER_B_STABLE carrier_field
t=1220 CARRIER_B_STABLE carrier_field
t=1221 CARRIER_B_STABLE carrier_field
t=1222 CARRIER_B_STABLE carrier_field
t=1223 CARRIER_B_STABLE carrier_field
t=1224 CARRIER_B_STABLE carrier_field
t=1225 CARRIER_B_STABLE carrier_field
t=1226 CARRIER_B_STABLE carrier_field
t=1227 CARRIER_B_STABLE carrier_field
t=1228 CARRIER_B_STABLE carrier_field
t=1229 CARRIER_B_STABLE carrier_field
t=1230 CARRIER_B_STABLE carrier_field
t=1231 CARRIER_B_STABLE carrier_field
t=1232 CARRIER_B_STABLE carrier_field
t=1233 CARRIER_B_STABLE carrier_field
t=1234 CARRIER_B_STABLE carrier_field
t=1235 CARRIER_B_STABLE carrier_field
t=1236 CARRIER_B_STABLE carrier_field
t=1237 CARRIER_B_STABLE carrier_field
t=1238 CARRIER_B_STABLE carrier_field
t=1239 CARRIER_B_STABLE carrier_field
t=1240 RESIDUAL_EDGE_1240_5059 edge_disturbance
t=1241 CARRIER_B_STABLE carrier_field
t=1242 CARRIER_B_STABLE carrier_field
t=1243 CARRIER_B_STABLE carrier_field
t=1244 CARRIER_B_STABLE carrier_field
t=1245 CARRIER_B_STABLE carrier_field
t=1246 CARRIER_B_STABLE carrier_field
t=1247 CARRIER_B_STABLE carrier_field
t=1248 CARRIER_B_STABLE carrier_field
t=1249 CARRIER_B_STABLE carrier_field
t=1250 CARRIER_B_STABLE carrier_field
t=1251 CARRIER_B_STABLE carrier_field
t=1252 CARRIER_B_STABLE carrier_field
t=1253 CARRIER_B_STABLE carrier_field
t=1254 CARRIER_B_STABLE carrier_field
t=1255 CARRIER_B_STABLE carrier_field
t=1256 CARRIER_B_STABLE carrier_field
t=1257 CARRIER_B_STABLE carrier_field
t=1258 RESIDUAL_EDGE_1258_4390 edge_disturbance
t=1259 RESIDUAL_EDGE_1259_1182 edge_disturbance
t=1260 CARRIER_B_STABLE carrier_field
t=1261 CARRIER_B_STABLE carrier_field
t=1262 CARRIER_B_STABLE carrier_field
t=1263 CARRIER_B_STABLE carrier_field
t=1264 CARRIER_B_STABLE carrier_field
t=1265 CARRIER_B_STABLE carrier_field
t=1266 CARRIER_B_STABLE carrier_field
t=1267 CARRIER_B_STABLE carrier_field
t=1268 RESIDUAL_EDGE_1268_7858 edge_disturbance
t=1269 CARRIER_B_STABLE carrier_field
t=1270 CARRIER_B_STABLE carrier_field
t=1271 CARRIER_B_STABLE carrier_field
t=1272 CARRIER_B_STABLE carrier_field
t=1273 CARRIER_B_STABLE carrier_field
t=1274 CARRIER_B_STABLE carrier_field
t=1275 CARRIER_B_STABLE carrier_field
t=1276 CARRIER_B_STABLE carrier_field
t=1277 CARRIER_B_STABLE carrier_field
t=1278 CARRIER_B_STABLE carrier_field
t=1279 CARRIER_B_STABLE carrier_field
t=1280 CARRIER_B_STABLE carrier_field
t=1281 CARRIER_B_STABLE carrier_field
t=1282 CARRIER_B_STABLE carrier_field
t=1283 CARRIER_B_STABLE carrier_field
t=1284 RESIDUAL_EDGE_1284_6272 edge_disturbance
t=1285 CARRIER_B_STABLE carrier_field
t=1286 CARRIER_B_STABLE carrier_field
t=1287 CARRIER_B_STABLE carrier_field
t=1288 CARRIER_B_STABLE carrier_field
t=1289 CARRIER_B_STABLE carrier_field
t=1290 CARRIER_B_STABLE carrier_field
t=1291 CARRIER_B_STABLE carrier_field
t=1292 CARRIER_B_STABLE carrier_field
t=1293 CARRIER_B_STABLE carrier_field
t=1294 CARRIER_B_STABLE carrier_field
t=1295 CARRIER_B_STABLE carrier_field
t=1296 CARRIER_B_STABLE carrier_field
t=1297 CARRIER_B_STABLE carrier_field
t=1298 CARRIER_B_STABLE carrier_field
t=1299 CARRIER_B_STABLE carrier_field
t=1300 CARRIER_B_STABLE carrier_field
t=1301 CARRIER_B_STABLE carrier_field
t=1302 CARRIER_B_STABLE carrier_field
t=1303 CARRIER_B_STABLE carrier_field
t=1304 CARRIER_B_STABLE carrier_field
t=1305 CARRIER_B_STABLE carrier_field
t=1306 CARRIER_B_STABLE carrier_field
t=1307 CARRIER_B_STABLE carrier_field
t=1308 CARRIER_B_STABLE carrier_field
t=1309 CARRIER_B_STABLE carrier_field
t=1310 CARRIER_B_STABLE carrier_field
t=1311 CARRIER_B_STABLE carrier_field
t=1312 CARRIER_B_STABLE carrier_field
t=1313 CARRIER_B_STABLE carrier_field
t=1314 CARRIER_B_STABLE carrier_field
t=1315 CARRIER_B_STABLE carrier_field
t=1316 CARRIER_B_STABLE carrier_field
t=1317 CARRIER_B_STABLE carrier_field
t=1318 CARRIER_B_STABLE carrier_field
t=1319 CARRIER_B_STABLE carrier_field
t=1320 CARRIER_B_STABLE carrier_field
t=1321 CARRIER_B_STABLE carrier_field
t=1322 CARRIER_B_STABLE carrier_field
t=1323 CARRIER_B_STABLE carrier_field
t=1324 CARRIER_B_STABLE carrier_field
t=1325 CARRIER_B_STABLE carrier_field
t=1326 CARRIER_B_STABLE carrier_field
t=1327 CARRIER_B_STABLE carrier_field
t=1328 CARRIER_B_STABLE carrier_field
t=1329 CARRIER_B_STABLE carrier_field
t=1330 CARRIER_B_STABLE carrier_field
t=1331 CARRIER_B_STABLE carrier_field
t=1332 RESIDUAL_EDGE_1332_3873 edge_disturbance
t=1333 CARRIER_B_STABLE carrier_field
t=1334 CARRIER_B_STABLE carrier_field
t=1335 CARRIER_B_STABLE carrier_field
t=1336 CARRIER_B_STABLE carrier_field
t=1337 CARRIER_B_STABLE carrier_field
t=1338 CARRIER_B_STABLE carrier_field
t=1339 CARRIER_B_STABLE carrier_field
t=1340 CARRIER_B_STABLE carrier_field
t=1341 CARRIER_B_STABLE carrier_field
t=1342 CARRIER_B_STABLE carrier_field
t=1343 CARRIER_B_STABLE carrier_field
t=1344 CARRIER_B_STABLE carrier_field
t=1345 CARRIER_B_STABLE carrier_field
t=1346 CARRIER_B_STABLE carrier_field
t=1347 CARRIER_B_STABLE carrier_field
t=1348 CARRIER_B_STABLE carrier_field
t=1349 CARRIER_B_STABLE carrier_field
t=1350 CARRIER_B_STABLE carrier_field
t=1351 CARRIER_B_STABLE carrier_field
t=1352 CARRIER_B_STABLE carrier_field
t=1353 CARRIER_B_STABLE carrier_field
t=1354 CARRIER_B_STABLE carrier_field
t=1355 CARRIER_B_STABLE carrier_field
t=1356 CARRIER_B_STABLE carrier_field
t=1357 CARRIER_B_STABLE carrier_field
t=1358 CARRIER_B_STABLE carrier_field
t=1359 CARRIER_B_STABLE carrier_field
t=1360 MID_SEAM_ALPHA burst_seam
t=1361 MID_RETURN_GAMMA burst_seam
t=1362 RESIDUAL_BURST_1362_6430 burst_zone
t=1363 RESIDUAL_BURST_1363_7062 burst_zone
t=1364 MID_HOLD_DELTA burst_seam
t=1365 RESIDUAL_BURST_1365_4351 burst_zone
t=1366 RESIDUAL_BURST_1366_9146 burst_zone
t=1367 RESIDUAL_BURST_1367_5978 burst_zone
t=1368 RESIDUAL_BURST_1368_4153 burst_zone
t=1369 RESIDUAL_BURST_1369_1367 burst_zone
t=1370 RESIDUAL_BURST_1370_9967 burst_zone
t=1371 RESIDUAL_BURST_1371_2002 burst_zone
t=1372 RESIDUAL_BURST_1372_2480 burst_zone
t=1373 MID_SEAM_BETA burst_seam
t=1374 RESIDUAL_BURST_1374_6489 burst_zone
t=1375 RESIDUAL_BURST_1375_5020 burst_zone
t=1376 RESIDUAL_BURST_1376_4655 burst_zone
t=1377 RESIDUAL_BURST_1377_9585 burst_zone
t=1378 RESIDUAL_BURST_1378_4957 burst_zone
t=1379 MID_SEAM_BETA burst_seam
t=1380 MID_HOLD_DELTA burst_seam
t=1381 RESIDUAL_BURST_1381_8815 burst_zone
t=1382 MID_SEAM_BETA burst_seam
t=1383 MID_SEAM_ALPHA burst_seam
t=1384 RESIDUAL_BURST_1384_6411 burst_zone
t=1385 RESIDUAL_BURST_1385_4171 burst_zone
t=1386 MID_SEAM_ALPHA burst_seam
t=1387 RESIDUAL_BURST_1387_2691 burst_zone
t=1388 RESIDUAL_BURST_1388_9334 burst_zone
t=1389 RESIDUAL_BURST_1389_4859 burst_zone
t=1390 RESIDUAL_BURST_1390_1391 burst_zone
t=1391 RESIDUAL_BURST_1391_9789 burst_zone
t=1392 RESIDUAL_BURST_1392_1365 burst_zone
t=1393 MID_RETURN_GAMMA burst_seam
t=1394 MID_RETURN_GAMMA burst_seam
t=1395 RESIDUAL_BURST_1395_5546 burst_zone
t=1396 RESIDUAL_BURST_1396_6210 burst_zone
t=1397 RESIDUAL_BURST_1397_9942 burst_zone
t=1398 MID_SEAM_ALPHA burst_seam
t=1399 RESIDUAL_BURST_1399_5682 burst_zone
t=1400 MID_HOLD_DELTA burst_seam
t=1401 RESIDUAL_BURST_1401_5355 burst_zone
t=1402 RESIDUAL_EDGE_1402_8682 edge_disturbance
t=1403 CARRIER_A_STABLE carrier_field
t=1404 CARRIER_A_STABLE carrier_field
t=1405 CARRIER_A_STABLE carrier_field
t=1406 CARRIER_A_STABLE carrier_field
t=1407 CARRIER_A_STABLE carrier_field
t=1408 CARRIER_A_STABLE carrier_field
t=1409 CARRIER_A_STABLE carrier_field
t=1410 RESIDUAL_EDGE_1410_1185 edge_disturbance
t=1411 CARRIER_A_STABLE carrier_field
t=1412 CARRIER_A_STABLE carrier_field
t=1413 CARRIER_A_STABLE carrier_field
t=1414 CARRIER_A_STABLE carrier_field
t=1415 CARRIER_A_STABLE carrier_field
t=1416 CARRIER_A_STABLE carrier_field
t=1417 CARRIER_A_STABLE carrier_field
t=1418 CARRIER_A_STABLE carrier_field
t=1419 CARRIER_A_STABLE carrier_field
t=1420 CARRIER_A_STABLE carrier_field
t=1421 CARRIER_A_STABLE carrier_field
t=1422 RESIDUAL_EDGE_1422_8198 edge_disturbance
t=1423 CARRIER_A_STABLE carrier_field
t=1424 CARRIER_A_STABLE carrier_field
t=1425 CARRIER_A_STABLE carrier_field
t=1426 CARRIER_A_STABLE carrier_field
t=1427 CARRIER_A_STABLE carrier_field
t=1428 CARRIER_A_STABLE carrier_field
t=1429 CARRIER_A_STABLE carrier_field
t=1430 MID_HOLD_DELTA recomposition_pocket
t=1431 MID_RETURN_GAMMA recomposition_pocket
t=1432 MID_SEAM_ALPHA recomposition_pocket
t=1433 MID_SEAM_ALPHA recomposition_pocket
t=1434 MID_RETURN_GAMMA recomposition_pocket
t=1435 MID_RETURN_GAMMA recomposition_pocket
t=1436 MID_SEAM_BETA recomposition_pocket
t=1437 MID_SEAM_ALPHA recomposition_pocket
t=1438 MID_SEAM_ALPHA recomposition_pocket
t=1439 MID_RETURN_GAMMA recomposition_pocket
t=1440 MID_SEAM_ALPHA recomposition_pocket
t=1441 MID_RETURN_GAMMA recomposition_pocket
t=1442 MID_SEAM_BETA recomposition_pocket
t=1443 MID_SEAM_ALPHA recomposition_pocket
t=1444 MID_SEAM_ALPHA recomposition_pocket
t=1445 MID_HOLD_DELTA recomposition_pocket
t=1446 MID_RETURN_GAMMA recomposition_pocket
t=1447 MID_HOLD_DELTA recomposition_pocket
t=1448 MID_SEAM_BETA recomposition_pocket
t=1449 MID_HOLD_DELTA recomposition_pocket
t=1450 MID_SEAM_ALPHA recomposition_pocket
t=1451 MID_HOLD_DELTA recomposition_pocket
t=1452 MID_HOLD_DELTA recomposition_pocket
t=1453 MID_SEAM_BETA recomposition_pocket
t=1454 MID_SEAM_ALPHA recomposition_pocket
t=1455 MID_SEAM_ALPHA recomposition_pocket
t=1456 MID_HOLD_DELTA recomposition_pocket
t=1457 MID_RETURN_GAMMA recomposition_pocket
t=1458 MID_HOLD_DELTA recomposition_pocket
t=1459 MID_RETURN_GAMMA recomposition_pocket
t=1460 MID_RETURN_GAMMA recomposition_pocket
t=1461 MID_SEAM_ALPHA recomposition_pocket
t=1462 MID_HOLD_DELTA recomposition_pocket
t=1463 MID_SEAM_BETA recomposition_pocket
t=1464 MID_SEAM_ALPHA recomposition_pocket
t=1465 MID_HOLD_DELTA recomposition_pocket
t=1466 MID_HOLD_DELTA recomposition_pocket
t=1467 MID_SEAM_BETA recomposition_pocket
t=1468 MID_SEAM_ALPHA recomposition_pocket
t=1469 MID_SEAM_BETA recomposition_pocket
t=1470 MID_SEAM_BETA recomposition_pocket
t=1471 MID_HOLD_DELTA recomposition_pocket
t=1472 MID_SEAM_ALPHA recomposition_pocket
t=1473 MID_RETURN_GAMMA recomposition_pocket
t=1474 MID_RETURN_GAMMA recomposition_pocket
t=1475 MID_SEAM_ALPHA recomposition_pocket
t=1476 MID_SEAM_BETA recomposition_pocket
t=1477 MID_SEAM_BETA recomposition_pocket
t=1478 MID_SEAM_ALPHA recomposition_pocket
t=1479 MID_SEAM_BETA recomposition_pocket
t=1480 MID_SEAM_ALPHA recomposition_pocket
t=1481 MID_HOLD_DELTA recomposition_pocket
t=1482 MID_SEAM_BETA recomposition_pocket
t=1483 MID_SEAM_ALPHA recomposition_pocket
t=1484 MID_HOLD_DELTA recomposition_pocket
t=1485 MID_SEAM_ALPHA recomposition_pocket
t=1486 MID_SEAM_BETA recomposition_pocket
t=1487 MID_RETURN_GAMMA recomposition_pocket
t=1488 MID_HOLD_DELTA recomposition_pocket
t=1489 MID_SEAM_BETA recomposition_pocket
t=1490 MID_HOLD_DELTA recomposition_pocket
t=1491 MID_SEAM_BETA recomposition_pocket
t=1492 MID_RETURN_GAMMA recomposition_pocket
t=1493 MID_RETURN_GAMMA recomposition_pocket
t=1494 MID_SEAM_BETA recomposition_pocket
t=1495 MID_HOLD_DELTA recomposition_pocket
t=1496 MID_RETURN_GAMMA recomposition_pocket
t=1497 MID_SEAM_ALPHA recomposition_pocket
t=1498 MID_SEAM_ALPHA recomposition_pocket
t=1499 MID_SEAM_BETA recomposition_pocket
t=1500 MID_RETURN_GAMMA recomposition_pocket
t=1501 MID_SEAM_ALPHA recomposition_pocket
t=1502 MID_HOLD_DELTA recomposition_pocket
t=1503 MID_SEAM_BETA recomposition_pocket
t=1504 MID_HOLD_DELTA recomposition_pocket
t=1505 MID_SEAM_BETA recomposition_pocket
t=1506 MID_SEAM_BETA recomposition_pocket
t=1507 MID_RETURN_GAMMA recomposition_pocket
t=1508 MID_HOLD_DELTA recomposition_pocket
t=1509 MID_SEAM_ALPHA recomposition_pocket
t=1510 MID_SEAM_ALPHA recomposition_pocket
t=1511 MID_SEAM_BETA recomposition_pocket
t=1512 MID_RETURN_GAMMA recomposition_pocket
t=1513 MID_RETURN_GAMMA recomposition_pocket
t=1514 MID_SEAM_BETA recomposition_pocket
t=1515 MID_SEAM_BETA recomposition_pocket
t=1516 MID_RETURN_GAMMA recomposition_pocket
t=1517 MID_SEAM_BETA recomposition_pocket
t=1518 MID_SEAM_BETA recomposition_pocket
t=1519 MID_SEAM_ALPHA recomposition_pocket
t=1520 MID_HOLD_DELTA recomposition_pocket
t=1521 MID_SEAM_ALPHA recomposition_pocket
t=1522 MID_SEAM_ALPHA recomposition_pocket
t=1523 MID_RETURN_GAMMA recomposition_pocket
t=1524 MID_HOLD_DELTA recomposition_pocket
t=1525 MID_SEAM_ALPHA recomposition_pocket
t=1526 MID_RETURN_GAMMA recomposition_pocket
t=1527 MID_HOLD_DELTA recomposition_pocket
t=1528 MID_RETURN_GAMMA recomposition_pocket
t=1529 MID_HOLD_DELTA recomposition_pocket
t=1530 MID_SEAM_ALPHA recomposition_pocket
t=1531 MID_SEAM_ALPHA recomposition_pocket
t=1532 MID_RETURN_GAMMA recomposition_pocket
t=1533 MID_SEAM_BETA recomposition_pocket
t=1534 MID_SEAM_ALPHA recomposition_pocket
t=1535 MID_SEAM_ALPHA recomposition_pocket
t=1536 MID_SEAM_ALPHA recomposition_pocket
t=1537 MID_HOLD_DELTA recomposition_pocket
t=1538 MID_HOLD_DELTA recomposition_pocket
t=1539 MID_HOLD_DELTA recomposition_pocket
t=1540 MID_HOLD_DELTA recomposition_pocket
t=1541 MID_SEAM_ALPHA recomposition_pocket
t=1542 MID_HOLD_DELTA recomposition_pocket
t=1543 MID_HOLD_DELTA recomposition_pocket
t=1544 MID_SEAM_BETA recomposition_pocket
t=1545 MID_SEAM_ALPHA recomposition_pocket
t=1546 MID_RETURN_GAMMA recomposition_pocket
t=1547 MID_SEAM_ALPHA recomposition_pocket
t=1548 MID_HOLD_DELTA recomposition_pocket
t=1549 MID_SEAM_BETA recomposition_pocket
t=1550 MID_SEAM_BETA recomposition_pocket
t=1551 MID_HOLD_DELTA recomposition_pocket
t=1552 MID_HOLD_DELTA recomposition_pocket
t=1553 MID_RETURN_GAMMA recomposition_pocket
t=1554 MID_RETURN_GAMMA recomposition_pocket
t=1555 MID_HOLD_DELTA recomposition_pocket
t=1556 MID_SEAM_BETA recomposition_pocket
t=1557 MID_SEAM_BETA recomposition_pocket
t=1558 MID_RETURN_GAMMA recomposition_pocket
t=1559 MID_SEAM_ALPHA recomposition_pocket
t=1560 MID_SEAM_BETA recomposition_pocket
t=1561 MID_HOLD_DELTA recomposition_pocket
t=1562 MID_SEAM_ALPHA recomposition_pocket
t=1563 MID_HOLD_DELTA recomposition_pocket
t=1564 MID_SEAM_ALPHA recomposition_pocket
t=1565 MID_SEAM_ALPHA recomposition_pocket
t=1566 MID_RETURN_GAMMA recomposition_pocket
t=1567 MID_HOLD_DELTA recomposition_pocket
t=1568 MID_SEAM_ALPHA recomposition_pocket
t=1569 MID_RETURN_GAMMA recomposition_pocket
t=1570 CARRIER_A_STABLE carrier_field
t=1571 CARRIER_A_STABLE carrier_field
t=1572 CARRIER_A_STABLE carrier_field
t=1573 CARRIER_A_STABLE carrier_field
t=1574 CARRIER_A_STABLE carrier_field
t=1575 CARRIER_A_STABLE carrier_field
t=1576 CARRIER_A_STABLE carrier_field
t=1577 CARRIER_A_STABLE carrier_field
t=1578 CARRIER_A_STABLE carrier_field
t=1579 CARRIER_A_STABLE carrier_field
t=1580 RESIDUAL_BURST_1580_4739 burst_zone
t=1581 RESIDUAL_BURST_1581_7091 burst_zone
t=1582 RESIDUAL_BURST_1582_2353 burst_zone
t=1583 RESIDUAL_BURST_1583_7918 burst_zone
t=1584 RESIDUAL_BURST_1584_3730 burst_zone
t=1585 RESIDUAL_BURST_1585_9726 burst_zone
t=1586 RESIDUAL_BURST_1586_4878 burst_zone
t=1587 RESIDUAL_BURST_1587_4110 burst_zone
t=1588 MID_RETURN_GAMMA burst_seam
t=1589 RESIDUAL_BURST_1589_2653 burst_zone
t=1590 RESIDUAL_BURST_1590_7749 burst_zone
t=1591 RESIDUAL_BURST_1591_7666 burst_zone
t=1592 RESIDUAL_BURST_1592_6807 burst_zone
t=1593 RESIDUAL_BURST_1593_4997 burst_zone
t=1594 RESIDUAL_BURST_1594_2142 burst_zone
t=1595 RESIDUAL_BURST_1595_3490 burst_zone
t=1596 RESIDUAL_BURST_1596_7630 burst_zone
t=1597 RESIDUAL_BURST_1597_3473 burst_zone
t=1598 RESIDUAL_BURST_1598_5691 burst_zone
t=1599 RESIDUAL_BURST_1599_5802 burst_zone
t=1600 RESIDUAL_BURST_1600_8406 burst_zone
t=1601 MID_SEAM_ALPHA burst_seam
t=1602 RESIDUAL_BURST_1602_3215 burst_zone
t=1603 RESIDUAL_BURST_1603_3052 burst_zone
t=1604 RESIDUAL_BURST_1604_4151 burst_zone
t=1605 RESIDUAL_BURST_1605_1720 burst_zone
t=1606 RESIDUAL_BURST_1606_7139 burst_zone
t=1607 RESIDUAL_BURST_1607_5357 burst_zone
t=1608 RESIDUAL_BURST_1608_4704 burst_zone
t=1609 RESIDUAL_BURST_1609_9539 burst_zone
t=1610 MID_SEAM_BETA burst_seam
t=1611 RESIDUAL_BURST_1611_1084 burst_zone
t=1612 RESIDUAL_BURST_1612_9225 burst_zone
t=1613 RESIDUAL_BURST_1613_6873 burst_zone
t=1614 RESIDUAL_BURST_1614_2168 burst_zone
t=1615 RESIDUAL_BURST_1615_1231 burst_zone
t=1616 RESIDUAL_BURST_1616_5142 burst_zone
t=1617 RESIDUAL_BURST_1617_1858 burst_zone
t=1618 MID_HOLD_DELTA burst_seam
t=1619 RESIDUAL_BURST_1619_3521 burst_zone
t=1620 RESIDUAL_BURST_1620_8241 burst_zone
t=1621 RESIDUAL_BURST_1621_2953 burst_zone
t=1622 CARRIER_A_STABLE carrier_field
t=1623 CARRIER_A_STABLE carrier_field
t=1624 CARRIER_A_STABLE carrier_field
t=1625 CARRIER_A_STABLE carrier_field
t=1626 CARRIER_A_STABLE carrier_field
t=1627 CARRIER_A_STABLE carrier_field
t=1628 CARRIER_A_STABLE carrier_field
t=1629 CARRIER_A_STABLE carrier_field
t=1630 CARRIER_A_STABLE carrier_field
t=1631 CARRIER_A_STABLE carrier_field
t=1632 RESIDUAL_EDGE_1632_1370 edge_disturbance
t=1633 CARRIER_A_STABLE carrier_field
t=1634 CARRIER_A_STABLE carrier_field
t=1635 CARRIER_A_STABLE carrier_field
t=1636 CARRIER_A_STABLE carrier_field
t=1637 CARRIER_A_STABLE carrier_field
t=1638 CARRIER_A_STABLE carrier_field
t=1639 CARRIER_A_STABLE carrier_field
t=1640 CARRIER_A_STABLE carrier_field
t=1641 CARRIER_A_STABLE carrier_field
t=1642 CARRIER_A_STABLE carrier_field
t=1643 CARRIER_A_STABLE carrier_field
t=1644 CARRIER_A_STABLE carrier_field
t=1645 CARRIER_A_STABLE carrier_field
t=1646 CARRIER_A_STABLE carrier_field
t=1647 CARRIER_A_STABLE carrier_field
t=1648 RESIDUAL_EDGE_1648_8698 edge_disturbance
t=1649 CARRIER_A_STABLE carrier_field
t=1650 CARRIER_A_STABLE carrier_field
t=1651 CARRIER_A_STABLE carrier_field
t=1652 CARRIER_A_STABLE carrier_field
t=1653 CARRIER_A_STABLE carrier_field
t=1654 CARRIER_A_STABLE carrier_field
t=1655 CARRIER_A_STABLE carrier_field
t=1656 CARRIER_A_STABLE carrier_field
t=1657 CARRIER_A_STABLE carrier_field
t=1658 CARRIER_A_STABLE carrier_field
t=1659 CARRIER_A_STABLE carrier_field
t=1660 CARRIER_A_STABLE carrier_field
t=1661 CARRIER_A_STABLE carrier_field
t=1662 CARRIER_A_STABLE carrier_field
t=1663 CARRIER_A_STABLE carrier_field
t=1664 CARRIER_A_STABLE carrier_field
t=1665 CARRIER_A_STABLE carrier_field
t=1666 RESIDUAL_EDGE_1666_7957 edge_disturbance
t=1667 CARRIER_A_STABLE carrier_field
t=1668 CARRIER_A_STABLE carrier_field
t=1669 CARRIER_A_STABLE carrier_field
t=1670 CARRIER_A_STABLE carrier_field
t=1671 CARRIER_A_STABLE carrier_field
t=1672 CARRIER_A_STABLE carrier_field
t=1673 CARRIER_A_STABLE carrier_field
t=1674 CARRIER_A_STABLE carrier_field
t=1675 CARRIER_A_STABLE carrier_field
t=1676 CARRIER_A_STABLE carrier_field
t=1677 CARRIER_A_STABLE carrier_field
t=1678 CARRIER_A_STABLE carrier_field
t=1679 RESIDUAL_EDGE_1679_5307 edge_disturbance
t=1680 CARRIER_A_STABLE carrier_field
t=1681 CARRIER_A_STABLE carrier_field
t=1682 CARRIER_A_STABLE carrier_field
t=1683 RESIDUAL_EDGE_1683_1562 edge_disturbance
t=1684 CARRIER_A_STABLE carrier_field
t=1685 CARRIER_A_STABLE carrier_field
t=1686 CARRIER_A_STABLE carrier_field
t=1687 CARRIER_A_STABLE carrier_field
t=1688 CARRIER_A_STABLE carrier_field
t=1689 CARRIER_A_STABLE carrier_field
t=1690 CARRIER_A_STABLE carrier_field
t=1691 CARRIER_A_STABLE carrier_field
t=1692 CARRIER_A_STABLE carrier_field
t=1693 CARRIER_A_STABLE carrier_field
t=1694 CARRIER_A_STABLE carrier_field
t=1695 CARRIER_A_STABLE carrier_field
t=1696 CARRIER_A_STABLE carrier_field
t=1697 CARRIER_A_STABLE carrier_field
t=1698 CARRIER_A_STABLE carrier_field
t=1699 CARRIER_A_STABLE carrier_field
t=1700 CARRIER_A_STABLE carrier_field
t=1701 CARRIER_A_STABLE carrier_field
t=1702 CARRIER_A_STABLE carrier_field
t=1703 CARRIER_A_STABLE carrier_field
t=1704 CARRIER_A_STABLE carrier_field
t=1705 CARRIER_A_STABLE carrier_field
t=1706 CARRIER_A_STABLE carrier_field
t=1707 CARRIER_A_STABLE carrier_field
t=1708 CARRIER_A_STABLE carrier_field
t=1709 CARRIER_A_STABLE carrier_field
t=1710 CARRIER_A_STABLE carrier_field
t=1711 CARRIER_A_STABLE carrier_field
t=1712 CARRIER_A_STABLE carrier_field
t=1713 CARRIER_A_STABLE carrier_field
t=1714 CARRIER_A_STABLE carrier_field
t=1715 CARRIER_A_STABLE carrier_field
t=1716 CARRIER_A_STABLE carrier_field
t=1717 CARRIER_A_STABLE carrier_field
t=1718 CARRIER_A_STABLE carrier_field
t=1719 CARRIER_A_STABLE carrier_field
t=1720 CARRIER_A_STABLE carrier_field
t=1721 CARRIER_A_STABLE carrier_field
t=1722 CARRIER_A_STABLE carrier_field
t=1723 CARRIER_A_STABLE carrier_field
t=1724 CARRIER_A_STABLE carrier_field
t=1725 CARRIER_A_STABLE carrier_field
t=1726 RESIDUAL_EDGE_1726_2498 edge_disturbance
t=1727 CARRIER_A_STABLE carrier_field
t=1728 CARRIER_A_STABLE carrier_field
t=1729 CARRIER_A_STABLE carrier_field
t=1730 CARRIER_A_STABLE carrier_field
t=1731 CARRIER_A_STABLE carrier_field
t=1732 CARRIER_A_STABLE carrier_field
t=1733 CARRIER_A_STABLE carrier_field
t=1734 CARRIER_A_STABLE carrier_field
t=1735 CARRIER_A_STABLE carrier_field
t=1736 CARRIER_A_STABLE carrier_field
t=1737 CARRIER_A_STABLE carrier_field
t=1738 CARRIER_A_STABLE carrier_field
t=1739 CARRIER_A_STABLE carrier_field
t=1740 CARRIER_A_STABLE carrier_field
t=1741 CARRIER_A_STABLE carrier_field
t=1742 CARRIER_A_STABLE carrier_field
t=1743 CARRIER_A_STABLE carrier_field
t=1744 CARRIER_A_STABLE carrier_field
t=1745 CARRIER_A_STABLE carrier_field
t=1746 CARRIER_A_STABLE carrier_field
t=1747 CARRIER_A_STABLE carrier_field
t=1748 CARRIER_A_STABLE carrier_field
t=1749 CARRIER_A_STABLE carrier_field
t=1750 CARRIER_A_STABLE carrier_field
t=1751 CARRIER_A_STABLE carrier_field
t=1752 CARRIER_A_STABLE carrier_field
t=1753 CARRIER_A_STABLE carrier_field
t=1754 CARRIER_A_STABLE carrier_field
t=1755 CARRIER_A_STABLE carrier_field
t=1756 CARRIER_A_STABLE carrier_field
t=1757 CARRIER_A_STABLE carrier_field
t=1758 CARRIER_A_STABLE carrier_field
t=1759 RESIDUAL_EDGE_1759_6642 edge_disturbance
t=1760 CARRIER_A_STABLE carrier_field
t=1761 CARRIER_A_STABLE carrier_field
t=1762 CARRIER_A_STABLE carrier_field
t=1763 CARRIER_A_STABLE carrier_field
t=1764 CARRIER_A_STABLE carrier_field
t=1765 CARRIER_A_STABLE carrier_field
t=1766 CARRIER_A_STABLE carrier_field
t=1767 CARRIER_A_STABLE carrier_field
t=1768 CARRIER_A_STABLE carrier_field
t=1769 CARRIER_A_STABLE carrier_field
t=1770 CARRIER_A_STABLE carrier_field
t=1771 CARRIER_A_STABLE carrier_field
t=1772 CARRIER_A_STABLE carrier_field
t=1773 CARRIER_A_STABLE carrier_field
t=1774 CARRIER_A_STABLE carrier_field
t=1775 CARRIER_A_STABLE carrier_field
t=1776 CARRIER_A_STABLE carrier_field
t=1777 CARRIER_A_STABLE carrier_field
t=1778 CARRIER_A_STABLE carrier_field
t=1779 CARRIER_A_STABLE carrier_field
t=1780 CARRIER_A_STABLE carrier_field
t=1781 CARRIER_A_STABLE carrier_field
t=1782 CARRIER_A_STABLE carrier_field
t=1783 CARRIER_A_STABLE carrier_field
t=1784 CARRIER_A_STABLE carrier_field
t=1785 CARRIER_A_STABLE carrier_field
t=1786 CARRIER_A_STABLE carrier_field
t=1787 CARRIER_A_STABLE carrier_field
t=1788 CARRIER_A_STABLE carrier_field
t=1789 CARRIER_A_STABLE carrier_field
t=1790 CARRIER_A_STABLE carrier_field
t=1791 CARRIER_A_STABLE carrier_field
t=1792 CARRIER_A_STABLE carrier_field
t=1793 RESIDUAL_EDGE_1793_6556 edge_disturbance
t=1794 CARRIER_A_STABLE carrier_field
t=1795 CARRIER_A_STABLE carrier_field
t=1796 CARRIER_A_STABLE carrier_field
t=1797 CARRIER_A_STABLE carrier_field
t=1798 CARRIER_A_STABLE carrier_field
t=1799 CARRIER_A_STABLE carrier_field
t=1800 MID_SEAM_BETA burst_seam
t=1801 RESIDUAL_BURST_1801_1533 burst_zone
t=1802 RESIDUAL_BURST_1802_6774 burst_zone
t=1803 RESIDUAL_BURST_1803_7073 burst_zone
t=1804 RESIDUAL_BURST_1804_8324 burst_zone
t=1805 RESIDUAL_BURST_1805_7715 burst_zone
t=1806 RESIDUAL_BURST_1806_9438 burst_zone
t=1807 RESIDUAL_BURST_1807_1881 burst_zone
t=1808 MID_SEAM_ALPHA burst_seam
t=1809 RESIDUAL_BURST_1809_2349 burst_zone
t=1810 RESIDUAL_BURST_1810_3271 burst_zone
t=1811 RESIDUAL_BURST_1811_5466 burst_zone
t=1812 MID_HOLD_DELTA burst_seam
t=1813 RESIDUAL_BURST_1813_8863 burst_zone
t=1814 RESIDUAL_BURST_1814_2347 burst_zone
t=1815 RESIDUAL_BURST_1815_2781 burst_zone
t=1816 RESIDUAL_BURST_1816_4145 burst_zone
t=1817 RESIDUAL_BURST_1817_7337 burst_zone
t=1818 RESIDUAL_BURST_1818_9139 burst_zone
t=1819 MID_SEAM_ALPHA burst_seam
t=1820 MID_SEAM_BETA burst_seam
t=1821 RESIDUAL_BURST_1821_2410 burst_zone
t=1822 RESIDUAL_BURST_1822_3119 burst_zone
t=1823 RESIDUAL_BURST_1823_5498 burst_zone
t=1824 RESIDUAL_BURST_1824_2919 burst_zone
t=1825 RESIDUAL_BURST_1825_8518 burst_zone
t=1826 RESIDUAL_BURST_1826_1786 burst_zone
t=1827 RESIDUAL_BURST_1827_8996 burst_zone
t=1828 RESIDUAL_BURST_1828_2834 burst_zone
t=1829 RESIDUAL_BURST_1829_1050 burst_zone
t=1830 RESIDUAL_BURST_1830_8449 burst_zone
t=1831 RESIDUAL_BURST_1831_2174 burst_zone
t=1832 RESIDUAL_BURST_1832_5967 burst_zone
t=1833 RESIDUAL_BURST_1833_6057 burst_zone
t=1834 RESIDUAL_BURST_1834_3090 burst_zone
t=1835 RESIDUAL_BURST_1835_9944 burst_zone
t=1836 RESIDUAL_BURST_1836_7361 burst_zone
t=1837 MID_SEAM_BETA burst_seam
t=1838 RESIDUAL_BURST_1838_2949 burst_zone
t=1839 RESIDUAL_BURST_1839_4406 burst_zone
t=1840 MID_RETURN_GAMMA burst_seam
t=1841 RESIDUAL_BURST_1841_7864 burst_zone
t=1842 CARRIER_A_STABLE carrier_field
t=1843 CARRIER_A_STABLE carrier_field
t=1844 CARRIER_A_STABLE carrier_field
t=1845 CARRIER_A_STABLE carrier_field
t=1846 CARRIER_A_STABLE carrier_field
t=1847 CARRIER_A_STABLE carrier_field
t=1848 CARRIER_A_STABLE carrier_field
t=1849 CARRIER_A_STABLE carrier_field
t=1850 CARRIER_A_STABLE carrier_field
t=1851 CARRIER_A_STABLE carrier_field
t=1852 CARRIER_A_STABLE carrier_field
t=1853 CARRIER_A_STABLE carrier_field
t=1854 CARRIER_A_STABLE carrier_field
t=1855 CARRIER_A_STABLE carrier_field
t=1856 CARRIER_A_STABLE carrier_field
t=1857 CARRIER_A_STABLE carrier_field
t=1858 CARRIER_A_STABLE carrier_field
t=1859 CARRIER_A_STABLE carrier_field
t=1860 CARRIER_A_STABLE carrier_field
t=1861 CARRIER_A_STABLE carrier_field
t=1862 CARRIER_A_STABLE carrier_field
t=1863 CARRIER_A_STABLE carrier_field
t=1864 CARRIER_A_STABLE carrier_field
t=1865 CARRIER_A_STABLE carrier_field
t=1866 CARRIER_A_STABLE carrier_field
t=1867 CARRIER_A_STABLE carrier_field
t=1868 CARRIER_A_STABLE carrier_field
t=1869 CARRIER_A_STABLE carrier_field
t=1870 CARRIER_A_STABLE carrier_field
t=1871 CARRIER_A_STABLE carrier_field
t=1872 CARRIER_A_STABLE carrier_field
t=1873 CARRIER_A_STABLE carrier_field
t=1874 CARRIER_A_STABLE carrier_field
t=1875 CARRIER_A_STABLE carrier_field
t=1876 CARRIER_A_STABLE carrier_field
t=1877 RESIDUAL_EDGE_1877_5902 edge_disturbance
t=1878 CARRIER_A_STABLE carrier_field
t=1879 CARRIER_A_STABLE carrier_field
t=1880 CARRIER_A_STABLE carrier_field
t=1881 CARRIER_A_STABLE carrier_field
t=1882 CARRIER_A_STABLE carrier_field
t=1883 CARRIER_A_STABLE carrier_field
t=1884 CARRIER_A_STABLE carrier_field
t=1885 CARRIER_A_STABLE carrier_field
t=1886 CARRIER_A_STABLE carrier_field
t=1887 CARRIER_A_STABLE carrier_field
t=1888 CARRIER_A_STABLE carrier_field
t=1889 CARRIER_A_STABLE carrier_field
t=1890 CARRIER_A_STABLE carrier_field
t=1891 CARRIER_A_STABLE carrier_field
t=1892 CARRIER_A_STABLE carrier_field
t=1893 CARRIER_A_STABLE carrier_field
t=1894 CARRIER_A_STABLE carrier_field
t=1895 CARRIER_A_STABLE carrier_field
t=1896 CARRIER_A_STABLE carrier_field
t=1897 CARRIER_A_STABLE carrier_field
t=1898 CARRIER_A_STABLE carrier_field
t=1899 CARRIER_A_STABLE carrier_field
t=1900 CARRIER_A_STABLE carrier_field
t=1901 CARRIER_A_STABLE carrier_field
t=1902 CARRIER_A_STABLE carrier_field
t=1903 CARRIER_A_STABLE carrier_field
t=1904 CARRIER_A_STABLE carrier_field
t=1905 CARRIER_A_STABLE carrier_field
t=1906 CARRIER_A_STABLE carrier_field
t=1907 CARRIER_A_STABLE carrier_field
t=1908 CARRIER_A_STABLE carrier_field
t=1909 CARRIER_A_STABLE carrier_field
t=1910 RESIDUAL_EDGE_1910_8079 edge_disturbance
t=1911 RESIDUAL_EDGE_1911_9202 edge_disturbance
t=1912 CARRIER_A_STABLE carrier_field
t=1913 CARRIER_A_STABLE carrier_field
t=1914 CARRIER_A_STABLE carrier_field
t=1915 CARRIER_A_STABLE carrier_field
t=1916 CARRIER_A_STABLE carrier_field
t=1917 CARRIER_A_STABLE carrier_field
t=1918 CARRIER_A_STABLE carrier_field
t=1919 CARRIER_A_STABLE carrier_field
t=1920 CARRIER_A_STABLE carrier_field
t=1921 CARRIER_A_STABLE carrier_field
t=1922 CARRIER_A_STABLE carrier_field
t=1923 CARRIER_A_STABLE carrier_field
t=1924 CARRIER_A_STABLE carrier_field
t=1925 CARRIER_A_STABLE carrier_field
t=1926 CARRIER_A_STABLE carrier_field
t=1927 CARRIER_A_STABLE carrier_field
t=1928 CARRIER_A_STABLE carrier_field
t=1929 CARRIER_A_STABLE carrier_field
t=1930 CARRIER_A_STABLE carrier_field
t=1931 CARRIER_A_STABLE carrier_field
t=1932 CARRIER_A_STABLE carrier_field
t=1933 CARRIER_A_STABLE carrier_field
t=1934 CARRIER_A_STABLE carrier_field
t=1935 CARRIER_A_STABLE carrier_field
t=1936 CARRIER_A_STABLE carrier_field
t=1937 CARRIER_A_STABLE carrier_field
t=1938 CARRIER_A_STABLE carrier_field
t=1939 CARRIER_A_STABLE carrier_field
t=1940 CARRIER_A_STABLE carrier_field
t=1941 CARRIER_A_STABLE carrier_field
t=1942 CARRIER_A_STABLE carrier_field
t=1943 CARRIER_A_STABLE carrier_field
t=1944 CARRIER_A_STABLE carrier_field
t=1945 CARRIER_A_STABLE carrier_field
t=1946 CARRIER_A_STABLE carrier_field
t=1947 CARRIER_A_STABLE carrier_field
t=1948 CARRIER_A_STABLE carrier_field
t=1949 CARRIER_A_STABLE carrier_field
t=1950 CARRIER_A_STABLE carrier_field
t=1951 CARRIER_A_STABLE carrier_field
t=1952 CARRIER_A_STABLE carrier_field
t=1953 CARRIER_A_STABLE carrier_field
t=1954 CARRIER_A_STABLE carrier_field
t=1955 CARRIER_A_STABLE carrier_field
t=1956 CARRIER_A_STABLE carrier_field
t=1957 CARRIER_A_STABLE carrier_field
t=1958 CARRIER_A_STABLE carrier_field
t=1959 CARRIER_A_STABLE carrier_field
t=1960 CARRIER_A_STABLE carrier_field
t=1961 CARRIER_A_STABLE carrier_field
t=1962 CARRIER_A_STABLE carrier_field
t=1963 CARRIER_A_STABLE carrier_field
t=1964 CARRIER_A_STABLE carrier_field
t=1965 CARRIER_A_STABLE carrier_field
t=1966 CARRIER_A_STABLE carrier_field
t=1967 CARRIER_A_STABLE carrier_field
t=1968 CARRIER_A_STABLE carrier_field
t=1969 CARRIER_A_STABLE carrier_field
t=1970 CARRIER_A_STABLE carrier_field
t=1971 CARRIER_A_STABLE carrier_field
t=1972 CARRIER_A_STABLE carrier_field
t=1973 CARRIER_A_STABLE carrier_field
t=1974 RESIDUAL_EDGE_1974_8897 edge_disturbance
t=1975 CARRIER_A_STABLE carrier_field
t=1976 CARRIER_A_STABLE carrier_field
t=1977 CARRIER_A_STABLE carrier_field
t=1978 CARRIER_A_STABLE carrier_field
t=1979 CARRIER_A_STABLE carrier_field
t=1980 CARRIER_A_STABLE carrier_field
t=1981 CARRIER_A_STABLE carrier_field
t=1982 CARRIER_A_STABLE carrier_field
t=1983 CARRIER_A_STABLE carrier_field
t=1984 CARRIER_A_STABLE carrier_field
t=1985 CARRIER_A_STABLE carrier_field
t=1986 CARRIER_A_STABLE carrier_field
t=1987 CARRIER_A_STABLE carrier_field
t=1988 CARRIER_A_STABLE carrier_field
t=1989 CARRIER_A_STABLE carrier_field
t=1990 CARRIER_A_STABLE carrier_field
t=1991 CARRIER_A_STABLE carrier_field
t=1992 CARRIER_A_STABLE carrier_field
t=1993 CARRIER_A_STABLE carrier_field
t=1994 CARRIER_A_STABLE carrier_field
t=1995 CARRIER_A_STABLE carrier_field
t=1996 CARRIER_A_STABLE carrier_field
t=1997 CARRIER_A_STABLE carrier_field
t=1998 CARRIER_A_STABLE carrier_field
t=1999 CARRIER_A_STABLE carrier_field
t=2000 CARRIER_A_STABLE carrier_field
t=2001 CARRIER_A_STABLE carrier_field
t=2002 CARRIER_A_STABLE carrier_field
t=2003 CARRIER_A_STABLE carrier_field
t=2004 CARRIER_A_STABLE carrier_field
t=2005 CARRIER_A_STABLE carrier_field
t=2006 RESIDUAL_EDGE_2006_6013 edge_disturbance
t=2007 CARRIER_A_STABLE carrier_field
t=2008 CARRIER_A_STABLE carrier_field
t=2009 CARRIER_A_STABLE carrier_field
t=2010 CARRIER_A_STABLE carrier_field
t=2011 CARRIER_A_STABLE carrier_field
t=2012 CARRIER_A_STABLE carrier_field
t=2013 CARRIER_A_STABLE carrier_field
t=2014 CARRIER_A_STABLE carrier_field
t=2015 CARRIER_A_STABLE carrier_field
t=2016 CARRIER_A_STABLE carrier_field
t=2017 CARRIER_A_STABLE carrier_field
t=2018 CARRIER_A_STABLE carrier_field
t=2019 CARRIER_A_STABLE carrier_field
t=2020 RESIDUAL_BURST_2020_2741 burst_zone
t=2021 RESIDUAL_BURST_2021_7027 burst_zone
t=2022 RESIDUAL_BURST_2022_4890 burst_zone
t=2023 RESIDUAL_BURST_2023_1959 burst_zone
t=2024 RESIDUAL_BURST_2024_8615 burst_zone
t=2025 RESIDUAL_BURST_2025_4645 burst_zone
t=2026 RESIDUAL_BURST_2026_6981 burst_zone
t=2027 RESIDUAL_BURST_2027_8406 burst_zone
t=2028 RESIDUAL_BURST_2028_2976 burst_zone
t=2029 RESIDUAL_BURST_2029_1090 burst_zone
t=2030 RESIDUAL_BURST_2030_2196 burst_zone
t=2031 RESIDUAL_BURST_2031_5033 burst_zone
t=2032 MID_SEAM_BETA burst_seam
t=2033 MID_SEAM_BETA burst_seam
t=2034 RESIDUAL_BURST_2034_1271 burst_zone
t=2035 MID_SEAM_ALPHA burst_seam
t=2036 RESIDUAL_BURST_2036_8009 burst_zone
t=2037 MID_HOLD_DELTA burst_seam
t=2038 MID_RETURN_GAMMA burst_seam
t=2039 MID_RETURN_GAMMA burst_seam
t=2040 MID_RETURN_GAMMA burst_seam
t=2041 RESIDUAL_BURST_2041_2374 burst_zone
t=2042 RESIDUAL_BURST_2042_1787 burst_zone
t=2043 RESIDUAL_BURST_2043_6218 burst_zone
t=2044 RESIDUAL_BURST_2044_7042 burst_zone
t=2045 MID_RETURN_GAMMA burst_seam
t=2046 RESIDUAL_BURST_2046_1471 burst_zone
t=2047 RESIDUAL_BURST_2047_3094 burst_zone
t=2048 RESIDUAL_BURST_2048_2286 burst_zone
t=2049 RESIDUAL_BURST_2049_6349 burst_zone
t=2050 MID_SEAM_ALPHA burst_seam
t=2051 RESIDUAL_BURST_2051_6525 burst_zone
t=2052 RESIDUAL_BURST_2052_5077 burst_zone
t=2053 MID_SEAM_ALPHA burst_seam
t=2054 RESIDUAL_BURST_2054_8621 burst_zone
t=2055 RESIDUAL_BURST_2055_1008 burst_zone
t=2056 RESIDUAL_BURST_2056_6357 burst_zone
t=2057 RESIDUAL_BURST_2057_8892 burst_zone
t=2058 MID_SEAM_ALPHA burst_seam
t=2059 RESIDUAL_BURST_2059_9022 burst_zone
t=2060 RESIDUAL_BURST_2060_7285 burst_zone
t=2061 RESIDUAL_BURST_2061_5772 burst_zone
t=2062 CARRIER_A_STABLE carrier_field
t=2063 CARRIER_A_STABLE carrier_field
t=2064 CARRIER_A_STABLE carrier_field
t=2065 CARRIER_A_STABLE carrier_field
t=2066 CARRIER_A_STABLE carrier_field
t=2067 RESIDUAL_EDGE_2067_1597 edge_disturbance
t=2068 CARRIER_A_STABLE carrier_field
t=2069 CARRIER_A_STABLE carrier_field
t=2070 CARRIER_A_STABLE carrier_field
t=2071 CARRIER_A_STABLE carrier_field
t=2072 CARRIER_A_STABLE carrier_field
t=2073 CARRIER_A_STABLE carrier_field
t=2074 CARRIER_A_STABLE carrier_field
t=2075 CARRIER_A_STABLE carrier_field
t=2076 CARRIER_A_STABLE carrier_field
t=2077 CARRIER_A_STABLE carrier_field
t=2078 CARRIER_A_STABLE carrier_field
t=2079 CARRIER_A_STABLE carrier_field
t=2080 CARRIER_A_STABLE carrier_field
t=2081 CARRIER_A_STABLE carrier_field
t=2082 CARRIER_A_STABLE carrier_field
t=2083 CARRIER_A_STABLE carrier_field
t=2084 RESIDUAL_EDGE_2084_6294 edge_disturbance
t=2085 CARRIER_A_STABLE carrier_field
t=2086 CARRIER_A_STABLE carrier_field
t=2087 CARRIER_A_STABLE carrier_field
t=2088 CARRIER_A_STABLE carrier_field
t=2089 CARRIER_A_STABLE carrier_field
t=2090 CARRIER_A_STABLE carrier_field
t=2091 CARRIER_A_STABLE carrier_field
t=2092 CARRIER_A_STABLE carrier_field
t=2093 CARRIER_A_STABLE carrier_field
t=2094 CARRIER_A_STABLE carrier_field
t=2095 CARRIER_A_STABLE carrier_field
t=2096 CARRIER_A_STABLE carrier_field
t=2097 CARRIER_A_STABLE carrier_field
t=2098 CARRIER_A_STABLE carrier_field
t=2099 CARRIER_A_STABLE carrier_field
t=2100 CARRIER_B_STABLE carrier_field
t=2101 CARRIER_B_STABLE carrier_field
t=2102 CARRIER_B_STABLE carrier_field
t=2103 CARRIER_B_STABLE carrier_field
t=2104 CARRIER_B_STABLE carrier_field
t=2105 CARRIER_B_STABLE carrier_field
t=2106 CARRIER_B_STABLE carrier_field
t=2107 RESIDUAL_EDGE_2107_9520 edge_disturbance
t=2108 CARRIER_B_STABLE carrier_field
t=2109 CARRIER_B_STABLE carrier_field
t=2110 CARRIER_B_STABLE carrier_field
t=2111 CARRIER_B_STABLE carrier_field
t=2112 CARRIER_B_STABLE carrier_field
t=2113 RESIDUAL_EDGE_2113_1822 edge_disturbance
t=2114 CARRIER_B_STABLE carrier_field
t=2115 CARRIER_B_STABLE carrier_field
t=2116 CARRIER_B_STABLE carrier_field
t=2117 CARRIER_B_STABLE carrier_field
t=2118 CARRIER_B_STABLE carrier_field
t=2119 CARRIER_B_STABLE carrier_field
t=2120 CARRIER_B_STABLE carrier_field
t=2121 CARRIER_B_STABLE carrier_field
t=2122 CARRIER_B_STABLE carrier_field
t=2123 CARRIER_B_STABLE carrier_field
t=2124 CARRIER_B_STABLE carrier_field
t=2125 CARRIER_B_STABLE carrier_field
t=2126 CARRIER_B_STABLE carrier_field
t=2127 CARRIER_B_STABLE carrier_field
t=2128 CARRIER_B_STABLE carrier_field
t=2129 CARRIER_B_STABLE carrier_field
t=2130 CARRIER_B_STABLE carrier_field
t=2131 CARRIER_B_STABLE carrier_field
t=2132 CARRIER_B_STABLE carrier_field
t=2133 CARRIER_B_STABLE carrier_field
t=2134 CARRIER_B_STABLE carrier_field
t=2135 CARRIER_B_STABLE carrier_field
t=2136 CARRIER_B_STABLE carrier_field
t=2137 CARRIER_B_STABLE carrier_field
t=2138 CARRIER_B_STABLE carrier_field
t=2139 CARRIER_B_STABLE carrier_field
t=2140 CARRIER_B_STABLE carrier_field
t=2141 CARRIER_B_STABLE carrier_field
t=2142 CARRIER_B_STABLE carrier_field
t=2143 CARRIER_B_STABLE carrier_field
t=2144 CARRIER_B_STABLE carrier_field
t=2145 CARRIER_B_STABLE carrier_field
t=2146 CARRIER_B_STABLE carrier_field
t=2147 CARRIER_B_STABLE carrier_field
t=2148 CARRIER_B_STABLE carrier_field
t=2149 CARRIER_B_STABLE carrier_field
t=2150 CARRIER_B_STABLE carrier_field
t=2151 RESIDUAL_EDGE_2151_7501 edge_disturbance
t=2152 CARRIER_B_STABLE carrier_field
t=2153 CARRIER_B_STABLE carrier_field
t=2154 CARRIER_B_STABLE carrier_field
t=2155 CARRIER_B_STABLE carrier_field
t=2156 CARRIER_B_STABLE carrier_field
t=2157 CARRIER_B_STABLE carrier_field
t=2158 CARRIER_B_STABLE carrier_field
t=2159 CARRIER_B_STABLE carrier_field
t=2160 CARRIER_B_STABLE carrier_field
t=2161 CARRIER_B_STABLE carrier_field
t=2162 CARRIER_B_STABLE carrier_field
t=2163 CARRIER_B_STABLE carrier_field
t=2164 CARRIER_B_STABLE carrier_field
t=2165 CARRIER_B_STABLE carrier_field
t=2166 CARRIER_B_STABLE carrier_field
t=2167 CARRIER_B_STABLE carrier_field
t=2168 CARRIER_B_STABLE carrier_field
t=2169 CARRIER_B_STABLE carrier_field
t=2170 CARRIER_B_STABLE carrier_field
t=2171 CARRIER_B_STABLE carrier_field
t=2172 CARRIER_B_STABLE carrier_field
t=2173 CARRIER_B_STABLE carrier_field
t=2174 CARRIER_B_STABLE carrier_field
t=2175 CARRIER_B_STABLE carrier_field
t=2176 CARRIER_B_STABLE carrier_field
t=2177 CARRIER_B_STABLE carrier_field
t=2178 CARRIER_B_STABLE carrier_field
t=2179 CARRIER_B_STABLE carrier_field
t=2180 CARRIER_B_STABLE carrier_field
t=2181 CARRIER_B_STABLE carrier_field
t=2182 CARRIER_B_STABLE carrier_field
t=2183 CARRIER_B_STABLE carrier_field
t=2184 CARRIER_B_STABLE carrier_field
t=2185 CARRIER_B_STABLE carrier_field
t=2186 CARRIER_B_STABLE carrier_field
t=2187 RESIDUAL_EDGE_2187_7484 edge_disturbance
t=2188 CARRIER_B_STABLE carrier_field
t=2189 CARRIER_B_STABLE carrier_field
t=2190 CARRIER_B_STABLE carrier_field
t=2191 CARRIER_B_STABLE carrier_field
t=2192 RESIDUAL_EDGE_2192_4920 edge_disturbance
t=2193 CARRIER_B_STABLE carrier_field
t=2194 CARRIER_B_STABLE carrier_field
t=2195 CARRIER_B_STABLE carrier_field
t=2196 CARRIER_B_STABLE carrier_field
t=2197 CARRIER_B_STABLE carrier_field
t=2198 CARRIER_B_STABLE carrier_field
t=2199 CARRIER_B_STABLE carrier_field
t=2200 CARRIER_B_STABLE carrier_field
t=2201 CARRIER_B_STABLE carrier_field
t=2202 CARRIER_B_STABLE carrier_field
t=2203 CARRIER_B_STABLE carrier_field
t=2204 CARRIER_B_STABLE carrier_field
t=2205 CARRIER_B_STABLE carrier_field
t=2206 CARRIER_B_STABLE carrier_field
t=2207 CARRIER_B_STABLE carrier_field
t=2208 CARRIER_B_STABLE carrier_field
t=2209 CARRIER_B_STABLE carrier_field
t=2210 CARRIER_B_STABLE carrier_field
t=2211 CARRIER_B_STABLE carrier_field
t=2212 CARRIER_B_STABLE carrier_field
t=2213 CARRIER_B_STABLE carrier_field
t=2214 CARRIER_B_STABLE carrier_field
t=2215 CARRIER_B_STABLE carrier_field
t=2216 CARRIER_B_STABLE carrier_field
t=2217 CARRIER_B_STABLE carrier_field
t=2218 RESIDUAL_EDGE_2218_8672 edge_disturbance
t=2219 CARRIER_B_STABLE carrier_field
t=2220 CARRIER_B_STABLE carrier_field
t=2221 CARRIER_B_STABLE carrier_field
t=2222 CARRIER_B_STABLE carrier_field
t=2223 CARRIER_B_STABLE carrier_field
t=2224 CARRIER_B_STABLE carrier_field
t=2225 CARRIER_B_STABLE carrier_field
t=2226 CARRIER_B_STABLE carrier_field
t=2227 CARRIER_B_STABLE carrier_field
t=2228 CARRIER_B_STABLE carrier_field
t=2229 CARRIER_B_STABLE carrier_field
t=2230 RESIDUAL_EDGE_2230_1382 edge_disturbance
t=2231 CARRIER_B_STABLE carrier_field
t=2232 CARRIER_B_STABLE carrier_field
t=2233 CARRIER_B_STABLE carrier_field
t=2234 CARRIER_B_STABLE carrier_field
t=2235 CARRIER_B_STABLE carrier_field
t=2236 CARRIER_B_STABLE carrier_field
t=2237 CARRIER_B_STABLE carrier_field
t=2238 CARRIER_B_STABLE carrier_field
t=2239 CARRIER_B_STABLE carrier_field
t=2240 MID_SEAM_ALPHA burst_seam
t=2241 RESIDUAL_BURST_2241_4917 burst_zone
t=2242 RESIDUAL_BURST_2242_7221 burst_zone
t=2243 RESIDUAL_BURST_2243_1363 burst_zone
t=2244 RESIDUAL_BURST_2244_8169 burst_zone
t=2245 RESIDUAL_BURST_2245_3202 burst_zone
t=2246 MID_HOLD_DELTA burst_seam
t=2247 RESIDUAL_BURST_2247_1867 burst_zone
t=2248 MID_SEAM_BETA burst_seam
t=2249 RESIDUAL_BURST_2249_3690 burst_zone
t=2250 RESIDUAL_BURST_2250_4810 burst_zone
t=2251 RESIDUAL_BURST_2251_1173 burst_zone
t=2252 RESIDUAL_BURST_2252_5195 burst_zone
t=2253 RESIDUAL_BURST_2253_3319 burst_zone
t=2254 MID_RETURN_GAMMA burst_seam
t=2255 RESIDUAL_BURST_2255_3453 burst_zone
t=2256 RESIDUAL_BURST_2256_9040 burst_zone
t=2257 MID_SEAM_BETA burst_seam
t=2258 RESIDUAL_BURST_2258_7794 burst_zone
t=2259 RESIDUAL_BURST_2259_7169 burst_zone
t=2260 RESIDUAL_BURST_2260_5892 burst_zone
t=2261 RESIDUAL_BURST_2261_1764 burst_zone
t=2262 RESIDUAL_BURST_2262_3368 burst_zone
t=2263 RESIDUAL_BURST_2263_4399 burst_zone
t=2264 RESIDUAL_BURST_2264_7005 burst_zone
t=2265 RESIDUAL_BURST_2265_3237 burst_zone
t=2266 RESIDUAL_BURST_2266_5387 burst_zone
t=2267 RESIDUAL_BURST_2267_4339 burst_zone
t=2268 RESIDUAL_BURST_2268_6087 burst_zone
t=2269 RESIDUAL_BURST_2269_2044 burst_zone
t=2270 RESIDUAL_BURST_2270_7954 burst_zone
t=2271 RESIDUAL_BURST_2271_2444 burst_zone
t=2272 RESIDUAL_BURST_2272_5616 burst_zone
t=2273 MID_SEAM_ALPHA burst_seam
t=2274 RESIDUAL_BURST_2274_9752 burst_zone
t=2275 RESIDUAL_BURST_2275_7338 burst_zone
t=2276 MID_RETURN_GAMMA burst_seam
t=2277 RESIDUAL_BURST_2277_1092 burst_zone
t=2278 RESIDUAL_BURST_2278_9052 burst_zone
t=2279 MID_HOLD_DELTA burst_seam
t=2280 RESIDUAL_BURST_2280_7153 burst_zone
t=2281 RESIDUAL_BURST_2281_7606 burst_zone
t=2282 CARRIER_B_STABLE carrier_field
t=2283 CARRIER_B_STABLE carrier_field
t=2284 CARRIER_B_STABLE carrier_field
t=2285 CARRIER_B_STABLE carrier_field
t=2286 CARRIER_B_STABLE carrier_field
t=2287 CARRIER_B_STABLE carrier_field
t=2288 RESIDUAL_EDGE_2288_1134 edge_disturbance
t=2289 CARRIER_B_STABLE carrier_field
t=2290 CARRIER_B_STABLE carrier_field
t=2291 CARRIER_B_STABLE carrier_field
t=2292 CARRIER_B_STABLE carrier_field
t=2293 CARRIER_B_STABLE carrier_field
t=2294 CARRIER_B_STABLE carrier_field
t=2295 CARRIER_B_STABLE carrier_field
t=2296 CARRIER_B_STABLE carrier_field
t=2297 CARRIER_B_STABLE carrier_field
t=2298 CARRIER_B_STABLE carrier_field
t=2299 CARRIER_B_STABLE carrier_field
t=2300 CARRIER_B_STABLE carrier_field
t=2301 CARRIER_B_STABLE carrier_field
t=2302 CARRIER_B_STABLE carrier_field
t=2303 CARRIER_B_STABLE carrier_field
t=2304 CARRIER_B_STABLE carrier_field
t=2305 CARRIER_B_STABLE carrier_field
t=2306 CARRIER_B_STABLE carrier_field
t=2307 CARRIER_B_STABLE carrier_field
t=2308 CARRIER_B_STABLE carrier_field
t=2309 CARRIER_B_STABLE carrier_field
t=2310 CARRIER_B_STABLE carrier_field
t=2311 CARRIER_B_STABLE carrier_field
t=2312 CARRIER_B_STABLE carrier_field
t=2313 CARRIER_B_STABLE carrier_field
t=2314 CARRIER_B_STABLE carrier_field
t=2315 CARRIER_B_STABLE carrier_field
t=2316 CARRIER_B_STABLE carrier_field
t=2317 CARRIER_B_STABLE carrier_field
t=2318 CARRIER_B_STABLE carrier_field
t=2319 CARRIER_B_STABLE carrier_field
t=2320 CARRIER_B_STABLE carrier_field
t=2321 CARRIER_B_STABLE carrier_field
t=2322 CARRIER_B_STABLE carrier_field
t=2323 CARRIER_B_STABLE carrier_field
t=2324 CARRIER_B_STABLE carrier_field
t=2325 CARRIER_B_STABLE carrier_field
t=2326 CARRIER_B_STABLE carrier_field
t=2327 CARRIER_B_STABLE carrier_field
t=2328 CARRIER_B_STABLE carrier_field
t=2329 CARRIER_B_STABLE carrier_field
t=2330 CARRIER_B_STABLE carrier_field
t=2331 CARRIER_B_STABLE carrier_field
t=2332 CARRIER_B_STABLE carrier_field
t=2333 CARRIER_B_STABLE carrier_field
t=2334 CARRIER_B_STABLE carrier_field
t=2335 CARRIER_B_STABLE carrier_field
t=2336 CARRIER_B_STABLE carrier_field
t=2337 CARRIER_B_STABLE carrier_field
t=2338 CARRIER_B_STABLE carrier_field
t=2339 CARRIER_B_STABLE carrier_field
t=2340 CARRIER_B_STABLE carrier_field
t=2341 CARRIER_B_STABLE carrier_field
t=2342 CARRIER_B_STABLE carrier_field
t=2343 CARRIER_B_STABLE carrier_field
t=2344 CARRIER_B_STABLE carrier_field
t=2345 CARRIER_B_STABLE carrier_field
t=2346 CARRIER_B_STABLE carrier_field
t=2347 CARRIER_B_STABLE carrier_field
t=2348 CARRIER_B_STABLE carrier_field
t=2349 CARRIER_B_STABLE carrier_field
t=2350 CARRIER_B_STABLE carrier_field
t=2351 CARRIER_B_STABLE carrier_field
t=2352 CARRIER_B_STABLE carrier_field
t=2353 CARRIER_B_STABLE carrier_field
t=2354 CARRIER_B_STABLE carrier_field
t=2355 CARRIER_B_STABLE carrier_field
t=2356 CARRIER_B_STABLE carrier_field
t=2357 CARRIER_B_STABLE carrier_field
t=2358 CARRIER_B_STABLE carrier_field
t=2359 CARRIER_B_STABLE carrier_field
t=2360 CARRIER_B_STABLE carrier_field
t=2361 CARRIER_B_STABLE carrier_field
t=2362 RESIDUAL_EDGE_2362_8821 edge_disturbance
t=2363 CARRIER_B_STABLE carrier_field
t=2364 CARRIER_B_STABLE carrier_field
t=2365 CARRIER_B_STABLE carrier_field
t=2366 CARRIER_B_STABLE carrier_field
t=2367 CARRIER_B_STABLE carrier_field
t=2368 CARRIER_B_STABLE carrier_field
t=2369 RESIDUAL_EDGE_2369_2610 edge_disturbance
t=2370 CARRIER_B_STABLE carrier_field
t=2371 CARRIER_B_STABLE carrier_field
t=2372 CARRIER_B_STABLE carrier_field
t=2373 CARRIER_B_STABLE carrier_field
t=2374 CARRIER_B_STABLE carrier_field
t=2375 CARRIER_B_STABLE carrier_field
t=2376 CARRIER_B_STABLE carrier_field
t=2377 CARRIER_B_STABLE carrier_field
t=2378 CARRIER_B_STABLE carrier_field
t=2379 CARRIER_B_STABLE carrier_field
t=2380 MID_SEAM_ALPHA recomposition_pocket
t=2381 MID_HOLD_DELTA recomposition_pocket
t=2382 MID_SEAM_ALPHA recomposition_pocket
t=2383 MID_SEAM_ALPHA recomposition_pocket
t=2384 MID_RETURN_GAMMA recomposition_pocket
t=2385 MID_SEAM_BETA recomposition_pocket
t=2386 MID_RETURN_GAMMA recomposition_pocket
t=2387 MID_SEAM_BETA recomposition_pocket
t=2388 MID_HOLD_DELTA recomposition_pocket
t=2389 MID_RETURN_GAMMA recomposition_pocket
t=2390 MID_HOLD_DELTA recomposition_pocket
t=2391 MID_SEAM_BETA recomposition_pocket
t=2392 MID_SEAM_ALPHA recomposition_pocket
t=2393 MID_SEAM_ALPHA recomposition_pocket
t=2394 MID_RETURN_GAMMA recomposition_pocket
t=2395 MID_SEAM_BETA recomposition_pocket
t=2396 MID_HOLD_DELTA recomposition_pocket
t=2397 MID_SEAM_BETA recomposition_pocket
t=2398 MID_RETURN_GAMMA recomposition_pocket
t=2399 MID_SEAM_ALPHA recomposition_pocket
t=2400 MID_HOLD_DELTA recomposition_pocket
t=2401 MID_HOLD_DELTA recomposition_pocket
t=2402 MID_RETURN_GAMMA recomposition_pocket
t=2403 MID_SEAM_BETA recomposition_pocket
t=2404 MID_SEAM_BETA recomposition_pocket
t=2405 MID_HOLD_DELTA recomposition_pocket
t=2406 MID_SEAM_BETA recomposition_pocket
t=2407 MID_SEAM_ALPHA recomposition_pocket
t=2408 MID_SEAM_BETA recomposition_pocket
t=2409 MID_SEAM_ALPHA recomposition_pocket
t=2410 MID_SEAM_ALPHA recomposition_pocket
t=2411 MID_HOLD_DELTA recomposition_pocket
t=2412 MID_SEAM_BETA recomposition_pocket
t=2413 MID_SEAM_ALPHA recomposition_pocket
t=2414 MID_SEAM_ALPHA recomposition_pocket
t=2415 MID_SEAM_BETA recomposition_pocket
t=2416 MID_RETURN_GAMMA recomposition_pocket
t=2417 MID_RETURN_GAMMA recomposition_pocket
t=2418 MID_RETURN_GAMMA recomposition_pocket
t=2419 MID_HOLD_DELTA recomposition_pocket
t=2420 MID_SEAM_BETA recomposition_pocket
t=2421 MID_HOLD_DELTA recomposition_pocket
t=2422 MID_RETURN_GAMMA recomposition_pocket
t=2423 MID_RETURN_GAMMA recomposition_pocket
t=2424 MID_SEAM_BETA recomposition_pocket
t=2425 MID_SEAM_ALPHA recomposition_pocket
t=2426 MID_SEAM_BETA recomposition_pocket
t=2427 MID_SEAM_BETA recomposition_pocket
t=2428 MID_SEAM_ALPHA recomposition_pocket
t=2429 MID_SEAM_BETA recomposition_pocket
t=2430 MID_SEAM_ALPHA recomposition_pocket
t=2431 MID_RETURN_GAMMA recomposition_pocket
t=2432 MID_SEAM_BETA recomposition_pocket
t=2433 MID_RETURN_GAMMA recomposition_pocket
t=2434 MID_HOLD_DELTA recomposition_pocket
t=2435 MID_RETURN_GAMMA recomposition_pocket
t=2436 MID_HOLD_DELTA recomposition_pocket
t=2437 MID_HOLD_DELTA recomposition_pocket
t=2438 MID_SEAM_ALPHA recomposition_pocket
t=2439 MID_SEAM_ALPHA recomposition_pocket
t=2440 MID_HOLD_DELTA recomposition_pocket
t=2441 MID_HOLD_DELTA recomposition_pocket
t=2442 MID_SEAM_BETA recomposition_pocket
t=2443 MID_RETURN_GAMMA recomposition_pocket
t=2444 MID_HOLD_DELTA recomposition_pocket
t=2445 MID_SEAM_BETA recomposition_pocket
t=2446 MID_RETURN_GAMMA recomposition_pocket
t=2447 MID_SEAM_BETA recomposition_pocket
t=2448 MID_SEAM_ALPHA recomposition_pocket
t=2449 MID_SEAM_BETA recomposition_pocket
t=2450 MID_SEAM_BETA recomposition_pocket
t=2451 MID_HOLD_DELTA recomposition_pocket
t=2452 MID_SEAM_ALPHA recomposition_pocket
t=2453 MID_SEAM_BETA recomposition_pocket
t=2454 MID_SEAM_ALPHA recomposition_pocket
t=2455 MID_SEAM_ALPHA recomposition_pocket
t=2456 MID_HOLD_DELTA recomposition_pocket
t=2457 MID_HOLD_DELTA recomposition_pocket
t=2458 MID_SEAM_ALPHA recomposition_pocket
t=2459 MID_RETURN_GAMMA recomposition_pocket
t=2460 MID_SEAM_ALPHA burst_seam
t=2461 MID_SEAM_ALPHA burst_seam
t=2462 MID_SEAM_ALPHA burst_seam
t=2463 RESIDUAL_BURST_2463_4576 burst_zone
t=2464 MID_SEAM_BETA burst_seam
t=2465 RESIDUAL_BURST_2465_2272 burst_zone
t=2466 MID_HOLD_DELTA burst_seam
t=2467 MID_SEAM_ALPHA burst_seam
t=2468 RESIDUAL_BURST_2468_4682 burst_zone
t=2469 RESIDUAL_BURST_2469_1641 burst_zone
t=2470 RESIDUAL_BURST_2470_1368 burst_zone
t=2471 MID_RETURN_GAMMA burst_seam
t=2472 MID_RETURN_GAMMA burst_seam
t=2473 RESIDUAL_BURST_2473_7958 burst_zone
t=2474 RESIDUAL_BURST_2474_3678 burst_zone
t=2475 RESIDUAL_BURST_2475_7982 burst_zone
t=2476 MID_SEAM_BETA burst_seam
t=2477 MID_SEAM_ALPHA burst_seam
t=2478 MID_SEAM_ALPHA burst_seam
t=2479 RESIDUAL_BURST_2479_4420 burst_zone
t=2480 RESIDUAL_BURST_2480_3296 burst_zone
t=2481 RESIDUAL_BURST_2481_1065 burst_zone
t=2482 RESIDUAL_BURST_2482_1166 burst_zone
t=2483 RESIDUAL_BURST_2483_5709 burst_zone
t=2484 RESIDUAL_BURST_2484_5048 burst_zone
t=2485 RESIDUAL_BURST_2485_2937 burst_zone
t=2486 MID_SEAM_BETA burst_seam
t=2487 RESIDUAL_BURST_2487_2208 burst_zone
t=2488 RESIDUAL_BURST_2488_5924 burst_zone
t=2489 RESIDUAL_BURST_2489_1982 burst_zone
t=2490 RESIDUAL_BURST_2490_4898 burst_zone
t=2491 RESIDUAL_BURST_2491_8326 burst_zone
t=2492 RESIDUAL_BURST_2492_9115 burst_zone
t=2493 RESIDUAL_BURST_2493_4156 burst_zone
t=2494 RESIDUAL_BURST_2494_4386 burst_zone
t=2495 RESIDUAL_BURST_2495_7988 burst_zone
t=2496 RESIDUAL_BURST_2496_5565 burst_zone
t=2497 RESIDUAL_BURST_2497_2588 burst_zone
t=2498 RESIDUAL_BURST_2498_6453 burst_zone
t=2499 RESIDUAL_BURST_2499_9284 burst_zone
t=2500 RESIDUAL_BURST_2500_7592 burst_zone
t=2501 RESIDUAL_BURST_2501_1387 burst_zone
t=2502 MID_HOLD_DELTA recomposition_pocket
t=2503 MID_HOLD_DELTA recomposition_pocket
t=2504 MID_HOLD_DELTA recomposition_pocket
t=2505 MID_RETURN_GAMMA recomposition_pocket
t=2506 MID_SEAM_ALPHA recomposition_pocket
t=2507 MID_SEAM_BETA recomposition_pocket
t=2508 MID_SEAM_ALPHA recomposition_pocket
t=2509 MID_HOLD_DELTA recomposition_pocket
t=2510 MID_SEAM_ALPHA recomposition_pocket
t=2511 MID_SEAM_BETA recomposition_pocket
t=2512 MID_SEAM_BETA recomposition_pocket
t=2513 MID_RETURN_GAMMA recomposition_pocket
t=2514 MID_HOLD_DELTA recomposition_pocket
t=2515 MID_SEAM_BETA recomposition_pocket
t=2516 MID_RETURN_GAMMA recomposition_pocket
t=2517 MID_SEAM_BETA recomposition_pocket
t=2518 MID_SEAM_ALPHA recomposition_pocket
t=2519 MID_HOLD_DELTA recomposition_pocket
t=2520 CARRIER_B_STABLE carrier_field
t=2521 CARRIER_B_STABLE carrier_field
t=2522 CARRIER_B_STABLE carrier_field
t=2523 CARRIER_B_STABLE carrier_field
t=2524 CARRIER_B_STABLE carrier_field
t=2525 CARRIER_B_STABLE carrier_field
t=2526 CARRIER_B_STABLE carrier_field
t=2527 CARRIER_B_STABLE carrier_field
t=2528 CARRIER_B_STABLE carrier_field
t=2529 CARRIER_B_STABLE carrier_field
t=2530 CARRIER_B_STABLE carrier_field
t=2531 CARRIER_B_STABLE carrier_field
t=2532 CARRIER_B_STABLE carrier_field
t=2533 CARRIER_B_STABLE carrier_field
t=2534 CARRIER_B_STABLE carrier_field
t=2535 CARRIER_B_STABLE carrier_field
t=2536 CARRIER_B_STABLE carrier_field
t=2537 CARRIER_B_STABLE carrier_field
t=2538 CARRIER_B_STABLE carrier_field
t=2539 CARRIER_B_STABLE carrier_field
t=2540 CARRIER_B_STABLE carrier_field
t=2541 CARRIER_B_STABLE carrier_field
t=2542 CARRIER_B_STABLE carrier_field
t=2543 CARRIER_B_STABLE carrier_field
t=2544 CARRIER_B_STABLE carrier_field
t=2545 CARRIER_B_STABLE carrier_field
t=2546 CARRIER_B_STABLE carrier_field
t=2547 RESIDUAL_EDGE_2547_6971 edge_disturbance
t=2548 CARRIER_B_STABLE carrier_field
t=2549 CARRIER_B_STABLE carrier_field
t=2550 CARRIER_B_STABLE carrier_field
t=2551 CARRIER_B_STABLE carrier_field
t=2552 CARRIER_B_STABLE carrier_field
t=2553 CARRIER_B_STABLE carrier_field
t=2554 CARRIER_B_STABLE carrier_field
t=2555 CARRIER_B_STABLE carrier_field
t=2556 CARRIER_B_STABLE carrier_field
t=2557 CARRIER_B_STABLE carrier_field
t=2558 CARRIER_B_STABLE carrier_field
t=2559 CARRIER_B_STABLE carrier_field
t=2560 CARRIER_B_STABLE carrier_field
t=2561 CARRIER_B_STABLE carrier_field
t=2562 CARRIER_B_STABLE carrier_field
t=2563 CARRIER_B_STABLE carrier_field
t=2564 CARRIER_B_STABLE carrier_field
t=2565 CARRIER_B_STABLE carrier_field
t=2566 CARRIER_B_STABLE carrier_field
t=2567 CARRIER_B_STABLE carrier_field
t=2568 CARRIER_B_STABLE carrier_field
t=2569 CARRIER_B_STABLE carrier_field
t=2570 CARRIER_B_STABLE carrier_field
t=2571 CARRIER_B_STABLE carrier_field
t=2572 CARRIER_B_STABLE carrier_field
t=2573 CARRIER_B_STABLE carrier_field
t=2574 CARRIER_B_STABLE carrier_field
t=2575 CARRIER_B_STABLE carrier_field
t=2576 CARRIER_B_STABLE carrier_field
t=2577 CARRIER_B_STABLE carrier_field
t=2578 CARRIER_B_STABLE carrier_field
t=2579 CARRIER_B_STABLE carrier_field
t=2580 CARRIER_B_STABLE carrier_field
t=2581 CARRIER_B_STABLE carrier_field
t=2582 CARRIER_B_STABLE carrier_field
t=2583 CARRIER_B_STABLE carrier_field
t=2584 CARRIER_B_STABLE carrier_field
t=2585 CARRIER_B_STABLE carrier_field
t=2586 CARRIER_B_STABLE carrier_field
t=2587 CARRIER_B_STABLE carrier_field
t=2588 CARRIER_B_STABLE carrier_field
t=2589 CARRIER_B_STABLE carrier_field
t=2590 CARRIER_B_STABLE carrier_field
t=2591 RESIDUAL_EDGE_2591_3860 edge_disturbance
t=2592 CARRIER_B_STABLE carrier_field
t=2593 CARRIER_B_STABLE carrier_field
t=2594 RESIDUAL_EDGE_2594_7590 edge_disturbance
t=2595 CARRIER_B_STABLE carrier_field
t=2596 CARRIER_B_STABLE carrier_field
t=2597 CARRIER_B_STABLE carrier_field
t=2598 CARRIER_B_STABLE carrier_field
t=2599 CARRIER_B_STABLE carrier_field
t=2600 CARRIER_B_STABLE carrier_field
t=2601 CARRIER_B_STABLE carrier_field
t=2602 CARRIER_B_STABLE carrier_field
t=2603 CARRIER_B_STABLE carrier_field
t=2604 CARRIER_B_STABLE carrier_field
t=2605 CARRIER_B_STABLE carrier_field
t=2606 CARRIER_B_STABLE carrier_field
t=2607 CARRIER_B_STABLE carrier_field
t=2608 CARRIER_B_STABLE carrier_field
t=2609 RESIDUAL_EDGE_2609_5715 edge_disturbance
t=2610 CARRIER_B_STABLE carrier_field
t=2611 CARRIER_B_STABLE carrier_field
t=2612 CARRIER_B_STABLE carrier_field
t=2613 CARRIER_B_STABLE carrier_field
t=2614 CARRIER_B_STABLE carrier_field
t=2615 RESIDUAL_EDGE_2615_9573 edge_disturbance
t=2616 RESIDUAL_EDGE_2616_4457 edge_disturbance
t=2617 CARRIER_B_STABLE carrier_field
t=2618 CARRIER_B_STABLE carrier_field
t=2619 CARRIER_B_STABLE carrier_field
t=2620 CARRIER_B_STABLE carrier_field
t=2621 CARRIER_B_STABLE carrier_field
t=2622 CARRIER_B_STABLE carrier_field
t=2623 CARRIER_B_STABLE carrier_field
t=2624 CARRIER_B_STABLE carrier_field
t=2625 CARRIER_B_STABLE carrier_field
t=2626 CARRIER_B_STABLE carrier_field
t=2627 CARRIER_B_STABLE carrier_field
t=2628 CARRIER_B_STABLE carrier_field
t=2629 CARRIER_B_STABLE carrier_field
t=2630 CARRIER_B_STABLE carrier_field
t=2631 RESIDUAL_EDGE_2631_6903 edge_disturbance
t=2632 CARRIER_B_STABLE carrier_field
t=2633 CARRIER_B_STABLE carrier_field
t=2634 CARRIER_B_STABLE carrier_field
t=2635 CARRIER_B_STABLE carrier_field
t=2636 CARRIER_B_STABLE carrier_field
t=2637 CARRIER_B_STABLE carrier_field
t=2638 CARRIER_B_STABLE carrier_field
t=2639 CARRIER_B_STABLE carrier_field
t=2640 CARRIER_B_STABLE carrier_field
t=2641 CARRIER_B_STABLE carrier_field
t=2642 CARRIER_B_STABLE carrier_field
t=2643 CARRIER_B_STABLE carrier_field
t=2644 CARRIER_B_STABLE carrier_field
t=2645 CARRIER_B_STABLE carrier_field
t=2646 CARRIER_B_STABLE carrier_field
t=2647 CARRIER_B_STABLE carrier_field
t=2648 CARRIER_B_STABLE carrier_field
t=2649 CARRIER_B_STABLE carrier_field
t=2650 CARRIER_B_STABLE carrier_field
t=2651 CARRIER_B_STABLE carrier_field
t=2652 CARRIER_B_STABLE carrier_field
t=2653 CARRIER_B_STABLE carrier_field
t=2654 CARRIER_B_STABLE carrier_field
t=2655 CARRIER_B_STABLE carrier_field
t=2656 CARRIER_B_STABLE carrier_field
t=2657 CARRIER_B_STABLE carrier_field
t=2658 CARRIER_B_STABLE carrier_field
t=2659 CARRIER_B_STABLE carrier_field
t=2660 CARRIER_B_STABLE carrier_field
t=2661 CARRIER_B_STABLE carrier_field
t=2662 CARRIER_B_STABLE carrier_field
t=2663 RESIDUAL_EDGE_2663_1263 edge_disturbance
t=2664 CARRIER_B_STABLE carrier_field
t=2665 CARRIER_B_STABLE carrier_field
t=2666 CARRIER_B_STABLE carrier_field
t=2667 CARRIER_B_STABLE carrier_field
t=2668 CARRIER_B_STABLE carrier_field
t=2669 CARRIER_B_STABLE carrier_field
t=2670 CARRIER_B_STABLE carrier_field
t=2671 CARRIER_B_STABLE carrier_field
t=2672 CARRIER_B_STABLE carrier_field
t=2673 CARRIER_B_STABLE carrier_field
t=2674 CARRIER_B_STABLE carrier_field
t=2675 CARRIER_B_STABLE carrier_field
t=2676 CARRIER_B_STABLE carrier_field
t=2677 CARRIER_B_STABLE carrier_field
t=2678 CARRIER_B_STABLE carrier_field
t=2679 CARRIER_B_STABLE carrier_field
t=2680 RESIDUAL_BURST_2680_3646 burst_zone
t=2681 MID_RETURN_GAMMA burst_seam
t=2682 RESIDUAL_BURST_2682_4288 burst_zone
t=2683 RESIDUAL_BURST_2683_3625 burst_zone
t=2684 RESIDUAL_BURST_2684_1764 burst_zone
t=2685 MID_RETURN_GAMMA burst_seam
t=2686 RESIDUAL_BURST_2686_7836 burst_zone
t=2687 RESIDUAL_BURST_2687_5484 burst_zone
t=2688 RESIDUAL_BURST_2688_1535 burst_zone
t=2689 MID_HOLD_DELTA burst_seam
t=2690 RESIDUAL_BURST_2690_2552 burst_zone
t=2691 RESIDUAL_BURST_2691_8260 burst_zone
t=2692 RESIDUAL_BURST_2692_1121 burst_zone
t=2693 RESIDUAL_BURST_2693_9546 burst_zone
t=2694 MID_SEAM_ALPHA burst_seam
t=2695 RESIDUAL_BURST_2695_8429 burst_zone
t=2696 RESIDUAL_BURST_2696_5148 burst_zone
t=2697 RESIDUAL_BURST_2697_5540 burst_zone
t=2698 RESIDUAL_BURST_2698_9618 burst_zone
t=2699 MID_RETURN_GAMMA burst_seam
t=2700 MID_RETURN_GAMMA burst_seam
t=2701 MID_RETURN_GAMMA burst_seam
t=2702 RESIDUAL_BURST_2702_4772 burst_zone
t=2703 RESIDUAL_BURST_2703_4926 burst_zone
t=2704 MID_HOLD_DELTA burst_seam
t=2705 RESIDUAL_BURST_2705_7147 burst_zone
t=2706 RESIDUAL_BURST_2706_7991 burst_zone
t=2707 MID_HOLD_DELTA burst_seam
t=2708 RESIDUAL_BURST_2708_3646 burst_zone
t=2709 RESIDUAL_BURST_2709_4501 burst_zone
t=2710 MID_RETURN_GAMMA burst_seam
t=2711 MID_SEAM_BETA burst_seam
t=2712 RESIDUAL_BURST_2712_7654 burst_zone
t=2713 RESIDUAL_BURST_2713_5512 burst_zone
t=2714 RESIDUAL_BURST_2714_1282 burst_zone
t=2715 RESIDUAL_BURST_2715_9870 burst_zone
t=2716 RESIDUAL_BURST_2716_5273 burst_zone
t=2717 RESIDUAL_BURST_2717_2726 burst_zone
t=2718 RESIDUAL_BURST_2718_9612 burst_zone
t=2719 RESIDUAL_BURST_2719_4401 burst_zone
t=2720 RESIDUAL_BURST_2720_5680 burst_zone
t=2721 MID_SEAM_ALPHA burst_seam
t=2722 CARRIER_B_STABLE carrier_field
t=2723 CARRIER_B_STABLE carrier_field
t=2724 CARRIER_B_STABLE carrier_field
t=2725 CARRIER_B_STABLE carrier_field
t=2726 CARRIER_B_STABLE carrier_field
t=2727 CARRIER_B_STABLE carrier_field
t=2728 CARRIER_B_STABLE carrier_field
t=2729 CARRIER_B_STABLE carrier_field
t=2730 CARRIER_B_STABLE carrier_field
t=2731 CARRIER_B_STABLE carrier_field
t=2732 CARRIER_B_STABLE carrier_field
t=2733 CARRIER_B_STABLE carrier_field
t=2734 CARRIER_B_STABLE carrier_field
t=2735 CARRIER_B_STABLE carrier_field
t=2736 CARRIER_B_STABLE carrier_field
t=2737 CARRIER_B_STABLE carrier_field
t=2738 CARRIER_B_STABLE carrier_field
t=2739 CARRIER_B_STABLE carrier_field
t=2740 CARRIER_B_STABLE carrier_field
t=2741 CARRIER_B_STABLE carrier_field
t=2742 CARRIER_B_STABLE carrier_field
t=2743 CARRIER_B_STABLE carrier_field
t=2744 CARRIER_B_STABLE carrier_field
t=2745 CARRIER_B_STABLE carrier_field
t=2746 CARRIER_B_STABLE carrier_field
t=2747 CARRIER_B_STABLE carrier_field
t=2748 CARRIER_B_STABLE carrier_field
t=2749 CARRIER_B_STABLE carrier_field
t=2750 CARRIER_B_STABLE carrier_field
t=2751 CARRIER_B_STABLE carrier_field
t=2752 CARRIER_B_STABLE carrier_field
t=2753 CARRIER_B_STABLE carrier_field
t=2754 CARRIER_B_STABLE carrier_field
t=2755 CARRIER_B_STABLE carrier_field
t=2756 CARRIER_B_STABLE carrier_field
t=2757 CARRIER_B_STABLE carrier_field
t=2758 CARRIER_B_STABLE carrier_field
t=2759 CARRIER_B_STABLE carrier_field
t=2760 CARRIER_B_STABLE carrier_field
t=2761 CARRIER_B_STABLE carrier_field
t=2762 CARRIER_B_STABLE carrier_field
t=2763 CARRIER_B_STABLE carrier_field
t=2764 CARRIER_B_STABLE carrier_field
t=2765 CARRIER_B_STABLE carrier_field
t=2766 CARRIER_B_STABLE carrier_field
t=2767 CARRIER_B_STABLE carrier_field
t=2768 CARRIER_B_STABLE carrier_field
t=2769 CARRIER_B_STABLE carrier_field
t=2770 CARRIER_B_STABLE carrier_field
t=2771 RESIDUAL_EDGE_2771_9013 edge_disturbance
t=2772 CARRIER_B_STABLE carrier_field
t=2773 CARRIER_B_STABLE carrier_field
t=2774 CARRIER_B_STABLE carrier_field
t=2775 CARRIER_B_STABLE carrier_field
t=2776 CARRIER_B_STABLE carrier_field
t=2777 CARRIER_B_STABLE carrier_field
t=2778 CARRIER_B_STABLE carrier_field
t=2779 CARRIER_B_STABLE carrier_field
t=2780 CARRIER_B_STABLE carrier_field
t=2781 CARRIER_B_STABLE carrier_field
t=2782 CARRIER_B_STABLE carrier_field
t=2783 CARRIER_B_STABLE carrier_field
t=2784 CARRIER_B_STABLE carrier_field
t=2785 CARRIER_B_STABLE carrier_field
t=2786 CARRIER_B_STABLE carrier_field
t=2787 CARRIER_B_STABLE carrier_field
t=2788 CARRIER_B_STABLE carrier_field
t=2789 CARRIER_B_STABLE carrier_field
t=2790 CARRIER_B_STABLE carrier_field
t=2791 CARRIER_B_STABLE carrier_field
t=2792 CARRIER_B_STABLE carrier_field
t=2793 CARRIER_B_STABLE carrier_field
t=2794 CARRIER_B_STABLE carrier_field
t=2795 CARRIER_B_STABLE carrier_field
t=2796 CARRIER_B_STABLE carrier_field
t=2797 CARRIER_B_STABLE carrier_field
t=2798 CARRIER_B_STABLE carrier_field
t=2799 CARRIER_B_STABLE carrier_field
t=2800 CARRIER_A_STABLE carrier_field
t=2801 CARRIER_A_STABLE carrier_field
t=2802 CARRIER_A_STABLE carrier_field
t=2803 CARRIER_A_STABLE carrier_field
t=2804 CARRIER_A_STABLE carrier_field
t=2805 CARRIER_A_STABLE carrier_field
t=2806 CARRIER_A_STABLE carrier_field
t=2807 CARRIER_A_STABLE carrier_field
t=2808 CARRIER_A_STABLE carrier_field
t=2809 CARRIER_A_STABLE carrier_field
t=2810 CARRIER_A_STABLE carrier_field
t=2811 CARRIER_A_STABLE carrier_field
t=2812 CARRIER_A_STABLE carrier_field
t=2813 CARRIER_A_STABLE carrier_field
t=2814 CARRIER_A_STABLE carrier_field
t=2815 CARRIER_A_STABLE carrier_field
t=2816 CARRIER_A_STABLE carrier_field
t=2817 CARRIER_A_STABLE carrier_field
t=2818 CARRIER_A_STABLE carrier_field
t=2819 CARRIER_A_STABLE carrier_field
t=2820 CARRIER_A_STABLE carrier_field
t=2821 CARRIER_A_STABLE carrier_field
t=2822 CARRIER_A_STABLE carrier_field
t=2823 CARRIER_A_STABLE carrier_field
t=2824 CARRIER_A_STABLE carrier_field
t=2825 CARRIER_A_STABLE carrier_field
t=2826 RESIDUAL_EDGE_2826_2042 edge_disturbance
t=2827 CARRIER_A_STABLE carrier_field
t=2828 CARRIER_A_STABLE carrier_field
t=2829 CARRIER_A_STABLE carrier_field
t=2830 CARRIER_A_STABLE carrier_field
t=2831 CARRIER_A_STABLE carrier_field
t=2832 CARRIER_A_STABLE carrier_field
t=2833 CARRIER_A_STABLE carrier_field
t=2834 CARRIER_A_STABLE carrier_field
t=2835 CARRIER_A_STABLE carrier_field
t=2836 CARRIER_A_STABLE carrier_field
t=2837 CARRIER_A_STABLE carrier_field
t=2838 CARRIER_A_STABLE carrier_field
t=2839 CARRIER_A_STABLE carrier_field
t=2840 CARRIER_A_STABLE carrier_field
t=2841 CARRIER_A_STABLE carrier_field
t=2842 CARRIER_A_STABLE carrier_field
t=2843 CARRIER_A_STABLE carrier_field
t=2844 CARRIER_A_STABLE carrier_field
t=2845 CARRIER_A_STABLE carrier_field
t=2846 CARRIER_A_STABLE carrier_field
t=2847 CARRIER_A_STABLE carrier_field
t=2848 CARRIER_A_STABLE carrier_field
t=2849 CARRIER_A_STABLE carrier_field
t=2850 CARRIER_A_STABLE carrier_field
t=2851 CARRIER_A_STABLE carrier_field
t=2852 CARRIER_A_STABLE carrier_field
t=2853 CARRIER_A_STABLE carrier_field
t=2854 CARRIER_A_STABLE carrier_field
t=2855 CARRIER_A_STABLE carrier_field
t=2856 CARRIER_A_STABLE carrier_field
t=2857 CARRIER_A_STABLE carrier_field
t=2858 CARRIER_A_STABLE carrier_field
t=2859 CARRIER_A_STABLE carrier_field
t=2860 CARRIER_A_STABLE carrier_field
t=2861 CARRIER_A_STABLE carrier_field
t=2862 CARRIER_A_STABLE carrier_field
t=2863 CARRIER_A_STABLE carrier_field
t=2864 CARRIER_A_STABLE carrier_field
t=2865 CARRIER_A_STABLE carrier_field
t=2866 CARRIER_A_STABLE carrier_field
t=2867 CARRIER_A_STABLE carrier_field
t=2868 CARRIER_A_STABLE carrier_field
t=2869 CARRIER_A_STABLE carrier_field
t=2870 CARRIER_A_STABLE carrier_field
t=2871 CARRIER_A_STABLE carrier_field
t=2872 CARRIER_A_STABLE carrier_field
t=2873 CARRIER_A_STABLE carrier_field
t=2874 CARRIER_A_STABLE carrier_field
t=2875 CARRIER_A_STABLE carrier_field
t=2876 CARRIER_A_STABLE carrier_field
t=2877 CARRIER_A_STABLE carrier_field
t=2878 CARRIER_A_STABLE carrier_field
t=2879 RESIDUAL_EDGE_2879_8006 edge_disturbance
t=2880 CARRIER_A_STABLE carrier_field
t=2881 CARRIER_A_STABLE carrier_field
t=2882 CARRIER_A_STABLE carrier_field
t=2883 CARRIER_A_STABLE carrier_field
t=2884 CARRIER_A_STABLE carrier_field
t=2885 CARRIER_A_STABLE carrier_field
t=2886 CARRIER_A_STABLE carrier_field
t=2887 CARRIER_A_STABLE carrier_field
t=2888 CARRIER_A_STABLE carrier_field
t=2889 CARRIER_A_STABLE carrier_field
t=2890 CARRIER_A_STABLE carrier_field
t=2891 CARRIER_A_STABLE carrier_field
t=2892 CARRIER_A_STABLE carrier_field
t=2893 CARRIER_A_STABLE carrier_field
t=2894 CARRIER_A_STABLE carrier_field
t=2895 CARRIER_A_STABLE carrier_field
t=2896 CARRIER_A_STABLE carrier_field
t=2897 CARRIER_A_STABLE carrier_field
t=2898 CARRIER_A_STABLE carrier_field
t=2899 CARRIER_A_STABLE carrier_field
t=2900 RESIDUAL_BURST_2900_3352 burst_zone
t=2901 MID_HOLD_DELTA burst_seam
t=2902 RESIDUAL_BURST_2902_5781 burst_zone
t=2903 RESIDUAL_BURST_2903_3253 burst_zone
t=2904 RESIDUAL_BURST_2904_7276 burst_zone
t=2905 RESIDUAL_BURST_2905_5964 burst_zone
t=2906 RESIDUAL_BURST_2906_4943 burst_zone
t=2907 RESIDUAL_BURST_2907_5128 burst_zone
t=2908 MID_SEAM_ALPHA burst_seam
t=2909 RESIDUAL_BURST_2909_8051 burst_zone
t=2910 RESIDUAL_BURST_2910_7087 burst_zone
t=2911 RESIDUAL_BURST_2911_7044 burst_zone
t=2912 RESIDUAL_BURST_2912_6506 burst_zone
t=2913 RESIDUAL_BURST_2913_6188 burst_zone
t=2914 RESIDUAL_BURST_2914_8127 burst_zone
t=2915 RESIDUAL_BURST_2915_5246 burst_zone
t=2916 RESIDUAL_BURST_2916_9934 burst_zone
t=2917 RESIDUAL_BURST_2917_5993 burst_zone
t=2918 MID_SEAM_BETA burst_seam
t=2919 RESIDUAL_BURST_2919_5634 burst_zone
t=2920 RESIDUAL_BURST_2920_8021 burst_zone
t=2921 RESIDUAL_BURST_2921_6007 burst_zone
t=2922 RESIDUAL_BURST_2922_4451 burst_zone
t=2923 MID_SEAM_ALPHA burst_seam
t=2924 MID_SEAM_ALPHA burst_seam
t=2925 RESIDUAL_BURST_2925_2129 burst_zone
t=2926 RESIDUAL_BURST_2926_7722 burst_zone
t=2927 RESIDUAL_BURST_2927_3727 burst_zone
t=2928 RESIDUAL_BURST_2928_2723 burst_zone
t=2929 RESIDUAL_BURST_2929_2458 burst_zone
t=2930 RESIDUAL_BURST_2930_1707 burst_zone
t=2931 RESIDUAL_BURST_2931_2144 burst_zone
t=2932 RESIDUAL_BURST_2932_3321 burst_zone
t=2933 RESIDUAL_BURST_2933_8057 burst_zone
t=2934 RESIDUAL_BURST_2934_7520 burst_zone
t=2935 RESIDUAL_BURST_2935_1416 burst_zone
t=2936 RESIDUAL_BURST_2936_5144 burst_zone
t=2937 RESIDUAL_BURST_2937_8916 burst_zone
t=2938 RESIDUAL_BURST_2938_8610 burst_zone
t=2939 MID_SEAM_BETA burst_seam
t=2940 MID_HOLD_DELTA burst_seam
t=2941 RESIDUAL_BURST_2941_8493 burst_zone
t=2942 CARRIER_A_STABLE carrier_field
t=2943 CARRIER_A_STABLE carrier_field
t=2944 CARRIER_A_STABLE carrier_field
t=2945 CARRIER_A_STABLE carrier_field
t=2946 CARRIER_A_STABLE carrier_field
t=2947 CARRIER_A_STABLE carrier_field
t=2948 CARRIER_A_STABLE carrier_field
t=2949 CARRIER_A_STABLE carrier_field
t=2950 RESIDUAL_EDGE_2950_9109 edge_disturbance
t=2951 CARRIER_A_STABLE carrier_field
t=2952 CARRIER_A_STABLE carrier_field
t=2953 CARRIER_A_STABLE carrier_field
t=2954 CARRIER_A_STABLE carrier_field
t=2955 CARRIER_A_STABLE carrier_field
t=2956 CARRIER_A_STABLE carrier_field
t=2957 CARRIER_A_STABLE carrier_field
t=2958 CARRIER_A_STABLE carrier_field
t=2959 CARRIER_A_STABLE carrier_field
t=2960 CARRIER_A_STABLE carrier_field
t=2961 CARRIER_A_STABLE carrier_field
t=2962 CARRIER_A_STABLE carrier_field
t=2963 CARRIER_A_STABLE carrier_field
t=2964 CARRIER_A_STABLE carrier_field
t=2965 CARRIER_A_STABLE carrier_field
t=2966 CARRIER_A_STABLE carrier_field
t=2967 CARRIER_A_STABLE carrier_field
t=2968 CARRIER_A_STABLE carrier_field
t=2969 CARRIER_A_STABLE carrier_field
t=2970 CARRIER_A_STABLE carrier_field
t=2971 CARRIER_A_STABLE carrier_field
t=2972 CARRIER_A_STABLE carrier_field
t=2973 CARRIER_A_STABLE carrier_field
t=2974 CARRIER_A_STABLE carrier_field
t=2975 CARRIER_A_STABLE carrier_field
t=2976 CARRIER_A_STABLE carrier_field
t=2977 CARRIER_A_STABLE carrier_field
t=2978 CARRIER_A_STABLE carrier_field
t=2979 CARRIER_A_STABLE carrier_field
t=2980 CARRIER_A_STABLE carrier_field
t=2981 CARRIER_A_STABLE carrier_field
t=2982 CARRIER_A_STABLE carrier_field
t=2983 CARRIER_A_STABLE carrier_field
t=2984 CARRIER_A_STABLE carrier_field
t=2985 CARRIER_A_STABLE carrier_field
t=2986 CARRIER_A_STABLE carrier_field
t=2987 CARRIER_A_STABLE carrier_field
t=2988 CARRIER_A_STABLE carrier_field
t=2989 CARRIER_A_STABLE carrier_field
t=2990 CARRIER_A_STABLE carrier_field
t=2991 CARRIER_A_STABLE carrier_field
t=2992 CARRIER_A_STABLE carrier_field
t=2993 CARRIER_A_STABLE carrier_field
t=2994 CARRIER_A_STABLE carrier_field
t=2995 CARRIER_A_STABLE carrier_field
t=2996 CARRIER_A_STABLE carrier_field
t=2997 CARRIER_A_STABLE carrier_field
t=2998 CARRIER_A_STABLE carrier_field
t=2999 CARRIER_A_STABLE carrier_field
t=3000 CARRIER_A_STABLE carrier_field
t=3001 CARRIER_A_STABLE carrier_field
t=3002 CARRIER_A_STABLE carrier_field
t=3003 RESIDUAL_EDGE_3003_9028 edge_disturbance
t=3004 CARRIER_A_STABLE carrier_field
t=3005 CARRIER_A_STABLE carrier_field
t=3006 CARRIER_A_STABLE carrier_field
t=3007 CARRIER_A_STABLE carrier_field
t=3008 CARRIER_A_STABLE carrier_field
t=3009 CARRIER_A_STABLE carrier_field
t=3010 CARRIER_A_STABLE carrier_field
t=3011 CARRIER_A_STABLE carrier_field
t=3012 CARRIER_A_STABLE carrier_field
t=3013 CARRIER_A_STABLE carrier_field
t=3014 CARRIER_A_STABLE carrier_field
t=3015 CARRIER_A_STABLE carrier_field
t=3016 CARRIER_A_STABLE carrier_field
t=3017 CARRIER_A_STABLE carrier_field
t=3018 CARRIER_A_STABLE carrier_field
t=3019 CARRIER_A_STABLE carrier_field
t=3020 CARRIER_A_STABLE carrier_field
t=3021 CARRIER_A_STABLE carrier_field
t=3022 CARRIER_A_STABLE carrier_field
t=3023 CARRIER_A_STABLE carrier_field
t=3024 CARRIER_A_STABLE carrier_field
t=3025 CARRIER_A_STABLE carrier_field
t=3026 CARRIER_A_STABLE carrier_field
t=3027 CARRIER_A_STABLE carrier_field
t=3028 CARRIER_A_STABLE carrier_field
t=3029 CARRIER_A_STABLE carrier_field
t=3030 CARRIER_A_STABLE carrier_field
t=3031 CARRIER_A_STABLE carrier_field
t=3032 CARRIER_A_STABLE carrier_field
t=3033 CARRIER_A_STABLE carrier_field
t=3034 CARRIER_A_STABLE carrier_field
t=3035 CARRIER_A_STABLE carrier_field
t=3036 CARRIER_A_STABLE carrier_field
t=3037 CARRIER_A_STABLE carrier_field
t=3038 CARRIER_A_STABLE carrier_field
t=3039 CARRIER_A_STABLE carrier_field
t=3040 CARRIER_A_STABLE carrier_field
t=3041 CARRIER_A_STABLE carrier_field
t=3042 CARRIER_A_STABLE carrier_field
t=3043 CARRIER_A_STABLE carrier_field
t=3044 CARRIER_A_STABLE carrier_field
t=3045 CARRIER_A_STABLE carrier_field
t=3046 CARRIER_A_STABLE carrier_field
t=3047 CARRIER_A_STABLE carrier_field
t=3048 CARRIER_A_STABLE carrier_field
t=3049 CARRIER_A_STABLE carrier_field
t=3050 CARRIER_A_STABLE carrier_field
t=3051 CARRIER_A_STABLE carrier_field
t=3052 CARRIER_A_STABLE carrier_field
t=3053 CARRIER_A_STABLE carrier_field
t=3054 CARRIER_A_STABLE carrier_field
t=3055 CARRIER_A_STABLE carrier_field
t=3056 CARRIER_A_STABLE carrier_field
t=3057 CARRIER_A_STABLE carrier_field
t=3058 CARRIER_A_STABLE carrier_field
t=3059 CARRIER_A_STABLE carrier_field
t=3060 CARRIER_A_STABLE carrier_field
t=3061 CARRIER_A_STABLE carrier_field
t=3062 CARRIER_A_STABLE carrier_field
t=3063 CARRIER_A_STABLE carrier_field
t=3064 CARRIER_A_STABLE carrier_field
t=3065 CARRIER_A_STABLE carrier_field
t=3066 CARRIER_A_STABLE carrier_field
t=3067 CARRIER_A_STABLE carrier_field
t=3068 CARRIER_A_STABLE carrier_field
t=3069 CARRIER_A_STABLE carrier_field
t=3070 CARRIER_A_STABLE carrier_field
t=3071 CARRIER_A_STABLE carrier_field
t=3072 CARRIER_A_STABLE carrier_field
t=3073 CARRIER_A_STABLE carrier_field
t=3074 CARRIER_A_STABLE carrier_field
t=3075 CARRIER_A_STABLE carrier_field
t=3076 CARRIER_A_STABLE carrier_field
t=3077 CARRIER_A_STABLE carrier_field
t=3078 CARRIER_A_STABLE carrier_field
t=3079 CARRIER_A_STABLE carrier_field
t=3080 CARRIER_A_STABLE carrier_field
t=3081 CARRIER_A_STABLE carrier_field
t=3082 CARRIER_A_STABLE carrier_field
t=3083 CARRIER_A_STABLE carrier_field
t=3084 CARRIER_A_STABLE carrier_field
t=3085 CARRIER_A_STABLE carrier_field
t=3086 CARRIER_A_STABLE carrier_field
t=3087 RESIDUAL_EDGE_3087_7935 edge_disturbance
t=3088 RESIDUAL_EDGE_3088_7340 edge_disturbance
t=3089 CARRIER_A_STABLE carrier_field
t=3090 CARRIER_A_STABLE carrier_field
t=3091 CARRIER_A_STABLE carrier_field
t=3092 CARRIER_A_STABLE carrier_field
t=3093 CARRIER_A_STABLE carrier_field
t=3094 CARRIER_A_STABLE carrier_field
t=3095 CARRIER_A_STABLE carrier_field
t=3096 CARRIER_A_STABLE carrier_field
t=3097 CARRIER_A_STABLE carrier_field
t=3098 CARRIER_A_STABLE carrier_field
t=3099 CARRIER_A_STABLE carrier_field
t=3100 CARRIER_A_STABLE carrier_field
t=3101 CARRIER_A_STABLE carrier_field
t=3102 CARRIER_A_STABLE carrier_field
t=3103 RESIDUAL_EDGE_3103_9917 edge_disturbance
t=3104 CARRIER_A_STABLE carrier_field
t=3105 CARRIER_A_STABLE carrier_field
t=3106 CARRIER_A_STABLE carrier_field
t=3107 CARRIER_A_STABLE carrier_field
t=3108 CARRIER_A_STABLE carrier_field
t=3109 CARRIER_A_STABLE carrier_field
t=3110 CARRIER_A_STABLE carrier_field
t=3111 CARRIER_A_STABLE carrier_field
t=3112 CARRIER_A_STABLE carrier_field
t=3113 CARRIER_A_STABLE carrier_field
t=3114 CARRIER_A_STABLE carrier_field
t=3115 CARRIER_A_STABLE carrier_field
t=3116 CARRIER_A_STABLE carrier_field
t=3117 CARRIER_A_STABLE carrier_field
t=3118 CARRIER_A_STABLE carrier_field
t=3119 CARRIER_A_STABLE carrier_field
t=3120 RESIDUAL_BURST_3120_1262 burst_zone
t=3121 RESIDUAL_BURST_3121_5223 burst_zone
t=3122 RESIDUAL_BURST_3122_1940 burst_zone
t=3123 RESIDUAL_BURST_3123_5742 burst_zone
t=3124 RESIDUAL_BURST_3124_4449 burst_zone
t=3125 MID_RETURN_GAMMA burst_seam
t=3126 RESIDUAL_BURST_3126_9150 burst_zone
t=3127 RESIDUAL_BURST_3127_1086 burst_zone
t=3128 RESIDUAL_BURST_3128_5007 burst_zone
t=3129 MID_SEAM_ALPHA burst_seam
t=3130 RESIDUAL_BURST_3130_9483 burst_zone
t=3131 RESIDUAL_BURST_3131_3662 burst_zone
t=3132 RESIDUAL_BURST_3132_7305 burst_zone
t=3133 MID_HOLD_DELTA burst_seam
t=3134 RESIDUAL_BURST_3134_9415 burst_zone
t=3135 MID_RETURN_GAMMA burst_seam
t=3136 MID_HOLD_DELTA burst_seam
t=3137 MID_SEAM_ALPHA burst_seam
t=3138 RESIDUAL_BURST_3138_5502 burst_zone
t=3139 MID_HOLD_DELTA burst_seam
t=3140 MID_HOLD_DELTA burst_seam
t=3141 MID_SEAM_ALPHA burst_seam
t=3142 RESIDUAL_BURST_3142_8610 burst_zone
t=3143 RESIDUAL_BURST_3143_7608 burst_zone
t=3144 MID_RETURN_GAMMA burst_seam
t=3145 MID_RETURN_GAMMA burst_seam
t=3146 RESIDUAL_BURST_3146_5451 burst_zone
t=3147 RESIDUAL_BURST_3147_1018 burst_zone
t=3148 RESIDUAL_BURST_3148_5645 burst_zone
t=3149 RESIDUAL_BURST_3149_4324 burst_zone
t=3150 RESIDUAL_BURST_3150_6533 burst_zone
t=3151 RESIDUAL_BURST_3151_5564 burst_zone
t=3152 RESIDUAL_BURST_3152_6503 burst_zone
t=3153 RESIDUAL_BURST_3153_8775 burst_zone
t=3154 RESIDUAL_BURST_3154_8421 burst_zone
t=3155 RESIDUAL_BURST_3155_2717 burst_zone
t=3156 MID_HOLD_DELTA burst_seam
t=3157 RESIDUAL_BURST_3157_4621 burst_zone
t=3158 RESIDUAL_BURST_3158_4117 burst_zone
t=3159 RESIDUAL_BURST_3159_2926 burst_zone
t=3160 MID_SEAM_ALPHA burst_seam
t=3161 MID_SEAM_BETA burst_seam
t=3162 CARRIER_A_STABLE carrier_field
t=3163 CARRIER_A_STABLE carrier_field
t=3164 CARRIER_A_STABLE carrier_field
t=3165 CARRIER_A_STABLE carrier_field
t=3166 CARRIER_A_STABLE carrier_field
t=3167 RESIDUAL_EDGE_3167_8161 edge_disturbance
t=3168 RESIDUAL_EDGE_3168_9418 edge_disturbance
t=3169 CARRIER_A_STABLE carrier_field
t=3170 CARRIER_A_STABLE carrier_field
t=3171 CARRIER_A_STABLE carrier_field
t=3172 CARRIER_A_STABLE carrier_field
t=3173 CARRIER_A_STABLE carrier_field
t=3174 CARRIER_A_STABLE carrier_field
t=3175 CARRIER_A_STABLE carrier_field
t=3176 CARRIER_A_STABLE carrier_field
t=3177 CARRIER_A_STABLE carrier_field
t=3178 CARRIER_A_STABLE carrier_field
t=3179 CARRIER_A_STABLE carrier_field
t=3180 CARRIER_A_STABLE carrier_field
t=3181 CARRIER_A_STABLE carrier_field
t=3182 CARRIER_A_STABLE carrier_field
t=3183 RESIDUAL_EDGE_3183_5971 edge_disturbance
t=3184 CARRIER_A_STABLE carrier_field
t=3185 CARRIER_A_STABLE carrier_field
t=3186 CARRIER_A_STABLE carrier_field
t=3187 CARRIER_A_STABLE carrier_field
t=3188 CARRIER_A_STABLE carrier_field
t=3189 CARRIER_A_STABLE carrier_field
t=3190 CARRIER_A_STABLE carrier_field
t=3191 CARRIER_A_STABLE carrier_field
t=3192 CARRIER_A_STABLE carrier_field
t=3193 CARRIER_A_STABLE carrier_field
t=3194 CARRIER_A_STABLE carrier_field
t=3195 CARRIER_A_STABLE carrier_field
t=3196 CARRIER_A_STABLE carrier_field
t=3197 CARRIER_A_STABLE carrier_field
t=3198 CARRIER_A_STABLE carrier_field
t=3199 CARRIER_A_STABLE carrier_field
t=3200 CARRIER_A_STABLE carrier_field
t=3201 CARRIER_A_STABLE carrier_field
t=3202 CARRIER_A_STABLE carrier_field
t=3203 CARRIER_A_STABLE carrier_field
t=3204 CARRIER_A_STABLE carrier_field
t=3205 CARRIER_A_STABLE carrier_field
t=3206 CARRIER_A_STABLE carrier_field
t=3207 CARRIER_A_STABLE carrier_field
t=3208 CARRIER_A_STABLE carrier_field
t=3209 CARRIER_A_STABLE carrier_field
t=3210 CARRIER_A_STABLE carrier_field
t=3211 CARRIER_A_STABLE carrier_field
t=3212 CARRIER_A_STABLE carrier_field
t=3213 RESIDUAL_EDGE_3213_4132 edge_disturbance
t=3214 CARRIER_A_STABLE carrier_field
t=3215 CARRIER_A_STABLE carrier_field
t=3216 CARRIER_A_STABLE carrier_field
t=3217 CARRIER_A_STABLE carrier_field
t=3218 CARRIER_A_STABLE carrier_field
t=3219 CARRIER_A_STABLE carrier_field
t=3220 CARRIER_A_STABLE carrier_field
t=3221 CARRIER_A_STABLE carrier_field
t=3222 CARRIER_A_STABLE carrier_field
t=3223 CARRIER_A_STABLE carrier_field
t=3224 CARRIER_A_STABLE carrier_field
t=3225 CARRIER_A_STABLE carrier_field
t=3226 CARRIER_A_STABLE carrier_field
t=3227 CARRIER_A_STABLE carrier_field
t=3228 CARRIER_A_STABLE carrier_field
t=3229 CARRIER_A_STABLE carrier_field
t=3230 CARRIER_A_STABLE carrier_field
t=3231 CARRIER_A_STABLE carrier_field
t=3232 CARRIER_A_STABLE carrier_field
t=3233 CARRIER_A_STABLE carrier_field
t=3234 CARRIER_A_STABLE carrier_field
t=3235 CARRIER_A_STABLE carrier_field
t=3236 CARRIER_A_STABLE carrier_field
t=3237 CARRIER_A_STABLE carrier_field
t=3238 CARRIER_A_STABLE carrier_field
t=3239 RESIDUAL_EDGE_3239_8509 edge_disturbance
t=3240 CARRIER_A_STABLE carrier_field
t=3241 CARRIER_A_STABLE carrier_field
t=3242 CARRIER_A_STABLE carrier_field
t=3243 CARRIER_A_STABLE carrier_field
t=3244 CARRIER_A_STABLE carrier_field
t=3245 CARRIER_A_STABLE carrier_field
t=3246 CARRIER_A_STABLE carrier_field
t=3247 CARRIER_A_STABLE carrier_field
t=3248 CARRIER_A_STABLE carrier_field
t=3249 CARRIER_A_STABLE carrier_field
t=3250 CARRIER_A_STABLE carrier_field
t=3251 CARRIER_A_STABLE carrier_field
t=3252 CARRIER_A_STABLE carrier_field
t=3253 CARRIER_A_STABLE carrier_field
t=3254 CARRIER_A_STABLE carrier_field
t=3255 CARRIER_A_STABLE carrier_field
t=3256 CARRIER_A_STABLE carrier_field
t=3257 CARRIER_A_STABLE carrier_field
t=3258 CARRIER_A_STABLE carrier_field
t=3259 CARRIER_A_STABLE carrier_field
t=3260 CARRIER_A_STABLE carrier_field
t=3261 CARRIER_A_STABLE carrier_field
t=3262 CARRIER_A_STABLE carrier_field
t=3263 CARRIER_A_STABLE carrier_field
t=3264 CARRIER_A_STABLE carrier_field
t=3265 CARRIER_A_STABLE carrier_field
t=3266 CARRIER_A_STABLE carrier_field
t=3267 CARRIER_A_STABLE carrier_field
t=3268 CARRIER_A_STABLE carrier_field
t=3269 CARRIER_A_STABLE carrier_field
t=3270 CARRIER_A_STABLE carrier_field
t=3271 CARRIER_A_STABLE carrier_field
t=3272 CARRIER_A_STABLE carrier_field
t=3273 CARRIER_A_STABLE carrier_field
t=3274 CARRIER_A_STABLE carrier_field
t=3275 CARRIER_A_STABLE carrier_field
t=3276 CARRIER_A_STABLE carrier_field
t=3277 CARRIER_A_STABLE carrier_field
t=3278 CARRIER_A_STABLE carrier_field
t=3279 CARRIER_A_STABLE carrier_field
t=3280 CARRIER_A_STABLE carrier_field
t=3281 CARRIER_A_STABLE carrier_field
t=3282 CARRIER_A_STABLE carrier_field
t=3283 CARRIER_A_STABLE carrier_field
t=3284 CARRIER_A_STABLE carrier_field
t=3285 CARRIER_A_STABLE carrier_field
t=3286 CARRIER_A_STABLE carrier_field
t=3287 CARRIER_A_STABLE carrier_field
t=3288 CARRIER_A_STABLE carrier_field
t=3289 CARRIER_A_STABLE carrier_field
t=3290 CARRIER_A_STABLE carrier_field
t=3291 CARRIER_A_STABLE carrier_field
t=3292 CARRIER_A_STABLE carrier_field
t=3293 RESIDUAL_EDGE_3293_6223 edge_disturbance
t=3294 CARRIER_A_STABLE carrier_field
t=3295 CARRIER_A_STABLE carrier_field
t=3296 CARRIER_A_STABLE carrier_field
t=3297 CARRIER_A_STABLE carrier_field
t=3298 CARRIER_A_STABLE carrier_field
t=3299 RESIDUAL_EDGE_3299_5615 edge_disturbance
t=3300 CARRIER_A_STABLE carrier_field
t=3301 CARRIER_A_STABLE carrier_field
t=3302 CARRIER_A_STABLE carrier_field
t=3303 CARRIER_A_STABLE carrier_field
t=3304 CARRIER_A_STABLE carrier_field
t=3305 CARRIER_A_STABLE carrier_field
t=3306 CARRIER_A_STABLE carrier_field
t=3307 CARRIER_A_STABLE carrier_field
t=3308 CARRIER_A_STABLE carrier_field
t=3309 CARRIER_A_STABLE carrier_field
t=3310 CARRIER_A_STABLE carrier_field
t=3311 CARRIER_A_STABLE carrier_field
t=3312 CARRIER_A_STABLE carrier_field
t=3313 CARRIER_A_STABLE carrier_field
t=3314 CARRIER_A_STABLE carrier_field
t=3315 CARRIER_A_STABLE carrier_field
t=3316 RESIDUAL_EDGE_3316_9906 edge_disturbance
t=3317 CARRIER_A_STABLE carrier_field
t=3318 CARRIER_A_STABLE carrier_field
t=3319 CARRIER_A_STABLE carrier_field
t=3320 CARRIER_A_STABLE carrier_field
t=3321 CARRIER_A_STABLE carrier_field
t=3322 CARRIER_A_STABLE carrier_field
t=3323 CARRIER_A_STABLE carrier_field
t=3324 CARRIER_A_STABLE carrier_field
t=3325 CARRIER_A_STABLE carrier_field
t=3326 CARRIER_A_STABLE carrier_field
t=3327 CARRIER_A_STABLE carrier_field
t=3328 CARRIER_A_STABLE carrier_field
t=3329 CARRIER_A_STABLE carrier_field
t=3330 MID_SEAM_BETA recomposition_pocket
t=3331 MID_SEAM_BETA recomposition_pocket
t=3332 MID_SEAM_ALPHA recomposition_pocket
t=3333 MID_RETURN_GAMMA recomposition_pocket
t=3334 MID_SEAM_ALPHA recomposition_pocket
t=3335 MID_SEAM_ALPHA recomposition_pocket
t=3336 MID_HOLD_DELTA recomposition_pocket
t=3337 MID_HOLD_DELTA recomposition_pocket
t=3338 MID_RETURN_GAMMA recomposition_pocket
t=3339 MID_SEAM_BETA recomposition_pocket
t=3340 RESIDUAL_BURST_3340_1237 burst_zone
t=3341 RESIDUAL_BURST_3341_4354 burst_zone
t=3342 MID_SEAM_BETA burst_seam
t=3343 RESIDUAL_BURST_3343_5559 burst_zone
t=3344 RESIDUAL_BURST_3344_7384 burst_zone
t=3345 RESIDUAL_BURST_3345_8505 burst_zone
t=3346 RESIDUAL_BURST_3346_4550 burst_zone
t=3347 RESIDUAL_BURST_3347_8941 burst_zone
t=3348 MID_HOLD_DELTA burst_seam
t=3349 RESIDUAL_BURST_3349_3416 burst_zone
t=3350 MID_RETURN_GAMMA burst_seam
t=3351 MID_SEAM_BETA burst_seam
t=3352 RESIDUAL_BURST_3352_5091 burst_zone
t=3353 MID_HOLD_DELTA burst_seam
t=3354 RESIDUAL_BURST_3354_6359 burst_zone
t=3355 RESIDUAL_BURST_3355_4511 burst_zone
t=3356 RESIDUAL_BURST_3356_9685 burst_zone
t=3357 RESIDUAL_BURST_3357_9570 burst_zone
t=3358 RESIDUAL_BURST_3358_9293 burst_zone
t=3359 RESIDUAL_BURST_3359_7816 burst_zone
t=3360 RESIDUAL_BURST_3360_7429 burst_zone
t=3361 MID_SEAM_ALPHA burst_seam
t=3362 RESIDUAL_BURST_3362_4640 burst_zone
t=3363 MID_SEAM_BETA burst_seam
t=3364 RESIDUAL_BURST_3364_3528 burst_zone
t=3365 RESIDUAL_BURST_3365_1959 burst_zone
t=3366 RESIDUAL_BURST_3366_5029 burst_zone
t=3367 RESIDUAL_BURST_3367_8969 burst_zone
t=3368 RESIDUAL_BURST_3368_5003 burst_zone
t=3369 RESIDUAL_BURST_3369_2409 burst_zone
t=3370 RESIDUAL_BURST_3370_1248 burst_zone
t=3371 RESIDUAL_BURST_3371_4888 burst_zone
t=3372 RESIDUAL_BURST_3372_1158 burst_zone
t=3373 MID_RETURN_GAMMA burst_seam
t=3374 RESIDUAL_BURST_3374_3351 burst_zone
t=3375 RESIDUAL_BURST_3375_9245 burst_zone
t=3376 RESIDUAL_BURST_3376_7648 burst_zone
t=3377 MID_SEAM_BETA burst_seam
t=3378 MID_SEAM_ALPHA burst_seam
t=3379 RESIDUAL_BURST_3379_8550 burst_zone
t=3380 RESIDUAL_BURST_3380_8051 burst_zone
t=3381 RESIDUAL_BURST_3381_6600 burst_zone
t=3382 MID_HOLD_DELTA recomposition_pocket
t=3383 MID_HOLD_DELTA recomposition_pocket
t=3384 MID_HOLD_DELTA recomposition_pocket
t=3385 MID_SEAM_ALPHA recomposition_pocket
t=3386 MID_RETURN_GAMMA recomposition_pocket
t=3387 MID_SEAM_BETA recomposition_pocket
t=3388 MID_RETURN_GAMMA recomposition_pocket
t=3389 MID_HOLD_DELTA recomposition_pocket
t=3390 MID_SEAM_BETA recomposition_pocket
t=3391 MID_SEAM_BETA recomposition_pocket
t=3392 MID_SEAM_BETA recomposition_pocket
t=3393 MID_RETURN_GAMMA recomposition_pocket
t=3394 MID_RETURN_GAMMA recomposition_pocket
t=3395 MID_HOLD_DELTA recomposition_pocket
t=3396 MID_RETURN_GAMMA recomposition_pocket
t=3397 MID_HOLD_DELTA recomposition_pocket
t=3398 MID_SEAM_ALPHA recomposition_pocket
t=3399 MID_RETURN_GAMMA recomposition_pocket
t=3400 MID_RETURN_GAMMA recomposition_pocket
t=3401 MID_SEAM_ALPHA recomposition_pocket
t=3402 MID_SEAM_ALPHA recomposition_pocket
t=3403 MID_HOLD_DELTA recomposition_pocket
t=3404 MID_SEAM_ALPHA recomposition_pocket
t=3405 MID_RETURN_GAMMA recomposition_pocket
t=3406 MID_SEAM_BETA recomposition_pocket
t=3407 MID_HOLD_DELTA recomposition_pocket
t=3408 MID_SEAM_BETA recomposition_pocket
t=3409 MID_SEAM_BETA recomposition_pocket
t=3410 MID_HOLD_DELTA recomposition_pocket
t=3411 MID_SEAM_BETA recomposition_pocket
t=3412 MID_RETURN_GAMMA recomposition_pocket
t=3413 MID_RETURN_GAMMA recomposition_pocket
t=3414 MID_SEAM_ALPHA recomposition_pocket
t=3415 MID_RETURN_GAMMA recomposition_pocket
t=3416 MID_RETURN_GAMMA recomposition_pocket
t=3417 MID_SEAM_BETA recomposition_pocket
t=3418 MID_HOLD_DELTA recomposition_pocket
t=3419 MID_SEAM_ALPHA recomposition_pocket
t=3420 MID_RETURN_GAMMA recomposition_pocket
t=3421 MID_HOLD_DELTA recomposition_pocket
t=3422 MID_RETURN_GAMMA recomposition_pocket
t=3423 MID_HOLD_DELTA recomposition_pocket
t=3424 MID_HOLD_DELTA recomposition_pocket
t=3425 MID_SEAM_ALPHA recomposition_pocket
t=3426 MID_RETURN_GAMMA recomposition_pocket
t=3427 MID_SEAM_ALPHA recomposition_pocket
t=3428 MID_RETURN_GAMMA recomposition_pocket
t=3429 MID_RETURN_GAMMA recomposition_pocket
t=3430 MID_SEAM_ALPHA recomposition_pocket
t=3431 MID_SEAM_BETA recomposition_pocket
t=3432 MID_SEAM_ALPHA recomposition_pocket
t=3433 MID_SEAM_BETA recomposition_pocket
t=3434 MID_SEAM_BETA recomposition_pocket
t=3435 MID_SEAM_BETA recomposition_pocket
t=3436 MID_HOLD_DELTA recomposition_pocket
t=3437 MID_HOLD_DELTA recomposition_pocket
t=3438 MID_RETURN_GAMMA recomposition_pocket
t=3439 MID_HOLD_DELTA recomposition_pocket
t=3440 MID_SEAM_BETA recomposition_pocket
t=3441 MID_RETURN_GAMMA recomposition_pocket
t=3442 MID_SEAM_ALPHA recomposition_pocket
t=3443 MID_HOLD_DELTA recomposition_pocket
t=3444 MID_SEAM_ALPHA recomposition_pocket
t=3445 MID_RETURN_GAMMA recomposition_pocket
t=3446 MID_SEAM_ALPHA recomposition_pocket
t=3447 MID_RETURN_GAMMA recomposition_pocket
t=3448 MID_RETURN_GAMMA recomposition_pocket
t=3449 MID_HOLD_DELTA recomposition_pocket
t=3450 MID_SEAM_ALPHA recomposition_pocket
t=3451 MID_SEAM_BETA recomposition_pocket
t=3452 MID_HOLD_DELTA recomposition_pocket
t=3453 MID_HOLD_DELTA recomposition_pocket
t=3454 MID_SEAM_ALPHA recomposition_pocket
t=3455 MID_HOLD_DELTA recomposition_pocket
t=3456 MID_RETURN_GAMMA recomposition_pocket
t=3457 MID_HOLD_DELTA recomposition_pocket
t=3458 MID_HOLD_DELTA recomposition_pocket
t=3459 MID_HOLD_DELTA recomposition_pocket
t=3460 MID_SEAM_ALPHA recomposition_pocket
t=3461 MID_HOLD_DELTA recomposition_pocket
t=3462 MID_SEAM_BETA recomposition_pocket
t=3463 MID_SEAM_ALPHA recomposition_pocket
t=3464 MID_SEAM_ALPHA recomposition_pocket
t=3465 MID_HOLD_DELTA recomposition_pocket
t=3466 MID_RETURN_GAMMA recomposition_pocket
t=3467 MID_RETURN_GAMMA recomposition_pocket
t=3468 MID_RETURN_GAMMA recomposition_pocket
t=3469 MID_RETURN_GAMMA recomposition_pocket
t=3470 CARRIER_A_STABLE carrier_field
t=3471 CARRIER_A_STABLE carrier_field
t=3472 CARRIER_A_STABLE carrier_field
t=3473 CARRIER_A_STABLE carrier_field
t=3474 CARRIER_A_STABLE carrier_field
t=3475 CARRIER_A_STABLE carrier_field
t=3476 CARRIER_A_STABLE carrier_field
t=3477 CARRIER_A_STABLE carrier_field
t=3478 CARRIER_A_STABLE carrier_field
t=3479 CARRIER_A_STABLE carrier_field
t=3480 CARRIER_A_STABLE carrier_field
t=3481 CARRIER_A_STABLE carrier_field
t=3482 CARRIER_A_STABLE carrier_field
t=3483 CARRIER_A_STABLE carrier_field
t=3484 CARRIER_A_STABLE carrier_field
t=3485 CARRIER_A_STABLE carrier_field
t=3486 CARRIER_A_STABLE carrier_field
t=3487 CARRIER_A_STABLE carrier_field
t=3488 CARRIER_A_STABLE carrier_field
t=3489 CARRIER_A_STABLE carrier_field
t=3490 CARRIER_A_STABLE carrier_field
t=3491 CARRIER_A_STABLE carrier_field
t=3492 CARRIER_A_STABLE carrier_field
t=3493 CARRIER_A_STABLE carrier_field
t=3494 CARRIER_A_STABLE carrier_field
t=3495 CARRIER_A_STABLE carrier_field
t=3496 CARRIER_A_STABLE carrier_field
t=3497 CARRIER_A_STABLE carrier_field
t=3498 CARRIER_A_STABLE carrier_field
t=3499 CARRIER_A_STABLE carrier_field
t=3500 CARRIER_B_STABLE carrier_field
t=3501 CARRIER_B_STABLE carrier_field
t=3502 CARRIER_B_STABLE carrier_field
t=3503 CARRIER_B_STABLE carrier_field
t=3504 CARRIER_B_STABLE carrier_field
t=3505 CARRIER_B_STABLE carrier_field
t=3506 CARRIER_B_STABLE carrier_field
t=3507 CARRIER_B_STABLE carrier_field
t=3508 CARRIER_B_STABLE carrier_field
t=3509 CARRIER_B_STABLE carrier_field
t=3510 CARRIER_B_STABLE carrier_field
t=3511 CARRIER_B_STABLE carrier_field
t=3512 CARRIER_B_STABLE carrier_field
t=3513 CARRIER_B_STABLE carrier_field
t=3514 CARRIER_B_STABLE carrier_field
t=3515 CARRIER_B_STABLE carrier_field
t=3516 CARRIER_B_STABLE carrier_field
t=3517 CARRIER_B_STABLE carrier_field
t=3518 CARRIER_B_STABLE carrier_field
t=3519 CARRIER_B_STABLE carrier_field
t=3520 CARRIER_B_STABLE carrier_field
t=3521 CARRIER_B_STABLE carrier_field
t=3522 CARRIER_B_STABLE carrier_field
t=3523 CARRIER_B_STABLE carrier_field
t=3524 CARRIER_B_STABLE carrier_field
t=3525 CARRIER_B_STABLE carrier_field
t=3526 CARRIER_B_STABLE carrier_field
t=3527 CARRIER_B_STABLE carrier_field
t=3528 CARRIER_B_STABLE carrier_field
t=3529 CARRIER_B_STABLE carrier_field
t=3530 CARRIER_B_STABLE carrier_field
t=3531 CARRIER_B_STABLE carrier_field
t=3532 CARRIER_B_STABLE carrier_field
t=3533 CARRIER_B_STABLE carrier_field
t=3534 CARRIER_B_STABLE carrier_field
t=3535 CARRIER_B_STABLE carrier_field
t=3536 CARRIER_B_STABLE carrier_field
t=3537 CARRIER_B_STABLE carrier_field
t=3538 CARRIER_B_STABLE carrier_field
t=3539 CARRIER_B_STABLE carrier_field
t=3540 CARRIER_B_STABLE carrier_field
t=3541 RESIDUAL_EDGE_3541_3356 edge_disturbance
t=3542 CARRIER_B_STABLE carrier_field
t=3543 CARRIER_B_STABLE carrier_field
t=3544 CARRIER_B_STABLE carrier_field
t=3545 CARRIER_B_STABLE carrier_field
t=3546 CARRIER_B_STABLE carrier_field
t=3547 RESIDUAL_EDGE_3547_1794 edge_disturbance
t=3548 CARRIER_B_STABLE carrier_field
t=3549 CARRIER_B_STABLE carrier_field
t=3550 CARRIER_B_STABLE carrier_field
t=3551 CARRIER_B_STABLE carrier_field
t=3552 CARRIER_B_STABLE carrier_field
t=3553 CARRIER_B_STABLE carrier_field
t=3554 CARRIER_B_STABLE carrier_field
t=3555 CARRIER_B_STABLE carrier_field
t=3556 CARRIER_B_STABLE carrier_field
t=3557 CARRIER_B_STABLE carrier_field
t=3558 CARRIER_B_STABLE carrier_field
t=3559 CARRIER_B_STABLE carrier_field
t=3560 RESIDUAL_BURST_3560_4392 burst_zone
t=3561 RESIDUAL_BURST_3561_2275 burst_zone
t=3562 RESIDUAL_BURST_3562_8438 burst_zone
t=3563 RESIDUAL_BURST_3563_4869 burst_zone
t=3564 RESIDUAL_BURST_3564_5986 burst_zone
t=3565 MID_SEAM_BETA burst_seam
t=3566 RESIDUAL_BURST_3566_5909 burst_zone
t=3567 RESIDUAL_BURST_3567_6236 burst_zone
t=3568 RESIDUAL_BURST_3568_1742 burst_zone
t=3569 RESIDUAL_BURST_3569_4201 burst_zone
t=3570 MID_RETURN_GAMMA burst_seam
t=3571 RESIDUAL_BURST_3571_7618 burst_zone
t=3572 RESIDUAL_BURST_3572_4817 burst_zone
t=3573 RESIDUAL_BURST_3573_6077 burst_zone
t=3574 RESIDUAL_BURST_3574_7083 burst_zone
t=3575 RESIDUAL_BURST_3575_5608 burst_zone
t=3576 RESIDUAL_BURST_3576_6920 burst_zone
t=3577 RESIDUAL_BURST_3577_8502 burst_zone
t=3578 MID_HOLD_DELTA burst_seam
t=3579 RESIDUAL_BURST_3579_3551 burst_zone
t=3580 MID_SEAM_ALPHA burst_seam
t=3581 MID_SEAM_ALPHA burst_seam
t=3582 RESIDUAL_BURST_3582_9027 burst_zone
t=3583 RESIDUAL_BURST_3583_5261 burst_zone
t=3584 RESIDUAL_BURST_3584_8348 burst_zone
t=3585 RESIDUAL_BURST_3585_6593 burst_zone
t=3586 RESIDUAL_BURST_3586_9280 burst_zone
t=3587 MID_SEAM_BETA burst_seam
t=3588 RESIDUAL_BURST_3588_8059 burst_zone
t=3589 MID_SEAM_BETA burst_seam
t=3590 RESIDUAL_BURST_3590_2171 burst_zone
t=3591 RESIDUAL_BURST_3591_5437 burst_zone
t=3592 RESIDUAL_BURST_3592_1217 burst_zone
t=3593 MID_RETURN_GAMMA burst_seam
t=3594 RESIDUAL_BURST_3594_2189 burst_zone
t=3595 RESIDUAL_BURST_3595_1138 burst_zone
t=3596 RESIDUAL_BURST_3596_1358 burst_zone
t=3597 RESIDUAL_BURST_3597_1081 burst_zone
t=3598 RESIDUAL_BURST_3598_9391 burst_zone
t=3599 MID_SEAM_ALPHA burst_seam
t=3600 RESIDUAL_BURST_3600_2491 burst_zone
t=3601 RESIDUAL_BURST_3601_9957 burst_zone
t=3602 CARRIER_B_STABLE carrier_field
t=3603 CARRIER_B_STABLE carrier_field
t=3604 CARRIER_B_STABLE carrier_field
t=3605 CARRIER_B_STABLE carrier_field
t=3606 CARRIER_B_STABLE carrier_field
t=3607 CARRIER_B_STABLE carrier_field
t=3608 CARRIER_B_STABLE carrier_field
t=3609 CARRIER_B_STABLE carrier_field
t=3610 CARRIER_B_STABLE carrier_field
t=3611 CARRIER_B_STABLE carrier_field
t=3612 CARRIER_B_STABLE carrier_field
t=3613 CARRIER_B_STABLE carrier_field
t=3614 CARRIER_B_STABLE carrier_field
t=3615 CARRIER_B_STABLE carrier_field
t=3616 CARRIER_B_STABLE carrier_field
t=3617 CARRIER_B_STABLE carrier_field
t=3618 CARRIER_B_STABLE carrier_field
t=3619 CARRIER_B_STABLE carrier_field
t=3620 CARRIER_B_STABLE carrier_field
t=3621 CARRIER_B_STABLE carrier_field
t=3622 CARRIER_B_STABLE carrier_field
t=3623 CARRIER_B_STABLE carrier_field
t=3624 CARRIER_B_STABLE carrier_field
t=3625 CARRIER_B_STABLE carrier_field
t=3626 CARRIER_B_STABLE carrier_field
t=3627 CARRIER_B_STABLE carrier_field
t=3628 CARRIER_B_STABLE carrier_field
t=3629 CARRIER_B_STABLE carrier_field
t=3630 CARRIER_B_STABLE carrier_field
t=3631 CARRIER_B_STABLE carrier_field
t=3632 CARRIER_B_STABLE carrier_field
t=3633 CARRIER_B_STABLE carrier_field
t=3634 CARRIER_B_STABLE carrier_field
t=3635 RESIDUAL_EDGE_3635_1280 edge_disturbance
t=3636 CARRIER_B_STABLE carrier_field
t=3637 CARRIER_B_STABLE carrier_field
t=3638 CARRIER_B_STABLE carrier_field
t=3639 CARRIER_B_STABLE carrier_field
t=3640 CARRIER_B_STABLE carrier_field
t=3641 CARRIER_B_STABLE carrier_field
t=3642 CARRIER_B_STABLE carrier_field
t=3643 CARRIER_B_STABLE carrier_field
t=3644 CARRIER_B_STABLE carrier_field
t=3645 CARRIER_B_STABLE carrier_field
t=3646 CARRIER_B_STABLE carrier_field
t=3647 CARRIER_B_STABLE carrier_field
t=3648 CARRIER_B_STABLE carrier_field
t=3649 CARRIER_B_STABLE carrier_field
t=3650 CARRIER_B_STABLE carrier_field
t=3651 CARRIER_B_STABLE carrier_field
t=3652 CARRIER_B_STABLE carrier_field
t=3653 CARRIER_B_STABLE carrier_field
t=3654 CARRIER_B_STABLE carrier_field
t=3655 CARRIER_B_STABLE carrier_field
t=3656 CARRIER_B_STABLE carrier_field
t=3657 CARRIER_B_STABLE carrier_field
t=3658 CARRIER_B_STABLE carrier_field
t=3659 CARRIER_B_STABLE carrier_field
t=3660 CARRIER_B_STABLE carrier_field
t=3661 CARRIER_B_STABLE carrier_field
t=3662 CARRIER_B_STABLE carrier_field
t=3663 CARRIER_B_STABLE carrier_field
t=3664 CARRIER_B_STABLE carrier_field
t=3665 CARRIER_B_STABLE carrier_field
t=3666 CARRIER_B_STABLE carrier_field
t=3667 CARRIER_B_STABLE carrier_field
t=3668 CARRIER_B_STABLE carrier_field
t=3669 CARRIER_B_STABLE carrier_field
t=3670 CARRIER_B_STABLE carrier_field
t=3671 CARRIER_B_STABLE carrier_field
t=3672 CARRIER_B_STABLE carrier_field
t=3673 CARRIER_B_STABLE carrier_field
t=3674 CARRIER_B_STABLE carrier_field
t=3675 CARRIER_B_STABLE carrier_field
t=3676 CARRIER_B_STABLE carrier_field
t=3677 CARRIER_B_STABLE carrier_field
t=3678 CARRIER_B_STABLE carrier_field
t=3679 CARRIER_B_STABLE carrier_field
t=3680 CARRIER_B_STABLE carrier_field
t=3681 CARRIER_B_STABLE carrier_field
t=3682 CARRIER_B_STABLE carrier_field
t=3683 CARRIER_B_STABLE carrier_field
t=3684 CARRIER_B_STABLE carrier_field
t=3685 CARRIER_B_STABLE carrier_field
t=3686 CARRIER_B_STABLE carrier_field
t=3687 CARRIER_B_STABLE carrier_field
t=3688 CARRIER_B_STABLE carrier_field
t=3689 RESIDUAL_EDGE_3689_8354 edge_disturbance
t=3690 CARRIER_B_STABLE carrier_field
t=3691 CARRIER_B_STABLE carrier_field
t=3692 CARRIER_B_STABLE carrier_field
t=3693 CARRIER_B_STABLE carrier_field
t=3694 CARRIER_B_STABLE carrier_field
t=3695 CARRIER_B_STABLE carrier_field
t=3696 CARRIER_B_STABLE carrier_field
t=3697 CARRIER_B_STABLE carrier_field
t=3698 CARRIER_B_STABLE carrier_field
t=3699 CARRIER_B_STABLE carrier_field
t=3700 CARRIER_B_STABLE carrier_field
t=3701 CARRIER_B_STABLE carrier_field
t=3702 CARRIER_B_STABLE carrier_field
t=3703 CARRIER_B_STABLE carrier_field
t=3704 CARRIER_B_STABLE carrier_field
t=3705 CARRIER_B_STABLE carrier_field
t=3706 CARRIER_B_STABLE carrier_field
t=3707 CARRIER_B_STABLE carrier_field
t=3708 CARRIER_B_STABLE carrier_field
t=3709 RESIDUAL_EDGE_3709_2600 edge_disturbance
t=3710 CARRIER_B_STABLE carrier_field
t=3711 CARRIER_B_STABLE carrier_field
t=3712 CARRIER_B_STABLE carrier_field
t=3713 CARRIER_B_STABLE carrier_field
t=3714 CARRIER_B_STABLE carrier_field
t=3715 CARRIER_B_STABLE carrier_field
t=3716 CARRIER_B_STABLE carrier_field
t=3717 CARRIER_B_STABLE carrier_field
t=3718 CARRIER_B_STABLE carrier_field
t=3719 CARRIER_B_STABLE carrier_field
t=3720 CARRIER_B_STABLE carrier_field
t=3721 RESIDUAL_EDGE_3721_6463 edge_disturbance
t=3722 CARRIER_B_STABLE carrier_field
t=3723 CARRIER_B_STABLE carrier_field
t=3724 CARRIER_B_STABLE carrier_field
t=3725 CARRIER_B_STABLE carrier_field
t=3726 CARRIER_B_STABLE carrier_field
t=3727 CARRIER_B_STABLE carrier_field
t=3728 CARRIER_B_STABLE carrier_field
t=3729 CARRIER_B_STABLE carrier_field
t=3730 CARRIER_B_STABLE carrier_field
t=3731 CARRIER_B_STABLE carrier_field
t=3732 CARRIER_B_STABLE carrier_field
t=3733 CARRIER_B_STABLE carrier_field
t=3734 CARRIER_B_STABLE carrier_field
t=3735 CARRIER_B_STABLE carrier_field
t=3736 CARRIER_B_STABLE carrier_field
t=3737 CARRIER_B_STABLE carrier_field
t=3738 CARRIER_B_STABLE carrier_field
t=3739 CARRIER_B_STABLE carrier_field
t=3740 CARRIER_B_STABLE carrier_field
t=3741 CARRIER_B_STABLE carrier_field
t=3742 CARRIER_B_STABLE carrier_field
t=3743 CARRIER_B_STABLE carrier_field
t=3744 CARRIER_B_STABLE carrier_field
t=3745 CARRIER_B_STABLE carrier_field
t=3746 CARRIER_B_STABLE carrier_field
t=3747 CARRIER_B_STABLE carrier_field
t=3748 CARRIER_B_STABLE carrier_field
t=3749 CARRIER_B_STABLE carrier_field
t=3750 CARRIER_B_STABLE carrier_field
t=3751 CARRIER_B_STABLE carrier_field
t=3752 CARRIER_B_STABLE carrier_field
t=3753 CARRIER_B_STABLE carrier_field
t=3754 CARRIER_B_STABLE carrier_field
t=3755 CARRIER_B_STABLE carrier_field
t=3756 CARRIER_B_STABLE carrier_field
t=3757 CARRIER_B_STABLE carrier_field
t=3758 CARRIER_B_STABLE carrier_field
t=3759 CARRIER_B_STABLE carrier_field
t=3760 CARRIER_B_STABLE carrier_field
t=3761 CARRIER_B_STABLE carrier_field
t=3762 CARRIER_B_STABLE carrier_field
t=3763 CARRIER_B_STABLE carrier_field
t=3764 CARRIER_B_STABLE carrier_field
t=3765 CARRIER_B_STABLE carrier_field
t=3766 CARRIER_B_STABLE carrier_field
t=3767 CARRIER_B_STABLE carrier_field
t=3768 CARRIER_B_STABLE carrier_field
t=3769 CARRIER_B_STABLE carrier_field
t=3770 CARRIER_B_STABLE carrier_field
t=3771 CARRIER_B_STABLE carrier_field
t=3772 RESIDUAL_EDGE_3772_1263 edge_disturbance
t=3773 CARRIER_B_STABLE carrier_field
t=3774 CARRIER_B_STABLE carrier_field
t=3775 CARRIER_B_STABLE carrier_field
t=3776 CARRIER_B_STABLE carrier_field
t=3777 CARRIER_B_STABLE carrier_field
t=3778 CARRIER_B_STABLE carrier_field
t=3779 CARRIER_B_STABLE carrier_field
t=3780 RESIDUAL_BURST_3780_6204 burst_zone
t=3781 MID_HOLD_DELTA burst_seam
t=3782 RESIDUAL_BURST_3782_2097 burst_zone
t=3783 RESIDUAL_BURST_3783_6699 burst_zone
t=3784 RESIDUAL_BURST_3784_7841 burst_zone
t=3785 RESIDUAL_BURST_3785_1234 burst_zone
t=3786 RESIDUAL_BURST_3786_6474 burst_zone
t=3787 RESIDUAL_BURST_3787_5117 burst_zone
t=3788 MID_SEAM_BETA burst_seam
t=3789 RESIDUAL_BURST_3789_1522 burst_zone
t=3790 MID_SEAM_BETA burst_seam
t=3791 RESIDUAL_BURST_3791_1864 burst_zone
t=3792 RESIDUAL_BURST_3792_3509 burst_zone
t=3793 MID_SEAM_ALPHA burst_seam
t=3794 MID_SEAM_BETA burst_seam
t=3795 RESIDUAL_BURST_3795_1791 burst_zone
t=3796 RESIDUAL_BURST_3796_3047 burst_zone
t=3797 RESIDUAL_BURST_3797_2646 burst_zone
t=3798 RESIDUAL_BURST_3798_8154 burst_zone
t=3799 RESIDUAL_BURST_3799_3479 burst_zone
t=3800 RESIDUAL_BURST_3800_4692 burst_zone
t=3801 RESIDUAL_BURST_3801_2128 burst_zone
t=3802 RESIDUAL_BURST_3802_1208 burst_zone
t=3803 MID_RETURN_GAMMA burst_seam
t=3804 RESIDUAL_BURST_3804_2481 burst_zone
t=3805 RESIDUAL_BURST_3805_7395 burst_zone
t=3806 MID_RETURN_GAMMA burst_seam
t=3807 RESIDUAL_BURST_3807_3714 burst_zone
t=3808 MID_HOLD_DELTA burst_seam
t=3809 RESIDUAL_BURST_3809_4831 burst_zone
t=3810 RESIDUAL_BURST_3810_9325 burst_zone
t=3811 RESIDUAL_BURST_3811_2214 burst_zone
t=3812 RESIDUAL_BURST_3812_8460 burst_zone
t=3813 RESIDUAL_BURST_3813_2529 burst_zone
t=3814 MID_SEAM_BETA burst_seam
t=3815 MID_SEAM_BETA burst_seam
t=3816 RESIDUAL_BURST_3816_2240 burst_zone
t=3817 RESIDUAL_BURST_3817_2660 burst_zone
t=3818 RESIDUAL_BURST_3818_9249 burst_zone
t=3819 MID_HOLD_DELTA burst_seam
t=3820 RESIDUAL_BURST_3820_3828 burst_zone
t=3821 RESIDUAL_BURST_3821_6937 burst_zone
t=3822 CARRIER_B_STABLE carrier_field
t=3823 CARRIER_B_STABLE carrier_field
t=3824 CARRIER_B_STABLE carrier_field
t=3825 CARRIER_B_STABLE carrier_field
t=3826 CARRIER_B_STABLE carrier_field
t=3827 CARRIER_B_STABLE carrier_field
t=3828 CARRIER_B_STABLE carrier_field
t=3829 CARRIER_B_STABLE carrier_field
t=3830 CARRIER_B_STABLE carrier_field
t=3831 CARRIER_B_STABLE carrier_field
t=3832 CARRIER_B_STABLE carrier_field
t=3833 CARRIER_B_STABLE carrier_field
t=3834 CARRIER_B_STABLE carrier_field
t=3835 CARRIER_B_STABLE carrier_field
t=3836 CARRIER_B_STABLE carrier_field
t=3837 RESIDUAL_EDGE_3837_2436 edge_disturbance
t=3838 CARRIER_B_STABLE carrier_field
t=3839 CARRIER_B_STABLE carrier_field
t=3840 CARRIER_B_STABLE carrier_field
t=3841 CARRIER_B_STABLE carrier_field
t=3842 CARRIER_B_STABLE carrier_field
t=3843 CARRIER_B_STABLE carrier_field
t=3844 CARRIER_B_STABLE carrier_field
t=3845 CARRIER_B_STABLE carrier_field
t=3846 CARRIER_B_STABLE carrier_field
t=3847 CARRIER_B_STABLE carrier_field
t=3848 CARRIER_B_STABLE carrier_field
t=3849 CARRIER_B_STABLE carrier_field
t=3850 CARRIER_B_STABLE carrier_field
t=3851 CARRIER_B_STABLE carrier_field
t=3852 CARRIER_B_STABLE carrier_field
t=3853 CARRIER_B_STABLE carrier_field
t=3854 CARRIER_B_STABLE carrier_field
t=3855 CARRIER_B_STABLE carrier_field
t=3856 CARRIER_B_STABLE carrier_field
t=3857 CARRIER_B_STABLE carrier_field
t=3858 CARRIER_B_STABLE carrier_field
t=3859 CARRIER_B_STABLE carrier_field
t=3860 CARRIER_B_STABLE carrier_field
t=3861 CARRIER_B_STABLE carrier_field
t=3862 CARRIER_B_STABLE carrier_field
t=3863 CARRIER_B_STABLE carrier_field
t=3864 CARRIER_B_STABLE carrier_field
t=3865 CARRIER_B_STABLE carrier_field
t=3866 CARRIER_B_STABLE carrier_field
t=3867 CARRIER_B_STABLE carrier_field
t=3868 CARRIER_B_STABLE carrier_field
t=3869 CARRIER_B_STABLE carrier_field
t=3870 CARRIER_B_STABLE carrier_field
t=3871 CARRIER_B_STABLE carrier_field
t=3872 CARRIER_B_STABLE carrier_field
t=3873 CARRIER_B_STABLE carrier_field
t=3874 CARRIER_B_STABLE carrier_field
t=3875 CARRIER_B_STABLE carrier_field
t=3876 CARRIER_B_STABLE carrier_field
t=3877 CARRIER_B_STABLE carrier_field
t=3878 CARRIER_B_STABLE carrier_field
t=3879 CARRIER_B_STABLE carrier_field
t=3880 CARRIER_B_STABLE carrier_field
t=3881 CARRIER_B_STABLE carrier_field
t=3882 CARRIER_B_STABLE carrier_field
t=3883 CARRIER_B_STABLE carrier_field
t=3884 CARRIER_B_STABLE carrier_field
t=3885 CARRIER_B_STABLE carrier_field
t=3886 CARRIER_B_STABLE carrier_field
t=3887 CARRIER_B_STABLE carrier_field
t=3888 CARRIER_B_STABLE carrier_field
t=3889 CARRIER_B_STABLE carrier_field
t=3890 CARRIER_B_STABLE carrier_field
t=3891 CARRIER_B_STABLE carrier_field
t=3892 CARRIER_B_STABLE carrier_field
t=3893 CARRIER_B_STABLE carrier_field
t=3894 CARRIER_B_STABLE carrier_field
t=3895 CARRIER_B_STABLE carrier_field
t=3896 CARRIER_B_STABLE carrier_field
t=3897 CARRIER_B_STABLE carrier_field
t=3898 CARRIER_B_STABLE carrier_field
t=3899 CARRIER_B_STABLE carrier_field
t=3900 CARRIER_B_STABLE carrier_field
t=3901 CARRIER_B_STABLE carrier_field
t=3902 CARRIER_B_STABLE carrier_field
t=3903 CARRIER_B_STABLE carrier_field
t=3904 CARRIER_B_STABLE carrier_field
t=3905 CARRIER_B_STABLE carrier_field
t=3906 CARRIER_B_STABLE carrier_field
t=3907 CARRIER_B_STABLE carrier_field
t=3908 CARRIER_B_STABLE carrier_field
t=3909 CARRIER_B_STABLE carrier_field
t=3910 CARRIER_B_STABLE carrier_field
t=3911 CARRIER_B_STABLE carrier_field
t=3912 RESIDUAL_EDGE_3912_3382 edge_disturbance
t=3913 CARRIER_B_STABLE carrier_field
t=3914 CARRIER_B_STABLE carrier_field
t=3915 CARRIER_B_STABLE carrier_field
t=3916 CARRIER_B_STABLE carrier_field
t=3917 CARRIER_B_STABLE carrier_field
t=3918 CARRIER_B_STABLE carrier_field
t=3919 CARRIER_B_STABLE carrier_field
t=3920 CARRIER_B_STABLE carrier_field
t=3921 CARRIER_B_STABLE carrier_field
t=3922 CARRIER_B_STABLE carrier_field
t=3923 CARRIER_B_STABLE carrier_field
t=3924 CARRIER_B_STABLE carrier_field
t=3925 CARRIER_B_STABLE carrier_field
t=3926 CARRIER_B_STABLE carrier_field
t=3927 CARRIER_B_STABLE carrier_field
t=3928 CARRIER_B_STABLE carrier_field
t=3929 CARRIER_B_STABLE carrier_field
t=3930 CARRIER_B_STABLE carrier_field
t=3931 CARRIER_B_STABLE carrier_field
t=3932 CARRIER_B_STABLE carrier_field
t=3933 CARRIER_B_STABLE carrier_field
t=3934 CARRIER_B_STABLE carrier_field
t=3935 CARRIER_B_STABLE carrier_field
t=3936 CARRIER_B_STABLE carrier_field
t=3937 CARRIER_B_STABLE carrier_field
t=3938 CARRIER_B_STABLE carrier_field
t=3939 CARRIER_B_STABLE carrier_field
t=3940 CARRIER_B_STABLE carrier_field
t=3941 CARRIER_B_STABLE carrier_field
t=3942 CARRIER_B_STABLE carrier_field
t=3943 CARRIER_B_STABLE carrier_field
t=3944 CARRIER_B_STABLE carrier_field
t=3945 CARRIER_B_STABLE carrier_field
t=3946 CARRIER_B_STABLE carrier_field
t=3947 CARRIER_B_STABLE carrier_field
t=3948 CARRIER_B_STABLE carrier_field
t=3949 CARRIER_B_STABLE carrier_field
t=3950 CARRIER_B_STABLE carrier_field
t=3951 CARRIER_B_STABLE carrier_field
t=3952 CARRIER_B_STABLE carrier_field
t=3953 RESIDUAL_EDGE_3953_3750 edge_disturbance
t=3954 CARRIER_B_STABLE carrier_field
t=3955 CARRIER_B_STABLE carrier_field
t=3956 CARRIER_B_STABLE carrier_field
t=3957 CARRIER_B_STABLE carrier_field
t=3958 CARRIER_B_STABLE carrier_field
t=3959 CARRIER_B_STABLE carrier_field
t=3960 CARRIER_B_STABLE carrier_field
t=3961 CARRIER_B_STABLE carrier_field
t=3962 CARRIER_B_STABLE carrier_field
t=3963 CARRIER_B_STABLE carrier_field
t=3964 CARRIER_B_STABLE carrier_field
t=3965 CARRIER_B_STABLE carrier_field
t=3966 CARRIER_B_STABLE carrier_field
t=3967 CARRIER_B_STABLE carrier_field
t=3968 CARRIER_B_STABLE carrier_field
t=3969 CARRIER_B_STABLE carrier_field
t=3970 CARRIER_B_STABLE carrier_field
t=3971 CARRIER_B_STABLE carrier_field
t=3972 CARRIER_B_STABLE carrier_field
t=3973 CARRIER_B_STABLE carrier_field
t=3974 CARRIER_B_STABLE carrier_field
t=3975 CARRIER_B_STABLE carrier_field
t=3976 CARRIER_B_STABLE carrier_field
t=3977 RESIDUAL_EDGE_3977_7603 edge_disturbance
t=3978 CARRIER_B_STABLE carrier_field
t=3979 CARRIER_B_STABLE carrier_field
t=3980 CARRIER_B_STABLE carrier_field
t=3981 CARRIER_B_STABLE carrier_field
t=3982 CARRIER_B_STABLE carrier_field
t=3983 CARRIER_B_STABLE carrier_field
t=3984 CARRIER_B_STABLE carrier_field
t=3985 CARRIER_B_STABLE carrier_field
t=3986 CARRIER_B_STABLE carrier_field
t=3987 CARRIER_B_STABLE carrier_field
t=3988 CARRIER_B_STABLE carrier_field
t=3989 CARRIER_B_STABLE carrier_field
t=3990 CARRIER_B_STABLE carrier_field
t=3991 CARRIER_B_STABLE carrier_field
t=3992 CARRIER_B_STABLE carrier_field
t=3993 CARRIER_B_STABLE carrier_field
t=3994 CARRIER_B_STABLE carrier_field
t=3995 CARRIER_B_STABLE carrier_field
t=3996 CARRIER_B_STABLE carrier_field
t=3997 RESIDUAL_EDGE_3997_9376 edge_disturbance
t=3998 CARRIER_B_STABLE carrier_field
t=3999 CARRIER_B_STABLE carrier_field
t=4000 RESIDUAL_BURST_4000_2172 burst_zone
