t=00001 alpha replay carrier replay_phase_A
t=00002 alpha replay carrier replay_phase_A
t=00003 alpha replay carrier replay_phase_A
t=00004 alpha replay carrier replay_phase_A
t=00005 alpha replay carrier replay_phase_A
t=00006 alpha replay carrier replay_phase_A
t=00007 alpha replay carrier replay_phase_A
t=00008 alpha replay carrier replay_phase_A
t=00009 alpha replay carrier replay_phase_A
t=00010 alpha replay carrier replay_phase_A
t=00011 alpha replay carrier replay_phase_A
t=00012 alpha replay carrier replay_phase_A
t=00013 alpha replay carrier replay_phase_A
t=00014 alpha replay carrier replay_phase_A
t=00015 alpha replay carrier replay_phase_A
t=00016 alpha replay carrier replay_phase_A
t=00017 alpha replay carrier replay_phase_A
t=00018 alpha replay carrier replay_phase_A
t=00019 alpha replay carrier replay_phase_A
t=00020 alpha replay carrier replay_phase_A
t=00021 alpha replay carrier replay_phase_A
t=00022 alpha replay carrier replay_phase_A
t=00023 alpha replay carrier replay_phase_A
t=00024 alpha replay carrier replay_phase_A
t=00025 alpha replay carrier replay_phase_A
t=00026 alpha replay carrier replay_phase_A
t=00027 alpha replay carrier replay_phase_A
t=00028 alpha replay carrier replay_phase_A
t=00029 alpha replay carrier replay_phase_A
t=00030 alpha replay carrier replay_phase_A
t=00031 alpha replay carrier replay_phase_A
t=00032 alpha replay carrier replay_phase_A
t=00033 alpha replay carrier replay_phase_A
t=00034 alpha replay carrier replay_phase_A
t=00035 alpha replay carrier replay_phase_A
t=00036 alpha replay carrier replay_phase_A
t=00037 alpha replay carrier replay_phase_A
t=00038 alpha replay carrier replay_phase_A
t=00039 alpha replay carrier replay_phase_A
t=00040 beta replay carrier replay_phase_A
t=00041 beta replay carrier replay_phase_A
t=00042 beta replay carrier replay_phase_A
t=00043 beta replay carrier replay_phase_A
t=00044 beta replay carrier replay_phase_A
t=00045 beta replay carrier replay_phase_A
t=00046 beta replay carrier replay_phase_A
t=00047 beta replay carrier replay_phase_A
t=00048 beta replay carrier replay_phase_A
t=00049 beta replay carrier replay_phase_A
t=00050 beta replay carrier replay_phase_A
t=00051 beta replay carrier replay_phase_A
t=00052 beta replay carrier replay_phase_A
t=00053 beta replay carrier replay_phase_A
t=00054 beta replay carrier replay_phase_A
t=00055 beta replay carrier replay_phase_A
t=00056 beta replay carrier replay_phase_A
t=00057 beta replay carrier replay_phase_A
t=00058 beta replay carrier replay_phase_A
t=00059 beta replay carrier replay_phase_A
t=00060 beta replay carrier replay_phase_A
t=00061 beta replay carrier replay_phase_A
t=00062 beta replay carrier replay_phase_A
t=00063 beta replay carrier replay_phase_A
t=00064 beta replay carrier replay_phase_A
t=00065 beta replay carrier replay_phase_A
t=00066 beta replay carrier replay_phase_A
t=00067 beta replay carrier replay_phase_A
t=00068 beta replay carrier replay_phase_A
t=00069 beta replay carrier replay_phase_A
t=00070 beta replay carrier replay_phase_A
t=00071 beta replay carrier replay_phase_A
t=00072 beta replay carrier replay_phase_A
t=00073 beta replay carrier replay_phase_A
t=00074 beta replay carrier replay_phase_A
t=00075 beta replay carrier replay_phase_A
t=00076 beta replay carrier replay_phase_A
t=00077 beta replay carrier replay_phase_A
t=00078 beta replay carrier replay_phase_A
t=00079 beta replay carrier replay_phase_A
t=00080 gamma replay carrier replay_phase_A
t=00081 gamma replay carrier replay_phase_A
t=00082 gamma replay carrier replay_phase_A
t=00083 gamma replay carrier replay_phase_A
t=00084 gamma replay carrier replay_phase_A
t=00085 gamma replay carrier replay_phase_A
t=00086 gamma replay carrier replay_phase_A
t=00087 gamma replay carrier replay_phase_A
t=00088 gamma replay carrier replay_phase_A
t=00089 gamma replay carrier replay_phase_A
t=00090 gamma replay carrier replay_phase_A
t=00091 gamma replay carrier replay_phase_A
t=00092 gamma replay carrier replay_phase_A
t=00093 gamma replay carrier replay_phase_A
t=00094 gamma replay carrier replay_phase_A
t=00095 gamma replay carrier replay_phase_A
t=00096 gamma replay carrier replay_phase_A
t=00097 gamma replay carrier replay_phase_A
t=00098 gamma replay carrier replay_phase_A
t=00099 gamma replay carrier replay_phase_A
t=00100 gamma replay carrier replay_phase_A
t=00101 gamma replay carrier replay_phase_A
t=00102 gamma replay carrier replay_phase_A
t=00103 gamma replay carrier replay_phase_A
t=00104 gamma replay carrier replay_phase_A
t=00105 gamma replay carrier replay_phase_A
t=00106 gamma replay carrier replay_phase_A
t=00107 gamma replay carrier replay_phase_A
t=00108 gamma replay carrier replay_phase_A
t=00109 gamma replay carrier replay_phase_A
t=00110 gamma replay carrier replay_phase_A
t=00111 gamma replay carrier replay_phase_A
t=00112 gamma replay carrier replay_phase_A
t=00113 gamma replay carrier replay_phase_A
t=00114 gamma replay carrier replay_phase_A
t=00115 gamma replay carrier replay_phase_A
t=00116 gamma replay carrier replay_phase_A
t=00117 gamma replay carrier replay_phase_A
t=00118 gamma replay carrier replay_phase_A
t=00119 gamma replay carrier replay_phase_A
t=00120 delta replay carrier replay_phase_A
t=00121 delta replay carrier replay_phase_A
t=00122 delta replay carrier replay_phase_A
t=00123 delta replay carrier replay_phase_A
t=00124 delta replay carrier replay_phase_A
t=00125 delta replay carrier replay_phase_A
t=00126 delta replay carrier replay_phase_A
t=00127 delta replay carrier replay_phase_A
t=00128 delta replay carrier replay_phase_A
t=00129 delta replay carrier replay_phase_A
t=00130 delta replay carrier replay_phase_A
t=00131 delta replay carrier replay_phase_A
t=00132 delta replay carrier replay_phase_A
t=00133 delta replay carrier replay_phase_A
t=00134 delta replay carrier replay_phase_A
t=00135 delta replay carrier replay_phase_A
t=00136 delta replay carrier replay_phase_A
t=00137 delta replay carrier replay_phase_A
t=00138 delta replay carrier replay_phase_A
t=00139 delta replay carrier replay_phase_A
t=00140 delta replay carrier replay_phase_A
t=00141 delta replay carrier replay_phase_A
t=00142 delta replay carrier replay_phase_A
t=00143 delta replay carrier replay_phase_A
t=00144 delta replay carrier replay_phase_A
t=00145 delta replay carrier replay_phase_A
t=00146 delta replay carrier replay_phase_A
t=00147 delta replay carrier replay_phase_A
t=00148 delta replay carrier replay_phase_A
t=00149 delta replay carrier replay_phase_A
t=00150 delta replay carrier replay_phase_A
t=00151 delta replay carrier replay_phase_A
t=00152 delta replay carrier replay_phase_A
t=00153 delta replay carrier replay_phase_A
t=00154 delta replay carrier replay_phase_A
t=00155 delta replay carrier replay_phase_A
t=00156 delta replay carrier replay_phase_A
t=00157 delta replay carrier replay_phase_A
t=00158 delta replay carrier replay_phase_A
t=00159 delta replay carrier replay_phase_A
t=00160 alpha replay carrier replay_phase_A
t=00161 alpha replay carrier replay_phase_A
t=00162 alpha replay carrier replay_phase_A
t=00163 alpha replay carrier replay_phase_A
t=00164 alpha replay carrier replay_phase_A
t=00165 alpha replay carrier replay_phase_A
t=00166 alpha replay carrier replay_phase_A
t=00167 alpha replay carrier replay_phase_A
t=00168 alpha replay carrier replay_phase_A
t=00169 alpha replay carrier replay_phase_A
t=00170 alpha replay carrier replay_phase_A
t=00171 alpha replay carrier replay_phase_A
t=00172 alpha replay carrier replay_phase_A
t=00173 alpha replay carrier replay_phase_A
t=00174 alpha replay carrier replay_phase_A
t=00175 alpha replay carrier replay_phase_A
t=00176 alpha replay carrier replay_phase_A
t=00177 alpha replay carrier replay_phase_A
t=00178 alpha replay carrier replay_phase_A
t=00179 alpha replay carrier replay_phase_A
t=00180 alpha replay carrier replay_phase_A
t=00181 alpha replay carrier replay_phase_A
t=00182 alpha replay carrier replay_phase_A
t=00183 alpha replay carrier replay_phase_A
t=00184 alpha replay carrier replay_phase_A
t=00185 alpha replay carrier replay_phase_A
t=00186 alpha replay carrier replay_phase_A
t=00187 alpha replay carrier replay_phase_A
t=00188 alpha replay carrier replay_phase_A
t=00189 alpha replay carrier replay_phase_A
t=00190 alpha replay carrier replay_phase_A
t=00191 alpha replay carrier replay_phase_A
t=00192 alpha replay carrier replay_phase_A
t=00193 alpha replay carrier replay_phase_A
t=00194 alpha replay carrier replay_phase_A
t=00195 alpha replay carrier replay_phase_A
t=00196 alpha replay carrier replay_phase_A
t=00197 alpha replay carrier replay_phase_A
t=00198 alpha replay carrier replay_phase_A
t=00199 alpha replay carrier replay_phase_A
t=00200 beta replay carrier replay_phase_A
t=00201 beta replay carrier replay_phase_A
t=00202 beta replay carrier replay_phase_A
t=00203 beta replay carrier replay_phase_A
t=00204 beta replay carrier replay_phase_A
t=00205 beta replay carrier replay_phase_A
t=00206 beta replay carrier replay_phase_A
t=00207 beta replay carrier replay_phase_A
t=00208 beta replay carrier replay_phase_A
t=00209 beta replay carrier replay_phase_A
t=00210 beta replay carrier replay_phase_A
t=00211 beta replay carrier replay_phase_A
t=00212 beta replay carrier replay_phase_A
t=00213 beta replay carrier replay_phase_A
t=00214 beta replay carrier replay_phase_A
t=00215 beta replay carrier replay_phase_A
t=00216 beta replay carrier replay_phase_A
t=00217 beta replay carrier replay_phase_A
t=00218 beta replay carrier replay_phase_A
t=00219 beta replay carrier replay_phase_A
t=00220 beta replay carrier replay_phase_A
t=00221 beta replay carrier replay_phase_A
t=00222 beta replay carrier replay_phase_A
t=00223 beta replay carrier replay_phase_A
t=00224 beta replay carrier replay_phase_A
t=00225 beta replay carrier replay_phase_A
t=00226 beta replay carrier replay_phase_A
t=00227 beta replay carrier replay_phase_A
t=00228 beta replay carrier replay_phase_A
t=00229 beta replay carrier replay_phase_A
t=00230 beta replay carrier replay_phase_A
t=00231 beta replay carrier replay_phase_A
t=00232 beta replay carrier replay_phase_A
t=00233 beta replay carrier replay_phase_A
t=00234 beta replay carrier replay_phase_A
t=00235 beta replay carrier replay_phase_A
t=00236 beta replay carrier replay_phase_A
t=00237 beta replay carrier replay_phase_A
t=00238 beta replay carrier replay_phase_A
t=00239 beta replay carrier replay_phase_A
t=00240 gamma replay carrier replay_phase_A
t=00241 gamma replay carrier replay_phase_A
t=00242 gamma replay carrier replay_phase_A
t=00243 gamma replay carrier replay_phase_A
t=00244 gamma replay carrier replay_phase_A
t=00245 gamma replay carrier replay_phase_A
t=00246 gamma replay carrier replay_phase_A
t=00247 gamma replay carrier replay_phase_A
t=00248 gamma replay carrier replay_phase_A
t=00249 gamma replay carrier replay_phase_A
t=00250 gamma replay carrier replay_phase_A
t=00251 gamma replay carrier replay_phase_A
t=00252 gamma replay carrier replay_phase_A
t=00253 gamma replay carrier replay_phase_A
t=00254 gamma replay carrier replay_phase_A
t=00255 gamma replay carrier replay_phase_A
t=00256 gamma replay carrier replay_phase_A
t=00257 gamma replay carrier replay_phase_A
t=00258 gamma replay carrier replay_phase_A
t=00259 gamma replay carrier replay_phase_A
t=00260 gamma replay carrier replay_phase_A
t=00261 gamma replay carrier replay_phase_A
t=00262 gamma replay carrier replay_phase_A
t=00263 gamma replay carrier replay_phase_A
t=00264 gamma replay carrier replay_phase_A
t=00265 gamma replay carrier replay_phase_A
t=00266 gamma replay carrier replay_phase_A
t=00267 gamma replay carrier replay_phase_A
t=00268 gamma replay carrier replay_phase_A
t=00269 gamma replay carrier replay_phase_A
t=00270 gamma replay carrier replay_phase_A
t=00271 gamma replay carrier replay_phase_A
t=00272 gamma replay carrier replay_phase_A
t=00273 gamma replay carrier replay_phase_A
t=00274 gamma replay carrier replay_phase_A
t=00275 gamma replay carrier replay_phase_A
t=00276 gamma replay carrier replay_phase_A
t=00277 gamma replay carrier replay_phase_A
t=00278 gamma replay carrier replay_phase_A
t=00279 gamma replay carrier replay_phase_A
t=00280 delta replay carrier replay_phase_A
t=00281 delta replay carrier replay_phase_A
t=00282 delta replay carrier replay_phase_A
t=00283 delta replay carrier replay_phase_A
t=00284 delta replay carrier replay_phase_A
t=00285 delta replay carrier replay_phase_A
t=00286 delta replay carrier replay_phase_A
t=00287 delta replay carrier replay_phase_A
t=00288 delta replay carrier replay_phase_A
t=00289 delta replay carrier replay_phase_A
t=00290 delta replay carrier replay_phase_A
t=00291 delta replay carrier replay_phase_A
t=00292 delta replay carrier replay_phase_A
t=00293 delta replay carrier replay_phase_A
t=00294 delta replay carrier replay_phase_A
t=00295 delta replay carrier replay_phase_A
t=00296 delta replay carrier replay_phase_A
t=00297 delta replay carrier replay_phase_A
t=00298 delta replay carrier replay_phase_A
t=00299 delta replay carrier replay_phase_A
t=00300 delta replay carrier replay_phase_A
t=00301 delta replay carrier replay_phase_A
t=00302 delta replay carrier replay_phase_A
t=00303 delta replay carrier replay_phase_A
t=00304 delta replay carrier replay_phase_A
t=00305 delta replay carrier replay_phase_A
t=00306 delta replay carrier replay_phase_A
t=00307 delta replay carrier replay_phase_A
t=00308 delta replay carrier replay_phase_A
t=00309 delta replay carrier replay_phase_A
t=00310 delta replay carrier replay_phase_A
t=00311 delta replay carrier replay_phase_A
t=00312 delta replay carrier replay_phase_A
t=00313 delta replay carrier replay_phase_A
t=00314 delta replay carrier replay_phase_A
t=00315 delta replay carrier replay_phase_A
t=00316 delta replay carrier replay_phase_A
t=00317 delta replay carrier replay_phase_A
t=00318 delta replay carrier replay_phase_A
t=00319 delta replay carrier replay_phase_A
t=00320 alpha replay carrier replay_phase_A
t=00321 alpha replay carrier replay_phase_A
t=00322 alpha replay carrier replay_phase_A
t=00323 alpha replay carrier replay_phase_A
t=00324 alpha replay carrier replay_phase_A
t=00325 alpha replay carrier replay_phase_A
t=00326 alpha replay carrier replay_phase_A
t=00327 alpha replay carrier replay_phase_A
t=00328 alpha replay carrier replay_phase_A
t=00329 alpha replay carrier replay_phase_A
t=00330 alpha replay carrier replay_phase_A
t=00331 alpha replay carrier replay_phase_A
t=00332 alpha replay carrier replay_phase_A
t=00333 alpha replay carrier replay_phase_A
t=00334 alpha replay carrier replay_phase_A
t=00335 alpha replay carrier replay_phase_A
t=00336 alpha replay carrier replay_phase_A
t=00337 alpha replay carrier replay_phase_A
t=00338 alpha replay carrier replay_phase_A
t=00339 alpha replay carrier replay_phase_A
t=00340 alpha replay carrier replay_phase_A
t=00341 alpha replay carrier replay_phase_A
t=00342 alpha replay carrier replay_phase_A
t=00343 alpha replay carrier replay_phase_A
t=00344 alpha replay carrier replay_phase_A
t=00345 alpha replay carrier replay_phase_A
t=00346 alpha replay carrier replay_phase_A
t=00347 alpha replay carrier replay_phase_A
t=00348 alpha replay carrier replay_phase_A
t=00349 alpha replay carrier replay_phase_A
t=00350 alpha replay carrier replay_phase_A
t=00351 alpha replay carrier replay_phase_A
t=00352 alpha replay carrier replay_phase_A
t=00353 alpha replay carrier replay_phase_A
t=00354 alpha replay carrier replay_phase_A
t=00355 alpha replay carrier replay_phase_A
t=00356 alpha replay carrier replay_phase_A
t=00357 alpha replay carrier replay_phase_A
t=00358 alpha replay carrier replay_phase_A
t=00359 alpha replay carrier replay_phase_A
t=00360 beta replay carrier replay_phase_A
t=00361 beta replay carrier replay_phase_A
t=00362 beta replay carrier replay_phase_A
t=00363 beta replay carrier replay_phase_A
t=00364 beta replay carrier replay_phase_A
t=00365 beta replay carrier replay_phase_A
t=00366 beta replay carrier replay_phase_A
t=00367 beta replay carrier replay_phase_A
t=00368 beta replay carrier replay_phase_A
t=00369 beta replay carrier replay_phase_A
t=00370 beta replay carrier replay_phase_A
t=00371 beta replay carrier replay_phase_A
t=00372 beta replay carrier replay_phase_A
t=00373 beta replay carrier replay_phase_A
t=00374 beta replay carrier replay_phase_A
t=00375 beta replay carrier replay_phase_A
t=00376 beta replay carrier replay_phase_A
t=00377 beta replay carrier replay_phase_A
t=00378 beta replay carrier replay_phase_A
t=00379 beta replay carrier replay_phase_A
t=00380 beta replay carrier replay_phase_A
t=00381 beta replay carrier replay_phase_A
t=00382 beta replay carrier replay_phase_A
t=00383 beta replay carrier replay_phase_A
t=00384 beta replay carrier replay_phase_A
t=00385 beta replay carrier replay_phase_A
t=00386 beta replay carrier replay_phase_A
t=00387 beta replay carrier replay_phase_A
t=00388 beta replay carrier replay_phase_A
t=00389 beta replay carrier replay_phase_A
t=00390 beta replay carrier replay_phase_A
t=00391 beta replay carrier replay_phase_A
t=00392 beta replay carrier replay_phase_A
t=00393 beta replay carrier replay_phase_A
t=00394 beta replay carrier replay_phase_A
t=00395 beta replay carrier replay_phase_A
t=00396 beta replay carrier replay_phase_A
t=00397 beta replay carrier replay_phase_A
t=00398 beta replay carrier replay_phase_A
t=00399 beta replay carrier replay_phase_A
t=00400 gamma replay carrier replay_phase_A
t=00401 gamma replay carrier replay_phase_A
t=00402 gamma replay carrier replay_phase_A
t=00403 gamma replay carrier replay_phase_A
t=00404 gamma replay carrier replay_phase_A
t=00405 gamma replay carrier replay_phase_A
t=00406 gamma replay carrier replay_phase_A
t=00407 gamma replay carrier replay_phase_A
t=00408 gamma replay carrier replay_phase_A
t=00409 gamma replay carrier replay_phase_A
t=00410 gamma replay carrier replay_phase_A
t=00411 gamma replay carrier replay_phase_A
t=00412 gamma replay carrier replay_phase_A
t=00413 gamma replay carrier replay_phase_A
t=00414 gamma replay carrier replay_phase_A
t=00415 gamma replay carrier replay_phase_A
t=00416 gamma replay carrier replay_phase_A
t=00417 gamma replay carrier replay_phase_A
t=00418 gamma replay carrier replay_phase_A
t=00419 gamma replay carrier replay_phase_A
t=00420 gamma replay carrier replay_phase_A
t=00421 gamma replay carrier replay_phase_A
t=00422 gamma replay carrier replay_phase_A
t=00423 gamma replay carrier replay_phase_A
t=00424 gamma replay carrier replay_phase_A
t=00425 gamma replay carrier replay_phase_A
t=00426 gamma replay carrier replay_phase_A
t=00427 gamma replay carrier replay_phase_A
t=00428 gamma replay carrier replay_phase_A
t=00429 gamma replay carrier replay_phase_A
t=00430 gamma replay carrier replay_phase_A
t=00431 gamma replay carrier replay_phase_A
t=00432 gamma replay carrier replay_phase_A
t=00433 gamma replay carrier replay_phase_A
t=00434 gamma replay carrier replay_phase_A
t=00435 gamma replay carrier replay_phase_A
t=00436 gamma replay carrier replay_phase_A
t=00437 gamma replay carrier replay_phase_A
t=00438 gamma replay carrier replay_phase_A
t=00439 gamma replay carrier replay_phase_A
t=00440 delta replay carrier replay_phase_A
t=00441 delta replay carrier replay_phase_A
t=00442 delta replay carrier replay_phase_A
t=00443 delta replay carrier replay_phase_A
t=00444 delta replay carrier replay_phase_A
t=00445 delta replay carrier replay_phase_A
t=00446 delta replay carrier replay_phase_A
t=00447 delta replay carrier replay_phase_A
t=00448 delta replay carrier replay_phase_A
t=00449 delta replay carrier replay_phase_A
t=00450 delta replay carrier replay_phase_A
t=00451 delta replay carrier replay_phase_A
t=00452 delta replay carrier replay_phase_A
t=00453 delta replay carrier replay_phase_A
t=00454 delta replay carrier replay_phase_A
t=00455 delta replay carrier replay_phase_A
t=00456 delta replay carrier replay_phase_A
t=00457 delta replay carrier replay_phase_A
t=00458 delta replay carrier replay_phase_A
t=00459 delta replay carrier replay_phase_A
t=00460 delta replay carrier replay_phase_A
t=00461 delta replay carrier replay_phase_A
t=00462 delta replay carrier replay_phase_A
t=00463 delta replay carrier replay_phase_A
t=00464 delta replay carrier replay_phase_A
t=00465 delta replay carrier replay_phase_A
t=00466 delta replay carrier replay_phase_A
t=00467 delta replay carrier replay_phase_A
t=00468 delta replay carrier replay_phase_A
t=00469 delta replay carrier replay_phase_A
t=00470 delta replay carrier replay_phase_A
t=00471 delta replay carrier replay_phase_A
t=00472 delta replay carrier replay_phase_A
t=00473 delta replay carrier replay_phase_A
t=00474 delta replay carrier replay_phase_A
t=00475 delta replay carrier replay_phase_A
t=00476 delta replay carrier replay_phase_A
t=00477 delta replay carrier replay_phase_A
t=00478 delta replay carrier replay_phase_A
t=00479 delta replay carrier replay_phase_A
t=00480 alpha replay carrier replay_phase_A
t=00481 alpha replay carrier replay_phase_A
t=00482 alpha replay carrier replay_phase_A
t=00483 alpha replay carrier replay_phase_A
t=00484 alpha replay carrier replay_phase_A
t=00485 alpha replay carrier replay_phase_A
t=00486 alpha replay carrier replay_phase_A
t=00487 alpha replay carrier replay_phase_A
t=00488 alpha replay carrier replay_phase_A
t=00489 alpha replay carrier replay_phase_A
t=00490 alpha replay carrier replay_phase_A
t=00491 alpha replay carrier replay_phase_A
t=00492 alpha replay carrier replay_phase_A
t=00493 alpha replay carrier replay_phase_A
t=00494 alpha replay carrier replay_phase_A
t=00495 alpha replay carrier replay_phase_A
t=00496 alpha replay carrier replay_phase_A
t=00497 alpha replay carrier replay_phase_A
t=00498 alpha replay carrier replay_phase_A
t=00499 alpha replay carrier replay_phase_A
t=00500 alpha replay carrier replay_phase_A
t=00501 alpha replay carrier replay_phase_A
t=00502 alpha replay carrier replay_phase_A
t=00503 alpha replay carrier replay_phase_A
t=00504 alpha replay carrier replay_phase_A
t=00505 alpha replay carrier replay_phase_A
t=00506 alpha replay carrier replay_phase_A
t=00507 alpha replay carrier replay_phase_A
t=00508 alpha replay carrier replay_phase_A
t=00509 alpha replay carrier replay_phase_A
t=00510 alpha replay carrier replay_phase_A
t=00511 alpha replay carrier replay_phase_A
t=00512 alpha replay carrier replay_phase_A
t=00513 alpha replay carrier replay_phase_A
t=00514 alpha replay carrier replay_phase_A
t=00515 alpha replay carrier replay_phase_A
t=00516 alpha replay carrier replay_phase_A
t=00517 alpha replay carrier replay_phase_A
t=00518 alpha replay carrier replay_phase_A
t=00519 alpha replay carrier replay_phase_A
t=00520 beta replay carrier replay_phase_A
t=00521 beta replay carrier replay_phase_A
t=00522 beta replay carrier replay_phase_A
t=00523 beta replay carrier replay_phase_A
t=00524 beta replay carrier replay_phase_A
t=00525 beta replay carrier replay_phase_A
t=00526 beta replay carrier replay_phase_A
t=00527 beta replay carrier replay_phase_A
t=00528 beta replay carrier replay_phase_A
t=00529 beta replay carrier replay_phase_A
t=00530 beta replay carrier replay_phase_A
t=00531 beta replay carrier replay_phase_A
t=00532 beta replay carrier replay_phase_A
t=00533 beta replay carrier replay_phase_A
t=00534 beta replay carrier replay_phase_A
t=00535 beta replay carrier replay_phase_A
t=00536 beta replay carrier replay_phase_A
t=00537 beta replay carrier replay_phase_A
t=00538 beta replay carrier replay_phase_A
t=00539 beta replay carrier replay_phase_A
t=00540 beta replay carrier replay_phase_A
t=00541 beta replay carrier replay_phase_A
t=00542 beta replay carrier replay_phase_A
t=00543 beta replay carrier replay_phase_A
t=00544 beta replay carrier replay_phase_A
t=00545 beta replay carrier replay_phase_A
t=00546 beta replay carrier replay_phase_A
t=00547 beta replay carrier replay_phase_A
t=00548 beta replay carrier replay_phase_A
t=00549 beta replay carrier replay_phase_A
t=00550 beta replay carrier replay_phase_A
t=00551 beta replay carrier replay_phase_A
t=00552 beta replay carrier replay_phase_A
t=00553 beta replay carrier replay_phase_A
t=00554 beta replay carrier replay_phase_A
t=00555 beta replay carrier replay_phase_A
t=00556 beta replay carrier replay_phase_A
t=00557 beta replay carrier replay_phase_A
t=00558 beta replay carrier replay_phase_A
t=00559 beta replay carrier replay_phase_A
t=00560 gamma replay carrier replay_phase_A
t=00561 gamma replay carrier replay_phase_A
t=00562 gamma replay carrier replay_phase_A
t=00563 gamma replay carrier replay_phase_A
t=00564 gamma replay carrier replay_phase_A
t=00565 gamma replay carrier replay_phase_A
t=00566 gamma replay carrier replay_phase_A
t=00567 gamma replay carrier replay_phase_A
t=00568 gamma replay carrier replay_phase_A
t=00569 gamma replay carrier replay_phase_A
t=00570 gamma replay carrier replay_phase_A
t=00571 gamma replay carrier replay_phase_A
t=00572 gamma replay carrier replay_phase_A
t=00573 gamma replay carrier replay_phase_A
t=00574 gamma replay carrier replay_phase_A
t=00575 gamma replay carrier replay_phase_A
t=00576 gamma replay carrier replay_phase_A
t=00577 gamma replay carrier replay_phase_A
t=00578 gamma replay carrier replay_phase_A
t=00579 gamma replay carrier replay_phase_A
t=00580 gamma replay carrier replay_phase_A
t=00581 gamma replay carrier replay_phase_A
t=00582 gamma replay carrier replay_phase_A
t=00583 gamma replay carrier replay_phase_A
t=00584 gamma replay carrier replay_phase_A
t=00585 gamma replay carrier replay_phase_A
t=00586 gamma replay carrier replay_phase_A
t=00587 gamma replay carrier replay_phase_A
t=00588 gamma replay carrier replay_phase_A
t=00589 gamma replay carrier replay_phase_A
t=00590 gamma replay carrier replay_phase_A
t=00591 gamma replay carrier replay_phase_A
t=00592 gamma replay carrier replay_phase_A
t=00593 gamma replay carrier replay_phase_A
t=00594 gamma replay carrier replay_phase_A
t=00595 gamma replay carrier replay_phase_A
t=00596 gamma replay carrier replay_phase_A
t=00597 gamma replay carrier replay_phase_A
t=00598 gamma replay carrier replay_phase_A
t=00599 gamma replay carrier replay_phase_A
t=00600 delta replay carrier replay_phase_A
t=00601 delta replay carrier replay_phase_A
t=00602 delta replay carrier replay_phase_A
t=00603 delta replay carrier replay_phase_A
t=00604 delta replay carrier replay_phase_A
t=00605 delta replay carrier replay_phase_A
t=00606 delta replay carrier replay_phase_A
t=00607 delta replay carrier replay_phase_A
t=00608 delta replay carrier replay_phase_A
t=00609 delta replay carrier replay_phase_A
t=00610 delta replay carrier replay_phase_A
t=00611 delta replay carrier replay_phase_A
t=00612 delta replay carrier replay_phase_A
t=00613 delta replay carrier replay_phase_A
t=00614 delta replay carrier replay_phase_A
t=00615 delta replay carrier replay_phase_A
t=00616 delta replay carrier replay_phase_A
t=00617 delta replay carrier replay_phase_A
t=00618 delta replay carrier replay_phase_A
t=00619 delta replay carrier replay_phase_A
t=00620 delta replay carrier replay_phase_A
t=00621 delta replay carrier replay_phase_A
t=00622 delta replay carrier replay_phase_A
t=00623 delta replay carrier replay_phase_A
t=00624 delta replay carrier replay_phase_A
t=00625 delta replay carrier replay_phase_A
t=00626 delta replay carrier replay_phase_A
t=00627 delta replay carrier replay_phase_A
t=00628 delta replay carrier replay_phase_A
t=00629 delta replay carrier replay_phase_A
t=00630 delta replay carrier replay_phase_A
t=00631 delta replay carrier replay_phase_A
t=00632 delta replay carrier replay_phase_A
t=00633 delta replay carrier replay_phase_A
t=00634 delta replay carrier replay_phase_A
t=00635 delta replay carrier replay_phase_A
t=00636 delta replay carrier replay_phase_A
t=00637 delta replay carrier replay_phase_A
t=00638 delta replay carrier replay_phase_A
t=00639 delta replay carrier replay_phase_A
t=00640 alpha replay carrier replay_phase_A
t=00641 alpha replay carrier replay_phase_A
t=00642 alpha replay carrier replay_phase_A
t=00643 alpha replay carrier replay_phase_A
t=00644 alpha replay carrier replay_phase_A
t=00645 alpha replay carrier replay_phase_A
t=00646 alpha replay carrier replay_phase_A
t=00647 alpha replay carrier replay_phase_A
t=00648 alpha replay carrier replay_phase_A
t=00649 alpha replay carrier replay_phase_A
t=00650 alpha replay carrier replay_phase_A
t=00651 alpha replay carrier replay_phase_A
t=00652 alpha replay carrier replay_phase_A
t=00653 alpha replay carrier replay_phase_A
t=00654 alpha replay carrier replay_phase_A
t=00655 alpha replay carrier replay_phase_A
t=00656 alpha replay carrier replay_phase_A
t=00657 alpha replay carrier replay_phase_A
t=00658 alpha replay carrier replay_phase_A
t=00659 alpha replay carrier replay_phase_A
t=00660 alpha replay carrier replay_phase_A
t=00661 alpha replay carrier replay_phase_A
t=00662 alpha replay carrier replay_phase_A
t=00663 alpha replay carrier replay_phase_A
t=00664 alpha replay carrier replay_phase_A
t=00665 alpha replay carrier replay_phase_A
t=00666 alpha replay carrier replay_phase_A
t=00667 alpha replay carrier replay_phase_A
t=00668 alpha replay carrier replay_phase_A
t=00669 alpha replay carrier replay_phase_A
t=00670 alpha replay carrier replay_phase_A
t=00671 alpha replay carrier replay_phase_A
t=00672 alpha replay carrier replay_phase_A
t=00673 alpha replay carrier replay_phase_A
t=00674 alpha replay carrier replay_phase_A
t=00675 alpha replay carrier replay_phase_A
t=00676 alpha replay carrier replay_phase_A
t=00677 alpha replay carrier replay_phase_A
t=00678 alpha replay carrier replay_phase_A
t=00679 alpha replay carrier replay_phase_A
t=00680 beta replay carrier replay_phase_A
t=00681 beta replay carrier replay_phase_A
t=00682 beta replay carrier replay_phase_A
t=00683 beta replay carrier replay_phase_A
t=00684 beta replay carrier replay_phase_A
t=00685 beta replay carrier replay_phase_A
t=00686 beta replay carrier replay_phase_A
t=00687 beta replay carrier replay_phase_A
t=00688 beta replay carrier replay_phase_A
t=00689 beta replay carrier replay_phase_A
t=00690 beta replay carrier replay_phase_A
t=00691 beta replay carrier replay_phase_A
t=00692 beta replay carrier replay_phase_A
t=00693 beta replay carrier replay_phase_A
t=00694 beta replay carrier replay_phase_A
t=00695 beta replay carrier replay_phase_A
t=00696 beta replay carrier replay_phase_A
t=00697 beta replay carrier replay_phase_A
t=00698 beta replay carrier replay_phase_A
t=00699 beta replay carrier replay_phase_A
t=00700 beta replay carrier replay_phase_A
t=00701 beta replay carrier replay_phase_A
t=00702 beta replay carrier replay_phase_A
t=00703 beta replay carrier replay_phase_A
t=00704 beta replay carrier replay_phase_A
t=00705 beta replay carrier replay_phase_A
t=00706 beta replay carrier replay_phase_A
t=00707 beta replay carrier replay_phase_A
t=00708 beta replay carrier replay_phase_A
t=00709 beta replay carrier replay_phase_A
t=00710 beta replay carrier replay_phase_A
t=00711 beta replay carrier replay_phase_A
t=00712 beta replay carrier replay_phase_A
t=00713 beta replay carrier replay_phase_A
t=00714 beta replay carrier replay_phase_A
t=00715 beta replay carrier replay_phase_A
t=00716 beta replay carrier replay_phase_A
t=00717 beta replay carrier replay_phase_A
t=00718 beta replay carrier replay_phase_A
t=00719 beta replay carrier replay_phase_A
t=00720 gamma replay carrier replay_phase_A
t=00721 gamma replay carrier replay_phase_A
t=00722 gamma replay carrier replay_phase_A
t=00723 gamma replay carrier replay_phase_A
t=00724 gamma replay carrier replay_phase_A
t=00725 gamma replay carrier replay_phase_A
t=00726 gamma replay carrier replay_phase_A
t=00727 gamma replay carrier replay_phase_A
t=00728 gamma replay carrier replay_phase_A
t=00729 gamma replay carrier replay_phase_A
t=00730 gamma replay carrier replay_phase_A
t=00731 gamma replay carrier replay_phase_A
t=00732 gamma replay carrier replay_phase_A
t=00733 gamma replay carrier replay_phase_A
t=00734 gamma replay carrier replay_phase_A
t=00735 gamma replay carrier replay_phase_A
t=00736 gamma replay carrier replay_phase_A
t=00737 gamma replay carrier replay_phase_A
t=00738 gamma replay carrier replay_phase_A
t=00739 gamma replay carrier replay_phase_A
t=00740 gamma replay carrier replay_phase_A
t=00741 gamma replay carrier replay_phase_A
t=00742 gamma replay carrier replay_phase_A
t=00743 gamma replay carrier replay_phase_A
t=00744 gamma replay carrier replay_phase_A
t=00745 gamma replay carrier replay_phase_A
t=00746 gamma replay carrier replay_phase_A
t=00747 gamma replay carrier replay_phase_A
t=00748 gamma replay carrier replay_phase_A
t=00749 gamma replay carrier replay_phase_A
t=00750 gamma replay carrier replay_phase_A
t=00751 gamma replay carrier replay_phase_A
t=00752 gamma replay carrier replay_phase_A
t=00753 gamma replay carrier replay_phase_A
t=00754 gamma replay carrier replay_phase_A
t=00755 gamma replay carrier replay_phase_A
t=00756 gamma replay carrier replay_phase_A
t=00757 gamma replay carrier replay_phase_A
t=00758 gamma replay carrier replay_phase_A
t=00759 gamma replay carrier replay_phase_A
t=00760 delta replay carrier replay_phase_A
t=00761 delta replay carrier replay_phase_A
t=00762 delta replay carrier replay_phase_A
t=00763 delta replay carrier replay_phase_A
t=00764 delta replay carrier replay_phase_A
t=00765 delta replay carrier replay_phase_A
t=00766 delta replay carrier replay_phase_A
t=00767 delta replay carrier replay_phase_A
t=00768 delta replay carrier replay_phase_A
t=00769 delta replay carrier replay_phase_A
t=00770 delta replay carrier replay_phase_A
t=00771 delta replay carrier replay_phase_A
t=00772 delta replay carrier replay_phase_A
t=00773 delta replay carrier replay_phase_A
t=00774 delta replay carrier replay_phase_A
t=00775 delta replay carrier replay_phase_A
t=00776 delta replay carrier replay_phase_A
t=00777 delta replay carrier replay_phase_A
t=00778 delta replay carrier replay_phase_A
t=00779 delta replay carrier replay_phase_A
t=00780 delta replay carrier replay_phase_A
t=00781 delta replay carrier replay_phase_A
t=00782 delta replay carrier replay_phase_A
t=00783 delta replay carrier replay_phase_A
t=00784 delta replay carrier replay_phase_A
t=00785 delta replay carrier replay_phase_A
t=00786 delta replay carrier replay_phase_A
t=00787 delta replay carrier replay_phase_A
t=00788 delta replay carrier replay_phase_A
t=00789 delta replay carrier replay_phase_A
t=00790 delta replay carrier replay_phase_A
t=00791 delta replay carrier replay_phase_A
t=00792 delta replay carrier replay_phase_A
t=00793 delta replay carrier replay_phase_A
t=00794 delta replay carrier replay_phase_A
t=00795 delta replay carrier replay_phase_A
t=00796 delta replay carrier replay_phase_A
t=00797 delta replay carrier replay_phase_A
t=00798 delta replay carrier replay_phase_A
t=00799 delta replay carrier replay_phase_A
t=00800 alpha replay carrier replay_phase_A
t=00801 alpha replay carrier replay_phase_A
t=00802 alpha replay carrier replay_phase_A
t=00803 alpha replay carrier replay_phase_A
t=00804 alpha replay carrier replay_phase_A
t=00805 alpha replay carrier replay_phase_A
t=00806 alpha replay carrier replay_phase_A
t=00807 alpha replay carrier replay_phase_A
t=00808 alpha replay carrier replay_phase_A
t=00809 alpha replay carrier replay_phase_A
t=00810 alpha replay carrier replay_phase_A
t=00811 alpha replay carrier replay_phase_A
t=00812 alpha replay carrier replay_phase_A
t=00813 alpha replay carrier replay_phase_A
t=00814 alpha replay carrier replay_phase_A
t=00815 alpha replay carrier replay_phase_A
t=00816 alpha replay carrier replay_phase_A
t=00817 alpha replay carrier replay_phase_A
t=00818 alpha replay carrier replay_phase_A
t=00819 alpha replay carrier replay_phase_A
t=00820 alpha replay carrier replay_phase_A
t=00821 alpha replay carrier replay_phase_A
t=00822 alpha replay carrier replay_phase_A
t=00823 alpha replay carrier replay_phase_A
t=00824 alpha replay carrier replay_phase_A
t=00825 alpha replay carrier replay_phase_A
t=00826 alpha replay carrier replay_phase_A
t=00827 alpha replay carrier replay_phase_A
t=00828 alpha replay carrier replay_phase_A
t=00829 alpha replay carrier replay_phase_A
t=00830 alpha replay carrier replay_phase_A
t=00831 alpha replay carrier replay_phase_A
t=00832 alpha replay carrier replay_phase_A
t=00833 alpha replay carrier replay_phase_A
t=00834 alpha replay carrier replay_phase_A
t=00835 alpha replay carrier replay_phase_A
t=00836 alpha replay carrier replay_phase_A
t=00837 alpha replay carrier replay_phase_A
t=00838 alpha replay carrier replay_phase_A
t=00839 alpha replay carrier replay_phase_A
t=00840 beta replay carrier replay_phase_A
t=00841 beta replay carrier replay_phase_A
t=00842 beta replay carrier replay_phase_A
t=00843 beta replay carrier replay_phase_A
t=00844 beta replay carrier replay_phase_A
t=00845 beta replay carrier replay_phase_A
t=00846 beta replay carrier replay_phase_A
t=00847 beta replay carrier replay_phase_A
t=00848 beta replay carrier replay_phase_A
t=00849 beta replay carrier replay_phase_A
t=00850 beta replay carrier replay_phase_A
t=00851 beta replay carrier replay_phase_A
t=00852 beta replay carrier replay_phase_A
t=00853 beta replay carrier replay_phase_A
t=00854 beta replay carrier replay_phase_A
t=00855 beta replay carrier replay_phase_A
t=00856 beta replay carrier replay_phase_A
t=00857 beta replay carrier replay_phase_A
t=00858 beta replay carrier replay_phase_A
t=00859 beta replay carrier replay_phase_A
t=00860 beta replay carrier replay_phase_A
t=00861 beta replay carrier replay_phase_A
t=00862 beta replay carrier replay_phase_A
t=00863 beta replay carrier replay_phase_A
t=00864 beta replay carrier replay_phase_A
t=00865 beta replay carrier replay_phase_A
t=00866 beta replay carrier replay_phase_A
t=00867 beta replay carrier replay_phase_A
t=00868 beta replay carrier replay_phase_A
t=00869 beta replay carrier replay_phase_A
t=00870 beta replay carrier replay_phase_A
t=00871 beta replay carrier replay_phase_A
t=00872 beta replay carrier replay_phase_A
t=00873 beta replay carrier replay_phase_A
t=00874 beta replay carrier replay_phase_A
t=00875 beta replay carrier replay_phase_A
t=00876 beta replay carrier replay_phase_A
t=00877 beta replay carrier replay_phase_A
t=00878 beta replay carrier replay_phase_A
t=00879 beta replay carrier replay_phase_A
t=00880 gamma replay carrier replay_phase_A
t=00881 gamma replay carrier replay_phase_A
t=00882 gamma replay carrier replay_phase_A
t=00883 gamma replay carrier replay_phase_A
t=00884 gamma replay carrier replay_phase_A
t=00885 gamma replay carrier replay_phase_A
t=00886 gamma replay carrier replay_phase_A
t=00887 gamma replay carrier replay_phase_A
t=00888 gamma replay carrier replay_phase_A
t=00889 gamma replay carrier replay_phase_A
t=00890 gamma replay carrier replay_phase_A
t=00891 gamma replay carrier replay_phase_A
t=00892 gamma replay carrier replay_phase_A
t=00893 gamma replay carrier replay_phase_A
t=00894 gamma replay carrier replay_phase_A
t=00895 gamma replay carrier replay_phase_A
t=00896 gamma replay carrier replay_phase_A
t=00897 gamma replay carrier replay_phase_A
t=00898 gamma replay carrier replay_phase_A
t=00899 gamma replay carrier replay_phase_A
t=00900 gamma replay carrier replay_phase_A
t=00901 gamma replay carrier replay_phase_A
t=00902 gamma replay carrier replay_phase_A
t=00903 gamma replay carrier replay_phase_A
t=00904 gamma replay carrier replay_phase_A
t=00905 gamma replay carrier replay_phase_A
t=00906 gamma replay carrier replay_phase_A
t=00907 gamma replay carrier replay_phase_A
t=00908 gamma replay carrier replay_phase_A
t=00909 gamma replay carrier replay_phase_A
t=00910 gamma replay carrier replay_phase_A
t=00911 gamma replay carrier replay_phase_A
t=00912 gamma replay carrier replay_phase_A
t=00913 gamma replay carrier replay_phase_A
t=00914 gamma replay carrier replay_phase_A
t=00915 gamma replay carrier replay_phase_A
t=00916 gamma replay carrier replay_phase_A
t=00917 gamma replay carrier replay_phase_A
t=00918 gamma replay carrier replay_phase_A
t=00919 gamma replay carrier replay_phase_A
t=00920 delta replay carrier replay_phase_A
t=00921 delta replay carrier replay_phase_A
t=00922 delta replay carrier replay_phase_A
t=00923 delta replay carrier replay_phase_A
t=00924 delta replay carrier replay_phase_A
t=00925 delta replay carrier replay_phase_A
t=00926 delta replay carrier replay_phase_A
t=00927 delta replay carrier replay_phase_A
t=00928 delta replay carrier replay_phase_A
t=00929 delta replay carrier replay_phase_A
t=00930 delta replay carrier replay_phase_A
t=00931 delta replay carrier replay_phase_A
t=00932 delta replay carrier replay_phase_A
t=00933 delta replay carrier replay_phase_A
t=00934 delta replay carrier replay_phase_A
t=00935 delta replay carrier replay_phase_A
t=00936 delta replay carrier replay_phase_A
t=00937 delta replay carrier replay_phase_A
t=00938 delta replay carrier replay_phase_A
t=00939 delta replay carrier replay_phase_A
t=00940 delta replay carrier replay_phase_A
t=00941 delta replay carrier replay_phase_A
t=00942 delta replay carrier replay_phase_A
t=00943 delta replay carrier replay_phase_A
t=00944 delta replay carrier replay_phase_A
t=00945 delta replay carrier replay_phase_A
t=00946 delta replay carrier replay_phase_A
t=00947 delta replay carrier replay_phase_A
t=00948 delta replay carrier replay_phase_A
t=00949 delta replay carrier replay_phase_A
t=00950 delta replay carrier replay_phase_A
t=00951 delta replay carrier replay_phase_A
t=00952 delta replay carrier replay_phase_A
t=00953 delta replay carrier replay_phase_A
t=00954 delta replay carrier replay_phase_A
t=00955 delta replay carrier replay_phase_A
t=00956 delta replay carrier replay_phase_A
t=00957 delta replay carrier replay_phase_A
t=00958 delta replay carrier replay_phase_A
t=00959 delta replay carrier replay_phase_A
t=00960 alpha replay carrier replay_phase_A
t=00961 alpha replay carrier replay_phase_A
t=00962 alpha replay carrier replay_phase_A
t=00963 alpha replay carrier replay_phase_A
t=00964 alpha replay carrier replay_phase_A
t=00965 alpha replay carrier replay_phase_A
t=00966 alpha replay carrier replay_phase_A
t=00967 alpha replay carrier replay_phase_A
t=00968 alpha replay carrier replay_phase_A
t=00969 alpha replay carrier replay_phase_A
t=00970 alpha replay carrier replay_phase_A
t=00971 alpha replay carrier replay_phase_A
t=00972 alpha replay carrier replay_phase_A
t=00973 alpha replay carrier replay_phase_A
t=00974 alpha replay carrier replay_phase_A
t=00975 alpha replay carrier replay_phase_A
t=00976 alpha replay carrier replay_phase_A
t=00977 alpha replay carrier replay_phase_A
t=00978 alpha replay carrier replay_phase_A
t=00979 alpha replay carrier replay_phase_A
t=00980 alpha replay carrier replay_phase_A
t=00981 alpha replay carrier replay_phase_A
t=00982 alpha replay carrier replay_phase_A
t=00983 alpha replay carrier replay_phase_A
t=00984 alpha replay carrier replay_phase_A
t=00985 alpha replay carrier replay_phase_A
t=00986 alpha replay carrier replay_phase_A
t=00987 alpha replay carrier replay_phase_A
t=00988 alpha replay carrier replay_phase_A
t=00989 alpha replay carrier replay_phase_A
t=00990 alpha replay carrier replay_phase_A
t=00991 alpha replay carrier replay_phase_A
t=00992 alpha replay carrier replay_phase_A
t=00993 alpha replay carrier replay_phase_A
t=00994 alpha replay carrier replay_phase_A
t=00995 alpha replay carrier replay_phase_A
t=00996 alpha replay carrier replay_phase_A
t=00997 alpha replay carrier replay_phase_A
t=00998 alpha replay carrier replay_phase_A
t=00999 alpha replay carrier replay_phase_A
t=01000 beta replay carrier replay_phase_A
t=01001 beta replay carrier replay_phase_A
t=01002 beta replay carrier replay_phase_A
t=01003 beta replay carrier replay_phase_A
t=01004 beta replay carrier replay_phase_A
t=01005 beta replay carrier replay_phase_A
t=01006 beta replay carrier replay_phase_A
t=01007 beta replay carrier replay_phase_A
t=01008 beta replay carrier replay_phase_A
t=01009 beta replay carrier replay_phase_A
t=01010 beta replay carrier replay_phase_A
t=01011 beta replay carrier replay_phase_A
t=01012 beta replay carrier replay_phase_A
t=01013 beta replay carrier replay_phase_A
t=01014 beta replay carrier replay_phase_A
t=01015 beta replay carrier replay_phase_A
t=01016 beta replay carrier replay_phase_A
t=01017 beta replay carrier replay_phase_A
t=01018 beta replay carrier replay_phase_A
t=01019 beta replay carrier replay_phase_A
t=01020 beta replay carrier replay_phase_A
t=01021 beta replay carrier replay_phase_A
t=01022 beta replay carrier replay_phase_A
t=01023 beta replay carrier replay_phase_A
t=01024 beta replay carrier replay_phase_A
t=01025 beta replay carrier replay_phase_A
t=01026 beta replay carrier replay_phase_A
t=01027 beta replay carrier replay_phase_A
t=01028 beta replay carrier replay_phase_A
t=01029 beta replay carrier replay_phase_A
t=01030 beta replay carrier replay_phase_A
t=01031 beta replay carrier replay_phase_A
t=01032 beta replay carrier replay_phase_A
t=01033 beta replay carrier replay_phase_A
t=01034 beta replay carrier replay_phase_A
t=01035 beta replay carrier replay_phase_A
t=01036 beta replay carrier replay_phase_A
t=01037 beta replay carrier replay_phase_A
t=01038 beta replay carrier replay_phase_A
t=01039 beta replay carrier replay_phase_A
t=01040 gamma replay carrier replay_phase_A
t=01041 gamma replay carrier replay_phase_A
t=01042 gamma replay carrier replay_phase_A
t=01043 gamma replay carrier replay_phase_A
t=01044 gamma replay carrier replay_phase_A
t=01045 gamma replay carrier replay_phase_A
t=01046 gamma replay carrier replay_phase_A
t=01047 gamma replay carrier replay_phase_A
t=01048 gamma replay carrier replay_phase_A
t=01049 gamma replay carrier replay_phase_A
t=01050 gamma replay carrier replay_phase_A
t=01051 gamma replay carrier replay_phase_A
t=01052 gamma replay carrier replay_phase_A
t=01053 gamma replay carrier replay_phase_A
t=01054 gamma replay carrier replay_phase_A
t=01055 gamma replay carrier replay_phase_A
t=01056 gamma replay carrier replay_phase_A
t=01057 gamma replay carrier replay_phase_A
t=01058 gamma replay carrier replay_phase_A
t=01059 gamma replay carrier replay_phase_A
t=01060 gamma replay carrier replay_phase_A
t=01061 gamma replay carrier replay_phase_A
t=01062 gamma replay carrier replay_phase_A
t=01063 gamma replay carrier replay_phase_A
t=01064 gamma replay carrier replay_phase_A
t=01065 gamma replay carrier replay_phase_A
t=01066 gamma replay carrier replay_phase_A
t=01067 gamma replay carrier replay_phase_A
t=01068 gamma replay carrier replay_phase_A
t=01069 gamma replay carrier replay_phase_A
t=01070 gamma replay carrier replay_phase_A
t=01071 gamma replay carrier replay_phase_A
t=01072 gamma replay carrier replay_phase_A
t=01073 gamma replay carrier replay_phase_A
t=01074 gamma replay carrier replay_phase_A
t=01075 gamma replay carrier replay_phase_A
t=01076 gamma replay carrier replay_phase_A
t=01077 gamma replay carrier replay_phase_A
t=01078 gamma replay carrier replay_phase_A
t=01079 gamma replay carrier replay_phase_A
t=01080 delta replay carrier replay_phase_A
t=01081 delta replay carrier replay_phase_A
t=01082 delta replay carrier replay_phase_A
t=01083 delta replay carrier replay_phase_A
t=01084 delta replay carrier replay_phase_A
t=01085 delta replay carrier replay_phase_A
t=01086 delta replay carrier replay_phase_A
t=01087 delta replay carrier replay_phase_A
t=01088 delta replay carrier replay_phase_A
t=01089 delta replay carrier replay_phase_A
t=01090 delta replay carrier replay_phase_A
t=01091 delta replay carrier replay_phase_A
t=01092 delta replay carrier replay_phase_A
t=01093 delta replay carrier replay_phase_A
t=01094 delta replay carrier replay_phase_A
t=01095 delta replay carrier replay_phase_A
t=01096 delta replay carrier replay_phase_A
t=01097 delta replay carrier replay_phase_A
t=01098 delta replay carrier replay_phase_A
t=01099 delta replay carrier replay_phase_A
t=01100 delta replay carrier replay_phase_A
t=01101 delta replay carrier replay_phase_A
t=01102 delta replay carrier replay_phase_A
t=01103 delta replay carrier replay_phase_A
t=01104 delta replay carrier replay_phase_A
t=01105 delta replay carrier replay_phase_A
t=01106 delta replay carrier replay_phase_A
t=01107 delta replay carrier replay_phase_A
t=01108 delta replay carrier replay_phase_A
t=01109 delta replay carrier replay_phase_A
t=01110 delta replay carrier replay_phase_A
t=01111 delta replay carrier replay_phase_A
t=01112 delta replay carrier replay_phase_A
t=01113 delta replay carrier replay_phase_A
t=01114 delta replay carrier replay_phase_A
t=01115 delta replay carrier replay_phase_A
t=01116 delta replay carrier replay_phase_A
t=01117 delta replay carrier replay_phase_A
t=01118 delta replay carrier replay_phase_A
t=01119 delta replay carrier replay_phase_A
t=01120 alpha replay carrier replay_phase_A
t=01121 alpha replay carrier replay_phase_A
t=01122 alpha replay carrier replay_phase_A
t=01123 alpha replay carrier replay_phase_A
t=01124 alpha replay carrier replay_phase_A
t=01125 alpha replay carrier replay_phase_A
t=01126 alpha replay carrier replay_phase_A
t=01127 alpha replay carrier replay_phase_A
t=01128 alpha replay carrier replay_phase_A
t=01129 alpha replay carrier replay_phase_A
t=01130 alpha replay carrier replay_phase_A
t=01131 alpha replay carrier replay_phase_A
t=01132 alpha replay carrier replay_phase_A
t=01133 alpha replay carrier replay_phase_A
t=01134 alpha replay carrier replay_phase_A
t=01135 alpha replay carrier replay_phase_A
t=01136 alpha replay carrier replay_phase_A
t=01137 alpha replay carrier replay_phase_A
t=01138 alpha replay carrier replay_phase_A
t=01139 alpha replay carrier replay_phase_A
t=01140 alpha replay carrier replay_phase_A
t=01141 alpha replay carrier replay_phase_A
t=01142 alpha replay carrier replay_phase_A
t=01143 alpha replay carrier replay_phase_A
t=01144 alpha replay carrier replay_phase_A
t=01145 alpha replay carrier replay_phase_A
t=01146 alpha replay carrier replay_phase_A
t=01147 alpha replay carrier replay_phase_A
t=01148 alpha replay carrier replay_phase_A
t=01149 alpha replay carrier replay_phase_A
t=01150 alpha replay carrier replay_phase_A
t=01151 alpha replay carrier replay_phase_A
t=01152 alpha replay carrier replay_phase_A
t=01153 alpha replay carrier replay_phase_A
t=01154 alpha replay carrier replay_phase_A
t=01155 alpha replay carrier replay_phase_A
t=01156 alpha replay carrier replay_phase_A
t=01157 alpha replay carrier replay_phase_A
t=01158 alpha replay carrier replay_phase_A
t=01159 alpha replay carrier replay_phase_A
t=01160 beta replay carrier replay_phase_A
t=01161 beta replay carrier replay_phase_A
t=01162 beta replay carrier replay_phase_A
t=01163 beta replay carrier replay_phase_A
t=01164 beta replay carrier replay_phase_A
t=01165 beta replay carrier replay_phase_A
t=01166 beta replay carrier replay_phase_A
t=01167 beta replay carrier replay_phase_A
t=01168 beta replay carrier replay_phase_A
t=01169 beta replay carrier replay_phase_A
t=01170 beta replay carrier replay_phase_A
t=01171 beta replay carrier replay_phase_A
t=01172 beta replay carrier replay_phase_A
t=01173 beta replay carrier replay_phase_A
t=01174 beta replay carrier replay_phase_A
t=01175 beta replay carrier replay_phase_A
t=01176 beta replay carrier replay_phase_A
t=01177 beta replay carrier replay_phase_A
t=01178 beta replay carrier replay_phase_A
t=01179 beta replay carrier replay_phase_A
t=01180 beta replay carrier replay_phase_A
t=01181 beta replay carrier replay_phase_A
t=01182 beta replay carrier replay_phase_A
t=01183 beta replay carrier replay_phase_A
t=01184 beta replay carrier replay_phase_A
t=01185 beta replay carrier replay_phase_A
t=01186 beta replay carrier replay_phase_A
t=01187 beta replay carrier replay_phase_A
t=01188 beta replay carrier replay_phase_A
t=01189 beta replay carrier replay_phase_A
t=01190 beta replay carrier replay_phase_A
t=01191 beta replay carrier replay_phase_A
t=01192 beta replay carrier replay_phase_A
t=01193 beta replay carrier replay_phase_A
t=01194 beta replay carrier replay_phase_A
t=01195 beta replay carrier replay_phase_A
t=01196 beta replay carrier replay_phase_A
t=01197 beta replay carrier replay_phase_A
t=01198 beta replay carrier replay_phase_A
t=01199 beta replay carrier replay_phase_A
t=01200 gamma replay carrier replay_phase_A
t=01201 gamma replay carrier replay_phase_A
t=01202 gamma replay carrier replay_phase_A
t=01203 gamma replay carrier replay_phase_A
t=01204 gamma replay carrier replay_phase_A
t=01205 gamma replay carrier replay_phase_A
t=01206 gamma replay carrier replay_phase_A
t=01207 gamma replay carrier replay_phase_A
t=01208 gamma replay carrier replay_phase_A
t=01209 gamma replay carrier replay_phase_A
t=01210 gamma replay carrier replay_phase_A
t=01211 gamma replay carrier replay_phase_A
t=01212 gamma replay carrier replay_phase_A
t=01213 gamma replay carrier replay_phase_A
t=01214 gamma replay carrier replay_phase_A
t=01215 gamma replay carrier replay_phase_A
t=01216 gamma replay carrier replay_phase_A
t=01217 gamma replay carrier replay_phase_A
t=01218 gamma replay carrier replay_phase_A
t=01219 gamma replay carrier replay_phase_A
t=01220 gamma replay carrier replay_phase_A
t=01221 gamma replay carrier replay_phase_A
t=01222 gamma replay carrier replay_phase_A
t=01223 gamma replay carrier replay_phase_A
t=01224 gamma replay carrier replay_phase_A
t=01225 gamma replay carrier replay_phase_A
t=01226 gamma replay carrier replay_phase_A
t=01227 gamma replay carrier replay_phase_A
t=01228 gamma replay carrier replay_phase_A
t=01229 gamma replay carrier replay_phase_A
t=01230 gamma replay carrier replay_phase_A
t=01231 gamma replay carrier replay_phase_A
t=01232 gamma replay carrier replay_phase_A
t=01233 gamma replay carrier replay_phase_A
t=01234 gamma replay carrier replay_phase_A
t=01235 gamma replay carrier replay_phase_A
t=01236 gamma replay carrier replay_phase_A
t=01237 gamma replay carrier replay_phase_A
t=01238 gamma replay carrier replay_phase_A
t=01239 gamma replay carrier replay_phase_A
t=01240 delta replay carrier replay_phase_A
t=01241 delta replay carrier replay_phase_A
t=01242 delta replay carrier replay_phase_A
t=01243 delta replay carrier replay_phase_A
t=01244 delta replay carrier replay_phase_A
t=01245 delta replay carrier replay_phase_A
t=01246 delta replay carrier replay_phase_A
t=01247 delta replay carrier replay_phase_A
t=01248 delta replay carrier replay_phase_A
t=01249 delta replay carrier replay_phase_A
t=01250 delta replay carrier replay_phase_A
t=01251 delta replay carrier replay_phase_A
t=01252 delta replay carrier replay_phase_A
t=01253 delta replay carrier replay_phase_A
t=01254 delta replay carrier replay_phase_A
t=01255 delta replay carrier replay_phase_A
t=01256 delta replay carrier replay_phase_A
t=01257 delta replay carrier replay_phase_A
t=01258 delta replay carrier replay_phase_A
t=01259 delta replay carrier replay_phase_A
t=01260 delta replay carrier replay_phase_A
t=01261 delta replay carrier replay_phase_A
t=01262 delta replay carrier replay_phase_A
t=01263 delta replay carrier replay_phase_A
t=01264 delta replay carrier replay_phase_A
t=01265 delta replay carrier replay_phase_A
t=01266 delta replay carrier replay_phase_A
t=01267 delta replay carrier replay_phase_A
t=01268 delta replay carrier replay_phase_A
t=01269 delta replay carrier replay_phase_A
t=01270 delta replay carrier replay_phase_A
t=01271 delta replay carrier replay_phase_A
t=01272 delta replay carrier replay_phase_A
t=01273 delta replay carrier replay_phase_A
t=01274 delta replay carrier replay_phase_A
t=01275 delta replay carrier replay_phase_A
t=01276 delta replay carrier replay_phase_A
t=01277 delta replay carrier replay_phase_A
t=01278 delta replay carrier replay_phase_A
t=01279 delta replay carrier replay_phase_A
t=01280 alpha replay carrier replay_phase_A
t=01281 alpha replay carrier replay_phase_A
t=01282 alpha replay carrier replay_phase_A
t=01283 alpha replay carrier replay_phase_A
t=01284 alpha replay carrier replay_phase_A
t=01285 alpha replay carrier replay_phase_A
t=01286 alpha replay carrier replay_phase_A
t=01287 alpha replay carrier replay_phase_A
t=01288 alpha replay carrier replay_phase_A
t=01289 alpha replay carrier replay_phase_A
t=01290 alpha replay carrier replay_phase_A
t=01291 alpha replay carrier replay_phase_A
t=01292 alpha replay carrier replay_phase_A
t=01293 alpha replay carrier replay_phase_A
t=01294 alpha replay carrier replay_phase_A
t=01295 alpha replay carrier replay_phase_A
t=01296 alpha replay carrier replay_phase_A
t=01297 alpha replay carrier replay_phase_A
t=01298 alpha replay carrier replay_phase_A
t=01299 alpha replay carrier replay_phase_A
t=01300 alpha replay carrier replay_phase_A
t=01301 alpha replay carrier replay_phase_A
t=01302 alpha replay carrier replay_phase_A
t=01303 alpha replay carrier replay_phase_A
t=01304 alpha replay carrier replay_phase_A
t=01305 alpha replay carrier replay_phase_A
t=01306 alpha replay carrier replay_phase_A
t=01307 alpha replay carrier replay_phase_A
t=01308 alpha replay carrier replay_phase_A
t=01309 alpha replay carrier replay_phase_A
t=01310 alpha replay carrier replay_phase_A
t=01311 alpha replay carrier replay_phase_A
t=01312 alpha replay carrier replay_phase_A
t=01313 alpha replay carrier replay_phase_A
t=01314 alpha replay carrier replay_phase_A
t=01315 alpha replay carrier replay_phase_A
t=01316 alpha replay carrier replay_phase_A
t=01317 alpha replay carrier replay_phase_A
t=01318 alpha replay carrier replay_phase_A
t=01319 alpha replay carrier replay_phase_A
t=01320 beta replay carrier replay_phase_A
t=01321 beta replay carrier replay_phase_A
t=01322 beta replay carrier replay_phase_A
t=01323 beta replay carrier replay_phase_A
t=01324 beta replay carrier replay_phase_A
t=01325 beta replay carrier replay_phase_A
t=01326 beta replay carrier replay_phase_A
t=01327 beta replay carrier replay_phase_A
t=01328 beta replay carrier replay_phase_A
t=01329 beta replay carrier replay_phase_A
t=01330 beta replay carrier replay_phase_A
t=01331 beta replay carrier replay_phase_A
t=01332 beta replay carrier replay_phase_A
t=01333 beta replay carrier replay_phase_A
t=01334 beta replay carrier replay_phase_A
t=01335 beta replay carrier replay_phase_A
t=01336 beta replay carrier replay_phase_A
t=01337 beta replay carrier replay_phase_A
t=01338 beta replay carrier replay_phase_A
t=01339 beta replay carrier replay_phase_A
t=01340 beta replay carrier replay_phase_A
t=01341 beta replay carrier replay_phase_A
t=01342 beta replay carrier replay_phase_A
t=01343 beta replay carrier replay_phase_A
t=01344 beta replay carrier replay_phase_A
t=01345 beta replay carrier replay_phase_A
t=01346 beta replay carrier replay_phase_A
t=01347 beta replay carrier replay_phase_A
t=01348 beta replay carrier replay_phase_A
t=01349 beta replay carrier replay_phase_A
t=01350 beta replay carrier replay_phase_A
t=01351 beta replay carrier replay_phase_A
t=01352 beta replay carrier replay_phase_A
t=01353 beta replay carrier replay_phase_A
t=01354 beta replay carrier replay_phase_A
t=01355 beta replay carrier replay_phase_A
t=01356 beta replay carrier replay_phase_A
t=01357 beta replay carrier replay_phase_A
t=01358 beta replay carrier replay_phase_A
t=01359 beta replay carrier replay_phase_A
t=01360 gamma replay carrier replay_phase_A
t=01361 gamma replay carrier replay_phase_A
t=01362 gamma replay carrier replay_phase_A
t=01363 gamma replay carrier replay_phase_A
t=01364 gamma replay carrier replay_phase_A
t=01365 gamma replay carrier replay_phase_A
t=01366 gamma replay carrier replay_phase_A
t=01367 gamma replay carrier replay_phase_A
t=01368 gamma replay carrier replay_phase_A
t=01369 gamma replay carrier replay_phase_A
t=01370 gamma replay carrier replay_phase_A
t=01371 gamma replay carrier replay_phase_A
t=01372 gamma replay carrier replay_phase_A
t=01373 gamma replay carrier replay_phase_A
t=01374 gamma replay carrier replay_phase_A
t=01375 gamma replay carrier replay_phase_A
t=01376 gamma replay carrier replay_phase_A
t=01377 gamma replay carrier replay_phase_A
t=01378 gamma replay carrier replay_phase_A
t=01379 gamma replay carrier replay_phase_A
t=01380 gamma replay carrier replay_phase_A
t=01381 gamma replay carrier replay_phase_A
t=01382 gamma replay carrier replay_phase_A
t=01383 gamma replay carrier replay_phase_A
t=01384 gamma replay carrier replay_phase_A
t=01385 gamma replay carrier replay_phase_A
t=01386 gamma replay carrier replay_phase_A
t=01387 gamma replay carrier replay_phase_A
t=01388 gamma replay carrier replay_phase_A
t=01389 gamma replay carrier replay_phase_A
t=01390 gamma replay carrier replay_phase_A
t=01391 gamma replay carrier replay_phase_A
t=01392 gamma replay carrier replay_phase_A
t=01393 gamma replay carrier replay_phase_A
t=01394 gamma replay carrier replay_phase_A
t=01395 gamma replay carrier replay_phase_A
t=01396 gamma replay carrier replay_phase_A
t=01397 gamma replay carrier replay_phase_A
t=01398 gamma replay carrier replay_phase_A
t=01399 gamma replay carrier replay_phase_A
t=01400 delta replay carrier replay_phase_A
t=01401 delta replay carrier replay_phase_A
t=01402 delta replay carrier replay_phase_A
t=01403 delta replay carrier replay_phase_A
t=01404 delta replay carrier replay_phase_A
t=01405 delta replay carrier replay_phase_A
t=01406 delta replay carrier replay_phase_A
t=01407 delta replay carrier replay_phase_A
t=01408 delta replay carrier replay_phase_A
t=01409 delta replay carrier replay_phase_A
t=01410 delta replay carrier replay_phase_A
t=01411 delta replay carrier replay_phase_A
t=01412 delta replay carrier replay_phase_A
t=01413 delta replay carrier replay_phase_A
t=01414 delta replay carrier replay_phase_A
t=01415 delta replay carrier replay_phase_A
t=01416 delta replay carrier replay_phase_A
t=01417 delta replay carrier replay_phase_A
t=01418 delta replay carrier replay_phase_A
t=01419 delta replay carrier replay_phase_A
t=01420 delta replay carrier replay_phase_A
t=01421 delta replay carrier replay_phase_A
t=01422 delta replay carrier replay_phase_A
t=01423 delta replay carrier replay_phase_A
t=01424 delta replay carrier replay_phase_A
t=01425 delta replay carrier replay_phase_A
t=01426 delta replay carrier replay_phase_A
t=01427 delta replay carrier replay_phase_A
t=01428 delta replay carrier replay_phase_A
t=01429 delta replay carrier replay_phase_A
t=01430 delta replay carrier replay_phase_A
t=01431 delta replay carrier replay_phase_A
t=01432 delta replay carrier replay_phase_A
t=01433 delta replay carrier replay_phase_A
t=01434 delta replay carrier replay_phase_A
t=01435 delta replay carrier replay_phase_A
t=01436 delta replay carrier replay_phase_A
t=01437 delta replay carrier replay_phase_A
t=01438 delta replay carrier replay_phase_A
t=01439 delta replay carrier replay_phase_A
t=01440 alpha replay carrier replay_phase_A
t=01441 alpha replay carrier replay_phase_A
t=01442 alpha replay carrier replay_phase_A
t=01443 alpha replay carrier replay_phase_A
t=01444 alpha replay carrier replay_phase_A
t=01445 alpha replay carrier replay_phase_A
t=01446 alpha replay carrier replay_phase_A
t=01447 alpha replay carrier replay_phase_A
t=01448 alpha replay carrier replay_phase_A
t=01449 alpha replay carrier replay_phase_A
t=01450 alpha replay carrier replay_phase_A
t=01451 alpha replay carrier replay_phase_A
t=01452 alpha replay carrier replay_phase_A
t=01453 alpha replay carrier replay_phase_A
t=01454 alpha replay carrier replay_phase_A
t=01455 alpha replay carrier replay_phase_A
t=01456 alpha replay carrier replay_phase_A
t=01457 alpha replay carrier replay_phase_A
t=01458 alpha replay carrier replay_phase_A
t=01459 alpha replay carrier replay_phase_A
t=01460 alpha replay carrier replay_phase_A
t=01461 alpha replay carrier replay_phase_A
t=01462 alpha replay carrier replay_phase_A
t=01463 alpha replay carrier replay_phase_A
t=01464 alpha replay carrier replay_phase_A
t=01465 alpha replay carrier replay_phase_A
t=01466 alpha replay carrier replay_phase_A
t=01467 alpha replay carrier replay_phase_A
t=01468 alpha replay carrier replay_phase_A
t=01469 alpha replay carrier replay_phase_A
t=01470 alpha replay carrier replay_phase_A
t=01471 alpha replay carrier replay_phase_A
t=01472 alpha replay carrier replay_phase_A
t=01473 alpha replay carrier replay_phase_A
t=01474 alpha replay carrier replay_phase_A
t=01475 alpha replay carrier replay_phase_A
t=01476 alpha replay carrier replay_phase_A
t=01477 alpha replay carrier replay_phase_A
t=01478 alpha replay carrier replay_phase_A
t=01479 alpha replay carrier replay_phase_A
t=01480 beta replay carrier replay_phase_A
t=01481 beta replay carrier replay_phase_A
t=01482 beta replay carrier replay_phase_A
t=01483 beta replay carrier replay_phase_A
t=01484 beta replay carrier replay_phase_A
t=01485 beta replay carrier replay_phase_A
t=01486 beta replay carrier replay_phase_A
t=01487 beta replay carrier replay_phase_A
t=01488 beta replay carrier replay_phase_A
t=01489 beta replay carrier replay_phase_A
t=01490 beta replay carrier replay_phase_A
t=01491 beta replay carrier replay_phase_A
t=01492 beta replay carrier replay_phase_A
t=01493 beta replay carrier replay_phase_A
t=01494 beta replay carrier replay_phase_A
t=01495 beta replay carrier replay_phase_A
t=01496 beta replay carrier replay_phase_A
t=01497 beta replay carrier replay_phase_A
t=01498 beta replay carrier replay_phase_A
t=01499 beta replay carrier replay_phase_A
t=01500 beta replay carrier replay_phase_A
t=01501 beta replay carrier replay_phase_A
t=01502 beta replay carrier replay_phase_A
t=01503 beta replay carrier replay_phase_A
t=01504 beta replay carrier replay_phase_A
t=01505 beta replay carrier replay_phase_A
t=01506 beta replay carrier replay_phase_A
t=01507 beta replay carrier replay_phase_A
t=01508 beta replay carrier replay_phase_A
t=01509 beta replay carrier replay_phase_A
t=01510 beta replay carrier replay_phase_A
t=01511 beta replay carrier replay_phase_A
t=01512 beta replay carrier replay_phase_A
t=01513 beta replay carrier replay_phase_A
t=01514 beta replay carrier replay_phase_A
t=01515 beta replay carrier replay_phase_A
t=01516 beta replay carrier replay_phase_A
t=01517 beta replay carrier replay_phase_A
t=01518 beta replay carrier replay_phase_A
t=01519 beta replay carrier replay_phase_A
t=01520 gamma replay carrier replay_phase_A
t=01521 gamma replay carrier replay_phase_A
t=01522 gamma replay carrier replay_phase_A
t=01523 gamma replay carrier replay_phase_A
t=01524 gamma replay carrier replay_phase_A
t=01525 gamma replay carrier replay_phase_A
t=01526 gamma replay carrier replay_phase_A
t=01527 gamma replay carrier replay_phase_A
t=01528 gamma replay carrier replay_phase_A
t=01529 gamma replay carrier replay_phase_A
t=01530 gamma replay carrier replay_phase_A
t=01531 gamma replay carrier replay_phase_A
t=01532 gamma replay carrier replay_phase_A
t=01533 gamma replay carrier replay_phase_A
t=01534 gamma replay carrier replay_phase_A
t=01535 gamma replay carrier replay_phase_A
t=01536 gamma replay carrier replay_phase_A
t=01537 gamma replay carrier replay_phase_A
t=01538 gamma replay carrier replay_phase_A
t=01539 gamma replay carrier replay_phase_A
t=01540 gamma replay carrier replay_phase_A
t=01541 gamma replay carrier replay_phase_A
t=01542 gamma replay carrier replay_phase_A
t=01543 gamma replay carrier replay_phase_A
t=01544 gamma replay carrier replay_phase_A
t=01545 gamma replay carrier replay_phase_A
t=01546 gamma replay carrier replay_phase_A
t=01547 gamma replay carrier replay_phase_A
t=01548 gamma replay carrier replay_phase_A
t=01549 gamma replay carrier replay_phase_A
t=01550 gamma replay carrier replay_phase_A
t=01551 gamma replay carrier replay_phase_A
t=01552 gamma replay carrier replay_phase_A
t=01553 gamma replay carrier replay_phase_A
t=01554 gamma replay carrier replay_phase_A
t=01555 gamma replay carrier replay_phase_A
t=01556 gamma replay carrier replay_phase_A
t=01557 gamma replay carrier replay_phase_A
t=01558 gamma replay carrier replay_phase_A
t=01559 gamma replay carrier replay_phase_A
t=01560 delta replay carrier replay_phase_A
t=01561 delta replay carrier replay_phase_A
t=01562 delta replay carrier replay_phase_A
t=01563 delta replay carrier replay_phase_A
t=01564 delta replay carrier replay_phase_A
t=01565 delta replay carrier replay_phase_A
t=01566 delta replay carrier replay_phase_A
t=01567 delta replay carrier replay_phase_A
t=01568 delta replay carrier replay_phase_A
t=01569 delta replay carrier replay_phase_A
t=01570 delta replay carrier replay_phase_A
t=01571 delta replay carrier replay_phase_A
t=01572 delta replay carrier replay_phase_A
t=01573 delta replay carrier replay_phase_A
t=01574 delta replay carrier replay_phase_A
t=01575 delta replay carrier replay_phase_A
t=01576 delta replay carrier replay_phase_A
t=01577 delta replay carrier replay_phase_A
t=01578 delta replay carrier replay_phase_A
t=01579 delta replay carrier replay_phase_A
t=01580 delta replay carrier replay_phase_A
t=01581 delta replay carrier replay_phase_A
t=01582 delta replay carrier replay_phase_A
t=01583 delta replay carrier replay_phase_A
t=01584 delta replay carrier replay_phase_A
t=01585 delta replay carrier replay_phase_A
t=01586 delta replay carrier replay_phase_A
t=01587 delta replay carrier replay_phase_A
t=01588 delta replay carrier replay_phase_A
t=01589 delta replay carrier replay_phase_A
t=01590 delta replay carrier replay_phase_A
t=01591 delta replay carrier replay_phase_A
t=01592 delta replay carrier replay_phase_A
t=01593 delta replay carrier replay_phase_A
t=01594 delta replay carrier replay_phase_A
t=01595 delta replay carrier replay_phase_A
t=01596 delta replay carrier replay_phase_A
t=01597 delta replay carrier replay_phase_A
t=01598 delta replay carrier replay_phase_A
t=01599 delta replay carrier replay_phase_A
t=01600 alpha replay carrier replay_phase_A
t=01601 alpha replay carrier replay_phase_A
t=01602 alpha replay carrier replay_phase_A
t=01603 alpha replay carrier replay_phase_A
t=01604 alpha replay carrier replay_phase_A
t=01605 alpha replay carrier replay_phase_A
t=01606 alpha replay carrier replay_phase_A
t=01607 alpha replay carrier replay_phase_A
t=01608 alpha replay carrier replay_phase_A
t=01609 alpha replay carrier replay_phase_A
t=01610 alpha replay carrier replay_phase_A
t=01611 alpha replay carrier replay_phase_A
t=01612 alpha replay carrier replay_phase_A
t=01613 alpha replay carrier replay_phase_A
t=01614 alpha replay carrier replay_phase_A
t=01615 alpha replay carrier replay_phase_A
t=01616 alpha replay carrier replay_phase_A
t=01617 alpha replay carrier replay_phase_A
t=01618 alpha replay carrier replay_phase_A
t=01619 alpha replay carrier replay_phase_A
t=01620 alpha replay carrier replay_phase_A
t=01621 alpha replay carrier replay_phase_A
t=01622 alpha replay carrier replay_phase_A
t=01623 alpha replay carrier replay_phase_A
t=01624 alpha replay carrier replay_phase_A
t=01625 alpha replay carrier replay_phase_A
t=01626 alpha replay carrier replay_phase_A
t=01627 alpha replay carrier replay_phase_A
t=01628 alpha replay carrier replay_phase_A
t=01629 alpha replay carrier replay_phase_A
t=01630 alpha replay carrier replay_phase_A
t=01631 alpha replay carrier replay_phase_A
t=01632 alpha replay carrier replay_phase_A
t=01633 alpha replay carrier replay_phase_A
t=01634 alpha replay carrier replay_phase_A
t=01635 alpha replay carrier replay_phase_A
t=01636 alpha replay carrier replay_phase_A
t=01637 alpha replay carrier replay_phase_A
t=01638 alpha replay carrier replay_phase_A
t=01639 alpha replay carrier replay_phase_A
t=01640 beta replay carrier replay_phase_A
t=01641 beta replay carrier replay_phase_A
t=01642 beta replay carrier replay_phase_A
t=01643 beta replay carrier replay_phase_A
t=01644 beta replay carrier replay_phase_A
t=01645 beta replay carrier replay_phase_A
t=01646 beta replay carrier replay_phase_A
t=01647 beta replay carrier replay_phase_A
t=01648 beta replay carrier replay_phase_A
t=01649 beta replay carrier replay_phase_A
t=01650 beta replay carrier replay_phase_A
t=01651 beta replay carrier replay_phase_A
t=01652 beta replay carrier replay_phase_A
t=01653 beta replay carrier replay_phase_A
t=01654 beta replay carrier replay_phase_A
t=01655 beta replay carrier replay_phase_A
t=01656 beta replay carrier replay_phase_A
t=01657 beta replay carrier replay_phase_A
t=01658 beta replay carrier replay_phase_A
t=01659 beta replay carrier replay_phase_A
t=01660 beta replay carrier replay_phase_A
t=01661 beta replay carrier replay_phase_A
t=01662 beta replay carrier replay_phase_A
t=01663 beta replay carrier replay_phase_A
t=01664 beta replay carrier replay_phase_A
t=01665 beta replay carrier replay_phase_A
t=01666 beta replay carrier replay_phase_A
t=01667 beta replay carrier replay_phase_A
t=01668 beta replay carrier replay_phase_A
t=01669 beta replay carrier replay_phase_A
t=01670 beta replay carrier replay_phase_A
t=01671 beta replay carrier replay_phase_A
t=01672 beta replay carrier replay_phase_A
t=01673 beta replay carrier replay_phase_A
t=01674 beta replay carrier replay_phase_A
t=01675 beta replay carrier replay_phase_A
t=01676 beta replay carrier replay_phase_A
t=01677 beta replay carrier replay_phase_A
t=01678 beta replay carrier replay_phase_A
t=01679 beta replay carrier replay_phase_A
t=01680 gamma replay carrier replay_phase_A
t=01681 gamma replay carrier replay_phase_A
t=01682 gamma replay carrier replay_phase_A
t=01683 gamma replay carrier replay_phase_A
t=01684 gamma replay carrier replay_phase_A
t=01685 gamma replay carrier replay_phase_A
t=01686 gamma replay carrier replay_phase_A
t=01687 gamma replay carrier replay_phase_A
t=01688 gamma replay carrier replay_phase_A
t=01689 gamma replay carrier replay_phase_A
t=01690 gamma replay carrier replay_phase_A
t=01691 gamma replay carrier replay_phase_A
t=01692 gamma replay carrier replay_phase_A
t=01693 gamma replay carrier replay_phase_A
t=01694 gamma replay carrier replay_phase_A
t=01695 gamma replay carrier replay_phase_A
t=01696 gamma replay carrier replay_phase_A
t=01697 gamma replay carrier replay_phase_A
t=01698 gamma replay carrier replay_phase_A
t=01699 gamma replay carrier replay_phase_A
t=01700 gamma replay carrier replay_phase_A
t=01701 gamma replay carrier replay_phase_A
t=01702 gamma replay carrier replay_phase_A
t=01703 gamma replay carrier replay_phase_A
t=01704 gamma replay carrier replay_phase_A
t=01705 gamma replay carrier replay_phase_A
t=01706 gamma replay carrier replay_phase_A
t=01707 gamma replay carrier replay_phase_A
t=01708 gamma replay carrier replay_phase_A
t=01709 gamma replay carrier replay_phase_A
t=01710 gamma replay carrier replay_phase_A
t=01711 gamma replay carrier replay_phase_A
t=01712 gamma replay carrier replay_phase_A
t=01713 gamma replay carrier replay_phase_A
t=01714 gamma replay carrier replay_phase_A
t=01715 gamma replay carrier replay_phase_A
t=01716 gamma replay carrier replay_phase_A
t=01717 gamma replay carrier replay_phase_A
t=01718 gamma replay carrier replay_phase_A
t=01719 gamma replay carrier replay_phase_A
t=01720 delta replay carrier replay_phase_A
t=01721 delta replay carrier replay_phase_A
t=01722 delta replay carrier replay_phase_A
t=01723 delta replay carrier replay_phase_A
t=01724 delta replay carrier replay_phase_A
t=01725 delta replay carrier replay_phase_A
t=01726 delta replay carrier replay_phase_A
t=01727 delta replay carrier replay_phase_A
t=01728 delta replay carrier replay_phase_A
t=01729 delta replay carrier replay_phase_A
t=01730 delta replay carrier replay_phase_A
t=01731 delta replay carrier replay_phase_A
t=01732 delta replay carrier replay_phase_A
t=01733 delta replay carrier replay_phase_A
t=01734 delta replay carrier replay_phase_A
t=01735 delta replay carrier replay_phase_A
t=01736 delta replay carrier replay_phase_A
t=01737 delta replay carrier replay_phase_A
t=01738 delta replay carrier replay_phase_A
t=01739 delta replay carrier replay_phase_A
t=01740 delta replay carrier replay_phase_A
t=01741 delta replay carrier replay_phase_A
t=01742 delta replay carrier replay_phase_A
t=01743 delta replay carrier replay_phase_A
t=01744 delta replay carrier replay_phase_A
t=01745 delta replay carrier replay_phase_A
t=01746 delta replay carrier replay_phase_A
t=01747 delta replay carrier replay_phase_A
t=01748 delta replay carrier replay_phase_A
t=01749 delta replay carrier replay_phase_A
t=01750 delta replay carrier replay_phase_A
t=01751 delta replay carrier replay_phase_A
t=01752 delta replay carrier replay_phase_A
t=01753 delta replay carrier replay_phase_A
t=01754 delta replay carrier replay_phase_A
t=01755 delta replay carrier replay_phase_A
t=01756 delta replay carrier replay_phase_A
t=01757 delta replay carrier replay_phase_A
t=01758 delta replay carrier replay_phase_A
t=01759 delta replay carrier replay_phase_A
t=01760 alpha replay carrier replay_phase_A
t=01761 alpha replay carrier replay_phase_A
t=01762 alpha replay carrier replay_phase_A
t=01763 alpha replay carrier replay_phase_A
t=01764 alpha replay carrier replay_phase_A
t=01765 alpha replay carrier replay_phase_A
t=01766 alpha replay carrier replay_phase_A
t=01767 alpha replay carrier replay_phase_A
t=01768 alpha replay carrier replay_phase_A
t=01769 alpha replay carrier replay_phase_A
t=01770 alpha replay carrier replay_phase_A
t=01771 alpha replay carrier replay_phase_A
t=01772 alpha replay carrier replay_phase_A
t=01773 alpha replay carrier replay_phase_A
t=01774 alpha replay carrier replay_phase_A
t=01775 alpha replay carrier replay_phase_A
t=01776 alpha replay carrier replay_phase_A
t=01777 alpha replay carrier replay_phase_A
t=01778 alpha replay carrier replay_phase_A
t=01779 alpha replay carrier replay_phase_A
t=01780 alpha replay carrier replay_phase_A
t=01781 alpha replay carrier replay_phase_A
t=01782 alpha replay carrier replay_phase_A
t=01783 alpha replay carrier replay_phase_A
t=01784 alpha replay carrier replay_phase_A
t=01785 alpha replay carrier replay_phase_A
t=01786 alpha replay carrier replay_phase_A
t=01787 alpha replay carrier replay_phase_A
t=01788 alpha replay carrier replay_phase_A
t=01789 alpha replay carrier replay_phase_A
t=01790 alpha replay carrier replay_phase_A
t=01791 alpha replay carrier replay_phase_A
t=01792 alpha replay carrier replay_phase_A
t=01793 alpha replay carrier replay_phase_A
t=01794 alpha replay carrier replay_phase_A
t=01795 alpha replay carrier replay_phase_A
t=01796 alpha replay carrier replay_phase_A
t=01797 alpha replay carrier replay_phase_A
t=01798 alpha replay carrier replay_phase_A
t=01799 alpha replay carrier replay_phase_A
t=01800 beta replay carrier replay_phase_A
t=01801 gap_echo weak_return
t=01802 gap_echo weak_return
t=01803 gap_echo weak_return
t=01804 gap_echo weak_return
t=01805 gap_echo weak_return
t=01806 gap_echo weak_return
t=01807 gap_echo weak_return
t=01808 gap_echo weak_return
t=01809 gap_echo weak_return
t=01810 gap_echo weak_return
t=01811 gap_echo weak_return
t=01812 gap_echo weak_return
t=01813 gap_echo weak_return
t=01814 gap_echo weak_return
t=01815 interruption_gap quiet
t=01816 interruption_gap quiet
t=01817 interruption_gap quiet
t=01818 interruption_gap quiet
t=01819 interruption_gap quiet
t=01820 interruption_gap quiet
t=01821 interruption_gap quiet
t=01822 interruption_gap quiet
t=01823 interruption_gap quiet
t=01824 interruption_gap quiet
t=01825 interruption_gap quiet
t=01826 interruption_gap quiet
t=01827 interruption_gap quiet
t=01828 interruption_gap quiet
t=01829 interruption_gap quiet
t=01830 interruption_gap quiet
t=01831 interruption_gap quiet
t=01832 interruption_gap quiet
t=01833 interruption_gap quiet
t=01834 interruption_gap quiet
t=01835 interruption_gap quiet
t=01836 interruption_gap quiet
t=01837 interruption_gap quiet
t=01838 interruption_gap quiet
t=01839 interruption_gap quiet
t=01840 interruption_gap quiet
t=01841 interruption_gap quiet
t=01842 interruption_gap quiet
t=01843 interruption_gap quiet
t=01844 interruption_gap quiet
t=01845 interruption_gap quiet
t=01846 interruption_gap quiet
t=01847 interruption_gap quiet
t=01848 interruption_gap quiet
t=01849 interruption_gap quiet
t=01850 interruption_gap quiet
t=01851 interruption_gap quiet
t=01852 interruption_gap quiet
t=01853 interruption_gap quiet
t=01854 interruption_gap quiet
t=01855 interruption_gap quiet
t=01856 interruption_gap quiet
t=01857 interruption_gap quiet
t=01858 interruption_gap quiet
t=01859 interruption_gap quiet
t=01860 interruption_gap quiet
t=01861 interruption_gap quiet
t=01862 interruption_gap quiet
t=01863 interruption_gap quiet
t=01864 interruption_gap quiet
t=01865 interruption_gap quiet
t=01866 interruption_gap quiet
t=01867 interruption_gap quiet
t=01868 interruption_gap quiet
t=01869 interruption_gap quiet
t=01870 interruption_gap quiet
t=01871 interruption_gap quiet
t=01872 interruption_gap quiet
t=01873 interruption_gap quiet
t=01874 interruption_gap quiet
t=01875 interruption_gap quiet
t=01876 interruption_gap quiet
t=01877 interruption_gap quiet
t=01878 interruption_gap quiet
t=01879 interruption_gap quiet
t=01880 interruption_gap quiet
t=01881 interruption_gap quiet
t=01882 interruption_gap quiet
t=01883 interruption_gap quiet
t=01884 interruption_gap quiet
t=01885 interruption_gap quiet
t=01886 interruption_gap quiet
t=01887 interruption_gap quiet
t=01888 interruption_gap quiet
t=01889 interruption_gap quiet
t=01890 gap_echo weak_return
t=01891 gap_echo weak_return
t=01892 gap_echo weak_return
t=01893 gap_echo weak_return
t=01894 gap_echo weak_return
t=01895 gap_echo weak_return
t=01896 gap_echo weak_return
t=01897 gap_echo weak_return
t=01898 gap_echo weak_return
t=01899 gap_echo weak_return
t=01900 gap_echo weak_return
t=01901 gap_echo weak_return
t=01902 gap_echo weak_return
t=01903 gap_echo weak_return
t=01904 gap_echo weak_return
t=01905 interruption_gap quiet
t=01906 interruption_gap quiet
t=01907 interruption_gap quiet
t=01908 interruption_gap quiet
t=01909 interruption_gap quiet
t=01910 interruption_gap quiet
t=01911 interruption_gap quiet
t=01912 interruption_gap quiet
t=01913 interruption_gap quiet
t=01914 interruption_gap quiet
t=01915 interruption_gap quiet
t=01916 interruption_gap quiet
t=01917 interruption_gap quiet
t=01918 interruption_gap quiet
t=01919 interruption_gap quiet
t=01920 interruption_gap quiet
t=01921 interruption_gap quiet
t=01922 interruption_gap quiet
t=01923 interruption_gap quiet
t=01924 interruption_gap quiet
t=01925 interruption_gap quiet
t=01926 interruption_gap quiet
t=01927 interruption_gap quiet
t=01928 interruption_gap quiet
t=01929 interruption_gap quiet
t=01930 interruption_gap quiet
t=01931 interruption_gap quiet
t=01932 interruption_gap quiet
t=01933 interruption_gap quiet
t=01934 interruption_gap quiet
t=01935 interruption_gap quiet
t=01936 interruption_gap quiet
t=01937 interruption_gap quiet
t=01938 interruption_gap quiet
t=01939 interruption_gap quiet
t=01940 interruption_gap quiet
t=01941 interruption_gap quiet
t=01942 interruption_gap quiet
t=01943 interruption_gap quiet
t=01944 interruption_gap quiet
t=01945 interruption_gap quiet
t=01946 interruption_gap quiet
t=01947 interruption_gap quiet
t=01948 interruption_gap quiet
t=01949 interruption_gap quiet
t=01950 interruption_gap quiet
t=01951 interruption_gap quiet
t=01952 interruption_gap quiet
t=01953 interruption_gap quiet
t=01954 interruption_gap quiet
t=01955 interruption_gap quiet
t=01956 interruption_gap quiet
t=01957 interruption_gap quiet
t=01958 interruption_gap quiet
t=01959 interruption_gap quiet
t=01960 interruption_gap quiet
t=01961 interruption_gap quiet
t=01962 interruption_gap quiet
t=01963 interruption_gap quiet
t=01964 interruption_gap quiet
t=01965 interruption_gap quiet
t=01966 interruption_gap quiet
t=01967 interruption_gap quiet
t=01968 interruption_gap quiet
t=01969 interruption_gap quiet
t=01970 interruption_gap quiet
t=01971 interruption_gap quiet
t=01972 interruption_gap quiet
t=01973 interruption_gap quiet
t=01974 interruption_gap quiet
t=01975 interruption_gap quiet
t=01976 interruption_gap quiet
t=01977 interruption_gap quiet
t=01978 interruption_gap quiet
t=01979 interruption_gap quiet
t=01980 gap_echo weak_return
t=01981 gap_echo weak_return
t=01982 gap_echo weak_return
t=01983 gap_echo weak_return
t=01984 gap_echo weak_return
t=01985 gap_echo weak_return
t=01986 gap_echo weak_return
t=01987 gap_echo weak_return
t=01988 gap_echo weak_return
t=01989 gap_echo weak_return
t=01990 gap_echo weak_return
t=01991 gap_echo weak_return
t=01992 gap_echo weak_return
t=01993 gap_echo weak_return
t=01994 gap_echo weak_return
t=01995 interruption_gap quiet
t=01996 interruption_gap quiet
t=01997 interruption_gap quiet
t=01998 interruption_gap quiet
t=01999 interruption_gap quiet
t=02000 interruption_gap quiet
t=02001 interruption_gap quiet
t=02002 interruption_gap quiet
t=02003 interruption_gap quiet
t=02004 interruption_gap quiet
t=02005 interruption_gap quiet
t=02006 interruption_gap quiet
t=02007 interruption_gap quiet
t=02008 interruption_gap quiet
t=02009 interruption_gap quiet
t=02010 interruption_gap quiet
t=02011 interruption_gap quiet
t=02012 interruption_gap quiet
t=02013 interruption_gap quiet
t=02014 interruption_gap quiet
t=02015 interruption_gap quiet
t=02016 interruption_gap quiet
t=02017 interruption_gap quiet
t=02018 interruption_gap quiet
t=02019 interruption_gap quiet
t=02020 interruption_gap quiet
t=02021 interruption_gap quiet
t=02022 interruption_gap quiet
t=02023 interruption_gap quiet
t=02024 interruption_gap quiet
t=02025 interruption_gap quiet
t=02026 interruption_gap quiet
t=02027 interruption_gap quiet
t=02028 interruption_gap quiet
t=02029 interruption_gap quiet
t=02030 interruption_gap quiet
t=02031 interruption_gap quiet
t=02032 interruption_gap quiet
t=02033 interruption_gap quiet
t=02034 interruption_gap quiet
t=02035 interruption_gap quiet
t=02036 interruption_gap quiet
t=02037 interruption_gap quiet
t=02038 interruption_gap quiet
t=02039 interruption_gap quiet
t=02040 interruption_gap quiet
t=02041 interruption_gap quiet
t=02042 interruption_gap quiet
t=02043 interruption_gap quiet
t=02044 interruption_gap quiet
t=02045 interruption_gap quiet
t=02046 interruption_gap quiet
t=02047 interruption_gap quiet
t=02048 interruption_gap quiet
t=02049 interruption_gap quiet
t=02050 interruption_gap quiet
t=02051 interruption_gap quiet
t=02052 interruption_gap quiet
t=02053 interruption_gap quiet
t=02054 interruption_gap quiet
t=02055 interruption_gap quiet
t=02056 interruption_gap quiet
t=02057 interruption_gap quiet
t=02058 interruption_gap quiet
t=02059 interruption_gap quiet
t=02060 interruption_gap quiet
t=02061 interruption_gap quiet
t=02062 interruption_gap quiet
t=02063 interruption_gap quiet
t=02064 interruption_gap quiet
t=02065 interruption_gap quiet
t=02066 interruption_gap quiet
t=02067 interruption_gap quiet
t=02068 interruption_gap quiet
t=02069 interruption_gap quiet
t=02070 gap_echo weak_return
t=02071 gap_echo weak_return
t=02072 gap_echo weak_return
t=02073 gap_echo weak_return
t=02074 gap_echo weak_return
t=02075 gap_echo weak_return
t=02076 gap_echo weak_return
t=02077 gap_echo weak_return
t=02078 gap_echo weak_return
t=02079 gap_echo weak_return
t=02080 gap_echo weak_return
t=02081 gap_echo weak_return
t=02082 gap_echo weak_return
t=02083 gap_echo weak_return
t=02084 gap_echo weak_return
t=02085 interruption_gap quiet
t=02086 interruption_gap quiet
t=02087 interruption_gap quiet
t=02088 interruption_gap quiet
t=02089 interruption_gap quiet
t=02090 interruption_gap quiet
t=02091 interruption_gap quiet
t=02092 interruption_gap quiet
t=02093 interruption_gap quiet
t=02094 interruption_gap quiet
t=02095 interruption_gap quiet
t=02096 interruption_gap quiet
t=02097 interruption_gap quiet
t=02098 interruption_gap quiet
t=02099 interruption_gap quiet
t=02100 interruption_gap quiet
t=02101 interruption_gap quiet
t=02102 interruption_gap quiet
t=02103 interruption_gap quiet
t=02104 interruption_gap quiet
t=02105 interruption_gap quiet
t=02106 interruption_gap quiet
t=02107 interruption_gap quiet
t=02108 interruption_gap quiet
t=02109 interruption_gap quiet
t=02110 interruption_gap quiet
t=02111 interruption_gap quiet
t=02112 interruption_gap quiet
t=02113 interruption_gap quiet
t=02114 interruption_gap quiet
t=02115 interruption_gap quiet
t=02116 interruption_gap quiet
t=02117 interruption_gap quiet
t=02118 interruption_gap quiet
t=02119 interruption_gap quiet
t=02120 interruption_gap quiet
t=02121 interruption_gap quiet
t=02122 interruption_gap quiet
t=02123 interruption_gap quiet
t=02124 interruption_gap quiet
t=02125 interruption_gap quiet
t=02126 interruption_gap quiet
t=02127 interruption_gap quiet
t=02128 interruption_gap quiet
t=02129 interruption_gap quiet
t=02130 interruption_gap quiet
t=02131 interruption_gap quiet
t=02132 interruption_gap quiet
t=02133 interruption_gap quiet
t=02134 interruption_gap quiet
t=02135 interruption_gap quiet
t=02136 interruption_gap quiet
t=02137 interruption_gap quiet
t=02138 interruption_gap quiet
t=02139 interruption_gap quiet
t=02140 interruption_gap quiet
t=02141 interruption_gap quiet
t=02142 interruption_gap quiet
t=02143 interruption_gap quiet
t=02144 interruption_gap quiet
t=02145 interruption_gap quiet
t=02146 interruption_gap quiet
t=02147 interruption_gap quiet
t=02148 interruption_gap quiet
t=02149 interruption_gap quiet
t=02150 interruption_gap quiet
t=02151 interruption_gap quiet
t=02152 interruption_gap quiet
t=02153 interruption_gap quiet
t=02154 interruption_gap quiet
t=02155 interruption_gap quiet
t=02156 interruption_gap quiet
t=02157 interruption_gap quiet
t=02158 interruption_gap quiet
t=02159 interruption_gap quiet
t=02160 gap_echo weak_return
t=02161 gap_echo weak_return
t=02162 gap_echo weak_return
t=02163 gap_echo weak_return
t=02164 gap_echo weak_return
t=02165 gap_echo weak_return
t=02166 gap_echo weak_return
t=02167 gap_echo weak_return
t=02168 gap_echo weak_return
t=02169 gap_echo weak_return
t=02170 gap_echo weak_return
t=02171 gap_echo weak_return
t=02172 gap_echo weak_return
t=02173 gap_echo weak_return
t=02174 gap_echo weak_return
t=02175 interruption_gap quiet
t=02176 interruption_gap quiet
t=02177 interruption_gap quiet
t=02178 interruption_gap quiet
t=02179 interruption_gap quiet
t=02180 interruption_gap quiet
t=02181 interruption_gap quiet
t=02182 interruption_gap quiet
t=02183 interruption_gap quiet
t=02184 interruption_gap quiet
t=02185 interruption_gap quiet
t=02186 interruption_gap quiet
t=02187 interruption_gap quiet
t=02188 interruption_gap quiet
t=02189 interruption_gap quiet
t=02190 interruption_gap quiet
t=02191 interruption_gap quiet
t=02192 interruption_gap quiet
t=02193 interruption_gap quiet
t=02194 interruption_gap quiet
t=02195 interruption_gap quiet
t=02196 interruption_gap quiet
t=02197 interruption_gap quiet
t=02198 interruption_gap quiet
t=02199 interruption_gap quiet
t=02200 interruption_gap quiet
t=02201 interruption_gap quiet
t=02202 interruption_gap quiet
t=02203 interruption_gap quiet
t=02204 interruption_gap quiet
t=02205 interruption_gap quiet
t=02206 interruption_gap quiet
t=02207 interruption_gap quiet
t=02208 interruption_gap quiet
t=02209 interruption_gap quiet
t=02210 interruption_gap quiet
t=02211 interruption_gap quiet
t=02212 interruption_gap quiet
t=02213 interruption_gap quiet
t=02214 interruption_gap quiet
t=02215 interruption_gap quiet
t=02216 interruption_gap quiet
t=02217 interruption_gap quiet
t=02218 interruption_gap quiet
t=02219 interruption_gap quiet
t=02220 interruption_gap quiet
t=02221 interruption_gap quiet
t=02222 interruption_gap quiet
t=02223 interruption_gap quiet
t=02224 interruption_gap quiet
t=02225 interruption_gap quiet
t=02226 interruption_gap quiet
t=02227 interruption_gap quiet
t=02228 interruption_gap quiet
t=02229 interruption_gap quiet
t=02230 interruption_gap quiet
t=02231 interruption_gap quiet
t=02232 interruption_gap quiet
t=02233 interruption_gap quiet
t=02234 interruption_gap quiet
t=02235 interruption_gap quiet
t=02236 interruption_gap quiet
t=02237 interruption_gap quiet
t=02238 interruption_gap quiet
t=02239 interruption_gap quiet
t=02240 interruption_gap quiet
t=02241 interruption_gap quiet
t=02242 interruption_gap quiet
t=02243 interruption_gap quiet
t=02244 interruption_gap quiet
t=02245 interruption_gap quiet
t=02246 interruption_gap quiet
t=02247 interruption_gap quiet
t=02248 interruption_gap quiet
t=02249 interruption_gap quiet
t=02250 gap_echo weak_return
t=02251 gap_echo weak_return
t=02252 gap_echo weak_return
t=02253 gap_echo weak_return
t=02254 gap_echo weak_return
t=02255 gap_echo weak_return
t=02256 gap_echo weak_return
t=02257 gap_echo weak_return
t=02258 gap_echo weak_return
t=02259 gap_echo weak_return
t=02260 gap_echo weak_return
t=02261 gap_echo weak_return
t=02262 gap_echo weak_return
t=02263 gap_echo weak_return
t=02264 gap_echo weak_return
t=02265 interruption_gap quiet
t=02266 interruption_gap quiet
t=02267 interruption_gap quiet
t=02268 interruption_gap quiet
t=02269 interruption_gap quiet
t=02270 interruption_gap quiet
t=02271 interruption_gap quiet
t=02272 interruption_gap quiet
t=02273 interruption_gap quiet
t=02274 interruption_gap quiet
t=02275 interruption_gap quiet
t=02276 interruption_gap quiet
t=02277 interruption_gap quiet
t=02278 interruption_gap quiet
t=02279 interruption_gap quiet
t=02280 interruption_gap quiet
t=02281 interruption_gap quiet
t=02282 interruption_gap quiet
t=02283 interruption_gap quiet
t=02284 interruption_gap quiet
t=02285 interruption_gap quiet
t=02286 interruption_gap quiet
t=02287 interruption_gap quiet
t=02288 interruption_gap quiet
t=02289 interruption_gap quiet
t=02290 interruption_gap quiet
t=02291 interruption_gap quiet
t=02292 interruption_gap quiet
t=02293 interruption_gap quiet
t=02294 interruption_gap quiet
t=02295 interruption_gap quiet
t=02296 interruption_gap quiet
t=02297 interruption_gap quiet
t=02298 interruption_gap quiet
t=02299 interruption_gap quiet
t=02300 interruption_gap quiet
t=02301 interruption_gap quiet
t=02302 interruption_gap quiet
t=02303 interruption_gap quiet
t=02304 interruption_gap quiet
t=02305 interruption_gap quiet
t=02306 interruption_gap quiet
t=02307 interruption_gap quiet
t=02308 interruption_gap quiet
t=02309 interruption_gap quiet
t=02310 interruption_gap quiet
t=02311 interruption_gap quiet
t=02312 interruption_gap quiet
t=02313 interruption_gap quiet
t=02314 interruption_gap quiet
t=02315 interruption_gap quiet
t=02316 interruption_gap quiet
t=02317 interruption_gap quiet
t=02318 interruption_gap quiet
t=02319 interruption_gap quiet
t=02320 interruption_gap quiet
t=02321 interruption_gap quiet
t=02322 interruption_gap quiet
t=02323 interruption_gap quiet
t=02324 interruption_gap quiet
t=02325 interruption_gap quiet
t=02326 interruption_gap quiet
t=02327 interruption_gap quiet
t=02328 interruption_gap quiet
t=02329 interruption_gap quiet
t=02330 interruption_gap quiet
t=02331 interruption_gap quiet
t=02332 interruption_gap quiet
t=02333 interruption_gap quiet
t=02334 interruption_gap quiet
t=02335 interruption_gap quiet
t=02336 interruption_gap quiet
t=02337 interruption_gap quiet
t=02338 interruption_gap quiet
t=02339 interruption_gap quiet
t=02340 gap_echo weak_return
t=02341 gap_echo weak_return
t=02342 gap_echo weak_return
t=02343 gap_echo weak_return
t=02344 gap_echo weak_return
t=02345 gap_echo weak_return
t=02346 gap_echo weak_return
t=02347 gap_echo weak_return
t=02348 gap_echo weak_return
t=02349 gap_echo weak_return
t=02350 gap_echo weak_return
t=02351 gap_echo weak_return
t=02352 gap_echo weak_return
t=02353 gap_echo weak_return
t=02354 gap_echo weak_return
t=02355 interruption_gap quiet
t=02356 interruption_gap quiet
t=02357 interruption_gap quiet
t=02358 interruption_gap quiet
t=02359 interruption_gap quiet
t=02360 interruption_gap quiet
t=02361 interruption_gap quiet
t=02362 interruption_gap quiet
t=02363 interruption_gap quiet
t=02364 interruption_gap quiet
t=02365 interruption_gap quiet
t=02366 interruption_gap quiet
t=02367 interruption_gap quiet
t=02368 interruption_gap quiet
t=02369 interruption_gap quiet
t=02370 interruption_gap quiet
t=02371 interruption_gap quiet
t=02372 interruption_gap quiet
t=02373 interruption_gap quiet
t=02374 interruption_gap quiet
t=02375 interruption_gap quiet
t=02376 interruption_gap quiet
t=02377 interruption_gap quiet
t=02378 interruption_gap quiet
t=02379 interruption_gap quiet
t=02380 interruption_gap quiet
t=02381 interruption_gap quiet
t=02382 interruption_gap quiet
t=02383 interruption_gap quiet
t=02384 interruption_gap quiet
t=02385 interruption_gap quiet
t=02386 interruption_gap quiet
t=02387 interruption_gap quiet
t=02388 interruption_gap quiet
t=02389 interruption_gap quiet
t=02390 interruption_gap quiet
t=02391 interruption_gap quiet
t=02392 interruption_gap quiet
t=02393 interruption_gap quiet
t=02394 interruption_gap quiet
t=02395 interruption_gap quiet
t=02396 interruption_gap quiet
t=02397 interruption_gap quiet
t=02398 interruption_gap quiet
t=02399 interruption_gap quiet
t=02400 interruption_gap quiet
t=02401 interruption_gap quiet
t=02402 interruption_gap quiet
t=02403 interruption_gap quiet
t=02404 interruption_gap quiet
t=02405 interruption_gap quiet
t=02406 interruption_gap quiet
t=02407 interruption_gap quiet
t=02408 interruption_gap quiet
t=02409 interruption_gap quiet
t=02410 interruption_gap quiet
t=02411 interruption_gap quiet
t=02412 interruption_gap quiet
t=02413 interruption_gap quiet
t=02414 interruption_gap quiet
t=02415 interruption_gap quiet
t=02416 interruption_gap quiet
t=02417 interruption_gap quiet
t=02418 interruption_gap quiet
t=02419 interruption_gap quiet
t=02420 interruption_gap quiet
t=02421 interruption_gap quiet
t=02422 interruption_gap quiet
t=02423 interruption_gap quiet
t=02424 interruption_gap quiet
t=02425 interruption_gap quiet
t=02426 interruption_gap quiet
t=02427 interruption_gap quiet
t=02428 interruption_gap quiet
t=02429 interruption_gap quiet
t=02430 gap_echo weak_return
t=02431 gap_echo weak_return
t=02432 gap_echo weak_return
t=02433 gap_echo weak_return
t=02434 gap_echo weak_return
t=02435 gap_echo weak_return
t=02436 gap_echo weak_return
t=02437 gap_echo weak_return
t=02438 gap_echo weak_return
t=02439 gap_echo weak_return
t=02440 gap_echo weak_return
t=02441 gap_echo weak_return
t=02442 gap_echo weak_return
t=02443 gap_echo weak_return
t=02444 gap_echo weak_return
t=02445 interruption_gap quiet
t=02446 interruption_gap quiet
t=02447 interruption_gap quiet
t=02448 interruption_gap quiet
t=02449 interruption_gap quiet
t=02450 interruption_gap quiet
t=02451 interruption_gap quiet
t=02452 interruption_gap quiet
t=02453 interruption_gap quiet
t=02454 interruption_gap quiet
t=02455 interruption_gap quiet
t=02456 interruption_gap quiet
t=02457 interruption_gap quiet
t=02458 interruption_gap quiet
t=02459 interruption_gap quiet
t=02460 interruption_gap quiet
t=02461 interruption_gap quiet
t=02462 interruption_gap quiet
t=02463 interruption_gap quiet
t=02464 interruption_gap quiet
t=02465 interruption_gap quiet
t=02466 interruption_gap quiet
t=02467 interruption_gap quiet
t=02468 interruption_gap quiet
t=02469 interruption_gap quiet
t=02470 interruption_gap quiet
t=02471 interruption_gap quiet
t=02472 interruption_gap quiet
t=02473 interruption_gap quiet
t=02474 interruption_gap quiet
t=02475 interruption_gap quiet
t=02476 interruption_gap quiet
t=02477 interruption_gap quiet
t=02478 interruption_gap quiet
t=02479 interruption_gap quiet
t=02480 interruption_gap quiet
t=02481 interruption_gap quiet
t=02482 interruption_gap quiet
t=02483 interruption_gap quiet
t=02484 interruption_gap quiet
t=02485 interruption_gap quiet
t=02486 interruption_gap quiet
t=02487 interruption_gap quiet
t=02488 interruption_gap quiet
t=02489 interruption_gap quiet
t=02490 interruption_gap quiet
t=02491 interruption_gap quiet
t=02492 interruption_gap quiet
t=02493 interruption_gap quiet
t=02494 interruption_gap quiet
t=02495 interruption_gap quiet
t=02496 interruption_gap quiet
t=02497 interruption_gap quiet
t=02498 interruption_gap quiet
t=02499 interruption_gap quiet
t=02500 interruption_gap quiet
t=02501 interruption_gap quiet
t=02502 interruption_gap quiet
t=02503 interruption_gap quiet
t=02504 interruption_gap quiet
t=02505 interruption_gap quiet
t=02506 interruption_gap quiet
t=02507 interruption_gap quiet
t=02508 interruption_gap quiet
t=02509 interruption_gap quiet
t=02510 interruption_gap quiet
t=02511 interruption_gap quiet
t=02512 interruption_gap quiet
t=02513 interruption_gap quiet
t=02514 interruption_gap quiet
t=02515 interruption_gap quiet
t=02516 interruption_gap quiet
t=02517 interruption_gap quiet
t=02518 interruption_gap quiet
t=02519 interruption_gap quiet
t=02520 gap_echo weak_return
t=02521 gap_echo weak_return
t=02522 gap_echo weak_return
t=02523 gap_echo weak_return
t=02524 gap_echo weak_return
t=02525 gap_echo weak_return
t=02526 gap_echo weak_return
t=02527 gap_echo weak_return
t=02528 gap_echo weak_return
t=02529 gap_echo weak_return
t=02530 gap_echo weak_return
t=02531 gap_echo weak_return
t=02532 gap_echo weak_return
t=02533 gap_echo weak_return
t=02534 gap_echo weak_return
t=02535 interruption_gap quiet
t=02536 interruption_gap quiet
t=02537 interruption_gap quiet
t=02538 interruption_gap quiet
t=02539 interruption_gap quiet
t=02540 interruption_gap quiet
t=02541 interruption_gap quiet
t=02542 interruption_gap quiet
t=02543 interruption_gap quiet
t=02544 interruption_gap quiet
t=02545 interruption_gap quiet
t=02546 interruption_gap quiet
t=02547 interruption_gap quiet
t=02548 interruption_gap quiet
t=02549 interruption_gap quiet
t=02550 interruption_gap quiet
t=02551 interruption_gap quiet
t=02552 interruption_gap quiet
t=02553 interruption_gap quiet
t=02554 interruption_gap quiet
t=02555 interruption_gap quiet
t=02556 interruption_gap quiet
t=02557 interruption_gap quiet
t=02558 interruption_gap quiet
t=02559 interruption_gap quiet
t=02560 interruption_gap quiet
t=02561 interruption_gap quiet
t=02562 interruption_gap quiet
t=02563 interruption_gap quiet
t=02564 interruption_gap quiet
t=02565 interruption_gap quiet
t=02566 interruption_gap quiet
t=02567 interruption_gap quiet
t=02568 interruption_gap quiet
t=02569 interruption_gap quiet
t=02570 interruption_gap quiet
t=02571 interruption_gap quiet
t=02572 interruption_gap quiet
t=02573 interruption_gap quiet
t=02574 interruption_gap quiet
t=02575 interruption_gap quiet
t=02576 interruption_gap quiet
t=02577 interruption_gap quiet
t=02578 interruption_gap quiet
t=02579 interruption_gap quiet
t=02580 interruption_gap quiet
t=02581 interruption_gap quiet
t=02582 interruption_gap quiet
t=02583 interruption_gap quiet
t=02584 interruption_gap quiet
t=02585 interruption_gap quiet
t=02586 interruption_gap quiet
t=02587 interruption_gap quiet
t=02588 interruption_gap quiet
t=02589 interruption_gap quiet
t=02590 interruption_gap quiet
t=02591 interruption_gap quiet
t=02592 interruption_gap quiet
t=02593 interruption_gap quiet
t=02594 interruption_gap quiet
t=02595 interruption_gap quiet
t=02596 interruption_gap quiet
t=02597 interruption_gap quiet
t=02598 interruption_gap quiet
t=02599 interruption_gap quiet
t=02600 interruption_gap quiet
t=02601 beta replay carrier replay_phase_B_partial_restart
t=02602 beta replay carrier replay_phase_B_partial_restart
t=02603 beta replay carrier replay_phase_B_partial_restart
t=02604 beta replay carrier replay_phase_B_partial_restart
t=02605 beta replay carrier replay_phase_B_partial_restart
t=02606 beta replay carrier replay_phase_B_partial_restart
t=02607 beta replay carrier replay_phase_B_partial_restart
t=02608 beta replay carrier replay_phase_B_partial_restart
t=02609 beta replay carrier replay_phase_B_partial_restart
t=02610 epsilon altered carrier replay_phase_B_partial_restart
t=02611 epsilon altered carrier replay_phase_B_partial_restart
t=02612 epsilon altered carrier replay_phase_B_partial_restart
t=02613 epsilon altered carrier replay_phase_B_partial_restart
t=02614 epsilon altered carrier replay_phase_B_partial_restart
t=02615 epsilon altered carrier replay_phase_B_partial_restart
t=02616 epsilon altered carrier replay_phase_B_partial_restart
t=02617 epsilon altered carrier replay_phase_B_partial_restart
t=02618 epsilon altered carrier replay_phase_B_partial_restart
t=02619 epsilon altered carrier replay_phase_B_partial_restart
t=02620 epsilon altered carrier replay_phase_B_partial_restart
t=02621 epsilon altered carrier replay_phase_B_partial_restart
t=02622 epsilon altered carrier replay_phase_B_partial_restart
t=02623 epsilon altered carrier replay_phase_B_partial_restart
t=02624 epsilon altered carrier replay_phase_B_partial_restart
t=02625 epsilon altered carrier replay_phase_B_partial_restart
t=02626 epsilon altered carrier replay_phase_B_partial_restart
t=02627 epsilon altered carrier replay_phase_B_partial_restart
t=02628 epsilon altered carrier replay_phase_B_partial_restart
t=02629 epsilon altered carrier replay_phase_B_partial_restart
t=02630 epsilon altered carrier replay_phase_B_partial_restart
t=02631 epsilon altered carrier replay_phase_B_partial_restart
t=02632 epsilon altered carrier replay_phase_B_partial_restart
t=02633 epsilon altered carrier replay_phase_B_partial_restart
t=02634 epsilon altered carrier replay_phase_B_partial_restart
t=02635 epsilon altered carrier replay_phase_B_partial_restart
t=02636 epsilon altered carrier replay_phase_B_partial_restart
t=02637 epsilon altered carrier replay_phase_B_partial_restart
t=02638 epsilon altered carrier replay_phase_B_partial_restart
t=02639 epsilon altered carrier replay_phase_B_partial_restart
t=02640 epsilon altered carrier replay_phase_B_partial_restart
t=02641 epsilon altered carrier replay_phase_B_partial_restart
t=02642 epsilon altered carrier replay_phase_B_partial_restart
t=02643 epsilon altered carrier replay_phase_B_partial_restart
t=02644 epsilon altered carrier replay_phase_B_partial_restart
t=02645 epsilon altered carrier replay_phase_B_partial_restart
t=02646 epsilon altered carrier replay_phase_B_partial_restart
t=02647 epsilon altered carrier replay_phase_B_partial_restart
t=02648 epsilon altered carrier replay_phase_B_partial_restart
t=02649 epsilon altered carrier replay_phase_B_partial_restart
t=02650 epsilon altered carrier replay_phase_B_partial_restart
t=02651 epsilon altered carrier replay_phase_B_partial_restart
t=02652 epsilon altered carrier replay_phase_B_partial_restart
t=02653 epsilon altered carrier replay_phase_B_partial_restart
t=02654 epsilon altered carrier replay_phase_B_partial_restart
t=02655 delta replay carrier replay_phase_B_partial_restart
t=02656 delta replay carrier replay_phase_B_partial_restart
t=02657 delta replay carrier replay_phase_B_partial_restart
t=02658 delta replay carrier replay_phase_B_partial_restart
t=02659 delta replay carrier replay_phase_B_partial_restart
t=02660 delta replay carrier replay_phase_B_partial_restart
t=02661 delta replay carrier replay_phase_B_partial_restart
t=02662 delta replay carrier replay_phase_B_partial_restart
t=02663 delta replay carrier replay_phase_B_partial_restart
t=02664 delta replay carrier replay_phase_B_partial_restart
t=02665 delta replay carrier replay_phase_B_partial_restart
t=02666 delta replay carrier replay_phase_B_partial_restart
t=02667 delta replay carrier replay_phase_B_partial_restart
t=02668 delta replay carrier replay_phase_B_partial_restart
t=02669 delta replay carrier replay_phase_B_partial_restart
t=02670 delta replay carrier replay_phase_B_partial_restart
t=02671 delta replay carrier replay_phase_B_partial_restart
t=02672 delta replay carrier replay_phase_B_partial_restart
t=02673 delta replay carrier replay_phase_B_partial_restart
t=02674 delta replay carrier replay_phase_B_partial_restart
t=02675 delta replay carrier replay_phase_B_partial_restart
t=02676 delta replay carrier replay_phase_B_partial_restart
t=02677 delta replay carrier replay_phase_B_partial_restart
t=02678 delta replay carrier replay_phase_B_partial_restart
t=02679 delta replay carrier replay_phase_B_partial_restart
t=02680 delta replay carrier replay_phase_B_partial_restart
t=02681 delta replay carrier replay_phase_B_partial_restart
t=02682 delta replay carrier replay_phase_B_partial_restart
t=02683 delta replay carrier replay_phase_B_partial_restart
t=02684 delta replay carrier replay_phase_B_partial_restart
t=02685 delta replay carrier replay_phase_B_partial_restart
t=02686 delta replay carrier replay_phase_B_partial_restart
t=02687 delta replay carrier replay_phase_B_partial_restart
t=02688 delta replay carrier replay_phase_B_partial_restart
t=02689 delta replay carrier replay_phase_B_partial_restart
t=02690 delta replay carrier replay_phase_B_partial_restart
t=02691 delta replay carrier replay_phase_B_partial_restart
t=02692 delta replay carrier replay_phase_B_partial_restart
t=02693 delta replay carrier replay_phase_B_partial_restart
t=02694 delta replay carrier replay_phase_B_partial_restart
t=02695 delta replay carrier replay_phase_B_partial_restart
t=02696 delta replay carrier replay_phase_B_partial_restart
t=02697 delta replay carrier replay_phase_B_partial_restart
t=02698 delta replay carrier replay_phase_B_partial_restart
t=02699 delta replay carrier replay_phase_B_partial_restart
t=02700 alpha replay carrier replay_phase_B_partial_restart
t=02701 alpha replay carrier replay_phase_B_partial_restart
t=02702 alpha replay carrier replay_phase_B_partial_restart
t=02703 alpha replay carrier replay_phase_B_partial_restart
t=02704 alpha replay carrier replay_phase_B_partial_restart
t=02705 alpha replay carrier replay_phase_B_partial_restart
t=02706 alpha replay carrier replay_phase_B_partial_restart
t=02707 alpha replay carrier replay_phase_B_partial_restart
t=02708 alpha replay carrier replay_phase_B_partial_restart
t=02709 alpha replay carrier replay_phase_B_partial_restart
t=02710 alpha replay carrier replay_phase_B_partial_restart
t=02711 alpha replay carrier replay_phase_B_partial_restart
t=02712 alpha replay carrier replay_phase_B_partial_restart
t=02713 alpha replay carrier replay_phase_B_partial_restart
t=02714 alpha replay carrier replay_phase_B_partial_restart
t=02715 alpha replay carrier replay_phase_B_partial_restart
t=02716 alpha replay carrier replay_phase_B_partial_restart
t=02717 alpha replay carrier replay_phase_B_partial_restart
t=02718 alpha replay carrier replay_phase_B_partial_restart
t=02719 alpha replay carrier replay_phase_B_partial_restart
t=02720 alpha replay carrier replay_phase_B_partial_restart
t=02721 alpha replay carrier replay_phase_B_partial_restart
t=02722 alpha replay carrier replay_phase_B_partial_restart
t=02723 alpha replay carrier replay_phase_B_partial_restart
t=02724 alpha replay carrier replay_phase_B_partial_restart
t=02725 alpha replay carrier replay_phase_B_partial_restart
t=02726 alpha replay carrier replay_phase_B_partial_restart
t=02727 alpha replay carrier replay_phase_B_partial_restart
t=02728 alpha replay carrier replay_phase_B_partial_restart
t=02729 alpha replay carrier replay_phase_B_partial_restart
t=02730 alpha replay carrier replay_phase_B_partial_restart
t=02731 alpha replay carrier replay_phase_B_partial_restart
t=02732 alpha replay carrier replay_phase_B_partial_restart
t=02733 alpha replay carrier replay_phase_B_partial_restart
t=02734 alpha replay carrier replay_phase_B_partial_restart
t=02735 alpha replay carrier replay_phase_B_partial_restart
t=02736 alpha replay carrier replay_phase_B_partial_restart
t=02737 alpha replay carrier replay_phase_B_partial_restart
t=02738 alpha replay carrier replay_phase_B_partial_restart
t=02739 alpha replay carrier replay_phase_B_partial_restart
t=02740 alpha replay carrier replay_phase_B_partial_restart
t=02741 alpha replay carrier replay_phase_B_partial_restart
t=02742 alpha replay carrier replay_phase_B_partial_restart
t=02743 alpha replay carrier replay_phase_B_partial_restart
t=02744 alpha replay carrier replay_phase_B_partial_restart
t=02745 beta replay carrier replay_phase_B_partial_restart
t=02746 beta replay carrier replay_phase_B_partial_restart
t=02747 beta replay carrier replay_phase_B_partial_restart
t=02748 beta replay carrier replay_phase_B_partial_restart
t=02749 beta replay carrier replay_phase_B_partial_restart
t=02750 beta replay carrier replay_phase_B_partial_restart
t=02751 beta replay carrier replay_phase_B_partial_restart
t=02752 beta replay carrier replay_phase_B_partial_restart
t=02753 beta replay carrier replay_phase_B_partial_restart
t=02754 beta replay carrier replay_phase_B_partial_restart
t=02755 beta replay carrier replay_phase_B_partial_restart
t=02756 beta replay carrier replay_phase_B_partial_restart
t=02757 beta replay carrier replay_phase_B_partial_restart
t=02758 beta replay carrier replay_phase_B_partial_restart
t=02759 beta replay carrier replay_phase_B_partial_restart
t=02760 beta replay carrier replay_phase_B_partial_restart
t=02761 beta replay carrier replay_phase_B_partial_restart
t=02762 beta replay carrier replay_phase_B_partial_restart
t=02763 beta replay carrier replay_phase_B_partial_restart
t=02764 beta replay carrier replay_phase_B_partial_restart
t=02765 beta replay carrier replay_phase_B_partial_restart
t=02766 beta replay carrier replay_phase_B_partial_restart
t=02767 beta replay carrier replay_phase_B_partial_restart
t=02768 beta replay carrier replay_phase_B_partial_restart
t=02769 beta replay carrier replay_phase_B_partial_restart
t=02770 beta replay carrier replay_phase_B_partial_restart
t=02771 beta replay carrier replay_phase_B_partial_restart
t=02772 beta replay carrier replay_phase_B_partial_restart
t=02773 beta replay carrier replay_phase_B_partial_restart
t=02774 beta replay carrier replay_phase_B_partial_restart
t=02775 beta replay carrier replay_phase_B_partial_restart
t=02776 beta replay carrier replay_phase_B_partial_restart
t=02777 beta replay carrier replay_phase_B_partial_restart
t=02778 beta replay carrier replay_phase_B_partial_restart
t=02779 beta replay carrier replay_phase_B_partial_restart
t=02780 beta replay carrier replay_phase_B_partial_restart
t=02781 beta replay carrier replay_phase_B_partial_restart
t=02782 beta replay carrier replay_phase_B_partial_restart
t=02783 beta replay carrier replay_phase_B_partial_restart
t=02784 beta replay carrier replay_phase_B_partial_restart
t=02785 beta replay carrier replay_phase_B_partial_restart
t=02786 beta replay carrier replay_phase_B_partial_restart
t=02787 beta replay carrier replay_phase_B_partial_restart
t=02788 beta replay carrier replay_phase_B_partial_restart
t=02789 beta replay carrier replay_phase_B_partial_restart
t=02790 epsilon altered carrier replay_phase_B_partial_restart
t=02791 epsilon altered carrier replay_phase_B_partial_restart
t=02792 epsilon altered carrier replay_phase_B_partial_restart
t=02793 epsilon altered carrier replay_phase_B_partial_restart
t=02794 epsilon altered carrier replay_phase_B_partial_restart
t=02795 epsilon altered carrier replay_phase_B_partial_restart
t=02796 epsilon altered carrier replay_phase_B_partial_restart
t=02797 epsilon altered carrier replay_phase_B_partial_restart
t=02798 epsilon altered carrier replay_phase_B_partial_restart
t=02799 epsilon altered carrier replay_phase_B_partial_restart
t=02800 epsilon altered carrier replay_phase_B_partial_restart
t=02801 epsilon altered carrier replay_phase_B_partial_restart
t=02802 epsilon altered carrier replay_phase_B_partial_restart
t=02803 epsilon altered carrier replay_phase_B_partial_restart
t=02804 epsilon altered carrier replay_phase_B_partial_restart
t=02805 epsilon altered carrier replay_phase_B_partial_restart
t=02806 epsilon altered carrier replay_phase_B_partial_restart
t=02807 epsilon altered carrier replay_phase_B_partial_restart
t=02808 epsilon altered carrier replay_phase_B_partial_restart
t=02809 epsilon altered carrier replay_phase_B_partial_restart
t=02810 epsilon altered carrier replay_phase_B_partial_restart
t=02811 epsilon altered carrier replay_phase_B_partial_restart
t=02812 epsilon altered carrier replay_phase_B_partial_restart
t=02813 epsilon altered carrier replay_phase_B_partial_restart
t=02814 epsilon altered carrier replay_phase_B_partial_restart
t=02815 epsilon altered carrier replay_phase_B_partial_restart
t=02816 epsilon altered carrier replay_phase_B_partial_restart
t=02817 epsilon altered carrier replay_phase_B_partial_restart
t=02818 epsilon altered carrier replay_phase_B_partial_restart
t=02819 epsilon altered carrier replay_phase_B_partial_restart
t=02820 epsilon altered carrier replay_phase_B_partial_restart
t=02821 epsilon altered carrier replay_phase_B_partial_restart
t=02822 epsilon altered carrier replay_phase_B_partial_restart
t=02823 epsilon altered carrier replay_phase_B_partial_restart
t=02824 epsilon altered carrier replay_phase_B_partial_restart
t=02825 epsilon altered carrier replay_phase_B_partial_restart
t=02826 epsilon altered carrier replay_phase_B_partial_restart
t=02827 epsilon altered carrier replay_phase_B_partial_restart
t=02828 epsilon altered carrier replay_phase_B_partial_restart
t=02829 epsilon altered carrier replay_phase_B_partial_restart
t=02830 epsilon altered carrier replay_phase_B_partial_restart
t=02831 epsilon altered carrier replay_phase_B_partial_restart
t=02832 epsilon altered carrier replay_phase_B_partial_restart
t=02833 epsilon altered carrier replay_phase_B_partial_restart
t=02834 epsilon altered carrier replay_phase_B_partial_restart
t=02835 delta replay carrier replay_phase_B_partial_restart
t=02836 delta replay carrier replay_phase_B_partial_restart
t=02837 delta replay carrier replay_phase_B_partial_restart
t=02838 delta replay carrier replay_phase_B_partial_restart
t=02839 delta replay carrier replay_phase_B_partial_restart
t=02840 delta replay carrier replay_phase_B_partial_restart
t=02841 delta replay carrier replay_phase_B_partial_restart
t=02842 delta replay carrier replay_phase_B_partial_restart
t=02843 delta replay carrier replay_phase_B_partial_restart
t=02844 delta replay carrier replay_phase_B_partial_restart
t=02845 delta replay carrier replay_phase_B_partial_restart
t=02846 delta replay carrier replay_phase_B_partial_restart
t=02847 delta replay carrier replay_phase_B_partial_restart
t=02848 delta replay carrier replay_phase_B_partial_restart
t=02849 delta replay carrier replay_phase_B_partial_restart
t=02850 delta replay carrier replay_phase_B_partial_restart
t=02851 delta replay carrier replay_phase_B_partial_restart
t=02852 delta replay carrier replay_phase_B_partial_restart
t=02853 delta replay carrier replay_phase_B_partial_restart
t=02854 delta replay carrier replay_phase_B_partial_restart
t=02855 delta replay carrier replay_phase_B_partial_restart
t=02856 delta replay carrier replay_phase_B_partial_restart
t=02857 delta replay carrier replay_phase_B_partial_restart
t=02858 delta replay carrier replay_phase_B_partial_restart
t=02859 delta replay carrier replay_phase_B_partial_restart
t=02860 delta replay carrier replay_phase_B_partial_restart
t=02861 delta replay carrier replay_phase_B_partial_restart
t=02862 delta replay carrier replay_phase_B_partial_restart
t=02863 delta replay carrier replay_phase_B_partial_restart
t=02864 delta replay carrier replay_phase_B_partial_restart
t=02865 delta replay carrier replay_phase_B_partial_restart
t=02866 delta replay carrier replay_phase_B_partial_restart
t=02867 delta replay carrier replay_phase_B_partial_restart
t=02868 delta replay carrier replay_phase_B_partial_restart
t=02869 delta replay carrier replay_phase_B_partial_restart
t=02870 delta replay carrier replay_phase_B_partial_restart
t=02871 delta replay carrier replay_phase_B_partial_restart
t=02872 delta replay carrier replay_phase_B_partial_restart
t=02873 delta replay carrier replay_phase_B_partial_restart
t=02874 delta replay carrier replay_phase_B_partial_restart
t=02875 delta replay carrier replay_phase_B_partial_restart
t=02876 delta replay carrier replay_phase_B_partial_restart
t=02877 delta replay carrier replay_phase_B_partial_restart
t=02878 delta replay carrier replay_phase_B_partial_restart
t=02879 delta replay carrier replay_phase_B_partial_restart
t=02880 alpha replay carrier replay_phase_B_partial_restart
t=02881 alpha replay carrier replay_phase_B_partial_restart
t=02882 alpha replay carrier replay_phase_B_partial_restart
t=02883 alpha replay carrier replay_phase_B_partial_restart
t=02884 alpha replay carrier replay_phase_B_partial_restart
t=02885 alpha replay carrier replay_phase_B_partial_restart
t=02886 alpha replay carrier replay_phase_B_partial_restart
t=02887 alpha replay carrier replay_phase_B_partial_restart
t=02888 alpha replay carrier replay_phase_B_partial_restart
t=02889 alpha replay carrier replay_phase_B_partial_restart
t=02890 alpha replay carrier replay_phase_B_partial_restart
t=02891 alpha replay carrier replay_phase_B_partial_restart
t=02892 alpha replay carrier replay_phase_B_partial_restart
t=02893 alpha replay carrier replay_phase_B_partial_restart
t=02894 alpha replay carrier replay_phase_B_partial_restart
t=02895 alpha replay carrier replay_phase_B_partial_restart
t=02896 alpha replay carrier replay_phase_B_partial_restart
t=02897 alpha replay carrier replay_phase_B_partial_restart
t=02898 alpha replay carrier replay_phase_B_partial_restart
t=02899 alpha replay carrier replay_phase_B_partial_restart
t=02900 alpha replay carrier replay_phase_B_partial_restart
t=02901 alpha replay carrier replay_phase_B_partial_restart
t=02902 alpha replay carrier replay_phase_B_partial_restart
t=02903 alpha replay carrier replay_phase_B_partial_restart
t=02904 alpha replay carrier replay_phase_B_partial_restart
t=02905 alpha replay carrier replay_phase_B_partial_restart
t=02906 alpha replay carrier replay_phase_B_partial_restart
t=02907 alpha replay carrier replay_phase_B_partial_restart
t=02908 alpha replay carrier replay_phase_B_partial_restart
t=02909 alpha replay carrier replay_phase_B_partial_restart
t=02910 alpha replay carrier replay_phase_B_partial_restart
t=02911 alpha replay carrier replay_phase_B_partial_restart
t=02912 alpha replay carrier replay_phase_B_partial_restart
t=02913 alpha replay carrier replay_phase_B_partial_restart
t=02914 alpha replay carrier replay_phase_B_partial_restart
t=02915 alpha replay carrier replay_phase_B_partial_restart
t=02916 alpha replay carrier replay_phase_B_partial_restart
t=02917 alpha replay carrier replay_phase_B_partial_restart
t=02918 alpha replay carrier replay_phase_B_partial_restart
t=02919 alpha replay carrier replay_phase_B_partial_restart
t=02920 alpha replay carrier replay_phase_B_partial_restart
t=02921 alpha replay carrier replay_phase_B_partial_restart
t=02922 alpha replay carrier replay_phase_B_partial_restart
t=02923 alpha replay carrier replay_phase_B_partial_restart
t=02924 alpha replay carrier replay_phase_B_partial_restart
t=02925 beta replay carrier replay_phase_B_partial_restart
t=02926 beta replay carrier replay_phase_B_partial_restart
t=02927 beta replay carrier replay_phase_B_partial_restart
t=02928 beta replay carrier replay_phase_B_partial_restart
t=02929 beta replay carrier replay_phase_B_partial_restart
t=02930 beta replay carrier replay_phase_B_partial_restart
t=02931 beta replay carrier replay_phase_B_partial_restart
t=02932 beta replay carrier replay_phase_B_partial_restart
t=02933 beta replay carrier replay_phase_B_partial_restart
t=02934 beta replay carrier replay_phase_B_partial_restart
t=02935 beta replay carrier replay_phase_B_partial_restart
t=02936 beta replay carrier replay_phase_B_partial_restart
t=02937 beta replay carrier replay_phase_B_partial_restart
t=02938 beta replay carrier replay_phase_B_partial_restart
t=02939 beta replay carrier replay_phase_B_partial_restart
t=02940 beta replay carrier replay_phase_B_partial_restart
t=02941 beta replay carrier replay_phase_B_partial_restart
t=02942 beta replay carrier replay_phase_B_partial_restart
t=02943 beta replay carrier replay_phase_B_partial_restart
t=02944 beta replay carrier replay_phase_B_partial_restart
t=02945 beta replay carrier replay_phase_B_partial_restart
t=02946 beta replay carrier replay_phase_B_partial_restart
t=02947 beta replay carrier replay_phase_B_partial_restart
t=02948 beta replay carrier replay_phase_B_partial_restart
t=02949 beta replay carrier replay_phase_B_partial_restart
t=02950 beta replay carrier replay_phase_B_partial_restart
t=02951 beta replay carrier replay_phase_B_partial_restart
t=02952 beta replay carrier replay_phase_B_partial_restart
t=02953 beta replay carrier replay_phase_B_partial_restart
t=02954 beta replay carrier replay_phase_B_partial_restart
t=02955 beta replay carrier replay_phase_B_partial_restart
t=02956 beta replay carrier replay_phase_B_partial_restart
t=02957 beta replay carrier replay_phase_B_partial_restart
t=02958 beta replay carrier replay_phase_B_partial_restart
t=02959 beta replay carrier replay_phase_B_partial_restart
t=02960 beta replay carrier replay_phase_B_partial_restart
t=02961 beta replay carrier replay_phase_B_partial_restart
t=02962 beta replay carrier replay_phase_B_partial_restart
t=02963 beta replay carrier replay_phase_B_partial_restart
t=02964 beta replay carrier replay_phase_B_partial_restart
t=02965 beta replay carrier replay_phase_B_partial_restart
t=02966 beta replay carrier replay_phase_B_partial_restart
t=02967 beta replay carrier replay_phase_B_partial_restart
t=02968 beta replay carrier replay_phase_B_partial_restart
t=02969 beta replay carrier replay_phase_B_partial_restart
t=02970 epsilon altered carrier replay_phase_B_partial_restart
t=02971 epsilon altered carrier replay_phase_B_partial_restart
t=02972 epsilon altered carrier replay_phase_B_partial_restart
t=02973 epsilon altered carrier replay_phase_B_partial_restart
t=02974 epsilon altered carrier replay_phase_B_partial_restart
t=02975 epsilon altered carrier replay_phase_B_partial_restart
t=02976 epsilon altered carrier replay_phase_B_partial_restart
t=02977 epsilon altered carrier replay_phase_B_partial_restart
t=02978 epsilon altered carrier replay_phase_B_partial_restart
t=02979 epsilon altered carrier replay_phase_B_partial_restart
t=02980 epsilon altered carrier replay_phase_B_partial_restart
t=02981 epsilon altered carrier replay_phase_B_partial_restart
t=02982 epsilon altered carrier replay_phase_B_partial_restart
t=02983 epsilon altered carrier replay_phase_B_partial_restart
t=02984 epsilon altered carrier replay_phase_B_partial_restart
t=02985 epsilon altered carrier replay_phase_B_partial_restart
t=02986 epsilon altered carrier replay_phase_B_partial_restart
t=02987 epsilon altered carrier replay_phase_B_partial_restart
t=02988 epsilon altered carrier replay_phase_B_partial_restart
t=02989 epsilon altered carrier replay_phase_B_partial_restart
t=02990 epsilon altered carrier replay_phase_B_partial_restart
t=02991 epsilon altered carrier replay_phase_B_partial_restart
t=02992 epsilon altered carrier replay_phase_B_partial_restart
t=02993 epsilon altered carrier replay_phase_B_partial_restart
t=02994 epsilon altered carrier replay_phase_B_partial_restart
t=02995 epsilon altered carrier replay_phase_B_partial_restart
t=02996 epsilon altered carrier replay_phase_B_partial_restart
t=02997 epsilon altered carrier replay_phase_B_partial_restart
t=02998 epsilon altered carrier replay_phase_B_partial_restart
t=02999 epsilon altered carrier replay_phase_B_partial_restart
t=03000 epsilon altered carrier replay_phase_B_partial_restart
t=03001 epsilon altered carrier replay_phase_B_partial_restart
t=03002 epsilon altered carrier replay_phase_B_partial_restart
t=03003 epsilon altered carrier replay_phase_B_partial_restart
t=03004 epsilon altered carrier replay_phase_B_partial_restart
t=03005 epsilon altered carrier replay_phase_B_partial_restart
t=03006 epsilon altered carrier replay_phase_B_partial_restart
t=03007 epsilon altered carrier replay_phase_B_partial_restart
t=03008 epsilon altered carrier replay_phase_B_partial_restart
t=03009 epsilon altered carrier replay_phase_B_partial_restart
t=03010 epsilon altered carrier replay_phase_B_partial_restart
t=03011 epsilon altered carrier replay_phase_B_partial_restart
t=03012 epsilon altered carrier replay_phase_B_partial_restart
t=03013 epsilon altered carrier replay_phase_B_partial_restart
t=03014 epsilon altered carrier replay_phase_B_partial_restart
t=03015 delta replay carrier replay_phase_B_partial_restart
t=03016 delta replay carrier replay_phase_B_partial_restart
t=03017 delta replay carrier replay_phase_B_partial_restart
t=03018 delta replay carrier replay_phase_B_partial_restart
t=03019 delta replay carrier replay_phase_B_partial_restart
t=03020 delta replay carrier replay_phase_B_partial_restart
t=03021 delta replay carrier replay_phase_B_partial_restart
t=03022 delta replay carrier replay_phase_B_partial_restart
t=03023 delta replay carrier replay_phase_B_partial_restart
t=03024 delta replay carrier replay_phase_B_partial_restart
t=03025 delta replay carrier replay_phase_B_partial_restart
t=03026 delta replay carrier replay_phase_B_partial_restart
t=03027 delta replay carrier replay_phase_B_partial_restart
t=03028 delta replay carrier replay_phase_B_partial_restart
t=03029 delta replay carrier replay_phase_B_partial_restart
t=03030 delta replay carrier replay_phase_B_partial_restart
t=03031 delta replay carrier replay_phase_B_partial_restart
t=03032 delta replay carrier replay_phase_B_partial_restart
t=03033 delta replay carrier replay_phase_B_partial_restart
t=03034 delta replay carrier replay_phase_B_partial_restart
t=03035 delta replay carrier replay_phase_B_partial_restart
t=03036 delta replay carrier replay_phase_B_partial_restart
t=03037 delta replay carrier replay_phase_B_partial_restart
t=03038 delta replay carrier replay_phase_B_partial_restart
t=03039 delta replay carrier replay_phase_B_partial_restart
t=03040 delta replay carrier replay_phase_B_partial_restart
t=03041 delta replay carrier replay_phase_B_partial_restart
t=03042 delta replay carrier replay_phase_B_partial_restart
t=03043 delta replay carrier replay_phase_B_partial_restart
t=03044 delta replay carrier replay_phase_B_partial_restart
t=03045 delta replay carrier replay_phase_B_partial_restart
t=03046 delta replay carrier replay_phase_B_partial_restart
t=03047 delta replay carrier replay_phase_B_partial_restart
t=03048 delta replay carrier replay_phase_B_partial_restart
t=03049 delta replay carrier replay_phase_B_partial_restart
t=03050 delta replay carrier replay_phase_B_partial_restart
t=03051 delta replay carrier replay_phase_B_partial_restart
t=03052 delta replay carrier replay_phase_B_partial_restart
t=03053 delta replay carrier replay_phase_B_partial_restart
t=03054 delta replay carrier replay_phase_B_partial_restart
t=03055 delta replay carrier replay_phase_B_partial_restart
t=03056 delta replay carrier replay_phase_B_partial_restart
t=03057 delta replay carrier replay_phase_B_partial_restart
t=03058 delta replay carrier replay_phase_B_partial_restart
t=03059 delta replay carrier replay_phase_B_partial_restart
t=03060 alpha replay carrier replay_phase_B_partial_restart
t=03061 alpha replay carrier replay_phase_B_partial_restart
t=03062 alpha replay carrier replay_phase_B_partial_restart
t=03063 alpha replay carrier replay_phase_B_partial_restart
t=03064 alpha replay carrier replay_phase_B_partial_restart
t=03065 alpha replay carrier replay_phase_B_partial_restart
t=03066 alpha replay carrier replay_phase_B_partial_restart
t=03067 alpha replay carrier replay_phase_B_partial_restart
t=03068 alpha replay carrier replay_phase_B_partial_restart
t=03069 alpha replay carrier replay_phase_B_partial_restart
t=03070 alpha replay carrier replay_phase_B_partial_restart
t=03071 alpha replay carrier replay_phase_B_partial_restart
t=03072 alpha replay carrier replay_phase_B_partial_restart
t=03073 alpha replay carrier replay_phase_B_partial_restart
t=03074 alpha replay carrier replay_phase_B_partial_restart
t=03075 alpha replay carrier replay_phase_B_partial_restart
t=03076 alpha replay carrier replay_phase_B_partial_restart
t=03077 alpha replay carrier replay_phase_B_partial_restart
t=03078 alpha replay carrier replay_phase_B_partial_restart
t=03079 alpha replay carrier replay_phase_B_partial_restart
t=03080 alpha replay carrier replay_phase_B_partial_restart
t=03081 alpha replay carrier replay_phase_B_partial_restart
t=03082 alpha replay carrier replay_phase_B_partial_restart
t=03083 alpha replay carrier replay_phase_B_partial_restart
t=03084 alpha replay carrier replay_phase_B_partial_restart
t=03085 alpha replay carrier replay_phase_B_partial_restart
t=03086 alpha replay carrier replay_phase_B_partial_restart
t=03087 alpha replay carrier replay_phase_B_partial_restart
t=03088 alpha replay carrier replay_phase_B_partial_restart
t=03089 alpha replay carrier replay_phase_B_partial_restart
t=03090 alpha replay carrier replay_phase_B_partial_restart
t=03091 alpha replay carrier replay_phase_B_partial_restart
t=03092 alpha replay carrier replay_phase_B_partial_restart
t=03093 alpha replay carrier replay_phase_B_partial_restart
t=03094 alpha replay carrier replay_phase_B_partial_restart
t=03095 alpha replay carrier replay_phase_B_partial_restart
t=03096 alpha replay carrier replay_phase_B_partial_restart
t=03097 alpha replay carrier replay_phase_B_partial_restart
t=03098 alpha replay carrier replay_phase_B_partial_restart
t=03099 alpha replay carrier replay_phase_B_partial_restart
t=03100 alpha replay carrier replay_phase_B_partial_restart
t=03101 alpha replay carrier replay_phase_B_partial_restart
t=03102 alpha replay carrier replay_phase_B_partial_restart
t=03103 alpha replay carrier replay_phase_B_partial_restart
t=03104 alpha replay carrier replay_phase_B_partial_restart
t=03105 beta replay carrier replay_phase_B_partial_restart
t=03106 beta replay carrier replay_phase_B_partial_restart
t=03107 beta replay carrier replay_phase_B_partial_restart
t=03108 beta replay carrier replay_phase_B_partial_restart
t=03109 beta replay carrier replay_phase_B_partial_restart
t=03110 beta replay carrier replay_phase_B_partial_restart
t=03111 beta replay carrier replay_phase_B_partial_restart
t=03112 beta replay carrier replay_phase_B_partial_restart
t=03113 beta replay carrier replay_phase_B_partial_restart
t=03114 beta replay carrier replay_phase_B_partial_restart
t=03115 beta replay carrier replay_phase_B_partial_restart
t=03116 beta replay carrier replay_phase_B_partial_restart
t=03117 beta replay carrier replay_phase_B_partial_restart
t=03118 beta replay carrier replay_phase_B_partial_restart
t=03119 beta replay carrier replay_phase_B_partial_restart
t=03120 beta replay carrier replay_phase_B_partial_restart
t=03121 beta replay carrier replay_phase_B_partial_restart
t=03122 beta replay carrier replay_phase_B_partial_restart
t=03123 beta replay carrier replay_phase_B_partial_restart
t=03124 beta replay carrier replay_phase_B_partial_restart
t=03125 beta replay carrier replay_phase_B_partial_restart
t=03126 beta replay carrier replay_phase_B_partial_restart
t=03127 beta replay carrier replay_phase_B_partial_restart
t=03128 beta replay carrier replay_phase_B_partial_restart
t=03129 beta replay carrier replay_phase_B_partial_restart
t=03130 beta replay carrier replay_phase_B_partial_restart
t=03131 beta replay carrier replay_phase_B_partial_restart
t=03132 beta replay carrier replay_phase_B_partial_restart
t=03133 beta replay carrier replay_phase_B_partial_restart
t=03134 beta replay carrier replay_phase_B_partial_restart
t=03135 beta replay carrier replay_phase_B_partial_restart
t=03136 beta replay carrier replay_phase_B_partial_restart
t=03137 beta replay carrier replay_phase_B_partial_restart
t=03138 beta replay carrier replay_phase_B_partial_restart
t=03139 beta replay carrier replay_phase_B_partial_restart
t=03140 beta replay carrier replay_phase_B_partial_restart
t=03141 beta replay carrier replay_phase_B_partial_restart
t=03142 beta replay carrier replay_phase_B_partial_restart
t=03143 beta replay carrier replay_phase_B_partial_restart
t=03144 beta replay carrier replay_phase_B_partial_restart
t=03145 beta replay carrier replay_phase_B_partial_restart
t=03146 beta replay carrier replay_phase_B_partial_restart
t=03147 beta replay carrier replay_phase_B_partial_restart
t=03148 beta replay carrier replay_phase_B_partial_restart
t=03149 beta replay carrier replay_phase_B_partial_restart
t=03150 epsilon altered carrier replay_phase_B_partial_restart
t=03151 epsilon altered carrier replay_phase_B_partial_restart
t=03152 epsilon altered carrier replay_phase_B_partial_restart
t=03153 epsilon altered carrier replay_phase_B_partial_restart
t=03154 epsilon altered carrier replay_phase_B_partial_restart
t=03155 epsilon altered carrier replay_phase_B_partial_restart
t=03156 epsilon altered carrier replay_phase_B_partial_restart
t=03157 epsilon altered carrier replay_phase_B_partial_restart
t=03158 epsilon altered carrier replay_phase_B_partial_restart
t=03159 epsilon altered carrier replay_phase_B_partial_restart
t=03160 epsilon altered carrier replay_phase_B_partial_restart
t=03161 epsilon altered carrier replay_phase_B_partial_restart
t=03162 epsilon altered carrier replay_phase_B_partial_restart
t=03163 epsilon altered carrier replay_phase_B_partial_restart
t=03164 epsilon altered carrier replay_phase_B_partial_restart
t=03165 epsilon altered carrier replay_phase_B_partial_restart
t=03166 epsilon altered carrier replay_phase_B_partial_restart
t=03167 epsilon altered carrier replay_phase_B_partial_restart
t=03168 epsilon altered carrier replay_phase_B_partial_restart
t=03169 epsilon altered carrier replay_phase_B_partial_restart
t=03170 epsilon altered carrier replay_phase_B_partial_restart
t=03171 epsilon altered carrier replay_phase_B_partial_restart
t=03172 epsilon altered carrier replay_phase_B_partial_restart
t=03173 epsilon altered carrier replay_phase_B_partial_restart
t=03174 epsilon altered carrier replay_phase_B_partial_restart
t=03175 epsilon altered carrier replay_phase_B_partial_restart
t=03176 epsilon altered carrier replay_phase_B_partial_restart
t=03177 epsilon altered carrier replay_phase_B_partial_restart
t=03178 epsilon altered carrier replay_phase_B_partial_restart
t=03179 epsilon altered carrier replay_phase_B_partial_restart
t=03180 epsilon altered carrier replay_phase_B_partial_restart
t=03181 epsilon altered carrier replay_phase_B_partial_restart
t=03182 epsilon altered carrier replay_phase_B_partial_restart
t=03183 epsilon altered carrier replay_phase_B_partial_restart
t=03184 epsilon altered carrier replay_phase_B_partial_restart
t=03185 epsilon altered carrier replay_phase_B_partial_restart
t=03186 epsilon altered carrier replay_phase_B_partial_restart
t=03187 epsilon altered carrier replay_phase_B_partial_restart
t=03188 epsilon altered carrier replay_phase_B_partial_restart
t=03189 epsilon altered carrier replay_phase_B_partial_restart
t=03190 epsilon altered carrier replay_phase_B_partial_restart
t=03191 epsilon altered carrier replay_phase_B_partial_restart
t=03192 epsilon altered carrier replay_phase_B_partial_restart
t=03193 epsilon altered carrier replay_phase_B_partial_restart
t=03194 epsilon altered carrier replay_phase_B_partial_restart
t=03195 delta replay carrier replay_phase_B_partial_restart
t=03196 delta replay carrier replay_phase_B_partial_restart
t=03197 delta replay carrier replay_phase_B_partial_restart
t=03198 delta replay carrier replay_phase_B_partial_restart
t=03199 delta replay carrier replay_phase_B_partial_restart
t=03200 delta replay carrier replay_phase_B_partial_restart
t=03201 delta replay carrier replay_phase_B_partial_restart
t=03202 delta replay carrier replay_phase_B_partial_restart
t=03203 delta replay carrier replay_phase_B_partial_restart
t=03204 delta replay carrier replay_phase_B_partial_restart
t=03205 delta replay carrier replay_phase_B_partial_restart
t=03206 delta replay carrier replay_phase_B_partial_restart
t=03207 delta replay carrier replay_phase_B_partial_restart
t=03208 delta replay carrier replay_phase_B_partial_restart
t=03209 delta replay carrier replay_phase_B_partial_restart
t=03210 delta replay carrier replay_phase_B_partial_restart
t=03211 delta replay carrier replay_phase_B_partial_restart
t=03212 delta replay carrier replay_phase_B_partial_restart
t=03213 delta replay carrier replay_phase_B_partial_restart
t=03214 delta replay carrier replay_phase_B_partial_restart
t=03215 delta replay carrier replay_phase_B_partial_restart
t=03216 delta replay carrier replay_phase_B_partial_restart
t=03217 delta replay carrier replay_phase_B_partial_restart
t=03218 delta replay carrier replay_phase_B_partial_restart
t=03219 delta replay carrier replay_phase_B_partial_restart
t=03220 delta replay carrier replay_phase_B_partial_restart
t=03221 delta replay carrier replay_phase_B_partial_restart
t=03222 delta replay carrier replay_phase_B_partial_restart
t=03223 delta replay carrier replay_phase_B_partial_restart
t=03224 delta replay carrier replay_phase_B_partial_restart
t=03225 delta replay carrier replay_phase_B_partial_restart
t=03226 delta replay carrier replay_phase_B_partial_restart
t=03227 delta replay carrier replay_phase_B_partial_restart
t=03228 delta replay carrier replay_phase_B_partial_restart
t=03229 delta replay carrier replay_phase_B_partial_restart
t=03230 delta replay carrier replay_phase_B_partial_restart
t=03231 delta replay carrier replay_phase_B_partial_restart
t=03232 delta replay carrier replay_phase_B_partial_restart
t=03233 delta replay carrier replay_phase_B_partial_restart
t=03234 delta replay carrier replay_phase_B_partial_restart
t=03235 delta replay carrier replay_phase_B_partial_restart
t=03236 delta replay carrier replay_phase_B_partial_restart
t=03237 delta replay carrier replay_phase_B_partial_restart
t=03238 delta replay carrier replay_phase_B_partial_restart
t=03239 delta replay carrier replay_phase_B_partial_restart
t=03240 alpha replay carrier replay_phase_B_partial_restart
t=03241 alpha replay carrier replay_phase_B_partial_restart
t=03242 alpha replay carrier replay_phase_B_partial_restart
t=03243 alpha replay carrier replay_phase_B_partial_restart
t=03244 alpha replay carrier replay_phase_B_partial_restart
t=03245 alpha replay carrier replay_phase_B_partial_restart
t=03246 alpha replay carrier replay_phase_B_partial_restart
t=03247 alpha replay carrier replay_phase_B_partial_restart
t=03248 alpha replay carrier replay_phase_B_partial_restart
t=03249 alpha replay carrier replay_phase_B_partial_restart
t=03250 alpha replay carrier replay_phase_B_partial_restart
t=03251 alpha replay carrier replay_phase_B_partial_restart
t=03252 alpha replay carrier replay_phase_B_partial_restart
t=03253 alpha replay carrier replay_phase_B_partial_restart
t=03254 alpha replay carrier replay_phase_B_partial_restart
t=03255 alpha replay carrier replay_phase_B_partial_restart
t=03256 alpha replay carrier replay_phase_B_partial_restart
t=03257 alpha replay carrier replay_phase_B_partial_restart
t=03258 alpha replay carrier replay_phase_B_partial_restart
t=03259 alpha replay carrier replay_phase_B_partial_restart
t=03260 alpha replay carrier replay_phase_B_partial_restart
t=03261 alpha replay carrier replay_phase_B_partial_restart
t=03262 alpha replay carrier replay_phase_B_partial_restart
t=03263 alpha replay carrier replay_phase_B_partial_restart
t=03264 alpha replay carrier replay_phase_B_partial_restart
t=03265 alpha replay carrier replay_phase_B_partial_restart
t=03266 alpha replay carrier replay_phase_B_partial_restart
t=03267 alpha replay carrier replay_phase_B_partial_restart
t=03268 alpha replay carrier replay_phase_B_partial_restart
t=03269 alpha replay carrier replay_phase_B_partial_restart
t=03270 alpha replay carrier replay_phase_B_partial_restart
t=03271 alpha replay carrier replay_phase_B_partial_restart
t=03272 alpha replay carrier replay_phase_B_partial_restart
t=03273 alpha replay carrier replay_phase_B_partial_restart
t=03274 alpha replay carrier replay_phase_B_partial_restart
t=03275 alpha replay carrier replay_phase_B_partial_restart
t=03276 alpha replay carrier replay_phase_B_partial_restart
t=03277 alpha replay carrier replay_phase_B_partial_restart
t=03278 alpha replay carrier replay_phase_B_partial_restart
t=03279 alpha replay carrier replay_phase_B_partial_restart
t=03280 alpha replay carrier replay_phase_B_partial_restart
t=03281 alpha replay carrier replay_phase_B_partial_restart
t=03282 alpha replay carrier replay_phase_B_partial_restart
t=03283 alpha replay carrier replay_phase_B_partial_restart
t=03284 alpha replay carrier replay_phase_B_partial_restart
t=03285 beta replay carrier replay_phase_B_partial_restart
t=03286 beta replay carrier replay_phase_B_partial_restart
t=03287 beta replay carrier replay_phase_B_partial_restart
t=03288 beta replay carrier replay_phase_B_partial_restart
t=03289 beta replay carrier replay_phase_B_partial_restart
t=03290 beta replay carrier replay_phase_B_partial_restart
t=03291 beta replay carrier replay_phase_B_partial_restart
t=03292 beta replay carrier replay_phase_B_partial_restart
t=03293 beta replay carrier replay_phase_B_partial_restart
t=03294 beta replay carrier replay_phase_B_partial_restart
t=03295 beta replay carrier replay_phase_B_partial_restart
t=03296 beta replay carrier replay_phase_B_partial_restart
t=03297 beta replay carrier replay_phase_B_partial_restart
t=03298 beta replay carrier replay_phase_B_partial_restart
t=03299 beta replay carrier replay_phase_B_partial_restart
t=03300 beta replay carrier replay_phase_B_partial_restart
t=03301 beta replay carrier replay_phase_B_partial_restart
t=03302 beta replay carrier replay_phase_B_partial_restart
t=03303 beta replay carrier replay_phase_B_partial_restart
t=03304 beta replay carrier replay_phase_B_partial_restart
t=03305 beta replay carrier replay_phase_B_partial_restart
t=03306 beta replay carrier replay_phase_B_partial_restart
t=03307 beta replay carrier replay_phase_B_partial_restart
t=03308 beta replay carrier replay_phase_B_partial_restart
t=03309 beta replay carrier replay_phase_B_partial_restart
t=03310 beta replay carrier replay_phase_B_partial_restart
t=03311 beta replay carrier replay_phase_B_partial_restart
t=03312 beta replay carrier replay_phase_B_partial_restart
t=03313 beta replay carrier replay_phase_B_partial_restart
t=03314 beta replay carrier replay_phase_B_partial_restart
t=03315 beta replay carrier replay_phase_B_partial_restart
t=03316 beta replay carrier replay_phase_B_partial_restart
t=03317 beta replay carrier replay_phase_B_partial_restart
t=03318 beta replay carrier replay_phase_B_partial_restart
t=03319 beta replay carrier replay_phase_B_partial_restart
t=03320 beta replay carrier replay_phase_B_partial_restart
t=03321 beta replay carrier replay_phase_B_partial_restart
t=03322 beta replay carrier replay_phase_B_partial_restart
t=03323 beta replay carrier replay_phase_B_partial_restart
t=03324 beta replay carrier replay_phase_B_partial_restart
t=03325 beta replay carrier replay_phase_B_partial_restart
t=03326 beta replay carrier replay_phase_B_partial_restart
t=03327 beta replay carrier replay_phase_B_partial_restart
t=03328 beta replay carrier replay_phase_B_partial_restart
t=03329 beta replay carrier replay_phase_B_partial_restart
t=03330 epsilon altered carrier replay_phase_B_partial_restart
t=03331 epsilon altered carrier replay_phase_B_partial_restart
t=03332 epsilon altered carrier replay_phase_B_partial_restart
t=03333 epsilon altered carrier replay_phase_B_partial_restart
t=03334 epsilon altered carrier replay_phase_B_partial_restart
t=03335 epsilon altered carrier replay_phase_B_partial_restart
t=03336 epsilon altered carrier replay_phase_B_partial_restart
t=03337 epsilon altered carrier replay_phase_B_partial_restart
t=03338 epsilon altered carrier replay_phase_B_partial_restart
t=03339 epsilon altered carrier replay_phase_B_partial_restart
t=03340 epsilon altered carrier replay_phase_B_partial_restart
t=03341 epsilon altered carrier replay_phase_B_partial_restart
t=03342 epsilon altered carrier replay_phase_B_partial_restart
t=03343 epsilon altered carrier replay_phase_B_partial_restart
t=03344 epsilon altered carrier replay_phase_B_partial_restart
t=03345 epsilon altered carrier replay_phase_B_partial_restart
t=03346 epsilon altered carrier replay_phase_B_partial_restart
t=03347 epsilon altered carrier replay_phase_B_partial_restart
t=03348 epsilon altered carrier replay_phase_B_partial_restart
t=03349 epsilon altered carrier replay_phase_B_partial_restart
t=03350 epsilon altered carrier replay_phase_B_partial_restart
t=03351 epsilon altered carrier replay_phase_B_partial_restart
t=03352 epsilon altered carrier replay_phase_B_partial_restart
t=03353 epsilon altered carrier replay_phase_B_partial_restart
t=03354 epsilon altered carrier replay_phase_B_partial_restart
t=03355 epsilon altered carrier replay_phase_B_partial_restart
t=03356 epsilon altered carrier replay_phase_B_partial_restart
t=03357 epsilon altered carrier replay_phase_B_partial_restart
t=03358 epsilon altered carrier replay_phase_B_partial_restart
t=03359 epsilon altered carrier replay_phase_B_partial_restart
t=03360 epsilon altered carrier replay_phase_B_partial_restart
t=03361 epsilon altered carrier replay_phase_B_partial_restart
t=03362 epsilon altered carrier replay_phase_B_partial_restart
t=03363 epsilon altered carrier replay_phase_B_partial_restart
t=03364 epsilon altered carrier replay_phase_B_partial_restart
t=03365 epsilon altered carrier replay_phase_B_partial_restart
t=03366 epsilon altered carrier replay_phase_B_partial_restart
t=03367 epsilon altered carrier replay_phase_B_partial_restart
t=03368 epsilon altered carrier replay_phase_B_partial_restart
t=03369 epsilon altered carrier replay_phase_B_partial_restart
t=03370 epsilon altered carrier replay_phase_B_partial_restart
t=03371 epsilon altered carrier replay_phase_B_partial_restart
t=03372 epsilon altered carrier replay_phase_B_partial_restart
t=03373 epsilon altered carrier replay_phase_B_partial_restart
t=03374 epsilon altered carrier replay_phase_B_partial_restart
t=03375 delta replay carrier replay_phase_B_partial_restart
t=03376 delta replay carrier replay_phase_B_partial_restart
t=03377 delta replay carrier replay_phase_B_partial_restart
t=03378 delta replay carrier replay_phase_B_partial_restart
t=03379 delta replay carrier replay_phase_B_partial_restart
t=03380 delta replay carrier replay_phase_B_partial_restart
t=03381 delta replay carrier replay_phase_B_partial_restart
t=03382 delta replay carrier replay_phase_B_partial_restart
t=03383 delta replay carrier replay_phase_B_partial_restart
t=03384 delta replay carrier replay_phase_B_partial_restart
t=03385 delta replay carrier replay_phase_B_partial_restart
t=03386 delta replay carrier replay_phase_B_partial_restart
t=03387 delta replay carrier replay_phase_B_partial_restart
t=03388 delta replay carrier replay_phase_B_partial_restart
t=03389 delta replay carrier replay_phase_B_partial_restart
t=03390 delta replay carrier replay_phase_B_partial_restart
t=03391 delta replay carrier replay_phase_B_partial_restart
t=03392 delta replay carrier replay_phase_B_partial_restart
t=03393 delta replay carrier replay_phase_B_partial_restart
t=03394 delta replay carrier replay_phase_B_partial_restart
t=03395 delta replay carrier replay_phase_B_partial_restart
t=03396 delta replay carrier replay_phase_B_partial_restart
t=03397 delta replay carrier replay_phase_B_partial_restart
t=03398 delta replay carrier replay_phase_B_partial_restart
t=03399 delta replay carrier replay_phase_B_partial_restart
t=03400 delta replay carrier replay_phase_B_partial_restart
t=03401 delta replay carrier replay_phase_B_partial_restart
t=03402 delta replay carrier replay_phase_B_partial_restart
t=03403 delta replay carrier replay_phase_B_partial_restart
t=03404 delta replay carrier replay_phase_B_partial_restart
t=03405 delta replay carrier replay_phase_B_partial_restart
t=03406 delta replay carrier replay_phase_B_partial_restart
t=03407 delta replay carrier replay_phase_B_partial_restart
t=03408 delta replay carrier replay_phase_B_partial_restart
t=03409 delta replay carrier replay_phase_B_partial_restart
t=03410 delta replay carrier replay_phase_B_partial_restart
t=03411 delta replay carrier replay_phase_B_partial_restart
t=03412 delta replay carrier replay_phase_B_partial_restart
t=03413 delta replay carrier replay_phase_B_partial_restart
t=03414 delta replay carrier replay_phase_B_partial_restart
t=03415 delta replay carrier replay_phase_B_partial_restart
t=03416 delta replay carrier replay_phase_B_partial_restart
t=03417 delta replay carrier replay_phase_B_partial_restart
t=03418 delta replay carrier replay_phase_B_partial_restart
t=03419 delta replay carrier replay_phase_B_partial_restart
t=03420 alpha replay carrier replay_phase_B_partial_restart
t=03421 alpha replay carrier replay_phase_B_partial_restart
t=03422 alpha replay carrier replay_phase_B_partial_restart
t=03423 alpha replay carrier replay_phase_B_partial_restart
t=03424 alpha replay carrier replay_phase_B_partial_restart
t=03425 alpha replay carrier replay_phase_B_partial_restart
t=03426 alpha replay carrier replay_phase_B_partial_restart
t=03427 alpha replay carrier replay_phase_B_partial_restart
t=03428 alpha replay carrier replay_phase_B_partial_restart
t=03429 alpha replay carrier replay_phase_B_partial_restart
t=03430 alpha replay carrier replay_phase_B_partial_restart
t=03431 alpha replay carrier replay_phase_B_partial_restart
t=03432 alpha replay carrier replay_phase_B_partial_restart
t=03433 alpha replay carrier replay_phase_B_partial_restart
t=03434 alpha replay carrier replay_phase_B_partial_restart
t=03435 alpha replay carrier replay_phase_B_partial_restart
t=03436 alpha replay carrier replay_phase_B_partial_restart
t=03437 alpha replay carrier replay_phase_B_partial_restart
t=03438 alpha replay carrier replay_phase_B_partial_restart
t=03439 alpha replay carrier replay_phase_B_partial_restart
t=03440 alpha replay carrier replay_phase_B_partial_restart
t=03441 alpha replay carrier replay_phase_B_partial_restart
t=03442 alpha replay carrier replay_phase_B_partial_restart
t=03443 alpha replay carrier replay_phase_B_partial_restart
t=03444 alpha replay carrier replay_phase_B_partial_restart
t=03445 alpha replay carrier replay_phase_B_partial_restart
t=03446 alpha replay carrier replay_phase_B_partial_restart
t=03447 alpha replay carrier replay_phase_B_partial_restart
t=03448 alpha replay carrier replay_phase_B_partial_restart
t=03449 alpha replay carrier replay_phase_B_partial_restart
t=03450 alpha replay carrier replay_phase_B_partial_restart
t=03451 alpha replay carrier replay_phase_B_partial_restart
t=03452 alpha replay carrier replay_phase_B_partial_restart
t=03453 alpha replay carrier replay_phase_B_partial_restart
t=03454 alpha replay carrier replay_phase_B_partial_restart
t=03455 alpha replay carrier replay_phase_B_partial_restart
t=03456 alpha replay carrier replay_phase_B_partial_restart
t=03457 alpha replay carrier replay_phase_B_partial_restart
t=03458 alpha replay carrier replay_phase_B_partial_restart
t=03459 alpha replay carrier replay_phase_B_partial_restart
t=03460 alpha replay carrier replay_phase_B_partial_restart
t=03461 alpha replay carrier replay_phase_B_partial_restart
t=03462 alpha replay carrier replay_phase_B_partial_restart
t=03463 alpha replay carrier replay_phase_B_partial_restart
t=03464 alpha replay carrier replay_phase_B_partial_restart
t=03465 beta replay carrier replay_phase_B_partial_restart
t=03466 beta replay carrier replay_phase_B_partial_restart
t=03467 beta replay carrier replay_phase_B_partial_restart
t=03468 beta replay carrier replay_phase_B_partial_restart
t=03469 beta replay carrier replay_phase_B_partial_restart
t=03470 beta replay carrier replay_phase_B_partial_restart
t=03471 beta replay carrier replay_phase_B_partial_restart
t=03472 beta replay carrier replay_phase_B_partial_restart
t=03473 beta replay carrier replay_phase_B_partial_restart
t=03474 beta replay carrier replay_phase_B_partial_restart
t=03475 beta replay carrier replay_phase_B_partial_restart
t=03476 beta replay carrier replay_phase_B_partial_restart
t=03477 beta replay carrier replay_phase_B_partial_restart
t=03478 beta replay carrier replay_phase_B_partial_restart
t=03479 beta replay carrier replay_phase_B_partial_restart
t=03480 beta replay carrier replay_phase_B_partial_restart
t=03481 beta replay carrier replay_phase_B_partial_restart
t=03482 beta replay carrier replay_phase_B_partial_restart
t=03483 beta replay carrier replay_phase_B_partial_restart
t=03484 beta replay carrier replay_phase_B_partial_restart
t=03485 beta replay carrier replay_phase_B_partial_restart
t=03486 beta replay carrier replay_phase_B_partial_restart
t=03487 beta replay carrier replay_phase_B_partial_restart
t=03488 beta replay carrier replay_phase_B_partial_restart
t=03489 beta replay carrier replay_phase_B_partial_restart
t=03490 beta replay carrier replay_phase_B_partial_restart
t=03491 beta replay carrier replay_phase_B_partial_restart
t=03492 beta replay carrier replay_phase_B_partial_restart
t=03493 beta replay carrier replay_phase_B_partial_restart
t=03494 beta replay carrier replay_phase_B_partial_restart
t=03495 beta replay carrier replay_phase_B_partial_restart
t=03496 beta replay carrier replay_phase_B_partial_restart
t=03497 beta replay carrier replay_phase_B_partial_restart
t=03498 beta replay carrier replay_phase_B_partial_restart
t=03499 beta replay carrier replay_phase_B_partial_restart
t=03500 beta replay carrier replay_phase_B_partial_restart
t=03501 beta replay carrier replay_phase_B_partial_restart
t=03502 beta replay carrier replay_phase_B_partial_restart
t=03503 beta replay carrier replay_phase_B_partial_restart
t=03504 beta replay carrier replay_phase_B_partial_restart
t=03505 beta replay carrier replay_phase_B_partial_restart
t=03506 beta replay carrier replay_phase_B_partial_restart
t=03507 beta replay carrier replay_phase_B_partial_restart
t=03508 beta replay carrier replay_phase_B_partial_restart
t=03509 beta replay carrier replay_phase_B_partial_restart
t=03510 epsilon altered carrier replay_phase_B_partial_restart
t=03511 epsilon altered carrier replay_phase_B_partial_restart
t=03512 epsilon altered carrier replay_phase_B_partial_restart
t=03513 epsilon altered carrier replay_phase_B_partial_restart
t=03514 epsilon altered carrier replay_phase_B_partial_restart
t=03515 epsilon altered carrier replay_phase_B_partial_restart
t=03516 epsilon altered carrier replay_phase_B_partial_restart
t=03517 epsilon altered carrier replay_phase_B_partial_restart
t=03518 epsilon altered carrier replay_phase_B_partial_restart
t=03519 epsilon altered carrier replay_phase_B_partial_restart
t=03520 epsilon altered carrier replay_phase_B_partial_restart
t=03521 epsilon altered carrier replay_phase_B_partial_restart
t=03522 epsilon altered carrier replay_phase_B_partial_restart
t=03523 epsilon altered carrier replay_phase_B_partial_restart
t=03524 epsilon altered carrier replay_phase_B_partial_restart
t=03525 epsilon altered carrier replay_phase_B_partial_restart
t=03526 epsilon altered carrier replay_phase_B_partial_restart
t=03527 epsilon altered carrier replay_phase_B_partial_restart
t=03528 epsilon altered carrier replay_phase_B_partial_restart
t=03529 epsilon altered carrier replay_phase_B_partial_restart
t=03530 epsilon altered carrier replay_phase_B_partial_restart
t=03531 epsilon altered carrier replay_phase_B_partial_restart
t=03532 epsilon altered carrier replay_phase_B_partial_restart
t=03533 epsilon altered carrier replay_phase_B_partial_restart
t=03534 epsilon altered carrier replay_phase_B_partial_restart
t=03535 epsilon altered carrier replay_phase_B_partial_restart
t=03536 epsilon altered carrier replay_phase_B_partial_restart
t=03537 epsilon altered carrier replay_phase_B_partial_restart
t=03538 epsilon altered carrier replay_phase_B_partial_restart
t=03539 epsilon altered carrier replay_phase_B_partial_restart
t=03540 epsilon altered carrier replay_phase_B_partial_restart
t=03541 epsilon altered carrier replay_phase_B_partial_restart
t=03542 epsilon altered carrier replay_phase_B_partial_restart
t=03543 epsilon altered carrier replay_phase_B_partial_restart
t=03544 epsilon altered carrier replay_phase_B_partial_restart
t=03545 epsilon altered carrier replay_phase_B_partial_restart
t=03546 epsilon altered carrier replay_phase_B_partial_restart
t=03547 epsilon altered carrier replay_phase_B_partial_restart
t=03548 epsilon altered carrier replay_phase_B_partial_restart
t=03549 epsilon altered carrier replay_phase_B_partial_restart
t=03550 epsilon altered carrier replay_phase_B_partial_restart
t=03551 epsilon altered carrier replay_phase_B_partial_restart
t=03552 epsilon altered carrier replay_phase_B_partial_restart
t=03553 epsilon altered carrier replay_phase_B_partial_restart
t=03554 epsilon altered carrier replay_phase_B_partial_restart
t=03555 delta replay carrier replay_phase_B_partial_restart
t=03556 delta replay carrier replay_phase_B_partial_restart
t=03557 delta replay carrier replay_phase_B_partial_restart
t=03558 delta replay carrier replay_phase_B_partial_restart
t=03559 delta replay carrier replay_phase_B_partial_restart
t=03560 delta replay carrier replay_phase_B_partial_restart
t=03561 delta replay carrier replay_phase_B_partial_restart
t=03562 delta replay carrier replay_phase_B_partial_restart
t=03563 delta replay carrier replay_phase_B_partial_restart
t=03564 delta replay carrier replay_phase_B_partial_restart
t=03565 delta replay carrier replay_phase_B_partial_restart
t=03566 delta replay carrier replay_phase_B_partial_restart
t=03567 delta replay carrier replay_phase_B_partial_restart
t=03568 delta replay carrier replay_phase_B_partial_restart
t=03569 delta replay carrier replay_phase_B_partial_restart
t=03570 delta replay carrier replay_phase_B_partial_restart
t=03571 delta replay carrier replay_phase_B_partial_restart
t=03572 delta replay carrier replay_phase_B_partial_restart
t=03573 delta replay carrier replay_phase_B_partial_restart
t=03574 delta replay carrier replay_phase_B_partial_restart
t=03575 delta replay carrier replay_phase_B_partial_restart
t=03576 delta replay carrier replay_phase_B_partial_restart
t=03577 delta replay carrier replay_phase_B_partial_restart
t=03578 delta replay carrier replay_phase_B_partial_restart
t=03579 delta replay carrier replay_phase_B_partial_restart
t=03580 delta replay carrier replay_phase_B_partial_restart
t=03581 delta replay carrier replay_phase_B_partial_restart
t=03582 delta replay carrier replay_phase_B_partial_restart
t=03583 delta replay carrier replay_phase_B_partial_restart
t=03584 delta replay carrier replay_phase_B_partial_restart
t=03585 delta replay carrier replay_phase_B_partial_restart
t=03586 delta replay carrier replay_phase_B_partial_restart
t=03587 delta replay carrier replay_phase_B_partial_restart
t=03588 delta replay carrier replay_phase_B_partial_restart
t=03589 delta replay carrier replay_phase_B_partial_restart
t=03590 delta replay carrier replay_phase_B_partial_restart
t=03591 delta replay carrier replay_phase_B_partial_restart
t=03592 delta replay carrier replay_phase_B_partial_restart
t=03593 delta replay carrier replay_phase_B_partial_restart
t=03594 delta replay carrier replay_phase_B_partial_restart
t=03595 delta replay carrier replay_phase_B_partial_restart
t=03596 delta replay carrier replay_phase_B_partial_restart
t=03597 delta replay carrier replay_phase_B_partial_restart
t=03598 delta replay carrier replay_phase_B_partial_restart
t=03599 delta replay carrier replay_phase_B_partial_restart
t=03600 alpha replay carrier replay_phase_B_partial_restart
t=03601 alpha replay carrier replay_phase_B_partial_restart
t=03602 alpha replay carrier replay_phase_B_partial_restart
t=03603 alpha replay carrier replay_phase_B_partial_restart
t=03604 alpha replay carrier replay_phase_B_partial_restart
t=03605 alpha replay carrier replay_phase_B_partial_restart
t=03606 alpha replay carrier replay_phase_B_partial_restart
t=03607 alpha replay carrier replay_phase_B_partial_restart
t=03608 alpha replay carrier replay_phase_B_partial_restart
t=03609 alpha replay carrier replay_phase_B_partial_restart
t=03610 alpha replay carrier replay_phase_B_partial_restart
t=03611 alpha replay carrier replay_phase_B_partial_restart
t=03612 alpha replay carrier replay_phase_B_partial_restart
t=03613 alpha replay carrier replay_phase_B_partial_restart
t=03614 alpha replay carrier replay_phase_B_partial_restart
t=03615 alpha replay carrier replay_phase_B_partial_restart
t=03616 alpha replay carrier replay_phase_B_partial_restart
t=03617 alpha replay carrier replay_phase_B_partial_restart
t=03618 alpha replay carrier replay_phase_B_partial_restart
t=03619 alpha replay carrier replay_phase_B_partial_restart
t=03620 alpha replay carrier replay_phase_B_partial_restart
t=03621 alpha replay carrier replay_phase_B_partial_restart
t=03622 alpha replay carrier replay_phase_B_partial_restart
t=03623 alpha replay carrier replay_phase_B_partial_restart
t=03624 alpha replay carrier replay_phase_B_partial_restart
t=03625 alpha replay carrier replay_phase_B_partial_restart
t=03626 alpha replay carrier replay_phase_B_partial_restart
t=03627 alpha replay carrier replay_phase_B_partial_restart
t=03628 alpha replay carrier replay_phase_B_partial_restart
t=03629 alpha replay carrier replay_phase_B_partial_restart
t=03630 alpha replay carrier replay_phase_B_partial_restart
t=03631 alpha replay carrier replay_phase_B_partial_restart
t=03632 alpha replay carrier replay_phase_B_partial_restart
t=03633 alpha replay carrier replay_phase_B_partial_restart
t=03634 alpha replay carrier replay_phase_B_partial_restart
t=03635 alpha replay carrier replay_phase_B_partial_restart
t=03636 alpha replay carrier replay_phase_B_partial_restart
t=03637 alpha replay carrier replay_phase_B_partial_restart
t=03638 alpha replay carrier replay_phase_B_partial_restart
t=03639 alpha replay carrier replay_phase_B_partial_restart
t=03640 alpha replay carrier replay_phase_B_partial_restart
t=03641 alpha replay carrier replay_phase_B_partial_restart
t=03642 alpha replay carrier replay_phase_B_partial_restart
t=03643 alpha replay carrier replay_phase_B_partial_restart
t=03644 alpha replay carrier replay_phase_B_partial_restart
t=03645 beta replay carrier replay_phase_B_partial_restart
t=03646 beta replay carrier replay_phase_B_partial_restart
t=03647 beta replay carrier replay_phase_B_partial_restart
t=03648 beta replay carrier replay_phase_B_partial_restart
t=03649 beta replay carrier replay_phase_B_partial_restart
t=03650 beta replay carrier replay_phase_B_partial_restart
t=03651 beta replay carrier replay_phase_B_partial_restart
t=03652 beta replay carrier replay_phase_B_partial_restart
t=03653 beta replay carrier replay_phase_B_partial_restart
t=03654 beta replay carrier replay_phase_B_partial_restart
t=03655 beta replay carrier replay_phase_B_partial_restart
t=03656 beta replay carrier replay_phase_B_partial_restart
t=03657 beta replay carrier replay_phase_B_partial_restart
t=03658 beta replay carrier replay_phase_B_partial_restart
t=03659 beta replay carrier replay_phase_B_partial_restart
t=03660 beta replay carrier replay_phase_B_partial_restart
t=03661 beta replay carrier replay_phase_B_partial_restart
t=03662 beta replay carrier replay_phase_B_partial_restart
t=03663 beta replay carrier replay_phase_B_partial_restart
t=03664 beta replay carrier replay_phase_B_partial_restart
t=03665 beta replay carrier replay_phase_B_partial_restart
t=03666 beta replay carrier replay_phase_B_partial_restart
t=03667 beta replay carrier replay_phase_B_partial_restart
t=03668 beta replay carrier replay_phase_B_partial_restart
t=03669 beta replay carrier replay_phase_B_partial_restart
t=03670 beta replay carrier replay_phase_B_partial_restart
t=03671 beta replay carrier replay_phase_B_partial_restart
t=03672 beta replay carrier replay_phase_B_partial_restart
t=03673 beta replay carrier replay_phase_B_partial_restart
t=03674 beta replay carrier replay_phase_B_partial_restart
t=03675 beta replay carrier replay_phase_B_partial_restart
t=03676 beta replay carrier replay_phase_B_partial_restart
t=03677 beta replay carrier replay_phase_B_partial_restart
t=03678 beta replay carrier replay_phase_B_partial_restart
t=03679 beta replay carrier replay_phase_B_partial_restart
t=03680 beta replay carrier replay_phase_B_partial_restart
t=03681 beta replay carrier replay_phase_B_partial_restart
t=03682 beta replay carrier replay_phase_B_partial_restart
t=03683 beta replay carrier replay_phase_B_partial_restart
t=03684 beta replay carrier replay_phase_B_partial_restart
t=03685 beta replay carrier replay_phase_B_partial_restart
t=03686 beta replay carrier replay_phase_B_partial_restart
t=03687 beta replay carrier replay_phase_B_partial_restart
t=03688 beta replay carrier replay_phase_B_partial_restart
t=03689 beta replay carrier replay_phase_B_partial_restart
t=03690 epsilon altered carrier replay_phase_B_partial_restart
t=03691 epsilon altered carrier replay_phase_B_partial_restart
t=03692 epsilon altered carrier replay_phase_B_partial_restart
t=03693 epsilon altered carrier replay_phase_B_partial_restart
t=03694 epsilon altered carrier replay_phase_B_partial_restart
t=03695 epsilon altered carrier replay_phase_B_partial_restart
t=03696 epsilon altered carrier replay_phase_B_partial_restart
t=03697 epsilon altered carrier replay_phase_B_partial_restart
t=03698 epsilon altered carrier replay_phase_B_partial_restart
t=03699 epsilon altered carrier replay_phase_B_partial_restart
t=03700 epsilon altered carrier replay_phase_B_partial_restart
t=03701 epsilon altered carrier replay_phase_B_partial_restart
t=03702 epsilon altered carrier replay_phase_B_partial_restart
t=03703 epsilon altered carrier replay_phase_B_partial_restart
t=03704 epsilon altered carrier replay_phase_B_partial_restart
t=03705 epsilon altered carrier replay_phase_B_partial_restart
t=03706 epsilon altered carrier replay_phase_B_partial_restart
t=03707 epsilon altered carrier replay_phase_B_partial_restart
t=03708 epsilon altered carrier replay_phase_B_partial_restart
t=03709 epsilon altered carrier replay_phase_B_partial_restart
t=03710 epsilon altered carrier replay_phase_B_partial_restart
t=03711 epsilon altered carrier replay_phase_B_partial_restart
t=03712 epsilon altered carrier replay_phase_B_partial_restart
t=03713 epsilon altered carrier replay_phase_B_partial_restart
t=03714 epsilon altered carrier replay_phase_B_partial_restart
t=03715 epsilon altered carrier replay_phase_B_partial_restart
t=03716 epsilon altered carrier replay_phase_B_partial_restart
t=03717 epsilon altered carrier replay_phase_B_partial_restart
t=03718 epsilon altered carrier replay_phase_B_partial_restart
t=03719 epsilon altered carrier replay_phase_B_partial_restart
t=03720 epsilon altered carrier replay_phase_B_partial_restart
t=03721 epsilon altered carrier replay_phase_B_partial_restart
t=03722 epsilon altered carrier replay_phase_B_partial_restart
t=03723 epsilon altered carrier replay_phase_B_partial_restart
t=03724 epsilon altered carrier replay_phase_B_partial_restart
t=03725 epsilon altered carrier replay_phase_B_partial_restart
t=03726 epsilon altered carrier replay_phase_B_partial_restart
t=03727 epsilon altered carrier replay_phase_B_partial_restart
t=03728 epsilon altered carrier replay_phase_B_partial_restart
t=03729 epsilon altered carrier replay_phase_B_partial_restart
t=03730 epsilon altered carrier replay_phase_B_partial_restart
t=03731 epsilon altered carrier replay_phase_B_partial_restart
t=03732 epsilon altered carrier replay_phase_B_partial_restart
t=03733 epsilon altered carrier replay_phase_B_partial_restart
t=03734 epsilon altered carrier replay_phase_B_partial_restart
t=03735 delta replay carrier replay_phase_B_partial_restart
t=03736 delta replay carrier replay_phase_B_partial_restart
t=03737 delta replay carrier replay_phase_B_partial_restart
t=03738 delta replay carrier replay_phase_B_partial_restart
t=03739 delta replay carrier replay_phase_B_partial_restart
t=03740 delta replay carrier replay_phase_B_partial_restart
t=03741 delta replay carrier replay_phase_B_partial_restart
t=03742 delta replay carrier replay_phase_B_partial_restart
t=03743 delta replay carrier replay_phase_B_partial_restart
t=03744 delta replay carrier replay_phase_B_partial_restart
t=03745 delta replay carrier replay_phase_B_partial_restart
t=03746 delta replay carrier replay_phase_B_partial_restart
t=03747 delta replay carrier replay_phase_B_partial_restart
t=03748 delta replay carrier replay_phase_B_partial_restart
t=03749 delta replay carrier replay_phase_B_partial_restart
t=03750 delta replay carrier replay_phase_B_partial_restart
t=03751 delta replay carrier replay_phase_B_partial_restart
t=03752 delta replay carrier replay_phase_B_partial_restart
t=03753 delta replay carrier replay_phase_B_partial_restart
t=03754 delta replay carrier replay_phase_B_partial_restart
t=03755 delta replay carrier replay_phase_B_partial_restart
t=03756 delta replay carrier replay_phase_B_partial_restart
t=03757 delta replay carrier replay_phase_B_partial_restart
t=03758 delta replay carrier replay_phase_B_partial_restart
t=03759 delta replay carrier replay_phase_B_partial_restart
t=03760 delta replay carrier replay_phase_B_partial_restart
t=03761 delta replay carrier replay_phase_B_partial_restart
t=03762 delta replay carrier replay_phase_B_partial_restart
t=03763 delta replay carrier replay_phase_B_partial_restart
t=03764 delta replay carrier replay_phase_B_partial_restart
t=03765 delta replay carrier replay_phase_B_partial_restart
t=03766 delta replay carrier replay_phase_B_partial_restart
t=03767 delta replay carrier replay_phase_B_partial_restart
t=03768 delta replay carrier replay_phase_B_partial_restart
t=03769 delta replay carrier replay_phase_B_partial_restart
t=03770 delta replay carrier replay_phase_B_partial_restart
t=03771 delta replay carrier replay_phase_B_partial_restart
t=03772 delta replay carrier replay_phase_B_partial_restart
t=03773 delta replay carrier replay_phase_B_partial_restart
t=03774 delta replay carrier replay_phase_B_partial_restart
t=03775 delta replay carrier replay_phase_B_partial_restart
t=03776 delta replay carrier replay_phase_B_partial_restart
t=03777 delta replay carrier replay_phase_B_partial_restart
t=03778 delta replay carrier replay_phase_B_partial_restart
t=03779 delta replay carrier replay_phase_B_partial_restart
t=03780 alpha replay carrier replay_phase_B_partial_restart
t=03781 alpha replay carrier replay_phase_B_partial_restart
t=03782 alpha replay carrier replay_phase_B_partial_restart
t=03783 alpha replay carrier replay_phase_B_partial_restart
t=03784 alpha replay carrier replay_phase_B_partial_restart
t=03785 alpha replay carrier replay_phase_B_partial_restart
t=03786 alpha replay carrier replay_phase_B_partial_restart
t=03787 alpha replay carrier replay_phase_B_partial_restart
t=03788 alpha replay carrier replay_phase_B_partial_restart
t=03789 alpha replay carrier replay_phase_B_partial_restart
t=03790 alpha replay carrier replay_phase_B_partial_restart
t=03791 alpha replay carrier replay_phase_B_partial_restart
t=03792 alpha replay carrier replay_phase_B_partial_restart
t=03793 alpha replay carrier replay_phase_B_partial_restart
t=03794 alpha replay carrier replay_phase_B_partial_restart
t=03795 alpha replay carrier replay_phase_B_partial_restart
t=03796 alpha replay carrier replay_phase_B_partial_restart
t=03797 alpha replay carrier replay_phase_B_partial_restart
t=03798 alpha replay carrier replay_phase_B_partial_restart
t=03799 alpha replay carrier replay_phase_B_partial_restart
t=03800 alpha replay carrier replay_phase_B_partial_restart
t=03801 alpha replay carrier replay_phase_B_partial_restart
t=03802 alpha replay carrier replay_phase_B_partial_restart
t=03803 alpha replay carrier replay_phase_B_partial_restart
t=03804 alpha replay carrier replay_phase_B_partial_restart
t=03805 alpha replay carrier replay_phase_B_partial_restart
t=03806 alpha replay carrier replay_phase_B_partial_restart
t=03807 alpha replay carrier replay_phase_B_partial_restart
t=03808 alpha replay carrier replay_phase_B_partial_restart
t=03809 alpha replay carrier replay_phase_B_partial_restart
t=03810 alpha replay carrier replay_phase_B_partial_restart
t=03811 alpha replay carrier replay_phase_B_partial_restart
t=03812 alpha replay carrier replay_phase_B_partial_restart
t=03813 alpha replay carrier replay_phase_B_partial_restart
t=03814 alpha replay carrier replay_phase_B_partial_restart
t=03815 alpha replay carrier replay_phase_B_partial_restart
t=03816 alpha replay carrier replay_phase_B_partial_restart
t=03817 alpha replay carrier replay_phase_B_partial_restart
t=03818 alpha replay carrier replay_phase_B_partial_restart
t=03819 alpha replay carrier replay_phase_B_partial_restart
t=03820 alpha replay carrier replay_phase_B_partial_restart
t=03821 alpha replay carrier replay_phase_B_partial_restart
t=03822 alpha replay carrier replay_phase_B_partial_restart
t=03823 alpha replay carrier replay_phase_B_partial_restart
t=03824 alpha replay carrier replay_phase_B_partial_restart
t=03825 beta replay carrier replay_phase_B_partial_restart
t=03826 beta replay carrier replay_phase_B_partial_restart
t=03827 beta replay carrier replay_phase_B_partial_restart
t=03828 beta replay carrier replay_phase_B_partial_restart
t=03829 beta replay carrier replay_phase_B_partial_restart
t=03830 beta replay carrier replay_phase_B_partial_restart
t=03831 beta replay carrier replay_phase_B_partial_restart
t=03832 beta replay carrier replay_phase_B_partial_restart
t=03833 beta replay carrier replay_phase_B_partial_restart
t=03834 beta replay carrier replay_phase_B_partial_restart
t=03835 beta replay carrier replay_phase_B_partial_restart
t=03836 beta replay carrier replay_phase_B_partial_restart
t=03837 beta replay carrier replay_phase_B_partial_restart
t=03838 beta replay carrier replay_phase_B_partial_restart
t=03839 beta replay carrier replay_phase_B_partial_restart
t=03840 beta replay carrier replay_phase_B_partial_restart
t=03841 beta replay carrier replay_phase_B_partial_restart
t=03842 beta replay carrier replay_phase_B_partial_restart
t=03843 beta replay carrier replay_phase_B_partial_restart
t=03844 beta replay carrier replay_phase_B_partial_restart
t=03845 beta replay carrier replay_phase_B_partial_restart
t=03846 beta replay carrier replay_phase_B_partial_restart
t=03847 beta replay carrier replay_phase_B_partial_restart
t=03848 beta replay carrier replay_phase_B_partial_restart
t=03849 beta replay carrier replay_phase_B_partial_restart
t=03850 beta replay carrier replay_phase_B_partial_restart
t=03851 beta replay carrier replay_phase_B_partial_restart
t=03852 beta replay carrier replay_phase_B_partial_restart
t=03853 beta replay carrier replay_phase_B_partial_restart
t=03854 beta replay carrier replay_phase_B_partial_restart
t=03855 beta replay carrier replay_phase_B_partial_restart
t=03856 beta replay carrier replay_phase_B_partial_restart
t=03857 beta replay carrier replay_phase_B_partial_restart
t=03858 beta replay carrier replay_phase_B_partial_restart
t=03859 beta replay carrier replay_phase_B_partial_restart
t=03860 beta replay carrier replay_phase_B_partial_restart
t=03861 beta replay carrier replay_phase_B_partial_restart
t=03862 beta replay carrier replay_phase_B_partial_restart
t=03863 beta replay carrier replay_phase_B_partial_restart
t=03864 beta replay carrier replay_phase_B_partial_restart
t=03865 beta replay carrier replay_phase_B_partial_restart
t=03866 beta replay carrier replay_phase_B_partial_restart
t=03867 beta replay carrier replay_phase_B_partial_restart
t=03868 beta replay carrier replay_phase_B_partial_restart
t=03869 beta replay carrier replay_phase_B_partial_restart
t=03870 epsilon altered carrier replay_phase_B_partial_restart
t=03871 epsilon altered carrier replay_phase_B_partial_restart
t=03872 epsilon altered carrier replay_phase_B_partial_restart
t=03873 epsilon altered carrier replay_phase_B_partial_restart
t=03874 epsilon altered carrier replay_phase_B_partial_restart
t=03875 epsilon altered carrier replay_phase_B_partial_restart
t=03876 epsilon altered carrier replay_phase_B_partial_restart
t=03877 epsilon altered carrier replay_phase_B_partial_restart
t=03878 epsilon altered carrier replay_phase_B_partial_restart
t=03879 epsilon altered carrier replay_phase_B_partial_restart
t=03880 epsilon altered carrier replay_phase_B_partial_restart
t=03881 epsilon altered carrier replay_phase_B_partial_restart
t=03882 epsilon altered carrier replay_phase_B_partial_restart
t=03883 epsilon altered carrier replay_phase_B_partial_restart
t=03884 epsilon altered carrier replay_phase_B_partial_restart
t=03885 epsilon altered carrier replay_phase_B_partial_restart
t=03886 epsilon altered carrier replay_phase_B_partial_restart
t=03887 epsilon altered carrier replay_phase_B_partial_restart
t=03888 epsilon altered carrier replay_phase_B_partial_restart
t=03889 epsilon altered carrier replay_phase_B_partial_restart
t=03890 epsilon altered carrier replay_phase_B_partial_restart
t=03891 epsilon altered carrier replay_phase_B_partial_restart
t=03892 epsilon altered carrier replay_phase_B_partial_restart
t=03893 epsilon altered carrier replay_phase_B_partial_restart
t=03894 epsilon altered carrier replay_phase_B_partial_restart
t=03895 epsilon altered carrier replay_phase_B_partial_restart
t=03896 epsilon altered carrier replay_phase_B_partial_restart
t=03897 epsilon altered carrier replay_phase_B_partial_restart
t=03898 epsilon altered carrier replay_phase_B_partial_restart
t=03899 epsilon altered carrier replay_phase_B_partial_restart
t=03900 epsilon altered carrier replay_phase_B_partial_restart
t=03901 epsilon altered carrier replay_phase_B_partial_restart
t=03902 epsilon altered carrier replay_phase_B_partial_restart
t=03903 epsilon altered carrier replay_phase_B_partial_restart
t=03904 epsilon altered carrier replay_phase_B_partial_restart
t=03905 epsilon altered carrier replay_phase_B_partial_restart
t=03906 epsilon altered carrier replay_phase_B_partial_restart
t=03907 epsilon altered carrier replay_phase_B_partial_restart
t=03908 epsilon altered carrier replay_phase_B_partial_restart
t=03909 epsilon altered carrier replay_phase_B_partial_restart
t=03910 epsilon altered carrier replay_phase_B_partial_restart
t=03911 epsilon altered carrier replay_phase_B_partial_restart
t=03912 epsilon altered carrier replay_phase_B_partial_restart
t=03913 epsilon altered carrier replay_phase_B_partial_restart
t=03914 epsilon altered carrier replay_phase_B_partial_restart
t=03915 delta replay carrier replay_phase_B_partial_restart
t=03916 delta replay carrier replay_phase_B_partial_restart
t=03917 delta replay carrier replay_phase_B_partial_restart
t=03918 delta replay carrier replay_phase_B_partial_restart
t=03919 delta replay carrier replay_phase_B_partial_restart
t=03920 delta replay carrier replay_phase_B_partial_restart
t=03921 delta replay carrier replay_phase_B_partial_restart
t=03922 delta replay carrier replay_phase_B_partial_restart
t=03923 delta replay carrier replay_phase_B_partial_restart
t=03924 delta replay carrier replay_phase_B_partial_restart
t=03925 delta replay carrier replay_phase_B_partial_restart
t=03926 delta replay carrier replay_phase_B_partial_restart
t=03927 delta replay carrier replay_phase_B_partial_restart
t=03928 delta replay carrier replay_phase_B_partial_restart
t=03929 delta replay carrier replay_phase_B_partial_restart
t=03930 delta replay carrier replay_phase_B_partial_restart
t=03931 delta replay carrier replay_phase_B_partial_restart
t=03932 delta replay carrier replay_phase_B_partial_restart
t=03933 delta replay carrier replay_phase_B_partial_restart
t=03934 delta replay carrier replay_phase_B_partial_restart
t=03935 delta replay carrier replay_phase_B_partial_restart
t=03936 delta replay carrier replay_phase_B_partial_restart
t=03937 delta replay carrier replay_phase_B_partial_restart
t=03938 delta replay carrier replay_phase_B_partial_restart
t=03939 delta replay carrier replay_phase_B_partial_restart
t=03940 delta replay carrier replay_phase_B_partial_restart
t=03941 delta replay carrier replay_phase_B_partial_restart
t=03942 delta replay carrier replay_phase_B_partial_restart
t=03943 delta replay carrier replay_phase_B_partial_restart
t=03944 delta replay carrier replay_phase_B_partial_restart
t=03945 delta replay carrier replay_phase_B_partial_restart
t=03946 delta replay carrier replay_phase_B_partial_restart
t=03947 delta replay carrier replay_phase_B_partial_restart
t=03948 delta replay carrier replay_phase_B_partial_restart
t=03949 delta replay carrier replay_phase_B_partial_restart
t=03950 delta replay carrier replay_phase_B_partial_restart
t=03951 delta replay carrier replay_phase_B_partial_restart
t=03952 delta replay carrier replay_phase_B_partial_restart
t=03953 delta replay carrier replay_phase_B_partial_restart
t=03954 delta replay carrier replay_phase_B_partial_restart
t=03955 delta replay carrier replay_phase_B_partial_restart
t=03956 delta replay carrier replay_phase_B_partial_restart
t=03957 delta replay carrier replay_phase_B_partial_restart
t=03958 delta replay carrier replay_phase_B_partial_restart
t=03959 delta replay carrier replay_phase_B_partial_restart
t=03960 alpha replay carrier replay_phase_B_partial_restart
t=03961 alpha replay carrier replay_phase_B_partial_restart
t=03962 alpha replay carrier replay_phase_B_partial_restart
t=03963 alpha replay carrier replay_phase_B_partial_restart
t=03964 alpha replay carrier replay_phase_B_partial_restart
t=03965 alpha replay carrier replay_phase_B_partial_restart
t=03966 alpha replay carrier replay_phase_B_partial_restart
t=03967 alpha replay carrier replay_phase_B_partial_restart
t=03968 alpha replay carrier replay_phase_B_partial_restart
t=03969 alpha replay carrier replay_phase_B_partial_restart
t=03970 alpha replay carrier replay_phase_B_partial_restart
t=03971 alpha replay carrier replay_phase_B_partial_restart
t=03972 alpha replay carrier replay_phase_B_partial_restart
t=03973 alpha replay carrier replay_phase_B_partial_restart
t=03974 alpha replay carrier replay_phase_B_partial_restart
t=03975 alpha replay carrier replay_phase_B_partial_restart
t=03976 alpha replay carrier replay_phase_B_partial_restart
t=03977 alpha replay carrier replay_phase_B_partial_restart
t=03978 alpha replay carrier replay_phase_B_partial_restart
t=03979 alpha replay carrier replay_phase_B_partial_restart
t=03980 alpha replay carrier replay_phase_B_partial_restart
t=03981 alpha replay carrier replay_phase_B_partial_restart
t=03982 alpha replay carrier replay_phase_B_partial_restart
t=03983 alpha replay carrier replay_phase_B_partial_restart
t=03984 alpha replay carrier replay_phase_B_partial_restart
t=03985 alpha replay carrier replay_phase_B_partial_restart
t=03986 alpha replay carrier replay_phase_B_partial_restart
t=03987 alpha replay carrier replay_phase_B_partial_restart
t=03988 alpha replay carrier replay_phase_B_partial_restart
t=03989 alpha replay carrier replay_phase_B_partial_restart
t=03990 alpha replay carrier replay_phase_B_partial_restart
t=03991 alpha replay carrier replay_phase_B_partial_restart
t=03992 alpha replay carrier replay_phase_B_partial_restart
t=03993 alpha replay carrier replay_phase_B_partial_restart
t=03994 alpha replay carrier replay_phase_B_partial_restart
t=03995 alpha replay carrier replay_phase_B_partial_restart
t=03996 alpha replay carrier replay_phase_B_partial_restart
t=03997 alpha replay carrier replay_phase_B_partial_restart
t=03998 alpha replay carrier replay_phase_B_partial_restart
t=03999 alpha replay carrier replay_phase_B_partial_restart
t=04000 alpha replay carrier replay_phase_B_partial_restart
t=04001 alpha replay carrier replay_phase_B_partial_restart
t=04002 alpha replay carrier replay_phase_B_partial_restart
t=04003 alpha replay carrier replay_phase_B_partial_restart
t=04004 alpha replay carrier replay_phase_B_partial_restart
t=04005 beta replay carrier replay_phase_B_partial_restart
t=04006 beta replay carrier replay_phase_B_partial_restart
t=04007 beta replay carrier replay_phase_B_partial_restart
t=04008 beta replay carrier replay_phase_B_partial_restart
t=04009 beta replay carrier replay_phase_B_partial_restart
t=04010 beta replay carrier replay_phase_B_partial_restart
t=04011 beta replay carrier replay_phase_B_partial_restart
t=04012 beta replay carrier replay_phase_B_partial_restart
t=04013 beta replay carrier replay_phase_B_partial_restart
t=04014 beta replay carrier replay_phase_B_partial_restart
t=04015 beta replay carrier replay_phase_B_partial_restart
t=04016 beta replay carrier replay_phase_B_partial_restart
t=04017 beta replay carrier replay_phase_B_partial_restart
t=04018 beta replay carrier replay_phase_B_partial_restart
t=04019 beta replay carrier replay_phase_B_partial_restart
t=04020 beta replay carrier replay_phase_B_partial_restart
t=04021 beta replay carrier replay_phase_B_partial_restart
t=04022 beta replay carrier replay_phase_B_partial_restart
t=04023 beta replay carrier replay_phase_B_partial_restart
t=04024 beta replay carrier replay_phase_B_partial_restart
t=04025 beta replay carrier replay_phase_B_partial_restart
t=04026 beta replay carrier replay_phase_B_partial_restart
t=04027 beta replay carrier replay_phase_B_partial_restart
t=04028 beta replay carrier replay_phase_B_partial_restart
t=04029 beta replay carrier replay_phase_B_partial_restart
t=04030 beta replay carrier replay_phase_B_partial_restart
t=04031 beta replay carrier replay_phase_B_partial_restart
t=04032 beta replay carrier replay_phase_B_partial_restart
t=04033 beta replay carrier replay_phase_B_partial_restart
t=04034 beta replay carrier replay_phase_B_partial_restart
t=04035 beta replay carrier replay_phase_B_partial_restart
t=04036 beta replay carrier replay_phase_B_partial_restart
t=04037 beta replay carrier replay_phase_B_partial_restart
t=04038 beta replay carrier replay_phase_B_partial_restart
t=04039 beta replay carrier replay_phase_B_partial_restart
t=04040 beta replay carrier replay_phase_B_partial_restart
t=04041 beta replay carrier replay_phase_B_partial_restart
t=04042 beta replay carrier replay_phase_B_partial_restart
t=04043 beta replay carrier replay_phase_B_partial_restart
t=04044 beta replay carrier replay_phase_B_partial_restart
t=04045 beta replay carrier replay_phase_B_partial_restart
t=04046 beta replay carrier replay_phase_B_partial_restart
t=04047 beta replay carrier replay_phase_B_partial_restart
t=04048 beta replay carrier replay_phase_B_partial_restart
t=04049 beta replay carrier replay_phase_B_partial_restart
t=04050 epsilon altered carrier replay_phase_B_partial_restart
t=04051 epsilon altered carrier replay_phase_B_partial_restart
t=04052 epsilon altered carrier replay_phase_B_partial_restart
t=04053 epsilon altered carrier replay_phase_B_partial_restart
t=04054 epsilon altered carrier replay_phase_B_partial_restart
t=04055 epsilon altered carrier replay_phase_B_partial_restart
t=04056 epsilon altered carrier replay_phase_B_partial_restart
t=04057 epsilon altered carrier replay_phase_B_partial_restart
t=04058 epsilon altered carrier replay_phase_B_partial_restart
t=04059 epsilon altered carrier replay_phase_B_partial_restart
t=04060 epsilon altered carrier replay_phase_B_partial_restart
t=04061 epsilon altered carrier replay_phase_B_partial_restart
t=04062 epsilon altered carrier replay_phase_B_partial_restart
t=04063 epsilon altered carrier replay_phase_B_partial_restart
t=04064 epsilon altered carrier replay_phase_B_partial_restart
t=04065 epsilon altered carrier replay_phase_B_partial_restart
t=04066 epsilon altered carrier replay_phase_B_partial_restart
t=04067 epsilon altered carrier replay_phase_B_partial_restart
t=04068 epsilon altered carrier replay_phase_B_partial_restart
t=04069 epsilon altered carrier replay_phase_B_partial_restart
t=04070 epsilon altered carrier replay_phase_B_partial_restart
t=04071 epsilon altered carrier replay_phase_B_partial_restart
t=04072 epsilon altered carrier replay_phase_B_partial_restart
t=04073 epsilon altered carrier replay_phase_B_partial_restart
t=04074 epsilon altered carrier replay_phase_B_partial_restart
t=04075 epsilon altered carrier replay_phase_B_partial_restart
t=04076 epsilon altered carrier replay_phase_B_partial_restart
t=04077 epsilon altered carrier replay_phase_B_partial_restart
t=04078 epsilon altered carrier replay_phase_B_partial_restart
t=04079 epsilon altered carrier replay_phase_B_partial_restart
t=04080 epsilon altered carrier replay_phase_B_partial_restart
t=04081 epsilon altered carrier replay_phase_B_partial_restart
t=04082 epsilon altered carrier replay_phase_B_partial_restart
t=04083 epsilon altered carrier replay_phase_B_partial_restart
t=04084 epsilon altered carrier replay_phase_B_partial_restart
t=04085 epsilon altered carrier replay_phase_B_partial_restart
t=04086 epsilon altered carrier replay_phase_B_partial_restart
t=04087 epsilon altered carrier replay_phase_B_partial_restart
t=04088 epsilon altered carrier replay_phase_B_partial_restart
t=04089 epsilon altered carrier replay_phase_B_partial_restart
t=04090 epsilon altered carrier replay_phase_B_partial_restart
t=04091 epsilon altered carrier replay_phase_B_partial_restart
t=04092 epsilon altered carrier replay_phase_B_partial_restart
t=04093 epsilon altered carrier replay_phase_B_partial_restart
t=04094 epsilon altered carrier replay_phase_B_partial_restart
t=04095 delta replay carrier replay_phase_B_partial_restart
t=04096 delta replay carrier replay_phase_B_partial_restart
t=04097 delta replay carrier replay_phase_B_partial_restart
t=04098 delta replay carrier replay_phase_B_partial_restart
t=04099 delta replay carrier replay_phase_B_partial_restart
t=04100 delta replay carrier replay_phase_B_partial_restart
t=04101 delta replay carrier replay_phase_B_partial_restart
t=04102 delta replay carrier replay_phase_B_partial_restart
t=04103 delta replay carrier replay_phase_B_partial_restart
t=04104 delta replay carrier replay_phase_B_partial_restart
t=04105 delta replay carrier replay_phase_B_partial_restart
t=04106 delta replay carrier replay_phase_B_partial_restart
t=04107 delta replay carrier replay_phase_B_partial_restart
t=04108 delta replay carrier replay_phase_B_partial_restart
t=04109 delta replay carrier replay_phase_B_partial_restart
t=04110 delta replay carrier replay_phase_B_partial_restart
t=04111 delta replay carrier replay_phase_B_partial_restart
t=04112 delta replay carrier replay_phase_B_partial_restart
t=04113 delta replay carrier replay_phase_B_partial_restart
t=04114 delta replay carrier replay_phase_B_partial_restart
t=04115 delta replay carrier replay_phase_B_partial_restart
t=04116 delta replay carrier replay_phase_B_partial_restart
t=04117 delta replay carrier replay_phase_B_partial_restart
t=04118 delta replay carrier replay_phase_B_partial_restart
t=04119 delta replay carrier replay_phase_B_partial_restart
t=04120 delta replay carrier replay_phase_B_partial_restart
t=04121 delta replay carrier replay_phase_B_partial_restart
t=04122 delta replay carrier replay_phase_B_partial_restart
t=04123 delta replay carrier replay_phase_B_partial_restart
t=04124 delta replay carrier replay_phase_B_partial_restart
t=04125 delta replay carrier replay_phase_B_partial_restart
t=04126 delta replay carrier replay_phase_B_partial_restart
t=04127 delta replay carrier replay_phase_B_partial_restart
t=04128 delta replay carrier replay_phase_B_partial_restart
t=04129 delta replay carrier replay_phase_B_partial_restart
t=04130 delta replay carrier replay_phase_B_partial_restart
t=04131 delta replay carrier replay_phase_B_partial_restart
t=04132 delta replay carrier replay_phase_B_partial_restart
t=04133 delta replay carrier replay_phase_B_partial_restart
t=04134 delta replay carrier replay_phase_B_partial_restart
t=04135 delta replay carrier replay_phase_B_partial_restart
t=04136 delta replay carrier replay_phase_B_partial_restart
t=04137 delta replay carrier replay_phase_B_partial_restart
t=04138 delta replay carrier replay_phase_B_partial_restart
t=04139 delta replay carrier replay_phase_B_partial_restart
t=04140 alpha replay carrier replay_phase_B_partial_restart
t=04141 alpha replay carrier replay_phase_B_partial_restart
t=04142 alpha replay carrier replay_phase_B_partial_restart
t=04143 alpha replay carrier replay_phase_B_partial_restart
t=04144 alpha replay carrier replay_phase_B_partial_restart
t=04145 alpha replay carrier replay_phase_B_partial_restart
t=04146 alpha replay carrier replay_phase_B_partial_restart
t=04147 alpha replay carrier replay_phase_B_partial_restart
t=04148 alpha replay carrier replay_phase_B_partial_restart
t=04149 alpha replay carrier replay_phase_B_partial_restart
t=04150 alpha replay carrier replay_phase_B_partial_restart
t=04151 alpha replay carrier replay_phase_B_partial_restart
t=04152 alpha replay carrier replay_phase_B_partial_restart
t=04153 alpha replay carrier replay_phase_B_partial_restart
t=04154 alpha replay carrier replay_phase_B_partial_restart
t=04155 alpha replay carrier replay_phase_B_partial_restart
t=04156 alpha replay carrier replay_phase_B_partial_restart
t=04157 alpha replay carrier replay_phase_B_partial_restart
t=04158 alpha replay carrier replay_phase_B_partial_restart
t=04159 alpha replay carrier replay_phase_B_partial_restart
t=04160 alpha replay carrier replay_phase_B_partial_restart
t=04161 alpha replay carrier replay_phase_B_partial_restart
t=04162 alpha replay carrier replay_phase_B_partial_restart
t=04163 alpha replay carrier replay_phase_B_partial_restart
t=04164 alpha replay carrier replay_phase_B_partial_restart
t=04165 alpha replay carrier replay_phase_B_partial_restart
t=04166 alpha replay carrier replay_phase_B_partial_restart
t=04167 alpha replay carrier replay_phase_B_partial_restart
t=04168 alpha replay carrier replay_phase_B_partial_restart
t=04169 alpha replay carrier replay_phase_B_partial_restart
t=04170 alpha replay carrier replay_phase_B_partial_restart
t=04171 alpha replay carrier replay_phase_B_partial_restart
t=04172 alpha replay carrier replay_phase_B_partial_restart
t=04173 alpha replay carrier replay_phase_B_partial_restart
t=04174 alpha replay carrier replay_phase_B_partial_restart
t=04175 alpha replay carrier replay_phase_B_partial_restart
t=04176 alpha replay carrier replay_phase_B_partial_restart
t=04177 alpha replay carrier replay_phase_B_partial_restart
t=04178 alpha replay carrier replay_phase_B_partial_restart
t=04179 alpha replay carrier replay_phase_B_partial_restart
t=04180 alpha replay carrier replay_phase_B_partial_restart
t=04181 alpha replay carrier replay_phase_B_partial_restart
t=04182 alpha replay carrier replay_phase_B_partial_restart
t=04183 alpha replay carrier replay_phase_B_partial_restart
t=04184 alpha replay carrier replay_phase_B_partial_restart
t=04185 beta replay carrier replay_phase_B_partial_restart
t=04186 beta replay carrier replay_phase_B_partial_restart
t=04187 beta replay carrier replay_phase_B_partial_restart
t=04188 beta replay carrier replay_phase_B_partial_restart
t=04189 beta replay carrier replay_phase_B_partial_restart
t=04190 beta replay carrier replay_phase_B_partial_restart
t=04191 beta replay carrier replay_phase_B_partial_restart
t=04192 beta replay carrier replay_phase_B_partial_restart
t=04193 beta replay carrier replay_phase_B_partial_restart
t=04194 beta replay carrier replay_phase_B_partial_restart
t=04195 beta replay carrier replay_phase_B_partial_restart
t=04196 beta replay carrier replay_phase_B_partial_restart
t=04197 beta replay carrier replay_phase_B_partial_restart
t=04198 beta replay carrier replay_phase_B_partial_restart
t=04199 beta replay carrier replay_phase_B_partial_restart
t=04200 beta replay carrier replay_phase_B_partial_restart
t=04201 beta replay carrier replay_phase_B_partial_restart
t=04202 beta replay carrier replay_phase_B_partial_restart
t=04203 beta replay carrier replay_phase_B_partial_restart
t=04204 beta replay carrier replay_phase_B_partial_restart
t=04205 beta replay carrier replay_phase_B_partial_restart
t=04206 beta replay carrier replay_phase_B_partial_restart
t=04207 beta replay carrier replay_phase_B_partial_restart
t=04208 beta replay carrier replay_phase_B_partial_restart
t=04209 beta replay carrier replay_phase_B_partial_restart
t=04210 beta replay carrier replay_phase_B_partial_restart
t=04211 beta replay carrier replay_phase_B_partial_restart
t=04212 beta replay carrier replay_phase_B_partial_restart
t=04213 beta replay carrier replay_phase_B_partial_restart
t=04214 beta replay carrier replay_phase_B_partial_restart
t=04215 beta replay carrier replay_phase_B_partial_restart
t=04216 beta replay carrier replay_phase_B_partial_restart
t=04217 beta replay carrier replay_phase_B_partial_restart
t=04218 beta replay carrier replay_phase_B_partial_restart
t=04219 beta replay carrier replay_phase_B_partial_restart
t=04220 beta replay carrier replay_phase_B_partial_restart
t=04221 beta replay carrier replay_phase_B_partial_restart
t=04222 beta replay carrier replay_phase_B_partial_restart
t=04223 beta replay carrier replay_phase_B_partial_restart
t=04224 beta replay carrier replay_phase_B_partial_restart
t=04225 beta replay carrier replay_phase_B_partial_restart
t=04226 beta replay carrier replay_phase_B_partial_restart
t=04227 beta replay carrier replay_phase_B_partial_restart
t=04228 beta replay carrier replay_phase_B_partial_restart
t=04229 beta replay carrier replay_phase_B_partial_restart
t=04230 epsilon altered carrier replay_phase_B_partial_restart
t=04231 epsilon altered carrier replay_phase_B_partial_restart
t=04232 epsilon altered carrier replay_phase_B_partial_restart
t=04233 epsilon altered carrier replay_phase_B_partial_restart
t=04234 epsilon altered carrier replay_phase_B_partial_restart
t=04235 epsilon altered carrier replay_phase_B_partial_restart
t=04236 epsilon altered carrier replay_phase_B_partial_restart
t=04237 epsilon altered carrier replay_phase_B_partial_restart
t=04238 epsilon altered carrier replay_phase_B_partial_restart
t=04239 epsilon altered carrier replay_phase_B_partial_restart
t=04240 epsilon altered carrier replay_phase_B_partial_restart
t=04241 epsilon altered carrier replay_phase_B_partial_restart
t=04242 epsilon altered carrier replay_phase_B_partial_restart
t=04243 epsilon altered carrier replay_phase_B_partial_restart
t=04244 epsilon altered carrier replay_phase_B_partial_restart
t=04245 epsilon altered carrier replay_phase_B_partial_restart
t=04246 epsilon altered carrier replay_phase_B_partial_restart
t=04247 epsilon altered carrier replay_phase_B_partial_restart
t=04248 epsilon altered carrier replay_phase_B_partial_restart
t=04249 epsilon altered carrier replay_phase_B_partial_restart
t=04250 epsilon altered carrier replay_phase_B_partial_restart
t=04251 epsilon altered carrier replay_phase_B_partial_restart
t=04252 epsilon altered carrier replay_phase_B_partial_restart
t=04253 epsilon altered carrier replay_phase_B_partial_restart
t=04254 epsilon altered carrier replay_phase_B_partial_restart
t=04255 epsilon altered carrier replay_phase_B_partial_restart
t=04256 epsilon altered carrier replay_phase_B_partial_restart
t=04257 epsilon altered carrier replay_phase_B_partial_restart
t=04258 epsilon altered carrier replay_phase_B_partial_restart
t=04259 epsilon altered carrier replay_phase_B_partial_restart
t=04260 epsilon altered carrier replay_phase_B_partial_restart
t=04261 epsilon altered carrier replay_phase_B_partial_restart
t=04262 epsilon altered carrier replay_phase_B_partial_restart
t=04263 epsilon altered carrier replay_phase_B_partial_restart
t=04264 epsilon altered carrier replay_phase_B_partial_restart
t=04265 epsilon altered carrier replay_phase_B_partial_restart
t=04266 epsilon altered carrier replay_phase_B_partial_restart
t=04267 epsilon altered carrier replay_phase_B_partial_restart
t=04268 epsilon altered carrier replay_phase_B_partial_restart
t=04269 epsilon altered carrier replay_phase_B_partial_restart
t=04270 epsilon altered carrier replay_phase_B_partial_restart
t=04271 epsilon altered carrier replay_phase_B_partial_restart
t=04272 epsilon altered carrier replay_phase_B_partial_restart
t=04273 epsilon altered carrier replay_phase_B_partial_restart
t=04274 epsilon altered carrier replay_phase_B_partial_restart
t=04275 delta replay carrier replay_phase_B_partial_restart
t=04276 delta replay carrier replay_phase_B_partial_restart
t=04277 delta replay carrier replay_phase_B_partial_restart
t=04278 delta replay carrier replay_phase_B_partial_restart
t=04279 delta replay carrier replay_phase_B_partial_restart
t=04280 delta replay carrier replay_phase_B_partial_restart
t=04281 delta replay carrier replay_phase_B_partial_restart
t=04282 delta replay carrier replay_phase_B_partial_restart
t=04283 delta replay carrier replay_phase_B_partial_restart
t=04284 delta replay carrier replay_phase_B_partial_restart
t=04285 delta replay carrier replay_phase_B_partial_restart
t=04286 delta replay carrier replay_phase_B_partial_restart
t=04287 delta replay carrier replay_phase_B_partial_restart
t=04288 delta replay carrier replay_phase_B_partial_restart
t=04289 delta replay carrier replay_phase_B_partial_restart
t=04290 delta replay carrier replay_phase_B_partial_restart
t=04291 delta replay carrier replay_phase_B_partial_restart
t=04292 delta replay carrier replay_phase_B_partial_restart
t=04293 delta replay carrier replay_phase_B_partial_restart
t=04294 delta replay carrier replay_phase_B_partial_restart
t=04295 delta replay carrier replay_phase_B_partial_restart
t=04296 delta replay carrier replay_phase_B_partial_restart
t=04297 delta replay carrier replay_phase_B_partial_restart
t=04298 delta replay carrier replay_phase_B_partial_restart
t=04299 delta replay carrier replay_phase_B_partial_restart
t=04300 delta replay carrier replay_phase_B_partial_restart
t=04301 quiet_reentry_field
t=04302 quiet_reentry_field
t=04303 quiet_reentry_field
t=04304 quiet_reentry_field
t=04305 quiet_reentry_field
t=04306 quiet_reentry_field
t=04307 quiet_reentry_field
t=04308 quiet_reentry_field
t=04309 quiet_reentry_field
t=04310 quiet_reentry_field
t=04311 quiet_reentry_field
t=04312 quiet_reentry_field
t=04313 quiet_reentry_field
t=04314 quiet_reentry_field
t=04315 quiet_reentry_field
t=04316 quiet_reentry_field
t=04317 quiet_reentry_field
t=04318 quiet_reentry_field
t=04319 quiet_reentry_field
t=04320 alpha replay carrier mixed_reentry
t=04321 delta replay carrier mixed_reentry
t=04322 delta replay carrier mixed_reentry
t=04323 alpha replay carrier mixed_reentry
t=04324 beta replay carrier mixed_reentry
t=04325 delta replay carrier mixed_reentry
t=04326 epsilon altered carrier mixed_reentry
t=04327 delta replay carrier mixed_reentry
t=04328 epsilon altered carrier mixed_reentry
t=04329 beta replay carrier mixed_reentry
t=04330 alpha replay carrier mixed_reentry
t=04331 alpha replay carrier mixed_reentry
t=04332 beta replay carrier mixed_reentry
t=04333 delta replay carrier mixed_reentry
t=04334 gamma replay carrier mixed_reentry
t=04335 delta replay carrier mixed_reentry
t=04336 epsilon altered carrier mixed_reentry
t=04337 delta replay carrier mixed_reentry
t=04338 beta replay carrier mixed_reentry
t=04339 alpha replay carrier mixed_reentry
t=04340 alpha replay carrier mixed_reentry
t=04341 alpha replay carrier mixed_reentry
t=04342 alpha replay carrier mixed_reentry
t=04343 epsilon altered carrier mixed_reentry
t=04344 delta replay carrier mixed_reentry
t=04345 delta replay carrier mixed_reentry
t=04346 alpha replay carrier mixed_reentry
t=04347 gamma replay carrier mixed_reentry
t=04348 beta replay carrier mixed_reentry
t=04349 gamma replay carrier mixed_reentry
t=04350 alpha replay carrier mixed_reentry
t=04351 beta replay carrier mixed_reentry
t=04352 epsilon altered carrier mixed_reentry
t=04353 gamma replay carrier mixed_reentry
t=04354 delta replay carrier mixed_reentry
t=04355 beta replay carrier mixed_reentry
t=04356 delta replay carrier mixed_reentry
t=04357 delta replay carrier mixed_reentry
t=04358 beta replay carrier mixed_reentry
t=04359 gamma replay carrier mixed_reentry
t=04360 beta replay carrier mixed_reentry
t=04361 beta replay carrier mixed_reentry
t=04362 alpha replay carrier mixed_reentry
t=04363 alpha replay carrier mixed_reentry
t=04364 gamma replay carrier mixed_reentry
t=04365 delta replay carrier mixed_reentry
t=04366 gamma replay carrier mixed_reentry
t=04367 gamma replay carrier mixed_reentry
t=04368 beta replay carrier mixed_reentry
t=04369 alpha replay carrier mixed_reentry
t=04370 gamma replay carrier mixed_reentry
t=04371 beta replay carrier mixed_reentry
t=04372 delta replay carrier mixed_reentry
t=04373 beta replay carrier mixed_reentry
t=04374 beta replay carrier mixed_reentry
t=04375 beta replay carrier mixed_reentry
t=04376 beta replay carrier mixed_reentry
t=04377 epsilon altered carrier mixed_reentry
t=04378 alpha replay carrier mixed_reentry
t=04379 alpha replay carrier mixed_reentry
t=04380 delta replay carrier mixed_reentry
t=04381 gamma replay carrier mixed_reentry
t=04382 gamma replay carrier mixed_reentry
t=04383 beta replay carrier mixed_reentry
t=04384 alpha replay carrier mixed_reentry
t=04385 beta replay carrier mixed_reentry
t=04386 delta replay carrier mixed_reentry
t=04387 epsilon altered carrier mixed_reentry
t=04388 gamma replay carrier mixed_reentry
t=04389 alpha replay carrier mixed_reentry
t=04390 quiet_reentry_field
t=04391 quiet_reentry_field
t=04392 quiet_reentry_field
t=04393 quiet_reentry_field
t=04394 quiet_reentry_field
t=04395 quiet_reentry_field
t=04396 quiet_reentry_field
t=04397 quiet_reentry_field
t=04398 quiet_reentry_field
t=04399 quiet_reentry_field
t=04400 quiet_reentry_field
t=04401 quiet_reentry_field
t=04402 quiet_reentry_field
t=04403 quiet_reentry_field
t=04404 quiet_reentry_field
t=04405 quiet_reentry_field
t=04406 quiet_reentry_field
t=04407 quiet_reentry_field
t=04408 quiet_reentry_field
t=04409 quiet_reentry_field
t=04410 quiet_reentry_field
t=04411 quiet_reentry_field
t=04412 quiet_reentry_field
t=04413 quiet_reentry_field
t=04414 quiet_reentry_field
t=04415 quiet_reentry_field
t=04416 quiet_reentry_field
t=04417 quiet_reentry_field
t=04418 quiet_reentry_field
t=04419 quiet_reentry_field
t=04420 quiet_reentry_field
t=04421 quiet_reentry_field
t=04422 quiet_reentry_field
t=04423 quiet_reentry_field
t=04424 quiet_reentry_field
t=04425 quiet_reentry_field
t=04426 quiet_reentry_field
t=04427 quiet_reentry_field
t=04428 quiet_reentry_field
t=04429 quiet_reentry_field
t=04430 quiet_reentry_field
t=04431 quiet_reentry_field
t=04432 quiet_reentry_field
t=04433 quiet_reentry_field
t=04434 quiet_reentry_field
t=04435 quiet_reentry_field
t=04436 quiet_reentry_field
t=04437 quiet_reentry_field
t=04438 quiet_reentry_field
t=04439 quiet_reentry_field
t=04440 quiet_reentry_field
t=04441 quiet_reentry_field
t=04442 quiet_reentry_field
t=04443 quiet_reentry_field
t=04444 quiet_reentry_field
t=04445 quiet_reentry_field
t=04446 quiet_reentry_field
t=04447 quiet_reentry_field
t=04448 quiet_reentry_field
t=04449 quiet_reentry_field
t=04450 quiet_reentry_field
t=04451 quiet_reentry_field
t=04452 quiet_reentry_field
t=04453 quiet_reentry_field
t=04454 quiet_reentry_field
t=04455 quiet_reentry_field
t=04456 quiet_reentry_field
t=04457 quiet_reentry_field
t=04458 quiet_reentry_field
t=04459 quiet_reentry_field
t=04460 quiet_reentry_field
t=04461 quiet_reentry_field
t=04462 quiet_reentry_field
t=04463 quiet_reentry_field
t=04464 quiet_reentry_field
t=04465 quiet_reentry_field
t=04466 quiet_reentry_field
t=04467 quiet_reentry_field
t=04468 quiet_reentry_field
t=04469 quiet_reentry_field
t=04470 quiet_reentry_field
t=04471 quiet_reentry_field
t=04472 quiet_reentry_field
t=04473 quiet_reentry_field
t=04474 quiet_reentry_field
t=04475 quiet_reentry_field
t=04476 quiet_reentry_field
t=04477 quiet_reentry_field
t=04478 quiet_reentry_field
t=04479 quiet_reentry_field
t=04480 gamma replay carrier mixed_reentry
t=04481 delta replay carrier mixed_reentry
t=04482 alpha replay carrier mixed_reentry
t=04483 gamma replay carrier mixed_reentry
t=04484 beta replay carrier mixed_reentry
t=04485 beta replay carrier mixed_reentry
t=04486 delta replay carrier mixed_reentry
t=04487 beta replay carrier mixed_reentry
t=04488 alpha replay carrier mixed_reentry
t=04489 beta replay carrier mixed_reentry
t=04490 delta replay carrier mixed_reentry
t=04491 beta replay carrier mixed_reentry
t=04492 delta replay carrier mixed_reentry
t=04493 delta replay carrier mixed_reentry
t=04494 gamma replay carrier mixed_reentry
t=04495 alpha replay carrier mixed_reentry
t=04496 alpha replay carrier mixed_reentry
t=04497 beta replay carrier mixed_reentry
t=04498 delta replay carrier mixed_reentry
t=04499 delta replay carrier mixed_reentry
t=04500 epsilon altered carrier mixed_reentry
t=04501 delta replay carrier mixed_reentry
t=04502 delta replay carrier mixed_reentry
t=04503 alpha replay carrier mixed_reentry
t=04504 gamma replay carrier mixed_reentry
t=04505 epsilon altered carrier mixed_reentry
t=04506 gamma replay carrier mixed_reentry
t=04507 gamma replay carrier mixed_reentry
t=04508 beta replay carrier mixed_reentry
t=04509 delta replay carrier mixed_reentry
t=04510 delta replay carrier mixed_reentry
t=04511 delta replay carrier mixed_reentry
t=04512 beta replay carrier mixed_reentry
t=04513 alpha replay carrier mixed_reentry
t=04514 alpha replay carrier mixed_reentry
t=04515 delta replay carrier mixed_reentry
t=04516 gamma replay carrier mixed_reentry
t=04517 delta replay carrier mixed_reentry
t=04518 beta replay carrier mixed_reentry
t=04519 delta replay carrier mixed_reentry
t=04520 alpha replay carrier mixed_reentry
t=04521 alpha replay carrier mixed_reentry
t=04522 gamma replay carrier mixed_reentry
t=04523 alpha replay carrier mixed_reentry
t=04524 alpha replay carrier mixed_reentry
t=04525 delta replay carrier mixed_reentry
t=04526 beta replay carrier mixed_reentry
t=04527 beta replay carrier mixed_reentry
t=04528 alpha replay carrier mixed_reentry
t=04529 delta replay carrier mixed_reentry
t=04530 delta replay carrier mixed_reentry
t=04531 epsilon altered carrier mixed_reentry
t=04532 alpha replay carrier mixed_reentry
t=04533 alpha replay carrier mixed_reentry
t=04534 gamma replay carrier mixed_reentry
t=04535 alpha replay carrier mixed_reentry
t=04536 beta replay carrier mixed_reentry
t=04537 delta replay carrier mixed_reentry
t=04538 beta replay carrier mixed_reentry
t=04539 delta replay carrier mixed_reentry
t=04540 delta replay carrier mixed_reentry
t=04541 alpha replay carrier mixed_reentry
t=04542 alpha replay carrier mixed_reentry
t=04543 delta replay carrier mixed_reentry
t=04544 alpha replay carrier mixed_reentry
t=04545 beta replay carrier mixed_reentry
t=04546 gamma replay carrier mixed_reentry
t=04547 delta replay carrier mixed_reentry
t=04548 delta replay carrier mixed_reentry
t=04549 alpha replay carrier mixed_reentry
t=04550 quiet_reentry_field
t=04551 quiet_reentry_field
t=04552 quiet_reentry_field
t=04553 quiet_reentry_field
t=04554 quiet_reentry_field
t=04555 quiet_reentry_field
t=04556 quiet_reentry_field
t=04557 quiet_reentry_field
t=04558 quiet_reentry_field
t=04559 quiet_reentry_field
t=04560 quiet_reentry_field
t=04561 quiet_reentry_field
t=04562 quiet_reentry_field
t=04563 quiet_reentry_field
t=04564 quiet_reentry_field
t=04565 quiet_reentry_field
t=04566 quiet_reentry_field
t=04567 quiet_reentry_field
t=04568 quiet_reentry_field
t=04569 quiet_reentry_field
t=04570 quiet_reentry_field
t=04571 quiet_reentry_field
t=04572 quiet_reentry_field
t=04573 quiet_reentry_field
t=04574 quiet_reentry_field
t=04575 quiet_reentry_field
t=04576 quiet_reentry_field
t=04577 quiet_reentry_field
t=04578 quiet_reentry_field
t=04579 quiet_reentry_field
t=04580 quiet_reentry_field
t=04581 quiet_reentry_field
t=04582 quiet_reentry_field
t=04583 quiet_reentry_field
t=04584 quiet_reentry_field
t=04585 quiet_reentry_field
t=04586 quiet_reentry_field
t=04587 quiet_reentry_field
t=04588 quiet_reentry_field
t=04589 quiet_reentry_field
t=04590 quiet_reentry_field
t=04591 quiet_reentry_field
t=04592 quiet_reentry_field
t=04593 quiet_reentry_field
t=04594 quiet_reentry_field
t=04595 quiet_reentry_field
t=04596 quiet_reentry_field
t=04597 quiet_reentry_field
t=04598 quiet_reentry_field
t=04599 quiet_reentry_field
t=04600 quiet_reentry_field
t=04601 quiet_reentry_field
t=04602 quiet_reentry_field
t=04603 quiet_reentry_field
t=04604 quiet_reentry_field
t=04605 quiet_reentry_field
t=04606 quiet_reentry_field
t=04607 quiet_reentry_field
t=04608 quiet_reentry_field
t=04609 quiet_reentry_field
t=04610 quiet_reentry_field
t=04611 quiet_reentry_field
t=04612 quiet_reentry_field
t=04613 quiet_reentry_field
t=04614 quiet_reentry_field
t=04615 quiet_reentry_field
t=04616 quiet_reentry_field
t=04617 quiet_reentry_field
t=04618 quiet_reentry_field
t=04619 quiet_reentry_field
t=04620 quiet_reentry_field
t=04621 quiet_reentry_field
t=04622 quiet_reentry_field
t=04623 quiet_reentry_field
t=04624 quiet_reentry_field
t=04625 quiet_reentry_field
t=04626 quiet_reentry_field
t=04627 quiet_reentry_field
t=04628 quiet_reentry_field
t=04629 quiet_reentry_field
t=04630 quiet_reentry_field
t=04631 quiet_reentry_field
t=04632 quiet_reentry_field
t=04633 quiet_reentry_field
t=04634 quiet_reentry_field
t=04635 quiet_reentry_field
t=04636 quiet_reentry_field
t=04637 quiet_reentry_field
t=04638 quiet_reentry_field
t=04639 quiet_reentry_field
t=04640 beta replay carrier mixed_reentry
t=04641 delta replay carrier mixed_reentry
t=04642 beta replay carrier mixed_reentry
t=04643 gamma replay carrier mixed_reentry
t=04644 beta replay carrier mixed_reentry
t=04645 alpha replay carrier mixed_reentry
t=04646 epsilon altered carrier mixed_reentry
t=04647 beta replay carrier mixed_reentry
t=04648 beta replay carrier mixed_reentry
t=04649 delta replay carrier mixed_reentry
t=04650 delta replay carrier mixed_reentry
t=04651 gamma replay carrier mixed_reentry
t=04652 beta replay carrier mixed_reentry
t=04653 beta replay carrier mixed_reentry
t=04654 beta replay carrier mixed_reentry
t=04655 beta replay carrier mixed_reentry
t=04656 alpha replay carrier mixed_reentry
t=04657 epsilon altered carrier mixed_reentry
t=04658 alpha replay carrier mixed_reentry
t=04659 epsilon altered carrier mixed_reentry
t=04660 alpha replay carrier mixed_reentry
t=04661 alpha replay carrier mixed_reentry
t=04662 epsilon altered carrier mixed_reentry
t=04663 delta replay carrier mixed_reentry
t=04664 gamma replay carrier mixed_reentry
t=04665 delta replay carrier mixed_reentry
t=04666 delta replay carrier mixed_reentry
t=04667 beta replay carrier mixed_reentry
t=04668 delta replay carrier mixed_reentry
t=04669 delta replay carrier mixed_reentry
t=04670 gamma replay carrier mixed_reentry
t=04671 delta replay carrier mixed_reentry
t=04672 gamma replay carrier mixed_reentry
t=04673 alpha replay carrier mixed_reentry
t=04674 beta replay carrier mixed_reentry
t=04675 epsilon altered carrier mixed_reentry
t=04676 beta replay carrier mixed_reentry
t=04677 epsilon altered carrier mixed_reentry
t=04678 delta replay carrier mixed_reentry
t=04679 delta replay carrier mixed_reentry
t=04680 beta replay carrier mixed_reentry
t=04681 epsilon altered carrier mixed_reentry
t=04682 gamma replay carrier mixed_reentry
t=04683 delta replay carrier mixed_reentry
t=04684 gamma replay carrier mixed_reentry
t=04685 beta replay carrier mixed_reentry
t=04686 gamma replay carrier mixed_reentry
t=04687 delta replay carrier mixed_reentry
t=04688 alpha replay carrier mixed_reentry
t=04689 delta replay carrier mixed_reentry
t=04690 alpha replay carrier mixed_reentry
t=04691 beta replay carrier mixed_reentry
t=04692 delta replay carrier mixed_reentry
t=04693 alpha replay carrier mixed_reentry
t=04694 alpha replay carrier mixed_reentry
t=04695 delta replay carrier mixed_reentry
t=04696 delta replay carrier mixed_reentry
t=04697 beta replay carrier mixed_reentry
t=04698 beta replay carrier mixed_reentry
t=04699 alpha replay carrier mixed_reentry
t=04700 delta replay carrier mixed_reentry
t=04701 alpha replay carrier mixed_reentry
t=04702 alpha replay carrier mixed_reentry
t=04703 delta replay carrier mixed_reentry
t=04704 gamma replay carrier mixed_reentry
t=04705 alpha replay carrier mixed_reentry
t=04706 alpha replay carrier mixed_reentry
t=04707 delta replay carrier mixed_reentry
t=04708 gamma replay carrier mixed_reentry
t=04709 delta replay carrier mixed_reentry
t=04710 quiet_reentry_field
t=04711 quiet_reentry_field
t=04712 quiet_reentry_field
t=04713 quiet_reentry_field
t=04714 quiet_reentry_field
t=04715 quiet_reentry_field
t=04716 quiet_reentry_field
t=04717 quiet_reentry_field
t=04718 quiet_reentry_field
t=04719 quiet_reentry_field
t=04720 quiet_reentry_field
t=04721 quiet_reentry_field
t=04722 quiet_reentry_field
t=04723 quiet_reentry_field
t=04724 quiet_reentry_field
t=04725 quiet_reentry_field
t=04726 quiet_reentry_field
t=04727 quiet_reentry_field
t=04728 quiet_reentry_field
t=04729 quiet_reentry_field
t=04730 quiet_reentry_field
t=04731 quiet_reentry_field
t=04732 quiet_reentry_field
t=04733 quiet_reentry_field
t=04734 quiet_reentry_field
t=04735 quiet_reentry_field
t=04736 quiet_reentry_field
t=04737 quiet_reentry_field
t=04738 quiet_reentry_field
t=04739 quiet_reentry_field
t=04740 quiet_reentry_field
t=04741 quiet_reentry_field
t=04742 quiet_reentry_field
t=04743 quiet_reentry_field
t=04744 quiet_reentry_field
t=04745 quiet_reentry_field
t=04746 quiet_reentry_field
t=04747 quiet_reentry_field
t=04748 quiet_reentry_field
t=04749 quiet_reentry_field
t=04750 quiet_reentry_field
t=04751 quiet_reentry_field
t=04752 quiet_reentry_field
t=04753 quiet_reentry_field
t=04754 quiet_reentry_field
t=04755 quiet_reentry_field
t=04756 quiet_reentry_field
t=04757 quiet_reentry_field
t=04758 quiet_reentry_field
t=04759 quiet_reentry_field
t=04760 quiet_reentry_field
t=04761 quiet_reentry_field
t=04762 quiet_reentry_field
t=04763 quiet_reentry_field
t=04764 quiet_reentry_field
t=04765 quiet_reentry_field
t=04766 quiet_reentry_field
t=04767 quiet_reentry_field
t=04768 quiet_reentry_field
t=04769 quiet_reentry_field
t=04770 quiet_reentry_field
t=04771 quiet_reentry_field
t=04772 quiet_reentry_field
t=04773 quiet_reentry_field
t=04774 quiet_reentry_field
t=04775 quiet_reentry_field
t=04776 quiet_reentry_field
t=04777 quiet_reentry_field
t=04778 quiet_reentry_field
t=04779 quiet_reentry_field
t=04780 quiet_reentry_field
t=04781 quiet_reentry_field
t=04782 quiet_reentry_field
t=04783 quiet_reentry_field
t=04784 quiet_reentry_field
t=04785 quiet_reentry_field
t=04786 quiet_reentry_field
t=04787 quiet_reentry_field
t=04788 quiet_reentry_field
t=04789 quiet_reentry_field
t=04790 quiet_reentry_field
t=04791 quiet_reentry_field
t=04792 quiet_reentry_field
t=04793 quiet_reentry_field
t=04794 quiet_reentry_field
t=04795 quiet_reentry_field
t=04796 quiet_reentry_field
t=04797 quiet_reentry_field
t=04798 quiet_reentry_field
t=04799 quiet_reentry_field
t=04800 beta replay carrier mixed_reentry
t=04801 beta replay carrier mixed_reentry
t=04802 gamma replay carrier mixed_reentry
t=04803 beta replay carrier mixed_reentry
t=04804 gamma replay carrier mixed_reentry
t=04805 alpha replay carrier mixed_reentry
t=04806 alpha replay carrier mixed_reentry
t=04807 alpha replay carrier mixed_reentry
t=04808 beta replay carrier mixed_reentry
t=04809 gamma replay carrier mixed_reentry
t=04810 alpha replay carrier mixed_reentry
t=04811 delta replay carrier mixed_reentry
t=04812 epsilon altered carrier mixed_reentry
t=04813 delta replay carrier mixed_reentry
t=04814 gamma replay carrier mixed_reentry
t=04815 delta replay carrier mixed_reentry
t=04816 delta replay carrier mixed_reentry
t=04817 delta replay carrier mixed_reentry
t=04818 gamma replay carrier mixed_reentry
t=04819 beta replay carrier mixed_reentry
t=04820 delta replay carrier mixed_reentry
t=04821 alpha replay carrier mixed_reentry
t=04822 delta replay carrier mixed_reentry
t=04823 gamma replay carrier mixed_reentry
t=04824 epsilon altered carrier mixed_reentry
t=04825 alpha replay carrier mixed_reentry
t=04826 beta replay carrier mixed_reentry
t=04827 alpha replay carrier mixed_reentry
t=04828 delta replay carrier mixed_reentry
t=04829 beta replay carrier mixed_reentry
t=04830 beta replay carrier mixed_reentry
t=04831 delta replay carrier mixed_reentry
t=04832 delta replay carrier mixed_reentry
t=04833 alpha replay carrier mixed_reentry
t=04834 alpha replay carrier mixed_reentry
t=04835 alpha replay carrier mixed_reentry
t=04836 alpha replay carrier mixed_reentry
t=04837 epsilon altered carrier mixed_reentry
t=04838 alpha replay carrier mixed_reentry
t=04839 beta replay carrier mixed_reentry
t=04840 alpha replay carrier mixed_reentry
t=04841 epsilon altered carrier mixed_reentry
t=04842 delta replay carrier mixed_reentry
t=04843 delta replay carrier mixed_reentry
t=04844 alpha replay carrier mixed_reentry
t=04845 epsilon altered carrier mixed_reentry
t=04846 beta replay carrier mixed_reentry
t=04847 delta replay carrier mixed_reentry
t=04848 gamma replay carrier mixed_reentry
t=04849 gamma replay carrier mixed_reentry
t=04850 alpha replay carrier mixed_reentry
t=04851 epsilon altered carrier mixed_reentry
t=04852 beta replay carrier mixed_reentry
t=04853 alpha replay carrier mixed_reentry
t=04854 beta replay carrier mixed_reentry
t=04855 beta replay carrier mixed_reentry
t=04856 delta replay carrier mixed_reentry
t=04857 beta replay carrier mixed_reentry
t=04858 alpha replay carrier mixed_reentry
t=04859 beta replay carrier mixed_reentry
t=04860 delta replay carrier mixed_reentry
t=04861 alpha replay carrier mixed_reentry
t=04862 delta replay carrier mixed_reentry
t=04863 alpha replay carrier mixed_reentry
t=04864 alpha replay carrier mixed_reentry
t=04865 beta replay carrier mixed_reentry
t=04866 beta replay carrier mixed_reentry
t=04867 gamma replay carrier mixed_reentry
t=04868 delta replay carrier mixed_reentry
t=04869 delta replay carrier mixed_reentry
t=04870 quiet_reentry_field
t=04871 quiet_reentry_field
t=04872 quiet_reentry_field
t=04873 quiet_reentry_field
t=04874 quiet_reentry_field
t=04875 quiet_reentry_field
t=04876 quiet_reentry_field
t=04877 quiet_reentry_field
t=04878 quiet_reentry_field
t=04879 quiet_reentry_field
t=04880 quiet_reentry_field
t=04881 quiet_reentry_field
t=04882 quiet_reentry_field
t=04883 quiet_reentry_field
t=04884 quiet_reentry_field
t=04885 quiet_reentry_field
t=04886 quiet_reentry_field
t=04887 quiet_reentry_field
t=04888 quiet_reentry_field
t=04889 quiet_reentry_field
t=04890 quiet_reentry_field
t=04891 quiet_reentry_field
t=04892 quiet_reentry_field
t=04893 quiet_reentry_field
t=04894 quiet_reentry_field
t=04895 quiet_reentry_field
t=04896 quiet_reentry_field
t=04897 quiet_reentry_field
t=04898 quiet_reentry_field
t=04899 quiet_reentry_field
t=04900 quiet_reentry_field
t=04901 quiet_reentry_field
t=04902 quiet_reentry_field
t=04903 quiet_reentry_field
t=04904 quiet_reentry_field
t=04905 quiet_reentry_field
t=04906 quiet_reentry_field
t=04907 quiet_reentry_field
t=04908 quiet_reentry_field
t=04909 quiet_reentry_field
t=04910 quiet_reentry_field
t=04911 quiet_reentry_field
t=04912 quiet_reentry_field
t=04913 quiet_reentry_field
t=04914 quiet_reentry_field
t=04915 quiet_reentry_field
t=04916 quiet_reentry_field
t=04917 quiet_reentry_field
t=04918 quiet_reentry_field
t=04919 quiet_reentry_field
t=04920 quiet_reentry_field
t=04921 quiet_reentry_field
t=04922 quiet_reentry_field
t=04923 quiet_reentry_field
t=04924 quiet_reentry_field
t=04925 quiet_reentry_field
t=04926 quiet_reentry_field
t=04927 quiet_reentry_field
t=04928 quiet_reentry_field
t=04929 quiet_reentry_field
t=04930 quiet_reentry_field
t=04931 quiet_reentry_field
t=04932 quiet_reentry_field
t=04933 quiet_reentry_field
t=04934 quiet_reentry_field
t=04935 quiet_reentry_field
t=04936 quiet_reentry_field
t=04937 quiet_reentry_field
t=04938 quiet_reentry_field
t=04939 quiet_reentry_field
t=04940 quiet_reentry_field
t=04941 quiet_reentry_field
t=04942 quiet_reentry_field
t=04943 quiet_reentry_field
t=04944 quiet_reentry_field
t=04945 quiet_reentry_field
t=04946 quiet_reentry_field
t=04947 quiet_reentry_field
t=04948 quiet_reentry_field
t=04949 quiet_reentry_field
t=04950 quiet_reentry_field
t=04951 quiet_reentry_field
t=04952 quiet_reentry_field
t=04953 quiet_reentry_field
t=04954 quiet_reentry_field
t=04955 quiet_reentry_field
t=04956 quiet_reentry_field
t=04957 quiet_reentry_field
t=04958 quiet_reentry_field
t=04959 quiet_reentry_field
t=04960 delta replay carrier mixed_reentry
t=04961 delta replay carrier mixed_reentry
t=04962 alpha replay carrier mixed_reentry
t=04963 beta replay carrier mixed_reentry
t=04964 beta replay carrier mixed_reentry
t=04965 gamma replay carrier mixed_reentry
t=04966 gamma replay carrier mixed_reentry
t=04967 gamma replay carrier mixed_reentry
t=04968 alpha replay carrier mixed_reentry
t=04969 delta replay carrier mixed_reentry
t=04970 delta replay carrier mixed_reentry
t=04971 beta replay carrier mixed_reentry
t=04972 epsilon altered carrier mixed_reentry
t=04973 alpha replay carrier mixed_reentry
t=04974 alpha replay carrier mixed_reentry
t=04975 epsilon altered carrier mixed_reentry
t=04976 delta replay carrier mixed_reentry
t=04977 beta replay carrier mixed_reentry
t=04978 delta replay carrier mixed_reentry
t=04979 epsilon altered carrier mixed_reentry
t=04980 delta replay carrier mixed_reentry
t=04981 delta replay carrier mixed_reentry
t=04982 delta replay carrier mixed_reentry
t=04983 alpha replay carrier mixed_reentry
t=04984 delta replay carrier mixed_reentry
t=04985 beta replay carrier mixed_reentry
t=04986 alpha replay carrier mixed_reentry
t=04987 epsilon altered carrier mixed_reentry
t=04988 delta replay carrier mixed_reentry
t=04989 alpha replay carrier mixed_reentry
t=04990 delta replay carrier mixed_reentry
t=04991 epsilon altered carrier mixed_reentry
t=04992 delta replay carrier mixed_reentry
t=04993 gamma replay carrier mixed_reentry
t=04994 epsilon altered carrier mixed_reentry
t=04995 delta replay carrier mixed_reentry
t=04996 gamma replay carrier mixed_reentry
t=04997 alpha replay carrier mixed_reentry
t=04998 alpha replay carrier mixed_reentry
t=04999 delta replay carrier mixed_reentry
t=05000 gamma replay carrier mixed_reentry
t=05001 beta replay carrier mixed_reentry
t=05002 beta replay carrier mixed_reentry
t=05003 delta replay carrier mixed_reentry
t=05004 epsilon altered carrier mixed_reentry
t=05005 alpha replay carrier mixed_reentry
t=05006 delta replay carrier mixed_reentry
t=05007 epsilon altered carrier mixed_reentry
t=05008 delta replay carrier mixed_reentry
t=05009 delta replay carrier mixed_reentry
t=05010 delta replay carrier mixed_reentry
t=05011 gamma replay carrier mixed_reentry
t=05012 alpha replay carrier mixed_reentry
t=05013 beta replay carrier mixed_reentry
t=05014 delta replay carrier mixed_reentry
t=05015 beta replay carrier mixed_reentry
t=05016 epsilon altered carrier mixed_reentry
t=05017 beta replay carrier mixed_reentry
t=05018 alpha replay carrier mixed_reentry
t=05019 gamma replay carrier mixed_reentry
t=05020 beta replay carrier mixed_reentry
t=05021 alpha replay carrier mixed_reentry
t=05022 beta replay carrier mixed_reentry
t=05023 delta replay carrier mixed_reentry
t=05024 beta replay carrier mixed_reentry
t=05025 delta replay carrier mixed_reentry
t=05026 alpha replay carrier mixed_reentry
t=05027 gamma replay carrier mixed_reentry
t=05028 delta replay carrier mixed_reentry
t=05029 beta replay carrier mixed_reentry
t=05030 quiet_reentry_field
t=05031 quiet_reentry_field
t=05032 quiet_reentry_field
t=05033 quiet_reentry_field
t=05034 quiet_reentry_field
t=05035 quiet_reentry_field
t=05036 quiet_reentry_field
t=05037 quiet_reentry_field
t=05038 quiet_reentry_field
t=05039 quiet_reentry_field
t=05040 quiet_reentry_field
t=05041 quiet_reentry_field
t=05042 quiet_reentry_field
t=05043 quiet_reentry_field
t=05044 quiet_reentry_field
t=05045 quiet_reentry_field
t=05046 quiet_reentry_field
t=05047 quiet_reentry_field
t=05048 quiet_reentry_field
t=05049 quiet_reentry_field
t=05050 quiet_reentry_field
t=05051 quiet_reentry_field
t=05052 quiet_reentry_field
t=05053 quiet_reentry_field
t=05054 quiet_reentry_field
t=05055 quiet_reentry_field
t=05056 quiet_reentry_field
t=05057 quiet_reentry_field
t=05058 quiet_reentry_field
t=05059 quiet_reentry_field
t=05060 quiet_reentry_field
t=05061 quiet_reentry_field
t=05062 quiet_reentry_field
t=05063 quiet_reentry_field
t=05064 quiet_reentry_field
t=05065 quiet_reentry_field
t=05066 quiet_reentry_field
t=05067 quiet_reentry_field
t=05068 quiet_reentry_field
t=05069 quiet_reentry_field
t=05070 quiet_reentry_field
t=05071 quiet_reentry_field
t=05072 quiet_reentry_field
t=05073 quiet_reentry_field
t=05074 quiet_reentry_field
t=05075 quiet_reentry_field
t=05076 quiet_reentry_field
t=05077 quiet_reentry_field
t=05078 quiet_reentry_field
t=05079 quiet_reentry_field
t=05080 quiet_reentry_field
t=05081 quiet_reentry_field
t=05082 quiet_reentry_field
t=05083 quiet_reentry_field
t=05084 quiet_reentry_field
t=05085 quiet_reentry_field
t=05086 quiet_reentry_field
t=05087 quiet_reentry_field
t=05088 quiet_reentry_field
t=05089 quiet_reentry_field
t=05090 quiet_reentry_field
t=05091 quiet_reentry_field
t=05092 quiet_reentry_field
t=05093 quiet_reentry_field
t=05094 quiet_reentry_field
t=05095 quiet_reentry_field
t=05096 quiet_reentry_field
t=05097 quiet_reentry_field
t=05098 quiet_reentry_field
t=05099 quiet_reentry_field
t=05100 quiet_reentry_field
t=05101 quiet_reentry_field
t=05102 quiet_reentry_field
t=05103 quiet_reentry_field
t=05104 quiet_reentry_field
t=05105 quiet_reentry_field
t=05106 quiet_reentry_field
t=05107 quiet_reentry_field
t=05108 quiet_reentry_field
t=05109 quiet_reentry_field
t=05110 quiet_reentry_field
t=05111 quiet_reentry_field
t=05112 quiet_reentry_field
t=05113 quiet_reentry_field
t=05114 quiet_reentry_field
t=05115 quiet_reentry_field
t=05116 quiet_reentry_field
t=05117 quiet_reentry_field
t=05118 quiet_reentry_field
t=05119 quiet_reentry_field
t=05120 alpha replay carrier mixed_reentry
t=05121 alpha replay carrier mixed_reentry
t=05122 epsilon altered carrier mixed_reentry
t=05123 alpha replay carrier mixed_reentry
t=05124 delta replay carrier mixed_reentry
t=05125 delta replay carrier mixed_reentry
t=05126 beta replay carrier mixed_reentry
t=05127 alpha replay carrier mixed_reentry
t=05128 alpha replay carrier mixed_reentry
t=05129 delta replay carrier mixed_reentry
t=05130 delta replay carrier mixed_reentry
t=05131 delta replay carrier mixed_reentry
t=05132 beta replay carrier mixed_reentry
t=05133 epsilon altered carrier mixed_reentry
t=05134 beta replay carrier mixed_reentry
t=05135 alpha replay carrier mixed_reentry
t=05136 gamma replay carrier mixed_reentry
t=05137 alpha replay carrier mixed_reentry
t=05138 alpha replay carrier mixed_reentry
t=05139 gamma replay carrier mixed_reentry
t=05140 delta replay carrier mixed_reentry
t=05141 epsilon altered carrier mixed_reentry
t=05142 gamma replay carrier mixed_reentry
t=05143 alpha replay carrier mixed_reentry
t=05144 beta replay carrier mixed_reentry
t=05145 delta replay carrier mixed_reentry
t=05146 gamma replay carrier mixed_reentry
t=05147 alpha replay carrier mixed_reentry
t=05148 alpha replay carrier mixed_reentry
t=05149 delta replay carrier mixed_reentry
t=05150 delta replay carrier mixed_reentry
t=05151 beta replay carrier mixed_reentry
t=05152 beta replay carrier mixed_reentry
t=05153 beta replay carrier mixed_reentry
t=05154 beta replay carrier mixed_reentry
t=05155 delta replay carrier mixed_reentry
t=05156 alpha replay carrier mixed_reentry
t=05157 gamma replay carrier mixed_reentry
t=05158 epsilon altered carrier mixed_reentry
t=05159 delta replay carrier mixed_reentry
t=05160 beta replay carrier mixed_reentry
t=05161 delta replay carrier mixed_reentry
t=05162 alpha replay carrier mixed_reentry
t=05163 gamma replay carrier mixed_reentry
t=05164 epsilon altered carrier mixed_reentry
t=05165 beta replay carrier mixed_reentry
t=05166 beta replay carrier mixed_reentry
t=05167 alpha replay carrier mixed_reentry
t=05168 beta replay carrier mixed_reentry
t=05169 alpha replay carrier mixed_reentry
t=05170 alpha replay carrier mixed_reentry
t=05171 alpha replay carrier mixed_reentry
t=05172 beta replay carrier mixed_reentry
t=05173 beta replay carrier mixed_reentry
t=05174 alpha replay carrier mixed_reentry
t=05175 beta replay carrier mixed_reentry
t=05176 epsilon altered carrier mixed_reentry
t=05177 delta replay carrier mixed_reentry
t=05178 delta replay carrier mixed_reentry
t=05179 beta replay carrier mixed_reentry
t=05180 alpha replay carrier mixed_reentry
t=05181 epsilon altered carrier mixed_reentry
t=05182 beta replay carrier mixed_reentry
t=05183 beta replay carrier mixed_reentry
t=05184 epsilon altered carrier mixed_reentry
t=05185 beta replay carrier mixed_reentry
t=05186 epsilon altered carrier mixed_reentry
t=05187 alpha replay carrier mixed_reentry
t=05188 gamma replay carrier mixed_reentry
t=05189 epsilon altered carrier mixed_reentry
t=05190 quiet_reentry_field
t=05191 quiet_reentry_field
t=05192 quiet_reentry_field
t=05193 quiet_reentry_field
t=05194 quiet_reentry_field
t=05195 quiet_reentry_field
t=05196 quiet_reentry_field
t=05197 quiet_reentry_field
t=05198 quiet_reentry_field
t=05199 quiet_reentry_field
t=05200 quiet_reentry_field
t=05201 quiet_reentry_field
t=05202 quiet_reentry_field
t=05203 quiet_reentry_field
t=05204 quiet_reentry_field
t=05205 quiet_reentry_field
t=05206 quiet_reentry_field
t=05207 quiet_reentry_field
t=05208 quiet_reentry_field
t=05209 quiet_reentry_field
t=05210 quiet_reentry_field
t=05211 quiet_reentry_field
t=05212 quiet_reentry_field
t=05213 quiet_reentry_field
t=05214 quiet_reentry_field
t=05215 quiet_reentry_field
t=05216 quiet_reentry_field
t=05217 quiet_reentry_field
t=05218 quiet_reentry_field
t=05219 quiet_reentry_field
t=05220 quiet_reentry_field
t=05221 quiet_reentry_field
t=05222 quiet_reentry_field
t=05223 quiet_reentry_field
t=05224 quiet_reentry_field
t=05225 quiet_reentry_field
t=05226 quiet_reentry_field
t=05227 quiet_reentry_field
t=05228 quiet_reentry_field
t=05229 quiet_reentry_field
t=05230 quiet_reentry_field
t=05231 quiet_reentry_field
t=05232 quiet_reentry_field
t=05233 quiet_reentry_field
t=05234 quiet_reentry_field
t=05235 quiet_reentry_field
t=05236 quiet_reentry_field
t=05237 quiet_reentry_field
t=05238 quiet_reentry_field
t=05239 quiet_reentry_field
t=05240 quiet_reentry_field
t=05241 quiet_reentry_field
t=05242 quiet_reentry_field
t=05243 quiet_reentry_field
t=05244 quiet_reentry_field
t=05245 quiet_reentry_field
t=05246 quiet_reentry_field
t=05247 quiet_reentry_field
t=05248 quiet_reentry_field
t=05249 quiet_reentry_field
t=05250 quiet_reentry_field
t=05251 quiet_reentry_field
t=05252 quiet_reentry_field
t=05253 quiet_reentry_field
t=05254 quiet_reentry_field
t=05255 quiet_reentry_field
t=05256 quiet_reentry_field
t=05257 quiet_reentry_field
t=05258 quiet_reentry_field
t=05259 quiet_reentry_field
t=05260 quiet_reentry_field
t=05261 quiet_reentry_field
t=05262 quiet_reentry_field
t=05263 quiet_reentry_field
t=05264 quiet_reentry_field
t=05265 quiet_reentry_field
t=05266 quiet_reentry_field
t=05267 quiet_reentry_field
t=05268 quiet_reentry_field
t=05269 quiet_reentry_field
t=05270 quiet_reentry_field
t=05271 quiet_reentry_field
t=05272 quiet_reentry_field
t=05273 quiet_reentry_field
t=05274 quiet_reentry_field
t=05275 quiet_reentry_field
t=05276 quiet_reentry_field
t=05277 quiet_reentry_field
t=05278 quiet_reentry_field
t=05279 quiet_reentry_field
t=05280 beta replay carrier mixed_reentry
t=05281 gamma replay carrier mixed_reentry
t=05282 beta replay carrier mixed_reentry
t=05283 alpha replay carrier mixed_reentry
t=05284 beta replay carrier mixed_reentry
t=05285 alpha replay carrier mixed_reentry
t=05286 beta replay carrier mixed_reentry
t=05287 beta replay carrier mixed_reentry
t=05288 gamma replay carrier mixed_reentry
t=05289 delta replay carrier mixed_reentry
t=05290 alpha replay carrier mixed_reentry
t=05291 alpha replay carrier mixed_reentry
t=05292 delta replay carrier mixed_reentry
t=05293 beta replay carrier mixed_reentry
t=05294 delta replay carrier mixed_reentry
t=05295 beta replay carrier mixed_reentry
t=05296 alpha replay carrier mixed_reentry
t=05297 beta replay carrier mixed_reentry
t=05298 epsilon altered carrier mixed_reentry
t=05299 beta replay carrier mixed_reentry
t=05300 epsilon altered carrier mixed_reentry
t=05301 delta replay carrier mixed_reentry
t=05302 delta replay carrier mixed_reentry
t=05303 epsilon altered carrier mixed_reentry
t=05304 gamma replay carrier mixed_reentry
t=05305 delta replay carrier mixed_reentry
t=05306 delta replay carrier mixed_reentry
t=05307 beta replay carrier mixed_reentry
t=05308 delta replay carrier mixed_reentry
t=05309 gamma replay carrier mixed_reentry
t=05310 beta replay carrier mixed_reentry
t=05311 epsilon altered carrier mixed_reentry
t=05312 beta replay carrier mixed_reentry
t=05313 delta replay carrier mixed_reentry
t=05314 delta replay carrier mixed_reentry
t=05315 epsilon altered carrier mixed_reentry
t=05316 gamma replay carrier mixed_reentry
t=05317 delta replay carrier mixed_reentry
t=05318 beta replay carrier mixed_reentry
t=05319 epsilon altered carrier mixed_reentry
t=05320 delta replay carrier mixed_reentry
t=05321 alpha replay carrier mixed_reentry
t=05322 delta replay carrier mixed_reentry
t=05323 delta replay carrier mixed_reentry
t=05324 gamma replay carrier mixed_reentry
t=05325 beta replay carrier mixed_reentry
t=05326 delta replay carrier mixed_reentry
t=05327 alpha replay carrier mixed_reentry
t=05328 beta replay carrier mixed_reentry
t=05329 beta replay carrier mixed_reentry
t=05330 delta replay carrier mixed_reentry
t=05331 alpha replay carrier mixed_reentry
t=05332 beta replay carrier mixed_reentry
t=05333 beta replay carrier mixed_reentry
t=05334 delta replay carrier mixed_reentry
t=05335 gamma replay carrier mixed_reentry
t=05336 delta replay carrier mixed_reentry
t=05337 gamma replay carrier mixed_reentry
t=05338 alpha replay carrier mixed_reentry
t=05339 alpha replay carrier mixed_reentry
t=05340 delta replay carrier mixed_reentry
t=05341 alpha replay carrier mixed_reentry
t=05342 alpha replay carrier mixed_reentry
t=05343 alpha replay carrier mixed_reentry
t=05344 delta replay carrier mixed_reentry
t=05345 gamma replay carrier mixed_reentry
t=05346 epsilon altered carrier mixed_reentry
t=05347 delta replay carrier mixed_reentry
t=05348 gamma replay carrier mixed_reentry
t=05349 epsilon altered carrier mixed_reentry
t=05350 quiet_reentry_field
t=05351 quiet_reentry_field
t=05352 quiet_reentry_field
t=05353 quiet_reentry_field
t=05354 quiet_reentry_field
t=05355 quiet_reentry_field
t=05356 quiet_reentry_field
t=05357 quiet_reentry_field
t=05358 quiet_reentry_field
t=05359 quiet_reentry_field
t=05360 quiet_reentry_field
t=05361 quiet_reentry_field
t=05362 quiet_reentry_field
t=05363 quiet_reentry_field
t=05364 quiet_reentry_field
t=05365 quiet_reentry_field
t=05366 quiet_reentry_field
t=05367 quiet_reentry_field
t=05368 quiet_reentry_field
t=05369 quiet_reentry_field
t=05370 quiet_reentry_field
t=05371 quiet_reentry_field
t=05372 quiet_reentry_field
t=05373 quiet_reentry_field
t=05374 quiet_reentry_field
t=05375 quiet_reentry_field
t=05376 quiet_reentry_field
t=05377 quiet_reentry_field
t=05378 quiet_reentry_field
t=05379 quiet_reentry_field
t=05380 quiet_reentry_field
t=05381 quiet_reentry_field
t=05382 quiet_reentry_field
t=05383 quiet_reentry_field
t=05384 quiet_reentry_field
t=05385 quiet_reentry_field
t=05386 quiet_reentry_field
t=05387 quiet_reentry_field
t=05388 quiet_reentry_field
t=05389 quiet_reentry_field
t=05390 quiet_reentry_field
t=05391 quiet_reentry_field
t=05392 quiet_reentry_field
t=05393 quiet_reentry_field
t=05394 quiet_reentry_field
t=05395 quiet_reentry_field
t=05396 quiet_reentry_field
t=05397 quiet_reentry_field
t=05398 quiet_reentry_field
t=05399 quiet_reentry_field
t=05400 quiet_reentry_field
t=05401 quiet_reentry_field
t=05402 quiet_reentry_field
t=05403 quiet_reentry_field
t=05404 quiet_reentry_field
t=05405 quiet_reentry_field
t=05406 quiet_reentry_field
t=05407 quiet_reentry_field
t=05408 quiet_reentry_field
t=05409 quiet_reentry_field
t=05410 quiet_reentry_field
t=05411 quiet_reentry_field
t=05412 quiet_reentry_field
t=05413 quiet_reentry_field
t=05414 quiet_reentry_field
t=05415 quiet_reentry_field
t=05416 quiet_reentry_field
t=05417 quiet_reentry_field
t=05418 quiet_reentry_field
t=05419 quiet_reentry_field
t=05420 quiet_reentry_field
t=05421 quiet_reentry_field
t=05422 quiet_reentry_field
t=05423 quiet_reentry_field
t=05424 quiet_reentry_field
t=05425 quiet_reentry_field
t=05426 quiet_reentry_field
t=05427 quiet_reentry_field
t=05428 quiet_reentry_field
t=05429 quiet_reentry_field
t=05430 quiet_reentry_field
t=05431 quiet_reentry_field
t=05432 quiet_reentry_field
t=05433 quiet_reentry_field
t=05434 quiet_reentry_field
t=05435 quiet_reentry_field
t=05436 quiet_reentry_field
t=05437 quiet_reentry_field
t=05438 quiet_reentry_field
t=05439 quiet_reentry_field
t=05440 epsilon altered carrier mixed_reentry
t=05441 delta replay carrier mixed_reentry
t=05442 beta replay carrier mixed_reentry
t=05443 beta replay carrier mixed_reentry
t=05444 gamma replay carrier mixed_reentry
t=05445 delta replay carrier mixed_reentry
t=05446 delta replay carrier mixed_reentry
t=05447 delta replay carrier mixed_reentry
t=05448 delta replay carrier mixed_reentry
t=05449 gamma replay carrier mixed_reentry
t=05450 delta replay carrier mixed_reentry
t=05451 delta replay carrier mixed_reentry
t=05452 delta replay carrier mixed_reentry
t=05453 beta replay carrier mixed_reentry
t=05454 delta replay carrier mixed_reentry
t=05455 beta replay carrier mixed_reentry
t=05456 alpha replay carrier mixed_reentry
t=05457 gamma replay carrier mixed_reentry
t=05458 delta replay carrier mixed_reentry
t=05459 epsilon altered carrier mixed_reentry
t=05460 epsilon altered carrier mixed_reentry
t=05461 epsilon altered carrier mixed_reentry
t=05462 delta replay carrier mixed_reentry
t=05463 beta replay carrier mixed_reentry
t=05464 beta replay carrier mixed_reentry
t=05465 delta replay carrier mixed_reentry
t=05466 beta replay carrier mixed_reentry
t=05467 delta replay carrier mixed_reentry
t=05468 epsilon altered carrier mixed_reentry
t=05469 gamma replay carrier mixed_reentry
t=05470 epsilon altered carrier mixed_reentry
t=05471 delta replay carrier mixed_reentry
t=05472 epsilon altered carrier mixed_reentry
t=05473 delta replay carrier mixed_reentry
t=05474 delta replay carrier mixed_reentry
t=05475 delta replay carrier mixed_reentry
t=05476 beta replay carrier mixed_reentry
t=05477 beta replay carrier mixed_reentry
t=05478 gamma replay carrier mixed_reentry
t=05479 delta replay carrier mixed_reentry
t=05480 beta replay carrier mixed_reentry
t=05481 gamma replay carrier mixed_reentry
t=05482 beta replay carrier mixed_reentry
t=05483 beta replay carrier mixed_reentry
t=05484 beta replay carrier mixed_reentry
t=05485 beta replay carrier mixed_reentry
t=05486 delta replay carrier mixed_reentry
t=05487 delta replay carrier mixed_reentry
t=05488 beta replay carrier mixed_reentry
t=05489 alpha replay carrier mixed_reentry
t=05490 alpha replay carrier mixed_reentry
t=05491 epsilon altered carrier mixed_reentry
t=05492 beta replay carrier mixed_reentry
t=05493 beta replay carrier mixed_reentry
t=05494 gamma replay carrier mixed_reentry
t=05495 epsilon altered carrier mixed_reentry
t=05496 epsilon altered carrier mixed_reentry
t=05497 beta replay carrier mixed_reentry
t=05498 beta replay carrier mixed_reentry
t=05499 beta replay carrier mixed_reentry
t=05500 beta replay carrier mixed_reentry
t=05501 epsilon altered carrier mixed_reentry
t=05502 gamma replay carrier mixed_reentry
t=05503 beta replay carrier mixed_reentry
t=05504 delta replay carrier mixed_reentry
t=05505 beta replay carrier mixed_reentry
t=05506 alpha replay carrier mixed_reentry
t=05507 beta replay carrier mixed_reentry
t=05508 alpha replay carrier mixed_reentry
t=05509 beta replay carrier mixed_reentry
t=05510 quiet_reentry_field
t=05511 quiet_reentry_field
t=05512 quiet_reentry_field
t=05513 quiet_reentry_field
t=05514 quiet_reentry_field
t=05515 quiet_reentry_field
t=05516 quiet_reentry_field
t=05517 quiet_reentry_field
t=05518 quiet_reentry_field
t=05519 quiet_reentry_field
t=05520 quiet_reentry_field
t=05521 quiet_reentry_field
t=05522 quiet_reentry_field
t=05523 quiet_reentry_field
t=05524 quiet_reentry_field
t=05525 quiet_reentry_field
t=05526 quiet_reentry_field
t=05527 quiet_reentry_field
t=05528 quiet_reentry_field
t=05529 quiet_reentry_field
t=05530 quiet_reentry_field
t=05531 quiet_reentry_field
t=05532 quiet_reentry_field
t=05533 quiet_reentry_field
t=05534 quiet_reentry_field
t=05535 quiet_reentry_field
t=05536 quiet_reentry_field
t=05537 quiet_reentry_field
t=05538 quiet_reentry_field
t=05539 quiet_reentry_field
t=05540 quiet_reentry_field
t=05541 quiet_reentry_field
t=05542 quiet_reentry_field
t=05543 quiet_reentry_field
t=05544 quiet_reentry_field
t=05545 quiet_reentry_field
t=05546 quiet_reentry_field
t=05547 quiet_reentry_field
t=05548 quiet_reentry_field
t=05549 quiet_reentry_field
t=05550 quiet_reentry_field
t=05551 quiet_reentry_field
t=05552 quiet_reentry_field
t=05553 quiet_reentry_field
t=05554 quiet_reentry_field
t=05555 quiet_reentry_field
t=05556 quiet_reentry_field
t=05557 quiet_reentry_field
t=05558 quiet_reentry_field
t=05559 quiet_reentry_field
t=05560 quiet_reentry_field
t=05561 quiet_reentry_field
t=05562 quiet_reentry_field
t=05563 quiet_reentry_field
t=05564 quiet_reentry_field
t=05565 quiet_reentry_field
t=05566 quiet_reentry_field
t=05567 quiet_reentry_field
t=05568 quiet_reentry_field
t=05569 quiet_reentry_field
t=05570 quiet_reentry_field
t=05571 quiet_reentry_field
t=05572 quiet_reentry_field
t=05573 quiet_reentry_field
t=05574 quiet_reentry_field
t=05575 quiet_reentry_field
t=05576 quiet_reentry_field
t=05577 quiet_reentry_field
t=05578 quiet_reentry_field
t=05579 quiet_reentry_field
t=05580 quiet_reentry_field
t=05581 quiet_reentry_field
t=05582 quiet_reentry_field
t=05583 quiet_reentry_field
t=05584 quiet_reentry_field
t=05585 quiet_reentry_field
t=05586 quiet_reentry_field
t=05587 quiet_reentry_field
t=05588 quiet_reentry_field
t=05589 quiet_reentry_field
t=05590 quiet_reentry_field
t=05591 quiet_reentry_field
t=05592 quiet_reentry_field
t=05593 quiet_reentry_field
t=05594 quiet_reentry_field
t=05595 quiet_reentry_field
t=05596 quiet_reentry_field
t=05597 quiet_reentry_field
t=05598 quiet_reentry_field
t=05599 quiet_reentry_field
t=05600 gamma replay carrier mixed_reentry
t=05601 delta replay carrier recomposed_tail
t=05602 lambda recomposed carrier recomposed_tail
t=05603 alpha replay carrier recomposed_tail
t=05604 delta replay carrier recomposed_tail
t=05605 lambda recomposed carrier recomposed_tail
t=05606 delta replay carrier recomposed_tail
t=05607 alpha replay carrier recomposed_tail
t=05608 delta replay carrier recomposed_tail
t=05609 lambda recomposed carrier recomposed_tail
t=05610 lambda recomposed carrier recomposed_tail
t=05611 alpha replay carrier recomposed_tail
t=05612 lambda recomposed carrier recomposed_tail
t=05613 alpha replay carrier recomposed_tail
t=05614 lambda recomposed carrier recomposed_tail
t=05615 delta replay carrier recomposed_tail
t=05616 alpha replay carrier recomposed_tail
t=05617 alpha replay carrier recomposed_tail
t=05618 delta replay carrier recomposed_tail
t=05619 alpha replay carrier recomposed_tail
t=05620 lambda recomposed carrier recomposed_tail
t=05621 delta replay carrier recomposed_tail
t=05622 lambda recomposed carrier recomposed_tail
t=05623 delta replay carrier recomposed_tail
t=05624 alpha replay carrier recomposed_tail
t=05625 lambda recomposed carrier recomposed_tail
t=05626 delta replay carrier recomposed_tail
t=05627 lambda recomposed carrier recomposed_tail
t=05628 lambda recomposed carrier recomposed_tail
t=05629 lambda recomposed carrier recomposed_tail
t=05630 delta replay carrier recomposed_tail
t=05631 lambda recomposed carrier recomposed_tail
t=05632 alpha replay carrier recomposed_tail
t=05633 lambda recomposed carrier recomposed_tail
t=05634 alpha replay carrier recomposed_tail
t=05635 alpha replay carrier recomposed_tail
t=05636 delta replay carrier recomposed_tail
t=05637 alpha replay carrier recomposed_tail
t=05638 delta replay carrier recomposed_tail
t=05639 lambda recomposed carrier recomposed_tail
t=05640 alpha replay carrier recomposed_tail
t=05641 delta replay carrier recomposed_tail
t=05642 alpha replay carrier recomposed_tail
t=05643 lambda recomposed carrier recomposed_tail
t=05644 alpha replay carrier recomposed_tail
t=05645 alpha replay carrier recomposed_tail
t=05646 delta replay carrier recomposed_tail
t=05647 delta replay carrier recomposed_tail
t=05648 delta replay carrier recomposed_tail
t=05649 delta replay carrier recomposed_tail
t=05650 delta replay carrier recomposed_tail
t=05651 delta replay carrier recomposed_tail
t=05652 delta replay carrier recomposed_tail
t=05653 alpha replay carrier recomposed_tail
t=05654 delta replay carrier recomposed_tail
t=05655 delta replay carrier recomposed_tail
t=05656 lambda recomposed carrier recomposed_tail
t=05657 lambda recomposed carrier recomposed_tail
t=05658 delta replay carrier recomposed_tail
t=05659 alpha replay carrier recomposed_tail
t=05660 delta replay carrier recomposed_tail
t=05661 alpha replay carrier recomposed_tail
t=05662 alpha replay carrier recomposed_tail
t=05663 lambda recomposed carrier recomposed_tail
t=05664 lambda recomposed carrier recomposed_tail
t=05665 lambda recomposed carrier recomposed_tail
t=05666 alpha replay carrier recomposed_tail
t=05667 lambda recomposed carrier recomposed_tail
t=05668 lambda recomposed carrier recomposed_tail
t=05669 lambda recomposed carrier recomposed_tail
t=05670 lambda recomposed carrier recomposed_tail
t=05671 alpha replay carrier recomposed_tail
t=05672 delta replay carrier recomposed_tail
t=05673 delta replay carrier recomposed_tail
t=05674 delta replay carrier recomposed_tail
t=05675 lambda recomposed carrier recomposed_tail
t=05676 alpha replay carrier recomposed_tail
t=05677 alpha replay carrier recomposed_tail
t=05678 alpha replay carrier recomposed_tail
t=05679 delta replay carrier recomposed_tail
t=05680 delta replay carrier recomposed_tail
t=05681 lambda recomposed carrier recomposed_tail
t=05682 lambda recomposed carrier recomposed_tail
t=05683 alpha replay carrier recomposed_tail
t=05684 alpha replay carrier recomposed_tail
t=05685 lambda recomposed carrier recomposed_tail
t=05686 lambda recomposed carrier recomposed_tail
t=05687 lambda recomposed carrier recomposed_tail
t=05688 alpha replay carrier recomposed_tail
t=05689 alpha replay carrier recomposed_tail
t=05690 lambda recomposed carrier recomposed_tail
t=05691 delta replay carrier recomposed_tail
t=05692 alpha replay carrier recomposed_tail
t=05693 lambda recomposed carrier recomposed_tail
t=05694 lambda recomposed carrier recomposed_tail
t=05695 lambda recomposed carrier recomposed_tail
t=05696 lambda recomposed carrier recomposed_tail
t=05697 lambda recomposed carrier recomposed_tail
t=05698 alpha replay carrier recomposed_tail
t=05699 delta replay carrier recomposed_tail
t=05700 alpha replay carrier recomposed_tail
t=05701 alpha replay carrier recomposed_tail
t=05702 lambda recomposed carrier recomposed_tail
t=05703 alpha replay carrier recomposed_tail
t=05704 lambda recomposed carrier recomposed_tail
t=05705 delta replay carrier recomposed_tail
t=05706 delta replay carrier recomposed_tail
t=05707 lambda recomposed carrier recomposed_tail
t=05708 delta replay carrier recomposed_tail
t=05709 lambda recomposed carrier recomposed_tail
t=05710 alpha replay carrier recomposed_tail
t=05711 delta replay carrier recomposed_tail
t=05712 alpha replay carrier recomposed_tail
t=05713 alpha replay carrier recomposed_tail
t=05714 delta replay carrier recomposed_tail
t=05715 lambda recomposed carrier recomposed_tail
t=05716 alpha replay carrier recomposed_tail
t=05717 lambda recomposed carrier recomposed_tail
t=05718 alpha replay carrier recomposed_tail
t=05719 alpha replay carrier recomposed_tail
t=05720 lambda recomposed carrier recomposed_tail
t=05721 lambda recomposed carrier recomposed_tail
t=05722 delta replay carrier recomposed_tail
t=05723 delta replay carrier recomposed_tail
t=05724 alpha replay carrier recomposed_tail
t=05725 lambda recomposed carrier recomposed_tail
t=05726 alpha replay carrier recomposed_tail
t=05727 lambda recomposed carrier recomposed_tail
t=05728 delta replay carrier recomposed_tail
t=05729 delta replay carrier recomposed_tail
t=05730 alpha replay carrier recomposed_tail
t=05731 lambda recomposed carrier recomposed_tail
t=05732 delta replay carrier recomposed_tail
t=05733 lambda recomposed carrier recomposed_tail
t=05734 alpha replay carrier recomposed_tail
t=05735 lambda recomposed carrier recomposed_tail
t=05736 lambda recomposed carrier recomposed_tail
t=05737 alpha replay carrier recomposed_tail
t=05738 alpha replay carrier recomposed_tail
t=05739 alpha replay carrier recomposed_tail
t=05740 delta replay carrier recomposed_tail
t=05741 lambda recomposed carrier recomposed_tail
t=05742 alpha replay carrier recomposed_tail
t=05743 alpha replay carrier recomposed_tail
t=05744 lambda recomposed carrier recomposed_tail
t=05745 alpha replay carrier recomposed_tail
t=05746 lambda recomposed carrier recomposed_tail
t=05747 delta replay carrier recomposed_tail
t=05748 lambda recomposed carrier recomposed_tail
t=05749 lambda recomposed carrier recomposed_tail
t=05750 alpha replay carrier recomposed_tail
t=05751 delta replay carrier recomposed_tail
t=05752 alpha replay carrier recomposed_tail
t=05753 delta replay carrier recomposed_tail
t=05754 lambda recomposed carrier recomposed_tail
t=05755 alpha replay carrier recomposed_tail
t=05756 delta replay carrier recomposed_tail
t=05757 lambda recomposed carrier recomposed_tail
t=05758 lambda recomposed carrier recomposed_tail
t=05759 delta replay carrier recomposed_tail
t=05760 alpha replay carrier recomposed_tail
t=05761 alpha replay carrier recomposed_tail
t=05762 alpha replay carrier recomposed_tail
t=05763 delta replay carrier recomposed_tail
t=05764 alpha replay carrier recomposed_tail
t=05765 lambda recomposed carrier recomposed_tail
t=05766 lambda recomposed carrier recomposed_tail
t=05767 lambda recomposed carrier recomposed_tail
t=05768 alpha replay carrier recomposed_tail
t=05769 alpha replay carrier recomposed_tail
t=05770 alpha replay carrier recomposed_tail
t=05771 alpha replay carrier recomposed_tail
t=05772 delta replay carrier recomposed_tail
t=05773 lambda recomposed carrier recomposed_tail
t=05774 alpha replay carrier recomposed_tail
t=05775 lambda recomposed carrier recomposed_tail
t=05776 lambda recomposed carrier recomposed_tail
t=05777 alpha replay carrier recomposed_tail
t=05778 lambda recomposed carrier recomposed_tail
t=05779 lambda recomposed carrier recomposed_tail
t=05780 alpha replay carrier recomposed_tail
t=05781 alpha replay carrier recomposed_tail
t=05782 lambda recomposed carrier recomposed_tail
t=05783 lambda recomposed carrier recomposed_tail
t=05784 delta replay carrier recomposed_tail
t=05785 lambda recomposed carrier recomposed_tail
t=05786 delta replay carrier recomposed_tail
t=05787 alpha replay carrier recomposed_tail
t=05788 lambda recomposed carrier recomposed_tail
t=05789 alpha replay carrier recomposed_tail
t=05790 alpha replay carrier recomposed_tail
t=05791 lambda recomposed carrier recomposed_tail
t=05792 alpha replay carrier recomposed_tail
t=05793 alpha replay carrier recomposed_tail
t=05794 alpha replay carrier recomposed_tail
t=05795 lambda recomposed carrier recomposed_tail
t=05796 alpha replay carrier recomposed_tail
t=05797 delta replay carrier recomposed_tail
t=05798 lambda recomposed carrier recomposed_tail
t=05799 alpha replay carrier recomposed_tail
t=05800 alpha replay carrier recomposed_tail
t=05801 delta replay carrier recomposed_tail
t=05802 alpha replay carrier recomposed_tail
t=05803 lambda recomposed carrier recomposed_tail
t=05804 delta replay carrier recomposed_tail
t=05805 lambda recomposed carrier recomposed_tail
t=05806 delta replay carrier recomposed_tail
t=05807 delta replay carrier recomposed_tail
t=05808 alpha replay carrier recomposed_tail
t=05809 lambda recomposed carrier recomposed_tail
t=05810 delta replay carrier recomposed_tail
t=05811 alpha replay carrier recomposed_tail
t=05812 lambda recomposed carrier recomposed_tail
t=05813 alpha replay carrier recomposed_tail
t=05814 delta replay carrier recomposed_tail
t=05815 alpha replay carrier recomposed_tail
t=05816 delta replay carrier recomposed_tail
t=05817 alpha replay carrier recomposed_tail
t=05818 delta replay carrier recomposed_tail
t=05819 lambda recomposed carrier recomposed_tail
t=05820 lambda recomposed carrier recomposed_tail
t=05821 lambda recomposed carrier recomposed_tail
t=05822 alpha replay carrier recomposed_tail
t=05823 alpha replay carrier recomposed_tail
t=05824 lambda recomposed carrier recomposed_tail
t=05825 delta replay carrier recomposed_tail
t=05826 lambda recomposed carrier recomposed_tail
t=05827 delta replay carrier recomposed_tail
t=05828 delta replay carrier recomposed_tail
t=05829 delta replay carrier recomposed_tail
t=05830 lambda recomposed carrier recomposed_tail
t=05831 alpha replay carrier recomposed_tail
t=05832 lambda recomposed carrier recomposed_tail
t=05833 alpha replay carrier recomposed_tail
t=05834 alpha replay carrier recomposed_tail
t=05835 lambda recomposed carrier recomposed_tail
t=05836 alpha replay carrier recomposed_tail
t=05837 alpha replay carrier recomposed_tail
t=05838 alpha replay carrier recomposed_tail
t=05839 alpha replay carrier recomposed_tail
t=05840 delta replay carrier recomposed_tail
t=05841 alpha replay carrier recomposed_tail
t=05842 delta replay carrier recomposed_tail
t=05843 delta replay carrier recomposed_tail
t=05844 lambda recomposed carrier recomposed_tail
t=05845 alpha replay carrier recomposed_tail
t=05846 alpha replay carrier recomposed_tail
t=05847 alpha replay carrier recomposed_tail
t=05848 delta replay carrier recomposed_tail
t=05849 alpha replay carrier recomposed_tail
t=05850 alpha replay carrier recomposed_tail
t=05851 delta replay carrier recomposed_tail
t=05852 alpha replay carrier recomposed_tail
t=05853 lambda recomposed carrier recomposed_tail
t=05854 lambda recomposed carrier recomposed_tail
t=05855 delta replay carrier recomposed_tail
t=05856 delta replay carrier recomposed_tail
t=05857 lambda recomposed carrier recomposed_tail
t=05858 alpha replay carrier recomposed_tail
t=05859 lambda recomposed carrier recomposed_tail
t=05860 delta replay carrier recomposed_tail
t=05861 lambda recomposed carrier recomposed_tail
t=05862 delta replay carrier recomposed_tail
t=05863 delta replay carrier recomposed_tail
t=05864 lambda recomposed carrier recomposed_tail
t=05865 alpha replay carrier recomposed_tail
t=05866 alpha replay carrier recomposed_tail
t=05867 lambda recomposed carrier recomposed_tail
t=05868 delta replay carrier recomposed_tail
t=05869 delta replay carrier recomposed_tail
t=05870 delta replay carrier recomposed_tail
t=05871 lambda recomposed carrier recomposed_tail
t=05872 alpha replay carrier recomposed_tail
t=05873 delta replay carrier recomposed_tail
t=05874 lambda recomposed carrier recomposed_tail
t=05875 lambda recomposed carrier recomposed_tail
t=05876 alpha replay carrier recomposed_tail
t=05877 lambda recomposed carrier recomposed_tail
t=05878 alpha replay carrier recomposed_tail
t=05879 alpha replay carrier recomposed_tail
t=05880 delta replay carrier recomposed_tail
t=05881 delta replay carrier recomposed_tail
t=05882 delta replay carrier recomposed_tail
t=05883 lambda recomposed carrier recomposed_tail
t=05884 delta replay carrier recomposed_tail
t=05885 delta replay carrier recomposed_tail
t=05886 alpha replay carrier recomposed_tail
t=05887 lambda recomposed carrier recomposed_tail
t=05888 lambda recomposed carrier recomposed_tail
t=05889 lambda recomposed carrier recomposed_tail
t=05890 alpha replay carrier recomposed_tail
t=05891 delta replay carrier recomposed_tail
t=05892 lambda recomposed carrier recomposed_tail
t=05893 alpha replay carrier recomposed_tail
t=05894 lambda recomposed carrier recomposed_tail
t=05895 alpha replay carrier recomposed_tail
t=05896 lambda recomposed carrier recomposed_tail
t=05897 delta replay carrier recomposed_tail
t=05898 lambda recomposed carrier recomposed_tail
t=05899 alpha replay carrier recomposed_tail
t=05900 delta replay carrier recomposed_tail
t=05901 alpha replay carrier recomposed_tail
t=05902 lambda recomposed carrier recomposed_tail
t=05903 lambda recomposed carrier recomposed_tail
t=05904 alpha replay carrier recomposed_tail
t=05905 delta replay carrier recomposed_tail
t=05906 delta replay carrier recomposed_tail
t=05907 alpha replay carrier recomposed_tail
t=05908 alpha replay carrier recomposed_tail
t=05909 alpha replay carrier recomposed_tail
t=05910 lambda recomposed carrier recomposed_tail
t=05911 lambda recomposed carrier recomposed_tail
t=05912 delta replay carrier recomposed_tail
t=05913 alpha replay carrier recomposed_tail
t=05914 alpha replay carrier recomposed_tail
t=05915 delta replay carrier recomposed_tail
t=05916 delta replay carrier recomposed_tail
t=05917 lambda recomposed carrier recomposed_tail
t=05918 delta replay carrier recomposed_tail
t=05919 delta replay carrier recomposed_tail
t=05920 alpha replay carrier recomposed_tail
t=05921 delta replay carrier recomposed_tail
t=05922 alpha replay carrier recomposed_tail
t=05923 delta replay carrier recomposed_tail
t=05924 lambda recomposed carrier recomposed_tail
t=05925 alpha replay carrier recomposed_tail
t=05926 lambda recomposed carrier recomposed_tail
t=05927 lambda recomposed carrier recomposed_tail
t=05928 alpha replay carrier recomposed_tail
t=05929 alpha replay carrier recomposed_tail
t=05930 lambda recomposed carrier recomposed_tail
t=05931 alpha replay carrier recomposed_tail
t=05932 lambda recomposed carrier recomposed_tail
t=05933 lambda recomposed carrier recomposed_tail
t=05934 lambda recomposed carrier recomposed_tail
t=05935 lambda recomposed carrier recomposed_tail
t=05936 lambda recomposed carrier recomposed_tail
t=05937 alpha replay carrier recomposed_tail
t=05938 alpha replay carrier recomposed_tail
t=05939 alpha replay carrier recomposed_tail
t=05940 delta replay carrier recomposed_tail
t=05941 lambda recomposed carrier recomposed_tail
t=05942 alpha replay carrier recomposed_tail
t=05943 lambda recomposed carrier recomposed_tail
t=05944 alpha replay carrier recomposed_tail
t=05945 delta replay carrier recomposed_tail
t=05946 lambda recomposed carrier recomposed_tail
t=05947 alpha replay carrier recomposed_tail
t=05948 alpha replay carrier recomposed_tail
t=05949 lambda recomposed carrier recomposed_tail
t=05950 lambda recomposed carrier recomposed_tail
t=05951 lambda recomposed carrier recomposed_tail
t=05952 lambda recomposed carrier recomposed_tail
t=05953 delta replay carrier recomposed_tail
t=05954 delta replay carrier recomposed_tail
t=05955 alpha replay carrier recomposed_tail
t=05956 delta replay carrier recomposed_tail
t=05957 lambda recomposed carrier recomposed_tail
t=05958 delta replay carrier recomposed_tail
t=05959 alpha replay carrier recomposed_tail
t=05960 delta replay carrier recomposed_tail
t=05961 lambda recomposed carrier recomposed_tail
t=05962 lambda recomposed carrier recomposed_tail
t=05963 delta replay carrier recomposed_tail
t=05964 delta replay carrier recomposed_tail
t=05965 alpha replay carrier recomposed_tail
t=05966 delta replay carrier recomposed_tail
t=05967 lambda recomposed carrier recomposed_tail
t=05968 alpha replay carrier recomposed_tail
t=05969 alpha replay carrier recomposed_tail
t=05970 delta replay carrier recomposed_tail
t=05971 delta replay carrier recomposed_tail
t=05972 lambda recomposed carrier recomposed_tail
t=05973 delta replay carrier recomposed_tail
t=05974 alpha replay carrier recomposed_tail
t=05975 alpha replay carrier recomposed_tail
t=05976 delta replay carrier recomposed_tail
t=05977 lambda recomposed carrier recomposed_tail
t=05978 lambda recomposed carrier recomposed_tail
t=05979 delta replay carrier recomposed_tail
t=05980 lambda recomposed carrier recomposed_tail
t=05981 lambda recomposed carrier recomposed_tail
t=05982 lambda recomposed carrier recomposed_tail
t=05983 lambda recomposed carrier recomposed_tail
t=05984 lambda recomposed carrier recomposed_tail
t=05985 delta replay carrier recomposed_tail
t=05986 alpha replay carrier recomposed_tail
t=05987 delta replay carrier recomposed_tail
t=05988 delta replay carrier recomposed_tail
t=05989 delta replay carrier recomposed_tail
t=05990 lambda recomposed carrier recomposed_tail
t=05991 alpha replay carrier recomposed_tail
t=05992 alpha replay carrier recomposed_tail
t=05993 lambda recomposed carrier recomposed_tail
t=05994 lambda recomposed carrier recomposed_tail
t=05995 alpha replay carrier recomposed_tail
t=05996 alpha replay carrier recomposed_tail
t=05997 delta replay carrier recomposed_tail
t=05998 alpha replay carrier recomposed_tail
t=05999 lambda recomposed carrier recomposed_tail
t=06000 alpha replay carrier recomposed_tail
t=06001 lambda recomposed carrier recomposed_tail
t=06002 lambda recomposed carrier recomposed_tail
t=06003 alpha replay carrier recomposed_tail
t=06004 alpha replay carrier recomposed_tail
t=06005 delta replay carrier recomposed_tail
t=06006 alpha replay carrier recomposed_tail
t=06007 delta replay carrier recomposed_tail
t=06008 alpha replay carrier recomposed_tail
t=06009 lambda recomposed carrier recomposed_tail
t=06010 alpha replay carrier recomposed_tail
t=06011 alpha replay carrier recomposed_tail
t=06012 lambda recomposed carrier recomposed_tail
t=06013 lambda recomposed carrier recomposed_tail
t=06014 lambda recomposed carrier recomposed_tail
t=06015 alpha replay carrier recomposed_tail
t=06016 lambda recomposed carrier recomposed_tail
t=06017 alpha replay carrier recomposed_tail
t=06018 lambda recomposed carrier recomposed_tail
t=06019 delta replay carrier recomposed_tail
t=06020 alpha replay carrier recomposed_tail
t=06021 delta replay carrier recomposed_tail
t=06022 alpha replay carrier recomposed_tail
t=06023 alpha replay carrier recomposed_tail
t=06024 alpha replay carrier recomposed_tail
t=06025 lambda recomposed carrier recomposed_tail
t=06026 lambda recomposed carrier recomposed_tail
t=06027 lambda recomposed carrier recomposed_tail
t=06028 lambda recomposed carrier recomposed_tail
t=06029 delta replay carrier recomposed_tail
t=06030 delta replay carrier recomposed_tail
t=06031 delta replay carrier recomposed_tail
t=06032 lambda recomposed carrier recomposed_tail
t=06033 lambda recomposed carrier recomposed_tail
t=06034 delta replay carrier recomposed_tail
t=06035 lambda recomposed carrier recomposed_tail
t=06036 lambda recomposed carrier recomposed_tail
t=06037 delta replay carrier recomposed_tail
t=06038 alpha replay carrier recomposed_tail
t=06039 lambda recomposed carrier recomposed_tail
t=06040 alpha replay carrier recomposed_tail
t=06041 alpha replay carrier recomposed_tail
t=06042 alpha replay carrier recomposed_tail
t=06043 delta replay carrier recomposed_tail
t=06044 delta replay carrier recomposed_tail
t=06045 alpha replay carrier recomposed_tail
t=06046 lambda recomposed carrier recomposed_tail
t=06047 lambda recomposed carrier recomposed_tail
t=06048 lambda recomposed carrier recomposed_tail
t=06049 alpha replay carrier recomposed_tail
t=06050 alpha replay carrier recomposed_tail
t=06051 lambda recomposed carrier recomposed_tail
t=06052 alpha replay carrier recomposed_tail
t=06053 lambda recomposed carrier recomposed_tail
t=06054 delta replay carrier recomposed_tail
t=06055 lambda recomposed carrier recomposed_tail
t=06056 delta replay carrier recomposed_tail
t=06057 lambda recomposed carrier recomposed_tail
t=06058 delta replay carrier recomposed_tail
t=06059 lambda recomposed carrier recomposed_tail
t=06060 delta replay carrier recomposed_tail
t=06061 lambda recomposed carrier recomposed_tail
t=06062 delta replay carrier recomposed_tail
t=06063 lambda recomposed carrier recomposed_tail
t=06064 alpha replay carrier recomposed_tail
t=06065 lambda recomposed carrier recomposed_tail
t=06066 lambda recomposed carrier recomposed_tail
t=06067 delta replay carrier recomposed_tail
t=06068 lambda recomposed carrier recomposed_tail
t=06069 delta replay carrier recomposed_tail
t=06070 alpha replay carrier recomposed_tail
t=06071 alpha replay carrier recomposed_tail
t=06072 lambda recomposed carrier recomposed_tail
t=06073 lambda recomposed carrier recomposed_tail
t=06074 delta replay carrier recomposed_tail
t=06075 alpha replay carrier recomposed_tail
t=06076 lambda recomposed carrier recomposed_tail
t=06077 delta replay carrier recomposed_tail
t=06078 alpha replay carrier recomposed_tail
t=06079 delta replay carrier recomposed_tail
t=06080 alpha replay carrier recomposed_tail
t=06081 alpha replay carrier recomposed_tail
t=06082 alpha replay carrier recomposed_tail
t=06083 delta replay carrier recomposed_tail
t=06084 delta replay carrier recomposed_tail
t=06085 delta replay carrier recomposed_tail
t=06086 alpha replay carrier recomposed_tail
t=06087 alpha replay carrier recomposed_tail
t=06088 alpha replay carrier recomposed_tail
t=06089 delta replay carrier recomposed_tail
t=06090 delta replay carrier recomposed_tail
t=06091 lambda recomposed carrier recomposed_tail
t=06092 alpha replay carrier recomposed_tail
t=06093 delta replay carrier recomposed_tail
t=06094 lambda recomposed carrier recomposed_tail
t=06095 alpha replay carrier recomposed_tail
t=06096 lambda recomposed carrier recomposed_tail
t=06097 lambda recomposed carrier recomposed_tail
t=06098 delta replay carrier recomposed_tail
t=06099 delta replay carrier recomposed_tail
t=06100 lambda recomposed carrier recomposed_tail
t=06101 alpha replay carrier recomposed_tail
t=06102 lambda recomposed carrier recomposed_tail
t=06103 alpha replay carrier recomposed_tail
t=06104 alpha replay carrier recomposed_tail
t=06105 delta replay carrier recomposed_tail
t=06106 delta replay carrier recomposed_tail
t=06107 lambda recomposed carrier recomposed_tail
t=06108 delta replay carrier recomposed_tail
t=06109 delta replay carrier recomposed_tail
t=06110 alpha replay carrier recomposed_tail
t=06111 alpha replay carrier recomposed_tail
t=06112 lambda recomposed carrier recomposed_tail
t=06113 delta replay carrier recomposed_tail
t=06114 delta replay carrier recomposed_tail
t=06115 delta replay carrier recomposed_tail
t=06116 lambda recomposed carrier recomposed_tail
t=06117 lambda recomposed carrier recomposed_tail
t=06118 lambda recomposed carrier recomposed_tail
t=06119 alpha replay carrier recomposed_tail
t=06120 alpha replay carrier recomposed_tail
t=06121 lambda recomposed carrier recomposed_tail
t=06122 lambda recomposed carrier recomposed_tail
t=06123 lambda recomposed carrier recomposed_tail
t=06124 delta replay carrier recomposed_tail
t=06125 delta replay carrier recomposed_tail
t=06126 alpha replay carrier recomposed_tail
t=06127 delta replay carrier recomposed_tail
t=06128 alpha replay carrier recomposed_tail
t=06129 alpha replay carrier recomposed_tail
t=06130 delta replay carrier recomposed_tail
t=06131 lambda recomposed carrier recomposed_tail
t=06132 alpha replay carrier recomposed_tail
t=06133 delta replay carrier recomposed_tail
t=06134 alpha replay carrier recomposed_tail
t=06135 alpha replay carrier recomposed_tail
t=06136 delta replay carrier recomposed_tail
t=06137 lambda recomposed carrier recomposed_tail
t=06138 delta replay carrier recomposed_tail
t=06139 lambda recomposed carrier recomposed_tail
t=06140 alpha replay carrier recomposed_tail
t=06141 lambda recomposed carrier recomposed_tail
t=06142 alpha replay carrier recomposed_tail
t=06143 delta replay carrier recomposed_tail
t=06144 delta replay carrier recomposed_tail
t=06145 delta replay carrier recomposed_tail
t=06146 alpha replay carrier recomposed_tail
t=06147 lambda recomposed carrier recomposed_tail
t=06148 lambda recomposed carrier recomposed_tail
t=06149 delta replay carrier recomposed_tail
t=06150 lambda recomposed carrier recomposed_tail
t=06151 delta replay carrier recomposed_tail
t=06152 delta replay carrier recomposed_tail
t=06153 delta replay carrier recomposed_tail
t=06154 alpha replay carrier recomposed_tail
t=06155 alpha replay carrier recomposed_tail
t=06156 lambda recomposed carrier recomposed_tail
t=06157 alpha replay carrier recomposed_tail
t=06158 delta replay carrier recomposed_tail
t=06159 lambda recomposed carrier recomposed_tail
t=06160 lambda recomposed carrier recomposed_tail
t=06161 alpha replay carrier recomposed_tail
t=06162 lambda recomposed carrier recomposed_tail
t=06163 alpha replay carrier recomposed_tail
t=06164 delta replay carrier recomposed_tail
t=06165 delta replay carrier recomposed_tail
t=06166 delta replay carrier recomposed_tail
t=06167 lambda recomposed carrier recomposed_tail
t=06168 delta replay carrier recomposed_tail
t=06169 lambda recomposed carrier recomposed_tail
t=06170 lambda recomposed carrier recomposed_tail
t=06171 alpha replay carrier recomposed_tail
t=06172 delta replay carrier recomposed_tail
t=06173 lambda recomposed carrier recomposed_tail
t=06174 lambda recomposed carrier recomposed_tail
t=06175 delta replay carrier recomposed_tail
t=06176 delta replay carrier recomposed_tail
t=06177 alpha replay carrier recomposed_tail
t=06178 lambda recomposed carrier recomposed_tail
t=06179 delta replay carrier recomposed_tail
t=06180 lambda recomposed carrier recomposed_tail
t=06181 alpha replay carrier recomposed_tail
t=06182 delta replay carrier recomposed_tail
t=06183 lambda recomposed carrier recomposed_tail
t=06184 delta replay carrier recomposed_tail
t=06185 delta replay carrier recomposed_tail
t=06186 lambda recomposed carrier recomposed_tail
t=06187 alpha replay carrier recomposed_tail
t=06188 lambda recomposed carrier recomposed_tail
t=06189 delta replay carrier recomposed_tail
t=06190 alpha replay carrier recomposed_tail
t=06191 alpha replay carrier recomposed_tail
t=06192 alpha replay carrier recomposed_tail
t=06193 delta replay carrier recomposed_tail
t=06194 delta replay carrier recomposed_tail
t=06195 alpha replay carrier recomposed_tail
t=06196 delta replay carrier recomposed_tail
t=06197 lambda recomposed carrier recomposed_tail
t=06198 alpha replay carrier recomposed_tail
t=06199 alpha replay carrier recomposed_tail
t=06200 delta replay carrier recomposed_tail
t=06201 alpha replay carrier recomposed_tail
t=06202 alpha replay carrier recomposed_tail
t=06203 lambda recomposed carrier recomposed_tail
t=06204 delta replay carrier recomposed_tail
t=06205 delta replay carrier recomposed_tail
t=06206 alpha replay carrier recomposed_tail
t=06207 alpha replay carrier recomposed_tail
t=06208 delta replay carrier recomposed_tail
t=06209 delta replay carrier recomposed_tail
t=06210 delta replay carrier recomposed_tail
t=06211 lambda recomposed carrier recomposed_tail
t=06212 delta replay carrier recomposed_tail
t=06213 alpha replay carrier recomposed_tail
t=06214 delta replay carrier recomposed_tail
t=06215 delta replay carrier recomposed_tail
t=06216 alpha replay carrier recomposed_tail
t=06217 lambda recomposed carrier recomposed_tail
t=06218 lambda recomposed carrier recomposed_tail
t=06219 alpha replay carrier recomposed_tail
t=06220 lambda recomposed carrier recomposed_tail
t=06221 alpha replay carrier recomposed_tail
t=06222 delta replay carrier recomposed_tail
t=06223 lambda recomposed carrier recomposed_tail
t=06224 delta replay carrier recomposed_tail
t=06225 alpha replay carrier recomposed_tail
t=06226 lambda recomposed carrier recomposed_tail
t=06227 lambda recomposed carrier recomposed_tail
t=06228 delta replay carrier recomposed_tail
t=06229 delta replay carrier recomposed_tail
t=06230 delta replay carrier recomposed_tail
t=06231 lambda recomposed carrier recomposed_tail
t=06232 alpha replay carrier recomposed_tail
t=06233 lambda recomposed carrier recomposed_tail
t=06234 alpha replay carrier recomposed_tail
t=06235 delta replay carrier recomposed_tail
t=06236 lambda recomposed carrier recomposed_tail
t=06237 alpha replay carrier recomposed_tail
t=06238 alpha replay carrier recomposed_tail
t=06239 alpha replay carrier recomposed_tail
t=06240 lambda recomposed carrier recomposed_tail
t=06241 delta replay carrier recomposed_tail
t=06242 lambda recomposed carrier recomposed_tail
t=06243 lambda recomposed carrier recomposed_tail
t=06244 alpha replay carrier recomposed_tail
t=06245 alpha replay carrier recomposed_tail
t=06246 alpha replay carrier recomposed_tail
t=06247 lambda recomposed carrier recomposed_tail
t=06248 alpha replay carrier recomposed_tail
t=06249 delta replay carrier recomposed_tail
t=06250 delta replay carrier recomposed_tail
t=06251 lambda recomposed carrier recomposed_tail
t=06252 delta replay carrier recomposed_tail
t=06253 delta replay carrier recomposed_tail
t=06254 delta replay carrier recomposed_tail
t=06255 delta replay carrier recomposed_tail
t=06256 alpha replay carrier recomposed_tail
t=06257 delta replay carrier recomposed_tail
t=06258 lambda recomposed carrier recomposed_tail
t=06259 delta replay carrier recomposed_tail
t=06260 lambda recomposed carrier recomposed_tail
t=06261 lambda recomposed carrier recomposed_tail
t=06262 delta replay carrier recomposed_tail
t=06263 lambda recomposed carrier recomposed_tail
t=06264 alpha replay carrier recomposed_tail
t=06265 alpha replay carrier recomposed_tail
t=06266 lambda recomposed carrier recomposed_tail
t=06267 delta replay carrier recomposed_tail
t=06268 delta replay carrier recomposed_tail
t=06269 alpha replay carrier recomposed_tail
t=06270 delta replay carrier recomposed_tail
t=06271 lambda recomposed carrier recomposed_tail
t=06272 alpha replay carrier recomposed_tail
t=06273 alpha replay carrier recomposed_tail
t=06274 delta replay carrier recomposed_tail
t=06275 delta replay carrier recomposed_tail
t=06276 delta replay carrier recomposed_tail
t=06277 alpha replay carrier recomposed_tail
t=06278 lambda recomposed carrier recomposed_tail
t=06279 lambda recomposed carrier recomposed_tail
t=06280 delta replay carrier recomposed_tail
t=06281 delta replay carrier recomposed_tail
t=06282 delta replay carrier recomposed_tail
t=06283 lambda recomposed carrier recomposed_tail
t=06284 delta replay carrier recomposed_tail
t=06285 lambda recomposed carrier recomposed_tail
t=06286 lambda recomposed carrier recomposed_tail
t=06287 delta replay carrier recomposed_tail
t=06288 delta replay carrier recomposed_tail
t=06289 alpha replay carrier recomposed_tail
t=06290 lambda recomposed carrier recomposed_tail
t=06291 lambda recomposed carrier recomposed_tail
t=06292 delta replay carrier recomposed_tail
t=06293 lambda recomposed carrier recomposed_tail
t=06294 alpha replay carrier recomposed_tail
t=06295 lambda recomposed carrier recomposed_tail
t=06296 delta replay carrier recomposed_tail
t=06297 lambda recomposed carrier recomposed_tail
t=06298 lambda recomposed carrier recomposed_tail
t=06299 lambda recomposed carrier recomposed_tail
t=06300 lambda recomposed carrier recomposed_tail
t=06301 alpha replay carrier recomposed_tail
t=06302 alpha replay carrier recomposed_tail
t=06303 lambda recomposed carrier recomposed_tail
t=06304 lambda recomposed carrier recomposed_tail
t=06305 lambda recomposed carrier recomposed_tail
t=06306 alpha replay carrier recomposed_tail
t=06307 alpha replay carrier recomposed_tail
t=06308 lambda recomposed carrier recomposed_tail
t=06309 alpha replay carrier recomposed_tail
t=06310 delta replay carrier recomposed_tail
t=06311 delta replay carrier recomposed_tail
t=06312 alpha replay carrier recomposed_tail
t=06313 alpha replay carrier recomposed_tail
t=06314 delta replay carrier recomposed_tail
t=06315 delta replay carrier recomposed_tail
t=06316 alpha replay carrier recomposed_tail
t=06317 alpha replay carrier recomposed_tail
t=06318 lambda recomposed carrier recomposed_tail
t=06319 delta replay carrier recomposed_tail
t=06320 delta replay carrier recomposed_tail
t=06321 delta replay carrier recomposed_tail
t=06322 alpha replay carrier recomposed_tail
t=06323 lambda recomposed carrier recomposed_tail
t=06324 delta replay carrier recomposed_tail
t=06325 lambda recomposed carrier recomposed_tail
t=06326 alpha replay carrier recomposed_tail
t=06327 alpha replay carrier recomposed_tail
t=06328 alpha replay carrier recomposed_tail
t=06329 delta replay carrier recomposed_tail
t=06330 lambda recomposed carrier recomposed_tail
t=06331 lambda recomposed carrier recomposed_tail
t=06332 lambda recomposed carrier recomposed_tail
t=06333 lambda recomposed carrier recomposed_tail
t=06334 alpha replay carrier recomposed_tail
t=06335 delta replay carrier recomposed_tail
t=06336 alpha replay carrier recomposed_tail
t=06337 lambda recomposed carrier recomposed_tail
t=06338 lambda recomposed carrier recomposed_tail
t=06339 delta replay carrier recomposed_tail
t=06340 delta replay carrier recomposed_tail
t=06341 lambda recomposed carrier recomposed_tail
t=06342 alpha replay carrier recomposed_tail
t=06343 alpha replay carrier recomposed_tail
t=06344 alpha replay carrier recomposed_tail
t=06345 delta replay carrier recomposed_tail
t=06346 lambda recomposed carrier recomposed_tail
t=06347 lambda recomposed carrier recomposed_tail
t=06348 lambda recomposed carrier recomposed_tail
t=06349 alpha replay carrier recomposed_tail
t=06350 alpha replay carrier recomposed_tail
t=06351 delta replay carrier recomposed_tail
t=06352 delta replay carrier recomposed_tail
t=06353 alpha replay carrier recomposed_tail
t=06354 lambda recomposed carrier recomposed_tail
t=06355 lambda recomposed carrier recomposed_tail
t=06356 delta replay carrier recomposed_tail
t=06357 alpha replay carrier recomposed_tail
t=06358 delta replay carrier recomposed_tail
t=06359 lambda recomposed carrier recomposed_tail
t=06360 delta replay carrier recomposed_tail
t=06361 delta replay carrier recomposed_tail
t=06362 delta replay carrier recomposed_tail
t=06363 alpha replay carrier recomposed_tail
t=06364 delta replay carrier recomposed_tail
t=06365 alpha replay carrier recomposed_tail
t=06366 lambda recomposed carrier recomposed_tail
t=06367 alpha replay carrier recomposed_tail
t=06368 lambda recomposed carrier recomposed_tail
t=06369 lambda recomposed carrier recomposed_tail
t=06370 delta replay carrier recomposed_tail
t=06371 lambda recomposed carrier recomposed_tail
t=06372 delta replay carrier recomposed_tail
t=06373 lambda recomposed carrier recomposed_tail
t=06374 alpha replay carrier recomposed_tail
t=06375 alpha replay carrier recomposed_tail
t=06376 lambda recomposed carrier recomposed_tail
t=06377 delta replay carrier recomposed_tail
t=06378 delta replay carrier recomposed_tail
t=06379 alpha replay carrier recomposed_tail
t=06380 alpha replay carrier recomposed_tail
t=06381 lambda recomposed carrier recomposed_tail
t=06382 lambda recomposed carrier recomposed_tail
t=06383 alpha replay carrier recomposed_tail
t=06384 lambda recomposed carrier recomposed_tail
t=06385 alpha replay carrier recomposed_tail
t=06386 lambda recomposed carrier recomposed_tail
t=06387 delta replay carrier recomposed_tail
t=06388 lambda recomposed carrier recomposed_tail
t=06389 delta replay carrier recomposed_tail
t=06390 alpha replay carrier recomposed_tail
t=06391 delta replay carrier recomposed_tail
t=06392 lambda recomposed carrier recomposed_tail
t=06393 lambda recomposed carrier recomposed_tail
t=06394 lambda recomposed carrier recomposed_tail
t=06395 delta replay carrier recomposed_tail
t=06396 lambda recomposed carrier recomposed_tail
t=06397 delta replay carrier recomposed_tail
t=06398 alpha replay carrier recomposed_tail
t=06399 delta replay carrier recomposed_tail
t=06400 alpha replay carrier recomposed_tail
t=06401 lambda recomposed carrier recomposed_tail
t=06402 lambda recomposed carrier recomposed_tail
t=06403 alpha replay carrier recomposed_tail
t=06404 delta replay carrier recomposed_tail
t=06405 lambda recomposed carrier recomposed_tail
t=06406 delta replay carrier recomposed_tail
t=06407 alpha replay carrier recomposed_tail
t=06408 delta replay carrier recomposed_tail
t=06409 delta replay carrier recomposed_tail
t=06410 lambda recomposed carrier recomposed_tail
t=06411 lambda recomposed carrier recomposed_tail
t=06412 alpha replay carrier recomposed_tail
t=06413 lambda recomposed carrier recomposed_tail
t=06414 alpha replay carrier recomposed_tail
t=06415 delta replay carrier recomposed_tail
t=06416 delta replay carrier recomposed_tail
t=06417 alpha replay carrier recomposed_tail
t=06418 lambda recomposed carrier recomposed_tail
t=06419 lambda recomposed carrier recomposed_tail
t=06420 delta replay carrier recomposed_tail
t=06421 lambda recomposed carrier recomposed_tail
t=06422 delta replay carrier recomposed_tail
t=06423 delta replay carrier recomposed_tail
t=06424 lambda recomposed carrier recomposed_tail
t=06425 lambda recomposed carrier recomposed_tail
t=06426 lambda recomposed carrier recomposed_tail
t=06427 delta replay carrier recomposed_tail
t=06428 alpha replay carrier recomposed_tail
t=06429 delta replay carrier recomposed_tail
t=06430 delta replay carrier recomposed_tail
t=06431 delta replay carrier recomposed_tail
t=06432 lambda recomposed carrier recomposed_tail
t=06433 delta replay carrier recomposed_tail
t=06434 delta replay carrier recomposed_tail
t=06435 alpha replay carrier recomposed_tail
t=06436 lambda recomposed carrier recomposed_tail
t=06437 lambda recomposed carrier recomposed_tail
t=06438 alpha replay carrier recomposed_tail
t=06439 delta replay carrier recomposed_tail
t=06440 lambda recomposed carrier recomposed_tail
t=06441 alpha replay carrier recomposed_tail
t=06442 alpha replay carrier recomposed_tail
t=06443 lambda recomposed carrier recomposed_tail
t=06444 alpha replay carrier recomposed_tail
t=06445 alpha replay carrier recomposed_tail
t=06446 delta replay carrier recomposed_tail
t=06447 lambda recomposed carrier recomposed_tail
t=06448 alpha replay carrier recomposed_tail
t=06449 lambda recomposed carrier recomposed_tail
t=06450 alpha replay carrier recomposed_tail
t=06451 lambda recomposed carrier recomposed_tail
t=06452 delta replay carrier recomposed_tail
t=06453 alpha replay carrier recomposed_tail
t=06454 lambda recomposed carrier recomposed_tail
t=06455 lambda recomposed carrier recomposed_tail
t=06456 alpha replay carrier recomposed_tail
t=06457 alpha replay carrier recomposed_tail
t=06458 delta replay carrier recomposed_tail
t=06459 alpha replay carrier recomposed_tail
t=06460 alpha replay carrier recomposed_tail
t=06461 alpha replay carrier recomposed_tail
t=06462 alpha replay carrier recomposed_tail
t=06463 delta replay carrier recomposed_tail
t=06464 delta replay carrier recomposed_tail
t=06465 lambda recomposed carrier recomposed_tail
t=06466 delta replay carrier recomposed_tail
t=06467 delta replay carrier recomposed_tail
t=06468 alpha replay carrier recomposed_tail
t=06469 delta replay carrier recomposed_tail
t=06470 delta replay carrier recomposed_tail
t=06471 alpha replay carrier recomposed_tail
t=06472 alpha replay carrier recomposed_tail
t=06473 lambda recomposed carrier recomposed_tail
t=06474 delta replay carrier recomposed_tail
t=06475 alpha replay carrier recomposed_tail
t=06476 alpha replay carrier recomposed_tail
t=06477 alpha replay carrier recomposed_tail
t=06478 alpha replay carrier recomposed_tail
t=06479 delta replay carrier recomposed_tail
t=06480 alpha replay carrier recomposed_tail
t=06481 alpha replay carrier recomposed_tail
t=06482 delta replay carrier recomposed_tail
t=06483 lambda recomposed carrier recomposed_tail
t=06484 lambda recomposed carrier recomposed_tail
t=06485 lambda recomposed carrier recomposed_tail
t=06486 delta replay carrier recomposed_tail
t=06487 lambda recomposed carrier recomposed_tail
t=06488 alpha replay carrier recomposed_tail
t=06489 lambda recomposed carrier recomposed_tail
t=06490 lambda recomposed carrier recomposed_tail
t=06491 delta replay carrier recomposed_tail
t=06492 lambda recomposed carrier recomposed_tail
t=06493 delta replay carrier recomposed_tail
t=06494 alpha replay carrier recomposed_tail
t=06495 alpha replay carrier recomposed_tail
t=06496 lambda recomposed carrier recomposed_tail
t=06497 lambda recomposed carrier recomposed_tail
t=06498 lambda recomposed carrier recomposed_tail
t=06499 delta replay carrier recomposed_tail
t=06500 alpha replay carrier recomposed_tail
t=06501 alpha replay carrier recomposed_tail
t=06502 alpha replay carrier recomposed_tail
t=06503 alpha replay carrier recomposed_tail
t=06504 alpha replay carrier recomposed_tail
t=06505 alpha replay carrier recomposed_tail
t=06506 alpha replay carrier recomposed_tail
t=06507 lambda recomposed carrier recomposed_tail
t=06508 delta replay carrier recomposed_tail
t=06509 delta replay carrier recomposed_tail
t=06510 delta replay carrier recomposed_tail
t=06511 delta replay carrier recomposed_tail
t=06512 delta replay carrier recomposed_tail
t=06513 lambda recomposed carrier recomposed_tail
t=06514 lambda recomposed carrier recomposed_tail
t=06515 lambda recomposed carrier recomposed_tail
t=06516 delta replay carrier recomposed_tail
t=06517 alpha replay carrier recomposed_tail
t=06518 delta replay carrier recomposed_tail
t=06519 delta replay carrier recomposed_tail
t=06520 delta replay carrier recomposed_tail
t=06521 delta replay carrier recomposed_tail
t=06522 alpha replay carrier recomposed_tail
t=06523 alpha replay carrier recomposed_tail
t=06524 lambda recomposed carrier recomposed_tail
t=06525 lambda recomposed carrier recomposed_tail
t=06526 lambda recomposed carrier recomposed_tail
t=06527 lambda recomposed carrier recomposed_tail
t=06528 delta replay carrier recomposed_tail
t=06529 delta replay carrier recomposed_tail
t=06530 delta replay carrier recomposed_tail
t=06531 delta replay carrier recomposed_tail
t=06532 alpha replay carrier recomposed_tail
t=06533 delta replay carrier recomposed_tail
t=06534 delta replay carrier recomposed_tail
t=06535 delta replay carrier recomposed_tail
t=06536 delta replay carrier recomposed_tail
t=06537 delta replay carrier recomposed_tail
t=06538 lambda recomposed carrier recomposed_tail
t=06539 alpha replay carrier recomposed_tail
t=06540 lambda recomposed carrier recomposed_tail
t=06541 delta replay carrier recomposed_tail
t=06542 lambda recomposed carrier recomposed_tail
t=06543 alpha replay carrier recomposed_tail
t=06544 delta replay carrier recomposed_tail
t=06545 delta replay carrier recomposed_tail
t=06546 alpha replay carrier recomposed_tail
t=06547 lambda recomposed carrier recomposed_tail
t=06548 delta replay carrier recomposed_tail
t=06549 lambda recomposed carrier recomposed_tail
t=06550 alpha replay carrier recomposed_tail
t=06551 alpha replay carrier recomposed_tail
t=06552 lambda recomposed carrier recomposed_tail
t=06553 lambda recomposed carrier recomposed_tail
t=06554 lambda recomposed carrier recomposed_tail
t=06555 delta replay carrier recomposed_tail
t=06556 delta replay carrier recomposed_tail
t=06557 lambda recomposed carrier recomposed_tail
t=06558 alpha replay carrier recomposed_tail
t=06559 lambda recomposed carrier recomposed_tail
t=06560 delta replay carrier recomposed_tail
t=06561 alpha replay carrier recomposed_tail
t=06562 alpha replay carrier recomposed_tail
t=06563 lambda recomposed carrier recomposed_tail
t=06564 lambda recomposed carrier recomposed_tail
t=06565 lambda recomposed carrier recomposed_tail
t=06566 alpha replay carrier recomposed_tail
t=06567 lambda recomposed carrier recomposed_tail
t=06568 alpha replay carrier recomposed_tail
t=06569 lambda recomposed carrier recomposed_tail
t=06570 delta replay carrier recomposed_tail
t=06571 alpha replay carrier recomposed_tail
t=06572 delta replay carrier recomposed_tail
t=06573 alpha replay carrier recomposed_tail
t=06574 lambda recomposed carrier recomposed_tail
t=06575 alpha replay carrier recomposed_tail
t=06576 alpha replay carrier recomposed_tail
t=06577 alpha replay carrier recomposed_tail
t=06578 alpha replay carrier recomposed_tail
t=06579 lambda recomposed carrier recomposed_tail
t=06580 lambda recomposed carrier recomposed_tail
t=06581 delta replay carrier recomposed_tail
t=06582 alpha replay carrier recomposed_tail
t=06583 alpha replay carrier recomposed_tail
t=06584 alpha replay carrier recomposed_tail
t=06585 alpha replay carrier recomposed_tail
t=06586 lambda recomposed carrier recomposed_tail
t=06587 lambda recomposed carrier recomposed_tail
t=06588 alpha replay carrier recomposed_tail
t=06589 delta replay carrier recomposed_tail
t=06590 delta replay carrier recomposed_tail
t=06591 delta replay carrier recomposed_tail
t=06592 delta replay carrier recomposed_tail
t=06593 delta replay carrier recomposed_tail
t=06594 lambda recomposed carrier recomposed_tail
t=06595 delta replay carrier recomposed_tail
t=06596 delta replay carrier recomposed_tail
t=06597 lambda recomposed carrier recomposed_tail
t=06598 delta replay carrier recomposed_tail
t=06599 lambda recomposed carrier recomposed_tail
t=06600 delta replay carrier recomposed_tail
t=06601 lambda recomposed carrier recomposed_tail
t=06602 lambda recomposed carrier recomposed_tail
t=06603 lambda recomposed carrier recomposed_tail
t=06604 alpha replay carrier recomposed_tail
t=06605 alpha replay carrier recomposed_tail
t=06606 alpha replay carrier recomposed_tail
t=06607 delta replay carrier recomposed_tail
t=06608 delta replay carrier recomposed_tail
t=06609 alpha replay carrier recomposed_tail
t=06610 lambda recomposed carrier recomposed_tail
t=06611 alpha replay carrier recomposed_tail
t=06612 lambda recomposed carrier recomposed_tail
t=06613 lambda recomposed carrier recomposed_tail
t=06614 alpha replay carrier recomposed_tail
t=06615 alpha replay carrier recomposed_tail
t=06616 delta replay carrier recomposed_tail
t=06617 delta replay carrier recomposed_tail
t=06618 delta replay carrier recomposed_tail
t=06619 delta replay carrier recomposed_tail
t=06620 alpha replay carrier recomposed_tail
t=06621 lambda recomposed carrier recomposed_tail
t=06622 lambda recomposed carrier recomposed_tail
t=06623 alpha replay carrier recomposed_tail
t=06624 lambda recomposed carrier recomposed_tail
t=06625 lambda recomposed carrier recomposed_tail
t=06626 alpha replay carrier recomposed_tail
t=06627 lambda recomposed carrier recomposed_tail
t=06628 alpha replay carrier recomposed_tail
t=06629 delta replay carrier recomposed_tail
t=06630 delta replay carrier recomposed_tail
t=06631 lambda recomposed carrier recomposed_tail
t=06632 delta replay carrier recomposed_tail
t=06633 delta replay carrier recomposed_tail
t=06634 delta replay carrier recomposed_tail
t=06635 delta replay carrier recomposed_tail
t=06636 alpha replay carrier recomposed_tail
t=06637 lambda recomposed carrier recomposed_tail
t=06638 alpha replay carrier recomposed_tail
t=06639 lambda recomposed carrier recomposed_tail
t=06640 delta replay carrier recomposed_tail
t=06641 delta replay carrier recomposed_tail
t=06642 delta replay carrier recomposed_tail
t=06643 alpha replay carrier recomposed_tail
t=06644 delta replay carrier recomposed_tail
t=06645 lambda recomposed carrier recomposed_tail
t=06646 delta replay carrier recomposed_tail
t=06647 lambda recomposed carrier recomposed_tail
t=06648 alpha replay carrier recomposed_tail
t=06649 delta replay carrier recomposed_tail
t=06650 alpha replay carrier recomposed_tail
t=06651 delta replay carrier recomposed_tail
t=06652 delta replay carrier recomposed_tail
t=06653 lambda recomposed carrier recomposed_tail
t=06654 lambda recomposed carrier recomposed_tail
t=06655 delta replay carrier recomposed_tail
t=06656 alpha replay carrier recomposed_tail
t=06657 alpha replay carrier recomposed_tail
t=06658 delta replay carrier recomposed_tail
t=06659 lambda recomposed carrier recomposed_tail
t=06660 lambda recomposed carrier recomposed_tail
t=06661 lambda recomposed carrier recomposed_tail
t=06662 delta replay carrier recomposed_tail
t=06663 alpha replay carrier recomposed_tail
t=06664 delta replay carrier recomposed_tail
t=06665 delta replay carrier recomposed_tail
t=06666 lambda recomposed carrier recomposed_tail
t=06667 delta replay carrier recomposed_tail
t=06668 lambda recomposed carrier recomposed_tail
t=06669 lambda recomposed carrier recomposed_tail
t=06670 delta replay carrier recomposed_tail
t=06671 lambda recomposed carrier recomposed_tail
t=06672 alpha replay carrier recomposed_tail
t=06673 alpha replay carrier recomposed_tail
t=06674 alpha replay carrier recomposed_tail
t=06675 lambda recomposed carrier recomposed_tail
t=06676 delta replay carrier recomposed_tail
t=06677 lambda recomposed carrier recomposed_tail
t=06678 delta replay carrier recomposed_tail
t=06679 delta replay carrier recomposed_tail
t=06680 alpha replay carrier recomposed_tail
t=06681 lambda recomposed carrier recomposed_tail
t=06682 lambda recomposed carrier recomposed_tail
t=06683 alpha replay carrier recomposed_tail
t=06684 alpha replay carrier recomposed_tail
t=06685 delta replay carrier recomposed_tail
t=06686 alpha replay carrier recomposed_tail
t=06687 delta replay carrier recomposed_tail
t=06688 alpha replay carrier recomposed_tail
t=06689 delta replay carrier recomposed_tail
t=06690 alpha replay carrier recomposed_tail
t=06691 delta replay carrier recomposed_tail
t=06692 alpha replay carrier recomposed_tail
t=06693 delta replay carrier recomposed_tail
t=06694 delta replay carrier recomposed_tail
t=06695 alpha replay carrier recomposed_tail
t=06696 delta replay carrier recomposed_tail
t=06697 delta replay carrier recomposed_tail
t=06698 alpha replay carrier recomposed_tail
t=06699 lambda recomposed carrier recomposed_tail
t=06700 lambda recomposed carrier recomposed_tail
t=06701 alpha replay carrier recomposed_tail
t=06702 delta replay carrier recomposed_tail
t=06703 lambda recomposed carrier recomposed_tail
t=06704 delta replay carrier recomposed_tail
t=06705 lambda recomposed carrier recomposed_tail
t=06706 alpha replay carrier recomposed_tail
t=06707 lambda recomposed carrier recomposed_tail
t=06708 delta replay carrier recomposed_tail
t=06709 delta replay carrier recomposed_tail
t=06710 delta replay carrier recomposed_tail
t=06711 delta replay carrier recomposed_tail
t=06712 delta replay carrier recomposed_tail
t=06713 delta replay carrier recomposed_tail
t=06714 alpha replay carrier recomposed_tail
t=06715 alpha replay carrier recomposed_tail
t=06716 lambda recomposed carrier recomposed_tail
t=06717 alpha replay carrier recomposed_tail
t=06718 delta replay carrier recomposed_tail
t=06719 delta replay carrier recomposed_tail
t=06720 delta replay carrier recomposed_tail
t=06721 alpha replay carrier recomposed_tail
t=06722 lambda recomposed carrier recomposed_tail
t=06723 delta replay carrier recomposed_tail
t=06724 alpha replay carrier recomposed_tail
t=06725 delta replay carrier recomposed_tail
t=06726 lambda recomposed carrier recomposed_tail
t=06727 alpha replay carrier recomposed_tail
t=06728 alpha replay carrier recomposed_tail
t=06729 lambda recomposed carrier recomposed_tail
t=06730 lambda recomposed carrier recomposed_tail
t=06731 lambda recomposed carrier recomposed_tail
t=06732 delta replay carrier recomposed_tail
t=06733 lambda recomposed carrier recomposed_tail
t=06734 delta replay carrier recomposed_tail
t=06735 alpha replay carrier recomposed_tail
t=06736 delta replay carrier recomposed_tail
t=06737 lambda recomposed carrier recomposed_tail
t=06738 alpha replay carrier recomposed_tail
t=06739 delta replay carrier recomposed_tail
t=06740 alpha replay carrier recomposed_tail
t=06741 lambda recomposed carrier recomposed_tail
t=06742 delta replay carrier recomposed_tail
t=06743 lambda recomposed carrier recomposed_tail
t=06744 delta replay carrier recomposed_tail
t=06745 lambda recomposed carrier recomposed_tail
t=06746 alpha replay carrier recomposed_tail
t=06747 delta replay carrier recomposed_tail
t=06748 lambda recomposed carrier recomposed_tail
t=06749 alpha replay carrier recomposed_tail
t=06750 delta replay carrier recomposed_tail
t=06751 alpha replay carrier recomposed_tail
t=06752 alpha replay carrier recomposed_tail
t=06753 alpha replay carrier recomposed_tail
t=06754 alpha replay carrier recomposed_tail
t=06755 delta replay carrier recomposed_tail
t=06756 delta replay carrier recomposed_tail
t=06757 delta replay carrier recomposed_tail
t=06758 lambda recomposed carrier recomposed_tail
t=06759 delta replay carrier recomposed_tail
t=06760 alpha replay carrier recomposed_tail
t=06761 lambda recomposed carrier recomposed_tail
t=06762 lambda recomposed carrier recomposed_tail
t=06763 alpha replay carrier recomposed_tail
t=06764 lambda recomposed carrier recomposed_tail
t=06765 alpha replay carrier recomposed_tail
t=06766 alpha replay carrier recomposed_tail
t=06767 lambda recomposed carrier recomposed_tail
t=06768 delta replay carrier recomposed_tail
t=06769 delta replay carrier recomposed_tail
t=06770 delta replay carrier recomposed_tail
t=06771 lambda recomposed carrier recomposed_tail
t=06772 alpha replay carrier recomposed_tail
t=06773 delta replay carrier recomposed_tail
t=06774 lambda recomposed carrier recomposed_tail
t=06775 lambda recomposed carrier recomposed_tail
t=06776 lambda recomposed carrier recomposed_tail
t=06777 alpha replay carrier recomposed_tail
t=06778 alpha replay carrier recomposed_tail
t=06779 alpha replay carrier recomposed_tail
t=06780 delta replay carrier recomposed_tail
t=06781 delta replay carrier recomposed_tail
t=06782 lambda recomposed carrier recomposed_tail
t=06783 lambda recomposed carrier recomposed_tail
t=06784 alpha replay carrier recomposed_tail
t=06785 delta replay carrier recomposed_tail
t=06786 alpha replay carrier recomposed_tail
t=06787 delta replay carrier recomposed_tail
t=06788 alpha replay carrier recomposed_tail
t=06789 alpha replay carrier recomposed_tail
t=06790 delta replay carrier recomposed_tail
t=06791 lambda recomposed carrier recomposed_tail
t=06792 lambda recomposed carrier recomposed_tail
t=06793 delta replay carrier recomposed_tail
t=06794 delta replay carrier recomposed_tail
t=06795 delta replay carrier recomposed_tail
t=06796 delta replay carrier recomposed_tail
t=06797 alpha replay carrier recomposed_tail
t=06798 lambda recomposed carrier recomposed_tail
t=06799 alpha replay carrier recomposed_tail
t=06800 alpha replay carrier recomposed_tail
t=06801 alpha replay carrier recomposed_tail
t=06802 delta replay carrier recomposed_tail
t=06803 delta replay carrier recomposed_tail
t=06804 delta replay carrier recomposed_tail
t=06805 alpha replay carrier recomposed_tail
t=06806 delta replay carrier recomposed_tail
t=06807 alpha replay carrier recomposed_tail
t=06808 lambda recomposed carrier recomposed_tail
t=06809 alpha replay carrier recomposed_tail
t=06810 alpha replay carrier recomposed_tail
t=06811 delta replay carrier recomposed_tail
t=06812 alpha replay carrier recomposed_tail
t=06813 delta replay carrier recomposed_tail
t=06814 alpha replay carrier recomposed_tail
t=06815 alpha replay carrier recomposed_tail
t=06816 delta replay carrier recomposed_tail
t=06817 alpha replay carrier recomposed_tail
t=06818 lambda recomposed carrier recomposed_tail
t=06819 alpha replay carrier recomposed_tail
t=06820 delta replay carrier recomposed_tail
t=06821 delta replay carrier recomposed_tail
t=06822 delta replay carrier recomposed_tail
t=06823 alpha replay carrier recomposed_tail
t=06824 delta replay carrier recomposed_tail
t=06825 alpha replay carrier recomposed_tail
t=06826 delta replay carrier recomposed_tail
t=06827 delta replay carrier recomposed_tail
t=06828 alpha replay carrier recomposed_tail
t=06829 lambda recomposed carrier recomposed_tail
t=06830 delta replay carrier recomposed_tail
t=06831 alpha replay carrier recomposed_tail
t=06832 lambda recomposed carrier recomposed_tail
t=06833 delta replay carrier recomposed_tail
t=06834 lambda recomposed carrier recomposed_tail
t=06835 lambda recomposed carrier recomposed_tail
t=06836 alpha replay carrier recomposed_tail
t=06837 alpha replay carrier recomposed_tail
t=06838 alpha replay carrier recomposed_tail
t=06839 delta replay carrier recomposed_tail
t=06840 delta replay carrier recomposed_tail
t=06841 alpha replay carrier recomposed_tail
t=06842 alpha replay carrier recomposed_tail
t=06843 lambda recomposed carrier recomposed_tail
t=06844 alpha replay carrier recomposed_tail
t=06845 lambda recomposed carrier recomposed_tail
t=06846 lambda recomposed carrier recomposed_tail
t=06847 alpha replay carrier recomposed_tail
t=06848 lambda recomposed carrier recomposed_tail
t=06849 lambda recomposed carrier recomposed_tail
t=06850 lambda recomposed carrier recomposed_tail
t=06851 lambda recomposed carrier recomposed_tail
t=06852 alpha replay carrier recomposed_tail
t=06853 delta replay carrier recomposed_tail
t=06854 alpha replay carrier recomposed_tail
t=06855 delta replay carrier recomposed_tail
t=06856 lambda recomposed carrier recomposed_tail
t=06857 delta replay carrier recomposed_tail
t=06858 lambda recomposed carrier recomposed_tail
t=06859 alpha replay carrier recomposed_tail
t=06860 lambda recomposed carrier recomposed_tail
t=06861 lambda recomposed carrier recomposed_tail
t=06862 delta replay carrier recomposed_tail
t=06863 alpha replay carrier recomposed_tail
t=06864 delta replay carrier recomposed_tail
t=06865 alpha replay carrier recomposed_tail
t=06866 alpha replay carrier recomposed_tail
t=06867 lambda recomposed carrier recomposed_tail
t=06868 delta replay carrier recomposed_tail
t=06869 delta replay carrier recomposed_tail
t=06870 alpha replay carrier recomposed_tail
t=06871 alpha replay carrier recomposed_tail
t=06872 lambda recomposed carrier recomposed_tail
t=06873 lambda recomposed carrier recomposed_tail
t=06874 alpha replay carrier recomposed_tail
t=06875 lambda recomposed carrier recomposed_tail
t=06876 lambda recomposed carrier recomposed_tail
t=06877 lambda recomposed carrier recomposed_tail
t=06878 lambda recomposed carrier recomposed_tail
t=06879 alpha replay carrier recomposed_tail
t=06880 delta replay carrier recomposed_tail
t=06881 alpha replay carrier recomposed_tail
t=06882 lambda recomposed carrier recomposed_tail
t=06883 lambda recomposed carrier recomposed_tail
t=06884 alpha replay carrier recomposed_tail
t=06885 delta replay carrier recomposed_tail
t=06886 delta replay carrier recomposed_tail
t=06887 lambda recomposed carrier recomposed_tail
t=06888 alpha replay carrier recomposed_tail
t=06889 alpha replay carrier recomposed_tail
t=06890 alpha replay carrier recomposed_tail
t=06891 lambda recomposed carrier recomposed_tail
t=06892 delta replay carrier recomposed_tail
t=06893 lambda recomposed carrier recomposed_tail
t=06894 delta replay carrier recomposed_tail
t=06895 delta replay carrier recomposed_tail
t=06896 lambda recomposed carrier recomposed_tail
t=06897 alpha replay carrier recomposed_tail
t=06898 alpha replay carrier recomposed_tail
t=06899 lambda recomposed carrier recomposed_tail
t=06900 delta replay carrier recomposed_tail
t=06901 lambda recomposed carrier recomposed_tail
t=06902 delta replay carrier recomposed_tail
t=06903 lambda recomposed carrier recomposed_tail
t=06904 delta replay carrier recomposed_tail
t=06905 delta replay carrier recomposed_tail
t=06906 lambda recomposed carrier recomposed_tail
t=06907 delta replay carrier recomposed_tail
t=06908 alpha replay carrier recomposed_tail
t=06909 delta replay carrier recomposed_tail
t=06910 lambda recomposed carrier recomposed_tail
t=06911 alpha replay carrier recomposed_tail
t=06912 alpha replay carrier recomposed_tail
t=06913 lambda recomposed carrier recomposed_tail
t=06914 delta replay carrier recomposed_tail
t=06915 alpha replay carrier recomposed_tail
t=06916 lambda recomposed carrier recomposed_tail
t=06917 delta replay carrier recomposed_tail
t=06918 alpha replay carrier recomposed_tail
t=06919 alpha replay carrier recomposed_tail
t=06920 delta replay carrier recomposed_tail
t=06921 delta replay carrier recomposed_tail
t=06922 lambda recomposed carrier recomposed_tail
t=06923 lambda recomposed carrier recomposed_tail
t=06924 delta replay carrier recomposed_tail
t=06925 alpha replay carrier recomposed_tail
t=06926 alpha replay carrier recomposed_tail
t=06927 lambda recomposed carrier recomposed_tail
t=06928 delta replay carrier recomposed_tail
t=06929 lambda recomposed carrier recomposed_tail
t=06930 delta replay carrier recomposed_tail
t=06931 delta replay carrier recomposed_tail
t=06932 lambda recomposed carrier recomposed_tail
t=06933 alpha replay carrier recomposed_tail
t=06934 alpha replay carrier recomposed_tail
t=06935 delta replay carrier recomposed_tail
t=06936 delta replay carrier recomposed_tail
t=06937 alpha replay carrier recomposed_tail
t=06938 alpha replay carrier recomposed_tail
t=06939 alpha replay carrier recomposed_tail
t=06940 lambda recomposed carrier recomposed_tail
t=06941 alpha replay carrier recomposed_tail
t=06942 alpha replay carrier recomposed_tail
t=06943 alpha replay carrier recomposed_tail
t=06944 lambda recomposed carrier recomposed_tail
t=06945 lambda recomposed carrier recomposed_tail
t=06946 lambda recomposed carrier recomposed_tail
t=06947 delta replay carrier recomposed_tail
t=06948 delta replay carrier recomposed_tail
t=06949 lambda recomposed carrier recomposed_tail
t=06950 delta replay carrier recomposed_tail
t=06951 alpha replay carrier recomposed_tail
t=06952 alpha replay carrier recomposed_tail
t=06953 alpha replay carrier recomposed_tail
t=06954 alpha replay carrier recomposed_tail
t=06955 delta replay carrier recomposed_tail
t=06956 delta replay carrier recomposed_tail
t=06957 alpha replay carrier recomposed_tail
t=06958 delta replay carrier recomposed_tail
t=06959 delta replay carrier recomposed_tail
t=06960 lambda recomposed carrier recomposed_tail
t=06961 delta replay carrier recomposed_tail
t=06962 lambda recomposed carrier recomposed_tail
t=06963 delta replay carrier recomposed_tail
t=06964 lambda recomposed carrier recomposed_tail
t=06965 alpha replay carrier recomposed_tail
t=06966 alpha replay carrier recomposed_tail
t=06967 lambda recomposed carrier recomposed_tail
t=06968 delta replay carrier recomposed_tail
t=06969 lambda recomposed carrier recomposed_tail
t=06970 alpha replay carrier recomposed_tail
t=06971 lambda recomposed carrier recomposed_tail
t=06972 lambda recomposed carrier recomposed_tail
t=06973 alpha replay carrier recomposed_tail
t=06974 delta replay carrier recomposed_tail
t=06975 delta replay carrier recomposed_tail
t=06976 alpha replay carrier recomposed_tail
t=06977 lambda recomposed carrier recomposed_tail
t=06978 alpha replay carrier recomposed_tail
t=06979 lambda recomposed carrier recomposed_tail
t=06980 alpha replay carrier recomposed_tail
t=06981 lambda recomposed carrier recomposed_tail
t=06982 lambda recomposed carrier recomposed_tail
t=06983 lambda recomposed carrier recomposed_tail
t=06984 alpha replay carrier recomposed_tail
t=06985 alpha replay carrier recomposed_tail
t=06986 delta replay carrier recomposed_tail
t=06987 alpha replay carrier recomposed_tail
t=06988 lambda recomposed carrier recomposed_tail
t=06989 lambda recomposed carrier recomposed_tail
t=06990 lambda recomposed carrier recomposed_tail
t=06991 delta replay carrier recomposed_tail
t=06992 alpha replay carrier recomposed_tail
t=06993 alpha replay carrier recomposed_tail
t=06994 lambda recomposed carrier recomposed_tail
t=06995 delta replay carrier recomposed_tail
t=06996 alpha replay carrier recomposed_tail
t=06997 alpha replay carrier recomposed_tail
t=06998 alpha replay carrier recomposed_tail
t=06999 delta replay carrier recomposed_tail
t=07000 alpha replay carrier recomposed_tail
