window_size,window_id,line_start,line_end,lines,stable_lines,middle_lines,residual_lines,stable_share,middle_share,residual_share,residual_self_adjacent,residual_near_stable,residual_near_middle,residual_self_adjacent_share,residual_near_stable_share,dominant_residual_family_share,dominant_residual_family,local_residue_posture
25,window_001,1,25,25,0,23,2,0.0,0.92,0.08,0,0,2,0.0,0.0,1.0,"""<num>.<num>.<num>.<num> - - [<num>/Dec/<num>:<num>:<num>:<num> +<num>]",diffuse_residual
25,window_002,26,50,25,0,25,0,0.0,1.0,0.0,0,0,0,0.0,0.0,0.0,,no_residual
25,window_003,51,75,25,0,25,0,0.0,1.0,0.0,0,0,0,0.0,0.0,0.0,,no_residual
25,window_004,76,100,25,0,25,0,0.0,1.0,0.0,0,0,0,0.0,0.0,0.0,,no_residual
25,window_005,101,125,25,0,25,0,0.0,1.0,0.0,0,0,0,0.0,0.0,0.0,,no_residual
25,window_006,126,150,25,0,25,0,0.0,1.0,0.0,0,0,0,0.0,0.0,0.0,,no_residual
25,window_007,151,175,25,0,25,0,0.0,1.0,0.0,0,0,0,0.0,0.0,0.0,,no_residual
25,window_008,176,200,25,0,25,0,0.0,1.0,0.0,0,0,0,0.0,0.0,0.0,,no_residual
25,window_009,201,225,25,0,9,16,0.0,0.36,0.64,14,0,4,0.875,0.0,1.0,"""<num>.<num>.<num>.<num> - - [<num>/Dec/<num>:<num>:<num>:<num> +<num>]",residual_island
25,window_010,226,250,25,0,6,19,0.0,0.24,0.76,16,0,4,0.8421,0.0,1.0,"""<num>.<num>.<num>.<num> - - [<num>/Dec/<num>:<num>:<num>:<num> +<num>]",residual_island
25,window_011,251,275,25,0,0,25,0.0,0.0,1.0,25,0,0,1.0,0.0,1.0,"""<num>.<num>.<num>.<num> - - [<num>/Dec/<num>:<num>:<num>:<num> +<num>]",residual_island
25,window_012,276,300,25,0,10,15,0.0,0.4,0.6,11,0,8,0.7333,0.0,1.0,"""<num>.<num>.<num>.<num> - - [<num>/Dec/<num>:<num>:<num>:<num> +<num>]",residual_island
25,window_013,301,325,25,0,0,25,0.0,0.0,1.0,25,0,0,1.0,0.0,1.0,"""<num>.<num>.<num>.<num> - - [<num>/Dec/<num>:<num>:<num>:<num> +<num>]",residual_island
25,window_014,326,350,25,0,0,25,0.0,0.0,1.0,25,0,0,1.0,0.0,1.0,"""<num>.<num>.<num>.<num> - - [<num>/Dec/<num>:<num>:<num>:<num> +<num>]",residual_island
25,window_015,351,375,25,0,0,25,0.0,0.0,1.0,25,0,0,1.0,0.0,1.0,"""<num>.<num>.<num>.<num> - - [<num>/Dec/<num>:<num>:<num>:<num> +<num>]",residual_island
25,window_016,376,400,25,0,0,25,0.0,0.0,1.0,25,0,0,1.0,0.0,1.0,"""<num>.<num>.<num>.<num> - - [<num>/Dec/<num>:<num>:<num>:<num> +<num>]",residual_island
25,window_017,401,425,25,0,0,25,0.0,0.0,1.0,25,0,0,1.0,0.0,1.0,"""<num>.<num>.<num>.<num> - - [<num>/Dec/<num>:<num>:<num>:<num> +<num>]",residual_island
25,window_018,426,450,25,0,0,25,0.0,0.0,1.0,25,0,0,1.0,0.0,1.0,"""<num>.<num>.<num>.<num> - - [<num>/Dec/<num>:<num>:<num>:<num> +<num>]",residual_island
25,window_019,451,475,25,0,0,25,0.0,0.0,1.0,25,0,0,1.0,0.0,1.0,"""<num>.<num>.<num>.<num> - - [<num>/Dec/<num>:<num>:<num>:<num> +<num>]",residual_island
25,window_020,476,500,25,0,0,25,0.0,0.0,1.0,25,0,0,1.0,0.0,1.0,"""<num>.<num>.<num>.<num> - - [<num>/Dec/<num>:<num>:<num>:<num> +<num>]",residual_island
25,window_021,501,525,25,0,0,25,0.0,0.0,1.0,25,0,0,1.0,0.0,1.0,"""<num>.<num>.<num>.<num> - - [<num>/Dec/<num>:<num>:<num>:<num> +<num>]",residual_island
25,window_022,526,550,25,0,0,25,0.0,0.0,1.0,25,0,0,1.0,0.0,1.0,"""<num>.<num>.<num>.<num> - - [<num>/Dec/<num>:<num>:<num>:<num> +<num>]",residual_island
25,window_023,551,575,25,0,0,25,0.0,0.0,1.0,25,0,0,1.0,0.0,1.0,"""<num>.<num>.<num>.<num> - - [<num>/Dec/<num>:<num>:<num>:<num> +<num>]",residual_island
25,window_024,576,600,25,0,4,21,0.0,0.16,0.84,21,0,2,1.0,0.0,1.0,"""<num>.<num>.<num>.<num> - - [<num>/Dec/<num>:<num>:<num>:<num> +<num>]",residual_island
25,window_025,601,625,25,0,0,25,0.0,0.0,1.0,25,0,0,1.0,0.0,1.0,"""<num>.<num>.<num>.<num> - - [<num>/Dec/<num>:<num>:<num>:<num> +<num>]",residual_island
25,window_026,626,650,25,0,0,25,0.0,0.0,1.0,25,0,0,1.0,0.0,1.0,"""<num>.<num>.<num>.<num> - - [<num>/Dec/<num>:<num>:<num>:<num> +<num>]",residual_island
25,window_027,651,675,25,0,0,25,0.0,0.0,1.0,25,0,0,1.0,0.0,1.0,"""<num>.<num>.<num>.<num> - - [<num>/Dec/<num>:<num>:<num>:<num> +<num>]",residual_island
25,window_028,676,700,25,0,0,25,0.0,0.0,1.0,25,0,0,1.0,0.0,1.0,"""<num>.<num>.<num>.<num> - - [<num>/Dec/<num>:<num>:<num>:<num> +<num>]",residual_island
25,window_029,701,725,25,0,0,25,0.0,0.0,1.0,25,0,0,1.0,0.0,1.0,"""<num>.<num>.<num>.<num> - - [<num>/Dec/<num>:<num>:<num>:<num> +<num>]",residual_island
25,window_030,726,750,25,0,0,25,0.0,0.0,1.0,25,0,0,1.0,0.0,1.0,"""<num>.<num>.<num>.<num> - - [<num>/Dec/<num>:<num>:<num>:<num> +<num>]",residual_island
25,window_031,751,775,25,0,0,25,0.0,0.0,1.0,25,0,0,1.0,0.0,1.0,"""<num>.<num>.<num>.<num> - - [<num>/Dec/<num>:<num>:<num>:<num> +<num>]",residual_island
25,window_032,776,800,25,0,0,25,0.0,0.0,1.0,25,0,0,1.0,0.0,1.0,"""<num>.<num>.<num>.<num> - - [<num>/Dec/<num>:<num>:<num>:<num> +<num>]",residual_island
25,window_033,801,825,25,0,0,25,0.0,0.0,1.0,25,0,0,1.0,0.0,1.0,"""<num>.<num>.<num>.<num> - - [<num>/Dec/<num>:<num>:<num>:<num> +<num>]",residual_island
25,window_034,826,850,25,0,0,25,0.0,0.0,1.0,25,0,0,1.0,0.0,1.0,"""<num>.<num>.<num>.<num> - - [<num>/Dec/<num>:<num>:<num>:<num> +<num>]",residual_island
25,window_035,851,875,25,0,0,25,0.0,0.0,1.0,25,0,0,1.0,0.0,1.0,"""<num>.<num>.<num>.<num> - - [<num>/Dec/<num>:<num>:<num>:<num> +<num>]",residual_island
25,window_036,876,900,25,0,0,25,0.0,0.0,1.0,25,0,0,1.0,0.0,1.0,"""<num>.<num>.<num>.<num> - - [<num>/Dec/<num>:<num>:<num>:<num> +<num>]",residual_island
25,window_037,901,925,25,0,0,25,0.0,0.0,1.0,25,0,0,1.0,0.0,1.0,"""<num>.<num>.<num>.<num> - - [<num>/Dec/<num>:<num>:<num>:<num> +<num>]",residual_island
25,window_038,926,950,25,1,0,24,0.04,0.0,0.96,24,2,0,1.0,0.0833,1.0,"""<num>.<num>.<num>.<num> - - [<num>/Dec/<num>:<num>:<num>:<num> +<num>]",residual_island
25,window_039,951,975,25,0,0,25,0.0,0.0,1.0,25,0,0,1.0,0.0,1.0,"""<num>.<num>.<num>.<num> - - [<num>/Dec/<num>:<num>:<num>:<num> +<num>]",residual_island
25,window_040,976,1000,25,0,0,25,0.0,0.0,1.0,25,0,0,1.0,0.0,1.0,"""<num>.<num>.<num>.<num> - - [<num>/Dec/<num>:<num>:<num>:<num> +<num>]",residual_island
25,window_041,1001,1025,25,0,0,25,0.0,0.0,1.0,25,0,0,1.0,0.0,1.0,"""<num>.<num>.<num>.<num> - - [<num>/Dec/<num>:<num>:<num>:<num> +<num>]",residual_island
25,window_042,1026,1050,25,0,0,25,0.0,0.0,1.0,25,0,0,1.0,0.0,1.0,"""<num>.<num>.<num>.<num> - - [<num>/Dec/<num>:<num>:<num>:<num> +<num>]",residual_island
25,window_043,1051,1075,25,0,0,25,0.0,0.0,1.0,25,0,0,1.0,0.0,1.0,"""<num>.<num>.<num>.<num> - - [<num>/Dec/<num>:<num>:<num>:<num> +<num>]",residual_island
25,window_044,1076,1100,25,0,0,25,0.0,0.0,1.0,25,0,0,1.0,0.0,1.0,"""<num>.<num>.<num>.<num> - - [<num>/Dec/<num>:<num>:<num>:<num> +<num>]",residual_island
25,window_045,1101,1125,25,0,0,25,0.0,0.0,1.0,25,0,0,1.0,0.0,1.0,"""<num>.<num>.<num>.<num> - - [<num>/Dec/<num>:<num>:<num>:<num> +<num>]",residual_island
25,window_046,1126,1150,25,0,0,25,0.0,0.0,1.0,25,0,0,1.0,0.0,1.0,"""<num>.<num>.<num>.<num> - - [<num>/Dec/<num>:<num>:<num>:<num> +<num>]",residual_island
25,window_047,1151,1175,25,0,0,25,0.0,0.0,1.0,25,0,0,1.0,0.0,1.0,"""<num>.<num>.<num>.<num> - - [<num>/Dec/<num>:<num>:<num>:<num> +<num>]",residual_island
25,window_048,1176,1200,25,0,0,25,0.0,0.0,1.0,25,0,0,1.0,0.0,1.0,"""<num>.<num>.<num>.<num> - - [<num>/Dec/<num>:<num>:<num>:<num> +<num>]",residual_island
25,window_049,1201,1225,25,0,0,25,0.0,0.0,1.0,25,0,0,1.0,0.0,1.0,"""<num>.<num>.<num>.<num> - - [<num>/Dec/<num>:<num>:<num>:<num> +<num>]",residual_island
25,window_050,1226,1250,25,0,0,25,0.0,0.0,1.0,25,0,0,1.0,0.0,1.0,"""<num>.<num>.<num>.<num> - - [<num>/Dec/<num>:<num>:<num>:<num> +<num>]",residual_island
25,window_051,1251,1275,25,0,0,25,0.0,0.0,1.0,25,0,0,1.0,0.0,1.0,"""<num>.<num>.<num>.<num> - - [<num>/Dec/<num>:<num>:<num>:<num> +<num>]",residual_island
25,window_052,1276,1300,25,0,0,25,0.0,0.0,1.0,25,0,0,1.0,0.0,1.0,"""<num>.<num>.<num>.<num> - - [<num>/Dec/<num>:<num>:<num>:<num> +<num>]",residual_island
25,window_053,1301,1325,25,0,0,25,0.0,0.0,1.0,25,0,0,1.0,0.0,1.0,"""<num>.<num>.<num>.<num> - - [<num>/Dec/<num>:<num>:<num>:<num> +<num>]",residual_island
25,window_054,1326,1350,25,0,0,25,0.0,0.0,1.0,25,0,0,1.0,0.0,1.0,"""<num>.<num>.<num>.<num> - - [<num>/Dec/<num>:<num>:<num>:<num> +<num>]",residual_island
25,window_055,1351,1375,25,0,0,25,0.0,0.0,1.0,25,0,0,1.0,0.0,1.0,"""<num>.<num>.<num>.<num> - - [<num>/Dec/<num>:<num>:<num>:<num> +<num>]",residual_island
25,window_056,1376,1400,25,0,0,25,0.0,0.0,1.0,25,0,0,1.0,0.0,1.0,"""<num>.<num>.<num>.<num> - - [<num>/Dec/<num>:<num>:<num>:<num> +<num>]",residual_island
25,window_057,1401,1425,25,0,0,25,0.0,0.0,1.0,25,0,0,1.0,0.0,1.0,"""<num>.<num>.<num>.<num> - - [<num>/Dec/<num>:<num>:<num>:<num> +<num>]",residual_island
25,window_058,1426,1450,25,0,0,25,0.0,0.0,1.0,25,0,0,1.0,0.0,1.0,"""<num>.<num>.<num>.<num> - - [<num>/Dec/<num>:<num>:<num>:<num> +<num>]",residual_island
25,window_059,1451,1475,25,0,0,25,0.0,0.0,1.0,25,0,0,1.0,0.0,1.0,"""<num>.<num>.<num>.<num> - - [<num>/Dec/<num>:<num>:<num>:<num> +<num>]",residual_island
25,window_060,1476,1500,25,0,0,25,0.0,0.0,1.0,25,0,0,1.0,0.0,1.0,"""<num>.<num>.<num>.<num> - - [<num>/Dec/<num>:<num>:<num>:<num> +<num>]",residual_island
25,window_061,1501,1525,25,0,0,25,0.0,0.0,1.0,25,0,0,1.0,0.0,1.0,"""<num>.<num>.<num>.<num> - - [<num>/Dec/<num>:<num>:<num>:<num> +<num>]",residual_island
25,window_062,1526,1550,25,0,0,25,0.0,0.0,1.0,25,0,0,1.0,0.0,1.0,"""<num>.<num>.<num>.<num> - - [<num>/Dec/<num>:<num>:<num>:<num> +<num>]",residual_island
25,window_063,1551,1575,25,0,0,25,0.0,0.0,1.0,25,0,0,1.0,0.0,1.0,"""<num>.<num>.<num>.<num> - - [<num>/Dec/<num>:<num>:<num>:<num> +<num>]",residual_island
25,window_064,1576,1600,25,0,0,25,0.0,0.0,1.0,25,0,0,1.0,0.0,1.0,"""<num>.<num>.<num>.<num> - - [<num>/Dec/<num>:<num>:<num>:<num> +<num>]",residual_island
25,window_065,1601,1625,25,0,0,25,0.0,0.0,1.0,25,0,0,1.0,0.0,1.0,"""<num>.<num>.<num>.<num> - - [<num>/Dec/<num>:<num>:<num>:<num> +<num>]",residual_island
25,window_066,1626,1650,25,0,0,25,0.0,0.0,1.0,25,0,0,1.0,0.0,1.0,"""<num>.<num>.<num>.<num> - - [<num>/Dec/<num>:<num>:<num>:<num> +<num>]",residual_island
25,window_067,1651,1675,25,0,0,25,0.0,0.0,1.0,25,0,0,1.0,0.0,1.0,"""<num>.<num>.<num>.<num> - - [<num>/Dec/<num>:<num>:<num>:<num> +<num>]",residual_island
25,window_068,1676,1700,25,0,0,25,0.0,0.0,1.0,25,0,0,1.0,0.0,1.0,"""<num>.<num>.<num>.<num> - - [<num>/Dec/<num>:<num>:<num>:<num> +<num>]",residual_island
25,window_069,1701,1725,25,0,0,25,0.0,0.0,1.0,25,0,0,1.0,0.0,1.0,"""<num>.<num>.<num>.<num> - - [<num>/Dec/<num>:<num>:<num>:<num> +<num>]",residual_island
25,window_070,1726,1750,25,0,2,23,0.0,0.08,0.92,23,0,2,1.0,0.0,1.0,"""<num>.<num>.<num>.<num> - - [<num>/Dec/<num>:<num>:<num>:<num> +<num>]",residual_island
25,window_071,1751,1775,25,0,4,21,0.0,0.16,0.84,20,0,3,0.9524,0.0,1.0,"""<num>.<num>.<num>.<num> - - [<num>/Dec/<num>:<num>:<num>:<num> +<num>]",residual_island
25,window_072,1776,1800,25,0,0,25,0.0,0.0,1.0,25,0,0,1.0,0.0,1.0,"""<num>.<num>.<num>.<num> - - [<num>/Dec/<num>:<num>:<num>:<num> +<num>]",residual_island
25,window_073,1801,1825,25,0,1,24,0.0,0.04,0.96,24,0,2,1.0,0.0,1.0,"""<num>.<num>.<num>.<num> - - [<num>/Dec/<num>:<num>:<num>:<num> +<num>]",residual_island
25,window_074,1826,1850,25,1,5,19,0.04,0.2,0.76,19,1,4,1.0,0.0526,1.0,"""<num>.<num>.<num>.<num> - - [<num>/Dec/<num>:<num>:<num>:<num> +<num>]",residual_island
25,window_075,1851,1875,25,0,1,24,0.0,0.04,0.96,24,0,3,1.0,0.0,1.0,"""<num>.<num>.<num>.<num> - - [<num>/Dec/<num>:<num>:<num>:<num> +<num>]",residual_island
25,window_076,1876,1900,25,0,0,25,0.0,0.0,1.0,25,0,0,1.0,0.0,1.0,"""<num>.<num>.<num>.<num> - - [<num>/Dec/<num>:<num>:<num>:<num> +<num>]",residual_island
25,window_077,1901,1925,25,0,0,25,0.0,0.0,1.0,25,0,0,1.0,0.0,1.0,"""<num>.<num>.<num>.<num> - - [<num>/Dec/<num>:<num>:<num>:<num> +<num>]",residual_island
25,window_078,1926,1950,25,0,0,25,0.0,0.0,1.0,25,0,0,1.0,0.0,1.0,"""<num>.<num>.<num>.<num> - - [<num>/Dec/<num>:<num>:<num>:<num> +<num>]",residual_island
25,window_079,1951,1975,25,0,1,24,0.0,0.04,0.96,24,0,2,1.0,0.0,1.0,"""<num>.<num>.<num>.<num> - - [<num>/Dec/<num>:<num>:<num>:<num> +<num>]",residual_island
25,window_080,1976,2000,25,0,4,21,0.0,0.16,0.84,21,0,4,1.0,0.0,1.0,"""<num>.<num>.<num>.<num> - - [<num>/Dec/<num>:<num>:<num>:<num> +<num>]",residual_island
25,window_081,2001,2025,25,0,0,25,0.0,0.0,1.0,25,0,0,1.0,0.0,1.0,"""<num>.<num>.<num>.<num> - - [<num>/Dec/<num>:<num>:<num>:<num> +<num>]",residual_island
25,window_082,2026,2050,25,3,6,16,0.12,0.24,0.64,16,0,4,1.0,0.0,1.0,"""<num>.<num>.<num>.<num> - - [<num>/Dec/<num>:<num>:<num>:<num> +<num>]",residual_island
25,window_083,2051,2075,25,0,4,21,0.0,0.16,0.84,21,0,4,1.0,0.0,1.0,"""<num>.<num>.<num>.<num> - - [<num>/Dec/<num>:<num>:<num>:<num> +<num>]",residual_island
25,window_084,2076,2100,25,0,0,25,0.0,0.0,1.0,25,0,0,1.0,0.0,1.0,"""<num>.<num>.<num>.<num> - - [<num>/Dec/<num>:<num>:<num>:<num> +<num>]",residual_island
25,window_085,2101,2125,25,0,0,25,0.0,0.0,1.0,25,0,0,1.0,0.0,1.0,"""<num>.<num>.<num>.<num> - - [<num>/Dec/<num>:<num>:<num>:<num> +<num>]",residual_island
25,window_086,2126,2150,25,0,0,25,0.0,0.0,1.0,25,0,0,1.0,0.0,1.0,"""<num>.<num>.<num>.<num> - - [<num>/Dec/<num>:<num>:<num>:<num> +<num>]",residual_island
25,window_087,2151,2175,25,0,6,19,0.0,0.24,0.76,19,0,4,1.0,0.0,1.0,"""<num>.<num>.<num>.<num> - - [<num>/Dec/<num>:<num>:<num>:<num> +<num>]",residual_island
25,window_088,2176,2200,25,0,0,25,0.0,0.0,1.0,25,0,0,1.0,0.0,1.0,"""<num>.<num>.<num>.<num> - - [<num>/Dec/<num>:<num>:<num>:<num> +<num>]",residual_island
25,window_089,2201,2225,25,0,2,23,0.0,0.08,0.92,23,0,2,1.0,0.0,1.0,"""<num>.<num>.<num>.<num> - - [<num>/Dec/<num>:<num>:<num>:<num> +<num>]",residual_island
25,window_090,2226,2250,25,0,6,19,0.0,0.24,0.76,19,0,4,1.0,0.0,1.0,"""<num>.<num>.<num>.<num> - - [<num>/Dec/<num>:<num>:<num>:<num> +<num>]",residual_island
25,window_091,2251,2275,25,0,0,25,0.0,0.0,1.0,25,0,1,1.0,0.0,1.0,"""<num>.<num>.<num>.<num> - - [<num>/Dec/<num>:<num>:<num>:<num> +<num>]",residual_island
25,window_092,2276,2300,25,0,6,19,0.0,0.24,0.76,19,0,3,1.0,0.0,1.0,"""<num>.<num>.<num>.<num> - - [<num>/Dec/<num>:<num>:<num>:<num> +<num>]",residual_island
25,window_093,2301,2325,25,0,0,25,0.0,0.0,1.0,25,0,0,1.0,0.0,1.0,"""<num>.<num>.<num>.<num> - - [<num>/Dec/<num>:<num>:<num>:<num> +<num>]",residual_island
25,window_094,2326,2350,25,0,2,23,0.0,0.08,0.92,23,0,2,1.0,0.0,1.0,"""<num>.<num>.<num>.<num> - - [<num>/Dec/<num>:<num>:<num>:<num> +<num>]",residual_island
25,window_095,2351,2375,25,0,8,17,0.0,0.32,0.68,17,0,4,1.0,0.0,1.0,"""<num>.<num>.<num>.<num> - - [<num>/Dec/<num>:<num>:<num>:<num> +<num>]",residual_island
25,window_096,2376,2400,25,0,3,22,0.0,0.12,0.88,22,0,3,1.0,0.0,1.0,"""<num>.<num>.<num>.<num> - - [<num>/Dec/<num>:<num>:<num>:<num> +<num>]",residual_island
25,window_097,2401,2425,25,0,4,21,0.0,0.16,0.84,21,0,5,1.0,0.0,1.0,"""<num>.<num>.<num>.<num> - - [<num>/Dec/<num>:<num>:<num>:<num> +<num>]",residual_island
25,window_098,2426,2450,25,0,0,25,0.0,0.0,1.0,25,0,0,1.0,0.0,1.0,"""<num>.<num>.<num>.<num> - - [<num>/Dec/<num>:<num>:<num>:<num> +<num>]",residual_island
25,window_099,2451,2475,25,0,8,17,0.0,0.32,0.68,17,0,6,1.0,0.0,1.0,"""<num>.<num>.<num>.<num> - - [<num>/Dec/<num>:<num>:<num>:<num> +<num>]",residual_island
25,window_100,2476,2500,25,1,7,17,0.04,0.28,0.68,17,0,4,1.0,0.0,1.0,"""<num>.<num>.<num>.<num> - - [<num>/Dec/<num>:<num>:<num>:<num> +<num>]",residual_island
25,window_101,2501,2525,25,0,2,23,0.0,0.08,0.92,23,0,2,1.0,0.0,1.0,"""<num>.<num>.<num>.<num> - - [<num>/Dec/<num>:<num>:<num>:<num> +<num>]",residual_island
25,window_102,2526,2550,25,0,2,23,0.0,0.08,0.92,23,0,2,1.0,0.0,1.0,"""<num>.<num>.<num>.<num> - - [<num>/Dec/<num>:<num>:<num>:<num> +<num>]",residual_island
25,window_103,2551,2575,25,0,7,18,0.0,0.28,0.72,17,0,5,0.9444,0.0,1.0,"""<num>.<num>.<num>.<num> - - [<num>/Dec/<num>:<num>:<num>:<num> +<num>]",residual_island
25,window_104,2576,2600,25,0,12,13,0.0,0.48,0.52,13,0,3,1.0,0.0,1.0,"""<num>.<num>.<num>.<num> - - [<num>/Dec/<num>:<num>:<num>:<num> +<num>]",residual_island
25,window_105,2601,2625,25,0,11,14,0.0,0.44,0.56,14,0,3,1.0,0.0,1.0,"""<num>.<num>.<num>.<num> - - [<num>/Dec/<num>:<num>:<num>:<num> +<num>]",residual_island
25,window_106,2626,2650,25,0,2,23,0.0,0.08,0.92,23,0,4,1.0,0.0,1.0,"""<num>.<num>.<num>.<num> - - [<num>/Dec/<num>:<num>:<num>:<num> +<num>]",residual_island
25,window_107,2651,2675,25,0,7,18,0.0,0.28,0.72,18,0,4,1.0,0.0,1.0,"""<num>.<num>.<num>.<num> - - [<num>/Dec/<num>:<num>:<num>:<num> +<num>]",residual_island
25,window_108,2676,2700,25,0,8,17,0.0,0.32,0.68,17,0,4,1.0,0.0,1.0,"""<num>.<num>.<num>.<num> - - [<num>/Dec/<num>:<num>:<num>:<num> +<num>]",residual_island
25,window_109,2701,2725,25,0,2,23,0.0,0.08,0.92,23,0,3,1.0,0.0,1.0,"""<num>.<num>.<num>.<num> - - [<num>/Dec/<num>:<num>:<num>:<num> +<num>]",residual_island
25,window_110,2726,2750,25,0,9,16,0.0,0.36,0.64,16,0,4,1.0,0.0,1.0,"""<num>.<num>.<num>.<num> - - [<num>/Dec/<num>:<num>:<num>:<num> +<num>]",residual_island
25,window_111,2751,2775,25,0,12,13,0.0,0.48,0.52,13,0,5,1.0,0.0,1.0,"""<num>.<num>.<num>.<num> - - [<num>/Dec/<num>:<num>:<num>:<num> +<num>]",residual_island
25,window_112,2776,2800,25,0,3,22,0.0,0.12,0.88,22,0,4,1.0,0.0,1.0,"""<num>.<num>.<num>.<num> - - [<num>/Dec/<num>:<num>:<num>:<num> +<num>]",residual_island
25,window_113,2801,2825,25,0,6,19,0.0,0.24,0.76,19,0,4,1.0,0.0,1.0,"""<num>.<num>.<num>.<num> - - [<num>/Dec/<num>:<num>:<num>:<num> +<num>]",residual_island
25,window_114,2826,2850,25,0,0,25,0.0,0.0,1.0,25,0,0,1.0,0.0,1.0,"""<num>.<num>.<num>.<num> - - [<num>/Dec/<num>:<num>:<num>:<num> +<num>]",residual_island
25,window_115,2851,2875,25,0,0,25,0.0,0.0,1.0,25,0,0,1.0,0.0,1.0,"""<num>.<num>.<num>.<num> - - [<num>/Dec/<num>:<num>:<num>:<num> +<num>]",residual_island
25,window_116,2876,2900,25,0,0,25,0.0,0.0,1.0,25,0,0,1.0,0.0,1.0,"""<num>.<num>.<num>.<num> - - [<num>/Dec/<num>:<num>:<num>:<num> +<num>]",residual_island
25,window_117,2901,2925,25,0,1,24,0.0,0.04,0.96,24,0,2,1.0,0.0,1.0,"""<num>.<num>.<num>.<num> - - [<num>/Dec/<num>:<num>:<num>:<num> +<num>]",residual_island
25,window_118,2926,2950,25,0,0,25,0.0,0.0,1.0,25,0,0,1.0,0.0,1.0,"""<num>.<num>.<num>.<num> - - [<num>/Dec/<num>:<num>:<num>:<num> +<num>]",residual_island
25,window_119,2951,2975,25,0,3,22,0.0,0.12,0.88,22,0,3,1.0,0.0,1.0,"""<num>.<num>.<num>.<num> - - [<num>/Dec/<num>:<num>:<num>:<num> +<num>]",residual_island
25,window_120,2976,3000,25,0,3,22,0.0,0.12,0.88,22,0,3,1.0,0.0,1.0,"""<num>.<num>.<num>.<num> - - [<num>/Dec/<num>:<num>:<num>:<num> +<num>]",residual_island
25,window_121,3001,3025,25,0,0,25,0.0,0.0,1.0,25,0,0,1.0,0.0,1.0,"""<num>.<num>.<num>.<num> - - [<num>/Dec/<num>:<num>:<num>:<num> +<num>]",residual_island
25,window_122,3026,3050,25,0,4,21,0.0,0.16,0.84,21,0,2,1.0,0.0,1.0,"""<num>.<num>.<num>.<num> - - [<num>/Dec/<num>:<num>:<num>:<num> +<num>]",residual_island
25,window_123,3051,3075,25,0,4,21,0.0,0.16,0.84,21,0,2,1.0,0.0,1.0,"""<num>.<num>.<num>.<num> - - [<num>/Dec/<num>:<num>:<num>:<num> +<num>]",residual_island
25,window_124,3076,3100,25,0,6,19,0.0,0.24,0.76,19,0,4,1.0,0.0,1.0,"""<num>.<num>.<num>.<num> - - [<num>/Dec/<num>:<num>:<num>:<num> +<num>]",residual_island
25,window_125,3101,3125,25,0,0,25,0.0,0.0,1.0,25,0,0,1.0,0.0,1.0,"""<num>.<num>.<num>.<num> - - [<num>/Dec/<num>:<num>:<num>:<num> +<num>]",residual_island
25,window_126,3126,3150,25,0,1,24,0.0,0.04,0.96,24,0,2,1.0,0.0,1.0,"""<num>.<num>.<num>.<num> - - [<num>/Dec/<num>:<num>:<num>:<num> +<num>]",residual_island
25,window_127,3151,3175,25,0,5,20,0.0,0.2,0.8,20,0,4,1.0,0.0,1.0,"""<num>.<num>.<num>.<num> - - [<num>/Dec/<num>:<num>:<num>:<num> +<num>]",residual_island
25,window_128,3176,3200,25,0,2,23,0.0,0.08,0.92,23,0,2,1.0,0.0,1.0,"""<num>.<num>.<num>.<num> - - [<num>/Dec/<num>:<num>:<num>:<num> +<num>]",residual_island
25,window_129,3201,3225,25,0,6,19,0.0,0.24,0.76,19,0,4,1.0,0.0,1.0,"""<num>.<num>.<num>.<num> - - [<num>/Dec/<num>:<num>:<num>:<num> +<num>]",residual_island
25,window_130,3226,3250,25,0,0,25,0.0,0.0,1.0,25,0,0,1.0,0.0,1.0,"""<num>.<num>.<num>.<num> - - [<num>/Dec/<num>:<num>:<num>:<num> +<num>]",residual_island
25,window_131,3251,3275,25,0,1,24,0.0,0.04,0.96,24,0,2,1.0,0.0,1.0,"""<num>.<num>.<num>.<num> - - [<num>/Dec/<num>:<num>:<num>:<num> +<num>]",residual_island
25,window_132,3276,3300,25,0,3,22,0.0,0.12,0.88,22,0,4,1.0,0.0,1.0,"""<num>.<num>.<num>.<num> - - [<num>/Dec/<num>:<num>:<num>:<num> +<num>]",residual_island
25,window_133,3301,3325,25,0,0,25,0.0,0.0,1.0,25,0,0,1.0,0.0,1.0,"""<num>.<num>.<num>.<num> - - [<num>/Dec/<num>:<num>:<num>:<num> +<num>]",residual_island
25,window_134,3326,3350,25,0,1,24,0.0,0.04,0.96,24,0,2,1.0,0.0,1.0,"""<num>.<num>.<num>.<num> - - [<num>/Dec/<num>:<num>:<num>:<num> +<num>]",residual_island
25,window_135,3351,3375,25,0,7,18,0.0,0.28,0.72,18,0,6,1.0,0.0,1.0,"""<num>.<num>.<num>.<num> - - [<num>/Dec/<num>:<num>:<num>:<num> +<num>]",residual_island
25,window_136,3376,3400,25,0,2,23,0.0,0.08,0.92,23,0,4,1.0,0.0,1.0,"""<num>.<num>.<num>.<num> - - [<num>/Dec/<num>:<num>:<num>:<num> +<num>]",residual_island
25,window_137,3401,3425,25,0,2,23,0.0,0.08,0.92,23,0,1,1.0,0.0,1.0,"""<num>.<num>.<num>.<num> - - [<num>/Dec/<num>:<num>:<num>:<num> +<num>]",residual_island
25,window_138,3426,3450,25,12,0,13,0.48,0.0,0.52,13,1,1,1.0,0.0769,1.0,"""<num>.<num>.<num>.<num> - - [<num>/Dec/<num>:<num>:<num>:<num> +<num>]",residual_island
25,window_139,3451,3475,25,15,0,10,0.6,0.0,0.4,10,1,0,1.0,0.1,1.0,"""<num>.<num>.<num>.<num> - - [<num>/Dec/<num>:<num>:<num>:<num> +<num>]",residual_island
25,window_140,3476,3500,25,23,0,2,0.92,0.0,0.08,2,1,0,1.0,0.5,1.0,"""<num>.<num>.<num>.<num> - - [<num>/Dec/<num>:<num>:<num>:<num> +<num>]",stable_attached_residual
25,window_141,3501,3525,25,25,0,0,1.0,0.0,0.0,0,0,0,0.0,0.0,0.0,,no_residual
25,window_142,3526,3550,25,25,0,0,1.0,0.0,0.0,0,0,0,0.0,0.0,0.0,,no_residual
25,window_143,3551,3575,25,21,0,4,0.84,0.0,0.16,4,2,0,1.0,0.5,1.0,"""<num>.<num>.<num>.<num> - - [<num>/Dec/<num>:<num>:<num>:<num> +<num>]",stable_attached_residual
25,window_144,3576,3600,25,25,0,0,1.0,0.0,0.0,0,0,0,0.0,0.0,0.0,,no_residual
25,window_145,3601,3625,25,25,0,0,1.0,0.0,0.0,0,0,0,0.0,0.0,0.0,,no_residual
25,window_146,3626,3650,25,22,0,3,0.88,0.0,0.12,3,2,0,1.0,0.6667,1.0,"""<num>.<num>.<num>.<num> - - [<num>/Dec/<num>:<num>:<num>:<num> +<num>]",stable_attached_residual
25,window_147,3651,3675,25,25,0,0,1.0,0.0,0.0,0,0,0,0.0,0.0,0.0,,no_residual
25,window_148,3676,3700,25,24,0,1,0.96,0.0,0.04,0,1,0,0.0,1.0,1.0,"""<num>.<num>.<num>.<num> - - [<num>/Dec/<num>:<num>:<num>:<num> +<num>]",stable_attached_residual
25,window_149,3701,3725,25,25,0,0,1.0,0.0,0.0,0,0,0,0.0,0.0,0.0,,no_residual
25,window_150,3726,3750,25,24,0,1,0.96,0.0,0.04,0,1,0,0.0,1.0,1.0,"""<num>.<num>.<num>.<num> - - [<num>/Dec/<num>:<num>:<num>:<num> +<num>]",stable_attached_residual
25,window_151,3751,3775,25,25,0,0,1.0,0.0,0.0,0,0,0,0.0,0.0,0.0,,no_residual
25,window_152,3776,3800,25,25,0,0,1.0,0.0,0.0,0,0,0,0.0,0.0,0.0,,no_residual
25,window_153,3801,3825,25,22,0,3,0.88,0.0,0.12,3,2,0,1.0,0.6667,1.0,"""<num>.<num>.<num>.<num> - - [<num>/Dec/<num>:<num>:<num>:<num> +<num>]",stable_attached_residual
25,window_154,3826,3850,25,25,0,0,1.0,0.0,0.0,0,0,0,0.0,0.0,0.0,,no_residual
25,window_155,3851,3875,25,25,0,0,1.0,0.0,0.0,0,0,0,0.0,0.0,0.0,,no_residual
25,window_156,3876,3900,25,24,0,1,0.96,0.0,0.04,0,1,0,0.0,1.0,1.0,"""<num>.<num>.<num>.<num> - - [<num>/Dec/<num>:<num>:<num>:<num> +<num>]",stable_attached_residual
25,window_157,3901,3925,25,24,1,0,0.96,0.04,0.0,0,0,0,0.0,0.0,0.0,,no_residual
25,window_158,3926,3950,25,25,0,0,1.0,0.0,0.0,0,0,0,0.0,0.0,0.0,,no_residual
25,window_159,3951,3975,25,22,2,1,0.88,0.08,0.04,0,1,0,0.0,1.0,1.0,"""<num>.<num>.<num>.<num> - - [<num>/Dec/<num>:<num>:<num>:<num> +<num>]",stable_attached_residual
25,window_160,3976,4000,25,22,3,0,0.88,0.12,0.0,0,0,0,0.0,0.0,0.0,,no_residual
25,window_161,4001,4025,25,25,0,0,1.0,0.0,0.0,0,0,0,0.0,0.0,0.0,,no_residual
25,window_162,4026,4050,25,25,0,0,1.0,0.0,0.0,0,0,0,0.0,0.0,0.0,,no_residual
25,window_163,4051,4075,25,15,10,0,0.6,0.4,0.0,0,0,0,0.0,0.0,0.0,,no_residual
25,window_164,4076,4100,25,25,0,0,1.0,0.0,0.0,0,0,0,0.0,0.0,0.0,,no_residual
25,window_165,4101,4125,25,11,5,9,0.44,0.2,0.36,8,2,4,0.8889,0.2222,1.0,"""<num>.<num>.<num>.<num> - - [<num>/Dec/<num>:<num>:<num>:<num> +<num>]",residual_island
25,window_166,4126,4150,25,23,2,0,0.92,0.08,0.0,0,0,0,0.0,0.0,0.0,,no_residual
25,window_167,4151,4175,25,25,0,0,1.0,0.0,0.0,0,0,0,0.0,0.0,0.0,,no_residual
25,window_168,4176,4200,25,22,2,1,0.88,0.08,0.04,0,0,1,0.0,0.0,1.0,"""<num>.<num>.<num>.<num> - - [<num>/Dec/<num>:<num>:<num>:<num> +<num>]",diffuse_residual
25,window_169,4201,4225,25,25,0,0,1.0,0.0,0.0,0,0,0,0.0,0.0,0.0,,no_residual
25,window_170,4226,4250,25,17,2,6,0.68,0.08,0.24,6,0,3,1.0,0.0,1.0,"""<num>.<num>.<num>.<num> - - [<num>/Dec/<num>:<num>:<num>:<num> +<num>]",residual_island
25,window_171,4251,4275,25,12,0,13,0.48,0.0,0.52,13,1,0,1.0,0.0769,1.0,"""<num>.<num>.<num>.<num> - - [<num>/Dec/<num>:<num>:<num>:<num> +<num>]",residual_island
25,window_172,4276,4300,25,25,0,0,1.0,0.0,0.0,0,0,0,0.0,0.0,0.0,,no_residual
25,window_173,4301,4325,25,5,3,17,0.2,0.12,0.68,17,1,4,1.0,0.0588,1.0,"""<num>.<num>.<num>.<num> - - [<num>/Dec/<num>:<num>:<num>:<num> +<num>]",residual_island
25,window_174,4326,4350,25,22,0,3,0.88,0.0,0.12,3,1,0,1.0,0.3333,1.0,"""<num>.<num>.<num>.<num> - - [<num>/Dec/<num>:<num>:<num>:<num> +<num>]",partial_residual_cluster
25,window_175,4351,4375,25,12,1,12,0.48,0.04,0.48,12,1,1,1.0,0.0833,1.0,"""<num>.<num>.<num>.<num> - - [<num>/Dec/<num>:<num>:<num>:<num> +<num>]",residual_island
25,window_176,4376,4400,25,16,0,9,0.64,0.0,0.36,9,1,1,1.0,0.1111,1.0,"""<num>.<num>.<num>.<num> - - [<num>/Dec/<num>:<num>:<num>:<num> +<num>]",residual_island
25,window_177,4401,4425,25,22,1,2,0.88,0.04,0.08,2,1,1,1.0,0.5,1.0,"""<num>.<num>.<num>.<num> - - [<num>/Dec/<num>:<num>:<num>:<num> +<num>]",stable_attached_residual
25,window_178,4426,4450,25,12,2,11,0.48,0.08,0.44,11,1,5,1.0,0.0909,1.0,"""<num>.<num>.<num>.<num> - - [<num>/Dec/<num>:<num>:<num>:<num> +<num>]",residual_island
25,window_179,4451,4475,25,25,0,0,1.0,0.0,0.0,0,0,0,0.0,0.0,0.0,,no_residual
25,window_180,4476,4500,25,5,2,18,0.2,0.08,0.72,18,2,2,1.0,0.1111,1.0,"""<num>.<num>.<num>.<num> - - [<num>/Dec/<num>:<num>:<num>:<num> +<num>]",residual_island
25,window_181,4501,4525,25,25,0,0,1.0,0.0,0.0,0,0,0,0.0,0.0,0.0,,no_residual
25,window_182,4526,4550,25,18,0,7,0.72,0.0,0.28,7,1,0,1.0,0.1429,1.0,"""<num>.<num>.<num>.<num> - - [<num>/Dec/<num>:<num>:<num>:<num> +<num>]",residual_island
25,window_183,4551,4575,25,11,0,14,0.44,0.0,0.56,14,1,0,1.0,0.0714,1.0,"""<num>.<num>.<num>.<num> - - [<num>/Dec/<num>:<num>:<num>:<num> +<num>]",residual_island
25,window_184,4576,4600,25,25,0,0,1.0,0.0,0.0,0,0,0,0.0,0.0,0.0,,no_residual
25,window_185,4601,4625,25,8,2,15,0.32,0.08,0.6,15,1,1,1.0,0.0667,1.0,"""<num>.<num>.<num>.<num> - - [<num>/Dec/<num>:<num>:<num>:<num> +<num>]",residual_island
25,window_186,4626,4650,25,15,0,10,0.6,0.0,0.4,10,1,1,1.0,0.1,1.0,"""<num>.<num>.<num>.<num> - - [<num>/Dec/<num>:<num>:<num>:<num> +<num>]",residual_island
25,window_187,4651,4675,25,25,0,0,1.0,0.0,0.0,0,0,0,0.0,0.0,0.0,,no_residual
25,window_188,4676,4700,25,3,0,22,0.12,0.0,0.88,22,1,0,1.0,0.0455,1.0,"""<num>.<num>.<num>.<num> - - [<num>/Dec/<num>:<num>:<num>:<num> +<num>]",residual_island
25,window_189,4701,4725,25,16,0,9,0.64,0.0,0.36,9,1,0,1.0,0.1111,1.0,"""<num>.<num>.<num>.<num> - - [<num>/Dec/<num>:<num>:<num>:<num> +<num>]",residual_island
25,window_190,4726,4750,25,24,0,1,0.96,0.0,0.04,1,1,0,1.0,1.0,1.0,"""<num>.<num>.<num>.<num> - - [<num>/Dec/<num>:<num>:<num>:<num> +<num>]",stable_attached_residual
25,window_191,4751,4775,25,0,2,23,0.0,0.08,0.92,23,0,2,1.0,0.0,1.0,"""<num>.<num>.<num>.<num> - - [<num>/Dec/<num>:<num>:<num>:<num> +<num>]",residual_island
25,window_192,4776,4800,25,15,2,8,0.6,0.08,0.32,8,1,2,1.0,0.125,1.0,"""<num>.<num>.<num>.<num> - - [<num>/Dec/<num>:<num>:<num>:<num> +<num>]",residual_island
25,window_193,4801,4825,25,22,1,2,0.88,0.04,0.08,2,1,1,1.0,0.5,1.0,"""<num>.<num>.<num>.<num> - - [<num>/Dec/<num>:<num>:<num>:<num> +<num>]",stable_attached_residual
25,window_194,4826,4850,25,2,2,21,0.08,0.08,0.84,21,2,2,1.0,0.0952,1.0,"""<num>.<num>.<num>.<num> - - [<num>/Dec/<num>:<num>:<num>:<num> +<num>]",residual_island
25,window_195,4851,4875,25,25,0,0,1.0,0.0,0.0,0,0,0,0.0,0.0,0.0,,no_residual
25,window_196,4876,4900,25,1,7,17,0.04,0.28,0.68,16,0,4,0.9412,0.0,1.0,"""<num>.<num>.<num>.<num> - - [<num>/Dec/<num>:<num>:<num>:<num> +<num>]",residual_island
25,window_197,4901,4925,25,14,0,11,0.56,0.0,0.44,11,1,0,1.0,0.0909,1.0,"""<num>.<num>.<num>.<num> - - [<num>/Dec/<num>:<num>:<num>:<num> +<num>]",residual_island
25,window_198,4926,4950,25,10,0,15,0.4,0.0,0.6,15,2,0,1.0,0.1333,1.0,"""<num>.<num>.<num>.<num> - - [<num>/Dec/<num>:<num>:<num>:<num> +<num>]",residual_island
25,window_199,4951,4975,25,6,0,19,0.24,0.0,0.76,19,1,0,1.0,0.0526,1.0,"""<num>.<num>.<num>.<num> - - [<num>/Dec/<num>:<num>:<num>:<num> +<num>]",residual_island
25,window_200,4976,5000,25,10,2,13,0.4,0.08,0.52,13,1,2,1.0,0.0769,1.0,"""<num>.<num>.<num>.<num> - - [<num>/Dec/<num>:<num>:<num>:<num> +<num>]",residual_island
25,window_201,5001,5025,25,0,5,20,0.0,0.2,0.8,20,1,6,1.0,0.05,1.0,"""<num>.<num>.<num>.<num> - - [<num>/Dec/<num>:<num>:<num>:<num> +<num>]",residual_island
25,window_202,5026,5050,25,20,0,5,0.8,0.0,0.2,5,1,0,1.0,0.2,1.0,"""<num>.<num>.<num>.<num> - - [<num>/Dec/<num>:<num>:<num>:<num> +<num>]",residual_island
25,window_203,5051,5075,25,2,5,18,0.08,0.2,0.72,16,0,4,0.8889,0.0,1.0,"""<num>.<num>.<num>.<num> - - [<num>/Dec/<num>:<num>:<num>:<num> +<num>]",residual_island
25,window_204,5076,5100,25,8,3,14,0.32,0.12,0.56,13,1,4,0.9286,0.0714,1.0,"""<num>.<num>.<num>.<num> - - [<num>/Dec/<num>:<num>:<num>:<num> +<num>]",residual_island
25,window_205,5101,5125,25,14,3,8,0.56,0.12,0.32,7,1,3,0.875,0.125,1.0,"""<num>.<num>.<num>.<num> - - [<num>/Dec/<num>:<num>:<num>:<num> +<num>]",residual_island
25,window_206,5126,5150,25,9,2,14,0.36,0.08,0.56,14,1,2,1.0,0.0714,1.0,"""<num>.<num>.<num>.<num> - - [<num>/Dec/<num>:<num>:<num>:<num> +<num>]",residual_island
25,window_207,5151,5175,25,25,0,0,1.0,0.0,0.0,0,0,0,0.0,0.0,0.0,,no_residual
25,window_208,5176,5200,25,2,2,21,0.08,0.08,0.84,21,1,4,1.0,0.0476,1.0,"""<num>.<num>.<num>.<num> - - [<num>/Dec/<num>:<num>:<num>:<num> +<num>]",residual_island
25,window_209,5201,5225,25,6,0,19,0.24,0.0,0.76,19,1,0,1.0,0.0526,1.0,"""<num>.<num>.<num>.<num> - - [<num>/Dec/<num>:<num>:<num>:<num> +<num>]",residual_island
25,window_210,5226,5250,25,8,0,17,0.32,0.0,0.68,17,1,0,1.0,0.0588,1.0,"""<num>.<num>.<num>.<num> - - [<num>/Dec/<num>:<num>:<num>:<num> +<num>]",residual_island
25,window_211,5251,5275,25,7,3,15,0.28,0.12,0.6,15,1,4,1.0,0.0667,1.0,"""<num>.<num>.<num>.<num> - - [<num>/Dec/<num>:<num>:<num>:<num> +<num>]",residual_island
25,window_212,5276,5300,25,3,0,22,0.12,0.0,0.88,22,1,0,1.0,0.0455,1.0,"""<num>.<num>.<num>.<num> - - [<num>/Dec/<num>:<num>:<num>:<num> +<num>]",residual_island
25,window_213,5301,5325,25,12,1,12,0.48,0.04,0.48,11,1,2,0.9167,0.0833,1.0,"""<num>.<num>.<num>.<num> - - [<num>/Dec/<num>:<num>:<num>:<num> +<num>]",residual_island
25,window_214,5326,5350,25,5,0,20,0.2,0.0,0.8,20,2,0,1.0,0.1,1.0,"""<num>.<num>.<num>.<num> - - [<num>/Dec/<num>:<num>:<num>:<num> +<num>]",residual_island
25,window_215,5351,5375,25,25,0,0,1.0,0.0,0.0,0,0,0,0.0,0.0,0.0,,no_residual
25,window_216,5376,5400,25,16,0,9,0.64,0.0,0.36,9,2,0,1.0,0.2222,1.0,"""<num>.<num>.<num>.<num> - - [<num>/Dec/<num>:<num>:<num>:<num> +<num>]",residual_island
25,window_217,5401,5425,25,25,0,0,1.0,0.0,0.0,0,0,0,0.0,0.0,0.0,,no_residual
25,window_218,5426,5450,25,21,0,4,0.84,0.0,0.16,4,2,0,1.0,0.5,1.0,"""<num>.<num>.<num>.<num> - - [<num>/Dec/<num>:<num>:<num>:<num> +<num>]",stable_attached_residual
25,window_219,5451,5475,25,25,0,0,1.0,0.0,0.0,0,0,0,0.0,0.0,0.0,,no_residual
25,window_220,5476,5500,25,25,0,0,1.0,0.0,0.0,0,0,0,0.0,0.0,0.0,,no_residual
25,window_221,5501,5525,25,23,0,2,0.92,0.0,0.08,2,2,0,1.0,1.0,1.0,"""<num>.<num>.<num>.<num> - - [<num>/Dec/<num>:<num>:<num>:<num> +<num>]",stable_attached_residual
25,window_222,5526,5550,25,24,0,1,0.96,0.0,0.04,0,1,0,0.0,1.0,1.0,"""<num>.<num>.<num>.<num> - - [<num>/Dec/<num>:<num>:<num>:<num> +<num>]",stable_attached_residual
25,window_223,5551,5575,25,16,2,7,0.64,0.08,0.28,6,1,3,0.8571,0.1429,1.0,"""<num>.<num>.<num>.<num> - - [<num>/Dec/<num>:<num>:<num>:<num> +<num>]",residual_island
25,window_224,5576,5600,25,19,2,4,0.76,0.08,0.16,4,1,1,1.0,0.25,1.0,"""<num>.<num>.<num>.<num> - - [<num>/Dec/<num>:<num>:<num>:<num> +<num>]",partial_residual_cluster
25,window_225,5601,5625,25,25,0,0,1.0,0.0,0.0,0,0,0,0.0,0.0,0.0,,no_residual
25,window_226,5626,5650,25,6,5,14,0.24,0.2,0.56,13,1,6,0.9286,0.0714,1.0,"""<num>.<num>.<num>.<num> - - [<num>/Dec/<num>:<num>:<num>:<num> +<num>]",residual_island
25,window_227,5651,5675,25,17,1,7,0.68,0.04,0.28,7,1,1,1.0,0.1429,1.0,"""<num>.<num>.<num>.<num> - - [<num>/Dec/<num>:<num>:<num>:<num> +<num>]",residual_island
25,window_228,5676,5700,25,15,4,6,0.6,0.16,0.24,6,0,3,1.0,0.0,1.0,"""<num>.<num>.<num>.<num> - - [<num>/Dec/<num>:<num>:<num>:<num> +<num>]",residual_island
25,window_229,5701,5725,25,1,1,23,0.04,0.04,0.92,23,1,2,1.0,0.0435,1.0,"""<num>.<num>.<num>.<num> - - [<num>/Dec/<num>:<num>:<num>:<num> +<num>]",residual_island
25,window_230,5726,5750,25,25,0,0,1.0,0.0,0.0,0,0,0,0.0,0.0,0.0,,no_residual
25,window_231,5751,5775,25,4,2,19,0.16,0.08,0.76,19,1,4,1.0,0.0526,1.0,"""<num>.<num>.<num>.<num> - - [<num>/Dec/<num>:<num>:<num>:<num> +<num>]",residual_island
25,window_232,5776,5800,25,15,2,8,0.6,0.08,0.32,8,1,2,1.0,0.125,1.0,"""<num>.<num>.<num>.<num> - - [<num>/Dec/<num>:<num>:<num>:<num> +<num>]",residual_island
25,window_233,5801,5825,25,5,1,19,0.2,0.04,0.76,19,0,1,1.0,0.0,1.0,"""<num>.<num>.<num>.<num> - - [<num>/Dec/<num>:<num>:<num>:<num> +<num>]",residual_island
25,window_234,5826,5850,25,16,0,9,0.64,0.0,0.36,8,3,0,0.8889,0.3333,1.0,"""<num>.<num>.<num>.<num> - - [<num>/Dec/<num>:<num>:<num>:<num> +<num>]",partial_residual_cluster
25,window_235,5851,5875,25,6,1,18,0.24,0.04,0.72,18,2,1,1.0,0.1111,1.0,"""<num>.<num>.<num>.<num> - - [<num>/Dec/<num>:<num>:<num>:<num> +<num>]",residual_island
25,window_236,5876,5900,25,0,1,24,0.0,0.04,0.96,24,0,1,1.0,0.0,1.0,"""<num>.<num>.<num>.<num> - - [<num>/Dec/<num>:<num>:<num>:<num> +<num>]",residual_island
25,window_237,5901,5925,25,17,0,8,0.68,0.0,0.32,8,3,0,1.0,0.375,1.0,"""<num>.<num>.<num>.<num> - - [<num>/Dec/<num>:<num>:<num>:<num> +<num>]",partial_residual_cluster
25,window_238,5926,5950,25,1,2,22,0.04,0.08,0.88,22,1,2,1.0,0.0455,1.0,"""<num>.<num>.<num>.<num> - - [<num>/Dec/<num>:<num>:<num>:<num> +<num>]",residual_island
25,window_239,5951,5975,25,0,6,19,0.0,0.24,0.76,17,0,6,0.8947,0.0,1.0,"""<num>.<num>.<num>.<num> - - [<num>/Dec/<num>:<num>:<num>:<num> +<num>]",residual_island
25,window_240,5976,6000,25,13,2,10,0.52,0.08,0.4,10,1,2,1.0,0.1,1.0,"""<num>.<num>.<num>.<num> - - [<num>/Dec/<num>:<num>:<num>:<num> +<num>]",residual_island
25,window_241,6001,6025,25,8,0,17,0.32,0.0,0.68,17,1,0,1.0,0.0588,1.0,"""<num>.<num>.<num>.<num> - - [<num>/Dec/<num>:<num>:<num>:<num> +<num>]",residual_island
25,window_242,6026,6050,25,0,3,22,0.0,0.12,0.88,22,0,4,1.0,0.0,1.0,"""<num>.<num>.<num>.<num> - - [<num>/Dec/<num>:<num>:<num>:<num> +<num>]",residual_island
25,window_243,6051,6075,25,3,1,21,0.12,0.04,0.84,21,2,1,1.0,0.0952,1.0,"""<num>.<num>.<num>.<num> - - [<num>/Dec/<num>:<num>:<num>:<num> +<num>]",residual_island
25,window_244,6076,6100,25,0,3,22,0.0,0.12,0.88,21,0,5,0.9545,0.0,1.0,"""<num>.<num>.<num>.<num> - - [<num>/Dec/<num>:<num>:<num>:<num> +<num>]",residual_island
25,window_245,6101,6125,25,2,9,14,0.08,0.36,0.56,12,1,5,0.8571,0.0714,1.0,"""<num>.<num>.<num>.<num> - - [<num>/Dec/<num>:<num>:<num>:<num> +<num>]",residual_island
25,window_246,6126,6150,25,0,3,22,0.0,0.12,0.88,21,0,4,0.9545,0.0,1.0,"""<num>.<num>.<num>.<num> - - [<num>/Dec/<num>:<num>:<num>:<num> +<num>]",residual_island
25,window_247,6151,6175,25,6,2,17,0.24,0.08,0.68,17,2,2,1.0,0.1176,1.0,"""<num>.<num>.<num>.<num> - - [<num>/Dec/<num>:<num>:<num>:<num> +<num>]",residual_island
25,window_248,6176,6200,25,0,1,24,0.0,0.04,0.96,24,0,2,1.0,0.0,1.0,"""<num>.<num>.<num>.<num> - - [<num>/Dec/<num>:<num>:<num>:<num> +<num>]",residual_island
25,window_249,6201,6225,25,5,1,19,0.2,0.04,0.76,19,2,1,1.0,0.1053,1.0,"""<num>.<num>.<num>.<num> - - [<num>/Dec/<num>:<num>:<num>:<num> +<num>]",residual_island
25,window_250,6226,6250,25,0,0,25,0.0,0.0,1.0,25,0,1,1.0,0.0,1.0,"""<num>.<num>.<num>.<num> - - [<num>/Dec/<num>:<num>:<num>:<num> +<num>]",residual_island
25,window_251,6251,6275,25,0,3,22,0.0,0.12,0.88,22,0,4,1.0,0.0,1.0,"""<num>.<num>.<num>.<num> - - [<num>/Dec/<num>:<num>:<num>:<num> +<num>]",residual_island
25,window_252,6276,6300,25,0,0,25,0.0,0.0,1.0,25,0,0,1.0,0.0,1.0,"""<num>.<num>.<num>.<num> - - [<num>/Dec/<num>:<num>:<num>:<num> +<num>]",residual_island
25,window_253,6301,6325,25,0,4,21,0.0,0.16,0.84,21,0,2,1.0,0.0,1.0,"""<num>.<num>.<num>.<num> - - [<num>/Dec/<num>:<num>:<num>:<num> +<num>]",residual_island
25,window_254,6326,6350,25,0,3,22,0.0,0.12,0.88,22,0,4,1.0,0.0,1.0,"""<num>.<num>.<num>.<num> - - [<num>/Dec/<num>:<num>:<num>:<num> +<num>]",residual_island
25,window_255,6351,6375,25,0,1,24,0.0,0.04,0.96,24,0,2,1.0,0.0,1.0,"""<num>.<num>.<num>.<num> - - [<num>/Dec/<num>:<num>:<num>:<num> +<num>]",residual_island
25,window_256,6376,6400,25,0,2,23,0.0,0.08,0.92,23,0,2,1.0,0.0,1.0,"""<num>.<num>.<num>.<num> - - [<num>/Dec/<num>:<num>:<num>:<num> +<num>]",residual_island
25,window_257,6401,6425,25,0,6,19,0.0,0.24,0.76,19,0,8,1.0,0.0,1.0,"""<num>.<num>.<num>.<num> - - [<num>/Dec/<num>:<num>:<num>:<num> +<num>]",residual_island
25,window_258,6426,6450,25,0,3,22,0.0,0.12,0.88,21,0,4,0.9545,0.0,1.0,"""<num>.<num>.<num>.<num> - - [<num>/Dec/<num>:<num>:<num>:<num> +<num>]",residual_island
25,window_259,6451,6475,25,0,4,21,0.0,0.16,0.84,21,0,5,1.0,0.0,1.0,"""<num>.<num>.<num>.<num> - - [<num>/Dec/<num>:<num>:<num>:<num> +<num>]",residual_island
25,window_260,6476,6500,25,0,3,22,0.0,0.12,0.88,21,0,4,0.9545,0.0,1.0,"""<num>.<num>.<num>.<num> - - [<num>/Dec/<num>:<num>:<num>:<num> +<num>]",residual_island
25,window_261,6501,6525,25,0,4,21,0.0,0.16,0.84,21,0,3,1.0,0.0,1.0,"""<num>.<num>.<num>.<num> - - [<num>/Dec/<num>:<num>:<num>:<num> +<num>]",residual_island
25,window_262,6526,6550,25,0,7,18,0.0,0.28,0.72,17,0,8,0.9444,0.0,1.0,"""<num>.<num>.<num>.<num> - - [<num>/Dec/<num>:<num>:<num>:<num> +<num>]",residual_island
25,window_263,6551,6575,25,0,1,24,0.0,0.04,0.96,24,0,1,1.0,0.0,1.0,"""<num>.<num>.<num>.<num> - - [<num>/Dec/<num>:<num>:<num>:<num> +<num>]",residual_island
25,window_264,6576,6600,25,0,0,25,0.0,0.0,1.0,25,0,0,1.0,0.0,1.0,"""<num>.<num>.<num>.<num> - - [<num>/Dec/<num>:<num>:<num>:<num> +<num>]",residual_island
25,window_265,6601,6625,25,0,3,22,0.0,0.12,0.88,22,0,4,1.0,0.0,1.0,"""<num>.<num>.<num>.<num> - - [<num>/Dec/<num>:<num>:<num>:<num> +<num>]",residual_island
25,window_266,6626,6650,25,0,5,20,0.0,0.2,0.8,20,0,6,1.0,0.0,1.0,"""<num>.<num>.<num>.<num> - - [<num>/Dec/<num>:<num>:<num>:<num> +<num>]",residual_island
25,window_267,6651,6675,25,0,0,25,0.0,0.0,1.0,25,0,0,1.0,0.0,1.0,"""<num>.<num>.<num>.<num> - - [<num>/Dec/<num>:<num>:<num>:<num> +<num>]",residual_island
25,window_268,6676,6700,25,0,8,17,0.0,0.32,0.68,15,0,9,0.8824,0.0,1.0,"""<num>.<num>.<num>.<num> - - [<num>/Dec/<num>:<num>:<num>:<num> +<num>]",residual_island
25,window_269,6701,6725,25,0,4,21,0.0,0.16,0.84,21,0,4,1.0,0.0,1.0,"""<num>.<num>.<num>.<num> - - [<num>/Dec/<num>:<num>:<num>:<num> +<num>]",residual_island
25,window_270,6726,6750,25,0,7,18,0.0,0.28,0.72,18,0,5,1.0,0.0,1.0,"""<num>.<num>.<num>.<num> - - [<num>/Dec/<num>:<num>:<num>:<num> +<num>]",residual_island
25,window_271,6751,6775,25,0,2,23,0.0,0.08,0.92,22,0,3,0.9565,0.0,1.0,"""<num>.<num>.<num>.<num> - - [<num>/Dec/<num>:<num>:<num>:<num> +<num>]",residual_island
25,window_272,6776,6800,25,0,3,22,0.0,0.12,0.88,22,0,4,1.0,0.0,1.0,"""<num>.<num>.<num>.<num> - - [<num>/Dec/<num>:<num>:<num>:<num> +<num>]",residual_island
25,window_273,6801,6825,25,0,0,25,0.0,0.0,1.0,25,0,0,1.0,0.0,1.0,"""<num>.<num>.<num>.<num> - - [<num>/Dec/<num>:<num>:<num>:<num> +<num>]",residual_island
25,window_274,6826,6850,25,0,3,22,0.0,0.12,0.88,22,0,4,1.0,0.0,1.0,"""<num>.<num>.<num>.<num> - - [<num>/Dec/<num>:<num>:<num>:<num> +<num>]",residual_island
25,window_275,6851,6875,25,0,0,25,0.0,0.0,1.0,25,0,0,1.0,0.0,1.0,"""<num>.<num>.<num>.<num> - - [<num>/Dec/<num>:<num>:<num>:<num> +<num>]",residual_island
25,window_276,6876,6900,25,0,1,24,0.0,0.04,0.96,24,0,1,1.0,0.0,1.0,"""<num>.<num>.<num>.<num> - - [<num>/Dec/<num>:<num>:<num>:<num> +<num>]",residual_island
25,window_277,6901,6925,25,1,2,22,0.04,0.08,0.88,21,2,4,0.9545,0.0909,1.0,"""<num>.<num>.<num>.<num> - - [<num>/Dec/<num>:<num>:<num>:<num> +<num>]",residual_island
25,window_278,6926,6950,25,10,1,14,0.4,0.04,0.56,14,1,2,1.0,0.0714,1.0,"""<num>.<num>.<num>.<num> - - [<num>/Dec/<num>:<num>:<num>:<num> +<num>]",residual_island
25,window_279,6951,6975,25,18,1,6,0.72,0.04,0.24,5,2,2,0.8333,0.3333,1.0,"""<num>.<num>.<num>.<num> - - [<num>/Dec/<num>:<num>:<num>:<num> +<num>]",partial_residual_cluster
25,window_280,6976,7000,25,17,0,8,0.68,0.0,0.32,8,6,0,1.0,0.75,1.0,"""<num>.<num>.<num>.<num> - - [<num>/Dec/<num>:<num>:<num>:<num> +<num>]",stable_attached_residual
25,window_281,7001,7025,25,16,0,9,0.64,0.0,0.36,9,7,0,1.0,0.7778,1.0,"""<num>.<num>.<num>.<num> - - [<num>/Dec/<num>:<num>:<num>:<num> +<num>]",stable_attached_residual
25,window_282,7026,7050,25,18,0,7,0.72,0.0,0.28,6,6,0,0.8571,0.8571,1.0,"""<num>.<num>.<num>.<num> - - [<num>/Dec/<num>:<num>:<num>:<num> +<num>]",stable_attached_residual
25,window_283,7051,7075,25,22,0,3,0.88,0.0,0.12,2,3,0,0.6667,1.0,1.0,"""<num>.<num>.<num>.<num> - - [<num>/Dec/<num>:<num>:<num>:<num> +<num>]",stable_attached_residual
25,window_284,7076,7100,25,23,0,2,0.92,0.0,0.08,0,2,0,0.0,1.0,1.0,"""<num>.<num>.<num>.<num> - - [<num>/Dec/<num>:<num>:<num>:<num> +<num>]",stable_attached_residual
25,window_285,7101,7125,25,22,0,3,0.88,0.0,0.12,0,3,0,0.0,1.0,1.0,"""<num>.<num>.<num>.<num> - - [<num>/Dec/<num>:<num>:<num>:<num> +<num>]",stable_attached_residual
25,window_286,7126,7150,25,23,0,2,0.92,0.0,0.08,0,2,0,0.0,1.0,1.0,"""<num>.<num>.<num>.<num> - - [<num>/Dec/<num>:<num>:<num>:<num> +<num>]",stable_attached_residual
25,window_287,7151,7175,25,21,2,2,0.84,0.08,0.08,0,2,0,0.0,1.0,1.0,"""<num>.<num>.<num>.<num> - - [<num>/Dec/<num>:<num>:<num>:<num> +<num>]",stable_attached_residual
25,window_288,7176,7200,25,23,0,2,0.92,0.0,0.08,0,2,0,0.0,1.0,1.0,"""<num>.<num>.<num>.<num> - - [<num>/Dec/<num>:<num>:<num>:<num> +<num>]",stable_attached_residual
25,window_289,7201,7225,25,19,2,4,0.76,0.08,0.16,0,4,1,0.0,1.0,1.0,"""<num>.<num>.<num>.<num> - - [<num>/Dec/<num>:<num>:<num>:<num> +<num>]",stable_attached_residual
25,window_290,7226,7250,25,19,5,1,0.76,0.2,0.04,0,1,1,0.0,1.0,1.0,"""<num>.<num>.<num>.<num> - - [<num>/Dec/<num>:<num>:<num>:<num> +<num>]",stable_attached_residual
25,window_291,7251,7275,25,0,1,24,0.0,0.04,0.96,24,1,2,1.0,0.0417,1.0,"""<num>.<num>.<num>.<num> - - [<num>/Dec/<num>:<num>:<num>:<num> +<num>]",residual_island
25,window_292,7276,7300,25,11,2,12,0.44,0.08,0.48,11,2,2,0.9167,0.1667,1.0,"""<num>.<num>.<num>.<num> - - [<num>/Dec/<num>:<num>:<num>:<num> +<num>]",residual_island
25,window_293,7301,7314,14,12,0,2,0.8571,0.0,0.1429,0,2,0,0.0,1.0,1.0,"""<num>.<num>.<num>.<num> - - [<num>/Dec/<num>:<num>:<num>:<num> +<num>]",stable_attached_residual
40,window_001,1,40,40,0,38,2,0.0,0.95,0.05,0,0,2,0.0,0.0,1.0,"""<num>.<num>.<num>.<num> - - [<num>/Dec/<num>:<num>:<num>:<num> +<num>]",diffuse_residual
40,window_002,41,80,40,0,40,0,0.0,1.0,0.0,0,0,0,0.0,0.0,0.0,,no_residual
40,window_003,81,120,40,0,40,0,0.0,1.0,0.0,0,0,0,0.0,0.0,0.0,,no_residual
40,window_004,121,160,40,0,40,0,0.0,1.0,0.0,0,0,0,0.0,0.0,0.0,,no_residual
40,window_005,161,200,40,0,40,0,0.0,1.0,0.0,0,0,0,0.0,0.0,0.0,,no_residual
40,window_006,201,240,40,0,15,25,0.0,0.375,0.625,20,0,8,0.8,0.0,1.0,"""<num>.<num>.<num>.<num> - - [<num>/Dec/<num>:<num>:<num>:<num> +<num>]",residual_island
40,window_007,241,280,40,0,1,39,0.0,0.025,0.975,39,0,1,1.0,0.0,1.0,"""<num>.<num>.<num>.<num> - - [<num>/Dec/<num>:<num>:<num>:<num> +<num>]",residual_island
40,window_008,281,320,40,0,9,31,0.0,0.225,0.775,27,0,7,0.871,0.0,1.0,"""<num>.<num>.<num>.<num> - - [<num>/Dec/<num>:<num>:<num>:<num> +<num>]",residual_island
40,window_009,321,360,40,0,0,40,0.0,0.0,1.0,40,0,0,1.0,0.0,1.0,"""<num>.<num>.<num>.<num> - - [<num>/Dec/<num>:<num>:<num>:<num> +<num>]",residual_island
40,window_010,361,400,40,0,0,40,0.0,0.0,1.0,40,0,0,1.0,0.0,1.0,"""<num>.<num>.<num>.<num> - - [<num>/Dec/<num>:<num>:<num>:<num> +<num>]",residual_island
40,window_011,401,440,40,0,0,40,0.0,0.0,1.0,40,0,0,1.0,0.0,1.0,"""<num>.<num>.<num>.<num> - - [<num>/Dec/<num>:<num>:<num>:<num> +<num>]",residual_island
40,window_012,441,480,40,0,0,40,0.0,0.0,1.0,40,0,0,1.0,0.0,1.0,"""<num>.<num>.<num>.<num> - - [<num>/Dec/<num>:<num>:<num>:<num> +<num>]",residual_island
40,window_013,481,520,40,0,0,40,0.0,0.0,1.0,40,0,0,1.0,0.0,1.0,"""<num>.<num>.<num>.<num> - - [<num>/Dec/<num>:<num>:<num>:<num> +<num>]",residual_island
40,window_014,521,560,40,0,0,40,0.0,0.0,1.0,40,0,0,1.0,0.0,1.0,"""<num>.<num>.<num>.<num> - - [<num>/Dec/<num>:<num>:<num>:<num> +<num>]",residual_island
40,window_015,561,600,40,0,4,36,0.0,0.1,0.9,36,0,2,1.0,0.0,1.0,"""<num>.<num>.<num>.<num> - - [<num>/Dec/<num>:<num>:<num>:<num> +<num>]",residual_island
40,window_016,601,640,40,0,0,40,0.0,0.0,1.0,40,0,0,1.0,0.0,1.0,"""<num>.<num>.<num>.<num> - - [<num>/Dec/<num>:<num>:<num>:<num> +<num>]",residual_island
40,window_017,641,680,40,0,0,40,0.0,0.0,1.0,40,0,0,1.0,0.0,1.0,"""<num>.<num>.<num>.<num> - - [<num>/Dec/<num>:<num>:<num>:<num> +<num>]",residual_island
40,window_018,681,720,40,0,0,40,0.0,0.0,1.0,40,0,0,1.0,0.0,1.0,"""<num>.<num>.<num>.<num> - - [<num>/Dec/<num>:<num>:<num>:<num> +<num>]",residual_island
40,window_019,721,760,40,0,0,40,0.0,0.0,1.0,40,0,0,1.0,0.0,1.0,"""<num>.<num>.<num>.<num> - - [<num>/Dec/<num>:<num>:<num>:<num> +<num>]",residual_island
40,window_020,761,800,40,0,0,40,0.0,0.0,1.0,40,0,0,1.0,0.0,1.0,"""<num>.<num>.<num>.<num> - - [<num>/Dec/<num>:<num>:<num>:<num> +<num>]",residual_island
40,window_021,801,840,40,0,0,40,0.0,0.0,1.0,40,0,0,1.0,0.0,1.0,"""<num>.<num>.<num>.<num> - - [<num>/Dec/<num>:<num>:<num>:<num> +<num>]",residual_island
40,window_022,841,880,40,0,0,40,0.0,0.0,1.0,40,0,0,1.0,0.0,1.0,"""<num>.<num>.<num>.<num> - - [<num>/Dec/<num>:<num>:<num>:<num> +<num>]",residual_island
40,window_023,881,920,40,0,0,40,0.0,0.0,1.0,40,0,0,1.0,0.0,1.0,"""<num>.<num>.<num>.<num> - - [<num>/Dec/<num>:<num>:<num>:<num> +<num>]",residual_island
40,window_024,921,960,40,1,0,39,0.025,0.0,0.975,39,2,0,1.0,0.0513,1.0,"""<num>.<num>.<num>.<num> - - [<num>/Dec/<num>:<num>:<num>:<num> +<num>]",residual_island
40,window_025,961,1000,40,0,0,40,0.0,0.0,1.0,40,0,0,1.0,0.0,1.0,"""<num>.<num>.<num>.<num> - - [<num>/Dec/<num>:<num>:<num>:<num> +<num>]",residual_island
40,window_026,1001,1040,40,0,0,40,0.0,0.0,1.0,40,0,0,1.0,0.0,1.0,"""<num>.<num>.<num>.<num> - - [<num>/Dec/<num>:<num>:<num>:<num> +<num>]",residual_island
40,window_027,1041,1080,40,0,0,40,0.0,0.0,1.0,40,0,0,1.0,0.0,1.0,"""<num>.<num>.<num>.<num> - - [<num>/Dec/<num>:<num>:<num>:<num> +<num>]",residual_island
40,window_028,1081,1120,40,0,0,40,0.0,0.0,1.0,40,0,0,1.0,0.0,1.0,"""<num>.<num>.<num>.<num> - - [<num>/Dec/<num>:<num>:<num>:<num> +<num>]",residual_island
40,window_029,1121,1160,40,0,0,40,0.0,0.0,1.0,40,0,0,1.0,0.0,1.0,"""<num>.<num>.<num>.<num> - - [<num>/Dec/<num>:<num>:<num>:<num> +<num>]",residual_island
40,window_030,1161,1200,40,0,0,40,0.0,0.0,1.0,40,0,0,1.0,0.0,1.0,"""<num>.<num>.<num>.<num> - - [<num>/Dec/<num>:<num>:<num>:<num> +<num>]",residual_island
40,window_031,1201,1240,40,0,0,40,0.0,0.0,1.0,40,0,0,1.0,0.0,1.0,"""<num>.<num>.<num>.<num> - - [<num>/Dec/<num>:<num>:<num>:<num> +<num>]",residual_island
40,window_032,1241,1280,40,0,0,40,0.0,0.0,1.0,40,0,0,1.0,0.0,1.0,"""<num>.<num>.<num>.<num> - - [<num>/Dec/<num>:<num>:<num>:<num> +<num>]",residual_island
40,window_033,1281,1320,40,0,0,40,0.0,0.0,1.0,40,0,0,1.0,0.0,1.0,"""<num>.<num>.<num>.<num> - - [<num>/Dec/<num>:<num>:<num>:<num> +<num>]",residual_island
40,window_034,1321,1360,40,0,0,40,0.0,0.0,1.0,40,0,0,1.0,0.0,1.0,"""<num>.<num>.<num>.<num> - - [<num>/Dec/<num>:<num>:<num>:<num> +<num>]",residual_island
40,window_035,1361,1400,40,0,0,40,0.0,0.0,1.0,40,0,0,1.0,0.0,1.0,"""<num>.<num>.<num>.<num> - - [<num>/Dec/<num>:<num>:<num>:<num> +<num>]",residual_island
40,window_036,1401,1440,40,0,0,40,0.0,0.0,1.0,40,0,0,1.0,0.0,1.0,"""<num>.<num>.<num>.<num> - - [<num>/Dec/<num>:<num>:<num>:<num> +<num>]",residual_island
40,window_037,1441,1480,40,0,0,40,0.0,0.0,1.0,40,0,0,1.0,0.0,1.0,"""<num>.<num>.<num>.<num> - - [<num>/Dec/<num>:<num>:<num>:<num> +<num>]",residual_island
40,window_038,1481,1520,40,0,0,40,0.0,0.0,1.0,40,0,0,1.0,0.0,1.0,"""<num>.<num>.<num>.<num> - - [<num>/Dec/<num>:<num>:<num>:<num> +<num>]",residual_island
40,window_039,1521,1560,40,0,0,40,0.0,0.0,1.0,40,0,0,1.0,0.0,1.0,"""<num>.<num>.<num>.<num> - - [<num>/Dec/<num>:<num>:<num>:<num> +<num>]",residual_island
40,window_040,1561,1600,40,0,0,40,0.0,0.0,1.0,40,0,0,1.0,0.0,1.0,"""<num>.<num>.<num>.<num> - - [<num>/Dec/<num>:<num>:<num>:<num> +<num>]",residual_island
40,window_041,1601,1640,40,0,0,40,0.0,0.0,1.0,40,0,0,1.0,0.0,1.0,"""<num>.<num>.<num>.<num> - - [<num>/Dec/<num>:<num>:<num>:<num> +<num>]",residual_island
40,window_042,1641,1680,40,0,0,40,0.0,0.0,1.0,40,0,0,1.0,0.0,1.0,"""<num>.<num>.<num>.<num> - - [<num>/Dec/<num>:<num>:<num>:<num> +<num>]",residual_island
40,window_043,1681,1720,40,0,0,40,0.0,0.0,1.0,40,0,0,1.0,0.0,1.0,"""<num>.<num>.<num>.<num> - - [<num>/Dec/<num>:<num>:<num>:<num> +<num>]",residual_island
40,window_044,1721,1760,40,0,3,37,0.0,0.075,0.925,36,0,4,0.973,0.0,1.0,"""<num>.<num>.<num>.<num> - - [<num>/Dec/<num>:<num>:<num>:<num> +<num>]",residual_island
40,window_045,1761,1800,40,0,3,37,0.0,0.075,0.925,37,0,1,1.0,0.0,1.0,"""<num>.<num>.<num>.<num> - - [<num>/Dec/<num>:<num>:<num>:<num> +<num>]",residual_island
40,window_046,1801,1840,40,0,4,36,0.0,0.1,0.9,36,0,4,1.0,0.0,1.0,"""<num>.<num>.<num>.<num> - - [<num>/Dec/<num>:<num>:<num>:<num> +<num>]",residual_island
40,window_047,1841,1880,40,1,3,36,0.025,0.075,0.9,36,1,5,1.0,0.0278,1.0,"""<num>.<num>.<num>.<num> - - [<num>/Dec/<num>:<num>:<num>:<num> +<num>]",residual_island
40,window_048,1881,1920,40,0,0,40,0.0,0.0,1.0,40,0,0,1.0,0.0,1.0,"""<num>.<num>.<num>.<num> - - [<num>/Dec/<num>:<num>:<num>:<num> +<num>]",residual_island
40,window_049,1921,1960,40,0,1,39,0.0,0.025,0.975,39,0,1,1.0,0.0,1.0,"""<num>.<num>.<num>.<num> - - [<num>/Dec/<num>:<num>:<num>:<num> +<num>]",residual_island
40,window_050,1961,2000,40,0,4,36,0.0,0.1,0.9,36,0,5,1.0,0.0,1.0,"""<num>.<num>.<num>.<num> - - [<num>/Dec/<num>:<num>:<num>:<num> +<num>]",residual_island
40,window_051,2001,2040,40,3,4,33,0.075,0.1,0.825,33,0,2,1.0,0.0,1.0,"""<num>.<num>.<num>.<num> - - [<num>/Dec/<num>:<num>:<num>:<num> +<num>]",residual_island
40,window_052,2041,2080,40,0,6,34,0.0,0.15,0.85,34,0,6,1.0,0.0,1.0,"""<num>.<num>.<num>.<num> - - [<num>/Dec/<num>:<num>:<num>:<num> +<num>]",residual_island
40,window_053,2081,2120,40,0,0,40,0.0,0.0,1.0,40,0,0,1.0,0.0,1.0,"""<num>.<num>.<num>.<num> - - [<num>/Dec/<num>:<num>:<num>:<num> +<num>]",residual_island
40,window_054,2121,2160,40,0,4,36,0.0,0.1,0.9,36,0,2,1.0,0.0,1.0,"""<num>.<num>.<num>.<num> - - [<num>/Dec/<num>:<num>:<num>:<num> +<num>]",residual_island
40,window_055,2161,2200,40,0,2,38,0.0,0.05,0.95,38,0,2,1.0,0.0,1.0,"""<num>.<num>.<num>.<num> - - [<num>/Dec/<num>:<num>:<num>:<num> +<num>]",residual_island
40,window_056,2201,2240,40,0,6,34,0.0,0.15,0.85,34,0,4,1.0,0.0,1.0,"""<num>.<num>.<num>.<num> - - [<num>/Dec/<num>:<num>:<num>:<num> +<num>]",residual_island
40,window_057,2241,2280,40,0,6,34,0.0,0.15,0.85,34,0,4,1.0,0.0,1.0,"""<num>.<num>.<num>.<num> - - [<num>/Dec/<num>:<num>:<num>:<num> +<num>]",residual_island
40,window_058,2281,2320,40,0,2,38,0.0,0.05,0.95,38,0,2,1.0,0.0,1.0,"""<num>.<num>.<num>.<num> - - [<num>/Dec/<num>:<num>:<num>:<num> +<num>]",residual_island
40,window_059,2321,2360,40,0,2,38,0.0,0.05,0.95,38,0,2,1.0,0.0,1.0,"""<num>.<num>.<num>.<num> - - [<num>/Dec/<num>:<num>:<num>:<num> +<num>]",residual_island
40,window_060,2361,2400,40,0,11,29,0.0,0.275,0.725,29,0,7,1.0,0.0,1.0,"""<num>.<num>.<num>.<num> - - [<num>/Dec/<num>:<num>:<num>:<num> +<num>]",residual_island
40,window_061,2401,2440,40,0,4,36,0.0,0.1,0.9,36,0,5,1.0,0.0,1.0,"""<num>.<num>.<num>.<num> - - [<num>/Dec/<num>:<num>:<num>:<num> +<num>]",residual_island
40,window_062,2441,2480,40,0,9,31,0.0,0.225,0.775,31,0,7,1.0,0.0,1.0,"""<num>.<num>.<num>.<num> - - [<num>/Dec/<num>:<num>:<num>:<num> +<num>]",residual_island
40,window_063,2481,2520,40,1,6,33,0.025,0.15,0.825,33,0,4,1.0,0.0,1.0,"""<num>.<num>.<num>.<num> - - [<num>/Dec/<num>:<num>:<num>:<num> +<num>]",residual_island
40,window_064,2521,2560,40,0,4,36,0.0,0.1,0.9,36,0,3,1.0,0.0,1.0,"""<num>.<num>.<num>.<num> - - [<num>/Dec/<num>:<num>:<num>:<num> +<num>]",residual_island
40,window_065,2561,2600,40,0,19,21,0.0,0.475,0.525,20,0,8,0.9524,0.0,1.0,"""<num>.<num>.<num>.<num> - - [<num>/Dec/<num>:<num>:<num>:<num> +<num>]",residual_island
40,window_066,2601,2640,40,0,13,27,0.0,0.325,0.675,27,0,7,1.0,0.0,1.0,"""<num>.<num>.<num>.<num> - - [<num>/Dec/<num>:<num>:<num>:<num> +<num>]",residual_island
40,window_067,2641,2680,40,0,8,32,0.0,0.2,0.8,32,0,5,1.0,0.0,1.0,"""<num>.<num>.<num>.<num> - - [<num>/Dec/<num>:<num>:<num>:<num> +<num>]",residual_island
40,window_068,2681,2720,40,0,7,33,0.0,0.175,0.825,33,0,3,1.0,0.0,1.0,"""<num>.<num>.<num>.<num> - - [<num>/Dec/<num>:<num>:<num>:<num> +<num>]",residual_island
40,window_069,2721,2760,40,0,13,27,0.0,0.325,0.675,27,0,10,1.0,0.0,1.0,"""<num>.<num>.<num>.<num> - - [<num>/Dec/<num>:<num>:<num>:<num> +<num>]",residual_island
40,window_070,2761,2800,40,0,13,27,0.0,0.325,0.675,27,0,6,1.0,0.0,1.0,"""<num>.<num>.<num>.<num> - - [<num>/Dec/<num>:<num>:<num>:<num> +<num>]",residual_island
40,window_071,2801,2840,40,0,6,34,0.0,0.15,0.85,34,0,4,1.0,0.0,1.0,"""<num>.<num>.<num>.<num> - - [<num>/Dec/<num>:<num>:<num>:<num> +<num>]",residual_island
40,window_072,2841,2880,40,0,0,40,0.0,0.0,1.0,40,0,0,1.0,0.0,1.0,"""<num>.<num>.<num>.<num> - - [<num>/Dec/<num>:<num>:<num>:<num> +<num>]",residual_island
40,window_073,2881,2920,40,0,1,39,0.0,0.025,0.975,39,0,2,1.0,0.0,1.0,"""<num>.<num>.<num>.<num> - - [<num>/Dec/<num>:<num>:<num>:<num> +<num>]",residual_island
40,window_074,2921,2960,40,0,0,40,0.0,0.0,1.0,40,0,0,1.0,0.0,1.0,"""<num>.<num>.<num>.<num> - - [<num>/Dec/<num>:<num>:<num>:<num> +<num>]",residual_island
40,window_075,2961,3000,40,0,6,34,0.0,0.15,0.85,34,0,6,1.0,0.0,1.0,"""<num>.<num>.<num>.<num> - - [<num>/Dec/<num>:<num>:<num>:<num> +<num>]",residual_island
40,window_076,3001,3040,40,0,4,36,0.0,0.1,0.9,36,0,2,1.0,0.0,1.0,"""<num>.<num>.<num>.<num> - - [<num>/Dec/<num>:<num>:<num>:<num> +<num>]",residual_island
40,window_077,3041,3080,40,0,4,36,0.0,0.1,0.9,36,0,2,1.0,0.0,1.0,"""<num>.<num>.<num>.<num> - - [<num>/Dec/<num>:<num>:<num>:<num> +<num>]",residual_island
40,window_078,3081,3120,40,0,6,34,0.0,0.15,0.85,34,0,4,1.0,0.0,1.0,"""<num>.<num>.<num>.<num> - - [<num>/Dec/<num>:<num>:<num>:<num> +<num>]",residual_island
40,window_079,3121,3160,40,0,6,34,0.0,0.15,0.85,34,0,5,1.0,0.0,1.0,"""<num>.<num>.<num>.<num> - - [<num>/Dec/<num>:<num>:<num>:<num> +<num>]",residual_island
40,window_080,3161,3200,40,0,2,38,0.0,0.05,0.95,38,0,3,1.0,0.0,1.0,"""<num>.<num>.<num>.<num> - - [<num>/Dec/<num>:<num>:<num>:<num> +<num>]",residual_island
40,window_081,3201,3240,40,0,6,34,0.0,0.15,0.85,34,0,4,1.0,0.0,1.0,"""<num>.<num>.<num>.<num> - - [<num>/Dec/<num>:<num>:<num>:<num> +<num>]",residual_island
40,window_082,3241,3280,40,0,2,38,0.0,0.05,0.95,38,0,4,1.0,0.0,1.0,"""<num>.<num>.<num>.<num> - - [<num>/Dec/<num>:<num>:<num>:<num> +<num>]",residual_island
40,window_083,3281,3320,40,0,2,38,0.0,0.05,0.95,38,0,2,1.0,0.0,1.0,"""<num>.<num>.<num>.<num> - - [<num>/Dec/<num>:<num>:<num>:<num> +<num>]",residual_island
40,window_084,3321,3360,40,0,5,35,0.0,0.125,0.875,35,0,4,1.0,0.0,1.0,"""<num>.<num>.<num>.<num> - - [<num>/Dec/<num>:<num>:<num>:<num> +<num>]",residual_island
40,window_085,3361,3400,40,0,5,35,0.0,0.125,0.875,35,0,8,1.0,0.0,1.0,"""<num>.<num>.<num>.<num> - - [<num>/Dec/<num>:<num>:<num>:<num> +<num>]",residual_island
40,window_086,3401,3440,40,2,2,36,0.05,0.05,0.9,36,1,2,1.0,0.0278,1.0,"""<num>.<num>.<num>.<num> - - [<num>/Dec/<num>:<num>:<num>:<num> +<num>]",residual_island
40,window_087,3441,3480,40,28,0,12,0.7,0.0,0.3,12,2,0,1.0,0.1667,1.0,"""<num>.<num>.<num>.<num> - - [<num>/Dec/<num>:<num>:<num>:<num> +<num>]",residual_island
40,window_088,3481,3520,40,40,0,0,1.0,0.0,0.0,0,0,0,0.0,0.0,0.0,,no_residual
40,window_089,3521,3560,40,38,0,2,0.95,0.0,0.05,2,1,0,1.0,0.5,1.0,"""<num>.<num>.<num>.<num> - - [<num>/Dec/<num>:<num>:<num>:<num> +<num>]",stable_attached_residual
40,window_090,3561,3600,40,38,0,2,0.95,0.0,0.05,2,1,0,1.0,0.5,1.0,"""<num>.<num>.<num>.<num> - - [<num>/Dec/<num>:<num>:<num>:<num> +<num>]",stable_attached_residual
40,window_091,3601,3640,40,40,0,0,1.0,0.0,0.0,0,0,0,0.0,0.0,0.0,,no_residual
40,window_092,3641,3680,40,37,0,3,0.925,0.0,0.075,3,2,0,1.0,0.6667,1.0,"""<num>.<num>.<num>.<num> - - [<num>/Dec/<num>:<num>:<num>:<num> +<num>]",stable_attached_residual
40,window_093,3681,3720,40,39,0,1,0.975,0.0,0.025,0,1,0,0.0,1.0,1.0,"""<num>.<num>.<num>.<num> - - [<num>/Dec/<num>:<num>:<num>:<num> +<num>]",stable_attached_residual
40,window_094,3721,3760,40,39,0,1,0.975,0.0,0.025,0,1,0,0.0,1.0,1.0,"""<num>.<num>.<num>.<num> - - [<num>/Dec/<num>:<num>:<num>:<num> +<num>]",stable_attached_residual
40,window_095,3761,3800,40,40,0,0,1.0,0.0,0.0,0,0,0,0.0,0.0,0.0,,no_residual
40,window_096,3801,3840,40,37,0,3,0.925,0.0,0.075,3,2,0,1.0,0.6667,1.0,"""<num>.<num>.<num>.<num> - - [<num>/Dec/<num>:<num>:<num>:<num> +<num>]",stable_attached_residual
40,window_097,3841,3880,40,40,0,0,1.0,0.0,0.0,0,0,0,0.0,0.0,0.0,,no_residual
40,window_098,3881,3920,40,39,0,1,0.975,0.0,0.025,0,1,0,0.0,1.0,1.0,"""<num>.<num>.<num>.<num> - - [<num>/Dec/<num>:<num>:<num>:<num> +<num>]",stable_attached_residual
40,window_099,3921,3960,40,38,1,1,0.95,0.025,0.025,0,1,0,0.0,1.0,1.0,"""<num>.<num>.<num>.<num> - - [<num>/Dec/<num>:<num>:<num>:<num> +<num>]",stable_attached_residual
40,window_100,3961,4000,40,35,5,0,0.875,0.125,0.0,0,0,0,0.0,0.0,0.0,,no_residual
40,window_101,4001,4040,40,40,0,0,1.0,0.0,0.0,0,0,0,0.0,0.0,0.0,,no_residual
40,window_102,4041,4080,40,30,10,0,0.75,0.25,0.0,0,0,0,0.0,0.0,0.0,,no_residual
40,window_103,4081,4120,40,26,5,9,0.65,0.125,0.225,8,2,4,0.8889,0.2222,1.0,"""<num>.<num>.<num>.<num> - - [<num>/Dec/<num>:<num>:<num>:<num> +<num>]",residual_island
40,window_104,4121,4160,40,38,2,0,0.95,0.05,0.0,0,0,0,0.0,0.0,0.0,,no_residual
40,window_105,4161,4200,40,37,2,1,0.925,0.05,0.025,0,0,1,0.0,0.0,1.0,"""<num>.<num>.<num>.<num> - - [<num>/Dec/<num>:<num>:<num>:<num> +<num>]",diffuse_residual
40,window_106,4201,4240,40,40,0,0,1.0,0.0,0.0,0,0,0,0.0,0.0,0.0,,no_residual
40,window_107,4241,4280,40,19,2,19,0.475,0.05,0.475,19,1,3,1.0,0.0526,1.0,"""<num>.<num>.<num>.<num> - - [<num>/Dec/<num>:<num>:<num>:<num> +<num>]",residual_island
40,window_108,4281,4320,40,25,2,13,0.625,0.05,0.325,13,1,3,1.0,0.0769,1.0,"""<num>.<num>.<num>.<num> - - [<num>/Dec/<num>:<num>:<num>:<num> +<num>]",residual_island
40,window_109,4321,4360,40,32,1,7,0.8,0.025,0.175,7,1,1,1.0,0.1429,1.0,"""<num>.<num>.<num>.<num> - - [<num>/Dec/<num>:<num>:<num>:<num> +<num>]",residual_island
40,window_110,4361,4400,40,18,1,21,0.45,0.025,0.525,21,2,2,1.0,0.0952,1.0,"""<num>.<num>.<num>.<num> - - [<num>/Dec/<num>:<num>:<num>:<num> +<num>]",residual_island
40,window_111,4401,4440,40,24,3,13,0.6,0.075,0.325,13,2,6,1.0,0.1538,1.0,"""<num>.<num>.<num>.<num> - - [<num>/Dec/<num>:<num>:<num>:<num> +<num>]",residual_island
40,window_112,4441,4480,40,40,0,0,1.0,0.0,0.0,0,0,0,0.0,0.0,0.0,,no_residual
40,window_113,4481,4520,40,20,2,18,0.5,0.05,0.45,18,2,2,1.0,0.1111,1.0,"""<num>.<num>.<num>.<num> - - [<num>/Dec/<num>:<num>:<num>:<num> +<num>]",residual_island
40,window_114,4521,4560,40,23,0,17,0.575,0.0,0.425,17,1,0,1.0,0.0588,1.0,"""<num>.<num>.<num>.<num> - - [<num>/Dec/<num>:<num>:<num>:<num> +<num>]",residual_island
40,window_115,4561,4600,40,36,0,4,0.9,0.0,0.1,4,1,0,1.0,0.25,1.0,"""<num>.<num>.<num>.<num> - - [<num>/Dec/<num>:<num>:<num>:<num> +<num>]",partial_residual_cluster
40,window_116,4601,4640,40,13,2,25,0.325,0.05,0.625,25,2,2,1.0,0.08,1.0,"""<num>.<num>.<num>.<num> - - [<num>/Dec/<num>:<num>:<num>:<num> +<num>]",residual_island
40,window_117,4641,4680,40,38,0,2,0.95,0.0,0.05,2,1,0,1.0,0.5,1.0,"""<num>.<num>.<num>.<num> - - [<num>/Dec/<num>:<num>:<num>:<num> +<num>]",stable_attached_residual
40,window_118,4681,4720,40,11,0,29,0.275,0.0,0.725,29,1,0,1.0,0.0345,1.0,"""<num>.<num>.<num>.<num> - - [<num>/Dec/<num>:<num>:<num>:<num> +<num>]",residual_island
40,window_119,4721,4760,40,29,2,9,0.725,0.05,0.225,9,1,1,1.0,0.1111,1.0,"""<num>.<num>.<num>.<num> - - [<num>/Dec/<num>:<num>:<num>:<num> +<num>]",residual_island
40,window_120,4761,4800,40,15,2,23,0.375,0.05,0.575,23,1,3,1.0,0.0435,1.0,"""<num>.<num>.<num>.<num> - - [<num>/Dec/<num>:<num>:<num>:<num> +<num>]",residual_island
40,window_121,4801,4840,40,24,3,13,0.6,0.075,0.325,13,2,3,1.0,0.1538,1.0,"""<num>.<num>.<num>.<num> - - [<num>/Dec/<num>:<num>:<num>:<num> +<num>]",residual_island
40,window_122,4841,4880,40,26,2,12,0.65,0.05,0.3,12,1,1,1.0,0.0833,1.0,"""<num>.<num>.<num>.<num> - - [<num>/Dec/<num>:<num>:<num>:<num> +<num>]",residual_island
40,window_123,4881,4920,40,9,5,26,0.225,0.125,0.65,25,1,3,0.9615,0.0385,1.0,"""<num>.<num>.<num>.<num> - - [<num>/Dec/<num>:<num>:<num>:<num> +<num>]",residual_island
40,window_124,4921,4960,40,21,0,19,0.525,0.0,0.475,19,3,0,1.0,0.1579,1.0,"""<num>.<num>.<num>.<num> - - [<num>/Dec/<num>:<num>:<num>:<num> +<num>]",residual_island
40,window_125,4961,5000,40,10,2,28,0.25,0.05,0.7,28,1,2,1.0,0.0357,1.0,"""<num>.<num>.<num>.<num> - - [<num>/Dec/<num>:<num>:<num>:<num> +<num>]",residual_island
40,window_126,5001,5040,40,10,5,25,0.25,0.125,0.625,25,2,6,1.0,0.08,1.0,"""<num>.<num>.<num>.<num> - - [<num>/Dec/<num>:<num>:<num>:<num> +<num>]",residual_island
40,window_127,5041,5080,40,12,6,22,0.3,0.15,0.55,19,0,6,0.8636,0.0,1.0,"""<num>.<num>.<num>.<num> - - [<num>/Dec/<num>:<num>:<num>:<num> +<num>]",residual_island
40,window_128,5081,5120,40,22,4,14,0.55,0.1,0.35,13,2,4,0.9286,0.1429,1.0,"""<num>.<num>.<num>.<num> - - [<num>/Dec/<num>:<num>:<num>:<num> +<num>]",residual_island
40,window_129,5121,5160,40,19,3,18,0.475,0.075,0.45,18,1,3,1.0,0.0556,1.0,"""<num>.<num>.<num>.<num> - - [<num>/Dec/<num>:<num>:<num>:<num> +<num>]",residual_island
40,window_130,5161,5200,40,17,2,21,0.425,0.05,0.525,21,1,4,1.0,0.0476,1.0,"""<num>.<num>.<num>.<num> - - [<num>/Dec/<num>:<num>:<num>:<num> +<num>]",residual_island
40,window_131,5201,5240,40,14,0,26,0.35,0.0,0.65,26,2,0,1.0,0.0769,1.0,"""<num>.<num>.<num>.<num> - - [<num>/Dec/<num>:<num>:<num>:<num> +<num>]",residual_island
40,window_132,5241,5280,40,10,3,27,0.25,0.075,0.675,27,2,4,1.0,0.0741,1.0,"""<num>.<num>.<num>.<num> - - [<num>/Dec/<num>:<num>:<num>:<num> +<num>]",residual_island
40,window_133,5281,5320,40,7,1,32,0.175,0.025,0.8,31,1,2,0.9688,0.0312,1.0,"""<num>.<num>.<num>.<num> - - [<num>/Dec/<num>:<num>:<num>:<num> +<num>]",residual_island
40,window_134,5321,5360,40,20,0,20,0.5,0.0,0.5,20,2,0,1.0,0.1,1.0,"""<num>.<num>.<num>.<num> - - [<num>/Dec/<num>:<num>:<num>:<num> +<num>]",residual_island
40,window_135,5361,5400,40,31,0,9,0.775,0.0,0.225,9,2,0,1.0,0.2222,1.0,"""<num>.<num>.<num>.<num> - - [<num>/Dec/<num>:<num>:<num>:<num> +<num>]",residual_island
40,window_136,5401,5440,40,36,0,4,0.9,0.0,0.1,4,2,0,1.0,0.5,1.0,"""<num>.<num>.<num>.<num> - - [<num>/Dec/<num>:<num>:<num>:<num> +<num>]",stable_attached_residual
40,window_137,5441,5480,40,40,0,0,1.0,0.0,0.0,0,0,0,0.0,0.0,0.0,,no_residual
40,window_138,5481,5520,40,38,0,2,0.95,0.0,0.05,2,2,0,1.0,1.0,1.0,"""<num>.<num>.<num>.<num> - - [<num>/Dec/<num>:<num>:<num>:<num> +<num>]",stable_attached_residual
40,window_139,5521,5560,40,39,0,1,0.975,0.0,0.025,0,1,0,0.0,1.0,1.0,"""<num>.<num>.<num>.<num> - - [<num>/Dec/<num>:<num>:<num>:<num> +<num>]",stable_attached_residual
40,window_140,5561,5600,40,25,4,11,0.625,0.1,0.275,10,2,4,0.9091,0.1818,1.0,"""<num>.<num>.<num>.<num> - - [<num>/Dec/<num>:<num>:<num>:<num> +<num>]",residual_island
40,window_141,5601,5640,40,31,3,6,0.775,0.075,0.15,6,1,3,1.0,0.1667,1.0,"""<num>.<num>.<num>.<num> - - [<num>/Dec/<num>:<num>:<num>:<num> +<num>]",residual_island
40,window_142,5641,5680,40,22,3,15,0.55,0.075,0.375,14,1,4,0.9333,0.0667,1.0,"""<num>.<num>.<num>.<num> - - [<num>/Dec/<num>:<num>:<num>:<num> +<num>]",residual_island
40,window_143,5681,5720,40,10,5,25,0.25,0.125,0.625,25,0,5,1.0,0.0,1.0,"""<num>.<num>.<num>.<num> - - [<num>/Dec/<num>:<num>:<num>:<num> +<num>]",residual_island
40,window_144,5721,5760,40,30,1,9,0.75,0.025,0.225,9,2,2,1.0,0.2222,1.0,"""<num>.<num>.<num>.<num> - - [<num>/Dec/<num>:<num>:<num>:<num> +<num>]",residual_island
40,window_145,5761,5800,40,15,3,22,0.375,0.075,0.55,22,1,4,1.0,0.0455,1.0,"""<num>.<num>.<num>.<num> - - [<num>/Dec/<num>:<num>:<num>:<num> +<num>]",residual_island
40,window_146,5801,5840,40,15,1,24,0.375,0.025,0.6,24,1,1,1.0,0.0417,1.0,"""<num>.<num>.<num>.<num> - - [<num>/Dec/<num>:<num>:<num>:<num> +<num>]",residual_island
40,window_147,5841,5880,40,12,2,26,0.3,0.05,0.65,25,4,2,0.9615,0.1538,1.0,"""<num>.<num>.<num>.<num> - - [<num>/Dec/<num>:<num>:<num>:<num> +<num>]",residual_island
40,window_148,5881,5920,40,12,0,28,0.3,0.0,0.7,28,3,0,1.0,0.1071,1.0,"""<num>.<num>.<num>.<num> - - [<num>/Dec/<num>:<num>:<num>:<num> +<num>]",residual_island
40,window_149,5921,5960,40,6,2,32,0.15,0.05,0.8,32,1,2,1.0,0.0312,1.0,"""<num>.<num>.<num>.<num> - - [<num>/Dec/<num>:<num>:<num>:<num> +<num>]",residual_island
40,window_150,5961,6000,40,13,8,19,0.325,0.2,0.475,17,1,8,0.8947,0.0526,1.0,"""<num>.<num>.<num>.<num> - - [<num>/Dec/<num>:<num>:<num>:<num> +<num>]",residual_island
40,window_151,6001,6040,40,8,1,31,0.2,0.025,0.775,31,1,2,1.0,0.0323,1.0,"""<num>.<num>.<num>.<num> - - [<num>/Dec/<num>:<num>:<num>:<num> +<num>]",residual_island
40,window_152,6041,6080,40,3,4,33,0.075,0.1,0.825,33,2,5,1.0,0.0606,1.0,"""<num>.<num>.<num>.<num> - - [<num>/Dec/<num>:<num>:<num>:<num> +<num>]",residual_island
40,window_153,6081,6120,40,2,7,31,0.05,0.175,0.775,29,1,7,0.9355,0.0323,1.0,"""<num>.<num>.<num>.<num> - - [<num>/Dec/<num>:<num>:<num>:<num> +<num>]",residual_island
40,window_154,6121,6160,40,2,7,31,0.05,0.175,0.775,29,1,5,0.9355,0.0323,1.0,"""<num>.<num>.<num>.<num> - - [<num>/Dec/<num>:<num>:<num>:<num> +<num>]",residual_island
40,window_155,6161,6200,40,4,3,33,0.1,0.075,0.825,33,1,4,1.0,0.0303,1.0,"""<num>.<num>.<num>.<num> - - [<num>/Dec/<num>:<num>:<num>:<num> +<num>]",residual_island
40,window_156,6201,6240,40,5,1,34,0.125,0.025,0.85,34,2,2,1.0,0.0588,1.0,"""<num>.<num>.<num>.<num> - - [<num>/Dec/<num>:<num>:<num>:<num> +<num>]",residual_island
40,window_157,6241,6280,40,0,3,37,0.0,0.075,0.925,37,0,4,1.0,0.0,1.0,"""<num>.<num>.<num>.<num> - - [<num>/Dec/<num>:<num>:<num>:<num> +<num>]",residual_island
40,window_158,6281,6320,40,0,4,36,0.0,0.1,0.9,36,0,2,1.0,0.0,1.0,"""<num>.<num>.<num>.<num> - - [<num>/Dec/<num>:<num>:<num>:<num> +<num>]",residual_island
40,window_159,6321,6360,40,0,3,37,0.0,0.075,0.925,37,0,4,1.0,0.0,1.0,"""<num>.<num>.<num>.<num> - - [<num>/Dec/<num>:<num>:<num>:<num> +<num>]",residual_island
40,window_160,6361,6400,40,0,3,37,0.0,0.075,0.925,37,0,4,1.0,0.0,1.0,"""<num>.<num>.<num>.<num> - - [<num>/Dec/<num>:<num>:<num>:<num> +<num>]",residual_island
40,window_161,6401,6440,40,0,9,31,0.0,0.225,0.775,30,0,11,0.9677,0.0,1.0,"""<num>.<num>.<num>.<num> - - [<num>/Dec/<num>:<num>:<num>:<num> +<num>]",residual_island
40,window_162,6441,6480,40,0,4,36,0.0,0.1,0.9,36,0,6,1.0,0.0,1.0,"""<num>.<num>.<num>.<num> - - [<num>/Dec/<num>:<num>:<num>:<num> +<num>]",residual_island
40,window_163,6481,6520,40,0,7,33,0.0,0.175,0.825,32,0,7,0.9697,0.0,1.0,"""<num>.<num>.<num>.<num> - - [<num>/Dec/<num>:<num>:<num>:<num> +<num>]",residual_island
40,window_164,6521,6560,40,0,8,32,0.0,0.2,0.8,31,0,9,0.9688,0.0,1.0,"""<num>.<num>.<num>.<num> - - [<num>/Dec/<num>:<num>:<num>:<num> +<num>]",residual_island
40,window_165,6561,6600,40,0,0,40,0.0,0.0,1.0,40,0,0,1.0,0.0,1.0,"""<num>.<num>.<num>.<num> - - [<num>/Dec/<num>:<num>:<num>:<num> +<num>]",residual_island
40,window_166,6601,6640,40,0,8,32,0.0,0.2,0.8,32,0,10,1.0,0.0,1.0,"""<num>.<num>.<num>.<num> - - [<num>/Dec/<num>:<num>:<num>:<num> +<num>]",residual_island
40,window_167,6641,6680,40,0,0,40,0.0,0.0,1.0,40,0,0,1.0,0.0,1.0,"""<num>.<num>.<num>.<num> - - [<num>/Dec/<num>:<num>:<num>:<num> +<num>]",residual_island
40,window_168,6681,6720,40,0,11,29,0.0,0.275,0.725,27,0,11,0.931,0.0,1.0,"""<num>.<num>.<num>.<num> - - [<num>/Dec/<num>:<num>:<num>:<num> +<num>]",residual_island
40,window_169,6721,6760,40,0,9,31,0.0,0.225,0.775,30,0,9,0.9677,0.0,1.0,"""<num>.<num>.<num>.<num> - - [<num>/Dec/<num>:<num>:<num>:<num> +<num>]",residual_island
40,window_170,6761,6800,40,0,4,36,0.0,0.1,0.9,36,0,5,1.0,0.0,1.0,"""<num>.<num>.<num>.<num> - - [<num>/Dec/<num>:<num>:<num>:<num> +<num>]",residual_island
40,window_171,6801,6840,40,0,2,38,0.0,0.05,0.95,38,0,3,1.0,0.0,1.0,"""<num>.<num>.<num>.<num> - - [<num>/Dec/<num>:<num>:<num>:<num> +<num>]",residual_island
40,window_172,6841,6880,40,0,1,39,0.0,0.025,0.975,39,0,1,1.0,0.0,1.0,"""<num>.<num>.<num>.<num> - - [<num>/Dec/<num>:<num>:<num>:<num> +<num>]",residual_island
40,window_173,6881,6920,40,1,1,38,0.025,0.025,0.95,38,2,3,1.0,0.0526,1.0,"""<num>.<num>.<num>.<num> - - [<num>/Dec/<num>:<num>:<num>:<num> +<num>]",residual_island
40,window_174,6921,6960,40,19,3,18,0.475,0.075,0.45,17,2,4,0.9444,0.1111,1.0,"""<num>.<num>.<num>.<num> - - [<num>/Dec/<num>:<num>:<num>:<num> +<num>]",residual_island
40,window_175,6961,7000,40,26,1,13,0.65,0.025,0.325,12,7,2,0.9231,0.5385,1.0,"""<num>.<num>.<num>.<num> - - [<num>/Dec/<num>:<num>:<num>:<num> +<num>]",stable_attached_residual
40,window_176,7001,7040,40,27,0,13,0.675,0.0,0.325,12,11,0,0.9231,0.8462,1.0,"""<num>.<num>.<num>.<num> - - [<num>/Dec/<num>:<num>:<num>:<num> +<num>]",stable_attached_residual
40,window_177,7041,7080,40,34,0,6,0.85,0.0,0.15,5,5,0,0.8333,0.8333,1.0,"""<num>.<num>.<num>.<num> - - [<num>/Dec/<num>:<num>:<num>:<num> +<num>]",stable_attached_residual
40,window_178,7081,7120,40,36,0,4,0.9,0.0,0.1,0,4,0,0.0,1.0,1.0,"""<num>.<num>.<num>.<num> - - [<num>/Dec/<num>:<num>:<num>:<num> +<num>]",stable_attached_residual
40,window_179,7121,7160,40,35,1,4,0.875,0.025,0.1,0,4,0,0.0,1.0,1.0,"""<num>.<num>.<num>.<num> - - [<num>/Dec/<num>:<num>:<num>:<num> +<num>]",stable_attached_residual
40,window_180,7161,7200,40,36,1,3,0.9,0.025,0.075,0,3,0,0.0,1.0,1.0,"""<num>.<num>.<num>.<num> - - [<num>/Dec/<num>:<num>:<num>:<num> +<num>]",stable_attached_residual
40,window_181,7201,7240,40,30,5,5,0.75,0.125,0.125,0,5,2,0.0,1.0,1.0,"""<num>.<num>.<num>.<num> - - [<num>/Dec/<num>:<num>:<num>:<num> +<num>]",stable_attached_residual
40,window_182,7241,7280,40,8,3,29,0.2,0.075,0.725,29,1,2,1.0,0.0345,1.0,"""<num>.<num>.<num>.<num> - - [<num>/Dec/<num>:<num>:<num>:<num> +<num>]",residual_island
40,window_183,7281,7314,34,23,2,9,0.6765,0.0588,0.2647,6,4,2,0.6667,0.4444,1.0,"""<num>.<num>.<num>.<num> - - [<num>/Dec/<num>:<num>:<num>:<num> +<num>]",partial_residual_cluster
50,window_001,1,50,50,0,48,2,0.0,0.96,0.04,0,0,2,0.0,0.0,1.0,"""<num>.<num>.<num>.<num> - - [<num>/Dec/<num>:<num>:<num>:<num> +<num>]",diffuse_residual
50,window_002,51,100,50,0,50,0,0.0,1.0,0.0,0,0,0,0.0,0.0,0.0,,no_residual
50,window_003,101,150,50,0,50,0,0.0,1.0,0.0,0,0,0,0.0,0.0,0.0,,no_residual
50,window_004,151,200,50,0,50,0,0.0,1.0,0.0,0,0,0,0.0,0.0,0.0,,no_residual
50,window_005,201,250,50,0,15,35,0.0,0.3,0.7,30,0,8,0.8571,0.0,1.0,"""<num>.<num>.<num>.<num> - - [<num>/Dec/<num>:<num>:<num>:<num> +<num>]",residual_island
50,window_006,251,300,50,0,10,40,0.0,0.2,0.8,36,0,8,0.9,0.0,1.0,"""<num>.<num>.<num>.<num> - - [<num>/Dec/<num>:<num>:<num>:<num> +<num>]",residual_island
50,window_007,301,350,50,0,0,50,0.0,0.0,1.0,50,0,0,1.0,0.0,1.0,"""<num>.<num>.<num>.<num> - - [<num>/Dec/<num>:<num>:<num>:<num> +<num>]",residual_island
50,window_008,351,400,50,0,0,50,0.0,0.0,1.0,50,0,0,1.0,0.0,1.0,"""<num>.<num>.<num>.<num> - - [<num>/Dec/<num>:<num>:<num>:<num> +<num>]",residual_island
50,window_009,401,450,50,0,0,50,0.0,0.0,1.0,50,0,0,1.0,0.0,1.0,"""<num>.<num>.<num>.<num> - - [<num>/Dec/<num>:<num>:<num>:<num> +<num>]",residual_island
50,window_010,451,500,50,0,0,50,0.0,0.0,1.0,50,0,0,1.0,0.0,1.0,"""<num>.<num>.<num>.<num> - - [<num>/Dec/<num>:<num>:<num>:<num> +<num>]",residual_island
50,window_011,501,550,50,0,0,50,0.0,0.0,1.0,50,0,0,1.0,0.0,1.0,"""<num>.<num>.<num>.<num> - - [<num>/Dec/<num>:<num>:<num>:<num> +<num>]",residual_island
50,window_012,551,600,50,0,4,46,0.0,0.08,0.92,46,0,2,1.0,0.0,1.0,"""<num>.<num>.<num>.<num> - - [<num>/Dec/<num>:<num>:<num>:<num> +<num>]",residual_island
50,window_013,601,650,50,0,0,50,0.0,0.0,1.0,50,0,0,1.0,0.0,1.0,"""<num>.<num>.<num>.<num> - - [<num>/Dec/<num>:<num>:<num>:<num> +<num>]",residual_island
50,window_014,651,700,50,0,0,50,0.0,0.0,1.0,50,0,0,1.0,0.0,1.0,"""<num>.<num>.<num>.<num> - - [<num>/Dec/<num>:<num>:<num>:<num> +<num>]",residual_island
50,window_015,701,750,50,0,0,50,0.0,0.0,1.0,50,0,0,1.0,0.0,1.0,"""<num>.<num>.<num>.<num> - - [<num>/Dec/<num>:<num>:<num>:<num> +<num>]",residual_island
50,window_016,751,800,50,0,0,50,0.0,0.0,1.0,50,0,0,1.0,0.0,1.0,"""<num>.<num>.<num>.<num> - - [<num>/Dec/<num>:<num>:<num>:<num> +<num>]",residual_island
50,window_017,801,850,50,0,0,50,0.0,0.0,1.0,50,0,0,1.0,0.0,1.0,"""<num>.<num>.<num>.<num> - - [<num>/Dec/<num>:<num>:<num>:<num> +<num>]",residual_island
50,window_018,851,900,50,0,0,50,0.0,0.0,1.0,50,0,0,1.0,0.0,1.0,"""<num>.<num>.<num>.<num> - - [<num>/Dec/<num>:<num>:<num>:<num> +<num>]",residual_island
50,window_019,901,950,50,1,0,49,0.02,0.0,0.98,49,2,0,1.0,0.0408,1.0,"""<num>.<num>.<num>.<num> - - [<num>/Dec/<num>:<num>:<num>:<num> +<num>]",residual_island
50,window_020,951,1000,50,0,0,50,0.0,0.0,1.0,50,0,0,1.0,0.0,1.0,"""<num>.<num>.<num>.<num> - - [<num>/Dec/<num>:<num>:<num>:<num> +<num>]",residual_island
50,window_021,1001,1050,50,0,0,50,0.0,0.0,1.0,50,0,0,1.0,0.0,1.0,"""<num>.<num>.<num>.<num> - - [<num>/Dec/<num>:<num>:<num>:<num> +<num>]",residual_island
50,window_022,1051,1100,50,0,0,50,0.0,0.0,1.0,50,0,0,1.0,0.0,1.0,"""<num>.<num>.<num>.<num> - - [<num>/Dec/<num>:<num>:<num>:<num> +<num>]",residual_island
50,window_023,1101,1150,50,0,0,50,0.0,0.0,1.0,50,0,0,1.0,0.0,1.0,"""<num>.<num>.<num>.<num> - - [<num>/Dec/<num>:<num>:<num>:<num> +<num>]",residual_island
50,window_024,1151,1200,50,0,0,50,0.0,0.0,1.0,50,0,0,1.0,0.0,1.0,"""<num>.<num>.<num>.<num> - - [<num>/Dec/<num>:<num>:<num>:<num> +<num>]",residual_island
50,window_025,1201,1250,50,0,0,50,0.0,0.0,1.0,50,0,0,1.0,0.0,1.0,"""<num>.<num>.<num>.<num> - - [<num>/Dec/<num>:<num>:<num>:<num> +<num>]",residual_island
50,window_026,1251,1300,50,0,0,50,0.0,0.0,1.0,50,0,0,1.0,0.0,1.0,"""<num>.<num>.<num>.<num> - - [<num>/Dec/<num>:<num>:<num>:<num> +<num>]",residual_island
50,window_027,1301,1350,50,0,0,50,0.0,0.0,1.0,50,0,0,1.0,0.0,1.0,"""<num>.<num>.<num>.<num> - - [<num>/Dec/<num>:<num>:<num>:<num> +<num>]",residual_island
50,window_028,1351,1400,50,0,0,50,0.0,0.0,1.0,50,0,0,1.0,0.0,1.0,"""<num>.<num>.<num>.<num> - - [<num>/Dec/<num>:<num>:<num>:<num> +<num>]",residual_island
50,window_029,1401,1450,50,0,0,50,0.0,0.0,1.0,50,0,0,1.0,0.0,1.0,"""<num>.<num>.<num>.<num> - - [<num>/Dec/<num>:<num>:<num>:<num> +<num>]",residual_island
50,window_030,1451,1500,50,0,0,50,0.0,0.0,1.0,50,0,0,1.0,0.0,1.0,"""<num>.<num>.<num>.<num> - - [<num>/Dec/<num>:<num>:<num>:<num> +<num>]",residual_island
50,window_031,1501,1550,50,0,0,50,0.0,0.0,1.0,50,0,0,1.0,0.0,1.0,"""<num>.<num>.<num>.<num> - - [<num>/Dec/<num>:<num>:<num>:<num> +<num>]",residual_island
50,window_032,1551,1600,50,0,0,50,0.0,0.0,1.0,50,0,0,1.0,0.0,1.0,"""<num>.<num>.<num>.<num> - - [<num>/Dec/<num>:<num>:<num>:<num> +<num>]",residual_island
50,window_033,1601,1650,50,0,0,50,0.0,0.0,1.0,50,0,0,1.0,0.0,1.0,"""<num>.<num>.<num>.<num> - - [<num>/Dec/<num>:<num>:<num>:<num> +<num>]",residual_island
50,window_034,1651,1700,50,0,0,50,0.0,0.0,1.0,50,0,0,1.0,0.0,1.0,"""<num>.<num>.<num>.<num> - - [<num>/Dec/<num>:<num>:<num>:<num> +<num>]",residual_island
50,window_035,1701,1750,50,0,2,48,0.0,0.04,0.96,48,0,2,1.0,0.0,1.0,"""<num>.<num>.<num>.<num> - - [<num>/Dec/<num>:<num>:<num>:<num> +<num>]",residual_island
50,window_036,1751,1800,50,0,4,46,0.0,0.08,0.92,45,0,3,0.9783,0.0,1.0,"""<num>.<num>.<num>.<num> - - [<num>/Dec/<num>:<num>:<num>:<num> +<num>]",residual_island
50,window_037,1801,1850,50,1,6,43,0.02,0.12,0.86,43,1,6,1.0,0.0233,1.0,"""<num>.<num>.<num>.<num> - - [<num>/Dec/<num>:<num>:<num>:<num> +<num>]",residual_island
50,window_038,1851,1900,50,0,1,49,0.0,0.02,0.98,49,0,3,1.0,0.0,1.0,"""<num>.<num>.<num>.<num> - - [<num>/Dec/<num>:<num>:<num>:<num> +<num>]",residual_island
50,window_039,1901,1950,50,0,0,50,0.0,0.0,1.0,50,0,0,1.0,0.0,1.0,"""<num>.<num>.<num>.<num> - - [<num>/Dec/<num>:<num>:<num>:<num> +<num>]",residual_island
50,window_040,1951,2000,50,0,5,45,0.0,0.1,0.9,45,0,6,1.0,0.0,1.0,"""<num>.<num>.<num>.<num> - - [<num>/Dec/<num>:<num>:<num>:<num> +<num>]",residual_island
50,window_041,2001,2050,50,3,6,41,0.06,0.12,0.82,41,0,4,1.0,0.0,1.0,"""<num>.<num>.<num>.<num> - - [<num>/Dec/<num>:<num>:<num>:<num> +<num>]",residual_island
50,window_042,2051,2100,50,0,4,46,0.0,0.08,0.92,46,0,4,1.0,0.0,1.0,"""<num>.<num>.<num>.<num> - - [<num>/Dec/<num>:<num>:<num>:<num> +<num>]",residual_island
50,window_043,2101,2150,50,0,0,50,0.0,0.0,1.0,50,0,0,1.0,0.0,1.0,"""<num>.<num>.<num>.<num> - - [<num>/Dec/<num>:<num>:<num>:<num> +<num>]",residual_island
50,window_044,2151,2200,50,0,6,44,0.0,0.12,0.88,44,0,4,1.0,0.0,1.0,"""<num>.<num>.<num>.<num> - - [<num>/Dec/<num>:<num>:<num>:<num> +<num>]",residual_island
50,window_045,2201,2250,50,0,8,42,0.0,0.16,0.84,42,0,6,1.0,0.0,1.0,"""<num>.<num>.<num>.<num> - - [<num>/Dec/<num>:<num>:<num>:<num> +<num>]",residual_island
50,window_046,2251,2300,50,0,6,44,0.0,0.12,0.88,44,0,4,1.0,0.0,1.0,"""<num>.<num>.<num>.<num> - - [<num>/Dec/<num>:<num>:<num>:<num> +<num>]",residual_island
50,window_047,2301,2350,50,0,2,48,0.0,0.04,0.96,48,0,2,1.0,0.0,1.0,"""<num>.<num>.<num>.<num> - - [<num>/Dec/<num>:<num>:<num>:<num> +<num>]",residual_island
50,window_048,2351,2400,50,0,11,39,0.0,0.22,0.78,39,0,7,1.0,0.0,1.0,"""<num>.<num>.<num>.<num> - - [<num>/Dec/<num>:<num>:<num>:<num> +<num>]",residual_island
50,window_049,2401,2450,50,0,4,46,0.0,0.08,0.92,46,0,5,1.0,0.0,1.0,"""<num>.<num>.<num>.<num> - - [<num>/Dec/<num>:<num>:<num>:<num> +<num>]",residual_island
50,window_050,2451,2500,50,1,15,34,0.02,0.3,0.68,34,0,10,1.0,0.0,1.0,"""<num>.<num>.<num>.<num> - - [<num>/Dec/<num>:<num>:<num>:<num> +<num>]",residual_island
50,window_051,2501,2550,50,0,4,46,0.0,0.08,0.92,46,0,4,1.0,0.0,1.0,"""<num>.<num>.<num>.<num> - - [<num>/Dec/<num>:<num>:<num>:<num> +<num>]",residual_island
50,window_052,2551,2600,50,0,19,31,0.0,0.38,0.62,30,0,8,0.9677,0.0,1.0,"""<num>.<num>.<num>.<num> - - [<num>/Dec/<num>:<num>:<num>:<num> +<num>]",residual_island
50,window_053,2601,2650,50,0,13,37,0.0,0.26,0.74,37,0,7,1.0,0.0,1.0,"""<num>.<num>.<num>.<num> - - [<num>/Dec/<num>:<num>:<num>:<num> +<num>]",residual_island
50,window_054,2651,2700,50,0,15,35,0.0,0.3,0.7,35,0,8,1.0,0.0,1.0,"""<num>.<num>.<num>.<num> - - [<num>/Dec/<num>:<num>:<num>:<num> +<num>]",residual_island
50,window_055,2701,2750,50,0,11,39,0.0,0.22,0.78,39,0,7,1.0,0.0,1.0,"""<num>.<num>.<num>.<num> - - [<num>/Dec/<num>:<num>:<num>:<num> +<num>]",residual_island
50,window_056,2751,2800,50,0,15,35,0.0,0.3,0.7,35,0,9,1.0,0.0,1.0,"""<num>.<num>.<num>.<num> - - [<num>/Dec/<num>:<num>:<num>:<num> +<num>]",residual_island
50,window_057,2801,2850,50,0,6,44,0.0,0.12,0.88,44,0,4,1.0,0.0,1.0,"""<num>.<num>.<num>.<num> - - [<num>/Dec/<num>:<num>:<num>:<num> +<num>]",residual_island
50,window_058,2851,2900,50,0,0,50,0.0,0.0,1.0,50,0,0,1.0,0.0,1.0,"""<num>.<num>.<num>.<num> - - [<num>/Dec/<num>:<num>:<num>:<num> +<num>]",residual_island
50,window_059,2901,2950,50,0,1,49,0.0,0.02,0.98,49,0,2,1.0,0.0,1.0,"""<num>.<num>.<num>.<num> - - [<num>/Dec/<num>:<num>:<num>:<num> +<num>]",residual_island
50,window_060,2951,3000,50,0,6,44,0.0,0.12,0.88,44,0,6,1.0,0.0,1.0,"""<num>.<num>.<num>.<num> - - [<num>/Dec/<num>:<num>:<num>:<num> +<num>]",residual_island
50,window_061,3001,3050,50,0,4,46,0.0,0.08,0.92,46,0,2,1.0,0.0,1.0,"""<num>.<num>.<num>.<num> - - [<num>/Dec/<num>:<num>:<num>:<num> +<num>]",residual_island
50,window_062,3051,3100,50,0,10,40,0.0,0.2,0.8,40,0,6,1.0,0.0,1.0,"""<num>.<num>.<num>.<num> - - [<num>/Dec/<num>:<num>:<num>:<num> +<num>]",residual_island
50,window_063,3101,3150,50,0,1,49,0.0,0.02,0.98,49,0,2,1.0,0.0,1.0,"""<num>.<num>.<num>.<num> - - [<num>/Dec/<num>:<num>:<num>:<num> +<num>]",residual_island
50,window_064,3151,3200,50,0,7,43,0.0,0.14,0.86,43,0,6,1.0,0.0,1.0,"""<num>.<num>.<num>.<num> - - [<num>/Dec/<num>:<num>:<num>:<num> +<num>]",residual_island
50,window_065,3201,3250,50,0,6,44,0.0,0.12,0.88,44,0,4,1.0,0.0,1.0,"""<num>.<num>.<num>.<num> - - [<num>/Dec/<num>:<num>:<num>:<num> +<num>]",residual_island
50,window_066,3251,3300,50,0,4,46,0.0,0.08,0.92,46,0,6,1.0,0.0,1.0,"""<num>.<num>.<num>.<num> - - [<num>/Dec/<num>:<num>:<num>:<num> +<num>]",residual_island
50,window_067,3301,3350,50,0,1,49,0.0,0.02,0.98,49,0,2,1.0,0.0,1.0,"""<num>.<num>.<num>.<num> - - [<num>/Dec/<num>:<num>:<num>:<num> +<num>]",residual_island
50,window_068,3351,3400,50,0,9,41,0.0,0.18,0.82,41,0,10,1.0,0.0,1.0,"""<num>.<num>.<num>.<num> - - [<num>/Dec/<num>:<num>:<num>:<num> +<num>]",residual_island
50,window_069,3401,3450,50,12,2,36,0.24,0.04,0.72,36,1,2,1.0,0.0278,1.0,"""<num>.<num>.<num>.<num> - - [<num>/Dec/<num>:<num>:<num>:<num> +<num>]",residual_island
50,window_070,3451,3500,50,38,0,12,0.76,0.0,0.24,12,2,0,1.0,0.1667,1.0,"""<num>.<num>.<num>.<num> - - [<num>/Dec/<num>:<num>:<num>:<num> +<num>]",residual_island
50,window_071,3501,3550,50,50,0,0,1.0,0.0,0.0,0,0,0,0.0,0.0,0.0,,no_residual
50,window_072,3551,3600,50,46,0,4,0.92,0.0,0.08,4,2,0,1.0,0.5,1.0,"""<num>.<num>.<num>.<num> - - [<num>/Dec/<num>:<num>:<num>:<num> +<num>]",stable_attached_residual
50,window_073,3601,3650,50,47,0,3,0.94,0.0,0.06,3,2,0,1.0,0.6667,1.0,"""<num>.<num>.<num>.<num> - - [<num>/Dec/<num>:<num>:<num>:<num> +<num>]",stable_attached_residual
50,window_074,3651,3700,50,49,0,1,0.98,0.0,0.02,0,1,0,0.0,1.0,1.0,"""<num>.<num>.<num>.<num> - - [<num>/Dec/<num>:<num>:<num>:<num> +<num>]",stable_attached_residual
50,window_075,3701,3750,50,49,0,1,0.98,0.0,0.02,0,1,0,0.0,1.0,1.0,"""<num>.<num>.<num>.<num> - - [<num>/Dec/<num>:<num>:<num>:<num> +<num>]",stable_attached_residual
50,window_076,3751,3800,50,50,0,0,1.0,0.0,0.0,0,0,0,0.0,0.0,0.0,,no_residual
50,window_077,3801,3850,50,47,0,3,0.94,0.0,0.06,3,2,0,1.0,0.6667,1.0,"""<num>.<num>.<num>.<num> - - [<num>/Dec/<num>:<num>:<num>:<num> +<num>]",stable_attached_residual
50,window_078,3851,3900,50,49,0,1,0.98,0.0,0.02,0,1,0,0.0,1.0,1.0,"""<num>.<num>.<num>.<num> - - [<num>/Dec/<num>:<num>:<num>:<num> +<num>]",stable_attached_residual
50,window_079,3901,3950,50,49,1,0,0.98,0.02,0.0,0,0,0,0.0,0.0,0.0,,no_residual
50,window_080,3951,4000,50,44,5,1,0.88,0.1,0.02,0,1,0,0.0,1.0,1.0,"""<num>.<num>.<num>.<num> - - [<num>/Dec/<num>:<num>:<num>:<num> +<num>]",stable_attached_residual
50,window_081,4001,4050,50,50,0,0,1.0,0.0,0.0,0,0,0,0.0,0.0,0.0,,no_residual
50,window_082,4051,4100,50,40,10,0,0.8,0.2,0.0,0,0,0,0.0,0.0,0.0,,no_residual
50,window_083,4101,4150,50,34,7,9,0.68,0.14,0.18,8,2,4,0.8889,0.2222,1.0,"""<num>.<num>.<num>.<num> - - [<num>/Dec/<num>:<num>:<num>:<num> +<num>]",residual_island
50,window_084,4151,4200,50,47,2,1,0.94,0.04,0.02,0,0,1,0.0,0.0,1.0,"""<num>.<num>.<num>.<num> - - [<num>/Dec/<num>:<num>:<num>:<num> +<num>]",diffuse_residual
50,window_085,4201,4250,50,42,2,6,0.84,0.04,0.12,6,0,3,1.0,0.0,1.0,"""<num>.<num>.<num>.<num> - - [<num>/Dec/<num>:<num>:<num>:<num> +<num>]",residual_island
50,window_086,4251,4300,50,37,0,13,0.74,0.0,0.26,13,1,0,1.0,0.0769,1.0,"""<num>.<num>.<num>.<num> - - [<num>/Dec/<num>:<num>:<num>:<num> +<num>]",residual_island
50,window_087,4301,4350,50,27,3,20,0.54,0.06,0.4,20,2,4,1.0,0.1,1.0,"""<num>.<num>.<num>.<num> - - [<num>/Dec/<num>:<num>:<num>:<num> +<num>]",residual_island
50,window_088,4351,4400,50,28,1,21,0.56,0.02,0.42,21,2,2,1.0,0.0952,1.0,"""<num>.<num>.<num>.<num> - - [<num>/Dec/<num>:<num>:<num>:<num> +<num>]",residual_island
50,window_089,4401,4450,50,34,3,13,0.68,0.06,0.26,13,2,6,1.0,0.1538,1.0,"""<num>.<num>.<num>.<num> - - [<num>/Dec/<num>:<num>:<num>:<num> +<num>]",residual_island
50,window_090,4451,4500,50,30,2,18,0.6,0.04,0.36,18,2,2,1.0,0.1111,1.0,"""<num>.<num>.<num>.<num> - - [<num>/Dec/<num>:<num>:<num>:<num> +<num>]",residual_island
50,window_091,4501,4550,50,43,0,7,0.86,0.0,0.14,7,1,0,1.0,0.1429,1.0,"""<num>.<num>.<num>.<num> - - [<num>/Dec/<num>:<num>:<num>:<num> +<num>]",residual_island
50,window_092,4551,4600,50,36,0,14,0.72,0.0,0.28,14,1,0,1.0,0.0714,1.0,"""<num>.<num>.<num>.<num> - - [<num>/Dec/<num>:<num>:<num>:<num> +<num>]",residual_island
50,window_093,4601,4650,50,23,2,25,0.46,0.04,0.5,25,2,2,1.0,0.08,1.0,"""<num>.<num>.<num>.<num> - - [<num>/Dec/<num>:<num>:<num>:<num> +<num>]",residual_island
50,window_094,4651,4700,50,28,0,22,0.56,0.0,0.44,22,1,0,1.0,0.0455,1.0,"""<num>.<num>.<num>.<num> - - [<num>/Dec/<num>:<num>:<num>:<num> +<num>]",residual_island
50,window_095,4701,4750,50,40,0,10,0.8,0.0,0.2,10,2,0,1.0,0.2,1.0,"""<num>.<num>.<num>.<num> - - [<num>/Dec/<num>:<num>:<num>:<num> +<num>]",residual_island
50,window_096,4751,4800,50,15,4,31,0.3,0.08,0.62,31,1,4,1.0,0.0323,1.0,"""<num>.<num>.<num>.<num> - - [<num>/Dec/<num>:<num>:<num>:<num> +<num>]",residual_island
50,window_097,4801,4850,50,24,3,23,0.48,0.06,0.46,23,3,3,1.0,0.1304,1.0,"""<num>.<num>.<num>.<num> - - [<num>/Dec/<num>:<num>:<num>:<num> +<num>]",residual_island
50,window_098,4851,4900,50,26,7,17,0.52,0.14,0.34,16,0,4,0.9412,0.0,1.0,"""<num>.<num>.<num>.<num> - - [<num>/Dec/<num>:<num>:<num>:<num> +<num>]",residual_island
50,window_099,4901,4950,50,24,0,26,0.48,0.0,0.52,26,3,0,1.0,0.1154,1.0,"""<num>.<num>.<num>.<num> - - [<num>/Dec/<num>:<num>:<num>:<num> +<num>]",residual_island
50,window_100,4951,5000,50,16,2,32,0.32,0.04,0.64,32,2,2,1.0,0.0625,1.0,"""<num>.<num>.<num>.<num> - - [<num>/Dec/<num>:<num>:<num>:<num> +<num>]",residual_island
50,window_101,5001,5050,50,20,5,25,0.4,0.1,0.5,25,2,6,1.0,0.08,1.0,"""<num>.<num>.<num>.<num> - - [<num>/Dec/<num>:<num>:<num>:<num> +<num>]",residual_island
50,window_102,5051,5100,50,10,8,32,0.2,0.16,0.64,29,1,8,0.9062,0.0312,1.0,"""<num>.<num>.<num>.<num> - - [<num>/Dec/<num>:<num>:<num>:<num> +<num>]",residual_island
50,window_103,5101,5150,50,23,5,22,0.46,0.1,0.44,21,2,5,0.9545,0.0909,1.0,"""<num>.<num>.<num>.<num> - - [<num>/Dec/<num>:<num>:<num>:<num> +<num>]",residual_island
50,window_104,5151,5200,50,27,2,21,0.54,0.04,0.42,21,1,4,1.0,0.0476,1.0,"""<num>.<num>.<num>.<num> - - [<num>/Dec/<num>:<num>:<num>:<num> +<num>]",residual_island
50,window_105,5201,5250,50,14,0,36,0.28,0.0,0.72,36,2,0,1.0,0.0556,1.0,"""<num>.<num>.<num>.<num> - - [<num>/Dec/<num>:<num>:<num>:<num> +<num>]",residual_island
50,window_106,5251,5300,50,10,3,37,0.2,0.06,0.74,37,2,4,1.0,0.0541,1.0,"""<num>.<num>.<num>.<num> - - [<num>/Dec/<num>:<num>:<num>:<num> +<num>]",residual_island
50,window_107,5301,5350,50,17,1,32,0.34,0.02,0.64,31,3,2,0.9688,0.0938,1.0,"""<num>.<num>.<num>.<num> - - [<num>/Dec/<num>:<num>:<num>:<num> +<num>]",residual_island
50,window_108,5351,5400,50,41,0,9,0.82,0.0,0.18,9,2,0,1.0,0.2222,1.0,"""<num>.<num>.<num>.<num> - - [<num>/Dec/<num>:<num>:<num>:<num> +<num>]",residual_island
50,window_109,5401,5450,50,46,0,4,0.92,0.0,0.08,4,2,0,1.0,0.5,1.0,"""<num>.<num>.<num>.<num> - - [<num>/Dec/<num>:<num>:<num>:<num> +<num>]",stable_attached_residual
50,window_110,5451,5500,50,50,0,0,1.0,0.0,0.0,0,0,0,0.0,0.0,0.0,,no_residual
50,window_111,5501,5550,50,47,0,3,0.94,0.0,0.06,2,3,0,0.6667,1.0,1.0,"""<num>.<num>.<num>.<num> - - [<num>/Dec/<num>:<num>:<num>:<num> +<num>]",stable_attached_residual
50,window_112,5551,5600,50,35,4,11,0.7,0.08,0.22,10,2,4,0.9091,0.1818,1.0,"""<num>.<num>.<num>.<num> - - [<num>/Dec/<num>:<num>:<num>:<num> +<num>]",residual_island
50,window_113,5601,5650,50,31,5,14,0.62,0.1,0.28,13,1,6,0.9286,0.0714,1.0,"""<num>.<num>.<num>.<num> - - [<num>/Dec/<num>:<num>:<num>:<num> +<num>]",residual_island
50,window_114,5651,5700,50,32,5,13,0.64,0.1,0.26,13,1,4,1.0,0.0769,1.0,"""<num>.<num>.<num>.<num> - - [<num>/Dec/<num>:<num>:<num>:<num> +<num>]",residual_island
50,window_115,5701,5750,50,26,1,23,0.52,0.02,0.46,23,1,2,1.0,0.0435,1.0,"""<num>.<num>.<num>.<num> - - [<num>/Dec/<num>:<num>:<num>:<num> +<num>]",residual_island
50,window_116,5751,5800,50,19,4,27,0.38,0.08,0.54,27,2,6,1.0,0.0741,1.0,"""<num>.<num>.<num>.<num> - - [<num>/Dec/<num>:<num>:<num>:<num> +<num>]",residual_island
50,window_117,5801,5850,50,21,1,28,0.42,0.02,0.56,27,3,1,0.9643,0.1071,1.0,"""<num>.<num>.<num>.<num> - - [<num>/Dec/<num>:<num>:<num>:<num> +<num>]",residual_island
50,window_118,5851,5900,50,6,2,42,0.12,0.04,0.84,42,2,2,1.0,0.0476,1.0,"""<num>.<num>.<num>.<num> - - [<num>/Dec/<num>:<num>:<num>:<num> +<num>]",residual_island
50,window_119,5901,5950,50,18,2,30,0.36,0.04,0.6,30,4,2,1.0,0.1333,1.0,"""<num>.<num>.<num>.<num> - - [<num>/Dec/<num>:<num>:<num>:<num> +<num>]",residual_island
50,window_120,5951,6000,50,13,8,29,0.26,0.16,0.58,27,1,8,0.931,0.0345,1.0,"""<num>.<num>.<num>.<num> - - [<num>/Dec/<num>:<num>:<num>:<num> +<num>]",residual_island
50,window_121,6001,6050,50,8,3,39,0.16,0.06,0.78,39,1,4,1.0,0.0256,1.0,"""<num>.<num>.<num>.<num> - - [<num>/Dec/<num>:<num>:<num>:<num> +<num>]",residual_island
50,window_122,6051,6100,50,3,4,43,0.06,0.08,0.86,42,2,6,0.9767,0.0465,1.0,"""<num>.<num>.<num>.<num> - - [<num>/Dec/<num>:<num>:<num>:<num> +<num>]",residual_island
50,window_123,6101,6150,50,2,12,36,0.04,0.24,0.72,33,1,9,0.9167,0.0278,1.0,"""<num>.<num>.<num>.<num> - - [<num>/Dec/<num>:<num>:<num>:<num> +<num>]",residual_island
50,window_124,6151,6200,50,6,3,41,0.12,0.06,0.82,41,2,4,1.0,0.0488,1.0,"""<num>.<num>.<num>.<num> - - [<num>/Dec/<num>:<num>:<num>:<num> +<num>]",residual_island
50,window_125,6201,6250,50,5,1,44,0.1,0.02,0.88,44,2,2,1.0,0.0455,1.0,"""<num>.<num>.<num>.<num> - - [<num>/Dec/<num>:<num>:<num>:<num> +<num>]",residual_island
50,window_126,6251,6300,50,0,3,47,0.0,0.06,0.94,47,0,4,1.0,0.0,1.0,"""<num>.<num>.<num>.<num> - - [<num>/Dec/<num>:<num>:<num>:<num> +<num>]",residual_island
50,window_127,6301,6350,50,0,7,43,0.0,0.14,0.86,43,0,6,1.0,0.0,1.0,"""<num>.<num>.<num>.<num> - - [<num>/Dec/<num>:<num>:<num>:<num> +<num>]",residual_island
50,window_128,6351,6400,50,0,3,47,0.0,0.06,0.94,47,0,4,1.0,0.0,1.0,"""<num>.<num>.<num>.<num> - - [<num>/Dec/<num>:<num>:<num>:<num> +<num>]",residual_island
50,window_129,6401,6450,50,0,9,41,0.0,0.18,0.82,40,0,12,0.9756,0.0,1.0,"""<num>.<num>.<num>.<num> - - [<num>/Dec/<num>:<num>:<num>:<num> +<num>]",residual_island
50,window_130,6451,6500,50,0,7,43,0.0,0.14,0.86,42,0,9,0.9767,0.0,1.0,"""<num>.<num>.<num>.<num> - - [<num>/Dec/<num>:<num>:<num>:<num> +<num>]",residual_island
50,window_131,6501,6550,50,0,11,39,0.0,0.22,0.78,38,0,11,0.9744,0.0,1.0,"""<num>.<num>.<num>.<num> - - [<num>/Dec/<num>:<num>:<num>:<num> +<num>]",residual_island
50,window_132,6551,6600,50,0,1,49,0.0,0.02,0.98,49,0,1,1.0,0.0,1.0,"""<num>.<num>.<num>.<num> - - [<num>/Dec/<num>:<num>:<num>:<num> +<num>]",residual_island
50,window_133,6601,6650,50,0,8,42,0.0,0.16,0.84,42,0,10,1.0,0.0,1.0,"""<num>.<num>.<num>.<num> - - [<num>/Dec/<num>:<num>:<num>:<num> +<num>]",residual_island
50,window_134,6651,6700,50,0,8,42,0.0,0.16,0.84,40,0,9,0.9524,0.0,1.0,"""<num>.<num>.<num>.<num> - - [<num>/Dec/<num>:<num>:<num>:<num> +<num>]",residual_island
50,window_135,6701,6750,50,0,11,39,0.0,0.22,0.78,39,0,9,1.0,0.0,1.0,"""<num>.<num>.<num>.<num> - - [<num>/Dec/<num>:<num>:<num>:<num> +<num>]",residual_island
50,window_136,6751,6800,50,0,5,45,0.0,0.1,0.9,44,0,7,0.9778,0.0,1.0,"""<num>.<num>.<num>.<num> - - [<num>/Dec/<num>:<num>:<num>:<num> +<num>]",residual_island
50,window_137,6801,6850,50,0,3,47,0.0,0.06,0.94,47,0,4,1.0,0.0,1.0,"""<num>.<num>.<num>.<num> - - [<num>/Dec/<num>:<num>:<num>:<num> +<num>]",residual_island
50,window_138,6851,6900,50,0,1,49,0.0,0.02,0.98,49,0,1,1.0,0.0,1.0,"""<num>.<num>.<num>.<num> - - [<num>/Dec/<num>:<num>:<num>:<num> +<num>]",residual_island
50,window_139,6901,6950,50,11,3,36,0.22,0.06,0.72,35,3,6,0.9722,0.0833,1.0,"""<num>.<num>.<num>.<num> - - [<num>/Dec/<num>:<num>:<num>:<num> +<num>]",residual_island
50,window_140,6951,7000,50,35,1,14,0.7,0.02,0.28,13,8,2,0.9286,0.5714,1.0,"""<num>.<num>.<num>.<num> - - [<num>/Dec/<num>:<num>:<num>:<num> +<num>]",stable_attached_residual
50,window_141,7001,7050,50,34,0,16,0.68,0.0,0.32,15,13,0,0.9375,0.8125,1.0,"""<num>.<num>.<num>.<num> - - [<num>/Dec/<num>:<num>:<num>:<num> +<num>]",stable_attached_residual
50,window_142,7051,7100,50,45,0,5,0.9,0.0,0.1,2,5,0,0.4,1.0,1.0,"""<num>.<num>.<num>.<num> - - [<num>/Dec/<num>:<num>:<num>:<num> +<num>]",stable_attached_residual
50,window_143,7101,7150,50,45,0,5,0.9,0.0,0.1,0,5,0,0.0,1.0,1.0,"""<num>.<num>.<num>.<num> - - [<num>/Dec/<num>:<num>:<num>:<num> +<num>]",stable_attached_residual
50,window_144,7151,7200,50,44,2,4,0.88,0.04,0.08,0,4,0,0.0,1.0,1.0,"""<num>.<num>.<num>.<num> - - [<num>/Dec/<num>:<num>:<num>:<num> +<num>]",stable_attached_residual
50,window_145,7201,7250,50,38,7,5,0.76,0.14,0.1,0,5,2,0.0,1.0,1.0,"""<num>.<num>.<num>.<num> - - [<num>/Dec/<num>:<num>:<num>:<num> +<num>]",stable_attached_residual
50,window_146,7251,7300,50,11,3,36,0.22,0.06,0.72,35,3,4,0.9722,0.0833,1.0,"""<num>.<num>.<num>.<num> - - [<num>/Dec/<num>:<num>:<num>:<num> +<num>]",residual_island
50,window_147,7301,7314,14,12,0,2,0.8571,0.0,0.1429,0,2,0,0.0,1.0,1.0,"""<num>.<num>.<num>.<num> - - [<num>/Dec/<num>:<num>:<num>:<num> +<num>]",stable_attached_residual
75,window_001,1,75,75,0,73,2,0.0,0.9733,0.0267,0,0,2,0.0,0.0,1.0,"""<num>.<num>.<num>.<num> - - [<num>/Dec/<num>:<num>:<num>:<num> +<num>]",diffuse_residual
75,window_002,76,150,75,0,75,0,0.0,1.0,0.0,0,0,0,0.0,0.0,0.0,,no_residual
75,window_003,151,225,75,0,59,16,0.0,0.7867,0.2133,14,0,4,0.875,0.0,1.0,"""<num>.<num>.<num>.<num> - - [<num>/Dec/<num>:<num>:<num>:<num> +<num>]",residual_island
75,window_004,226,300,75,0,16,59,0.0,0.2133,0.7867,52,0,12,0.8814,0.0,1.0,"""<num>.<num>.<num>.<num> - - [<num>/Dec/<num>:<num>:<num>:<num> +<num>]",residual_island
75,window_005,301,375,75,0,0,75,0.0,0.0,1.0,75,0,0,1.0,0.0,1.0,"""<num>.<num>.<num>.<num> - - [<num>/Dec/<num>:<num>:<num>:<num> +<num>]",residual_island
75,window_006,376,450,75,0,0,75,0.0,0.0,1.0,75,0,0,1.0,0.0,1.0,"""<num>.<num>.<num>.<num> - - [<num>/Dec/<num>:<num>:<num>:<num> +<num>]",residual_island
75,window_007,451,525,75,0,0,75,0.0,0.0,1.0,75,0,0,1.0,0.0,1.0,"""<num>.<num>.<num>.<num> - - [<num>/Dec/<num>:<num>:<num>:<num> +<num>]",residual_island
75,window_008,526,600,75,0,4,71,0.0,0.0533,0.9467,71,0,2,1.0,0.0,1.0,"""<num>.<num>.<num>.<num> - - [<num>/Dec/<num>:<num>:<num>:<num> +<num>]",residual_island
75,window_009,601,675,75,0,0,75,0.0,0.0,1.0,75,0,0,1.0,0.0,1.0,"""<num>.<num>.<num>.<num> - - [<num>/Dec/<num>:<num>:<num>:<num> +<num>]",residual_island
75,window_010,676,750,75,0,0,75,0.0,0.0,1.0,75,0,0,1.0,0.0,1.0,"""<num>.<num>.<num>.<num> - - [<num>/Dec/<num>:<num>:<num>:<num> +<num>]",residual_island
75,window_011,751,825,75,0,0,75,0.0,0.0,1.0,75,0,0,1.0,0.0,1.0,"""<num>.<num>.<num>.<num> - - [<num>/Dec/<num>:<num>:<num>:<num> +<num>]",residual_island
75,window_012,826,900,75,0,0,75,0.0,0.0,1.0,75,0,0,1.0,0.0,1.0,"""<num>.<num>.<num>.<num> - - [<num>/Dec/<num>:<num>:<num>:<num> +<num>]",residual_island
75,window_013,901,975,75,1,0,74,0.0133,0.0,0.9867,74,2,0,1.0,0.027,1.0,"""<num>.<num>.<num>.<num> - - [<num>/Dec/<num>:<num>:<num>:<num> +<num>]",residual_island
75,window_014,976,1050,75,0,0,75,0.0,0.0,1.0,75,0,0,1.0,0.0,1.0,"""<num>.<num>.<num>.<num> - - [<num>/Dec/<num>:<num>:<num>:<num> +<num>]",residual_island
75,window_015,1051,1125,75,0,0,75,0.0,0.0,1.0,75,0,0,1.0,0.0,1.0,"""<num>.<num>.<num>.<num> - - [<num>/Dec/<num>:<num>:<num>:<num> +<num>]",residual_island
75,window_016,1126,1200,75,0,0,75,0.0,0.0,1.0,75,0,0,1.0,0.0,1.0,"""<num>.<num>.<num>.<num> - - [<num>/Dec/<num>:<num>:<num>:<num> +<num>]",residual_island
75,window_017,1201,1275,75,0,0,75,0.0,0.0,1.0,75,0,0,1.0,0.0,1.0,"""<num>.<num>.<num>.<num> - - [<num>/Dec/<num>:<num>:<num>:<num> +<num>]",residual_island
75,window_018,1276,1350,75,0,0,75,0.0,0.0,1.0,75,0,0,1.0,0.0,1.0,"""<num>.<num>.<num>.<num> - - [<num>/Dec/<num>:<num>:<num>:<num> +<num>]",residual_island
75,window_019,1351,1425,75,0,0,75,0.0,0.0,1.0,75,0,0,1.0,0.0,1.0,"""<num>.<num>.<num>.<num> - - [<num>/Dec/<num>:<num>:<num>:<num> +<num>]",residual_island
75,window_020,1426,1500,75,0,0,75,0.0,0.0,1.0,75,0,0,1.0,0.0,1.0,"""<num>.<num>.<num>.<num> - - [<num>/Dec/<num>:<num>:<num>:<num> +<num>]",residual_island
75,window_021,1501,1575,75,0,0,75,0.0,0.0,1.0,75,0,0,1.0,0.0,1.0,"""<num>.<num>.<num>.<num> - - [<num>/Dec/<num>:<num>:<num>:<num> +<num>]",residual_island
75,window_022,1576,1650,75,0,0,75,0.0,0.0,1.0,75,0,0,1.0,0.0,1.0,"""<num>.<num>.<num>.<num> - - [<num>/Dec/<num>:<num>:<num>:<num> +<num>]",residual_island
75,window_023,1651,1725,75,0,0,75,0.0,0.0,1.0,75,0,0,1.0,0.0,1.0,"""<num>.<num>.<num>.<num> - - [<num>/Dec/<num>:<num>:<num>:<num> +<num>]",residual_island
75,window_024,1726,1800,75,0,6,69,0.0,0.08,0.92,68,0,5,0.9855,0.0,1.0,"""<num>.<num>.<num>.<num> - - [<num>/Dec/<num>:<num>:<num>:<num> +<num>]",residual_island
75,window_025,1801,1875,75,1,7,67,0.0133,0.0933,0.8933,67,1,9,1.0,0.0149,1.0,"""<num>.<num>.<num>.<num> - - [<num>/Dec/<num>:<num>:<num>:<num> +<num>]",residual_island
75,window_026,1876,1950,75,0,0,75,0.0,0.0,1.0,75,0,0,1.0,0.0,1.0,"""<num>.<num>.<num>.<num> - - [<num>/Dec/<num>:<num>:<num>:<num> +<num>]",residual_island
75,window_027,1951,2025,75,0,5,70,0.0,0.0667,0.9333,70,0,6,1.0,0.0,1.0,"""<num>.<num>.<num>.<num> - - [<num>/Dec/<num>:<num>:<num>:<num> +<num>]",residual_island
75,window_028,2026,2100,75,3,10,62,0.04,0.1333,0.8267,62,0,8,1.0,0.0,1.0,"""<num>.<num>.<num>.<num> - - [<num>/Dec/<num>:<num>:<num>:<num> +<num>]",residual_island
75,window_029,2101,2175,75,0,6,69,0.0,0.08,0.92,69,0,4,1.0,0.0,1.0,"""<num>.<num>.<num>.<num> - - [<num>/Dec/<num>:<num>:<num>:<num> +<num>]",residual_island
75,window_030,2176,2250,75,0,8,67,0.0,0.1067,0.8933,67,0,6,1.0,0.0,1.0,"""<num>.<num>.<num>.<num> - - [<num>/Dec/<num>:<num>:<num>:<num> +<num>]",residual_island
75,window_031,2251,2325,75,0,6,69,0.0,0.08,0.92,69,0,4,1.0,0.0,1.0,"""<num>.<num>.<num>.<num> - - [<num>/Dec/<num>:<num>:<num>:<num> +<num>]",residual_island
75,window_032,2326,2400,75,0,13,62,0.0,0.1733,0.8267,62,0,9,1.0,0.0,1.0,"""<num>.<num>.<num>.<num> - - [<num>/Dec/<num>:<num>:<num>:<num> +<num>]",residual_island
75,window_033,2401,2475,75,0,12,63,0.0,0.16,0.84,63,0,11,1.0,0.0,1.0,"""<num>.<num>.<num>.<num> - - [<num>/Dec/<num>:<num>:<num>:<num> +<num>]",residual_island
75,window_034,2476,2550,75,1,11,63,0.0133,0.1467,0.84,63,0,8,1.0,0.0,1.0,"""<num>.<num>.<num>.<num> - - [<num>/Dec/<num>:<num>:<num>:<num> +<num>]",residual_island
75,window_035,2551,2625,75,0,30,45,0.0,0.4,0.6,44,0,11,0.9778,0.0,1.0,"""<num>.<num>.<num>.<num> - - [<num>/Dec/<num>:<num>:<num>:<num> +<num>]",residual_island
75,window_036,2626,2700,75,0,17,58,0.0,0.2267,0.7733,58,0,12,1.0,0.0,1.0,"""<num>.<num>.<num>.<num> - - [<num>/Dec/<num>:<num>:<num>:<num> +<num>]",residual_island
75,window_037,2701,2775,75,0,23,52,0.0,0.3067,0.6933,52,0,12,1.0,0.0,1.0,"""<num>.<num>.<num>.<num> - - [<num>/Dec/<num>:<num>:<num>:<num> +<num>]",residual_island
75,window_038,2776,2850,75,0,9,66,0.0,0.12,0.88,66,0,8,1.0,0.0,1.0,"""<num>.<num>.<num>.<num> - - [<num>/Dec/<num>:<num>:<num>:<num> +<num>]",residual_island
75,window_039,2851,2925,75,0,1,74,0.0,0.0133,0.9867,74,0,2,1.0,0.0,1.0,"""<num>.<num>.<num>.<num> - - [<num>/Dec/<num>:<num>:<num>:<num> +<num>]",residual_island
75,window_040,2926,3000,75,0,6,69,0.0,0.08,0.92,69,0,6,1.0,0.0,1.0,"""<num>.<num>.<num>.<num> - - [<num>/Dec/<num>:<num>:<num>:<num> +<num>]",residual_island
75,window_041,3001,3075,75,0,8,67,0.0,0.1067,0.8933,67,0,4,1.0,0.0,1.0,"""<num>.<num>.<num>.<num> - - [<num>/Dec/<num>:<num>:<num>:<num> +<num>]",residual_island
75,window_042,3076,3150,75,0,7,68,0.0,0.0933,0.9067,68,0,6,1.0,0.0,1.0,"""<num>.<num>.<num>.<num> - - [<num>/Dec/<num>:<num>:<num>:<num> +<num>]",residual_island
75,window_043,3151,3225,75,0,13,62,0.0,0.1733,0.8267,62,0,10,1.0,0.0,1.0,"""<num>.<num>.<num>.<num> - - [<num>/Dec/<num>:<num>:<num>:<num> +<num>]",residual_island
75,window_044,3226,3300,75,0,4,71,0.0,0.0533,0.9467,71,0,6,1.0,0.0,1.0,"""<num>.<num>.<num>.<num> - - [<num>/Dec/<num>:<num>:<num>:<num> +<num>]",residual_island
75,window_045,3301,3375,75,0,8,67,0.0,0.1067,0.8933,67,0,8,1.0,0.0,1.0,"""<num>.<num>.<num>.<num> - - [<num>/Dec/<num>:<num>:<num>:<num> +<num>]",residual_island
75,window_046,3376,3450,75,12,4,59,0.16,0.0533,0.7867,59,1,6,1.0,0.0169,1.0,"""<num>.<num>.<num>.<num> - - [<num>/Dec/<num>:<num>:<num>:<num> +<num>]",residual_island
75,window_047,3451,3525,75,63,0,12,0.84,0.0,0.16,12,2,0,1.0,0.1667,1.0,"""<num>.<num>.<num>.<num> - - [<num>/Dec/<num>:<num>:<num>:<num> +<num>]",residual_island
75,window_048,3526,3600,75,71,0,4,0.9467,0.0,0.0533,4,2,0,1.0,0.5,1.0,"""<num>.<num>.<num>.<num> - - [<num>/Dec/<num>:<num>:<num>:<num> +<num>]",stable_attached_residual
75,window_049,3601,3675,75,72,0,3,0.96,0.0,0.04,3,2,0,1.0,0.6667,1.0,"""<num>.<num>.<num>.<num> - - [<num>/Dec/<num>:<num>:<num>:<num> +<num>]",stable_attached_residual
75,window_050,3676,3750,75,73,0,2,0.9733,0.0,0.0267,0,2,0,0.0,1.0,1.0,"""<num>.<num>.<num>.<num> - - [<num>/Dec/<num>:<num>:<num>:<num> +<num>]",stable_attached_residual
75,window_051,3751,3825,75,72,0,3,0.96,0.0,0.04,3,2,0,1.0,0.6667,1.0,"""<num>.<num>.<num>.<num> - - [<num>/Dec/<num>:<num>:<num>:<num> +<num>]",stable_attached_residual
75,window_052,3826,3900,75,74,0,1,0.9867,0.0,0.0133,0,1,0,0.0,1.0,1.0,"""<num>.<num>.<num>.<num> - - [<num>/Dec/<num>:<num>:<num>:<num> +<num>]",stable_attached_residual
75,window_053,3901,3975,75,71,3,1,0.9467,0.04,0.0133,0,1,0,0.0,1.0,1.0,"""<num>.<num>.<num>.<num> - - [<num>/Dec/<num>:<num>:<num>:<num> +<num>]",stable_attached_residual
75,window_054,3976,4050,75,72,3,0,0.96,0.04,0.0,0,0,0,0.0,0.0,0.0,,no_residual
75,window_055,4051,4125,75,51,15,9,0.68,0.2,0.12,8,2,4,0.8889,0.2222,1.0,"""<num>.<num>.<num>.<num> - - [<num>/Dec/<num>:<num>:<num>:<num> +<num>]",residual_island
75,window_056,4126,4200,75,70,4,1,0.9333,0.0533,0.0133,0,0,1,0.0,0.0,1.0,"""<num>.<num>.<num>.<num> - - [<num>/Dec/<num>:<num>:<num>:<num> +<num>]",diffuse_residual
75,window_057,4201,4275,75,54,2,19,0.72,0.0267,0.2533,19,1,3,1.0,0.0526,1.0,"""<num>.<num>.<num>.<num> - - [<num>/Dec/<num>:<num>:<num>:<num> +<num>]",residual_island
75,window_058,4276,4350,75,52,3,20,0.6933,0.04,0.2667,20,2,4,1.0,0.1,1.0,"""<num>.<num>.<num>.<num> - - [<num>/Dec/<num>:<num>:<num>:<num> +<num>]",residual_island
75,window_059,4351,4425,75,50,2,23,0.6667,0.0267,0.3067,23,3,3,1.0,0.1304,1.0,"""<num>.<num>.<num>.<num> - - [<num>/Dec/<num>:<num>:<num>:<num> +<num>]",residual_island
75,window_060,4426,4500,75,42,4,29,0.56,0.0533,0.3867,29,3,7,1.0,0.1034,1.0,"""<num>.<num>.<num>.<num> - - [<num>/Dec/<num>:<num>:<num>:<num> +<num>]",residual_island
75,window_061,4501,4575,75,54,0,21,0.72,0.0,0.28,21,2,0,1.0,0.0952,1.0,"""<num>.<num>.<num>.<num> - - [<num>/Dec/<num>:<num>:<num>:<num> +<num>]",residual_island
75,window_062,4576,4650,75,48,2,25,0.64,0.0267,0.3333,25,2,2,1.0,0.08,1.0,"""<num>.<num>.<num>.<num> - - [<num>/Dec/<num>:<num>:<num>:<num> +<num>]",residual_island
75,window_063,4651,4725,75,44,0,31,0.5867,0.0,0.4133,31,2,0,1.0,0.0645,1.0,"""<num>.<num>.<num>.<num> - - [<num>/Dec/<num>:<num>:<num>:<num> +<num>]",residual_island
75,window_064,4726,4800,75,39,4,32,0.52,0.0533,0.4267,32,2,4,1.0,0.0625,1.0,"""<num>.<num>.<num>.<num> - - [<num>/Dec/<num>:<num>:<num>:<num> +<num>]",residual_island
75,window_065,4801,4875,75,49,3,23,0.6533,0.04,0.3067,23,3,3,1.0,0.1304,1.0,"""<num>.<num>.<num>.<num> - - [<num>/Dec/<num>:<num>:<num>:<num> +<num>]",residual_island
75,window_066,4876,4950,75,25,7,43,0.3333,0.0933,0.5733,42,3,4,0.9767,0.0698,1.0,"""<num>.<num>.<num>.<num> - - [<num>/Dec/<num>:<num>:<num>:<num> +<num>]",residual_island
75,window_067,4951,5025,75,16,7,52,0.2133,0.0933,0.6933,52,3,8,1.0,0.0577,1.0,"""<num>.<num>.<num>.<num> - - [<num>/Dec/<num>:<num>:<num>:<num> +<num>]",residual_island
75,window_068,5026,5100,75,30,8,37,0.4,0.1067,0.4933,34,2,8,0.9189,0.0541,1.0,"""<num>.<num>.<num>.<num> - - [<num>/Dec/<num>:<num>:<num>:<num> +<num>]",residual_island
75,window_069,5101,5175,75,48,5,22,0.64,0.0667,0.2933,21,2,5,0.9545,0.0909,1.0,"""<num>.<num>.<num>.<num> - - [<num>/Dec/<num>:<num>:<num>:<num> +<num>]",residual_island
75,window_070,5176,5250,75,16,2,57,0.2133,0.0267,0.76,57,3,4,1.0,0.0526,1.0,"""<num>.<num>.<num>.<num> - - [<num>/Dec/<num>:<num>:<num>:<num> +<num>]",residual_island
75,window_071,5251,5325,75,22,4,49,0.2933,0.0533,0.6533,48,3,6,0.9796,0.0612,1.0,"""<num>.<num>.<num>.<num> - - [<num>/Dec/<num>:<num>:<num>:<num> +<num>]",residual_island
75,window_072,5326,5400,75,46,0,29,0.6133,0.0,0.3867,29,4,0,1.0,0.1379,1.0,"""<num>.<num>.<num>.<num> - - [<num>/Dec/<num>:<num>:<num>:<num> +<num>]",residual_island
75,window_073,5401,5475,75,71,0,4,0.9467,0.0,0.0533,4,2,0,1.0,0.5,1.0,"""<num>.<num>.<num>.<num> - - [<num>/Dec/<num>:<num>:<num>:<num> +<num>]",stable_attached_residual
75,window_074,5476,5550,75,72,0,3,0.96,0.0,0.04,2,3,0,0.6667,1.0,1.0,"""<num>.<num>.<num>.<num> - - [<num>/Dec/<num>:<num>:<num>:<num> +<num>]",stable_attached_residual
75,window_075,5551,5625,75,60,4,11,0.8,0.0533,0.1467,10,2,4,0.9091,0.1818,1.0,"""<num>.<num>.<num>.<num> - - [<num>/Dec/<num>:<num>:<num>:<num> +<num>]",residual_island
75,window_076,5626,5700,75,38,10,27,0.5067,0.1333,0.36,26,2,10,0.963,0.0741,1.0,"""<num>.<num>.<num>.<num> - - [<num>/Dec/<num>:<num>:<num>:<num> +<num>]",residual_island
75,window_077,5701,5775,75,30,3,42,0.4,0.04,0.56,42,2,6,1.0,0.0476,1.0,"""<num>.<num>.<num>.<num> - - [<num>/Dec/<num>:<num>:<num>:<num> +<num>]",residual_island
75,window_078,5776,5850,75,36,3,36,0.48,0.04,0.48,35,4,3,0.9722,0.1111,1.0,"""<num>.<num>.<num>.<num> - - [<num>/Dec/<num>:<num>:<num>:<num> +<num>]",residual_island
75,window_079,5851,5925,75,23,2,50,0.3067,0.0267,0.6667,50,5,2,1.0,0.1,1.0,"""<num>.<num>.<num>.<num> - - [<num>/Dec/<num>:<num>:<num>:<num> +<num>]",residual_island
75,window_080,5926,6000,75,14,10,51,0.1867,0.1333,0.68,49,2,10,0.9608,0.0392,1.0,"""<num>.<num>.<num>.<num> - - [<num>/Dec/<num>:<num>:<num>:<num> +<num>]",residual_island
75,window_081,6001,6075,75,11,4,60,0.1467,0.0533,0.8,60,3,5,1.0,0.05,1.0,"""<num>.<num>.<num>.<num> - - [<num>/Dec/<num>:<num>:<num>:<num> +<num>]",residual_island
75,window_082,6076,6150,75,2,15,58,0.0267,0.2,0.7733,54,1,14,0.931,0.0172,1.0,"""<num>.<num>.<num>.<num> - - [<num>/Dec/<num>:<num>:<num>:<num> +<num>]",residual_island
75,window_083,6151,6225,75,11,4,60,0.1467,0.0533,0.8,60,4,5,1.0,0.0667,1.0,"""<num>.<num>.<num>.<num> - - [<num>/Dec/<num>:<num>:<num>:<num> +<num>]",residual_island
75,window_084,6226,6300,75,0,3,72,0.0,0.04,0.96,72,0,5,1.0,0.0,1.0,"""<num>.<num>.<num>.<num> - - [<num>/Dec/<num>:<num>:<num>:<num> +<num>]",residual_island
75,window_085,6301,6375,75,0,8,67,0.0,0.1067,0.8933,67,0,8,1.0,0.0,1.0,"""<num>.<num>.<num>.<num> - - [<num>/Dec/<num>:<num>:<num>:<num> +<num>]",residual_island
75,window_086,6376,6450,75,0,11,64,0.0,0.1467,0.8533,63,0,14,0.9844,0.0,1.0,"""<num>.<num>.<num>.<num> - - [<num>/Dec/<num>:<num>:<num>:<num> +<num>]",residual_island
75,window_087,6451,6525,75,0,11,64,0.0,0.1467,0.8533,63,0,12,0.9844,0.0,1.0,"""<num>.<num>.<num>.<num> - - [<num>/Dec/<num>:<num>:<num>:<num> +<num>]",residual_island
75,window_088,6526,6600,75,0,8,67,0.0,0.1067,0.8933,66,0,9,0.9851,0.0,1.0,"""<num>.<num>.<num>.<num> - - [<num>/Dec/<num>:<num>:<num>:<num> +<num>]",residual_island
75,window_089,6601,6675,75,0,8,67,0.0,0.1067,0.8933,67,0,10,1.0,0.0,1.0,"""<num>.<num>.<num>.<num> - - [<num>/Dec/<num>:<num>:<num>:<num> +<num>]",residual_island
75,window_090,6676,6750,75,0,19,56,0.0,0.2533,0.7467,54,0,18,0.9643,0.0,1.0,"""<num>.<num>.<num>.<num> - - [<num>/Dec/<num>:<num>:<num>:<num> +<num>]",residual_island
75,window_091,6751,6825,75,0,5,70,0.0,0.0667,0.9333,69,0,7,0.9857,0.0,1.0,"""<num>.<num>.<num>.<num> - - [<num>/Dec/<num>:<num>:<num>:<num> +<num>]",residual_island
75,window_092,6826,6900,75,0,4,71,0.0,0.0533,0.9467,71,0,5,1.0,0.0,1.0,"""<num>.<num>.<num>.<num> - - [<num>/Dec/<num>:<num>:<num>:<num> +<num>]",residual_island
75,window_093,6901,6975,75,29,4,42,0.3867,0.0533,0.56,40,5,8,0.9524,0.119,1.0,"""<num>.<num>.<num>.<num> - - [<num>/Dec/<num>:<num>:<num>:<num> +<num>]",residual_island
75,window_094,6976,7050,75,51,0,24,0.68,0.0,0.32,23,19,0,0.9583,0.7917,1.0,"""<num>.<num>.<num>.<num> - - [<num>/Dec/<num>:<num>:<num>:<num> +<num>]",stable_attached_residual
75,window_095,7051,7125,75,67,0,8,0.8933,0.0,0.1067,2,8,0,0.25,1.0,1.0,"""<num>.<num>.<num>.<num> - - [<num>/Dec/<num>:<num>:<num>:<num> +<num>]",stable_attached_residual
75,window_096,7126,7200,75,67,2,6,0.8933,0.0267,0.08,0,6,0,0.0,1.0,1.0,"""<num>.<num>.<num>.<num> - - [<num>/Dec/<num>:<num>:<num>:<num> +<num>]",stable_attached_residual
75,window_097,7201,7275,75,38,8,29,0.5067,0.1067,0.3867,24,6,4,0.8276,0.2069,1.0,"""<num>.<num>.<num>.<num> - - [<num>/Dec/<num>:<num>:<num>:<num> +<num>]",residual_island
75,window_098,7276,7314,39,23,2,14,0.5897,0.0513,0.359,11,4,2,0.7857,0.2857,1.0,"""<num>.<num>.<num>.<num> - - [<num>/Dec/<num>:<num>:<num>:<num> +<num>]",partial_residual_cluster
100,window_001,1,100,100,0,98,2,0.0,0.98,0.02,0,0,2,0.0,0.0,1.0,"""<num>.<num>.<num>.<num> - - [<num>/Dec/<num>:<num>:<num>:<num> +<num>]",diffuse_residual
100,window_002,101,200,100,0,100,0,0.0,1.0,0.0,0,0,0,0.0,0.0,0.0,,no_residual
100,window_003,201,300,100,0,25,75,0.0,0.25,0.75,66,0,16,0.88,0.0,1.0,"""<num>.<num>.<num>.<num> - - [<num>/Dec/<num>:<num>:<num>:<num> +<num>]",residual_island
100,window_004,301,400,100,0,0,100,0.0,0.0,1.0,100,0,0,1.0,0.0,1.0,"""<num>.<num>.<num>.<num> - - [<num>/Dec/<num>:<num>:<num>:<num> +<num>]",residual_island
100,window_005,401,500,100,0,0,100,0.0,0.0,1.0,100,0,0,1.0,0.0,1.0,"""<num>.<num>.<num>.<num> - - [<num>/Dec/<num>:<num>:<num>:<num> +<num>]",residual_island
100,window_006,501,600,100,0,4,96,0.0,0.04,0.96,96,0,2,1.0,0.0,1.0,"""<num>.<num>.<num>.<num> - - [<num>/Dec/<num>:<num>:<num>:<num> +<num>]",residual_island
100,window_007,601,700,100,0,0,100,0.0,0.0,1.0,100,0,0,1.0,0.0,1.0,"""<num>.<num>.<num>.<num> - - [<num>/Dec/<num>:<num>:<num>:<num> +<num>]",residual_island
100,window_008,701,800,100,0,0,100,0.0,0.0,1.0,100,0,0,1.0,0.0,1.0,"""<num>.<num>.<num>.<num> - - [<num>/Dec/<num>:<num>:<num>:<num> +<num>]",residual_island
100,window_009,801,900,100,0,0,100,0.0,0.0,1.0,100,0,0,1.0,0.0,1.0,"""<num>.<num>.<num>.<num> - - [<num>/Dec/<num>:<num>:<num>:<num> +<num>]",residual_island
100,window_010,901,1000,100,1,0,99,0.01,0.0,0.99,99,2,0,1.0,0.0202,1.0,"""<num>.<num>.<num>.<num> - - [<num>/Dec/<num>:<num>:<num>:<num> +<num>]",residual_island
100,window_011,1001,1100,100,0,0,100,0.0,0.0,1.0,100,0,0,1.0,0.0,1.0,"""<num>.<num>.<num>.<num> - - [<num>/Dec/<num>:<num>:<num>:<num> +<num>]",residual_island
100,window_012,1101,1200,100,0,0,100,0.0,0.0,1.0,100,0,0,1.0,0.0,1.0,"""<num>.<num>.<num>.<num> - - [<num>/Dec/<num>:<num>:<num>:<num> +<num>]",residual_island
100,window_013,1201,1300,100,0,0,100,0.0,0.0,1.0,100,0,0,1.0,0.0,1.0,"""<num>.<num>.<num>.<num> - - [<num>/Dec/<num>:<num>:<num>:<num> +<num>]",residual_island
100,window_014,1301,1400,100,0,0,100,0.0,0.0,1.0,100,0,0,1.0,0.0,1.0,"""<num>.<num>.<num>.<num> - - [<num>/Dec/<num>:<num>:<num>:<num> +<num>]",residual_island
100,window_015,1401,1500,100,0,0,100,0.0,0.0,1.0,100,0,0,1.0,0.0,1.0,"""<num>.<num>.<num>.<num> - - [<num>/Dec/<num>:<num>:<num>:<num> +<num>]",residual_island
100,window_016,1501,1600,100,0,0,100,0.0,0.0,1.0,100,0,0,1.0,0.0,1.0,"""<num>.<num>.<num>.<num> - - [<num>/Dec/<num>:<num>:<num>:<num> +<num>]",residual_island
100,window_017,1601,1700,100,0,0,100,0.0,0.0,1.0,100,0,0,1.0,0.0,1.0,"""<num>.<num>.<num>.<num> - - [<num>/Dec/<num>:<num>:<num>:<num> +<num>]",residual_island
100,window_018,1701,1800,100,0,6,94,0.0,0.06,0.94,93,0,5,0.9894,0.0,1.0,"""<num>.<num>.<num>.<num> - - [<num>/Dec/<num>:<num>:<num>:<num> +<num>]",residual_island
100,window_019,1801,1900,100,1,7,92,0.01,0.07,0.92,92,1,9,1.0,0.0109,1.0,"""<num>.<num>.<num>.<num> - - [<num>/Dec/<num>:<num>:<num>:<num> +<num>]",residual_island
100,window_020,1901,2000,100,0,5,95,0.0,0.05,0.95,95,0,6,1.0,0.0,1.0,"""<num>.<num>.<num>.<num> - - [<num>/Dec/<num>:<num>:<num>:<num> +<num>]",residual_island
100,window_021,2001,2100,100,3,10,87,0.03,0.1,0.87,87,0,8,1.0,0.0,1.0,"""<num>.<num>.<num>.<num> - - [<num>/Dec/<num>:<num>:<num>:<num> +<num>]",residual_island
100,window_022,2101,2200,100,0,6,94,0.0,0.06,0.94,94,0,4,1.0,0.0,1.0,"""<num>.<num>.<num>.<num> - - [<num>/Dec/<num>:<num>:<num>:<num> +<num>]",residual_island
100,window_023,2201,2300,100,0,14,86,0.0,0.14,0.86,86,0,10,1.0,0.0,1.0,"""<num>.<num>.<num>.<num> - - [<num>/Dec/<num>:<num>:<num>:<num> +<num>]",residual_island
100,window_024,2301,2400,100,0,13,87,0.0,0.13,0.87,87,0,9,1.0,0.0,1.0,"""<num>.<num>.<num>.<num> - - [<num>/Dec/<num>:<num>:<num>:<num> +<num>]",residual_island
100,window_025,2401,2500,100,1,19,80,0.01,0.19,0.8,80,0,15,1.0,0.0,1.0,"""<num>.<num>.<num>.<num> - - [<num>/Dec/<num>:<num>:<num>:<num> +<num>]",residual_island
100,window_026,2501,2600,100,0,23,77,0.0,0.23,0.77,76,0,12,0.987,0.0,1.0,"""<num>.<num>.<num>.<num> - - [<num>/Dec/<num>:<num>:<num>:<num> +<num>]",residual_island
100,window_027,2601,2700,100,0,28,72,0.0,0.28,0.72,72,0,15,1.0,0.0,1.0,"""<num>.<num>.<num>.<num> - - [<num>/Dec/<num>:<num>:<num>:<num> +<num>]",residual_island
100,window_028,2701,2800,100,0,26,74,0.0,0.26,0.74,74,0,16,1.0,0.0,1.0,"""<num>.<num>.<num>.<num> - - [<num>/Dec/<num>:<num>:<num>:<num> +<num>]",residual_island
100,window_029,2801,2900,100,0,6,94,0.0,0.06,0.94,94,0,4,1.0,0.0,1.0,"""<num>.<num>.<num>.<num> - - [<num>/Dec/<num>:<num>:<num>:<num> +<num>]",residual_island
100,window_030,2901,3000,100,0,7,93,0.0,0.07,0.93,93,0,8,1.0,0.0,1.0,"""<num>.<num>.<num>.<num> - - [<num>/Dec/<num>:<num>:<num>:<num> +<num>]",residual_island
100,window_031,3001,3100,100,0,14,86,0.0,0.14,0.86,86,0,8,1.0,0.0,1.0,"""<num>.<num>.<num>.<num> - - [<num>/Dec/<num>:<num>:<num>:<num> +<num>]",residual_island
100,window_032,3101,3200,100,0,8,92,0.0,0.08,0.92,92,0,8,1.0,0.0,1.0,"""<num>.<num>.<num>.<num> - - [<num>/Dec/<num>:<num>:<num>:<num> +<num>]",residual_island
100,window_033,3201,3300,100,0,10,90,0.0,0.1,0.9,90,0,10,1.0,0.0,1.0,"""<num>.<num>.<num>.<num> - - [<num>/Dec/<num>:<num>:<num>:<num> +<num>]",residual_island
100,window_034,3301,3400,100,0,10,90,0.0,0.1,0.9,90,0,12,1.0,0.0,1.0,"""<num>.<num>.<num>.<num> - - [<num>/Dec/<num>:<num>:<num>:<num> +<num>]",residual_island
100,window_035,3401,3500,100,50,2,48,0.5,0.02,0.48,48,3,2,1.0,0.0625,1.0,"""<num>.<num>.<num>.<num> - - [<num>/Dec/<num>:<num>:<num>:<num> +<num>]",residual_island
100,window_036,3501,3600,100,96,0,4,0.96,0.0,0.04,4,2,0,1.0,0.5,1.0,"""<num>.<num>.<num>.<num> - - [<num>/Dec/<num>:<num>:<num>:<num> +<num>]",stable_attached_residual
100,window_037,3601,3700,100,96,0,4,0.96,0.0,0.04,3,3,0,0.75,0.75,1.0,"""<num>.<num>.<num>.<num> - - [<num>/Dec/<num>:<num>:<num>:<num> +<num>]",stable_attached_residual
100,window_038,3701,3800,100,99,0,1,0.99,0.0,0.01,0,1,0,0.0,1.0,1.0,"""<num>.<num>.<num>.<num> - - [<num>/Dec/<num>:<num>:<num>:<num> +<num>]",stable_attached_residual
100,window_039,3801,3900,100,96,0,4,0.96,0.0,0.04,3,3,0,0.75,0.75,1.0,"""<num>.<num>.<num>.<num> - - [<num>/Dec/<num>:<num>:<num>:<num> +<num>]",stable_attached_residual
100,window_040,3901,4000,100,93,6,1,0.93,0.06,0.01,0,1,0,0.0,1.0,1.0,"""<num>.<num>.<num>.<num> - - [<num>/Dec/<num>:<num>:<num>:<num> +<num>]",stable_attached_residual
100,window_041,4001,4100,100,90,10,0,0.9,0.1,0.0,0,0,0,0.0,0.0,0.0,,no_residual
100,window_042,4101,4200,100,81,9,10,0.81,0.09,0.1,8,2,5,0.8,0.2,1.0,"""<num>.<num>.<num>.<num> - - [<num>/Dec/<num>:<num>:<num>:<num> +<num>]",residual_island
100,window_043,4201,4300,100,79,2,19,0.79,0.02,0.19,19,1,3,1.0,0.0526,1.0,"""<num>.<num>.<num>.<num> - - [<num>/Dec/<num>:<num>:<num>:<num> +<num>]",residual_island
100,window_044,4301,4400,100,55,4,41,0.55,0.04,0.41,41,4,6,1.0,0.0976,1.0,"""<num>.<num>.<num>.<num> - - [<num>/Dec/<num>:<num>:<num>:<num> +<num>]",residual_island
100,window_045,4401,4500,100,64,5,31,0.64,0.05,0.31,31,4,8,1.0,0.129,1.0,"""<num>.<num>.<num>.<num> - - [<num>/Dec/<num>:<num>:<num>:<num> +<num>]",residual_island
100,window_046,4501,4600,100,79,0,21,0.79,0.0,0.21,21,2,0,1.0,0.0952,1.0,"""<num>.<num>.<num>.<num> - - [<num>/Dec/<num>:<num>:<num>:<num> +<num>]",residual_island
100,window_047,4601,4700,100,51,2,47,0.51,0.02,0.47,47,3,2,1.0,0.0638,1.0,"""<num>.<num>.<num>.<num> - - [<num>/Dec/<num>:<num>:<num>:<num> +<num>]",residual_island
100,window_048,4701,4800,100,55,4,41,0.55,0.04,0.41,41,3,4,1.0,0.0732,1.0,"""<num>.<num>.<num>.<num> - - [<num>/Dec/<num>:<num>:<num>:<num> +<num>]",residual_island
100,window_049,4801,4900,100,50,10,40,0.5,0.1,0.4,39,3,7,0.975,0.075,1.0,"""<num>.<num>.<num>.<num> - - [<num>/Dec/<num>:<num>:<num>:<num> +<num>]",residual_island
100,window_050,4901,5000,100,40,2,58,0.4,0.02,0.58,58,5,2,1.0,0.0862,1.0,"""<num>.<num>.<num>.<num> - - [<num>/Dec/<num>:<num>:<num>:<num> +<num>]",residual_island
100,window_051,5001,5100,100,30,13,57,0.3,0.13,0.57,54,3,14,0.9474,0.0526,1.0,"""<num>.<num>.<num>.<num> - - [<num>/Dec/<num>:<num>:<num>:<num> +<num>]",residual_island
100,window_052,5101,5200,100,50,7,43,0.5,0.07,0.43,42,3,9,0.9767,0.0698,1.0,"""<num>.<num>.<num>.<num> - - [<num>/Dec/<num>:<num>:<num>:<num> +<num>]",residual_island
100,window_053,5201,5300,100,24,3,73,0.24,0.03,0.73,73,4,4,1.0,0.0548,1.0,"""<num>.<num>.<num>.<num> - - [<num>/Dec/<num>:<num>:<num>:<num> +<num>]",residual_island
100,window_054,5301,5400,100,58,1,41,0.58,0.01,0.41,40,5,2,0.9756,0.122,1.0,"""<num>.<num>.<num>.<num> - - [<num>/Dec/<num>:<num>:<num>:<num> +<num>]",residual_island
100,window_055,5401,5500,100,96,0,4,0.96,0.0,0.04,4,2,0,1.0,0.5,1.0,"""<num>.<num>.<num>.<num> - - [<num>/Dec/<num>:<num>:<num>:<num> +<num>]",stable_attached_residual
100,window_056,5501,5600,100,82,4,14,0.82,0.04,0.14,12,5,4,0.8571,0.3571,1.0,"""<num>.<num>.<num>.<num> - - [<num>/Dec/<num>:<num>:<num>:<num> +<num>]",partial_residual_cluster
100,window_057,5601,5700,100,63,10,27,0.63,0.1,0.27,26,2,10,0.963,0.0741,1.0,"""<num>.<num>.<num>.<num> - - [<num>/Dec/<num>:<num>:<num>:<num> +<num>]",residual_island
100,window_058,5701,5800,100,45,5,50,0.45,0.05,0.5,50,3,8,1.0,0.06,1.0,"""<num>.<num>.<num>.<num> - - [<num>/Dec/<num>:<num>:<num>:<num> +<num>]",residual_island
100,window_059,5801,5900,100,27,3,70,0.27,0.03,0.7,69,5,3,0.9857,0.0714,1.0,"""<num>.<num>.<num>.<num> - - [<num>/Dec/<num>:<num>:<num>:<num> +<num>]",residual_island
100,window_060,5901,6000,100,31,10,59,0.31,0.1,0.59,57,5,10,0.9661,0.0847,1.0,"""<num>.<num>.<num>.<num> - - [<num>/Dec/<num>:<num>:<num>:<num> +<num>]",residual_island
100,window_061,6001,6100,100,11,7,82,0.11,0.07,0.82,81,3,10,0.9878,0.0366,1.0,"""<num>.<num>.<num>.<num> - - [<num>/Dec/<num>:<num>:<num>:<num> +<num>]",residual_island
100,window_062,6101,6200,100,8,15,77,0.08,0.15,0.77,74,3,13,0.961,0.039,1.0,"""<num>.<num>.<num>.<num> - - [<num>/Dec/<num>:<num>:<num>:<num> +<num>]",residual_island
100,window_063,6201,6300,100,5,4,91,0.05,0.04,0.91,91,2,6,1.0,0.022,1.0,"""<num>.<num>.<num>.<num> - - [<num>/Dec/<num>:<num>:<num>:<num> +<num>]",residual_island
100,window_064,6301,6400,100,0,10,90,0.0,0.1,0.9,90,0,10,1.0,0.0,1.0,"""<num>.<num>.<num>.<num> - - [<num>/Dec/<num>:<num>:<num>:<num> +<num>]",residual_island
100,window_065,6401,6500,100,0,16,84,0.0,0.16,0.84,82,0,21,0.9762,0.0,1.0,"""<num>.<num>.<num>.<num> - - [<num>/Dec/<num>:<num>:<num>:<num> +<num>]",residual_island
100,window_066,6501,6600,100,0,12,88,0.0,0.12,0.88,87,0,12,0.9886,0.0,1.0,"""<num>.<num>.<num>.<num> - - [<num>/Dec/<num>:<num>:<num>:<num> +<num>]",residual_island
100,window_067,6601,6700,100,0,16,84,0.0,0.16,0.84,82,0,19,0.9762,0.0,1.0,"""<num>.<num>.<num>.<num> - - [<num>/Dec/<num>:<num>:<num>:<num> +<num>]",residual_island
100,window_068,6701,6800,100,0,16,84,0.0,0.16,0.84,83,0,16,0.9881,0.0,1.0,"""<num>.<num>.<num>.<num> - - [<num>/Dec/<num>:<num>:<num>:<num> +<num>]",residual_island
100,window_069,6801,6900,100,0,4,96,0.0,0.04,0.96,96,0,5,1.0,0.0,1.0,"""<num>.<num>.<num>.<num> - - [<num>/Dec/<num>:<num>:<num>:<num> +<num>]",residual_island
100,window_070,6901,7000,100,46,4,50,0.46,0.04,0.5,48,11,8,0.96,0.22,1.0,"""<num>.<num>.<num>.<num> - - [<num>/Dec/<num>:<num>:<num>:<num> +<num>]",residual_island
100,window_071,7001,7100,100,79,0,21,0.79,0.0,0.21,17,18,0,0.8095,0.8571,1.0,"""<num>.<num>.<num>.<num> - - [<num>/Dec/<num>:<num>:<num>:<num> +<num>]",stable_attached_residual
100,window_072,7101,7200,100,89,2,9,0.89,0.02,0.09,0,9,0,0.0,1.0,1.0,"""<num>.<num>.<num>.<num> - - [<num>/Dec/<num>:<num>:<num>:<num> +<num>]",stable_attached_residual
100,window_073,7201,7300,100,49,10,41,0.49,0.1,0.41,35,8,6,0.8537,0.1951,1.0,"""<num>.<num>.<num>.<num> - - [<num>/Dec/<num>:<num>:<num>:<num> +<num>]",residual_island
100,window_074,7301,7314,14,12,0,2,0.8571,0.0,0.1429,0,2,0,0.0,1.0,1.0,"""<num>.<num>.<num>.<num> - - [<num>/Dec/<num>:<num>:<num>:<num> +<num>]",stable_attached_residual
150,window_001,1,150,150,0,148,2,0.0,0.9867,0.0133,0,0,2,0.0,0.0,1.0,"""<num>.<num>.<num>.<num> - - [<num>/Dec/<num>:<num>:<num>:<num> +<num>]",diffuse_residual
150,window_002,151,300,150,0,75,75,0.0,0.5,0.5,66,0,16,0.88,0.0,1.0,"""<num>.<num>.<num>.<num> - - [<num>/Dec/<num>:<num>:<num>:<num> +<num>]",residual_island
150,window_003,301,450,150,0,0,150,0.0,0.0,1.0,150,0,0,1.0,0.0,1.0,"""<num>.<num>.<num>.<num> - - [<num>/Dec/<num>:<num>:<num>:<num> +<num>]",residual_island
150,window_004,451,600,150,0,4,146,0.0,0.0267,0.9733,146,0,2,1.0,0.0,1.0,"""<num>.<num>.<num>.<num> - - [<num>/Dec/<num>:<num>:<num>:<num> +<num>]",residual_island
150,window_005,601,750,150,0,0,150,0.0,0.0,1.0,150,0,0,1.0,0.0,1.0,"""<num>.<num>.<num>.<num> - - [<num>/Dec/<num>:<num>:<num>:<num> +<num>]",residual_island
150,window_006,751,900,150,0,0,150,0.0,0.0,1.0,150,0,0,1.0,0.0,1.0,"""<num>.<num>.<num>.<num> - - [<num>/Dec/<num>:<num>:<num>:<num> +<num>]",residual_island
150,window_007,901,1050,150,1,0,149,0.0067,0.0,0.9933,149,2,0,1.0,0.0134,1.0,"""<num>.<num>.<num>.<num> - - [<num>/Dec/<num>:<num>:<num>:<num> +<num>]",residual_island
150,window_008,1051,1200,150,0,0,150,0.0,0.0,1.0,150,0,0,1.0,0.0,1.0,"""<num>.<num>.<num>.<num> - - [<num>/Dec/<num>:<num>:<num>:<num> +<num>]",residual_island
150,window_009,1201,1350,150,0,0,150,0.0,0.0,1.0,150,0,0,1.0,0.0,1.0,"""<num>.<num>.<num>.<num> - - [<num>/Dec/<num>:<num>:<num>:<num> +<num>]",residual_island
150,window_010,1351,1500,150,0,0,150,0.0,0.0,1.0,150,0,0,1.0,0.0,1.0,"""<num>.<num>.<num>.<num> - - [<num>/Dec/<num>:<num>:<num>:<num> +<num>]",residual_island
150,window_011,1501,1650,150,0,0,150,0.0,0.0,1.0,150,0,0,1.0,0.0,1.0,"""<num>.<num>.<num>.<num> - - [<num>/Dec/<num>:<num>:<num>:<num> +<num>]",residual_island
150,window_012,1651,1800,150,0,6,144,0.0,0.04,0.96,143,0,5,0.9931,0.0,1.0,"""<num>.<num>.<num>.<num> - - [<num>/Dec/<num>:<num>:<num>:<num> +<num>]",residual_island
150,window_013,1801,1950,150,1,7,142,0.0067,0.0467,0.9467,142,1,9,1.0,0.007,1.0,"""<num>.<num>.<num>.<num> - - [<num>/Dec/<num>:<num>:<num>:<num> +<num>]",residual_island
150,window_014,1951,2100,150,3,15,132,0.02,0.1,0.88,132,0,14,1.0,0.0,1.0,"""<num>.<num>.<num>.<num> - - [<num>/Dec/<num>:<num>:<num>:<num> +<num>]",residual_island
150,window_015,2101,2250,150,0,14,136,0.0,0.0933,0.9067,136,0,10,1.0,0.0,1.0,"""<num>.<num>.<num>.<num> - - [<num>/Dec/<num>:<num>:<num>:<num> +<num>]",residual_island
150,window_016,2251,2400,150,0,19,131,0.0,0.1267,0.8733,131,0,13,1.0,0.0,1.0,"""<num>.<num>.<num>.<num> - - [<num>/Dec/<num>:<num>:<num>:<num> +<num>]",residual_island
150,window_017,2401,2550,150,1,23,126,0.0067,0.1533,0.84,126,0,19,1.0,0.0,1.0,"""<num>.<num>.<num>.<num> - - [<num>/Dec/<num>:<num>:<num>:<num> +<num>]",residual_island
150,window_018,2551,2700,150,0,47,103,0.0,0.3133,0.6867,102,0,23,0.9903,0.0,1.0,"""<num>.<num>.<num>.<num> - - [<num>/Dec/<num>:<num>:<num>:<num> +<num>]",residual_island
150,window_019,2701,2850,150,0,32,118,0.0,0.2133,0.7867,118,0,20,1.0,0.0,1.0,"""<num>.<num>.<num>.<num> - - [<num>/Dec/<num>:<num>:<num>:<num> +<num>]",residual_island
150,window_020,2851,3000,150,0,7,143,0.0,0.0467,0.9533,143,0,8,1.0,0.0,1.0,"""<num>.<num>.<num>.<num> - - [<num>/Dec/<num>:<num>:<num>:<num> +<num>]",residual_island
150,window_021,3001,3150,150,0,15,135,0.0,0.1,0.9,135,0,10,1.0,0.0,1.0,"""<num>.<num>.<num>.<num> - - [<num>/Dec/<num>:<num>:<num>:<num> +<num>]",residual_island
150,window_022,3151,3300,150,0,17,133,0.0,0.1133,0.8867,133,0,16,1.0,0.0,1.0,"""<num>.<num>.<num>.<num> - - [<num>/Dec/<num>:<num>:<num>:<num> +<num>]",residual_island
150,window_023,3301,3450,150,12,12,126,0.08,0.08,0.84,126,1,14,1.0,0.0079,1.0,"""<num>.<num>.<num>.<num> - - [<num>/Dec/<num>:<num>:<num>:<num> +<num>]",residual_island
150,window_024,3451,3600,150,134,0,16,0.8933,0.0,0.1067,16,4,0,1.0,0.25,1.0,"""<num>.<num>.<num>.<num> - - [<num>/Dec/<num>:<num>:<num>:<num> +<num>]",partial_residual_cluster
150,window_025,3601,3750,150,145,0,5,0.9667,0.0,0.0333,3,4,0,0.6,0.8,1.0,"""<num>.<num>.<num>.<num> - - [<num>/Dec/<num>:<num>:<num>:<num> +<num>]",stable_attached_residual
150,window_026,3751,3900,150,146,0,4,0.9733,0.0,0.0267,3,3,0,0.75,0.75,1.0,"""<num>.<num>.<num>.<num> - - [<num>/Dec/<num>:<num>:<num>:<num> +<num>]",stable_attached_residual
150,window_027,3901,4050,150,143,6,1,0.9533,0.04,0.0067,0,1,0,0.0,1.0,1.0,"""<num>.<num>.<num>.<num> - - [<num>/Dec/<num>:<num>:<num>:<num> +<num>]",stable_attached_residual
150,window_028,4051,4200,150,121,19,10,0.8067,0.1267,0.0667,8,2,5,0.8,0.2,1.0,"""<num>.<num>.<num>.<num> - - [<num>/Dec/<num>:<num>:<num>:<num> +<num>]",residual_island
150,window_029,4201,4350,150,106,5,39,0.7067,0.0333,0.26,39,3,7,1.0,0.0769,1.0,"""<num>.<num>.<num>.<num> - - [<num>/Dec/<num>:<num>:<num>:<num> +<num>]",residual_island
150,window_030,4351,4500,150,92,6,52,0.6133,0.04,0.3467,52,6,10,1.0,0.1154,1.0,"""<num>.<num>.<num>.<num> - - [<num>/Dec/<num>:<num>:<num>:<num> +<num>]",residual_island
150,window_031,4501,4650,150,102,2,46,0.68,0.0133,0.3067,46,4,2,1.0,0.087,1.0,"""<num>.<num>.<num>.<num> - - [<num>/Dec/<num>:<num>:<num>:<num> +<num>]",residual_island
150,window_032,4651,4800,150,83,4,63,0.5533,0.0267,0.42,63,4,4,1.0,0.0635,1.0,"""<num>.<num>.<num>.<num> - - [<num>/Dec/<num>:<num>:<num>:<num> +<num>]",residual_island
150,window_033,4801,4950,150,74,10,66,0.4933,0.0667,0.44,65,6,7,0.9848,0.0909,1.0,"""<num>.<num>.<num>.<num> - - [<num>/Dec/<num>:<num>:<num>:<num> +<num>]",residual_island
150,window_034,4951,5100,150,46,15,89,0.3067,0.1,0.5933,86,5,16,0.9663,0.0562,1.0,"""<num>.<num>.<num>.<num> - - [<num>/Dec/<num>:<num>:<num>:<num> +<num>]",residual_island
150,window_035,5101,5250,150,64,7,79,0.4267,0.0467,0.5267,78,5,9,0.9873,0.0633,1.0,"""<num>.<num>.<num>.<num> - - [<num>/Dec/<num>:<num>:<num>:<num> +<num>]",residual_island
150,window_036,5251,5400,150,68,4,78,0.4533,0.0267,0.52,77,7,6,0.9872,0.0897,1.0,"""<num>.<num>.<num>.<num> - - [<num>/Dec/<num>:<num>:<num>:<num> +<num>]",residual_island
150,window_037,5401,5550,150,143,0,7,0.9533,0.0,0.0467,6,5,0,0.8571,0.7143,1.0,"""<num>.<num>.<num>.<num> - - [<num>/Dec/<num>:<num>:<num>:<num> +<num>]",stable_attached_residual
150,window_038,5551,5700,150,98,14,38,0.6533,0.0933,0.2533,36,4,14,0.9474,0.1053,1.0,"""<num>.<num>.<num>.<num> - - [<num>/Dec/<num>:<num>:<num>:<num> +<num>]",residual_island
150,window_039,5701,5850,150,66,6,78,0.44,0.04,0.52,77,6,9,0.9872,0.0769,1.0,"""<num>.<num>.<num>.<num> - - [<num>/Dec/<num>:<num>:<num>:<num> +<num>]",residual_island
150,window_040,5851,6000,150,37,12,101,0.2467,0.08,0.6733,99,7,12,0.9802,0.0693,1.0,"""<num>.<num>.<num>.<num> - - [<num>/Dec/<num>:<num>:<num>:<num> +<num>]",residual_island
150,window_041,6001,6150,150,13,19,118,0.0867,0.1267,0.7867,114,4,19,0.9661,0.0339,1.0,"""<num>.<num>.<num>.<num> - - [<num>/Dec/<num>:<num>:<num>:<num> +<num>]",residual_island
150,window_042,6151,6300,150,11,7,132,0.0733,0.0467,0.88,132,4,10,1.0,0.0303,1.0,"""<num>.<num>.<num>.<num> - - [<num>/Dec/<num>:<num>:<num>:<num> +<num>]",residual_island
150,window_043,6301,6450,150,0,19,131,0.0,0.1267,0.8733,130,0,22,0.9924,0.0,1.0,"""<num>.<num>.<num>.<num> - - [<num>/Dec/<num>:<num>:<num>:<num> +<num>]",residual_island
150,window_044,6451,6600,150,0,19,131,0.0,0.1267,0.8733,129,0,21,0.9847,0.0,1.0,"""<num>.<num>.<num>.<num> - - [<num>/Dec/<num>:<num>:<num>:<num> +<num>]",residual_island
150,window_045,6601,6750,150,0,27,123,0.0,0.18,0.82,121,0,28,0.9837,0.0,1.0,"""<num>.<num>.<num>.<num> - - [<num>/Dec/<num>:<num>:<num>:<num> +<num>]",residual_island
150,window_046,6751,6900,150,0,9,141,0.0,0.06,0.94,140,0,12,0.9929,0.0,1.0,"""<num>.<num>.<num>.<num> - - [<num>/Dec/<num>:<num>:<num>:<num> +<num>]",residual_island
150,window_047,6901,7050,150,80,4,66,0.5333,0.0267,0.44,63,24,8,0.9545,0.3636,1.0,"""<num>.<num>.<num>.<num> - - [<num>/Dec/<num>:<num>:<num>:<num> +<num>]",partial_residual_cluster
150,window_048,7051,7200,150,134,2,14,0.8933,0.0133,0.0933,2,14,0,0.1429,1.0,1.0,"""<num>.<num>.<num>.<num> - - [<num>/Dec/<num>:<num>:<num>:<num> +<num>]",stable_attached_residual
150,window_049,7201,7314,114,61,10,43,0.5351,0.0877,0.3772,35,10,6,0.814,0.2326,1.0,"""<num>.<num>.<num>.<num> - - [<num>/Dec/<num>:<num>:<num>:<num> +<num>]",residual_island
200,window_001,1,200,200,0,198,2,0.0,0.99,0.01,0,0,2,0.0,0.0,1.0,"""<num>.<num>.<num>.<num> - - [<num>/Dec/<num>:<num>:<num>:<num> +<num>]",diffuse_residual
200,window_002,201,400,200,0,25,175,0.0,0.125,0.875,166,0,16,0.9486,0.0,1.0,"""<num>.<num>.<num>.<num> - - [<num>/Dec/<num>:<num>:<num>:<num> +<num>]",residual_island
200,window_003,401,600,200,0,4,196,0.0,0.02,0.98,196,0,2,1.0,0.0,1.0,"""<num>.<num>.<num>.<num> - - [<num>/Dec/<num>:<num>:<num>:<num> +<num>]",residual_island
200,window_004,601,800,200,0,0,200,0.0,0.0,1.0,200,0,0,1.0,0.0,1.0,"""<num>.<num>.<num>.<num> - - [<num>/Dec/<num>:<num>:<num>:<num> +<num>]",residual_island
200,window_005,801,1000,200,1,0,199,0.005,0.0,0.995,199,2,0,1.0,0.0101,1.0,"""<num>.<num>.<num>.<num> - - [<num>/Dec/<num>:<num>:<num>:<num> +<num>]",residual_island
200,window_006,1001,1200,200,0,0,200,0.0,0.0,1.0,200,0,0,1.0,0.0,1.0,"""<num>.<num>.<num>.<num> - - [<num>/Dec/<num>:<num>:<num>:<num> +<num>]",residual_island
200,window_007,1201,1400,200,0,0,200,0.0,0.0,1.0,200,0,0,1.0,0.0,1.0,"""<num>.<num>.<num>.<num> - - [<num>/Dec/<num>:<num>:<num>:<num> +<num>]",residual_island
200,window_008,1401,1600,200,0,0,200,0.0,0.0,1.0,200,0,0,1.0,0.0,1.0,"""<num>.<num>.<num>.<num> - - [<num>/Dec/<num>:<num>:<num>:<num> +<num>]",residual_island
200,window_009,1601,1800,200,0,6,194,0.0,0.03,0.97,193,0,5,0.9948,0.0,1.0,"""<num>.<num>.<num>.<num> - - [<num>/Dec/<num>:<num>:<num>:<num> +<num>]",residual_island
200,window_010,1801,2000,200,1,12,187,0.005,0.06,0.935,187,1,15,1.0,0.0053,1.0,"""<num>.<num>.<num>.<num> - - [<num>/Dec/<num>:<num>:<num>:<num> +<num>]",residual_island
200,window_011,2001,2200,200,3,16,181,0.015,0.08,0.905,181,0,12,1.0,0.0,1.0,"""<num>.<num>.<num>.<num> - - [<num>/Dec/<num>:<num>:<num>:<num> +<num>]",residual_island
200,window_012,2201,2400,200,0,27,173,0.0,0.135,0.865,173,0,19,1.0,0.0,1.0,"""<num>.<num>.<num>.<num> - - [<num>/Dec/<num>:<num>:<num>:<num> +<num>]",residual_island
200,window_013,2401,2600,200,1,42,157,0.005,0.21,0.785,156,0,27,0.9936,0.0,1.0,"""<num>.<num>.<num>.<num> - - [<num>/Dec/<num>:<num>:<num>:<num> +<num>]",residual_island
200,window_014,2601,2800,200,0,54,146,0.0,0.27,0.73,146,0,31,1.0,0.0,1.0,"""<num>.<num>.<num>.<num> - - [<num>/Dec/<num>:<num>:<num>:<num> +<num>]",residual_island
200,window_015,2801,3000,200,0,13,187,0.0,0.065,0.935,187,0,12,1.0,0.0,1.0,"""<num>.<num>.<num>.<num> - - [<num>/Dec/<num>:<num>:<num>:<num> +<num>]",residual_island
200,window_016,3001,3200,200,0,22,178,0.0,0.11,0.89,178,0,16,1.0,0.0,1.0,"""<num>.<num>.<num>.<num> - - [<num>/Dec/<num>:<num>:<num>:<num> +<num>]",residual_island
200,window_017,3201,3400,200,0,20,180,0.0,0.1,0.9,180,0,22,1.0,0.0,1.0,"""<num>.<num>.<num>.<num> - - [<num>/Dec/<num>:<num>:<num>:<num> +<num>]",residual_island
200,window_018,3401,3600,200,146,2,52,0.73,0.01,0.26,52,5,2,1.0,0.0962,1.0,"""<num>.<num>.<num>.<num> - - [<num>/Dec/<num>:<num>:<num>:<num> +<num>]",residual_island
200,window_019,3601,3800,200,195,0,5,0.975,0.0,0.025,3,4,0,0.6,0.8,1.0,"""<num>.<num>.<num>.<num> - - [<num>/Dec/<num>:<num>:<num>:<num> +<num>]",stable_attached_residual
200,window_020,3801,4000,200,189,6,5,0.945,0.03,0.025,3,4,0,0.6,0.8,1.0,"""<num>.<num>.<num>.<num> - - [<num>/Dec/<num>:<num>:<num>:<num> +<num>]",stable_attached_residual
200,window_021,4001,4200,200,171,19,10,0.855,0.095,0.05,8,2,5,0.8,0.2,1.0,"""<num>.<num>.<num>.<num> - - [<num>/Dec/<num>:<num>:<num>:<num> +<num>]",residual_island
200,window_022,4201,4400,200,134,6,60,0.67,0.03,0.3,60,5,9,1.0,0.0833,1.0,"""<num>.<num>.<num>.<num> - - [<num>/Dec/<num>:<num>:<num>:<num> +<num>]",residual_island
200,window_023,4401,4600,200,143,5,52,0.715,0.025,0.26,52,6,8,1.0,0.1154,1.0,"""<num>.<num>.<num>.<num> - - [<num>/Dec/<num>:<num>:<num>:<num> +<num>]",residual_island
200,window_024,4601,4800,200,106,6,88,0.53,0.03,0.44,88,6,6,1.0,0.0682,1.0,"""<num>.<num>.<num>.<num> - - [<num>/Dec/<num>:<num>:<num>:<num> +<num>]",residual_island
200,window_025,4801,5000,200,90,12,98,0.45,0.06,0.49,97,8,9,0.9898,0.0816,1.0,"""<num>.<num>.<num>.<num> - - [<num>/Dec/<num>:<num>:<num>:<num> +<num>]",residual_island
200,window_026,5001,5200,200,80,20,100,0.4,0.1,0.5,96,6,23,0.96,0.06,1.0,"""<num>.<num>.<num>.<num> - - [<num>/Dec/<num>:<num>:<num>:<num> +<num>]",residual_island
200,window_027,5201,5400,200,82,4,114,0.41,0.02,0.57,113,9,6,0.9912,0.0789,1.0,"""<num>.<num>.<num>.<num> - - [<num>/Dec/<num>:<num>:<num>:<num> +<num>]",residual_island
200,window_028,5401,5600,200,178,4,18,0.89,0.02,0.09,16,7,4,0.8889,0.3889,1.0,"""<num>.<num>.<num>.<num> - - [<num>/Dec/<num>:<num>:<num>:<num> +<num>]",partial_residual_cluster
200,window_029,5601,5800,200,108,15,77,0.54,0.075,0.385,76,5,18,0.987,0.0649,1.0,"""<num>.<num>.<num>.<num> - - [<num>/Dec/<num>:<num>:<num>:<num> +<num>]",residual_island
200,window_030,5801,6000,200,58,13,129,0.29,0.065,0.645,126,10,13,0.9767,0.0775,1.0,"""<num>.<num>.<num>.<num> - - [<num>/Dec/<num>:<num>:<num>:<num> +<num>]",residual_island
200,window_031,6001,6200,200,19,22,159,0.095,0.11,0.795,155,6,23,0.9748,0.0377,1.0,"""<num>.<num>.<num>.<num> - - [<num>/Dec/<num>:<num>:<num>:<num> +<num>]",residual_island
200,window_032,6201,6400,200,5,14,181,0.025,0.07,0.905,181,2,16,1.0,0.011,1.0,"""<num>.<num>.<num>.<num> - - [<num>/Dec/<num>:<num>:<num>:<num> +<num>]",residual_island
200,window_033,6401,6600,200,0,28,172,0.0,0.14,0.86,169,0,33,0.9826,0.0,1.0,"""<num>.<num>.<num>.<num> - - [<num>/Dec/<num>:<num>:<num>:<num> +<num>]",residual_island
200,window_034,6601,6800,200,0,32,168,0.0,0.16,0.84,165,0,35,0.9821,0.0,1.0,"""<num>.<num>.<num>.<num> - - [<num>/Dec/<num>:<num>:<num>:<num> +<num>]",residual_island
200,window_035,6801,7000,200,46,8,146,0.23,0.04,0.73,144,11,13,0.9863,0.0753,1.0,"""<num>.<num>.<num>.<num> - - [<num>/Dec/<num>:<num>:<num>:<num> +<num>]",residual_island
200,window_036,7001,7200,200,168,2,30,0.84,0.01,0.15,17,27,0,0.5667,0.9,1.0,"""<num>.<num>.<num>.<num> - - [<num>/Dec/<num>:<num>:<num>:<num> +<num>]",stable_attached_residual
200,window_037,7201,7314,114,61,10,43,0.5351,0.0877,0.3772,35,10,6,0.814,0.2326,1.0,"""<num>.<num>.<num>.<num> - - [<num>/Dec/<num>:<num>:<num>:<num> +<num>]",residual_island
250,window_001,1,250,250,0,213,37,0.0,0.852,0.148,30,0,10,0.8108,0.0,1.0,"""<num>.<num>.<num>.<num> - - [<num>/Dec/<num>:<num>:<num>:<num> +<num>]",residual_island
250,window_002,251,500,250,0,10,240,0.0,0.04,0.96,236,0,8,0.9833,0.0,1.0,"""<num>.<num>.<num>.<num> - - [<num>/Dec/<num>:<num>:<num>:<num> +<num>]",residual_island
250,window_003,501,750,250,0,4,246,0.0,0.016,0.984,246,0,2,1.0,0.0,1.0,"""<num>.<num>.<num>.<num> - - [<num>/Dec/<num>:<num>:<num>:<num> +<num>]",residual_island
250,window_004,751,1000,250,1,0,249,0.004,0.0,0.996,249,2,0,1.0,0.008,1.0,"""<num>.<num>.<num>.<num> - - [<num>/Dec/<num>:<num>:<num>:<num> +<num>]",residual_island
250,window_005,1001,1250,250,0,0,250,0.0,0.0,1.0,250,0,0,1.0,0.0,1.0,"""<num>.<num>.<num>.<num> - - [<num>/Dec/<num>:<num>:<num>:<num> +<num>]",residual_island
250,window_006,1251,1500,250,0,0,250,0.0,0.0,1.0,250,0,0,1.0,0.0,1.0,"""<num>.<num>.<num>.<num> - - [<num>/Dec/<num>:<num>:<num>:<num> +<num>]",residual_island
250,window_007,1501,1750,250,0,2,248,0.0,0.008,0.992,248,0,2,1.0,0.0,1.0,"""<num>.<num>.<num>.<num> - - [<num>/Dec/<num>:<num>:<num>:<num> +<num>]",residual_island
250,window_008,1751,2000,250,1,16,233,0.004,0.064,0.932,232,1,18,0.9957,0.0043,1.0,"""<num>.<num>.<num>.<num> - - [<num>/Dec/<num>:<num>:<num>:<num> +<num>]",residual_island
250,window_009,2001,2250,250,3,24,223,0.012,0.096,0.892,223,0,18,1.0,0.0,1.0,"""<num>.<num>.<num>.<num> - - [<num>/Dec/<num>:<num>:<num>:<num> +<num>]",residual_island
250,window_010,2251,2500,250,1,38,211,0.004,0.152,0.844,211,0,28,1.0,0.0,1.0,"""<num>.<num>.<num>.<num> - - [<num>/Dec/<num>:<num>:<num>:<num> +<num>]",residual_island
250,window_011,2501,2750,250,0,62,188,0.0,0.248,0.752,187,0,34,0.9947,0.0,1.0,"""<num>.<num>.<num>.<num> - - [<num>/Dec/<num>:<num>:<num>:<num> +<num>]",residual_island
250,window_012,2751,3000,250,0,28,222,0.0,0.112,0.888,222,0,21,1.0,0.0,1.0,"""<num>.<num>.<num>.<num> - - [<num>/Dec/<num>:<num>:<num>:<num> +<num>]",residual_island
250,window_013,3001,3250,250,0,28,222,0.0,0.112,0.888,222,0,20,1.0,0.0,1.0,"""<num>.<num>.<num>.<num> - - [<num>/Dec/<num>:<num>:<num>:<num> +<num>]",residual_island
250,window_014,3251,3500,250,50,16,184,0.2,0.064,0.736,184,3,20,1.0,0.0163,1.0,"""<num>.<num>.<num>.<num> - - [<num>/Dec/<num>:<num>:<num>:<num> +<num>]",residual_island
250,window_015,3501,3750,250,241,0,9,0.964,0.0,0.036,7,6,0,0.7778,0.6667,1.0,"""<num>.<num>.<num>.<num> - - [<num>/Dec/<num>:<num>:<num>:<num> +<num>]",stable_attached_residual
250,window_016,3751,4000,250,239,6,5,0.956,0.024,0.02,3,4,0,0.6,0.8,1.0,"""<num>.<num>.<num>.<num> - - [<num>/Dec/<num>:<num>:<num>:<num> +<num>]",stable_attached_residual
250,window_017,4001,4250,250,213,21,16,0.852,0.084,0.064,14,2,8,0.875,0.125,1.0,"""<num>.<num>.<num>.<num> - - [<num>/Dec/<num>:<num>:<num>:<num> +<num>]",residual_island
250,window_018,4251,4500,250,156,9,85,0.624,0.036,0.34,85,9,14,1.0,0.1059,1.0,"""<num>.<num>.<num>.<num> - - [<num>/Dec/<num>:<num>:<num>:<num> +<num>]",residual_island
250,window_019,4501,4750,250,170,2,78,0.68,0.008,0.312,78,7,2,1.0,0.0897,1.0,"""<num>.<num>.<num>.<num> - - [<num>/Dec/<num>:<num>:<num>:<num> +<num>]",residual_island
250,window_020,4751,5000,250,105,16,129,0.42,0.064,0.516,128,9,13,0.9922,0.0698,1.0,"""<num>.<num>.<num>.<num> - - [<num>/Dec/<num>:<num>:<num>:<num> +<num>]",residual_island
250,window_021,5001,5250,250,94,20,136,0.376,0.08,0.544,132,8,23,0.9706,0.0588,1.0,"""<num>.<num>.<num>.<num> - - [<num>/Dec/<num>:<num>:<num>:<num> +<num>]",residual_island
250,window_022,5251,5500,250,164,4,82,0.656,0.016,0.328,81,9,6,0.9878,0.1098,1.0,"""<num>.<num>.<num>.<num> - - [<num>/Dec/<num>:<num>:<num>:<num> +<num>]",residual_island
250,window_023,5501,5750,250,171,15,64,0.684,0.06,0.256,61,8,16,0.9531,0.125,1.0,"""<num>.<num>.<num>.<num> - - [<num>/Dec/<num>:<num>:<num>:<num> +<num>]",residual_island
250,window_024,5751,6000,250,77,17,156,0.308,0.068,0.624,153,12,19,0.9808,0.0769,1.0,"""<num>.<num>.<num>.<num> - - [<num>/Dec/<num>:<num>:<num>:<num> +<num>]",residual_island
250,window_025,6001,6250,250,24,23,203,0.096,0.092,0.812,199,8,25,0.9803,0.0394,1.0,"""<num>.<num>.<num>.<num> - - [<num>/Dec/<num>:<num>:<num>:<num> +<num>]",residual_island
250,window_026,6251,6500,250,0,29,221,0.0,0.116,0.884,219,0,35,0.991,0.0,1.0,"""<num>.<num>.<num>.<num> - - [<num>/Dec/<num>:<num>:<num>:<num> +<num>]",residual_island
250,window_027,6501,6750,250,0,39,211,0.0,0.156,0.844,208,0,40,0.9858,0.0,1.0,"""<num>.<num>.<num>.<num> - - [<num>/Dec/<num>:<num>:<num>:<num> +<num>]",residual_island
250,window_028,6751,7000,250,46,13,191,0.184,0.052,0.764,188,11,20,0.9843,0.0576,1.0,"""<num>.<num>.<num>.<num> - - [<num>/Dec/<num>:<num>:<num>:<num> +<num>]",residual_island
250,window_029,7001,7250,250,206,9,35,0.824,0.036,0.14,17,32,2,0.4857,0.9143,1.0,"""<num>.<num>.<num>.<num> - - [<num>/Dec/<num>:<num>:<num>:<num> +<num>]",stable_attached_residual
250,window_030,7251,7314,64,23,3,38,0.3594,0.0469,0.5938,35,5,4,0.9211,0.1316,1.0,"""<num>.<num>.<num>.<num> - - [<num>/Dec/<num>:<num>:<num>:<num> +<num>]",residual_island
350,window_001,1,350,350,0,223,127,0.0,0.6371,0.3629,116,0,18,0.9134,0.0,1.0,"""<num>.<num>.<num>.<num> - - [<num>/Dec/<num>:<num>:<num>:<num> +<num>]",residual_island
350,window_002,351,700,350,0,4,346,0.0,0.0114,0.9886,346,0,2,1.0,0.0,1.0,"""<num>.<num>.<num>.<num> - - [<num>/Dec/<num>:<num>:<num>:<num> +<num>]",residual_island
350,window_003,701,1050,350,1,0,349,0.0029,0.0,0.9971,349,2,0,1.0,0.0057,1.0,"""<num>.<num>.<num>.<num> - - [<num>/Dec/<num>:<num>:<num>:<num> +<num>]",residual_island
350,window_004,1051,1400,350,0,0,350,0.0,0.0,1.0,350,0,0,1.0,0.0,1.0,"""<num>.<num>.<num>.<num> - - [<num>/Dec/<num>:<num>:<num>:<num> +<num>]",residual_island
350,window_005,1401,1750,350,0,2,348,0.0,0.0057,0.9943,348,0,2,1.0,0.0,1.0,"""<num>.<num>.<num>.<num> - - [<num>/Dec/<num>:<num>:<num>:<num> +<num>]",residual_island
350,window_006,1751,2100,350,4,26,320,0.0114,0.0743,0.9143,319,1,26,0.9969,0.0031,1.0,"""<num>.<num>.<num>.<num> - - [<num>/Dec/<num>:<num>:<num>:<num> +<num>]",residual_island
350,window_007,2101,2450,350,0,37,313,0.0,0.1057,0.8943,313,0,28,1.0,0.0,1.0,"""<num>.<num>.<num>.<num> - - [<num>/Dec/<num>:<num>:<num>:<num> +<num>]",residual_island
350,window_008,2451,2800,350,1,92,257,0.0029,0.2629,0.7343,256,0,53,0.9961,0.0,1.0,"""<num>.<num>.<num>.<num> - - [<num>/Dec/<num>:<num>:<num>:<num> +<num>]",residual_island
350,window_009,2801,3150,350,0,28,322,0.0,0.08,0.92,322,0,22,1.0,0.0,1.0,"""<num>.<num>.<num>.<num> - - [<num>/Dec/<num>:<num>:<num>:<num> +<num>]",residual_island
350,window_010,3151,3500,350,50,29,271,0.1429,0.0829,0.7743,271,3,30,1.0,0.0111,1.0,"""<num>.<num>.<num>.<num> - - [<num>/Dec/<num>:<num>:<num>:<num> +<num>]",residual_island
350,window_011,3501,3850,350,338,0,12,0.9657,0.0,0.0343,10,8,0,0.8333,0.6667,1.0,"""<num>.<num>.<num>.<num> - - [<num>/Dec/<num>:<num>:<num>:<num> +<num>]",stable_attached_residual
350,window_012,3851,4200,350,313,25,12,0.8943,0.0714,0.0343,8,4,5,0.6667,0.3333,1.0,"""<num>.<num>.<num>.<num> - - [<num>/Dec/<num>:<num>:<num>:<num> +<num>]",partial_residual_cluster
350,window_013,4201,4550,350,241,11,98,0.6886,0.0314,0.28,98,10,17,1.0,0.102,1.0,"""<num>.<num>.<num>.<num> - - [<num>/Dec/<num>:<num>:<num>:<num> +<num>]",residual_island
350,window_014,4551,4900,350,192,16,142,0.5486,0.0457,0.4057,141,10,13,0.993,0.0704,1.0,"""<num>.<num>.<num>.<num> - - [<num>/Dec/<num>:<num>:<num>:<num> +<num>]",residual_island
350,window_015,4901,5250,350,134,22,194,0.3829,0.0629,0.5543,190,13,25,0.9794,0.067,1.0,"""<num>.<num>.<num>.<num> - - [<num>/Dec/<num>:<num>:<num>:<num> +<num>]",residual_island
350,window_016,5251,5600,350,246,8,96,0.7029,0.0229,0.2743,93,14,10,0.9688,0.1458,1.0,"""<num>.<num>.<num>.<num> - - [<num>/Dec/<num>:<num>:<num>:<num> +<num>]",residual_island
350,window_017,5601,5950,350,153,20,177,0.4371,0.0571,0.5057,175,14,23,0.9887,0.0791,1.0,"""<num>.<num>.<num>.<num> - - [<num>/Dec/<num>:<num>:<num>:<num> +<num>]",residual_island
350,window_018,5951,6300,350,37,34,279,0.1057,0.0971,0.7971,273,9,37,0.9785,0.0323,1.0,"""<num>.<num>.<num>.<num> - - [<num>/Dec/<num>:<num>:<num>:<num> +<num>]",residual_island
350,window_019,6301,6650,350,0,46,304,0.0,0.1314,0.8686,301,0,53,0.9901,0.0,1.0,"""<num>.<num>.<num>.<num> - - [<num>/Dec/<num>:<num>:<num>:<num> +<num>]",residual_island
350,window_020,6651,7000,350,46,32,272,0.1314,0.0914,0.7771,267,11,38,0.9816,0.0404,1.0,"""<num>.<num>.<num>.<num> - - [<num>/Dec/<num>:<num>:<num>:<num> +<num>]",residual_island
350,window_021,7001,7314,314,229,12,73,0.7293,0.0382,0.2325,52,37,6,0.7123,0.5068,1.0,"""<num>.<num>.<num>.<num> - - [<num>/Dec/<num>:<num>:<num>:<num> +<num>]",stable_attached_residual
500,window_001,1,500,500,0,223,277,0.0,0.446,0.554,266,0,18,0.9603,0.0,1.0,"""<num>.<num>.<num>.<num> - - [<num>/Dec/<num>:<num>:<num>:<num> +<num>]",residual_island
500,window_002,501,1000,500,1,4,495,0.002,0.008,0.99,495,2,2,1.0,0.004,1.0,"""<num>.<num>.<num>.<num> - - [<num>/Dec/<num>:<num>:<num>:<num> +<num>]",residual_island
500,window_003,1001,1500,500,0,0,500,0.0,0.0,1.0,500,0,0,1.0,0.0,1.0,"""<num>.<num>.<num>.<num> - - [<num>/Dec/<num>:<num>:<num>:<num> +<num>]",residual_island
500,window_004,1501,2000,500,1,18,481,0.002,0.036,0.962,480,1,20,0.9979,0.0021,1.0,"""<num>.<num>.<num>.<num> - - [<num>/Dec/<num>:<num>:<num>:<num> +<num>]",residual_island
500,window_005,2001,2500,500,4,62,434,0.008,0.124,0.868,434,0,46,1.0,0.0,1.0,"""<num>.<num>.<num>.<num> - - [<num>/Dec/<num>:<num>:<num>:<num> +<num>]",residual_island
500,window_006,2501,3000,500,0,90,410,0.0,0.18,0.82,409,0,55,0.9976,0.0,1.0,"""<num>.<num>.<num>.<num> - - [<num>/Dec/<num>:<num>:<num>:<num> +<num>]",residual_island
500,window_007,3001,3500,500,50,44,406,0.1,0.088,0.812,406,3,40,1.0,0.0074,1.0,"""<num>.<num>.<num>.<num> - - [<num>/Dec/<num>:<num>:<num>:<num> +<num>]",residual_island
500,window_008,3501,4000,500,480,6,14,0.96,0.012,0.028,10,10,0,0.7143,0.7143,1.0,"""<num>.<num>.<num>.<num> - - [<num>/Dec/<num>:<num>:<num>:<num> +<num>]",stable_attached_residual
500,window_009,4001,4500,500,369,30,101,0.738,0.06,0.202,99,11,22,0.9802,0.1089,1.0,"""<num>.<num>.<num>.<num> - - [<num>/Dec/<num>:<num>:<num>:<num> +<num>]",residual_island
500,window_010,4501,5000,500,275,18,207,0.55,0.036,0.414,206,16,15,0.9952,0.0773,1.0,"""<num>.<num>.<num>.<num> - - [<num>/Dec/<num>:<num>:<num>:<num> +<num>]",residual_island
500,window_011,5001,5500,500,258,24,218,0.516,0.048,0.436,213,17,29,0.9771,0.078,1.0,"""<num>.<num>.<num>.<num> - - [<num>/Dec/<num>:<num>:<num>:<num> +<num>]",residual_island
500,window_012,5501,6000,500,248,32,220,0.496,0.064,0.44,214,20,35,0.9727,0.0909,1.0,"""<num>.<num>.<num>.<num> - - [<num>/Dec/<num>:<num>:<num>:<num> +<num>]",residual_island
500,window_013,6001,6500,500,24,52,424,0.048,0.104,0.848,418,8,60,0.9858,0.0189,1.0,"""<num>.<num>.<num>.<num> - - [<num>/Dec/<num>:<num>:<num>:<num> +<num>]",residual_island
500,window_014,6501,7000,500,46,52,402,0.092,0.104,0.804,396,11,60,0.9851,0.0274,1.0,"""<num>.<num>.<num>.<num> - - [<num>/Dec/<num>:<num>:<num>:<num> +<num>]",residual_island
500,window_015,7001,7314,314,229,12,73,0.7293,0.0382,0.2325,52,37,6,0.7123,0.5068,1.0,"""<num>.<num>.<num>.<num> - - [<num>/Dec/<num>:<num>:<num>:<num> +<num>]",stable_attached_residual
750,window_001,1,750,750,0,227,523,0.0,0.3027,0.6973,512,0,20,0.979,0.0,1.0,"""<num>.<num>.<num>.<num> - - [<num>/Dec/<num>:<num>:<num>:<num> +<num>]",residual_island
750,window_002,751,1500,750,1,0,749,0.0013,0.0,0.9987,749,2,0,1.0,0.0027,1.0,"""<num>.<num>.<num>.<num> - - [<num>/Dec/<num>:<num>:<num>:<num> +<num>]",residual_island
750,window_003,1501,2250,750,4,42,704,0.0053,0.056,0.9387,703,1,38,0.9986,0.0014,1.0,"""<num>.<num>.<num>.<num> - - [<num>/Dec/<num>:<num>:<num>:<num> +<num>]",residual_island
750,window_004,2251,3000,750,1,128,621,0.0013,0.1707,0.828,620,0,83,0.9984,0.0,1.0,"""<num>.<num>.<num>.<num> - - [<num>/Dec/<num>:<num>:<num>:<num> +<num>]",residual_island
750,window_005,3001,3750,750,291,44,415,0.388,0.0587,0.5533,413,9,40,0.9952,0.0217,1.0,"""<num>.<num>.<num>.<num> - - [<num>/Dec/<num>:<num>:<num>:<num> +<num>]",residual_island
750,window_006,3751,4500,750,608,36,106,0.8107,0.048,0.1413,102,15,22,0.9623,0.1415,1.0,"""<num>.<num>.<num>.<num> - - [<num>/Dec/<num>:<num>:<num>:<num> +<num>]",residual_island
750,window_007,4501,5250,750,369,38,343,0.492,0.0507,0.4573,338,24,38,0.9854,0.07,1.0,"""<num>.<num>.<num>.<num> - - [<num>/Dec/<num>:<num>:<num>:<num> +<num>]",residual_island
750,window_008,5251,6000,750,412,36,302,0.5493,0.048,0.4027,295,29,41,0.9768,0.096,1.0,"""<num>.<num>.<num>.<num> - - [<num>/Dec/<num>:<num>:<num>:<num> +<num>]",residual_island
750,window_009,6001,6750,750,24,91,635,0.032,0.1213,0.8467,626,8,100,0.9858,0.0126,1.0,"""<num>.<num>.<num>.<num> - - [<num>/Dec/<num>:<num>:<num>:<num> +<num>]",residual_island
750,window_010,6751,7314,564,275,25,264,0.4876,0.0443,0.4681,240,48,26,0.9091,0.1818,1.0,"""<num>.<num>.<num>.<num> - - [<num>/Dec/<num>:<num>:<num>:<num> +<num>]",residual_island
1000,window_001,1,1000,1000,1,227,772,0.001,0.227,0.772,761,2,20,0.9858,0.0026,1.0,"""<num>.<num>.<num>.<num> - - [<num>/Dec/<num>:<num>:<num>:<num> +<num>]",residual_island
1000,window_002,1001,2000,1000,1,18,981,0.001,0.018,0.981,980,1,20,0.999,0.001,1.0,"""<num>.<num>.<num>.<num> - - [<num>/Dec/<num>:<num>:<num>:<num> +<num>]",residual_island
1000,window_003,2001,3000,1000,4,152,844,0.004,0.152,0.844,843,0,101,0.9988,0.0,1.0,"""<num>.<num>.<num>.<num> - - [<num>/Dec/<num>:<num>:<num>:<num> +<num>]",residual_island
1000,window_004,3001,4000,1000,530,50,420,0.53,0.05,0.42,416,13,40,0.9905,0.031,1.0,"""<num>.<num>.<num>.<num> - - [<num>/Dec/<num>:<num>:<num>:<num> +<num>]",residual_island
1000,window_005,4001,5000,1000,644,48,308,0.644,0.048,0.308,305,27,37,0.9903,0.0877,1.0,"""<num>.<num>.<num>.<num> - - [<num>/Dec/<num>:<num>:<num>:<num> +<num>]",residual_island
1000,window_006,5001,6000,1000,506,56,438,0.506,0.056,0.438,427,37,64,0.9749,0.0845,1.0,"""<num>.<num>.<num>.<num> - - [<num>/Dec/<num>:<num>:<num>:<num> +<num>]",residual_island
1000,window_007,6001,7000,1000,70,104,826,0.07,0.104,0.826,814,19,120,0.9855,0.023,1.0,"""<num>.<num>.<num>.<num> - - [<num>/Dec/<num>:<num>:<num>:<num> +<num>]",residual_island
1000,window_008,7001,7314,314,229,12,73,0.7293,0.0382,0.2325,52,37,6,0.7123,0.5068,1.0,"""<num>.<num>.<num>.<num> - - [<num>/Dec/<num>:<num>:<num>:<num> +<num>]",stable_attached_residual
1500,window_001,1,1500,1500,1,227,1272,0.0007,0.1513,0.848,1261,2,20,0.9914,0.0016,1.0,"""<num>.<num>.<num>.<num> - - [<num>/Dec/<num>:<num>:<num>:<num> +<num>]",residual_island
1500,window_002,1501,3000,1500,5,170,1325,0.0033,0.1133,0.8833,1323,1,121,0.9985,0.0008,1.0,"""<num>.<num>.<num>.<num> - - [<num>/Dec/<num>:<num>:<num>:<num> +<num>]",residual_island
1500,window_003,3001,4500,1500,899,80,521,0.5993,0.0533,0.3473,515,24,62,0.9885,0.0461,1.0,"""<num>.<num>.<num>.<num> - - [<num>/Dec/<num>:<num>:<num>:<num> +<num>]",residual_island
1500,window_004,4501,6000,1500,781,74,645,0.5207,0.0493,0.43,633,53,79,0.9814,0.0822,1.0,"""<num>.<num>.<num>.<num> - - [<num>/Dec/<num>:<num>:<num>:<num> +<num>]",residual_island
1500,window_005,6001,7314,1314,299,116,899,0.2275,0.0883,0.6842,866,56,126,0.9633,0.0623,1.0,"""<num>.<num>.<num>.<num> - - [<num>/Dec/<num>:<num>:<num>:<num> +<num>]",residual_island
2000,window_001,1,2000,2000,2,245,1753,0.001,0.1225,0.8765,1741,3,40,0.9932,0.0017,1.0,"""<num>.<num>.<num>.<num> - - [<num>/Dec/<num>:<num>:<num>:<num> +<num>]",residual_island
2000,window_002,2001,4000,2000,534,202,1264,0.267,0.101,0.632,1259,13,141,0.996,0.0103,1.0,"""<num>.<num>.<num>.<num> - - [<num>/Dec/<num>:<num>:<num>:<num> +<num>]",residual_island
2000,window_003,4001,6000,2000,1150,104,746,0.575,0.052,0.373,732,64,101,0.9812,0.0858,1.0,"""<num>.<num>.<num>.<num> - - [<num>/Dec/<num>:<num>:<num>:<num> +<num>]",residual_island
2000,window_004,6001,7314,1314,299,116,899,0.2275,0.0883,0.6842,866,56,126,0.9633,0.0623,1.0,"""<num>.<num>.<num>.<num> - - [<num>/Dec/<num>:<num>:<num>:<num> +<num>]",residual_island
3000,window_001,1,3000,3000,6,397,2597,0.002,0.1323,0.8657,2584,3,141,0.995,0.0012,1.0,"""<num>.<num>.<num>.<num> - - [<num>/Dec/<num>:<num>:<num>:<num> +<num>]",residual_island
3000,window_002,3001,6000,3000,1680,154,1166,0.56,0.0513,0.3887,1148,77,141,0.9846,0.066,1.0,"""<num>.<num>.<num>.<num> - - [<num>/Dec/<num>:<num>:<num>:<num> +<num>]",residual_island
3000,window_003,6001,7314,1314,299,116,899,0.2275,0.0883,0.6842,866,56,126,0.9633,0.0623,1.0,"""<num>.<num>.<num>.<num> - - [<num>/Dec/<num>:<num>:<num>:<num> +<num>]",residual_island
4000,window_001,1,4000,4000,536,447,3017,0.134,0.1118,0.7542,3000,16,181,0.9944,0.0053,1.0,"""<num>.<num>.<num>.<num> - - [<num>/Dec/<num>:<num>:<num>:<num> +<num>]",residual_island
4000,window_002,4001,7314,3314,1449,220,1645,0.4372,0.0664,0.4964,1598,120,227,0.9714,0.0729,1.0,"""<num>.<num>.<num>.<num> - - [<num>/Dec/<num>:<num>:<num>:<num> +<num>]",residual_island
5000,window_001,1,5000,5000,1180,495,3325,0.236,0.099,0.665,3305,43,218,0.994,0.0129,1.0,"""<num>.<num>.<num>.<num> - - [<num>/Dec/<num>:<num>:<num>:<num> +<num>]",residual_island
5000,window_002,5001,7314,2314,805,172,1337,0.3479,0.0743,0.5778,1293,93,190,0.9671,0.0696,1.0,"""<num>.<num>.<num>.<num> - - [<num>/Dec/<num>:<num>:<num>:<num> +<num>]",residual_island
7000,window_001,1,7000,7000,1756,655,4589,0.2509,0.0936,0.6556,4546,99,402,0.9906,0.0216,1.0,"""<num>.<num>.<num>.<num> - - [<num>/Dec/<num>:<num>:<num>:<num> +<num>]",residual_island
7000,window_002,7001,7314,314,229,12,73,0.7293,0.0382,0.2325,52,37,6,0.7123,0.5068,1.0,"""<num>.<num>.<num>.<num> - - [<num>/Dec/<num>:<num>:<num>:<num> +<num>]",stable_attached_residual
10000,window_001,1,7314,7314,1985,667,4662,0.2714,0.0912,0.6374,4598,136,408,0.9863,0.0292,1.0,"""<num>.<num>.<num>.<num> - - [<num>/Dec/<num>:<num>:<num>:<num> +<num>]",residual_island
