t=00001 alpha cadence one pseudo_periodic
t=00002 alpha cadence one pseudo_periodic
t=00003 alpha cadence one pseudo_periodic
t=00004 alpha cadence one pseudo_periodic
t=00005 alpha cadence one pseudo_periodic
t=00006 alpha cadence one pseudo_periodic
t=00007 alpha cadence one pseudo_periodic
t=00008 alpha cadence one pseudo_periodic
t=00009 alpha cadence one pseudo_periodic
t=00010 alpha cadence one pseudo_periodic
t=00011 alpha cadence one pseudo_periodic
t=00012 alpha cadence one pseudo_periodic
t=00013 alpha cadence one pseudo_periodic
t=00014 alpha cadence one pseudo_periodic
t=00015 alpha cadence one pseudo_periodic
t=00016 alpha cadence one pseudo_periodic
t=00017 alpha cadence one pseudo_periodic
t=00018 alpha cadence one pseudo_periodic
t=00019 alpha cadence one pseudo_periodic
t=00020 beta cadence two pseudo_periodic
t=00021 beta cadence two pseudo_periodic
t=00022 beta cadence two pseudo_periodic
t=00023 beta cadence two pseudo_periodic
t=00024 beta cadence two pseudo_periodic
t=00025 beta cadence two pseudo_periodic
t=00026 beta cadence two pseudo_periodic
t=00027 beta cadence two pseudo_periodic
t=00028 beta cadence two pseudo_periodic
t=00029 beta cadence two pseudo_periodic
t=00030 beta cadence two pseudo_periodic
t=00031 beta cadence two pseudo_periodic
t=00032 beta cadence two pseudo_periodic
t=00033 beta cadence two pseudo_periodic
t=00034 beta cadence two pseudo_periodic
t=00035 beta cadence two pseudo_periodic
t=00036 beta cadence two pseudo_periodic
t=00037 beta cadence two pseudo_periodic
t=00038 beta cadence two pseudo_periodic
t=00039 beta cadence two pseudo_periodic
t=00040 gamma cadence three pseudo_periodic
t=00041 gamma cadence three pseudo_periodic
t=00042 gamma cadence three pseudo_periodic
t=00043 gamma cadence three pseudo_periodic
t=00044 gamma cadence three pseudo_periodic
t=00045 gamma cadence three pseudo_periodic
t=00046 gamma cadence three pseudo_periodic
t=00047 gamma cadence three pseudo_periodic
t=00048 gamma cadence three pseudo_periodic
t=00049 gamma cadence three pseudo_periodic
t=00050 gamma cadence three pseudo_periodic
t=00051 gamma cadence three pseudo_periodic
t=00052 gamma cadence three pseudo_periodic
t=00053 gamma cadence three pseudo_periodic
t=00054 gamma cadence three pseudo_periodic
t=00055 gamma cadence three pseudo_periodic
t=00056 gamma cadence three pseudo_periodic
t=00057 gamma cadence three pseudo_periodic
t=00058 gamma cadence three pseudo_periodic
t=00059 gamma cadence three pseudo_periodic
t=00060 delta cadence four pseudo_periodic
t=00061 delta cadence four pseudo_periodic
t=00062 delta cadence four pseudo_periodic
t=00063 delta cadence four pseudo_periodic
t=00064 delta cadence four pseudo_periodic
t=00065 delta cadence four pseudo_periodic
t=00066 delta cadence four pseudo_periodic
t=00067 delta cadence four pseudo_periodic
t=00068 delta cadence four pseudo_periodic
t=00069 delta cadence four pseudo_periodic
t=00070 delta cadence four pseudo_periodic
t=00071 delta cadence four pseudo_periodic
t=00072 delta cadence four pseudo_periodic
t=00073 delta cadence four pseudo_periodic
t=00074 delta cadence four pseudo_periodic
t=00075 delta cadence four pseudo_periodic
t=00076 delta cadence four pseudo_periodic
t=00077 delta cadence four pseudo_periodic
t=00078 delta cadence four pseudo_periodic
t=00079 delta cadence four pseudo_periodic
t=00080 quiet_carrier
t=00081 quiet_carrier
t=00082 quiet_carrier
t=00083 quiet_carrier
t=00084 quiet_carrier
t=00085 quiet_carrier
t=00086 quiet_carrier
t=00087 quiet_carrier
t=00088 quiet_carrier
t=00089 quiet_carrier
t=00090 quiet_carrier
t=00091 quiet_carrier
t=00092 quiet_carrier
t=00093 quiet_carrier
t=00094 quiet_carrier
t=00095 quiet_carrier
t=00096 quiet_carrier
t=00097 quiet_carrier
t=00098 quiet_carrier
t=00099 quiet_carrier
t=00100 quiet_carrier
t=00101 quiet_carrier
t=00102 quiet_carrier
t=00103 quiet_carrier
t=00104 quiet_carrier
t=00105 quiet_carrier
t=00106 quiet_carrier
t=00107 quiet_carrier
t=00108 quiet_carrier
t=00109 quiet_carrier
t=00110 quiet_carrier
t=00111 quiet_carrier
t=00112 quiet_carrier
t=00113 quiet_carrier
t=00114 quiet_carrier
t=00115 quiet_carrier
t=00116 quiet_carrier
t=00117 quiet_carrier
t=00118 quiet_carrier
t=00119 quiet_carrier
t=00120 gamma cadence three pseudo_periodic
t=00121 gamma cadence three pseudo_periodic
t=00122 gamma cadence three pseudo_periodic
t=00123 gamma cadence three pseudo_periodic
t=00124 gamma cadence three pseudo_periodic
t=00125 gamma cadence three pseudo_periodic
t=00126 gamma cadence three pseudo_periodic
t=00127 gamma cadence three pseudo_periodic
t=00128 gamma cadence three pseudo_periodic
t=00129 gamma cadence three pseudo_periodic
t=00130 gamma cadence three pseudo_periodic
t=00131 gamma cadence three pseudo_periodic
t=00132 gamma cadence three pseudo_periodic
t=00133 gamma cadence three pseudo_periodic
t=00134 gamma cadence three pseudo_periodic
t=00135 gamma cadence three pseudo_periodic
t=00136 gamma cadence three pseudo_periodic
t=00137 gamma cadence three pseudo_periodic
t=00138 gamma cadence three pseudo_periodic
t=00139 gamma cadence three pseudo_periodic
t=00140 delta cadence four pseudo_periodic
t=00141 delta cadence four pseudo_periodic
t=00142 delta cadence four pseudo_periodic
t=00143 delta cadence four pseudo_periodic
t=00144 delta cadence four pseudo_periodic
t=00145 delta cadence four pseudo_periodic
t=00146 delta cadence four pseudo_periodic
t=00147 delta cadence four pseudo_periodic
t=00148 delta cadence four pseudo_periodic
t=00149 delta cadence four pseudo_periodic
t=00150 delta cadence four pseudo_periodic
t=00151 delta cadence four pseudo_periodic
t=00152 delta cadence four pseudo_periodic
t=00153 delta cadence four pseudo_periodic
t=00154 delta cadence four pseudo_periodic
t=00155 delta cadence four pseudo_periodic
t=00156 delta cadence four pseudo_periodic
t=00157 delta cadence four pseudo_periodic
t=00158 delta cadence four pseudo_periodic
t=00159 delta cadence four pseudo_periodic
t=00160 alpha cadence one pseudo_periodic
t=00161 alpha cadence one pseudo_periodic
t=00162 alpha cadence one pseudo_periodic
t=00163 alpha cadence one pseudo_periodic
t=00164 alpha cadence one pseudo_periodic
t=00165 alpha cadence one pseudo_periodic
t=00166 alpha cadence one pseudo_periodic
t=00167 alpha cadence one pseudo_periodic
t=00168 alpha cadence one pseudo_periodic
t=00169 alpha cadence one pseudo_periodic
t=00170 alpha cadence one pseudo_periodic
t=00171 alpha cadence one pseudo_periodic
t=00172 alpha cadence one pseudo_periodic
t=00173 alpha cadence one pseudo_periodic
t=00174 alpha cadence one pseudo_periodic
t=00175 alpha cadence one pseudo_periodic
t=00176 alpha cadence one pseudo_periodic
t=00177 alpha cadence one pseudo_periodic
t=00178 alpha cadence one pseudo_periodic
t=00179 alpha cadence one pseudo_periodic
t=00180 beta cadence two pseudo_periodic
t=00181 beta cadence two pseudo_periodic
t=00182 beta cadence two pseudo_periodic
t=00183 beta cadence two pseudo_periodic
t=00184 beta cadence two pseudo_periodic
t=00185 beta cadence two pseudo_periodic
t=00186 beta cadence two pseudo_periodic
t=00187 beta cadence two pseudo_periodic
t=00188 beta cadence two pseudo_periodic
t=00189 beta cadence two pseudo_periodic
t=00190 beta cadence two pseudo_periodic
t=00191 beta cadence two pseudo_periodic
t=00192 beta cadence two pseudo_periodic
t=00193 beta cadence two pseudo_periodic
t=00194 beta cadence two pseudo_periodic
t=00195 beta cadence two pseudo_periodic
t=00196 beta cadence two pseudo_periodic
t=00197 beta cadence two pseudo_periodic
t=00198 beta cadence two pseudo_periodic
t=00199 beta cadence two pseudo_periodic
t=00200 quiet_carrier
t=00201 quiet_carrier
t=00202 quiet_carrier
t=00203 quiet_carrier
t=00204 quiet_carrier
t=00205 quiet_carrier
t=00206 quiet_carrier
t=00207 quiet_carrier
t=00208 quiet_carrier
t=00209 quiet_carrier
t=00210 quiet_carrier
t=00211 quiet_carrier
t=00212 quiet_carrier
t=00213 quiet_carrier
t=00214 quiet_carrier
t=00215 quiet_carrier
t=00216 quiet_carrier
t=00217 quiet_carrier
t=00218 quiet_carrier
t=00219 quiet_carrier
t=00220 quiet_carrier
t=00221 quiet_carrier
t=00222 quiet_carrier
t=00223 quiet_carrier
t=00224 quiet_carrier
t=00225 quiet_carrier
t=00226 quiet_carrier
t=00227 quiet_carrier
t=00228 quiet_carrier
t=00229 quiet_carrier
t=00230 quiet_carrier
t=00231 quiet_carrier
t=00232 quiet_carrier
t=00233 quiet_carrier
t=00234 quiet_carrier
t=00235 quiet_carrier
t=00236 quiet_carrier
t=00237 quiet_carrier
t=00238 quiet_carrier
t=00239 quiet_carrier
t=00240 alpha cadence one pseudo_periodic
t=00241 alpha cadence one pseudo_periodic
t=00242 alpha cadence one pseudo_periodic
t=00243 alpha cadence one pseudo_periodic
t=00244 alpha cadence one pseudo_periodic
t=00245 alpha cadence one pseudo_periodic
t=00246 alpha cadence one pseudo_periodic
t=00247 alpha cadence one pseudo_periodic
t=00248 alpha cadence one pseudo_periodic
t=00249 alpha cadence one pseudo_periodic
t=00250 alpha cadence one pseudo_periodic
t=00251 alpha cadence one pseudo_periodic
t=00252 alpha cadence one pseudo_periodic
t=00253 alpha cadence one pseudo_periodic
t=00254 alpha cadence one pseudo_periodic
t=00255 alpha cadence one pseudo_periodic
t=00256 alpha cadence one pseudo_periodic
t=00257 alpha cadence one pseudo_periodic
t=00258 alpha cadence one pseudo_periodic
t=00259 alpha cadence one pseudo_periodic
t=00260 beta cadence two pseudo_periodic
t=00261 beta cadence two pseudo_periodic
t=00262 beta cadence two pseudo_periodic
t=00263 beta cadence two pseudo_periodic
t=00264 beta cadence two pseudo_periodic
t=00265 beta cadence two pseudo_periodic
t=00266 beta cadence two pseudo_periodic
t=00267 beta cadence two pseudo_periodic
t=00268 beta cadence two pseudo_periodic
t=00269 beta cadence two pseudo_periodic
t=00270 beta cadence two pseudo_periodic
t=00271 beta cadence two pseudo_periodic
t=00272 beta cadence two pseudo_periodic
t=00273 beta cadence two pseudo_periodic
t=00274 beta cadence two pseudo_periodic
t=00275 beta cadence two pseudo_periodic
t=00276 beta cadence two pseudo_periodic
t=00277 beta cadence two pseudo_periodic
t=00278 beta cadence two pseudo_periodic
t=00279 beta cadence two pseudo_periodic
t=00280 gamma cadence three pseudo_periodic
t=00281 gamma cadence three pseudo_periodic
t=00282 gamma cadence three pseudo_periodic
t=00283 gamma cadence three pseudo_periodic
t=00284 gamma cadence three pseudo_periodic
t=00285 gamma cadence three pseudo_periodic
t=00286 gamma cadence three pseudo_periodic
t=00287 gamma cadence three pseudo_periodic
t=00288 gamma cadence three pseudo_periodic
t=00289 gamma cadence three pseudo_periodic
t=00290 gamma cadence three pseudo_periodic
t=00291 gamma cadence three pseudo_periodic
t=00292 gamma cadence three pseudo_periodic
t=00293 gamma cadence three pseudo_periodic
t=00294 gamma cadence three pseudo_periodic
t=00295 gamma cadence three pseudo_periodic
t=00296 gamma cadence three pseudo_periodic
t=00297 gamma cadence three pseudo_periodic
t=00298 gamma cadence three pseudo_periodic
t=00299 gamma cadence three pseudo_periodic
t=00300 delta cadence four pseudo_periodic
t=00301 delta cadence four pseudo_periodic
t=00302 delta cadence four pseudo_periodic
t=00303 delta cadence four pseudo_periodic
t=00304 delta cadence four pseudo_periodic
t=00305 delta cadence four pseudo_periodic
t=00306 delta cadence four pseudo_periodic
t=00307 delta cadence four pseudo_periodic
t=00308 delta cadence four pseudo_periodic
t=00309 delta cadence four pseudo_periodic
t=00310 delta cadence four pseudo_periodic
t=00311 delta cadence four pseudo_periodic
t=00312 delta cadence four pseudo_periodic
t=00313 delta cadence four pseudo_periodic
t=00314 delta cadence four pseudo_periodic
t=00315 delta cadence four pseudo_periodic
t=00316 delta cadence four pseudo_periodic
t=00317 delta cadence four pseudo_periodic
t=00318 delta cadence four pseudo_periodic
t=00319 delta cadence four pseudo_periodic
t=00320 quiet_carrier
t=00321 quiet_carrier
t=00322 quiet_carrier
t=00323 quiet_carrier
t=00324 quiet_carrier
t=00325 quiet_carrier
t=00326 quiet_carrier
t=00327 quiet_carrier
t=00328 quiet_carrier
t=00329 quiet_carrier
t=00330 quiet_carrier
t=00331 quiet_carrier
t=00332 quiet_carrier
t=00333 quiet_carrier
t=00334 quiet_carrier
t=00335 quiet_carrier
t=00336 quiet_carrier
t=00337 quiet_carrier
t=00338 quiet_carrier
t=00339 quiet_carrier
t=00340 quiet_carrier
t=00341 quiet_carrier
t=00342 quiet_carrier
t=00343 quiet_carrier
t=00344 quiet_carrier
t=00345 quiet_carrier
t=00346 quiet_carrier
t=00347 quiet_carrier
t=00348 quiet_carrier
t=00349 quiet_carrier
t=00350 quiet_carrier
t=00351 quiet_carrier
t=00352 quiet_carrier
t=00353 quiet_carrier
t=00354 quiet_carrier
t=00355 quiet_carrier
t=00356 quiet_carrier
t=00357 quiet_carrier
t=00358 quiet_carrier
t=00359 quiet_carrier
t=00360 gamma cadence three pseudo_periodic
t=00361 gamma cadence three pseudo_periodic
t=00362 gamma cadence three pseudo_periodic
t=00363 gamma cadence three pseudo_periodic
t=00364 gamma cadence three pseudo_periodic
t=00365 gamma cadence three pseudo_periodic
t=00366 gamma cadence three pseudo_periodic
t=00367 gamma cadence three pseudo_periodic
t=00368 gamma cadence three pseudo_periodic
t=00369 gamma cadence three pseudo_periodic
t=00370 gamma cadence three pseudo_periodic
t=00371 gamma cadence three pseudo_periodic
t=00372 gamma cadence three pseudo_periodic
t=00373 gamma cadence three pseudo_periodic
t=00374 gamma cadence three pseudo_periodic
t=00375 gamma cadence three pseudo_periodic
t=00376 gamma cadence three pseudo_periodic
t=00377 gamma cadence three pseudo_periodic
t=00378 gamma cadence three pseudo_periodic
t=00379 gamma cadence three pseudo_periodic
t=00380 delta cadence four pseudo_periodic
t=00381 delta cadence four pseudo_periodic
t=00382 delta cadence four pseudo_periodic
t=00383 delta cadence four pseudo_periodic
t=00384 delta cadence four pseudo_periodic
t=00385 delta cadence four pseudo_periodic
t=00386 delta cadence four pseudo_periodic
t=00387 delta cadence four pseudo_periodic
t=00388 delta cadence four pseudo_periodic
t=00389 delta cadence four pseudo_periodic
t=00390 delta cadence four pseudo_periodic
t=00391 delta cadence four pseudo_periodic
t=00392 delta cadence four pseudo_periodic
t=00393 delta cadence four pseudo_periodic
t=00394 delta cadence four pseudo_periodic
t=00395 delta cadence four pseudo_periodic
t=00396 delta cadence four pseudo_periodic
t=00397 delta cadence four pseudo_periodic
t=00398 delta cadence four pseudo_periodic
t=00399 delta cadence four pseudo_periodic
t=00400 alpha cadence one pseudo_periodic
t=00401 alpha cadence one pseudo_periodic
t=00402 alpha cadence one pseudo_periodic
t=00403 alpha cadence one pseudo_periodic
t=00404 alpha cadence one pseudo_periodic
t=00405 alpha cadence one pseudo_periodic
t=00406 alpha cadence one pseudo_periodic
t=00407 alpha cadence one pseudo_periodic
t=00408 alpha cadence one pseudo_periodic
t=00409 alpha cadence one pseudo_periodic
t=00410 alpha cadence one pseudo_periodic
t=00411 alpha cadence one pseudo_periodic
t=00412 alpha cadence one pseudo_periodic
t=00413 alpha cadence one pseudo_periodic
t=00414 alpha cadence one pseudo_periodic
t=00415 alpha cadence one pseudo_periodic
t=00416 alpha cadence one pseudo_periodic
t=00417 alpha cadence one pseudo_periodic
t=00418 alpha cadence one pseudo_periodic
t=00419 alpha cadence one pseudo_periodic
t=00420 beta cadence two pseudo_periodic
t=00421 beta cadence two pseudo_periodic
t=00422 beta cadence two pseudo_periodic
t=00423 beta cadence two pseudo_periodic
t=00424 beta cadence two pseudo_periodic
t=00425 beta cadence two pseudo_periodic
t=00426 beta cadence two pseudo_periodic
t=00427 beta cadence two pseudo_periodic
t=00428 beta cadence two pseudo_periodic
t=00429 beta cadence two pseudo_periodic
t=00430 beta cadence two pseudo_periodic
t=00431 beta cadence two pseudo_periodic
t=00432 beta cadence two pseudo_periodic
t=00433 beta cadence two pseudo_periodic
t=00434 beta cadence two pseudo_periodic
t=00435 beta cadence two pseudo_periodic
t=00436 beta cadence two pseudo_periodic
t=00437 beta cadence two pseudo_periodic
t=00438 beta cadence two pseudo_periodic
t=00439 beta cadence two pseudo_periodic
t=00440 quiet_carrier
t=00441 quiet_carrier
t=00442 quiet_carrier
t=00443 quiet_carrier
t=00444 quiet_carrier
t=00445 quiet_carrier
t=00446 quiet_carrier
t=00447 quiet_carrier
t=00448 quiet_carrier
t=00449 quiet_carrier
t=00450 quiet_carrier
t=00451 quiet_carrier
t=00452 quiet_carrier
t=00453 quiet_carrier
t=00454 quiet_carrier
t=00455 quiet_carrier
t=00456 quiet_carrier
t=00457 quiet_carrier
t=00458 quiet_carrier
t=00459 quiet_carrier
t=00460 quiet_carrier
t=00461 quiet_carrier
t=00462 quiet_carrier
t=00463 quiet_carrier
t=00464 quiet_carrier
t=00465 quiet_carrier
t=00466 quiet_carrier
t=00467 quiet_carrier
t=00468 quiet_carrier
t=00469 quiet_carrier
t=00470 quiet_carrier
t=00471 quiet_carrier
t=00472 quiet_carrier
t=00473 quiet_carrier
t=00474 quiet_carrier
t=00475 quiet_carrier
t=00476 quiet_carrier
t=00477 quiet_carrier
t=00478 quiet_carrier
t=00479 quiet_carrier
t=00480 alpha cadence one pseudo_periodic
t=00481 alpha cadence one pseudo_periodic
t=00482 alpha cadence one pseudo_periodic
t=00483 alpha cadence one pseudo_periodic
t=00484 alpha cadence one pseudo_periodic
t=00485 alpha cadence one pseudo_periodic
t=00486 alpha cadence one pseudo_periodic
t=00487 alpha cadence one pseudo_periodic
t=00488 alpha cadence one pseudo_periodic
t=00489 alpha cadence one pseudo_periodic
t=00490 alpha cadence one pseudo_periodic
t=00491 alpha cadence one pseudo_periodic
t=00492 alpha cadence one pseudo_periodic
t=00493 alpha cadence one pseudo_periodic
t=00494 alpha cadence one pseudo_periodic
t=00495 alpha cadence one pseudo_periodic
t=00496 alpha cadence one pseudo_periodic
t=00497 alpha cadence one pseudo_periodic
t=00498 alpha cadence one pseudo_periodic
t=00499 alpha cadence one pseudo_periodic
t=00500 beta cadence two pseudo_periodic
t=00501 beta cadence two pseudo_periodic
t=00502 beta cadence two pseudo_periodic
t=00503 beta cadence two pseudo_periodic
t=00504 beta cadence two pseudo_periodic
t=00505 beta cadence two pseudo_periodic
t=00506 beta cadence two pseudo_periodic
t=00507 beta cadence two pseudo_periodic
t=00508 beta cadence two pseudo_periodic
t=00509 beta cadence two pseudo_periodic
t=00510 beta cadence two pseudo_periodic
t=00511 beta cadence two pseudo_periodic
t=00512 beta cadence two pseudo_periodic
t=00513 beta cadence two pseudo_periodic
t=00514 beta cadence two pseudo_periodic
t=00515 beta cadence two pseudo_periodic
t=00516 beta cadence two pseudo_periodic
t=00517 beta cadence two pseudo_periodic
t=00518 beta cadence two pseudo_periodic
t=00519 beta cadence two pseudo_periodic
t=00520 gamma cadence three pseudo_periodic
t=00521 gamma cadence three pseudo_periodic
t=00522 gamma cadence three pseudo_periodic
t=00523 gamma cadence three pseudo_periodic
t=00524 gamma cadence three pseudo_periodic
t=00525 gamma cadence three pseudo_periodic
t=00526 gamma cadence three pseudo_periodic
t=00527 gamma cadence three pseudo_periodic
t=00528 gamma cadence three pseudo_periodic
t=00529 gamma cadence three pseudo_periodic
t=00530 gamma cadence three pseudo_periodic
t=00531 gamma cadence three pseudo_periodic
t=00532 gamma cadence three pseudo_periodic
t=00533 gamma cadence three pseudo_periodic
t=00534 gamma cadence three pseudo_periodic
t=00535 gamma cadence three pseudo_periodic
t=00536 gamma cadence three pseudo_periodic
t=00537 gamma cadence three pseudo_periodic
t=00538 gamma cadence three pseudo_periodic
t=00539 gamma cadence three pseudo_periodic
t=00540 delta cadence four pseudo_periodic
t=00541 delta cadence four pseudo_periodic
t=00542 delta cadence four pseudo_periodic
t=00543 delta cadence four pseudo_periodic
t=00544 delta cadence four pseudo_periodic
t=00545 delta cadence four pseudo_periodic
t=00546 delta cadence four pseudo_periodic
t=00547 delta cadence four pseudo_periodic
t=00548 delta cadence four pseudo_periodic
t=00549 delta cadence four pseudo_periodic
t=00550 delta cadence four pseudo_periodic
t=00551 delta cadence four pseudo_periodic
t=00552 delta cadence four pseudo_periodic
t=00553 delta cadence four pseudo_periodic
t=00554 delta cadence four pseudo_periodic
t=00555 delta cadence four pseudo_periodic
t=00556 delta cadence four pseudo_periodic
t=00557 delta cadence four pseudo_periodic
t=00558 delta cadence four pseudo_periodic
t=00559 delta cadence four pseudo_periodic
t=00560 gamma cadence three cadence_interruption
t=00561 gamma cadence three cadence_interruption
t=00562 alpha cadence one cadence_interruption
t=00563 delta cadence four cadence_interruption
t=00564 delta cadence four cadence_interruption
t=00565 beta cadence two cadence_interruption
t=00566 gamma cadence three cadence_interruption
t=00567 alpha cadence one cadence_interruption
t=00568 delta cadence four cadence_interruption
t=00569 beta cadence two cadence_interruption
t=00570 quiet_carrier
t=00571 quiet_carrier
t=00572 quiet_carrier
t=00573 quiet_carrier
t=00574 quiet_carrier
t=00575 quiet_carrier
t=00576 quiet_carrier
t=00577 quiet_carrier
t=00578 quiet_carrier
t=00579 quiet_carrier
t=00580 quiet_carrier
t=00581 quiet_carrier
t=00582 quiet_carrier
t=00583 quiet_carrier
t=00584 quiet_carrier
t=00585 quiet_carrier
t=00586 quiet_carrier
t=00587 quiet_carrier
t=00588 quiet_carrier
t=00589 quiet_carrier
t=00590 quiet_carrier
t=00591 quiet_carrier
t=00592 quiet_carrier
t=00593 quiet_carrier
t=00594 quiet_carrier
t=00595 quiet_carrier
t=00596 quiet_carrier
t=00597 quiet_carrier
t=00598 quiet_carrier
t=00599 quiet_carrier
t=00600 gamma cadence three pseudo_periodic
t=00601 gamma cadence three pseudo_periodic
t=00602 gamma cadence three pseudo_periodic
t=00603 gamma cadence three pseudo_periodic
t=00604 gamma cadence three pseudo_periodic
t=00605 gamma cadence three pseudo_periodic
t=00606 gamma cadence three pseudo_periodic
t=00607 gamma cadence three pseudo_periodic
t=00608 gamma cadence three pseudo_periodic
t=00609 gamma cadence three pseudo_periodic
t=00610 gamma cadence three pseudo_periodic
t=00611 gamma cadence three pseudo_periodic
t=00612 gamma cadence three pseudo_periodic
t=00613 gamma cadence three pseudo_periodic
t=00614 gamma cadence three pseudo_periodic
t=00615 gamma cadence three pseudo_periodic
t=00616 gamma cadence three pseudo_periodic
t=00617 gamma cadence three pseudo_periodic
t=00618 gamma cadence three pseudo_periodic
t=00619 gamma cadence three pseudo_periodic
t=00620 delta cadence four pseudo_periodic
t=00621 delta cadence four pseudo_periodic
t=00622 delta cadence four pseudo_periodic
t=00623 delta cadence four pseudo_periodic
t=00624 delta cadence four pseudo_periodic
t=00625 delta cadence four pseudo_periodic
t=00626 delta cadence four pseudo_periodic
t=00627 delta cadence four pseudo_periodic
t=00628 delta cadence four pseudo_periodic
t=00629 delta cadence four pseudo_periodic
t=00630 delta cadence four pseudo_periodic
t=00631 delta cadence four pseudo_periodic
t=00632 delta cadence four pseudo_periodic
t=00633 delta cadence four pseudo_periodic
t=00634 delta cadence four pseudo_periodic
t=00635 delta cadence four pseudo_periodic
t=00636 delta cadence four pseudo_periodic
t=00637 delta cadence four pseudo_periodic
t=00638 delta cadence four pseudo_periodic
t=00639 delta cadence four pseudo_periodic
t=00640 alpha cadence one pseudo_periodic
t=00641 alpha cadence one pseudo_periodic
t=00642 alpha cadence one pseudo_periodic
t=00643 alpha cadence one pseudo_periodic
t=00644 alpha cadence one pseudo_periodic
t=00645 alpha cadence one pseudo_periodic
t=00646 alpha cadence one pseudo_periodic
t=00647 alpha cadence one pseudo_periodic
t=00648 alpha cadence one pseudo_periodic
t=00649 alpha cadence one pseudo_periodic
t=00650 alpha cadence one pseudo_periodic
t=00651 alpha cadence one pseudo_periodic
t=00652 alpha cadence one pseudo_periodic
t=00653 alpha cadence one pseudo_periodic
t=00654 alpha cadence one pseudo_periodic
t=00655 alpha cadence one pseudo_periodic
t=00656 alpha cadence one pseudo_periodic
t=00657 alpha cadence one pseudo_periodic
t=00658 alpha cadence one pseudo_periodic
t=00659 alpha cadence one pseudo_periodic
t=00660 beta cadence two pseudo_periodic
t=00661 beta cadence two pseudo_periodic
t=00662 beta cadence two pseudo_periodic
t=00663 beta cadence two pseudo_periodic
t=00664 beta cadence two pseudo_periodic
t=00665 beta cadence two pseudo_periodic
t=00666 beta cadence two pseudo_periodic
t=00667 beta cadence two pseudo_periodic
t=00668 beta cadence two pseudo_periodic
t=00669 beta cadence two pseudo_periodic
t=00670 beta cadence two pseudo_periodic
t=00671 beta cadence two pseudo_periodic
t=00672 beta cadence two pseudo_periodic
t=00673 beta cadence two pseudo_periodic
t=00674 beta cadence two pseudo_periodic
t=00675 beta cadence two pseudo_periodic
t=00676 beta cadence two pseudo_periodic
t=00677 beta cadence two pseudo_periodic
t=00678 beta cadence two pseudo_periodic
t=00679 beta cadence two pseudo_periodic
t=00680 quiet_carrier
t=00681 quiet_carrier
t=00682 quiet_carrier
t=00683 quiet_carrier
t=00684 quiet_carrier
t=00685 quiet_carrier
t=00686 quiet_carrier
t=00687 quiet_carrier
t=00688 quiet_carrier
t=00689 quiet_carrier
t=00690 quiet_carrier
t=00691 quiet_carrier
t=00692 quiet_carrier
t=00693 quiet_carrier
t=00694 quiet_carrier
t=00695 quiet_carrier
t=00696 quiet_carrier
t=00697 quiet_carrier
t=00698 quiet_carrier
t=00699 quiet_carrier
t=00700 quiet_carrier
t=00701 quiet_carrier
t=00702 quiet_carrier
t=00703 quiet_carrier
t=00704 quiet_carrier
t=00705 quiet_carrier
t=00706 quiet_carrier
t=00707 quiet_carrier
t=00708 quiet_carrier
t=00709 quiet_carrier
t=00710 quiet_carrier
t=00711 quiet_carrier
t=00712 quiet_carrier
t=00713 quiet_carrier
t=00714 quiet_carrier
t=00715 quiet_carrier
t=00716 quiet_carrier
t=00717 quiet_carrier
t=00718 quiet_carrier
t=00719 quiet_carrier
t=00720 alpha cadence one pseudo_periodic
t=00721 alpha cadence one pseudo_periodic
t=00722 alpha cadence one pseudo_periodic
t=00723 alpha cadence one pseudo_periodic
t=00724 alpha cadence one pseudo_periodic
t=00725 alpha cadence one pseudo_periodic
t=00726 alpha cadence one pseudo_periodic
t=00727 alpha cadence one pseudo_periodic
t=00728 alpha cadence one pseudo_periodic
t=00729 alpha cadence one pseudo_periodic
t=00730 alpha cadence one pseudo_periodic
t=00731 alpha cadence one pseudo_periodic
t=00732 alpha cadence one pseudo_periodic
t=00733 alpha cadence one pseudo_periodic
t=00734 alpha cadence one pseudo_periodic
t=00735 alpha cadence one pseudo_periodic
t=00736 alpha cadence one pseudo_periodic
t=00737 alpha cadence one pseudo_periodic
t=00738 alpha cadence one pseudo_periodic
t=00739 alpha cadence one pseudo_periodic
t=00740 beta cadence two pseudo_periodic
t=00741 beta cadence two pseudo_periodic
t=00742 beta cadence two pseudo_periodic
t=00743 beta cadence two pseudo_periodic
t=00744 beta cadence two pseudo_periodic
t=00745 beta cadence two pseudo_periodic
t=00746 beta cadence two pseudo_periodic
t=00747 beta cadence two pseudo_periodic
t=00748 beta cadence two pseudo_periodic
t=00749 beta cadence two pseudo_periodic
t=00750 beta cadence two pseudo_periodic
t=00751 beta cadence two pseudo_periodic
t=00752 beta cadence two pseudo_periodic
t=00753 beta cadence two pseudo_periodic
t=00754 beta cadence two pseudo_periodic
t=00755 beta cadence two pseudo_periodic
t=00756 beta cadence two pseudo_periodic
t=00757 beta cadence two pseudo_periodic
t=00758 beta cadence two pseudo_periodic
t=00759 beta cadence two pseudo_periodic
t=00760 gamma cadence three pseudo_periodic
t=00761 gamma cadence three pseudo_periodic
t=00762 gamma cadence three pseudo_periodic
t=00763 gamma cadence three pseudo_periodic
t=00764 gamma cadence three pseudo_periodic
t=00765 gamma cadence three pseudo_periodic
t=00766 gamma cadence three pseudo_periodic
t=00767 gamma cadence three pseudo_periodic
t=00768 gamma cadence three pseudo_periodic
t=00769 gamma cadence three pseudo_periodic
t=00770 gamma cadence three pseudo_periodic
t=00771 gamma cadence three pseudo_periodic
t=00772 gamma cadence three pseudo_periodic
t=00773 gamma cadence three pseudo_periodic
t=00774 gamma cadence three pseudo_periodic
t=00775 gamma cadence three pseudo_periodic
t=00776 gamma cadence three pseudo_periodic
t=00777 gamma cadence three pseudo_periodic
t=00778 gamma cadence three pseudo_periodic
t=00779 gamma cadence three pseudo_periodic
t=00780 delta cadence four pseudo_periodic
t=00781 delta cadence four pseudo_periodic
t=00782 delta cadence four pseudo_periodic
t=00783 delta cadence four pseudo_periodic
t=00784 delta cadence four pseudo_periodic
t=00785 delta cadence four pseudo_periodic
t=00786 delta cadence four pseudo_periodic
t=00787 delta cadence four pseudo_periodic
t=00788 delta cadence four pseudo_periodic
t=00789 delta cadence four pseudo_periodic
t=00790 delta cadence four pseudo_periodic
t=00791 delta cadence four pseudo_periodic
t=00792 delta cadence four pseudo_periodic
t=00793 delta cadence four pseudo_periodic
t=00794 delta cadence four pseudo_periodic
t=00795 delta cadence four pseudo_periodic
t=00796 delta cadence four pseudo_periodic
t=00797 delta cadence four pseudo_periodic
t=00798 delta cadence four pseudo_periodic
t=00799 delta cadence four pseudo_periodic
t=00800 quiet_carrier
t=00801 quiet_carrier
t=00802 quiet_carrier
t=00803 quiet_carrier
t=00804 quiet_carrier
t=00805 quiet_carrier
t=00806 quiet_carrier
t=00807 quiet_carrier
t=00808 quiet_carrier
t=00809 quiet_carrier
t=00810 quiet_carrier
t=00811 quiet_carrier
t=00812 quiet_carrier
t=00813 quiet_carrier
t=00814 quiet_carrier
t=00815 quiet_carrier
t=00816 quiet_carrier
t=00817 quiet_carrier
t=00818 quiet_carrier
t=00819 quiet_carrier
t=00820 quiet_carrier
t=00821 quiet_carrier
t=00822 quiet_carrier
t=00823 quiet_carrier
t=00824 quiet_carrier
t=00825 quiet_carrier
t=00826 quiet_carrier
t=00827 quiet_carrier
t=00828 quiet_carrier
t=00829 quiet_carrier
t=00830 quiet_carrier
t=00831 quiet_carrier
t=00832 quiet_carrier
t=00833 quiet_carrier
t=00834 quiet_carrier
t=00835 quiet_carrier
t=00836 quiet_carrier
t=00837 quiet_carrier
t=00838 quiet_carrier
t=00839 quiet_carrier
t=00840 gamma cadence three pseudo_periodic
t=00841 gamma cadence three pseudo_periodic
t=00842 gamma cadence three pseudo_periodic
t=00843 gamma cadence three pseudo_periodic
t=00844 gamma cadence three pseudo_periodic
t=00845 gamma cadence three pseudo_periodic
t=00846 gamma cadence three pseudo_periodic
t=00847 gamma cadence three pseudo_periodic
t=00848 gamma cadence three pseudo_periodic
t=00849 gamma cadence three pseudo_periodic
t=00850 gamma cadence three pseudo_periodic
t=00851 gamma cadence three pseudo_periodic
t=00852 gamma cadence three pseudo_periodic
t=00853 gamma cadence three pseudo_periodic
t=00854 gamma cadence three pseudo_periodic
t=00855 gamma cadence three pseudo_periodic
t=00856 gamma cadence three pseudo_periodic
t=00857 gamma cadence three pseudo_periodic
t=00858 gamma cadence three pseudo_periodic
t=00859 gamma cadence three pseudo_periodic
t=00860 delta cadence four pseudo_periodic
t=00861 delta cadence four pseudo_periodic
t=00862 delta cadence four pseudo_periodic
t=00863 delta cadence four pseudo_periodic
t=00864 delta cadence four pseudo_periodic
t=00865 delta cadence four pseudo_periodic
t=00866 delta cadence four pseudo_periodic
t=00867 delta cadence four pseudo_periodic
t=00868 delta cadence four pseudo_periodic
t=00869 delta cadence four pseudo_periodic
t=00870 delta cadence four pseudo_periodic
t=00871 delta cadence four pseudo_periodic
t=00872 delta cadence four pseudo_periodic
t=00873 delta cadence four pseudo_periodic
t=00874 delta cadence four pseudo_periodic
t=00875 delta cadence four pseudo_periodic
t=00876 delta cadence four pseudo_periodic
t=00877 delta cadence four pseudo_periodic
t=00878 delta cadence four pseudo_periodic
t=00879 delta cadence four pseudo_periodic
t=00880 alpha cadence one pseudo_periodic
t=00881 alpha cadence one pseudo_periodic
t=00882 alpha cadence one pseudo_periodic
t=00883 alpha cadence one pseudo_periodic
t=00884 alpha cadence one pseudo_periodic
t=00885 alpha cadence one pseudo_periodic
t=00886 alpha cadence one pseudo_periodic
t=00887 alpha cadence one pseudo_periodic
t=00888 alpha cadence one pseudo_periodic
t=00889 alpha cadence one pseudo_periodic
t=00890 alpha cadence one pseudo_periodic
t=00891 alpha cadence one pseudo_periodic
t=00892 alpha cadence one pseudo_periodic
t=00893 alpha cadence one pseudo_periodic
t=00894 alpha cadence one pseudo_periodic
t=00895 alpha cadence one pseudo_periodic
t=00896 alpha cadence one pseudo_periodic
t=00897 alpha cadence one pseudo_periodic
t=00898 alpha cadence one pseudo_periodic
t=00899 alpha cadence one pseudo_periodic
t=00900 gamma cadence three delayed_phase_echo
t=00901 delta cadence four delayed_phase_echo
t=00902 delta cadence four delayed_phase_echo
t=00903 delta cadence four delayed_phase_echo
t=00904 delta cadence four delayed_phase_echo
t=00905 delta cadence four delayed_phase_echo
t=00906 delta cadence four delayed_phase_echo
t=00907 delta cadence four delayed_phase_echo
t=00908 delta cadence four delayed_phase_echo
t=00909 delta cadence four delayed_phase_echo
t=00910 delta cadence four delayed_phase_echo
t=00911 delta cadence four delayed_phase_echo
t=00912 delta cadence four delayed_phase_echo
t=00913 delta cadence four delayed_phase_echo
t=00914 delta cadence four delayed_phase_echo
t=00915 delta cadence four delayed_phase_echo
t=00916 delta cadence four delayed_phase_echo
t=00917 delta cadence four delayed_phase_echo
t=00918 delta cadence four delayed_phase_echo
t=00919 delta cadence four delayed_phase_echo
t=00920 delta cadence four delayed_phase_echo
t=00921 delta cadence four delayed_phase_echo
t=00922 delta cadence four delayed_phase_echo
t=00923 delta cadence four delayed_phase_echo
t=00924 delta cadence four delayed_phase_echo
t=00925 alpha cadence one delayed_phase_echo
t=00926 alpha cadence one delayed_phase_echo
t=00927 alpha cadence one delayed_phase_echo
t=00928 alpha cadence one delayed_phase_echo
t=00929 alpha cadence one delayed_phase_echo
t=00930 alpha cadence one delayed_phase_echo
t=00931 alpha cadence one delayed_phase_echo
t=00932 alpha cadence one delayed_phase_echo
t=00933 alpha cadence one delayed_phase_echo
t=00934 alpha cadence one delayed_phase_echo
t=00935 alpha cadence one delayed_phase_echo
t=00936 alpha cadence one delayed_phase_echo
t=00937 alpha cadence one delayed_phase_echo
t=00938 alpha cadence one delayed_phase_echo
t=00939 alpha cadence one delayed_phase_echo
t=00940 alpha cadence one delayed_phase_echo
t=00941 alpha cadence one delayed_phase_echo
t=00942 alpha cadence one delayed_phase_echo
t=00943 alpha cadence one delayed_phase_echo
t=00944 alpha cadence one delayed_phase_echo
t=00945 alpha cadence one delayed_phase_echo
t=00946 alpha cadence one delayed_phase_echo
t=00947 alpha cadence one delayed_phase_echo
t=00948 alpha cadence one delayed_phase_echo
t=00949 alpha cadence one delayed_phase_echo
t=00950 beta cadence two delayed_phase_echo
t=00951 beta cadence two delayed_phase_echo
t=00952 beta cadence two delayed_phase_echo
t=00953 beta cadence two delayed_phase_echo
t=00954 beta cadence two delayed_phase_echo
t=00955 beta cadence two delayed_phase_echo
t=00956 beta cadence two delayed_phase_echo
t=00957 beta cadence two delayed_phase_echo
t=00958 beta cadence two delayed_phase_echo
t=00959 beta cadence two delayed_phase_echo
t=00960 beta cadence two delayed_phase_echo
t=00961 beta cadence two delayed_phase_echo
t=00962 beta cadence two delayed_phase_echo
t=00963 beta cadence two delayed_phase_echo
t=00964 beta cadence two delayed_phase_echo
t=00965 beta cadence two delayed_phase_echo
t=00966 beta cadence two delayed_phase_echo
t=00967 beta cadence two delayed_phase_echo
t=00968 beta cadence two delayed_phase_echo
t=00969 beta cadence two delayed_phase_echo
t=00970 beta cadence two delayed_phase_echo
t=00971 beta cadence two delayed_phase_echo
t=00972 beta cadence two delayed_phase_echo
t=00973 beta cadence two delayed_phase_echo
t=00974 beta cadence two delayed_phase_echo
t=00975 gamma cadence three delayed_phase_echo
t=00976 gamma cadence three delayed_phase_echo
t=00977 gamma cadence three delayed_phase_echo
t=00978 gamma cadence three delayed_phase_echo
t=00979 gamma cadence three delayed_phase_echo
t=00980 gamma cadence three pseudo_periodic
t=00981 gamma cadence three pseudo_periodic
t=00982 gamma cadence three pseudo_periodic
t=00983 gamma cadence three pseudo_periodic
t=00984 gamma cadence three pseudo_periodic
t=00985 gamma cadence three pseudo_periodic
t=00986 gamma cadence three pseudo_periodic
t=00987 gamma cadence three pseudo_periodic
t=00988 gamma cadence three pseudo_periodic
t=00989 gamma cadence three pseudo_periodic
t=00990 gamma cadence three pseudo_periodic
t=00991 gamma cadence three pseudo_periodic
t=00992 gamma cadence three pseudo_periodic
t=00993 gamma cadence three pseudo_periodic
t=00994 gamma cadence three pseudo_periodic
t=00995 gamma cadence three pseudo_periodic
t=00996 gamma cadence three pseudo_periodic
t=00997 gamma cadence three pseudo_periodic
t=00998 gamma cadence three pseudo_periodic
t=00999 gamma cadence three pseudo_periodic
t=01000 delta cadence four pseudo_periodic
t=01001 delta cadence four pseudo_periodic
t=01002 delta cadence four pseudo_periodic
t=01003 delta cadence four pseudo_periodic
t=01004 delta cadence four pseudo_periodic
t=01005 delta cadence four pseudo_periodic
t=01006 delta cadence four pseudo_periodic
t=01007 delta cadence four pseudo_periodic
t=01008 delta cadence four pseudo_periodic
t=01009 delta cadence four pseudo_periodic
t=01010 delta cadence four pseudo_periodic
t=01011 delta cadence four pseudo_periodic
t=01012 delta cadence four pseudo_periodic
t=01013 delta cadence four pseudo_periodic
t=01014 delta cadence four pseudo_periodic
t=01015 delta cadence four pseudo_periodic
t=01016 delta cadence four pseudo_periodic
t=01017 delta cadence four pseudo_periodic
t=01018 delta cadence four pseudo_periodic
t=01019 delta cadence four pseudo_periodic
t=01020 alpha cadence one pseudo_periodic
t=01021 alpha cadence one pseudo_periodic
t=01022 alpha cadence one pseudo_periodic
t=01023 alpha cadence one pseudo_periodic
t=01024 alpha cadence one pseudo_periodic
t=01025 alpha cadence one pseudo_periodic
t=01026 alpha cadence one pseudo_periodic
t=01027 alpha cadence one pseudo_periodic
t=01028 alpha cadence one pseudo_periodic
t=01029 alpha cadence one pseudo_periodic
t=01030 alpha cadence one pseudo_periodic
t=01031 alpha cadence one pseudo_periodic
t=01032 alpha cadence one pseudo_periodic
t=01033 alpha cadence one pseudo_periodic
t=01034 alpha cadence one pseudo_periodic
t=01035 alpha cadence one pseudo_periodic
t=01036 alpha cadence one pseudo_periodic
t=01037 alpha cadence one pseudo_periodic
t=01038 alpha cadence one pseudo_periodic
t=01039 alpha cadence one pseudo_periodic
t=01040 quiet_carrier
t=01041 quiet_carrier
t=01042 quiet_carrier
t=01043 quiet_carrier
t=01044 quiet_carrier
t=01045 quiet_carrier
t=01046 quiet_carrier
t=01047 quiet_carrier
t=01048 quiet_carrier
t=01049 quiet_carrier
t=01050 quiet_carrier
t=01051 quiet_carrier
t=01052 quiet_carrier
t=01053 quiet_carrier
t=01054 quiet_carrier
t=01055 quiet_carrier
t=01056 quiet_carrier
t=01057 quiet_carrier
t=01058 quiet_carrier
t=01059 quiet_carrier
t=01060 quiet_carrier
t=01061 quiet_carrier
t=01062 quiet_carrier
t=01063 quiet_carrier
t=01064 quiet_carrier
t=01065 quiet_carrier
t=01066 quiet_carrier
t=01067 quiet_carrier
t=01068 quiet_carrier
t=01069 quiet_carrier
t=01070 quiet_carrier
t=01071 quiet_carrier
t=01072 quiet_carrier
t=01073 quiet_carrier
t=01074 quiet_carrier
t=01075 quiet_carrier
t=01076 quiet_carrier
t=01077 quiet_carrier
t=01078 quiet_carrier
t=01079 quiet_carrier
t=01080 delta cadence four pseudo_periodic
t=01081 delta cadence four pseudo_periodic
t=01082 delta cadence four pseudo_periodic
t=01083 delta cadence four pseudo_periodic
t=01084 delta cadence four pseudo_periodic
t=01085 delta cadence four pseudo_periodic
t=01086 delta cadence four pseudo_periodic
t=01087 delta cadence four pseudo_periodic
t=01088 delta cadence four pseudo_periodic
t=01089 delta cadence four pseudo_periodic
t=01090 delta cadence four pseudo_periodic
t=01091 delta cadence four pseudo_periodic
t=01092 delta cadence four pseudo_periodic
t=01093 delta cadence four pseudo_periodic
t=01094 delta cadence four pseudo_periodic
t=01095 delta cadence four pseudo_periodic
t=01096 delta cadence four pseudo_periodic
t=01097 delta cadence four pseudo_periodic
t=01098 delta cadence four pseudo_periodic
t=01099 delta cadence four pseudo_periodic
t=01100 alpha cadence one pseudo_periodic
t=01101 alpha cadence one pseudo_periodic
t=01102 alpha cadence one pseudo_periodic
t=01103 alpha cadence one pseudo_periodic
t=01104 alpha cadence one pseudo_periodic
t=01105 alpha cadence one pseudo_periodic
t=01106 alpha cadence one pseudo_periodic
t=01107 alpha cadence one pseudo_periodic
t=01108 alpha cadence one pseudo_periodic
t=01109 alpha cadence one pseudo_periodic
t=01110 alpha cadence one pseudo_periodic
t=01111 alpha cadence one pseudo_periodic
t=01112 alpha cadence one pseudo_periodic
t=01113 alpha cadence one pseudo_periodic
t=01114 alpha cadence one pseudo_periodic
t=01115 alpha cadence one pseudo_periodic
t=01116 alpha cadence one pseudo_periodic
t=01117 alpha cadence one pseudo_periodic
t=01118 alpha cadence one pseudo_periodic
t=01119 alpha cadence one pseudo_periodic
t=01120 beta cadence two pseudo_periodic
t=01121 beta cadence two pseudo_periodic
t=01122 beta cadence two pseudo_periodic
t=01123 beta cadence two pseudo_periodic
t=01124 beta cadence two pseudo_periodic
t=01125 beta cadence two pseudo_periodic
t=01126 beta cadence two pseudo_periodic
t=01127 beta cadence two pseudo_periodic
t=01128 beta cadence two pseudo_periodic
t=01129 beta cadence two pseudo_periodic
t=01130 beta cadence two pseudo_periodic
t=01131 beta cadence two pseudo_periodic
t=01132 beta cadence two pseudo_periodic
t=01133 beta cadence two pseudo_periodic
t=01134 beta cadence two pseudo_periodic
t=01135 beta cadence two pseudo_periodic
t=01136 beta cadence two pseudo_periodic
t=01137 beta cadence two pseudo_periodic
t=01138 beta cadence two pseudo_periodic
t=01139 beta cadence two pseudo_periodic
t=01140 gamma cadence three pseudo_periodic
t=01141 gamma cadence three pseudo_periodic
t=01142 gamma cadence three pseudo_periodic
t=01143 gamma cadence three pseudo_periodic
t=01144 gamma cadence three pseudo_periodic
t=01145 gamma cadence three pseudo_periodic
t=01146 gamma cadence three pseudo_periodic
t=01147 gamma cadence three pseudo_periodic
t=01148 gamma cadence three pseudo_periodic
t=01149 gamma cadence three pseudo_periodic
t=01150 gamma cadence three pseudo_periodic
t=01151 gamma cadence three pseudo_periodic
t=01152 gamma cadence three pseudo_periodic
t=01153 gamma cadence three pseudo_periodic
t=01154 gamma cadence three pseudo_periodic
t=01155 gamma cadence three pseudo_periodic
t=01156 gamma cadence three pseudo_periodic
t=01157 gamma cadence three pseudo_periodic
t=01158 gamma cadence three pseudo_periodic
t=01159 gamma cadence three pseudo_periodic
t=01160 quiet_carrier
t=01161 quiet_carrier
t=01162 quiet_carrier
t=01163 quiet_carrier
t=01164 quiet_carrier
t=01165 quiet_carrier
t=01166 quiet_carrier
t=01167 quiet_carrier
t=01168 quiet_carrier
t=01169 quiet_carrier
t=01170 quiet_carrier
t=01171 quiet_carrier
t=01172 quiet_carrier
t=01173 quiet_carrier
t=01174 quiet_carrier
t=01175 quiet_carrier
t=01176 quiet_carrier
t=01177 quiet_carrier
t=01178 quiet_carrier
t=01179 quiet_carrier
t=01180 quiet_carrier
t=01181 quiet_carrier
t=01182 quiet_carrier
t=01183 quiet_carrier
t=01184 quiet_carrier
t=01185 quiet_carrier
t=01186 quiet_carrier
t=01187 quiet_carrier
t=01188 quiet_carrier
t=01189 quiet_carrier
t=01190 quiet_carrier
t=01191 quiet_carrier
t=01192 quiet_carrier
t=01193 quiet_carrier
t=01194 quiet_carrier
t=01195 quiet_carrier
t=01196 quiet_carrier
t=01197 quiet_carrier
t=01198 quiet_carrier
t=01199 quiet_carrier
t=01200 beta cadence two pseudo_periodic
t=01201 beta cadence two pseudo_periodic
t=01202 beta cadence two pseudo_periodic
t=01203 beta cadence two pseudo_periodic
t=01204 beta cadence two pseudo_periodic
t=01205 beta cadence two pseudo_periodic
t=01206 beta cadence two pseudo_periodic
t=01207 beta cadence two pseudo_periodic
t=01208 beta cadence two pseudo_periodic
t=01209 beta cadence two pseudo_periodic
t=01210 beta cadence two pseudo_periodic
t=01211 beta cadence two pseudo_periodic
t=01212 beta cadence two pseudo_periodic
t=01213 beta cadence two pseudo_periodic
t=01214 beta cadence two pseudo_periodic
t=01215 beta cadence two pseudo_periodic
t=01216 beta cadence two pseudo_periodic
t=01217 beta cadence two pseudo_periodic
t=01218 beta cadence two pseudo_periodic
t=01219 beta cadence two pseudo_periodic
t=01220 gamma cadence three pseudo_periodic
t=01221 gamma cadence three pseudo_periodic
t=01222 gamma cadence three pseudo_periodic
t=01223 gamma cadence three pseudo_periodic
t=01224 gamma cadence three pseudo_periodic
t=01225 gamma cadence three pseudo_periodic
t=01226 gamma cadence three pseudo_periodic
t=01227 gamma cadence three pseudo_periodic
t=01228 gamma cadence three pseudo_periodic
t=01229 gamma cadence three pseudo_periodic
t=01230 gamma cadence three pseudo_periodic
t=01231 gamma cadence three pseudo_periodic
t=01232 gamma cadence three pseudo_periodic
t=01233 gamma cadence three pseudo_periodic
t=01234 gamma cadence three pseudo_periodic
t=01235 gamma cadence three pseudo_periodic
t=01236 gamma cadence three pseudo_periodic
t=01237 gamma cadence three pseudo_periodic
t=01238 gamma cadence three pseudo_periodic
t=01239 gamma cadence three pseudo_periodic
t=01240 delta cadence four pseudo_periodic
t=01241 delta cadence four pseudo_periodic
t=01242 delta cadence four pseudo_periodic
t=01243 delta cadence four pseudo_periodic
t=01244 delta cadence four pseudo_periodic
t=01245 delta cadence four pseudo_periodic
t=01246 delta cadence four pseudo_periodic
t=01247 delta cadence four pseudo_periodic
t=01248 delta cadence four pseudo_periodic
t=01249 delta cadence four pseudo_periodic
t=01250 delta cadence four pseudo_periodic
t=01251 delta cadence four pseudo_periodic
t=01252 delta cadence four pseudo_periodic
t=01253 delta cadence four pseudo_periodic
t=01254 delta cadence four pseudo_periodic
t=01255 delta cadence four pseudo_periodic
t=01256 delta cadence four pseudo_periodic
t=01257 delta cadence four pseudo_periodic
t=01258 delta cadence four pseudo_periodic
t=01259 delta cadence four pseudo_periodic
t=01260 alpha cadence one pseudo_periodic
t=01261 alpha cadence one pseudo_periodic
t=01262 alpha cadence one pseudo_periodic
t=01263 alpha cadence one pseudo_periodic
t=01264 alpha cadence one pseudo_periodic
t=01265 alpha cadence one pseudo_periodic
t=01266 alpha cadence one pseudo_periodic
t=01267 alpha cadence one pseudo_periodic
t=01268 alpha cadence one pseudo_periodic
t=01269 alpha cadence one pseudo_periodic
t=01270 alpha cadence one pseudo_periodic
t=01271 alpha cadence one pseudo_periodic
t=01272 alpha cadence one pseudo_periodic
t=01273 alpha cadence one pseudo_periodic
t=01274 alpha cadence one pseudo_periodic
t=01275 alpha cadence one pseudo_periodic
t=01276 alpha cadence one pseudo_periodic
t=01277 alpha cadence one pseudo_periodic
t=01278 alpha cadence one pseudo_periodic
t=01279 alpha cadence one pseudo_periodic
t=01280 quiet_carrier
t=01281 quiet_carrier
t=01282 quiet_carrier
t=01283 quiet_carrier
t=01284 quiet_carrier
t=01285 quiet_carrier
t=01286 quiet_carrier
t=01287 quiet_carrier
t=01288 quiet_carrier
t=01289 quiet_carrier
t=01290 quiet_carrier
t=01291 quiet_carrier
t=01292 quiet_carrier
t=01293 quiet_carrier
t=01294 quiet_carrier
t=01295 quiet_carrier
t=01296 quiet_carrier
t=01297 quiet_carrier
t=01298 quiet_carrier
t=01299 quiet_carrier
t=01300 quiet_carrier
t=01301 quiet_carrier
t=01302 quiet_carrier
t=01303 quiet_carrier
t=01304 quiet_carrier
t=01305 quiet_carrier
t=01306 quiet_carrier
t=01307 quiet_carrier
t=01308 quiet_carrier
t=01309 quiet_carrier
t=01310 quiet_carrier
t=01311 quiet_carrier
t=01312 quiet_carrier
t=01313 quiet_carrier
t=01314 quiet_carrier
t=01315 quiet_carrier
t=01316 quiet_carrier
t=01317 quiet_carrier
t=01318 quiet_carrier
t=01319 quiet_carrier
t=01320 delta cadence four pseudo_periodic
t=01321 delta cadence four pseudo_periodic
t=01322 delta cadence four pseudo_periodic
t=01323 delta cadence four pseudo_periodic
t=01324 delta cadence four pseudo_periodic
t=01325 delta cadence four pseudo_periodic
t=01326 delta cadence four pseudo_periodic
t=01327 delta cadence four pseudo_periodic
t=01328 delta cadence four pseudo_periodic
t=01329 delta cadence four pseudo_periodic
t=01330 delta cadence four pseudo_periodic
t=01331 delta cadence four pseudo_periodic
t=01332 delta cadence four pseudo_periodic
t=01333 delta cadence four pseudo_periodic
t=01334 delta cadence four pseudo_periodic
t=01335 delta cadence four pseudo_periodic
t=01336 delta cadence four pseudo_periodic
t=01337 delta cadence four pseudo_periodic
t=01338 delta cadence four pseudo_periodic
t=01339 delta cadence four pseudo_periodic
t=01340 alpha cadence one pseudo_periodic
t=01341 alpha cadence one pseudo_periodic
t=01342 alpha cadence one pseudo_periodic
t=01343 alpha cadence one pseudo_periodic
t=01344 alpha cadence one pseudo_periodic
t=01345 alpha cadence one pseudo_periodic
t=01346 alpha cadence one pseudo_periodic
t=01347 alpha cadence one pseudo_periodic
t=01348 alpha cadence one pseudo_periodic
t=01349 alpha cadence one pseudo_periodic
t=01350 alpha cadence one pseudo_periodic
t=01351 alpha cadence one pseudo_periodic
t=01352 alpha cadence one pseudo_periodic
t=01353 alpha cadence one pseudo_periodic
t=01354 alpha cadence one pseudo_periodic
t=01355 alpha cadence one pseudo_periodic
t=01356 alpha cadence one pseudo_periodic
t=01357 alpha cadence one pseudo_periodic
t=01358 alpha cadence one pseudo_periodic
t=01359 alpha cadence one pseudo_periodic
t=01360 beta cadence two pseudo_periodic
t=01361 beta cadence two pseudo_periodic
t=01362 beta cadence two pseudo_periodic
t=01363 beta cadence two pseudo_periodic
t=01364 beta cadence two pseudo_periodic
t=01365 beta cadence two pseudo_periodic
t=01366 beta cadence two pseudo_periodic
t=01367 beta cadence two pseudo_periodic
t=01368 beta cadence two pseudo_periodic
t=01369 beta cadence two pseudo_periodic
t=01370 beta cadence two pseudo_periodic
t=01371 beta cadence two pseudo_periodic
t=01372 beta cadence two pseudo_periodic
t=01373 beta cadence two pseudo_periodic
t=01374 beta cadence two pseudo_periodic
t=01375 beta cadence two pseudo_periodic
t=01376 beta cadence two pseudo_periodic
t=01377 beta cadence two pseudo_periodic
t=01378 beta cadence two pseudo_periodic
t=01379 beta cadence two pseudo_periodic
t=01380 gamma cadence three pseudo_periodic
t=01381 gamma cadence three pseudo_periodic
t=01382 gamma cadence three pseudo_periodic
t=01383 gamma cadence three pseudo_periodic
t=01384 gamma cadence three pseudo_periodic
t=01385 gamma cadence three pseudo_periodic
t=01386 gamma cadence three pseudo_periodic
t=01387 gamma cadence three pseudo_periodic
t=01388 gamma cadence three pseudo_periodic
t=01389 gamma cadence three pseudo_periodic
t=01390 gamma cadence three pseudo_periodic
t=01391 gamma cadence three pseudo_periodic
t=01392 gamma cadence three pseudo_periodic
t=01393 gamma cadence three pseudo_periodic
t=01394 gamma cadence three pseudo_periodic
t=01395 gamma cadence three pseudo_periodic
t=01396 gamma cadence three pseudo_periodic
t=01397 gamma cadence three pseudo_periodic
t=01398 gamma cadence three pseudo_periodic
t=01399 gamma cadence three pseudo_periodic
t=01400 quiet_carrier
t=01401 quiet_carrier
t=01402 quiet_carrier
t=01403 quiet_carrier
t=01404 quiet_carrier
t=01405 quiet_carrier
t=01406 quiet_carrier
t=01407 quiet_carrier
t=01408 quiet_carrier
t=01409 quiet_carrier
t=01410 quiet_carrier
t=01411 quiet_carrier
t=01412 quiet_carrier
t=01413 quiet_carrier
t=01414 quiet_carrier
t=01415 quiet_carrier
t=01416 quiet_carrier
t=01417 quiet_carrier
t=01418 quiet_carrier
t=01419 quiet_carrier
t=01420 quiet_carrier
t=01421 quiet_carrier
t=01422 quiet_carrier
t=01423 quiet_carrier
t=01424 quiet_carrier
t=01425 quiet_carrier
t=01426 quiet_carrier
t=01427 quiet_carrier
t=01428 quiet_carrier
t=01429 quiet_carrier
t=01430 quiet_carrier
t=01431 quiet_carrier
t=01432 quiet_carrier
t=01433 quiet_carrier
t=01434 quiet_carrier
t=01435 quiet_carrier
t=01436 quiet_carrier
t=01437 quiet_carrier
t=01438 quiet_carrier
t=01439 quiet_carrier
t=01440 beta cadence two pseudo_periodic
t=01441 beta cadence two pseudo_periodic
t=01442 beta cadence two pseudo_periodic
t=01443 beta cadence two pseudo_periodic
t=01444 beta cadence two pseudo_periodic
t=01445 beta cadence two pseudo_periodic
t=01446 beta cadence two pseudo_periodic
t=01447 beta cadence two pseudo_periodic
t=01448 beta cadence two pseudo_periodic
t=01449 beta cadence two pseudo_periodic
t=01450 beta cadence two pseudo_periodic
t=01451 beta cadence two pseudo_periodic
t=01452 beta cadence two pseudo_periodic
t=01453 beta cadence two pseudo_periodic
t=01454 beta cadence two pseudo_periodic
t=01455 beta cadence two pseudo_periodic
t=01456 beta cadence two pseudo_periodic
t=01457 beta cadence two pseudo_periodic
t=01458 beta cadence two pseudo_periodic
t=01459 beta cadence two pseudo_periodic
t=01460 gamma cadence three pseudo_periodic
t=01461 gamma cadence three pseudo_periodic
t=01462 gamma cadence three pseudo_periodic
t=01463 gamma cadence three pseudo_periodic
t=01464 gamma cadence three pseudo_periodic
t=01465 gamma cadence three pseudo_periodic
t=01466 gamma cadence three pseudo_periodic
t=01467 gamma cadence three pseudo_periodic
t=01468 gamma cadence three pseudo_periodic
t=01469 gamma cadence three pseudo_periodic
t=01470 gamma cadence three pseudo_periodic
t=01471 gamma cadence three pseudo_periodic
t=01472 gamma cadence three pseudo_periodic
t=01473 gamma cadence three pseudo_periodic
t=01474 gamma cadence three pseudo_periodic
t=01475 gamma cadence three pseudo_periodic
t=01476 gamma cadence three pseudo_periodic
t=01477 gamma cadence three pseudo_periodic
t=01478 gamma cadence three pseudo_periodic
t=01479 gamma cadence three pseudo_periodic
t=01480 delta cadence four pseudo_periodic
t=01481 delta cadence four pseudo_periodic
t=01482 delta cadence four pseudo_periodic
t=01483 delta cadence four pseudo_periodic
t=01484 delta cadence four pseudo_periodic
t=01485 delta cadence four pseudo_periodic
t=01486 delta cadence four pseudo_periodic
t=01487 delta cadence four pseudo_periodic
t=01488 delta cadence four pseudo_periodic
t=01489 delta cadence four pseudo_periodic
t=01490 delta cadence four pseudo_periodic
t=01491 delta cadence four pseudo_periodic
t=01492 delta cadence four pseudo_periodic
t=01493 delta cadence four pseudo_periodic
t=01494 delta cadence four pseudo_periodic
t=01495 delta cadence four pseudo_periodic
t=01496 delta cadence four pseudo_periodic
t=01497 delta cadence four pseudo_periodic
t=01498 delta cadence four pseudo_periodic
t=01499 delta cadence four pseudo_periodic
t=01500 alpha cadence one pseudo_periodic
t=01501 alpha cadence one pseudo_periodic
t=01502 alpha cadence one pseudo_periodic
t=01503 alpha cadence one pseudo_periodic
t=01504 alpha cadence one pseudo_periodic
t=01505 alpha cadence one pseudo_periodic
t=01506 alpha cadence one pseudo_periodic
t=01507 alpha cadence one pseudo_periodic
t=01508 alpha cadence one pseudo_periodic
t=01509 alpha cadence one pseudo_periodic
t=01510 alpha cadence one pseudo_periodic
t=01511 alpha cadence one pseudo_periodic
t=01512 alpha cadence one pseudo_periodic
t=01513 alpha cadence one pseudo_periodic
t=01514 alpha cadence one pseudo_periodic
t=01515 alpha cadence one pseudo_periodic
t=01516 alpha cadence one pseudo_periodic
t=01517 alpha cadence one pseudo_periodic
t=01518 alpha cadence one pseudo_periodic
t=01519 alpha cadence one pseudo_periodic
t=01520 quiet_carrier
t=01521 quiet_carrier
t=01522 quiet_carrier
t=01523 quiet_carrier
t=01524 quiet_carrier
t=01525 quiet_carrier
t=01526 quiet_carrier
t=01527 quiet_carrier
t=01528 quiet_carrier
t=01529 quiet_carrier
t=01530 quiet_carrier
t=01531 quiet_carrier
t=01532 quiet_carrier
t=01533 quiet_carrier
t=01534 quiet_carrier
t=01535 quiet_carrier
t=01536 quiet_carrier
t=01537 quiet_carrier
t=01538 quiet_carrier
t=01539 quiet_carrier
t=01540 quiet_carrier
t=01541 quiet_carrier
t=01542 quiet_carrier
t=01543 quiet_carrier
t=01544 quiet_carrier
t=01545 quiet_carrier
t=01546 quiet_carrier
t=01547 quiet_carrier
t=01548 quiet_carrier
t=01549 quiet_carrier
t=01550 quiet_carrier
t=01551 quiet_carrier
t=01552 quiet_carrier
t=01553 quiet_carrier
t=01554 quiet_carrier
t=01555 quiet_carrier
t=01556 quiet_carrier
t=01557 quiet_carrier
t=01558 quiet_carrier
t=01559 quiet_carrier
t=01560 delta cadence four pseudo_periodic
t=01561 delta cadence four pseudo_periodic
t=01562 delta cadence four pseudo_periodic
t=01563 delta cadence four pseudo_periodic
t=01564 delta cadence four pseudo_periodic
t=01565 delta cadence four pseudo_periodic
t=01566 delta cadence four pseudo_periodic
t=01567 delta cadence four pseudo_periodic
t=01568 delta cadence four pseudo_periodic
t=01569 delta cadence four pseudo_periodic
t=01570 delta cadence four pseudo_periodic
t=01571 delta cadence four pseudo_periodic
t=01572 delta cadence four pseudo_periodic
t=01573 delta cadence four pseudo_periodic
t=01574 delta cadence four pseudo_periodic
t=01575 delta cadence four pseudo_periodic
t=01576 delta cadence four pseudo_periodic
t=01577 delta cadence four pseudo_periodic
t=01578 delta cadence four pseudo_periodic
t=01579 delta cadence four pseudo_periodic
t=01580 alpha cadence one pseudo_periodic
t=01581 alpha cadence one pseudo_periodic
t=01582 alpha cadence one pseudo_periodic
t=01583 alpha cadence one pseudo_periodic
t=01584 alpha cadence one pseudo_periodic
t=01585 alpha cadence one pseudo_periodic
t=01586 alpha cadence one pseudo_periodic
t=01587 alpha cadence one pseudo_periodic
t=01588 alpha cadence one pseudo_periodic
t=01589 alpha cadence one pseudo_periodic
t=01590 alpha cadence one pseudo_periodic
t=01591 alpha cadence one pseudo_periodic
t=01592 alpha cadence one pseudo_periodic
t=01593 alpha cadence one pseudo_periodic
t=01594 alpha cadence one pseudo_periodic
t=01595 alpha cadence one pseudo_periodic
t=01596 alpha cadence one pseudo_periodic
t=01597 alpha cadence one pseudo_periodic
t=01598 alpha cadence one pseudo_periodic
t=01599 alpha cadence one pseudo_periodic
t=01600 beta cadence two pseudo_periodic
t=01601 beta cadence two pseudo_periodic
t=01602 beta cadence two pseudo_periodic
t=01603 beta cadence two pseudo_periodic
t=01604 beta cadence two pseudo_periodic
t=01605 beta cadence two pseudo_periodic
t=01606 beta cadence two pseudo_periodic
t=01607 beta cadence two pseudo_periodic
t=01608 beta cadence two pseudo_periodic
t=01609 beta cadence two pseudo_periodic
t=01610 beta cadence two pseudo_periodic
t=01611 beta cadence two pseudo_periodic
t=01612 beta cadence two pseudo_periodic
t=01613 beta cadence two pseudo_periodic
t=01614 beta cadence two pseudo_periodic
t=01615 beta cadence two pseudo_periodic
t=01616 beta cadence two pseudo_periodic
t=01617 beta cadence two pseudo_periodic
t=01618 beta cadence two pseudo_periodic
t=01619 beta cadence two pseudo_periodic
t=01620 gamma cadence three pseudo_periodic
t=01621 gamma cadence three pseudo_periodic
t=01622 gamma cadence three pseudo_periodic
t=01623 gamma cadence three pseudo_periodic
t=01624 gamma cadence three pseudo_periodic
t=01625 gamma cadence three pseudo_periodic
t=01626 gamma cadence three pseudo_periodic
t=01627 gamma cadence three pseudo_periodic
t=01628 gamma cadence three pseudo_periodic
t=01629 gamma cadence three pseudo_periodic
t=01630 gamma cadence three pseudo_periodic
t=01631 gamma cadence three pseudo_periodic
t=01632 gamma cadence three pseudo_periodic
t=01633 gamma cadence three pseudo_periodic
t=01634 gamma cadence three pseudo_periodic
t=01635 gamma cadence three pseudo_periodic
t=01636 gamma cadence three pseudo_periodic
t=01637 gamma cadence three pseudo_periodic
t=01638 gamma cadence three pseudo_periodic
t=01639 gamma cadence three pseudo_periodic
t=01640 quiet_carrier
t=01641 quiet_carrier
t=01642 quiet_carrier
t=01643 quiet_carrier
t=01644 quiet_carrier
t=01645 quiet_carrier
t=01646 quiet_carrier
t=01647 quiet_carrier
t=01648 quiet_carrier
t=01649 quiet_carrier
t=01650 quiet_carrier
t=01651 quiet_carrier
t=01652 quiet_carrier
t=01653 quiet_carrier
t=01654 quiet_carrier
t=01655 quiet_carrier
t=01656 quiet_carrier
t=01657 quiet_carrier
t=01658 quiet_carrier
t=01659 quiet_carrier
t=01660 quiet_carrier
t=01661 quiet_carrier
t=01662 quiet_carrier
t=01663 quiet_carrier
t=01664 quiet_carrier
t=01665 quiet_carrier
t=01666 quiet_carrier
t=01667 quiet_carrier
t=01668 quiet_carrier
t=01669 quiet_carrier
t=01670 quiet_carrier
t=01671 quiet_carrier
t=01672 quiet_carrier
t=01673 quiet_carrier
t=01674 quiet_carrier
t=01675 quiet_carrier
t=01676 quiet_carrier
t=01677 quiet_carrier
t=01678 quiet_carrier
t=01679 quiet_carrier
t=01680 beta cadence two pseudo_periodic
t=01681 beta cadence two pseudo_periodic
t=01682 beta cadence two pseudo_periodic
t=01683 beta cadence two pseudo_periodic
t=01684 beta cadence two pseudo_periodic
t=01685 beta cadence two pseudo_periodic
t=01686 beta cadence two pseudo_periodic
t=01687 beta cadence two pseudo_periodic
t=01688 beta cadence two pseudo_periodic
t=01689 beta cadence two pseudo_periodic
t=01690 beta cadence two pseudo_periodic
t=01691 beta cadence two pseudo_periodic
t=01692 beta cadence two pseudo_periodic
t=01693 beta cadence two pseudo_periodic
t=01694 beta cadence two pseudo_periodic
t=01695 beta cadence two pseudo_periodic
t=01696 beta cadence two pseudo_periodic
t=01697 beta cadence two pseudo_periodic
t=01698 beta cadence two pseudo_periodic
t=01699 beta cadence two pseudo_periodic
t=01700 gamma cadence three pseudo_periodic
t=01701 gamma cadence three pseudo_periodic
t=01702 gamma cadence three pseudo_periodic
t=01703 gamma cadence three pseudo_periodic
t=01704 gamma cadence three pseudo_periodic
t=01705 gamma cadence three pseudo_periodic
t=01706 gamma cadence three pseudo_periodic
t=01707 gamma cadence three pseudo_periodic
t=01708 gamma cadence three pseudo_periodic
t=01709 gamma cadence three pseudo_periodic
t=01710 gamma cadence three pseudo_periodic
t=01711 gamma cadence three pseudo_periodic
t=01712 gamma cadence three pseudo_periodic
t=01713 gamma cadence three pseudo_periodic
t=01714 gamma cadence three pseudo_periodic
t=01715 gamma cadence three pseudo_periodic
t=01716 gamma cadence three pseudo_periodic
t=01717 gamma cadence three pseudo_periodic
t=01718 gamma cadence three pseudo_periodic
t=01719 gamma cadence three pseudo_periodic
t=01720 delta cadence four pseudo_periodic
t=01721 delta cadence four pseudo_periodic
t=01722 delta cadence four pseudo_periodic
t=01723 delta cadence four pseudo_periodic
t=01724 delta cadence four pseudo_periodic
t=01725 delta cadence four pseudo_periodic
t=01726 delta cadence four pseudo_periodic
t=01727 delta cadence four pseudo_periodic
t=01728 delta cadence four pseudo_periodic
t=01729 delta cadence four pseudo_periodic
t=01730 delta cadence four pseudo_periodic
t=01731 delta cadence four pseudo_periodic
t=01732 delta cadence four pseudo_periodic
t=01733 delta cadence four pseudo_periodic
t=01734 delta cadence four pseudo_periodic
t=01735 delta cadence four pseudo_periodic
t=01736 delta cadence four pseudo_periodic
t=01737 delta cadence four pseudo_periodic
t=01738 delta cadence four pseudo_periodic
t=01739 delta cadence four pseudo_periodic
t=01740 alpha cadence one pseudo_periodic
t=01741 alpha cadence one pseudo_periodic
t=01742 alpha cadence one pseudo_periodic
t=01743 alpha cadence one pseudo_periodic
t=01744 alpha cadence one pseudo_periodic
t=01745 alpha cadence one pseudo_periodic
t=01746 alpha cadence one pseudo_periodic
t=01747 alpha cadence one pseudo_periodic
t=01748 alpha cadence one pseudo_periodic
t=01749 alpha cadence one pseudo_periodic
t=01750 alpha cadence one pseudo_periodic
t=01751 alpha cadence one pseudo_periodic
t=01752 alpha cadence one pseudo_periodic
t=01753 alpha cadence one pseudo_periodic
t=01754 alpha cadence one pseudo_periodic
t=01755 alpha cadence one pseudo_periodic
t=01756 alpha cadence one pseudo_periodic
t=01757 alpha cadence one pseudo_periodic
t=01758 alpha cadence one pseudo_periodic
t=01759 alpha cadence one pseudo_periodic
t=01760 quiet_carrier
t=01761 quiet_carrier
t=01762 quiet_carrier
t=01763 quiet_carrier
t=01764 quiet_carrier
t=01765 quiet_carrier
t=01766 quiet_carrier
t=01767 quiet_carrier
t=01768 quiet_carrier
t=01769 quiet_carrier
t=01770 quiet_carrier
t=01771 quiet_carrier
t=01772 quiet_carrier
t=01773 quiet_carrier
t=01774 quiet_carrier
t=01775 quiet_carrier
t=01776 quiet_carrier
t=01777 quiet_carrier
t=01778 quiet_carrier
t=01779 quiet_carrier
t=01780 quiet_carrier
t=01781 quiet_carrier
t=01782 quiet_carrier
t=01783 quiet_carrier
t=01784 quiet_carrier
t=01785 quiet_carrier
t=01786 quiet_carrier
t=01787 quiet_carrier
t=01788 quiet_carrier
t=01789 quiet_carrier
t=01790 quiet_carrier
t=01791 quiet_carrier
t=01792 quiet_carrier
t=01793 quiet_carrier
t=01794 quiet_carrier
t=01795 quiet_carrier
t=01796 quiet_carrier
t=01797 quiet_carrier
t=01798 quiet_carrier
t=01799 quiet_carrier
t=01800 delta cadence four pseudo_periodic
t=01801 alpha cadence one pseudo_periodic
t=01802 alpha cadence one pseudo_periodic
t=01803 alpha cadence one pseudo_periodic
t=01804 alpha cadence one pseudo_periodic
t=01805 alpha cadence one pseudo_periodic
t=01806 alpha cadence one pseudo_periodic
t=01807 alpha cadence one pseudo_periodic
t=01808 alpha cadence one pseudo_periodic
t=01809 alpha cadence one pseudo_periodic
t=01810 alpha cadence one pseudo_periodic
t=01811 alpha cadence one pseudo_periodic
t=01812 alpha cadence one pseudo_periodic
t=01813 alpha cadence one pseudo_periodic
t=01814 alpha cadence one pseudo_periodic
t=01815 alpha cadence one pseudo_periodic
t=01816 alpha cadence one pseudo_periodic
t=01817 alpha cadence one pseudo_periodic
t=01818 alpha cadence one pseudo_periodic
t=01819 alpha cadence one pseudo_periodic
t=01820 beta cadence two pseudo_periodic
t=01821 beta cadence two pseudo_periodic
t=01822 beta cadence two pseudo_periodic
t=01823 beta cadence two pseudo_periodic
t=01824 beta cadence two pseudo_periodic
t=01825 beta cadence two pseudo_periodic
t=01826 beta cadence two pseudo_periodic
t=01827 beta cadence two pseudo_periodic
t=01828 beta cadence two pseudo_periodic
t=01829 beta cadence two pseudo_periodic
t=01830 beta cadence two pseudo_periodic
t=01831 beta cadence two pseudo_periodic
t=01832 beta cadence two pseudo_periodic
t=01833 beta cadence two pseudo_periodic
t=01834 beta cadence two pseudo_periodic
t=01835 beta cadence two pseudo_periodic
t=01836 beta cadence two pseudo_periodic
t=01837 beta cadence two pseudo_periodic
t=01838 beta cadence two pseudo_periodic
t=01839 beta cadence two pseudo_periodic
t=01840 gamma cadence three pseudo_periodic
t=01841 gamma cadence three pseudo_periodic
t=01842 gamma cadence three pseudo_periodic
t=01843 gamma cadence three pseudo_periodic
t=01844 gamma cadence three pseudo_periodic
t=01845 gamma cadence three pseudo_periodic
t=01846 gamma cadence three pseudo_periodic
t=01847 gamma cadence three pseudo_periodic
t=01848 gamma cadence three pseudo_periodic
t=01849 gamma cadence three pseudo_periodic
t=01850 gamma cadence three pseudo_periodic
t=01851 gamma cadence three pseudo_periodic
t=01852 gamma cadence three pseudo_periodic
t=01853 gamma cadence three pseudo_periodic
t=01854 gamma cadence three pseudo_periodic
t=01855 gamma cadence three pseudo_periodic
t=01856 gamma cadence three pseudo_periodic
t=01857 gamma cadence three pseudo_periodic
t=01858 gamma cadence three pseudo_periodic
t=01859 gamma cadence three pseudo_periodic
t=01860 delta cadence four pseudo_periodic
t=01861 delta cadence four pseudo_periodic
t=01862 delta cadence four pseudo_periodic
t=01863 delta cadence four pseudo_periodic
t=01864 delta cadence four pseudo_periodic
t=01865 delta cadence four pseudo_periodic
t=01866 delta cadence four pseudo_periodic
t=01867 delta cadence four pseudo_periodic
t=01868 delta cadence four pseudo_periodic
t=01869 delta cadence four pseudo_periodic
t=01870 delta cadence four pseudo_periodic
t=01871 delta cadence four pseudo_periodic
t=01872 delta cadence four pseudo_periodic
t=01873 delta cadence four pseudo_periodic
t=01874 delta cadence four pseudo_periodic
t=01875 delta cadence four pseudo_periodic
t=01876 delta cadence four pseudo_periodic
t=01877 delta cadence four pseudo_periodic
t=01878 delta cadence four pseudo_periodic
t=01879 delta cadence four pseudo_periodic
t=01880 quiet_carrier
t=01881 quiet_carrier
t=01882 quiet_carrier
t=01883 quiet_carrier
t=01884 quiet_carrier
t=01885 quiet_carrier
t=01886 quiet_carrier
t=01887 quiet_carrier
t=01888 quiet_carrier
t=01889 quiet_carrier
t=01890 quiet_carrier
t=01891 quiet_carrier
t=01892 quiet_carrier
t=01893 quiet_carrier
t=01894 quiet_carrier
t=01895 quiet_carrier
t=01896 quiet_carrier
t=01897 quiet_carrier
t=01898 quiet_carrier
t=01899 quiet_carrier
t=01900 gamma cadence three cadence_interruption
t=01901 gamma cadence three cadence_interruption
t=01902 alpha cadence one cadence_interruption
t=01903 beta cadence two cadence_interruption
t=01904 gamma cadence three cadence_interruption
t=01905 gamma cadence three cadence_interruption
t=01906 alpha cadence one cadence_interruption
t=01907 beta cadence two cadence_interruption
t=01908 gamma cadence three cadence_interruption
t=01909 gamma cadence three cadence_interruption
t=01910 gamma cadence three cadence_interruption
t=01911 delta cadence four cadence_interruption
t=01912 delta cadence four cadence_interruption
t=01913 alpha cadence one cadence_interruption
t=01914 gamma cadence three cadence_interruption
t=01915 alpha cadence one cadence_interruption
t=01916 alpha cadence one cadence_interruption
t=01917 alpha cadence one cadence_interruption
t=01918 delta cadence four cadence_interruption
t=01919 beta cadence two cadence_interruption
t=01920 gamma cadence three pseudo_periodic
t=01921 gamma cadence three pseudo_periodic
t=01922 gamma cadence three pseudo_periodic
t=01923 gamma cadence three pseudo_periodic
t=01924 gamma cadence three pseudo_periodic
t=01925 gamma cadence three pseudo_periodic
t=01926 gamma cadence three pseudo_periodic
t=01927 gamma cadence three pseudo_periodic
t=01928 gamma cadence three pseudo_periodic
t=01929 gamma cadence three pseudo_periodic
t=01930 gamma cadence three pseudo_periodic
t=01931 gamma cadence three pseudo_periodic
t=01932 gamma cadence three pseudo_periodic
t=01933 gamma cadence three pseudo_periodic
t=01934 gamma cadence three pseudo_periodic
t=01935 gamma cadence three pseudo_periodic
t=01936 gamma cadence three pseudo_periodic
t=01937 gamma cadence three pseudo_periodic
t=01938 gamma cadence three pseudo_periodic
t=01939 gamma cadence three pseudo_periodic
t=01940 delta cadence four pseudo_periodic
t=01941 delta cadence four pseudo_periodic
t=01942 delta cadence four pseudo_periodic
t=01943 delta cadence four pseudo_periodic
t=01944 delta cadence four pseudo_periodic
t=01945 delta cadence four pseudo_periodic
t=01946 delta cadence four pseudo_periodic
t=01947 delta cadence four pseudo_periodic
t=01948 delta cadence four pseudo_periodic
t=01949 delta cadence four pseudo_periodic
t=01950 delta cadence four pseudo_periodic
t=01951 delta cadence four pseudo_periodic
t=01952 delta cadence four pseudo_periodic
t=01953 delta cadence four pseudo_periodic
t=01954 delta cadence four pseudo_periodic
t=01955 delta cadence four pseudo_periodic
t=01956 delta cadence four pseudo_periodic
t=01957 delta cadence four pseudo_periodic
t=01958 delta cadence four pseudo_periodic
t=01959 delta cadence four pseudo_periodic
t=01960 alpha cadence one pseudo_periodic
t=01961 alpha cadence one pseudo_periodic
t=01962 alpha cadence one pseudo_periodic
t=01963 alpha cadence one pseudo_periodic
t=01964 alpha cadence one pseudo_periodic
t=01965 alpha cadence one pseudo_periodic
t=01966 alpha cadence one pseudo_periodic
t=01967 alpha cadence one pseudo_periodic
t=01968 alpha cadence one pseudo_periodic
t=01969 alpha cadence one pseudo_periodic
t=01970 alpha cadence one pseudo_periodic
t=01971 alpha cadence one pseudo_periodic
t=01972 alpha cadence one pseudo_periodic
t=01973 alpha cadence one pseudo_periodic
t=01974 alpha cadence one pseudo_periodic
t=01975 alpha cadence one pseudo_periodic
t=01976 alpha cadence one pseudo_periodic
t=01977 alpha cadence one pseudo_periodic
t=01978 alpha cadence one pseudo_periodic
t=01979 alpha cadence one pseudo_periodic
t=01980 beta cadence two pseudo_periodic
t=01981 beta cadence two pseudo_periodic
t=01982 beta cadence two pseudo_periodic
t=01983 beta cadence two pseudo_periodic
t=01984 beta cadence two pseudo_periodic
t=01985 beta cadence two pseudo_periodic
t=01986 beta cadence two pseudo_periodic
t=01987 beta cadence two pseudo_periodic
t=01988 beta cadence two pseudo_periodic
t=01989 beta cadence two pseudo_periodic
t=01990 beta cadence two pseudo_periodic
t=01991 beta cadence two pseudo_periodic
t=01992 beta cadence two pseudo_periodic
t=01993 beta cadence two pseudo_periodic
t=01994 beta cadence two pseudo_periodic
t=01995 beta cadence two pseudo_periodic
t=01996 beta cadence two pseudo_periodic
t=01997 beta cadence two pseudo_periodic
t=01998 beta cadence two pseudo_periodic
t=01999 beta cadence two pseudo_periodic
t=02000 quiet_carrier
t=02001 quiet_carrier
t=02002 quiet_carrier
t=02003 quiet_carrier
t=02004 quiet_carrier
t=02005 quiet_carrier
t=02006 quiet_carrier
t=02007 quiet_carrier
t=02008 quiet_carrier
t=02009 quiet_carrier
t=02010 quiet_carrier
t=02011 quiet_carrier
t=02012 quiet_carrier
t=02013 quiet_carrier
t=02014 quiet_carrier
t=02015 quiet_carrier
t=02016 quiet_carrier
t=02017 quiet_carrier
t=02018 quiet_carrier
t=02019 quiet_carrier
t=02020 quiet_carrier
t=02021 quiet_carrier
t=02022 quiet_carrier
t=02023 quiet_carrier
t=02024 quiet_carrier
t=02025 quiet_carrier
t=02026 quiet_carrier
t=02027 quiet_carrier
t=02028 quiet_carrier
t=02029 quiet_carrier
t=02030 quiet_carrier
t=02031 quiet_carrier
t=02032 quiet_carrier
t=02033 quiet_carrier
t=02034 quiet_carrier
t=02035 quiet_carrier
t=02036 quiet_carrier
t=02037 quiet_carrier
t=02038 quiet_carrier
t=02039 quiet_carrier
t=02040 alpha cadence one pseudo_periodic
t=02041 alpha cadence one pseudo_periodic
t=02042 alpha cadence one pseudo_periodic
t=02043 alpha cadence one pseudo_periodic
t=02044 alpha cadence one pseudo_periodic
t=02045 alpha cadence one pseudo_periodic
t=02046 alpha cadence one pseudo_periodic
t=02047 alpha cadence one pseudo_periodic
t=02048 alpha cadence one pseudo_periodic
t=02049 alpha cadence one pseudo_periodic
t=02050 alpha cadence one pseudo_periodic
t=02051 alpha cadence one pseudo_periodic
t=02052 alpha cadence one pseudo_periodic
t=02053 alpha cadence one pseudo_periodic
t=02054 alpha cadence one pseudo_periodic
t=02055 alpha cadence one pseudo_periodic
t=02056 alpha cadence one pseudo_periodic
t=02057 alpha cadence one pseudo_periodic
t=02058 alpha cadence one pseudo_periodic
t=02059 alpha cadence one pseudo_periodic
t=02060 beta cadence two pseudo_periodic
t=02061 beta cadence two pseudo_periodic
t=02062 beta cadence two pseudo_periodic
t=02063 beta cadence two pseudo_periodic
t=02064 beta cadence two pseudo_periodic
t=02065 beta cadence two pseudo_periodic
t=02066 beta cadence two pseudo_periodic
t=02067 beta cadence two pseudo_periodic
t=02068 beta cadence two pseudo_periodic
t=02069 beta cadence two pseudo_periodic
t=02070 beta cadence two pseudo_periodic
t=02071 beta cadence two pseudo_periodic
t=02072 beta cadence two pseudo_periodic
t=02073 beta cadence two pseudo_periodic
t=02074 beta cadence two pseudo_periodic
t=02075 beta cadence two pseudo_periodic
t=02076 beta cadence two pseudo_periodic
t=02077 beta cadence two pseudo_periodic
t=02078 beta cadence two pseudo_periodic
t=02079 beta cadence two pseudo_periodic
t=02080 gamma cadence three pseudo_periodic
t=02081 gamma cadence three pseudo_periodic
t=02082 gamma cadence three pseudo_periodic
t=02083 gamma cadence three pseudo_periodic
t=02084 gamma cadence three pseudo_periodic
t=02085 gamma cadence three pseudo_periodic
t=02086 gamma cadence three pseudo_periodic
t=02087 gamma cadence three pseudo_periodic
t=02088 gamma cadence three pseudo_periodic
t=02089 gamma cadence three pseudo_periodic
t=02090 gamma cadence three pseudo_periodic
t=02091 gamma cadence three pseudo_periodic
t=02092 gamma cadence three pseudo_periodic
t=02093 gamma cadence three pseudo_periodic
t=02094 gamma cadence three pseudo_periodic
t=02095 gamma cadence three pseudo_periodic
t=02096 gamma cadence three pseudo_periodic
t=02097 gamma cadence three pseudo_periodic
t=02098 gamma cadence three pseudo_periodic
t=02099 gamma cadence three pseudo_periodic
t=02100 delta cadence four pseudo_periodic
t=02101 delta cadence four pseudo_periodic
t=02102 delta cadence four pseudo_periodic
t=02103 delta cadence four pseudo_periodic
t=02104 delta cadence four pseudo_periodic
t=02105 delta cadence four pseudo_periodic
t=02106 delta cadence four pseudo_periodic
t=02107 delta cadence four pseudo_periodic
t=02108 delta cadence four pseudo_periodic
t=02109 delta cadence four pseudo_periodic
t=02110 delta cadence four pseudo_periodic
t=02111 delta cadence four pseudo_periodic
t=02112 delta cadence four pseudo_periodic
t=02113 delta cadence four pseudo_periodic
t=02114 delta cadence four pseudo_periodic
t=02115 delta cadence four pseudo_periodic
t=02116 delta cadence four pseudo_periodic
t=02117 delta cadence four pseudo_periodic
t=02118 delta cadence four pseudo_periodic
t=02119 delta cadence four pseudo_periodic
t=02120 quiet_carrier
t=02121 quiet_carrier
t=02122 quiet_carrier
t=02123 quiet_carrier
t=02124 quiet_carrier
t=02125 quiet_carrier
t=02126 quiet_carrier
t=02127 quiet_carrier
t=02128 quiet_carrier
t=02129 quiet_carrier
t=02130 quiet_carrier
t=02131 quiet_carrier
t=02132 quiet_carrier
t=02133 quiet_carrier
t=02134 quiet_carrier
t=02135 quiet_carrier
t=02136 quiet_carrier
t=02137 quiet_carrier
t=02138 quiet_carrier
t=02139 quiet_carrier
t=02140 quiet_carrier
t=02141 quiet_carrier
t=02142 quiet_carrier
t=02143 quiet_carrier
t=02144 quiet_carrier
t=02145 quiet_carrier
t=02146 quiet_carrier
t=02147 quiet_carrier
t=02148 quiet_carrier
t=02149 quiet_carrier
t=02150 quiet_carrier
t=02151 quiet_carrier
t=02152 quiet_carrier
t=02153 quiet_carrier
t=02154 quiet_carrier
t=02155 quiet_carrier
t=02156 quiet_carrier
t=02157 quiet_carrier
t=02158 quiet_carrier
t=02159 quiet_carrier
t=02160 gamma cadence three pseudo_periodic
t=02161 gamma cadence three pseudo_periodic
t=02162 gamma cadence three pseudo_periodic
t=02163 gamma cadence three pseudo_periodic
t=02164 gamma cadence three pseudo_periodic
t=02165 gamma cadence three pseudo_periodic
t=02166 gamma cadence three pseudo_periodic
t=02167 gamma cadence three pseudo_periodic
t=02168 gamma cadence three pseudo_periodic
t=02169 gamma cadence three pseudo_periodic
t=02170 gamma cadence three pseudo_periodic
t=02171 gamma cadence three pseudo_periodic
t=02172 gamma cadence three pseudo_periodic
t=02173 gamma cadence three pseudo_periodic
t=02174 gamma cadence three pseudo_periodic
t=02175 gamma cadence three pseudo_periodic
t=02176 gamma cadence three pseudo_periodic
t=02177 gamma cadence three pseudo_periodic
t=02178 gamma cadence three pseudo_periodic
t=02179 gamma cadence three pseudo_periodic
t=02180 delta cadence four pseudo_periodic
t=02181 delta cadence four pseudo_periodic
t=02182 delta cadence four pseudo_periodic
t=02183 delta cadence four pseudo_periodic
t=02184 delta cadence four pseudo_periodic
t=02185 delta cadence four pseudo_periodic
t=02186 delta cadence four pseudo_periodic
t=02187 delta cadence four pseudo_periodic
t=02188 delta cadence four pseudo_periodic
t=02189 delta cadence four pseudo_periodic
t=02190 delta cadence four pseudo_periodic
t=02191 delta cadence four pseudo_periodic
t=02192 delta cadence four pseudo_periodic
t=02193 delta cadence four pseudo_periodic
t=02194 delta cadence four pseudo_periodic
t=02195 delta cadence four pseudo_periodic
t=02196 delta cadence four pseudo_periodic
t=02197 delta cadence four pseudo_periodic
t=02198 delta cadence four pseudo_periodic
t=02199 delta cadence four pseudo_periodic
t=02200 alpha cadence one delayed_phase_echo
t=02201 alpha cadence one delayed_phase_echo
t=02202 alpha cadence one delayed_phase_echo
t=02203 alpha cadence one delayed_phase_echo
t=02204 alpha cadence one delayed_phase_echo
t=02205 alpha cadence one delayed_phase_echo
t=02206 alpha cadence one delayed_phase_echo
t=02207 alpha cadence one delayed_phase_echo
t=02208 alpha cadence one delayed_phase_echo
t=02209 alpha cadence one delayed_phase_echo
t=02210 alpha cadence one delayed_phase_echo
t=02211 alpha cadence one delayed_phase_echo
t=02212 alpha cadence one delayed_phase_echo
t=02213 alpha cadence one delayed_phase_echo
t=02214 alpha cadence one delayed_phase_echo
t=02215 alpha cadence one delayed_phase_echo
t=02216 alpha cadence one delayed_phase_echo
t=02217 alpha cadence one delayed_phase_echo
t=02218 alpha cadence one delayed_phase_echo
t=02219 alpha cadence one delayed_phase_echo
t=02220 alpha cadence one delayed_phase_echo
t=02221 alpha cadence one delayed_phase_echo
t=02222 alpha cadence one delayed_phase_echo
t=02223 alpha cadence one delayed_phase_echo
t=02224 alpha cadence one delayed_phase_echo
t=02225 beta cadence two delayed_phase_echo
t=02226 beta cadence two delayed_phase_echo
t=02227 beta cadence two delayed_phase_echo
t=02228 beta cadence two delayed_phase_echo
t=02229 beta cadence two delayed_phase_echo
t=02230 beta cadence two delayed_phase_echo
t=02231 beta cadence two delayed_phase_echo
t=02232 beta cadence two delayed_phase_echo
t=02233 beta cadence two delayed_phase_echo
t=02234 beta cadence two delayed_phase_echo
t=02235 beta cadence two delayed_phase_echo
t=02236 beta cadence two delayed_phase_echo
t=02237 beta cadence two delayed_phase_echo
t=02238 beta cadence two delayed_phase_echo
t=02239 beta cadence two delayed_phase_echo
t=02240 beta cadence two delayed_phase_echo
t=02241 beta cadence two delayed_phase_echo
t=02242 beta cadence two delayed_phase_echo
t=02243 beta cadence two delayed_phase_echo
t=02244 beta cadence two delayed_phase_echo
t=02245 beta cadence two delayed_phase_echo
t=02246 beta cadence two delayed_phase_echo
t=02247 beta cadence two delayed_phase_echo
t=02248 beta cadence two delayed_phase_echo
t=02249 beta cadence two delayed_phase_echo
t=02250 gamma cadence three delayed_phase_echo
t=02251 gamma cadence three delayed_phase_echo
t=02252 gamma cadence three delayed_phase_echo
t=02253 gamma cadence three delayed_phase_echo
t=02254 gamma cadence three delayed_phase_echo
t=02255 gamma cadence three delayed_phase_echo
t=02256 gamma cadence three delayed_phase_echo
t=02257 gamma cadence three delayed_phase_echo
t=02258 gamma cadence three delayed_phase_echo
t=02259 gamma cadence three delayed_phase_echo
t=02260 gamma cadence three delayed_phase_echo
t=02261 gamma cadence three delayed_phase_echo
t=02262 gamma cadence three delayed_phase_echo
t=02263 gamma cadence three delayed_phase_echo
t=02264 gamma cadence three delayed_phase_echo
t=02265 gamma cadence three delayed_phase_echo
t=02266 gamma cadence three delayed_phase_echo
t=02267 gamma cadence three delayed_phase_echo
t=02268 gamma cadence three delayed_phase_echo
t=02269 gamma cadence three delayed_phase_echo
t=02270 gamma cadence three delayed_phase_echo
t=02271 gamma cadence three delayed_phase_echo
t=02272 gamma cadence three delayed_phase_echo
t=02273 gamma cadence three delayed_phase_echo
t=02274 gamma cadence three delayed_phase_echo
t=02275 delta cadence four delayed_phase_echo
t=02276 delta cadence four delayed_phase_echo
t=02277 delta cadence four delayed_phase_echo
t=02278 delta cadence four delayed_phase_echo
t=02279 delta cadence four delayed_phase_echo
t=02280 alpha cadence one pseudo_periodic
t=02281 alpha cadence one pseudo_periodic
t=02282 alpha cadence one pseudo_periodic
t=02283 alpha cadence one pseudo_periodic
t=02284 alpha cadence one pseudo_periodic
t=02285 alpha cadence one pseudo_periodic
t=02286 alpha cadence one pseudo_periodic
t=02287 alpha cadence one pseudo_periodic
t=02288 alpha cadence one pseudo_periodic
t=02289 alpha cadence one pseudo_periodic
t=02290 alpha cadence one pseudo_periodic
t=02291 alpha cadence one pseudo_periodic
t=02292 alpha cadence one pseudo_periodic
t=02293 alpha cadence one pseudo_periodic
t=02294 alpha cadence one pseudo_periodic
t=02295 alpha cadence one pseudo_periodic
t=02296 alpha cadence one pseudo_periodic
t=02297 alpha cadence one pseudo_periodic
t=02298 alpha cadence one pseudo_periodic
t=02299 alpha cadence one pseudo_periodic
t=02300 beta cadence two pseudo_periodic
t=02301 beta cadence two pseudo_periodic
t=02302 beta cadence two pseudo_periodic
t=02303 beta cadence two pseudo_periodic
t=02304 beta cadence two pseudo_periodic
t=02305 beta cadence two pseudo_periodic
t=02306 beta cadence two pseudo_periodic
t=02307 beta cadence two pseudo_periodic
t=02308 beta cadence two pseudo_periodic
t=02309 beta cadence two pseudo_periodic
t=02310 beta cadence two pseudo_periodic
t=02311 beta cadence two pseudo_periodic
t=02312 beta cadence two pseudo_periodic
t=02313 beta cadence two pseudo_periodic
t=02314 beta cadence two pseudo_periodic
t=02315 beta cadence two pseudo_periodic
t=02316 beta cadence two pseudo_periodic
t=02317 beta cadence two pseudo_periodic
t=02318 beta cadence two pseudo_periodic
t=02319 beta cadence two pseudo_periodic
t=02320 gamma cadence three pseudo_periodic
t=02321 gamma cadence three pseudo_periodic
t=02322 gamma cadence three pseudo_periodic
t=02323 gamma cadence three pseudo_periodic
t=02324 gamma cadence three pseudo_periodic
t=02325 gamma cadence three pseudo_periodic
t=02326 gamma cadence three pseudo_periodic
t=02327 gamma cadence three pseudo_periodic
t=02328 gamma cadence three pseudo_periodic
t=02329 gamma cadence three pseudo_periodic
t=02330 gamma cadence three pseudo_periodic
t=02331 gamma cadence three pseudo_periodic
t=02332 gamma cadence three pseudo_periodic
t=02333 gamma cadence three pseudo_periodic
t=02334 gamma cadence three pseudo_periodic
t=02335 gamma cadence three pseudo_periodic
t=02336 gamma cadence three pseudo_periodic
t=02337 gamma cadence three pseudo_periodic
t=02338 gamma cadence three pseudo_periodic
t=02339 gamma cadence three pseudo_periodic
t=02340 delta cadence four pseudo_periodic
t=02341 delta cadence four pseudo_periodic
t=02342 delta cadence four pseudo_periodic
t=02343 delta cadence four pseudo_periodic
t=02344 delta cadence four pseudo_periodic
t=02345 delta cadence four pseudo_periodic
t=02346 delta cadence four pseudo_periodic
t=02347 delta cadence four pseudo_periodic
t=02348 delta cadence four pseudo_periodic
t=02349 delta cadence four pseudo_periodic
t=02350 delta cadence four pseudo_periodic
t=02351 delta cadence four pseudo_periodic
t=02352 delta cadence four pseudo_periodic
t=02353 delta cadence four pseudo_periodic
t=02354 delta cadence four pseudo_periodic
t=02355 delta cadence four pseudo_periodic
t=02356 delta cadence four pseudo_periodic
t=02357 delta cadence four pseudo_periodic
t=02358 delta cadence four pseudo_periodic
t=02359 delta cadence four pseudo_periodic
t=02360 quiet_carrier
t=02361 quiet_carrier
t=02362 quiet_carrier
t=02363 quiet_carrier
t=02364 quiet_carrier
t=02365 quiet_carrier
t=02366 quiet_carrier
t=02367 quiet_carrier
t=02368 quiet_carrier
t=02369 quiet_carrier
t=02370 quiet_carrier
t=02371 quiet_carrier
t=02372 quiet_carrier
t=02373 quiet_carrier
t=02374 quiet_carrier
t=02375 quiet_carrier
t=02376 quiet_carrier
t=02377 quiet_carrier
t=02378 quiet_carrier
t=02379 quiet_carrier
t=02380 quiet_carrier
t=02381 quiet_carrier
t=02382 quiet_carrier
t=02383 quiet_carrier
t=02384 quiet_carrier
t=02385 quiet_carrier
t=02386 quiet_carrier
t=02387 quiet_carrier
t=02388 quiet_carrier
t=02389 quiet_carrier
t=02390 quiet_carrier
t=02391 quiet_carrier
t=02392 quiet_carrier
t=02393 quiet_carrier
t=02394 quiet_carrier
t=02395 quiet_carrier
t=02396 quiet_carrier
t=02397 quiet_carrier
t=02398 quiet_carrier
t=02399 quiet_carrier
t=02400 gamma cadence three pseudo_periodic
t=02401 gamma cadence three pseudo_periodic
t=02402 gamma cadence three pseudo_periodic
t=02403 gamma cadence three pseudo_periodic
t=02404 gamma cadence three pseudo_periodic
t=02405 gamma cadence three pseudo_periodic
t=02406 gamma cadence three pseudo_periodic
t=02407 gamma cadence three pseudo_periodic
t=02408 gamma cadence three pseudo_periodic
t=02409 gamma cadence three pseudo_periodic
t=02410 gamma cadence three pseudo_periodic
t=02411 gamma cadence three pseudo_periodic
t=02412 gamma cadence three pseudo_periodic
t=02413 gamma cadence three pseudo_periodic
t=02414 gamma cadence three pseudo_periodic
t=02415 gamma cadence three pseudo_periodic
t=02416 gamma cadence three pseudo_periodic
t=02417 gamma cadence three pseudo_periodic
t=02418 gamma cadence three pseudo_periodic
t=02419 gamma cadence three pseudo_periodic
t=02420 delta cadence four pseudo_periodic
t=02421 delta cadence four pseudo_periodic
t=02422 delta cadence four pseudo_periodic
t=02423 delta cadence four pseudo_periodic
t=02424 delta cadence four pseudo_periodic
t=02425 delta cadence four pseudo_periodic
t=02426 delta cadence four pseudo_periodic
t=02427 delta cadence four pseudo_periodic
t=02428 delta cadence four pseudo_periodic
t=02429 delta cadence four pseudo_periodic
t=02430 delta cadence four pseudo_periodic
t=02431 delta cadence four pseudo_periodic
t=02432 delta cadence four pseudo_periodic
t=02433 delta cadence four pseudo_periodic
t=02434 delta cadence four pseudo_periodic
t=02435 delta cadence four pseudo_periodic
t=02436 delta cadence four pseudo_periodic
t=02437 delta cadence four pseudo_periodic
t=02438 delta cadence four pseudo_periodic
t=02439 delta cadence four pseudo_periodic
t=02440 alpha cadence one pseudo_periodic
t=02441 alpha cadence one pseudo_periodic
t=02442 alpha cadence one pseudo_periodic
t=02443 alpha cadence one pseudo_periodic
t=02444 alpha cadence one pseudo_periodic
t=02445 alpha cadence one pseudo_periodic
t=02446 alpha cadence one pseudo_periodic
t=02447 alpha cadence one pseudo_periodic
t=02448 alpha cadence one pseudo_periodic
t=02449 alpha cadence one pseudo_periodic
t=02450 alpha cadence one pseudo_periodic
t=02451 alpha cadence one pseudo_periodic
t=02452 alpha cadence one pseudo_periodic
t=02453 alpha cadence one pseudo_periodic
t=02454 alpha cadence one pseudo_periodic
t=02455 alpha cadence one pseudo_periodic
t=02456 alpha cadence one pseudo_periodic
t=02457 alpha cadence one pseudo_periodic
t=02458 alpha cadence one pseudo_periodic
t=02459 alpha cadence one pseudo_periodic
t=02460 beta cadence two pseudo_periodic
t=02461 beta cadence two pseudo_periodic
t=02462 beta cadence two pseudo_periodic
t=02463 beta cadence two pseudo_periodic
t=02464 beta cadence two pseudo_periodic
t=02465 beta cadence two pseudo_periodic
t=02466 beta cadence two pseudo_periodic
t=02467 beta cadence two pseudo_periodic
t=02468 beta cadence two pseudo_periodic
t=02469 beta cadence two pseudo_periodic
t=02470 beta cadence two pseudo_periodic
t=02471 beta cadence two pseudo_periodic
t=02472 beta cadence two pseudo_periodic
t=02473 beta cadence two pseudo_periodic
t=02474 beta cadence two pseudo_periodic
t=02475 beta cadence two pseudo_periodic
t=02476 beta cadence two pseudo_periodic
t=02477 beta cadence two pseudo_periodic
t=02478 beta cadence two pseudo_periodic
t=02479 beta cadence two pseudo_periodic
t=02480 quiet_carrier
t=02481 quiet_carrier
t=02482 quiet_carrier
t=02483 quiet_carrier
t=02484 quiet_carrier
t=02485 quiet_carrier
t=02486 quiet_carrier
t=02487 quiet_carrier
t=02488 quiet_carrier
t=02489 quiet_carrier
t=02490 quiet_carrier
t=02491 quiet_carrier
t=02492 quiet_carrier
t=02493 quiet_carrier
t=02494 quiet_carrier
t=02495 quiet_carrier
t=02496 quiet_carrier
t=02497 quiet_carrier
t=02498 quiet_carrier
t=02499 quiet_carrier
t=02500 quiet_carrier
t=02501 quiet_carrier
t=02502 quiet_carrier
t=02503 quiet_carrier
t=02504 quiet_carrier
t=02505 quiet_carrier
t=02506 quiet_carrier
t=02507 quiet_carrier
t=02508 quiet_carrier
t=02509 quiet_carrier
t=02510 quiet_carrier
t=02511 quiet_carrier
t=02512 quiet_carrier
t=02513 quiet_carrier
t=02514 quiet_carrier
t=02515 quiet_carrier
t=02516 quiet_carrier
t=02517 quiet_carrier
t=02518 quiet_carrier
t=02519 quiet_carrier
t=02520 alpha cadence one pseudo_periodic
t=02521 alpha cadence one pseudo_periodic
t=02522 alpha cadence one pseudo_periodic
t=02523 alpha cadence one pseudo_periodic
t=02524 alpha cadence one pseudo_periodic
t=02525 alpha cadence one pseudo_periodic
t=02526 alpha cadence one pseudo_periodic
t=02527 alpha cadence one pseudo_periodic
t=02528 alpha cadence one pseudo_periodic
t=02529 alpha cadence one pseudo_periodic
t=02530 alpha cadence one pseudo_periodic
t=02531 alpha cadence one pseudo_periodic
t=02532 alpha cadence one pseudo_periodic
t=02533 alpha cadence one pseudo_periodic
t=02534 alpha cadence one pseudo_periodic
t=02535 alpha cadence one pseudo_periodic
t=02536 alpha cadence one pseudo_periodic
t=02537 alpha cadence one pseudo_periodic
t=02538 alpha cadence one pseudo_periodic
t=02539 alpha cadence one pseudo_periodic
t=02540 beta cadence two pseudo_periodic
t=02541 beta cadence two pseudo_periodic
t=02542 beta cadence two pseudo_periodic
t=02543 beta cadence two pseudo_periodic
t=02544 beta cadence two pseudo_periodic
t=02545 beta cadence two pseudo_periodic
t=02546 beta cadence two pseudo_periodic
t=02547 beta cadence two pseudo_periodic
t=02548 beta cadence two pseudo_periodic
t=02549 beta cadence two pseudo_periodic
t=02550 beta cadence two pseudo_periodic
t=02551 beta cadence two pseudo_periodic
t=02552 beta cadence two pseudo_periodic
t=02553 beta cadence two pseudo_periodic
t=02554 beta cadence two pseudo_periodic
t=02555 beta cadence two pseudo_periodic
t=02556 beta cadence two pseudo_periodic
t=02557 beta cadence two pseudo_periodic
t=02558 beta cadence two pseudo_periodic
t=02559 beta cadence two pseudo_periodic
t=02560 gamma cadence three pseudo_periodic
t=02561 gamma cadence three pseudo_periodic
t=02562 gamma cadence three pseudo_periodic
t=02563 gamma cadence three pseudo_periodic
t=02564 gamma cadence three pseudo_periodic
t=02565 gamma cadence three pseudo_periodic
t=02566 gamma cadence three pseudo_periodic
t=02567 gamma cadence three pseudo_periodic
t=02568 gamma cadence three pseudo_periodic
t=02569 gamma cadence three pseudo_periodic
t=02570 gamma cadence three pseudo_periodic
t=02571 gamma cadence three pseudo_periodic
t=02572 gamma cadence three pseudo_periodic
t=02573 gamma cadence three pseudo_periodic
t=02574 gamma cadence three pseudo_periodic
t=02575 gamma cadence three pseudo_periodic
t=02576 gamma cadence three pseudo_periodic
t=02577 gamma cadence three pseudo_periodic
t=02578 gamma cadence three pseudo_periodic
t=02579 gamma cadence three pseudo_periodic
t=02580 delta cadence four pseudo_periodic
t=02581 delta cadence four pseudo_periodic
t=02582 delta cadence four pseudo_periodic
t=02583 delta cadence four pseudo_periodic
t=02584 delta cadence four pseudo_periodic
t=02585 delta cadence four pseudo_periodic
t=02586 delta cadence four pseudo_periodic
t=02587 delta cadence four pseudo_periodic
t=02588 delta cadence four pseudo_periodic
t=02589 delta cadence four pseudo_periodic
t=02590 delta cadence four pseudo_periodic
t=02591 delta cadence four pseudo_periodic
t=02592 delta cadence four pseudo_periodic
t=02593 delta cadence four pseudo_periodic
t=02594 delta cadence four pseudo_periodic
t=02595 delta cadence four pseudo_periodic
t=02596 delta cadence four pseudo_periodic
t=02597 delta cadence four pseudo_periodic
t=02598 delta cadence four pseudo_periodic
t=02599 delta cadence four pseudo_periodic
t=02600 beta cadence two cadence_interruption
t=02601 alpha cadence one cadence_interruption
t=02602 delta cadence four cadence_interruption
t=02603 gamma cadence three cadence_interruption
t=02604 alpha cadence one cadence_interruption
t=02605 beta cadence two cadence_interruption
t=02606 alpha cadence one cadence_interruption
t=02607 alpha cadence one cadence_interruption
t=02608 beta cadence two cadence_interruption
t=02609 delta cadence four cadence_interruption
t=02610 alpha cadence one cadence_interruption
t=02611 gamma cadence three cadence_interruption
t=02612 alpha cadence one cadence_interruption
t=02613 gamma cadence three cadence_interruption
t=02614 alpha cadence one cadence_interruption
t=02615 gamma cadence three cadence_interruption
t=02616 delta cadence four cadence_interruption
t=02617 gamma cadence three cadence_interruption
t=02618 beta cadence two cadence_interruption
t=02619 beta cadence two cadence_interruption
t=02620 alpha cadence one cadence_interruption
t=02621 alpha cadence one cadence_interruption
t=02622 beta cadence two cadence_interruption
t=02623 alpha cadence one cadence_interruption
t=02624 alpha cadence one cadence_interruption
t=02625 gamma cadence three cadence_interruption
t=02626 gamma cadence three cadence_interruption
t=02627 beta cadence two cadence_interruption
t=02628 beta cadence two cadence_interruption
t=02629 gamma cadence three cadence_interruption
t=02630 gamma cadence three cadence_interruption
t=02631 beta cadence two cadence_interruption
t=02632 gamma cadence three cadence_interruption
t=02633 beta cadence two cadence_interruption
t=02634 gamma cadence three cadence_interruption
t=02635 delta cadence four cadence_interruption
t=02636 delta cadence four cadence_interruption
t=02637 alpha cadence one cadence_interruption
t=02638 gamma cadence three cadence_interruption
t=02639 delta cadence four cadence_interruption
t=02640 gamma cadence three pseudo_periodic
t=02641 gamma cadence three pseudo_periodic
t=02642 gamma cadence three pseudo_periodic
t=02643 gamma cadence three pseudo_periodic
t=02644 gamma cadence three pseudo_periodic
t=02645 gamma cadence three pseudo_periodic
t=02646 gamma cadence three pseudo_periodic
t=02647 gamma cadence three pseudo_periodic
t=02648 gamma cadence three pseudo_periodic
t=02649 gamma cadence three pseudo_periodic
t=02650 gamma cadence three pseudo_periodic
t=02651 gamma cadence three pseudo_periodic
t=02652 gamma cadence three pseudo_periodic
t=02653 gamma cadence three pseudo_periodic
t=02654 gamma cadence three pseudo_periodic
t=02655 gamma cadence three pseudo_periodic
t=02656 gamma cadence three pseudo_periodic
t=02657 gamma cadence three pseudo_periodic
t=02658 gamma cadence three pseudo_periodic
t=02659 gamma cadence three pseudo_periodic
t=02660 delta cadence four pseudo_periodic
t=02661 delta cadence four pseudo_periodic
t=02662 delta cadence four pseudo_periodic
t=02663 delta cadence four pseudo_periodic
t=02664 delta cadence four pseudo_periodic
t=02665 delta cadence four pseudo_periodic
t=02666 delta cadence four pseudo_periodic
t=02667 delta cadence four pseudo_periodic
t=02668 delta cadence four pseudo_periodic
t=02669 delta cadence four pseudo_periodic
t=02670 delta cadence four pseudo_periodic
t=02671 delta cadence four pseudo_periodic
t=02672 delta cadence four pseudo_periodic
t=02673 delta cadence four pseudo_periodic
t=02674 delta cadence four pseudo_periodic
t=02675 delta cadence four pseudo_periodic
t=02676 delta cadence four pseudo_periodic
t=02677 delta cadence four pseudo_periodic
t=02678 delta cadence four pseudo_periodic
t=02679 delta cadence four pseudo_periodic
t=02680 alpha cadence one pseudo_periodic
t=02681 alpha cadence one pseudo_periodic
t=02682 alpha cadence one pseudo_periodic
t=02683 alpha cadence one pseudo_periodic
t=02684 alpha cadence one pseudo_periodic
t=02685 alpha cadence one pseudo_periodic
t=02686 alpha cadence one pseudo_periodic
t=02687 alpha cadence one pseudo_periodic
t=02688 alpha cadence one pseudo_periodic
t=02689 alpha cadence one pseudo_periodic
t=02690 alpha cadence one pseudo_periodic
t=02691 alpha cadence one pseudo_periodic
t=02692 alpha cadence one pseudo_periodic
t=02693 alpha cadence one pseudo_periodic
t=02694 alpha cadence one pseudo_periodic
t=02695 alpha cadence one pseudo_periodic
t=02696 alpha cadence one pseudo_periodic
t=02697 alpha cadence one pseudo_periodic
t=02698 alpha cadence one pseudo_periodic
t=02699 alpha cadence one pseudo_periodic
t=02700 beta cadence two pseudo_periodic
t=02701 gamma cadence three pseudo_periodic
t=02702 gamma cadence three pseudo_periodic
t=02703 gamma cadence three pseudo_periodic
t=02704 gamma cadence three pseudo_periodic
t=02705 gamma cadence three pseudo_periodic
t=02706 gamma cadence three pseudo_periodic
t=02707 gamma cadence three pseudo_periodic
t=02708 gamma cadence three pseudo_periodic
t=02709 gamma cadence three pseudo_periodic
t=02710 gamma cadence three pseudo_periodic
t=02711 gamma cadence three pseudo_periodic
t=02712 gamma cadence three pseudo_periodic
t=02713 gamma cadence three pseudo_periodic
t=02714 gamma cadence three pseudo_periodic
t=02715 gamma cadence three pseudo_periodic
t=02716 gamma cadence three pseudo_periodic
t=02717 gamma cadence three pseudo_periodic
t=02718 gamma cadence three pseudo_periodic
t=02719 gamma cadence three pseudo_periodic
t=02720 quiet_carrier
t=02721 quiet_carrier
t=02722 quiet_carrier
t=02723 quiet_carrier
t=02724 quiet_carrier
t=02725 quiet_carrier
t=02726 quiet_carrier
t=02727 quiet_carrier
t=02728 quiet_carrier
t=02729 quiet_carrier
t=02730 quiet_carrier
t=02731 quiet_carrier
t=02732 quiet_carrier
t=02733 quiet_carrier
t=02734 quiet_carrier
t=02735 quiet_carrier
t=02736 quiet_carrier
t=02737 quiet_carrier
t=02738 quiet_carrier
t=02739 quiet_carrier
t=02740 quiet_carrier
t=02741 quiet_carrier
t=02742 quiet_carrier
t=02743 quiet_carrier
t=02744 quiet_carrier
t=02745 quiet_carrier
t=02746 quiet_carrier
t=02747 quiet_carrier
t=02748 quiet_carrier
t=02749 quiet_carrier
t=02750 quiet_carrier
t=02751 quiet_carrier
t=02752 quiet_carrier
t=02753 quiet_carrier
t=02754 quiet_carrier
t=02755 quiet_carrier
t=02756 quiet_carrier
t=02757 quiet_carrier
t=02758 quiet_carrier
t=02759 quiet_carrier
t=02760 beta cadence two pseudo_periodic
t=02761 beta cadence two pseudo_periodic
t=02762 beta cadence two pseudo_periodic
t=02763 beta cadence two pseudo_periodic
t=02764 beta cadence two pseudo_periodic
t=02765 beta cadence two pseudo_periodic
t=02766 beta cadence two pseudo_periodic
t=02767 beta cadence two pseudo_periodic
t=02768 beta cadence two pseudo_periodic
t=02769 beta cadence two pseudo_periodic
t=02770 beta cadence two pseudo_periodic
t=02771 beta cadence two pseudo_periodic
t=02772 beta cadence two pseudo_periodic
t=02773 beta cadence two pseudo_periodic
t=02774 beta cadence two pseudo_periodic
t=02775 beta cadence two pseudo_periodic
t=02776 beta cadence two pseudo_periodic
t=02777 beta cadence two pseudo_periodic
t=02778 beta cadence two pseudo_periodic
t=02779 beta cadence two pseudo_periodic
t=02780 gamma cadence three pseudo_periodic
t=02781 gamma cadence three pseudo_periodic
t=02782 gamma cadence three pseudo_periodic
t=02783 gamma cadence three pseudo_periodic
t=02784 gamma cadence three pseudo_periodic
t=02785 gamma cadence three pseudo_periodic
t=02786 gamma cadence three pseudo_periodic
t=02787 gamma cadence three pseudo_periodic
t=02788 gamma cadence three pseudo_periodic
t=02789 gamma cadence three pseudo_periodic
t=02790 gamma cadence three pseudo_periodic
t=02791 gamma cadence three pseudo_periodic
t=02792 gamma cadence three pseudo_periodic
t=02793 gamma cadence three pseudo_periodic
t=02794 gamma cadence three pseudo_periodic
t=02795 gamma cadence three pseudo_periodic
t=02796 gamma cadence three pseudo_periodic
t=02797 gamma cadence three pseudo_periodic
t=02798 gamma cadence three pseudo_periodic
t=02799 gamma cadence three pseudo_periodic
t=02800 delta cadence four pseudo_periodic
t=02801 delta cadence four pseudo_periodic
t=02802 delta cadence four pseudo_periodic
t=02803 delta cadence four pseudo_periodic
t=02804 delta cadence four pseudo_periodic
t=02805 delta cadence four pseudo_periodic
t=02806 delta cadence four pseudo_periodic
t=02807 delta cadence four pseudo_periodic
t=02808 delta cadence four pseudo_periodic
t=02809 delta cadence four pseudo_periodic
t=02810 delta cadence four pseudo_periodic
t=02811 delta cadence four pseudo_periodic
t=02812 delta cadence four pseudo_periodic
t=02813 delta cadence four pseudo_periodic
t=02814 delta cadence four pseudo_periodic
t=02815 delta cadence four pseudo_periodic
t=02816 delta cadence four pseudo_periodic
t=02817 delta cadence four pseudo_periodic
t=02818 delta cadence four pseudo_periodic
t=02819 delta cadence four pseudo_periodic
t=02820 alpha cadence one pseudo_periodic
t=02821 alpha cadence one pseudo_periodic
t=02822 alpha cadence one pseudo_periodic
t=02823 alpha cadence one pseudo_periodic
t=02824 alpha cadence one pseudo_periodic
t=02825 alpha cadence one pseudo_periodic
t=02826 alpha cadence one pseudo_periodic
t=02827 alpha cadence one pseudo_periodic
t=02828 alpha cadence one pseudo_periodic
t=02829 alpha cadence one pseudo_periodic
t=02830 alpha cadence one pseudo_periodic
t=02831 alpha cadence one pseudo_periodic
t=02832 alpha cadence one pseudo_periodic
t=02833 alpha cadence one pseudo_periodic
t=02834 alpha cadence one pseudo_periodic
t=02835 alpha cadence one pseudo_periodic
t=02836 alpha cadence one pseudo_periodic
t=02837 alpha cadence one pseudo_periodic
t=02838 alpha cadence one pseudo_periodic
t=02839 alpha cadence one pseudo_periodic
t=02840 quiet_carrier
t=02841 quiet_carrier
t=02842 quiet_carrier
t=02843 quiet_carrier
t=02844 quiet_carrier
t=02845 quiet_carrier
t=02846 quiet_carrier
t=02847 quiet_carrier
t=02848 quiet_carrier
t=02849 quiet_carrier
t=02850 quiet_carrier
t=02851 quiet_carrier
t=02852 quiet_carrier
t=02853 quiet_carrier
t=02854 quiet_carrier
t=02855 quiet_carrier
t=02856 quiet_carrier
t=02857 quiet_carrier
t=02858 quiet_carrier
t=02859 quiet_carrier
t=02860 quiet_carrier
t=02861 quiet_carrier
t=02862 quiet_carrier
t=02863 quiet_carrier
t=02864 quiet_carrier
t=02865 quiet_carrier
t=02866 quiet_carrier
t=02867 quiet_carrier
t=02868 quiet_carrier
t=02869 quiet_carrier
t=02870 quiet_carrier
t=02871 quiet_carrier
t=02872 quiet_carrier
t=02873 quiet_carrier
t=02874 quiet_carrier
t=02875 quiet_carrier
t=02876 quiet_carrier
t=02877 quiet_carrier
t=02878 quiet_carrier
t=02879 quiet_carrier
t=02880 delta cadence four pseudo_periodic
t=02881 delta cadence four pseudo_periodic
t=02882 delta cadence four pseudo_periodic
t=02883 delta cadence four pseudo_periodic
t=02884 delta cadence four pseudo_periodic
t=02885 delta cadence four pseudo_periodic
t=02886 delta cadence four pseudo_periodic
t=02887 delta cadence four pseudo_periodic
t=02888 delta cadence four pseudo_periodic
t=02889 delta cadence four pseudo_periodic
t=02890 delta cadence four pseudo_periodic
t=02891 delta cadence four pseudo_periodic
t=02892 delta cadence four pseudo_periodic
t=02893 delta cadence four pseudo_periodic
t=02894 delta cadence four pseudo_periodic
t=02895 delta cadence four pseudo_periodic
t=02896 delta cadence four pseudo_periodic
t=02897 delta cadence four pseudo_periodic
t=02898 delta cadence four pseudo_periodic
t=02899 delta cadence four pseudo_periodic
t=02900 alpha cadence one pseudo_periodic
t=02901 alpha cadence one pseudo_periodic
t=02902 alpha cadence one pseudo_periodic
t=02903 alpha cadence one pseudo_periodic
t=02904 alpha cadence one pseudo_periodic
t=02905 alpha cadence one pseudo_periodic
t=02906 alpha cadence one pseudo_periodic
t=02907 alpha cadence one pseudo_periodic
t=02908 alpha cadence one pseudo_periodic
t=02909 alpha cadence one pseudo_periodic
t=02910 alpha cadence one pseudo_periodic
t=02911 alpha cadence one pseudo_periodic
t=02912 alpha cadence one pseudo_periodic
t=02913 alpha cadence one pseudo_periodic
t=02914 alpha cadence one pseudo_periodic
t=02915 alpha cadence one pseudo_periodic
t=02916 alpha cadence one pseudo_periodic
t=02917 alpha cadence one pseudo_periodic
t=02918 alpha cadence one pseudo_periodic
t=02919 alpha cadence one pseudo_periodic
t=02920 beta cadence two pseudo_periodic
t=02921 beta cadence two pseudo_periodic
t=02922 beta cadence two pseudo_periodic
t=02923 beta cadence two pseudo_periodic
t=02924 beta cadence two pseudo_periodic
t=02925 beta cadence two pseudo_periodic
t=02926 beta cadence two pseudo_periodic
t=02927 beta cadence two pseudo_periodic
t=02928 beta cadence two pseudo_periodic
t=02929 beta cadence two pseudo_periodic
t=02930 beta cadence two pseudo_periodic
t=02931 beta cadence two pseudo_periodic
t=02932 beta cadence two pseudo_periodic
t=02933 beta cadence two pseudo_periodic
t=02934 beta cadence two pseudo_periodic
t=02935 beta cadence two pseudo_periodic
t=02936 beta cadence two pseudo_periodic
t=02937 beta cadence two pseudo_periodic
t=02938 beta cadence two pseudo_periodic
t=02939 beta cadence two pseudo_periodic
t=02940 gamma cadence three pseudo_periodic
t=02941 gamma cadence three pseudo_periodic
t=02942 gamma cadence three pseudo_periodic
t=02943 gamma cadence three pseudo_periodic
t=02944 gamma cadence three pseudo_periodic
t=02945 gamma cadence three pseudo_periodic
t=02946 gamma cadence three pseudo_periodic
t=02947 gamma cadence three pseudo_periodic
t=02948 gamma cadence three pseudo_periodic
t=02949 gamma cadence three pseudo_periodic
t=02950 gamma cadence three pseudo_periodic
t=02951 gamma cadence three pseudo_periodic
t=02952 gamma cadence three pseudo_periodic
t=02953 gamma cadence three pseudo_periodic
t=02954 gamma cadence three pseudo_periodic
t=02955 gamma cadence three pseudo_periodic
t=02956 gamma cadence three pseudo_periodic
t=02957 gamma cadence three pseudo_periodic
t=02958 gamma cadence three pseudo_periodic
t=02959 gamma cadence three pseudo_periodic
t=02960 quiet_carrier
t=02961 quiet_carrier
t=02962 quiet_carrier
t=02963 quiet_carrier
t=02964 quiet_carrier
t=02965 quiet_carrier
t=02966 quiet_carrier
t=02967 quiet_carrier
t=02968 quiet_carrier
t=02969 quiet_carrier
t=02970 quiet_carrier
t=02971 quiet_carrier
t=02972 quiet_carrier
t=02973 quiet_carrier
t=02974 quiet_carrier
t=02975 quiet_carrier
t=02976 quiet_carrier
t=02977 quiet_carrier
t=02978 quiet_carrier
t=02979 quiet_carrier
t=02980 quiet_carrier
t=02981 quiet_carrier
t=02982 quiet_carrier
t=02983 quiet_carrier
t=02984 quiet_carrier
t=02985 quiet_carrier
t=02986 quiet_carrier
t=02987 quiet_carrier
t=02988 quiet_carrier
t=02989 quiet_carrier
t=02990 quiet_carrier
t=02991 quiet_carrier
t=02992 quiet_carrier
t=02993 quiet_carrier
t=02994 quiet_carrier
t=02995 quiet_carrier
t=02996 quiet_carrier
t=02997 quiet_carrier
t=02998 quiet_carrier
t=02999 quiet_carrier
t=03000 beta cadence two pseudo_periodic
t=03001 beta cadence two pseudo_periodic
t=03002 beta cadence two pseudo_periodic
t=03003 beta cadence two pseudo_periodic
t=03004 beta cadence two pseudo_periodic
t=03005 beta cadence two pseudo_periodic
t=03006 beta cadence two pseudo_periodic
t=03007 beta cadence two pseudo_periodic
t=03008 beta cadence two pseudo_periodic
t=03009 beta cadence two pseudo_periodic
t=03010 beta cadence two pseudo_periodic
t=03011 beta cadence two pseudo_periodic
t=03012 beta cadence two pseudo_periodic
t=03013 beta cadence two pseudo_periodic
t=03014 beta cadence two pseudo_periodic
t=03015 beta cadence two pseudo_periodic
t=03016 beta cadence two pseudo_periodic
t=03017 beta cadence two pseudo_periodic
t=03018 beta cadence two pseudo_periodic
t=03019 beta cadence two pseudo_periodic
t=03020 gamma cadence three pseudo_periodic
t=03021 gamma cadence three pseudo_periodic
t=03022 gamma cadence three pseudo_periodic
t=03023 gamma cadence three pseudo_periodic
t=03024 gamma cadence three pseudo_periodic
t=03025 gamma cadence three pseudo_periodic
t=03026 gamma cadence three pseudo_periodic
t=03027 gamma cadence three pseudo_periodic
t=03028 gamma cadence three pseudo_periodic
t=03029 gamma cadence three pseudo_periodic
t=03030 gamma cadence three pseudo_periodic
t=03031 gamma cadence three pseudo_periodic
t=03032 gamma cadence three pseudo_periodic
t=03033 gamma cadence three pseudo_periodic
t=03034 gamma cadence three pseudo_periodic
t=03035 gamma cadence three pseudo_periodic
t=03036 gamma cadence three pseudo_periodic
t=03037 gamma cadence three pseudo_periodic
t=03038 gamma cadence three pseudo_periodic
t=03039 gamma cadence three pseudo_periodic
t=03040 delta cadence four pseudo_periodic
t=03041 delta cadence four pseudo_periodic
t=03042 delta cadence four pseudo_periodic
t=03043 delta cadence four pseudo_periodic
t=03044 delta cadence four pseudo_periodic
t=03045 delta cadence four pseudo_periodic
t=03046 delta cadence four pseudo_periodic
t=03047 delta cadence four pseudo_periodic
t=03048 delta cadence four pseudo_periodic
t=03049 delta cadence four pseudo_periodic
t=03050 delta cadence four pseudo_periodic
t=03051 delta cadence four pseudo_periodic
t=03052 delta cadence four pseudo_periodic
t=03053 delta cadence four pseudo_periodic
t=03054 delta cadence four pseudo_periodic
t=03055 delta cadence four pseudo_periodic
t=03056 delta cadence four pseudo_periodic
t=03057 delta cadence four pseudo_periodic
t=03058 delta cadence four pseudo_periodic
t=03059 delta cadence four pseudo_periodic
t=03060 alpha cadence one pseudo_periodic
t=03061 alpha cadence one pseudo_periodic
t=03062 alpha cadence one pseudo_periodic
t=03063 alpha cadence one pseudo_periodic
t=03064 alpha cadence one pseudo_periodic
t=03065 alpha cadence one pseudo_periodic
t=03066 alpha cadence one pseudo_periodic
t=03067 alpha cadence one pseudo_periodic
t=03068 alpha cadence one pseudo_periodic
t=03069 alpha cadence one pseudo_periodic
t=03070 alpha cadence one pseudo_periodic
t=03071 alpha cadence one pseudo_periodic
t=03072 alpha cadence one pseudo_periodic
t=03073 alpha cadence one pseudo_periodic
t=03074 alpha cadence one pseudo_periodic
t=03075 alpha cadence one pseudo_periodic
t=03076 alpha cadence one pseudo_periodic
t=03077 alpha cadence one pseudo_periodic
t=03078 alpha cadence one pseudo_periodic
t=03079 alpha cadence one pseudo_periodic
t=03080 quiet_carrier
t=03081 quiet_carrier
t=03082 quiet_carrier
t=03083 quiet_carrier
t=03084 quiet_carrier
t=03085 quiet_carrier
t=03086 quiet_carrier
t=03087 quiet_carrier
t=03088 quiet_carrier
t=03089 quiet_carrier
t=03090 quiet_carrier
t=03091 quiet_carrier
t=03092 quiet_carrier
t=03093 quiet_carrier
t=03094 quiet_carrier
t=03095 quiet_carrier
t=03096 quiet_carrier
t=03097 quiet_carrier
t=03098 quiet_carrier
t=03099 quiet_carrier
t=03100 quiet_carrier
t=03101 quiet_carrier
t=03102 quiet_carrier
t=03103 quiet_carrier
t=03104 quiet_carrier
t=03105 quiet_carrier
t=03106 quiet_carrier
t=03107 quiet_carrier
t=03108 quiet_carrier
t=03109 quiet_carrier
t=03110 quiet_carrier
t=03111 quiet_carrier
t=03112 quiet_carrier
t=03113 quiet_carrier
t=03114 quiet_carrier
t=03115 quiet_carrier
t=03116 quiet_carrier
t=03117 quiet_carrier
t=03118 quiet_carrier
t=03119 quiet_carrier
t=03120 delta cadence four pseudo_periodic
t=03121 delta cadence four pseudo_periodic
t=03122 delta cadence four pseudo_periodic
t=03123 delta cadence four pseudo_periodic
t=03124 delta cadence four pseudo_periodic
t=03125 delta cadence four pseudo_periodic
t=03126 delta cadence four pseudo_periodic
t=03127 delta cadence four pseudo_periodic
t=03128 delta cadence four pseudo_periodic
t=03129 delta cadence four pseudo_periodic
t=03130 delta cadence four pseudo_periodic
t=03131 delta cadence four pseudo_periodic
t=03132 delta cadence four pseudo_periodic
t=03133 delta cadence four pseudo_periodic
t=03134 delta cadence four pseudo_periodic
t=03135 delta cadence four pseudo_periodic
t=03136 delta cadence four pseudo_periodic
t=03137 delta cadence four pseudo_periodic
t=03138 delta cadence four pseudo_periodic
t=03139 delta cadence four pseudo_periodic
t=03140 alpha cadence one pseudo_periodic
t=03141 alpha cadence one pseudo_periodic
t=03142 alpha cadence one pseudo_periodic
t=03143 alpha cadence one pseudo_periodic
t=03144 alpha cadence one pseudo_periodic
t=03145 alpha cadence one pseudo_periodic
t=03146 alpha cadence one pseudo_periodic
t=03147 alpha cadence one pseudo_periodic
t=03148 alpha cadence one pseudo_periodic
t=03149 alpha cadence one pseudo_periodic
t=03150 alpha cadence one pseudo_periodic
t=03151 alpha cadence one pseudo_periodic
t=03152 alpha cadence one pseudo_periodic
t=03153 alpha cadence one pseudo_periodic
t=03154 alpha cadence one pseudo_periodic
t=03155 alpha cadence one pseudo_periodic
t=03156 alpha cadence one pseudo_periodic
t=03157 alpha cadence one pseudo_periodic
t=03158 alpha cadence one pseudo_periodic
t=03159 alpha cadence one pseudo_periodic
t=03160 beta cadence two pseudo_periodic
t=03161 beta cadence two pseudo_periodic
t=03162 beta cadence two pseudo_periodic
t=03163 beta cadence two pseudo_periodic
t=03164 beta cadence two pseudo_periodic
t=03165 beta cadence two pseudo_periodic
t=03166 beta cadence two pseudo_periodic
t=03167 beta cadence two pseudo_periodic
t=03168 beta cadence two pseudo_periodic
t=03169 beta cadence two pseudo_periodic
t=03170 beta cadence two pseudo_periodic
t=03171 beta cadence two pseudo_periodic
t=03172 beta cadence two pseudo_periodic
t=03173 beta cadence two pseudo_periodic
t=03174 beta cadence two pseudo_periodic
t=03175 beta cadence two pseudo_periodic
t=03176 beta cadence two pseudo_periodic
t=03177 beta cadence two pseudo_periodic
t=03178 beta cadence two pseudo_periodic
t=03179 beta cadence two pseudo_periodic
t=03180 gamma cadence three pseudo_periodic
t=03181 gamma cadence three pseudo_periodic
t=03182 gamma cadence three pseudo_periodic
t=03183 gamma cadence three pseudo_periodic
t=03184 gamma cadence three pseudo_periodic
t=03185 gamma cadence three pseudo_periodic
t=03186 gamma cadence three pseudo_periodic
t=03187 gamma cadence three pseudo_periodic
t=03188 gamma cadence three pseudo_periodic
t=03189 gamma cadence three pseudo_periodic
t=03190 gamma cadence three pseudo_periodic
t=03191 gamma cadence three pseudo_periodic
t=03192 gamma cadence three pseudo_periodic
t=03193 gamma cadence three pseudo_periodic
t=03194 gamma cadence three pseudo_periodic
t=03195 gamma cadence three pseudo_periodic
t=03196 gamma cadence three pseudo_periodic
t=03197 gamma cadence three pseudo_periodic
t=03198 gamma cadence three pseudo_periodic
t=03199 gamma cadence three pseudo_periodic
t=03200 quiet_carrier
t=03201 quiet_carrier
t=03202 quiet_carrier
t=03203 quiet_carrier
t=03204 quiet_carrier
t=03205 quiet_carrier
t=03206 quiet_carrier
t=03207 quiet_carrier
t=03208 quiet_carrier
t=03209 quiet_carrier
t=03210 quiet_carrier
t=03211 quiet_carrier
t=03212 quiet_carrier
t=03213 quiet_carrier
t=03214 quiet_carrier
t=03215 quiet_carrier
t=03216 quiet_carrier
t=03217 quiet_carrier
t=03218 quiet_carrier
t=03219 quiet_carrier
t=03220 quiet_carrier
t=03221 quiet_carrier
t=03222 quiet_carrier
t=03223 quiet_carrier
t=03224 quiet_carrier
t=03225 quiet_carrier
t=03226 quiet_carrier
t=03227 quiet_carrier
t=03228 quiet_carrier
t=03229 quiet_carrier
t=03230 quiet_carrier
t=03231 quiet_carrier
t=03232 quiet_carrier
t=03233 quiet_carrier
t=03234 quiet_carrier
t=03235 quiet_carrier
t=03236 quiet_carrier
t=03237 quiet_carrier
t=03238 quiet_carrier
t=03239 quiet_carrier
t=03240 beta cadence two pseudo_periodic
t=03241 beta cadence two pseudo_periodic
t=03242 beta cadence two pseudo_periodic
t=03243 beta cadence two pseudo_periodic
t=03244 beta cadence two pseudo_periodic
t=03245 beta cadence two pseudo_periodic
t=03246 beta cadence two pseudo_periodic
t=03247 beta cadence two pseudo_periodic
t=03248 beta cadence two pseudo_periodic
t=03249 beta cadence two pseudo_periodic
t=03250 beta cadence two pseudo_periodic
t=03251 beta cadence two pseudo_periodic
t=03252 beta cadence two pseudo_periodic
t=03253 beta cadence two pseudo_periodic
t=03254 beta cadence two pseudo_periodic
t=03255 beta cadence two pseudo_periodic
t=03256 beta cadence two pseudo_periodic
t=03257 beta cadence two pseudo_periodic
t=03258 beta cadence two pseudo_periodic
t=03259 beta cadence two pseudo_periodic
t=03260 gamma cadence three pseudo_periodic
t=03261 gamma cadence three pseudo_periodic
t=03262 gamma cadence three pseudo_periodic
t=03263 gamma cadence three pseudo_periodic
t=03264 gamma cadence three pseudo_periodic
t=03265 gamma cadence three pseudo_periodic
t=03266 gamma cadence three pseudo_periodic
t=03267 gamma cadence three pseudo_periodic
t=03268 gamma cadence three pseudo_periodic
t=03269 gamma cadence three pseudo_periodic
t=03270 gamma cadence three pseudo_periodic
t=03271 gamma cadence three pseudo_periodic
t=03272 gamma cadence three pseudo_periodic
t=03273 gamma cadence three pseudo_periodic
t=03274 gamma cadence three pseudo_periodic
t=03275 gamma cadence three pseudo_periodic
t=03276 gamma cadence three pseudo_periodic
t=03277 gamma cadence three pseudo_periodic
t=03278 gamma cadence three pseudo_periodic
t=03279 gamma cadence three pseudo_periodic
t=03280 delta cadence four pseudo_periodic
t=03281 delta cadence four pseudo_periodic
t=03282 delta cadence four pseudo_periodic
t=03283 delta cadence four pseudo_periodic
t=03284 delta cadence four pseudo_periodic
t=03285 delta cadence four pseudo_periodic
t=03286 delta cadence four pseudo_periodic
t=03287 delta cadence four pseudo_periodic
t=03288 delta cadence four pseudo_periodic
t=03289 delta cadence four pseudo_periodic
t=03290 delta cadence four pseudo_periodic
t=03291 delta cadence four pseudo_periodic
t=03292 delta cadence four pseudo_periodic
t=03293 delta cadence four pseudo_periodic
t=03294 delta cadence four pseudo_periodic
t=03295 delta cadence four pseudo_periodic
t=03296 delta cadence four pseudo_periodic
t=03297 delta cadence four pseudo_periodic
t=03298 delta cadence four pseudo_periodic
t=03299 delta cadence four pseudo_periodic
t=03300 alpha cadence one pseudo_periodic
t=03301 alpha cadence one pseudo_periodic
t=03302 alpha cadence one pseudo_periodic
t=03303 alpha cadence one pseudo_periodic
t=03304 alpha cadence one pseudo_periodic
t=03305 alpha cadence one pseudo_periodic
t=03306 alpha cadence one pseudo_periodic
t=03307 alpha cadence one pseudo_periodic
t=03308 alpha cadence one pseudo_periodic
t=03309 alpha cadence one pseudo_periodic
t=03310 alpha cadence one pseudo_periodic
t=03311 alpha cadence one pseudo_periodic
t=03312 alpha cadence one pseudo_periodic
t=03313 alpha cadence one pseudo_periodic
t=03314 alpha cadence one pseudo_periodic
t=03315 alpha cadence one pseudo_periodic
t=03316 alpha cadence one pseudo_periodic
t=03317 alpha cadence one pseudo_periodic
t=03318 alpha cadence one pseudo_periodic
t=03319 alpha cadence one pseudo_periodic
t=03320 beta cadence two cadence_interruption
t=03321 gamma cadence three cadence_interruption
t=03322 beta cadence two cadence_interruption
t=03323 alpha cadence one cadence_interruption
t=03324 alpha cadence one cadence_interruption
t=03325 gamma cadence three cadence_interruption
t=03326 delta cadence four cadence_interruption
t=03327 gamma cadence three cadence_interruption
t=03328 alpha cadence one cadence_interruption
t=03329 alpha cadence one cadence_interruption
t=03330 delta cadence four cadence_interruption
t=03331 beta cadence two cadence_interruption
t=03332 alpha cadence one cadence_interruption
t=03333 delta cadence four cadence_interruption
t=03334 alpha cadence one cadence_interruption
t=03335 gamma cadence three cadence_interruption
t=03336 delta cadence four cadence_interruption
t=03337 gamma cadence three cadence_interruption
t=03338 beta cadence two cadence_interruption
t=03339 beta cadence two cadence_interruption
t=03340 gamma cadence three cadence_interruption
t=03341 delta cadence four cadence_interruption
t=03342 alpha cadence one cadence_interruption
t=03343 alpha cadence one cadence_interruption
t=03344 delta cadence four cadence_interruption
t=03345 alpha cadence one cadence_interruption
t=03346 delta cadence four cadence_interruption
t=03347 alpha cadence one cadence_interruption
t=03348 gamma cadence three cadence_interruption
t=03349 alpha cadence one cadence_interruption
t=03350 gamma cadence three cadence_interruption
t=03351 gamma cadence three cadence_interruption
t=03352 beta cadence two cadence_interruption
t=03353 gamma cadence three cadence_interruption
t=03354 alpha cadence one cadence_interruption
t=03355 alpha cadence one cadence_interruption
t=03356 alpha cadence one cadence_interruption
t=03357 beta cadence two cadence_interruption
t=03358 gamma cadence three cadence_interruption
t=03359 beta cadence two cadence_interruption
t=03360 delta cadence four pseudo_periodic
t=03361 delta cadence four pseudo_periodic
t=03362 delta cadence four pseudo_periodic
t=03363 delta cadence four pseudo_periodic
t=03364 delta cadence four pseudo_periodic
t=03365 delta cadence four pseudo_periodic
t=03366 delta cadence four pseudo_periodic
t=03367 delta cadence four pseudo_periodic
t=03368 delta cadence four pseudo_periodic
t=03369 delta cadence four pseudo_periodic
t=03370 delta cadence four pseudo_periodic
t=03371 delta cadence four pseudo_periodic
t=03372 delta cadence four pseudo_periodic
t=03373 delta cadence four pseudo_periodic
t=03374 delta cadence four pseudo_periodic
t=03375 delta cadence four pseudo_periodic
t=03376 delta cadence four pseudo_periodic
t=03377 delta cadence four pseudo_periodic
t=03378 delta cadence four pseudo_periodic
t=03379 delta cadence four pseudo_periodic
t=03380 alpha cadence one pseudo_periodic
t=03381 alpha cadence one pseudo_periodic
t=03382 alpha cadence one pseudo_periodic
t=03383 alpha cadence one pseudo_periodic
t=03384 alpha cadence one pseudo_periodic
t=03385 alpha cadence one pseudo_periodic
t=03386 alpha cadence one pseudo_periodic
t=03387 alpha cadence one pseudo_periodic
t=03388 alpha cadence one pseudo_periodic
t=03389 alpha cadence one pseudo_periodic
t=03390 alpha cadence one pseudo_periodic
t=03391 alpha cadence one pseudo_periodic
t=03392 alpha cadence one pseudo_periodic
t=03393 alpha cadence one pseudo_periodic
t=03394 alpha cadence one pseudo_periodic
t=03395 alpha cadence one pseudo_periodic
t=03396 alpha cadence one pseudo_periodic
t=03397 alpha cadence one pseudo_periodic
t=03398 alpha cadence one pseudo_periodic
t=03399 alpha cadence one pseudo_periodic
t=03400 beta cadence two pseudo_periodic
t=03401 beta cadence two pseudo_periodic
t=03402 beta cadence two pseudo_periodic
t=03403 beta cadence two pseudo_periodic
t=03404 beta cadence two pseudo_periodic
t=03405 beta cadence two pseudo_periodic
t=03406 beta cadence two pseudo_periodic
t=03407 beta cadence two pseudo_periodic
t=03408 beta cadence two pseudo_periodic
t=03409 beta cadence two pseudo_periodic
t=03410 beta cadence two pseudo_periodic
t=03411 beta cadence two pseudo_periodic
t=03412 beta cadence two pseudo_periodic
t=03413 beta cadence two pseudo_periodic
t=03414 beta cadence two pseudo_periodic
t=03415 beta cadence two pseudo_periodic
t=03416 beta cadence two pseudo_periodic
t=03417 beta cadence two pseudo_periodic
t=03418 beta cadence two pseudo_periodic
t=03419 beta cadence two pseudo_periodic
t=03420 gamma cadence three pseudo_periodic
t=03421 gamma cadence three pseudo_periodic
t=03422 gamma cadence three pseudo_periodic
t=03423 gamma cadence three pseudo_periodic
t=03424 gamma cadence three pseudo_periodic
t=03425 gamma cadence three pseudo_periodic
t=03426 gamma cadence three pseudo_periodic
t=03427 gamma cadence three pseudo_periodic
t=03428 gamma cadence three pseudo_periodic
t=03429 gamma cadence three pseudo_periodic
t=03430 gamma cadence three pseudo_periodic
t=03431 gamma cadence three pseudo_periodic
t=03432 gamma cadence three pseudo_periodic
t=03433 gamma cadence three pseudo_periodic
t=03434 gamma cadence three pseudo_periodic
t=03435 gamma cadence three pseudo_periodic
t=03436 gamma cadence three pseudo_periodic
t=03437 gamma cadence three pseudo_periodic
t=03438 gamma cadence three pseudo_periodic
t=03439 gamma cadence three pseudo_periodic
t=03440 quiet_carrier
t=03441 quiet_carrier
t=03442 quiet_carrier
t=03443 quiet_carrier
t=03444 quiet_carrier
t=03445 quiet_carrier
t=03446 quiet_carrier
t=03447 quiet_carrier
t=03448 quiet_carrier
t=03449 quiet_carrier
t=03450 quiet_carrier
t=03451 quiet_carrier
t=03452 quiet_carrier
t=03453 quiet_carrier
t=03454 quiet_carrier
t=03455 quiet_carrier
t=03456 quiet_carrier
t=03457 quiet_carrier
t=03458 quiet_carrier
t=03459 quiet_carrier
t=03460 quiet_carrier
t=03461 quiet_carrier
t=03462 quiet_carrier
t=03463 quiet_carrier
t=03464 quiet_carrier
t=03465 quiet_carrier
t=03466 quiet_carrier
t=03467 quiet_carrier
t=03468 quiet_carrier
t=03469 quiet_carrier
t=03470 quiet_carrier
t=03471 quiet_carrier
t=03472 quiet_carrier
t=03473 quiet_carrier
t=03474 quiet_carrier
t=03475 quiet_carrier
t=03476 quiet_carrier
t=03477 quiet_carrier
t=03478 quiet_carrier
t=03479 quiet_carrier
t=03480 beta cadence two pseudo_periodic
t=03481 beta cadence two pseudo_periodic
t=03482 beta cadence two pseudo_periodic
t=03483 beta cadence two pseudo_periodic
t=03484 beta cadence two pseudo_periodic
t=03485 beta cadence two pseudo_periodic
t=03486 beta cadence two pseudo_periodic
t=03487 beta cadence two pseudo_periodic
t=03488 beta cadence two pseudo_periodic
t=03489 beta cadence two pseudo_periodic
t=03490 beta cadence two pseudo_periodic
t=03491 beta cadence two pseudo_periodic
t=03492 beta cadence two pseudo_periodic
t=03493 beta cadence two pseudo_periodic
t=03494 beta cadence two pseudo_periodic
t=03495 beta cadence two pseudo_periodic
t=03496 beta cadence two pseudo_periodic
t=03497 beta cadence two pseudo_periodic
t=03498 beta cadence two pseudo_periodic
t=03499 beta cadence two pseudo_periodic
t=03500 beta cadence two delayed_phase_echo
t=03501 beta cadence two delayed_phase_echo
t=03502 beta cadence two delayed_phase_echo
t=03503 beta cadence two delayed_phase_echo
t=03504 beta cadence two delayed_phase_echo
t=03505 beta cadence two delayed_phase_echo
t=03506 beta cadence two delayed_phase_echo
t=03507 beta cadence two delayed_phase_echo
t=03508 beta cadence two delayed_phase_echo
t=03509 beta cadence two delayed_phase_echo
t=03510 beta cadence two delayed_phase_echo
t=03511 beta cadence two delayed_phase_echo
t=03512 beta cadence two delayed_phase_echo
t=03513 beta cadence two delayed_phase_echo
t=03514 beta cadence two delayed_phase_echo
t=03515 beta cadence two delayed_phase_echo
t=03516 beta cadence two delayed_phase_echo
t=03517 beta cadence two delayed_phase_echo
t=03518 beta cadence two delayed_phase_echo
t=03519 beta cadence two delayed_phase_echo
t=03520 beta cadence two delayed_phase_echo
t=03521 beta cadence two delayed_phase_echo
t=03522 beta cadence two delayed_phase_echo
t=03523 beta cadence two delayed_phase_echo
t=03524 beta cadence two delayed_phase_echo
t=03525 gamma cadence three delayed_phase_echo
t=03526 gamma cadence three delayed_phase_echo
t=03527 gamma cadence three delayed_phase_echo
t=03528 gamma cadence three delayed_phase_echo
t=03529 gamma cadence three delayed_phase_echo
t=03530 gamma cadence three delayed_phase_echo
t=03531 gamma cadence three delayed_phase_echo
t=03532 gamma cadence three delayed_phase_echo
t=03533 gamma cadence three delayed_phase_echo
t=03534 gamma cadence three delayed_phase_echo
t=03535 gamma cadence three delayed_phase_echo
t=03536 gamma cadence three delayed_phase_echo
t=03537 gamma cadence three delayed_phase_echo
t=03538 gamma cadence three delayed_phase_echo
t=03539 gamma cadence three delayed_phase_echo
t=03540 gamma cadence three delayed_phase_echo
t=03541 gamma cadence three delayed_phase_echo
t=03542 gamma cadence three delayed_phase_echo
t=03543 gamma cadence three delayed_phase_echo
t=03544 gamma cadence three delayed_phase_echo
t=03545 gamma cadence three delayed_phase_echo
t=03546 gamma cadence three delayed_phase_echo
t=03547 gamma cadence three delayed_phase_echo
t=03548 gamma cadence three delayed_phase_echo
t=03549 gamma cadence three delayed_phase_echo
t=03550 delta cadence four delayed_phase_echo
t=03551 delta cadence four delayed_phase_echo
t=03552 delta cadence four delayed_phase_echo
t=03553 delta cadence four delayed_phase_echo
t=03554 delta cadence four delayed_phase_echo
t=03555 delta cadence four delayed_phase_echo
t=03556 delta cadence four delayed_phase_echo
t=03557 delta cadence four delayed_phase_echo
t=03558 delta cadence four delayed_phase_echo
t=03559 delta cadence four delayed_phase_echo
t=03560 delta cadence four delayed_phase_echo
t=03561 delta cadence four delayed_phase_echo
t=03562 delta cadence four delayed_phase_echo
t=03563 delta cadence four delayed_phase_echo
t=03564 delta cadence four delayed_phase_echo
t=03565 delta cadence four delayed_phase_echo
t=03566 delta cadence four delayed_phase_echo
t=03567 delta cadence four delayed_phase_echo
t=03568 delta cadence four delayed_phase_echo
t=03569 delta cadence four delayed_phase_echo
t=03570 delta cadence four delayed_phase_echo
t=03571 delta cadence four delayed_phase_echo
t=03572 delta cadence four delayed_phase_echo
t=03573 delta cadence four delayed_phase_echo
t=03574 delta cadence four delayed_phase_echo
t=03575 alpha cadence one delayed_phase_echo
t=03576 alpha cadence one delayed_phase_echo
t=03577 alpha cadence one delayed_phase_echo
t=03578 alpha cadence one delayed_phase_echo
t=03579 alpha cadence one delayed_phase_echo
t=03580 quiet_carrier
t=03581 quiet_carrier
t=03582 quiet_carrier
t=03583 quiet_carrier
t=03584 quiet_carrier
t=03585 quiet_carrier
t=03586 quiet_carrier
t=03587 quiet_carrier
t=03588 quiet_carrier
t=03589 quiet_carrier
t=03590 quiet_carrier
t=03591 quiet_carrier
t=03592 quiet_carrier
t=03593 quiet_carrier
t=03594 quiet_carrier
t=03595 quiet_carrier
t=03596 quiet_carrier
t=03597 quiet_carrier
t=03598 quiet_carrier
t=03599 quiet_carrier
t=03600 delta cadence four pseudo_periodic
t=03601 alpha cadence one pseudo_periodic
t=03602 alpha cadence one pseudo_periodic
t=03603 alpha cadence one pseudo_periodic
t=03604 alpha cadence one pseudo_periodic
t=03605 alpha cadence one pseudo_periodic
t=03606 alpha cadence one pseudo_periodic
t=03607 alpha cadence one pseudo_periodic
t=03608 alpha cadence one pseudo_periodic
t=03609 alpha cadence one pseudo_periodic
t=03610 alpha cadence one pseudo_periodic
t=03611 alpha cadence one pseudo_periodic
t=03612 alpha cadence one pseudo_periodic
t=03613 alpha cadence one pseudo_periodic
t=03614 alpha cadence one pseudo_periodic
t=03615 alpha cadence one pseudo_periodic
t=03616 alpha cadence one pseudo_periodic
t=03617 alpha cadence one pseudo_periodic
t=03618 alpha cadence one pseudo_periodic
t=03619 alpha cadence one pseudo_periodic
t=03620 beta cadence two pseudo_periodic
t=03621 beta cadence two pseudo_periodic
t=03622 beta cadence two pseudo_periodic
t=03623 beta cadence two pseudo_periodic
t=03624 beta cadence two pseudo_periodic
t=03625 beta cadence two pseudo_periodic
t=03626 beta cadence two pseudo_periodic
t=03627 beta cadence two pseudo_periodic
t=03628 beta cadence two pseudo_periodic
t=03629 beta cadence two pseudo_periodic
t=03630 beta cadence two pseudo_periodic
t=03631 beta cadence two pseudo_periodic
t=03632 beta cadence two pseudo_periodic
t=03633 beta cadence two pseudo_periodic
t=03634 beta cadence two pseudo_periodic
t=03635 beta cadence two pseudo_periodic
t=03636 beta cadence two pseudo_periodic
t=03637 beta cadence two pseudo_periodic
t=03638 beta cadence two pseudo_periodic
t=03639 beta cadence two pseudo_periodic
t=03640 gamma cadence three pseudo_periodic
t=03641 gamma cadence three pseudo_periodic
t=03642 gamma cadence three pseudo_periodic
t=03643 gamma cadence three pseudo_periodic
t=03644 gamma cadence three pseudo_periodic
t=03645 gamma cadence three pseudo_periodic
t=03646 gamma cadence three pseudo_periodic
t=03647 gamma cadence three pseudo_periodic
t=03648 gamma cadence three pseudo_periodic
t=03649 gamma cadence three pseudo_periodic
t=03650 gamma cadence three pseudo_periodic
t=03651 gamma cadence three pseudo_periodic
t=03652 gamma cadence three pseudo_periodic
t=03653 gamma cadence three pseudo_periodic
t=03654 gamma cadence three pseudo_periodic
t=03655 gamma cadence three pseudo_periodic
t=03656 gamma cadence three pseudo_periodic
t=03657 gamma cadence three pseudo_periodic
t=03658 gamma cadence three pseudo_periodic
t=03659 gamma cadence three pseudo_periodic
t=03660 delta cadence four pseudo_periodic
t=03661 delta cadence four pseudo_periodic
t=03662 delta cadence four pseudo_periodic
t=03663 delta cadence four pseudo_periodic
t=03664 delta cadence four pseudo_periodic
t=03665 delta cadence four pseudo_periodic
t=03666 delta cadence four pseudo_periodic
t=03667 delta cadence four pseudo_periodic
t=03668 delta cadence four pseudo_periodic
t=03669 delta cadence four pseudo_periodic
t=03670 delta cadence four pseudo_periodic
t=03671 delta cadence four pseudo_periodic
t=03672 delta cadence four pseudo_periodic
t=03673 delta cadence four pseudo_periodic
t=03674 delta cadence four pseudo_periodic
t=03675 delta cadence four pseudo_periodic
t=03676 delta cadence four pseudo_periodic
t=03677 delta cadence four pseudo_periodic
t=03678 delta cadence four pseudo_periodic
t=03679 delta cadence four pseudo_periodic
t=03680 quiet_carrier
t=03681 quiet_carrier
t=03682 quiet_carrier
t=03683 quiet_carrier
t=03684 quiet_carrier
t=03685 quiet_carrier
t=03686 quiet_carrier
t=03687 quiet_carrier
t=03688 quiet_carrier
t=03689 quiet_carrier
t=03690 quiet_carrier
t=03691 quiet_carrier
t=03692 quiet_carrier
t=03693 quiet_carrier
t=03694 quiet_carrier
t=03695 quiet_carrier
t=03696 quiet_carrier
t=03697 quiet_carrier
t=03698 quiet_carrier
t=03699 quiet_carrier
t=03700 quiet_carrier
t=03701 quiet_carrier
t=03702 quiet_carrier
t=03703 quiet_carrier
t=03704 quiet_carrier
t=03705 quiet_carrier
t=03706 quiet_carrier
t=03707 quiet_carrier
t=03708 quiet_carrier
t=03709 quiet_carrier
t=03710 quiet_carrier
t=03711 quiet_carrier
t=03712 quiet_carrier
t=03713 quiet_carrier
t=03714 quiet_carrier
t=03715 quiet_carrier
t=03716 quiet_carrier
t=03717 quiet_carrier
t=03718 quiet_carrier
t=03719 quiet_carrier
t=03720 gamma cadence three pseudo_periodic
t=03721 gamma cadence three pseudo_periodic
t=03722 gamma cadence three pseudo_periodic
t=03723 gamma cadence three pseudo_periodic
t=03724 gamma cadence three pseudo_periodic
t=03725 gamma cadence three pseudo_periodic
t=03726 gamma cadence three pseudo_periodic
t=03727 gamma cadence three pseudo_periodic
t=03728 gamma cadence three pseudo_periodic
t=03729 gamma cadence three pseudo_periodic
t=03730 gamma cadence three pseudo_periodic
t=03731 gamma cadence three pseudo_periodic
t=03732 gamma cadence three pseudo_periodic
t=03733 gamma cadence three pseudo_periodic
t=03734 gamma cadence three pseudo_periodic
t=03735 gamma cadence three pseudo_periodic
t=03736 gamma cadence three pseudo_periodic
t=03737 gamma cadence three pseudo_periodic
t=03738 gamma cadence three pseudo_periodic
t=03739 gamma cadence three pseudo_periodic
t=03740 delta cadence four pseudo_periodic
t=03741 delta cadence four pseudo_periodic
t=03742 delta cadence four pseudo_periodic
t=03743 delta cadence four pseudo_periodic
t=03744 delta cadence four pseudo_periodic
t=03745 delta cadence four pseudo_periodic
t=03746 delta cadence four pseudo_periodic
t=03747 delta cadence four pseudo_periodic
t=03748 delta cadence four pseudo_periodic
t=03749 delta cadence four pseudo_periodic
t=03750 delta cadence four pseudo_periodic
t=03751 delta cadence four pseudo_periodic
t=03752 delta cadence four pseudo_periodic
t=03753 delta cadence four pseudo_periodic
t=03754 delta cadence four pseudo_periodic
t=03755 delta cadence four pseudo_periodic
t=03756 delta cadence four pseudo_periodic
t=03757 delta cadence four pseudo_periodic
t=03758 delta cadence four pseudo_periodic
t=03759 delta cadence four pseudo_periodic
t=03760 alpha cadence one pseudo_periodic
t=03761 alpha cadence one pseudo_periodic
t=03762 alpha cadence one pseudo_periodic
t=03763 alpha cadence one pseudo_periodic
t=03764 alpha cadence one pseudo_periodic
t=03765 alpha cadence one pseudo_periodic
t=03766 alpha cadence one pseudo_periodic
t=03767 alpha cadence one pseudo_periodic
t=03768 alpha cadence one pseudo_periodic
t=03769 alpha cadence one pseudo_periodic
t=03770 alpha cadence one pseudo_periodic
t=03771 alpha cadence one pseudo_periodic
t=03772 alpha cadence one pseudo_periodic
t=03773 alpha cadence one pseudo_periodic
t=03774 alpha cadence one pseudo_periodic
t=03775 alpha cadence one pseudo_periodic
t=03776 alpha cadence one pseudo_periodic
t=03777 alpha cadence one pseudo_periodic
t=03778 alpha cadence one pseudo_periodic
t=03779 alpha cadence one pseudo_periodic
t=03780 beta cadence two pseudo_periodic
t=03781 beta cadence two pseudo_periodic
t=03782 beta cadence two pseudo_periodic
t=03783 beta cadence two pseudo_periodic
t=03784 beta cadence two pseudo_periodic
t=03785 beta cadence two pseudo_periodic
t=03786 beta cadence two pseudo_periodic
t=03787 beta cadence two pseudo_periodic
t=03788 beta cadence two pseudo_periodic
t=03789 beta cadence two pseudo_periodic
t=03790 beta cadence two pseudo_periodic
t=03791 beta cadence two pseudo_periodic
t=03792 beta cadence two pseudo_periodic
t=03793 beta cadence two pseudo_periodic
t=03794 beta cadence two pseudo_periodic
t=03795 beta cadence two pseudo_periodic
t=03796 beta cadence two pseudo_periodic
t=03797 beta cadence two pseudo_periodic
t=03798 beta cadence two pseudo_periodic
t=03799 beta cadence two pseudo_periodic
t=03800 quiet_carrier
t=03801 quiet_carrier
t=03802 quiet_carrier
t=03803 quiet_carrier
t=03804 quiet_carrier
t=03805 quiet_carrier
t=03806 quiet_carrier
t=03807 quiet_carrier
t=03808 quiet_carrier
t=03809 quiet_carrier
t=03810 quiet_carrier
t=03811 quiet_carrier
t=03812 quiet_carrier
t=03813 quiet_carrier
t=03814 quiet_carrier
t=03815 quiet_carrier
t=03816 quiet_carrier
t=03817 quiet_carrier
t=03818 quiet_carrier
t=03819 quiet_carrier
t=03820 quiet_carrier
t=03821 quiet_carrier
t=03822 quiet_carrier
t=03823 quiet_carrier
t=03824 quiet_carrier
t=03825 quiet_carrier
t=03826 quiet_carrier
t=03827 quiet_carrier
t=03828 quiet_carrier
t=03829 quiet_carrier
t=03830 quiet_carrier
t=03831 quiet_carrier
t=03832 quiet_carrier
t=03833 quiet_carrier
t=03834 quiet_carrier
t=03835 quiet_carrier
t=03836 quiet_carrier
t=03837 quiet_carrier
t=03838 quiet_carrier
t=03839 quiet_carrier
t=03840 alpha cadence one pseudo_periodic
t=03841 alpha cadence one pseudo_periodic
t=03842 alpha cadence one pseudo_periodic
t=03843 alpha cadence one pseudo_periodic
t=03844 alpha cadence one pseudo_periodic
t=03845 alpha cadence one pseudo_periodic
t=03846 alpha cadence one pseudo_periodic
t=03847 alpha cadence one pseudo_periodic
t=03848 alpha cadence one pseudo_periodic
t=03849 alpha cadence one pseudo_periodic
t=03850 alpha cadence one pseudo_periodic
t=03851 alpha cadence one pseudo_periodic
t=03852 alpha cadence one pseudo_periodic
t=03853 alpha cadence one pseudo_periodic
t=03854 alpha cadence one pseudo_periodic
t=03855 alpha cadence one pseudo_periodic
t=03856 alpha cadence one pseudo_periodic
t=03857 alpha cadence one pseudo_periodic
t=03858 alpha cadence one pseudo_periodic
t=03859 alpha cadence one pseudo_periodic
t=03860 beta cadence two pseudo_periodic
t=03861 beta cadence two pseudo_periodic
t=03862 beta cadence two pseudo_periodic
t=03863 beta cadence two pseudo_periodic
t=03864 beta cadence two pseudo_periodic
t=03865 beta cadence two pseudo_periodic
t=03866 beta cadence two pseudo_periodic
t=03867 beta cadence two pseudo_periodic
t=03868 beta cadence two pseudo_periodic
t=03869 beta cadence two pseudo_periodic
t=03870 beta cadence two pseudo_periodic
t=03871 beta cadence two pseudo_periodic
t=03872 beta cadence two pseudo_periodic
t=03873 beta cadence two pseudo_periodic
t=03874 beta cadence two pseudo_periodic
t=03875 beta cadence two pseudo_periodic
t=03876 beta cadence two pseudo_periodic
t=03877 beta cadence two pseudo_periodic
t=03878 beta cadence two pseudo_periodic
t=03879 beta cadence two pseudo_periodic
t=03880 gamma cadence three pseudo_periodic
t=03881 gamma cadence three pseudo_periodic
t=03882 gamma cadence three pseudo_periodic
t=03883 gamma cadence three pseudo_periodic
t=03884 gamma cadence three pseudo_periodic
t=03885 gamma cadence three pseudo_periodic
t=03886 gamma cadence three pseudo_periodic
t=03887 gamma cadence three pseudo_periodic
t=03888 gamma cadence three pseudo_periodic
t=03889 gamma cadence three pseudo_periodic
t=03890 gamma cadence three pseudo_periodic
t=03891 gamma cadence three pseudo_periodic
t=03892 gamma cadence three pseudo_periodic
t=03893 gamma cadence three pseudo_periodic
t=03894 gamma cadence three pseudo_periodic
t=03895 gamma cadence three pseudo_periodic
t=03896 gamma cadence three pseudo_periodic
t=03897 gamma cadence three pseudo_periodic
t=03898 gamma cadence three pseudo_periodic
t=03899 gamma cadence three pseudo_periodic
t=03900 delta cadence four pseudo_periodic
t=03901 delta cadence four pseudo_periodic
t=03902 delta cadence four pseudo_periodic
t=03903 delta cadence four pseudo_periodic
t=03904 delta cadence four pseudo_periodic
t=03905 delta cadence four pseudo_periodic
t=03906 delta cadence four pseudo_periodic
t=03907 delta cadence four pseudo_periodic
t=03908 delta cadence four pseudo_periodic
t=03909 delta cadence four pseudo_periodic
t=03910 delta cadence four pseudo_periodic
t=03911 delta cadence four pseudo_periodic
t=03912 delta cadence four pseudo_periodic
t=03913 delta cadence four pseudo_periodic
t=03914 delta cadence four pseudo_periodic
t=03915 delta cadence four pseudo_periodic
t=03916 delta cadence four pseudo_periodic
t=03917 delta cadence four pseudo_periodic
t=03918 delta cadence four pseudo_periodic
t=03919 delta cadence four pseudo_periodic
t=03920 quiet_carrier
t=03921 quiet_carrier
t=03922 quiet_carrier
t=03923 quiet_carrier
t=03924 quiet_carrier
t=03925 quiet_carrier
t=03926 quiet_carrier
t=03927 quiet_carrier
t=03928 quiet_carrier
t=03929 quiet_carrier
t=03930 quiet_carrier
t=03931 quiet_carrier
t=03932 quiet_carrier
t=03933 quiet_carrier
t=03934 quiet_carrier
t=03935 quiet_carrier
t=03936 quiet_carrier
t=03937 quiet_carrier
t=03938 quiet_carrier
t=03939 quiet_carrier
t=03940 quiet_carrier
t=03941 quiet_carrier
t=03942 quiet_carrier
t=03943 quiet_carrier
t=03944 quiet_carrier
t=03945 quiet_carrier
t=03946 quiet_carrier
t=03947 quiet_carrier
t=03948 quiet_carrier
t=03949 quiet_carrier
t=03950 quiet_carrier
t=03951 quiet_carrier
t=03952 quiet_carrier
t=03953 quiet_carrier
t=03954 quiet_carrier
t=03955 quiet_carrier
t=03956 quiet_carrier
t=03957 quiet_carrier
t=03958 quiet_carrier
t=03959 quiet_carrier
t=03960 gamma cadence three pseudo_periodic
t=03961 gamma cadence three pseudo_periodic
t=03962 gamma cadence three pseudo_periodic
t=03963 gamma cadence three pseudo_periodic
t=03964 gamma cadence three pseudo_periodic
t=03965 gamma cadence three pseudo_periodic
t=03966 gamma cadence three pseudo_periodic
t=03967 gamma cadence three pseudo_periodic
t=03968 gamma cadence three pseudo_periodic
t=03969 gamma cadence three pseudo_periodic
t=03970 gamma cadence three pseudo_periodic
t=03971 gamma cadence three pseudo_periodic
t=03972 gamma cadence three pseudo_periodic
t=03973 gamma cadence three pseudo_periodic
t=03974 gamma cadence three pseudo_periodic
t=03975 gamma cadence three pseudo_periodic
t=03976 gamma cadence three pseudo_periodic
t=03977 gamma cadence three pseudo_periodic
t=03978 gamma cadence three pseudo_periodic
t=03979 gamma cadence three pseudo_periodic
t=03980 delta cadence four pseudo_periodic
t=03981 delta cadence four pseudo_periodic
t=03982 delta cadence four pseudo_periodic
t=03983 delta cadence four pseudo_periodic
t=03984 delta cadence four pseudo_periodic
t=03985 delta cadence four pseudo_periodic
t=03986 delta cadence four pseudo_periodic
t=03987 delta cadence four pseudo_periodic
t=03988 delta cadence four pseudo_periodic
t=03989 delta cadence four pseudo_periodic
t=03990 delta cadence four pseudo_periodic
t=03991 delta cadence four pseudo_periodic
t=03992 delta cadence four pseudo_periodic
t=03993 delta cadence four pseudo_periodic
t=03994 delta cadence four pseudo_periodic
t=03995 delta cadence four pseudo_periodic
t=03996 delta cadence four pseudo_periodic
t=03997 delta cadence four pseudo_periodic
t=03998 delta cadence four pseudo_periodic
t=03999 delta cadence four pseudo_periodic
t=04000 alpha cadence one pseudo_periodic
t=04001 alpha cadence one pseudo_periodic
t=04002 alpha cadence one pseudo_periodic
t=04003 alpha cadence one pseudo_periodic
t=04004 alpha cadence one pseudo_periodic
t=04005 alpha cadence one pseudo_periodic
t=04006 alpha cadence one pseudo_periodic
t=04007 alpha cadence one pseudo_periodic
t=04008 alpha cadence one pseudo_periodic
t=04009 alpha cadence one pseudo_periodic
t=04010 alpha cadence one pseudo_periodic
t=04011 alpha cadence one pseudo_periodic
t=04012 alpha cadence one pseudo_periodic
t=04013 alpha cadence one pseudo_periodic
t=04014 alpha cadence one pseudo_periodic
t=04015 alpha cadence one pseudo_periodic
t=04016 alpha cadence one pseudo_periodic
t=04017 alpha cadence one pseudo_periodic
t=04018 alpha cadence one pseudo_periodic
t=04019 alpha cadence one pseudo_periodic
t=04020 beta cadence two pseudo_periodic
t=04021 beta cadence two pseudo_periodic
t=04022 beta cadence two pseudo_periodic
t=04023 beta cadence two pseudo_periodic
t=04024 beta cadence two pseudo_periodic
t=04025 beta cadence two pseudo_periodic
t=04026 beta cadence two pseudo_periodic
t=04027 beta cadence two pseudo_periodic
t=04028 beta cadence two pseudo_periodic
t=04029 beta cadence two pseudo_periodic
t=04030 beta cadence two pseudo_periodic
t=04031 beta cadence two pseudo_periodic
t=04032 beta cadence two pseudo_periodic
t=04033 beta cadence two pseudo_periodic
t=04034 beta cadence two pseudo_periodic
t=04035 beta cadence two pseudo_periodic
t=04036 beta cadence two pseudo_periodic
t=04037 beta cadence two pseudo_periodic
t=04038 beta cadence two pseudo_periodic
t=04039 beta cadence two pseudo_periodic
t=04040 gamma cadence three cadence_interruption
t=04041 alpha cadence one cadence_interruption
t=04042 beta cadence two cadence_interruption
t=04043 delta cadence four cadence_interruption
t=04044 delta cadence four cadence_interruption
t=04045 beta cadence two cadence_interruption
t=04046 delta cadence four cadence_interruption
t=04047 gamma cadence three cadence_interruption
t=04048 alpha cadence one cadence_interruption
t=04049 delta cadence four cadence_interruption
t=04050 alpha cadence one cadence_interruption
t=04051 gamma cadence three cadence_interruption
t=04052 alpha cadence one cadence_interruption
t=04053 beta cadence two cadence_interruption
t=04054 delta cadence four cadence_interruption
t=04055 gamma cadence three cadence_interruption
t=04056 delta cadence four cadence_interruption
t=04057 gamma cadence three cadence_interruption
t=04058 delta cadence four cadence_interruption
t=04059 alpha cadence one cadence_interruption
t=04060 delta cadence four cadence_interruption
t=04061 alpha cadence one cadence_interruption
t=04062 alpha cadence one cadence_interruption
t=04063 gamma cadence three cadence_interruption
t=04064 gamma cadence three cadence_interruption
t=04065 alpha cadence one cadence_interruption
t=04066 beta cadence two cadence_interruption
t=04067 gamma cadence three cadence_interruption
t=04068 delta cadence four cadence_interruption
t=04069 alpha cadence one cadence_interruption
t=04070 quiet_carrier
t=04071 quiet_carrier
t=04072 quiet_carrier
t=04073 quiet_carrier
t=04074 quiet_carrier
t=04075 quiet_carrier
t=04076 quiet_carrier
t=04077 quiet_carrier
t=04078 quiet_carrier
t=04079 quiet_carrier
t=04080 alpha cadence one pseudo_periodic
t=04081 alpha cadence one pseudo_periodic
t=04082 alpha cadence one pseudo_periodic
t=04083 alpha cadence one pseudo_periodic
t=04084 alpha cadence one pseudo_periodic
t=04085 alpha cadence one pseudo_periodic
t=04086 alpha cadence one pseudo_periodic
t=04087 alpha cadence one pseudo_periodic
t=04088 alpha cadence one pseudo_periodic
t=04089 alpha cadence one pseudo_periodic
t=04090 alpha cadence one pseudo_periodic
t=04091 alpha cadence one pseudo_periodic
t=04092 alpha cadence one pseudo_periodic
t=04093 alpha cadence one pseudo_periodic
t=04094 alpha cadence one pseudo_periodic
t=04095 alpha cadence one pseudo_periodic
t=04096 alpha cadence one pseudo_periodic
t=04097 alpha cadence one pseudo_periodic
t=04098 alpha cadence one pseudo_periodic
t=04099 alpha cadence one pseudo_periodic
t=04100 beta cadence two pseudo_periodic
t=04101 beta cadence two pseudo_periodic
t=04102 beta cadence two pseudo_periodic
t=04103 beta cadence two pseudo_periodic
t=04104 beta cadence two pseudo_periodic
t=04105 beta cadence two pseudo_periodic
t=04106 beta cadence two pseudo_periodic
t=04107 beta cadence two pseudo_periodic
t=04108 beta cadence two pseudo_periodic
t=04109 beta cadence two pseudo_periodic
t=04110 beta cadence two pseudo_periodic
t=04111 beta cadence two pseudo_periodic
t=04112 beta cadence two pseudo_periodic
t=04113 beta cadence two pseudo_periodic
t=04114 beta cadence two pseudo_periodic
t=04115 beta cadence two pseudo_periodic
t=04116 beta cadence two pseudo_periodic
t=04117 beta cadence two pseudo_periodic
t=04118 beta cadence two pseudo_periodic
t=04119 beta cadence two pseudo_periodic
t=04120 gamma cadence three pseudo_periodic
t=04121 gamma cadence three pseudo_periodic
t=04122 gamma cadence three pseudo_periodic
t=04123 gamma cadence three pseudo_periodic
t=04124 gamma cadence three pseudo_periodic
t=04125 gamma cadence three pseudo_periodic
t=04126 gamma cadence three pseudo_periodic
t=04127 gamma cadence three pseudo_periodic
t=04128 gamma cadence three pseudo_periodic
t=04129 gamma cadence three pseudo_periodic
t=04130 gamma cadence three pseudo_periodic
t=04131 gamma cadence three pseudo_periodic
t=04132 gamma cadence three pseudo_periodic
t=04133 gamma cadence three pseudo_periodic
t=04134 gamma cadence three pseudo_periodic
t=04135 gamma cadence three pseudo_periodic
t=04136 gamma cadence three pseudo_periodic
t=04137 gamma cadence three pseudo_periodic
t=04138 gamma cadence three pseudo_periodic
t=04139 gamma cadence three pseudo_periodic
t=04140 delta cadence four pseudo_periodic
t=04141 delta cadence four pseudo_periodic
t=04142 delta cadence four pseudo_periodic
t=04143 delta cadence four pseudo_periodic
t=04144 delta cadence four pseudo_periodic
t=04145 delta cadence four pseudo_periodic
t=04146 delta cadence four pseudo_periodic
t=04147 delta cadence four pseudo_periodic
t=04148 delta cadence four pseudo_periodic
t=04149 delta cadence four pseudo_periodic
t=04150 delta cadence four pseudo_periodic
t=04151 delta cadence four pseudo_periodic
t=04152 delta cadence four pseudo_periodic
t=04153 delta cadence four pseudo_periodic
t=04154 delta cadence four pseudo_periodic
t=04155 delta cadence four pseudo_periodic
t=04156 delta cadence four pseudo_periodic
t=04157 delta cadence four pseudo_periodic
t=04158 delta cadence four pseudo_periodic
t=04159 delta cadence four pseudo_periodic
t=04160 quiet_carrier
t=04161 quiet_carrier
t=04162 quiet_carrier
t=04163 quiet_carrier
t=04164 quiet_carrier
t=04165 quiet_carrier
t=04166 quiet_carrier
t=04167 quiet_carrier
t=04168 quiet_carrier
t=04169 quiet_carrier
t=04170 quiet_carrier
t=04171 quiet_carrier
t=04172 quiet_carrier
t=04173 quiet_carrier
t=04174 quiet_carrier
t=04175 quiet_carrier
t=04176 quiet_carrier
t=04177 quiet_carrier
t=04178 quiet_carrier
t=04179 quiet_carrier
t=04180 quiet_carrier
t=04181 quiet_carrier
t=04182 quiet_carrier
t=04183 quiet_carrier
t=04184 quiet_carrier
t=04185 quiet_carrier
t=04186 quiet_carrier
t=04187 quiet_carrier
t=04188 quiet_carrier
t=04189 quiet_carrier
t=04190 quiet_carrier
t=04191 quiet_carrier
t=04192 quiet_carrier
t=04193 quiet_carrier
t=04194 quiet_carrier
t=04195 quiet_carrier
t=04196 quiet_carrier
t=04197 quiet_carrier
t=04198 quiet_carrier
t=04199 quiet_carrier
t=04200 gamma cadence three pseudo_periodic
t=04201 gamma cadence three pseudo_periodic
t=04202 gamma cadence three pseudo_periodic
t=04203 gamma cadence three pseudo_periodic
t=04204 gamma cadence three pseudo_periodic
t=04205 gamma cadence three pseudo_periodic
t=04206 gamma cadence three pseudo_periodic
t=04207 gamma cadence three pseudo_periodic
t=04208 gamma cadence three pseudo_periodic
t=04209 gamma cadence three pseudo_periodic
t=04210 gamma cadence three pseudo_periodic
t=04211 gamma cadence three pseudo_periodic
t=04212 gamma cadence three pseudo_periodic
t=04213 gamma cadence three pseudo_periodic
t=04214 gamma cadence three pseudo_periodic
t=04215 gamma cadence three pseudo_periodic
t=04216 gamma cadence three pseudo_periodic
t=04217 gamma cadence three pseudo_periodic
t=04218 gamma cadence three pseudo_periodic
t=04219 gamma cadence three pseudo_periodic
t=04220 delta cadence four pseudo_periodic
t=04221 delta cadence four pseudo_periodic
t=04222 delta cadence four pseudo_periodic
t=04223 delta cadence four pseudo_periodic
t=04224 delta cadence four pseudo_periodic
t=04225 delta cadence four pseudo_periodic
t=04226 delta cadence four pseudo_periodic
t=04227 delta cadence four pseudo_periodic
t=04228 delta cadence four pseudo_periodic
t=04229 delta cadence four pseudo_periodic
t=04230 delta cadence four pseudo_periodic
t=04231 delta cadence four pseudo_periodic
t=04232 delta cadence four pseudo_periodic
t=04233 delta cadence four pseudo_periodic
t=04234 delta cadence four pseudo_periodic
t=04235 delta cadence four pseudo_periodic
t=04236 delta cadence four pseudo_periodic
t=04237 delta cadence four pseudo_periodic
t=04238 delta cadence four pseudo_periodic
t=04239 delta cadence four pseudo_periodic
t=04240 alpha cadence one pseudo_periodic
t=04241 alpha cadence one pseudo_periodic
t=04242 alpha cadence one pseudo_periodic
t=04243 alpha cadence one pseudo_periodic
t=04244 alpha cadence one pseudo_periodic
t=04245 alpha cadence one pseudo_periodic
t=04246 alpha cadence one pseudo_periodic
t=04247 alpha cadence one pseudo_periodic
t=04248 alpha cadence one pseudo_periodic
t=04249 alpha cadence one pseudo_periodic
t=04250 alpha cadence one pseudo_periodic
t=04251 alpha cadence one pseudo_periodic
t=04252 alpha cadence one pseudo_periodic
t=04253 alpha cadence one pseudo_periodic
t=04254 alpha cadence one pseudo_periodic
t=04255 alpha cadence one pseudo_periodic
t=04256 alpha cadence one pseudo_periodic
t=04257 alpha cadence one pseudo_periodic
t=04258 alpha cadence one pseudo_periodic
t=04259 alpha cadence one pseudo_periodic
t=04260 beta cadence two pseudo_periodic
t=04261 beta cadence two pseudo_periodic
t=04262 beta cadence two pseudo_periodic
t=04263 beta cadence two pseudo_periodic
t=04264 beta cadence two pseudo_periodic
t=04265 beta cadence two pseudo_periodic
t=04266 beta cadence two pseudo_periodic
t=04267 beta cadence two pseudo_periodic
t=04268 beta cadence two pseudo_periodic
t=04269 beta cadence two pseudo_periodic
t=04270 beta cadence two pseudo_periodic
t=04271 beta cadence two pseudo_periodic
t=04272 beta cadence two pseudo_periodic
t=04273 beta cadence two pseudo_periodic
t=04274 beta cadence two pseudo_periodic
t=04275 beta cadence two pseudo_periodic
t=04276 beta cadence two pseudo_periodic
t=04277 beta cadence two pseudo_periodic
t=04278 beta cadence two pseudo_periodic
t=04279 beta cadence two pseudo_periodic
t=04280 quiet_carrier
t=04281 quiet_carrier
t=04282 quiet_carrier
t=04283 quiet_carrier
t=04284 quiet_carrier
t=04285 quiet_carrier
t=04286 quiet_carrier
t=04287 quiet_carrier
t=04288 quiet_carrier
t=04289 quiet_carrier
t=04290 quiet_carrier
t=04291 quiet_carrier
t=04292 quiet_carrier
t=04293 quiet_carrier
t=04294 quiet_carrier
t=04295 quiet_carrier
t=04296 quiet_carrier
t=04297 quiet_carrier
t=04298 quiet_carrier
t=04299 quiet_carrier
t=04300 quiet_carrier
t=04301 quiet_carrier
t=04302 quiet_carrier
t=04303 quiet_carrier
t=04304 quiet_carrier
t=04305 quiet_carrier
t=04306 quiet_carrier
t=04307 quiet_carrier
t=04308 quiet_carrier
t=04309 quiet_carrier
t=04310 quiet_carrier
t=04311 quiet_carrier
t=04312 quiet_carrier
t=04313 quiet_carrier
t=04314 quiet_carrier
t=04315 quiet_carrier
t=04316 quiet_carrier
t=04317 quiet_carrier
t=04318 quiet_carrier
t=04319 quiet_carrier
t=04320 alpha cadence one pseudo_periodic
t=04321 alpha cadence one pseudo_periodic
t=04322 alpha cadence one pseudo_periodic
t=04323 alpha cadence one pseudo_periodic
t=04324 alpha cadence one pseudo_periodic
t=04325 alpha cadence one pseudo_periodic
t=04326 alpha cadence one pseudo_periodic
t=04327 alpha cadence one pseudo_periodic
t=04328 alpha cadence one pseudo_periodic
t=04329 alpha cadence one pseudo_periodic
t=04330 alpha cadence one pseudo_periodic
t=04331 alpha cadence one pseudo_periodic
t=04332 alpha cadence one pseudo_periodic
t=04333 alpha cadence one pseudo_periodic
t=04334 alpha cadence one pseudo_periodic
t=04335 alpha cadence one pseudo_periodic
t=04336 alpha cadence one pseudo_periodic
t=04337 alpha cadence one pseudo_periodic
t=04338 alpha cadence one pseudo_periodic
t=04339 alpha cadence one pseudo_periodic
t=04340 beta cadence two pseudo_periodic
t=04341 beta cadence two pseudo_periodic
t=04342 beta cadence two pseudo_periodic
t=04343 beta cadence two pseudo_periodic
t=04344 beta cadence two pseudo_periodic
t=04345 beta cadence two pseudo_periodic
t=04346 beta cadence two pseudo_periodic
t=04347 beta cadence two pseudo_periodic
t=04348 beta cadence two pseudo_periodic
t=04349 beta cadence two pseudo_periodic
t=04350 beta cadence two pseudo_periodic
t=04351 beta cadence two pseudo_periodic
t=04352 beta cadence two pseudo_periodic
t=04353 beta cadence two pseudo_periodic
t=04354 beta cadence two pseudo_periodic
t=04355 beta cadence two pseudo_periodic
t=04356 beta cadence two pseudo_periodic
t=04357 beta cadence two pseudo_periodic
t=04358 beta cadence two pseudo_periodic
t=04359 beta cadence two pseudo_periodic
t=04360 gamma cadence three pseudo_periodic
t=04361 gamma cadence three pseudo_periodic
t=04362 gamma cadence three pseudo_periodic
t=04363 gamma cadence three pseudo_periodic
t=04364 gamma cadence three pseudo_periodic
t=04365 gamma cadence three pseudo_periodic
t=04366 gamma cadence three pseudo_periodic
t=04367 gamma cadence three pseudo_periodic
t=04368 gamma cadence three pseudo_periodic
t=04369 gamma cadence three pseudo_periodic
t=04370 gamma cadence three pseudo_periodic
t=04371 gamma cadence three pseudo_periodic
t=04372 gamma cadence three pseudo_periodic
t=04373 gamma cadence three pseudo_periodic
t=04374 gamma cadence three pseudo_periodic
t=04375 gamma cadence three pseudo_periodic
t=04376 gamma cadence three pseudo_periodic
t=04377 gamma cadence three pseudo_periodic
t=04378 gamma cadence three pseudo_periodic
t=04379 gamma cadence three pseudo_periodic
t=04380 delta cadence four pseudo_periodic
t=04381 delta cadence four pseudo_periodic
t=04382 delta cadence four pseudo_periodic
t=04383 delta cadence four pseudo_periodic
t=04384 delta cadence four pseudo_periodic
t=04385 delta cadence four pseudo_periodic
t=04386 delta cadence four pseudo_periodic
t=04387 delta cadence four pseudo_periodic
t=04388 delta cadence four pseudo_periodic
t=04389 delta cadence four pseudo_periodic
t=04390 delta cadence four pseudo_periodic
t=04391 delta cadence four pseudo_periodic
t=04392 delta cadence four pseudo_periodic
t=04393 delta cadence four pseudo_periodic
t=04394 delta cadence four pseudo_periodic
t=04395 delta cadence four pseudo_periodic
t=04396 delta cadence four pseudo_periodic
t=04397 delta cadence four pseudo_periodic
t=04398 delta cadence four pseudo_periodic
t=04399 delta cadence four pseudo_periodic
t=04400 quiet_carrier
t=04401 quiet_carrier
t=04402 quiet_carrier
t=04403 quiet_carrier
t=04404 quiet_carrier
t=04405 quiet_carrier
t=04406 quiet_carrier
t=04407 quiet_carrier
t=04408 quiet_carrier
t=04409 quiet_carrier
t=04410 quiet_carrier
t=04411 quiet_carrier
t=04412 quiet_carrier
t=04413 quiet_carrier
t=04414 quiet_carrier
t=04415 quiet_carrier
t=04416 quiet_carrier
t=04417 quiet_carrier
t=04418 quiet_carrier
t=04419 quiet_carrier
t=04420 quiet_carrier
t=04421 quiet_carrier
t=04422 quiet_carrier
t=04423 quiet_carrier
t=04424 quiet_carrier
t=04425 quiet_carrier
t=04426 quiet_carrier
t=04427 quiet_carrier
t=04428 quiet_carrier
t=04429 quiet_carrier
t=04430 quiet_carrier
t=04431 quiet_carrier
t=04432 quiet_carrier
t=04433 quiet_carrier
t=04434 quiet_carrier
t=04435 quiet_carrier
t=04436 quiet_carrier
t=04437 quiet_carrier
t=04438 quiet_carrier
t=04439 quiet_carrier
t=04440 gamma cadence three pseudo_periodic
t=04441 gamma cadence three pseudo_periodic
t=04442 gamma cadence three pseudo_periodic
t=04443 gamma cadence three pseudo_periodic
t=04444 gamma cadence three pseudo_periodic
t=04445 gamma cadence three pseudo_periodic
t=04446 gamma cadence three pseudo_periodic
t=04447 gamma cadence three pseudo_periodic
t=04448 gamma cadence three pseudo_periodic
t=04449 gamma cadence three pseudo_periodic
t=04450 gamma cadence three pseudo_periodic
t=04451 gamma cadence three pseudo_periodic
t=04452 gamma cadence three pseudo_periodic
t=04453 gamma cadence three pseudo_periodic
t=04454 gamma cadence three pseudo_periodic
t=04455 gamma cadence three pseudo_periodic
t=04456 gamma cadence three pseudo_periodic
t=04457 gamma cadence three pseudo_periodic
t=04458 gamma cadence three pseudo_periodic
t=04459 gamma cadence three pseudo_periodic
t=04460 delta cadence four pseudo_periodic
t=04461 delta cadence four pseudo_periodic
t=04462 delta cadence four pseudo_periodic
t=04463 delta cadence four pseudo_periodic
t=04464 delta cadence four pseudo_periodic
t=04465 delta cadence four pseudo_periodic
t=04466 delta cadence four pseudo_periodic
t=04467 delta cadence four pseudo_periodic
t=04468 delta cadence four pseudo_periodic
t=04469 delta cadence four pseudo_periodic
t=04470 delta cadence four pseudo_periodic
t=04471 delta cadence four pseudo_periodic
t=04472 delta cadence four pseudo_periodic
t=04473 delta cadence four pseudo_periodic
t=04474 delta cadence four pseudo_periodic
t=04475 delta cadence four pseudo_periodic
t=04476 delta cadence four pseudo_periodic
t=04477 delta cadence four pseudo_periodic
t=04478 delta cadence four pseudo_periodic
t=04479 delta cadence four pseudo_periodic
t=04480 alpha cadence one pseudo_periodic
t=04481 alpha cadence one pseudo_periodic
t=04482 alpha cadence one pseudo_periodic
t=04483 alpha cadence one pseudo_periodic
t=04484 alpha cadence one pseudo_periodic
t=04485 alpha cadence one pseudo_periodic
t=04486 alpha cadence one pseudo_periodic
t=04487 alpha cadence one pseudo_periodic
t=04488 alpha cadence one pseudo_periodic
t=04489 alpha cadence one pseudo_periodic
t=04490 alpha cadence one pseudo_periodic
t=04491 alpha cadence one pseudo_periodic
t=04492 alpha cadence one pseudo_periodic
t=04493 alpha cadence one pseudo_periodic
t=04494 alpha cadence one pseudo_periodic
t=04495 alpha cadence one pseudo_periodic
t=04496 alpha cadence one pseudo_periodic
t=04497 alpha cadence one pseudo_periodic
t=04498 alpha cadence one pseudo_periodic
t=04499 alpha cadence one pseudo_periodic
t=04500 beta cadence two pseudo_periodic
t=04501 gamma cadence three pseudo_periodic
t=04502 gamma cadence three pseudo_periodic
t=04503 gamma cadence three pseudo_periodic
t=04504 gamma cadence three pseudo_periodic
t=04505 gamma cadence three pseudo_periodic
t=04506 gamma cadence three pseudo_periodic
t=04507 gamma cadence three pseudo_periodic
t=04508 gamma cadence three pseudo_periodic
t=04509 gamma cadence three pseudo_periodic
t=04510 gamma cadence three pseudo_periodic
t=04511 gamma cadence three pseudo_periodic
t=04512 gamma cadence three pseudo_periodic
t=04513 gamma cadence three pseudo_periodic
t=04514 gamma cadence three pseudo_periodic
t=04515 gamma cadence three pseudo_periodic
t=04516 gamma cadence three pseudo_periodic
t=04517 gamma cadence three pseudo_periodic
t=04518 gamma cadence three pseudo_periodic
t=04519 gamma cadence three pseudo_periodic
t=04520 quiet_carrier
t=04521 quiet_carrier
t=04522 quiet_carrier
t=04523 quiet_carrier
t=04524 quiet_carrier
t=04525 quiet_carrier
t=04526 quiet_carrier
t=04527 quiet_carrier
t=04528 quiet_carrier
t=04529 quiet_carrier
t=04530 quiet_carrier
t=04531 quiet_carrier
t=04532 quiet_carrier
t=04533 quiet_carrier
t=04534 quiet_carrier
t=04535 quiet_carrier
t=04536 quiet_carrier
t=04537 quiet_carrier
t=04538 quiet_carrier
t=04539 quiet_carrier
t=04540 quiet_carrier
t=04541 quiet_carrier
t=04542 quiet_carrier
t=04543 quiet_carrier
t=04544 quiet_carrier
t=04545 quiet_carrier
t=04546 quiet_carrier
t=04547 quiet_carrier
t=04548 quiet_carrier
t=04549 quiet_carrier
t=04550 quiet_carrier
t=04551 quiet_carrier
t=04552 quiet_carrier
t=04553 quiet_carrier
t=04554 quiet_carrier
t=04555 quiet_carrier
t=04556 quiet_carrier
t=04557 quiet_carrier
t=04558 quiet_carrier
t=04559 quiet_carrier
t=04560 beta cadence two pseudo_periodic
t=04561 beta cadence two pseudo_periodic
t=04562 beta cadence two pseudo_periodic
t=04563 beta cadence two pseudo_periodic
t=04564 beta cadence two pseudo_periodic
t=04565 beta cadence two pseudo_periodic
t=04566 beta cadence two pseudo_periodic
t=04567 beta cadence two pseudo_periodic
t=04568 beta cadence two pseudo_periodic
t=04569 beta cadence two pseudo_periodic
t=04570 beta cadence two pseudo_periodic
t=04571 beta cadence two pseudo_periodic
t=04572 beta cadence two pseudo_periodic
t=04573 beta cadence two pseudo_periodic
t=04574 beta cadence two pseudo_periodic
t=04575 beta cadence two pseudo_periodic
t=04576 beta cadence two pseudo_periodic
t=04577 beta cadence two pseudo_periodic
t=04578 beta cadence two pseudo_periodic
t=04579 beta cadence two pseudo_periodic
t=04580 gamma cadence three pseudo_periodic
t=04581 gamma cadence three pseudo_periodic
t=04582 gamma cadence three pseudo_periodic
t=04583 gamma cadence three pseudo_periodic
t=04584 gamma cadence three pseudo_periodic
t=04585 gamma cadence three pseudo_periodic
t=04586 gamma cadence three pseudo_periodic
t=04587 gamma cadence three pseudo_periodic
t=04588 gamma cadence three pseudo_periodic
t=04589 gamma cadence three pseudo_periodic
t=04590 gamma cadence three pseudo_periodic
t=04591 gamma cadence three pseudo_periodic
t=04592 gamma cadence three pseudo_periodic
t=04593 gamma cadence three pseudo_periodic
t=04594 gamma cadence three pseudo_periodic
t=04595 gamma cadence three pseudo_periodic
t=04596 gamma cadence three pseudo_periodic
t=04597 gamma cadence three pseudo_periodic
t=04598 gamma cadence three pseudo_periodic
t=04599 gamma cadence three pseudo_periodic
t=04600 delta cadence four pseudo_periodic
t=04601 delta cadence four pseudo_periodic
t=04602 delta cadence four pseudo_periodic
t=04603 delta cadence four pseudo_periodic
t=04604 delta cadence four pseudo_periodic
t=04605 delta cadence four pseudo_periodic
t=04606 delta cadence four pseudo_periodic
t=04607 delta cadence four pseudo_periodic
t=04608 delta cadence four pseudo_periodic
t=04609 delta cadence four pseudo_periodic
t=04610 delta cadence four pseudo_periodic
t=04611 delta cadence four pseudo_periodic
t=04612 delta cadence four pseudo_periodic
t=04613 delta cadence four pseudo_periodic
t=04614 delta cadence four pseudo_periodic
t=04615 delta cadence four pseudo_periodic
t=04616 delta cadence four pseudo_periodic
t=04617 delta cadence four pseudo_periodic
t=04618 delta cadence four pseudo_periodic
t=04619 delta cadence four pseudo_periodic
t=04620 alpha cadence one pseudo_periodic
t=04621 alpha cadence one pseudo_periodic
t=04622 alpha cadence one pseudo_periodic
t=04623 alpha cadence one pseudo_periodic
t=04624 alpha cadence one pseudo_periodic
t=04625 alpha cadence one pseudo_periodic
t=04626 alpha cadence one pseudo_periodic
t=04627 alpha cadence one pseudo_periodic
t=04628 alpha cadence one pseudo_periodic
t=04629 alpha cadence one pseudo_periodic
t=04630 alpha cadence one pseudo_periodic
t=04631 alpha cadence one pseudo_periodic
t=04632 alpha cadence one pseudo_periodic
t=04633 alpha cadence one pseudo_periodic
t=04634 alpha cadence one pseudo_periodic
t=04635 alpha cadence one pseudo_periodic
t=04636 alpha cadence one pseudo_periodic
t=04637 alpha cadence one pseudo_periodic
t=04638 alpha cadence one pseudo_periodic
t=04639 alpha cadence one pseudo_periodic
t=04640 quiet_carrier
t=04641 quiet_carrier
t=04642 quiet_carrier
t=04643 quiet_carrier
t=04644 quiet_carrier
t=04645 quiet_carrier
t=04646 quiet_carrier
t=04647 quiet_carrier
t=04648 quiet_carrier
t=04649 quiet_carrier
t=04650 quiet_carrier
t=04651 quiet_carrier
t=04652 quiet_carrier
t=04653 quiet_carrier
t=04654 quiet_carrier
t=04655 quiet_carrier
t=04656 quiet_carrier
t=04657 quiet_carrier
t=04658 quiet_carrier
t=04659 quiet_carrier
t=04660 quiet_carrier
t=04661 quiet_carrier
t=04662 quiet_carrier
t=04663 quiet_carrier
t=04664 quiet_carrier
t=04665 quiet_carrier
t=04666 quiet_carrier
t=04667 quiet_carrier
t=04668 quiet_carrier
t=04669 quiet_carrier
t=04670 quiet_carrier
t=04671 quiet_carrier
t=04672 quiet_carrier
t=04673 quiet_carrier
t=04674 quiet_carrier
t=04675 quiet_carrier
t=04676 quiet_carrier
t=04677 quiet_carrier
t=04678 quiet_carrier
t=04679 quiet_carrier
t=04680 delta cadence four pseudo_periodic
t=04681 delta cadence four pseudo_periodic
t=04682 delta cadence four pseudo_periodic
t=04683 delta cadence four pseudo_periodic
t=04684 delta cadence four pseudo_periodic
t=04685 delta cadence four pseudo_periodic
t=04686 delta cadence four pseudo_periodic
t=04687 delta cadence four pseudo_periodic
t=04688 delta cadence four pseudo_periodic
t=04689 delta cadence four pseudo_periodic
t=04690 delta cadence four pseudo_periodic
t=04691 delta cadence four pseudo_periodic
t=04692 delta cadence four pseudo_periodic
t=04693 delta cadence four pseudo_periodic
t=04694 delta cadence four pseudo_periodic
t=04695 delta cadence four pseudo_periodic
t=04696 delta cadence four pseudo_periodic
t=04697 delta cadence four pseudo_periodic
t=04698 delta cadence four pseudo_periodic
t=04699 delta cadence four pseudo_periodic
t=04700 alpha cadence one pseudo_periodic
t=04701 alpha cadence one pseudo_periodic
t=04702 alpha cadence one pseudo_periodic
t=04703 alpha cadence one pseudo_periodic
t=04704 alpha cadence one pseudo_periodic
t=04705 alpha cadence one pseudo_periodic
t=04706 alpha cadence one pseudo_periodic
t=04707 alpha cadence one pseudo_periodic
t=04708 alpha cadence one pseudo_periodic
t=04709 alpha cadence one pseudo_periodic
t=04710 alpha cadence one pseudo_periodic
t=04711 alpha cadence one pseudo_periodic
t=04712 alpha cadence one pseudo_periodic
t=04713 alpha cadence one pseudo_periodic
t=04714 alpha cadence one pseudo_periodic
t=04715 alpha cadence one pseudo_periodic
t=04716 alpha cadence one pseudo_periodic
t=04717 alpha cadence one pseudo_periodic
t=04718 alpha cadence one pseudo_periodic
t=04719 alpha cadence one pseudo_periodic
t=04720 beta cadence two pseudo_periodic
t=04721 beta cadence two pseudo_periodic
t=04722 beta cadence two pseudo_periodic
t=04723 beta cadence two pseudo_periodic
t=04724 beta cadence two pseudo_periodic
t=04725 beta cadence two pseudo_periodic
t=04726 beta cadence two pseudo_periodic
t=04727 beta cadence two pseudo_periodic
t=04728 beta cadence two pseudo_periodic
t=04729 beta cadence two pseudo_periodic
t=04730 beta cadence two pseudo_periodic
t=04731 beta cadence two pseudo_periodic
t=04732 beta cadence two pseudo_periodic
t=04733 beta cadence two pseudo_periodic
t=04734 beta cadence two pseudo_periodic
t=04735 beta cadence two pseudo_periodic
t=04736 beta cadence two pseudo_periodic
t=04737 beta cadence two pseudo_periodic
t=04738 beta cadence two pseudo_periodic
t=04739 beta cadence two pseudo_periodic
t=04740 gamma cadence three pseudo_periodic
t=04741 gamma cadence three pseudo_periodic
t=04742 gamma cadence three pseudo_periodic
t=04743 gamma cadence three pseudo_periodic
t=04744 gamma cadence three pseudo_periodic
t=04745 gamma cadence three pseudo_periodic
t=04746 gamma cadence three pseudo_periodic
t=04747 gamma cadence three pseudo_periodic
t=04748 gamma cadence three pseudo_periodic
t=04749 gamma cadence three pseudo_periodic
t=04750 gamma cadence three pseudo_periodic
t=04751 gamma cadence three pseudo_periodic
t=04752 gamma cadence three pseudo_periodic
t=04753 gamma cadence three pseudo_periodic
t=04754 gamma cadence three pseudo_periodic
t=04755 gamma cadence three pseudo_periodic
t=04756 gamma cadence three pseudo_periodic
t=04757 gamma cadence three pseudo_periodic
t=04758 gamma cadence three pseudo_periodic
t=04759 gamma cadence three pseudo_periodic
t=04760 alpha cadence one cadence_interruption
t=04761 alpha cadence one cadence_interruption
t=04762 beta cadence two cadence_interruption
t=04763 alpha cadence one cadence_interruption
t=04764 delta cadence four cadence_interruption
t=04765 beta cadence two cadence_interruption
t=04766 alpha cadence one cadence_interruption
t=04767 alpha cadence one cadence_interruption
t=04768 delta cadence four cadence_interruption
t=04769 beta cadence two cadence_interruption
t=04770 quiet_carrier
t=04771 quiet_carrier
t=04772 quiet_carrier
t=04773 quiet_carrier
t=04774 quiet_carrier
t=04775 quiet_carrier
t=04776 quiet_carrier
t=04777 quiet_carrier
t=04778 quiet_carrier
t=04779 quiet_carrier
t=04780 quiet_carrier
t=04781 quiet_carrier
t=04782 quiet_carrier
t=04783 quiet_carrier
t=04784 quiet_carrier
t=04785 quiet_carrier
t=04786 quiet_carrier
t=04787 quiet_carrier
t=04788 quiet_carrier
t=04789 quiet_carrier
t=04790 quiet_carrier
t=04791 quiet_carrier
t=04792 quiet_carrier
t=04793 quiet_carrier
t=04794 quiet_carrier
t=04795 quiet_carrier
t=04796 quiet_carrier
t=04797 quiet_carrier
t=04798 quiet_carrier
t=04799 quiet_carrier
t=04800 delta cadence four delayed_phase_echo
t=04801 delta cadence four delayed_phase_echo
t=04802 delta cadence four delayed_phase_echo
t=04803 delta cadence four delayed_phase_echo
t=04804 delta cadence four delayed_phase_echo
t=04805 delta cadence four delayed_phase_echo
t=04806 delta cadence four delayed_phase_echo
t=04807 delta cadence four delayed_phase_echo
t=04808 delta cadence four delayed_phase_echo
t=04809 delta cadence four delayed_phase_echo
t=04810 delta cadence four delayed_phase_echo
t=04811 delta cadence four delayed_phase_echo
t=04812 delta cadence four delayed_phase_echo
t=04813 delta cadence four delayed_phase_echo
t=04814 delta cadence four delayed_phase_echo
t=04815 delta cadence four delayed_phase_echo
t=04816 delta cadence four delayed_phase_echo
t=04817 delta cadence four delayed_phase_echo
t=04818 delta cadence four delayed_phase_echo
t=04819 delta cadence four delayed_phase_echo
t=04820 delta cadence four delayed_phase_echo
t=04821 delta cadence four delayed_phase_echo
t=04822 delta cadence four delayed_phase_echo
t=04823 delta cadence four delayed_phase_echo
t=04824 delta cadence four delayed_phase_echo
t=04825 alpha cadence one delayed_phase_echo
t=04826 alpha cadence one delayed_phase_echo
t=04827 alpha cadence one delayed_phase_echo
t=04828 alpha cadence one delayed_phase_echo
t=04829 alpha cadence one delayed_phase_echo
t=04830 alpha cadence one delayed_phase_echo
t=04831 alpha cadence one delayed_phase_echo
t=04832 alpha cadence one delayed_phase_echo
t=04833 alpha cadence one delayed_phase_echo
t=04834 alpha cadence one delayed_phase_echo
t=04835 alpha cadence one delayed_phase_echo
t=04836 alpha cadence one delayed_phase_echo
t=04837 alpha cadence one delayed_phase_echo
t=04838 alpha cadence one delayed_phase_echo
t=04839 alpha cadence one delayed_phase_echo
t=04840 alpha cadence one delayed_phase_echo
t=04841 alpha cadence one delayed_phase_echo
t=04842 alpha cadence one delayed_phase_echo
t=04843 alpha cadence one delayed_phase_echo
t=04844 alpha cadence one delayed_phase_echo
t=04845 alpha cadence one delayed_phase_echo
t=04846 alpha cadence one delayed_phase_echo
t=04847 alpha cadence one delayed_phase_echo
t=04848 alpha cadence one delayed_phase_echo
t=04849 alpha cadence one delayed_phase_echo
t=04850 beta cadence two delayed_phase_echo
t=04851 beta cadence two delayed_phase_echo
t=04852 beta cadence two delayed_phase_echo
t=04853 beta cadence two delayed_phase_echo
t=04854 beta cadence two delayed_phase_echo
t=04855 beta cadence two delayed_phase_echo
t=04856 beta cadence two delayed_phase_echo
t=04857 beta cadence two delayed_phase_echo
t=04858 beta cadence two delayed_phase_echo
t=04859 beta cadence two delayed_phase_echo
t=04860 beta cadence two delayed_phase_echo
t=04861 beta cadence two delayed_phase_echo
t=04862 beta cadence two delayed_phase_echo
t=04863 beta cadence two delayed_phase_echo
t=04864 beta cadence two delayed_phase_echo
t=04865 beta cadence two delayed_phase_echo
t=04866 beta cadence two delayed_phase_echo
t=04867 beta cadence two delayed_phase_echo
t=04868 beta cadence two delayed_phase_echo
t=04869 beta cadence two delayed_phase_echo
t=04870 beta cadence two delayed_phase_echo
t=04871 beta cadence two delayed_phase_echo
t=04872 beta cadence two delayed_phase_echo
t=04873 beta cadence two delayed_phase_echo
t=04874 beta cadence two delayed_phase_echo
t=04875 gamma cadence three delayed_phase_echo
t=04876 gamma cadence three delayed_phase_echo
t=04877 gamma cadence three delayed_phase_echo
t=04878 gamma cadence three delayed_phase_echo
t=04879 gamma cadence three delayed_phase_echo
t=04880 quiet_carrier
t=04881 quiet_carrier
t=04882 quiet_carrier
t=04883 quiet_carrier
t=04884 quiet_carrier
t=04885 quiet_carrier
t=04886 quiet_carrier
t=04887 quiet_carrier
t=04888 quiet_carrier
t=04889 quiet_carrier
t=04890 quiet_carrier
t=04891 quiet_carrier
t=04892 quiet_carrier
t=04893 quiet_carrier
t=04894 quiet_carrier
t=04895 quiet_carrier
t=04896 quiet_carrier
t=04897 quiet_carrier
t=04898 quiet_carrier
t=04899 quiet_carrier
t=04900 quiet_carrier
t=04901 quiet_carrier
t=04902 quiet_carrier
t=04903 quiet_carrier
t=04904 quiet_carrier
t=04905 quiet_carrier
t=04906 quiet_carrier
t=04907 quiet_carrier
t=04908 quiet_carrier
t=04909 quiet_carrier
t=04910 quiet_carrier
t=04911 quiet_carrier
t=04912 quiet_carrier
t=04913 quiet_carrier
t=04914 quiet_carrier
t=04915 quiet_carrier
t=04916 quiet_carrier
t=04917 quiet_carrier
t=04918 quiet_carrier
t=04919 quiet_carrier
t=04920 delta cadence four pseudo_periodic
t=04921 delta cadence four pseudo_periodic
t=04922 delta cadence four pseudo_periodic
t=04923 delta cadence four pseudo_periodic
t=04924 delta cadence four pseudo_periodic
t=04925 delta cadence four pseudo_periodic
t=04926 delta cadence four pseudo_periodic
t=04927 delta cadence four pseudo_periodic
t=04928 delta cadence four pseudo_periodic
t=04929 delta cadence four pseudo_periodic
t=04930 delta cadence four pseudo_periodic
t=04931 delta cadence four pseudo_periodic
t=04932 delta cadence four pseudo_periodic
t=04933 delta cadence four pseudo_periodic
t=04934 delta cadence four pseudo_periodic
t=04935 delta cadence four pseudo_periodic
t=04936 delta cadence four pseudo_periodic
t=04937 delta cadence four pseudo_periodic
t=04938 delta cadence four pseudo_periodic
t=04939 delta cadence four pseudo_periodic
t=04940 alpha cadence one pseudo_periodic
t=04941 alpha cadence one pseudo_periodic
t=04942 alpha cadence one pseudo_periodic
t=04943 alpha cadence one pseudo_periodic
t=04944 alpha cadence one pseudo_periodic
t=04945 alpha cadence one pseudo_periodic
t=04946 alpha cadence one pseudo_periodic
t=04947 alpha cadence one pseudo_periodic
t=04948 alpha cadence one pseudo_periodic
t=04949 alpha cadence one pseudo_periodic
t=04950 alpha cadence one pseudo_periodic
t=04951 alpha cadence one pseudo_periodic
t=04952 alpha cadence one pseudo_periodic
t=04953 alpha cadence one pseudo_periodic
t=04954 alpha cadence one pseudo_periodic
t=04955 alpha cadence one pseudo_periodic
t=04956 alpha cadence one pseudo_periodic
t=04957 alpha cadence one pseudo_periodic
t=04958 alpha cadence one pseudo_periodic
t=04959 alpha cadence one pseudo_periodic
t=04960 beta cadence two pseudo_periodic
t=04961 beta cadence two pseudo_periodic
t=04962 beta cadence two pseudo_periodic
t=04963 beta cadence two pseudo_periodic
t=04964 beta cadence two pseudo_periodic
t=04965 beta cadence two pseudo_periodic
t=04966 beta cadence two pseudo_periodic
t=04967 beta cadence two pseudo_periodic
t=04968 beta cadence two pseudo_periodic
t=04969 beta cadence two pseudo_periodic
t=04970 beta cadence two pseudo_periodic
t=04971 beta cadence two pseudo_periodic
t=04972 beta cadence two pseudo_periodic
t=04973 beta cadence two pseudo_periodic
t=04974 beta cadence two pseudo_periodic
t=04975 beta cadence two pseudo_periodic
t=04976 beta cadence two pseudo_periodic
t=04977 beta cadence two pseudo_periodic
t=04978 beta cadence two pseudo_periodic
t=04979 beta cadence two pseudo_periodic
t=04980 gamma cadence three pseudo_periodic
t=04981 gamma cadence three pseudo_periodic
t=04982 gamma cadence three pseudo_periodic
t=04983 gamma cadence three pseudo_periodic
t=04984 gamma cadence three pseudo_periodic
t=04985 gamma cadence three pseudo_periodic
t=04986 gamma cadence three pseudo_periodic
t=04987 gamma cadence three pseudo_periodic
t=04988 gamma cadence three pseudo_periodic
t=04989 gamma cadence three pseudo_periodic
t=04990 gamma cadence three pseudo_periodic
t=04991 gamma cadence three pseudo_periodic
t=04992 gamma cadence three pseudo_periodic
t=04993 gamma cadence three pseudo_periodic
t=04994 gamma cadence three pseudo_periodic
t=04995 gamma cadence three pseudo_periodic
t=04996 gamma cadence three pseudo_periodic
t=04997 gamma cadence three pseudo_periodic
t=04998 gamma cadence three pseudo_periodic
t=04999 gamma cadence three pseudo_periodic
t=05000 quiet_carrier
t=05001 quiet_carrier
t=05002 quiet_carrier
t=05003 quiet_carrier
t=05004 quiet_carrier
t=05005 quiet_carrier
t=05006 quiet_carrier
t=05007 quiet_carrier
t=05008 quiet_carrier
t=05009 quiet_carrier
t=05010 quiet_carrier
t=05011 quiet_carrier
t=05012 quiet_carrier
t=05013 quiet_carrier
t=05014 quiet_carrier
t=05015 quiet_carrier
t=05016 quiet_carrier
t=05017 quiet_carrier
t=05018 quiet_carrier
t=05019 quiet_carrier
t=05020 quiet_carrier
t=05021 quiet_carrier
t=05022 quiet_carrier
t=05023 quiet_carrier
t=05024 quiet_carrier
t=05025 quiet_carrier
t=05026 quiet_carrier
t=05027 quiet_carrier
t=05028 quiet_carrier
t=05029 quiet_carrier
t=05030 quiet_carrier
t=05031 quiet_carrier
t=05032 quiet_carrier
t=05033 quiet_carrier
t=05034 quiet_carrier
t=05035 quiet_carrier
t=05036 quiet_carrier
t=05037 quiet_carrier
t=05038 quiet_carrier
t=05039 quiet_carrier
t=05040 beta cadence two pseudo_periodic
t=05041 beta cadence two pseudo_periodic
t=05042 beta cadence two pseudo_periodic
t=05043 beta cadence two pseudo_periodic
t=05044 beta cadence two pseudo_periodic
t=05045 beta cadence two pseudo_periodic
t=05046 beta cadence two pseudo_periodic
t=05047 beta cadence two pseudo_periodic
t=05048 beta cadence two pseudo_periodic
t=05049 beta cadence two pseudo_periodic
t=05050 beta cadence two pseudo_periodic
t=05051 beta cadence two pseudo_periodic
t=05052 beta cadence two pseudo_periodic
t=05053 beta cadence two pseudo_periodic
t=05054 beta cadence two pseudo_periodic
t=05055 beta cadence two pseudo_periodic
t=05056 beta cadence two pseudo_periodic
t=05057 beta cadence two pseudo_periodic
t=05058 beta cadence two pseudo_periodic
t=05059 beta cadence two pseudo_periodic
t=05060 gamma cadence three pseudo_periodic
t=05061 gamma cadence three pseudo_periodic
t=05062 gamma cadence three pseudo_periodic
t=05063 gamma cadence three pseudo_periodic
t=05064 gamma cadence three pseudo_periodic
t=05065 gamma cadence three pseudo_periodic
t=05066 gamma cadence three pseudo_periodic
t=05067 gamma cadence three pseudo_periodic
t=05068 gamma cadence three pseudo_periodic
t=05069 gamma cadence three pseudo_periodic
t=05070 gamma cadence three pseudo_periodic
t=05071 gamma cadence three pseudo_periodic
t=05072 gamma cadence three pseudo_periodic
t=05073 gamma cadence three pseudo_periodic
t=05074 gamma cadence three pseudo_periodic
t=05075 gamma cadence three pseudo_periodic
t=05076 gamma cadence three pseudo_periodic
t=05077 gamma cadence three pseudo_periodic
t=05078 gamma cadence three pseudo_periodic
t=05079 gamma cadence three pseudo_periodic
t=05080 delta cadence four pseudo_periodic
t=05081 delta cadence four pseudo_periodic
t=05082 delta cadence four pseudo_periodic
t=05083 delta cadence four pseudo_periodic
t=05084 delta cadence four pseudo_periodic
t=05085 delta cadence four pseudo_periodic
t=05086 delta cadence four pseudo_periodic
t=05087 delta cadence four pseudo_periodic
t=05088 delta cadence four pseudo_periodic
t=05089 delta cadence four pseudo_periodic
t=05090 delta cadence four pseudo_periodic
t=05091 delta cadence four pseudo_periodic
t=05092 delta cadence four pseudo_periodic
t=05093 delta cadence four pseudo_periodic
t=05094 delta cadence four pseudo_periodic
t=05095 delta cadence four pseudo_periodic
t=05096 delta cadence four pseudo_periodic
t=05097 delta cadence four pseudo_periodic
t=05098 delta cadence four pseudo_periodic
t=05099 delta cadence four pseudo_periodic
t=05100 alpha cadence one pseudo_periodic
t=05101 alpha cadence one pseudo_periodic
t=05102 alpha cadence one pseudo_periodic
t=05103 alpha cadence one pseudo_periodic
t=05104 alpha cadence one pseudo_periodic
t=05105 alpha cadence one pseudo_periodic
t=05106 alpha cadence one pseudo_periodic
t=05107 alpha cadence one pseudo_periodic
t=05108 alpha cadence one pseudo_periodic
t=05109 alpha cadence one pseudo_periodic
t=05110 alpha cadence one pseudo_periodic
t=05111 alpha cadence one pseudo_periodic
t=05112 alpha cadence one pseudo_periodic
t=05113 alpha cadence one pseudo_periodic
t=05114 alpha cadence one pseudo_periodic
t=05115 alpha cadence one pseudo_periodic
t=05116 alpha cadence one pseudo_periodic
t=05117 alpha cadence one pseudo_periodic
t=05118 alpha cadence one pseudo_periodic
t=05119 alpha cadence one pseudo_periodic
t=05120 quiet_carrier
t=05121 quiet_carrier
t=05122 quiet_carrier
t=05123 quiet_carrier
t=05124 quiet_carrier
t=05125 quiet_carrier
t=05126 quiet_carrier
t=05127 quiet_carrier
t=05128 quiet_carrier
t=05129 quiet_carrier
t=05130 quiet_carrier
t=05131 quiet_carrier
t=05132 quiet_carrier
t=05133 quiet_carrier
t=05134 quiet_carrier
t=05135 quiet_carrier
t=05136 quiet_carrier
t=05137 quiet_carrier
t=05138 quiet_carrier
t=05139 quiet_carrier
t=05140 quiet_carrier
t=05141 quiet_carrier
t=05142 quiet_carrier
t=05143 quiet_carrier
t=05144 quiet_carrier
t=05145 quiet_carrier
t=05146 quiet_carrier
t=05147 quiet_carrier
t=05148 quiet_carrier
t=05149 quiet_carrier
t=05150 quiet_carrier
t=05151 quiet_carrier
t=05152 quiet_carrier
t=05153 quiet_carrier
t=05154 quiet_carrier
t=05155 quiet_carrier
t=05156 quiet_carrier
t=05157 quiet_carrier
t=05158 quiet_carrier
t=05159 quiet_carrier
t=05160 delta cadence four pseudo_periodic
t=05161 delta cadence four pseudo_periodic
t=05162 delta cadence four pseudo_periodic
t=05163 delta cadence four pseudo_periodic
t=05164 delta cadence four pseudo_periodic
t=05165 delta cadence four pseudo_periodic
t=05166 delta cadence four pseudo_periodic
t=05167 delta cadence four pseudo_periodic
t=05168 delta cadence four pseudo_periodic
t=05169 delta cadence four pseudo_periodic
t=05170 delta cadence four pseudo_periodic
t=05171 delta cadence four pseudo_periodic
t=05172 delta cadence four pseudo_periodic
t=05173 delta cadence four pseudo_periodic
t=05174 delta cadence four pseudo_periodic
t=05175 delta cadence four pseudo_periodic
t=05176 delta cadence four pseudo_periodic
t=05177 delta cadence four pseudo_periodic
t=05178 delta cadence four pseudo_periodic
t=05179 delta cadence four pseudo_periodic
t=05180 alpha cadence one pseudo_periodic
t=05181 alpha cadence one pseudo_periodic
t=05182 alpha cadence one pseudo_periodic
t=05183 alpha cadence one pseudo_periodic
t=05184 alpha cadence one pseudo_periodic
t=05185 alpha cadence one pseudo_periodic
t=05186 alpha cadence one pseudo_periodic
t=05187 alpha cadence one pseudo_periodic
t=05188 alpha cadence one pseudo_periodic
t=05189 alpha cadence one pseudo_periodic
t=05190 alpha cadence one pseudo_periodic
t=05191 alpha cadence one pseudo_periodic
t=05192 alpha cadence one pseudo_periodic
t=05193 alpha cadence one pseudo_periodic
t=05194 alpha cadence one pseudo_periodic
t=05195 alpha cadence one pseudo_periodic
t=05196 alpha cadence one pseudo_periodic
t=05197 alpha cadence one pseudo_periodic
t=05198 alpha cadence one pseudo_periodic
t=05199 alpha cadence one pseudo_periodic
t=05200 beta cadence two pseudo_periodic
t=05201 beta cadence two pseudo_periodic
t=05202 beta cadence two pseudo_periodic
t=05203 beta cadence two pseudo_periodic
t=05204 beta cadence two pseudo_periodic
t=05205 beta cadence two pseudo_periodic
t=05206 beta cadence two pseudo_periodic
t=05207 beta cadence two pseudo_periodic
t=05208 beta cadence two pseudo_periodic
t=05209 beta cadence two pseudo_periodic
t=05210 beta cadence two pseudo_periodic
t=05211 beta cadence two pseudo_periodic
t=05212 beta cadence two pseudo_periodic
t=05213 beta cadence two pseudo_periodic
t=05214 beta cadence two pseudo_periodic
t=05215 beta cadence two pseudo_periodic
t=05216 beta cadence two pseudo_periodic
t=05217 beta cadence two pseudo_periodic
t=05218 beta cadence two pseudo_periodic
t=05219 beta cadence two pseudo_periodic
t=05220 gamma cadence three pseudo_periodic
t=05221 gamma cadence three pseudo_periodic
t=05222 gamma cadence three pseudo_periodic
t=05223 gamma cadence three pseudo_periodic
t=05224 gamma cadence three pseudo_periodic
t=05225 gamma cadence three pseudo_periodic
t=05226 gamma cadence three pseudo_periodic
t=05227 gamma cadence three pseudo_periodic
t=05228 gamma cadence three pseudo_periodic
t=05229 gamma cadence three pseudo_periodic
t=05230 gamma cadence three pseudo_periodic
t=05231 gamma cadence three pseudo_periodic
t=05232 gamma cadence three pseudo_periodic
t=05233 gamma cadence three pseudo_periodic
t=05234 gamma cadence three pseudo_periodic
t=05235 gamma cadence three pseudo_periodic
t=05236 gamma cadence three pseudo_periodic
t=05237 gamma cadence three pseudo_periodic
t=05238 gamma cadence three pseudo_periodic
t=05239 gamma cadence three pseudo_periodic
t=05240 quiet_carrier
t=05241 quiet_carrier
t=05242 quiet_carrier
t=05243 quiet_carrier
t=05244 quiet_carrier
t=05245 quiet_carrier
t=05246 quiet_carrier
t=05247 quiet_carrier
t=05248 quiet_carrier
t=05249 quiet_carrier
t=05250 quiet_carrier
t=05251 quiet_carrier
t=05252 quiet_carrier
t=05253 quiet_carrier
t=05254 quiet_carrier
t=05255 quiet_carrier
t=05256 quiet_carrier
t=05257 quiet_carrier
t=05258 quiet_carrier
t=05259 quiet_carrier
t=05260 quiet_carrier
t=05261 quiet_carrier
t=05262 quiet_carrier
t=05263 quiet_carrier
t=05264 quiet_carrier
t=05265 quiet_carrier
t=05266 quiet_carrier
t=05267 quiet_carrier
t=05268 quiet_carrier
t=05269 quiet_carrier
t=05270 quiet_carrier
t=05271 quiet_carrier
t=05272 quiet_carrier
t=05273 quiet_carrier
t=05274 quiet_carrier
t=05275 quiet_carrier
t=05276 quiet_carrier
t=05277 quiet_carrier
t=05278 quiet_carrier
t=05279 quiet_carrier
t=05280 beta cadence two pseudo_periodic
t=05281 beta cadence two pseudo_periodic
t=05282 beta cadence two pseudo_periodic
t=05283 beta cadence two pseudo_periodic
t=05284 beta cadence two pseudo_periodic
t=05285 beta cadence two pseudo_periodic
t=05286 beta cadence two pseudo_periodic
t=05287 beta cadence two pseudo_periodic
t=05288 beta cadence two pseudo_periodic
t=05289 beta cadence two pseudo_periodic
t=05290 beta cadence two pseudo_periodic
t=05291 beta cadence two pseudo_periodic
t=05292 beta cadence two pseudo_periodic
t=05293 beta cadence two pseudo_periodic
t=05294 beta cadence two pseudo_periodic
t=05295 beta cadence two pseudo_periodic
t=05296 beta cadence two pseudo_periodic
t=05297 beta cadence two pseudo_periodic
t=05298 beta cadence two pseudo_periodic
t=05299 beta cadence two pseudo_periodic
t=05300 gamma cadence three pseudo_periodic
t=05301 gamma cadence three pseudo_periodic
t=05302 gamma cadence three pseudo_periodic
t=05303 gamma cadence three pseudo_periodic
t=05304 gamma cadence three pseudo_periodic
t=05305 gamma cadence three pseudo_periodic
t=05306 gamma cadence three pseudo_periodic
t=05307 gamma cadence three pseudo_periodic
t=05308 gamma cadence three pseudo_periodic
t=05309 gamma cadence three pseudo_periodic
t=05310 gamma cadence three pseudo_periodic
t=05311 gamma cadence three pseudo_periodic
t=05312 gamma cadence three pseudo_periodic
t=05313 gamma cadence three pseudo_periodic
t=05314 gamma cadence three pseudo_periodic
t=05315 gamma cadence three pseudo_periodic
t=05316 gamma cadence three pseudo_periodic
t=05317 gamma cadence three pseudo_periodic
t=05318 gamma cadence three pseudo_periodic
t=05319 gamma cadence three pseudo_periodic
t=05320 delta cadence four pseudo_periodic
t=05321 delta cadence four pseudo_periodic
t=05322 delta cadence four pseudo_periodic
t=05323 delta cadence four pseudo_periodic
t=05324 delta cadence four pseudo_periodic
t=05325 delta cadence four pseudo_periodic
t=05326 delta cadence four pseudo_periodic
t=05327 delta cadence four pseudo_periodic
t=05328 delta cadence four pseudo_periodic
t=05329 delta cadence four pseudo_periodic
t=05330 delta cadence four pseudo_periodic
t=05331 delta cadence four pseudo_periodic
t=05332 delta cadence four pseudo_periodic
t=05333 delta cadence four pseudo_periodic
t=05334 delta cadence four pseudo_periodic
t=05335 delta cadence four pseudo_periodic
t=05336 delta cadence four pseudo_periodic
t=05337 delta cadence four pseudo_periodic
t=05338 delta cadence four pseudo_periodic
t=05339 delta cadence four pseudo_periodic
t=05340 alpha cadence one pseudo_periodic
t=05341 alpha cadence one pseudo_periodic
t=05342 alpha cadence one pseudo_periodic
t=05343 alpha cadence one pseudo_periodic
t=05344 alpha cadence one pseudo_periodic
t=05345 alpha cadence one pseudo_periodic
t=05346 alpha cadence one pseudo_periodic
t=05347 alpha cadence one pseudo_periodic
t=05348 alpha cadence one pseudo_periodic
t=05349 alpha cadence one pseudo_periodic
t=05350 alpha cadence one pseudo_periodic
t=05351 alpha cadence one pseudo_periodic
t=05352 alpha cadence one pseudo_periodic
t=05353 alpha cadence one pseudo_periodic
t=05354 alpha cadence one pseudo_periodic
t=05355 alpha cadence one pseudo_periodic
t=05356 alpha cadence one pseudo_periodic
t=05357 alpha cadence one pseudo_periodic
t=05358 alpha cadence one pseudo_periodic
t=05359 alpha cadence one pseudo_periodic
t=05360 quiet_carrier
t=05361 quiet_carrier
t=05362 quiet_carrier
t=05363 quiet_carrier
t=05364 quiet_carrier
t=05365 quiet_carrier
t=05366 quiet_carrier
t=05367 quiet_carrier
t=05368 quiet_carrier
t=05369 quiet_carrier
t=05370 quiet_carrier
t=05371 quiet_carrier
t=05372 quiet_carrier
t=05373 quiet_carrier
t=05374 quiet_carrier
t=05375 quiet_carrier
t=05376 quiet_carrier
t=05377 quiet_carrier
t=05378 quiet_carrier
t=05379 quiet_carrier
t=05380 quiet_carrier
t=05381 quiet_carrier
t=05382 quiet_carrier
t=05383 quiet_carrier
t=05384 quiet_carrier
t=05385 quiet_carrier
t=05386 quiet_carrier
t=05387 quiet_carrier
t=05388 quiet_carrier
t=05389 quiet_carrier
t=05390 quiet_carrier
t=05391 quiet_carrier
t=05392 quiet_carrier
t=05393 quiet_carrier
t=05394 quiet_carrier
t=05395 quiet_carrier
t=05396 quiet_carrier
t=05397 quiet_carrier
t=05398 quiet_carrier
t=05399 quiet_carrier
t=05400 delta cadence four pseudo_periodic
t=05401 alpha cadence one pseudo_periodic
t=05402 alpha cadence one pseudo_periodic
t=05403 alpha cadence one pseudo_periodic
t=05404 alpha cadence one pseudo_periodic
t=05405 alpha cadence one pseudo_periodic
t=05406 alpha cadence one pseudo_periodic
t=05407 alpha cadence one pseudo_periodic
t=05408 alpha cadence one pseudo_periodic
t=05409 alpha cadence one pseudo_periodic
t=05410 alpha cadence one pseudo_periodic
t=05411 alpha cadence one pseudo_periodic
t=05412 alpha cadence one pseudo_periodic
t=05413 alpha cadence one pseudo_periodic
t=05414 alpha cadence one pseudo_periodic
t=05415 alpha cadence one pseudo_periodic
t=05416 alpha cadence one pseudo_periodic
t=05417 alpha cadence one pseudo_periodic
t=05418 alpha cadence one pseudo_periodic
t=05419 alpha cadence one pseudo_periodic
t=05420 beta cadence two pseudo_periodic
t=05421 beta cadence two pseudo_periodic
t=05422 beta cadence two pseudo_periodic
t=05423 beta cadence two pseudo_periodic
t=05424 beta cadence two pseudo_periodic
t=05425 beta cadence two pseudo_periodic
t=05426 beta cadence two pseudo_periodic
t=05427 beta cadence two pseudo_periodic
t=05428 beta cadence two pseudo_periodic
t=05429 beta cadence two pseudo_periodic
t=05430 beta cadence two pseudo_periodic
t=05431 beta cadence two pseudo_periodic
t=05432 beta cadence two pseudo_periodic
t=05433 beta cadence two pseudo_periodic
t=05434 beta cadence two pseudo_periodic
t=05435 beta cadence two pseudo_periodic
t=05436 beta cadence two pseudo_periodic
t=05437 beta cadence two pseudo_periodic
t=05438 beta cadence two pseudo_periodic
t=05439 beta cadence two pseudo_periodic
t=05440 gamma cadence three pseudo_periodic
t=05441 gamma cadence three pseudo_periodic
t=05442 gamma cadence three pseudo_periodic
t=05443 gamma cadence three pseudo_periodic
t=05444 gamma cadence three pseudo_periodic
t=05445 gamma cadence three pseudo_periodic
t=05446 gamma cadence three pseudo_periodic
t=05447 gamma cadence three pseudo_periodic
t=05448 gamma cadence three pseudo_periodic
t=05449 gamma cadence three pseudo_periodic
t=05450 gamma cadence three pseudo_periodic
t=05451 gamma cadence three pseudo_periodic
t=05452 gamma cadence three pseudo_periodic
t=05453 gamma cadence three pseudo_periodic
t=05454 gamma cadence three pseudo_periodic
t=05455 gamma cadence three pseudo_periodic
t=05456 gamma cadence three pseudo_periodic
t=05457 gamma cadence three pseudo_periodic
t=05458 gamma cadence three pseudo_periodic
t=05459 gamma cadence three pseudo_periodic
t=05460 delta cadence four pseudo_periodic
t=05461 delta cadence four pseudo_periodic
t=05462 delta cadence four pseudo_periodic
t=05463 delta cadence four pseudo_periodic
t=05464 delta cadence four pseudo_periodic
t=05465 delta cadence four pseudo_periodic
t=05466 delta cadence four pseudo_periodic
t=05467 delta cadence four pseudo_periodic
t=05468 delta cadence four pseudo_periodic
t=05469 delta cadence four pseudo_periodic
t=05470 delta cadence four pseudo_periodic
t=05471 delta cadence four pseudo_periodic
t=05472 delta cadence four pseudo_periodic
t=05473 delta cadence four pseudo_periodic
t=05474 delta cadence four pseudo_periodic
t=05475 delta cadence four pseudo_periodic
t=05476 delta cadence four pseudo_periodic
t=05477 delta cadence four pseudo_periodic
t=05478 delta cadence four pseudo_periodic
t=05479 delta cadence four pseudo_periodic
t=05480 quiet_carrier
t=05481 quiet_carrier
t=05482 quiet_carrier
t=05483 quiet_carrier
t=05484 quiet_carrier
t=05485 quiet_carrier
t=05486 quiet_carrier
t=05487 quiet_carrier
t=05488 quiet_carrier
t=05489 quiet_carrier
t=05490 quiet_carrier
t=05491 quiet_carrier
t=05492 quiet_carrier
t=05493 quiet_carrier
t=05494 quiet_carrier
t=05495 quiet_carrier
t=05496 quiet_carrier
t=05497 quiet_carrier
t=05498 quiet_carrier
t=05499 quiet_carrier
t=05500 quiet_carrier
t=05501 quiet_carrier
t=05502 quiet_carrier
t=05503 quiet_carrier
t=05504 quiet_carrier
t=05505 quiet_carrier
t=05506 quiet_carrier
t=05507 quiet_carrier
t=05508 quiet_carrier
t=05509 quiet_carrier
t=05510 quiet_carrier
t=05511 quiet_carrier
t=05512 quiet_carrier
t=05513 quiet_carrier
t=05514 quiet_carrier
t=05515 quiet_carrier
t=05516 quiet_carrier
t=05517 quiet_carrier
t=05518 quiet_carrier
t=05519 quiet_carrier
t=05520 gamma cadence three pseudo_periodic
t=05521 gamma cadence three pseudo_periodic
t=05522 gamma cadence three pseudo_periodic
t=05523 gamma cadence three pseudo_periodic
t=05524 gamma cadence three pseudo_periodic
t=05525 gamma cadence three pseudo_periodic
t=05526 gamma cadence three pseudo_periodic
t=05527 gamma cadence three pseudo_periodic
t=05528 gamma cadence three pseudo_periodic
t=05529 gamma cadence three pseudo_periodic
t=05530 gamma cadence three pseudo_periodic
t=05531 gamma cadence three pseudo_periodic
t=05532 gamma cadence three pseudo_periodic
t=05533 gamma cadence three pseudo_periodic
t=05534 gamma cadence three pseudo_periodic
t=05535 gamma cadence three pseudo_periodic
t=05536 gamma cadence three pseudo_periodic
t=05537 gamma cadence three pseudo_periodic
t=05538 gamma cadence three pseudo_periodic
t=05539 gamma cadence three pseudo_periodic
t=05540 delta cadence four pseudo_periodic
t=05541 delta cadence four pseudo_periodic
t=05542 delta cadence four pseudo_periodic
t=05543 delta cadence four pseudo_periodic
t=05544 delta cadence four pseudo_periodic
t=05545 delta cadence four pseudo_periodic
t=05546 delta cadence four pseudo_periodic
t=05547 delta cadence four pseudo_periodic
t=05548 delta cadence four pseudo_periodic
t=05549 delta cadence four pseudo_periodic
t=05550 delta cadence four pseudo_periodic
t=05551 delta cadence four pseudo_periodic
t=05552 delta cadence four pseudo_periodic
t=05553 delta cadence four pseudo_periodic
t=05554 delta cadence four pseudo_periodic
t=05555 delta cadence four pseudo_periodic
t=05556 delta cadence four pseudo_periodic
t=05557 delta cadence four pseudo_periodic
t=05558 delta cadence four pseudo_periodic
t=05559 delta cadence four pseudo_periodic
t=05560 alpha cadence one pseudo_periodic
t=05561 alpha cadence one pseudo_periodic
t=05562 alpha cadence one pseudo_periodic
t=05563 alpha cadence one pseudo_periodic
t=05564 alpha cadence one pseudo_periodic
t=05565 alpha cadence one pseudo_periodic
t=05566 alpha cadence one pseudo_periodic
t=05567 alpha cadence one pseudo_periodic
t=05568 alpha cadence one pseudo_periodic
t=05569 alpha cadence one pseudo_periodic
t=05570 alpha cadence one pseudo_periodic
t=05571 alpha cadence one pseudo_periodic
t=05572 alpha cadence one pseudo_periodic
t=05573 alpha cadence one pseudo_periodic
t=05574 alpha cadence one pseudo_periodic
t=05575 alpha cadence one pseudo_periodic
t=05576 alpha cadence one pseudo_periodic
t=05577 alpha cadence one pseudo_periodic
t=05578 alpha cadence one pseudo_periodic
t=05579 alpha cadence one pseudo_periodic
t=05580 beta cadence two pseudo_periodic
t=05581 beta cadence two pseudo_periodic
t=05582 beta cadence two pseudo_periodic
t=05583 beta cadence two pseudo_periodic
t=05584 beta cadence two pseudo_periodic
t=05585 beta cadence two pseudo_periodic
t=05586 beta cadence two pseudo_periodic
t=05587 beta cadence two pseudo_periodic
t=05588 beta cadence two pseudo_periodic
t=05589 beta cadence two pseudo_periodic
t=05590 beta cadence two pseudo_periodic
t=05591 beta cadence two pseudo_periodic
t=05592 beta cadence two pseudo_periodic
t=05593 beta cadence two pseudo_periodic
t=05594 beta cadence two pseudo_periodic
t=05595 beta cadence two pseudo_periodic
t=05596 beta cadence two pseudo_periodic
t=05597 beta cadence two pseudo_periodic
t=05598 beta cadence two pseudo_periodic
t=05599 beta cadence two pseudo_periodic
t=05600 quiet_carrier
t=05601 quiet_carrier
t=05602 quiet_carrier
t=05603 quiet_carrier
t=05604 quiet_carrier
t=05605 quiet_carrier
t=05606 quiet_carrier
t=05607 quiet_carrier
t=05608 quiet_carrier
t=05609 quiet_carrier
t=05610 quiet_carrier
t=05611 quiet_carrier
t=05612 quiet_carrier
t=05613 quiet_carrier
t=05614 quiet_carrier
t=05615 quiet_carrier
t=05616 quiet_carrier
t=05617 quiet_carrier
t=05618 quiet_carrier
t=05619 quiet_carrier
t=05620 quiet_carrier
t=05621 quiet_carrier
t=05622 quiet_carrier
t=05623 quiet_carrier
t=05624 quiet_carrier
t=05625 quiet_carrier
t=05626 quiet_carrier
t=05627 quiet_carrier
t=05628 quiet_carrier
t=05629 quiet_carrier
t=05630 quiet_carrier
t=05631 quiet_carrier
t=05632 quiet_carrier
t=05633 quiet_carrier
t=05634 quiet_carrier
t=05635 quiet_carrier
t=05636 quiet_carrier
t=05637 quiet_carrier
t=05638 quiet_carrier
t=05639 quiet_carrier
t=05640 alpha cadence one pseudo_periodic
t=05641 alpha cadence one pseudo_periodic
t=05642 alpha cadence one pseudo_periodic
t=05643 alpha cadence one pseudo_periodic
t=05644 alpha cadence one pseudo_periodic
t=05645 alpha cadence one pseudo_periodic
t=05646 alpha cadence one pseudo_periodic
t=05647 alpha cadence one pseudo_periodic
t=05648 alpha cadence one pseudo_periodic
t=05649 alpha cadence one pseudo_periodic
t=05650 alpha cadence one pseudo_periodic
t=05651 alpha cadence one pseudo_periodic
t=05652 alpha cadence one pseudo_periodic
t=05653 alpha cadence one pseudo_periodic
t=05654 alpha cadence one pseudo_periodic
t=05655 alpha cadence one pseudo_periodic
t=05656 alpha cadence one pseudo_periodic
t=05657 alpha cadence one pseudo_periodic
t=05658 alpha cadence one pseudo_periodic
t=05659 alpha cadence one pseudo_periodic
t=05660 beta cadence two pseudo_periodic
t=05661 beta cadence two pseudo_periodic
t=05662 beta cadence two pseudo_periodic
t=05663 beta cadence two pseudo_periodic
t=05664 beta cadence two pseudo_periodic
t=05665 beta cadence two pseudo_periodic
t=05666 beta cadence two pseudo_periodic
t=05667 beta cadence two pseudo_periodic
t=05668 beta cadence two pseudo_periodic
t=05669 beta cadence two pseudo_periodic
t=05670 beta cadence two pseudo_periodic
t=05671 beta cadence two pseudo_periodic
t=05672 beta cadence two pseudo_periodic
t=05673 beta cadence two pseudo_periodic
t=05674 beta cadence two pseudo_periodic
t=05675 beta cadence two pseudo_periodic
t=05676 beta cadence two pseudo_periodic
t=05677 beta cadence two pseudo_periodic
t=05678 beta cadence two pseudo_periodic
t=05679 beta cadence two pseudo_periodic
t=05680 gamma cadence three pseudo_periodic
t=05681 gamma cadence three pseudo_periodic
t=05682 gamma cadence three pseudo_periodic
t=05683 gamma cadence three pseudo_periodic
t=05684 gamma cadence three pseudo_periodic
t=05685 gamma cadence three pseudo_periodic
t=05686 gamma cadence three pseudo_periodic
t=05687 gamma cadence three pseudo_periodic
t=05688 gamma cadence three pseudo_periodic
t=05689 gamma cadence three pseudo_periodic
t=05690 gamma cadence three pseudo_periodic
t=05691 gamma cadence three pseudo_periodic
t=05692 gamma cadence three pseudo_periodic
t=05693 gamma cadence three pseudo_periodic
t=05694 gamma cadence three pseudo_periodic
t=05695 gamma cadence three pseudo_periodic
t=05696 gamma cadence three pseudo_periodic
t=05697 gamma cadence three pseudo_periodic
t=05698 gamma cadence three pseudo_periodic
t=05699 gamma cadence three pseudo_periodic
t=05700 delta cadence four pseudo_periodic
t=05701 delta cadence four pseudo_periodic
t=05702 delta cadence four pseudo_periodic
t=05703 delta cadence four pseudo_periodic
t=05704 delta cadence four pseudo_periodic
t=05705 delta cadence four pseudo_periodic
t=05706 delta cadence four pseudo_periodic
t=05707 delta cadence four pseudo_periodic
t=05708 delta cadence four pseudo_periodic
t=05709 delta cadence four pseudo_periodic
t=05710 delta cadence four pseudo_periodic
t=05711 delta cadence four pseudo_periodic
t=05712 delta cadence four pseudo_periodic
t=05713 delta cadence four pseudo_periodic
t=05714 delta cadence four pseudo_periodic
t=05715 delta cadence four pseudo_periodic
t=05716 delta cadence four pseudo_periodic
t=05717 delta cadence four pseudo_periodic
t=05718 delta cadence four pseudo_periodic
t=05719 delta cadence four pseudo_periodic
t=05720 quiet_carrier
t=05721 quiet_carrier
t=05722 quiet_carrier
t=05723 quiet_carrier
t=05724 quiet_carrier
t=05725 quiet_carrier
t=05726 quiet_carrier
t=05727 quiet_carrier
t=05728 quiet_carrier
t=05729 quiet_carrier
t=05730 quiet_carrier
t=05731 quiet_carrier
t=05732 quiet_carrier
t=05733 quiet_carrier
t=05734 quiet_carrier
t=05735 quiet_carrier
t=05736 quiet_carrier
t=05737 quiet_carrier
t=05738 quiet_carrier
t=05739 quiet_carrier
t=05740 quiet_carrier
t=05741 quiet_carrier
t=05742 quiet_carrier
t=05743 quiet_carrier
t=05744 quiet_carrier
t=05745 quiet_carrier
t=05746 quiet_carrier
t=05747 quiet_carrier
t=05748 quiet_carrier
t=05749 quiet_carrier
t=05750 quiet_carrier
t=05751 quiet_carrier
t=05752 quiet_carrier
t=05753 quiet_carrier
t=05754 quiet_carrier
t=05755 quiet_carrier
t=05756 quiet_carrier
t=05757 quiet_carrier
t=05758 quiet_carrier
t=05759 quiet_carrier
t=05760 gamma cadence three pseudo_periodic
t=05761 gamma cadence three pseudo_periodic
t=05762 gamma cadence three pseudo_periodic
t=05763 gamma cadence three pseudo_periodic
t=05764 gamma cadence three pseudo_periodic
t=05765 gamma cadence three pseudo_periodic
t=05766 gamma cadence three pseudo_periodic
t=05767 gamma cadence three pseudo_periodic
t=05768 gamma cadence three pseudo_periodic
t=05769 gamma cadence three pseudo_periodic
t=05770 gamma cadence three pseudo_periodic
t=05771 gamma cadence three pseudo_periodic
t=05772 gamma cadence three pseudo_periodic
t=05773 gamma cadence three pseudo_periodic
t=05774 gamma cadence three pseudo_periodic
t=05775 gamma cadence three pseudo_periodic
t=05776 gamma cadence three pseudo_periodic
t=05777 gamma cadence three pseudo_periodic
t=05778 gamma cadence three pseudo_periodic
t=05779 gamma cadence three pseudo_periodic
t=05780 delta cadence four pseudo_periodic
t=05781 delta cadence four pseudo_periodic
t=05782 delta cadence four pseudo_periodic
t=05783 delta cadence four pseudo_periodic
t=05784 delta cadence four pseudo_periodic
t=05785 delta cadence four pseudo_periodic
t=05786 delta cadence four pseudo_periodic
t=05787 delta cadence four pseudo_periodic
t=05788 delta cadence four pseudo_periodic
t=05789 delta cadence four pseudo_periodic
t=05790 delta cadence four pseudo_periodic
t=05791 delta cadence four pseudo_periodic
t=05792 delta cadence four pseudo_periodic
t=05793 delta cadence four pseudo_periodic
t=05794 delta cadence four pseudo_periodic
t=05795 delta cadence four pseudo_periodic
t=05796 delta cadence four pseudo_periodic
t=05797 delta cadence four pseudo_periodic
t=05798 delta cadence four pseudo_periodic
t=05799 delta cadence four pseudo_periodic
t=05800 alpha cadence one pseudo_periodic
t=05801 alpha cadence one pseudo_periodic
t=05802 alpha cadence one pseudo_periodic
t=05803 alpha cadence one pseudo_periodic
t=05804 alpha cadence one pseudo_periodic
t=05805 alpha cadence one pseudo_periodic
t=05806 alpha cadence one pseudo_periodic
t=05807 alpha cadence one pseudo_periodic
t=05808 alpha cadence one pseudo_periodic
t=05809 alpha cadence one pseudo_periodic
t=05810 alpha cadence one pseudo_periodic
t=05811 alpha cadence one pseudo_periodic
t=05812 alpha cadence one pseudo_periodic
t=05813 alpha cadence one pseudo_periodic
t=05814 alpha cadence one pseudo_periodic
t=05815 alpha cadence one pseudo_periodic
t=05816 alpha cadence one pseudo_periodic
t=05817 alpha cadence one pseudo_periodic
t=05818 alpha cadence one pseudo_periodic
t=05819 alpha cadence one pseudo_periodic
t=05820 beta cadence two pseudo_periodic
t=05821 beta cadence two pseudo_periodic
t=05822 beta cadence two pseudo_periodic
t=05823 beta cadence two pseudo_periodic
t=05824 beta cadence two pseudo_periodic
t=05825 beta cadence two pseudo_periodic
t=05826 beta cadence two pseudo_periodic
t=05827 beta cadence two pseudo_periodic
t=05828 beta cadence two pseudo_periodic
t=05829 beta cadence two pseudo_periodic
t=05830 beta cadence two pseudo_periodic
t=05831 beta cadence two pseudo_periodic
t=05832 beta cadence two pseudo_periodic
t=05833 beta cadence two pseudo_periodic
t=05834 beta cadence two pseudo_periodic
t=05835 beta cadence two pseudo_periodic
t=05836 beta cadence two pseudo_periodic
t=05837 beta cadence two pseudo_periodic
t=05838 beta cadence two pseudo_periodic
t=05839 beta cadence two pseudo_periodic
t=05840 quiet_carrier
t=05841 quiet_carrier
t=05842 quiet_carrier
t=05843 quiet_carrier
t=05844 quiet_carrier
t=05845 quiet_carrier
t=05846 quiet_carrier
t=05847 quiet_carrier
t=05848 quiet_carrier
t=05849 quiet_carrier
t=05850 quiet_carrier
t=05851 quiet_carrier
t=05852 quiet_carrier
t=05853 quiet_carrier
t=05854 quiet_carrier
t=05855 quiet_carrier
t=05856 quiet_carrier
t=05857 quiet_carrier
t=05858 quiet_carrier
t=05859 quiet_carrier
t=05860 quiet_carrier
t=05861 quiet_carrier
t=05862 quiet_carrier
t=05863 quiet_carrier
t=05864 quiet_carrier
t=05865 quiet_carrier
t=05866 quiet_carrier
t=05867 quiet_carrier
t=05868 quiet_carrier
t=05869 quiet_carrier
t=05870 quiet_carrier
t=05871 quiet_carrier
t=05872 quiet_carrier
t=05873 quiet_carrier
t=05874 quiet_carrier
t=05875 quiet_carrier
t=05876 quiet_carrier
t=05877 quiet_carrier
t=05878 quiet_carrier
t=05879 quiet_carrier
t=05880 alpha cadence one pseudo_periodic
t=05881 alpha cadence one pseudo_periodic
t=05882 alpha cadence one pseudo_periodic
t=05883 alpha cadence one pseudo_periodic
t=05884 alpha cadence one pseudo_periodic
t=05885 alpha cadence one pseudo_periodic
t=05886 alpha cadence one pseudo_periodic
t=05887 alpha cadence one pseudo_periodic
t=05888 alpha cadence one pseudo_periodic
t=05889 alpha cadence one pseudo_periodic
t=05890 alpha cadence one pseudo_periodic
t=05891 alpha cadence one pseudo_periodic
t=05892 alpha cadence one pseudo_periodic
t=05893 alpha cadence one pseudo_periodic
t=05894 alpha cadence one pseudo_periodic
t=05895 alpha cadence one pseudo_periodic
t=05896 alpha cadence one pseudo_periodic
t=05897 alpha cadence one pseudo_periodic
t=05898 alpha cadence one pseudo_periodic
t=05899 alpha cadence one pseudo_periodic
t=05900 beta cadence two pseudo_periodic
t=05901 beta cadence two pseudo_periodic
t=05902 beta cadence two pseudo_periodic
t=05903 beta cadence two pseudo_periodic
t=05904 beta cadence two pseudo_periodic
t=05905 beta cadence two pseudo_periodic
t=05906 beta cadence two pseudo_periodic
t=05907 beta cadence two pseudo_periodic
t=05908 beta cadence two pseudo_periodic
t=05909 beta cadence two pseudo_periodic
t=05910 beta cadence two pseudo_periodic
t=05911 beta cadence two pseudo_periodic
t=05912 beta cadence two pseudo_periodic
t=05913 beta cadence two pseudo_periodic
t=05914 beta cadence two pseudo_periodic
t=05915 beta cadence two pseudo_periodic
t=05916 beta cadence two pseudo_periodic
t=05917 beta cadence two pseudo_periodic
t=05918 beta cadence two pseudo_periodic
t=05919 beta cadence two pseudo_periodic
t=05920 gamma cadence three pseudo_periodic
t=05921 gamma cadence three pseudo_periodic
t=05922 gamma cadence three pseudo_periodic
t=05923 gamma cadence three pseudo_periodic
t=05924 gamma cadence three pseudo_periodic
t=05925 gamma cadence three pseudo_periodic
t=05926 gamma cadence three pseudo_periodic
t=05927 gamma cadence three pseudo_periodic
t=05928 gamma cadence three pseudo_periodic
t=05929 gamma cadence three pseudo_periodic
t=05930 gamma cadence three pseudo_periodic
t=05931 gamma cadence three pseudo_periodic
t=05932 gamma cadence three pseudo_periodic
t=05933 gamma cadence three pseudo_periodic
t=05934 gamma cadence three pseudo_periodic
t=05935 gamma cadence three pseudo_periodic
t=05936 gamma cadence three pseudo_periodic
t=05937 gamma cadence three pseudo_periodic
t=05938 gamma cadence three pseudo_periodic
t=05939 gamma cadence three pseudo_periodic
t=05940 delta cadence four pseudo_periodic
t=05941 delta cadence four pseudo_periodic
t=05942 delta cadence four pseudo_periodic
t=05943 delta cadence four pseudo_periodic
t=05944 delta cadence four pseudo_periodic
t=05945 delta cadence four pseudo_periodic
t=05946 delta cadence four pseudo_periodic
t=05947 delta cadence four pseudo_periodic
t=05948 delta cadence four pseudo_periodic
t=05949 delta cadence four pseudo_periodic
t=05950 delta cadence four pseudo_periodic
t=05951 delta cadence four pseudo_periodic
t=05952 delta cadence four pseudo_periodic
t=05953 delta cadence four pseudo_periodic
t=05954 delta cadence four pseudo_periodic
t=05955 delta cadence four pseudo_periodic
t=05956 delta cadence four pseudo_periodic
t=05957 delta cadence four pseudo_periodic
t=05958 delta cadence four pseudo_periodic
t=05959 delta cadence four pseudo_periodic
t=05960 quiet_carrier
t=05961 quiet_carrier
t=05962 quiet_carrier
t=05963 quiet_carrier
t=05964 quiet_carrier
t=05965 quiet_carrier
t=05966 quiet_carrier
t=05967 quiet_carrier
t=05968 quiet_carrier
t=05969 quiet_carrier
t=05970 quiet_carrier
t=05971 quiet_carrier
t=05972 quiet_carrier
t=05973 quiet_carrier
t=05974 quiet_carrier
t=05975 quiet_carrier
t=05976 quiet_carrier
t=05977 quiet_carrier
t=05978 quiet_carrier
t=05979 quiet_carrier
t=05980 quiet_carrier
t=05981 quiet_carrier
t=05982 quiet_carrier
t=05983 quiet_carrier
t=05984 quiet_carrier
t=05985 quiet_carrier
t=05986 quiet_carrier
t=05987 quiet_carrier
t=05988 quiet_carrier
t=05989 quiet_carrier
t=05990 quiet_carrier
t=05991 quiet_carrier
t=05992 quiet_carrier
t=05993 quiet_carrier
t=05994 quiet_carrier
t=05995 quiet_carrier
t=05996 quiet_carrier
t=05997 quiet_carrier
t=05998 quiet_carrier
t=05999 quiet_carrier
t=06000 gamma cadence three pseudo_periodic
