terrain_id,from_focus_size,to_focus_size,from_line_start,from_line_end,to_line_start,to_line_end,overlap_ratio,from_posture,to_posture,from_legibility,to_legibility,delta_stable,delta_middle,delta_residual,transition_marker
electricity_hourly_coarse_relation_001,25,50,1,25,1,50,1.0000,stable,stable,dominant_stable,dominant_stable,-0.1600,0.1400,0.0200,persisted
electricity_hourly_coarse_relation_001,25,50,26,50,1,50,1.0000,stable,stable,dominant_stable,dominant_stable,0.1600,-0.1400,-0.0200,persisted
electricity_hourly_coarse_relation_001,25,50,51,75,51,100,1.0000,stable,stable,dominant_stable,dominant_stable,0.2000,-0.1600,-0.0400,persisted
electricity_hourly_coarse_relation_001,25,50,76,100,51,100,1.0000,stable,stable,dominant_stable,dominant_stable,0.2400,-0.2000,-0.0400,persisted
electricity_hourly_coarse_relation_001,25,50,101,125,101,150,1.0000,stable,stable,dominant_stable,dominant_stable,0.2000,-0.1600,-0.0400,persisted
electricity_hourly_coarse_relation_001,25,50,126,150,101,150,1.0000,stable,stable,dominant_stable,dominant_stable,0.2400,-0.2000,-0.0400,persisted
electricity_hourly_coarse_relation_001,25,50,151,175,151,200,1.0000,stable,stable,dominant_stable,dominant_stable,0.2400,-0.2000,-0.0400,persisted
electricity_hourly_coarse_relation_001,25,50,176,200,151,200,1.0000,stable,stable,dominant_stable,dominant_stable,0.0800,-0.0400,-0.0400,persisted
electricity_hourly_coarse_relation_001,25,50,201,225,201,250,1.0000,stable,stable,dominant_stable,dominant_stable,-0.0400,0.0600,-0.0200,persisted
electricity_hourly_coarse_relation_001,25,50,226,250,201,250,1.0000,stable,stable,dominant_stable,dominant_stable,0.1600,-0.1400,-0.0200,persisted
electricity_hourly_coarse_relation_001,25,50,251,275,251,300,1.0000,stable,stable,dominant_stable,dominant_stable,0.2600,-0.2200,-0.0400,persisted
electricity_hourly_coarse_relation_001,25,50,276,300,251,300,1.0000,stable,stable,dominant_stable,dominant_stable,0.1800,-0.1000,-0.0800,persisted
electricity_hourly_coarse_relation_001,25,50,301,325,301,350,1.0000,stable,stable,dominant_stable,dominant_stable,0.3200,-0.2800,-0.0400,persisted
electricity_hourly_coarse_relation_001,25,50,326,350,301,350,1.0000,stable,stable,dominant_stable,dominant_stable,0.2800,-0.2400,-0.0400,persisted
electricity_hourly_coarse_relation_001,25,50,351,375,351,400,1.0000,stable,stable,dominant_stable,dominant_stable,0.0400,-0.0200,-0.0200,persisted
electricity_hourly_coarse_relation_001,25,50,376,400,351,400,1.0000,stable,stable,dominant_stable,dominant_stable,0.2400,-0.2200,-0.0200,persisted
electricity_hourly_coarse_relation_001,25,50,401,425,401,450,1.0000,stable,stable,dominant_stable,dominant_stable,0.3200,-0.2800,-0.0400,persisted
electricity_hourly_coarse_relation_001,25,50,426,450,401,450,1.0000,stable,stable,dominant_stable,dominant_stable,0.2800,-0.2400,-0.0400,persisted
electricity_hourly_coarse_relation_001,25,50,451,475,451,500,1.0000,stable,stable,dominant_stable,dominant_stable,0.3200,-0.2800,-0.0400,persisted
electricity_hourly_coarse_relation_001,25,50,476,500,451,500,1.0000,stable,stable,dominant_stable,dominant_stable,0.2800,-0.2400,-0.0400,persisted
electricity_hourly_coarse_relation_001,25,50,501,525,501,550,1.0000,stable,stable,dominant_stable,dominant_stable,0.2400,-0.2400,0.0000,persisted
electricity_hourly_coarse_relation_001,25,50,526,550,501,550,1.0000,stable,stable,dominant_stable,dominant_stable,0.0800,-0.0800,0.0000,persisted
electricity_hourly_coarse_relation_001,25,50,551,575,551,600,1.0000,stable,stable,dominant_stable,dominant_stable,0.2400,-0.2400,0.0000,persisted
electricity_hourly_coarse_relation_001,25,50,576,600,551,600,1.0000,stable,stable,dominant_stable,dominant_stable,0.0800,0.0000,-0.0800,persisted
electricity_hourly_coarse_relation_001,25,50,601,625,601,650,1.0000,stable,stable,dominant_stable,dominant_stable,0.2200,-0.2000,-0.0200,persisted
electricity_hourly_coarse_relation_001,25,50,626,650,601,650,1.0000,stable,stable,dominant_stable,dominant_stable,0.1800,-0.2000,0.0200,persisted
electricity_hourly_coarse_relation_001,25,50,651,675,651,700,1.0000,stable,stable,dominant_stable,dominant_stable,0.3000,-0.2800,-0.0200,persisted
electricity_hourly_coarse_relation_001,25,50,676,700,651,700,1.0000,stable,stable,dominant_stable,dominant_stable,-0.0600,0.0400,0.0200,persisted
electricity_hourly_coarse_relation_001,25,50,701,725,701,750,1.0000,stable,stable,dominant_stable,dominant_stable,0.1400,-0.0800,-0.0600,persisted
electricity_hourly_coarse_relation_001,25,50,726,750,701,750,1.0000,stable,stable,dominant_stable,dominant_stable,0.1000,-0.0800,-0.0200,persisted
electricity_hourly_coarse_relation_001,25,50,751,775,751,800,1.0000,stable,stable,dominant_stable,dominant_stable,0.1000,-0.0200,-0.0800,persisted
electricity_hourly_coarse_relation_001,25,50,776,800,751,800,1.0000,stable,stable,dominant_stable,dominant_stable,0.2600,-0.2200,-0.0400,persisted
electricity_hourly_coarse_relation_001,25,50,801,825,801,850,1.0000,stable,stable,dominant_stable,dominant_stable,0.0800,-0.0800,0.0000,persisted
electricity_hourly_coarse_relation_001,25,50,826,850,801,850,1.0000,stable,stable,dominant_stable,dominant_stable,0.1600,-0.1600,0.0000,persisted
electricity_hourly_coarse_relation_001,25,50,851,875,851,900,1.0000,stable,stable,dominant_stable,dominant_stable,-0.0400,0.0600,-0.0200,persisted
electricity_hourly_coarse_relation_001,25,50,876,900,851,900,1.0000,stable,stable,dominant_stable,dominant_stable,0.2400,-0.2200,-0.0200,persisted
electricity_hourly_coarse_relation_001,25,50,901,925,901,950,1.0000,stable,stable,dominant_stable,dominant_stable,0.2400,-0.2000,-0.0400,persisted
electricity_hourly_coarse_relation_001,25,50,926,950,901,950,1.0000,stable,stable,dominant_stable,dominant_stable,0.2400,-0.2000,-0.0400,persisted
electricity_hourly_coarse_relation_001,25,50,951,975,951,1000,1.0000,stable,stable,dominant_stable,dominant_stable,0.2200,-0.1600,-0.0600,persisted
electricity_hourly_coarse_relation_001,25,50,976,1000,951,1000,1.0000,stable,stable,dominant_stable,dominant_stable,0.2200,-0.2000,-0.0200,persisted
electricity_hourly_coarse_relation_001,25,50,1001,1025,1001,1050,1.0000,stable,stable,dominant_stable,dominant_stable,0.2600,-0.2400,-0.0200,persisted
electricity_hourly_coarse_relation_001,25,50,1026,1050,1001,1050,1.0000,stable,stable,dominant_stable,dominant_stable,0.1000,-0.1200,0.0200,persisted
electricity_hourly_coarse_relation_001,25,50,1051,1075,1051,1100,1.0000,stable,stable,dominant_stable,dominant_stable,0.2400,-0.2000,-0.0400,persisted
electricity_hourly_coarse_relation_001,25,50,1076,1100,1051,1100,1.0000,stable,stable,dominant_stable,dominant_stable,0.2400,-0.2000,-0.0400,persisted
electricity_hourly_coarse_relation_001,25,50,1101,1125,1101,1150,1.0000,stable,stable,dominant_stable,dominant_stable,0.2600,-0.2400,-0.0200,persisted
electricity_hourly_coarse_relation_001,25,50,1126,1150,1101,1150,1.0000,stable,stable,dominant_stable,dominant_stable,-0.0200,0.0000,0.0200,persisted
electricity_hourly_coarse_relation_001,25,50,1151,1175,1151,1200,1.0000,stable,stable,dominant_stable,dominant_stable,0.2400,-0.2400,0.0000,persisted
electricity_hourly_coarse_relation_001,25,50,1176,1200,1151,1200,1.0000,stable,stable,dominant_stable,dominant_stable,0.1200,-0.1200,0.0000,persisted
electricity_hourly_coarse_relation_001,25,50,1201,1225,1201,1250,1.0000,stable,stable,dominant_stable,dominant_stable,-0.0200,0.0000,0.0200,persisted
electricity_hourly_coarse_relation_001,25,50,1226,1250,1201,1250,1.0000,stable,stable,dominant_stable,dominant_stable,0.0200,0.0000,-0.0200,persisted
electricity_hourly_coarse_relation_001,25,50,1251,1275,1251,1300,1.0000,stable,stable,dominant_stable,dominant_stable,0.1200,-0.0800,-0.0400,persisted
electricity_hourly_coarse_relation_001,25,50,1276,1300,1251,1300,1.0000,stable,stable,dominant_stable,dominant_stable,0.1200,-0.0800,-0.0400,persisted
electricity_hourly_coarse_relation_001,25,50,1301,1325,1301,1350,1.0000,stable,stable,dominant_stable,dominant_stable,0.2600,-0.2400,-0.0200,persisted
electricity_hourly_coarse_relation_001,25,50,1326,1350,1301,1350,1.0000,stable,stable,dominant_stable,dominant_stable,0.2200,-0.2400,0.0200,persisted
electricity_hourly_coarse_relation_001,25,50,1351,1375,1351,1400,1.0000,stable,stable,dominant_stable,dominant_stable,-0.0200,0.0000,0.0200,persisted
electricity_hourly_coarse_relation_001,25,50,1376,1400,1351,1400,1.0000,stable,stable,dominant_stable,dominant_stable,0.1400,-0.1200,-0.0200,persisted
electricity_hourly_coarse_relation_001,25,50,1401,1425,1401,1450,1.0000,stable,stable,dominant_stable,dominant_stable,0.2600,-0.2400,-0.0200,persisted
electricity_hourly_coarse_relation_001,25,50,1426,1450,1401,1450,1.0000,stable,stable,dominant_stable,dominant_stable,-0.0200,0.0000,0.0200,persisted
electricity_hourly_coarse_relation_001,25,50,1451,1475,1451,1500,1.0000,stable,stable,dominant_stable,dominant_stable,0.2600,-0.2000,-0.0600,persisted
electricity_hourly_coarse_relation_001,25,50,1476,1500,1451,1500,1.0000,stable,stable,dominant_stable,dominant_stable,0.1800,-0.1600,-0.0200,persisted
electricity_hourly_coarse_relation_001,25,50,1501,1525,1501,1550,1.0000,stable,stable,dominant_stable,dominant_stable,0.1800,-0.1600,-0.0200,persisted
electricity_hourly_coarse_relation_001,25,50,1526,1550,1501,1550,1.0000,stable,stable,dominant_stable,dominant_stable,0.2600,-0.2000,-0.0600,persisted
electricity_hourly_coarse_relation_001,25,50,1551,1575,1551,1600,1.0000,stable,stable,dominant_stable,dominant_stable,0.2600,-0.2400,-0.0200,persisted
electricity_hourly_coarse_relation_001,25,50,1576,1600,1551,1600,1.0000,stable,stable,dominant_stable,dominant_stable,0.2200,-0.2400,0.0200,persisted
electricity_hourly_coarse_relation_001,25,50,1601,1625,1601,1650,1.0000,stable,stable,dominant_stable,dominant_stable,0.2400,-0.1600,-0.0800,persisted
electricity_hourly_coarse_relation_001,25,50,1626,1650,1601,1650,1.0000,stable,stable,dominant_stable,dominant_stable,0.2400,-0.1600,-0.0800,persisted
electricity_hourly_coarse_relation_001,25,50,1651,1675,1651,1700,1.0000,stable,stable,dominant_stable,dominant_stable,0.2200,-0.1600,-0.0600,persisted
electricity_hourly_coarse_relation_001,25,50,1676,1700,1651,1700,1.0000,stable,stable,dominant_stable,dominant_stable,0.1000,-0.0800,-0.0200,persisted
electricity_hourly_coarse_relation_001,25,50,1701,1725,1701,1750,1.0000,stable,stable,dominant_stable,dominant_stable,0.0800,-0.1200,0.0400,persisted
electricity_hourly_coarse_relation_001,25,50,1726,1750,1701,1750,1.0000,stable,stable,dominant_stable,dominant_stable,0.2400,-0.2000,-0.0400,persisted
electricity_hourly_coarse_relation_001,25,50,1751,1775,1751,1800,1.0000,stable,stable,dominant_stable,dominant_stable,0.2200,-0.1800,-0.0400,persisted
electricity_hourly_coarse_relation_001,25,50,1776,1800,1751,1800,1.0000,stable,stable,dominant_stable,dominant_stable,0.0600,0.0200,-0.0800,persisted
electricity_hourly_coarse_relation_001,25,50,1801,1825,1801,1850,1.0000,stable,stable,dominant_stable,dominant_stable,0.0800,-0.1000,0.0200,persisted
electricity_hourly_coarse_relation_001,25,50,1826,1850,1801,1850,1.0000,stable,stable,dominant_stable,dominant_stable,0.0800,-0.0200,-0.0600,persisted
electricity_hourly_coarse_relation_001,25,50,1851,1875,1851,1900,1.0000,stable,stable,dominant_stable,dominant_stable,0.0800,-0.0800,0.0000,persisted
electricity_hourly_coarse_relation_001,25,50,1876,1900,1851,1900,1.0000,stable,stable,dominant_stable,dominant_stable,0.1200,-0.1200,0.0000,persisted
electricity_hourly_coarse_relation_001,25,50,1901,1925,1901,1950,1.0000,stable,stable,dominant_stable,dominant_stable,0.2200,-0.2000,-0.0200,persisted
electricity_hourly_coarse_relation_001,25,50,1926,1950,1901,1950,1.0000,stable,stable,dominant_stable,dominant_stable,0.1000,-0.1200,0.0200,persisted
electricity_hourly_coarse_relation_001,25,50,1951,1975,1951,2000,1.0000,stable,stable,dominant_stable,dominant_stable,0.2200,-0.2000,-0.0200,persisted
electricity_hourly_coarse_relation_001,25,50,1976,2000,1951,2000,1.0000,stable,stable,dominant_stable,dominant_stable,0.1400,-0.0800,-0.0600,persisted
electricity_hourly_coarse_relation_001,25,50,2001,2025,2001,2050,1.0000,stable,stable,dominant_stable,dominant_stable,0.2400,-0.1600,-0.0800,persisted
electricity_hourly_coarse_relation_001,25,50,2026,2050,2001,2050,1.0000,stable,stable,dominant_stable,dominant_stable,0.2400,-0.1600,-0.0800,persisted
electricity_hourly_coarse_relation_001,25,50,2051,2075,2051,2100,1.0000,stable,stable,dominant_stable,dominant_stable,0.2800,-0.2400,-0.0400,persisted
electricity_hourly_coarse_relation_001,25,50,2076,2100,2051,2100,1.0000,stable,stable,dominant_stable,dominant_stable,0.3200,-0.2800,-0.0400,persisted
electricity_hourly_coarse_relation_001,25,50,2101,2125,2101,2150,1.0000,stable,stable,dominant_stable,dominant_stable,0.2200,-0.1800,-0.0400,persisted
electricity_hourly_coarse_relation_001,25,50,2126,2150,2101,2150,1.0000,stable,stable,dominant_stable,dominant_stable,0.1800,-0.1000,-0.0800,persisted
electricity_hourly_coarse_relation_001,25,50,2151,2175,2151,2200,1.0000,stable,stable,dominant_stable,dominant_stable,0.0800,0.0400,-0.1200,persisted
electricity_hourly_coarse_relation_001,25,50,2176,2200,2151,2200,1.0000,stable,stable,dominant_stable,dominant_stable,0.1600,-0.1200,-0.0400,persisted
electricity_hourly_coarse_relation_001,25,50,2201,2225,2201,2250,1.0000,stable,stable,dominant_stable,dominant_stable,-0.0400,0.1000,-0.0600,persisted
electricity_hourly_coarse_relation_001,25,50,2226,2250,2201,2250,1.0000,stable,stable,dominant_stable,dominant_stable,0.1600,-0.1000,-0.0600,persisted
electricity_hourly_coarse_relation_001,25,50,2251,2275,2251,2300,1.0000,stable,stable,dominant_stable,dominant_stable,0.2200,-0.1600,-0.0600,persisted
electricity_hourly_coarse_relation_001,25,50,2276,2300,2251,2300,1.0000,stable,stable,dominant_stable,dominant_stable,0.2200,-0.2000,-0.0200,persisted
electricity_hourly_coarse_relation_001,25,50,2301,2325,2301,2350,1.0000,stable,stable,dominant_stable,dominant_stable,0.1800,-0.1600,-0.0200,persisted
electricity_hourly_coarse_relation_001,25,50,2326,2350,2301,2350,1.0000,stable,stable,dominant_stable,dominant_stable,0.2200,-0.1600,-0.0600,persisted
electricity_hourly_coarse_relation_001,25,50,2351,2375,2351,2400,1.0000,stable,stable,dominant_stable,dominant_stable,0.1800,-0.1600,-0.0200,persisted
electricity_hourly_coarse_relation_001,25,50,2376,2400,2351,2400,1.0000,stable,stable,dominant_stable,dominant_stable,0.1000,-0.0400,-0.0600,persisted
electricity_hourly_coarse_relation_001,25,50,2401,2425,2401,2450,1.0000,stable,stable,dominant_stable,dominant_stable,0.0400,-0.0200,-0.0200,persisted
electricity_hourly_coarse_relation_001,25,50,2426,2450,2401,2450,1.0000,stable,stable,dominant_stable,dominant_stable,0.1200,-0.1000,-0.0200,persisted
electricity_hourly_coarse_relation_001,25,50,2451,2475,2451,2500,1.0000,stable,stable,dominant_stable,dominant_stable,0.2400,-0.2400,0.0000,persisted
electricity_hourly_coarse_relation_001,25,50,2476,2500,2451,2500,1.0000,stable,stable,dominant_stable,dominant_stable,0.2000,-0.2000,0.0000,persisted
electricity_hourly_coarse_relation_001,25,50,2501,2525,2501,2550,1.0000,stable,stable,dominant_stable,dominant_stable,0.2600,-0.2400,-0.0200,persisted
electricity_hourly_coarse_relation_001,25,50,2526,2550,2501,2550,1.0000,stable,stable,dominant_stable,dominant_stable,0.0600,-0.0800,0.0200,persisted
electricity_hourly_coarse_relation_001,25,50,2551,2575,2551,2600,1.0000,stable,stable,dominant_stable,dominant_stable,0.0600,-0.0800,0.0200,persisted
electricity_hourly_coarse_relation_001,25,50,2576,2600,2551,2600,1.0000,stable,stable,dominant_stable,dominant_stable,0.1400,-0.1200,-0.0200,persisted
electricity_hourly_coarse_relation_001,25,50,2601,2625,2601,2650,1.0000,stable,stable,dominant_stable,dominant_stable,0.1400,-0.1200,-0.0200,persisted
electricity_hourly_coarse_relation_001,25,50,2626,2650,2601,2650,1.0000,stable,stable,dominant_stable,dominant_stable,0.1000,-0.1200,0.0200,persisted
electricity_hourly_coarse_relation_001,25,50,2651,2675,2651,2700,1.0000,stable,stable,dominant_stable,dominant_stable,0.2800,-0.2400,-0.0400,persisted
electricity_hourly_coarse_relation_001,25,50,2676,2700,2651,2700,1.0000,stable,stable,dominant_stable,dominant_stable,0.2800,-0.2400,-0.0400,persisted
electricity_hourly_coarse_relation_001,25,50,2701,2725,2701,2750,1.0000,stable,stable,dominant_stable,dominant_stable,0.0400,0.0000,-0.0400,persisted
electricity_hourly_coarse_relation_001,25,50,2726,2750,2701,2750,1.0000,stable,stable,dominant_stable,dominant_stable,0.2400,-0.2400,0.0000,persisted
electricity_hourly_coarse_relation_001,25,50,2751,2775,2751,2800,1.0000,stable,stable,dominant_stable,dominant_stable,0.1200,-0.0200,-0.1000,persisted
electricity_hourly_coarse_relation_001,25,50,2776,2800,2751,2800,1.0000,stable,stable,dominant_stable,dominant_stable,0.1200,-0.1000,-0.0200,persisted
electricity_hourly_coarse_relation_001,25,50,2801,2825,2801,2850,1.0000,stable,stable,dominant_stable,dominant_stable,0.1400,-0.0600,-0.0800,persisted
electricity_hourly_coarse_relation_001,25,50,2826,2850,2801,2850,1.0000,stable,stable,dominant_stable,dominant_stable,0.1000,0.0200,-0.1200,persisted
electricity_hourly_coarse_relation_001,25,50,2851,2875,2851,2900,1.0000,stable,stable,dominant_stable,dominant_stable,0.1400,-0.1400,0.0000,persisted
electricity_hourly_coarse_relation_001,25,50,2876,2900,2851,2900,1.0000,stable,stable,dominant_stable,dominant_stable,-0.0200,0.0600,-0.0400,persisted
electricity_hourly_coarse_relation_001,25,50,2901,2925,2901,2950,1.0000,stable,stable,dominant_stable,dominant_stable,0.2000,-0.1600,-0.0400,persisted
electricity_hourly_coarse_relation_001,25,50,2926,2950,2901,2950,1.0000,stable,stable,dominant_stable,dominant_stable,0.2000,-0.1600,-0.0400,persisted
electricity_hourly_coarse_relation_001,25,50,2951,2975,2951,3000,1.0000,stable,stable,dominant_stable,dominant_stable,0.2400,-0.2000,-0.0400,persisted
electricity_hourly_coarse_relation_001,25,50,2976,3000,2951,3000,1.0000,stable,stable,dominant_stable,dominant_stable,0.0400,0.0000,-0.0400,persisted
electricity_hourly_coarse_relation_001,25,50,3001,3025,3001,3050,1.0000,stable,stable,dominant_stable,dominant_stable,-0.0200,0.0400,-0.0200,persisted
electricity_hourly_coarse_relation_001,25,50,3026,3050,3001,3050,1.0000,stable,stable,dominant_stable,dominant_stable,0.0200,0.0400,-0.0600,persisted
electricity_hourly_coarse_relation_001,25,50,3051,3075,3051,3100,1.0000,stable,stable,dominant_stable,dominant_stable,0.1200,0.0000,-0.1200,persisted
electricity_hourly_coarse_relation_001,25,50,3076,3100,3051,3100,1.0000,stable,stable,dominant_stable,dominant_stable,0.1200,0.0000,-0.1200,persisted
electricity_hourly_coarse_relation_001,25,50,3101,3125,3101,3150,1.0000,stable,stable,dominant_stable,dominant_stable,0.2200,-0.1800,-0.0400,persisted
electricity_hourly_coarse_relation_001,25,50,3126,3150,3101,3150,1.0000,stable,stable,dominant_stable,dominant_stable,0.1800,-0.1000,-0.0800,persisted
electricity_hourly_coarse_relation_001,25,50,3151,3175,3151,3200,1.0000,stable,stable,dominant_stable,dominant_stable,0.3000,-0.3000,0.0000,persisted
electricity_hourly_coarse_relation_001,25,50,3176,3200,3151,3200,1.0000,stable,stable,dominant_stable,dominant_stable,0.2200,-0.1800,-0.0400,persisted
electricity_hourly_coarse_relation_001,25,50,3201,3225,3201,3250,1.0000,stable,stable,dominant_stable,dominant_stable,0.3200,-0.2800,-0.0400,persisted
electricity_hourly_coarse_relation_001,25,50,3226,3250,3201,3250,1.0000,stable,stable,dominant_stable,dominant_stable,0.2000,-0.1600,-0.0400,persisted
electricity_hourly_coarse_relation_001,25,50,3251,3275,3251,3300,1.0000,stable,stable,dominant_stable,dominant_stable,0.1600,-0.1400,-0.0200,persisted
electricity_hourly_coarse_relation_001,25,50,3276,3300,3251,3300,1.0000,stable,stable,dominant_stable,dominant_stable,0.0800,-0.0600,-0.0200,persisted
electricity_hourly_coarse_relation_001,25,50,3301,3325,3301,3350,1.0000,stable,stable,dominant_stable,dominant_stable,0.2400,-0.2000,-0.0400,persisted
electricity_hourly_coarse_relation_001,25,50,3326,3350,3301,3350,1.0000,stable,stable,dominant_stable,dominant_stable,0.3200,-0.2800,-0.0400,persisted
electricity_hourly_coarse_relation_001,25,50,3351,3375,3351,3400,1.0000,stable,stable,dominant_stable,dominant_stable,0.2000,-0.1200,-0.0800,persisted
electricity_hourly_coarse_relation_001,25,50,3376,3400,3351,3400,1.0000,stable,stable,dominant_stable,dominant_stable,0.2000,-0.1200,-0.0800,persisted
electricity_hourly_coarse_relation_001,25,50,3401,3425,3401,3450,1.0000,stable,stable,dominant_stable,dominant_stable,0.2000,-0.1200,-0.0800,persisted
electricity_hourly_coarse_relation_001,25,50,3426,3450,3401,3450,1.0000,stable,stable,dominant_stable,dominant_stable,0.2000,-0.1200,-0.0800,persisted
electricity_hourly_coarse_relation_001,25,50,3451,3475,3451,3500,1.0000,stable,stable,dominant_stable,dominant_stable,0.1200,-0.1400,0.0200,persisted
electricity_hourly_coarse_relation_001,25,50,3476,3500,3451,3500,1.0000,stable,stable,dominant_stable,dominant_stable,0.2000,-0.1400,-0.0600,persisted
electricity_hourly_coarse_relation_001,25,50,3501,3525,3501,3550,1.0000,stable,stable,dominant_stable,dominant_stable,0.2000,-0.1200,-0.0800,persisted
electricity_hourly_coarse_relation_001,25,50,3526,3550,3501,3550,1.0000,stable,stable,dominant_stable,dominant_stable,0.2000,-0.1200,-0.0800,persisted
electricity_hourly_coarse_relation_001,25,50,3551,3575,3551,3600,1.0000,stable,stable,dominant_stable,dominant_stable,0.3400,-0.3200,-0.0200,persisted
electricity_hourly_coarse_relation_001,25,50,3576,3600,3551,3600,1.0000,stable,stable,dominant_stable,dominant_stable,0.1400,-0.1200,-0.0200,persisted
electricity_hourly_coarse_relation_001,25,50,3601,3625,3601,3650,1.0000,stable,stable,dominant_stable,dominant_stable,-0.0200,0.1000,-0.0800,persisted
electricity_hourly_coarse_relation_001,25,50,3626,3650,3601,3650,1.0000,stable,stable,dominant_stable,dominant_stable,0.2600,-0.2200,-0.0400,persisted
electricity_hourly_coarse_relation_001,25,50,3651,3675,3651,3700,1.0000,stable,stable,dominant_stable,dominant_stable,0.3000,-0.2800,-0.0200,persisted
electricity_hourly_coarse_relation_001,25,50,3676,3700,3651,3700,1.0000,stable,stable,dominant_stable,dominant_stable,0.2200,-0.2400,0.0200,persisted
electricity_hourly_coarse_relation_001,25,50,3701,3725,3701,3750,1.0000,stable,stable,dominant_stable,dominant_stable,0.3000,-0.3200,0.0200,persisted
electricity_hourly_coarse_relation_001,25,50,3726,3750,3701,3750,1.0000,stable,stable,dominant_stable,dominant_stable,0.3400,-0.3200,-0.0200,persisted
electricity_hourly_coarse_relation_001,25,50,3751,3775,3751,3800,1.0000,stable,stable,dominant_stable,dominant_stable,0.2000,-0.2000,0.0000,persisted
electricity_hourly_coarse_relation_001,25,50,3776,3800,3751,3800,1.0000,stable,stable,dominant_stable,dominant_stable,0.2800,-0.2800,0.0000,persisted
electricity_hourly_coarse_relation_001,25,50,3801,3825,3801,3850,1.0000,stable,stable,dominant_stable,dominant_stable,0.2200,-0.2000,-0.0200,persisted
electricity_hourly_coarse_relation_001,25,50,3826,3850,3801,3850,1.0000,stable,stable,dominant_stable,dominant_stable,0.2600,-0.2000,-0.0600,persisted
electricity_hourly_coarse_relation_001,25,50,3851,3875,3851,3900,1.0000,stable,stable,dominant_stable,dominant_stable,0.1200,-0.0800,-0.0400,persisted
electricity_hourly_coarse_relation_001,25,50,3876,3900,3851,3900,1.0000,stable,stable,dominant_stable,dominant_stable,0.1200,-0.0800,-0.0400,persisted
electricity_hourly_coarse_relation_001,25,50,3901,3925,3901,3950,1.0000,stable,stable,dominant_stable,dominant_stable,0.1000,0.0200,-0.1200,persisted
electricity_hourly_coarse_relation_001,25,50,3926,3950,3901,3950,1.0000,stable,stable,dominant_stable,dominant_stable,0.1400,-0.0600,-0.0800,persisted
electricity_hourly_coarse_relation_001,25,50,3951,3975,3951,4000,1.0000,stable,stable,dominant_stable,dominant_stable,0.2200,-0.1600,-0.0600,persisted
electricity_hourly_coarse_relation_001,25,50,3976,4000,3951,4000,1.0000,stable,stable,dominant_stable,dominant_stable,0.2200,-0.2000,-0.0200,persisted
electricity_hourly_coarse_relation_001,25,50,4001,4025,4001,4050,1.0000,stable,stable,dominant_stable,dominant_stable,0.2200,-0.2200,0.0000,persisted
electricity_hourly_coarse_relation_001,25,50,4026,4050,4001,4050,1.0000,stable,stable,dominant_stable,dominant_stable,0.1000,-0.0600,-0.0400,persisted
electricity_hourly_coarse_relation_001,25,50,4051,4075,4051,4100,1.0000,stable,stable,dominant_stable,dominant_stable,0.2000,-0.1600,-0.0400,persisted
electricity_hourly_coarse_relation_001,25,50,4076,4100,4051,4100,1.0000,stable,stable,dominant_stable,dominant_stable,0.2000,-0.1600,-0.0400,persisted
electricity_hourly_coarse_relation_001,25,50,4101,4125,4101,4150,1.0000,stable,stable,dominant_stable,dominant_stable,0.1800,-0.1000,-0.0800,persisted
electricity_hourly_coarse_relation_001,25,50,4126,4150,4101,4150,1.0000,stable,stable,dominant_stable,dominant_stable,0.1400,-0.1000,-0.0400,persisted
electricity_hourly_coarse_relation_001,25,50,4151,4175,4151,4200,1.0000,stable,stable,dominant_stable,dominant_stable,0.2400,-0.2400,0.0000,persisted
electricity_hourly_coarse_relation_001,25,50,4176,4200,4151,4200,1.0000,stable,stable,dominant_stable,dominant_stable,0.1600,-0.1200,-0.0400,persisted
electricity_hourly_coarse_relation_001,25,50,4201,4225,4201,4250,1.0000,stable,stable,dominant_stable,dominant_stable,0.1000,-0.0600,-0.0400,persisted
electricity_hourly_coarse_relation_001,25,50,4226,4250,4201,4250,1.0000,stable,stable,dominant_stable,dominant_stable,0.3000,-0.3000,0.0000,persisted
electricity_hourly_coarse_relation_001,25,50,4251,4275,4251,4300,1.0000,stable,stable,dominant_stable,dominant_stable,0.2600,-0.2200,-0.0400,persisted
electricity_hourly_coarse_relation_001,25,50,4276,4300,4251,4300,1.0000,stable,stable,dominant_stable,dominant_stable,0.2200,-0.2200,0.0000,persisted
electricity_hourly_coarse_relation_001,25,50,4301,4325,4301,4350,1.0000,stable,stable,dominant_stable,dominant_stable,0.2800,-0.2800,0.0000,persisted
electricity_hourly_coarse_relation_001,25,50,4326,4350,4301,4350,1.0000,stable,stable,dominant_stable,dominant_stable,0.0400,-0.0400,0.0000,persisted
electricity_hourly_coarse_relation_001,25,50,4351,4375,4351,4400,1.0000,stable,stable,dominant_stable,dominant_stable,0.2400,-0.2400,0.0000,persisted
electricity_hourly_coarse_relation_001,25,50,4376,4400,4351,4400,1.0000,stable,stable,dominant_stable,dominant_stable,0.2800,-0.2800,0.0000,persisted
electricity_hourly_coarse_relation_001,25,50,4401,4425,4401,4450,1.0000,stable,stable,dominant_stable,dominant_stable,0.2200,-0.2000,-0.0200,persisted
electricity_hourly_coarse_relation_001,25,50,4426,4450,4401,4450,1.0000,stable,stable,dominant_stable,dominant_stable,0.1800,-0.2000,0.0200,persisted
electricity_hourly_coarse_relation_001,25,50,4451,4475,4451,4500,1.0000,stable,stable,dominant_stable,dominant_stable,0.2000,-0.2000,0.0000,persisted
electricity_hourly_coarse_relation_001,25,50,4476,4500,4451,4500,1.0000,stable,stable,dominant_stable,dominant_stable,0.3200,-0.3200,0.0000,persisted
electricity_hourly_coarse_relation_001,25,50,4501,4525,4501,4550,1.0000,stable,stable,dominant_stable,dominant_stable,0.2800,-0.2800,0.0000,persisted
electricity_hourly_coarse_relation_001,25,50,4526,4550,4501,4550,1.0000,stable,stable,dominant_stable,dominant_stable,0.2800,-0.2800,0.0000,persisted
electricity_hourly_coarse_relation_001,25,50,4551,4575,4551,4600,1.0000,stable,stable,dominant_stable,dominant_stable,0.3000,-0.3200,0.0200,persisted
electricity_hourly_coarse_relation_001,25,50,4576,4600,4551,4600,1.0000,stable,stable,dominant_stable,dominant_stable,0.3000,-0.2800,-0.0200,persisted
electricity_hourly_coarse_relation_001,25,50,4601,4625,4601,4650,1.0000,stable,stable,dominant_stable,dominant_stable,0.2800,-0.2400,-0.0400,persisted
electricity_hourly_coarse_relation_001,25,50,4626,4650,4601,4650,1.0000,stable,stable,dominant_stable,dominant_stable,0.2000,-0.2000,0.0000,persisted
electricity_hourly_coarse_relation_001,25,50,4651,4675,4651,4700,1.0000,stable,stable,dominant_stable,dominant_stable,0.2000,-0.1600,-0.0400,persisted
electricity_hourly_coarse_relation_001,25,50,4676,4700,4651,4700,1.0000,stable,stable,dominant_stable,dominant_stable,0.2000,-0.1600,-0.0400,persisted
electricity_hourly_coarse_relation_001,25,50,4701,4725,4701,4750,1.0000,stable,stable,dominant_stable,dominant_stable,0.1800,-0.2000,0.0200,persisted
electricity_hourly_coarse_relation_001,25,50,4726,4750,4701,4750,1.0000,stable,stable,dominant_stable,dominant_stable,0.2200,-0.2000,-0.0200,persisted
electricity_hourly_coarse_relation_001,25,50,4751,4775,4751,4800,1.0000,stable,stable,dominant_stable,dominant_stable,0.2000,-0.1600,-0.0400,persisted
electricity_hourly_coarse_relation_001,25,50,4776,4800,4751,4800,1.0000,stable,stable,dominant_stable,dominant_stable,0.3200,-0.2800,-0.0400,persisted
electricity_hourly_coarse_relation_001,25,50,4801,4825,4801,4850,1.0000,stable,stable,dominant_stable,dominant_stable,0.2600,-0.2400,-0.0200,persisted
electricity_hourly_coarse_relation_001,25,50,4826,4850,4801,4850,1.0000,stable,stable,dominant_stable,dominant_stable,0.2200,-0.2400,0.0200,persisted
electricity_hourly_coarse_relation_001,25,50,4851,4875,4851,4900,1.0000,stable,stable,dominant_stable,dominant_stable,0.0800,-0.0800,0.0000,persisted
electricity_hourly_coarse_relation_001,25,50,4876,4900,4851,4900,1.0000,stable,stable,dominant_stable,dominant_stable,0.2000,-0.2000,0.0000,persisted
electricity_hourly_coarse_relation_001,25,50,4901,4925,4901,4950,1.0000,stable,stable,dominant_stable,dominant_stable,0.2000,-0.2000,0.0000,persisted
electricity_hourly_coarse_relation_001,25,50,4926,4950,4901,4950,1.0000,stable,stable,dominant_stable,dominant_stable,0.2000,-0.2000,0.0000,persisted
electricity_hourly_coarse_relation_001,25,50,4951,4975,4951,5000,1.0000,stable,stable,dominant_stable,dominant_stable,0.2800,-0.2400,-0.0400,persisted
electricity_hourly_coarse_relation_001,25,50,4976,5000,4951,5000,1.0000,stable,stable,dominant_stable,dominant_stable,0.3200,-0.2800,-0.0400,persisted
electricity_hourly_coarse_relation_001,25,50,5001,5025,5001,5050,1.0000,stable,stable,dominant_stable,dominant_stable,0.2800,-0.2800,0.0000,persisted
electricity_hourly_coarse_relation_001,25,50,5026,5050,5001,5050,1.0000,stable,stable,dominant_stable,dominant_stable,0.2000,-0.2000,0.0000,persisted
electricity_hourly_coarse_relation_001,25,50,5051,5075,5051,5100,1.0000,stable,stable,dominant_stable,dominant_stable,0.1800,-0.2000,0.0200,persisted
electricity_hourly_coarse_relation_001,25,50,5076,5100,5051,5100,1.0000,stable,stable,dominant_stable,dominant_stable,0.1000,-0.0800,-0.0200,persisted
electricity_hourly_coarse_relation_001,25,50,5101,5125,5101,5150,1.0000,stable,stable,dominant_stable,dominant_stable,0.0800,-0.0800,0.0000,persisted
electricity_hourly_coarse_relation_001,25,50,5126,5150,5101,5150,1.0000,stable,stable,dominant_stable,dominant_stable,0.2000,-0.2000,0.0000,persisted
electricity_hourly_coarse_relation_001,25,50,5151,5175,5151,5200,1.0000,stable,stable,dominant_stable,dominant_stable,0.2000,-0.2000,0.0000,persisted
electricity_hourly_coarse_relation_001,25,50,5176,5200,5151,5200,1.0000,stable,stable,dominant_stable,dominant_stable,0.0800,-0.0800,0.0000,persisted
electricity_hourly_coarse_relation_001,25,50,5201,5225,5201,5250,1.0000,stable,stable,dominant_stable,dominant_stable,0.1600,-0.1600,0.0000,persisted
electricity_hourly_coarse_relation_001,25,50,5226,5250,5201,5250,1.0000,stable,stable,dominant_stable,dominant_stable,0.1600,-0.1200,-0.0400,persisted
electricity_hourly_coarse_relation_001,25,50,5251,5275,5251,5300,1.0000,stable,stable,dominant_stable,dominant_stable,0.2000,-0.2000,0.0000,persisted
electricity_hourly_coarse_relation_001,25,50,5276,5300,5251,5300,1.0000,stable,stable,dominant_stable,dominant_stable,0.3200,-0.3200,0.0000,persisted
electricity_hourly_coarse_relation_001,25,50,5301,5325,5301,5350,1.0000,stable,stable,dominant_stable,dominant_stable,0.3400,-0.3200,-0.0200,persisted
electricity_hourly_coarse_relation_001,25,50,5326,5350,5301,5350,1.0000,stable,stable,dominant_stable,dominant_stable,0.0600,-0.0800,0.0200,persisted
electricity_hourly_coarse_relation_001,25,50,5351,5375,5351,5400,1.0000,stable,stable,dominant_stable,dominant_stable,0.0800,-0.0800,0.0000,persisted
electricity_hourly_coarse_relation_001,25,50,5376,5400,5351,5400,1.0000,stable,stable,dominant_stable,dominant_stable,0.2000,-0.2000,0.0000,persisted
electricity_hourly_coarse_relation_001,25,50,5401,5425,5401,5450,1.0000,stable,stable,dominant_stable,dominant_stable,0.2400,-0.2400,0.0000,persisted
electricity_hourly_coarse_relation_001,25,50,5426,5450,5401,5450,1.0000,stable,stable,dominant_stable,dominant_stable,0.3200,-0.3200,0.0000,persisted
electricity_hourly_coarse_relation_001,25,50,5451,5475,5451,5500,1.0000,stable,stable,dominant_stable,dominant_stable,0.2800,-0.2800,0.0000,persisted
electricity_hourly_coarse_relation_001,25,50,5476,5500,5451,5500,1.0000,stable,stable,dominant_stable,dominant_stable,0.2800,-0.2800,0.0000,persisted
electricity_hourly_coarse_relation_001,25,50,5501,5525,5501,5550,1.0000,stable,stable,dominant_stable,dominant_stable,0.1600,-0.1600,0.0000,persisted
electricity_hourly_coarse_relation_001,25,50,5526,5550,5501,5550,1.0000,stable,stable,dominant_stable,dominant_stable,0.3200,-0.3200,0.0000,persisted
electricity_hourly_coarse_relation_001,25,50,5551,5575,5551,5600,1.0000,stable,stable,dominant_stable,dominant_stable,0.3200,-0.3200,0.0000,persisted
electricity_hourly_coarse_relation_001,25,50,5576,5600,5551,5600,1.0000,stable,stable,dominant_stable,dominant_stable,0.2800,-0.2800,0.0000,persisted
electricity_hourly_coarse_relation_001,25,50,5601,5625,5601,5650,1.0000,stable,stable,dominant_stable,dominant_stable,0.0800,-0.0800,0.0000,persisted
electricity_hourly_coarse_relation_001,25,50,5626,5650,5601,5650,1.0000,stable,stable,dominant_stable,dominant_stable,0.2000,-0.2000,0.0000,persisted
electricity_hourly_coarse_relation_001,25,50,5651,5675,5651,5700,1.0000,stable,stable,dominant_stable,dominant_stable,0.2000,-0.2000,0.0000,persisted
electricity_hourly_coarse_relation_001,25,50,5676,5700,5651,5700,1.0000,stable,stable,dominant_stable,dominant_stable,0.1600,-0.1600,0.0000,persisted
electricity_hourly_coarse_relation_001,25,50,5701,5725,5701,5750,1.0000,stable,stable,dominant_stable,dominant_stable,0.1600,-0.1600,0.0000,persisted
electricity_hourly_coarse_relation_001,25,50,5726,5750,5701,5750,1.0000,stable,stable,dominant_stable,dominant_stable,0.1600,-0.1600,0.0000,persisted
electricity_hourly_coarse_relation_001,25,50,5751,5775,5751,5800,1.0000,stable,stable,dominant_stable,dominant_stable,0.2600,-0.2400,-0.0200,persisted
electricity_hourly_coarse_relation_001,25,50,5776,5800,5751,5800,1.0000,stable,stable,dominant_stable,dominant_stable,0.1400,-0.1600,0.0200,persisted
electricity_hourly_coarse_relation_001,25,50,5801,5825,5801,5850,1.0000,stable,stable,dominant_stable,dominant_stable,0.1600,-0.1600,0.0000,persisted
electricity_hourly_coarse_relation_001,25,50,5826,5850,5801,5850,1.0000,stable,stable,dominant_stable,dominant_stable,0.2800,-0.2800,0.0000,persisted
electricity_hourly_coarse_relation_001,25,50,5851,5875,5851,5900,1.0000,stable,stable,dominant_stable,dominant_stable,0.1600,-0.1600,0.0000,persisted
electricity_hourly_coarse_relation_001,25,50,5876,5900,5851,5900,1.0000,stable,stable,dominant_stable,dominant_stable,0.2000,-0.2000,0.0000,persisted
electricity_hourly_coarse_relation_001,25,50,5901,5925,5901,5950,1.0000,stable,stable,dominant_stable,dominant_stable,0.2600,-0.2800,0.0200,persisted
electricity_hourly_coarse_relation_001,25,50,5926,5950,5901,5950,1.0000,stable,stable,dominant_stable,dominant_stable,0.2200,-0.2000,-0.0200,persisted
electricity_hourly_coarse_relation_001,25,50,5951,5975,5951,6000,1.0000,stable,stable,dominant_stable,dominant_stable,0.3000,-0.3200,0.0200,persisted
electricity_hourly_coarse_relation_001,25,50,5976,6000,5951,6000,1.0000,stable,stable,dominant_stable,dominant_stable,0.3400,-0.3200,-0.0200,persisted
electricity_hourly_coarse_relation_001,25,50,6001,6025,6001,6050,1.0000,stable,stable,dominant_stable,dominant_stable,0.3600,-0.3600,0.0000,persisted
electricity_hourly_coarse_relation_001,25,50,6026,6050,6001,6050,1.0000,stable,stable,dominant_stable,dominant_stable,0.2400,-0.2400,0.0000,persisted
electricity_hourly_coarse_relation_001,25,50,6051,6075,6051,6100,1.0000,stable,stable,dominant_stable,dominant_stable,0.2800,-0.2800,0.0000,persisted
electricity_hourly_coarse_relation_001,25,50,6076,6100,6051,6100,1.0000,stable,stable,dominant_stable,dominant_stable,0.2800,-0.2800,0.0000,persisted
electricity_hourly_coarse_relation_001,25,50,6101,6125,6101,6150,1.0000,stable,stable,dominant_stable,dominant_stable,0.3200,-0.3200,0.0000,persisted
electricity_hourly_coarse_relation_001,25,50,6126,6150,6101,6150,1.0000,stable,stable,dominant_stable,dominant_stable,0.0800,-0.0800,0.0000,persisted
electricity_hourly_coarse_relation_001,25,50,6151,6175,6151,6200,1.0000,stable,stable,dominant_stable,dominant_stable,0.1000,-0.0800,-0.0200,persisted
electricity_hourly_coarse_relation_001,25,50,6176,6200,6151,6200,1.0000,stable,stable,dominant_stable,dominant_stable,0.1400,-0.1600,0.0200,persisted
electricity_hourly_coarse_relation_001,25,50,6201,6225,6201,6250,1.0000,stable,stable,dominant_stable,dominant_stable,0.2000,-0.2000,0.0000,persisted
electricity_hourly_coarse_relation_001,25,50,6226,6250,6201,6250,1.0000,stable,stable,dominant_stable,dominant_stable,0.1600,-0.1600,0.0000,persisted
electricity_hourly_coarse_relation_001,25,50,6251,6275,6251,6300,1.0000,stable,stable,dominant_stable,dominant_stable,0.1000,-0.0200,-0.0800,persisted
electricity_hourly_coarse_relation_001,25,50,6276,6300,6251,6300,1.0000,stable,stable,dominant_stable,dominant_stable,0.1800,-0.1400,-0.0400,persisted
electricity_hourly_coarse_relation_001,25,50,6301,6325,6301,6350,1.0000,stable,stable,dominant_stable,dominant_stable,0.2200,-0.2000,-0.0200,persisted
electricity_hourly_coarse_relation_001,25,50,6326,6350,6301,6350,1.0000,stable,stable,dominant_stable,dominant_stable,0.3000,-0.3200,0.0200,persisted
electricity_hourly_coarse_relation_001,25,50,6351,6375,6351,6400,1.0000,stable,stable,dominant_stable,dominant_stable,0.2200,-0.1400,-0.0800,persisted
electricity_hourly_coarse_relation_001,25,50,6376,6400,6351,6400,1.0000,stable,stable,dominant_stable,dominant_stable,0.2200,-0.1800,-0.0400,persisted
electricity_hourly_coarse_relation_001,25,50,6401,6425,6401,6450,1.0000,stable,stable,dominant_stable,dominant_stable,0.1800,-0.1600,-0.0200,persisted
electricity_hourly_coarse_relation_001,25,50,6426,6450,6401,6450,1.0000,stable,stable,dominant_stable,dominant_stable,0.2600,-0.2000,-0.0600,persisted
electricity_hourly_coarse_relation_001,25,50,6451,6475,6451,6500,1.0000,stable,stable,dominant_stable,dominant_stable,0.1400,-0.1600,0.0200,persisted
electricity_hourly_coarse_relation_001,25,50,6476,6500,6451,6500,1.0000,stable,stable,dominant_stable,dominant_stable,0.1000,0.0000,-0.1000,persisted
electricity_hourly_coarse_relation_001,25,50,6501,6525,6501,6550,1.0000,stable,stable,dominant_stable,dominant_stable,0.1200,-0.0200,-0.1000,persisted
electricity_hourly_coarse_relation_001,25,50,6526,6550,6501,6550,1.0000,stable,stable,dominant_stable,dominant_stable,0.1200,-0.1000,-0.0200,persisted
electricity_hourly_coarse_relation_001,25,50,6551,6575,6551,6600,1.0000,stable,stable,dominant_stable,dominant_stable,0.1200,-0.0400,-0.0800,persisted
electricity_hourly_coarse_relation_001,25,50,6576,6600,6551,6600,1.0000,stable,stable,dominant_stable,dominant_stable,0.0000,0.0800,-0.0800,persisted
electricity_hourly_coarse_relation_001,25,50,6601,6625,6601,6650,1.0000,stable,stable,dominant_stable,dominant_stable,0.0800,0.0000,-0.0800,persisted
electricity_hourly_coarse_relation_001,25,50,6626,6650,6601,6650,1.0000,stable,stable,dominant_stable,dominant_stable,0.0800,0.0000,-0.0800,persisted
electricity_hourly_coarse_relation_001,25,50,6651,6675,6651,6700,1.0000,stable,stable,dominant_stable,dominant_stable,0.2200,-0.1800,-0.0400,persisted
electricity_hourly_coarse_relation_001,25,50,6676,6700,6651,6700,1.0000,stable,stable,dominant_stable,dominant_stable,0.1800,-0.1000,-0.0800,persisted
electricity_hourly_coarse_relation_001,25,50,6701,6725,6701,6750,1.0000,stable,stable,dominant_stable,dominant_stable,0.1600,-0.0400,-0.1200,persisted
electricity_hourly_coarse_relation_001,25,50,6726,6750,6701,6750,1.0000,stable,stable,dominant_stable,dominant_stable,0.2400,-0.1600,-0.0800,persisted
electricity_hourly_coarse_relation_001,25,50,6751,6775,6751,6800,1.0000,stable,stable,dominant_stable,dominant_stable,0.2000,-0.1200,-0.0800,persisted
electricity_hourly_coarse_relation_001,25,50,6776,6800,6751,6800,1.0000,stable,stable,dominant_stable,dominant_stable,0.2000,-0.1200,-0.0800,persisted
electricity_hourly_coarse_relation_001,25,50,6801,6825,6801,6850,1.0000,stable,stable,dominant_stable,dominant_stable,0.2000,-0.1600,-0.0400,persisted
electricity_hourly_coarse_relation_001,25,50,6826,6850,6801,6850,1.0000,stable,stable,dominant_stable,dominant_stable,0.2000,-0.1600,-0.0400,persisted
electricity_hourly_coarse_relation_001,25,50,6851,6875,6851,6900,1.0000,stable,stable,dominant_stable,dominant_stable,0.2400,-0.1600,-0.0800,persisted
electricity_hourly_coarse_relation_001,25,50,6876,6900,6851,6900,1.0000,stable,stable,dominant_stable,dominant_stable,0.2400,-0.1600,-0.0800,persisted
electricity_hourly_coarse_relation_001,25,50,6901,6925,6901,6950,1.0000,stable,stable,dominant_stable,dominant_stable,0.2400,-0.2000,-0.0400,persisted
electricity_hourly_coarse_relation_001,25,50,6926,6950,6901,6950,1.0000,stable,stable,dominant_stable,dominant_stable,0.2000,-0.1600,-0.0400,persisted
electricity_hourly_coarse_relation_001,25,50,6951,6975,6951,7000,1.0000,stable,stable,dominant_stable,dominant_stable,0.2000,-0.1200,-0.0800,persisted
electricity_hourly_coarse_relation_001,25,50,6976,7000,6951,7000,1.0000,stable,stable,dominant_stable,dominant_stable,0.2000,-0.1200,-0.0800,persisted
electricity_hourly_coarse_relation_001,25,50,7001,7025,7001,7050,1.0000,stable,stable,dominant_stable,dominant_stable,0.1600,-0.1200,-0.0400,persisted
electricity_hourly_coarse_relation_001,25,50,7026,7050,7001,7050,1.0000,stable,stable,dominant_stable,dominant_stable,0.0800,0.0400,-0.1200,persisted
electricity_hourly_coarse_relation_001,25,50,7051,7075,7051,7100,1.0000,stable,stable,dominant_stable,dominant_stable,0.2200,-0.2000,-0.0200,persisted
electricity_hourly_coarse_relation_001,25,50,7076,7100,7051,7100,1.0000,stable,stable,dominant_stable,dominant_stable,0.3400,-0.3200,-0.0200,persisted
electricity_hourly_coarse_relation_001,25,50,7101,7125,7101,7150,1.0000,stable,stable,dominant_stable,dominant_stable,0.1800,-0.1000,-0.0800,persisted
electricity_hourly_coarse_relation_001,25,50,7126,7150,7101,7150,1.0000,stable,stable,dominant_stable,dominant_stable,0.2200,-0.1800,-0.0400,persisted
electricity_hourly_coarse_relation_001,25,50,7151,7175,7151,7200,1.0000,stable,stable,dominant_stable,dominant_stable,0.2000,-0.1600,-0.0400,persisted
electricity_hourly_coarse_relation_001,25,50,7176,7200,7151,7200,1.0000,stable,stable,dominant_stable,dominant_stable,0.0800,0.0000,-0.0800,persisted
electricity_hourly_coarse_relation_001,25,50,7201,7225,7201,7250,1.0000,stable,stable,dominant_stable,dominant_stable,0.0000,0.1000,-0.1000,persisted
electricity_hourly_coarse_relation_001,25,50,7226,7250,7201,7250,1.0000,stable,stable,dominant_stable,dominant_stable,0.0000,0.0200,-0.0200,persisted
electricity_hourly_coarse_relation_001,25,50,7251,7275,7251,7300,1.0000,stable,stable,dominant_stable,dominant_stable,0.2400,-0.1600,-0.0800,persisted
electricity_hourly_coarse_relation_001,25,50,7276,7300,7251,7300,1.0000,stable,stable,dominant_stable,dominant_stable,0.3200,-0.2800,-0.0400,persisted
electricity_hourly_coarse_relation_001,25,50,7301,7325,7301,7350,1.0000,stable,stable,dominant_stable,dominant_stable,0.2200,-0.1800,-0.0400,persisted
electricity_hourly_coarse_relation_001,25,50,7326,7350,7301,7350,1.0000,stable,stable,dominant_stable,dominant_stable,0.1800,-0.1000,-0.0800,persisted
electricity_hourly_coarse_relation_001,25,50,7351,7375,7351,7400,1.0000,stable,stable,dominant_stable,dominant_stable,0.2600,-0.1800,-0.0800,persisted
electricity_hourly_coarse_relation_001,25,50,7376,7400,7351,7400,1.0000,stable,stable,dominant_stable,dominant_stable,0.1800,-0.1400,-0.0400,persisted
electricity_hourly_coarse_relation_001,25,50,7401,7425,7401,7450,1.0000,stable,stable,dominant_stable,dominant_stable,0.0800,0.0000,-0.0800,persisted
electricity_hourly_coarse_relation_001,25,50,7426,7450,7401,7450,1.0000,stable,stable,dominant_stable,dominant_stable,0.2000,-0.1200,-0.0800,persisted
electricity_hourly_coarse_relation_001,25,50,7451,7475,7451,7500,1.0000,stable,stable,dominant_stable,dominant_stable,0.3200,-0.2800,-0.0400,persisted
electricity_hourly_coarse_relation_001,25,50,7476,7500,7451,7500,1.0000,stable,stable,dominant_stable,dominant_stable,0.2400,-0.1600,-0.0800,persisted
electricity_hourly_coarse_relation_001,25,50,7501,7525,7501,7550,1.0000,stable,stable,dominant_stable,dominant_stable,0.2400,-0.1600,-0.0800,persisted
electricity_hourly_coarse_relation_001,25,50,7526,7550,7501,7550,1.0000,stable,stable,dominant_stable,dominant_stable,0.2000,-0.1600,-0.0400,persisted
electricity_hourly_coarse_relation_001,25,50,7551,7575,7551,7600,1.0000,stable,stable,dominant_stable,dominant_stable,0.2400,-0.2000,-0.0400,persisted
electricity_hourly_coarse_relation_001,25,50,7576,7600,7551,7600,1.0000,stable,stable,dominant_stable,dominant_stable,0.0400,-0.0800,0.0400,persisted
electricity_hourly_coarse_relation_001,25,50,7601,7625,7601,7650,1.0000,stable,stable,dominant_stable,dominant_stable,0.1000,-0.0600,-0.0400,persisted
electricity_hourly_coarse_relation_001,25,50,7626,7650,7601,7650,1.0000,stable,stable,dominant_stable,dominant_stable,0.0600,-0.0200,-0.0400,persisted
electricity_hourly_coarse_relation_001,25,50,7651,7675,7651,7700,1.0000,stable,stable,dominant_stable,dominant_stable,0.2200,-0.1400,-0.0800,persisted
electricity_hourly_coarse_relation_001,25,50,7676,7700,7651,7700,1.0000,stable,stable,dominant_stable,dominant_stable,0.1800,-0.1000,-0.0800,persisted
electricity_hourly_coarse_relation_001,25,50,7701,7725,7701,7750,1.0000,stable,stable,dominant_stable,dominant_stable,0.1800,-0.1400,-0.0400,persisted
electricity_hourly_coarse_relation_001,25,50,7726,7750,7701,7750,1.0000,stable,stable,dominant_stable,dominant_stable,0.2600,-0.2600,0.0000,persisted
electricity_hourly_coarse_relation_001,25,50,7751,7775,7751,7800,1.0000,stable,stable,dominant_stable,dominant_stable,0.0600,-0.0400,-0.0200,persisted
electricity_hourly_coarse_relation_001,25,50,7776,7800,7751,7800,1.0000,stable,stable,dominant_stable,dominant_stable,0.1000,-0.0400,-0.0600,persisted
electricity_hourly_coarse_relation_001,25,50,7801,7825,7801,7850,1.0000,stable,stable,dominant_stable,dominant_stable,0.1200,-0.0800,-0.0400,persisted
electricity_hourly_coarse_relation_001,25,50,7826,7850,7801,7850,1.0000,stable,stable,dominant_stable,dominant_stable,0.0800,-0.0400,-0.0400,persisted
electricity_hourly_coarse_relation_001,25,50,7851,7875,7851,7900,1.0000,stable,stable,dominant_stable,dominant_stable,0.1600,-0.2000,0.0400,persisted
electricity_hourly_coarse_relation_001,25,50,7876,7900,7851,7900,1.0000,stable,stable,dominant_stable,dominant_stable,0.2400,-0.2000,-0.0400,persisted
electricity_hourly_coarse_relation_001,25,50,7901,7925,7901,7950,1.0000,stable,stable,dominant_stable,dominant_stable,0.2200,-0.1600,-0.0600,persisted
electricity_hourly_coarse_relation_001,25,50,7926,7950,7901,7950,1.0000,stable,stable,dominant_stable,dominant_stable,0.0600,-0.0400,-0.0200,persisted
electricity_hourly_coarse_relation_001,25,50,7951,7975,7951,8000,1.0000,stable,stable,dominant_stable,dominant_stable,0.1200,-0.0800,-0.0400,persisted
electricity_hourly_coarse_relation_001,25,50,7976,8000,7951,8000,1.0000,stable,stable,dominant_stable,dominant_stable,0.0000,0.0400,-0.0400,persisted
electricity_hourly_coarse_relation_001,25,50,8001,8025,8001,8050,1.0000,stable,stable,dominant_stable,dominant_stable,0.1400,-0.1200,-0.0200,persisted
electricity_hourly_coarse_relation_001,25,50,8026,8050,8001,8050,1.0000,stable,stable,dominant_stable,dominant_stable,0.1000,-0.1200,0.0200,persisted
electricity_hourly_coarse_relation_001,25,50,8051,8075,8051,8100,1.0000,stable,stable,dominant_stable,dominant_stable,0.1400,-0.1200,-0.0200,persisted
electricity_hourly_coarse_relation_001,25,50,8076,8100,8051,8100,1.0000,stable,stable,dominant_stable,dominant_stable,0.1000,-0.1200,0.0200,persisted
electricity_hourly_coarse_relation_001,25,50,8101,8125,8101,8150,1.0000,stable,stable,dominant_stable,dominant_stable,0.2200,-0.2400,0.0200,persisted
electricity_hourly_coarse_relation_001,25,50,8126,8150,8101,8150,1.0000,stable,stable,dominant_stable,dominant_stable,0.1800,-0.1200,-0.0600,persisted
electricity_hourly_coarse_relation_001,25,50,8151,8175,8151,8200,1.0000,stable,stable,dominant_stable,dominant_stable,0.1400,-0.1600,0.0200,persisted
electricity_hourly_coarse_relation_001,25,50,8176,8200,8151,8200,1.0000,stable,stable,dominant_stable,dominant_stable,0.3000,-0.2800,-0.0200,persisted
electricity_hourly_coarse_relation_001,25,50,8201,8225,8201,8250,1.0000,stable,stable,dominant_stable,dominant_stable,0.2000,-0.1200,-0.0800,persisted
electricity_hourly_coarse_relation_001,25,50,8226,8250,8201,8250,1.0000,stable,stable,dominant_stable,dominant_stable,0.2000,-0.1200,-0.0800,persisted
electricity_hourly_coarse_relation_001,25,50,8251,8275,8251,8300,1.0000,stable,stable,dominant_stable,dominant_stable,0.0600,-0.0800,0.0200,persisted
electricity_hourly_coarse_relation_001,25,50,8276,8300,8251,8300,1.0000,stable,stable,dominant_stable,dominant_stable,0.1400,-0.1200,-0.0200,persisted
electricity_hourly_coarse_relation_001,25,50,8301,8325,8301,8350,1.0000,stable,stable,dominant_stable,dominant_stable,0.1200,-0.0800,-0.0400,persisted
electricity_hourly_coarse_relation_001,25,50,8326,8350,8301,8350,1.0000,stable,stable,dominant_stable,dominant_stable,0.0800,-0.0400,-0.0400,persisted
electricity_hourly_coarse_relation_001,25,50,8351,8375,8351,8400,1.0000,stable,stable,dominant_stable,dominant_stable,0.2600,-0.2200,-0.0400,persisted
electricity_hourly_coarse_relation_001,25,50,8376,8400,8351,8400,1.0000,stable,stable,dominant_stable,dominant_stable,0.0200,0.0200,-0.0400,persisted
electricity_hourly_coarse_relation_001,25,50,8401,8425,8401,8450,1.0000,stable,stable,dominant_stable,dominant_stable,-0.0200,0.0800,-0.0600,persisted
electricity_hourly_coarse_relation_001,25,50,8426,8450,8401,8450,1.0000,stable,stable,dominant_stable,dominant_stable,0.0200,0.0800,-0.1000,persisted
electricity_hourly_coarse_relation_001,25,50,8451,8475,8451,8500,1.0000,stable,stable,dominant_stable,dominant_stable,0.1200,0.0000,-0.1200,persisted
electricity_hourly_coarse_relation_001,25,50,8476,8500,8451,8500,1.0000,stable,stable,dominant_stable,dominant_stable,0.1200,0.0000,-0.1200,persisted
electricity_hourly_coarse_relation_001,25,50,8501,8525,8501,8550,1.0000,stable,stable,dominant_stable,dominant_stable,0.1800,-0.1600,-0.0200,persisted
electricity_hourly_coarse_relation_001,25,50,8526,8550,8501,8550,1.0000,stable,stable,dominant_stable,dominant_stable,0.0600,0.0000,-0.0600,persisted
electricity_hourly_coarse_relation_001,25,50,8551,8575,8551,8600,1.0000,stable,stable,dominant_stable,dominant_stable,0.2800,-0.2400,-0.0400,persisted
electricity_hourly_coarse_relation_001,25,50,8576,8600,8551,8600,1.0000,stable,stable,dominant_stable,dominant_stable,0.2800,-0.2400,-0.0400,persisted
electricity_hourly_coarse_relation_001,25,50,8601,8625,8601,8650,1.0000,stable,stable,dominant_stable,dominant_stable,0.1400,-0.0800,-0.0600,persisted
electricity_hourly_coarse_relation_001,25,50,8626,8650,8601,8650,1.0000,stable,stable,dominant_stable,dominant_stable,0.0200,0.0400,-0.0600,persisted
electricity_hourly_coarse_relation_001,25,50,8651,8675,8651,8700,1.0000,stable,stable,dominant_stable,dominant_stable,0.1200,-0.1200,0.0000,persisted
electricity_hourly_coarse_relation_001,25,50,8676,8700,8651,8700,1.0000,stable,stable,dominant_stable,dominant_stable,0.2000,-0.2000,0.0000,persisted
electricity_hourly_coarse_relation_001,25,50,8701,8725,8701,8750,1.0000,stable,stable,dominant_stable,dominant_stable,0.1800,-0.1600,-0.0200,persisted
electricity_hourly_coarse_relation_001,25,50,8726,8750,8701,8750,1.0000,stable,stable,dominant_stable,dominant_stable,0.2600,-0.2000,-0.0600,persisted
electricity_hourly_coarse_relation_001,25,50,8751,8775,8751,8800,1.0000,stable,stable,dominant_stable,dominant_stable,0.0600,-0.0600,0.0000,persisted
electricity_hourly_coarse_relation_001,25,50,8776,8800,8751,8800,1.0000,stable,stable,dominant_stable,dominant_stable,0.0600,-0.0600,0.0000,persisted
electricity_hourly_coarse_relation_001,25,50,8801,8825,8801,8850,1.0000,stable,stable,dominant_stable,dominant_stable,0.1600,-0.1200,-0.0400,persisted
electricity_hourly_coarse_relation_001,25,50,8826,8850,8801,8850,1.0000,stable,stable,dominant_stable,dominant_stable,0.1200,-0.1200,0.0000,persisted
electricity_hourly_coarse_relation_001,25,50,8851,8875,8851,8900,1.0000,stable,stable,dominant_stable,dominant_stable,0.1600,-0.1600,0.0000,persisted
electricity_hourly_coarse_relation_001,25,50,8876,8900,8851,8900,1.0000,stable,stable,dominant_stable,dominant_stable,0.2000,-0.2000,0.0000,persisted
electricity_hourly_coarse_relation_001,25,50,8901,8925,8901,8950,1.0000,stable,stable,dominant_stable,dominant_stable,0.2000,-0.2000,0.0000,persisted
electricity_hourly_coarse_relation_001,25,50,8926,8950,8901,8950,1.0000,stable,stable,dominant_stable,dominant_stable,0.0800,-0.0800,0.0000,persisted
electricity_hourly_coarse_relation_001,25,50,8951,8975,8951,9000,1.0000,stable,stable,dominant_stable,dominant_stable,0.1200,-0.0800,-0.0400,persisted
electricity_hourly_coarse_relation_001,25,50,8976,9000,8951,9000,1.0000,stable,stable,dominant_stable,dominant_stable,0.1200,-0.0800,-0.0400,persisted
electricity_hourly_coarse_relation_001,25,50,9001,9025,9001,9050,1.0000,stable,stable,dominant_stable,dominant_stable,0.1200,-0.0800,-0.0400,persisted
electricity_hourly_coarse_relation_001,25,50,9026,9050,9001,9050,1.0000,stable,stable,dominant_stable,dominant_stable,0.0800,-0.0400,-0.0400,persisted
electricity_hourly_coarse_relation_001,25,50,9051,9075,9051,9100,1.0000,stable,stable,dominant_stable,dominant_stable,0.0800,-0.0800,0.0000,persisted
electricity_hourly_coarse_relation_001,25,50,9076,9100,9051,9100,1.0000,stable,stable,dominant_stable,dominant_stable,0.0800,-0.0800,0.0000,persisted
electricity_hourly_coarse_relation_001,25,50,9101,9125,9101,9150,1.0000,stable,stable,dominant_stable,dominant_stable,0.0800,-0.0800,0.0000,persisted
electricity_hourly_coarse_relation_001,25,50,9126,9150,9101,9150,1.0000,stable,stable,dominant_stable,dominant_stable,0.0800,-0.0800,0.0000,persisted
electricity_hourly_coarse_relation_001,25,50,9151,9175,9151,9200,1.0000,stable,stable,dominant_stable,dominant_stable,0.0800,-0.0800,0.0000,persisted
electricity_hourly_coarse_relation_001,25,50,9176,9200,9151,9200,1.0000,stable,stable,dominant_stable,dominant_stable,0.0000,0.0000,0.0000,persisted
electricity_hourly_coarse_relation_001,25,50,9201,9225,9201,9250,1.0000,stable,stable,dominant_stable,dominant_stable,0.2200,-0.1600,-0.0600,persisted
electricity_hourly_coarse_relation_001,25,50,9226,9250,9201,9250,1.0000,stable,stable,dominant_stable,dominant_stable,0.1000,-0.0800,-0.0200,persisted
electricity_hourly_coarse_relation_001,25,50,9251,9275,9251,9300,1.0000,stable,stable,dominant_stable,dominant_stable,0.0000,0.0000,0.0000,persisted
electricity_hourly_coarse_relation_001,25,50,9276,9300,9251,9300,1.0000,stable,stable,dominant_stable,dominant_stable,0.1200,-0.1200,0.0000,persisted
electricity_hourly_coarse_relation_001,25,50,9301,9325,9301,9350,1.0000,stable,stable,dominant_stable,dominant_stable,0.1200,-0.1200,0.0000,persisted
electricity_hourly_coarse_relation_001,25,50,9326,9350,9301,9350,1.0000,stable,stable,dominant_stable,dominant_stable,0.1200,-0.1200,0.0000,persisted
electricity_hourly_coarse_relation_001,25,50,9351,9375,9351,9400,1.0000,stable,stable,dominant_stable,dominant_stable,0.1200,-0.1200,0.0000,persisted
electricity_hourly_coarse_relation_001,25,50,9376,9400,9351,9400,1.0000,stable,stable,dominant_stable,dominant_stable,0.2400,-0.2400,0.0000,persisted
electricity_hourly_coarse_relation_001,25,50,9401,9425,9401,9450,1.0000,stable,stable,dominant_stable,dominant_stable,0.1200,-0.1200,0.0000,persisted
electricity_hourly_coarse_relation_001,25,50,9426,9450,9401,9450,1.0000,stable,stable,dominant_stable,dominant_stable,0.0800,-0.0800,0.0000,persisted
electricity_hourly_coarse_relation_001,25,50,9451,9475,9451,9500,1.0000,stable,stable,dominant_stable,dominant_stable,0.0000,0.0000,0.0000,persisted
electricity_hourly_coarse_relation_001,25,50,9476,9500,9451,9500,1.0000,stable,stable,dominant_stable,dominant_stable,0.0000,0.0000,0.0000,persisted
electricity_hourly_coarse_relation_001,25,50,9501,9525,9501,9550,1.0000,stable,stable,dominant_stable,dominant_stable,0.0000,0.0000,0.0000,persisted
electricity_hourly_coarse_relation_001,25,50,9526,9550,9501,9550,1.0000,stable,stable,dominant_stable,dominant_stable,0.1200,-0.1200,0.0000,persisted
electricity_hourly_coarse_relation_001,25,50,9551,9575,9551,9600,1.0000,stable,stable,dominant_stable,dominant_stable,0.1200,-0.1200,0.0000,persisted
electricity_hourly_coarse_relation_001,25,50,9576,9600,9551,9600,1.0000,stable,stable,dominant_stable,dominant_stable,0.2400,-0.2400,0.0000,persisted
electricity_hourly_coarse_relation_001,25,50,9601,9625,9601,9650,1.0000,stable,stable,dominant_stable,dominant_stable,0.2400,-0.2400,0.0000,persisted
electricity_hourly_coarse_relation_001,25,50,9626,9650,9601,9650,1.0000,stable,stable,dominant_stable,dominant_stable,0.2400,-0.2400,0.0000,persisted
electricity_hourly_coarse_relation_001,25,50,9651,9675,9651,9700,1.0000,stable,stable,dominant_stable,dominant_stable,0.2400,-0.2400,0.0000,persisted
electricity_hourly_coarse_relation_001,25,50,9676,9700,9651,9700,1.0000,stable,stable,dominant_stable,dominant_stable,0.2400,-0.2400,0.0000,persisted
electricity_hourly_coarse_relation_001,25,50,9701,9725,9701,9750,1.0000,stable,stable,dominant_stable,dominant_stable,0.2400,-0.2400,0.0000,persisted
electricity_hourly_coarse_relation_001,25,50,9726,9750,9701,9750,1.0000,stable,stable,dominant_stable,dominant_stable,0.3600,-0.3600,0.0000,persisted
electricity_hourly_coarse_relation_001,25,50,9751,9775,9751,9800,1.0000,stable,stable,dominant_stable,dominant_stable,0.1600,-0.1600,0.0000,persisted
electricity_hourly_coarse_relation_001,25,50,9776,9800,9751,9800,1.0000,stable,stable,dominant_stable,dominant_stable,0.0000,0.0000,0.0000,persisted
electricity_hourly_coarse_relation_001,25,50,9801,9825,9801,9850,1.0000,stable,stable,dominant_stable,dominant_stable,0.1200,-0.1200,0.0000,persisted
electricity_hourly_coarse_relation_001,25,50,9826,9850,9801,9850,1.0000,stable,stable,dominant_stable,dominant_stable,0.0000,0.0000,0.0000,persisted
electricity_hourly_coarse_relation_001,25,50,9851,9875,9851,9900,1.0000,stable,stable,dominant_stable,dominant_stable,0.0000,0.0000,0.0000,persisted
electricity_hourly_coarse_relation_001,25,50,9876,9900,9851,9900,1.0000,stable,stable,dominant_stable,dominant_stable,0.2400,-0.2400,0.0000,persisted
electricity_hourly_coarse_relation_001,25,50,9901,9925,9901,9950,1.0000,stable,stable,dominant_stable,dominant_stable,0.2000,-0.2000,0.0000,persisted
electricity_hourly_coarse_relation_001,25,50,9926,9950,9901,9950,1.0000,stable,stable,dominant_stable,dominant_stable,0.2000,-0.2000,0.0000,persisted
electricity_hourly_coarse_relation_001,25,50,9951,9975,9951,10000,1.0000,stable,stable,dominant_stable,dominant_stable,0.0800,-0.0800,0.0000,persisted
electricity_hourly_coarse_relation_001,25,50,9976,10000,9951,10000,1.0000,stable,stable,dominant_stable,dominant_stable,0.1200,-0.1200,0.0000,persisted
electricity_hourly_coarse_relation_001,25,50,10001,10025,10001,10050,1.0000,stable,stable,dominant_stable,dominant_stable,0.0000,0.0000,0.0000,persisted
electricity_hourly_coarse_relation_001,25,50,10026,10050,10001,10050,1.0000,stable,stable,dominant_stable,dominant_stable,0.0000,0.0000,0.0000,persisted
electricity_hourly_coarse_relation_001,25,50,10051,10075,10051,10100,1.0000,stable,stable,dominant_stable,dominant_stable,0.2400,-0.2400,0.0000,persisted
electricity_hourly_coarse_relation_001,25,50,10076,10100,10051,10100,1.0000,stable,stable,dominant_stable,dominant_stable,0.0800,-0.0800,0.0000,persisted
electricity_hourly_coarse_relation_001,25,50,10101,10125,10101,10150,1.0000,stable,stable,dominant_stable,dominant_stable,0.1200,-0.1200,0.0000,persisted
electricity_hourly_coarse_relation_001,25,50,10126,10150,10101,10150,1.0000,stable,stable,dominant_stable,dominant_stable,0.1200,-0.1200,0.0000,persisted
electricity_hourly_coarse_relation_001,25,50,10151,10175,10151,10200,1.0000,stable,stable,dominant_stable,dominant_stable,0.0800,-0.0800,0.0000,persisted
electricity_hourly_coarse_relation_001,25,50,10176,10200,10151,10200,1.0000,stable,stable,dominant_stable,dominant_stable,0.0800,-0.0800,0.0000,persisted
electricity_hourly_coarse_relation_001,25,50,10201,10225,10201,10250,1.0000,stable,stable,dominant_stable,dominant_stable,0.1200,-0.1200,0.0000,persisted
electricity_hourly_coarse_relation_001,25,50,10226,10250,10201,10250,1.0000,stable,stable,dominant_stable,dominant_stable,0.1200,-0.1200,0.0000,persisted
electricity_hourly_coarse_relation_001,25,50,10251,10275,10251,10300,1.0000,stable,stable,dominant_stable,dominant_stable,0.0800,-0.0800,0.0000,persisted
electricity_hourly_coarse_relation_001,25,50,10276,10300,10251,10300,1.0000,stable,stable,dominant_stable,dominant_stable,0.2000,-0.2000,0.0000,persisted
electricity_hourly_coarse_relation_001,25,50,10301,10325,10301,10350,1.0000,stable,stable,dominant_stable,dominant_stable,0.0800,-0.0800,0.0000,persisted
electricity_hourly_coarse_relation_001,25,50,10326,10350,10301,10350,1.0000,stable,stable,dominant_stable,dominant_stable,0.1200,-0.1200,0.0000,persisted
electricity_hourly_coarse_relation_001,25,50,10351,10375,10351,10400,1.0000,stable,stable,dominant_stable,dominant_stable,0.1200,-0.1200,0.0000,persisted
electricity_hourly_coarse_relation_001,25,50,10376,10400,10351,10400,1.0000,stable,stable,dominant_stable,dominant_stable,0.1200,-0.1200,0.0000,persisted
electricity_hourly_coarse_relation_001,25,50,10401,10425,10401,10450,1.0000,stable,stable,dominant_stable,dominant_stable,0.2200,-0.2000,-0.0200,persisted
electricity_hourly_coarse_relation_001,25,50,10426,10450,10401,10450,1.0000,stable,stable,dominant_stable,dominant_stable,0.2200,-0.2400,0.0200,persisted
electricity_hourly_coarse_relation_001,25,50,10451,10475,10451,10500,1.0000,stable,stable,dominant_stable,dominant_stable,0.0000,0.0000,0.0000,persisted
electricity_hourly_coarse_relation_001,25,50,10476,10500,10451,10500,1.0000,stable,stable,dominant_stable,dominant_stable,0.1200,-0.1200,0.0000,persisted
electricity_hourly_coarse_relation_001,25,50,10501,10525,10501,10550,1.0000,stable,stable,dominant_stable,dominant_stable,0.2400,-0.2400,0.0000,persisted
electricity_hourly_coarse_relation_001,25,50,10526,10550,10501,10550,1.0000,stable,stable,dominant_stable,dominant_stable,0.0800,-0.0800,0.0000,persisted
electricity_hourly_coarse_relation_001,25,50,10551,10575,10551,10600,1.0000,stable,stable,dominant_stable,dominant_stable,0.2400,-0.2400,0.0000,persisted
electricity_hourly_coarse_relation_001,25,50,10576,10600,10551,10600,1.0000,stable,stable,dominant_stable,dominant_stable,0.2000,-0.2000,0.0000,persisted
electricity_hourly_coarse_relation_001,25,50,10601,10625,10601,10650,1.0000,stable,stable,dominant_stable,dominant_stable,0.1600,-0.1600,0.0000,persisted
electricity_hourly_coarse_relation_001,25,50,10626,10650,10601,10650,1.0000,stable,stable,dominant_stable,dominant_stable,0.2000,-0.2000,0.0000,persisted
electricity_hourly_coarse_relation_001,25,50,10651,10675,10651,10700,1.0000,stable,stable,dominant_stable,dominant_stable,0.2000,-0.2000,0.0000,persisted
electricity_hourly_coarse_relation_001,25,50,10676,10700,10651,10700,1.0000,stable,stable,dominant_stable,dominant_stable,0.2000,-0.2000,0.0000,persisted
electricity_hourly_coarse_relation_001,25,50,10701,10725,10701,10750,1.0000,stable,stable,dominant_stable,dominant_stable,0.1200,-0.1200,0.0000,persisted
electricity_hourly_coarse_relation_001,25,50,10726,10750,10701,10750,1.0000,stable,stable,dominant_stable,dominant_stable,0.2000,-0.2000,0.0000,persisted
electricity_hourly_coarse_relation_001,25,50,10751,10775,10751,10800,1.0000,stable,stable,dominant_stable,dominant_stable,0.0800,-0.0800,0.0000,persisted
electricity_hourly_coarse_relation_001,25,50,10776,10800,10751,10800,1.0000,stable,stable,dominant_stable,dominant_stable,0.0800,-0.0800,0.0000,persisted
electricity_hourly_coarse_relation_001,25,50,10801,10825,10801,10850,1.0000,stable,stable,dominant_stable,dominant_stable,0.1200,-0.1200,0.0000,persisted
electricity_hourly_coarse_relation_001,25,50,10826,10850,10801,10850,1.0000,stable,stable,dominant_stable,dominant_stable,0.1200,-0.1200,0.0000,persisted
electricity_hourly_coarse_relation_001,25,50,10851,10875,10851,10900,1.0000,stable,stable,dominant_stable,dominant_stable,0.1000,-0.1200,0.0200,persisted
electricity_hourly_coarse_relation_001,25,50,10876,10900,10851,10900,1.0000,stable,stable,dominant_stable,dominant_stable,0.1800,-0.1200,-0.0600,persisted
electricity_hourly_coarse_relation_001,25,50,10901,10925,10901,10950,1.0000,stable,stable,dominant_stable,dominant_stable,0.0000,0.0000,0.0000,persisted
electricity_hourly_coarse_relation_001,25,50,10926,10950,10901,10950,1.0000,stable,stable,dominant_stable,dominant_stable,0.1600,-0.1600,0.0000,persisted
electricity_hourly_coarse_relation_001,25,50,10951,10975,10951,11000,1.0000,stable,stable,dominant_stable,dominant_stable,0.0800,-0.0400,-0.0400,persisted
electricity_hourly_coarse_relation_001,25,50,10976,11000,10951,11000,1.0000,stable,stable,dominant_stable,dominant_stable,0.1200,-0.0800,-0.0400,persisted
electricity_hourly_coarse_relation_001,25,50,11001,11025,11001,11050,1.0000,stable,stable,dominant_stable,dominant_stable,0.0600,-0.0800,0.0200,persisted
electricity_hourly_coarse_relation_001,25,50,11026,11050,11001,11050,1.0000,stable,stable,dominant_stable,dominant_stable,0.1400,-0.1200,-0.0200,persisted
electricity_hourly_coarse_relation_001,25,50,11051,11075,11051,11100,1.0000,stable,stable,dominant_stable,dominant_stable,0.1200,-0.1200,0.0000,persisted
electricity_hourly_coarse_relation_001,25,50,11076,11100,11051,11100,1.0000,stable,stable,dominant_stable,dominant_stable,0.2000,-0.2000,0.0000,persisted
electricity_hourly_coarse_relation_001,25,50,11101,11125,11101,11150,1.0000,stable,stable,dominant_stable,dominant_stable,0.2400,-0.2400,0.0000,persisted
electricity_hourly_coarse_relation_001,25,50,11126,11150,11101,11150,1.0000,stable,stable,dominant_stable,dominant_stable,0.0800,-0.0800,0.0000,persisted
electricity_hourly_coarse_relation_001,25,50,11151,11175,11151,11200,1.0000,stable,stable,dominant_stable,dominant_stable,0.1200,-0.1200,0.0000,persisted
electricity_hourly_coarse_relation_001,25,50,11176,11200,11151,11200,1.0000,stable,stable,dominant_stable,dominant_stable,0.1200,-0.1200,0.0000,persisted
electricity_hourly_coarse_relation_001,25,50,11201,11225,11201,11250,1.0000,stable,stable,dominant_stable,dominant_stable,0.1000,-0.1200,0.0200,persisted
electricity_hourly_coarse_relation_001,25,50,11226,11250,11201,11250,1.0000,stable,stable,dominant_stable,dominant_stable,0.2200,-0.2000,-0.0200,persisted
electricity_hourly_coarse_relation_001,25,50,11251,11275,11251,11300,1.0000,stable,stable,dominant_stable,dominant_stable,0.2200,-0.2200,0.0000,persisted
electricity_hourly_coarse_relation_001,25,50,11276,11300,11251,11300,1.0000,stable,stable,dominant_stable,dominant_stable,0.0600,-0.0200,-0.0400,persisted
electricity_hourly_coarse_relation_001,25,50,11301,11325,11301,11350,1.0000,stable,stable,dominant_stable,dominant_stable,0.1800,-0.1600,-0.0200,persisted
electricity_hourly_coarse_relation_001,25,50,11326,11350,11301,11350,1.0000,stable,stable,dominant_stable,dominant_stable,0.1000,-0.0400,-0.0600,persisted
electricity_hourly_coarse_relation_001,25,50,11351,11375,11351,11400,1.0000,stable,stable,dominant_stable,dominant_stable,0.0000,0.0800,-0.0800,persisted
electricity_hourly_coarse_relation_001,25,50,11376,11400,11351,11400,1.0000,stable,stable,dominant_stable,dominant_stable,0.0000,0.0800,-0.0800,persisted
electricity_hourly_coarse_relation_001,25,50,11401,11425,11401,11450,1.0000,stable,stable,dominant_stable,dominant_stable,0.0800,0.0000,-0.0800,persisted
electricity_hourly_coarse_relation_001,25,50,11426,11450,11401,11450,1.0000,stable,stable,dominant_stable,dominant_stable,0.0800,0.0000,-0.0800,persisted
electricity_hourly_coarse_relation_001,25,50,11451,11475,11451,11500,1.0000,stable,stable,dominant_stable,dominant_stable,0.2000,-0.2000,0.0000,persisted
electricity_hourly_coarse_relation_001,25,50,11476,11500,11451,11500,1.0000,stable,stable,dominant_stable,dominant_stable,0.0800,-0.0800,0.0000,persisted
electricity_hourly_coarse_relation_001,25,50,11501,11525,11501,11550,1.0000,stable,stable,dominant_stable,dominant_stable,0.1200,0.0000,-0.1200,persisted
electricity_hourly_coarse_relation_001,25,50,11526,11550,11501,11550,1.0000,stable,stable,dominant_stable,dominant_stable,0.1200,0.0000,-0.1200,persisted
electricity_hourly_coarse_relation_001,25,50,11551,11575,11551,11600,1.0000,stable,stable,dominant_stable,dominant_stable,0.2400,-0.2000,-0.0400,persisted
electricity_hourly_coarse_relation_001,25,50,11576,11600,11551,11600,1.0000,stable,stable,dominant_stable,dominant_stable,0.1600,-0.2000,0.0400,persisted
electricity_hourly_coarse_relation_001,25,50,11601,11625,11601,11650,1.0000,stable,stable,dominant_stable,dominant_stable,0.0400,-0.0400,0.0000,persisted
electricity_hourly_coarse_relation_001,25,50,11626,11650,11601,11650,1.0000,stable,stable,dominant_stable,dominant_stable,0.2800,-0.2800,0.0000,persisted
electricity_hourly_coarse_relation_001,25,50,11651,11675,11651,11700,1.0000,stable,stable,dominant_stable,dominant_stable,0.1200,-0.1200,0.0000,persisted
electricity_hourly_coarse_relation_001,25,50,11676,11700,11651,11700,1.0000,stable,stable,dominant_stable,dominant_stable,0.2000,-0.2000,0.0000,persisted
electricity_hourly_coarse_relation_001,25,50,11701,11725,11701,11750,1.0000,stable,stable,dominant_stable,dominant_stable,0.0800,-0.1000,0.0200,persisted
electricity_hourly_coarse_relation_001,25,50,11726,11750,11701,11750,1.0000,stable,stable,dominant_stable,dominant_stable,0.2000,-0.1400,-0.0600,persisted
electricity_hourly_coarse_relation_001,25,50,11751,11775,11751,11800,1.0000,stable,stable,dominant_stable,dominant_stable,0.1200,-0.0400,-0.0800,persisted
electricity_hourly_coarse_relation_001,25,50,11776,11800,11751,11800,1.0000,stable,stable,dominant_stable,dominant_stable,0.0800,0.0000,-0.0800,persisted
electricity_hourly_coarse_relation_001,25,50,11801,11825,11801,11850,1.0000,stable,stable,dominant_stable,dominant_stable,0.2200,-0.1600,-0.0600,persisted
electricity_hourly_coarse_relation_001,25,50,11826,11850,11801,11850,1.0000,stable,stable,dominant_stable,dominant_stable,0.1800,-0.1600,-0.0200,persisted
electricity_hourly_coarse_relation_001,25,50,11851,11875,11851,11900,1.0000,stable,stable,dominant_stable,dominant_stable,0.2000,-0.1200,-0.0800,persisted
electricity_hourly_coarse_relation_001,25,50,11876,11900,11851,11900,1.0000,stable,stable,dominant_stable,dominant_stable,0.2000,-0.1200,-0.0800,persisted
electricity_hourly_coarse_relation_001,25,50,11901,11925,11901,11950,1.0000,stable,stable,dominant_stable,dominant_stable,0.1200,-0.0200,-0.1000,persisted
electricity_hourly_coarse_relation_001,25,50,11926,11950,11901,11950,1.0000,stable,stable,dominant_stable,dominant_stable,0.1200,-0.1000,-0.0200,persisted
electricity_hourly_coarse_relation_001,25,50,11951,11975,11951,12000,1.0000,stable,stable,dominant_stable,dominant_stable,0.2200,-0.1600,-0.0600,persisted
electricity_hourly_coarse_relation_001,25,50,11976,12000,11951,12000,1.0000,stable,stable,dominant_stable,dominant_stable,0.0600,-0.0400,-0.0200,persisted
electricity_hourly_coarse_relation_001,25,50,12001,12025,12001,12050,1.0000,stable,stable,dominant_stable,dominant_stable,0.1000,-0.0800,-0.0200,persisted
electricity_hourly_coarse_relation_001,25,50,12026,12050,12001,12050,1.0000,stable,stable,dominant_stable,dominant_stable,0.0600,-0.0800,0.0200,persisted
electricity_hourly_coarse_relation_001,25,50,12051,12075,12051,12100,1.0000,stable,stable,dominant_stable,dominant_stable,0.1200,-0.0400,-0.0800,persisted
electricity_hourly_coarse_relation_001,25,50,12076,12100,12051,12100,1.0000,stable,stable,dominant_stable,dominant_stable,0.1200,-0.0400,-0.0800,persisted
electricity_hourly_coarse_relation_001,25,50,12101,12125,12101,12150,1.0000,stable,stable,dominant_stable,dominant_stable,0.1600,-0.1600,0.0000,persisted
electricity_hourly_coarse_relation_001,25,50,12126,12150,12101,12150,1.0000,stable,stable,dominant_stable,dominant_stable,0.1600,-0.1600,0.0000,persisted
electricity_hourly_coarse_relation_001,25,50,12151,12175,12151,12200,1.0000,stable,stable,dominant_stable,dominant_stable,0.1200,-0.0400,-0.0800,persisted
electricity_hourly_coarse_relation_001,25,50,12176,12200,12151,12200,1.0000,stable,stable,dominant_stable,dominant_stable,0.1200,-0.0400,-0.0800,persisted
electricity_hourly_coarse_relation_001,25,50,12201,12225,12201,12250,1.0000,stable,stable,dominant_stable,dominant_stable,0.1200,-0.0200,-0.1000,persisted
electricity_hourly_coarse_relation_001,25,50,12226,12250,12201,12250,1.0000,stable,stable,dominant_stable,dominant_stable,0.1200,-0.1000,-0.0200,persisted
electricity_hourly_coarse_relation_001,25,50,12251,12275,12251,12300,1.0000,stable,stable,dominant_stable,dominant_stable,0.1400,-0.0600,-0.0800,persisted
electricity_hourly_coarse_relation_001,25,50,12276,12300,12251,12300,1.0000,stable,stable,dominant_stable,dominant_stable,0.1000,0.0200,-0.1200,persisted
electricity_hourly_coarse_relation_001,25,50,12301,12325,12301,12350,1.0000,stable,stable,dominant_stable,dominant_stable,0.1200,-0.0400,-0.0800,persisted
electricity_hourly_coarse_relation_001,25,50,12326,12350,12301,12350,1.0000,stable,stable,dominant_stable,dominant_stable,0.1200,-0.0400,-0.0800,persisted
electricity_hourly_coarse_relation_001,25,50,12351,12375,12351,12400,1.0000,stable,stable,dominant_stable,dominant_stable,0.0000,0.0800,-0.0800,persisted
electricity_hourly_coarse_relation_001,25,50,12376,12400,12351,12400,1.0000,stable,stable,dominant_stable,dominant_stable,0.1200,-0.0400,-0.0800,persisted
electricity_hourly_coarse_relation_001,25,50,12401,12425,12401,12450,1.0000,stable,stable,dominant_stable,dominant_stable,0.1200,-0.1000,-0.0200,persisted
electricity_hourly_coarse_relation_001,25,50,12426,12450,12401,12450,1.0000,stable,stable,dominant_stable,dominant_stable,0.1200,-0.0200,-0.1000,persisted
electricity_hourly_coarse_relation_001,25,50,12451,12475,12451,12500,1.0000,stable,stable,dominant_stable,dominant_stable,0.1800,-0.1000,-0.0800,persisted
electricity_hourly_coarse_relation_001,25,50,12476,12500,12451,12500,1.0000,stable,stable,dominant_stable,dominant_stable,0.2200,-0.1800,-0.0400,persisted
electricity_hourly_coarse_relation_001,25,50,12501,12525,12501,12550,1.0000,stable,stable,dominant_stable,dominant_stable,0.1200,0.0000,-0.1200,persisted
electricity_hourly_coarse_relation_001,25,50,12526,12550,12501,12550,1.0000,stable,stable,dominant_stable,dominant_stable,0.1200,0.0000,-0.1200,persisted
electricity_hourly_coarse_relation_001,25,50,12551,12575,12551,12600,1.0000,stable,stable,dominant_stable,dominant_stable,0.1400,-0.1000,-0.0400,persisted
electricity_hourly_coarse_relation_001,25,50,12576,12600,12551,12600,1.0000,stable,stable,dominant_stable,dominant_stable,-0.0200,0.1000,-0.0800,persisted
electricity_hourly_coarse_relation_001,25,50,12601,12625,12601,12650,1.0000,stable,stable,dominant_stable,dominant_stable,0.0000,0.1200,-0.1200,persisted
electricity_hourly_coarse_relation_001,25,50,12626,12650,12601,12650,1.0000,stable,stable,dominant_stable,dominant_stable,0.0000,0.1200,-0.1200,persisted
electricity_hourly_coarse_relation_001,25,50,12651,12675,12651,12700,1.0000,stable,stable,dominant_stable,dominant_stable,0.2600,-0.2200,-0.0400,persisted
electricity_hourly_coarse_relation_001,25,50,12676,12700,12651,12700,1.0000,stable,stable,dominant_stable,dominant_stable,0.1400,-0.0200,-0.1200,persisted
electricity_hourly_coarse_relation_001,25,50,12701,12725,12701,12750,1.0000,stable,stable,dominant_stable,dominant_stable,0.2200,-0.1800,-0.0400,persisted
electricity_hourly_coarse_relation_001,25,50,12726,12750,12701,12750,1.0000,stable,stable,dominant_stable,dominant_stable,0.2200,-0.1400,-0.0800,persisted
electricity_hourly_coarse_relation_001,25,50,12751,12775,12751,12800,1.0000,stable,stable,dominant_stable,dominant_stable,0.2400,-0.1600,-0.0800,persisted
electricity_hourly_coarse_relation_001,25,50,12776,12800,12751,12800,1.0000,stable,stable,dominant_stable,dominant_stable,0.2000,-0.1200,-0.0800,persisted
electricity_hourly_coarse_relation_001,25,50,12801,12825,12801,12850,1.0000,stable,stable,dominant_stable,dominant_stable,0.1000,-0.0200,-0.0800,persisted
electricity_hourly_coarse_relation_001,25,50,12826,12850,12801,12850,1.0000,stable,stable,dominant_stable,dominant_stable,0.1400,-0.1000,-0.0400,persisted
electricity_hourly_coarse_relation_001,25,50,12851,12875,12851,12900,1.0000,stable,stable,dominant_stable,dominant_stable,0.1200,-0.1000,-0.0200,persisted
electricity_hourly_coarse_relation_001,25,50,12876,12900,12851,12900,1.0000,stable,stable,dominant_stable,dominant_stable,0.1200,-0.0200,-0.1000,persisted
electricity_hourly_coarse_relation_001,25,50,12901,12925,12901,12950,1.0000,stable,stable,dominant_stable,dominant_stable,0.2000,-0.1600,-0.0400,persisted
electricity_hourly_coarse_relation_001,25,50,12926,12950,12901,12950,1.0000,stable,stable,dominant_stable,dominant_stable,0.2000,-0.1600,-0.0400,persisted
electricity_hourly_coarse_relation_001,25,50,12951,12975,12951,13000,1.0000,stable,stable,dominant_stable,dominant_stable,0.2000,-0.1200,-0.0800,persisted
electricity_hourly_coarse_relation_001,25,50,12976,13000,12951,13000,1.0000,stable,stable,dominant_stable,dominant_stable,0.2000,-0.1200,-0.0800,persisted
electricity_hourly_coarse_relation_001,25,50,13001,13025,13001,13050,1.0000,stable,stable,dominant_stable,dominant_stable,0.2400,-0.2000,-0.0400,persisted
electricity_hourly_coarse_relation_001,25,50,13026,13050,13001,13050,1.0000,stable,stable,dominant_stable,dominant_stable,0.2400,-0.2000,-0.0400,persisted
electricity_hourly_coarse_relation_001,25,50,13051,13075,13051,13100,1.0000,stable,stable,dominant_stable,dominant_stable,0.1200,-0.0800,-0.0400,persisted
electricity_hourly_coarse_relation_001,25,50,13076,13100,13051,13100,1.0000,stable,stable,dominant_stable,dominant_stable,0.1200,-0.0800,-0.0400,persisted
electricity_hourly_coarse_relation_001,25,50,13101,13125,13101,13150,1.0000,stable,stable,dominant_stable,dominant_stable,0.2000,-0.2000,0.0000,persisted
electricity_hourly_coarse_relation_001,25,50,13126,13150,13101,13150,1.0000,stable,stable,dominant_stable,dominant_stable,0.3600,-0.3600,0.0000,persisted
electricity_hourly_coarse_relation_001,25,50,13151,13175,13151,13200,1.0000,stable,stable,dominant_stable,dominant_stable,0.3200,-0.2800,-0.0400,persisted
electricity_hourly_coarse_relation_001,25,50,13176,13200,13151,13200,1.0000,stable,stable,dominant_stable,dominant_stable,0.2000,-0.1600,-0.0400,persisted
electricity_hourly_coarse_relation_001,25,50,13201,13225,13201,13250,1.0000,stable,stable,mixed,dominant_stable,0.4400,-0.4400,0.0000,persisted
electricity_hourly_coarse_relation_001,25,50,13226,13250,13201,13250,1.0000,stable,stable,mixed,dominant_stable,0.4400,-0.4400,0.0000,persisted
electricity_hourly_coarse_relation_001,25,50,13251,13275,13251,13300,1.0000,stable,stable,dominant_stable,dominant_stable,0.3400,-0.3400,0.0000,persisted
electricity_hourly_coarse_relation_001,25,50,13276,13300,13251,13300,1.0000,stable,stable,dominant_stable,dominant_stable,0.3400,-0.3000,-0.0400,persisted
electricity_hourly_coarse_relation_001,25,50,13301,13325,13301,13350,1.0000,stable,stable,dominant_stable,dominant_stable,0.4000,-0.4000,0.0000,persisted
electricity_hourly_coarse_relation_001,25,50,13326,13350,13301,13350,1.0000,stable,stable,dominant_stable,dominant_stable,0.2800,-0.2800,0.0000,persisted
electricity_hourly_coarse_relation_001,25,50,13351,13375,13351,13400,1.0000,stable,stable,dominant_stable,dominant_stable,0.3600,-0.3600,0.0000,persisted
electricity_hourly_coarse_relation_001,25,50,13376,13400,13351,13400,1.0000,stable,stable,dominant_stable,dominant_stable,0.2800,-0.2800,0.0000,persisted
electricity_hourly_coarse_relation_001,25,50,13401,13425,13401,13450,1.0000,stable,stable,dominant_stable,dominant_stable,0.2800,-0.2800,0.0000,persisted
electricity_hourly_coarse_relation_001,25,50,13426,13450,13401,13450,1.0000,stable,stable,dominant_stable,dominant_stable,0.1600,-0.1600,0.0000,persisted
electricity_hourly_coarse_relation_001,25,50,13451,13475,13451,13500,1.0000,stable,stable,dominant_stable,dominant_stable,0.1600,-0.1600,0.0000,persisted
electricity_hourly_coarse_relation_001,25,50,13476,13500,13451,13500,1.0000,stable,stable,dominant_stable,dominant_stable,0.2000,-0.2000,0.0000,persisted
electricity_hourly_coarse_relation_001,25,50,13501,13525,13501,13550,1.0000,stable,stable,dominant_stable,dominant_stable,0.2600,-0.2800,0.0200,persisted
electricity_hourly_coarse_relation_001,25,50,13526,13550,13501,13550,1.0000,stable,stable,dominant_stable,dominant_stable,0.1800,-0.1600,-0.0200,persisted
electricity_hourly_coarse_relation_001,25,50,13551,13575,13551,13600,1.0000,stable,stable,dominant_stable,dominant_stable,0.3200,-0.2800,-0.0400,persisted
electricity_hourly_coarse_relation_001,25,50,13576,13600,13551,13600,1.0000,stable,stable,dominant_stable,dominant_stable,0.3200,-0.2800,-0.0400,persisted
electricity_hourly_coarse_relation_001,25,50,13601,13625,13601,13650,1.0000,stable,stable,dominant_stable,dominant_stable,0.2000,-0.2000,0.0000,persisted
electricity_hourly_coarse_relation_001,25,50,13626,13650,13601,13650,1.0000,stable,stable,dominant_stable,dominant_stable,0.3200,-0.3200,0.0000,persisted
electricity_hourly_coarse_relation_001,25,50,13651,13675,13651,13700,1.0000,stable,stable,dominant_stable,dominant_stable,0.3200,-0.2800,-0.0400,persisted
electricity_hourly_coarse_relation_001,25,50,13676,13700,13651,13700,1.0000,stable,stable,dominant_stable,dominant_stable,0.2000,-0.1600,-0.0400,persisted
electricity_hourly_coarse_relation_001,25,50,13701,13725,13701,13750,1.0000,stable,stable,dominant_stable,dominant_stable,0.2000,-0.1600,-0.0400,persisted
electricity_hourly_coarse_relation_001,25,50,13726,13750,13701,13750,1.0000,stable,stable,dominant_stable,dominant_stable,0.3200,-0.2800,-0.0400,persisted
electricity_hourly_coarse_relation_001,25,50,13751,13775,13751,13800,1.0000,stable,stable,dominant_stable,dominant_stable,0.3400,-0.3200,-0.0200,persisted
electricity_hourly_coarse_relation_001,25,50,13776,13800,13751,13800,1.0000,stable,stable,dominant_stable,dominant_stable,0.3000,-0.3200,0.0200,persisted
electricity_hourly_coarse_relation_001,25,50,13801,13825,13801,13850,1.0000,stable,stable,dominant_stable,dominant_stable,0.3600,-0.3600,0.0000,persisted
electricity_hourly_coarse_relation_001,25,50,13826,13850,13801,13850,1.0000,stable,stable,dominant_stable,dominant_stable,0.2400,-0.2400,0.0000,persisted
electricity_hourly_coarse_relation_001,25,50,13851,13875,13851,13900,1.0000,stable,stable,dominant_stable,dominant_stable,0.3200,-0.3200,0.0000,persisted
electricity_hourly_coarse_relation_001,25,50,13876,13900,13851,13900,1.0000,stable,stable,dominant_stable,dominant_stable,0.2800,-0.2800,0.0000,persisted
electricity_hourly_coarse_relation_001,25,50,13901,13925,13901,13950,1.0000,stable,stable,dominant_stable,dominant_stable,0.3400,-0.3200,-0.0200,persisted
electricity_hourly_coarse_relation_001,25,50,13926,13950,13901,13950,1.0000,stable,stable,dominant_stable,dominant_stable,0.3000,-0.3200,0.0200,persisted
electricity_hourly_coarse_relation_001,25,50,13951,13975,13951,14000,1.0000,stable,stable,dominant_stable,dominant_stable,0.2000,-0.2000,0.0000,persisted
electricity_hourly_coarse_relation_001,25,50,13976,14000,13951,14000,1.0000,stable,stable,dominant_stable,dominant_stable,0.3200,-0.3200,0.0000,persisted
electricity_hourly_coarse_relation_001,25,50,14001,14025,14001,14050,1.0000,stable,stable,dominant_stable,dominant_stable,0.0600,-0.0800,0.0200,persisted
electricity_hourly_coarse_relation_001,25,50,14026,14050,14001,14050,1.0000,stable,stable,dominant_stable,dominant_stable,0.1800,-0.1600,-0.0200,persisted
electricity_hourly_coarse_relation_001,25,50,14051,14075,14051,14100,1.0000,stable,stable,dominant_stable,dominant_stable,0.2000,-0.1600,-0.0400,persisted
electricity_hourly_coarse_relation_001,25,50,14076,14100,14051,14100,1.0000,stable,stable,dominant_stable,dominant_stable,0.0800,-0.0400,-0.0400,persisted
electricity_hourly_coarse_relation_001,25,50,14101,14125,14101,14150,1.0000,stable,stable,dominant_stable,dominant_stable,0.3200,-0.2800,-0.0400,persisted
electricity_hourly_coarse_relation_001,25,50,14126,14150,14101,14150,1.0000,stable,stable,dominant_stable,dominant_stable,0.3200,-0.2800,-0.0400,persisted
electricity_hourly_coarse_relation_001,25,50,14151,14175,14151,14200,1.0000,stable,stable,dominant_stable,dominant_stable,0.3200,-0.2800,-0.0400,persisted
electricity_hourly_coarse_relation_001,25,50,14176,14200,14151,14200,1.0000,stable,stable,dominant_stable,dominant_stable,0.3200,-0.2800,-0.0400,persisted
electricity_hourly_coarse_relation_001,25,50,14201,14225,14201,14250,1.0000,stable,stable,dominant_stable,dominant_stable,0.3400,-0.3200,-0.0200,persisted
electricity_hourly_coarse_relation_001,25,50,14226,14250,14201,14250,1.0000,stable,stable,dominant_stable,dominant_stable,0.1400,-0.1600,0.0200,persisted
electricity_hourly_coarse_relation_001,25,50,14251,14275,14251,14300,1.0000,stable,stable,dominant_stable,dominant_stable,0.2000,-0.2000,0.0000,persisted
electricity_hourly_coarse_relation_001,25,50,14276,14300,14251,14300,1.0000,stable,stable,dominant_stable,dominant_stable,0.2000,-0.2000,0.0000,persisted
electricity_hourly_coarse_relation_001,25,50,14301,14325,14301,14350,1.0000,stable,stable,dominant_stable,dominant_stable,0.1600,-0.1600,0.0000,persisted
electricity_hourly_coarse_relation_001,25,50,14326,14350,14301,14350,1.0000,stable,stable,dominant_stable,dominant_stable,0.2000,-0.2000,0.0000,persisted
electricity_hourly_coarse_relation_001,25,50,14351,14375,14351,14400,1.0000,stable,stable,dominant_stable,dominant_stable,0.3600,-0.3600,0.0000,persisted
electricity_hourly_coarse_relation_001,25,50,14376,14400,14351,14400,1.0000,stable,stable,dominant_stable,dominant_stable,0.2000,-0.2000,0.0000,persisted
electricity_hourly_coarse_relation_001,25,50,14401,14425,14401,14450,1.0000,stable,stable,dominant_stable,dominant_stable,0.3800,-0.3600,-0.0200,persisted
electricity_hourly_coarse_relation_001,25,50,14426,14450,14401,14450,1.0000,stable,stable,dominant_stable,dominant_stable,0.3400,-0.3600,0.0200,persisted
electricity_hourly_coarse_relation_001,25,50,14451,14475,14451,14500,1.0000,stable,stable,dominant_stable,dominant_stable,0.2600,-0.2800,0.0200,persisted
electricity_hourly_coarse_relation_001,25,50,14476,14500,14451,14500,1.0000,stable,stable,dominant_stable,dominant_stable,0.3000,-0.2800,-0.0200,persisted
electricity_hourly_coarse_relation_001,25,50,14501,14525,14501,14550,1.0000,stable,stable,dominant_stable,dominant_stable,0.2600,-0.2800,0.0200,persisted
electricity_hourly_coarse_relation_001,25,50,14526,14550,14501,14550,1.0000,stable,stable,dominant_stable,dominant_stable,0.3000,-0.2800,-0.0200,persisted
electricity_hourly_coarse_relation_001,25,50,14551,14575,14551,14600,1.0000,stable,stable,dominant_stable,dominant_stable,0.2400,-0.2000,-0.0400,persisted
electricity_hourly_coarse_relation_001,25,50,14576,14600,14551,14600,1.0000,stable,stable,dominant_stable,dominant_stable,0.2800,-0.2400,-0.0400,persisted
electricity_hourly_coarse_relation_001,25,50,14601,14625,14601,14650,1.0000,stable,stable,dominant_stable,dominant_stable,0.2800,-0.2800,0.0000,persisted
electricity_hourly_coarse_relation_001,25,50,14626,14650,14601,14650,1.0000,stable,stable,dominant_stable,dominant_stable,0.1600,-0.1600,0.0000,persisted
electricity_hourly_coarse_relation_001,25,50,14651,14675,14651,14700,1.0000,stable,stable,dominant_stable,dominant_stable,0.1800,-0.1600,-0.0200,persisted
electricity_hourly_coarse_relation_001,25,50,14676,14700,14651,14700,1.0000,stable,stable,dominant_stable,dominant_stable,0.1800,-0.2000,0.0200,persisted
electricity_hourly_coarse_relation_001,25,50,14701,14725,14701,14750,1.0000,stable,stable,dominant_stable,dominant_stable,0.3000,-0.2800,-0.0200,persisted
electricity_hourly_coarse_relation_001,25,50,14726,14750,14701,14750,1.0000,stable,stable,dominant_stable,dominant_stable,0.2600,-0.2800,0.0200,persisted
electricity_hourly_coarse_relation_001,25,50,14751,14775,14751,14800,1.0000,stable,stable,dominant_stable,dominant_stable,0.3400,-0.3200,-0.0200,persisted
electricity_hourly_coarse_relation_001,25,50,14776,14800,14751,14800,1.0000,stable,stable,dominant_stable,dominant_stable,0.2600,-0.2800,0.0200,persisted
electricity_hourly_coarse_relation_001,25,50,14801,14825,14801,14850,1.0000,stable,stable,dominant_stable,dominant_stable,0.2400,-0.1800,-0.0600,persisted
electricity_hourly_coarse_relation_001,25,50,14826,14850,14801,14850,1.0000,stable,stable,dominant_stable,dominant_stable,0.2000,-0.2200,0.0200,persisted
electricity_hourly_coarse_relation_001,25,50,14851,14875,14851,14900,1.0000,stable,stable,dominant_stable,dominant_stable,0.2600,-0.2400,-0.0200,persisted
electricity_hourly_coarse_relation_001,25,50,14876,14900,14851,14900,1.0000,stable,stable,dominant_stable,dominant_stable,0.2600,-0.2800,0.0200,persisted
electricity_hourly_coarse_relation_001,25,50,14901,14925,14901,14950,1.0000,stable,stable,dominant_stable,dominant_stable,0.3000,-0.2800,-0.0200,persisted
electricity_hourly_coarse_relation_001,25,50,14926,14950,14901,14950,1.0000,stable,stable,dominant_stable,dominant_stable,0.1800,-0.2000,0.0200,persisted
electricity_hourly_coarse_relation_001,25,50,14951,14975,14951,15000,1.0000,stable,stable,dominant_stable,dominant_stable,0.2200,-0.2000,-0.0200,persisted
electricity_hourly_coarse_relation_001,25,50,14976,15000,14951,15000,1.0000,stable,stable,dominant_stable,dominant_stable,0.3000,-0.3200,0.0200,persisted
electricity_hourly_coarse_relation_001,25,50,15001,15025,15001,15050,1.0000,stable,stable,dominant_stable,dominant_stable,0.1200,-0.0800,-0.0400,persisted
electricity_hourly_coarse_relation_001,25,50,15026,15050,15001,15050,1.0000,stable,stable,dominant_stable,dominant_stable,0.1200,-0.0800,-0.0400,persisted
electricity_hourly_coarse_relation_001,25,50,15051,15075,15051,15100,1.0000,stable,stable,dominant_stable,dominant_stable,0.3200,-0.3200,0.0000,persisted
electricity_hourly_coarse_relation_001,25,50,15076,15100,15051,15100,1.0000,stable,stable,dominant_stable,dominant_stable,0.1200,-0.1200,0.0000,persisted
electricity_hourly_coarse_relation_001,25,50,15101,15125,15101,15150,1.0000,stable,stable,dominant_stable,dominant_stable,0.3400,-0.3200,-0.0200,persisted
electricity_hourly_coarse_relation_001,25,50,15126,15150,15101,15150,1.0000,stable,stable,dominant_stable,dominant_stable,0.3000,-0.3200,0.0200,persisted
electricity_hourly_coarse_relation_001,25,50,15151,15175,15151,15200,1.0000,stable,stable,dominant_stable,dominant_stable,0.2200,-0.2200,0.0000,persisted
electricity_hourly_coarse_relation_001,25,50,15176,15200,15151,15200,1.0000,stable,stable,dominant_stable,dominant_stable,0.2200,-0.1800,-0.0400,persisted
electricity_hourly_coarse_relation_001,25,50,15201,15225,15201,15250,1.0000,stable,stable,dominant_stable,dominant_stable,0.1800,-0.1400,-0.0400,persisted
electricity_hourly_coarse_relation_001,25,50,15226,15250,15201,15250,1.0000,stable,stable,dominant_stable,dominant_stable,0.2600,-0.2600,0.0000,persisted
electricity_hourly_coarse_relation_001,25,50,15251,15275,15251,15300,1.0000,stable,stable,dominant_stable,dominant_stable,0.2600,-0.2800,0.0200,persisted
electricity_hourly_coarse_relation_001,25,50,15276,15300,15251,15300,1.0000,stable,stable,dominant_stable,dominant_stable,0.2600,-0.2400,-0.0200,persisted
electricity_hourly_coarse_relation_001,25,50,15301,15325,15301,15350,1.0000,stable,stable,dominant_stable,dominant_stable,0.3000,-0.2800,-0.0200,persisted
electricity_hourly_coarse_relation_001,25,50,15326,15350,15301,15350,1.0000,stable,stable,dominant_stable,dominant_stable,0.3000,-0.3200,0.0200,persisted
electricity_hourly_coarse_relation_001,25,50,15351,15375,15351,15400,1.0000,stable,stable,dominant_stable,dominant_stable,0.2200,-0.2000,-0.0200,persisted
electricity_hourly_coarse_relation_001,25,50,15376,15400,15351,15400,1.0000,stable,stable,dominant_stable,dominant_stable,0.2200,-0.1600,-0.0600,persisted
electricity_hourly_coarse_relation_001,25,50,15401,15425,15401,15450,1.0000,stable,stable,dominant_stable,dominant_stable,0.1800,-0.1600,-0.0200,persisted
electricity_hourly_coarse_relation_001,25,50,15426,15450,15401,15450,1.0000,stable,stable,dominant_stable,dominant_stable,0.2200,-0.1600,-0.0600,persisted
electricity_hourly_coarse_relation_001,25,50,15451,15475,15451,15500,1.0000,stable,stable,dominant_stable,dominant_stable,0.1000,0.0200,-0.1200,persisted
electricity_hourly_coarse_relation_001,25,50,15476,15500,15451,15500,1.0000,stable,stable,dominant_stable,dominant_stable,0.1400,-0.0600,-0.0800,persisted
electricity_hourly_coarse_relation_001,25,50,15501,15525,15501,15550,1.0000,stable,stable,dominant_stable,dominant_stable,0.2000,-0.1200,-0.0800,persisted
electricity_hourly_coarse_relation_001,25,50,15526,15550,15501,15550,1.0000,stable,stable,dominant_stable,dominant_stable,0.2000,-0.1200,-0.0800,persisted
electricity_hourly_coarse_relation_001,25,50,15551,15575,15551,15600,1.0000,stable,stable,dominant_stable,dominant_stable,0.1200,-0.0400,-0.0800,persisted
electricity_hourly_coarse_relation_001,25,50,15576,15600,15551,15600,1.0000,stable,stable,dominant_stable,dominant_stable,0.0000,0.0800,-0.0800,persisted
electricity_hourly_coarse_relation_001,25,50,15601,15625,15601,15650,1.0000,stable,stable,dominant_stable,dominant_stable,-0.0200,0.1400,-0.1200,persisted
electricity_hourly_coarse_relation_001,25,50,15626,15650,15601,15650,1.0000,stable,stable,dominant_stable,dominant_stable,0.0200,0.0600,-0.0800,persisted
electricity_hourly_coarse_relation_001,25,50,15651,15675,15651,15700,1.0000,stable,stable,dominant_stable,dominant_stable,0.1400,-0.0600,-0.0800,persisted
electricity_hourly_coarse_relation_001,25,50,15676,15700,15651,15700,1.0000,stable,stable,dominant_stable,dominant_stable,0.1000,0.0200,-0.1200,persisted
electricity_hourly_coarse_relation_001,25,50,15701,15725,15701,15750,1.0000,stable,stable,dominant_stable,dominant_stable,0.1000,0.0200,-0.1200,persisted
electricity_hourly_coarse_relation_001,25,50,15726,15750,15701,15750,1.0000,stable,stable,dominant_stable,dominant_stable,0.1400,-0.0600,-0.0800,persisted
electricity_hourly_coarse_relation_001,25,50,15751,15775,15751,15800,1.0000,stable,stable,dominant_stable,dominant_stable,0.1400,-0.0600,-0.0800,persisted
electricity_hourly_coarse_relation_001,25,50,15776,15800,15751,15800,1.0000,stable,stable,dominant_stable,dominant_stable,0.1000,0.0200,-0.1200,persisted
electricity_hourly_coarse_relation_001,25,50,15801,15825,15801,15850,1.0000,stable,stable,dominant_stable,dominant_stable,0.2000,-0.1200,-0.0800,persisted
electricity_hourly_coarse_relation_001,25,50,15826,15850,15801,15850,1.0000,stable,stable,dominant_stable,dominant_stable,0.2000,-0.1200,-0.0800,persisted
electricity_hourly_coarse_relation_001,25,50,15851,15875,15851,15900,1.0000,stable,stable,dominant_stable,dominant_stable,0.2400,-0.1600,-0.0800,persisted
electricity_hourly_coarse_relation_001,25,50,15876,15900,15851,15900,1.0000,stable,stable,dominant_stable,dominant_stable,0.2400,-0.1600,-0.0800,persisted
electricity_hourly_coarse_relation_001,25,50,15901,15925,15901,15950,1.0000,stable,stable,dominant_stable,dominant_stable,0.1400,-0.0600,-0.0800,persisted
electricity_hourly_coarse_relation_001,25,50,15926,15950,15901,15950,1.0000,stable,stable,dominant_stable,dominant_stable,0.1000,0.0200,-0.1200,persisted
electricity_hourly_coarse_relation_001,25,50,15951,15975,15951,16000,1.0000,stable,stable,dominant_stable,dominant_stable,0.1400,-0.0600,-0.0800,persisted
electricity_hourly_coarse_relation_001,25,50,15976,16000,15951,16000,1.0000,stable,stable,dominant_stable,dominant_stable,0.1000,0.0200,-0.1200,persisted
electricity_hourly_coarse_relation_001,25,50,16001,16025,16001,16050,1.0000,stable,stable,dominant_stable,dominant_stable,0.1400,-0.0600,-0.0800,persisted
electricity_hourly_coarse_relation_001,25,50,16026,16050,16001,16050,1.0000,stable,stable,dominant_stable,dominant_stable,-0.0200,-0.0200,0.0400,persisted
electricity_hourly_coarse_relation_001,25,50,16051,16075,16051,16100,1.0000,stable,stable,dominant_stable,dominant_stable,0.0400,-0.0400,0.0000,persisted
electricity_hourly_coarse_relation_001,25,50,16076,16100,16051,16100,1.0000,stable,stable,dominant_stable,dominant_stable,-0.0400,0.1200,-0.0800,persisted
electricity_hourly_coarse_relation_001,25,50,16101,16125,16101,16150,1.0000,stable,stable,dominant_stable,dominant_stable,0.0800,-0.0200,-0.0600,persisted
electricity_hourly_coarse_relation_001,25,50,16126,16150,16101,16150,1.0000,stable,stable,dominant_stable,dominant_stable,0.1600,-0.1000,-0.0600,persisted
electricity_hourly_coarse_relation_001,25,50,16151,16175,16151,16200,1.0000,stable,stable,dominant_stable,dominant_stable,0.0200,0.0800,-0.1000,persisted
electricity_hourly_coarse_relation_001,25,50,16176,16200,16151,16200,1.0000,stable,stable,dominant_stable,dominant_stable,-0.0200,0.0800,-0.0600,persisted
electricity_hourly_coarse_relation_001,25,50,16201,16225,16201,16250,1.0000,stable,stable,dominant_stable,dominant_stable,0.0200,0.0600,-0.0800,persisted
electricity_hourly_coarse_relation_001,25,50,16226,16250,16201,16250,1.0000,stable,stable,dominant_stable,dominant_stable,0.1000,0.0200,-0.1200,persisted
electricity_hourly_coarse_relation_001,25,50,16251,16275,16251,16300,1.0000,stable,stable,dominant_stable,dominant_stable,0.1400,-0.0400,-0.1000,persisted
electricity_hourly_coarse_relation_001,25,50,16276,16300,16251,16300,1.0000,stable,stable,dominant_stable,dominant_stable,0.1000,-0.0400,-0.0600,persisted
electricity_hourly_coarse_relation_001,25,50,16301,16325,16301,16350,1.0000,stable,stable,dominant_stable,dominant_stable,0.0000,0.0200,-0.0200,persisted
electricity_hourly_coarse_relation_001,25,50,16326,16350,16301,16350,1.0000,stable,stable,dominant_stable,dominant_stable,0.1200,-0.0200,-0.1000,persisted
electricity_hourly_coarse_relation_001,25,50,16351,16375,16351,16400,1.0000,stable,stable,dominant_stable,dominant_stable,0.2400,-0.1600,-0.0800,persisted
electricity_hourly_coarse_relation_001,25,50,16376,16400,16351,16400,1.0000,stable,stable,dominant_stable,dominant_stable,0.1600,-0.0400,-0.1200,persisted
electricity_hourly_coarse_relation_001,25,50,16401,16425,16401,16450,1.0000,stable,stable,dominant_stable,dominant_stable,0.0400,-0.0200,-0.0200,persisted
electricity_hourly_coarse_relation_001,25,50,16426,16450,16401,16450,1.0000,stable,stable,dominant_stable,dominant_stable,0.2800,-0.2600,-0.0200,persisted
electricity_hourly_coarse_relation_001,25,50,16451,16475,16451,16500,1.0000,stable,stable,dominant_stable,dominant_stable,0.2200,-0.2400,0.0200,persisted
electricity_hourly_coarse_relation_001,25,50,16476,16500,16451,16500,1.0000,stable,stable,dominant_stable,dominant_stable,0.1000,-0.0800,-0.0200,persisted
electricity_hourly_coarse_relation_001,25,50,16501,16525,16501,16550,1.0000,stable,stable,dominant_stable,dominant_stable,0.0600,0.0000,-0.0600,persisted
electricity_hourly_coarse_relation_001,25,50,16526,16550,16501,16550,1.0000,stable,stable,dominant_stable,dominant_stable,0.1000,-0.1200,0.0200,persisted
electricity_hourly_coarse_relation_001,25,50,16551,16575,16551,16600,1.0000,stable,stable,dominant_stable,dominant_stable,-0.0200,0.0000,0.0200,persisted
electricity_hourly_coarse_relation_001,25,50,16576,16600,16551,16600,1.0000,stable,stable,dominant_stable,dominant_stable,0.1000,-0.0800,-0.0200,persisted
electricity_hourly_coarse_relation_001,25,50,16601,16625,16601,16650,1.0000,stable,stable,dominant_stable,dominant_stable,0.2600,-0.2400,-0.0200,persisted
electricity_hourly_coarse_relation_001,25,50,16626,16650,16601,16650,1.0000,stable,stable,dominant_stable,dominant_stable,0.1000,-0.1200,0.0200,persisted
electricity_hourly_coarse_relation_001,25,50,16651,16675,16651,16700,1.0000,stable,stable,dominant_stable,dominant_stable,0.1200,-0.1200,0.0000,persisted
electricity_hourly_coarse_relation_001,25,50,16676,16700,16651,16700,1.0000,stable,stable,dominant_stable,dominant_stable,0.1200,-0.1200,0.0000,persisted
electricity_hourly_coarse_relation_001,25,50,16701,16725,16701,16750,1.0000,stable,stable,dominant_stable,dominant_stable,0.0000,0.0000,0.0000,persisted
electricity_hourly_coarse_relation_001,25,50,16726,16750,16701,16750,1.0000,stable,stable,dominant_stable,dominant_stable,0.1200,-0.1200,0.0000,persisted
electricity_hourly_coarse_relation_001,25,50,16751,16775,16751,16800,1.0000,stable,stable,dominant_stable,dominant_stable,0.1200,-0.1200,0.0000,persisted
electricity_hourly_coarse_relation_001,25,50,16776,16800,16751,16800,1.0000,stable,stable,dominant_stable,dominant_stable,0.0000,0.0000,0.0000,persisted
electricity_hourly_coarse_relation_001,25,50,16801,16825,16801,16850,1.0000,stable,stable,dominant_stable,dominant_stable,0.1000,-0.0800,-0.0200,persisted
electricity_hourly_coarse_relation_001,25,50,16826,16850,16801,16850,1.0000,stable,stable,dominant_stable,dominant_stable,0.1000,-0.1200,0.0200,persisted
electricity_hourly_coarse_relation_001,25,50,16851,16875,16851,16900,1.0000,stable,stable,dominant_stable,dominant_stable,0.0000,0.0000,0.0000,persisted
electricity_hourly_coarse_relation_001,25,50,16876,16900,16851,16900,1.0000,stable,stable,dominant_stable,dominant_stable,0.0000,0.0000,0.0000,persisted
electricity_hourly_coarse_relation_001,25,50,16901,16925,16901,16950,1.0000,stable,stable,dominant_stable,dominant_stable,0.0200,0.0000,-0.0200,persisted
electricity_hourly_coarse_relation_001,25,50,16926,16950,16901,16950,1.0000,stable,stable,dominant_stable,dominant_stable,0.1000,-0.1200,0.0200,persisted
electricity_hourly_coarse_relation_001,25,50,16951,16975,16951,17000,1.0000,stable,stable,dominant_stable,dominant_stable,0.0600,-0.0200,-0.0400,persisted
electricity_hourly_coarse_relation_001,25,50,16976,17000,16951,17000,1.0000,stable,stable,dominant_stable,dominant_stable,0.1400,-0.1400,0.0000,persisted
electricity_hourly_coarse_relation_001,25,50,17001,17025,17001,17050,1.0000,stable,stable,dominant_stable,dominant_stable,0.1000,-0.1200,0.0200,persisted
electricity_hourly_coarse_relation_001,25,50,17026,17050,17001,17050,1.0000,stable,stable,dominant_stable,dominant_stable,0.1400,-0.1200,-0.0200,persisted
electricity_hourly_coarse_relation_001,25,50,17051,17075,17051,17100,1.0000,stable,stable,dominant_stable,dominant_stable,0.0000,0.0000,0.0000,persisted
electricity_hourly_coarse_relation_001,25,50,17076,17100,17051,17100,1.0000,stable,stable,dominant_stable,dominant_stable,0.0800,-0.0800,0.0000,persisted
electricity_hourly_coarse_relation_001,25,50,17101,17125,17101,17150,1.0000,stable,stable,dominant_stable,dominant_stable,0.0800,-0.0400,-0.0400,persisted
electricity_hourly_coarse_relation_001,25,50,17126,17150,17101,17150,1.0000,stable,stable,dominant_stable,dominant_stable,0.1200,-0.0800,-0.0400,persisted
electricity_hourly_coarse_relation_001,25,50,17151,17175,17151,17200,1.0000,stable,stable,dominant_stable,dominant_stable,0.0800,-0.0800,0.0000,persisted
electricity_hourly_coarse_relation_001,25,50,17176,17200,17151,17200,1.0000,stable,stable,dominant_stable,dominant_stable,0.1600,-0.1600,0.0000,persisted
electricity_hourly_coarse_relation_001,25,50,17201,17225,17201,17250,1.0000,stable,stable,dominant_stable,dominant_stable,0.1000,-0.0800,-0.0200,persisted
electricity_hourly_coarse_relation_001,25,50,17226,17250,17201,17250,1.0000,stable,stable,dominant_stable,dominant_stable,0.1000,-0.0400,-0.0600,persisted
electricity_hourly_coarse_relation_001,25,50,17251,17275,17251,17300,1.0000,stable,stable,dominant_stable,dominant_stable,0.1200,-0.1200,0.0000,persisted
electricity_hourly_coarse_relation_001,25,50,17276,17300,17251,17300,1.0000,stable,stable,dominant_stable,dominant_stable,0.0400,0.0000,-0.0400,persisted
electricity_hourly_coarse_relation_001,25,50,17301,17325,17301,17350,1.0000,stable,stable,dominant_stable,dominant_stable,0.1200,-0.0800,-0.0400,persisted
electricity_hourly_coarse_relation_001,25,50,17326,17350,17301,17350,1.0000,stable,stable,dominant_stable,dominant_stable,0.0800,-0.0400,-0.0400,persisted
electricity_hourly_coarse_relation_001,25,50,17351,17375,17351,17400,1.0000,stable,stable,dominant_stable,dominant_stable,0.0800,-0.0400,-0.0400,persisted
electricity_hourly_coarse_relation_001,25,50,17376,17400,17351,17400,1.0000,stable,stable,dominant_stable,dominant_stable,-0.0800,0.0400,0.0400,persisted
electricity_hourly_coarse_relation_001,25,50,17401,17425,17401,17450,1.0000,stable,stable,dominant_stable,dominant_stable,-0.0400,0.0400,0.0000,persisted
electricity_hourly_coarse_relation_001,25,50,17426,17450,17401,17450,1.0000,stable,stable,dominant_stable,dominant_stable,0.1600,-0.1600,0.0000,persisted
electricity_hourly_coarse_relation_001,25,50,17451,17475,17451,17500,1.0000,stable,stable,dominant_stable,dominant_stable,0.1000,-0.0800,-0.0200,persisted
electricity_hourly_coarse_relation_001,25,50,17476,17500,17451,17500,1.0000,stable,stable,dominant_stable,dominant_stable,0.1000,-0.1200,0.0200,persisted
electricity_hourly_coarse_relation_001,25,50,17501,17525,17501,17550,1.0000,stable,stable,dominant_stable,dominant_stable,0.0800,-0.0800,0.0000,persisted
electricity_hourly_coarse_relation_001,25,50,17526,17550,17501,17550,1.0000,stable,stable,dominant_stable,dominant_stable,0.2400,-0.2400,0.0000,persisted
electricity_hourly_coarse_relation_001,25,50,17551,17575,17551,17600,1.0000,stable,stable,dominant_stable,dominant_stable,0.0200,0.0000,-0.0200,persisted
electricity_hourly_coarse_relation_001,25,50,17576,17600,17551,17600,1.0000,stable,stable,dominant_stable,dominant_stable,0.0200,0.0000,-0.0200,persisted
electricity_hourly_coarse_relation_001,25,50,17601,17625,17601,17650,1.0000,stable,stable,dominant_stable,dominant_stable,0.0800,-0.0400,-0.0400,persisted
electricity_hourly_coarse_relation_001,25,50,17626,17650,17601,17650,1.0000,stable,stable,dominant_stable,dominant_stable,0.0000,0.0400,-0.0400,persisted
electricity_hourly_coarse_relation_001,25,50,17651,17675,17651,17700,1.0000,stable,stable,dominant_stable,dominant_stable,0.1400,-0.1200,-0.0200,persisted
electricity_hourly_coarse_relation_001,25,50,17676,17700,17651,17700,1.0000,stable,stable,dominant_stable,dominant_stable,0.1000,-0.1200,0.0200,persisted
electricity_hourly_coarse_relation_001,25,50,17701,17725,17701,17750,1.0000,stable,stable,dominant_stable,dominant_stable,0.1400,-0.1200,-0.0200,persisted
electricity_hourly_coarse_relation_001,25,50,17726,17750,17701,17750,1.0000,stable,stable,dominant_stable,dominant_stable,-0.0200,0.0000,0.0200,persisted
electricity_hourly_coarse_relation_001,25,50,17751,17775,17751,17800,1.0000,stable,stable,dominant_stable,dominant_stable,0.0000,0.0000,0.0000,persisted
electricity_hourly_coarse_relation_001,25,50,17776,17800,17751,17800,1.0000,stable,stable,dominant_stable,dominant_stable,0.1200,-0.1200,0.0000,persisted
electricity_hourly_coarse_relation_001,25,50,17801,17825,17801,17850,1.0000,stable,stable,dominant_stable,dominant_stable,0.1400,-0.1200,-0.0200,persisted
electricity_hourly_coarse_relation_001,25,50,17826,17850,17801,17850,1.0000,stable,stable,dominant_stable,dominant_stable,0.0600,-0.0800,0.0200,persisted
electricity_hourly_coarse_relation_001,25,50,17851,17875,17851,17900,1.0000,stable,stable,dominant_stable,dominant_stable,0.1000,-0.1200,0.0200,persisted
electricity_hourly_coarse_relation_001,25,50,17876,17900,17851,17900,1.0000,stable,stable,dominant_stable,dominant_stable,0.1400,-0.1200,-0.0200,persisted
electricity_hourly_coarse_relation_001,25,50,17901,17925,17901,17950,1.0000,stable,stable,dominant_stable,dominant_stable,0.1000,-0.1200,0.0200,persisted
electricity_hourly_coarse_relation_001,25,50,17926,17950,17901,17950,1.0000,stable,stable,dominant_stable,dominant_stable,0.1400,-0.1200,-0.0200,persisted
electricity_hourly_coarse_relation_001,25,50,17951,17975,17951,18000,1.0000,stable,stable,dominant_stable,dominant_stable,0.1200,-0.1200,0.0000,persisted
electricity_hourly_coarse_relation_001,25,50,17976,18000,17951,18000,1.0000,stable,stable,dominant_stable,dominant_stable,0.0000,0.0000,0.0000,persisted
electricity_hourly_coarse_relation_001,25,50,18001,18025,18001,18050,1.0000,stable,stable,dominant_stable,dominant_stable,0.1000,-0.1200,0.0200,persisted
electricity_hourly_coarse_relation_001,25,50,18026,18050,18001,18050,1.0000,stable,stable,dominant_stable,dominant_stable,0.0200,0.0000,-0.0200,persisted
electricity_hourly_coarse_relation_001,25,50,18051,18075,18051,18100,1.0000,stable,stable,dominant_stable,dominant_stable,0.0000,0.0000,0.0000,persisted
electricity_hourly_coarse_relation_001,25,50,18076,18100,18051,18100,1.0000,stable,stable,dominant_stable,dominant_stable,0.0000,0.0000,0.0000,persisted
electricity_hourly_coarse_relation_001,25,50,18101,18125,18101,18150,1.0000,stable,stable,dominant_stable,dominant_stable,-0.0200,0.0000,0.0200,persisted
electricity_hourly_coarse_relation_001,25,50,18126,18150,18101,18150,1.0000,stable,stable,dominant_stable,dominant_stable,0.1400,-0.1200,-0.0200,persisted
electricity_hourly_coarse_relation_001,25,50,18151,18175,18151,18200,1.0000,stable,stable,dominant_stable,dominant_stable,0.1200,-0.1200,0.0000,persisted
electricity_hourly_coarse_relation_001,25,50,18176,18200,18151,18200,1.0000,stable,stable,dominant_stable,dominant_stable,0.0000,0.0000,0.0000,persisted
electricity_hourly_coarse_relation_001,25,50,18201,18225,18201,18250,1.0000,stable,stable,dominant_stable,dominant_stable,0.1200,-0.1200,0.0000,persisted
electricity_hourly_coarse_relation_001,25,50,18226,18250,18201,18250,1.0000,stable,stable,dominant_stable,dominant_stable,0.0000,0.0000,0.0000,persisted
electricity_hourly_coarse_relation_001,25,50,18251,18275,18251,18300,1.0000,stable,stable,dominant_stable,dominant_stable,-0.0200,0.0000,0.0200,persisted
electricity_hourly_coarse_relation_001,25,50,18276,18300,18251,18300,1.0000,stable,stable,dominant_stable,dominant_stable,0.0600,0.0000,-0.0600,persisted
electricity_hourly_coarse_relation_001,25,50,18301,18325,18301,18350,1.0000,stable,stable,dominant_stable,dominant_stable,0.1200,-0.1200,0.0000,persisted
electricity_hourly_coarse_relation_001,25,50,18326,18350,18301,18350,1.0000,stable,stable,dominant_stable,dominant_stable,0.1200,-0.1200,0.0000,persisted
electricity_hourly_coarse_relation_001,25,50,18351,18375,18351,18400,1.0000,stable,stable,dominant_stable,dominant_stable,0.1200,-0.1200,0.0000,persisted
electricity_hourly_coarse_relation_001,25,50,18376,18400,18351,18400,1.0000,stable,stable,dominant_stable,dominant_stable,0.0000,0.0000,0.0000,persisted
electricity_hourly_coarse_relation_001,25,50,18401,18425,18401,18450,1.0000,stable,stable,dominant_stable,dominant_stable,0.1200,-0.1200,0.0000,persisted
electricity_hourly_coarse_relation_001,25,50,18426,18450,18401,18450,1.0000,stable,stable,dominant_stable,dominant_stable,0.0000,0.0000,0.0000,persisted
electricity_hourly_coarse_relation_001,25,50,18451,18475,18451,18500,1.0000,stable,stable,dominant_stable,dominant_stable,0.0800,-0.0400,-0.0400,persisted
electricity_hourly_coarse_relation_001,25,50,18476,18500,18451,18500,1.0000,stable,stable,dominant_stable,dominant_stable,0.0800,-0.0400,-0.0400,persisted
electricity_hourly_coarse_relation_001,25,50,18501,18525,18501,18550,1.0000,stable,stable,dominant_stable,dominant_stable,0.1200,-0.1200,0.0000,persisted
electricity_hourly_coarse_relation_001,25,50,18526,18550,18501,18550,1.0000,stable,stable,dominant_stable,dominant_stable,0.1200,-0.1200,0.0000,persisted
electricity_hourly_coarse_relation_001,25,50,18551,18575,18551,18600,1.0000,stable,stable,dominant_stable,dominant_stable,0.1000,-0.1200,0.0200,persisted
electricity_hourly_coarse_relation_001,25,50,18576,18600,18551,18600,1.0000,stable,stable,dominant_stable,dominant_stable,0.1400,-0.1200,-0.0200,persisted
electricity_hourly_coarse_relation_001,25,50,18601,18625,18601,18650,1.0000,stable,stable,dominant_stable,dominant_stable,0.1600,-0.1600,0.0000,persisted
electricity_hourly_coarse_relation_001,25,50,18626,18650,18601,18650,1.0000,stable,stable,dominant_stable,dominant_stable,0.0400,-0.0400,0.0000,persisted
electricity_hourly_coarse_relation_001,25,50,18651,18675,18651,18700,1.0000,stable,stable,dominant_stable,dominant_stable,0.1400,-0.1200,-0.0200,persisted
electricity_hourly_coarse_relation_001,25,50,18676,18700,18651,18700,1.0000,stable,stable,dominant_stable,dominant_stable,0.1000,-0.1200,0.0200,persisted
electricity_hourly_coarse_relation_001,25,50,18701,18725,18701,18750,1.0000,stable,stable,dominant_stable,dominant_stable,0.1400,-0.1400,0.0000,persisted
electricity_hourly_coarse_relation_001,25,50,18726,18750,18701,18750,1.0000,stable,stable,dominant_stable,dominant_stable,-0.0200,0.0600,-0.0400,persisted
electricity_hourly_coarse_relation_001,25,50,18751,18775,18751,18800,1.0000,stable,stable,dominant_stable,dominant_stable,0.1200,-0.1200,0.0000,persisted
electricity_hourly_coarse_relation_001,25,50,18776,18800,18751,18800,1.0000,stable,stable,dominant_stable,dominant_stable,0.1200,-0.1200,0.0000,persisted
electricity_hourly_coarse_relation_001,25,50,18801,18825,18801,18850,1.0000,stable,stable,dominant_stable,dominant_stable,0.0000,0.0000,0.0000,persisted
electricity_hourly_coarse_relation_001,25,50,18826,18850,18801,18850,1.0000,stable,stable,dominant_stable,dominant_stable,0.1200,-0.1200,0.0000,persisted
electricity_hourly_coarse_relation_001,25,50,18851,18875,18851,18900,1.0000,stable,stable,dominant_stable,dominant_stable,0.2000,-0.2000,0.0000,persisted
electricity_hourly_coarse_relation_001,25,50,18876,18900,18851,18900,1.0000,stable,stable,dominant_stable,dominant_stable,0.1200,-0.1200,0.0000,persisted
electricity_hourly_coarse_relation_001,25,50,18901,18925,18901,18950,1.0000,stable,stable,dominant_stable,dominant_stable,0.0800,-0.0800,0.0000,persisted
electricity_hourly_coarse_relation_001,25,50,18926,18950,18901,18950,1.0000,stable,stable,dominant_stable,dominant_stable,0.1200,-0.1200,0.0000,persisted
electricity_hourly_coarse_relation_001,25,50,18951,18975,18951,19000,1.0000,stable,stable,dominant_stable,dominant_stable,0.0800,-0.0400,-0.0400,persisted
electricity_hourly_coarse_relation_001,25,50,18976,19000,18951,19000,1.0000,stable,stable,dominant_stable,dominant_stable,0.0800,-0.0400,-0.0400,persisted
electricity_hourly_coarse_relation_001,25,50,19001,19025,19001,19050,1.0000,stable,stable,dominant_stable,dominant_stable,0.0800,-0.0800,0.0000,persisted
electricity_hourly_coarse_relation_001,25,50,19026,19050,19001,19050,1.0000,stable,stable,dominant_stable,dominant_stable,0.0800,-0.0800,0.0000,persisted
electricity_hourly_coarse_relation_001,25,50,19051,19075,19051,19100,1.0000,stable,stable,dominant_stable,dominant_stable,0.0400,0.0400,-0.0800,persisted
electricity_hourly_coarse_relation_001,25,50,19076,19100,19051,19100,1.0000,stable,stable,dominant_stable,dominant_stable,0.1200,-0.0800,-0.0400,persisted
electricity_hourly_coarse_relation_001,25,50,19101,19125,19101,19150,1.0000,stable,stable,dominant_stable,dominant_stable,0.1000,-0.1200,0.0200,persisted
electricity_hourly_coarse_relation_001,25,50,19126,19150,19101,19150,1.0000,stable,stable,dominant_stable,dominant_stable,0.1000,-0.0800,-0.0200,persisted
electricity_hourly_coarse_relation_001,25,50,19151,19175,19151,19200,1.0000,stable,stable,dominant_stable,dominant_stable,0.1200,-0.1200,0.0000,persisted
electricity_hourly_coarse_relation_001,25,50,19176,19200,19151,19200,1.0000,stable,stable,dominant_stable,dominant_stable,0.1200,-0.1200,0.0000,persisted
electricity_hourly_coarse_relation_001,25,50,19201,19225,19201,19250,1.0000,stable,stable,dominant_stable,dominant_stable,0.1200,-0.1200,0.0000,persisted
electricity_hourly_coarse_relation_001,25,50,19226,19250,19201,19250,1.0000,stable,stable,dominant_stable,dominant_stable,0.0800,-0.0800,0.0000,persisted
electricity_hourly_coarse_relation_001,25,50,19251,19275,19251,19300,1.0000,stable,stable,dominant_stable,dominant_stable,0.1200,-0.1200,0.0000,persisted
electricity_hourly_coarse_relation_001,25,50,19276,19300,19251,19300,1.0000,stable,stable,dominant_stable,dominant_stable,0.1200,-0.1200,0.0000,persisted
electricity_hourly_coarse_relation_001,25,50,19301,19325,19301,19350,1.0000,stable,stable,dominant_stable,dominant_stable,0.0800,0.0000,-0.0800,persisted
electricity_hourly_coarse_relation_001,25,50,19326,19350,19301,19350,1.0000,stable,stable,dominant_stable,dominant_stable,0.0800,0.0000,-0.0800,persisted
electricity_hourly_coarse_relation_001,25,50,19351,19375,19351,19400,1.0000,stable,stable,dominant_stable,dominant_stable,0.0600,0.0000,-0.0600,persisted
electricity_hourly_coarse_relation_001,25,50,19376,19400,19351,19400,1.0000,stable,stable,dominant_stable,dominant_stable,0.1000,-0.1200,0.0200,persisted
electricity_hourly_coarse_relation_001,25,50,19401,19425,19401,19450,1.0000,stable,stable,dominant_stable,dominant_stable,0.1200,-0.1200,0.0000,persisted
electricity_hourly_coarse_relation_001,25,50,19426,19450,19401,19450,1.0000,stable,stable,dominant_stable,dominant_stable,0.0000,0.0000,0.0000,persisted
electricity_hourly_coarse_relation_001,25,50,19451,19475,19451,19500,1.0000,stable,stable,dominant_stable,dominant_stable,0.1400,-0.1200,-0.0200,persisted
electricity_hourly_coarse_relation_001,25,50,19476,19500,19451,19500,1.0000,stable,stable,dominant_stable,dominant_stable,0.0600,-0.0800,0.0200,persisted
electricity_hourly_coarse_relation_001,25,50,19501,19525,19501,19550,1.0000,stable,stable,dominant_stable,dominant_stable,0.1600,-0.1600,0.0000,persisted
electricity_hourly_coarse_relation_001,25,50,19526,19550,19501,19550,1.0000,stable,stable,dominant_stable,dominant_stable,0.1200,-0.1200,0.0000,persisted
electricity_hourly_coarse_relation_001,25,50,19551,19575,19551,19600,1.0000,stable,stable,dominant_stable,dominant_stable,0.2400,-0.2400,0.0000,persisted
electricity_hourly_coarse_relation_001,25,50,19576,19600,19551,19600,1.0000,stable,stable,dominant_stable,dominant_stable,0.1600,-0.1600,0.0000,persisted
electricity_hourly_coarse_relation_001,25,50,19601,19625,19601,19650,1.0000,stable,stable,dominant_stable,dominant_stable,-0.0200,0.0600,-0.0400,persisted
electricity_hourly_coarse_relation_001,25,50,19626,19650,19601,19650,1.0000,stable,stable,dominant_stable,dominant_stable,0.0200,-0.0200,0.0000,persisted
electricity_hourly_coarse_relation_001,25,50,19651,19675,19651,19700,1.0000,stable,stable,dominant_stable,dominant_stable,0.0000,0.0000,0.0000,persisted
electricity_hourly_coarse_relation_001,25,50,19676,19700,19651,19700,1.0000,stable,stable,dominant_stable,dominant_stable,0.0800,-0.0800,0.0000,persisted
electricity_hourly_coarse_relation_001,25,50,19701,19725,19701,19750,1.0000,stable,stable,dominant_stable,dominant_stable,0.0800,-0.0800,0.0000,persisted
electricity_hourly_coarse_relation_001,25,50,19726,19750,19701,19750,1.0000,stable,stable,dominant_stable,dominant_stable,0.0800,-0.0800,0.0000,persisted
electricity_hourly_coarse_relation_001,25,50,19751,19775,19751,19800,1.0000,stable,stable,dominant_stable,dominant_stable,0.1200,-0.1200,0.0000,persisted
electricity_hourly_coarse_relation_001,25,50,19776,19800,19751,19800,1.0000,stable,stable,dominant_stable,dominant_stable,0.1200,-0.1200,0.0000,persisted
electricity_hourly_coarse_relation_001,25,50,19801,19825,19801,19850,1.0000,stable,stable,dominant_stable,dominant_stable,0.0600,-0.0800,0.0200,persisted
electricity_hourly_coarse_relation_001,25,50,19826,19850,19801,19850,1.0000,stable,stable,dominant_stable,dominant_stable,0.1000,-0.0800,-0.0200,persisted
electricity_hourly_coarse_relation_001,25,50,19851,19875,19851,19900,1.0000,stable,stable,dominant_stable,dominant_stable,0.0600,-0.0400,-0.0200,persisted
electricity_hourly_coarse_relation_001,25,50,19876,19900,19851,19900,1.0000,stable,stable,dominant_stable,dominant_stable,0.1000,-0.0400,-0.0600,persisted
electricity_hourly_coarse_relation_001,25,50,19901,19925,19901,19950,1.0000,stable,stable,dominant_stable,dominant_stable,0.1000,-0.0400,-0.0600,persisted
electricity_hourly_coarse_relation_001,25,50,19926,19950,19901,19950,1.0000,stable,stable,dominant_stable,dominant_stable,0.0600,-0.0400,-0.0200,persisted
electricity_hourly_coarse_relation_001,25,50,19951,19975,19951,20000,1.0000,stable,stable,dominant_stable,dominant_stable,0.0400,-0.0800,0.0400,persisted
electricity_hourly_coarse_relation_001,25,50,19976,20000,19951,20000,1.0000,stable,stable,dominant_stable,dominant_stable,0.1200,-0.0800,-0.0400,persisted
electricity_hourly_coarse_relation_001,25,50,20001,20025,20001,20050,1.0000,stable,stable,dominant_stable,dominant_stable,0.0800,0.0000,-0.0800,persisted
electricity_hourly_coarse_relation_001,25,50,20026,20050,20001,20050,1.0000,stable,stable,dominant_stable,dominant_stable,0.1200,-0.0400,-0.0800,persisted
electricity_hourly_coarse_relation_001,25,50,20051,20075,20051,20100,1.0000,stable,stable,dominant_stable,dominant_stable,0.1600,-0.1200,-0.0400,persisted
electricity_hourly_coarse_relation_001,25,50,20076,20100,20051,20100,1.0000,stable,stable,dominant_stable,dominant_stable,0.1600,-0.1200,-0.0400,persisted
electricity_hourly_coarse_relation_001,25,50,20101,20125,20101,20150,1.0000,stable,stable,dominant_stable,dominant_stable,0.1000,-0.0200,-0.0800,persisted
electricity_hourly_coarse_relation_001,25,50,20126,20150,20101,20150,1.0000,stable,stable,dominant_stable,dominant_stable,0.0600,0.0200,-0.0800,persisted
electricity_hourly_coarse_relation_001,25,50,20151,20175,20151,20200,1.0000,stable,stable,dominant_stable,dominant_stable,0.0800,-0.0400,-0.0400,persisted
electricity_hourly_coarse_relation_001,25,50,20176,20200,20151,20200,1.0000,stable,stable,dominant_stable,dominant_stable,0.0800,-0.0400,-0.0400,persisted
electricity_hourly_coarse_relation_001,25,50,20201,20225,20201,20250,1.0000,stable,stable,dominant_stable,dominant_stable,0.0800,-0.0400,-0.0400,persisted
electricity_hourly_coarse_relation_001,25,50,20226,20250,20201,20250,1.0000,stable,stable,dominant_stable,dominant_stable,0.0800,-0.0400,-0.0400,persisted
electricity_hourly_coarse_relation_001,25,50,20251,20275,20251,20300,1.0000,stable,stable,dominant_stable,dominant_stable,0.0800,-0.0400,-0.0400,persisted
electricity_hourly_coarse_relation_001,25,50,20276,20300,20251,20300,1.0000,stable,stable,dominant_stable,dominant_stable,0.0800,-0.0400,-0.0400,persisted
electricity_hourly_coarse_relation_001,25,50,20301,20325,20301,20350,1.0000,stable,stable,dominant_stable,dominant_stable,0.0000,0.0400,-0.0400,persisted
electricity_hourly_coarse_relation_001,25,50,20326,20350,20301,20350,1.0000,stable,stable,dominant_stable,dominant_stable,0.0000,0.0400,-0.0400,persisted
electricity_hourly_coarse_relation_001,25,50,20351,20375,20351,20400,1.0000,stable,stable,dominant_stable,dominant_stable,0.0800,-0.0800,0.0000,persisted
electricity_hourly_coarse_relation_001,25,50,20376,20400,20351,20400,1.0000,stable,stable,dominant_stable,dominant_stable,0.0800,-0.0800,0.0000,persisted
electricity_hourly_coarse_relation_001,25,50,20401,20425,20401,20450,1.0000,stable,stable,dominant_stable,dominant_stable,0.0800,0.0000,-0.0800,persisted
electricity_hourly_coarse_relation_001,25,50,20426,20450,20401,20450,1.0000,stable,stable,dominant_stable,dominant_stable,0.0800,0.0000,-0.0800,persisted
electricity_hourly_coarse_relation_001,25,50,20451,20475,20451,20500,1.0000,stable,stable,dominant_stable,dominant_stable,0.1200,-0.0400,-0.0800,persisted
electricity_hourly_coarse_relation_001,25,50,20476,20500,20451,20500,1.0000,stable,stable,dominant_stable,dominant_stable,0.0800,0.0000,-0.0800,persisted
electricity_hourly_coarse_relation_001,25,50,20501,20525,20501,20550,1.0000,stable,stable,dominant_stable,dominant_stable,0.0600,-0.0400,-0.0200,persisted
electricity_hourly_coarse_relation_001,25,50,20526,20550,20501,20550,1.0000,stable,stable,dominant_stable,dominant_stable,0.1000,-0.0400,-0.0600,persisted
electricity_hourly_coarse_relation_001,25,50,20551,20575,20551,20600,1.0000,stable,stable,dominant_stable,dominant_stable,0.0800,0.0000,-0.0800,persisted
electricity_hourly_coarse_relation_001,25,50,20576,20600,20551,20600,1.0000,stable,stable,dominant_stable,dominant_stable,0.0800,0.0000,-0.0800,persisted
electricity_hourly_coarse_relation_001,25,50,20601,20625,20601,20650,1.0000,stable,stable,dominant_stable,dominant_stable,0.0600,0.0200,-0.0800,persisted
electricity_hourly_coarse_relation_001,25,50,20626,20650,20601,20650,1.0000,stable,stable,dominant_stable,dominant_stable,0.1000,-0.0600,-0.0400,persisted
electricity_hourly_coarse_relation_001,25,50,20651,20675,20651,20700,1.0000,stable,stable,dominant_stable,dominant_stable,0.1400,-0.1000,-0.0400,persisted
electricity_hourly_coarse_relation_001,25,50,20676,20700,20651,20700,1.0000,stable,stable,dominant_stable,dominant_stable,0.1000,-0.0200,-0.0800,persisted
electricity_hourly_coarse_relation_001,25,50,20701,20725,20701,20750,1.0000,stable,stable,dominant_stable,dominant_stable,0.1000,-0.0600,-0.0400,persisted
electricity_hourly_coarse_relation_001,25,50,20726,20750,20701,20750,1.0000,stable,stable,dominant_stable,dominant_stable,0.0600,0.0200,-0.0800,persisted
electricity_hourly_coarse_relation_001,25,50,20751,20775,20751,20800,1.0000,stable,stable,dominant_stable,dominant_stable,0.0000,0.0200,-0.0200,persisted
electricity_hourly_coarse_relation_001,25,50,20776,20800,20751,20800,1.0000,stable,stable,dominant_stable,dominant_stable,0.1200,-0.0200,-0.1000,persisted
electricity_hourly_coarse_relation_001,25,50,20801,20825,20801,20850,1.0000,stable,stable,dominant_stable,dominant_stable,0.2000,-0.1200,-0.0800,persisted
electricity_hourly_coarse_relation_001,25,50,20826,20850,20801,20850,1.0000,stable,stable,dominant_stable,dominant_stable,0.2000,-0.1200,-0.0800,persisted
electricity_hourly_coarse_relation_001,25,50,20851,20875,20851,20900,1.0000,stable,stable,dominant_stable,dominant_stable,0.0200,0.0200,-0.0400,persisted
electricity_hourly_coarse_relation_001,25,50,20876,20900,20851,20900,1.0000,stable,stable,dominant_stable,dominant_stable,-0.0200,0.1000,-0.0800,persisted
electricity_hourly_coarse_relation_001,25,50,20901,20925,20901,20950,1.0000,stable,stable,dominant_stable,dominant_stable,-0.0200,0.1000,-0.0800,persisted
electricity_hourly_coarse_relation_001,25,50,20926,20950,20901,20950,1.0000,stable,stable,dominant_stable,dominant_stable,0.0200,0.0200,-0.0400,persisted
electricity_hourly_coarse_relation_001,25,50,20951,20975,20951,21000,1.0000,stable,stable,dominant_stable,dominant_stable,0.0000,0.0800,-0.0800,persisted
electricity_hourly_coarse_relation_001,25,50,20976,21000,20951,21000,1.0000,stable,stable,dominant_stable,dominant_stable,0.0000,0.0800,-0.0800,persisted
electricity_hourly_coarse_relation_001,25,50,21001,21025,21001,21050,1.0000,stable,stable,dominant_stable,dominant_stable,0.0000,0.0800,-0.0800,persisted
electricity_hourly_coarse_relation_001,25,50,21026,21050,21001,21050,1.0000,stable,stable,dominant_stable,dominant_stable,0.0000,0.0800,-0.0800,persisted
electricity_hourly_coarse_relation_001,25,50,21051,21075,21051,21100,1.0000,stable,stable,dominant_stable,dominant_stable,0.0000,0.0800,-0.0800,persisted
electricity_hourly_coarse_relation_001,25,50,21076,21100,21051,21100,1.0000,stable,stable,dominant_stable,dominant_stable,0.0000,0.0800,-0.0800,persisted
electricity_hourly_coarse_relation_001,25,50,21101,21125,21101,21150,1.0000,stable,stable,dominant_stable,dominant_stable,-0.0200,0.0800,-0.0600,persisted
electricity_hourly_coarse_relation_001,25,50,21126,21150,21101,21150,1.0000,stable,stable,dominant_stable,dominant_stable,0.1400,-0.0400,-0.1000,persisted
electricity_hourly_coarse_relation_001,25,50,21151,21175,21151,21200,1.0000,stable,stable,dominant_stable,dominant_stable,0.1200,-0.0200,-0.1000,persisted
electricity_hourly_coarse_relation_001,25,50,21176,21200,21151,21200,1.0000,stable,stable,dominant_stable,dominant_stable,0.0000,0.0200,-0.0200,persisted
electricity_hourly_coarse_relation_001,25,50,21201,21225,21201,21250,1.0000,stable,stable,dominant_stable,dominant_stable,0.0600,-0.0200,-0.0400,persisted
electricity_hourly_coarse_relation_001,25,50,21226,21250,21201,21250,1.0000,stable,stable,dominant_stable,dominant_stable,0.1000,-0.1000,0.0000,persisted
electricity_hourly_coarse_relation_001,25,50,21251,21275,21251,21300,1.0000,stable,stable,dominant_stable,dominant_stable,0.1000,-0.0800,-0.0200,persisted
electricity_hourly_coarse_relation_001,25,50,21276,21300,21251,21300,1.0000,stable,stable,dominant_stable,dominant_stable,0.2200,-0.1600,-0.0600,persisted
electricity_hourly_coarse_relation_001,25,50,21301,21325,21301,21350,1.0000,stable,stable,dominant_stable,dominant_stable,0.1200,0.0000,-0.1200,persisted
electricity_hourly_coarse_relation_001,25,50,21326,21350,21301,21350,1.0000,stable,stable,dominant_stable,dominant_stable,0.1200,0.0000,-0.1200,persisted
electricity_hourly_coarse_relation_001,25,50,21351,21375,21351,21400,1.0000,stable,stable,dominant_stable,dominant_stable,0.0800,0.0400,-0.1200,persisted
electricity_hourly_coarse_relation_001,25,50,21376,21400,21351,21400,1.0000,stable,stable,dominant_stable,dominant_stable,0.1600,-0.1200,-0.0400,persisted
electricity_hourly_coarse_relation_001,25,50,21401,21425,21401,21450,1.0000,stable,stable,dominant_stable,dominant_stable,-0.0400,0.1000,-0.0600,persisted
electricity_hourly_coarse_relation_001,25,50,21426,21450,21401,21450,1.0000,stable,stable,dominant_stable,dominant_stable,0.1600,-0.1000,-0.0600,persisted
electricity_hourly_coarse_relation_001,25,50,21451,21475,21451,21500,1.0000,stable,stable,dominant_stable,dominant_stable,0.3600,-0.3200,-0.0400,persisted
electricity_hourly_coarse_relation_001,25,50,21476,21500,21451,21500,1.0000,stable,stable,dominant_stable,dominant_stable,0.2800,-0.2400,-0.0400,persisted
electricity_hourly_coarse_relation_001,25,50,21501,21525,21501,21550,1.0000,stable,stable,dominant_stable,dominant_stable,0.3000,-0.3200,0.0200,persisted
electricity_hourly_coarse_relation_001,25,50,21526,21550,21501,21550,1.0000,stable,stable,dominant_stable,dominant_stable,0.3000,-0.2800,-0.0200,persisted
electricity_hourly_coarse_relation_001,25,50,21551,21575,21551,21600,1.0000,stable,stable,dominant_stable,dominant_stable,0.2200,-0.1400,-0.0800,persisted
electricity_hourly_coarse_relation_001,25,50,21576,21600,21551,21600,1.0000,stable,stable,dominant_stable,dominant_stable,0.0600,0.0200,-0.0800,persisted
electricity_hourly_coarse_relation_001,25,50,21601,21625,21601,21650,1.0000,stable,stable,dominant_stable,dominant_stable,0.0800,0.0000,-0.0800,persisted
electricity_hourly_coarse_relation_001,25,50,21626,21650,21601,21650,1.0000,stable,stable,dominant_stable,dominant_stable,0.2400,-0.1600,-0.0800,persisted
electricity_hourly_coarse_relation_001,25,50,21651,21675,21651,21700,1.0000,stable,stable,dominant_stable,dominant_stable,0.2000,-0.1600,-0.0400,persisted
electricity_hourly_coarse_relation_001,25,50,21676,21700,21651,21700,1.0000,stable,stable,dominant_stable,dominant_stable,0.2400,-0.2000,-0.0400,persisted
electricity_hourly_coarse_relation_001,25,50,21701,21725,21701,21750,1.0000,stable,stable,dominant_stable,dominant_stable,0.2000,-0.1600,-0.0400,persisted
electricity_hourly_coarse_relation_001,25,50,21726,21750,21701,21750,1.0000,stable,stable,dominant_stable,dominant_stable,0.2000,-0.1600,-0.0400,persisted
electricity_hourly_coarse_relation_001,25,50,21751,21775,21751,21800,1.0000,stable,stable,dominant_stable,dominant_stable,0.2400,-0.2000,-0.0400,persisted
electricity_hourly_coarse_relation_001,25,50,21776,21800,21751,21800,1.0000,stable,stable,dominant_stable,dominant_stable,0.2400,-0.2000,-0.0400,persisted
electricity_hourly_coarse_relation_001,25,50,21801,21825,21801,21850,1.0000,stable,stable,dominant_stable,dominant_stable,0.1400,-0.1400,0.0000,persisted
electricity_hourly_coarse_relation_001,25,50,21826,21850,21801,21850,1.0000,stable,stable,dominant_stable,dominant_stable,0.1000,-0.0600,-0.0400,persisted
electricity_hourly_coarse_relation_001,25,50,21851,21875,21851,21900,1.0000,stable,stable,dominant_stable,dominant_stable,0.3400,-0.3200,-0.0200,persisted
electricity_hourly_coarse_relation_001,25,50,21876,21900,21851,21900,1.0000,stable,stable,dominant_stable,dominant_stable,0.3000,-0.3200,0.0200,persisted
electricity_hourly_coarse_relation_001,25,50,21901,21925,21901,21950,1.0000,stable,stable,dominant_stable,dominant_stable,0.2000,-0.1600,-0.0400,persisted
electricity_hourly_coarse_relation_001,25,50,21926,21950,21901,21950,1.0000,stable,stable,dominant_stable,dominant_stable,0.2000,-0.1600,-0.0400,persisted
electricity_hourly_coarse_relation_001,25,50,21951,21975,21951,22000,1.0000,stable,stable,dominant_stable,dominant_stable,0.2200,-0.1800,-0.0400,persisted
electricity_hourly_coarse_relation_001,25,50,21976,22000,21951,22000,1.0000,stable,stable,dominant_stable,dominant_stable,0.1400,-0.1400,0.0000,persisted
electricity_hourly_coarse_relation_001,25,50,22001,22025,22001,22050,1.0000,stable,stable,dominant_stable,dominant_stable,0.2000,-0.2200,0.0200,persisted
electricity_hourly_coarse_relation_001,25,50,22026,22050,22001,22050,1.0000,stable,stable,dominant_stable,dominant_stable,0.2000,-0.1400,-0.0600,persisted
electricity_hourly_coarse_relation_001,25,50,22051,22075,22051,22100,1.0000,stable,stable,dominant_stable,dominant_stable,0.2600,-0.2000,-0.0600,persisted
electricity_hourly_coarse_relation_001,25,50,22076,22100,22051,22100,1.0000,stable,stable,dominant_stable,dominant_stable,0.2200,-0.2000,-0.0200,persisted
electricity_hourly_coarse_relation_001,25,50,22101,22125,22101,22150,1.0000,stable,stable,dominant_stable,dominant_stable,0.2200,-0.2400,0.0200,persisted
electricity_hourly_coarse_relation_001,25,50,22126,22150,22101,22150,1.0000,stable,stable,dominant_stable,dominant_stable,0.3800,-0.3600,-0.0200,persisted
electricity_hourly_coarse_relation_001,25,50,22151,22175,22151,22200,1.0000,stable,stable,dominant_stable,dominant_stable,0.2000,-0.2000,0.0000,persisted
electricity_hourly_coarse_relation_001,25,50,22176,22200,22151,22200,1.0000,stable,stable,dominant_stable,dominant_stable,0.3600,-0.3600,0.0000,persisted
electricity_hourly_coarse_relation_001,25,50,22201,22225,22201,22250,1.0000,stable,stable,dominant_stable,dominant_stable,0.2400,-0.2400,0.0000,persisted
electricity_hourly_coarse_relation_001,25,50,22226,22250,22201,22250,1.0000,stable,stable,dominant_stable,dominant_stable,0.2400,-0.2400,0.0000,persisted
electricity_hourly_coarse_relation_001,25,50,22251,22275,22251,22300,1.0000,stable,stable,dominant_stable,dominant_stable,0.2800,-0.2800,0.0000,persisted
electricity_hourly_coarse_relation_001,25,50,22276,22300,22251,22300,1.0000,stable,stable,dominant_stable,dominant_stable,0.2000,-0.2000,0.0000,persisted
electricity_hourly_coarse_relation_001,25,50,22301,22325,22301,22350,1.0000,stable,stable,dominant_stable,dominant_stable,0.2200,-0.2200,0.0000,persisted
electricity_hourly_coarse_relation_001,25,50,22326,22350,22301,22350,1.0000,stable,stable,dominant_stable,dominant_stable,0.2200,-0.1800,-0.0400,persisted
electricity_hourly_coarse_relation_001,25,50,22351,22375,22351,22400,1.0000,stable,stable,dominant_stable,dominant_stable,0.2800,-0.2400,-0.0400,persisted
electricity_hourly_coarse_relation_001,25,50,22376,22400,22351,22400,1.0000,stable,stable,dominant_stable,dominant_stable,0.2400,-0.2400,0.0000,persisted
electricity_hourly_coarse_relation_001,25,50,22401,22425,22401,22450,1.0000,stable,stable,dominant_stable,dominant_stable,0.3200,-0.3200,0.0000,persisted
electricity_hourly_coarse_relation_001,25,50,22426,22450,22401,22450,1.0000,stable,stable,dominant_stable,dominant_stable,0.2400,-0.2400,0.0000,persisted
electricity_hourly_coarse_relation_001,25,50,22451,22475,22451,22500,1.0000,stable,stable,dominant_stable,dominant_stable,0.1600,-0.1200,-0.0400,persisted
electricity_hourly_coarse_relation_001,25,50,22476,22500,22451,22500,1.0000,stable,stable,dominant_stable,dominant_stable,0.3200,-0.3200,0.0000,persisted
electricity_hourly_coarse_relation_001,25,50,22501,22525,22501,22550,1.0000,stable,stable,dominant_stable,dominant_stable,0.3400,-0.3200,-0.0200,persisted
electricity_hourly_coarse_relation_001,25,50,22526,22550,22501,22550,1.0000,stable,stable,dominant_stable,dominant_stable,0.2600,-0.2400,-0.0200,persisted
electricity_hourly_coarse_relation_001,25,50,22551,22575,22551,22600,1.0000,stable,stable,dominant_stable,dominant_stable,0.2800,-0.2800,0.0000,persisted
electricity_hourly_coarse_relation_001,25,50,22576,22600,22551,22600,1.0000,stable,stable,dominant_stable,dominant_stable,0.2000,-0.2000,0.0000,persisted
electricity_hourly_coarse_relation_001,25,50,22601,22625,22601,22650,1.0000,stable,stable,dominant_stable,dominant_stable,0.2400,-0.2000,-0.0400,persisted
electricity_hourly_coarse_relation_001,25,50,22626,22650,22601,22650,1.0000,stable,stable,dominant_stable,dominant_stable,0.2400,-0.2000,-0.0400,persisted
electricity_hourly_coarse_relation_001,25,50,22651,22675,22651,22700,1.0000,stable,stable,dominant_stable,dominant_stable,0.3200,-0.3200,0.0000,persisted
electricity_hourly_coarse_relation_001,25,50,22676,22700,22651,22700,1.0000,stable,stable,dominant_stable,dominant_stable,0.3200,-0.3200,0.0000,persisted
electricity_hourly_coarse_relation_001,25,50,22701,22725,22701,22750,1.0000,stable,stable,dominant_stable,dominant_stable,0.2000,-0.2000,0.0000,persisted
electricity_hourly_coarse_relation_001,25,50,22726,22750,22701,22750,1.0000,stable,stable,dominant_stable,dominant_stable,0.2000,-0.2000,0.0000,persisted
electricity_hourly_coarse_relation_001,25,50,22751,22775,22751,22800,1.0000,stable,stable,dominant_stable,dominant_stable,0.2400,-0.2400,0.0000,persisted
electricity_hourly_coarse_relation_001,25,50,22776,22800,22751,22800,1.0000,stable,stable,dominant_stable,dominant_stable,0.0800,-0.0800,0.0000,persisted
electricity_hourly_coarse_relation_001,25,50,22801,22825,22801,22850,1.0000,stable,stable,dominant_stable,dominant_stable,0.2200,-0.2400,0.0200,persisted
electricity_hourly_coarse_relation_001,25,50,22826,22850,22801,22850,1.0000,stable,stable,dominant_stable,dominant_stable,0.3800,-0.3600,-0.0200,persisted
electricity_hourly_coarse_relation_001,25,50,22851,22875,22851,22900,1.0000,stable,stable,dominant_stable,dominant_stable,0.3200,-0.3200,0.0000,persisted
electricity_hourly_coarse_relation_001,25,50,22876,22900,22851,22900,1.0000,stable,stable,dominant_stable,dominant_stable,0.3200,-0.3200,0.0000,persisted
electricity_hourly_coarse_relation_001,25,50,22901,22925,22901,22950,1.0000,stable,stable,dominant_stable,dominant_stable,0.3200,-0.3200,0.0000,persisted
electricity_hourly_coarse_relation_001,25,50,22926,22950,22901,22950,1.0000,stable,stable,dominant_stable,dominant_stable,0.3200,-0.3200,0.0000,persisted
electricity_hourly_coarse_relation_001,25,50,22951,22975,22951,23000,1.0000,stable,stable,dominant_stable,dominant_stable,0.3200,-0.3200,0.0000,persisted
electricity_hourly_coarse_relation_001,25,50,22976,23000,22951,23000,1.0000,stable,stable,dominant_stable,dominant_stable,0.0800,-0.0800,0.0000,persisted
electricity_hourly_coarse_relation_001,25,50,23001,23025,23001,23050,1.0000,stable,stable,dominant_stable,dominant_stable,0.3600,-0.3600,0.0000,persisted
electricity_hourly_coarse_relation_001,25,50,23026,23050,23001,23050,1.0000,stable,stable,dominant_stable,dominant_stable,0.1600,-0.1200,-0.0400,persisted
electricity_hourly_coarse_relation_001,25,50,23051,23075,23051,23100,1.0000,stable,stable,dominant_stable,dominant_stable,0.0800,-0.0800,0.0000,persisted
electricity_hourly_coarse_relation_001,25,50,23076,23100,23051,23100,1.0000,stable,stable,dominant_stable,dominant_stable,0.2000,-0.2000,0.0000,persisted
electricity_hourly_coarse_relation_001,25,50,23101,23125,23101,23150,1.0000,stable,stable,dominant_stable,dominant_stable,0.2000,-0.2000,0.0000,persisted
electricity_hourly_coarse_relation_001,25,50,23126,23150,23101,23150,1.0000,stable,stable,dominant_stable,dominant_stable,0.2000,-0.2000,0.0000,persisted
electricity_hourly_coarse_relation_001,25,50,23151,23175,23151,23200,1.0000,stable,stable,dominant_stable,dominant_stable,0.1000,-0.0600,-0.0400,persisted
electricity_hourly_coarse_relation_001,25,50,23176,23200,23151,23200,1.0000,stable,stable,dominant_stable,dominant_stable,0.1400,-0.1400,0.0000,persisted
electricity_hourly_coarse_relation_001,25,50,23201,23225,23201,23250,1.0000,stable,stable,dominant_stable,dominant_stable,0.3200,-0.3200,0.0000,persisted
electricity_hourly_coarse_relation_001,25,50,23226,23250,23201,23250,1.0000,stable,stable,dominant_stable,dominant_stable,0.3200,-0.3200,0.0000,persisted
electricity_hourly_coarse_relation_001,25,50,23251,23275,23251,23300,1.0000,stable,stable,dominant_stable,dominant_stable,0.0600,-0.0800,0.0200,persisted
electricity_hourly_coarse_relation_001,25,50,23276,23300,23251,23300,1.0000,stable,stable,dominant_stable,dominant_stable,0.2200,-0.2000,-0.0200,persisted
electricity_hourly_coarse_relation_001,25,50,23301,23325,23301,23350,1.0000,stable,stable,dominant_stable,dominant_stable,0.2000,-0.2000,0.0000,persisted
electricity_hourly_coarse_relation_001,25,50,23326,23350,23301,23350,1.0000,stable,stable,dominant_stable,dominant_stable,0.2400,-0.2400,0.0000,persisted
electricity_hourly_coarse_relation_001,25,50,23351,23375,23351,23400,1.0000,stable,stable,dominant_stable,dominant_stable,0.3600,-0.3600,0.0000,persisted
electricity_hourly_coarse_relation_001,25,50,23376,23400,23351,23400,1.0000,stable,stable,dominant_stable,dominant_stable,0.3200,-0.3200,0.0000,persisted
electricity_hourly_coarse_relation_001,25,50,23401,23425,23401,23450,1.0000,stable,stable,dominant_stable,dominant_stable,0.0000,0.0400,-0.0400,persisted
electricity_hourly_coarse_relation_001,25,50,23426,23450,23401,23450,1.0000,stable,stable,dominant_stable,dominant_stable,0.1200,-0.0800,-0.0400,persisted
electricity_hourly_coarse_relation_001,25,50,23451,23475,23451,23500,1.0000,stable,stable,dominant_stable,dominant_stable,0.3200,-0.3200,0.0000,persisted
electricity_hourly_coarse_relation_001,25,50,23476,23500,23451,23500,1.0000,stable,stable,dominant_stable,dominant_stable,0.3200,-0.3200,0.0000,persisted
electricity_hourly_coarse_relation_001,25,50,23501,23525,23501,23550,1.0000,stable,stable,dominant_stable,dominant_stable,0.2800,-0.2800,0.0000,persisted
electricity_hourly_coarse_relation_001,25,50,23526,23550,23501,23550,1.0000,stable,stable,dominant_stable,dominant_stable,0.2800,-0.2800,0.0000,persisted
electricity_hourly_coarse_relation_001,25,50,23551,23575,23551,23600,1.0000,stable,stable,dominant_stable,dominant_stable,0.2800,-0.2800,0.0000,persisted
electricity_hourly_coarse_relation_001,25,50,23576,23600,23551,23600,1.0000,stable,stable,dominant_stable,dominant_stable,0.2400,-0.2400,0.0000,persisted
electricity_hourly_coarse_relation_001,25,50,23601,23625,23601,23650,1.0000,stable,stable,dominant_stable,dominant_stable,0.2800,-0.2800,0.0000,persisted
electricity_hourly_coarse_relation_001,25,50,23626,23650,23601,23650,1.0000,stable,stable,dominant_stable,dominant_stable,0.2800,-0.2800,0.0000,persisted
electricity_hourly_coarse_relation_001,25,50,23651,23675,23651,23700,1.0000,stable,stable,dominant_stable,dominant_stable,0.2800,-0.2800,0.0000,persisted
electricity_hourly_coarse_relation_001,25,50,23676,23700,23651,23700,1.0000,stable,stable,dominant_stable,dominant_stable,0.1600,-0.1600,0.0000,persisted
electricity_hourly_coarse_relation_001,25,50,23701,23725,23701,23750,1.0000,stable,stable,dominant_stable,dominant_stable,0.2000,-0.1600,-0.0400,persisted
electricity_hourly_coarse_relation_001,25,50,23726,23750,23701,23750,1.0000,stable,stable,dominant_stable,dominant_stable,0.2400,-0.2000,-0.0400,persisted
electricity_hourly_coarse_relation_001,25,50,23751,23775,23751,23800,1.0000,stable,stable,dominant_stable,dominant_stable,0.2400,-0.2000,-0.0400,persisted
electricity_hourly_coarse_relation_001,25,50,23776,23800,23751,23800,1.0000,stable,stable,dominant_stable,dominant_stable,0.2000,-0.1600,-0.0400,persisted
electricity_hourly_coarse_relation_001,25,50,23801,23825,23801,23850,1.0000,stable,stable,dominant_stable,dominant_stable,0.2000,-0.1600,-0.0400,persisted
electricity_hourly_coarse_relation_001,25,50,23826,23850,23801,23850,1.0000,stable,stable,dominant_stable,dominant_stable,0.2000,-0.1600,-0.0400,persisted
electricity_hourly_coarse_relation_001,25,50,23851,23875,23851,23900,1.0000,stable,stable,dominant_stable,dominant_stable,0.2000,-0.1600,-0.0400,persisted
electricity_hourly_coarse_relation_001,25,50,23876,23900,23851,23900,1.0000,stable,stable,dominant_stable,dominant_stable,0.2000,-0.1600,-0.0400,persisted
electricity_hourly_coarse_relation_001,25,50,23901,23925,23901,23950,1.0000,stable,stable,dominant_stable,dominant_stable,0.1200,0.0000,-0.1200,persisted
electricity_hourly_coarse_relation_001,25,50,23926,23950,23901,23950,1.0000,stable,stable,dominant_stable,dominant_stable,0.1200,0.0000,-0.1200,persisted
electricity_hourly_coarse_relation_001,25,50,23951,23975,23951,24000,1.0000,stable,stable,dominant_stable,dominant_stable,0.2400,-0.1600,-0.0800,persisted
electricity_hourly_coarse_relation_001,25,50,23976,24000,23951,24000,1.0000,stable,stable,dominant_stable,dominant_stable,0.0400,0.0800,-0.1200,persisted
electricity_hourly_coarse_relation_001,25,50,24001,24025,24001,24050,1.0000,stable,stable,dominant_stable,dominant_stable,0.0000,0.0200,-0.0200,persisted
electricity_hourly_coarse_relation_001,25,50,24026,24050,24001,24050,1.0000,stable,stable,dominant_stable,dominant_stable,0.0000,0.1000,-0.1000,persisted
electricity_hourly_coarse_relation_001,25,50,24051,24075,24051,24100,1.0000,stable,stable,dominant_stable,dominant_stable,0.1200,0.0000,-0.1200,persisted
electricity_hourly_coarse_relation_001,25,50,24076,24100,24051,24100,1.0000,stable,stable,dominant_stable,dominant_stable,0.1200,0.0000,-0.1200,persisted
electricity_hourly_coarse_relation_001,25,50,24101,24125,24101,24150,1.0000,stable,stable,dominant_stable,dominant_stable,0.2200,-0.1800,-0.0400,persisted
electricity_hourly_coarse_relation_001,25,50,24126,24150,24101,24150,1.0000,stable,stable,dominant_stable,dominant_stable,0.1800,-0.1000,-0.0800,persisted
electricity_hourly_coarse_relation_001,25,50,24151,24175,24151,24200,1.0000,stable,stable,dominant_stable,dominant_stable,0.1200,-0.0200,-0.1000,persisted
electricity_hourly_coarse_relation_001,25,50,24176,24200,24151,24200,1.0000,stable,stable,dominant_stable,dominant_stable,0.1200,-0.1000,-0.0200,persisted
electricity_hourly_coarse_relation_001,25,50,24201,24225,24201,24250,1.0000,stable,stable,dominant_stable,dominant_stable,0.1000,0.0200,-0.1200,persisted
electricity_hourly_coarse_relation_001,25,50,24226,24250,24201,24250,1.0000,stable,stable,dominant_stable,dominant_stable,0.1400,-0.0600,-0.0800,persisted
electricity_hourly_coarse_relation_001,25,50,24251,24275,24251,24300,1.0000,stable,stable,dominant_stable,dominant_stable,0.2400,-0.2000,-0.0400,persisted
electricity_hourly_coarse_relation_001,25,50,24276,24300,24251,24300,1.0000,stable,stable,dominant_stable,dominant_stable,0.2000,-0.1600,-0.0400,persisted
electricity_hourly_coarse_relation_001,25,50,24301,24325,24301,24350,1.0000,stable,stable,dominant_stable,dominant_stable,0.1200,0.0000,-0.1200,persisted
electricity_hourly_coarse_relation_001,25,50,24326,24350,24301,24350,1.0000,stable,stable,dominant_stable,dominant_stable,0.1200,0.0000,-0.1200,persisted
electricity_hourly_coarse_relation_001,25,50,24351,24375,24351,24400,1.0000,stable,stable,dominant_stable,dominant_stable,0.1200,0.0000,-0.1200,persisted
electricity_hourly_coarse_relation_001,25,50,24376,24400,24351,24400,1.0000,stable,stable,dominant_stable,dominant_stable,0.0000,0.1200,-0.1200,persisted
electricity_hourly_coarse_relation_001,25,50,24401,24425,24401,24450,1.0000,stable,stable,dominant_stable,dominant_stable,0.0000,0.0200,-0.0200,persisted
electricity_hourly_coarse_relation_001,25,50,24426,24450,24401,24450,1.0000,stable,stable,dominant_stable,dominant_stable,0.1200,-0.0200,-0.1000,persisted
electricity_hourly_coarse_relation_001,25,50,24451,24475,24451,24500,1.0000,stable,stable,dominant_stable,dominant_stable,0.2000,-0.1600,-0.0400,persisted
electricity_hourly_coarse_relation_001,25,50,24476,24500,24451,24500,1.0000,stable,stable,dominant_stable,dominant_stable,0.2000,-0.1600,-0.0400,persisted
electricity_hourly_coarse_relation_001,25,50,24501,24525,24501,24550,1.0000,stable,stable,dominant_stable,dominant_stable,0.1800,-0.1000,-0.0800,persisted
electricity_hourly_coarse_relation_001,25,50,24526,24550,24501,24550,1.0000,stable,stable,dominant_stable,dominant_stable,0.2200,-0.1800,-0.0400,persisted
electricity_hourly_coarse_relation_001,25,50,24551,24575,24551,24600,1.0000,stable,stable,dominant_stable,dominant_stable,0.2400,-0.2600,0.0200,persisted
electricity_hourly_coarse_relation_001,25,50,24576,24600,24551,24600,1.0000,stable,stable,dominant_stable,dominant_stable,0.0800,-0.0200,-0.0600,persisted
electricity_hourly_coarse_relation_001,25,50,24601,24625,24601,24650,1.0000,stable,stable,dominant_stable,dominant_stable,-0.0200,0.0400,-0.0200,persisted
electricity_hourly_coarse_relation_001,25,50,24626,24650,24601,24650,1.0000,stable,stable,dominant_stable,dominant_stable,0.0600,0.0400,-0.1000,persisted
electricity_hourly_coarse_relation_001,25,50,24651,24675,24651,24700,1.0000,stable,stable,dominant_stable,dominant_stable,0.2000,-0.1200,-0.0800,persisted
electricity_hourly_coarse_relation_001,25,50,24676,24700,24651,24700,1.0000,stable,stable,dominant_stable,dominant_stable,0.1200,-0.0400,-0.0800,persisted
electricity_hourly_coarse_relation_001,25,50,24701,24725,24701,24750,1.0000,stable,stable,dominant_stable,dominant_stable,0.1200,0.0000,-0.1200,persisted
electricity_hourly_coarse_relation_001,25,50,24726,24750,24701,24750,1.0000,stable,stable,dominant_stable,dominant_stable,0.1200,0.0000,-0.1200,persisted
electricity_hourly_coarse_relation_001,25,50,24751,24775,24751,24800,1.0000,stable,stable,dominant_stable,dominant_stable,0.1400,-0.0600,-0.0800,persisted
electricity_hourly_coarse_relation_001,25,50,24776,24800,24751,24800,1.0000,stable,stable,dominant_stable,dominant_stable,0.1000,0.0200,-0.1200,persisted
electricity_hourly_coarse_relation_001,25,50,24801,24825,24801,24850,1.0000,stable,stable,dominant_stable,dominant_stable,0.0600,0.0600,-0.1200,persisted
electricity_hourly_coarse_relation_001,25,50,24826,24850,24801,24850,1.0000,stable,stable,dominant_stable,dominant_stable,0.1400,-0.0600,-0.0800,persisted
electricity_hourly_coarse_relation_001,25,50,24851,24875,24851,24900,1.0000,stable,stable,dominant_stable,dominant_stable,0.1400,-0.0800,-0.0600,persisted
electricity_hourly_coarse_relation_001,25,50,24876,24900,24851,24900,1.0000,stable,stable,dominant_stable,dominant_stable,0.0600,-0.0400,-0.0200,persisted
electricity_hourly_coarse_relation_001,25,50,24901,24925,24901,24950,1.0000,stable,stable,dominant_stable,dominant_stable,0.1400,-0.1400,0.0000,persisted
electricity_hourly_coarse_relation_001,25,50,24926,24950,24901,24950,1.0000,stable,stable,dominant_stable,dominant_stable,-0.0200,0.0600,-0.0400,persisted
electricity_hourly_coarse_relation_001,25,50,24951,24975,24951,25000,1.0000,stable,stable,dominant_stable,dominant_stable,0.0000,-0.0200,0.0200,persisted
electricity_hourly_coarse_relation_001,25,50,24976,25000,24951,25000,1.0000,stable,stable,dominant_stable,dominant_stable,0.0000,0.0600,-0.0600,persisted
electricity_hourly_coarse_relation_001,25,50,25001,25025,25001,25050,1.0000,stable,stable,dominant_stable,dominant_stable,0.0000,0.0600,-0.0600,persisted
electricity_hourly_coarse_relation_001,25,50,25026,25050,25001,25050,1.0000,stable,stable,dominant_stable,dominant_stable,0.0000,-0.0200,0.0200,persisted
electricity_hourly_coarse_relation_001,25,50,25051,25075,25051,25100,1.0000,stable,stable,dominant_stable,dominant_stable,0.0400,-0.0800,0.0400,persisted
electricity_hourly_coarse_relation_001,25,50,25076,25100,25051,25100,1.0000,stable,stable,dominant_stable,dominant_stable,0.1200,-0.0800,-0.0400,persisted
electricity_hourly_coarse_relation_001,25,50,25101,25125,25101,25150,1.0000,stable,stable,dominant_stable,dominant_stable,0.0000,0.0800,-0.0800,persisted
electricity_hourly_coarse_relation_001,25,50,25126,25150,25101,25150,1.0000,stable,stable,dominant_stable,dominant_stable,0.0000,0.0800,-0.0800,persisted
electricity_hourly_coarse_relation_001,25,50,25151,25175,25151,25200,1.0000,stable,stable,dominant_stable,dominant_stable,0.0000,0.0800,-0.0800,persisted
electricity_hourly_coarse_relation_001,25,50,25176,25200,25151,25200,1.0000,stable,stable,dominant_stable,dominant_stable,0.0000,0.0800,-0.0800,persisted
electricity_hourly_coarse_relation_001,25,50,25201,25225,25201,25250,1.0000,stable,stable,dominant_stable,dominant_stable,0.0000,0.0600,-0.0600,persisted
electricity_hourly_coarse_relation_001,25,50,25226,25250,25201,25250,1.0000,stable,stable,dominant_stable,dominant_stable,0.0000,-0.0200,0.0200,persisted
electricity_hourly_coarse_relation_001,25,50,25251,25275,25251,25300,1.0000,stable,stable,dominant_stable,dominant_stable,0.0000,-0.0200,0.0200,persisted
electricity_hourly_coarse_relation_001,25,50,25276,25300,25251,25300,1.0000,stable,stable,dominant_stable,dominant_stable,0.0000,0.0600,-0.0600,persisted
electricity_hourly_coarse_relation_001,25,50,25301,25325,25301,25350,1.0000,stable,stable,dominant_stable,dominant_stable,-0.0200,0.0800,-0.0600,persisted
electricity_hourly_coarse_relation_001,25,50,25326,25350,25301,25350,1.0000,stable,stable,dominant_stable,dominant_stable,0.1400,-0.0400,-0.1000,persisted
electricity_hourly_coarse_relation_001,25,50,25351,25375,25351,25400,1.0000,stable,stable,dominant_stable,dominant_stable,0.1400,-0.0400,-0.1000,persisted
electricity_hourly_coarse_relation_001,25,50,25376,25400,25351,25400,1.0000,stable,stable,dominant_stable,dominant_stable,-0.0200,0.0800,-0.0600,persisted
electricity_hourly_coarse_relation_001,25,50,25401,25425,25401,25450,1.0000,stable,stable,dominant_stable,dominant_stable,0.0800,-0.0400,-0.0400,persisted
electricity_hourly_coarse_relation_001,25,50,25426,25450,25401,25450,1.0000,stable,stable,dominant_stable,dominant_stable,0.0800,-0.0400,-0.0400,persisted
electricity_hourly_coarse_relation_001,25,50,25451,25475,25451,25500,1.0000,stable,stable,dominant_stable,dominant_stable,0.1200,-0.1200,0.0000,persisted
electricity_hourly_coarse_relation_001,25,50,25476,25500,25451,25500,1.0000,stable,stable,dominant_stable,dominant_stable,0.0800,-0.0800,0.0000,persisted
electricity_hourly_coarse_relation_001,25,50,25501,25525,25501,25550,1.0000,stable,stable,dominant_stable,dominant_stable,0.0600,-0.0800,0.0200,persisted
electricity_hourly_coarse_relation_001,25,50,25526,25550,25501,25550,1.0000,stable,stable,dominant_stable,dominant_stable,0.1000,-0.0800,-0.0200,persisted
electricity_hourly_coarse_relation_001,25,50,25551,25575,25551,25600,1.0000,stable,stable,dominant_stable,dominant_stable,0.0800,-0.0800,0.0000,persisted
electricity_hourly_coarse_relation_001,25,50,25576,25600,25551,25600,1.0000,stable,stable,dominant_stable,dominant_stable,0.0800,-0.0800,0.0000,persisted
electricity_hourly_coarse_relation_001,25,50,25601,25625,25601,25650,1.0000,stable,stable,dominant_stable,dominant_stable,0.0800,-0.0800,0.0000,persisted
electricity_hourly_coarse_relation_001,25,50,25626,25650,25601,25650,1.0000,stable,stable,dominant_stable,dominant_stable,0.0800,-0.0800,0.0000,persisted
electricity_hourly_coarse_relation_001,25,50,25651,25675,25651,25700,1.0000,stable,stable,dominant_stable,dominant_stable,0.0800,-0.0800,0.0000,persisted
electricity_hourly_coarse_relation_001,25,50,25676,25700,25651,25700,1.0000,stable,stable,dominant_stable,dominant_stable,0.2000,-0.2000,0.0000,persisted
electricity_hourly_coarse_relation_001,25,50,25701,25725,25701,25750,1.0000,stable,stable,dominant_stable,dominant_stable,0.2000,-0.2000,0.0000,persisted
electricity_hourly_coarse_relation_001,25,50,25726,25750,25701,25750,1.0000,stable,stable,dominant_stable,dominant_stable,0.0800,-0.0800,0.0000,persisted
electricity_hourly_coarse_relation_001,25,50,25751,25775,25751,25800,1.0000,stable,stable,dominant_stable,dominant_stable,0.0800,-0.0800,0.0000,persisted
electricity_hourly_coarse_relation_001,25,50,25776,25800,25751,25800,1.0000,stable,stable,dominant_stable,dominant_stable,0.1200,-0.1200,0.0000,persisted
electricity_hourly_coarse_relation_001,25,50,25801,25825,25801,25850,1.0000,stable,stable,dominant_stable,dominant_stable,0.0000,0.0000,0.0000,persisted
electricity_hourly_coarse_relation_001,25,50,25826,25850,25801,25850,1.0000,stable,stable,dominant_stable,dominant_stable,0.0800,-0.0800,0.0000,persisted
electricity_hourly_coarse_relation_001,25,50,25851,25875,25851,25900,1.0000,stable,stable,dominant_stable,dominant_stable,0.0800,-0.0800,0.0000,persisted
electricity_hourly_coarse_relation_001,25,50,25876,25900,25851,25900,1.0000,stable,stable,dominant_stable,dominant_stable,0.0800,-0.0800,0.0000,persisted
electricity_hourly_coarse_relation_001,25,50,25901,25925,25901,25950,1.0000,stable,stable,dominant_stable,dominant_stable,0.1000,-0.0800,-0.0200,persisted
electricity_hourly_coarse_relation_001,25,50,25926,25950,25901,25950,1.0000,stable,stable,dominant_stable,dominant_stable,0.1000,-0.1200,0.0200,persisted
electricity_hourly_coarse_relation_001,25,50,25951,25975,25951,26000,1.0000,stable,stable,dominant_stable,dominant_stable,0.1200,-0.1200,0.0000,persisted
electricity_hourly_coarse_relation_001,25,50,25976,26000,25951,26000,1.0000,stable,stable,dominant_stable,dominant_stable,0.0800,-0.0800,0.0000,persisted
electricity_hourly_coarse_relation_001,25,50,26001,26025,26001,26050,1.0000,stable,stable,dominant_stable,dominant_stable,0.2000,-0.2000,0.0000,persisted
electricity_hourly_coarse_relation_001,25,50,26026,26050,26001,26050,1.0000,stable,stable,dominant_stable,dominant_stable,0.1200,-0.1200,0.0000,persisted
electricity_hourly_coarse_relation_001,25,50,26051,26075,26051,26100,1.0000,stable,stable,dominant_stable,dominant_stable,0.1000,-0.1200,0.0200,persisted
electricity_hourly_coarse_relation_001,25,50,26076,26100,26051,26100,1.0000,stable,stable,dominant_stable,dominant_stable,0.0600,0.0000,-0.0600,persisted
electricity_hourly_coarse_relation_001,25,50,26101,26125,26101,26150,1.0000,stable,stable,dominant_stable,dominant_stable,0.0400,-0.0400,0.0000,persisted
electricity_hourly_coarse_relation_001,25,50,26126,26150,26101,26150,1.0000,stable,stable,dominant_stable,dominant_stable,-0.0400,0.0400,0.0000,persisted
electricity_hourly_coarse_relation_001,25,50,26151,26175,26151,26200,1.0000,stable,stable,dominant_stable,dominant_stable,0.1400,-0.0800,-0.0600,persisted
electricity_hourly_coarse_relation_001,25,50,26176,26200,26151,26200,1.0000,stable,stable,dominant_stable,dominant_stable,0.0600,-0.0800,0.0200,persisted
electricity_hourly_coarse_relation_001,25,50,26201,26225,26201,26250,1.0000,stable,stable,dominant_stable,dominant_stable,0.0800,-0.0800,0.0000,persisted
electricity_hourly_coarse_relation_001,25,50,26226,26250,26201,26250,1.0000,stable,stable,dominant_stable,dominant_stable,0.1200,-0.1200,0.0000,persisted
electricity_hourly_coarse_relation_001,25,50,26251,26275,26251,26300,1.0000,stable,stable,dominant_stable,dominant_stable,0.1200,-0.1200,0.0000,persisted
electricity_hourly_coarse_relation_001,25,50,26276,26300,26251,26300,1.0000,stable,stable,dominant_stable,dominant_stable,0.0800,-0.0800,0.0000,persisted
electricity_hourly_coarse_relation_001,25,50,26301,26304,26301,26304,1.0000,middle,middle,dominant_middle,dominant_middle,0.0000,0.0000,0.0000,persisted
electricity_hourly_coarse_relation_001,50,75,1,50,1,75,1.0000,stable,stable,dominant_stable,dominant_stable,0.0800,-0.0600,-0.0200,persisted
electricity_hourly_coarse_relation_001,50,75,51,100,1,75,0.5000,stable,stable,dominant_stable,dominant_stable,0.0400,-0.0400,0.0000,persisted
electricity_hourly_coarse_relation_001,50,75,101,150,76,150,1.0000,stable,stable,dominant_stable,dominant_stable,0.1200,-0.1200,0.0000,persisted
electricity_hourly_coarse_relation_001,50,75,151,200,151,225,1.0000,stable,stable,dominant_stable,dominant_stable,0.0133,-0.0133,0.0000,persisted
electricity_hourly_coarse_relation_001,50,75,201,250,151,225,0.5000,stable,stable,dominant_stable,dominant_stable,0.0133,0.0067,-0.0200,persisted
electricity_hourly_coarse_relation_001,50,75,251,300,226,300,1.0000,stable,stable,dominant_stable,dominant_stable,0.0600,-0.0600,0.0000,persisted
electricity_hourly_coarse_relation_001,50,75,301,350,301,375,1.0000,stable,stable,dominant_stable,dominant_stable,0.0133,-0.0133,0.0000,persisted
electricity_hourly_coarse_relation_001,50,75,351,400,301,375,0.5000,stable,stable,dominant_stable,dominant_stable,0.0533,-0.0333,-0.0200,persisted
electricity_hourly_coarse_relation_001,50,75,401,450,376,450,1.0000,stable,stable,dominant_stable,dominant_stable,0.0000,0.0000,0.0000,persisted
electricity_hourly_coarse_relation_001,50,75,451,500,451,525,1.0000,stable,stable,dominant_stable,dominant_stable,0.0133,-0.0133,0.0000,persisted
electricity_hourly_coarse_relation_001,50,75,501,550,451,525,0.5000,stable,stable,dominant_stable,dominant_stable,0.0133,-0.0133,0.0000,persisted
electricity_hourly_coarse_relation_001,50,75,551,600,526,600,1.0000,stable,stable,dominant_stable,dominant_stable,0.0400,-0.0400,0.0000,persisted
electricity_hourly_coarse_relation_001,50,75,601,650,601,675,1.0000,stable,stable,dominant_stable,dominant_stable,-0.0067,0.0267,-0.0200,persisted
electricity_hourly_coarse_relation_001,50,75,651,700,601,675,0.5000,stable,stable,dominant_stable,dominant_stable,0.0333,-0.0133,-0.0200,persisted
electricity_hourly_coarse_relation_001,50,75,701,750,676,750,1.0000,stable,stable,dominant_stable,dominant_stable,0.0200,-0.0133,-0.0067,persisted
electricity_hourly_coarse_relation_001,50,75,751,800,751,825,1.0000,stable,stable,dominant_stable,dominant_stable,0.0333,-0.0333,0.0000,persisted
electricity_hourly_coarse_relation_001,50,75,801,850,751,825,0.5000,stable,stable,dominant_stable,dominant_stable,-0.0267,0.0267,0.0000,persisted
electricity_hourly_coarse_relation_001,50,75,851,900,826,900,1.0000,stable,stable,dominant_stable,dominant_stable,0.0667,-0.0600,-0.0067,persisted
electricity_hourly_coarse_relation_001,50,75,901,950,901,975,1.0000,stable,stable,dominant_stable,dominant_stable,-0.0133,0.0000,0.0133,persisted
electricity_hourly_coarse_relation_001,50,75,951,1000,901,975,0.5000,stable,stable,dominant_stable,dominant_stable,0.0067,0.0000,-0.0067,persisted
electricity_hourly_coarse_relation_001,50,75,1001,1050,976,1050,1.0000,stable,stable,dominant_stable,dominant_stable,-0.0067,0.0000,0.0067,persisted
electricity_hourly_coarse_relation_001,50,75,1051,1100,1051,1125,1.0000,stable,stable,dominant_stable,dominant_stable,0.0000,0.0000,0.0000,persisted
electricity_hourly_coarse_relation_001,50,75,1101,1150,1051,1125,0.5000,stable,stable,dominant_stable,dominant_stable,-0.0200,0.0400,-0.0200,persisted
electricity_hourly_coarse_relation_001,50,75,1151,1200,1126,1200,1.0000,stable,stable,dominant_stable,dominant_stable,0.0000,0.0000,0.0000,persisted
electricity_hourly_coarse_relation_001,50,75,1201,1250,1201,1275,1.0000,stable,stable,dominant_stable,dominant_stable,-0.0067,0.0267,-0.0200,persisted
electricity_hourly_coarse_relation_001,50,75,1251,1300,1201,1275,0.5000,stable,stable,dominant_stable,dominant_stable,0.0133,-0.0133,0.0000,persisted
electricity_hourly_coarse_relation_001,50,75,1301,1350,1276,1350,1.0000,stable,stable,dominant_stable,dominant_stable,-0.0067,0.0267,-0.0200,persisted
electricity_hourly_coarse_relation_001,50,75,1351,1400,1351,1425,1.0000,stable,stable,dominant_stable,dominant_stable,-0.0067,0.0267,-0.0200,persisted
electricity_hourly_coarse_relation_001,50,75,1401,1450,1351,1425,0.5000,stable,stable,dominant_stable,dominant_stable,-0.0067,0.0267,-0.0200,persisted
electricity_hourly_coarse_relation_001,50,75,1451,1500,1426,1500,1.0000,stable,stable,dominant_stable,dominant_stable,0.0200,-0.0133,-0.0067,persisted
electricity_hourly_coarse_relation_001,50,75,1501,1550,1501,1575,1.0000,stable,stable,dominant_stable,dominant_stable,0.0067,0.0133,-0.0200,persisted
electricity_hourly_coarse_relation_001,50,75,1551,1600,1501,1575,0.5000,stable,stable,dominant_stable,dominant_stable,-0.0333,0.0533,-0.0200,persisted
electricity_hourly_coarse_relation_001,50,75,1601,1650,1576,1650,1.0000,stable,stable,dominant_stable,dominant_stable,0.0267,-0.0267,0.0000,persisted
electricity_hourly_coarse_relation_001,50,75,1651,1700,1651,1725,1.0000,stable,stable,dominant_stable,dominant_stable,0.0200,-0.0133,-0.0067,persisted
electricity_hourly_coarse_relation_001,50,75,1701,1750,1651,1725,0.5000,stable,stable,dominant_stable,dominant_stable,0.0000,0.0267,-0.0267,persisted
electricity_hourly_coarse_relation_001,50,75,1751,1800,1726,1800,1.0000,stable,stable,dominant_stable,dominant_stable,0.0600,-0.0600,0.0000,persisted
electricity_hourly_coarse_relation_001,50,75,1801,1850,1801,1875,1.0000,stable,stable,dominant_stable,dominant_stable,0.0267,-0.0200,-0.0067,persisted
electricity_hourly_coarse_relation_001,50,75,1851,1900,1801,1875,0.5000,stable,stable,dominant_stable,dominant_stable,-0.0533,0.0400,0.0133,persisted
electricity_hourly_coarse_relation_001,50,75,1901,1950,1876,1950,1.0000,stable,stable,dominant_stable,dominant_stable,0.0067,0.0000,-0.0067,persisted
electricity_hourly_coarse_relation_001,50,75,1951,2000,1951,2025,1.0000,stable,stable,dominant_stable,dominant_stable,-0.0067,0.0267,-0.0200,persisted
electricity_hourly_coarse_relation_001,50,75,2001,2050,1951,2025,0.5000,stable,stable,dominant_stable,dominant_stable,0.0133,-0.0133,0.0000,persisted
electricity_hourly_coarse_relation_001,50,75,2051,2100,2026,2100,1.0000,stable,stable,dominant_stable,dominant_stable,0.0000,0.0000,0.0000,persisted
electricity_hourly_coarse_relation_001,50,75,2101,2150,2101,2175,1.0000,stable,stable,dominant_stable,dominant_stable,0.0600,-0.0600,0.0000,persisted
electricity_hourly_coarse_relation_001,50,75,2151,2200,2101,2175,0.5000,stable,stable,dominant_stable,dominant_stable,0.1200,-0.1200,0.0000,persisted
electricity_hourly_coarse_relation_001,50,75,2201,2250,2176,2250,1.0000,stable,stable,dominant_stable,dominant_stable,0.0933,-0.0733,-0.0200,persisted
electricity_hourly_coarse_relation_001,50,75,2251,2300,2251,2325,1.0000,stable,stable,dominant_stable,dominant_stable,0.0067,0.0000,-0.0067,persisted
electricity_hourly_coarse_relation_001,50,75,2301,2350,2251,2325,0.5000,stable,stable,dominant_stable,dominant_stable,0.0067,0.0000,-0.0067,persisted
electricity_hourly_coarse_relation_001,50,75,2351,2400,2326,2400,1.0000,stable,stable,dominant_stable,dominant_stable,-0.0067,0.0267,-0.0200,persisted
electricity_hourly_coarse_relation_001,50,75,2401,2450,2401,2475,1.0000,stable,stable,dominant_stable,dominant_stable,0.0267,-0.0200,-0.0067,persisted
electricity_hourly_coarse_relation_001,50,75,2451,2500,2401,2475,0.5000,stable,stable,dominant_stable,dominant_stable,-0.0533,0.0400,0.0133,persisted
electricity_hourly_coarse_relation_001,50,75,2501,2550,2476,2550,1.0000,stable,stable,dominant_stable,dominant_stable,0.0067,0.0000,-0.0067,persisted
electricity_hourly_coarse_relation_001,50,75,2551,2600,2551,2625,1.0000,stable,stable,dominant_stable,dominant_stable,-0.0067,0.0267,-0.0200,persisted
electricity_hourly_coarse_relation_001,50,75,2601,2650,2551,2625,0.5000,stable,stable,dominant_stable,dominant_stable,-0.0067,0.0267,-0.0200,persisted
electricity_hourly_coarse_relation_001,50,75,2651,2700,2626,2700,1.0000,stable,stable,dominant_stable,dominant_stable,0.0133,-0.0133,0.0000,persisted
electricity_hourly_coarse_relation_001,50,75,2701,2750,2701,2775,1.0000,stable,stable,dominant_stable,dominant_stable,-0.0133,0.0533,-0.0400,persisted
electricity_hourly_coarse_relation_001,50,75,2751,2800,2701,2775,0.5000,stable,stable,dominant_stable,dominant_stable,0.0667,-0.0467,-0.0200,persisted
electricity_hourly_coarse_relation_001,50,75,2801,2850,2776,2850,1.0000,stable,stable,dominant_stable,dominant_stable,0.0733,-0.0733,0.0000,persisted
electricity_hourly_coarse_relation_001,50,75,2851,2900,2851,2925,1.0000,stable,stable,dominant_stable,dominant_stable,0.0600,-0.0333,-0.0267,persisted
electricity_hourly_coarse_relation_001,50,75,2901,2950,2851,2925,0.5000,stable,stable,dominant_stable,dominant_stable,0.0000,-0.0133,0.0133,persisted
electricity_hourly_coarse_relation_001,50,75,2951,3000,2926,3000,1.0000,stable,stable,dominant_stable,dominant_stable,0.0133,-0.0133,0.0000,persisted
electricity_hourly_coarse_relation_001,50,75,3001,3050,3001,3075,1.0000,stable,stable,dominant_stable,dominant_stable,0.1133,-0.0933,-0.0200,persisted
electricity_hourly_coarse_relation_001,50,75,3051,3100,3001,3075,0.5000,stable,stable,dominant_stable,dominant_stable,0.0933,-0.0933,0.0000,persisted
electricity_hourly_coarse_relation_001,50,75,3101,3150,3076,3150,1.0000,stable,stable,dominant_stable,dominant_stable,0.0600,-0.0600,0.0000,persisted
electricity_hourly_coarse_relation_001,50,75,3151,3200,3151,3225,1.0000,stable,stable,dominant_stable,dominant_stable,0.0600,-0.0600,0.0000,persisted
electricity_hourly_coarse_relation_001,50,75,3201,3250,3151,3225,0.5000,stable,stable,dominant_stable,dominant_stable,0.0400,-0.0400,0.0000,persisted
electricity_hourly_coarse_relation_001,50,75,3251,3300,3226,3300,1.0000,stable,stable,dominant_stable,dominant_stable,0.0533,-0.0333,-0.0200,persisted
electricity_hourly_coarse_relation_001,50,75,3301,3350,3301,3375,1.0000,stable,stable,dominant_stable,dominant_stable,0.0000,0.0000,0.0000,persisted
electricity_hourly_coarse_relation_001,50,75,3351,3400,3301,3375,0.5000,stable,stable,dominant_stable,dominant_stable,0.0400,-0.0400,0.0000,persisted
electricity_hourly_coarse_relation_001,50,75,3401,3450,3376,3450,1.0000,stable,stable,dominant_stable,dominant_stable,0.0000,0.0000,0.0000,persisted
electricity_hourly_coarse_relation_001,50,75,3451,3500,3451,3525,1.0000,stable,stable,dominant_stable,dominant_stable,0.0533,-0.0333,-0.0200,persisted
electricity_hourly_coarse_relation_001,50,75,3501,3550,3451,3525,0.5000,stable,stable,dominant_stable,dominant_stable,0.0533,-0.0533,0.0000,persisted
electricity_hourly_coarse_relation_001,50,75,3551,3600,3526,3600,1.0000,stable,stable,dominant_stable,dominant_stable,-0.0067,0.0267,-0.0200,persisted
electricity_hourly_coarse_relation_001,50,75,3601,3650,3601,3675,1.0000,stable,stable,dominant_stable,dominant_stable,0.0600,-0.0600,0.0000,persisted
electricity_hourly_coarse_relation_001,50,75,3651,3700,3601,3675,0.5000,stable,stable,dominant_stable,dominant_stable,-0.0200,0.0400,-0.0200,persisted
electricity_hourly_coarse_relation_001,50,75,3701,3750,3676,3750,1.0000,stable,stable,dominant_stable,dominant_stable,0.0067,0.0000,-0.0067,persisted
electricity_hourly_coarse_relation_001,50,75,3751,3800,3751,3825,1.0000,stable,stable,dominant_stable,dominant_stable,0.0000,0.0000,0.0000,persisted
electricity_hourly_coarse_relation_001,50,75,3801,3850,3751,3825,0.5000,stable,stable,dominant_stable,dominant_stable,0.0600,-0.0400,-0.0200,persisted
electricity_hourly_coarse_relation_001,50,75,3851,3900,3826,3900,1.0000,stable,stable,dominant_stable,dominant_stable,-0.0133,0.0000,0.0133,persisted
electricity_hourly_coarse_relation_001,50,75,3901,3950,3901,3975,1.0000,stable,stable,dominant_stable,dominant_stable,0.0600,-0.0600,0.0000,persisted
electricity_hourly_coarse_relation_001,50,75,3951,4000,3901,3975,0.5000,stable,stable,dominant_stable,dominant_stable,-0.0200,0.0400,-0.0200,persisted
electricity_hourly_coarse_relation_001,50,75,4001,4050,3976,4050,1.0000,stable,stable,dominant_stable,dominant_stable,0.0600,-0.0600,0.0000,persisted
electricity_hourly_coarse_relation_001,50,75,4051,4100,4051,4125,1.0000,stable,stable,dominant_stable,dominant_stable,-0.0133,0.0000,0.0133,persisted
electricity_hourly_coarse_relation_001,50,75,4101,4150,4051,4125,0.5000,stable,stable,dominant_stable,dominant_stable,0.0467,-0.0600,0.0133,persisted
electricity_hourly_coarse_relation_001,50,75,4151,4200,4126,4200,1.0000,stable,stable,dominant_stable,dominant_stable,-0.0133,0.0000,0.0133,persisted
electricity_hourly_coarse_relation_001,50,75,4201,4250,4201,4275,1.0000,stable,stable,dominant_stable,dominant_stable,0.0600,-0.0600,0.0000,persisted
electricity_hourly_coarse_relation_001,50,75,4251,4300,4201,4275,0.5000,stable,stable,dominant_stable,dominant_stable,0.0600,-0.0600,0.0000,persisted
electricity_hourly_coarse_relation_001,50,75,4301,4350,4276,4350,1.0000,stable,stable,dominant_stable,dominant_stable,0.0400,-0.0400,0.0000,persisted
electricity_hourly_coarse_relation_001,50,75,4351,4400,4351,4425,1.0000,stable,stable,dominant_stable,dominant_stable,-0.0133,0.0000,0.0133,persisted
electricity_hourly_coarse_relation_001,50,75,4401,4450,4351,4425,0.5000,stable,stable,dominant_stable,dominant_stable,0.0067,0.0000,-0.0067,persisted
electricity_hourly_coarse_relation_001,50,75,4451,4500,4426,4500,1.0000,stable,stable,dominant_stable,dominant_stable,0.0000,0.0000,0.0000,persisted
electricity_hourly_coarse_relation_001,50,75,4501,4550,4501,4575,1.0000,stable,stable,dominant_stable,dominant_stable,0.0000,0.0000,0.0000,persisted
electricity_hourly_coarse_relation_001,50,75,4551,4600,4501,4575,0.5000,stable,stable,dominant_stable,dominant_stable,0.0200,0.0000,-0.0200,persisted
electricity_hourly_coarse_relation_001,50,75,4601,4650,4576,4650,1.0000,stable,stable,dominant_stable,dominant_stable,-0.0133,0.0000,0.0133,persisted
electricity_hourly_coarse_relation_001,50,75,4651,4700,4651,4725,1.0000,stable,stable,dominant_stable,dominant_stable,0.0133,-0.0133,0.0000,persisted
electricity_hourly_coarse_relation_001,50,75,4701,4750,4651,4725,0.5000,stable,stable,dominant_stable,dominant_stable,-0.0067,0.0267,-0.0200,persisted
electricity_hourly_coarse_relation_001,50,75,4751,4800,4726,4800,1.0000,stable,stable,dominant_stable,dominant_stable,0.0000,0.0000,0.0000,persisted
electricity_hourly_coarse_relation_001,50,75,4801,4850,4801,4875,1.0000,stable,stable,dominant_stable,dominant_stable,0.0067,0.0000,-0.0067,persisted
electricity_hourly_coarse_relation_001,50,75,4851,4900,4801,4875,0.5000,stable,stable,dominant_stable,dominant_stable,-0.0133,0.0000,0.0133,persisted
electricity_hourly_coarse_relation_001,50,75,4901,4950,4876,4950,1.0000,stable,stable,dominant_stable,dominant_stable,0.0000,0.0000,0.0000,persisted
electricity_hourly_coarse_relation_001,50,75,4951,5000,4951,5025,1.0000,stable,stable,dominant_stable,dominant_stable,0.0133,-0.0133,0.0000,persisted
electricity_hourly_coarse_relation_001,50,75,5001,5050,4951,5025,0.5000,stable,stable,dominant_stable,dominant_stable,-0.0267,0.0267,0.0000,persisted
electricity_hourly_coarse_relation_001,50,75,5051,5100,5026,5100,1.0000,stable,stable,dominant_stable,dominant_stable,0.0067,0.0000,-0.0067,persisted
electricity_hourly_coarse_relation_001,50,75,5101,5150,5101,5175,1.0000,stable,stable,dominant_stable,dominant_stable,0.0000,0.0000,0.0000,persisted
electricity_hourly_coarse_relation_001,50,75,5151,5200,5101,5175,0.5000,stable,stable,dominant_stable,dominant_stable,0.0000,0.0000,0.0000,persisted
electricity_hourly_coarse_relation_001,50,75,5201,5250,5176,5250,1.0000,stable,stable,dominant_stable,dominant_stable,0.0000,0.0000,0.0000,persisted
electricity_hourly_coarse_relation_001,50,75,5251,5300,5251,5325,1.0000,stable,stable,dominant_stable,dominant_stable,-0.0133,0.0000,0.0133,persisted
electricity_hourly_coarse_relation_001,50,75,5301,5350,5251,5325,0.5000,stable,stable,dominant_stable,dominant_stable,0.0067,0.0000,-0.0067,persisted
electricity_hourly_coarse_relation_001,50,75,5351,5400,5326,5400,1.0000,stable,stable,dominant_stable,dominant_stable,0.0000,0.0000,0.0000,persisted
electricity_hourly_coarse_relation_001,50,75,5401,5450,5401,5475,1.0000,stable,stable,dominant_stable,dominant_stable,0.0000,0.0000,0.0000,persisted
electricity_hourly_coarse_relation_001,50,75,5451,5500,5401,5475,0.5000,stable,stable,dominant_stable,dominant_stable,0.0000,0.0000,0.0000,persisted
electricity_hourly_coarse_relation_001,50,75,5501,5550,5476,5550,1.0000,stable,stable,dominant_stable,dominant_stable,0.0000,0.0000,0.0000,persisted
electricity_hourly_coarse_relation_001,50,75,5551,5600,5551,5625,1.0000,stable,stable,dominant_stable,dominant_stable,0.0000,0.0000,0.0000,persisted
electricity_hourly_coarse_relation_001,50,75,5601,5650,5551,5625,0.5000,stable,stable,dominant_stable,dominant_stable,0.0000,0.0000,0.0000,persisted
electricity_hourly_coarse_relation_001,50,75,5651,5700,5626,5700,1.0000,stable,stable,dominant_stable,dominant_stable,0.0000,0.0000,0.0000,persisted
electricity_hourly_coarse_relation_001,50,75,5701,5750,5701,5775,1.0000,stable,stable,dominant_stable,dominant_stable,-0.0133,0.0000,0.0133,persisted
electricity_hourly_coarse_relation_001,50,75,5751,5800,5701,5775,0.5000,stable,stable,dominant_stable,dominant_stable,0.0067,0.0000,-0.0067,persisted
electricity_hourly_coarse_relation_001,50,75,5801,5850,5776,5850,1.0000,stable,stable,dominant_stable,dominant_stable,0.0000,0.0000,0.0000,persisted
electricity_hourly_coarse_relation_001,50,75,5851,5900,5851,5925,1.0000,stable,stable,dominant_stable,dominant_stable,0.0000,0.0000,0.0000,persisted
electricity_hourly_coarse_relation_001,50,75,5901,5950,5851,5925,0.5000,stable,stable,dominant_stable,dominant_stable,0.0200,0.0000,-0.0200,persisted
electricity_hourly_coarse_relation_001,50,75,5951,6000,5926,6000,1.0000,stable,stable,dominant_stable,dominant_stable,-0.0067,0.0267,-0.0200,persisted
electricity_hourly_coarse_relation_001,50,75,6001,6050,6001,6075,1.0000,stable,stable,dominant_stable,dominant_stable,0.0000,0.0000,0.0000,persisted
electricity_hourly_coarse_relation_001,50,75,6051,6100,6001,6075,0.5000,stable,stable,dominant_stable,dominant_stable,0.0000,0.0000,0.0000,persisted
electricity_hourly_coarse_relation_001,50,75,6101,6150,6076,6150,1.0000,stable,stable,dominant_stable,dominant_stable,0.0000,0.0000,0.0000,persisted
electricity_hourly_coarse_relation_001,50,75,6151,6200,6151,6225,1.0000,stable,stable,dominant_stable,dominant_stable,0.0067,0.0000,-0.0067,persisted
electricity_hourly_coarse_relation_001,50,75,6201,6250,6151,6225,0.5000,stable,stable,dominant_stable,dominant_stable,-0.0133,0.0000,0.0133,persisted
electricity_hourly_coarse_relation_001,50,75,6251,6300,6226,6300,1.0000,stable,stable,dominant_stable,dominant_stable,0.0733,-0.0733,0.0000,persisted
electricity_hourly_coarse_relation_001,50,75,6301,6350,6301,6375,1.0000,stable,stable,dominant_stable,dominant_stable,-0.0067,0.0267,-0.0200,persisted
electricity_hourly_coarse_relation_001,50,75,6351,6400,6301,6375,0.5000,stable,stable,dominant_stable,dominant_stable,0.0733,-0.0733,0.0000,persisted
electricity_hourly_coarse_relation_001,50,75,6401,6450,6376,6450,1.0000,stable,stable,dominant_stable,dominant_stable,0.0333,-0.0133,-0.0200,persisted
electricity_hourly_coarse_relation_001,50,75,6451,6500,6451,6525,1.0000,stable,stable,dominant_stable,dominant_stable,0.1133,-0.0933,-0.0200,persisted
electricity_hourly_coarse_relation_001,50,75,6501,6550,6451,6525,0.5000,stable,stable,dominant_stable,dominant_stable,0.0933,-0.0733,-0.0200,persisted
electricity_hourly_coarse_relation_001,50,75,6551,6600,6526,6600,1.0000,stable,stable,dominant_stable,dominant_stable,0.1333,-0.1333,0.0000,persisted
electricity_hourly_coarse_relation_001,50,75,6601,6650,6601,6675,1.0000,stable,stable,dominant_stable,dominant_stable,0.0400,-0.0400,0.0000,persisted
electricity_hourly_coarse_relation_001,50,75,6651,6700,6601,6675,0.5000,stable,stable,dominant_stable,dominant_stable,0.0600,-0.0600,0.0000,persisted
electricity_hourly_coarse_relation_001,50,75,6701,6750,6676,6750,1.0000,stable,stable,dominant_stable,dominant_stable,0.0000,0.0000,0.0000,persisted
electricity_hourly_coarse_relation_001,50,75,6751,6800,6751,6825,1.0000,stable,stable,dominant_stable,dominant_stable,0.0400,-0.0400,0.0000,persisted
electricity_hourly_coarse_relation_001,50,75,6801,6850,6751,6825,0.5000,stable,stable,dominant_stable,dominant_stable,0.0800,-0.0800,0.0000,persisted
electricity_hourly_coarse_relation_001,50,75,6851,6900,6826,6900,1.0000,stable,stable,dominant_stable,dominant_stable,0.0400,-0.0400,0.0000,persisted
electricity_hourly_coarse_relation_001,50,75,6901,6950,6901,6975,1.0000,stable,stable,dominant_stable,dominant_stable,0.1200,-0.1200,0.0000,persisted
electricity_hourly_coarse_relation_001,50,75,6951,7000,6901,6975,0.5000,stable,stable,dominant_stable,dominant_stable,0.0800,-0.0800,0.0000,persisted
electricity_hourly_coarse_relation_001,50,75,7001,7050,6976,7050,1.0000,stable,stable,dominant_stable,dominant_stable,0.1200,-0.1200,0.0000,persisted
electricity_hourly_coarse_relation_001,50,75,7051,7100,7051,7125,1.0000,stable,stable,dominant_stable,dominant_stable,-0.0067,0.0267,-0.0200,persisted
electricity_hourly_coarse_relation_001,50,75,7101,7150,7051,7125,0.5000,stable,stable,dominant_stable,dominant_stable,0.0733,-0.0733,0.0000,persisted
electricity_hourly_coarse_relation_001,50,75,7151,7200,7126,7200,1.0000,stable,stable,dominant_stable,dominant_stable,0.1200,-0.1200,0.0000,persisted
electricity_hourly_coarse_relation_001,50,75,7201,7250,7201,7275,1.0000,stable,stable,dominant_stable,dominant_stable,0.0933,-0.0733,-0.0200,persisted
electricity_hourly_coarse_relation_001,50,75,7251,7300,7201,7275,0.5000,stable,stable,dominant_stable,dominant_stable,0.0133,-0.0133,0.0000,persisted
electricity_hourly_coarse_relation_001,50,75,7301,7350,7276,7350,1.0000,stable,stable,dominant_stable,dominant_stable,0.0600,-0.0600,0.0000,persisted
electricity_hourly_coarse_relation_001,50,75,7351,7400,7351,7425,1.0000,stable,stable,dominant_stable,dominant_stable,0.0600,-0.0600,0.0000,persisted
electricity_hourly_coarse_relation_001,50,75,7401,7450,7351,7425,0.5000,stable,stable,dominant_stable,dominant_stable,0.0800,-0.0800,0.0000,persisted
electricity_hourly_coarse_relation_001,50,75,7451,7500,7426,7500,1.0000,stable,stable,dominant_stable,dominant_stable,0.0000,0.0000,0.0000,persisted
electricity_hourly_coarse_relation_001,50,75,7501,7550,7501,7575,1.0000,stable,stable,dominant_stable,dominant_stable,0.0000,0.0000,0.0000,persisted
electricity_hourly_coarse_relation_001,50,75,7551,7600,7501,7575,0.5000,stable,stable,dominant_stable,dominant_stable,0.0000,0.0400,-0.0400,persisted
electricity_hourly_coarse_relation_001,50,75,7601,7650,7576,7650,1.0000,stable,stable,dominant_stable,dominant_stable,0.0200,-0.0200,0.0000,persisted
electricity_hourly_coarse_relation_001,50,75,7651,7700,7651,7725,1.0000,stable,stable,dominant_stable,dominant_stable,0.0733,-0.0733,0.0000,persisted
electricity_hourly_coarse_relation_001,50,75,7701,7750,7651,7725,0.5000,stable,stable,dominant_stable,dominant_stable,0.0733,-0.0733,0.0000,persisted
electricity_hourly_coarse_relation_001,50,75,7751,7800,7726,7800,1.0000,stable,stable,dominant_stable,dominant_stable,0.0200,0.0000,-0.0200,persisted
electricity_hourly_coarse_relation_001,50,75,7801,7850,7801,7875,1.0000,stable,stable,dominant_stable,dominant_stable,0.0133,-0.0133,0.0000,persisted
electricity_hourly_coarse_relation_001,50,75,7851,7900,7801,7875,0.5000,stable,stable,dominant_stable,dominant_stable,0.0133,0.0267,-0.0400,persisted
electricity_hourly_coarse_relation_001,50,75,7901,7950,7876,7950,1.0000,stable,stable,dominant_stable,dominant_stable,-0.0067,0.0267,-0.0200,persisted
electricity_hourly_coarse_relation_001,50,75,7951,8000,7951,8025,1.0000,stable,stable,dominant_stable,dominant_stable,0.0000,0.0000,0.0000,persisted
electricity_hourly_coarse_relation_001,50,75,8001,8050,7951,8025,0.5000,stable,stable,dominant_stable,dominant_stable,-0.0200,0.0400,-0.0200,persisted
electricity_hourly_coarse_relation_001,50,75,8051,8100,8026,8100,1.0000,stable,stable,dominant_stable,dominant_stable,0.0067,0.0000,-0.0067,persisted
electricity_hourly_coarse_relation_001,50,75,8101,8150,8101,8175,1.0000,stable,stable,dominant_stable,dominant_stable,-0.0200,0.0400,-0.0200,persisted
electricity_hourly_coarse_relation_001,50,75,8151,8200,8101,8175,0.5000,stable,stable,dominant_stable,dominant_stable,-0.0200,0.0400,-0.0200,persisted
electricity_hourly_coarse_relation_001,50,75,8201,8250,8176,8250,1.0000,stable,stable,dominant_stable,dominant_stable,0.0400,-0.0400,0.0000,persisted
electricity_hourly_coarse_relation_001,50,75,8251,8300,8251,8325,1.0000,stable,stable,dominant_stable,dominant_stable,-0.0067,0.0267,-0.0200,persisted
electricity_hourly_coarse_relation_001,50,75,8301,8350,8251,8325,0.5000,stable,stable,dominant_stable,dominant_stable,0.0133,-0.0133,0.0000,persisted
electricity_hourly_coarse_relation_001,50,75,8351,8400,8326,8400,1.0000,stable,stable,dominant_stable,dominant_stable,0.0200,-0.0200,0.0000,persisted
electricity_hourly_coarse_relation_001,50,75,8401,8450,8401,8475,1.0000,stable,stable,dominant_stable,dominant_stable,-0.0067,0.0267,-0.0200,persisted
electricity_hourly_coarse_relation_001,50,75,8451,8500,8401,8475,0.5000,stable,stable,dominant_stable,dominant_stable,0.0133,-0.0133,0.0000,persisted
electricity_hourly_coarse_relation_001,50,75,8501,8550,8476,8550,1.0000,stable,stable,dominant_stable,dominant_stable,0.1133,-0.0933,-0.0200,persisted
electricity_hourly_coarse_relation_001,50,75,8551,8600,8551,8625,1.0000,stable,stable,dominant_stable,dominant_stable,0.0133,-0.0133,0.0000,persisted
electricity_hourly_coarse_relation_001,50,75,8601,8650,8551,8625,0.5000,stable,stable,dominant_stable,dominant_stable,0.0333,-0.0133,-0.0200,persisted
electricity_hourly_coarse_relation_001,50,75,8651,8700,8626,8700,1.0000,stable,stable,dominant_stable,dominant_stable,0.0133,0.0000,-0.0133,persisted
electricity_hourly_coarse_relation_001,50,75,8701,8750,8701,8775,1.0000,stable,stable,dominant_stable,dominant_stable,0.0200,-0.0133,-0.0067,persisted
electricity_hourly_coarse_relation_001,50,75,8751,8800,8701,8775,0.5000,stable,stable,dominant_stable,dominant_stable,0.0200,-0.0333,0.0133,persisted
electricity_hourly_coarse_relation_001,50,75,8801,8850,8776,8850,1.0000,stable,stable,dominant_stable,dominant_stable,0.0000,0.0000,0.0000,persisted
electricity_hourly_coarse_relation_001,50,75,8851,8900,8851,8925,1.0000,stable,stable,dominant_stable,dominant_stable,0.0133,-0.0133,0.0000,persisted
electricity_hourly_coarse_relation_001,50,75,8901,8950,8851,8925,0.5000,stable,stable,dominant_stable,dominant_stable,-0.0267,0.0267,0.0000,persisted
electricity_hourly_coarse_relation_001,50,75,8951,9000,8926,9000,1.0000,stable,stable,dominant_stable,dominant_stable,0.0133,-0.0133,0.0000,persisted
electricity_hourly_coarse_relation_001,50,75,9001,9050,9001,9075,1.0000,stable,stable,dominant_stable,dominant_stable,0.0133,-0.0133,0.0000,persisted
electricity_hourly_coarse_relation_001,50,75,9051,9100,9001,9075,0.5000,stable,stable,dominant_stable,dominant_stable,-0.0267,0.0267,0.0000,persisted
electricity_hourly_coarse_relation_001,50,75,9101,9150,9076,9150,1.0000,stable,stable,dominant_stable,dominant_stable,0.0000,0.0000,0.0000,persisted
electricity_hourly_coarse_relation_001,50,75,9151,9200,9151,9225,1.0000,stable,stable,dominant_stable,dominant_stable,-0.0267,0.0000,0.0267,persisted
electricity_hourly_coarse_relation_001,50,75,9201,9250,9151,9225,0.5000,stable,stable,dominant_stable,dominant_stable,0.0333,-0.0400,0.0067,persisted
electricity_hourly_coarse_relation_001,50,75,9251,9300,9226,9300,1.0000,stable,stable,dominant_stable,dominant_stable,-0.0133,0.0000,0.0133,persisted
electricity_hourly_coarse_relation_001,50,75,9301,9350,9301,9375,1.0000,stable,stable,dominant_stable,dominant_stable,0.0000,0.0000,0.0000,persisted
electricity_hourly_coarse_relation_001,50,75,9351,9400,9301,9375,0.5000,stable,stable,dominant_stable,dominant_stable,0.0000,0.0000,0.0000,persisted
electricity_hourly_coarse_relation_001,50,75,9401,9450,9376,9450,1.0000,stable,stable,dominant_stable,dominant_stable,0.0000,0.0000,0.0000,persisted
electricity_hourly_coarse_relation_001,50,75,9451,9500,9451,9525,1.0000,stable,stable,dominant_stable,dominant_stable,0.0000,0.0000,0.0000,persisted
electricity_hourly_coarse_relation_001,50,75,9501,9550,9451,9525,0.5000,stable,stable,dominant_stable,dominant_stable,0.0000,0.0000,0.0000,persisted
electricity_hourly_coarse_relation_001,50,75,9551,9600,9526,9600,1.0000,stable,stable,dominant_stable,dominant_stable,0.0000,0.0000,0.0000,persisted
electricity_hourly_coarse_relation_001,50,75,9601,9650,9601,9675,1.0000,stable,stable,dominant_stable,dominant_stable,0.0000,0.0000,0.0000,persisted
electricity_hourly_coarse_relation_001,50,75,9651,9700,9601,9675,0.5000,stable,stable,dominant_stable,dominant_stable,0.0000,0.0000,0.0000,persisted
electricity_hourly_coarse_relation_001,50,75,9701,9750,9676,9750,1.0000,stable,stable,dominant_stable,dominant_stable,0.0000,0.0000,0.0000,persisted
electricity_hourly_coarse_relation_001,50,75,9751,9800,9751,9825,1.0000,stable,stable,dominant_stable,dominant_stable,0.0000,0.0000,0.0000,persisted
electricity_hourly_coarse_relation_001,50,75,9801,9850,9751,9825,0.5000,stable,stable,dominant_stable,dominant_stable,0.0000,0.0000,0.0000,persisted
electricity_hourly_coarse_relation_001,50,75,9851,9900,9826,9900,1.0000,stable,stable,dominant_stable,dominant_stable,0.0000,0.0000,0.0000,persisted
electricity_hourly_coarse_relation_001,50,75,9901,9950,9901,9975,1.0000,stable,stable,dominant_stable,dominant_stable,0.0000,0.0000,0.0000,persisted
electricity_hourly_coarse_relation_001,50,75,9951,10000,9901,9975,0.5000,stable,stable,dominant_stable,dominant_stable,0.0000,0.0000,0.0000,persisted
electricity_hourly_coarse_relation_001,50,75,10001,10050,9976,10050,1.0000,stable,stable,dominant_stable,dominant_stable,0.0000,0.0000,0.0000,persisted
electricity_hourly_coarse_relation_001,50,75,10051,10100,10051,10125,1.0000,stable,stable,dominant_stable,dominant_stable,0.0000,0.0000,0.0000,persisted
electricity_hourly_coarse_relation_001,50,75,10101,10150,10051,10125,0.5000,stable,stable,dominant_stable,dominant_stable,0.0000,0.0000,0.0000,persisted
electricity_hourly_coarse_relation_001,50,75,10151,10200,10126,10200,1.0000,stable,stable,dominant_stable,dominant_stable,0.0000,0.0000,0.0000,persisted
electricity_hourly_coarse_relation_001,50,75,10201,10250,10201,10275,1.0000,stable,stable,dominant_stable,dominant_stable,0.0000,0.0000,0.0000,persisted
electricity_hourly_coarse_relation_001,50,75,10251,10300,10201,10275,0.5000,stable,stable,dominant_stable,dominant_stable,0.0000,0.0000,0.0000,persisted
electricity_hourly_coarse_relation_001,50,75,10301,10350,10276,10350,1.0000,stable,stable,dominant_stable,dominant_stable,0.0000,0.0000,0.0000,persisted
electricity_hourly_coarse_relation_001,50,75,10351,10400,10351,10425,1.0000,stable,stable,dominant_stable,dominant_stable,-0.0133,0.0000,0.0133,persisted
electricity_hourly_coarse_relation_001,50,75,10401,10450,10351,10425,0.5000,stable,stable,dominant_stable,dominant_stable,0.0067,0.0000,-0.0067,persisted
electricity_hourly_coarse_relation_001,50,75,10451,10500,10426,10500,1.0000,stable,stable,dominant_stable,dominant_stable,0.0000,0.0000,0.0000,persisted
electricity_hourly_coarse_relation_001,50,75,10501,10550,10501,10575,1.0000,stable,stable,dominant_stable,dominant_stable,0.0000,0.0000,0.0000,persisted
electricity_hourly_coarse_relation_001,50,75,10551,10600,10501,10575,0.5000,stable,stable,dominant_stable,dominant_stable,0.0000,0.0000,0.0000,persisted
electricity_hourly_coarse_relation_001,50,75,10601,10650,10576,10650,1.0000,stable,stable,dominant_stable,dominant_stable,0.0000,0.0000,0.0000,persisted
electricity_hourly_coarse_relation_001,50,75,10651,10700,10651,10725,1.0000,stable,stable,dominant_stable,dominant_stable,0.0000,0.0000,0.0000,persisted
electricity_hourly_coarse_relation_001,50,75,10701,10750,10651,10725,0.5000,stable,stable,dominant_stable,dominant_stable,0.0000,0.0000,0.0000,persisted
electricity_hourly_coarse_relation_001,50,75,10751,10800,10726,10800,1.0000,stable,stable,dominant_stable,dominant_stable,0.0000,0.0000,0.0000,persisted
electricity_hourly_coarse_relation_001,50,75,10801,10850,10801,10875,1.0000,stable,stable,dominant_stable,dominant_stable,0.0000,0.0000,0.0000,persisted
electricity_hourly_coarse_relation_001,50,75,10851,10900,10801,10875,0.5000,stable,stable,dominant_stable,dominant_stable,0.0200,0.0000,-0.0200,persisted
electricity_hourly_coarse_relation_001,50,75,10901,10950,10876,10950,1.0000,stable,stable,dominant_stable,dominant_stable,-0.0133,0.0000,0.0133,persisted
electricity_hourly_coarse_relation_001,50,75,10951,11000,10951,11025,1.0000,stable,stable,dominant_stable,dominant_stable,0.0133,-0.0133,0.0000,persisted
electricity_hourly_coarse_relation_001,50,75,11001,11050,10951,11025,0.5000,stable,stable,dominant_stable,dominant_stable,-0.0067,0.0267,-0.0200,persisted
electricity_hourly_coarse_relation_001,50,75,11051,11100,11026,11100,1.0000,stable,stable,dominant_stable,dominant_stable,-0.0133,0.0000,0.0133,persisted
electricity_hourly_coarse_relation_001,50,75,11101,11150,11101,11175,1.0000,stable,stable,dominant_stable,dominant_stable,0.0000,0.0000,0.0000,persisted
electricity_hourly_coarse_relation_001,50,75,11151,11200,11101,11175,0.5000,stable,stable,dominant_stable,dominant_stable,0.0000,0.0000,0.0000,persisted
electricity_hourly_coarse_relation_001,50,75,11201,11250,11176,11250,1.0000,stable,stable,dominant_stable,dominant_stable,0.0067,0.0000,-0.0067,persisted
electricity_hourly_coarse_relation_001,50,75,11251,11300,11251,11325,1.0000,stable,stable,dominant_stable,dominant_stable,0.0600,-0.0600,0.0000,persisted
electricity_hourly_coarse_relation_001,50,75,11301,11350,11251,11325,0.5000,stable,stable,dominant_stable,dominant_stable,0.0600,-0.0400,-0.0200,persisted
electricity_hourly_coarse_relation_001,50,75,11351,11400,11326,11400,1.0000,stable,stable,dominant_stable,dominant_stable,0.1200,-0.1200,0.0000,persisted
electricity_hourly_coarse_relation_001,50,75,11401,11450,11401,11475,1.0000,stable,stable,dominant_stable,dominant_stable,0.0133,-0.0133,0.0000,persisted
electricity_hourly_coarse_relation_001,50,75,11451,11500,11401,11475,0.5000,stable,stable,dominant_stable,dominant_stable,-0.0267,0.0667,-0.0400,persisted
electricity_hourly_coarse_relation_001,50,75,11501,11550,11476,11550,1.0000,stable,stable,dominant_stable,dominant_stable,0.0533,-0.0533,0.0000,persisted
electricity_hourly_coarse_relation_001,50,75,11551,11600,11551,11625,1.0000,stable,stable,dominant_stable,dominant_stable,0.0133,0.0000,-0.0133,persisted
electricity_hourly_coarse_relation_001,50,75,11601,11650,11551,11625,0.5000,stable,stable,dominant_stable,dominant_stable,0.0133,-0.0400,0.0267,persisted
electricity_hourly_coarse_relation_001,50,75,11651,11700,11626,11700,1.0000,stable,stable,dominant_stable,dominant_stable,0.0000,0.0000,0.0000,persisted
electricity_hourly_coarse_relation_001,50,75,11701,11750,11701,11775,1.0000,stable,stable,dominant_stable,dominant_stable,0.0533,-0.0333,-0.0200,persisted
electricity_hourly_coarse_relation_001,50,75,11751,11800,11701,11775,0.5000,stable,stable,dominant_stable,dominant_stable,0.1333,-0.1333,0.0000,persisted
electricity_hourly_coarse_relation_001,50,75,11801,11850,11776,11850,1.0000,stable,stable,dominant_stable,dominant_stable,-0.0067,0.0267,-0.0200,persisted
electricity_hourly_coarse_relation_001,50,75,11851,11900,11851,11925,1.0000,stable,stable,dominant_stable,dominant_stable,0.0000,0.0000,0.0000,persisted
electricity_hourly_coarse_relation_001,50,75,11901,11950,11851,11925,0.5000,stable,stable,dominant_stable,dominant_stable,0.0400,-0.0200,-0.0200,persisted
electricity_hourly_coarse_relation_001,50,75,11951,12000,11926,12000,1.0000,stable,stable,dominant_stable,dominant_stable,0.0067,0.0000,-0.0067,persisted
electricity_hourly_coarse_relation_001,50,75,12001,12050,12001,12075,1.0000,stable,stable,dominant_stable,dominant_stable,-0.0067,0.0267,-0.0200,persisted
electricity_hourly_coarse_relation_001,50,75,12051,12100,12001,12075,0.5000,stable,stable,dominant_stable,dominant_stable,0.0533,-0.0533,0.0000,persisted
electricity_hourly_coarse_relation_001,50,75,12101,12150,12076,12150,1.0000,stable,stable,dominant_stable,dominant_stable,-0.0133,0.0000,0.0133,persisted
electricity_hourly_coarse_relation_001,50,75,12151,12200,12151,12225,1.0000,stable,stable,dominant_stable,dominant_stable,-0.0133,0.0000,0.0133,persisted
electricity_hourly_coarse_relation_001,50,75,12201,12250,12151,12225,0.5000,stable,stable,dominant_stable,dominant_stable,0.0267,-0.0200,-0.0067,persisted
electricity_hourly_coarse_relation_001,50,75,12251,12300,12226,12300,1.0000,stable,stable,dominant_stable,dominant_stable,0.1133,-0.1133,0.0000,persisted
electricity_hourly_coarse_relation_001,50,75,12301,12350,12301,12375,1.0000,stable,stable,dominant_stable,dominant_stable,0.0000,0.0000,0.0000,persisted
electricity_hourly_coarse_relation_001,50,75,12351,12400,12301,12375,0.5000,stable,stable,dominant_stable,dominant_stable,0.0000,0.0000,0.0000,persisted
electricity_hourly_coarse_relation_001,50,75,12401,12450,12376,12450,1.0000,stable,stable,dominant_stable,dominant_stable,0.0667,-0.0600,-0.0067,persisted
electricity_hourly_coarse_relation_001,50,75,12451,12500,12451,12525,1.0000,stable,stable,dominant_stable,dominant_stable,0.0600,-0.0600,0.0000,persisted
electricity_hourly_coarse_relation_001,50,75,12501,12550,12451,12525,0.5000,stable,stable,dominant_stable,dominant_stable,0.0800,-0.0800,0.0000,persisted
electricity_hourly_coarse_relation_001,50,75,12551,12600,12526,12600,1.0000,stable,stable,dominant_stable,dominant_stable,0.0467,-0.0600,0.0133,persisted
electricity_hourly_coarse_relation_001,50,75,12601,12650,12601,12675,1.0000,stable,stable,dominant_stable,dominant_stable,0.0800,-0.0800,0.0000,persisted
electricity_hourly_coarse_relation_001,50,75,12651,12700,12601,12675,0.5000,stable,stable,dominant_stable,dominant_stable,0.0600,-0.0600,0.0000,persisted
electricity_hourly_coarse_relation_001,50,75,12701,12750,12676,12750,1.0000,stable,stable,dominant_stable,dominant_stable,0.0600,-0.0600,0.0000,persisted
electricity_hourly_coarse_relation_001,50,75,12751,12800,12751,12825,1.0000,stable,stable,dominant_stable,dominant_stable,0.0133,-0.0133,0.0000,persisted
electricity_hourly_coarse_relation_001,50,75,12801,12850,12751,12825,0.5000,stable,stable,dominant_stable,dominant_stable,0.0333,-0.0333,0.0000,persisted
electricity_hourly_coarse_relation_001,50,75,12851,12900,12826,12900,1.0000,stable,stable,dominant_stable,dominant_stable,0.1067,-0.1000,-0.0067,persisted
electricity_hourly_coarse_relation_001,50,75,12901,12950,12901,12975,1.0000,stable,stable,dominant_stable,dominant_stable,-0.0133,0.0000,0.0133,persisted
electricity_hourly_coarse_relation_001,50,75,12951,13000,12901,12975,0.5000,stable,stable,dominant_stable,dominant_stable,0.0267,-0.0400,0.0133,persisted
electricity_hourly_coarse_relation_001,50,75,13001,13050,12976,13050,1.0000,stable,stable,dominant_stable,dominant_stable,-0.0133,0.0000,0.0133,persisted
electricity_hourly_coarse_relation_001,50,75,13051,13100,13051,13125,1.0000,stable,stable,dominant_stable,dominant_stable,0.0400,-0.0400,0.0000,persisted
electricity_hourly_coarse_relation_001,50,75,13101,13150,13051,13125,0.5000,stable,stable,dominant_stable,dominant_stable,0.0000,0.0000,0.0000,persisted
electricity_hourly_coarse_relation_001,50,75,13151,13200,13126,13200,1.0000,stable,stable,dominant_stable,dominant_stable,0.0133,-0.0133,0.0000,persisted
electricity_hourly_coarse_relation_001,50,75,13201,13250,13201,13275,1.0000,stable,stable,dominant_stable,dominant_stable,0.0000,0.0000,0.0000,persisted
electricity_hourly_coarse_relation_001,50,75,13251,13300,13201,13275,0.5000,stable,stable,dominant_stable,dominant_stable,0.0600,-0.0600,0.0000,persisted
electricity_hourly_coarse_relation_001,50,75,13301,13350,13276,13350,1.0000,stable,stable,dominant_stable,dominant_stable,0.0000,0.0000,0.0000,persisted
electricity_hourly_coarse_relation_001,50,75,13351,13400,13351,13425,1.0000,stable,stable,dominant_stable,dominant_stable,0.0000,0.0000,0.0000,persisted
electricity_hourly_coarse_relation_001,50,75,13401,13450,13351,13425,0.5000,stable,stable,dominant_stable,dominant_stable,0.0000,0.0000,0.0000,persisted
electricity_hourly_coarse_relation_001,50,75,13451,13500,13426,13500,1.0000,stable,stable,dominant_stable,dominant_stable,0.0000,0.0000,0.0000,persisted
electricity_hourly_coarse_relation_001,50,75,13501,13550,13501,13575,1.0000,stable,stable,dominant_stable,dominant_stable,-0.0067,0.0267,-0.0200,persisted
electricity_hourly_coarse_relation_001,50,75,13551,13600,13501,13575,0.5000,stable,stable,dominant_stable,dominant_stable,0.0133,-0.0133,0.0000,persisted
electricity_hourly_coarse_relation_001,50,75,13601,13650,13576,13650,1.0000,stable,stable,dominant_stable,dominant_stable,-0.0133,0.0000,0.0133,persisted
electricity_hourly_coarse_relation_001,50,75,13651,13700,13651,13725,1.0000,stable,stable,dominant_stable,dominant_stable,0.0000,0.0000,0.0000,persisted
electricity_hourly_coarse_relation_001,50,75,13701,13750,13651,13725,0.5000,stable,stable,dominant_stable,dominant_stable,0.0000,0.0000,0.0000,persisted
electricity_hourly_coarse_relation_001,50,75,13751,13800,13726,13800,1.0000,stable,stable,dominant_stable,dominant_stable,-0.0067,0.0267,-0.0200,persisted
electricity_hourly_coarse_relation_001,50,75,13801,13850,13801,13875,1.0000,stable,stable,dominant_stable,dominant_stable,0.0000,0.0000,0.0000,persisted
electricity_hourly_coarse_relation_001,50,75,13851,13900,13801,13875,0.5000,stable,stable,dominant_stable,dominant_stable,0.0000,0.0000,0.0000,persisted
electricity_hourly_coarse_relation_001,50,75,13901,13950,13876,13950,1.0000,stable,stable,dominant_stable,dominant_stable,0.0067,0.0000,-0.0067,persisted
electricity_hourly_coarse_relation_001,50,75,13951,14000,13951,14025,1.0000,stable,stable,dominant_stable,dominant_stable,0.0000,0.0000,0.0000,persisted
electricity_hourly_coarse_relation_001,50,75,14001,14050,13951,14025,0.5000,stable,stable,dominant_stable,dominant_stable,0.0200,0.0000,-0.0200,persisted
electricity_hourly_coarse_relation_001,50,75,14051,14100,14026,14100,1.0000,stable,stable,dominant_stable,dominant_stable,0.0000,0.0000,0.0000,persisted
electricity_hourly_coarse_relation_001,50,75,14101,14150,14101,14175,1.0000,stable,stable,dominant_stable,dominant_stable,0.0000,0.0000,0.0000,persisted
electricity_hourly_coarse_relation_001,50,75,14151,14200,14101,14175,0.5000,stable,stable,dominant_stable,dominant_stable,0.0000,0.0000,0.0000,persisted
electricity_hourly_coarse_relation_001,50,75,14201,14250,14176,14250,1.0000,stable,stable,dominant_stable,dominant_stable,-0.0067,0.0267,-0.0200,persisted
electricity_hourly_coarse_relation_001,50,75,14251,14300,14251,14325,1.0000,stable,stable,dominant_stable,dominant_stable,0.0000,0.0000,0.0000,persisted
electricity_hourly_coarse_relation_001,50,75,14301,14350,14251,14325,0.5000,stable,stable,dominant_stable,dominant_stable,0.0000,0.0000,0.0000,persisted
electricity_hourly_coarse_relation_001,50,75,14351,14400,14326,14400,1.0000,stable,stable,dominant_stable,dominant_stable,0.0000,0.0000,0.0000,persisted
electricity_hourly_coarse_relation_001,50,75,14401,14450,14401,14475,1.0000,stable,stable,dominant_stable,dominant_stable,0.0067,0.0000,-0.0067,persisted
electricity_hourly_coarse_relation_001,50,75,14451,14500,14401,14475,0.5000,stable,stable,dominant_stable,dominant_stable,0.0067,0.0000,-0.0067,persisted
electricity_hourly_coarse_relation_001,50,75,14501,14550,14476,14550,1.0000,stable,stable,dominant_stable,dominant_stable,-0.0067,0.0267,-0.0200,persisted
electricity_hourly_coarse_relation_001,50,75,14551,14600,14551,14625,1.0000,stable,stable,dominant_stable,dominant_stable,0.0133,-0.0133,0.0000,persisted
electricity_hourly_coarse_relation_001,50,75,14601,14650,14551,14625,0.5000,stable,stable,dominant_stable,dominant_stable,-0.0267,0.0267,0.0000,persisted
electricity_hourly_coarse_relation_001,50,75,14651,14700,14626,14700,1.0000,stable,stable,dominant_stable,dominant_stable,0.0067,0.0000,-0.0067,persisted
electricity_hourly_coarse_relation_001,50,75,14701,14750,14701,14775,1.0000,stable,stable,dominant_stable,dominant_stable,-0.0067,0.0267,-0.0200,persisted
electricity_hourly_coarse_relation_001,50,75,14751,14800,14701,14775,0.5000,stable,stable,dominant_stable,dominant_stable,-0.0067,0.0267,-0.0200,persisted
electricity_hourly_coarse_relation_001,50,75,14801,14850,14776,14850,1.0000,stable,stable,dominant_stable,dominant_stable,0.0667,-0.0600,-0.0067,persisted
electricity_hourly_coarse_relation_001,50,75,14851,14900,14851,14925,1.0000,stable,stable,dominant_stable,dominant_stable,-0.0067,0.0267,-0.0200,persisted
electricity_hourly_coarse_relation_001,50,75,14901,14950,14851,14925,0.5000,stable,stable,dominant_stable,dominant_stable,-0.0067,0.0267,-0.0200,persisted
electricity_hourly_coarse_relation_001,50,75,14951,15000,14926,15000,1.0000,stable,stable,dominant_stable,dominant_stable,0.0067,0.0000,-0.0067,persisted
electricity_hourly_coarse_relation_001,50,75,15001,15050,15001,15075,1.0000,stable,stable,dominant_stable,dominant_stable,0.0133,-0.0133,0.0000,persisted
electricity_hourly_coarse_relation_001,50,75,15051,15100,15001,15075,0.5000,stable,stable,dominant_stable,dominant_stable,0.0133,-0.0133,0.0000,persisted
electricity_hourly_coarse_relation_001,50,75,15101,15150,15076,15150,1.0000,stable,stable,dominant_stable,dominant_stable,0.0067,0.0000,-0.0067,persisted
electricity_hourly_coarse_relation_001,50,75,15151,15200,15151,15225,1.0000,stable,stable,dominant_stable,dominant_stable,0.0600,-0.0600,0.0000,persisted
electricity_hourly_coarse_relation_001,50,75,15201,15250,15151,15225,0.5000,stable,stable,dominant_stable,dominant_stable,0.1000,-0.1000,0.0000,persisted
electricity_hourly_coarse_relation_001,50,75,15251,15300,15226,15300,1.0000,stable,stable,dominant_stable,dominant_stable,-0.0200,0.0400,-0.0200,persisted
electricity_hourly_coarse_relation_001,50,75,15301,15350,15301,15375,1.0000,stable,stable,dominant_stable,dominant_stable,0.0067,0.0000,-0.0067,persisted
electricity_hourly_coarse_relation_001,50,75,15351,15400,15301,15375,0.5000,stable,stable,dominant_stable,dominant_stable,0.0467,-0.0400,-0.0067,persisted
electricity_hourly_coarse_relation_001,50,75,15401,15450,15376,15450,1.0000,stable,stable,dominant_stable,dominant_stable,-0.0067,0.0267,-0.0200,persisted
electricity_hourly_coarse_relation_001,50,75,15451,15500,15451,15525,1.0000,stable,stable,dominant_stable,dominant_stable,0.0600,-0.0600,0.0000,persisted
electricity_hourly_coarse_relation_001,50,75,15501,15550,15451,15525,0.5000,stable,stable,dominant_stable,dominant_stable,0.0000,0.0000,0.0000,persisted
electricity_hourly_coarse_relation_001,50,75,15551,15600,15526,15600,1.0000,stable,stable,dominant_stable,dominant_stable,0.1600,-0.1600,0.0000,persisted
electricity_hourly_coarse_relation_001,50,75,15601,15650,15601,15675,1.0000,stable,stable,dominant_stable,dominant_stable,0.0600,-0.0600,0.0000,persisted
electricity_hourly_coarse_relation_001,50,75,15651,15700,15601,15675,0.5000,stable,stable,dominant_stable,dominant_stable,0.0600,-0.0600,0.0000,persisted
electricity_hourly_coarse_relation_001,50,75,15701,15750,15676,15750,1.0000,stable,stable,dominant_stable,dominant_stable,0.0600,-0.0600,0.0000,persisted
electricity_hourly_coarse_relation_001,50,75,15751,15800,15751,15825,1.0000,stable,stable,dominant_stable,dominant_stable,0.0600,-0.0600,0.0000,persisted
electricity_hourly_coarse_relation_001,50,75,15801,15850,15751,15825,0.5000,stable,stable,dominant_stable,dominant_stable,0.0000,0.0000,0.0000,persisted
electricity_hourly_coarse_relation_001,50,75,15851,15900,15826,15900,1.0000,stable,stable,dominant_stable,dominant_stable,0.0400,-0.0400,0.0000,persisted
electricity_hourly_coarse_relation_001,50,75,15901,15950,15901,15975,1.0000,stable,stable,dominant_stable,dominant_stable,0.0600,-0.0600,0.0000,persisted
electricity_hourly_coarse_relation_001,50,75,15951,16000,15901,15975,0.5000,stable,stable,dominant_stable,dominant_stable,0.0600,-0.0600,0.0000,persisted
electricity_hourly_coarse_relation_001,50,75,16001,16050,15976,16050,1.0000,stable,stable,dominant_stable,dominant_stable,0.0467,-0.0067,-0.0400,persisted
electricity_hourly_coarse_relation_001,50,75,16051,16100,16051,16125,1.0000,stable,stable,dominant_stable,dominant_stable,0.1200,-0.1200,0.0000,persisted
electricity_hourly_coarse_relation_001,50,75,16101,16150,16051,16125,0.5000,stable,stable,dominant_stable,dominant_stable,0.1200,-0.1000,-0.0200,persisted
electricity_hourly_coarse_relation_001,50,75,16151,16200,16126,16200,1.0000,stable,stable,dominant_stable,dominant_stable,0.0333,-0.0133,-0.0200,persisted
electricity_hourly_coarse_relation_001,50,75,16201,16250,16201,16275,1.0000,stable,stable,dominant_stable,dominant_stable,0.0600,-0.0600,0.0000,persisted
electricity_hourly_coarse_relation_001,50,75,16251,16300,16201,16275,0.5000,stable,stable,dominant_stable,dominant_stable,0.0200,0.0000,-0.0200,persisted
electricity_hourly_coarse_relation_001,50,75,16301,16350,16276,16350,1.0000,stable,stable,dominant_stable,dominant_stable,0.0667,-0.0600,-0.0067,persisted
electricity_hourly_coarse_relation_001,50,75,16351,16400,16351,16425,1.0000,stable,stable,dominant_stable,dominant_stable,0.0533,-0.0533,0.0000,persisted
electricity_hourly_coarse_relation_001,50,75,16401,16450,16351,16425,0.5000,stable,stable,dominant_stable,dominant_stable,0.0533,-0.0333,-0.0200,persisted
electricity_hourly_coarse_relation_001,50,75,16451,16500,16426,16500,1.0000,stable,stable,dominant_stable,dominant_stable,-0.0333,0.0400,-0.0067,persisted
electricity_hourly_coarse_relation_001,50,75,16501,16550,16501,16575,1.0000,stable,stable,dominant_stable,dominant_stable,0.0067,0.0000,-0.0067,persisted
electricity_hourly_coarse_relation_001,50,75,16551,16600,16501,16575,0.5000,stable,stable,dominant_stable,dominant_stable,0.0067,0.0000,-0.0067,persisted
electricity_hourly_coarse_relation_001,50,75,16601,16650,16576,16650,1.0000,stable,stable,dominant_stable,dominant_stable,-0.0067,0.0000,0.0067,persisted
electricity_hourly_coarse_relation_001,50,75,16651,16700,16651,16725,1.0000,stable,stable,dominant_stable,dominant_stable,0.0000,0.0000,0.0000,persisted
electricity_hourly_coarse_relation_001,50,75,16701,16750,16651,16725,0.5000,stable,stable,dominant_stable,dominant_stable,0.0000,0.0000,0.0000,persisted
electricity_hourly_coarse_relation_001,50,75,16751,16800,16726,16800,1.0000,stable,stable,dominant_stable,dominant_stable,0.0000,0.0000,0.0000,persisted
electricity_hourly_coarse_relation_001,50,75,16801,16850,16801,16875,1.0000,stable,stable,dominant_stable,dominant_stable,0.0067,0.0000,-0.0067,persisted
electricity_hourly_coarse_relation_001,50,75,16851,16900,16801,16875,0.5000,stable,stable,dominant_stable,dominant_stable,-0.0133,0.0000,0.0133,persisted
electricity_hourly_coarse_relation_001,50,75,16901,16950,16876,16950,1.0000,stable,stable,dominant_stable,dominant_stable,0.0067,0.0000,-0.0067,persisted
electricity_hourly_coarse_relation_001,50,75,16951,17000,16951,17025,1.0000,stable,stable,dominant_stable,dominant_stable,0.0200,-0.0200,0.0000,persisted
electricity_hourly_coarse_relation_001,50,75,17001,17050,16951,17025,0.5000,stable,stable,dominant_stable,dominant_stable,-0.0200,0.0400,-0.0200,persisted
electricity_hourly_coarse_relation_001,50,75,17051,17100,17026,17100,1.0000,stable,stable,dominant_stable,dominant_stable,0.0000,0.0267,-0.0267,persisted
electricity_hourly_coarse_relation_001,50,75,17101,17150,17101,17175,1.0000,stable,stable,dominant_stable,dominant_stable,0.0133,-0.0133,0.0000,persisted
electricity_hourly_coarse_relation_001,50,75,17151,17200,17101,17175,0.5000,stable,stable,dominant_stable,dominant_stable,0.0133,-0.0133,0.0000,persisted
electricity_hourly_coarse_relation_001,50,75,17201,17250,17176,17250,1.0000,stable,stable,dominant_stable,dominant_stable,-0.0067,0.0267,-0.0200,persisted
electricity_hourly_coarse_relation_001,50,75,17251,17300,17251,17325,1.0000,stable,stable,dominant_stable,dominant_stable,0.0000,0.0267,-0.0267,persisted
electricity_hourly_coarse_relation_001,50,75,17301,17350,17251,17325,0.5000,stable,stable,dominant_stable,dominant_stable,0.0000,-0.0133,0.0133,persisted
electricity_hourly_coarse_relation_001,50,75,17351,17400,17326,17400,1.0000,stable,stable,dominant_stable,dominant_stable,0.0400,-0.0133,-0.0267,persisted
electricity_hourly_coarse_relation_001,50,75,17401,17450,17401,17475,1.0000,stable,stable,dominant_stable,dominant_stable,0.0000,0.0000,0.0000,persisted
electricity_hourly_coarse_relation_001,50,75,17451,17500,17401,17475,0.5000,stable,stable,dominant_stable,dominant_stable,-0.0200,0.0400,-0.0200,persisted
electricity_hourly_coarse_relation_001,50,75,17501,17550,17476,17550,1.0000,stable,stable,dominant_stable,dominant_stable,0.0133,-0.0133,0.0000,persisted
electricity_hourly_coarse_relation_001,50,75,17551,17600,17551,17625,1.0000,stable,stable,dominant_stable,dominant_stable,-0.0067,0.0000,0.0067,persisted
electricity_hourly_coarse_relation_001,50,75,17601,17650,17551,17625,0.5000,stable,stable,dominant_stable,dominant_stable,0.0133,-0.0400,0.0267,persisted
electricity_hourly_coarse_relation_001,50,75,17651,17700,17626,17700,1.0000,stable,stable,dominant_stable,dominant_stable,-0.0067,0.0267,-0.0200,persisted
electricity_hourly_coarse_relation_001,50,75,17701,17750,17701,17775,1.0000,stable,stable,dominant_stable,dominant_stable,0.0067,0.0000,-0.0067,persisted
electricity_hourly_coarse_relation_001,50,75,17751,17800,17701,17775,0.5000,stable,stable,dominant_stable,dominant_stable,-0.0133,0.0000,0.0133,persisted
electricity_hourly_coarse_relation_001,50,75,17801,17850,17776,17850,1.0000,stable,stable,dominant_stable,dominant_stable,0.0067,0.0000,-0.0067,persisted
electricity_hourly_coarse_relation_001,50,75,17851,17900,17851,17925,1.0000,stable,stable,dominant_stable,dominant_stable,0.0067,0.0000,-0.0067,persisted
electricity_hourly_coarse_relation_001,50,75,17901,17950,17851,17925,0.5000,stable,stable,dominant_stable,dominant_stable,0.0067,0.0000,-0.0067,persisted
electricity_hourly_coarse_relation_001,50,75,17951,18000,17926,18000,1.0000,stable,stable,dominant_stable,dominant_stable,-0.0133,0.0000,0.0133,persisted
electricity_hourly_coarse_relation_001,50,75,18001,18050,18001,18075,1.0000,stable,stable,dominant_stable,dominant_stable,0.0067,0.0000,-0.0067,persisted
electricity_hourly_coarse_relation_001,50,75,18051,18100,18001,18075,0.5000,stable,stable,dominant_stable,dominant_stable,-0.0133,0.0000,0.0133,persisted
electricity_hourly_coarse_relation_001,50,75,18101,18150,18076,18150,1.0000,stable,stable,dominant_stable,dominant_stable,0.0067,0.0000,-0.0067,persisted
electricity_hourly_coarse_relation_001,50,75,18151,18200,18151,18225,1.0000,stable,stable,dominant_stable,dominant_stable,0.0000,0.0000,0.0000,persisted
electricity_hourly_coarse_relation_001,50,75,18201,18250,18151,18225,0.5000,stable,stable,dominant_stable,dominant_stable,0.0000,0.0000,0.0000,persisted
electricity_hourly_coarse_relation_001,50,75,18251,18300,18226,18300,1.0000,stable,stable,dominant_stable,dominant_stable,0.0067,0.0000,-0.0067,persisted
electricity_hourly_coarse_relation_001,50,75,18301,18350,18301,18375,1.0000,stable,stable,dominant_stable,dominant_stable,0.0000,0.0000,0.0000,persisted
electricity_hourly_coarse_relation_001,50,75,18351,18400,18301,18375,0.5000,stable,stable,dominant_stable,dominant_stable,0.0000,0.0000,0.0000,persisted
electricity_hourly_coarse_relation_001,50,75,18401,18450,18376,18450,1.0000,stable,stable,dominant_stable,dominant_stable,0.0000,0.0000,0.0000,persisted
electricity_hourly_coarse_relation_001,50,75,18451,18500,18451,18525,1.0000,stable,stable,dominant_stable,dominant_stable,0.0133,-0.0133,0.0000,persisted
electricity_hourly_coarse_relation_001,50,75,18501,18550,18451,18525,0.5000,stable,stable,dominant_stable,dominant_stable,-0.0267,0.0267,0.0000,persisted
electricity_hourly_coarse_relation_001,50,75,18551,18600,18526,18600,1.0000,stable,stable,dominant_stable,dominant_stable,0.0067,0.0000,-0.0067,persisted
electricity_hourly_coarse_relation_001,50,75,18601,18650,18601,18675,1.0000,stable,stable,dominant_stable,dominant_stable,0.0000,0.0000,0.0000,persisted
electricity_hourly_coarse_relation_001,50,75,18651,18700,18601,18675,0.5000,stable,stable,dominant_stable,dominant_stable,-0.0200,0.0400,-0.0200,persisted
electricity_hourly_coarse_relation_001,50,75,18701,18750,18676,18750,1.0000,stable,stable,dominant_stable,dominant_stable,0.0600,-0.0600,0.0000,persisted
electricity_hourly_coarse_relation_001,50,75,18751,18800,18751,18825,1.0000,stable,stable,dominant_stable,dominant_stable,0.0000,0.0000,0.0000,persisted
electricity_hourly_coarse_relation_001,50,75,18801,18850,18751,18825,0.5000,stable,stable,dominant_stable,dominant_stable,0.0000,0.0000,0.0000,persisted
electricity_hourly_coarse_relation_001,50,75,18851,18900,18826,18900,1.0000,stable,stable,dominant_stable,dominant_stable,0.0000,0.0000,0.0000,persisted
electricity_hourly_coarse_relation_001,50,75,18901,18950,18901,18975,1.0000,stable,stable,dominant_stable,dominant_stable,-0.0133,0.0000,0.0133,persisted
electricity_hourly_coarse_relation_001,50,75,18951,19000,18901,18975,0.5000,stable,stable,dominant_stable,dominant_stable,0.0267,-0.0400,0.0133,persisted
electricity_hourly_coarse_relation_001,50,75,19001,19050,18976,19050,1.0000,stable,stable,dominant_stable,dominant_stable,-0.0133,0.0000,0.0133,persisted
electricity_hourly_coarse_relation_001,50,75,19051,19100,19051,19125,1.0000,stable,stable,dominant_stable,dominant_stable,0.0133,-0.0133,0.0000,persisted
electricity_hourly_coarse_relation_001,50,75,19101,19150,19051,19125,0.5000,stable,stable,dominant_stable,dominant_stable,-0.0067,0.0267,-0.0200,persisted
electricity_hourly_coarse_relation_001,50,75,19151,19200,19126,19200,1.0000,stable,stable,dominant_stable,dominant_stable,-0.0133,0.0000,0.0133,persisted
electricity_hourly_coarse_relation_001,50,75,19201,19250,19201,19275,1.0000,stable,stable,dominant_stable,dominant_stable,0.0000,0.0000,0.0000,persisted
electricity_hourly_coarse_relation_001,50,75,19251,19300,19201,19275,0.5000,stable,stable,dominant_stable,dominant_stable,0.0000,0.0000,0.0000,persisted
electricity_hourly_coarse_relation_001,50,75,19301,19350,19276,19350,1.0000,stable,stable,dominant_stable,dominant_stable,0.0267,-0.0267,0.0000,persisted
electricity_hourly_coarse_relation_001,50,75,19351,19400,19351,19425,1.0000,stable,stable,dominant_stable,dominant_stable,0.0067,0.0000,-0.0067,persisted
electricity_hourly_coarse_relation_001,50,75,19401,19450,19351,19425,0.5000,stable,stable,dominant_stable,dominant_stable,-0.0133,0.0000,0.0133,persisted
electricity_hourly_coarse_relation_001,50,75,19451,19500,19426,19500,1.0000,stable,stable,dominant_stable,dominant_stable,0.0067,0.0000,-0.0067,persisted
electricity_hourly_coarse_relation_001,50,75,19501,19550,19501,19575,1.0000,stable,stable,dominant_stable,dominant_stable,0.0000,0.0000,0.0000,persisted
electricity_hourly_coarse_relation_001,50,75,19551,19600,19501,19575,0.5000,stable,stable,dominant_stable,dominant_stable,0.0000,0.0000,0.0000,persisted
electricity_hourly_coarse_relation_001,50,75,19601,19650,19576,19650,1.0000,stable,stable,dominant_stable,dominant_stable,0.0600,-0.0600,0.0000,persisted
electricity_hourly_coarse_relation_001,50,75,19651,19700,19651,19725,1.0000,stable,stable,dominant_stable,dominant_stable,0.0000,0.0000,0.0000,persisted
electricity_hourly_coarse_relation_001,50,75,19701,19750,19651,19725,0.5000,stable,stable,dominant_stable,dominant_stable,0.0000,0.0000,0.0000,persisted
electricity_hourly_coarse_relation_001,50,75,19751,19800,19726,19800,1.0000,stable,stable,dominant_stable,dominant_stable,0.0000,0.0000,0.0000,persisted
electricity_hourly_coarse_relation_001,50,75,19801,19850,19801,19875,1.0000,stable,stable,dominant_stable,dominant_stable,-0.0067,0.0267,-0.0200,persisted
electricity_hourly_coarse_relation_001,50,75,19851,19900,19801,19875,0.5000,stable,stable,dominant_stable,dominant_stable,0.0333,-0.0133,-0.0200,persisted
electricity_hourly_coarse_relation_001,50,75,19901,19950,19876,19950,1.0000,stable,stable,dominant_stable,dominant_stable,0.0333,-0.0133,-0.0200,persisted
electricity_hourly_coarse_relation_001,50,75,19951,20000,19951,20025,1.0000,stable,stable,dominant_stable,dominant_stable,-0.0133,0.0533,-0.0400,persisted
electricity_hourly_coarse_relation_001,50,75,20001,20050,19951,20025,0.5000,stable,stable,dominant_stable,dominant_stable,0.0267,-0.0267,0.0000,persisted
electricity_hourly_coarse_relation_001,50,75,20051,20100,20026,20100,1.0000,stable,stable,dominant_stable,dominant_stable,0.0000,0.0000,0.0000,persisted
electricity_hourly_coarse_relation_001,50,75,20101,20150,20101,20175,1.0000,stable,stable,dominant_stable,dominant_stable,0.0733,-0.0733,0.0000,persisted
electricity_hourly_coarse_relation_001,50,75,20151,20200,20101,20175,0.5000,stable,stable,dominant_stable,dominant_stable,0.0133,-0.0133,0.0000,persisted
electricity_hourly_coarse_relation_001,50,75,20201,20250,20176,20250,1.0000,stable,stable,dominant_stable,dominant_stable,0.0000,0.0000,0.0000,persisted
electricity_hourly_coarse_relation_001,50,75,20251,20300,20251,20325,1.0000,stable,stable,dominant_stable,dominant_stable,0.0400,-0.0400,0.0000,persisted
electricity_hourly_coarse_relation_001,50,75,20301,20350,20251,20325,0.5000,stable,stable,dominant_stable,dominant_stable,0.1200,-0.1200,0.0000,persisted
electricity_hourly_coarse_relation_001,50,75,20351,20400,20326,20400,1.0000,stable,stable,dominant_stable,dominant_stable,0.0000,0.0267,-0.0267,persisted
electricity_hourly_coarse_relation_001,50,75,20401,20450,20401,20475,1.0000,stable,stable,dominant_stable,dominant_stable,0.0000,0.0000,0.0000,persisted
electricity_hourly_coarse_relation_001,50,75,20451,20500,20401,20475,0.5000,stable,stable,dominant_stable,dominant_stable,0.0000,0.0000,0.0000,persisted
electricity_hourly_coarse_relation_001,50,75,20501,20550,20476,20550,1.0000,stable,stable,dominant_stable,dominant_stable,-0.0067,0.0267,-0.0200,persisted
electricity_hourly_coarse_relation_001,50,75,20551,20600,20551,20625,1.0000,stable,stable,dominant_stable,dominant_stable,0.0000,0.0000,0.0000,persisted
electricity_hourly_coarse_relation_001,50,75,20601,20650,20551,20625,0.5000,stable,stable,dominant_stable,dominant_stable,0.0200,-0.0200,0.0000,persisted
electricity_hourly_coarse_relation_001,50,75,20651,20700,20626,20700,1.0000,stable,stable,dominant_stable,dominant_stable,0.1000,-0.1000,0.0000,persisted
electricity_hourly_coarse_relation_001,50,75,20701,20750,20701,20775,1.0000,stable,stable,dominant_stable,dominant_stable,0.0733,-0.0733,0.0000,persisted
electricity_hourly_coarse_relation_001,50,75,20751,20800,20701,20775,0.5000,stable,stable,dominant_stable,dominant_stable,0.0933,-0.0733,-0.0200,persisted
electricity_hourly_coarse_relation_001,50,75,20801,20850,20776,20850,1.0000,stable,stable,dominant_stable,dominant_stable,0.0000,0.0000,0.0000,persisted
electricity_hourly_coarse_relation_001,50,75,20851,20900,20851,20925,1.0000,stable,stable,dominant_stable,dominant_stable,0.0600,-0.0600,0.0000,persisted
electricity_hourly_coarse_relation_001,50,75,20901,20950,20851,20925,0.5000,stable,stable,dominant_stable,dominant_stable,0.0600,-0.0600,0.0000,persisted
electricity_hourly_coarse_relation_001,50,75,20951,21000,20926,21000,1.0000,stable,stable,dominant_stable,dominant_stable,0.0400,-0.0400,0.0000,persisted
electricity_hourly_coarse_relation_001,50,75,21001,21050,21001,21075,1.0000,stable,stable,dominant_stable,dominant_stable,0.0000,0.0000,0.0000,persisted
electricity_hourly_coarse_relation_001,50,75,21051,21100,21001,21075,0.5000,stable,stable,dominant_stable,dominant_stable,0.0000,0.0000,0.0000,persisted
electricity_hourly_coarse_relation_001,50,75,21101,21150,21076,21150,1.0000,stable,stable,dominant_stable,dominant_stable,0.0067,0.0000,-0.0067,persisted
electricity_hourly_coarse_relation_001,50,75,21151,21200,21151,21225,1.0000,stable,stable,dominant_stable,dominant_stable,0.0667,-0.0600,-0.0067,persisted
electricity_hourly_coarse_relation_001,50,75,21201,21250,21151,21225,0.5000,stable,stable,dominant_stable,dominant_stable,0.0067,-0.0200,0.0133,persisted
electricity_hourly_coarse_relation_001,50,75,21251,21300,21226,21300,1.0000,stable,stable,dominant_stable,dominant_stable,0.0467,-0.0400,-0.0067,persisted
electricity_hourly_coarse_relation_001,50,75,21301,21350,21301,21375,1.0000,stable,stable,dominant_stable,dominant_stable,0.0000,0.0000,0.0000,persisted
electricity_hourly_coarse_relation_001,50,75,21351,21400,21301,21375,0.5000,stable,stable,dominant_stable,dominant_stable,0.0400,-0.0400,0.0000,persisted
electricity_hourly_coarse_relation_001,50,75,21401,21450,21376,21450,1.0000,stable,stable,dominant_stable,dominant_stable,0.0400,-0.0200,-0.0200,persisted
electricity_hourly_coarse_relation_001,50,75,21451,21500,21451,21525,1.0000,stable,stable,dominant_stable,dominant_stable,0.0133,-0.0133,0.0000,persisted
electricity_hourly_coarse_relation_001,50,75,21501,21550,21451,21525,0.5000,stable,stable,dominant_stable,dominant_stable,-0.0067,0.0267,-0.0200,persisted
electricity_hourly_coarse_relation_001,50,75,21551,21600,21526,21600,1.0000,stable,stable,dominant_stable,dominant_stable,0.0600,-0.0600,0.0000,persisted
electricity_hourly_coarse_relation_001,50,75,21601,21650,21601,21675,1.0000,stable,stable,dominant_stable,dominant_stable,0.0133,-0.0133,0.0000,persisted
electricity_hourly_coarse_relation_001,50,75,21651,21700,21601,21675,0.5000,stable,stable,dominant_stable,dominant_stable,-0.0267,0.0267,0.0000,persisted
electricity_hourly_coarse_relation_001,50,75,21701,21750,21676,21750,1.0000,stable,stable,dominant_stable,dominant_stable,0.0000,0.0000,0.0000,persisted
electricity_hourly_coarse_relation_001,50,75,21751,21800,21751,21825,1.0000,stable,stable,dominant_stable,dominant_stable,0.0400,-0.0400,0.0000,persisted
electricity_hourly_coarse_relation_001,50,75,21801,21850,21751,21825,0.5000,stable,stable,dominant_stable,dominant_stable,0.0600,-0.0600,0.0000,persisted
electricity_hourly_coarse_relation_001,50,75,21851,21900,21826,21900,1.0000,stable,stable,dominant_stable,dominant_stable,0.0067,0.0000,-0.0067,persisted
electricity_hourly_coarse_relation_001,50,75,21901,21950,21901,21975,1.0000,stable,stable,dominant_stable,dominant_stable,0.0000,0.0000,0.0000,persisted
electricity_hourly_coarse_relation_001,50,75,21951,22000,21901,21975,0.5000,stable,stable,dominant_stable,dominant_stable,0.0200,-0.0200,0.0000,persisted
electricity_hourly_coarse_relation_001,50,75,22001,22050,21976,22050,1.0000,stable,stable,dominant_stable,dominant_stable,0.0667,-0.0600,-0.0067,persisted
electricity_hourly_coarse_relation_001,50,75,22051,22100,22051,22125,1.0000,stable,stable,dominant_stable,dominant_stable,0.0467,-0.0400,-0.0067,persisted
electricity_hourly_coarse_relation_001,50,75,22101,22150,22051,22125,0.5000,stable,stable,dominant_stable,dominant_stable,0.0067,0.0000,-0.0067,persisted
electricity_hourly_coarse_relation_001,50,75,22151,22200,22126,22200,1.0000,stable,stable,dominant_stable,dominant_stable,-0.0133,0.0000,0.0133,persisted
electricity_hourly_coarse_relation_001,50,75,22201,22250,22201,22275,1.0000,stable,stable,dominant_stable,dominant_stable,0.0000,0.0000,0.0000,persisted
electricity_hourly_coarse_relation_001,50,75,22251,22300,22201,22275,0.5000,stable,stable,dominant_stable,dominant_stable,0.0000,0.0000,0.0000,persisted
electricity_hourly_coarse_relation_001,50,75,22301,22350,22276,22350,1.0000,stable,stable,dominant_stable,dominant_stable,0.0600,-0.0600,0.0000,persisted
electricity_hourly_coarse_relation_001,50,75,22351,22400,22351,22425,1.0000,stable,stable,dominant_stable,dominant_stable,0.0000,0.0000,0.0000,persisted
electricity_hourly_coarse_relation_001,50,75,22401,22450,22351,22425,0.5000,stable,stable,dominant_stable,dominant_stable,0.0000,0.0000,0.0000,persisted
electricity_hourly_coarse_relation_001,50,75,22451,22500,22426,22500,1.0000,stable,stable,dominant_stable,dominant_stable,0.0000,0.0000,0.0000,persisted
electricity_hourly_coarse_relation_001,50,75,22501,22550,22501,22575,1.0000,stable,stable,dominant_stable,dominant_stable,0.0067,0.0000,-0.0067,persisted
electricity_hourly_coarse_relation_001,50,75,22551,22600,22501,22575,0.5000,stable,stable,dominant_stable,dominant_stable,-0.0133,0.0000,0.0133,persisted
electricity_hourly_coarse_relation_001,50,75,22601,22650,22576,22650,1.0000,stable,stable,dominant_stable,dominant_stable,0.0400,-0.0400,0.0000,persisted
electricity_hourly_coarse_relation_001,50,75,22651,22700,22651,22725,1.0000,stable,stable,dominant_stable,dominant_stable,0.0000,0.0000,0.0000,persisted
electricity_hourly_coarse_relation_001,50,75,22701,22750,22651,22725,0.5000,stable,stable,dominant_stable,dominant_stable,0.0000,0.0000,0.0000,persisted
electricity_hourly_coarse_relation_001,50,75,22751,22800,22726,22800,1.0000,stable,stable,dominant_stable,dominant_stable,0.0000,0.0000,0.0000,persisted
electricity_hourly_coarse_relation_001,50,75,22801,22850,22801,22875,1.0000,stable,stable,dominant_stable,dominant_stable,0.0067,0.0000,-0.0067,persisted
electricity_hourly_coarse_relation_001,50,75,22851,22900,22801,22875,0.5000,stable,stable,dominant_stable,dominant_stable,-0.0133,0.0000,0.0133,persisted
electricity_hourly_coarse_relation_001,50,75,22901,22950,22876,22950,1.0000,stable,stable,dominant_stable,dominant_stable,0.0000,0.0000,0.0000,persisted
electricity_hourly_coarse_relation_001,50,75,22951,23000,22951,23025,1.0000,stable,stable,dominant_stable,dominant_stable,0.0000,0.0000,0.0000,persisted
electricity_hourly_coarse_relation_001,50,75,23001,23050,22951,23025,0.5000,stable,stable,dominant_stable,dominant_stable,0.0000,0.0000,0.0000,persisted
electricity_hourly_coarse_relation_001,50,75,23051,23100,23026,23100,1.0000,stable,stable,dominant_stable,dominant_stable,0.0000,0.0000,0.0000,persisted
electricity_hourly_coarse_relation_001,50,75,23101,23150,23101,23175,1.0000,stable,stable,dominant_stable,dominant_stable,0.0000,0.0000,0.0000,persisted
electricity_hourly_coarse_relation_001,50,75,23151,23200,23101,23175,0.5000,stable,stable,dominant_stable,dominant_stable,0.0600,-0.0600,0.0000,persisted
electricity_hourly_coarse_relation_001,50,75,23201,23250,23176,23250,1.0000,stable,stable,dominant_stable,dominant_stable,0.0000,0.0000,0.0000,persisted
electricity_hourly_coarse_relation_001,50,75,23251,23300,23251,23325,1.0000,stable,stable,dominant_stable,dominant_stable,0.0067,0.0000,-0.0067,persisted
electricity_hourly_coarse_relation_001,50,75,23301,23350,23251,23325,0.5000,stable,stable,dominant_stable,dominant_stable,-0.0133,0.0000,0.0133,persisted
electricity_hourly_coarse_relation_001,50,75,23351,23400,23326,23400,1.0000,stable,stable,dominant_stable,dominant_stable,0.0000,0.0000,0.0000,persisted
electricity_hourly_coarse_relation_001,50,75,23401,23450,23401,23475,1.0000,stable,stable,dominant_stable,dominant_stable,0.0400,-0.0400,0.0000,persisted
electricity_hourly_coarse_relation_001,50,75,23451,23500,23401,23475,0.5000,stable,stable,dominant_stable,dominant_stable,0.0000,0.0000,0.0000,persisted
electricity_hourly_coarse_relation_001,50,75,23501,23550,23476,23550,1.0000,stable,stable,dominant_stable,dominant_stable,0.0000,0.0000,0.0000,persisted
electricity_hourly_coarse_relation_001,50,75,23551,23600,23551,23625,1.0000,stable,stable,dominant_stable,dominant_stable,0.0000,0.0000,0.0000,persisted
electricity_hourly_coarse_relation_001,50,75,23601,23650,23551,23625,0.5000,stable,stable,dominant_stable,dominant_stable,0.0000,0.0000,0.0000,persisted
electricity_hourly_coarse_relation_001,50,75,23651,23700,23626,23700,1.0000,stable,stable,dominant_stable,dominant_stable,0.0000,0.0000,0.0000,persisted
electricity_hourly_coarse_relation_001,50,75,23701,23750,23701,23775,1.0000,stable,stable,dominant_stable,dominant_stable,0.0000,0.0000,0.0000,persisted
electricity_hourly_coarse_relation_001,50,75,23751,23800,23701,23775,0.5000,stable,stable,dominant_stable,dominant_stable,0.0000,0.0000,0.0000,persisted
electricity_hourly_coarse_relation_001,50,75,23801,23850,23776,23850,1.0000,stable,stable,dominant_stable,dominant_stable,0.0000,0.0000,0.0000,persisted
electricity_hourly_coarse_relation_001,50,75,23851,23900,23851,23925,1.0000,stable,stable,dominant_stable,dominant_stable,-0.0133,0.0000,0.0133,persisted
electricity_hourly_coarse_relation_001,50,75,23901,23950,23851,23925,0.5000,stable,stable,dominant_stable,dominant_stable,0.0667,-0.0800,0.0133,persisted
electricity_hourly_coarse_relation_001,50,75,23951,24000,23926,24000,1.0000,stable,stable,dominant_stable,dominant_stable,0.0000,0.0000,0.0000,persisted
electricity_hourly_coarse_relation_001,50,75,24001,24050,24001,24075,1.0000,stable,stable,dominant_stable,dominant_stable,0.0533,-0.0333,-0.0200,persisted
electricity_hourly_coarse_relation_001,50,75,24051,24100,24001,24075,0.5000,stable,stable,dominant_stable,dominant_stable,0.0533,-0.0533,0.0000,persisted
electricity_hourly_coarse_relation_001,50,75,24101,24150,24076,24150,1.0000,stable,stable,dominant_stable,dominant_stable,0.0600,-0.0600,0.0000,persisted
electricity_hourly_coarse_relation_001,50,75,24151,24200,24151,24225,1.0000,stable,stable,dominant_stable,dominant_stable,0.0533,-0.0333,-0.0200,persisted
electricity_hourly_coarse_relation_001,50,75,24201,24250,24151,24225,0.5000,stable,stable,dominant_stable,dominant_stable,0.0733,-0.0733,0.0000,persisted
electricity_hourly_coarse_relation_001,50,75,24251,24300,24226,24300,1.0000,stable,stable,dominant_stable,dominant_stable,-0.0267,0.0267,0.0000,persisted
electricity_hourly_coarse_relation_001,50,75,24301,24350,24301,24375,1.0000,stable,stable,dominant_stable,dominant_stable,0.0000,0.0000,0.0000,persisted
electricity_hourly_coarse_relation_001,50,75,24351,24400,24301,24375,0.5000,stable,stable,dominant_stable,dominant_stable,0.0000,0.0000,0.0000,persisted
electricity_hourly_coarse_relation_001,50,75,24401,24450,24376,24450,1.0000,stable,stable,dominant_stable,dominant_stable,0.0533,-0.0333,-0.0200,persisted
electricity_hourly_coarse_relation_001,50,75,24451,24500,24451,24525,1.0000,stable,stable,dominant_stable,dominant_stable,0.1200,-0.1200,0.0000,persisted
electricity_hourly_coarse_relation_001,50,75,24501,24550,24451,24525,0.5000,stable,stable,dominant_stable,dominant_stable,0.1000,-0.1000,0.0000,persisted
electricity_hourly_coarse_relation_001,50,75,24551,24600,24526,24600,1.0000,stable,stable,dominant_stable,dominant_stable,0.0533,-0.0333,-0.0200,persisted
electricity_hourly_coarse_relation_001,50,75,24601,24650,24601,24675,1.0000,stable,stable,dominant_stable,dominant_stable,-0.0067,0.0267,-0.0200,persisted
electricity_hourly_coarse_relation_001,50,75,24651,24700,24601,24675,0.5000,stable,stable,dominant_stable,dominant_stable,0.0133,-0.0133,0.0000,persisted
electricity_hourly_coarse_relation_001,50,75,24701,24750,24676,24750,1.0000,stable,stable,dominant_stable,dominant_stable,0.0400,-0.0400,0.0000,persisted
electricity_hourly_coarse_relation_001,50,75,24751,24800,24751,24825,1.0000,stable,stable,dominant_stable,dominant_stable,0.0600,-0.0600,0.0000,persisted
electricity_hourly_coarse_relation_001,50,75,24801,24850,24751,24825,0.5000,stable,stable,dominant_stable,dominant_stable,0.0600,-0.0600,0.0000,persisted
electricity_hourly_coarse_relation_001,50,75,24851,24900,24826,24900,1.0000,stable,stable,dominant_stable,dominant_stable,0.0333,-0.0133,-0.0200,persisted
electricity_hourly_coarse_relation_001,50,75,24901,24950,24901,24975,1.0000,stable,stable,dominant_stable,dominant_stable,0.0733,-0.0600,-0.0133,persisted
electricity_hourly_coarse_relation_001,50,75,24951,25000,24901,24975,0.5000,stable,stable,dominant_stable,dominant_stable,0.0533,-0.0600,0.0067,persisted
electricity_hourly_coarse_relation_001,50,75,25001,25050,24976,25050,1.0000,stable,stable,dominant_stable,dominant_stable,0.0533,-0.0333,-0.0200,persisted
electricity_hourly_coarse_relation_001,50,75,25051,25100,25051,25125,1.0000,stable,stable,dominant_stable,dominant_stable,0.0000,0.0267,-0.0267,persisted
electricity_hourly_coarse_relation_001,50,75,25101,25150,25051,25125,0.5000,stable,stable,dominant_stable,dominant_stable,0.0400,-0.0533,0.0133,persisted
electricity_hourly_coarse_relation_001,50,75,25151,25200,25126,25200,1.0000,stable,stable,dominant_stable,dominant_stable,0.0000,0.0000,0.0000,persisted
electricity_hourly_coarse_relation_001,50,75,25201,25250,25201,25275,1.0000,stable,stable,dominant_stable,dominant_stable,0.0667,-0.0600,-0.0067,persisted
electricity_hourly_coarse_relation_001,50,75,25251,25300,25201,25275,0.5000,stable,stable,dominant_stable,dominant_stable,0.0667,-0.0600,-0.0067,persisted
electricity_hourly_coarse_relation_001,50,75,25301,25350,25276,25350,1.0000,stable,stable,dominant_stable,dominant_stable,0.0067,0.0000,-0.0067,persisted
electricity_hourly_coarse_relation_001,50,75,25351,25400,25351,25425,1.0000,stable,stable,dominant_stable,dominant_stable,0.0467,-0.0400,-0.0067,persisted
electricity_hourly_coarse_relation_001,50,75,25401,25450,25351,25425,0.5000,stable,stable,dominant_stable,dominant_stable,-0.0133,0.0000,0.0133,persisted
electricity_hourly_coarse_relation_001,50,75,25451,25500,25426,25500,1.0000,stable,stable,dominant_stable,dominant_stable,-0.0133,0.0000,0.0133,persisted
electricity_hourly_coarse_relation_001,50,75,25501,25550,25501,25575,1.0000,stable,stable,dominant_stable,dominant_stable,0.0067,0.0000,-0.0067,persisted
electricity_hourly_coarse_relation_001,50,75,25551,25600,25501,25575,0.5000,stable,stable,dominant_stable,dominant_stable,-0.0133,0.0000,0.0133,persisted
electricity_hourly_coarse_relation_001,50,75,25601,25650,25576,25650,1.0000,stable,stable,dominant_stable,dominant_stable,0.0000,0.0000,0.0000,persisted
electricity_hourly_coarse_relation_001,50,75,25651,25700,25651,25725,1.0000,stable,stable,dominant_stable,dominant_stable,0.0000,0.0000,0.0000,persisted
electricity_hourly_coarse_relation_001,50,75,25701,25750,25651,25725,0.5000,stable,stable,dominant_stable,dominant_stable,0.0000,0.0000,0.0000,persisted
electricity_hourly_coarse_relation_001,50,75,25751,25800,25726,25800,1.0000,stable,stable,dominant_stable,dominant_stable,0.0000,0.0000,0.0000,persisted
electricity_hourly_coarse_relation_001,50,75,25801,25850,25801,25875,1.0000,stable,stable,dominant_stable,dominant_stable,0.0000,0.0000,0.0000,persisted
electricity_hourly_coarse_relation_001,50,75,25851,25900,25801,25875,0.5000,stable,stable,dominant_stable,dominant_stable,0.0000,0.0000,0.0000,persisted
electricity_hourly_coarse_relation_001,50,75,25901,25950,25876,25950,1.0000,stable,stable,dominant_stable,dominant_stable,0.0067,0.0000,-0.0067,persisted
electricity_hourly_coarse_relation_001,50,75,25951,26000,25951,26025,1.0000,stable,stable,dominant_stable,dominant_stable,0.0000,0.0000,0.0000,persisted
electricity_hourly_coarse_relation_001,50,75,26001,26050,25951,26025,0.5000,stable,stable,dominant_stable,dominant_stable,0.0000,0.0000,0.0000,persisted
electricity_hourly_coarse_relation_001,50,75,26051,26100,26026,26100,1.0000,stable,stable,dominant_stable,dominant_stable,0.0067,0.0000,-0.0067,persisted
electricity_hourly_coarse_relation_001,50,75,26101,26150,26101,26175,1.0000,stable,stable,dominant_stable,dominant_stable,0.0267,-0.0400,0.0133,persisted
electricity_hourly_coarse_relation_001,50,75,26151,26200,26101,26175,0.5000,stable,stable,dominant_stable,dominant_stable,0.0067,0.0000,-0.0067,persisted
electricity_hourly_coarse_relation_001,50,75,26201,26250,26176,26250,1.0000,stable,stable,dominant_stable,dominant_stable,0.0000,0.0000,0.0000,persisted
electricity_hourly_coarse_relation_001,50,75,26251,26300,26251,26304,1.0000,stable,stable,dominant_stable,dominant_stable,0.0000,0.0000,0.0000,persisted
electricity_hourly_coarse_relation_001,50,75,26301,26304,26251,26304,1.0000,middle,stable,dominant_middle,dominant_stable,1.0000,-0.7500,-0.2500,smoothed
electricity_hourly_coarse_relation_001,75,100,1,75,1,100,1.0000,stable,stable,dominant_stable,dominant_stable,0.0800,-0.0800,0.0000,persisted
electricity_hourly_coarse_relation_001,75,100,76,150,101,200,0.6667,stable,stable,dominant_stable,dominant_stable,0.0000,0.0000,0.0000,persisted
electricity_hourly_coarse_relation_001,75,100,151,225,101,200,0.6667,stable,stable,dominant_stable,dominant_stable,0.0667,-0.0667,0.0000,persisted
electricity_hourly_coarse_relation_001,75,100,226,300,201,300,1.0000,stable,stable,dominant_stable,dominant_stable,0.0100,-0.0100,0.0000,persisted
electricity_hourly_coarse_relation_001,75,100,301,375,301,400,1.0000,stable,stable,dominant_stable,dominant_stable,-0.0033,0.0033,0.0000,persisted
electricity_hourly_coarse_relation_001,75,100,376,450,401,500,0.6667,stable,stable,dominant_stable,dominant_stable,0.0400,-0.0400,0.0000,persisted
electricity_hourly_coarse_relation_001,75,100,451,525,401,500,0.6667,stable,stable,dominant_stable,dominant_stable,0.0267,-0.0267,0.0000,persisted
electricity_hourly_coarse_relation_001,75,100,526,600,501,600,1.0000,stable,stable,dominant_stable,dominant_stable,0.0500,-0.0500,0.0000,persisted
electricity_hourly_coarse_relation_001,75,100,601,675,601,700,1.0000,stable,stable,dominant_stable,dominant_stable,0.0067,-0.0067,0.0000,persisted
electricity_hourly_coarse_relation_001,75,100,676,750,701,800,0.6667,stable,stable,dominant_stable,dominant_stable,0.0400,-0.0267,-0.0133,persisted
electricity_hourly_coarse_relation_001,75,100,751,825,701,800,0.6667,stable,stable,dominant_stable,dominant_stable,0.0667,-0.0667,0.0000,persisted
electricity_hourly_coarse_relation_001,75,100,826,900,801,900,1.0000,stable,stable,dominant_stable,dominant_stable,0.0033,0.0000,-0.0033,persisted
electricity_hourly_coarse_relation_001,75,100,901,975,901,1000,1.0000,stable,stable,dominant_stable,dominant_stable,0.0033,0.0100,-0.0133,persisted
electricity_hourly_coarse_relation_001,75,100,976,1050,1001,1100,0.6667,stable,stable,dominant_stable,dominant_stable,-0.0033,0.0300,-0.0267,persisted
electricity_hourly_coarse_relation_001,75,100,1051,1125,1001,1100,0.6667,stable,stable,dominant_stable,dominant_stable,0.0100,-0.0100,0.0000,persisted
electricity_hourly_coarse_relation_001,75,100,1126,1200,1101,1200,1.0000,stable,stable,dominant_stable,dominant_stable,-0.0100,0.0000,0.0100,persisted
electricity_hourly_coarse_relation_001,75,100,1201,1275,1201,1300,1.0000,stable,stable,dominant_stable,dominant_stable,-0.0033,0.0033,0.0000,persisted
electricity_hourly_coarse_relation_001,75,100,1276,1350,1301,1400,0.6667,stable,stable,dominant_stable,dominant_stable,0.0067,-0.0067,0.0000,persisted
electricity_hourly_coarse_relation_001,75,100,1351,1425,1301,1400,0.6667,stable,stable,dominant_stable,dominant_stable,0.0067,-0.0067,0.0000,persisted
electricity_hourly_coarse_relation_001,75,100,1426,1500,1401,1500,1.0000,stable,stable,dominant_stable,dominant_stable,0.0000,0.0133,-0.0133,persisted
electricity_hourly_coarse_relation_001,75,100,1501,1575,1501,1600,1.0000,stable,stable,dominant_stable,dominant_stable,0.0133,-0.0133,0.0000,persisted
electricity_hourly_coarse_relation_001,75,100,1576,1650,1601,1700,0.6667,stable,stable,dominant_stable,dominant_stable,0.0233,-0.0233,0.0000,persisted
electricity_hourly_coarse_relation_001,75,100,1651,1725,1601,1700,0.6667,stable,stable,dominant_stable,dominant_stable,0.0100,0.0033,-0.0133,persisted
electricity_hourly_coarse_relation_001,75,100,1726,1800,1701,1800,1.0000,stable,stable,dominant_stable,dominant_stable,0.0100,-0.0100,0.0000,persisted
electricity_hourly_coarse_relation_001,75,100,1801,1875,1801,1900,1.0000,stable,stable,dominant_stable,dominant_stable,0.0133,-0.0100,-0.0033,persisted
electricity_hourly_coarse_relation_001,75,100,1876,1950,1901,2000,0.6667,stable,stable,dominant_stable,dominant_stable,-0.0267,0.0300,-0.0033,persisted
electricity_hourly_coarse_relation_001,75,100,1951,2025,1901,2000,0.6667,stable,stable,dominant_stable,dominant_stable,0.0267,-0.0367,0.0100,persisted
electricity_hourly_coarse_relation_001,75,100,2026,2100,2001,2100,1.0000,stable,stable,dominant_stable,dominant_stable,0.0400,-0.0400,0.0000,persisted
electricity_hourly_coarse_relation_001,75,100,2101,2175,2101,2200,1.0000,stable,stable,dominant_stable,dominant_stable,0.0400,-0.0400,0.0000,persisted
electricity_hourly_coarse_relation_001,75,100,2176,2250,2201,2300,0.6667,stable,stable,dominant_stable,dominant_stable,-0.0333,0.0333,0.0000,persisted
electricity_hourly_coarse_relation_001,75,100,2251,2325,2201,2300,0.6667,stable,stable,dominant_stable,dominant_stable,-0.0067,0.0200,-0.0133,persisted
electricity_hourly_coarse_relation_001,75,100,2326,2400,2301,2400,1.0000,stable,stable,dominant_stable,dominant_stable,0.0467,-0.0467,0.0000,persisted
electricity_hourly_coarse_relation_001,75,100,2401,2475,2401,2500,1.0000,stable,stable,dominant_stable,dominant_stable,0.0133,-0.0100,-0.0033,persisted
electricity_hourly_coarse_relation_001,75,100,2476,2550,2501,2600,0.6667,stable,stable,dominant_stable,dominant_stable,-0.0067,0.0000,0.0067,persisted
electricity_hourly_coarse_relation_001,75,100,2551,2625,2501,2600,0.6667,stable,stable,dominant_stable,dominant_stable,0.0067,-0.0267,0.0200,persisted
electricity_hourly_coarse_relation_001,75,100,2626,2700,2601,2700,1.0000,stable,stable,dominant_stable,dominant_stable,0.0067,-0.0067,0.0000,persisted
electricity_hourly_coarse_relation_001,75,100,2701,2775,2701,2800,1.0000,stable,stable,dominant_stable,dominant_stable,0.0033,-0.0033,0.0000,persisted
electricity_hourly_coarse_relation_001,75,100,2776,2850,2801,2900,0.6667,stable,stable,dominant_stable,dominant_stable,0.0067,-0.0067,0.0000,persisted
electricity_hourly_coarse_relation_001,75,100,2851,2925,2801,2900,0.6667,stable,stable,dominant_stable,dominant_stable,-0.0200,0.0333,-0.0133,persisted
electricity_hourly_coarse_relation_001,75,100,2926,3000,2901,3000,1.0000,stable,stable,dominant_stable,dominant_stable,0.0467,-0.0467,0.0000,persisted
electricity_hourly_coarse_relation_001,75,100,3001,3075,3001,3100,1.0000,stable,stable,dominant_stable,dominant_stable,-0.0033,0.0033,0.0000,persisted
electricity_hourly_coarse_relation_001,75,100,3076,3150,3101,3200,0.6667,stable,stable,dominant_stable,dominant_stable,0.0400,-0.0400,0.0000,persisted
electricity_hourly_coarse_relation_001,75,100,3151,3225,3101,3200,0.6667,stable,stable,dominant_stable,dominant_stable,0.0000,0.0000,0.0000,persisted
electricity_hourly_coarse_relation_001,75,100,3226,3300,3201,3300,1.0000,stable,stable,dominant_stable,dominant_stable,-0.0033,0.0033,0.0000,persisted
electricity_hourly_coarse_relation_001,75,100,3301,3375,3301,3400,1.0000,stable,stable,dominant_stable,dominant_stable,0.0400,-0.0400,0.0000,persisted
electricity_hourly_coarse_relation_001,75,100,3376,3450,3401,3500,0.6667,stable,stable,dominant_stable,dominant_stable,0.0500,-0.0500,0.0000,persisted
electricity_hourly_coarse_relation_001,75,100,3451,3525,3401,3500,0.6667,stable,stable,dominant_stable,dominant_stable,-0.0033,0.0033,0.0000,persisted
electricity_hourly_coarse_relation_001,75,100,3526,3600,3501,3600,1.0000,stable,stable,dominant_stable,dominant_stable,-0.0033,0.0033,0.0000,persisted
electricity_hourly_coarse_relation_001,75,100,3601,3675,3601,3700,1.0000,stable,stable,dominant_stable,dominant_stable,0.0100,-0.0100,0.0000,persisted
electricity_hourly_coarse_relation_001,75,100,3676,3750,3701,3800,0.6667,stable,stable,dominant_stable,dominant_stable,0.0033,0.0000,-0.0033,persisted
electricity_hourly_coarse_relation_001,75,100,3751,3825,3701,3800,0.6667,stable,stable,dominant_stable,dominant_stable,-0.0100,0.0000,0.0100,persisted
electricity_hourly_coarse_relation_001,75,100,3826,3900,3801,3900,1.0000,stable,stable,dominant_stable,dominant_stable,0.0433,-0.0400,-0.0033,persisted
electricity_hourly_coarse_relation_001,75,100,3901,3975,3901,4000,1.0000,stable,stable,dominant_stable,dominant_stable,0.0500,-0.0500,0.0000,persisted
electricity_hourly_coarse_relation_001,75,100,3976,4050,4001,4100,0.6667,stable,stable,dominant_stable,dominant_stable,0.0000,0.0000,0.0000,persisted
electricity_hourly_coarse_relation_001,75,100,4051,4125,4001,4100,0.6667,stable,stable,dominant_stable,dominant_stable,0.0533,-0.0400,-0.0133,persisted
electricity_hourly_coarse_relation_001,75,100,4126,4200,4101,4200,1.0000,stable,stable,dominant_stable,dominant_stable,-0.0067,0.0200,-0.0133,persisted
electricity_hourly_coarse_relation_001,75,100,4201,4275,4201,4300,1.0000,stable,stable,dominant_stable,dominant_stable,0.0000,0.0000,0.0000,persisted
electricity_hourly_coarse_relation_001,75,100,4276,4350,4301,4400,0.6667,stable,stable,dominant_stable,dominant_stable,-0.0200,0.0200,0.0000,persisted
electricity_hourly_coarse_relation_001,75,100,4351,4425,4301,4400,0.6667,stable,stable,dominant_stable,dominant_stable,-0.0067,0.0200,-0.0133,persisted
electricity_hourly_coarse_relation_001,75,100,4426,4500,4401,4500,1.0000,stable,stable,dominant_stable,dominant_stable,-0.0100,0.0000,0.0100,persisted
electricity_hourly_coarse_relation_001,75,100,4501,4575,4501,4600,1.0000,stable,stable,dominant_stable,dominant_stable,-0.0100,0.0000,0.0100,persisted
electricity_hourly_coarse_relation_001,75,100,4576,4650,4601,4700,0.6667,stable,stable,dominant_stable,dominant_stable,-0.0067,0.0200,-0.0133,persisted
electricity_hourly_coarse_relation_001,75,100,4651,4725,4601,4700,0.6667,stable,stable,dominant_stable,dominant_stable,0.0067,-0.0067,0.0000,persisted
electricity_hourly_coarse_relation_001,75,100,4726,4800,4701,4800,1.0000,stable,stable,dominant_stable,dominant_stable,0.0100,-0.0100,0.0000,persisted
electricity_hourly_coarse_relation_001,75,100,4801,4875,4801,4900,1.0000,stable,stable,dominant_stable,dominant_stable,0.0033,0.0000,-0.0033,persisted
electricity_hourly_coarse_relation_001,75,100,4876,4950,4901,5000,0.6667,stable,stable,dominant_stable,dominant_stable,-0.0200,0.0200,0.0000,persisted
electricity_hourly_coarse_relation_001,75,100,4951,5025,4901,5000,0.6667,stable,stable,dominant_stable,dominant_stable,0.0067,-0.0067,0.0000,persisted
electricity_hourly_coarse_relation_001,75,100,5026,5100,5001,5100,1.0000,stable,stable,dominant_stable,dominant_stable,0.0033,0.0000,-0.0033,persisted
electricity_hourly_coarse_relation_001,75,100,5101,5175,5101,5200,1.0000,stable,stable,dominant_stable,dominant_stable,0.0000,0.0000,0.0000,persisted
electricity_hourly_coarse_relation_001,75,100,5176,5250,5201,5300,0.6667,stable,stable,dominant_stable,dominant_stable,0.0000,0.0000,0.0000,persisted
electricity_hourly_coarse_relation_001,75,100,5251,5325,5201,5300,0.6667,stable,stable,dominant_stable,dominant_stable,0.0133,0.0000,-0.0133,persisted
electricity_hourly_coarse_relation_001,75,100,5326,5400,5301,5400,1.0000,stable,stable,dominant_stable,dominant_stable,-0.0100,0.0000,0.0100,persisted
electricity_hourly_coarse_relation_001,75,100,5401,5475,5401,5500,1.0000,stable,stable,dominant_stable,dominant_stable,0.0000,0.0000,0.0000,persisted
electricity_hourly_coarse_relation_001,75,100,5476,5550,5501,5600,0.6667,stable,stable,dominant_stable,dominant_stable,0.0000,0.0000,0.0000,persisted
electricity_hourly_coarse_relation_001,75,100,5551,5625,5501,5600,0.6667,stable,stable,dominant_stable,dominant_stable,0.0000,0.0000,0.0000,persisted
electricity_hourly_coarse_relation_001,75,100,5626,5700,5601,5700,1.0000,stable,stable,dominant_stable,dominant_stable,0.0000,0.0000,0.0000,persisted
electricity_hourly_coarse_relation_001,75,100,5701,5775,5701,5800,1.0000,stable,stable,dominant_stable,dominant_stable,0.0033,0.0000,-0.0033,persisted
electricity_hourly_coarse_relation_001,75,100,5776,5850,5801,5900,0.6667,stable,stable,dominant_stable,dominant_stable,0.0000,0.0000,0.0000,persisted
electricity_hourly_coarse_relation_001,75,100,5851,5925,5801,5900,0.6667,stable,stable,dominant_stable,dominant_stable,0.0000,0.0000,0.0000,persisted
electricity_hourly_coarse_relation_001,75,100,5926,6000,5901,6000,1.0000,stable,stable,dominant_stable,dominant_stable,0.0067,-0.0067,0.0000,persisted
electricity_hourly_coarse_relation_001,75,100,6001,6075,6001,6100,1.0000,stable,stable,dominant_stable,dominant_stable,0.0000,0.0000,0.0000,persisted
electricity_hourly_coarse_relation_001,75,100,6076,6150,6101,6200,0.6667,stable,stable,dominant_stable,dominant_stable,-0.0100,0.0000,0.0100,persisted
electricity_hourly_coarse_relation_001,75,100,6151,6225,6101,6200,0.6667,stable,stable,dominant_stable,dominant_stable,0.0033,0.0000,-0.0033,persisted
electricity_hourly_coarse_relation_001,75,100,6226,6300,6201,6300,1.0000,stable,stable,dominant_stable,dominant_stable,0.0067,-0.0067,0.0000,persisted
electricity_hourly_coarse_relation_001,75,100,6301,6375,6301,6400,1.0000,stable,stable,dominant_stable,dominant_stable,-0.0033,0.0033,0.0000,persisted
electricity_hourly_coarse_relation_001,75,100,6376,6450,6401,6500,0.6667,stable,stable,dominant_stable,dominant_stable,0.0067,-0.0067,0.0000,persisted
electricity_hourly_coarse_relation_001,75,100,6451,6525,6401,6500,0.6667,stable,stable,dominant_stable,dominant_stable,0.0067,-0.0067,0.0000,persisted
electricity_hourly_coarse_relation_001,75,100,6526,6600,6501,6600,1.0000,stable,stable,dominant_stable,dominant_stable,-0.0033,0.0033,0.0000,persisted
electricity_hourly_coarse_relation_001,75,100,6601,6675,6601,6700,1.0000,stable,stable,dominant_stable,dominant_stable,0.0400,-0.0400,0.0000,persisted
electricity_hourly_coarse_relation_001,75,100,6676,6750,6701,6800,0.6667,stable,stable,dominant_stable,dominant_stable,0.0800,-0.0800,0.0000,persisted
electricity_hourly_coarse_relation_001,75,100,6751,6825,6701,6800,0.6667,stable,stable,dominant_stable,dominant_stable,0.0400,-0.0400,0.0000,persisted
electricity_hourly_coarse_relation_001,75,100,6826,6900,6801,6900,1.0000,stable,stable,dominant_stable,dominant_stable,0.0400,-0.0400,0.0000,persisted
electricity_hourly_coarse_relation_001,75,100,6901,6975,6901,7000,1.0000,stable,stable,dominant_stable,dominant_stable,0.0000,0.0000,0.0000,persisted
electricity_hourly_coarse_relation_001,75,100,6976,7050,7001,7100,0.6667,stable,stable,dominant_stable,dominant_stable,0.0100,-0.0100,0.0000,persisted
electricity_hourly_coarse_relation_001,75,100,7051,7125,7001,7100,0.6667,stable,stable,dominant_stable,dominant_stable,-0.0033,0.0033,0.0000,persisted
electricity_hourly_coarse_relation_001,75,100,7126,7200,7101,7200,1.0000,stable,stable,dominant_stable,dominant_stable,0.0000,0.0000,0.0000,persisted
electricity_hourly_coarse_relation_001,75,100,7201,7275,7201,7300,1.0000,stable,stable,dominant_stable,dominant_stable,-0.0033,0.0033,0.0000,persisted
electricity_hourly_coarse_relation_001,75,100,7276,7350,7301,7400,0.6667,stable,stable,dominant_stable,dominant_stable,0.0400,-0.0400,0.0000,persisted
electricity_hourly_coarse_relation_001,75,100,7351,7425,7301,7400,0.6667,stable,stable,dominant_stable,dominant_stable,0.0000,0.0000,0.0000,persisted
electricity_hourly_coarse_relation_001,75,100,7426,7500,7401,7500,1.0000,stable,stable,dominant_stable,dominant_stable,0.0400,-0.0400,0.0000,persisted
electricity_hourly_coarse_relation_001,75,100,7501,7575,7501,7600,1.0000,stable,stable,dominant_stable,dominant_stable,0.0100,-0.0100,0.0000,persisted
electricity_hourly_coarse_relation_001,75,100,7576,7650,7601,7700,0.6667,stable,stable,dominant_stable,dominant_stable,0.0200,-0.0200,0.0000,persisted
electricity_hourly_coarse_relation_001,75,100,7651,7725,7601,7700,0.6667,stable,stable,dominant_stable,dominant_stable,0.0067,-0.0067,0.0000,persisted
electricity_hourly_coarse_relation_001,75,100,7726,7800,7701,7800,1.0000,stable,stable,dominant_stable,dominant_stable,0.0400,-0.0400,0.0000,persisted
electricity_hourly_coarse_relation_001,75,100,7801,7875,7801,7900,1.0000,stable,stable,dominant_stable,dominant_stable,-0.0133,0.0033,0.0100,persisted
electricity_hourly_coarse_relation_001,75,100,7876,7950,7901,8000,0.6667,stable,stable,dominant_stable,dominant_stable,0.0567,-0.0667,0.0100,persisted
electricity_hourly_coarse_relation_001,75,100,7951,8025,7901,8000,0.6667,stable,stable,dominant_stable,dominant_stable,0.0300,-0.0400,0.0100,persisted
electricity_hourly_coarse_relation_001,75,100,8026,8100,8001,8100,1.0000,stable,stable,dominant_stable,dominant_stable,-0.0067,0.0000,0.0067,persisted
electricity_hourly_coarse_relation_001,75,100,8101,8175,8101,8200,1.0000,stable,stable,dominant_stable,dominant_stable,0.0300,-0.0400,0.0100,persisted
electricity_hourly_coarse_relation_001,75,100,8176,8250,8201,8300,0.6667,stable,stable,dominant_stable,dominant_stable,-0.0100,0.0100,0.0000,persisted
electricity_hourly_coarse_relation_001,75,100,8251,8325,8201,8300,0.6667,stable,stable,dominant_stable,dominant_stable,-0.0233,0.0233,0.0000,persisted
electricity_hourly_coarse_relation_001,75,100,8326,8400,8301,8400,1.0000,stable,stable,dominant_stable,dominant_stable,0.0500,-0.0500,0.0000,persisted
electricity_hourly_coarse_relation_001,75,100,8401,8475,8401,8500,1.0000,stable,stable,dominant_stable,dominant_stable,0.0767,-0.0767,0.0000,persisted
electricity_hourly_coarse_relation_001,75,100,8476,8550,8501,8600,0.6667,stable,stable,dominant_stable,dominant_stable,-0.0033,0.0033,0.0000,persisted
electricity_hourly_coarse_relation_001,75,100,8551,8625,8501,8600,0.6667,stable,stable,dominant_stable,dominant_stable,-0.0033,0.0033,0.0000,persisted
electricity_hourly_coarse_relation_001,75,100,8626,8700,8601,8700,1.0000,stable,stable,dominant_stable,dominant_stable,-0.0033,0.0200,-0.0167,persisted
electricity_hourly_coarse_relation_001,75,100,8701,8775,8701,8800,1.0000,stable,stable,dominant_stable,dominant_stable,0.0100,-0.0067,-0.0033,persisted
electricity_hourly_coarse_relation_001,75,100,8776,8850,8801,8900,0.6667,stable,stable,dominant_stable,dominant_stable,-0.0200,0.0200,0.0000,persisted
electricity_hourly_coarse_relation_001,75,100,8851,8925,8801,8900,0.6667,stable,stable,dominant_stable,dominant_stable,0.0067,-0.0067,0.0000,persisted
electricity_hourly_coarse_relation_001,75,100,8926,9000,8901,9000,1.0000,stable,stable,dominant_stable,dominant_stable,0.0067,-0.0067,0.0000,persisted
electricity_hourly_coarse_relation_001,75,100,9001,9075,9001,9100,1.0000,stable,stable,dominant_stable,dominant_stable,0.0067,-0.0067,0.0000,persisted
electricity_hourly_coarse_relation_001,75,100,9076,9150,9101,9200,0.6667,stable,stable,dominant_stable,dominant_stable,0.0000,0.0000,0.0000,persisted
electricity_hourly_coarse_relation_001,75,100,9151,9225,9101,9200,0.6667,stable,stable,dominant_stable,dominant_stable,0.0267,0.0000,-0.0267,persisted
electricity_hourly_coarse_relation_001,75,100,9226,9300,9201,9300,1.0000,stable,stable,dominant_stable,dominant_stable,-0.0167,0.0200,-0.0033,persisted
electricity_hourly_coarse_relation_001,75,100,9301,9375,9301,9400,1.0000,stable,stable,dominant_stable,dominant_stable,0.0000,0.0000,0.0000,persisted
electricity_hourly_coarse_relation_001,75,100,9376,9450,9401,9500,0.6667,stable,stable,dominant_stable,dominant_stable,0.0000,0.0000,0.0000,persisted
electricity_hourly_coarse_relation_001,75,100,9451,9525,9401,9500,0.6667,stable,stable,dominant_stable,dominant_stable,0.0000,0.0000,0.0000,persisted
electricity_hourly_coarse_relation_001,75,100,9526,9600,9501,9600,1.0000,stable,stable,dominant_stable,dominant_stable,0.0000,0.0000,0.0000,persisted
electricity_hourly_coarse_relation_001,75,100,9601,9675,9601,9700,1.0000,stable,stable,dominant_stable,dominant_stable,0.0000,0.0000,0.0000,persisted
electricity_hourly_coarse_relation_001,75,100,9676,9750,9701,9800,0.6667,stable,stable,dominant_stable,dominant_stable,0.0000,0.0000,0.0000,persisted
electricity_hourly_coarse_relation_001,75,100,9751,9825,9701,9800,0.6667,stable,stable,dominant_stable,dominant_stable,0.0000,0.0000,0.0000,persisted
electricity_hourly_coarse_relation_001,75,100,9826,9900,9801,9900,1.0000,stable,stable,dominant_stable,dominant_stable,0.0000,0.0000,0.0000,persisted
electricity_hourly_coarse_relation_001,75,100,9901,9975,9901,10000,1.0000,stable,stable,dominant_stable,dominant_stable,0.0000,0.0000,0.0000,persisted
electricity_hourly_coarse_relation_001,75,100,9976,10050,10001,10100,0.6667,stable,stable,dominant_stable,dominant_stable,0.0000,0.0000,0.0000,persisted
electricity_hourly_coarse_relation_001,75,100,10051,10125,10001,10100,0.6667,stable,stable,dominant_stable,dominant_stable,0.0000,0.0000,0.0000,persisted
electricity_hourly_coarse_relation_001,75,100,10126,10200,10101,10200,1.0000,stable,stable,dominant_stable,dominant_stable,0.0000,0.0000,0.0000,persisted
electricity_hourly_coarse_relation_001,75,100,10201,10275,10201,10300,1.0000,stable,stable,dominant_stable,dominant_stable,0.0000,0.0000,0.0000,persisted
electricity_hourly_coarse_relation_001,75,100,10276,10350,10301,10400,0.6667,stable,stable,dominant_stable,dominant_stable,0.0000,0.0000,0.0000,persisted
electricity_hourly_coarse_relation_001,75,100,10351,10425,10301,10400,0.6667,stable,stable,dominant_stable,dominant_stable,0.0133,0.0000,-0.0133,persisted
electricity_hourly_coarse_relation_001,75,100,10426,10500,10401,10500,1.0000,stable,stable,dominant_stable,dominant_stable,-0.0100,0.0000,0.0100,persisted
electricity_hourly_coarse_relation_001,75,100,10501,10575,10501,10600,1.0000,stable,stable,dominant_stable,dominant_stable,0.0000,0.0000,0.0000,persisted
electricity_hourly_coarse_relation_001,75,100,10576,10650,10601,10700,0.6667,stable,stable,dominant_stable,dominant_stable,0.0000,0.0000,0.0000,persisted
electricity_hourly_coarse_relation_001,75,100,10651,10725,10601,10700,0.6667,stable,stable,dominant_stable,dominant_stable,0.0000,0.0000,0.0000,persisted
electricity_hourly_coarse_relation_001,75,100,10726,10800,10701,10800,1.0000,stable,stable,dominant_stable,dominant_stable,0.0000,0.0000,0.0000,persisted
electricity_hourly_coarse_relation_001,75,100,10801,10875,10801,10900,1.0000,stable,stable,dominant_stable,dominant_stable,-0.0100,0.0000,0.0100,persisted
electricity_hourly_coarse_relation_001,75,100,10876,10950,10901,11000,0.6667,stable,stable,dominant_stable,dominant_stable,-0.0067,0.0200,-0.0133,persisted
electricity_hourly_coarse_relation_001,75,100,10951,11025,10901,11000,0.6667,stable,stable,dominant_stable,dominant_stable,0.0067,-0.0067,0.0000,persisted
electricity_hourly_coarse_relation_001,75,100,11026,11100,11001,11100,1.0000,stable,stable,dominant_stable,dominant_stable,0.0033,0.0000,-0.0033,persisted
electricity_hourly_coarse_relation_001,75,100,11101,11175,11101,11200,1.0000,stable,stable,dominant_stable,dominant_stable,0.0000,0.0000,0.0000,persisted
electricity_hourly_coarse_relation_001,75,100,11176,11250,11201,11300,0.6667,stable,stable,dominant_stable,dominant_stable,0.0133,0.0000,-0.0133,persisted
electricity_hourly_coarse_relation_001,75,100,11251,11325,11201,11300,0.6667,stable,stable,dominant_stable,dominant_stable,0.0000,0.0000,0.0000,persisted
electricity_hourly_coarse_relation_001,75,100,11326,11400,11301,11400,1.0000,stable,stable,dominant_stable,dominant_stable,0.0100,-0.0100,0.0000,persisted
electricity_hourly_coarse_relation_001,75,100,11401,11475,11401,11500,1.0000,stable,stable,dominant_stable,dominant_stable,0.0067,-0.0067,0.0000,persisted
electricity_hourly_coarse_relation_001,75,100,11476,11550,11501,11600,0.6667,stable,stable,dominant_stable,dominant_stable,0.0067,-0.0067,0.0000,persisted
electricity_hourly_coarse_relation_001,75,100,11551,11625,11501,11600,0.6667,stable,stable,dominant_stable,dominant_stable,-0.0333,0.0600,-0.0267,persisted
electricity_hourly_coarse_relation_001,75,100,11626,11700,11601,11700,1.0000,stable,stable,dominant_stable,dominant_stable,0.0000,0.0000,0.0000,persisted
electricity_hourly_coarse_relation_001,75,100,11701,11775,11701,11800,1.0000,stable,stable,dominant_stable,dominant_stable,-0.0033,0.0033,0.0000,persisted
electricity_hourly_coarse_relation_001,75,100,11776,11850,11801,11900,0.6667,stable,stable,dominant_stable,dominant_stable,0.0367,-0.0367,0.0000,persisted
electricity_hourly_coarse_relation_001,75,100,11851,11925,11801,11900,0.6667,stable,stable,dominant_stable,dominant_stable,0.0500,-0.0500,0.0000,persisted
electricity_hourly_coarse_relation_001,75,100,11926,12000,11901,12000,1.0000,stable,stable,dominant_stable,dominant_stable,0.0333,-0.0200,-0.0133,persisted
electricity_hourly_coarse_relation_001,75,100,12001,12075,12001,12100,1.0000,stable,stable,dominant_stable,dominant_stable,-0.0033,0.0033,0.0000,persisted
electricity_hourly_coarse_relation_001,75,100,12076,12150,12101,12200,0.6667,stable,stable,dominant_stable,dominant_stable,-0.0067,0.0200,-0.0133,persisted
electricity_hourly_coarse_relation_001,75,100,12151,12225,12101,12200,0.6667,stable,stable,dominant_stable,dominant_stable,0.0733,-0.0600,-0.0133,persisted
electricity_hourly_coarse_relation_001,75,100,12226,12300,12201,12300,1.0000,stable,stable,dominant_stable,dominant_stable,-0.0033,0.0033,0.0000,persisted
electricity_hourly_coarse_relation_001,75,100,12301,12375,12301,12400,1.0000,stable,stable,dominant_stable,dominant_stable,0.0800,-0.0800,0.0000,persisted
electricity_hourly_coarse_relation_001,75,100,12376,12450,12401,12500,0.6667,stable,stable,dominant_stable,dominant_stable,0.0233,-0.0100,-0.0133,persisted
electricity_hourly_coarse_relation_001,75,100,12451,12525,12401,12500,0.6667,stable,stable,dominant_stable,dominant_stable,0.0100,-0.0100,0.0000,persisted
electricity_hourly_coarse_relation_001,75,100,12526,12600,12501,12600,1.0000,stable,stable,dominant_stable,dominant_stable,0.0333,-0.0200,-0.0133,persisted
electricity_hourly_coarse_relation_001,75,100,12601,12675,12601,12700,1.0000,stable,stable,dominant_stable,dominant_stable,0.0400,-0.0400,0.0000,persisted
electricity_hourly_coarse_relation_001,75,100,12676,12750,12701,12800,0.6667,stable,stable,dominant_stable,dominant_stable,0.0400,-0.0400,0.0000,persisted
electricity_hourly_coarse_relation_001,75,100,12751,12825,12701,12800,0.6667,stable,stable,dominant_stable,dominant_stable,0.0667,-0.0667,0.0000,persisted
electricity_hourly_coarse_relation_001,75,100,12826,12900,12801,12900,1.0000,stable,stable,dominant_stable,dominant_stable,0.0033,0.0000,-0.0033,persisted
electricity_hourly_coarse_relation_001,75,100,12901,12975,12901,13000,1.0000,stable,stable,dominant_stable,dominant_stable,0.0333,-0.0200,-0.0133,persisted
electricity_hourly_coarse_relation_001,75,100,12976,13050,13001,13100,0.6667,stable,stable,dominant_stable,dominant_stable,0.0533,-0.0400,-0.0133,persisted
electricity_hourly_coarse_relation_001,75,100,13051,13125,13001,13100,0.6667,stable,stable,dominant_stable,dominant_stable,0.0000,0.0000,0.0000,persisted
electricity_hourly_coarse_relation_001,75,100,13126,13200,13101,13200,1.0000,stable,stable,dominant_stable,dominant_stable,0.0067,-0.0067,0.0000,persisted
electricity_hourly_coarse_relation_001,75,100,13201,13275,13201,13300,1.0000,stable,stable,dominant_stable,dominant_stable,0.0000,0.0000,0.0000,persisted
electricity_hourly_coarse_relation_001,75,100,13276,13350,13301,13400,0.6667,stable,stable,dominant_stable,dominant_stable,0.0000,0.0000,0.0000,persisted
electricity_hourly_coarse_relation_001,75,100,13351,13425,13301,13400,0.6667,stable,stable,dominant_stable,dominant_stable,0.0000,0.0000,0.0000,persisted
electricity_hourly_coarse_relation_001,75,100,13426,13500,13401,13500,1.0000,stable,stable,dominant_stable,dominant_stable,0.0000,0.0000,0.0000,persisted
electricity_hourly_coarse_relation_001,75,100,13501,13575,13501,13600,1.0000,stable,stable,dominant_stable,dominant_stable,-0.0033,0.0033,0.0000,persisted
electricity_hourly_coarse_relation_001,75,100,13576,13650,13601,13700,0.6667,stable,stable,dominant_stable,dominant_stable,-0.0067,0.0200,-0.0133,persisted
electricity_hourly_coarse_relation_001,75,100,13651,13725,13601,13700,0.6667,stable,stable,dominant_stable,dominant_stable,0.0200,-0.0200,0.0000,persisted
electricity_hourly_coarse_relation_001,75,100,13726,13800,13701,13800,1.0000,stable,stable,dominant_stable,dominant_stable,-0.0033,0.0033,0.0000,persisted
electricity_hourly_coarse_relation_001,75,100,13801,13875,13801,13900,1.0000,stable,stable,dominant_stable,dominant_stable,0.0000,0.0000,0.0000,persisted
electricity_hourly_coarse_relation_001,75,100,13876,13950,13901,14000,0.6667,stable,stable,dominant_stable,dominant_stable,0.0033,0.0000,-0.0033,persisted
electricity_hourly_coarse_relation_001,75,100,13951,14025,13901,14000,0.6667,stable,stable,dominant_stable,dominant_stable,-0.0100,0.0000,0.0100,persisted
electricity_hourly_coarse_relation_001,75,100,14026,14100,14001,14100,1.0000,stable,stable,dominant_stable,dominant_stable,0.0100,-0.0100,0.0000,persisted
electricity_hourly_coarse_relation_001,75,100,14101,14175,14101,14200,1.0000,stable,stable,dominant_stable,dominant_stable,0.0400,-0.0400,0.0000,persisted
electricity_hourly_coarse_relation_001,75,100,14176,14250,14201,14300,0.6667,stable,stable,dominant_stable,dominant_stable,0.0167,-0.0267,0.0100,persisted
electricity_hourly_coarse_relation_001,75,100,14251,14325,14201,14300,0.6667,stable,stable,dominant_stable,dominant_stable,-0.0100,0.0000,0.0100,persisted
electricity_hourly_coarse_relation_001,75,100,14326,14400,14301,14400,1.0000,stable,stable,dominant_stable,dominant_stable,0.0000,0.0000,0.0000,persisted
electricity_hourly_coarse_relation_001,75,100,14401,14475,14401,14500,1.0000,stable,stable,dominant_stable,dominant_stable,-0.0067,0.0200,-0.0133,persisted
electricity_hourly_coarse_relation_001,75,100,14476,14550,14501,14600,0.6667,stable,stable,dominant_stable,dominant_stable,-0.0033,0.0033,0.0000,persisted
electricity_hourly_coarse_relation_001,75,100,14551,14625,14501,14600,0.6667,stable,stable,dominant_stable,dominant_stable,-0.0033,0.0033,0.0000,persisted
electricity_hourly_coarse_relation_001,75,100,14626,14700,14601,14700,1.0000,stable,stable,dominant_stable,dominant_stable,0.0033,0.0000,-0.0033,persisted
electricity_hourly_coarse_relation_001,75,100,14701,14775,14701,14800,1.0000,stable,stable,dominant_stable,dominant_stable,0.0067,-0.0067,0.0000,persisted
electricity_hourly_coarse_relation_001,75,100,14776,14850,14801,14900,0.6667,stable,stable,dominant_stable,dominant_stable,-0.0067,0.0200,-0.0133,persisted
electricity_hourly_coarse_relation_001,75,100,14851,14925,14801,14900,0.6667,stable,stable,dominant_stable,dominant_stable,0.0067,-0.0067,0.0000,persisted
electricity_hourly_coarse_relation_001,75,100,14926,15000,14901,15000,1.0000,stable,stable,dominant_stable,dominant_stable,-0.0067,0.0200,-0.0133,persisted
electricity_hourly_coarse_relation_001,75,100,15001,15075,15001,15100,1.0000,stable,stable,dominant_stable,dominant_stable,0.0067,-0.0067,0.0000,persisted
electricity_hourly_coarse_relation_001,75,100,15076,15150,15101,15200,0.6667,stable,stable,dominant_stable,dominant_stable,0.0033,0.0000,-0.0033,persisted
electricity_hourly_coarse_relation_001,75,100,15151,15225,15101,15200,0.6667,stable,stable,dominant_stable,dominant_stable,-0.0100,0.0000,0.0100,persisted
electricity_hourly_coarse_relation_001,75,100,15226,15300,15201,15300,1.0000,stable,stable,dominant_stable,dominant_stable,0.0100,-0.0100,0.0000,persisted
electricity_hourly_coarse_relation_001,75,100,15301,15375,15301,15400,1.0000,stable,stable,dominant_stable,dominant_stable,-0.0067,0.0200,-0.0133,persisted
electricity_hourly_coarse_relation_001,75,100,15376,15450,15401,15500,0.6667,stable,stable,dominant_stable,dominant_stable,0.0367,-0.0367,0.0000,persisted
electricity_hourly_coarse_relation_001,75,100,15451,15525,15401,15500,0.6667,stable,stable,dominant_stable,dominant_stable,0.0500,-0.0500,0.0000,persisted
electricity_hourly_coarse_relation_001,75,100,15526,15600,15501,15600,1.0000,stable,stable,dominant_stable,dominant_stable,0.0000,0.0000,0.0000,persisted
electricity_hourly_coarse_relation_001,75,100,15601,15675,15601,15700,1.0000,stable,stable,dominant_stable,dominant_stable,0.0800,-0.0800,0.0000,persisted
electricity_hourly_coarse_relation_001,75,100,15676,15750,15701,15800,0.6667,stable,stable,dominant_stable,dominant_stable,0.0800,-0.0800,0.0000,persisted
electricity_hourly_coarse_relation_001,75,100,15751,15825,15701,15800,0.6667,stable,stable,dominant_stable,dominant_stable,0.0800,-0.0800,0.0000,persisted
electricity_hourly_coarse_relation_001,75,100,15826,15900,15801,15900,1.0000,stable,stable,dominant_stable,dominant_stable,0.0400,-0.0400,0.0000,persisted
electricity_hourly_coarse_relation_001,75,100,15901,15975,15901,16000,1.0000,stable,stable,dominant_stable,dominant_stable,0.0800,-0.0800,0.0000,persisted
electricity_hourly_coarse_relation_001,75,100,15976,16050,16001,16100,0.6667,stable,stable,dominant_stable,dominant_stable,0.0433,-0.0533,0.0100,persisted
electricity_hourly_coarse_relation_001,75,100,16051,16125,16001,16100,0.6667,stable,stable,dominant_stable,dominant_stable,-0.0100,0.0000,0.0100,persisted
electricity_hourly_coarse_relation_001,75,100,16126,16200,16101,16200,1.0000,stable,stable,dominant_stable,dominant_stable,0.0467,-0.0467,0.0000,persisted
electricity_hourly_coarse_relation_001,75,100,16201,16275,16201,16300,1.0000,stable,stable,dominant_stable,dominant_stable,0.0500,-0.0500,0.0000,persisted
electricity_hourly_coarse_relation_001,75,100,16276,16350,16301,16400,0.6667,stable,stable,dominant_stable,dominant_stable,0.0233,-0.0100,-0.0133,persisted
electricity_hourly_coarse_relation_001,75,100,16351,16425,16301,16400,0.6667,stable,stable,dominant_stable,dominant_stable,-0.0033,0.0033,0.0000,persisted
electricity_hourly_coarse_relation_001,75,100,16426,16500,16401,16500,1.0000,stable,stable,dominant_stable,dominant_stable,0.0433,-0.0400,-0.0033,persisted
electricity_hourly_coarse_relation_001,75,100,16501,16575,16501,16600,1.0000,stable,stable,dominant_stable,dominant_stable,-0.0067,0.0200,-0.0133,persisted
electricity_hourly_coarse_relation_001,75,100,16576,16650,16601,16700,0.6667,stable,stable,dominant_stable,dominant_stable,0.0167,0.0000,-0.0167,persisted
electricity_hourly_coarse_relation_001,75,100,16651,16725,16601,16700,0.6667,stable,stable,dominant_stable,dominant_stable,-0.0100,0.0000,0.0100,persisted
electricity_hourly_coarse_relation_001,75,100,16726,16800,16701,16800,1.0000,stable,stable,dominant_stable,dominant_stable,0.0000,0.0000,0.0000,persisted
electricity_hourly_coarse_relation_001,75,100,16801,16875,16801,16900,1.0000,stable,stable,dominant_stable,dominant_stable,0.0033,0.0000,-0.0033,persisted
electricity_hourly_coarse_relation_001,75,100,16876,16950,16901,17000,0.6667,stable,stable,dominant_stable,dominant_stable,0.0133,0.0000,-0.0133,persisted
electricity_hourly_coarse_relation_001,75,100,16951,17025,16901,17000,0.6667,stable,stable,dominant_stable,dominant_stable,0.0400,-0.0400,0.0000,persisted
electricity_hourly_coarse_relation_001,75,100,17026,17100,17001,17100,1.0000,stable,stable,dominant_stable,dominant_stable,0.0100,-0.0067,-0.0033,persisted
electricity_hourly_coarse_relation_001,75,100,17101,17175,17101,17200,1.0000,stable,stable,dominant_stable,dominant_stable,0.0267,-0.0267,0.0000,persisted
electricity_hourly_coarse_relation_001,75,100,17176,17250,17201,17300,0.6667,stable,stable,dominant_stable,dominant_stable,0.0167,-0.0167,0.0000,persisted
electricity_hourly_coarse_relation_001,75,100,17251,17325,17201,17300,0.6667,stable,stable,dominant_stable,dominant_stable,-0.0100,0.0233,-0.0133,persisted
electricity_hourly_coarse_relation_001,75,100,17326,17400,17301,17400,1.0000,stable,stable,dominant_stable,dominant_stable,0.0000,0.0033,-0.0033,persisted
electricity_hourly_coarse_relation_001,75,100,17401,17475,17401,17500,1.0000,stable,stable,dominant_stable,dominant_stable,0.0100,-0.0100,0.0000,persisted
electricity_hourly_coarse_relation_001,75,100,17476,17550,17501,17600,0.6667,stable,stable,dominant_stable,dominant_stable,-0.0033,-0.0067,0.0100,persisted
electricity_hourly_coarse_relation_001,75,100,17551,17625,17501,17600,0.6667,stable,stable,dominant_stable,dominant_stable,-0.0033,0.0200,-0.0167,persisted
electricity_hourly_coarse_relation_001,75,100,17626,17700,17601,17700,1.0000,stable,stable,dominant_stable,dominant_stable,-0.0033,0.0033,0.0000,persisted
electricity_hourly_coarse_relation_001,75,100,17701,17775,17701,17800,1.0000,stable,stable,dominant_stable,dominant_stable,0.0033,0.0000,-0.0033,persisted
electricity_hourly_coarse_relation_001,75,100,17776,17850,17801,17900,0.6667,stable,stable,dominant_stable,dominant_stable,-0.0067,0.0200,-0.0133,persisted
electricity_hourly_coarse_relation_001,75,100,17851,17925,17801,17900,0.6667,stable,stable,dominant_stable,dominant_stable,-0.0067,0.0200,-0.0133,persisted
electricity_hourly_coarse_relation_001,75,100,17926,18000,17901,18000,1.0000,stable,stable,dominant_stable,dominant_stable,0.0033,0.0000,-0.0033,persisted
electricity_hourly_coarse_relation_001,75,100,18001,18075,18001,18100,1.0000,stable,stable,dominant_stable,dominant_stable,0.0033,0.0000,-0.0033,persisted
electricity_hourly_coarse_relation_001,75,100,18076,18150,18101,18200,0.6667,stable,stable,dominant_stable,dominant_stable,0.0033,0.0000,-0.0033,persisted
electricity_hourly_coarse_relation_001,75,100,18151,18225,18101,18200,0.6667,stable,stable,dominant_stable,dominant_stable,-0.0100,0.0000,0.0100,persisted
electricity_hourly_coarse_relation_001,75,100,18226,18300,18201,18300,1.0000,stable,stable,dominant_stable,dominant_stable,0.0033,0.0000,-0.0033,persisted
electricity_hourly_coarse_relation_001,75,100,18301,18375,18301,18400,1.0000,stable,stable,dominant_stable,dominant_stable,0.0000,0.0000,0.0000,persisted
electricity_hourly_coarse_relation_001,75,100,18376,18450,18401,18500,0.6667,stable,stable,dominant_stable,dominant_stable,-0.0200,0.0200,0.0000,persisted
electricity_hourly_coarse_relation_001,75,100,18451,18525,18401,18500,0.6667,stable,stable,dominant_stable,dominant_stable,0.0067,-0.0067,0.0000,persisted
electricity_hourly_coarse_relation_001,75,100,18526,18600,18501,18600,1.0000,stable,stable,dominant_stable,dominant_stable,0.0033,0.0000,-0.0033,persisted
electricity_hourly_coarse_relation_001,75,100,18601,18675,18601,18700,1.0000,stable,stable,dominant_stable,dominant_stable,0.0100,-0.0100,0.0000,persisted
electricity_hourly_coarse_relation_001,75,100,18676,18750,18701,18800,0.6667,stable,stable,dominant_stable,dominant_stable,0.0000,0.0000,0.0000,persisted
electricity_hourly_coarse_relation_001,75,100,18751,18825,18701,18800,0.6667,stable,stable,dominant_stable,dominant_stable,0.0000,0.0000,0.0000,persisted
electricity_hourly_coarse_relation_001,75,100,18826,18900,18801,18900,1.0000,stable,stable,dominant_stable,dominant_stable,0.0000,0.0000,0.0000,persisted
electricity_hourly_coarse_relation_001,75,100,18901,18975,18901,19000,1.0000,stable,stable,dominant_stable,dominant_stable,-0.0067,0.0200,-0.0133,persisted
electricity_hourly_coarse_relation_001,75,100,18976,19050,19001,19100,0.6667,stable,stable,dominant_stable,dominant_stable,-0.0067,0.0200,-0.0133,persisted
electricity_hourly_coarse_relation_001,75,100,19051,19125,19001,19100,0.6667,stable,stable,dominant_stable,dominant_stable,0.0067,-0.0067,0.0000,persisted
electricity_hourly_coarse_relation_001,75,100,19126,19200,19101,19200,1.0000,stable,stable,dominant_stable,dominant_stable,0.0033,0.0000,-0.0033,persisted
electricity_hourly_coarse_relation_001,75,100,19201,19275,19201,19300,1.0000,stable,stable,dominant_stable,dominant_stable,0.0000,0.0000,0.0000,persisted
electricity_hourly_coarse_relation_001,75,100,19276,19350,19301,19400,0.6667,stable,stable,dominant_stable,dominant_stable,0.0033,-0.0033,0.0000,persisted
electricity_hourly_coarse_relation_001,75,100,19351,19425,19301,19400,0.6667,stable,stable,dominant_stable,dominant_stable,-0.0367,0.0500,-0.0133,persisted
electricity_hourly_coarse_relation_001,75,100,19426,19500,19401,19500,1.0000,stable,stable,dominant_stable,dominant_stable,0.0033,0.0000,-0.0033,persisted
electricity_hourly_coarse_relation_001,75,100,19501,19575,19501,19600,1.0000,stable,stable,dominant_stable,dominant_stable,0.0000,0.0000,0.0000,persisted
electricity_hourly_coarse_relation_001,75,100,19576,19650,19601,19700,0.6667,stable,stable,dominant_stable,dominant_stable,0.0000,0.0000,0.0000,persisted
electricity_hourly_coarse_relation_001,75,100,19651,19725,19601,19700,0.6667,stable,stable,dominant_stable,dominant_stable,0.0000,0.0000,0.0000,persisted
electricity_hourly_coarse_relation_001,75,100,19726,19800,19701,19800,1.0000,stable,stable,dominant_stable,dominant_stable,0.0000,0.0000,0.0000,persisted
electricity_hourly_coarse_relation_001,75,100,19801,19875,19801,19900,1.0000,stable,stable,dominant_stable,dominant_stable,-0.0133,0.0033,0.0100,persisted
electricity_hourly_coarse_relation_001,75,100,19876,19950,19901,20000,0.6667,stable,stable,dominant_stable,dominant_stable,0.0067,-0.0067,0.0000,persisted
electricity_hourly_coarse_relation_001,75,100,19951,20025,19901,20000,0.6667,stable,stable,dominant_stable,dominant_stable,0.0333,-0.0333,0.0000,persisted
electricity_hourly_coarse_relation_001,75,100,20026,20100,20001,20100,1.0000,stable,stable,dominant_stable,dominant_stable,0.0400,-0.0400,0.0000,persisted
electricity_hourly_coarse_relation_001,75,100,20101,20175,20101,20200,1.0000,stable,stable,dominant_stable,dominant_stable,0.0067,-0.0067,0.0000,persisted
electricity_hourly_coarse_relation_001,75,100,20176,20250,20201,20300,0.6667,stable,stable,dominant_stable,dominant_stable,0.0400,-0.0400,0.0000,persisted
electricity_hourly_coarse_relation_001,75,100,20251,20325,20201,20300,0.6667,stable,stable,dominant_stable,dominant_stable,0.0000,0.0000,0.0000,persisted
electricity_hourly_coarse_relation_001,75,100,20326,20400,20301,20400,1.0000,stable,stable,dominant_stable,dominant_stable,0.0300,-0.0267,-0.0033,persisted
electricity_hourly_coarse_relation_001,75,100,20401,20475,20401,20500,1.0000,stable,stable,dominant_stable,dominant_stable,0.0800,-0.0800,0.0000,persisted
electricity_hourly_coarse_relation_001,75,100,20476,20550,20501,20600,0.6667,stable,stable,dominant_stable,dominant_stable,0.0367,-0.0367,0.0000,persisted
electricity_hourly_coarse_relation_001,75,100,20551,20625,20501,20600,0.6667,stable,stable,dominant_stable,dominant_stable,0.0500,-0.0500,0.0000,persisted
electricity_hourly_coarse_relation_001,75,100,20626,20700,20601,20700,1.0000,stable,stable,dominant_stable,dominant_stable,0.0000,0.0000,0.0000,persisted
electricity_hourly_coarse_relation_001,75,100,20701,20775,20701,20800,1.0000,stable,stable,dominant_stable,dominant_stable,-0.0033,0.0033,0.0000,persisted
electricity_hourly_coarse_relation_001,75,100,20776,20850,20801,20900,0.6667,stable,stable,dominant_stable,dominant_stable,0.0600,-0.0600,0.0000,persisted
electricity_hourly_coarse_relation_001,75,100,20851,20925,20801,20900,0.6667,stable,stable,dominant_stable,dominant_stable,0.0200,-0.0200,0.0000,persisted
electricity_hourly_coarse_relation_001,75,100,20926,21000,20901,21000,1.0000,stable,stable,dominant_stable,dominant_stable,0.0400,-0.0400,0.0000,persisted
electricity_hourly_coarse_relation_001,75,100,21001,21075,21001,21100,1.0000,stable,stable,dominant_stable,dominant_stable,0.0800,-0.0800,0.0000,persisted
electricity_hourly_coarse_relation_001,75,100,21076,21150,21101,21200,0.6667,stable,stable,dominant_stable,dominant_stable,0.0733,-0.0600,-0.0133,persisted
electricity_hourly_coarse_relation_001,75,100,21151,21225,21101,21200,0.6667,stable,stable,dominant_stable,dominant_stable,0.0333,-0.0200,-0.0133,persisted
electricity_hourly_coarse_relation_001,75,100,21226,21300,21201,21300,1.0000,stable,stable,dominant_stable,dominant_stable,0.0033,0.0000,-0.0033,persisted
electricity_hourly_coarse_relation_001,75,100,21301,21375,21301,21400,1.0000,stable,stable,dominant_stable,dominant_stable,0.1200,-0.1200,0.0000,persisted
electricity_hourly_coarse_relation_001,75,100,21376,21450,21401,21500,0.6667,stable,stable,dominant_stable,dominant_stable,0.0800,-0.0800,0.0000,persisted
electricity_hourly_coarse_relation_001,75,100,21451,21525,21401,21500,0.6667,stable,stable,dominant_stable,dominant_stable,0.0267,-0.0267,0.0000,persisted
electricity_hourly_coarse_relation_001,75,100,21526,21600,21501,21600,1.0000,stable,stable,dominant_stable,dominant_stable,0.0100,-0.0100,0.0000,persisted
electricity_hourly_coarse_relation_001,75,100,21601,21675,21601,21700,1.0000,stable,stable,dominant_stable,dominant_stable,0.0467,-0.0467,0.0000,persisted
electricity_hourly_coarse_relation_001,75,100,21676,21750,21701,21800,0.6667,stable,stable,dominant_stable,dominant_stable,0.0400,-0.0400,0.0000,persisted
electricity_hourly_coarse_relation_001,75,100,21751,21825,21701,21800,0.6667,stable,stable,dominant_stable,dominant_stable,0.0000,0.0000,0.0000,persisted
electricity_hourly_coarse_relation_001,75,100,21826,21900,21801,21900,1.0000,stable,stable,dominant_stable,dominant_stable,0.0033,0.0000,-0.0033,persisted
electricity_hourly_coarse_relation_001,75,100,21901,21975,21901,22000,1.0000,stable,stable,dominant_stable,dominant_stable,0.0400,-0.0400,0.0000,persisted
electricity_hourly_coarse_relation_001,75,100,21976,22050,22001,22100,0.6667,stable,stable,dominant_stable,dominant_stable,-0.0067,0.0200,-0.0133,persisted
electricity_hourly_coarse_relation_001,75,100,22051,22125,22001,22100,0.6667,stable,stable,dominant_stable,dominant_stable,-0.0067,0.0200,-0.0133,persisted
electricity_hourly_coarse_relation_001,75,100,22126,22200,22101,22200,1.0000,stable,stable,dominant_stable,dominant_stable,0.0033,0.0000,-0.0033,persisted
electricity_hourly_coarse_relation_001,75,100,22201,22275,22201,22300,1.0000,stable,stable,dominant_stable,dominant_stable,0.0000,0.0000,0.0000,persisted
electricity_hourly_coarse_relation_001,75,100,22276,22350,22301,22400,0.6667,stable,stable,dominant_stable,dominant_stable,0.0000,0.0000,0.0000,persisted
electricity_hourly_coarse_relation_001,75,100,22351,22425,22301,22400,0.6667,stable,stable,dominant_stable,dominant_stable,0.0000,0.0000,0.0000,persisted
electricity_hourly_coarse_relation_001,75,100,22426,22500,22401,22500,1.0000,stable,stable,dominant_stable,dominant_stable,0.0000,0.0000,0.0000,persisted
electricity_hourly_coarse_relation_001,75,100,22501,22575,22501,22600,1.0000,stable,stable,dominant_stable,dominant_stable,0.0033,0.0000,-0.0033,persisted
electricity_hourly_coarse_relation_001,75,100,22576,22650,22601,22700,0.6667,stable,stable,dominant_stable,dominant_stable,0.0000,0.0000,0.0000,persisted
electricity_hourly_coarse_relation_001,75,100,22651,22725,22601,22700,0.6667,stable,stable,dominant_stable,dominant_stable,0.0000,0.0000,0.0000,persisted
electricity_hourly_coarse_relation_001,75,100,22726,22800,22701,22800,1.0000,stable,stable,dominant_stable,dominant_stable,0.0000,0.0000,0.0000,persisted
electricity_hourly_coarse_relation_001,75,100,22801,22875,22801,22900,1.0000,stable,stable,dominant_stable,dominant_stable,0.0033,0.0000,-0.0033,persisted
electricity_hourly_coarse_relation_001,75,100,22876,22950,22901,23000,0.6667,stable,stable,dominant_stable,dominant_stable,0.0000,0.0000,0.0000,persisted
electricity_hourly_coarse_relation_001,75,100,22951,23025,22901,23000,0.6667,stable,stable,dominant_stable,dominant_stable,0.0000,0.0000,0.0000,persisted
electricity_hourly_coarse_relation_001,75,100,23026,23100,23001,23100,1.0000,stable,stable,dominant_stable,dominant_stable,0.0000,0.0000,0.0000,persisted
electricity_hourly_coarse_relation_001,75,100,23101,23175,23101,23200,1.0000,stable,stable,dominant_stable,dominant_stable,0.0000,0.0000,0.0000,persisted
electricity_hourly_coarse_relation_001,75,100,23176,23250,23201,23300,0.6667,stable,stable,dominant_stable,dominant_stable,-0.0100,0.0000,0.0100,persisted
electricity_hourly_coarse_relation_001,75,100,23251,23325,23201,23300,0.6667,stable,stable,dominant_stable,dominant_stable,0.0033,0.0000,-0.0033,persisted
electricity_hourly_coarse_relation_001,75,100,23326,23400,23301,23400,1.0000,stable,stable,dominant_stable,dominant_stable,0.0000,0.0000,0.0000,persisted
electricity_hourly_coarse_relation_001,75,100,23401,23475,23401,23500,1.0000,stable,stable,dominant_stable,dominant_stable,0.0000,0.0000,0.0000,persisted
electricity_hourly_coarse_relation_001,75,100,23476,23550,23501,23600,0.6667,stable,stable,dominant_stable,dominant_stable,0.0000,0.0000,0.0000,persisted
electricity_hourly_coarse_relation_001,75,100,23551,23625,23501,23600,0.6667,stable,stable,dominant_stable,dominant_stable,0.0000,0.0000,0.0000,persisted
electricity_hourly_coarse_relation_001,75,100,23626,23700,23601,23700,1.0000,stable,stable,dominant_stable,dominant_stable,0.0000,0.0000,0.0000,persisted
electricity_hourly_coarse_relation_001,75,100,23701,23775,23701,23800,1.0000,stable,stable,dominant_stable,dominant_stable,0.0400,-0.0400,0.0000,persisted
electricity_hourly_coarse_relation_001,75,100,23776,23850,23801,23900,0.6667,stable,stable,dominant_stable,dominant_stable,0.0400,-0.0400,0.0000,persisted
electricity_hourly_coarse_relation_001,75,100,23851,23925,23801,23900,0.6667,stable,stable,dominant_stable,dominant_stable,0.0533,-0.0400,-0.0133,persisted
electricity_hourly_coarse_relation_001,75,100,23926,24000,23901,24000,1.0000,stable,stable,dominant_stable,dominant_stable,0.0800,-0.0800,0.0000,persisted
electricity_hourly_coarse_relation_001,75,100,24001,24075,24001,24100,1.0000,stable,stable,dominant_stable,dominant_stable,0.0367,-0.0367,0.0000,persisted
electricity_hourly_coarse_relation_001,75,100,24076,24150,24101,24200,0.6667,stable,stable,dominant_stable,dominant_stable,0.0100,-0.0100,0.0000,persisted
electricity_hourly_coarse_relation_001,75,100,24151,24225,24101,24200,0.6667,stable,stable,dominant_stable,dominant_stable,0.0367,-0.0367,0.0000,persisted
electricity_hourly_coarse_relation_001,75,100,24226,24300,24201,24300,1.0000,stable,stable,dominant_stable,dominant_stable,0.0367,-0.0367,0.0000,persisted
electricity_hourly_coarse_relation_001,75,100,24301,24375,24301,24400,1.0000,stable,stable,dominant_stable,dominant_stable,0.1200,-0.1200,0.0000,persisted
electricity_hourly_coarse_relation_001,75,100,24376,24450,24401,24500,0.6667,stable,stable,dominant_stable,dominant_stable,0.0667,-0.0667,0.0000,persisted
electricity_hourly_coarse_relation_001,75,100,24451,24525,24401,24500,0.6667,stable,stable,dominant_stable,dominant_stable,0.0000,0.0000,0.0000,persisted
electricity_hourly_coarse_relation_001,75,100,24526,24600,24501,24600,1.0000,stable,stable,dominant_stable,dominant_stable,-0.0033,0.0033,0.0000,persisted
electricity_hourly_coarse_relation_001,75,100,24601,24675,24601,24700,1.0000,stable,stable,dominant_stable,dominant_stable,0.0367,-0.0367,0.0000,persisted
electricity_hourly_coarse_relation_001,75,100,24676,24750,24701,24800,0.6667,stable,stable,dominant_stable,dominant_stable,0.0800,-0.0800,0.0000,persisted
electricity_hourly_coarse_relation_001,75,100,24751,24825,24701,24800,0.6667,stable,stable,dominant_stable,dominant_stable,0.0800,-0.0800,0.0000,persisted
electricity_hourly_coarse_relation_001,75,100,24826,24900,24801,24900,1.0000,stable,stable,dominant_stable,dominant_stable,-0.0033,0.0033,0.0000,persisted
electricity_hourly_coarse_relation_001,75,100,24901,24975,24901,25000,1.0000,stable,stable,dominant_stable,dominant_stable,-0.0033,0.0200,-0.0167,persisted
electricity_hourly_coarse_relation_001,75,100,24976,25050,25001,25100,0.6667,stable,stable,dominant_stable,dominant_stable,-0.0033,-0.0067,0.0100,persisted
electricity_hourly_coarse_relation_001,75,100,25051,25125,25001,25100,0.6667,stable,stable,dominant_stable,dominant_stable,0.0100,-0.0067,-0.0033,persisted
electricity_hourly_coarse_relation_001,75,100,25126,25200,25101,25200,1.0000,stable,stable,dominant_stable,dominant_stable,0.0800,-0.0800,0.0000,persisted
electricity_hourly_coarse_relation_001,75,100,25201,25275,25201,25300,1.0000,stable,stable,dominant_stable,dominant_stable,-0.0067,0.0200,-0.0133,persisted
electricity_hourly_coarse_relation_001,75,100,25276,25350,25301,25400,0.6667,stable,stable,dominant_stable,dominant_stable,0.0733,-0.0600,-0.0133,persisted
electricity_hourly_coarse_relation_001,75,100,25351,25425,25301,25400,0.6667,stable,stable,dominant_stable,dominant_stable,0.0333,-0.0200,-0.0133,persisted
electricity_hourly_coarse_relation_001,75,100,25426,25500,25401,25500,1.0000,stable,stable,dominant_stable,dominant_stable,-0.0067,0.0200,-0.0133,persisted
electricity_hourly_coarse_relation_001,75,100,25501,25575,25501,25600,1.0000,stable,stable,dominant_stable,dominant_stable,0.0033,0.0000,-0.0033,persisted
electricity_hourly_coarse_relation_001,75,100,25576,25650,25601,25700,0.6667,stable,stable,dominant_stable,dominant_stable,0.0000,0.0000,0.0000,persisted
electricity_hourly_coarse_relation_001,75,100,25651,25725,25601,25700,0.6667,stable,stable,dominant_stable,dominant_stable,0.0000,0.0000,0.0000,persisted
electricity_hourly_coarse_relation_001,75,100,25726,25800,25701,25800,1.0000,stable,stable,dominant_stable,dominant_stable,0.0000,0.0000,0.0000,persisted
electricity_hourly_coarse_relation_001,75,100,25801,25875,25801,25900,1.0000,stable,stable,dominant_stable,dominant_stable,0.0000,0.0000,0.0000,persisted
electricity_hourly_coarse_relation_001,75,100,25876,25950,25901,26000,0.6667,stable,stable,dominant_stable,dominant_stable,0.0033,0.0000,-0.0033,persisted
electricity_hourly_coarse_relation_001,75,100,25951,26025,25901,26000,0.6667,stable,stable,dominant_stable,dominant_stable,-0.0100,0.0000,0.0100,persisted
electricity_hourly_coarse_relation_001,75,100,26026,26100,26001,26100,1.0000,stable,stable,dominant_stable,dominant_stable,0.0033,0.0000,-0.0033,persisted
electricity_hourly_coarse_relation_001,75,100,26101,26175,26101,26200,1.0000,stable,stable,dominant_stable,dominant_stable,0.0033,0.0000,-0.0033,persisted
electricity_hourly_coarse_relation_001,75,100,26176,26250,26201,26300,0.6667,stable,stable,dominant_stable,dominant_stable,0.0000,0.0000,0.0000,persisted
electricity_hourly_coarse_relation_001,75,100,26251,26304,26301,26304,1.0000,stable,middle,dominant_stable,dominant_middle,-1.0000,0.7500,0.2500,fragmented
electricity_hourly_coarse_relation_001,100,125,1,100,1,125,1.0000,stable,stable,dominant_stable,dominant_stable,0.0000,0.0000,0.0000,persisted
electricity_hourly_coarse_relation_001,100,125,101,200,126,250,0.7500,stable,stable,dominant_stable,dominant_stable,0.0000,0.0000,0.0000,persisted
electricity_hourly_coarse_relation_001,100,125,201,300,126,250,0.5000,stable,stable,dominant_stable,dominant_stable,0.0300,-0.0300,0.0000,persisted
electricity_hourly_coarse_relation_001,100,125,301,400,251,375,0.7500,stable,stable,dominant_stable,dominant_stable,0.0300,-0.0300,0.0000,persisted
electricity_hourly_coarse_relation_001,100,125,401,500,376,500,1.0000,stable,stable,dominant_stable,dominant_stable,0.0000,0.0000,0.0000,persisted
electricity_hourly_coarse_relation_001,100,125,501,600,501,625,1.0000,stable,stable,dominant_stable,dominant_stable,0.0300,-0.0300,0.0000,persisted
electricity_hourly_coarse_relation_001,100,125,601,700,626,750,0.7500,stable,stable,dominant_stable,dominant_stable,-0.0040,0.0040,0.0000,persisted
electricity_hourly_coarse_relation_001,100,125,701,800,626,750,0.5000,stable,stable,dominant_stable,dominant_stable,-0.0240,0.0240,0.0000,persisted
electricity_hourly_coarse_relation_001,100,125,801,900,751,875,0.7500,stable,stable,dominant_stable,dominant_stable,-0.0060,0.0160,-0.0100,persisted
electricity_hourly_coarse_relation_001,100,125,901,1000,876,1000,1.0000,stable,stable,dominant_stable,dominant_stable,0.0500,-0.0500,0.0000,persisted
electricity_hourly_coarse_relation_001,100,125,1001,1100,1001,1125,1.0000,stable,stable,dominant_stable,dominant_stable,0.0300,-0.0300,0.0000,persisted
electricity_hourly_coarse_relation_001,100,125,1101,1200,1126,1250,0.7500,stable,stable,dominant_stable,dominant_stable,0.0020,0.0000,-0.0020,persisted
electricity_hourly_coarse_relation_001,100,125,1201,1300,1126,1250,0.5000,stable,stable,dominant_stable,dominant_stable,0.0220,-0.0300,0.0080,persisted
electricity_hourly_coarse_relation_001,100,125,1301,1400,1251,1375,0.7500,stable,stable,dominant_stable,dominant_stable,-0.0040,0.0040,0.0000,persisted
electricity_hourly_coarse_relation_001,100,125,1401,1500,1376,1500,1.0000,stable,stable,dominant_stable,dominant_stable,0.0000,0.0000,0.0000,persisted
electricity_hourly_coarse_relation_001,100,125,1501,1600,1501,1625,1.0000,stable,stable,dominant_stable,dominant_stable,-0.0080,0.0080,0.0000,persisted
electricity_hourly_coarse_relation_001,100,125,1601,1700,1626,1750,0.7500,stable,stable,dominant_stable,dominant_stable,0.0060,-0.0060,0.0000,persisted
electricity_hourly_coarse_relation_001,100,125,1701,1800,1626,1750,0.5000,stable,stable,dominant_stable,dominant_stable,0.0060,-0.0060,0.0000,persisted
electricity_hourly_coarse_relation_001,100,125,1801,1900,1751,1875,0.7500,stable,stable,dominant_stable,dominant_stable,0.0400,-0.0300,-0.0100,persisted
electricity_hourly_coarse_relation_001,100,125,1901,2000,1876,2000,1.0000,stable,stable,dominant_stable,dominant_stable,0.0080,-0.0060,-0.0020,persisted
electricity_hourly_coarse_relation_001,100,125,2001,2100,2001,2125,1.0000,stable,stable,dominant_stable,dominant_stable,0.0000,0.0000,0.0000,persisted
electricity_hourly_coarse_relation_001,100,125,2101,2200,2126,2250,0.7500,stable,stable,dominant_stable,dominant_stable,0.0000,0.0000,0.0000,persisted
electricity_hourly_coarse_relation_001,100,125,2201,2300,2126,2250,0.5000,stable,stable,dominant_stable,dominant_stable,0.0600,-0.0600,0.0000,persisted
electricity_hourly_coarse_relation_001,100,125,2301,2400,2251,2375,0.7500,stable,stable,dominant_stable,dominant_stable,0.0040,-0.0040,0.0000,persisted
electricity_hourly_coarse_relation_001,100,125,2401,2500,2376,2500,1.0000,stable,stable,dominant_stable,dominant_stable,0.0240,-0.0140,-0.0100,persisted
electricity_hourly_coarse_relation_001,100,125,2501,2600,2501,2625,1.0000,stable,stable,dominant_stable,dominant_stable,-0.0040,0.0160,-0.0120,persisted
electricity_hourly_coarse_relation_001,100,125,2601,2700,2626,2750,0.7500,stable,stable,dominant_stable,dominant_stable,-0.0040,0.0040,0.0000,persisted
electricity_hourly_coarse_relation_001,100,125,2701,2800,2626,2750,0.5000,stable,stable,dominant_stable,dominant_stable,0.0260,-0.0260,0.0000,persisted
electricity_hourly_coarse_relation_001,100,125,2801,2900,2751,2875,0.7500,stable,stable,dominant_stable,dominant_stable,0.0360,-0.0360,0.0000,persisted
electricity_hourly_coarse_relation_001,100,125,2901,3000,2876,3000,1.0000,stable,stable,dominant_stable,dominant_stable,-0.0040,0.0040,0.0000,persisted
electricity_hourly_coarse_relation_001,100,125,3001,3100,3001,3125,1.0000,stable,stable,dominant_stable,dominant_stable,0.0300,-0.0300,0.0000,persisted
electricity_hourly_coarse_relation_001,100,125,3101,3200,3126,3250,0.7500,stable,stable,dominant_stable,dominant_stable,0.0000,0.0000,0.0000,persisted
electricity_hourly_coarse_relation_001,100,125,3201,3300,3126,3250,0.5000,stable,stable,dominant_stable,dominant_stable,0.0300,-0.0300,0.0000,persisted
electricity_hourly_coarse_relation_001,100,125,3301,3400,3251,3375,0.7500,stable,stable,dominant_stable,dominant_stable,0.0000,0.0000,0.0000,persisted
electricity_hourly_coarse_relation_001,100,125,3401,3500,3376,3500,1.0000,stable,stable,dominant_stable,dominant_stable,0.0300,-0.0300,0.0000,persisted
electricity_hourly_coarse_relation_001,100,125,3501,3600,3501,3625,1.0000,stable,stable,dominant_stable,dominant_stable,0.0300,-0.0300,0.0000,persisted
electricity_hourly_coarse_relation_001,100,125,3601,3700,3626,3750,0.7500,stable,stable,dominant_stable,dominant_stable,0.0060,-0.0060,0.0000,persisted
electricity_hourly_coarse_relation_001,100,125,3701,3800,3626,3750,0.5000,stable,stable,dominant_stable,dominant_stable,-0.0140,0.0240,-0.0100,persisted
electricity_hourly_coarse_relation_001,100,125,3801,3900,3751,3875,0.7500,stable,stable,dominant_stable,dominant_stable,0.0020,0.0000,-0.0020,persisted
electricity_hourly_coarse_relation_001,100,125,3901,4000,3876,4000,1.0000,stable,stable,dominant_stable,dominant_stable,0.0060,-0.0060,0.0000,persisted
electricity_hourly_coarse_relation_001,100,125,4001,4100,4001,4125,1.0000,stable,stable,dominant_stable,dominant_stable,-0.0080,0.0000,0.0080,persisted
electricity_hourly_coarse_relation_001,100,125,4101,4200,4126,4250,0.7500,stable,stable,dominant_stable,dominant_stable,0.0200,-0.0200,0.0000,persisted
electricity_hourly_coarse_relation_001,100,125,4201,4300,4126,4250,0.5000,stable,stable,dominant_stable,dominant_stable,0.0000,0.0000,0.0000,persisted
electricity_hourly_coarse_relation_001,100,125,4301,4400,4251,4375,0.7500,stable,stable,dominant_stable,dominant_stable,0.0200,-0.0200,0.0000,persisted
electricity_hourly_coarse_relation_001,100,125,4401,4500,4376,4500,1.0000,stable,stable,dominant_stable,dominant_stable,0.0020,0.0000,-0.0020,persisted
electricity_hourly_coarse_relation_001,100,125,4501,4600,4501,4625,1.0000,stable,stable,dominant_stable,dominant_stable,0.0020,0.0000,-0.0020,persisted
electricity_hourly_coarse_relation_001,100,125,4601,4700,4626,4750,0.7500,stable,stable,dominant_stable,dominant_stable,-0.0040,0.0040,0.0000,persisted
electricity_hourly_coarse_relation_001,100,125,4701,4800,4626,4750,0.5000,stable,stable,dominant_stable,dominant_stable,0.0060,-0.0060,0.0000,persisted
electricity_hourly_coarse_relation_001,100,125,4801,4900,4751,4875,0.7500,stable,stable,dominant_stable,dominant_stable,-0.0140,0.0240,-0.0100,persisted
electricity_hourly_coarse_relation_001,100,125,4901,5000,4876,5000,1.0000,stable,stable,dominant_stable,dominant_stable,0.0040,-0.0040,0.0000,persisted
electricity_hourly_coarse_relation_001,100,125,5001,5100,5001,5125,1.0000,stable,stable,dominant_stable,dominant_stable,0.0020,0.0000,-0.0020,persisted
electricity_hourly_coarse_relation_001,100,125,5101,5200,5126,5250,0.7500,stable,stable,dominant_stable,dominant_stable,0.0000,0.0000,0.0000,persisted
electricity_hourly_coarse_relation_001,100,125,5201,5300,5126,5250,0.5000,stable,stable,dominant_stable,dominant_stable,0.0000,0.0000,0.0000,persisted
electricity_hourly_coarse_relation_001,100,125,5301,5400,5251,5375,0.7500,stable,stable,dominant_stable,dominant_stable,0.0020,0.0000,-0.0020,persisted
electricity_hourly_coarse_relation_001,100,125,5401,5500,5376,5500,1.0000,stable,stable,dominant_stable,dominant_stable,0.0000,0.0000,0.0000,persisted
electricity_hourly_coarse_relation_001,100,125,5501,5600,5501,5625,1.0000,stable,stable,dominant_stable,dominant_stable,0.0000,0.0000,0.0000,persisted
electricity_hourly_coarse_relation_001,100,125,5601,5700,5626,5750,0.7500,stable,stable,dominant_stable,dominant_stable,0.0000,0.0000,0.0000,persisted
electricity_hourly_coarse_relation_001,100,125,5701,5800,5626,5750,0.5000,stable,stable,dominant_stable,dominant_stable,0.0100,0.0000,-0.0100,persisted
electricity_hourly_coarse_relation_001,100,125,5801,5900,5751,5875,0.7500,stable,stable,dominant_stable,dominant_stable,-0.0080,0.0000,0.0080,persisted
electricity_hourly_coarse_relation_001,100,125,5901,6000,5876,6000,1.0000,stable,stable,dominant_stable,dominant_stable,0.0040,-0.0040,0.0000,persisted
electricity_hourly_coarse_relation_001,100,125,6001,6100,6001,6125,1.0000,stable,stable,dominant_stable,dominant_stable,0.0000,0.0000,0.0000,persisted
electricity_hourly_coarse_relation_001,100,125,6101,6200,6126,6250,0.7500,stable,stable,dominant_stable,dominant_stable,0.0020,0.0000,-0.0020,persisted
electricity_hourly_coarse_relation_001,100,125,6201,6300,6126,6250,0.5000,stable,stable,dominant_stable,dominant_stable,0.0120,-0.0200,0.0080,persisted
electricity_hourly_coarse_relation_001,100,125,6301,6400,6251,6375,0.7500,stable,stable,dominant_stable,dominant_stable,0.0300,-0.0300,0.0000,persisted
electricity_hourly_coarse_relation_001,100,125,6401,6500,6376,6500,1.0000,stable,stable,dominant_stable,dominant_stable,-0.0040,0.0040,0.0000,persisted
electricity_hourly_coarse_relation_001,100,125,6501,6600,6501,6625,1.0000,stable,stable,dominant_stable,dominant_stable,0.0300,-0.0300,0.0000,persisted
electricity_hourly_coarse_relation_001,100,125,6601,6700,6626,6750,0.7500,stable,stable,dominant_stable,dominant_stable,0.0000,0.0000,0.0000,persisted
electricity_hourly_coarse_relation_001,100,125,6701,6800,6626,6750,0.5000,stable,stable,dominant_stable,dominant_stable,0.0000,0.0000,0.0000,persisted
electricity_hourly_coarse_relation_001,100,125,6801,6900,6751,6875,0.7500,stable,stable,dominant_stable,dominant_stable,0.0000,0.0000,0.0000,persisted
electricity_hourly_coarse_relation_001,100,125,6901,7000,6876,7000,1.0000,stable,stable,dominant_stable,dominant_stable,0.0000,0.0000,0.0000,persisted
electricity_hourly_coarse_relation_001,100,125,7001,7100,7001,7125,1.0000,stable,stable,dominant_stable,dominant_stable,0.0300,-0.0300,0.0000,persisted
electricity_hourly_coarse_relation_001,100,125,7101,7200,7126,7250,0.7500,stable,stable,dominant_stable,dominant_stable,0.0000,0.0000,0.0000,persisted
electricity_hourly_coarse_relation_001,100,125,7201,7300,7126,7250,0.5000,stable,stable,dominant_stable,dominant_stable,0.0300,-0.0300,0.0000,persisted
electricity_hourly_coarse_relation_001,100,125,7301,7400,7251,7375,0.7500,stable,stable,dominant_stable,dominant_stable,0.0000,0.0000,0.0000,persisted
electricity_hourly_coarse_relation_001,100,125,7401,7500,7376,7500,1.0000,stable,stable,dominant_stable,dominant_stable,0.0000,0.0000,0.0000,persisted
electricity_hourly_coarse_relation_001,100,125,7501,7600,7501,7625,1.0000,stable,stable,dominant_stable,dominant_stable,0.0060,-0.0060,0.0000,persisted
electricity_hourly_coarse_relation_001,100,125,7601,7700,7626,7750,0.7500,stable,stable,dominant_stable,dominant_stable,0.0200,-0.0200,0.0000,persisted
electricity_hourly_coarse_relation_001,100,125,7701,7800,7626,7750,0.5000,stable,stable,dominant_stable,dominant_stable,0.0000,0.0000,0.0000,persisted
electricity_hourly_coarse_relation_001,100,125,7801,7900,7751,7875,0.7500,stable,stable,dominant_stable,dominant_stable,0.0000,0.0100,-0.0100,persisted
electricity_hourly_coarse_relation_001,100,125,7901,8000,7876,8000,1.0000,stable,stable,dominant_stable,dominant_stable,-0.0060,0.0160,-0.0100,persisted
electricity_hourly_coarse_relation_001,100,125,8001,8100,8001,8125,1.0000,stable,stable,dominant_stable,dominant_stable,0.0040,0.0000,-0.0040,persisted
electricity_hourly_coarse_relation_001,100,125,8101,8200,8126,8250,0.7500,stable,stable,dominant_stable,dominant_stable,-0.0140,0.0240,-0.0100,persisted
electricity_hourly_coarse_relation_001,100,125,8201,8300,8126,8250,0.5000,stable,stable,dominant_stable,dominant_stable,0.0260,-0.0260,0.0000,persisted
electricity_hourly_coarse_relation_001,100,125,8301,8400,8251,8375,0.7500,stable,stable,dominant_stable,dominant_stable,0.0060,-0.0060,0.0000,persisted
electricity_hourly_coarse_relation_001,100,125,8401,8500,8376,8500,1.0000,stable,stable,dominant_stable,dominant_stable,0.0060,-0.0060,0.0000,persisted
electricity_hourly_coarse_relation_001,100,125,8501,8600,8501,8625,1.0000,stable,stable,dominant_stable,dominant_stable,0.0060,-0.0060,0.0000,persisted
electricity_hourly_coarse_relation_001,100,125,8601,8700,8626,8750,0.7500,stable,stable,dominant_stable,dominant_stable,-0.0100,0.0200,-0.0100,persisted
electricity_hourly_coarse_relation_001,100,125,8701,8800,8626,8750,0.5000,stable,stable,dominant_stable,dominant_stable,-0.0100,0.0200,-0.0100,persisted
electricity_hourly_coarse_relation_001,100,125,8801,8900,8751,8875,0.7500,stable,stable,dominant_stable,dominant_stable,0.0040,-0.0040,0.0000,persisted
electricity_hourly_coarse_relation_001,100,125,8901,9000,8876,9000,1.0000,stable,stable,dominant_stable,dominant_stable,0.0040,-0.0040,0.0000,persisted
electricity_hourly_coarse_relation_001,100,125,9001,9100,9001,9125,1.0000,stable,stable,dominant_stable,dominant_stable,0.0040,-0.0040,0.0000,persisted
electricity_hourly_coarse_relation_001,100,125,9101,9200,9126,9250,0.7500,stable,stable,dominant_stable,dominant_stable,-0.0240,0.0160,0.0080,persisted
electricity_hourly_coarse_relation_001,100,125,9201,9300,9126,9250,0.5000,stable,stable,dominant_stable,dominant_stable,0.0060,-0.0040,-0.0020,persisted
electricity_hourly_coarse_relation_001,100,125,9301,9400,9251,9375,0.7500,stable,stable,dominant_stable,dominant_stable,0.0000,0.0000,0.0000,persisted
electricity_hourly_coarse_relation_001,100,125,9401,9500,9376,9500,1.0000,stable,stable,dominant_stable,dominant_stable,0.0000,0.0000,0.0000,persisted
electricity_hourly_coarse_relation_001,100,125,9501,9600,9501,9625,1.0000,stable,stable,dominant_stable,dominant_stable,0.0000,0.0000,0.0000,persisted
electricity_hourly_coarse_relation_001,100,125,9601,9700,9626,9750,0.7500,stable,stable,dominant_stable,dominant_stable,0.0000,0.0000,0.0000,persisted
electricity_hourly_coarse_relation_001,100,125,9701,9800,9626,9750,0.5000,stable,stable,dominant_stable,dominant_stable,0.0000,0.0000,0.0000,persisted
electricity_hourly_coarse_relation_001,100,125,9801,9900,9751,9875,0.7500,stable,stable,dominant_stable,dominant_stable,0.0000,0.0000,0.0000,persisted
electricity_hourly_coarse_relation_001,100,125,9901,10000,9876,10000,1.0000,stable,stable,dominant_stable,dominant_stable,0.0000,0.0000,0.0000,persisted
electricity_hourly_coarse_relation_001,100,125,10001,10100,10001,10125,1.0000,stable,stable,dominant_stable,dominant_stable,0.0000,0.0000,0.0000,persisted
electricity_hourly_coarse_relation_001,100,125,10101,10200,10126,10250,0.7500,stable,stable,dominant_stable,dominant_stable,0.0000,0.0000,0.0000,persisted
electricity_hourly_coarse_relation_001,100,125,10201,10300,10126,10250,0.5000,stable,stable,dominant_stable,dominant_stable,0.0000,0.0000,0.0000,persisted
electricity_hourly_coarse_relation_001,100,125,10301,10400,10251,10375,0.7500,stable,stable,dominant_stable,dominant_stable,0.0000,0.0000,0.0000,persisted
electricity_hourly_coarse_relation_001,100,125,10401,10500,10376,10500,1.0000,stable,stable,dominant_stable,dominant_stable,0.0020,0.0000,-0.0020,persisted
electricity_hourly_coarse_relation_001,100,125,10501,10600,10501,10625,1.0000,stable,stable,dominant_stable,dominant_stable,0.0000,0.0000,0.0000,persisted
electricity_hourly_coarse_relation_001,100,125,10601,10700,10626,10750,0.7500,stable,stable,dominant_stable,dominant_stable,0.0000,0.0000,0.0000,persisted
electricity_hourly_coarse_relation_001,100,125,10701,10800,10626,10750,0.5000,stable,stable,dominant_stable,dominant_stable,0.0000,0.0000,0.0000,persisted
electricity_hourly_coarse_relation_001,100,125,10801,10900,10751,10875,0.7500,stable,stable,dominant_stable,dominant_stable,0.0100,0.0000,-0.0100,persisted
electricity_hourly_coarse_relation_001,100,125,10901,11000,10876,11000,1.0000,stable,stable,dominant_stable,dominant_stable,-0.0040,0.0040,0.0000,persisted
electricity_hourly_coarse_relation_001,100,125,11001,11100,11001,11125,1.0000,stable,stable,dominant_stable,dominant_stable,0.0020,0.0000,-0.0020,persisted
electricity_hourly_coarse_relation_001,100,125,11101,11200,11126,11250,0.7500,stable,stable,dominant_stable,dominant_stable,-0.0080,0.0000,0.0080,persisted
electricity_hourly_coarse_relation_001,100,125,11201,11300,11126,11250,0.5000,stable,stable,dominant_stable,dominant_stable,-0.0080,0.0000,0.0080,persisted
electricity_hourly_coarse_relation_001,100,125,11301,11400,11251,11375,0.7500,stable,stable,dominant_stable,dominant_stable,0.0140,-0.0140,0.0000,persisted
electricity_hourly_coarse_relation_001,100,125,11401,11500,11376,11500,1.0000,stable,stable,dominant_stable,dominant_stable,0.0600,-0.0600,0.0000,persisted
electricity_hourly_coarse_relation_001,100,125,11501,11600,11501,11625,1.0000,stable,stable,dominant_stable,dominant_stable,0.0120,-0.0120,0.0000,persisted
electricity_hourly_coarse_relation_001,100,125,11601,11700,11626,11750,0.7500,stable,stable,dominant_stable,dominant_stable,-0.0320,0.0240,0.0080,persisted
electricity_hourly_coarse_relation_001,100,125,11701,11800,11626,11750,0.5000,stable,stable,dominant_stable,dominant_stable,-0.0020,-0.0060,0.0080,persisted
electricity_hourly_coarse_relation_001,100,125,11801,11900,11751,11875,0.7500,stable,stable,dominant_stable,dominant_stable,0.0300,-0.0300,0.0000,persisted
electricity_hourly_coarse_relation_001,100,125,11901,12000,11876,12000,1.0000,stable,stable,dominant_stable,dominant_stable,-0.0040,0.0040,0.0000,persisted
electricity_hourly_coarse_relation_001,100,125,12001,12100,12001,12125,1.0000,stable,stable,dominant_stable,dominant_stable,0.0060,-0.0060,0.0000,persisted
electricity_hourly_coarse_relation_001,100,125,12101,12200,12126,12250,0.7500,stable,stable,dominant_stable,dominant_stable,0.0120,-0.0200,0.0080,persisted
electricity_hourly_coarse_relation_001,100,125,12201,12300,12126,12250,0.5000,stable,stable,dominant_stable,dominant_stable,0.0220,-0.0300,0.0080,persisted
electricity_hourly_coarse_relation_001,100,125,12301,12400,12251,12375,0.7500,stable,stable,dominant_stable,dominant_stable,-0.0160,0.0160,0.0000,persisted
electricity_hourly_coarse_relation_001,100,125,12401,12500,12376,12500,1.0000,stable,stable,dominant_stable,dominant_stable,0.0060,-0.0060,0.0000,persisted
electricity_hourly_coarse_relation_001,100,125,12501,12600,12501,12625,1.0000,stable,stable,dominant_stable,dominant_stable,-0.0040,0.0040,0.0000,persisted
electricity_hourly_coarse_relation_001,100,125,12601,12700,12626,12750,0.7500,stable,stable,dominant_stable,dominant_stable,0.0000,0.0000,0.0000,persisted
electricity_hourly_coarse_relation_001,100,125,12701,12800,12626,12750,0.5000,stable,stable,dominant_stable,dominant_stable,0.0000,0.0000,0.0000,persisted
electricity_hourly_coarse_relation_001,100,125,12801,12900,12751,12875,0.7500,stable,stable,dominant_stable,dominant_stable,-0.0060,0.0160,-0.0100,persisted
electricity_hourly_coarse_relation_001,100,125,12901,13000,12876,13000,1.0000,stable,stable,dominant_stable,dominant_stable,-0.0040,0.0040,0.0000,persisted
electricity_hourly_coarse_relation_001,100,125,13001,13100,13001,13125,1.0000,stable,stable,dominant_stable,dominant_stable,0.0000,0.0000,0.0000,persisted
electricity_hourly_coarse_relation_001,100,125,13101,13200,13126,13250,0.7500,stable,stable,dominant_stable,dominant_stable,0.0200,-0.0200,0.0000,persisted
electricity_hourly_coarse_relation_001,100,125,13201,13300,13126,13250,0.5000,stable,stable,dominant_stable,dominant_stable,0.0000,0.0000,0.0000,persisted
electricity_hourly_coarse_relation_001,100,125,13301,13400,13251,13375,0.7500,stable,stable,dominant_stable,dominant_stable,0.0000,0.0000,0.0000,persisted
electricity_hourly_coarse_relation_001,100,125,13401,13500,13376,13500,1.0000,stable,stable,dominant_stable,dominant_stable,-0.0160,0.0160,0.0000,persisted
electricity_hourly_coarse_relation_001,100,125,13501,13600,13501,13625,1.0000,stable,stable,dominant_stable,dominant_stable,0.0060,-0.0060,0.0000,persisted
electricity_hourly_coarse_relation_001,100,125,13601,13700,13626,13750,0.7500,stable,stable,dominant_stable,dominant_stable,0.0200,-0.0200,0.0000,persisted
electricity_hourly_coarse_relation_001,100,125,13701,13800,13626,13750,0.5000,stable,stable,dominant_stable,dominant_stable,0.0300,-0.0300,0.0000,persisted
electricity_hourly_coarse_relation_001,100,125,13801,13900,13751,13875,0.7500,stable,stable,dominant_stable,dominant_stable,-0.0080,0.0000,0.0080,persisted
electricity_hourly_coarse_relation_001,100,125,13901,14000,13876,14000,1.0000,stable,stable,dominant_stable,dominant_stable,0.0020,0.0000,-0.0020,persisted
electricity_hourly_coarse_relation_001,100,125,14001,14100,14001,14125,1.0000,stable,stable,dominant_stable,dominant_stable,0.0300,-0.0300,0.0000,persisted
electricity_hourly_coarse_relation_001,100,125,14101,14200,14126,14250,0.7500,stable,stable,dominant_stable,dominant_stable,0.0000,0.0000,0.0000,persisted
electricity_hourly_coarse_relation_001,100,125,14201,14300,14126,14250,0.5000,stable,stable,dominant_stable,dominant_stable,0.0100,0.0000,-0.0100,persisted
electricity_hourly_coarse_relation_001,100,125,14301,14400,14251,14375,0.7500,stable,stable,dominant_stable,dominant_stable,0.0000,0.0000,0.0000,persisted
electricity_hourly_coarse_relation_001,100,125,14401,14500,14376,14500,1.0000,stable,stable,dominant_stable,dominant_stable,0.0040,-0.0040,0.0000,persisted
electricity_hourly_coarse_relation_001,100,125,14501,14600,14501,14625,1.0000,stable,stable,dominant_stable,dominant_stable,0.0060,-0.0060,0.0000,persisted
electricity_hourly_coarse_relation_001,100,125,14601,14700,14626,14750,0.7500,stable,stable,dominant_stable,dominant_stable,-0.0060,0.0160,-0.0100,persisted
electricity_hourly_coarse_relation_001,100,125,14701,14800,14626,14750,0.5000,stable,stable,dominant_stable,dominant_stable,0.0040,-0.0040,0.0000,persisted
electricity_hourly_coarse_relation_001,100,125,14801,14900,14751,14875,0.7500,stable,stable,dominant_stable,dominant_stable,-0.0040,0.0040,0.0000,persisted
electricity_hourly_coarse_relation_001,100,125,14901,15000,14876,15000,1.0000,stable,stable,dominant_stable,dominant_stable,0.0040,-0.0040,0.0000,persisted
electricity_hourly_coarse_relation_001,100,125,15001,15100,15001,15125,1.0000,stable,stable,dominant_stable,dominant_stable,-0.0040,0.0040,0.0000,persisted
electricity_hourly_coarse_relation_001,100,125,15101,15200,15126,15250,0.7500,stable,stable,dominant_stable,dominant_stable,-0.0060,0.0160,-0.0100,persisted
electricity_hourly_coarse_relation_001,100,125,15201,15300,15126,15250,0.5000,stable,stable,dominant_stable,dominant_stable,0.0140,-0.0140,0.0000,persisted
electricity_hourly_coarse_relation_001,100,125,15301,15400,15251,15375,0.7500,stable,stable,dominant_stable,dominant_stable,0.0040,-0.0040,0.0000,persisted
electricity_hourly_coarse_relation_001,100,125,15401,15500,15376,15500,1.0000,stable,stable,dominant_stable,dominant_stable,0.0300,-0.0300,0.0000,persisted
electricity_hourly_coarse_relation_001,100,125,15501,15600,15501,15625,1.0000,stable,stable,dominant_stable,dominant_stable,0.0000,0.0000,0.0000,persisted
electricity_hourly_coarse_relation_001,100,125,15601,15700,15626,15750,0.7500,stable,stable,dominant_stable,dominant_stable,0.0000,0.0000,0.0000,persisted
electricity_hourly_coarse_relation_001,100,125,15701,15800,15626,15750,0.5000,stable,stable,dominant_stable,dominant_stable,0.0000,0.0000,0.0000,persisted
electricity_hourly_coarse_relation_001,100,125,15801,15900,15751,15875,0.7500,stable,stable,dominant_stable,dominant_stable,0.0000,0.0000,0.0000,persisted
electricity_hourly_coarse_relation_001,100,125,15901,16000,15876,16000,1.0000,stable,stable,dominant_stable,dominant_stable,0.0000,0.0000,0.0000,persisted
electricity_hourly_coarse_relation_001,100,125,16001,16100,16001,16125,1.0000,stable,stable,dominant_stable,dominant_stable,0.0020,0.0000,-0.0020,persisted
electricity_hourly_coarse_relation_001,100,125,16101,16200,16126,16250,0.7500,stable,stable,dominant_stable,dominant_stable,0.0200,-0.0200,0.0000,persisted
electricity_hourly_coarse_relation_001,100,125,16201,16300,16126,16250,0.5000,stable,stable,dominant_stable,dominant_stable,0.0300,-0.0300,0.0000,persisted
electricity_hourly_coarse_relation_001,100,125,16301,16400,16251,16375,0.7500,stable,stable,dominant_stable,dominant_stable,0.0060,-0.0060,0.0000,persisted
electricity_hourly_coarse_relation_001,100,125,16401,16500,16376,16500,1.0000,stable,stable,dominant_stable,dominant_stable,-0.0060,0.0160,-0.0100,persisted
electricity_hourly_coarse_relation_001,100,125,16501,16600,16501,16625,1.0000,stable,stable,dominant_stable,dominant_stable,-0.0040,-0.0040,0.0080,persisted
electricity_hourly_coarse_relation_001,100,125,16601,16700,16626,16750,0.7500,stable,stable,dominant_stable,dominant_stable,0.0100,0.0000,-0.0100,persisted
electricity_hourly_coarse_relation_001,100,125,16701,16800,16626,16750,0.5000,stable,stable,dominant_stable,dominant_stable,0.0000,0.0000,0.0000,persisted
electricity_hourly_coarse_relation_001,100,125,16801,16900,16751,16875,0.7500,stable,stable,dominant_stable,dominant_stable,0.0020,0.0000,-0.0020,persisted
electricity_hourly_coarse_relation_001,100,125,16901,17000,16876,17000,1.0000,stable,stable,dominant_stable,dominant_stable,0.0000,0.0000,0.0000,persisted
electricity_hourly_coarse_relation_001,100,125,17001,17100,17001,17125,1.0000,stable,stable,dominant_stable,dominant_stable,-0.0020,0.0040,-0.0020,persisted
electricity_hourly_coarse_relation_001,100,125,17101,17200,17126,17250,0.7500,stable,stable,dominant_stable,dominant_stable,-0.0160,0.0160,0.0000,persisted
electricity_hourly_coarse_relation_001,100,125,17201,17300,17126,17250,0.5000,stable,stable,dominant_stable,dominant_stable,0.0340,-0.0340,0.0000,persisted
electricity_hourly_coarse_relation_001,100,125,17301,17400,17251,17375,0.7500,stable,stable,dominant_stable,dominant_stable,0.0240,-0.0140,-0.0100,persisted
electricity_hourly_coarse_relation_001,100,125,17401,17500,17376,17500,1.0000,stable,stable,dominant_stable,dominant_stable,0.0060,-0.0060,0.0000,persisted
electricity_hourly_coarse_relation_001,100,125,17501,17600,17501,17625,1.0000,stable,stable,dominant_stable,dominant_stable,-0.0020,0.0040,-0.0020,persisted
electricity_hourly_coarse_relation_001,100,125,17601,17700,17626,17750,0.7500,stable,stable,dominant_stable,dominant_stable,0.0060,-0.0060,0.0000,persisted
electricity_hourly_coarse_relation_001,100,125,17701,17800,17626,17750,0.5000,stable,stable,dominant_stable,dominant_stable,-0.0140,0.0240,-0.0100,persisted
electricity_hourly_coarse_relation_001,100,125,17801,17900,17751,17875,0.7500,stable,stable,dominant_stable,dominant_stable,0.0120,-0.0200,0.0080,persisted
electricity_hourly_coarse_relation_001,100,125,17901,18000,17876,18000,1.0000,stable,stable,dominant_stable,dominant_stable,-0.0060,0.0160,-0.0100,persisted
electricity_hourly_coarse_relation_001,100,125,18001,18100,18001,18125,1.0000,stable,stable,dominant_stable,dominant_stable,0.0020,0.0000,-0.0020,persisted
electricity_hourly_coarse_relation_001,100,125,18101,18200,18126,18250,0.7500,stable,stable,dominant_stable,dominant_stable,0.0020,0.0000,-0.0020,persisted
electricity_hourly_coarse_relation_001,100,125,18201,18300,18126,18250,0.5000,stable,stable,dominant_stable,dominant_stable,0.0020,0.0000,-0.0020,persisted
electricity_hourly_coarse_relation_001,100,125,18301,18400,18251,18375,0.7500,stable,stable,dominant_stable,dominant_stable,-0.0080,0.0000,0.0080,persisted
electricity_hourly_coarse_relation_001,100,125,18401,18500,18376,18500,1.0000,stable,stable,dominant_stable,dominant_stable,0.0040,-0.0040,0.0000,persisted
electricity_hourly_coarse_relation_001,100,125,18501,18600,18501,18625,1.0000,stable,stable,dominant_stable,dominant_stable,-0.0140,0.0240,-0.0100,persisted
electricity_hourly_coarse_relation_001,100,125,18601,18700,18626,18750,0.7500,stable,stable,dominant_stable,dominant_stable,0.0220,-0.0300,0.0080,persisted
electricity_hourly_coarse_relation_001,100,125,18701,18800,18626,18750,0.5000,stable,stable,dominant_stable,dominant_stable,-0.0080,0.0000,0.0080,persisted
electricity_hourly_coarse_relation_001,100,125,18801,18900,18751,18875,0.7500,stable,stable,dominant_stable,dominant_stable,0.0000,0.0000,0.0000,persisted
electricity_hourly_coarse_relation_001,100,125,18901,19000,18876,19000,1.0000,stable,stable,dominant_stable,dominant_stable,0.0040,-0.0040,0.0000,persisted
electricity_hourly_coarse_relation_001,100,125,19001,19100,19001,19125,1.0000,stable,stable,dominant_stable,dominant_stable,0.0040,-0.0040,0.0000,persisted
electricity_hourly_coarse_relation_001,100,125,19101,19200,19126,19250,0.7500,stable,stable,dominant_stable,dominant_stable,0.0020,0.0000,-0.0020,persisted
electricity_hourly_coarse_relation_001,100,125,19201,19300,19126,19250,0.5000,stable,stable,dominant_stable,dominant_stable,-0.0080,0.0000,0.0080,persisted
electricity_hourly_coarse_relation_001,100,125,19301,19400,19251,19375,0.7500,stable,stable,dominant_stable,dominant_stable,0.0100,-0.0100,0.0000,persisted
electricity_hourly_coarse_relation_001,100,125,19401,19500,19376,19500,1.0000,stable,stable,dominant_stable,dominant_stable,0.0020,0.0000,-0.0020,persisted
electricity_hourly_coarse_relation_001,100,125,19501,19600,19501,19625,1.0000,stable,stable,dominant_stable,dominant_stable,0.0000,0.0000,0.0000,persisted
electricity_hourly_coarse_relation_001,100,125,19601,19700,19626,19750,0.7500,stable,stable,dominant_stable,dominant_stable,0.0000,0.0000,0.0000,persisted
electricity_hourly_coarse_relation_001,100,125,19701,19800,19626,19750,0.5000,stable,stable,dominant_stable,dominant_stable,0.0000,0.0000,0.0000,persisted
electricity_hourly_coarse_relation_001,100,125,19801,19900,19751,19875,0.7500,stable,stable,dominant_stable,dominant_stable,0.0240,-0.0140,-0.0100,persisted
electricity_hourly_coarse_relation_001,100,125,19901,20000,19876,20000,1.0000,stable,stable,dominant_stable,dominant_stable,-0.0040,0.0040,0.0000,persisted
electricity_hourly_coarse_relation_001,100,125,20001,20100,20001,20125,1.0000,stable,stable,dominant_stable,dominant_stable,0.0000,0.0000,0.0000,persisted
electricity_hourly_coarse_relation_001,100,125,20101,20200,20126,20250,0.7500,stable,stable,dominant_stable,dominant_stable,0.0120,-0.0200,0.0080,persisted
electricity_hourly_coarse_relation_001,100,125,20201,20300,20126,20250,0.5000,stable,stable,dominant_stable,dominant_stable,-0.0080,0.0000,0.0080,persisted
electricity_hourly_coarse_relation_001,100,125,20301,20400,20251,20375,0.7500,stable,stable,dominant_stable,dominant_stable,0.0100,0.0000,-0.0100,persisted
electricity_hourly_coarse_relation_001,100,125,20401,20500,20376,20500,1.0000,stable,stable,dominant_stable,dominant_stable,0.0000,0.0000,0.0000,persisted
electricity_hourly_coarse_relation_001,100,125,20501,20600,20501,20625,1.0000,stable,stable,dominant_stable,dominant_stable,0.0300,-0.0300,0.0000,persisted
electricity_hourly_coarse_relation_001,100,125,20601,20700,20626,20750,0.7500,stable,stable,dominant_stable,dominant_stable,0.0000,0.0000,0.0000,persisted
electricity_hourly_coarse_relation_001,100,125,20701,20800,20626,20750,0.5000,stable,stable,dominant_stable,dominant_stable,0.0300,-0.0300,0.0000,persisted
electricity_hourly_coarse_relation_001,100,125,20801,20900,20751,20875,0.7500,stable,stable,dominant_stable,dominant_stable,-0.0040,0.0040,0.0000,persisted
electricity_hourly_coarse_relation_001,100,125,20901,21000,20876,21000,1.0000,stable,stable,dominant_stable,dominant_stable,0.0000,0.0000,0.0000,persisted
electricity_hourly_coarse_relation_001,100,125,21001,21100,21001,21125,1.0000,stable,stable,dominant_stable,dominant_stable,0.0000,0.0000,0.0000,persisted
electricity_hourly_coarse_relation_001,100,125,21101,21200,21126,21250,0.7500,stable,stable,dominant_stable,dominant_stable,0.0040,-0.0040,0.0000,persisted
electricity_hourly_coarse_relation_001,100,125,21201,21300,21126,21250,0.5000,stable,stable,dominant_stable,dominant_stable,-0.0060,0.0160,-0.0100,persisted
electricity_hourly_coarse_relation_001,100,125,21301,21400,21251,21375,0.7500,stable,stable,dominant_stable,dominant_stable,0.0000,0.0000,0.0000,persisted
electricity_hourly_coarse_relation_001,100,125,21401,21500,21376,21500,1.0000,stable,stable,dominant_stable,dominant_stable,0.0000,0.0000,0.0000,persisted
electricity_hourly_coarse_relation_001,100,125,21501,21600,21501,21625,1.0000,stable,stable,dominant_stable,dominant_stable,0.0300,-0.0300,0.0000,persisted
electricity_hourly_coarse_relation_001,100,125,21601,21700,21626,21750,0.7500,stable,stable,dominant_stable,dominant_stable,0.0120,-0.0200,0.0080,persisted
electricity_hourly_coarse_relation_001,100,125,21701,21800,21626,21750,0.5000,stable,stable,dominant_stable,dominant_stable,-0.0080,0.0000,0.0080,persisted
electricity_hourly_coarse_relation_001,100,125,21801,21900,21751,21875,0.7500,stable,stable,dominant_stable,dominant_stable,0.0020,0.0000,-0.0020,persisted
electricity_hourly_coarse_relation_001,100,125,21901,22000,21876,22000,1.0000,stable,stable,dominant_stable,dominant_stable,0.0000,0.0000,0.0000,persisted
electricity_hourly_coarse_relation_001,100,125,22001,22100,22001,22125,1.0000,stable,stable,dominant_stable,dominant_stable,0.0040,-0.0040,0.0000,persisted
electricity_hourly_coarse_relation_001,100,125,22101,22200,22126,22250,0.7500,stable,stable,dominant_stable,dominant_stable,0.0020,0.0000,-0.0020,persisted
electricity_hourly_coarse_relation_001,100,125,22201,22300,22126,22250,0.5000,stable,stable,dominant_stable,dominant_stable,-0.0080,0.0000,0.0080,persisted
electricity_hourly_coarse_relation_001,100,125,22301,22400,22251,22375,0.7500,stable,stable,dominant_stable,dominant_stable,0.0000,0.0000,0.0000,persisted
electricity_hourly_coarse_relation_001,100,125,22401,22500,22376,22500,1.0000,stable,stable,dominant_stable,dominant_stable,0.0000,0.0000,0.0000,persisted
electricity_hourly_coarse_relation_001,100,125,22501,22600,22501,22625,1.0000,stable,stable,dominant_stable,dominant_stable,0.0020,0.0000,-0.0020,persisted
electricity_hourly_coarse_relation_001,100,125,22601,22700,22626,22750,0.7500,stable,stable,dominant_stable,dominant_stable,0.0000,0.0000,0.0000,persisted
electricity_hourly_coarse_relation_001,100,125,22701,22800,22626,22750,0.5000,stable,stable,dominant_stable,dominant_stable,0.0000,0.0000,0.0000,persisted
electricity_hourly_coarse_relation_001,100,125,22801,22900,22751,22875,0.7500,stable,stable,dominant_stable,dominant_stable,0.0020,0.0000,-0.0020,persisted
electricity_hourly_coarse_relation_001,100,125,22901,23000,22876,23000,1.0000,stable,stable,dominant_stable,dominant_stable,0.0000,0.0000,0.0000,persisted
electricity_hourly_coarse_relation_001,100,125,23001,23100,23001,23125,1.0000,stable,stable,dominant_stable,dominant_stable,0.0000,0.0000,0.0000,persisted
electricity_hourly_coarse_relation_001,100,125,23101,23200,23126,23250,0.7500,stable,stable,dominant_stable,dominant_stable,0.0000,0.0000,0.0000,persisted
electricity_hourly_coarse_relation_001,100,125,23201,23300,23126,23250,0.5000,stable,stable,dominant_stable,dominant_stable,0.0100,0.0000,-0.0100,persisted
electricity_hourly_coarse_relation_001,100,125,23301,23400,23251,23375,0.7500,stable,stable,dominant_stable,dominant_stable,-0.0080,0.0000,0.0080,persisted
electricity_hourly_coarse_relation_001,100,125,23401,23500,23376,23500,1.0000,stable,stable,dominant_stable,dominant_stable,0.0000,0.0000,0.0000,persisted
electricity_hourly_coarse_relation_001,100,125,23501,23600,23501,23625,1.0000,stable,stable,dominant_stable,dominant_stable,0.0000,0.0000,0.0000,persisted
electricity_hourly_coarse_relation_001,100,125,23601,23700,23626,23750,0.7500,stable,stable,dominant_stable,dominant_stable,0.0000,0.0000,0.0000,persisted
electricity_hourly_coarse_relation_001,100,125,23701,23800,23626,23750,0.5000,stable,stable,dominant_stable,dominant_stable,0.0000,0.0000,0.0000,persisted
electricity_hourly_coarse_relation_001,100,125,23801,23900,23751,23875,0.7500,stable,stable,dominant_stable,dominant_stable,0.0000,0.0000,0.0000,persisted
electricity_hourly_coarse_relation_001,100,125,23901,24000,23876,24000,1.0000,stable,stable,dominant_stable,dominant_stable,0.0000,0.0000,0.0000,persisted
electricity_hourly_coarse_relation_001,100,125,24001,24100,24001,24125,1.0000,stable,stable,dominant_stable,dominant_stable,0.0300,-0.0300,0.0000,persisted
electricity_hourly_coarse_relation_001,100,125,24101,24200,24126,24250,0.7500,stable,stable,dominant_stable,dominant_stable,0.0300,-0.0300,0.0000,persisted
electricity_hourly_coarse_relation_001,100,125,24201,24300,24126,24250,0.5000,stable,stable,dominant_stable,dominant_stable,0.0300,-0.0300,0.0000,persisted
electricity_hourly_coarse_relation_001,100,125,24301,24400,24251,24375,0.7500,stable,stable,dominant_stable,dominant_stable,-0.0240,0.0240,0.0000,persisted
electricity_hourly_coarse_relation_001,100,125,24401,24500,24376,24500,1.0000,stable,stable,dominant_stable,dominant_stable,0.0000,0.0000,0.0000,persisted
electricity_hourly_coarse_relation_001,100,125,24501,24600,24501,24625,1.0000,stable,stable,dominant_stable,dominant_stable,0.0060,-0.0060,0.0000,persisted
electricity_hourly_coarse_relation_001,100,125,24601,24700,24626,24750,0.7500,stable,stable,dominant_stable,dominant_stable,0.0300,-0.0300,0.0000,persisted
electricity_hourly_coarse_relation_001,100,125,24701,24800,24626,24750,0.5000,stable,stable,dominant_stable,dominant_stable,0.0000,0.0000,0.0000,persisted
electricity_hourly_coarse_relation_001,100,125,24801,24900,24751,24875,0.7500,stable,stable,dominant_stable,dominant_stable,0.0300,-0.0300,0.0000,persisted
electricity_hourly_coarse_relation_001,100,125,24901,25000,24876,25000,1.0000,stable,stable,dominant_stable,dominant_stable,0.0220,-0.0200,-0.0020,persisted
electricity_hourly_coarse_relation_001,100,125,25001,25100,25001,25125,1.0000,stable,stable,dominant_stable,dominant_stable,-0.0020,0.0040,-0.0020,persisted
electricity_hourly_coarse_relation_001,100,125,25101,25200,25126,25250,0.7500,stable,stable,dominant_stable,dominant_stable,0.0000,0.0000,0.0000,persisted
electricity_hourly_coarse_relation_001,100,125,25201,25300,25126,25250,0.5000,stable,stable,dominant_stable,dominant_stable,0.0200,-0.0200,0.0000,persisted
electricity_hourly_coarse_relation_001,100,125,25301,25400,25251,25375,0.7500,stable,stable,dominant_stable,dominant_stable,0.0040,-0.0040,0.0000,persisted
electricity_hourly_coarse_relation_001,100,125,25401,25500,25376,25500,1.0000,stable,stable,dominant_stable,dominant_stable,-0.0040,0.0040,0.0000,persisted
electricity_hourly_coarse_relation_001,100,125,25501,25600,25501,25625,1.0000,stable,stable,dominant_stable,dominant_stable,0.0020,0.0000,-0.0020,persisted
electricity_hourly_coarse_relation_001,100,125,25601,25700,25626,25750,0.7500,stable,stable,dominant_stable,dominant_stable,0.0000,0.0000,0.0000,persisted
electricity_hourly_coarse_relation_001,100,125,25701,25800,25626,25750,0.5000,stable,stable,dominant_stable,dominant_stable,0.0000,0.0000,0.0000,persisted
electricity_hourly_coarse_relation_001,100,125,25801,25900,25751,25875,0.7500,stable,stable,dominant_stable,dominant_stable,0.0000,0.0000,0.0000,persisted
electricity_hourly_coarse_relation_001,100,125,25901,26000,25876,26000,1.0000,stable,stable,dominant_stable,dominant_stable,0.0020,0.0000,-0.0020,persisted
electricity_hourly_coarse_relation_001,100,125,26001,26100,26001,26125,1.0000,stable,stable,dominant_stable,dominant_stable,0.0020,0.0000,-0.0020,persisted
electricity_hourly_coarse_relation_001,100,125,26101,26200,26126,26250,0.7500,stable,stable,dominant_stable,dominant_stable,0.0020,0.0000,-0.0020,persisted
electricity_hourly_coarse_relation_001,100,125,26201,26300,26251,26304,0.9259,stable,stable,dominant_stable,dominant_stable,0.0000,0.0000,0.0000,persisted
electricity_hourly_coarse_relation_001,100,125,26301,26304,26251,26304,1.0000,middle,stable,dominant_middle,dominant_stable,1.0000,-0.7500,-0.2500,smoothed
electricity_hourly_coarse_relation_001,125,150,1,125,1,150,1.0000,stable,stable,dominant_stable,dominant_stable,0.0000,0.0000,0.0000,persisted
electricity_hourly_coarse_relation_001,125,150,126,250,151,300,0.8000,stable,stable,dominant_stable,dominant_stable,0.0000,0.0000,0.0000,persisted
electricity_hourly_coarse_relation_001,125,150,251,375,301,450,0.6000,stable,stable,dominant_stable,dominant_stable,0.0000,0.0000,0.0000,persisted
electricity_hourly_coarse_relation_001,125,150,376,500,301,450,0.6000,stable,stable,dominant_stable,dominant_stable,0.0000,0.0000,0.0000,persisted
electricity_hourly_coarse_relation_001,125,150,501,625,451,600,0.8000,stable,stable,dominant_stable,dominant_stable,0.0000,0.0000,0.0000,persisted
electricity_hourly_coarse_relation_001,125,150,626,750,601,750,1.0000,stable,stable,dominant_stable,dominant_stable,0.0240,-0.0240,0.0000,persisted
electricity_hourly_coarse_relation_001,125,150,751,875,751,900,1.0000,stable,stable,dominant_stable,dominant_stable,-0.0040,0.0040,0.0000,persisted
electricity_hourly_coarse_relation_001,125,150,876,1000,901,1050,0.8000,stable,stable,dominant_stable,dominant_stable,-0.0133,0.0133,0.0000,persisted
electricity_hourly_coarse_relation_001,125,150,1001,1125,1051,1200,0.6000,stable,stable,dominant_stable,dominant_stable,-0.0200,0.0200,0.0000,persisted
electricity_hourly_coarse_relation_001,125,150,1126,1250,1051,1200,0.6000,stable,stable,dominant_stable,dominant_stable,-0.0120,0.0200,-0.0080,persisted
electricity_hourly_coarse_relation_001,125,150,1251,1375,1201,1350,0.8000,stable,stable,dominant_stable,dominant_stable,0.0240,-0.0240,0.0000,persisted
electricity_hourly_coarse_relation_001,125,150,1376,1500,1351,1500,1.0000,stable,stable,dominant_stable,dominant_stable,0.0067,-0.0067,0.0000,persisted
electricity_hourly_coarse_relation_001,125,150,1501,1625,1501,1650,1.0000,stable,stable,dominant_stable,dominant_stable,0.0480,-0.0480,0.0000,persisted
electricity_hourly_coarse_relation_001,125,150,1626,1750,1651,1800,0.8000,stable,stable,dominant_stable,dominant_stable,0.0240,-0.0240,0.0000,persisted
electricity_hourly_coarse_relation_001,125,150,1751,1875,1801,1950,0.6000,stable,stable,dominant_stable,dominant_stable,-0.0333,0.0333,0.0000,persisted
electricity_hourly_coarse_relation_001,125,150,1876,2000,1801,1950,0.6000,stable,stable,dominant_stable,dominant_stable,-0.0013,0.0093,-0.0080,persisted
electricity_hourly_coarse_relation_001,125,150,2001,2125,1951,2100,0.8000,stable,stable,dominant_stable,dominant_stable,0.0000,0.0000,0.0000,persisted
electricity_hourly_coarse_relation_001,125,150,2126,2250,2101,2250,1.0000,stable,stable,dominant_stable,dominant_stable,0.0000,0.0000,0.0000,persisted
electricity_hourly_coarse_relation_001,125,150,2251,2375,2251,2400,1.0000,stable,stable,dominant_stable,dominant_stable,-0.0040,0.0040,0.0000,persisted
electricity_hourly_coarse_relation_001,125,150,2376,2500,2401,2550,0.8000,stable,stable,dominant_stable,dominant_stable,-0.0173,0.0173,0.0000,persisted
electricity_hourly_coarse_relation_001,125,150,2501,2625,2551,2700,0.6000,stable,stable,dominant_stable,dominant_stable,0.0107,-0.0027,-0.0080,persisted
electricity_hourly_coarse_relation_001,125,150,2626,2750,2551,2700,0.6000,stable,stable,dominant_stable,dominant_stable,0.0107,-0.0107,0.0000,persisted
electricity_hourly_coarse_relation_001,125,150,2751,2875,2701,2850,0.8000,stable,stable,dominant_stable,dominant_stable,0.0240,-0.0240,0.0000,persisted
electricity_hourly_coarse_relation_001,125,150,2876,3000,2851,3000,1.0000,stable,stable,dominant_stable,dominant_stable,0.0040,-0.0040,0.0000,persisted
electricity_hourly_coarse_relation_001,125,150,3001,3125,3001,3150,1.0000,stable,stable,dominant_stable,dominant_stable,0.0000,0.0000,0.0000,persisted
electricity_hourly_coarse_relation_001,125,150,3126,3250,3151,3300,0.8000,stable,stable,dominant_stable,dominant_stable,0.0000,0.0000,0.0000,persisted
electricity_hourly_coarse_relation_001,125,150,3251,3375,3301,3450,0.6000,stable,stable,dominant_stable,dominant_stable,0.0000,0.0000,0.0000,persisted
electricity_hourly_coarse_relation_001,125,150,3376,3500,3301,3450,0.6000,stable,stable,dominant_stable,dominant_stable,0.0000,0.0000,0.0000,persisted
electricity_hourly_coarse_relation_001,125,150,3501,3625,3451,3600,0.8000,stable,stable,dominant_stable,dominant_stable,0.0000,0.0000,0.0000,persisted
electricity_hourly_coarse_relation_001,125,150,3626,3750,3601,3750,1.0000,stable,stable,dominant_stable,dominant_stable,0.0240,-0.0240,0.0000,persisted
electricity_hourly_coarse_relation_001,125,150,3751,3875,3751,3900,1.0000,stable,stable,dominant_stable,dominant_stable,0.0013,0.0000,-0.0013,persisted
electricity_hourly_coarse_relation_001,125,150,3876,4000,3901,4050,0.8000,stable,stable,dominant_stable,dominant_stable,0.0040,-0.0040,0.0000,persisted
electricity_hourly_coarse_relation_001,125,150,4001,4125,4051,4200,0.6000,stable,stable,dominant_stable,dominant_stable,-0.0053,0.0133,-0.0080,persisted
electricity_hourly_coarse_relation_001,125,150,4126,4250,4051,4200,0.6000,stable,stable,dominant_stable,dominant_stable,-0.0133,0.0133,0.0000,persisted
electricity_hourly_coarse_relation_001,125,150,4251,4375,4201,4350,0.8000,stable,stable,dominant_stable,dominant_stable,0.0000,0.0000,0.0000,persisted
electricity_hourly_coarse_relation_001,125,150,4376,4500,4351,4500,1.0000,stable,stable,dominant_stable,dominant_stable,0.0013,0.0000,-0.0013,persisted
electricity_hourly_coarse_relation_001,125,150,4501,4625,4501,4650,1.0000,stable,stable,dominant_stable,dominant_stable,0.0013,0.0000,-0.0013,persisted
electricity_hourly_coarse_relation_001,125,150,4626,4750,4651,4800,0.8000,stable,stable,dominant_stable,dominant_stable,0.0240,-0.0240,0.0000,persisted
electricity_hourly_coarse_relation_001,125,150,4751,4875,4801,4950,0.6000,stable,stable,dominant_stable,dominant_stable,0.0173,-0.0240,0.0067,persisted
electricity_hourly_coarse_relation_001,125,150,4876,5000,4801,4950,0.6000,stable,stable,dominant_stable,dominant_stable,0.0093,-0.0160,0.0067,persisted
electricity_hourly_coarse_relation_001,125,150,5001,5125,4951,5100,0.8000,stable,stable,dominant_stable,dominant_stable,-0.0120,0.0200,-0.0080,persisted
electricity_hourly_coarse_relation_001,125,150,5126,5250,5101,5250,1.0000,stable,stable,dominant_stable,dominant_stable,0.0000,0.0000,0.0000,persisted
electricity_hourly_coarse_relation_001,125,150,5251,5375,5251,5400,1.0000,stable,stable,dominant_stable,dominant_stable,0.0013,0.0000,-0.0013,persisted
electricity_hourly_coarse_relation_001,125,150,5376,5500,5401,5550,0.8000,stable,stable,dominant_stable,dominant_stable,0.0000,0.0000,0.0000,persisted
electricity_hourly_coarse_relation_001,125,150,5501,5625,5551,5700,0.6000,stable,stable,dominant_stable,dominant_stable,0.0000,0.0000,0.0000,persisted
electricity_hourly_coarse_relation_001,125,150,5626,5750,5551,5700,0.6000,stable,stable,dominant_stable,dominant_stable,0.0000,0.0000,0.0000,persisted
electricity_hourly_coarse_relation_001,125,150,5751,5875,5701,5850,0.8000,stable,stable,dominant_stable,dominant_stable,0.0013,0.0000,-0.0013,persisted
electricity_hourly_coarse_relation_001,125,150,5876,6000,5851,6000,1.0000,stable,stable,dominant_stable,dominant_stable,0.0027,-0.0027,0.0000,persisted
electricity_hourly_coarse_relation_001,125,150,6001,6125,6001,6150,1.0000,stable,stable,dominant_stable,dominant_stable,0.0000,0.0000,0.0000,persisted
electricity_hourly_coarse_relation_001,125,150,6126,6250,6151,6300,0.8000,stable,stable,dominant_stable,dominant_stable,-0.0120,0.0200,-0.0080,persisted
electricity_hourly_coarse_relation_001,125,150,6251,6375,6301,6450,0.6000,stable,stable,dominant_stable,dominant_stable,0.0000,0.0000,0.0000,persisted
electricity_hourly_coarse_relation_001,125,150,6376,6500,6301,6450,0.6000,stable,stable,dominant_stable,dominant_stable,0.0240,-0.0240,0.0000,persisted
electricity_hourly_coarse_relation_001,125,150,6501,6625,6451,6600,0.8000,stable,stable,dominant_stable,dominant_stable,0.0000,0.0000,0.0000,persisted
electricity_hourly_coarse_relation_001,125,150,6626,6750,6601,6750,1.0000,stable,stable,dominant_stable,dominant_stable,0.0000,0.0000,0.0000,persisted
electricity_hourly_coarse_relation_001,125,150,6751,6875,6751,6900,1.0000,stable,stable,dominant_stable,dominant_stable,0.0000,0.0000,0.0000,persisted
electricity_hourly_coarse_relation_001,125,150,6876,7000,6901,7050,0.8000,stable,stable,dominant_stable,dominant_stable,0.0000,0.0000,0.0000,persisted
electricity_hourly_coarse_relation_001,125,150,7001,7125,7051,7200,0.6000,stable,stable,dominant_stable,dominant_stable,0.0000,0.0000,0.0000,persisted
electricity_hourly_coarse_relation_001,125,150,7126,7250,7051,7200,0.6000,stable,stable,dominant_stable,dominant_stable,0.0000,0.0000,0.0000,persisted
electricity_hourly_coarse_relation_001,125,150,7251,7375,7201,7350,0.8000,stable,stable,dominant_stable,dominant_stable,0.0000,0.0000,0.0000,persisted
electricity_hourly_coarse_relation_001,125,150,7376,7500,7351,7500,1.0000,stable,stable,dominant_stable,dominant_stable,0.0000,0.0000,0.0000,persisted
electricity_hourly_coarse_relation_001,125,150,7501,7625,7501,7650,1.0000,stable,stable,dominant_stable,dominant_stable,0.0040,-0.0040,0.0000,persisted
electricity_hourly_coarse_relation_001,125,150,7626,7750,7651,7800,0.8000,stable,stable,dominant_stable,dominant_stable,0.0000,0.0000,0.0000,persisted
electricity_hourly_coarse_relation_001,125,150,7751,7875,7801,7950,0.6000,stable,stable,dominant_stable,dominant_stable,0.0267,-0.0267,0.0000,persisted
electricity_hourly_coarse_relation_001,125,150,7876,8000,7801,7950,0.6000,stable,stable,dominant_stable,dominant_stable,0.0027,-0.0027,0.0000,persisted
electricity_hourly_coarse_relation_001,125,150,8001,8125,7951,8100,0.8000,stable,stable,dominant_stable,dominant_stable,-0.0107,0.0200,-0.0093,persisted
electricity_hourly_coarse_relation_001,125,150,8126,8250,8101,8250,1.0000,stable,stable,dominant_stable,dominant_stable,0.0040,-0.0040,0.0000,persisted
electricity_hourly_coarse_relation_001,125,150,8251,8375,8251,8400,1.0000,stable,stable,dominant_stable,dominant_stable,0.0040,-0.0040,0.0000,persisted
electricity_hourly_coarse_relation_001,125,150,8376,8500,8401,8550,0.8000,stable,stable,dominant_stable,dominant_stable,0.0240,-0.0240,0.0000,persisted
electricity_hourly_coarse_relation_001,125,150,8501,8625,8551,8700,0.6000,stable,stable,dominant_stable,dominant_stable,0.0040,-0.0040,0.0000,persisted
electricity_hourly_coarse_relation_001,125,150,8626,8750,8551,8700,0.6000,stable,stable,dominant_stable,dominant_stable,0.0200,-0.0200,0.0000,persisted
electricity_hourly_coarse_relation_001,125,150,8751,8875,8701,8850,0.8000,stable,stable,dominant_stable,dominant_stable,-0.0040,-0.0027,0.0067,persisted
electricity_hourly_coarse_relation_001,125,150,8876,9000,8851,9000,1.0000,stable,stable,dominant_stable,dominant_stable,0.0160,-0.0160,0.0000,persisted
electricity_hourly_coarse_relation_001,125,150,9001,9125,9001,9150,1.0000,stable,stable,dominant_stable,dominant_stable,0.0027,-0.0027,0.0000,persisted
electricity_hourly_coarse_relation_001,125,150,9126,9250,9151,9300,0.8000,stable,stable,dominant_stable,dominant_stable,0.0040,-0.0027,-0.0013,persisted
electricity_hourly_coarse_relation_001,125,150,9251,9375,9301,9450,0.6000,stable,stable,dominant_stable,dominant_stable,0.0000,0.0000,0.0000,persisted
electricity_hourly_coarse_relation_001,125,150,9376,9500,9301,9450,0.6000,stable,stable,dominant_stable,dominant_stable,0.0000,0.0000,0.0000,persisted
electricity_hourly_coarse_relation_001,125,150,9501,9625,9451,9600,0.8000,stable,stable,dominant_stable,dominant_stable,0.0000,0.0000,0.0000,persisted
electricity_hourly_coarse_relation_001,125,150,9626,9750,9601,9750,1.0000,stable,stable,dominant_stable,dominant_stable,0.0000,0.0000,0.0000,persisted
electricity_hourly_coarse_relation_001,125,150,9751,9875,9751,9900,1.0000,stable,stable,dominant_stable,dominant_stable,0.0000,0.0000,0.0000,persisted
electricity_hourly_coarse_relation_001,125,150,9876,10000,9901,10050,0.8000,stable,stable,dominant_stable,dominant_stable,0.0000,0.0000,0.0000,persisted
electricity_hourly_coarse_relation_001,125,150,10001,10125,10051,10200,0.6000,stable,stable,dominant_stable,dominant_stable,0.0000,0.0000,0.0000,persisted
electricity_hourly_coarse_relation_001,125,150,10126,10250,10051,10200,0.6000,stable,stable,dominant_stable,dominant_stable,0.0000,0.0000,0.0000,persisted
electricity_hourly_coarse_relation_001,125,150,10251,10375,10201,10350,0.8000,stable,stable,dominant_stable,dominant_stable,0.0000,0.0000,0.0000,persisted
electricity_hourly_coarse_relation_001,125,150,10376,10500,10351,10500,1.0000,stable,stable,dominant_stable,dominant_stable,0.0013,0.0000,-0.0013,persisted
electricity_hourly_coarse_relation_001,125,150,10501,10625,10501,10650,1.0000,stable,stable,dominant_stable,dominant_stable,0.0000,0.0000,0.0000,persisted
electricity_hourly_coarse_relation_001,125,150,10626,10750,10651,10800,0.8000,stable,stable,dominant_stable,dominant_stable,0.0000,0.0000,0.0000,persisted
electricity_hourly_coarse_relation_001,125,150,10751,10875,10801,10950,0.6000,stable,stable,dominant_stable,dominant_stable,-0.0067,0.0000,0.0067,persisted
electricity_hourly_coarse_relation_001,125,150,10876,11000,10801,10950,0.6000,stable,stable,dominant_stable,dominant_stable,0.0173,-0.0240,0.0067,persisted
electricity_hourly_coarse_relation_001,125,150,11001,11125,10951,11100,0.8000,stable,stable,dominant_stable,dominant_stable,-0.0120,0.0200,-0.0080,persisted
electricity_hourly_coarse_relation_001,125,150,11126,11250,11101,11250,1.0000,stable,stable,dominant_stable,dominant_stable,0.0013,0.0000,-0.0013,persisted
electricity_hourly_coarse_relation_001,125,150,11251,11375,11251,11400,1.0000,stable,stable,dominant_stable,dominant_stable,-0.0040,0.0040,0.0000,persisted
electricity_hourly_coarse_relation_001,125,150,11376,11500,11401,11550,0.8000,stable,stable,dominant_stable,dominant_stable,0.0000,0.0000,0.0000,persisted
electricity_hourly_coarse_relation_001,125,150,11501,11625,11551,11700,0.6000,stable,stable,dominant_stable,dominant_stable,0.0347,-0.0480,0.0133,persisted
electricity_hourly_coarse_relation_001,125,150,11626,11750,11551,11700,0.6000,stable,stable,dominant_stable,dominant_stable,0.0187,-0.0240,0.0053,persisted
electricity_hourly_coarse_relation_001,125,150,11751,11875,11701,11850,0.8000,stable,stable,dominant_stable,dominant_stable,0.0000,0.0000,0.0000,persisted
electricity_hourly_coarse_relation_001,125,150,11876,12000,11851,12000,1.0000,stable,stable,dominant_stable,dominant_stable,0.0240,-0.0240,0.0000,persisted
electricity_hourly_coarse_relation_001,125,150,12001,12125,12001,12150,1.0000,stable,stable,dominant_stable,dominant_stable,0.0040,-0.0040,0.0000,persisted
electricity_hourly_coarse_relation_001,125,150,12126,12250,12151,12300,0.8000,stable,stable,dominant_stable,dominant_stable,-0.0120,0.0200,-0.0080,persisted
electricity_hourly_coarse_relation_001,125,150,12251,12375,12301,12450,0.6000,stable,stable,dominant_stable,dominant_stable,0.0093,-0.0160,0.0067,persisted
electricity_hourly_coarse_relation_001,125,150,12376,12500,12301,12450,0.6000,stable,stable,dominant_stable,dominant_stable,0.0173,-0.0240,0.0067,persisted
electricity_hourly_coarse_relation_001,125,150,12501,12625,12451,12600,0.8000,stable,stable,dominant_stable,dominant_stable,0.0240,-0.0240,0.0000,persisted
electricity_hourly_coarse_relation_001,125,150,12626,12750,12601,12750,1.0000,stable,stable,dominant_stable,dominant_stable,0.0000,0.0000,0.0000,persisted
electricity_hourly_coarse_relation_001,125,150,12751,12875,12751,12900,1.0000,stable,stable,dominant_stable,dominant_stable,-0.0040,0.0040,0.0000,persisted
electricity_hourly_coarse_relation_001,125,150,12876,13000,12901,13050,0.8000,stable,stable,dominant_stable,dominant_stable,0.0240,-0.0240,0.0000,persisted
electricity_hourly_coarse_relation_001,125,150,13001,13125,13051,13200,0.6000,stable,stable,dominant_stable,dominant_stable,-0.0133,0.0133,0.0000,persisted
electricity_hourly_coarse_relation_001,125,150,13126,13250,13051,13200,0.6000,stable,stable,dominant_stable,dominant_stable,-0.0133,0.0133,0.0000,persisted
electricity_hourly_coarse_relation_001,125,150,13251,13375,13201,13350,0.8000,stable,stable,dominant_stable,dominant_stable,0.0000,0.0000,0.0000,persisted
electricity_hourly_coarse_relation_001,125,150,13376,13500,13351,13500,1.0000,stable,stable,dominant_stable,dominant_stable,0.0160,-0.0160,0.0000,persisted
electricity_hourly_coarse_relation_001,125,150,13501,13625,13501,13650,1.0000,stable,stable,dominant_stable,dominant_stable,0.0040,-0.0040,0.0000,persisted
electricity_hourly_coarse_relation_001,125,150,13626,13750,13651,13800,0.8000,stable,stable,dominant_stable,dominant_stable,0.0000,0.0000,0.0000,persisted
electricity_hourly_coarse_relation_001,125,150,13751,13875,13801,13950,0.6000,stable,stable,dominant_stable,dominant_stable,0.0013,0.0000,-0.0013,persisted
electricity_hourly_coarse_relation_001,125,150,13876,14000,13801,13950,0.6000,stable,stable,dominant_stable,dominant_stable,0.0013,0.0000,-0.0013,persisted
electricity_hourly_coarse_relation_001,125,150,14001,14125,13951,14100,0.8000,stable,stable,dominant_stable,dominant_stable,-0.0200,0.0200,0.0000,persisted
electricity_hourly_coarse_relation_001,125,150,14126,14250,14101,14250,1.0000,stable,stable,dominant_stable,dominant_stable,0.0000,0.0000,0.0000,persisted
electricity_hourly_coarse_relation_001,125,150,14251,14375,14251,14400,1.0000,stable,stable,dominant_stable,dominant_stable,0.0000,0.0000,0.0000,persisted
electricity_hourly_coarse_relation_001,125,150,14376,14500,14401,14550,0.8000,stable,stable,dominant_stable,dominant_stable,-0.0040,0.0040,0.0000,persisted
electricity_hourly_coarse_relation_001,125,150,14501,14625,14551,14700,0.6000,stable,stable,dominant_stable,dominant_stable,0.0040,-0.0040,0.0000,persisted
electricity_hourly_coarse_relation_001,125,150,14626,14750,14551,14700,0.6000,stable,stable,dominant_stable,dominant_stable,-0.0040,0.0040,0.0000,persisted
electricity_hourly_coarse_relation_001,125,150,14751,14875,14701,14850,0.8000,stable,stable,dominant_stable,dominant_stable,0.0040,-0.0040,0.0000,persisted
electricity_hourly_coarse_relation_001,125,150,14876,15000,14851,15000,1.0000,stable,stable,dominant_stable,dominant_stable,-0.0040,0.0040,0.0000,persisted
electricity_hourly_coarse_relation_001,125,150,15001,15125,15001,15150,1.0000,stable,stable,dominant_stable,dominant_stable,0.0040,-0.0040,0.0000,persisted
electricity_hourly_coarse_relation_001,125,150,15126,15250,15151,15300,0.8000,stable,stable,dominant_stable,dominant_stable,-0.0040,0.0040,0.0000,persisted
electricity_hourly_coarse_relation_001,125,150,15251,15375,15301,15450,0.6000,stable,stable,dominant_stable,dominant_stable,-0.0040,0.0040,0.0000,persisted
electricity_hourly_coarse_relation_001,125,150,15376,15500,15301,15450,0.6000,stable,stable,dominant_stable,dominant_stable,-0.0200,0.0200,0.0000,persisted
electricity_hourly_coarse_relation_001,125,150,15501,15625,15451,15600,0.8000,stable,stable,dominant_stable,dominant_stable,0.0000,0.0000,0.0000,persisted
electricity_hourly_coarse_relation_001,125,150,15626,15750,15601,15750,1.0000,stable,stable,dominant_stable,dominant_stable,0.0000,0.0000,0.0000,persisted
electricity_hourly_coarse_relation_001,125,150,15751,15875,15751,15900,1.0000,stable,stable,dominant_stable,dominant_stable,0.0000,0.0000,0.0000,persisted
electricity_hourly_coarse_relation_001,125,150,15876,16000,15901,16050,0.8000,stable,stable,dominant_stable,dominant_stable,0.0000,0.0000,0.0000,persisted
electricity_hourly_coarse_relation_001,125,150,16001,16125,16051,16200,0.6000,stable,stable,dominant_stable,dominant_stable,-0.0053,0.0133,-0.0080,persisted
electricity_hourly_coarse_relation_001,125,150,16126,16250,16051,16200,0.6000,stable,stable,dominant_stable,dominant_stable,-0.0133,0.0133,0.0000,persisted
electricity_hourly_coarse_relation_001,125,150,16251,16375,16201,16350,0.8000,stable,stable,dominant_stable,dominant_stable,0.0240,-0.0240,0.0000,persisted
electricity_hourly_coarse_relation_001,125,150,16376,16500,16351,16500,1.0000,stable,stable,dominant_stable,dominant_stable,-0.0040,0.0040,0.0000,persisted
electricity_hourly_coarse_relation_001,125,150,16501,16625,16501,16650,1.0000,stable,stable,dominant_stable,dominant_stable,0.0040,-0.0027,-0.0013,persisted
electricity_hourly_coarse_relation_001,125,150,16626,16750,16651,16800,0.8000,stable,stable,dominant_stable,dominant_stable,0.0000,0.0000,0.0000,persisted
electricity_hourly_coarse_relation_001,125,150,16751,16875,16801,16950,0.6000,stable,stable,dominant_stable,dominant_stable,-0.0053,0.0133,-0.0080,persisted
electricity_hourly_coarse_relation_001,125,150,16876,17000,16801,16950,0.6000,stable,stable,dominant_stable,dominant_stable,-0.0133,0.0133,0.0000,persisted
electricity_hourly_coarse_relation_001,125,150,17001,17125,16951,17100,0.8000,stable,stable,dominant_stable,dominant_stable,0.0253,-0.0240,-0.0013,persisted
electricity_hourly_coarse_relation_001,125,150,17126,17250,17101,17250,1.0000,stable,stable,dominant_stable,dominant_stable,0.0027,-0.0027,0.0000,persisted
electricity_hourly_coarse_relation_001,125,150,17251,17375,17251,17400,1.0000,stable,stable,dominant_stable,dominant_stable,0.0027,-0.0027,0.0000,persisted
electricity_hourly_coarse_relation_001,125,150,17376,17500,17401,17550,0.8000,stable,stable,dominant_stable,dominant_stable,0.0240,-0.0240,0.0000,persisted
electricity_hourly_coarse_relation_001,125,150,17501,17625,17551,17700,0.6000,stable,stable,dominant_stable,dominant_stable,0.0053,-0.0040,-0.0013,persisted
electricity_hourly_coarse_relation_001,125,150,17626,17750,17551,17700,0.6000,stable,stable,dominant_stable,dominant_stable,-0.0027,-0.0040,0.0067,persisted
electricity_hourly_coarse_relation_001,125,150,17751,17875,17701,17850,0.8000,stable,stable,dominant_stable,dominant_stable,-0.0053,0.0000,0.0053,persisted
electricity_hourly_coarse_relation_001,125,150,17876,18000,17851,18000,1.0000,stable,stable,dominant_stable,dominant_stable,0.0027,-0.0027,0.0000,persisted
electricity_hourly_coarse_relation_001,125,150,18001,18125,18001,18150,1.0000,stable,stable,dominant_stable,dominant_stable,-0.0053,0.0000,0.0053,persisted
electricity_hourly_coarse_relation_001,125,150,18126,18250,18151,18300,0.8000,stable,stable,dominant_stable,dominant_stable,0.0013,0.0000,-0.0013,persisted
electricity_hourly_coarse_relation_001,125,150,18251,18375,18301,18450,0.6000,stable,stable,dominant_stable,dominant_stable,0.0080,0.0000,-0.0080,persisted
electricity_hourly_coarse_relation_001,125,150,18376,18500,18301,18450,0.6000,stable,stable,dominant_stable,dominant_stable,0.0160,-0.0160,0.0000,persisted
electricity_hourly_coarse_relation_001,125,150,18501,18625,18451,18600,0.8000,stable,stable,dominant_stable,dominant_stable,0.0040,-0.0040,0.0000,persisted
electricity_hourly_coarse_relation_001,125,150,18626,18750,18601,18750,1.0000,stable,stable,dominant_stable,dominant_stable,-0.0120,0.0200,-0.0080,persisted
electricity_hourly_coarse_relation_001,125,150,18751,18875,18751,18900,1.0000,stable,stable,dominant_stable,dominant_stable,0.0000,0.0000,0.0000,persisted
electricity_hourly_coarse_relation_001,125,150,18876,19000,18901,19050,0.8000,stable,stable,dominant_stable,dominant_stable,0.0027,-0.0027,0.0000,persisted
electricity_hourly_coarse_relation_001,125,150,19001,19125,19051,19200,0.6000,stable,stable,dominant_stable,dominant_stable,-0.0040,0.0040,0.0000,persisted
electricity_hourly_coarse_relation_001,125,150,19126,19250,19051,19200,0.6000,stable,stable,dominant_stable,dominant_stable,-0.0120,0.0200,-0.0080,persisted
electricity_hourly_coarse_relation_001,125,150,19251,19375,19201,19350,0.8000,stable,stable,dominant_stable,dominant_stable,0.0133,-0.0133,0.0000,persisted
electricity_hourly_coarse_relation_001,125,150,19376,19500,19351,19500,1.0000,stable,stable,dominant_stable,dominant_stable,-0.0053,0.0000,0.0053,persisted
electricity_hourly_coarse_relation_001,125,150,19501,19625,19501,19650,1.0000,stable,stable,dominant_stable,dominant_stable,0.0000,0.0000,0.0000,persisted
electricity_hourly_coarse_relation_001,125,150,19626,19750,19651,19800,0.8000,stable,stable,dominant_stable,dominant_stable,0.0000,0.0000,0.0000,persisted
electricity_hourly_coarse_relation_001,125,150,19751,19875,19801,19950,0.6000,stable,stable,dominant_stable,dominant_stable,0.0027,-0.0027,0.0000,persisted
electricity_hourly_coarse_relation_001,125,150,19876,20000,19801,19950,0.6000,stable,stable,dominant_stable,dominant_stable,0.0107,-0.0107,0.0000,persisted
electricity_hourly_coarse_relation_001,125,150,20001,20125,19951,20100,0.8000,stable,stable,dominant_stable,dominant_stable,0.0000,0.0000,0.0000,persisted
electricity_hourly_coarse_relation_001,125,150,20126,20250,20101,20250,1.0000,stable,stable,dominant_stable,dominant_stable,-0.0053,0.0133,-0.0080,persisted
electricity_hourly_coarse_relation_001,125,150,20251,20375,20251,20400,1.0000,stable,stable,dominant_stable,dominant_stable,-0.0067,0.0000,0.0067,persisted
electricity_hourly_coarse_relation_001,125,150,20376,20500,20401,20550,0.8000,stable,stable,dominant_stable,dominant_stable,0.0000,0.0000,0.0000,persisted
electricity_hourly_coarse_relation_001,125,150,20501,20625,20551,20700,0.6000,stable,stable,dominant_stable,dominant_stable,0.0000,0.0000,0.0000,persisted
electricity_hourly_coarse_relation_001,125,150,20626,20750,20551,20700,0.6000,stable,stable,dominant_stable,dominant_stable,0.0000,0.0000,0.0000,persisted
electricity_hourly_coarse_relation_001,125,150,20751,20875,20701,20850,0.8000,stable,stable,dominant_stable,dominant_stable,0.0240,-0.0240,0.0000,persisted
electricity_hourly_coarse_relation_001,125,150,20876,21000,20851,21000,1.0000,stable,stable,dominant_stable,dominant_stable,0.0000,0.0000,0.0000,persisted
electricity_hourly_coarse_relation_001,125,150,21001,21125,21001,21150,1.0000,stable,stable,dominant_stable,dominant_stable,-0.0067,0.0000,0.0067,persisted
electricity_hourly_coarse_relation_001,125,150,21126,21250,21151,21300,0.8000,stable,stable,dominant_stable,dominant_stable,0.0027,-0.0027,0.0000,persisted
electricity_hourly_coarse_relation_001,125,150,21251,21375,21301,21450,0.6000,stable,stable,dominant_stable,dominant_stable,0.0000,0.0000,0.0000,persisted
electricity_hourly_coarse_relation_001,125,150,21376,21500,21301,21450,0.6000,stable,stable,dominant_stable,dominant_stable,0.0000,0.0000,0.0000,persisted
electricity_hourly_coarse_relation_001,125,150,21501,21625,21451,21600,0.8000,stable,stable,dominant_stable,dominant_stable,0.0000,0.0000,0.0000,persisted
electricity_hourly_coarse_relation_001,125,150,21626,21750,21601,21750,1.0000,stable,stable,dominant_stable,dominant_stable,-0.0053,0.0133,-0.0080,persisted
electricity_hourly_coarse_relation_001,125,150,21751,21875,21751,21900,1.0000,stable,stable,dominant_stable,dominant_stable,0.0013,0.0000,-0.0013,persisted
electricity_hourly_coarse_relation_001,125,150,21876,22000,21901,22050,0.8000,stable,stable,dominant_stable,dominant_stable,-0.0067,0.0000,0.0067,persisted
electricity_hourly_coarse_relation_001,125,150,22001,22125,22051,22200,0.6000,stable,stable,dominant_stable,dominant_stable,0.0027,-0.0027,0.0000,persisted
electricity_hourly_coarse_relation_001,125,150,22126,22250,22051,22200,0.6000,stable,stable,dominant_stable,dominant_stable,-0.0053,0.0133,-0.0080,persisted
electricity_hourly_coarse_relation_001,125,150,22251,22375,22201,22350,0.8000,stable,stable,dominant_stable,dominant_stable,0.0000,0.0000,0.0000,persisted
electricity_hourly_coarse_relation_001,125,150,22376,22500,22351,22500,1.0000,stable,stable,dominant_stable,dominant_stable,0.0000,0.0000,0.0000,persisted
electricity_hourly_coarse_relation_001,125,150,22501,22625,22501,22650,1.0000,stable,stable,dominant_stable,dominant_stable,0.0013,0.0000,-0.0013,persisted
electricity_hourly_coarse_relation_001,125,150,22626,22750,22651,22800,0.8000,stable,stable,dominant_stable,dominant_stable,0.0000,0.0000,0.0000,persisted
electricity_hourly_coarse_relation_001,125,150,22751,22875,22801,22950,0.6000,stable,stable,dominant_stable,dominant_stable,0.0013,0.0000,-0.0013,persisted
electricity_hourly_coarse_relation_001,125,150,22876,23000,22801,22950,0.6000,stable,stable,dominant_stable,dominant_stable,-0.0067,0.0000,0.0067,persisted
electricity_hourly_coarse_relation_001,125,150,23001,23125,22951,23100,0.8000,stable,stable,dominant_stable,dominant_stable,0.0000,0.0000,0.0000,persisted
electricity_hourly_coarse_relation_001,125,150,23126,23250,23101,23250,1.0000,stable,stable,dominant_stable,dominant_stable,0.0000,0.0000,0.0000,persisted
electricity_hourly_coarse_relation_001,125,150,23251,23375,23251,23400,1.0000,stable,stable,dominant_stable,dominant_stable,0.0013,0.0000,-0.0013,persisted
electricity_hourly_coarse_relation_001,125,150,23376,23500,23401,23550,0.8000,stable,stable,dominant_stable,dominant_stable,0.0000,0.0000,0.0000,persisted
electricity_hourly_coarse_relation_001,125,150,23501,23625,23551,23700,0.6000,stable,stable,dominant_stable,dominant_stable,0.0000,0.0000,0.0000,persisted
electricity_hourly_coarse_relation_001,125,150,23626,23750,23551,23700,0.6000,stable,stable,dominant_stable,dominant_stable,0.0000,0.0000,0.0000,persisted
electricity_hourly_coarse_relation_001,125,150,23751,23875,23701,23850,0.8000,stable,stable,dominant_stable,dominant_stable,0.0000,0.0000,0.0000,persisted
electricity_hourly_coarse_relation_001,125,150,23876,24000,23851,24000,1.0000,stable,stable,dominant_stable,dominant_stable,0.0000,0.0000,0.0000,persisted
electricity_hourly_coarse_relation_001,125,150,24001,24125,24001,24150,1.0000,stable,stable,dominant_stable,dominant_stable,0.0000,0.0000,0.0000,persisted
electricity_hourly_coarse_relation_001,125,150,24126,24250,24151,24300,0.8000,stable,stable,dominant_stable,dominant_stable,0.0000,0.0000,0.0000,persisted
electricity_hourly_coarse_relation_001,125,150,24251,24375,24301,24450,0.6000,stable,stable,dominant_stable,dominant_stable,0.0240,-0.0240,0.0000,persisted
electricity_hourly_coarse_relation_001,125,150,24376,24500,24301,24450,0.6000,stable,stable,dominant_stable,dominant_stable,0.0000,0.0000,0.0000,persisted
electricity_hourly_coarse_relation_001,125,150,24501,24625,24451,24600,0.8000,stable,stable,dominant_stable,dominant_stable,0.0240,-0.0240,0.0000,persisted
electricity_hourly_coarse_relation_001,125,150,24626,24750,24601,24750,1.0000,stable,stable,dominant_stable,dominant_stable,0.0000,0.0000,0.0000,persisted
electricity_hourly_coarse_relation_001,125,150,24751,24875,24751,24900,1.0000,stable,stable,dominant_stable,dominant_stable,0.0000,0.0000,0.0000,persisted
electricity_hourly_coarse_relation_001,125,150,24876,25000,24901,25050,0.8000,stable,stable,dominant_stable,dominant_stable,-0.0187,0.0200,-0.0013,persisted
electricity_hourly_coarse_relation_001,125,150,25001,25125,25051,25200,0.6000,stable,stable,dominant_stable,dominant_stable,0.0253,-0.0240,-0.0013,persisted
electricity_hourly_coarse_relation_001,125,150,25126,25250,25051,25200,0.6000,stable,stable,dominant_stable,dominant_stable,-0.0067,0.0000,0.0067,persisted
electricity_hourly_coarse_relation_001,125,150,25251,25375,25201,25350,0.8000,stable,stable,dominant_stable,dominant_stable,0.0093,-0.0160,0.0067,persisted
electricity_hourly_coarse_relation_001,125,150,25376,25500,25351,25500,1.0000,stable,stable,dominant_stable,dominant_stable,0.0173,-0.0240,0.0067,persisted
electricity_hourly_coarse_relation_001,125,150,25501,25625,25501,25650,1.0000,stable,stable,dominant_stable,dominant_stable,0.0013,0.0000,-0.0013,persisted
electricity_hourly_coarse_relation_001,125,150,25626,25750,25651,25800,0.8000,stable,stable,dominant_stable,dominant_stable,0.0000,0.0000,0.0000,persisted
electricity_hourly_coarse_relation_001,125,150,25751,25875,25801,25950,0.6000,stable,stable,dominant_stable,dominant_stable,-0.0067,0.0000,0.0067,persisted
electricity_hourly_coarse_relation_001,125,150,25876,26000,25801,25950,0.6000,stable,stable,dominant_stable,dominant_stable,0.0013,0.0000,-0.0013,persisted
electricity_hourly_coarse_relation_001,125,150,26001,26125,25951,26100,0.8000,stable,stable,dominant_stable,dominant_stable,0.0013,0.0000,-0.0013,persisted
electricity_hourly_coarse_relation_001,125,150,26126,26250,26101,26250,1.0000,stable,stable,dominant_stable,dominant_stable,0.0013,0.0000,-0.0013,persisted
electricity_hourly_coarse_relation_001,125,150,26251,26304,26251,26304,1.0000,stable,stable,dominant_stable,dominant_stable,0.0000,0.0000,0.0000,persisted
electricity_hourly_coarse_relation_001,150,175,1,150,1,175,1.0000,stable,stable,dominant_stable,dominant_stable,0.0000,0.0000,0.0000,persisted
electricity_hourly_coarse_relation_001,150,175,151,300,176,350,0.8333,stable,stable,dominant_stable,dominant_stable,0.0000,0.0000,0.0000,persisted
electricity_hourly_coarse_relation_001,150,175,301,450,351,525,0.6667,stable,stable,dominant_stable,dominant_stable,0.0000,0.0000,0.0000,persisted
electricity_hourly_coarse_relation_001,150,175,451,600,351,525,0.5000,stable,stable,dominant_stable,dominant_stable,0.0000,0.0000,0.0000,persisted
electricity_hourly_coarse_relation_001,150,175,601,750,526,700,0.6667,stable,stable,dominant_stable,dominant_stable,0.0000,0.0000,0.0000,persisted
electricity_hourly_coarse_relation_001,150,175,751,900,701,875,0.8333,stable,stable,dominant_stable,dominant_stable,0.0200,-0.0200,0.0000,persisted
electricity_hourly_coarse_relation_001,150,175,901,1050,876,1050,1.0000,stable,stable,dominant_stable,dominant_stable,0.0133,-0.0133,0.0000,persisted
electricity_hourly_coarse_relation_001,150,175,1051,1200,1051,1225,1.0000,stable,stable,dominant_stable,dominant_stable,0.0029,-0.0029,0.0000,persisted
electricity_hourly_coarse_relation_001,150,175,1201,1350,1226,1400,0.8333,stable,stable,dominant_stable,dominant_stable,0.0000,0.0000,0.0000,persisted
electricity_hourly_coarse_relation_001,150,175,1351,1500,1401,1575,0.6667,stable,stable,dominant_stable,dominant_stable,0.0333,-0.0333,0.0000,persisted
electricity_hourly_coarse_relation_001,150,175,1501,1650,1401,1575,0.5000,stable,stable,dominant_stable,dominant_stable,0.0000,0.0000,0.0000,persisted
electricity_hourly_coarse_relation_001,150,175,1651,1800,1576,1750,0.6667,stable,stable,dominant_stable,dominant_stable,0.0000,0.0000,0.0000,persisted
electricity_hourly_coarse_relation_001,150,175,1801,1950,1751,1925,0.8333,stable,stable,dominant_stable,dominant_stable,0.0333,-0.0333,0.0000,persisted
electricity_hourly_coarse_relation_001,150,175,1951,2100,1926,2100,1.0000,stable,stable,dominant_stable,dominant_stable,0.0000,0.0000,0.0000,persisted
electricity_hourly_coarse_relation_001,150,175,2101,2250,2101,2275,1.0000,stable,stable,dominant_stable,dominant_stable,0.0000,0.0000,0.0000,persisted
electricity_hourly_coarse_relation_001,150,175,2251,2400,2276,2450,0.8333,stable,stable,dominant_stable,dominant_stable,0.0200,-0.0200,0.0000,persisted
electricity_hourly_coarse_relation_001,150,175,2401,2550,2451,2625,0.6667,stable,stable,dominant_stable,dominant_stable,0.0162,-0.0219,0.0057,persisted
electricity_hourly_coarse_relation_001,150,175,2551,2700,2451,2625,0.5000,stable,stable,dominant_stable,dominant_stable,-0.0038,-0.0019,0.0057,persisted
electricity_hourly_coarse_relation_001,150,175,2701,2850,2626,2800,0.6667,stable,stable,dominant_stable,dominant_stable,0.0000,0.0000,0.0000,persisted
electricity_hourly_coarse_relation_001,150,175,2851,3000,2801,2975,0.8333,stable,stable,dominant_stable,dominant_stable,0.0200,-0.0200,0.0000,persisted
electricity_hourly_coarse_relation_001,150,175,3001,3150,2976,3150,1.0000,stable,stable,dominant_stable,dominant_stable,0.0000,0.0000,0.0000,persisted
electricity_hourly_coarse_relation_001,150,175,3151,3300,3151,3325,1.0000,stable,stable,dominant_stable,dominant_stable,0.0000,0.0000,0.0000,persisted
electricity_hourly_coarse_relation_001,150,175,3301,3450,3326,3500,0.8333,stable,stable,dominant_stable,dominant_stable,0.0000,0.0000,0.0000,persisted
electricity_hourly_coarse_relation_001,150,175,3451,3600,3501,3675,0.6667,stable,stable,dominant_stable,dominant_stable,0.0000,0.0000,0.0000,persisted
electricity_hourly_coarse_relation_001,150,175,3601,3750,3501,3675,0.5000,stable,stable,dominant_stable,dominant_stable,0.0000,0.0000,0.0000,persisted
electricity_hourly_coarse_relation_001,150,175,3751,3900,3676,3850,0.6667,stable,stable,dominant_stable,dominant_stable,-0.0048,0.0114,-0.0067,persisted
electricity_hourly_coarse_relation_001,150,175,3901,4050,3851,4025,0.8333,stable,stable,dominant_stable,dominant_stable,0.0029,-0.0029,0.0000,persisted
electricity_hourly_coarse_relation_001,150,175,4051,4200,4026,4200,1.0000,stable,stable,dominant_stable,dominant_stable,0.0019,-0.0019,0.0000,persisted
electricity_hourly_coarse_relation_001,150,175,4201,4350,4201,4375,1.0000,stable,stable,dominant_stable,dominant_stable,0.0000,0.0000,0.0000,persisted
electricity_hourly_coarse_relation_001,150,175,4351,4500,4376,4550,0.8333,stable,stable,dominant_stable,dominant_stable,0.0010,0.0000,-0.0010,persisted
electricity_hourly_coarse_relation_001,150,175,4501,4650,4551,4725,0.6667,stable,stable,dominant_stable,dominant_stable,-0.0105,0.0171,-0.0067,persisted
electricity_hourly_coarse_relation_001,150,175,4651,4800,4551,4725,0.5000,stable,stable,dominant_stable,dominant_stable,-0.0171,0.0171,0.0000,persisted
electricity_hourly_coarse_relation_001,150,175,4801,4950,4726,4900,0.6667,stable,stable,dominant_stable,dominant_stable,0.0067,0.0000,-0.0067,persisted
electricity_hourly_coarse_relation_001,150,175,4951,5100,4901,5075,0.8333,stable,stable,dominant_stable,dominant_stable,0.0086,-0.0086,0.0000,persisted
electricity_hourly_coarse_relation_001,150,175,5101,5250,5076,5250,1.0000,stable,stable,dominant_stable,dominant_stable,-0.0057,0.0000,0.0057,persisted
electricity_hourly_coarse_relation_001,150,175,5251,5400,5251,5425,1.0000,stable,stable,dominant_stable,dominant_stable,0.0010,0.0000,-0.0010,persisted
electricity_hourly_coarse_relation_001,150,175,5401,5550,5426,5600,0.8333,stable,stable,dominant_stable,dominant_stable,0.0000,0.0000,0.0000,persisted
electricity_hourly_coarse_relation_001,150,175,5551,5700,5601,5775,0.6667,stable,stable,dominant_stable,dominant_stable,-0.0057,0.0000,0.0057,persisted
electricity_hourly_coarse_relation_001,150,175,5701,5850,5601,5775,0.5000,stable,stable,dominant_stable,dominant_stable,0.0010,0.0000,-0.0010,persisted
electricity_hourly_coarse_relation_001,150,175,5851,6000,5776,5950,0.6667,stable,stable,dominant_stable,dominant_stable,0.0076,-0.0133,0.0057,persisted
electricity_hourly_coarse_relation_001,150,175,6001,6150,5951,6125,0.8333,stable,stable,dominant_stable,dominant_stable,-0.0057,0.0000,0.0057,persisted
electricity_hourly_coarse_relation_001,150,175,6151,6300,6126,6300,1.0000,stable,stable,dominant_stable,dominant_stable,0.0029,-0.0029,0.0000,persisted
electricity_hourly_coarse_relation_001,150,175,6301,6450,6301,6475,1.0000,stable,stable,dominant_stable,dominant_stable,0.0000,0.0000,0.0000,persisted
electricity_hourly_coarse_relation_001,150,175,6451,6600,6476,6650,0.8333,stable,stable,dominant_stable,dominant_stable,0.0000,0.0000,0.0000,persisted
electricity_hourly_coarse_relation_001,150,175,6601,6750,6651,6825,0.6667,stable,stable,dominant_stable,dominant_stable,0.0000,0.0000,0.0000,persisted
electricity_hourly_coarse_relation_001,150,175,6751,6900,6651,6825,0.5000,stable,stable,dominant_stable,dominant_stable,0.0000,0.0000,0.0000,persisted
electricity_hourly_coarse_relation_001,150,175,6901,7050,6826,7000,0.6667,stable,stable,dominant_stable,dominant_stable,0.0000,0.0000,0.0000,persisted
electricity_hourly_coarse_relation_001,150,175,7051,7200,7001,7175,0.8333,stable,stable,dominant_stable,dominant_stable,0.0000,0.0000,0.0000,persisted
electricity_hourly_coarse_relation_001,150,175,7201,7350,7176,7350,1.0000,stable,stable,dominant_stable,dominant_stable,0.0000,0.0000,0.0000,persisted
electricity_hourly_coarse_relation_001,150,175,7351,7500,7351,7525,1.0000,stable,stable,dominant_stable,dominant_stable,0.0000,0.0000,0.0000,persisted
electricity_hourly_coarse_relation_001,150,175,7501,7650,7526,7700,0.8333,stable,stable,dominant_stable,dominant_stable,0.0200,-0.0200,0.0000,persisted
electricity_hourly_coarse_relation_001,150,175,7651,7800,7701,7875,0.6667,stable,stable,dominant_stable,dominant_stable,0.0000,0.0000,0.0000,persisted
electricity_hourly_coarse_relation_001,150,175,7801,7950,7701,7875,0.5000,stable,stable,dominant_stable,dominant_stable,0.0133,-0.0133,0.0000,persisted
electricity_hourly_coarse_relation_001,150,175,7951,8100,7876,8050,0.6667,stable,stable,dominant_stable,dominant_stable,0.0152,-0.0086,-0.0067,persisted
electricity_hourly_coarse_relation_001,150,175,8101,8250,8051,8225,0.8333,stable,stable,dominant_stable,dominant_stable,0.0029,-0.0029,0.0000,persisted
electricity_hourly_coarse_relation_001,150,175,8251,8400,8226,8400,1.0000,stable,stable,dominant_stable,dominant_stable,0.0200,-0.0200,0.0000,persisted
electricity_hourly_coarse_relation_001,150,175,8401,8550,8401,8575,1.0000,stable,stable,dominant_stable,dominant_stable,0.0000,0.0000,0.0000,persisted
electricity_hourly_coarse_relation_001,150,175,8551,8700,8576,8750,0.8333,stable,stable,dominant_stable,dominant_stable,0.0029,-0.0029,0.0000,persisted
electricity_hourly_coarse_relation_001,150,175,8701,8850,8751,8925,0.6667,stable,stable,dominant_stable,dominant_stable,0.0086,-0.0019,-0.0067,persisted
electricity_hourly_coarse_relation_001,150,175,8851,9000,8751,8925,0.5000,stable,stable,dominant_stable,dominant_stable,-0.0114,0.0114,0.0000,persisted
electricity_hourly_coarse_relation_001,150,175,9001,9150,8926,9100,0.6667,stable,stable,dominant_stable,dominant_stable,0.0133,-0.0133,0.0000,persisted
electricity_hourly_coarse_relation_001,150,175,9151,9300,9101,9275,0.8333,stable,stable,dominant_stable,dominant_stable,0.0029,-0.0019,-0.0010,persisted
electricity_hourly_coarse_relation_001,150,175,9301,9450,9276,9450,1.0000,stable,stable,dominant_stable,dominant_stable,0.0000,0.0000,0.0000,persisted
electricity_hourly_coarse_relation_001,150,175,9451,9600,9451,9625,1.0000,stable,stable,dominant_stable,dominant_stable,0.0000,0.0000,0.0000,persisted
electricity_hourly_coarse_relation_001,150,175,9601,9750,9626,9800,0.8333,stable,stable,dominant_stable,dominant_stable,0.0000,0.0000,0.0000,persisted
electricity_hourly_coarse_relation_001,150,175,9751,9900,9801,9975,0.6667,stable,stable,dominant_stable,dominant_stable,0.0000,0.0000,0.0000,persisted
electricity_hourly_coarse_relation_001,150,175,9901,10050,9801,9975,0.5000,stable,stable,dominant_stable,dominant_stable,0.0000,0.0000,0.0000,persisted
electricity_hourly_coarse_relation_001,150,175,10051,10200,9976,10150,0.6667,stable,stable,dominant_stable,dominant_stable,0.0000,0.0000,0.0000,persisted
electricity_hourly_coarse_relation_001,150,175,10201,10350,10151,10325,0.8333,stable,stable,dominant_stable,dominant_stable,0.0000,0.0000,0.0000,persisted
electricity_hourly_coarse_relation_001,150,175,10351,10500,10326,10500,1.0000,stable,stable,dominant_stable,dominant_stable,0.0010,0.0000,-0.0010,persisted
electricity_hourly_coarse_relation_001,150,175,10501,10650,10501,10675,1.0000,stable,stable,dominant_stable,dominant_stable,0.0000,0.0000,0.0000,persisted
electricity_hourly_coarse_relation_001,150,175,10651,10800,10676,10850,0.8333,stable,stable,dominant_stable,dominant_stable,0.0000,0.0000,0.0000,persisted
electricity_hourly_coarse_relation_001,150,175,10801,10950,10851,11025,0.6667,stable,stable,dominant_stable,dominant_stable,-0.0105,0.0171,-0.0067,persisted
electricity_hourly_coarse_relation_001,150,175,10951,11100,10851,11025,0.5000,stable,stable,dominant_stable,dominant_stable,0.0029,-0.0029,0.0000,persisted
electricity_hourly_coarse_relation_001,150,175,11101,11250,11026,11200,0.6667,stable,stable,dominant_stable,dominant_stable,0.0010,0.0000,-0.0010,persisted
electricity_hourly_coarse_relation_001,150,175,11251,11400,11201,11375,0.8333,stable,stable,dominant_stable,dominant_stable,0.0086,-0.0086,0.0000,persisted
electricity_hourly_coarse_relation_001,150,175,11401,11550,11376,11550,1.0000,stable,stable,dominant_stable,dominant_stable,0.0000,0.0000,0.0000,persisted
electricity_hourly_coarse_relation_001,150,175,11551,11700,11551,11725,1.0000,stable,stable,dominant_stable,dominant_stable,-0.0095,0.0171,-0.0076,persisted
electricity_hourly_coarse_relation_001,150,175,11701,11850,11726,11900,0.8333,stable,stable,dominant_stable,dominant_stable,0.0000,0.0000,0.0000,persisted
electricity_hourly_coarse_relation_001,150,175,11851,12000,11901,12075,0.6667,stable,stable,dominant_stable,dominant_stable,-0.0114,0.0114,0.0000,persisted
electricity_hourly_coarse_relation_001,150,175,12001,12150,11901,12075,0.5000,stable,stable,dominant_stable,dominant_stable,0.0086,-0.0086,0.0000,persisted
electricity_hourly_coarse_relation_001,150,175,12151,12300,12076,12250,0.6667,stable,stable,dominant_stable,dominant_stable,0.0143,-0.0200,0.0057,persisted
electricity_hourly_coarse_relation_001,150,175,12301,12450,12251,12425,0.8333,stable,stable,dominant_stable,dominant_stable,-0.0048,0.0114,-0.0067,persisted
electricity_hourly_coarse_relation_001,150,175,12451,12600,12426,12600,1.0000,stable,stable,dominant_stable,dominant_stable,0.0000,0.0000,0.0000,persisted
electricity_hourly_coarse_relation_001,150,175,12601,12750,12601,12775,1.0000,stable,stable,dominant_stable,dominant_stable,0.0000,0.0000,0.0000,persisted
electricity_hourly_coarse_relation_001,150,175,12751,12900,12776,12950,0.8333,stable,stable,dominant_stable,dominant_stable,0.0086,-0.0086,0.0000,persisted
electricity_hourly_coarse_relation_001,150,175,12901,13050,12951,13125,0.6667,stable,stable,dominant_stable,dominant_stable,-0.0114,0.0114,0.0000,persisted
electricity_hourly_coarse_relation_001,150,175,13051,13200,12951,13125,0.5000,stable,stable,dominant_stable,dominant_stable,0.0019,-0.0019,0.0000,persisted
electricity_hourly_coarse_relation_001,150,175,13201,13350,13126,13300,0.6667,stable,stable,dominant_stable,dominant_stable,0.0000,0.0000,0.0000,persisted
electricity_hourly_coarse_relation_001,150,175,13351,13500,13301,13475,0.8333,stable,stable,dominant_stable,dominant_stable,0.0000,0.0000,0.0000,persisted
electricity_hourly_coarse_relation_001,150,175,13501,13650,13476,13650,1.0000,stable,stable,dominant_stable,dominant_stable,0.0029,-0.0029,0.0000,persisted
electricity_hourly_coarse_relation_001,150,175,13651,13800,13651,13825,1.0000,stable,stable,dominant_stable,dominant_stable,0.0000,0.0000,0.0000,persisted
electricity_hourly_coarse_relation_001,150,175,13801,13950,13826,14000,0.8333,stable,stable,dominant_stable,dominant_stable,0.0010,0.0000,-0.0010,persisted
electricity_hourly_coarse_relation_001,150,175,13951,14100,14001,14175,0.6667,stable,stable,dominant_stable,dominant_stable,0.0200,-0.0200,0.0000,persisted
electricity_hourly_coarse_relation_001,150,175,14101,14250,14001,14175,0.5000,stable,stable,dominant_stable,dominant_stable,0.0000,0.0000,0.0000,persisted
electricity_hourly_coarse_relation_001,150,175,14251,14400,14176,14350,0.6667,stable,stable,dominant_stable,dominant_stable,-0.0114,0.0114,0.0000,persisted
electricity_hourly_coarse_relation_001,150,175,14401,14550,14351,14525,0.8333,stable,stable,dominant_stable,dominant_stable,0.0086,-0.0086,0.0000,persisted
electricity_hourly_coarse_relation_001,150,175,14551,14700,14526,14700,1.0000,stable,stable,dominant_stable,dominant_stable,0.0200,-0.0200,0.0000,persisted
electricity_hourly_coarse_relation_001,150,175,14701,14850,14701,14875,1.0000,stable,stable,dominant_stable,dominant_stable,0.0200,-0.0200,0.0000,persisted
electricity_hourly_coarse_relation_001,150,175,14851,15000,14876,15050,0.8333,stable,stable,dominant_stable,dominant_stable,0.0086,-0.0086,0.0000,persisted
electricity_hourly_coarse_relation_001,150,175,15001,15150,15051,15225,0.6667,stable,stable,dominant_stable,dominant_stable,0.0029,-0.0029,0.0000,persisted
electricity_hourly_coarse_relation_001,150,175,15151,15300,15051,15225,0.5000,stable,stable,dominant_stable,dominant_stable,0.0029,-0.0029,0.0000,persisted
electricity_hourly_coarse_relation_001,150,175,15301,15450,15226,15400,0.6667,stable,stable,dominant_stable,dominant_stable,0.0200,-0.0200,0.0000,persisted
electricity_hourly_coarse_relation_001,150,175,15451,15600,15401,15575,0.8333,stable,stable,dominant_stable,dominant_stable,0.0000,0.0000,0.0000,persisted
electricity_hourly_coarse_relation_001,150,175,15601,15750,15576,15750,1.0000,stable,stable,dominant_stable,dominant_stable,0.0000,0.0000,0.0000,persisted
electricity_hourly_coarse_relation_001,150,175,15751,15900,15751,15925,1.0000,stable,stable,dominant_stable,dominant_stable,0.0000,0.0000,0.0000,persisted
electricity_hourly_coarse_relation_001,150,175,15901,16050,15926,16100,0.8333,stable,stable,dominant_stable,dominant_stable,0.0000,0.0000,0.0000,persisted
electricity_hourly_coarse_relation_001,150,175,16051,16200,16101,16275,0.6667,stable,stable,dominant_stable,dominant_stable,0.0133,-0.0133,0.0000,persisted
electricity_hourly_coarse_relation_001,150,175,16201,16350,16101,16275,0.5000,stable,stable,dominant_stable,dominant_stable,0.0000,0.0000,0.0000,persisted
electricity_hourly_coarse_relation_001,150,175,16351,16500,16276,16450,0.6667,stable,stable,dominant_stable,dominant_stable,0.0200,-0.0200,0.0000,persisted
electricity_hourly_coarse_relation_001,150,175,16501,16650,16451,16625,0.8333,stable,stable,dominant_stable,dominant_stable,-0.0029,0.0038,-0.0010,persisted
electricity_hourly_coarse_relation_001,150,175,16651,16800,16626,16800,1.0000,stable,stable,dominant_stable,dominant_stable,0.0000,0.0000,0.0000,persisted
electricity_hourly_coarse_relation_001,150,175,16801,16950,16801,16975,1.0000,stable,stable,dominant_stable,dominant_stable,-0.0038,0.0038,0.0000,persisted
electricity_hourly_coarse_relation_001,150,175,16951,17100,16976,17150,0.8333,stable,stable,dominant_stable,dominant_stable,0.0010,0.0000,-0.0010,persisted
electricity_hourly_coarse_relation_001,150,175,17101,17250,17151,17325,0.6667,stable,stable,dominant_stable,dominant_stable,-0.0038,0.0038,0.0000,persisted
electricity_hourly_coarse_relation_001,150,175,17251,17400,17151,17325,0.5000,stable,stable,dominant_stable,dominant_stable,-0.0038,0.0038,0.0000,persisted
electricity_hourly_coarse_relation_001,150,175,17401,17550,17326,17500,0.6667,stable,stable,dominant_stable,dominant_stable,-0.0057,0.0000,0.0057,persisted
electricity_hourly_coarse_relation_001,150,175,17551,17700,17501,17675,0.8333,stable,stable,dominant_stable,dominant_stable,0.0210,-0.0200,-0.0010,persisted
electricity_hourly_coarse_relation_001,150,175,17701,17850,17676,17850,1.0000,stable,stable,dominant_stable,dominant_stable,0.0019,0.0000,-0.0019,persisted
electricity_hourly_coarse_relation_001,150,175,17851,18000,17851,18025,1.0000,stable,stable,dominant_stable,dominant_stable,0.0019,-0.0019,0.0000,persisted
electricity_hourly_coarse_relation_001,150,175,18001,18150,18026,18200,0.8333,stable,stable,dominant_stable,dominant_stable,0.0019,0.0000,-0.0019,persisted
electricity_hourly_coarse_relation_001,150,175,18151,18300,18201,18375,0.6667,stable,stable,dominant_stable,dominant_stable,0.0010,0.0000,-0.0010,persisted
electricity_hourly_coarse_relation_001,150,175,18301,18450,18201,18375,0.5000,stable,stable,dominant_stable,dominant_stable,-0.0057,0.0000,0.0057,persisted
electricity_hourly_coarse_relation_001,150,175,18451,18600,18376,18550,0.6667,stable,stable,dominant_stable,dominant_stable,0.0086,-0.0086,0.0000,persisted
electricity_hourly_coarse_relation_001,150,175,18601,18750,18551,18725,0.8333,stable,stable,dominant_stable,dominant_stable,0.0200,-0.0200,0.0000,persisted
electricity_hourly_coarse_relation_001,150,175,18751,18900,18726,18900,1.0000,stable,stable,dominant_stable,dominant_stable,0.0000,0.0000,0.0000,persisted
electricity_hourly_coarse_relation_001,150,175,18901,19050,18901,19075,1.0000,stable,stable,dominant_stable,dominant_stable,-0.0038,0.0038,0.0000,persisted
electricity_hourly_coarse_relation_001,150,175,19051,19200,19076,19250,0.8333,stable,stable,dominant_stable,dominant_stable,0.0086,-0.0086,0.0000,persisted
electricity_hourly_coarse_relation_001,150,175,19201,19350,19251,19425,0.6667,stable,stable,dominant_stable,dominant_stable,-0.0019,0.0019,0.0000,persisted
electricity_hourly_coarse_relation_001,150,175,19351,19500,19251,19425,0.5000,stable,stable,dominant_stable,dominant_stable,-0.0152,0.0286,-0.0133,persisted
electricity_hourly_coarse_relation_001,150,175,19501,19650,19426,19600,0.6667,stable,stable,dominant_stable,dominant_stable,-0.0057,0.0000,0.0057,persisted
electricity_hourly_coarse_relation_001,150,175,19651,19800,19601,19775,0.8333,stable,stable,dominant_stable,dominant_stable,0.0000,0.0000,0.0000,persisted
electricity_hourly_coarse_relation_001,150,175,19801,19950,19776,19950,1.0000,stable,stable,dominant_stable,dominant_stable,0.0019,-0.0019,0.0000,persisted
electricity_hourly_coarse_relation_001,150,175,19951,20100,19951,20125,1.0000,stable,stable,dominant_stable,dominant_stable,0.0000,0.0000,0.0000,persisted
electricity_hourly_coarse_relation_001,150,175,20101,20250,20126,20300,0.8333,stable,stable,dominant_stable,dominant_stable,0.0076,-0.0133,0.0057,persisted
electricity_hourly_coarse_relation_001,150,175,20251,20400,20301,20475,0.6667,stable,stable,dominant_stable,dominant_stable,0.0067,0.0000,-0.0067,persisted
electricity_hourly_coarse_relation_001,150,175,20401,20550,20301,20475,0.5000,stable,stable,dominant_stable,dominant_stable,0.0000,0.0000,0.0000,persisted
electricity_hourly_coarse_relation_001,150,175,20551,20700,20476,20650,0.6667,stable,stable,dominant_stable,dominant_stable,0.0000,0.0000,0.0000,persisted
electricity_hourly_coarse_relation_001,150,175,20701,20850,20651,20825,0.8333,stable,stable,dominant_stable,dominant_stable,0.0000,0.0000,0.0000,persisted
electricity_hourly_coarse_relation_001,150,175,20851,21000,20826,21000,1.0000,stable,stable,dominant_stable,dominant_stable,-0.0057,0.0000,0.0057,persisted
electricity_hourly_coarse_relation_001,150,175,21001,21150,21001,21175,1.0000,stable,stable,dominant_stable,dominant_stable,-0.0048,0.0114,-0.0067,persisted
electricity_hourly_coarse_relation_001,150,175,21151,21300,21176,21350,0.8333,stable,stable,dominant_stable,dominant_stable,-0.0038,0.0038,0.0000,persisted
electricity_hourly_coarse_relation_001,150,175,21301,21450,21351,21525,0.6667,stable,stable,dominant_stable,dominant_stable,0.0000,0.0000,0.0000,persisted
electricity_hourly_coarse_relation_001,150,175,21451,21600,21351,21525,0.5000,stable,stable,dominant_stable,dominant_stable,0.0000,0.0000,0.0000,persisted
electricity_hourly_coarse_relation_001,150,175,21601,21750,21526,21700,0.6667,stable,stable,dominant_stable,dominant_stable,0.0133,-0.0133,0.0000,persisted
electricity_hourly_coarse_relation_001,150,175,21751,21900,21701,21875,0.8333,stable,stable,dominant_stable,dominant_stable,0.0010,0.0000,-0.0010,persisted
electricity_hourly_coarse_relation_001,150,175,21901,22050,21876,22050,1.0000,stable,stable,dominant_stable,dominant_stable,0.0010,0.0000,-0.0010,persisted
electricity_hourly_coarse_relation_001,150,175,22051,22200,22051,22225,1.0000,stable,stable,dominant_stable,dominant_stable,0.0019,-0.0019,0.0000,persisted
electricity_hourly_coarse_relation_001,150,175,22201,22350,22226,22400,0.8333,stable,stable,dominant_stable,dominant_stable,0.0000,0.0000,0.0000,persisted
electricity_hourly_coarse_relation_001,150,175,22351,22500,22401,22575,0.6667,stable,stable,dominant_stable,dominant_stable,-0.0057,0.0000,0.0057,persisted
electricity_hourly_coarse_relation_001,150,175,22501,22650,22401,22575,0.5000,stable,stable,dominant_stable,dominant_stable,0.0010,0.0000,-0.0010,persisted
electricity_hourly_coarse_relation_001,150,175,22651,22800,22576,22750,0.6667,stable,stable,dominant_stable,dominant_stable,0.0000,0.0000,0.0000,persisted
electricity_hourly_coarse_relation_001,150,175,22801,22950,22751,22925,0.8333,stable,stable,dominant_stable,dominant_stable,0.0010,0.0000,-0.0010,persisted
electricity_hourly_coarse_relation_001,150,175,22951,23100,22926,23100,1.0000,stable,stable,dominant_stable,dominant_stable,0.0000,0.0000,0.0000,persisted
electricity_hourly_coarse_relation_001,150,175,23101,23250,23101,23275,1.0000,stable,stable,dominant_stable,dominant_stable,0.0000,0.0000,0.0000,persisted
electricity_hourly_coarse_relation_001,150,175,23251,23400,23276,23450,0.8333,stable,stable,dominant_stable,dominant_stable,0.0010,0.0000,-0.0010,persisted
electricity_hourly_coarse_relation_001,150,175,23401,23550,23451,23625,0.6667,stable,stable,dominant_stable,dominant_stable,0.0000,0.0000,0.0000,persisted
electricity_hourly_coarse_relation_001,150,175,23551,23700,23451,23625,0.5000,stable,stable,dominant_stable,dominant_stable,0.0000,0.0000,0.0000,persisted
electricity_hourly_coarse_relation_001,150,175,23701,23850,23626,23800,0.6667,stable,stable,dominant_stable,dominant_stable,0.0000,0.0000,0.0000,persisted
electricity_hourly_coarse_relation_001,150,175,23851,24000,23801,23975,0.8333,stable,stable,dominant_stable,dominant_stable,-0.0171,0.0171,0.0000,persisted
electricity_hourly_coarse_relation_001,150,175,24001,24150,23976,24150,1.0000,stable,stable,dominant_stable,dominant_stable,0.0000,0.0000,0.0000,persisted
electricity_hourly_coarse_relation_001,150,175,24151,24300,24151,24325,1.0000,stable,stable,dominant_stable,dominant_stable,0.0000,0.0000,0.0000,persisted
electricity_hourly_coarse_relation_001,150,175,24301,24450,24326,24500,0.8333,stable,stable,dominant_stable,dominant_stable,0.0000,0.0000,0.0000,persisted
electricity_hourly_coarse_relation_001,150,175,24451,24600,24501,24675,0.6667,stable,stable,dominant_stable,dominant_stable,0.0000,0.0000,0.0000,persisted
electricity_hourly_coarse_relation_001,150,175,24601,24750,24501,24675,0.5000,stable,stable,dominant_stable,dominant_stable,0.0000,0.0000,0.0000,persisted
electricity_hourly_coarse_relation_001,150,175,24751,24900,24676,24850,0.6667,stable,stable,dominant_stable,dominant_stable,0.0000,0.0000,0.0000,persisted
electricity_hourly_coarse_relation_001,150,175,24901,25050,24851,25025,0.8333,stable,stable,dominant_stable,dominant_stable,0.0152,-0.0086,-0.0067,persisted
electricity_hourly_coarse_relation_001,150,175,25051,25200,25026,25200,1.0000,stable,stable,dominant_stable,dominant_stable,0.0010,0.0000,-0.0010,persisted
electricity_hourly_coarse_relation_001,150,175,25201,25350,25201,25375,1.0000,stable,stable,dominant_stable,dominant_stable,-0.0048,0.0114,-0.0067,persisted
electricity_hourly_coarse_relation_001,150,175,25351,25500,25376,25550,0.8333,stable,stable,dominant_stable,dominant_stable,0.0067,0.0000,-0.0067,persisted
electricity_hourly_coarse_relation_001,150,175,25501,25650,25551,25725,0.6667,stable,stable,dominant_stable,dominant_stable,0.0067,0.0000,-0.0067,persisted
electricity_hourly_coarse_relation_001,150,175,25651,25800,25551,25725,0.5000,stable,stable,dominant_stable,dominant_stable,0.0000,0.0000,0.0000,persisted
electricity_hourly_coarse_relation_001,150,175,25801,25950,25726,25900,0.6667,stable,stable,dominant_stable,dominant_stable,0.0067,0.0000,-0.0067,persisted
electricity_hourly_coarse_relation_001,150,175,25951,26100,25901,26075,0.8333,stable,stable,dominant_stable,dominant_stable,0.0010,0.0000,-0.0010,persisted
electricity_hourly_coarse_relation_001,150,175,26101,26250,26076,26250,1.0000,stable,stable,dominant_stable,dominant_stable,-0.0048,0.0114,-0.0067,persisted
electricity_hourly_coarse_relation_001,150,175,26251,26304,26251,26304,1.0000,stable,stable,dominant_stable,dominant_stable,0.0000,0.0000,0.0000,persisted
electricity_hourly_coarse_relation_001,175,200,1,175,1,200,1.0000,stable,stable,dominant_stable,dominant_stable,0.0000,0.0000,0.0000,persisted
electricity_hourly_coarse_relation_001,175,200,176,350,201,400,0.8571,stable,stable,dominant_stable,dominant_stable,0.0000,0.0000,0.0000,persisted
electricity_hourly_coarse_relation_001,175,200,351,525,401,600,0.7143,stable,stable,dominant_stable,dominant_stable,0.0000,0.0000,0.0000,persisted
electricity_hourly_coarse_relation_001,175,200,526,700,601,800,0.5714,stable,stable,dominant_stable,dominant_stable,0.0000,0.0000,0.0000,persisted
electricity_hourly_coarse_relation_001,175,200,701,875,601,800,0.5714,stable,stable,dominant_stable,dominant_stable,0.0000,0.0000,0.0000,persisted
electricity_hourly_coarse_relation_001,175,200,876,1050,801,1000,0.7143,stable,stable,dominant_stable,dominant_stable,0.0000,0.0000,0.0000,persisted
electricity_hourly_coarse_relation_001,175,200,1051,1225,1001,1200,0.8571,stable,stable,dominant_stable,dominant_stable,0.0171,-0.0171,0.0000,persisted
electricity_hourly_coarse_relation_001,175,200,1226,1400,1201,1400,1.0000,stable,stable,dominant_stable,dominant_stable,0.0000,0.0000,0.0000,persisted
electricity_hourly_coarse_relation_001,175,200,1401,1575,1401,1600,1.0000,stable,stable,dominant_stable,dominant_stable,0.0000,0.0000,0.0000,persisted
electricity_hourly_coarse_relation_001,175,200,1576,1750,1601,1800,0.8571,stable,stable,dominant_stable,dominant_stable,0.0000,0.0000,0.0000,persisted
electricity_hourly_coarse_relation_001,175,200,1751,1925,1801,2000,0.7143,stable,stable,dominant_stable,dominant_stable,0.0000,0.0000,0.0000,persisted
electricity_hourly_coarse_relation_001,175,200,1926,2100,2001,2200,0.5714,stable,stable,dominant_stable,dominant_stable,0.0000,0.0000,0.0000,persisted
electricity_hourly_coarse_relation_001,175,200,2101,2275,2001,2200,0.5714,stable,stable,dominant_stable,dominant_stable,0.0000,0.0000,0.0000,persisted
electricity_hourly_coarse_relation_001,175,200,2276,2450,2201,2400,0.7143,stable,stable,dominant_stable,dominant_stable,0.0000,0.0000,0.0000,persisted
electricity_hourly_coarse_relation_001,175,200,2451,2625,2401,2600,0.8571,stable,stable,dominant_stable,dominant_stable,0.0071,-0.0014,-0.0057,persisted
electricity_hourly_coarse_relation_001,175,200,2626,2800,2601,2800,1.0000,stable,stable,dominant_stable,dominant_stable,0.0000,0.0000,0.0000,persisted
electricity_hourly_coarse_relation_001,175,200,2801,2975,2801,3000,1.0000,stable,stable,dominant_stable,dominant_stable,0.0000,0.0000,0.0000,persisted
electricity_hourly_coarse_relation_001,175,200,2976,3150,3001,3200,0.8571,stable,stable,dominant_stable,dominant_stable,0.0000,0.0000,0.0000,persisted
electricity_hourly_coarse_relation_001,175,200,3151,3325,3201,3400,0.7143,stable,stable,dominant_stable,dominant_stable,0.0000,0.0000,0.0000,persisted
electricity_hourly_coarse_relation_001,175,200,3326,3500,3401,3600,0.5714,stable,stable,dominant_stable,dominant_stable,0.0000,0.0000,0.0000,persisted
electricity_hourly_coarse_relation_001,175,200,3501,3675,3401,3600,0.5714,stable,stable,dominant_stable,dominant_stable,0.0000,0.0000,0.0000,persisted
electricity_hourly_coarse_relation_001,175,200,3676,3850,3601,3800,0.7143,stable,stable,dominant_stable,dominant_stable,0.0114,-0.0114,0.0000,persisted
electricity_hourly_coarse_relation_001,175,200,3851,4025,3801,4000,0.8571,stable,stable,dominant_stable,dominant_stable,0.0171,-0.0171,0.0000,persisted
electricity_hourly_coarse_relation_001,175,200,4026,4200,4001,4200,1.0000,stable,stable,dominant_stable,dominant_stable,0.0014,-0.0014,0.0000,persisted
electricity_hourly_coarse_relation_001,175,200,4201,4375,4201,4400,1.0000,stable,stable,dominant_stable,dominant_stable,0.0000,0.0000,0.0000,persisted
electricity_hourly_coarse_relation_001,175,200,4376,4550,4401,4600,0.8571,stable,stable,dominant_stable,dominant_stable,-0.0043,0.0100,-0.0057,persisted
electricity_hourly_coarse_relation_001,175,200,4551,4725,4601,4800,0.7143,stable,stable,dominant_stable,dominant_stable,0.0171,-0.0171,0.0000,persisted
electricity_hourly_coarse_relation_001,175,200,4726,4900,4801,5000,0.5714,stable,stable,dominant_stable,dominant_stable,-0.0150,0.0150,0.0000,persisted
electricity_hourly_coarse_relation_001,175,200,4901,5075,4801,5000,0.5714,stable,stable,dominant_stable,dominant_stable,-0.0036,0.0036,0.0000,persisted
electricity_hourly_coarse_relation_001,175,200,5076,5250,5001,5200,0.7143,stable,stable,dominant_stable,dominant_stable,0.0007,0.0000,-0.0007,persisted
electricity_hourly_coarse_relation_001,175,200,5251,5425,5201,5400,0.8571,stable,stable,dominant_stable,dominant_stable,0.0007,0.0000,-0.0007,persisted
electricity_hourly_coarse_relation_001,175,200,5426,5600,5401,5600,1.0000,stable,stable,dominant_stable,dominant_stable,0.0000,0.0000,0.0000,persisted
electricity_hourly_coarse_relation_001,175,200,5601,5775,5601,5800,1.0000,stable,stable,dominant_stable,dominant_stable,0.0007,0.0000,-0.0007,persisted
electricity_hourly_coarse_relation_001,175,200,5776,5950,5801,6000,0.8571,stable,stable,dominant_stable,dominant_stable,-0.0043,0.0100,-0.0057,persisted
electricity_hourly_coarse_relation_001,175,200,5951,6125,6001,6200,0.7143,stable,stable,dominant_stable,dominant_stable,0.0007,0.0000,-0.0007,persisted
electricity_hourly_coarse_relation_001,175,200,6126,6300,6201,6400,0.5714,stable,stable,dominant_stable,dominant_stable,0.0171,-0.0171,0.0000,persisted
electricity_hourly_coarse_relation_001,175,200,6301,6475,6201,6400,0.5714,stable,stable,dominant_stable,dominant_stable,0.0000,0.0000,0.0000,persisted
electricity_hourly_coarse_relation_001,175,200,6476,6650,6401,6600,0.7143,stable,stable,dominant_stable,dominant_stable,0.0000,0.0000,0.0000,persisted
electricity_hourly_coarse_relation_001,175,200,6651,6825,6601,6800,0.8571,stable,stable,dominant_stable,dominant_stable,0.0000,0.0000,0.0000,persisted
electricity_hourly_coarse_relation_001,175,200,6826,7000,6801,7000,1.0000,stable,stable,dominant_stable,dominant_stable,0.0000,0.0000,0.0000,persisted
electricity_hourly_coarse_relation_001,175,200,7001,7175,7001,7200,1.0000,stable,stable,dominant_stable,dominant_stable,0.0000,0.0000,0.0000,persisted
electricity_hourly_coarse_relation_001,175,200,7176,7350,7201,7400,0.8571,stable,stable,dominant_stable,dominant_stable,0.0000,0.0000,0.0000,persisted
electricity_hourly_coarse_relation_001,175,200,7351,7525,7401,7600,0.7143,stable,stable,dominant_stable,dominant_stable,0.0000,0.0000,0.0000,persisted
electricity_hourly_coarse_relation_001,175,200,7526,7700,7601,7800,0.5714,stable,stable,dominant_stable,dominant_stable,0.0000,0.0000,0.0000,persisted
electricity_hourly_coarse_relation_001,175,200,7701,7875,7601,7800,0.5714,stable,stable,dominant_stable,dominant_stable,0.0000,0.0000,0.0000,persisted
electricity_hourly_coarse_relation_001,175,200,7876,8050,7801,8000,0.7143,stable,stable,dominant_stable,dominant_stable,0.0014,-0.0014,0.0000,persisted
electricity_hourly_coarse_relation_001,175,200,8051,8225,8001,8200,0.8571,stable,stable,dominant_stable,dominant_stable,0.0071,-0.0071,0.0000,persisted
electricity_hourly_coarse_relation_001,175,200,8226,8400,8201,8400,1.0000,stable,stable,dominant_stable,dominant_stable,0.0000,0.0000,0.0000,persisted
electricity_hourly_coarse_relation_001,175,200,8401,8575,8401,8600,1.0000,stable,stable,dominant_stable,dominant_stable,0.0000,0.0000,0.0000,persisted
electricity_hourly_coarse_relation_001,175,200,8576,8750,8601,8800,0.8571,stable,stable,dominant_stable,dominant_stable,0.0071,-0.0071,0.0000,persisted
electricity_hourly_coarse_relation_001,175,200,8751,8925,8801,9000,0.7143,stable,stable,dominant_stable,dominant_stable,0.0114,-0.0114,0.0000,persisted
electricity_hourly_coarse_relation_001,175,200,8926,9100,9001,9200,0.5714,stable,stable,dominant_stable,dominant_stable,-0.0100,0.0100,0.0000,persisted
electricity_hourly_coarse_relation_001,175,200,9101,9275,9001,9200,0.5714,stable,stable,dominant_stable,dominant_stable,0.0071,-0.0014,-0.0057,persisted
electricity_hourly_coarse_relation_001,175,200,9276,9450,9201,9400,0.7143,stable,stable,dominant_stable,dominant_stable,-0.0150,0.0100,0.0050,persisted
electricity_hourly_coarse_relation_001,175,200,9451,9625,9401,9600,0.8571,stable,stable,dominant_stable,dominant_stable,0.0000,0.0000,0.0000,persisted
electricity_hourly_coarse_relation_001,175,200,9626,9800,9601,9800,1.0000,stable,stable,dominant_stable,dominant_stable,0.0000,0.0000,0.0000,persisted
electricity_hourly_coarse_relation_001,175,200,9801,9975,9801,10000,1.0000,stable,stable,dominant_stable,dominant_stable,0.0000,0.0000,0.0000,persisted
electricity_hourly_coarse_relation_001,175,200,9976,10150,10001,10200,0.8571,stable,stable,dominant_stable,dominant_stable,0.0000,0.0000,0.0000,persisted
electricity_hourly_coarse_relation_001,175,200,10151,10325,10201,10400,0.7143,stable,stable,dominant_stable,dominant_stable,0.0000,0.0000,0.0000,persisted
electricity_hourly_coarse_relation_001,175,200,10326,10500,10401,10600,0.5714,stable,stable,dominant_stable,dominant_stable,0.0007,0.0000,-0.0007,persisted
electricity_hourly_coarse_relation_001,175,200,10501,10675,10401,10600,0.5714,stable,stable,dominant_stable,dominant_stable,-0.0050,0.0000,0.0050,persisted
electricity_hourly_coarse_relation_001,175,200,10676,10850,10601,10800,0.7143,stable,stable,dominant_stable,dominant_stable,0.0000,0.0000,0.0000,persisted
electricity_hourly_coarse_relation_001,175,200,10851,11025,10801,11000,0.8571,stable,stable,dominant_stable,dominant_stable,0.0021,-0.0021,0.0000,persisted
electricity_hourly_coarse_relation_001,175,200,11026,11200,11001,11200,1.0000,stable,stable,dominant_stable,dominant_stable,0.0007,0.0000,-0.0007,persisted
electricity_hourly_coarse_relation_001,175,200,11201,11375,11201,11400,1.0000,stable,stable,dominant_stable,dominant_stable,-0.0036,0.0036,0.0000,persisted
electricity_hourly_coarse_relation_001,175,200,11376,11550,11401,11600,0.8571,stable,stable,dominant_stable,dominant_stable,0.0000,0.0000,0.0000,persisted
electricity_hourly_coarse_relation_001,175,200,11551,11725,11601,11800,0.7143,stable,stable,dominant_stable,dominant_stable,0.0079,-0.0021,-0.0057,persisted
electricity_hourly_coarse_relation_001,175,200,11726,11900,11801,12000,0.5714,stable,stable,dominant_stable,dominant_stable,0.0000,0.0000,0.0000,persisted
electricity_hourly_coarse_relation_001,175,200,11901,12075,11801,12000,0.5714,stable,stable,dominant_stable,dominant_stable,0.0114,-0.0114,0.0000,persisted
electricity_hourly_coarse_relation_001,175,200,12076,12250,12001,12200,0.7143,stable,stable,dominant_stable,dominant_stable,0.0057,0.0000,-0.0057,persisted
electricity_hourly_coarse_relation_001,175,200,12251,12425,12201,12400,0.8571,stable,stable,dominant_stable,dominant_stable,-0.0036,0.0036,0.0000,persisted
electricity_hourly_coarse_relation_001,175,200,12426,12600,12401,12600,1.0000,stable,stable,dominant_stable,dominant_stable,0.0000,0.0000,0.0000,persisted
electricity_hourly_coarse_relation_001,175,200,12601,12775,12601,12800,1.0000,stable,stable,dominant_stable,dominant_stable,0.0000,0.0000,0.0000,persisted
electricity_hourly_coarse_relation_001,175,200,12776,12950,12801,13000,0.8571,stable,stable,dominant_stable,dominant_stable,-0.0036,0.0036,0.0000,persisted
electricity_hourly_coarse_relation_001,175,200,12951,13125,13001,13200,0.7143,stable,stable,dominant_stable,dominant_stable,0.0014,-0.0014,0.0000,persisted
electricity_hourly_coarse_relation_001,175,200,13126,13300,13201,13400,0.5714,stable,stable,dominant_stable,dominant_stable,0.0000,0.0000,0.0000,persisted
electricity_hourly_coarse_relation_001,175,200,13301,13475,13201,13400,0.5714,stable,stable,dominant_stable,dominant_stable,0.0000,0.0000,0.0000,persisted
electricity_hourly_coarse_relation_001,175,200,13476,13650,13401,13600,0.7143,stable,stable,dominant_stable,dominant_stable,0.0021,-0.0021,0.0000,persisted
electricity_hourly_coarse_relation_001,175,200,13651,13825,13601,13800,0.8571,stable,stable,dominant_stable,dominant_stable,0.0000,0.0000,0.0000,persisted
electricity_hourly_coarse_relation_001,175,200,13826,14000,13801,14000,1.0000,stable,stable,dominant_stable,dominant_stable,0.0007,0.0000,-0.0007,persisted
electricity_hourly_coarse_relation_001,175,200,14001,14175,14001,14200,1.0000,stable,stable,dominant_stable,dominant_stable,0.0000,0.0000,0.0000,persisted
electricity_hourly_coarse_relation_001,175,200,14176,14350,14201,14400,0.8571,stable,stable,dominant_stable,dominant_stable,0.0064,-0.0114,0.0050,persisted
electricity_hourly_coarse_relation_001,175,200,14351,14525,14401,14600,0.7143,stable,stable,dominant_stable,dominant_stable,0.0114,-0.0114,0.0000,persisted
electricity_hourly_coarse_relation_001,175,200,14526,14700,14601,14800,0.5714,stable,stable,dominant_stable,dominant_stable,-0.0150,0.0150,0.0000,persisted
electricity_hourly_coarse_relation_001,175,200,14701,14875,14601,14800,0.5714,stable,stable,dominant_stable,dominant_stable,-0.0150,0.0150,0.0000,persisted
electricity_hourly_coarse_relation_001,175,200,14876,15050,14801,15000,0.7143,stable,stable,dominant_stable,dominant_stable,0.0114,-0.0114,0.0000,persisted
electricity_hourly_coarse_relation_001,175,200,15051,15225,15001,15200,0.8571,stable,stable,dominant_stable,dominant_stable,0.0021,-0.0021,0.0000,persisted
electricity_hourly_coarse_relation_001,175,200,15226,15400,15201,15400,1.0000,stable,stable,dominant_stable,dominant_stable,0.0000,0.0000,0.0000,persisted
electricity_hourly_coarse_relation_001,175,200,15401,15575,15401,15600,1.0000,stable,stable,dominant_stable,dominant_stable,0.0000,0.0000,0.0000,persisted
electricity_hourly_coarse_relation_001,175,200,15576,15750,15601,15800,0.8571,stable,stable,dominant_stable,dominant_stable,0.0000,0.0000,0.0000,persisted
electricity_hourly_coarse_relation_001,175,200,15751,15925,15801,16000,0.7143,stable,stable,dominant_stable,dominant_stable,0.0000,0.0000,0.0000,persisted
electricity_hourly_coarse_relation_001,175,200,15926,16100,16001,16200,0.5714,stable,stable,dominant_stable,dominant_stable,-0.0150,0.0150,0.0000,persisted
electricity_hourly_coarse_relation_001,175,200,16101,16275,16001,16200,0.5714,stable,stable,dominant_stable,dominant_stable,-0.0150,0.0150,0.0000,persisted
electricity_hourly_coarse_relation_001,175,200,16276,16450,16201,16400,0.7143,stable,stable,dominant_stable,dominant_stable,0.0000,0.0000,0.0000,persisted
electricity_hourly_coarse_relation_001,175,200,16451,16625,16401,16600,0.8571,stable,stable,dominant_stable,dominant_stable,0.0179,-0.0171,-0.0007,persisted
electricity_hourly_coarse_relation_001,175,200,16626,16800,16601,16800,1.0000,stable,stable,dominant_stable,dominant_stable,-0.0050,0.0000,0.0050,persisted
electricity_hourly_coarse_relation_001,175,200,16801,16975,16801,17000,1.0000,stable,stable,dominant_stable,dominant_stable,0.0171,-0.0171,0.0000,persisted
electricity_hourly_coarse_relation_001,175,200,16976,17150,17001,17200,0.8571,stable,stable,dominant_stable,dominant_stable,0.0007,0.0000,-0.0007,persisted
electricity_hourly_coarse_relation_001,175,200,17151,17325,17201,17400,0.7143,stable,stable,dominant_stable,dominant_stable,0.0171,-0.0171,0.0000,persisted
electricity_hourly_coarse_relation_001,175,200,17326,17500,17401,17600,0.5714,stable,stable,dominant_stable,dominant_stable,0.0007,0.0000,-0.0007,persisted
electricity_hourly_coarse_relation_001,175,200,17501,17675,17401,17600,0.5714,stable,stable,dominant_stable,dominant_stable,0.0007,0.0000,-0.0007,persisted
electricity_hourly_coarse_relation_001,175,200,17676,17850,17601,17800,0.7143,stable,stable,dominant_stable,dominant_stable,0.0114,0.0000,-0.0114,persisted
electricity_hourly_coarse_relation_001,175,200,17851,18025,17801,18000,0.8571,stable,stable,dominant_stable,dominant_stable,-0.0036,0.0036,0.0000,persisted
electricity_hourly_coarse_relation_001,175,200,18026,18200,18001,18200,1.0000,stable,stable,dominant_stable,dominant_stable,0.0014,0.0000,-0.0014,persisted
electricity_hourly_coarse_relation_001,175,200,18201,18375,18201,18400,1.0000,stable,stable,dominant_stable,dominant_stable,0.0007,0.0000,-0.0007,persisted
electricity_hourly_coarse_relation_001,175,200,18376,18550,18401,18600,0.8571,stable,stable,dominant_stable,dominant_stable,-0.0036,0.0036,0.0000,persisted
electricity_hourly_coarse_relation_001,175,200,18551,18725,18601,18800,0.7143,stable,stable,dominant_stable,dominant_stable,-0.0150,0.0150,0.0000,persisted
electricity_hourly_coarse_relation_001,175,200,18726,18900,18801,19000,0.5714,stable,stable,dominant_stable,dominant_stable,-0.0100,0.0100,0.0000,persisted
electricity_hourly_coarse_relation_001,175,200,18901,19075,18801,19000,0.5714,stable,stable,dominant_stable,dominant_stable,0.0071,-0.0071,0.0000,persisted
electricity_hourly_coarse_relation_001,175,200,19076,19250,19001,19200,0.7143,stable,stable,dominant_stable,dominant_stable,-0.0036,0.0036,0.0000,persisted
electricity_hourly_coarse_relation_001,175,200,19251,19425,19201,19400,0.8571,stable,stable,dominant_stable,dominant_stable,0.0036,-0.0036,0.0000,persisted
electricity_hourly_coarse_relation_001,175,200,19426,19600,19401,19600,1.0000,stable,stable,dominant_stable,dominant_stable,0.0007,0.0000,-0.0007,persisted
electricity_hourly_coarse_relation_001,175,200,19601,19775,19601,19800,1.0000,stable,stable,dominant_stable,dominant_stable,0.0000,0.0000,0.0000,persisted
electricity_hourly_coarse_relation_001,175,200,19776,19950,19801,20000,0.8571,stable,stable,dominant_stable,dominant_stable,-0.0036,0.0036,0.0000,persisted
electricity_hourly_coarse_relation_001,175,200,19951,20125,20001,20200,0.7143,stable,stable,dominant_stable,dominant_stable,0.0000,0.0000,0.0000,persisted
electricity_hourly_coarse_relation_001,175,200,20126,20300,20201,20400,0.5714,stable,stable,dominant_stable,dominant_stable,0.0007,0.0000,-0.0007,persisted
electricity_hourly_coarse_relation_001,175,200,20301,20475,20201,20400,0.5714,stable,stable,dominant_stable,dominant_stable,-0.0050,0.0000,0.0050,persisted
electricity_hourly_coarse_relation_001,175,200,20476,20650,20401,20600,0.7143,stable,stable,dominant_stable,dominant_stable,0.0000,0.0000,0.0000,persisted
electricity_hourly_coarse_relation_001,175,200,20651,20825,20601,20800,0.8571,stable,stable,dominant_stable,dominant_stable,0.0000,0.0000,0.0000,persisted
electricity_hourly_coarse_relation_001,175,200,20826,21000,20801,21000,1.0000,stable,stable,dominant_stable,dominant_stable,-0.0043,0.0100,-0.0057,persisted
electricity_hourly_coarse_relation_001,175,200,21001,21175,21001,21200,1.0000,stable,stable,dominant_stable,dominant_stable,0.0014,-0.0014,0.0000,persisted
electricity_hourly_coarse_relation_001,175,200,21176,21350,21201,21400,0.8571,stable,stable,dominant_stable,dominant_stable,0.0171,-0.0171,0.0000,persisted
electricity_hourly_coarse_relation_001,175,200,21351,21525,21401,21600,0.7143,stable,stable,dominant_stable,dominant_stable,0.0000,0.0000,0.0000,persisted
electricity_hourly_coarse_relation_001,175,200,21526,21700,21601,21800,0.5714,stable,stable,dominant_stable,dominant_stable,-0.0100,0.0100,0.0000,persisted
electricity_hourly_coarse_relation_001,175,200,21701,21875,21601,21800,0.5714,stable,stable,dominant_stable,dominant_stable,-0.0043,0.0100,-0.0057,persisted
electricity_hourly_coarse_relation_001,175,200,21876,22050,21801,22000,0.7143,stable,stable,dominant_stable,dominant_stable,0.0007,0.0000,-0.0007,persisted
electricity_hourly_coarse_relation_001,175,200,22051,22225,22001,22200,0.8571,stable,stable,dominant_stable,dominant_stable,-0.0036,0.0036,0.0000,persisted
electricity_hourly_coarse_relation_001,175,200,22226,22400,22201,22400,1.0000,stable,stable,dominant_stable,dominant_stable,0.0000,0.0000,0.0000,persisted
electricity_hourly_coarse_relation_001,175,200,22401,22575,22401,22600,1.0000,stable,stable,dominant_stable,dominant_stable,0.0007,0.0000,-0.0007,persisted
electricity_hourly_coarse_relation_001,175,200,22576,22750,22601,22800,0.8571,stable,stable,dominant_stable,dominant_stable,0.0000,0.0000,0.0000,persisted
electricity_hourly_coarse_relation_001,175,200,22751,22925,22801,23000,0.7143,stable,stable,dominant_stable,dominant_stable,0.0007,0.0000,-0.0007,persisted
electricity_hourly_coarse_relation_001,175,200,22926,23100,23001,23200,0.5714,stable,stable,dominant_stable,dominant_stable,0.0000,0.0000,0.0000,persisted
electricity_hourly_coarse_relation_001,175,200,23101,23275,23001,23200,0.5714,stable,stable,dominant_stable,dominant_stable,0.0000,0.0000,0.0000,persisted
electricity_hourly_coarse_relation_001,175,200,23276,23450,23201,23400,0.7143,stable,stable,dominant_stable,dominant_stable,0.0007,0.0000,-0.0007,persisted
electricity_hourly_coarse_relation_001,175,200,23451,23625,23401,23600,0.8571,stable,stable,dominant_stable,dominant_stable,0.0000,0.0000,0.0000,persisted
electricity_hourly_coarse_relation_001,175,200,23626,23800,23601,23800,1.0000,stable,stable,dominant_stable,dominant_stable,0.0000,0.0000,0.0000,persisted
electricity_hourly_coarse_relation_001,175,200,23801,23975,23801,24000,1.0000,stable,stable,dominant_stable,dominant_stable,0.0171,-0.0171,0.0000,persisted
electricity_hourly_coarse_relation_001,175,200,23976,24150,24001,24200,0.8571,stable,stable,dominant_stable,dominant_stable,0.0000,0.0000,0.0000,persisted
electricity_hourly_coarse_relation_001,175,200,24151,24325,24201,24400,0.7143,stable,stable,dominant_stable,dominant_stable,0.0000,0.0000,0.0000,persisted
electricity_hourly_coarse_relation_001,175,200,24326,24500,24401,24600,0.5714,stable,stable,dominant_stable,dominant_stable,0.0000,0.0000,0.0000,persisted
electricity_hourly_coarse_relation_001,175,200,24501,24675,24401,24600,0.5714,stable,stable,dominant_stable,dominant_stable,0.0000,0.0000,0.0000,persisted
electricity_hourly_coarse_relation_001,175,200,24676,24850,24601,24800,0.7143,stable,stable,dominant_stable,dominant_stable,0.0000,0.0000,0.0000,persisted
electricity_hourly_coarse_relation_001,175,200,24851,25025,24801,25000,0.8571,stable,stable,dominant_stable,dominant_stable,0.0114,-0.0114,0.0000,persisted
electricity_hourly_coarse_relation_001,175,200,25026,25200,25001,25200,1.0000,stable,stable,dominant_stable,dominant_stable,0.0007,0.0000,-0.0007,persisted
electricity_hourly_coarse_relation_001,175,200,25201,25375,25201,25400,1.0000,stable,stable,dominant_stable,dominant_stable,0.0014,-0.0014,0.0000,persisted
electricity_hourly_coarse_relation_001,175,200,25376,25550,25401,25600,0.8571,stable,stable,dominant_stable,dominant_stable,-0.0150,0.0150,0.0000,persisted
electricity_hourly_coarse_relation_001,175,200,25551,25725,25601,25800,0.7143,stable,stable,dominant_stable,dominant_stable,0.0000,0.0000,0.0000,persisted
electricity_hourly_coarse_relation_001,175,200,25726,25900,25801,26000,0.5714,stable,stable,dominant_stable,dominant_stable,-0.0050,0.0000,0.0050,persisted
electricity_hourly_coarse_relation_001,175,200,25901,26075,25801,26000,0.5714,stable,stable,dominant_stable,dominant_stable,0.0007,0.0000,-0.0007,persisted
electricity_hourly_coarse_relation_001,175,200,26076,26250,26001,26200,0.7143,stable,stable,dominant_stable,dominant_stable,0.0014,-0.0014,0.0000,persisted
electricity_hourly_coarse_relation_001,175,200,26251,26304,26201,26304,1.0000,stable,stable,dominant_stable,dominant_stable,0.0000,0.0000,0.0000,persisted
electricity_hourly_coarse_relation_001,200,225,1,200,1,225,1.0000,stable,stable,dominant_stable,dominant_stable,0.0000,0.0000,0.0000,persisted
electricity_hourly_coarse_relation_001,200,225,201,400,226,450,0.8750,stable,stable,dominant_stable,dominant_stable,0.0000,0.0000,0.0000,persisted
electricity_hourly_coarse_relation_001,200,225,401,600,451,675,0.7500,stable,stable,dominant_stable,dominant_stable,0.0000,0.0000,0.0000,persisted
electricity_hourly_coarse_relation_001,200,225,601,800,676,900,0.6250,stable,stable,dominant_stable,dominant_stable,0.0000,0.0000,0.0000,persisted
electricity_hourly_coarse_relation_001,200,225,801,1000,676,900,0.5000,stable,stable,dominant_stable,dominant_stable,0.0000,0.0000,0.0000,persisted
electricity_hourly_coarse_relation_001,200,225,1001,1200,901,1125,0.6250,stable,stable,dominant_stable,dominant_stable,-0.0089,0.0089,0.0000,persisted
electricity_hourly_coarse_relation_001,200,225,1201,1400,1126,1350,0.7500,stable,stable,dominant_stable,dominant_stable,0.0000,0.0000,0.0000,persisted
electricity_hourly_coarse_relation_001,200,225,1401,1600,1351,1575,0.8750,stable,stable,dominant_stable,dominant_stable,0.0000,0.0000,0.0000,persisted
electricity_hourly_coarse_relation_001,200,225,1601,1800,1576,1800,1.0000,stable,stable,dominant_stable,dominant_stable,0.0000,0.0000,0.0000,persisted
electricity_hourly_coarse_relation_001,200,225,1801,2000,1801,2025,1.0000,stable,stable,dominant_stable,dominant_stable,0.0000,0.0000,0.0000,persisted
electricity_hourly_coarse_relation_001,200,225,2001,2200,2026,2250,0.8750,stable,stable,dominant_stable,dominant_stable,0.0000,0.0000,0.0000,persisted
electricity_hourly_coarse_relation_001,200,225,2201,2400,2251,2475,0.7500,stable,stable,dominant_stable,dominant_stable,0.0000,0.0000,0.0000,persisted
electricity_hourly_coarse_relation_001,200,225,2401,2600,2476,2700,0.6250,stable,stable,dominant_stable,dominant_stable,-0.0033,0.0033,0.0000,persisted
electricity_hourly_coarse_relation_001,200,225,2601,2800,2476,2700,0.5000,stable,stable,dominant_stable,dominant_stable,-0.0133,0.0133,0.0000,persisted
electricity_hourly_coarse_relation_001,200,225,2801,3000,2701,2925,0.6250,stable,stable,dominant_stable,dominant_stable,0.0000,0.0000,0.0000,persisted
electricity_hourly_coarse_relation_001,200,225,3001,3200,2926,3150,0.7500,stable,stable,dominant_stable,dominant_stable,0.0000,0.0000,0.0000,persisted
electricity_hourly_coarse_relation_001,200,225,3201,3400,3151,3375,0.8750,stable,stable,dominant_stable,dominant_stable,0.0000,0.0000,0.0000,persisted
electricity_hourly_coarse_relation_001,200,225,3401,3600,3376,3600,1.0000,stable,stable,dominant_stable,dominant_stable,0.0000,0.0000,0.0000,persisted
electricity_hourly_coarse_relation_001,200,225,3601,3800,3601,3825,1.0000,stable,stable,dominant_stable,dominant_stable,0.0000,0.0000,0.0000,persisted
electricity_hourly_coarse_relation_001,200,225,3801,4000,3826,4050,0.8750,stable,stable,dominant_stable,dominant_stable,0.0000,0.0000,0.0000,persisted
electricity_hourly_coarse_relation_001,200,225,4001,4200,4051,4275,0.7500,stable,stable,dominant_stable,dominant_stable,0.0100,-0.0100,0.0000,persisted
electricity_hourly_coarse_relation_001,200,225,4201,4400,4276,4500,0.6250,stable,stable,dominant_stable,dominant_stable,0.0000,0.0000,0.0000,persisted
electricity_hourly_coarse_relation_001,200,225,4401,4600,4276,4500,0.5000,stable,stable,dominant_stable,dominant_stable,0.0100,-0.0100,0.0000,persisted
electricity_hourly_coarse_relation_001,200,225,4601,4800,4501,4725,0.6250,stable,stable,dominant_stable,dominant_stable,-0.0133,0.0133,0.0000,persisted
electricity_hourly_coarse_relation_001,200,225,4801,5000,4726,4950,0.7500,stable,stable,dominant_stable,dominant_stable,0.0150,-0.0150,0.0000,persisted
electricity_hourly_coarse_relation_001,200,225,5001,5200,4951,5175,0.8750,stable,stable,dominant_stable,dominant_stable,-0.0083,0.0133,-0.0050,persisted
electricity_hourly_coarse_relation_001,200,225,5201,5400,5176,5400,1.0000,stable,stable,dominant_stable,dominant_stable,0.0006,0.0000,-0.0006,persisted
electricity_hourly_coarse_relation_001,200,225,5401,5600,5401,5625,1.0000,stable,stable,dominant_stable,dominant_stable,0.0000,0.0000,0.0000,persisted
electricity_hourly_coarse_relation_001,200,225,5601,5800,5626,5850,0.8750,stable,stable,dominant_stable,dominant_stable,0.0006,0.0000,-0.0006,persisted
electricity_hourly_coarse_relation_001,200,225,5801,6000,5851,6075,0.7500,stable,stable,dominant_stable,dominant_stable,0.0011,-0.0011,0.0000,persisted
electricity_hourly_coarse_relation_001,200,225,6001,6200,6076,6300,0.6250,stable,stable,dominant_stable,dominant_stable,-0.0083,0.0133,-0.0050,persisted
electricity_hourly_coarse_relation_001,200,225,6201,6400,6076,6300,0.5000,stable,stable,dominant_stable,dominant_stable,-0.0133,0.0133,0.0000,persisted
electricity_hourly_coarse_relation_001,200,225,6401,6600,6301,6525,0.6250,stable,stable,dominant_stable,dominant_stable,0.0000,0.0000,0.0000,persisted
electricity_hourly_coarse_relation_001,200,225,6601,6800,6526,6750,0.7500,stable,stable,dominant_stable,dominant_stable,0.0000,0.0000,0.0000,persisted
electricity_hourly_coarse_relation_001,200,225,6801,7000,6751,6975,0.8750,stable,stable,dominant_stable,dominant_stable,0.0000,0.0000,0.0000,persisted
electricity_hourly_coarse_relation_001,200,225,7001,7200,6976,7200,1.0000,stable,stable,dominant_stable,dominant_stable,0.0000,0.0000,0.0000,persisted
electricity_hourly_coarse_relation_001,200,225,7201,7400,7201,7425,1.0000,stable,stable,dominant_stable,dominant_stable,0.0000,0.0000,0.0000,persisted
electricity_hourly_coarse_relation_001,200,225,7401,7600,7426,7650,0.8750,stable,stable,dominant_stable,dominant_stable,0.0000,0.0000,0.0000,persisted
electricity_hourly_coarse_relation_001,200,225,7601,7800,7651,7875,0.7500,stable,stable,dominant_stable,dominant_stable,0.0000,0.0000,0.0000,persisted
electricity_hourly_coarse_relation_001,200,225,7801,8000,7876,8100,0.6250,stable,stable,dominant_stable,dominant_stable,-0.0033,0.0033,0.0000,persisted
electricity_hourly_coarse_relation_001,200,225,8001,8200,7876,8100,0.5000,stable,stable,dominant_stable,dominant_stable,-0.0033,0.0033,0.0000,persisted
electricity_hourly_coarse_relation_001,200,225,8201,8400,8101,8325,0.6250,stable,stable,dominant_stable,dominant_stable,-0.0133,0.0133,0.0000,persisted
electricity_hourly_coarse_relation_001,200,225,8401,8600,8326,8550,0.7500,stable,stable,dominant_stable,dominant_stable,0.0000,0.0000,0.0000,persisted
electricity_hourly_coarse_relation_001,200,225,8601,8800,8551,8775,0.8750,stable,stable,dominant_stable,dominant_stable,0.0100,-0.0100,0.0000,persisted
electricity_hourly_coarse_relation_001,200,225,8801,9000,8776,9000,1.0000,stable,stable,dominant_stable,dominant_stable,0.0000,0.0000,0.0000,persisted
electricity_hourly_coarse_relation_001,200,225,9001,9200,9001,9225,1.0000,stable,stable,dominant_stable,dominant_stable,-0.0078,0.0033,0.0044,persisted
electricity_hourly_coarse_relation_001,200,225,9201,9400,9226,9450,0.8750,stable,stable,dominant_stable,dominant_stable,0.0106,-0.0100,-0.0006,persisted
electricity_hourly_coarse_relation_001,200,225,9401,9600,9451,9675,0.7500,stable,stable,dominant_stable,dominant_stable,0.0000,0.0000,0.0000,persisted
electricity_hourly_coarse_relation_001,200,225,9601,9800,9676,9900,0.6250,stable,stable,dominant_stable,dominant_stable,0.0000,0.0000,0.0000,persisted
electricity_hourly_coarse_relation_001,200,225,9801,10000,9676,9900,0.5000,stable,stable,dominant_stable,dominant_stable,0.0000,0.0000,0.0000,persisted
electricity_hourly_coarse_relation_001,200,225,10001,10200,9901,10125,0.6250,stable,stable,dominant_stable,dominant_stable,0.0000,0.0000,0.0000,persisted
electricity_hourly_coarse_relation_001,200,225,10201,10400,10126,10350,0.7500,stable,stable,dominant_stable,dominant_stable,0.0000,0.0000,0.0000,persisted
electricity_hourly_coarse_relation_001,200,225,10401,10600,10351,10575,0.8750,stable,stable,dominant_stable,dominant_stable,0.0006,0.0000,-0.0006,persisted
electricity_hourly_coarse_relation_001,200,225,10601,10800,10576,10800,1.0000,stable,stable,dominant_stable,dominant_stable,0.0000,0.0000,0.0000,persisted
electricity_hourly_coarse_relation_001,200,225,10801,11000,10801,11025,1.0000,stable,stable,dominant_stable,dominant_stable,0.0017,-0.0017,0.0000,persisted
electricity_hourly_coarse_relation_001,200,225,11001,11200,11026,11250,0.8750,stable,stable,dominant_stable,dominant_stable,-0.0039,0.0089,-0.0050,persisted
electricity_hourly_coarse_relation_001,200,225,11201,11400,11251,11475,0.7500,stable,stable,dominant_stable,dominant_stable,0.0150,-0.0150,0.0000,persisted
electricity_hourly_coarse_relation_001,200,225,11401,11600,11476,11700,0.6250,stable,stable,dominant_stable,dominant_stable,-0.0133,0.0133,0.0000,persisted
electricity_hourly_coarse_relation_001,200,225,11601,11800,11476,11700,0.5000,stable,stable,dominant_stable,dominant_stable,0.0017,-0.0017,0.0000,persisted
electricity_hourly_coarse_relation_001,200,225,11801,12000,11701,11925,0.6250,stable,stable,dominant_stable,dominant_stable,0.0000,0.0000,0.0000,persisted
electricity_hourly_coarse_relation_001,200,225,12001,12200,11926,12150,0.7500,stable,stable,dominant_stable,dominant_stable,-0.0044,0.0000,0.0044,persisted
electricity_hourly_coarse_relation_001,200,225,12201,12400,12151,12375,0.8750,stable,stable,dominant_stable,dominant_stable,0.0017,-0.0017,0.0000,persisted
electricity_hourly_coarse_relation_001,200,225,12401,12600,12376,12600,1.0000,stable,stable,dominant_stable,dominant_stable,0.0000,0.0000,0.0000,persisted
electricity_hourly_coarse_relation_001,200,225,12601,12800,12601,12825,1.0000,stable,stable,dominant_stable,dominant_stable,0.0000,0.0000,0.0000,persisted
electricity_hourly_coarse_relation_001,200,225,12801,13000,12826,13050,0.8750,stable,stable,dominant_stable,dominant_stable,0.0150,-0.0150,0.0000,persisted
electricity_hourly_coarse_relation_001,200,225,13001,13200,13051,13275,0.7500,stable,stable,dominant_stable,dominant_stable,0.0100,-0.0100,0.0000,persisted
electricity_hourly_coarse_relation_001,200,225,13201,13400,13276,13500,0.6250,stable,stable,dominant_stable,dominant_stable,0.0000,0.0000,0.0000,persisted
electricity_hourly_coarse_relation_001,200,225,13401,13600,13276,13500,0.5000,stable,stable,dominant_stable,dominant_stable,0.0150,-0.0150,0.0000,persisted
electricity_hourly_coarse_relation_001,200,225,13601,13800,13501,13725,0.6250,stable,stable,dominant_stable,dominant_stable,0.0000,0.0000,0.0000,persisted
electricity_hourly_coarse_relation_001,200,225,13801,14000,13726,13950,0.7500,stable,stable,dominant_stable,dominant_stable,-0.0083,0.0133,-0.0050,persisted
electricity_hourly_coarse_relation_001,200,225,14001,14200,13951,14175,0.8750,stable,stable,dominant_stable,dominant_stable,0.0000,0.0000,0.0000,persisted
electricity_hourly_coarse_relation_001,200,225,14201,14400,14176,14400,1.0000,stable,stable,dominant_stable,dominant_stable,-0.0039,0.0089,-0.0050,persisted
electricity_hourly_coarse_relation_001,200,225,14401,14600,14401,14625,1.0000,stable,stable,dominant_stable,dominant_stable,0.0000,0.0000,0.0000,persisted
electricity_hourly_coarse_relation_001,200,225,14601,14800,14626,14850,0.8750,stable,stable,dominant_stable,dominant_stable,0.0150,-0.0150,0.0000,persisted
electricity_hourly_coarse_relation_001,200,225,14801,15000,14851,15075,0.7500,stable,stable,dominant_stable,dominant_stable,0.0000,0.0000,0.0000,persisted
electricity_hourly_coarse_relation_001,200,225,15001,15200,15076,15300,0.6250,stable,stable,dominant_stable,dominant_stable,0.0150,-0.0150,0.0000,persisted
electricity_hourly_coarse_relation_001,200,225,15201,15400,15076,15300,0.5000,stable,stable,dominant_stable,dominant_stable,0.0000,0.0000,0.0000,persisted
electricity_hourly_coarse_relation_001,200,225,15401,15600,15301,15525,0.6250,stable,stable,dominant_stable,dominant_stable,0.0000,0.0000,0.0000,persisted
electricity_hourly_coarse_relation_001,200,225,15601,15800,15526,15750,0.7500,stable,stable,dominant_stable,dominant_stable,0.0000,0.0000,0.0000,persisted
electricity_hourly_coarse_relation_001,200,225,15801,16000,15751,15975,0.8750,stable,stable,dominant_stable,dominant_stable,0.0000,0.0000,0.0000,persisted
electricity_hourly_coarse_relation_001,200,225,16001,16200,15976,16200,1.0000,stable,stable,dominant_stable,dominant_stable,0.0150,-0.0150,0.0000,persisted
electricity_hourly_coarse_relation_001,200,225,16201,16400,16201,16425,1.0000,stable,stable,dominant_stable,dominant_stable,0.0000,0.0000,0.0000,persisted
electricity_hourly_coarse_relation_001,200,225,16401,16600,16426,16650,0.8750,stable,stable,dominant_stable,dominant_stable,-0.0039,0.0089,-0.0050,persisted
electricity_hourly_coarse_relation_001,200,225,16601,16800,16651,16875,0.7500,stable,stable,dominant_stable,dominant_stable,0.0006,0.0000,-0.0006,persisted
electricity_hourly_coarse_relation_001,200,225,16801,17000,16876,17100,0.6250,stable,stable,dominant_stable,dominant_stable,-0.0044,0.0000,0.0044,persisted
electricity_hourly_coarse_relation_001,200,225,17001,17200,16876,17100,0.5000,stable,stable,dominant_stable,dominant_stable,0.0006,0.0000,-0.0006,persisted
electricity_hourly_coarse_relation_001,200,225,17201,17400,17101,17325,0.6250,stable,stable,dominant_stable,dominant_stable,-0.0133,0.0133,0.0000,persisted
electricity_hourly_coarse_relation_001,200,225,17401,17600,17326,17550,0.7500,stable,stable,dominant_stable,dominant_stable,0.0006,0.0000,-0.0006,persisted
electricity_hourly_coarse_relation_001,200,225,17601,17800,17551,17775,0.8750,stable,stable,dominant_stable,dominant_stable,-0.0044,0.0000,0.0044,persisted
electricity_hourly_coarse_relation_001,200,225,17801,18000,17776,18000,1.0000,stable,stable,dominant_stable,dominant_stable,0.0017,-0.0017,0.0000,persisted
electricity_hourly_coarse_relation_001,200,225,18001,18200,18001,18225,1.0000,stable,stable,dominant_stable,dominant_stable,0.0011,0.0000,-0.0011,persisted
electricity_hourly_coarse_relation_001,200,225,18201,18400,18226,18450,0.8750,stable,stable,dominant_stable,dominant_stable,0.0006,0.0000,-0.0006,persisted
electricity_hourly_coarse_relation_001,200,225,18401,18600,18451,18675,0.7500,stable,stable,dominant_stable,dominant_stable,0.0150,-0.0150,0.0000,persisted
electricity_hourly_coarse_relation_001,200,225,18601,18800,18676,18900,0.6250,stable,stable,dominant_stable,dominant_stable,0.0150,-0.0150,0.0000,persisted
electricity_hourly_coarse_relation_001,200,225,18801,19000,18676,18900,0.5000,stable,stable,dominant_stable,dominant_stable,0.0100,-0.0100,0.0000,persisted
electricity_hourly_coarse_relation_001,200,225,19001,19200,18901,19125,0.6250,stable,stable,dominant_stable,dominant_stable,0.0150,-0.0150,0.0000,persisted
electricity_hourly_coarse_relation_001,200,225,19201,19400,19126,19350,0.7500,stable,stable,dominant_stable,dominant_stable,0.0028,-0.0028,0.0000,persisted
electricity_hourly_coarse_relation_001,200,225,19401,19600,19351,19575,0.8750,stable,stable,dominant_stable,dominant_stable,-0.0039,0.0000,0.0039,persisted
electricity_hourly_coarse_relation_001,200,225,19601,19800,19576,19800,1.0000,stable,stable,dominant_stable,dominant_stable,0.0000,0.0000,0.0000,persisted
electricity_hourly_coarse_relation_001,200,225,19801,20000,19801,20025,1.0000,stable,stable,dominant_stable,dominant_stable,0.0150,-0.0150,0.0000,persisted
electricity_hourly_coarse_relation_001,200,225,20001,20200,20026,20250,0.8750,stable,stable,dominant_stable,dominant_stable,0.0000,0.0000,0.0000,persisted
electricity_hourly_coarse_relation_001,200,225,20201,20400,20251,20475,0.7500,stable,stable,dominant_stable,dominant_stable,0.0050,0.0000,-0.0050,persisted
electricity_hourly_coarse_relation_001,200,225,20401,20600,20476,20700,0.6250,stable,stable,dominant_stable,dominant_stable,0.0000,0.0000,0.0000,persisted
electricity_hourly_coarse_relation_001,200,225,20601,20800,20476,20700,0.5000,stable,stable,dominant_stable,dominant_stable,0.0000,0.0000,0.0000,persisted
electricity_hourly_coarse_relation_001,200,225,20801,21000,20701,20925,0.6250,stable,stable,dominant_stable,dominant_stable,0.0100,-0.0100,0.0000,persisted
electricity_hourly_coarse_relation_001,200,225,21001,21200,20926,21150,0.7500,stable,stable,dominant_stable,dominant_stable,0.0056,-0.0100,0.0044,persisted
electricity_hourly_coarse_relation_001,200,225,21201,21400,21151,21375,0.8750,stable,stable,dominant_stable,dominant_stable,0.0000,0.0000,0.0000,persisted
electricity_hourly_coarse_relation_001,200,225,21401,21600,21376,21600,1.0000,stable,stable,dominant_stable,dominant_stable,0.0000,0.0000,0.0000,persisted
electricity_hourly_coarse_relation_001,200,225,21601,21800,21601,21825,1.0000,stable,stable,dominant_stable,dominant_stable,0.0011,-0.0011,0.0000,persisted
electricity_hourly_coarse_relation_001,200,225,21801,22000,21826,22050,0.8750,stable,stable,dominant_stable,dominant_stable,-0.0039,0.0089,-0.0050,persisted
electricity_hourly_coarse_relation_001,200,225,22001,22200,22051,22275,0.7500,stable,stable,dominant_stable,dominant_stable,0.0061,-0.0061,0.0000,persisted
electricity_hourly_coarse_relation_001,200,225,22201,22400,22276,22500,0.6250,stable,stable,dominant_stable,dominant_stable,0.0000,0.0000,0.0000,persisted
electricity_hourly_coarse_relation_001,200,225,22401,22600,22276,22500,0.5000,stable,stable,dominant_stable,dominant_stable,0.0050,0.0000,-0.0050,persisted
electricity_hourly_coarse_relation_001,200,225,22601,22800,22501,22725,0.6250,stable,stable,dominant_stable,dominant_stable,-0.0044,0.0000,0.0044,persisted
electricity_hourly_coarse_relation_001,200,225,22801,23000,22726,22950,0.7500,stable,stable,dominant_stable,dominant_stable,0.0006,0.0000,-0.0006,persisted
electricity_hourly_coarse_relation_001,200,225,23001,23200,22951,23175,0.8750,stable,stable,dominant_stable,dominant_stable,0.0000,0.0000,0.0000,persisted
electricity_hourly_coarse_relation_001,200,225,23201,23400,23176,23400,1.0000,stable,stable,dominant_stable,dominant_stable,0.0006,0.0000,-0.0006,persisted
electricity_hourly_coarse_relation_001,200,225,23401,23600,23401,23625,1.0000,stable,stable,dominant_stable,dominant_stable,0.0000,0.0000,0.0000,persisted
electricity_hourly_coarse_relation_001,200,225,23601,23800,23626,23850,0.8750,stable,stable,dominant_stable,dominant_stable,0.0000,0.0000,0.0000,persisted
electricity_hourly_coarse_relation_001,200,225,23801,24000,23851,24075,0.7500,stable,stable,dominant_stable,dominant_stable,0.0000,0.0000,0.0000,persisted
electricity_hourly_coarse_relation_001,200,225,24001,24200,24076,24300,0.6250,stable,stable,dominant_stable,dominant_stable,0.0000,0.0000,0.0000,persisted
electricity_hourly_coarse_relation_001,200,225,24201,24400,24076,24300,0.5000,stable,stable,dominant_stable,dominant_stable,0.0000,0.0000,0.0000,persisted
electricity_hourly_coarse_relation_001,200,225,24401,24600,24301,24525,0.6250,stable,stable,dominant_stable,dominant_stable,0.0000,0.0000,0.0000,persisted
electricity_hourly_coarse_relation_001,200,225,24601,24800,24526,24750,0.7500,stable,stable,dominant_stable,dominant_stable,0.0000,0.0000,0.0000,persisted
electricity_hourly_coarse_relation_001,200,225,24801,25000,24751,24975,0.8750,stable,stable,dominant_stable,dominant_stable,0.0000,0.0000,0.0000,persisted
electricity_hourly_coarse_relation_001,200,225,25001,25200,24976,25200,1.0000,stable,stable,dominant_stable,dominant_stable,0.0006,0.0000,-0.0006,persisted
electricity_hourly_coarse_relation_001,200,225,25201,25400,25201,25425,1.0000,stable,stable,dominant_stable,dominant_stable,0.0011,-0.0011,0.0000,persisted
electricity_hourly_coarse_relation_001,200,225,25401,25600,25426,25650,0.8750,stable,stable,dominant_stable,dominant_stable,0.0061,-0.0061,0.0000,persisted
electricity_hourly_coarse_relation_001,200,225,25601,25800,25651,25875,0.7500,stable,stable,dominant_stable,dominant_stable,0.0000,0.0000,0.0000,persisted
electricity_hourly_coarse_relation_001,200,225,25801,26000,25876,26100,0.6250,stable,stable,dominant_stable,dominant_stable,-0.0039,0.0089,-0.0050,persisted
electricity_hourly_coarse_relation_001,200,225,26001,26200,25876,26100,0.5000,stable,stable,dominant_stable,dominant_stable,0.0011,-0.0011,0.0000,persisted
electricity_hourly_coarse_relation_001,200,225,26201,26304,26101,26304,1.0000,stable,stable,dominant_stable,dominant_stable,-0.0049,0.0000,0.0049,persisted
electricity_hourly_coarse_relation_001,225,250,1,225,1,250,1.0000,stable,stable,dominant_stable,dominant_stable,0.0000,0.0000,0.0000,persisted
electricity_hourly_coarse_relation_001,225,250,226,450,251,500,0.8889,stable,stable,dominant_stable,dominant_stable,0.0000,0.0000,0.0000,persisted
electricity_hourly_coarse_relation_001,225,250,451,675,501,750,0.7778,stable,stable,dominant_stable,dominant_stable,0.0000,0.0000,0.0000,persisted
electricity_hourly_coarse_relation_001,225,250,676,900,751,1000,0.6667,stable,stable,dominant_stable,dominant_stable,0.0000,0.0000,0.0000,persisted
electricity_hourly_coarse_relation_001,225,250,901,1125,1001,1250,0.5556,stable,stable,dominant_stable,dominant_stable,0.0089,-0.0089,0.0000,persisted
electricity_hourly_coarse_relation_001,225,250,1126,1350,1001,1250,0.5556,stable,stable,dominant_stable,dominant_stable,0.0000,0.0000,0.0000,persisted
electricity_hourly_coarse_relation_001,225,250,1351,1575,1251,1500,0.6667,stable,stable,dominant_stable,dominant_stable,-0.0080,0.0080,0.0000,persisted
electricity_hourly_coarse_relation_001,225,250,1576,1800,1501,1750,0.7778,stable,stable,dominant_stable,dominant_stable,0.0000,0.0000,0.0000,persisted
electricity_hourly_coarse_relation_001,225,250,1801,2025,1751,2000,0.8889,stable,stable,dominant_stable,dominant_stable,0.0000,0.0000,0.0000,persisted
electricity_hourly_coarse_relation_001,225,250,2026,2250,2001,2250,1.0000,stable,stable,dominant_stable,dominant_stable,0.0000,0.0000,0.0000,persisted
electricity_hourly_coarse_relation_001,225,250,2251,2475,2251,2500,1.0000,stable,stable,dominant_stable,dominant_stable,0.0000,0.0000,0.0000,persisted
electricity_hourly_coarse_relation_001,225,250,2476,2700,2501,2750,0.8889,stable,stable,dominant_stable,dominant_stable,0.0133,-0.0133,0.0000,persisted
electricity_hourly_coarse_relation_001,225,250,2701,2925,2751,3000,0.7778,stable,stable,dominant_stable,dominant_stable,0.0000,0.0000,0.0000,persisted
electricity_hourly_coarse_relation_001,225,250,2926,3150,3001,3250,0.6667,stable,stable,dominant_stable,dominant_stable,0.0000,0.0000,0.0000,persisted
electricity_hourly_coarse_relation_001,225,250,3151,3375,3251,3500,0.5556,stable,stable,dominant_stable,dominant_stable,0.0000,0.0000,0.0000,persisted
electricity_hourly_coarse_relation_001,225,250,3376,3600,3251,3500,0.5556,stable,stable,dominant_stable,dominant_stable,0.0000,0.0000,0.0000,persisted
electricity_hourly_coarse_relation_001,225,250,3601,3825,3501,3750,0.6667,stable,stable,dominant_stable,dominant_stable,0.0000,0.0000,0.0000,persisted
electricity_hourly_coarse_relation_001,225,250,3826,4050,3751,4000,0.7778,stable,stable,dominant_stable,dominant_stable,0.0000,0.0000,0.0000,persisted
electricity_hourly_coarse_relation_001,225,250,4051,4275,4001,4250,0.8889,stable,stable,dominant_stable,dominant_stable,0.0000,0.0000,0.0000,persisted
electricity_hourly_coarse_relation_001,225,250,4276,4500,4251,4500,1.0000,stable,stable,dominant_stable,dominant_stable,0.0000,0.0000,0.0000,persisted
electricity_hourly_coarse_relation_001,225,250,4501,4725,4501,4750,1.0000,stable,stable,dominant_stable,dominant_stable,0.0133,-0.0133,0.0000,persisted
electricity_hourly_coarse_relation_001,225,250,4726,4950,4751,5000,0.8889,stable,stable,dominant_stable,dominant_stable,0.0000,0.0000,0.0000,persisted
electricity_hourly_coarse_relation_001,225,250,4951,5175,5001,5250,0.7778,stable,stable,dominant_stable,dominant_stable,0.0093,-0.0133,0.0040,persisted
electricity_hourly_coarse_relation_001,225,250,5176,5400,5251,5500,0.6667,stable,stable,dominant_stable,dominant_stable,0.0004,0.0000,-0.0004,persisted
electricity_hourly_coarse_relation_001,225,250,5401,5625,5501,5750,0.5556,stable,stable,dominant_stable,dominant_stable,0.0000,0.0000,0.0000,persisted
electricity_hourly_coarse_relation_001,225,250,5626,5850,5501,5750,0.5556,stable,stable,dominant_stable,dominant_stable,0.0044,0.0000,-0.0044,persisted
electricity_hourly_coarse_relation_001,225,250,5851,6075,5751,6000,0.6667,stable,stable,dominant_stable,dominant_stable,-0.0031,0.0031,0.0000,persisted
electricity_hourly_coarse_relation_001,225,250,6076,6300,6001,6250,0.7778,stable,stable,dominant_stable,dominant_stable,0.0093,-0.0133,0.0040,persisted
electricity_hourly_coarse_relation_001,225,250,6301,6525,6251,6500,0.8889,stable,stable,dominant_stable,dominant_stable,0.0000,0.0000,0.0000,persisted
electricity_hourly_coarse_relation_001,225,250,6526,6750,6501,6750,1.0000,stable,stable,dominant_stable,dominant_stable,0.0000,0.0000,0.0000,persisted
electricity_hourly_coarse_relation_001,225,250,6751,6975,6751,7000,1.0000,stable,stable,dominant_stable,dominant_stable,0.0000,0.0000,0.0000,persisted
electricity_hourly_coarse_relation_001,225,250,6976,7200,7001,7250,0.8889,stable,stable,dominant_stable,dominant_stable,0.0000,0.0000,0.0000,persisted
electricity_hourly_coarse_relation_001,225,250,7201,7425,7251,7500,0.7778,stable,stable,dominant_stable,dominant_stable,0.0000,0.0000,0.0000,persisted
electricity_hourly_coarse_relation_001,225,250,7426,7650,7501,7750,0.6667,stable,stable,dominant_stable,dominant_stable,0.0000,0.0000,0.0000,persisted
electricity_hourly_coarse_relation_001,225,250,7651,7875,7751,8000,0.5556,stable,stable,dominant_stable,dominant_stable,0.0000,0.0000,0.0000,persisted
electricity_hourly_coarse_relation_001,225,250,7876,8100,7751,8000,0.5556,stable,stable,dominant_stable,dominant_stable,0.0133,-0.0133,0.0000,persisted
electricity_hourly_coarse_relation_001,225,250,8101,8325,8001,8250,0.6667,stable,stable,dominant_stable,dominant_stable,0.0133,-0.0133,0.0000,persisted
electricity_hourly_coarse_relation_001,225,250,8326,8550,8251,8500,0.7778,stable,stable,dominant_stable,dominant_stable,0.0000,0.0000,0.0000,persisted
electricity_hourly_coarse_relation_001,225,250,8551,8775,8501,8750,0.8889,stable,stable,dominant_stable,dominant_stable,0.0000,0.0000,0.0000,persisted
electricity_hourly_coarse_relation_001,225,250,8776,9000,8751,9000,1.0000,stable,stable,dominant_stable,dominant_stable,0.0000,0.0000,0.0000,persisted
electricity_hourly_coarse_relation_001,225,250,9001,9225,9001,9250,1.0000,stable,stable,dominant_stable,dominant_stable,0.0138,-0.0133,-0.0004,persisted
electricity_hourly_coarse_relation_001,225,250,9226,9450,9251,9500,0.8889,stable,stable,dominant_stable,dominant_stable,0.0044,0.0000,-0.0044,persisted
electricity_hourly_coarse_relation_001,225,250,9451,9675,9501,9750,0.7778,stable,stable,dominant_stable,dominant_stable,0.0000,0.0000,0.0000,persisted
electricity_hourly_coarse_relation_001,225,250,9676,9900,9751,10000,0.6667,stable,stable,dominant_stable,dominant_stable,0.0000,0.0000,0.0000,persisted
electricity_hourly_coarse_relation_001,225,250,9901,10125,10001,10250,0.5556,stable,stable,dominant_stable,dominant_stable,0.0000,0.0000,0.0000,persisted
electricity_hourly_coarse_relation_001,225,250,10126,10350,10001,10250,0.5556,stable,stable,dominant_stable,dominant_stable,0.0000,0.0000,0.0000,persisted
electricity_hourly_coarse_relation_001,225,250,10351,10575,10251,10500,0.6667,stable,stable,dominant_stable,dominant_stable,0.0004,0.0000,-0.0004,persisted
electricity_hourly_coarse_relation_001,225,250,10576,10800,10501,10750,0.7778,stable,stable,dominant_stable,dominant_stable,0.0000,0.0000,0.0000,persisted
electricity_hourly_coarse_relation_001,225,250,10801,11025,10751,11000,0.8889,stable,stable,dominant_stable,dominant_stable,0.0013,-0.0013,0.0000,persisted
electricity_hourly_coarse_relation_001,225,250,11026,11250,11001,11250,1.0000,stable,stable,dominant_stable,dominant_stable,0.0009,-0.0009,0.0000,persisted
electricity_hourly_coarse_relation_001,225,250,11251,11475,11251,11500,1.0000,stable,stable,dominant_stable,dominant_stable,0.0000,0.0000,0.0000,persisted
electricity_hourly_coarse_relation_001,225,250,11476,11700,11501,11750,0.8889,stable,stable,dominant_stable,dominant_stable,0.0133,-0.0133,0.0000,persisted
electricity_hourly_coarse_relation_001,225,250,11701,11925,11751,12000,0.7778,stable,stable,dominant_stable,dominant_stable,0.0000,0.0000,0.0000,persisted
electricity_hourly_coarse_relation_001,225,250,11926,12150,12001,12250,0.6667,stable,stable,dominant_stable,dominant_stable,0.0004,0.0000,-0.0004,persisted
electricity_hourly_coarse_relation_001,225,250,12151,12375,12251,12500,0.5556,stable,stable,dominant_stable,dominant_stable,0.0133,-0.0133,0.0000,persisted
electricity_hourly_coarse_relation_001,225,250,12376,12600,12251,12500,0.5556,stable,stable,dominant_stable,dominant_stable,0.0000,0.0000,0.0000,persisted
electricity_hourly_coarse_relation_001,225,250,12601,12825,12501,12750,0.6667,stable,stable,dominant_stable,dominant_stable,0.0000,0.0000,0.0000,persisted
electricity_hourly_coarse_relation_001,225,250,12826,13050,12751,13000,0.7778,stable,stable,dominant_stable,dominant_stable,0.0000,0.0000,0.0000,persisted
electricity_hourly_coarse_relation_001,225,250,13051,13275,13001,13250,0.8889,stable,stable,dominant_stable,dominant_stable,0.0000,0.0000,0.0000,persisted
electricity_hourly_coarse_relation_001,225,250,13276,13500,13251,13500,1.0000,stable,stable,dominant_stable,dominant_stable,0.0000,0.0000,0.0000,persisted
electricity_hourly_coarse_relation_001,225,250,13501,13725,13501,13750,1.0000,stable,stable,dominant_stable,dominant_stable,0.0000,0.0000,0.0000,persisted
electricity_hourly_coarse_relation_001,225,250,13726,13950,13751,14000,0.8889,stable,stable,dominant_stable,dominant_stable,0.0053,-0.0053,0.0000,persisted
electricity_hourly_coarse_relation_001,225,250,13951,14175,14001,14250,0.7778,stable,stable,dominant_stable,dominant_stable,0.0000,0.0000,0.0000,persisted
electricity_hourly_coarse_relation_001,225,250,14176,14400,14251,14500,0.6667,stable,stable,dominant_stable,dominant_stable,0.0009,-0.0009,0.0000,persisted
electricity_hourly_coarse_relation_001,225,250,14401,14625,14501,14750,0.5556,stable,stable,dominant_stable,dominant_stable,0.0000,0.0000,0.0000,persisted
electricity_hourly_coarse_relation_001,225,250,14626,14850,14501,14750,0.5556,stable,stable,dominant_stable,dominant_stable,0.0000,0.0000,0.0000,persisted
electricity_hourly_coarse_relation_001,225,250,14851,15075,14751,15000,0.6667,stable,stable,dominant_stable,dominant_stable,0.0000,0.0000,0.0000,persisted
electricity_hourly_coarse_relation_001,225,250,15076,15300,15001,15250,0.7778,stable,stable,dominant_stable,dominant_stable,0.0000,0.0000,0.0000,persisted
electricity_hourly_coarse_relation_001,225,250,15301,15525,15251,15500,0.8889,stable,stable,dominant_stable,dominant_stable,0.0000,0.0000,0.0000,persisted
electricity_hourly_coarse_relation_001,225,250,15526,15750,15501,15750,1.0000,stable,stable,dominant_stable,dominant_stable,0.0000,0.0000,0.0000,persisted
electricity_hourly_coarse_relation_001,225,250,15751,15975,15751,16000,1.0000,stable,stable,dominant_stable,dominant_stable,0.0000,0.0000,0.0000,persisted
electricity_hourly_coarse_relation_001,225,250,15976,16200,16001,16250,0.8889,stable,stable,dominant_stable,dominant_stable,0.0000,0.0000,0.0000,persisted
electricity_hourly_coarse_relation_001,225,250,16201,16425,16251,16500,0.7778,stable,stable,dominant_stable,dominant_stable,0.0000,0.0000,0.0000,persisted
electricity_hourly_coarse_relation_001,225,250,16426,16650,16501,16750,0.6667,stable,stable,dominant_stable,dominant_stable,-0.0031,-0.0009,0.0040,persisted
electricity_hourly_coarse_relation_001,225,250,16651,16875,16751,17000,0.5556,stable,stable,dominant_stable,dominant_stable,0.0044,0.0000,-0.0044,persisted
electricity_hourly_coarse_relation_001,225,250,16876,17100,16751,17000,0.5556,stable,stable,dominant_stable,dominant_stable,0.0044,0.0000,-0.0044,persisted
electricity_hourly_coarse_relation_001,225,250,17101,17325,17001,17250,0.6667,stable,stable,dominant_stable,dominant_stable,0.0013,-0.0013,0.0000,persisted
electricity_hourly_coarse_relation_001,225,250,17326,17550,17251,17500,0.7778,stable,stable,dominant_stable,dominant_stable,-0.0036,0.0080,-0.0044,persisted
electricity_hourly_coarse_relation_001,225,250,17551,17775,17501,17750,0.8889,stable,stable,dominant_stable,dominant_stable,0.0004,0.0000,-0.0004,persisted
electricity_hourly_coarse_relation_001,225,250,17776,18000,17751,18000,1.0000,stable,stable,dominant_stable,dominant_stable,0.0013,-0.0013,0.0000,persisted
electricity_hourly_coarse_relation_001,225,250,18001,18225,18001,18250,1.0000,stable,stable,dominant_stable,dominant_stable,0.0009,0.0000,-0.0009,persisted
electricity_hourly_coarse_relation_001,225,250,18226,18450,18251,18500,0.8889,stable,stable,dominant_stable,dominant_stable,-0.0076,0.0120,-0.0044,persisted
electricity_hourly_coarse_relation_001,225,250,18451,18675,18501,18750,0.7778,stable,stable,dominant_stable,dominant_stable,0.0000,0.0000,0.0000,persisted
electricity_hourly_coarse_relation_001,225,250,18676,18900,18751,19000,0.6667,stable,stable,dominant_stable,dominant_stable,-0.0080,0.0080,0.0000,persisted
electricity_hourly_coarse_relation_001,225,250,18901,19125,19001,19250,0.5556,stable,stable,dominant_stable,dominant_stable,-0.0120,0.0120,0.0000,persisted
electricity_hourly_coarse_relation_001,225,250,19126,19350,19001,19250,0.5556,stable,stable,dominant_stable,dominant_stable,0.0102,-0.0102,0.0000,persisted
electricity_hourly_coarse_relation_001,225,250,19351,19575,19251,19500,0.6667,stable,stable,dominant_stable,dominant_stable,-0.0151,0.0240,-0.0089,persisted
electricity_hourly_coarse_relation_001,225,250,19576,19800,19501,19750,0.7778,stable,stable,dominant_stable,dominant_stable,0.0000,0.0000,0.0000,persisted
electricity_hourly_coarse_relation_001,225,250,19801,20025,19751,20000,0.8889,stable,stable,dominant_stable,dominant_stable,-0.0120,0.0120,0.0000,persisted
electricity_hourly_coarse_relation_001,225,250,20026,20250,20001,20250,1.0000,stable,stable,dominant_stable,dominant_stable,0.0000,0.0000,0.0000,persisted
electricity_hourly_coarse_relation_001,225,250,20251,20475,20251,20500,1.0000,stable,stable,dominant_stable,dominant_stable,0.0000,0.0000,0.0000,persisted
electricity_hourly_coarse_relation_001,225,250,20476,20700,20501,20750,0.8889,stable,stable,dominant_stable,dominant_stable,0.0000,0.0000,0.0000,persisted
electricity_hourly_coarse_relation_001,225,250,20701,20925,20751,21000,0.7778,stable,stable,dominant_stable,dominant_stable,-0.0120,0.0120,0.0000,persisted
electricity_hourly_coarse_relation_001,225,250,20926,21150,21001,21250,0.6667,stable,stable,dominant_stable,dominant_stable,-0.0036,0.0080,-0.0044,persisted
electricity_hourly_coarse_relation_001,225,250,21151,21375,21251,21500,0.5556,stable,stable,dominant_stable,dominant_stable,0.0000,0.0000,0.0000,persisted
electricity_hourly_coarse_relation_001,225,250,21376,21600,21251,21500,0.5556,stable,stable,dominant_stable,dominant_stable,0.0000,0.0000,0.0000,persisted
electricity_hourly_coarse_relation_001,225,250,21601,21825,21501,21750,0.6667,stable,stable,dominant_stable,dominant_stable,0.0089,-0.0089,0.0000,persisted
electricity_hourly_coarse_relation_001,225,250,21826,22050,21751,22000,0.7778,stable,stable,dominant_stable,dominant_stable,0.0049,-0.0089,0.0040,persisted
electricity_hourly_coarse_relation_001,225,250,22051,22275,22001,22250,0.8889,stable,stable,dominant_stable,dominant_stable,-0.0031,0.0031,0.0000,persisted
electricity_hourly_coarse_relation_001,225,250,22276,22500,22251,22500,1.0000,stable,stable,dominant_stable,dominant_stable,0.0000,0.0000,0.0000,persisted
electricity_hourly_coarse_relation_001,225,250,22501,22725,22501,22750,1.0000,stable,stable,dominant_stable,dominant_stable,0.0004,0.0000,-0.0004,persisted
electricity_hourly_coarse_relation_001,225,250,22726,22950,22751,23000,0.8889,stable,stable,dominant_stable,dominant_stable,0.0004,0.0000,-0.0004,persisted
electricity_hourly_coarse_relation_001,225,250,22951,23175,23001,23250,0.7778,stable,stable,dominant_stable,dominant_stable,0.0000,0.0000,0.0000,persisted
electricity_hourly_coarse_relation_001,225,250,23176,23400,23251,23500,0.6667,stable,stable,dominant_stable,dominant_stable,0.0004,0.0000,-0.0004,persisted
electricity_hourly_coarse_relation_001,225,250,23401,23625,23501,23750,0.5556,stable,stable,dominant_stable,dominant_stable,0.0000,0.0000,0.0000,persisted
electricity_hourly_coarse_relation_001,225,250,23626,23850,23501,23750,0.5556,stable,stable,dominant_stable,dominant_stable,0.0000,0.0000,0.0000,persisted
electricity_hourly_coarse_relation_001,225,250,23851,24075,23751,24000,0.6667,stable,stable,dominant_stable,dominant_stable,0.0000,0.0000,0.0000,persisted
electricity_hourly_coarse_relation_001,225,250,24076,24300,24001,24250,0.7778,stable,stable,dominant_stable,dominant_stable,0.0000,0.0000,0.0000,persisted
electricity_hourly_coarse_relation_001,225,250,24301,24525,24251,24500,0.8889,stable,stable,dominant_stable,dominant_stable,0.0000,0.0000,0.0000,persisted
electricity_hourly_coarse_relation_001,225,250,24526,24750,24501,24750,1.0000,stable,stable,dominant_stable,dominant_stable,0.0000,0.0000,0.0000,persisted
electricity_hourly_coarse_relation_001,225,250,24751,24975,24751,25000,1.0000,stable,stable,dominant_stable,dominant_stable,0.0000,0.0000,0.0000,persisted
electricity_hourly_coarse_relation_001,225,250,24976,25200,25001,25250,0.8889,stable,stable,dominant_stable,dominant_stable,0.0004,0.0000,-0.0004,persisted
electricity_hourly_coarse_relation_001,225,250,25201,25425,25251,25500,0.7778,stable,stable,dominant_stable,dominant_stable,0.0009,-0.0009,0.0000,persisted
electricity_hourly_coarse_relation_001,225,250,25426,25650,25501,25750,0.6667,stable,stable,dominant_stable,dominant_stable,0.0049,-0.0089,0.0040,persisted
electricity_hourly_coarse_relation_001,225,250,25651,25875,25751,26000,0.5556,stable,stable,dominant_stable,dominant_stable,-0.0040,0.0000,0.0040,persisted
electricity_hourly_coarse_relation_001,225,250,25876,26100,25751,26000,0.5556,stable,stable,dominant_stable,dominant_stable,0.0049,-0.0089,0.0040,persisted
electricity_hourly_coarse_relation_001,225,250,26101,26304,26251,26304,1.0000,stable,stable,dominant_stable,dominant_stable,0.0049,0.0000,-0.0049,persisted
electricity_hourly_coarse_relation_001,250,300,1,250,1,300,1.0000,stable,stable,dominant_stable,dominant_stable,0.0000,0.0000,0.0000,persisted
electricity_hourly_coarse_relation_001,250,300,251,500,301,600,0.8000,stable,stable,dominant_stable,dominant_stable,0.0000,0.0000,0.0000,persisted
electricity_hourly_coarse_relation_001,250,300,501,750,601,900,0.6000,stable,stable,dominant_stable,dominant_stable,0.0000,0.0000,0.0000,persisted
electricity_hourly_coarse_relation_001,250,300,751,1000,601,900,0.6000,stable,stable,dominant_stable,dominant_stable,0.0000,0.0000,0.0000,persisted
electricity_hourly_coarse_relation_001,250,300,1001,1250,901,1200,0.8000,stable,stable,dominant_stable,dominant_stable,-0.0067,0.0067,0.0000,persisted
electricity_hourly_coarse_relation_001,250,300,1251,1500,1201,1500,1.0000,stable,stable,dominant_stable,dominant_stable,0.0013,-0.0013,0.0000,persisted
electricity_hourly_coarse_relation_001,250,300,1501,1750,1501,1800,1.0000,stable,stable,dominant_stable,dominant_stable,0.0000,0.0000,0.0000,persisted
electricity_hourly_coarse_relation_001,250,300,1751,2000,1801,2100,0.8000,stable,stable,dominant_stable,dominant_stable,0.0000,0.0000,0.0000,persisted
electricity_hourly_coarse_relation_001,250,300,2001,2250,2101,2400,0.6000,stable,stable,dominant_stable,dominant_stable,0.0000,0.0000,0.0000,persisted
electricity_hourly_coarse_relation_001,250,300,2251,2500,2101,2400,0.6000,stable,stable,dominant_stable,dominant_stable,0.0000,0.0000,0.0000,persisted
electricity_hourly_coarse_relation_001,250,300,2501,2750,2401,2700,0.8000,stable,stable,dominant_stable,dominant_stable,0.0000,0.0000,0.0000,persisted
electricity_hourly_coarse_relation_001,250,300,2751,3000,2701,3000,1.0000,stable,stable,dominant_stable,dominant_stable,0.0000,0.0000,0.0000,persisted
electricity_hourly_coarse_relation_001,250,300,3001,3250,3001,3300,1.0000,stable,stable,dominant_stable,dominant_stable,0.0000,0.0000,0.0000,persisted
electricity_hourly_coarse_relation_001,250,300,3251,3500,3301,3600,0.8000,stable,stable,dominant_stable,dominant_stable,0.0000,0.0000,0.0000,persisted
electricity_hourly_coarse_relation_001,250,300,3501,3750,3601,3900,0.6000,stable,stable,dominant_stable,dominant_stable,0.0000,0.0000,0.0000,persisted
electricity_hourly_coarse_relation_001,250,300,3751,4000,3601,3900,0.6000,stable,stable,dominant_stable,dominant_stable,0.0000,0.0000,0.0000,persisted
electricity_hourly_coarse_relation_001,250,300,4001,4250,3901,4200,0.8000,stable,stable,dominant_stable,dominant_stable,0.0000,0.0000,0.0000,persisted
electricity_hourly_coarse_relation_001,250,300,4251,4500,4201,4500,1.0000,stable,stable,dominant_stable,dominant_stable,0.0000,0.0000,0.0000,persisted
electricity_hourly_coarse_relation_001,250,300,4501,4750,4501,4800,1.0000,stable,stable,dominant_stable,dominant_stable,0.0000,0.0000,0.0000,persisted
electricity_hourly_coarse_relation_001,250,300,4751,5000,4801,5100,0.8000,stable,stable,dominant_stable,dominant_stable,0.0000,0.0000,0.0000,persisted
electricity_hourly_coarse_relation_001,250,300,5001,5250,5101,5400,0.6000,stable,stable,dominant_stable,dominant_stable,0.0007,0.0000,-0.0007,persisted
electricity_hourly_coarse_relation_001,250,300,5251,5500,5101,5400,0.6000,stable,stable,dominant_stable,dominant_stable,0.0007,0.0000,-0.0007,persisted
electricity_hourly_coarse_relation_001,250,300,5501,5750,5401,5700,0.8000,stable,stable,dominant_stable,dominant_stable,0.0000,0.0000,0.0000,persisted
electricity_hourly_coarse_relation_001,250,300,5751,6000,5701,6000,1.0000,stable,stable,dominant_stable,dominant_stable,0.0020,-0.0020,0.0000,persisted
electricity_hourly_coarse_relation_001,250,300,6001,6250,6001,6300,1.0000,stable,stable,dominant_stable,dominant_stable,-0.0060,0.0100,-0.0040,persisted
electricity_hourly_coarse_relation_001,250,300,6251,6500,6301,6600,0.8000,stable,stable,dominant_stable,dominant_stable,0.0000,0.0000,0.0000,persisted
electricity_hourly_coarse_relation_001,250,300,6501,6750,6601,6900,0.6000,stable,stable,dominant_stable,dominant_stable,0.0000,0.0000,0.0000,persisted
electricity_hourly_coarse_relation_001,250,300,6751,7000,6601,6900,0.6000,stable,stable,dominant_stable,dominant_stable,0.0000,0.0000,0.0000,persisted
electricity_hourly_coarse_relation_001,250,300,7001,7250,6901,7200,0.8000,stable,stable,dominant_stable,dominant_stable,0.0000,0.0000,0.0000,persisted
electricity_hourly_coarse_relation_001,250,300,7251,7500,7201,7500,1.0000,stable,stable,dominant_stable,dominant_stable,0.0000,0.0000,0.0000,persisted
electricity_hourly_coarse_relation_001,250,300,7501,7750,7501,7800,1.0000,stable,stable,dominant_stable,dominant_stable,0.0000,0.0000,0.0000,persisted
electricity_hourly_coarse_relation_001,250,300,7751,8000,7801,8100,0.8000,stable,stable,dominant_stable,dominant_stable,-0.0100,0.0100,0.0000,persisted
electricity_hourly_coarse_relation_001,250,300,8001,8250,8101,8400,0.6000,stable,stable,dominant_stable,dominant_stable,0.0000,0.0000,0.0000,persisted
electricity_hourly_coarse_relation_001,250,300,8251,8500,8101,8400,0.6000,stable,stable,dominant_stable,dominant_stable,0.0000,0.0000,0.0000,persisted
electricity_hourly_coarse_relation_001,250,300,8501,8750,8401,8700,0.8000,stable,stable,dominant_stable,dominant_stable,0.0000,0.0000,0.0000,persisted
electricity_hourly_coarse_relation_001,250,300,8751,9000,8701,9000,1.0000,stable,stable,dominant_stable,dominant_stable,-0.0033,0.0000,0.0033,persisted
electricity_hourly_coarse_relation_001,250,300,9001,9250,9001,9300,1.0000,stable,stable,dominant_stable,dominant_stable,0.0007,0.0000,-0.0007,persisted
electricity_hourly_coarse_relation_001,250,300,9251,9500,9301,9600,0.8000,stable,stable,dominant_stable,dominant_stable,0.0000,0.0000,0.0000,persisted
electricity_hourly_coarse_relation_001,250,300,9501,9750,9601,9900,0.6000,stable,stable,dominant_stable,dominant_stable,0.0000,0.0000,0.0000,persisted
electricity_hourly_coarse_relation_001,250,300,9751,10000,9601,9900,0.6000,stable,stable,dominant_stable,dominant_stable,0.0000,0.0000,0.0000,persisted
electricity_hourly_coarse_relation_001,250,300,10001,10250,9901,10200,0.8000,stable,stable,dominant_stable,dominant_stable,0.0000,0.0000,0.0000,persisted
electricity_hourly_coarse_relation_001,250,300,10251,10500,10201,10500,1.0000,stable,stable,dominant_stable,dominant_stable,0.0007,0.0000,-0.0007,persisted
electricity_hourly_coarse_relation_001,250,300,10501,10750,10501,10800,1.0000,stable,stable,dominant_stable,dominant_stable,0.0000,0.0000,0.0000,persisted
electricity_hourly_coarse_relation_001,250,300,10751,11000,10801,11100,0.8000,stable,stable,dominant_stable,dominant_stable,0.0120,-0.0120,0.0000,persisted
electricity_hourly_coarse_relation_001,250,300,11001,11250,11101,11400,0.6000,stable,stable,dominant_stable,dominant_stable,-0.0020,0.0020,0.0000,persisted
electricity_hourly_coarse_relation_001,250,300,11251,11500,11101,11400,0.6000,stable,stable,dominant_stable,dominant_stable,-0.0100,0.0100,0.0000,persisted
electricity_hourly_coarse_relation_001,250,300,11501,11750,11401,11700,0.8000,stable,stable,dominant_stable,dominant_stable,0.0000,0.0000,0.0000,persisted
electricity_hourly_coarse_relation_001,250,300,11751,12000,11701,12000,1.0000,stable,stable,dominant_stable,dominant_stable,0.0000,0.0000,0.0000,persisted
electricity_hourly_coarse_relation_001,250,300,12001,12250,12001,12300,1.0000,stable,stable,dominant_stable,dominant_stable,-0.0060,0.0100,-0.0040,persisted
electricity_hourly_coarse_relation_001,250,300,12251,12500,12301,12600,0.8000,stable,stable,dominant_stable,dominant_stable,0.0000,0.0000,0.0000,persisted
electricity_hourly_coarse_relation_001,250,300,12501,12750,12601,12900,0.6000,stable,stable,dominant_stable,dominant_stable,0.0000,0.0000,0.0000,persisted
electricity_hourly_coarse_relation_001,250,300,12751,13000,12601,12900,0.6000,stable,stable,dominant_stable,dominant_stable,0.0000,0.0000,0.0000,persisted
electricity_hourly_coarse_relation_001,250,300,13001,13250,12901,13200,0.8000,stable,stable,dominant_stable,dominant_stable,0.0000,0.0000,0.0000,persisted
electricity_hourly_coarse_relation_001,250,300,13251,13500,13201,13500,1.0000,stable,stable,dominant_stable,dominant_stable,0.0000,0.0000,0.0000,persisted
electricity_hourly_coarse_relation_001,250,300,13501,13750,13501,13800,1.0000,stable,stable,dominant_stable,dominant_stable,0.0000,0.0000,0.0000,persisted
electricity_hourly_coarse_relation_001,250,300,13751,14000,13801,14100,0.8000,stable,stable,dominant_stable,dominant_stable,0.0080,-0.0080,0.0000,persisted
electricity_hourly_coarse_relation_001,250,300,14001,14250,14101,14400,0.6000,stable,stable,dominant_stable,dominant_stable,0.0000,0.0000,0.0000,persisted
electricity_hourly_coarse_relation_001,250,300,14251,14500,14101,14400,0.6000,stable,stable,dominant_stable,dominant_stable,0.0080,-0.0080,0.0000,persisted
electricity_hourly_coarse_relation_001,250,300,14501,14750,14401,14700,0.8000,stable,stable,dominant_stable,dominant_stable,0.0000,0.0000,0.0000,persisted
electricity_hourly_coarse_relation_001,250,300,14751,15000,14701,15000,1.0000,stable,stable,dominant_stable,dominant_stable,0.0000,0.0000,0.0000,persisted
electricity_hourly_coarse_relation_001,250,300,15001,15250,15001,15300,1.0000,stable,stable,dominant_stable,dominant_stable,0.0000,0.0000,0.0000,persisted
electricity_hourly_coarse_relation_001,250,300,15251,15500,15301,15600,0.8000,stable,stable,dominant_stable,dominant_stable,0.0000,0.0000,0.0000,persisted
electricity_hourly_coarse_relation_001,250,300,15501,15750,15601,15900,0.6000,stable,stable,dominant_stable,dominant_stable,0.0000,0.0000,0.0000,persisted
electricity_hourly_coarse_relation_001,250,300,15751,16000,15601,15900,0.6000,stable,stable,dominant_stable,dominant_stable,0.0000,0.0000,0.0000,persisted
electricity_hourly_coarse_relation_001,250,300,16001,16250,15901,16200,0.8000,stable,stable,dominant_stable,dominant_stable,0.0000,0.0000,0.0000,persisted
electricity_hourly_coarse_relation_001,250,300,16251,16500,16201,16500,1.0000,stable,stable,dominant_stable,dominant_stable,0.0000,0.0000,0.0000,persisted
electricity_hourly_coarse_relation_001,250,300,16501,16750,16501,16800,1.0000,stable,stable,dominant_stable,dominant_stable,0.0020,-0.0013,-0.0007,persisted
electricity_hourly_coarse_relation_001,250,300,16751,17000,16801,17100,0.8000,stable,stable,dominant_stable,dominant_stable,-0.0033,0.0000,0.0033,persisted
electricity_hourly_coarse_relation_001,250,300,17001,17250,17101,17400,0.6000,stable,stable,dominant_stable,dominant_stable,0.0120,-0.0120,0.0000,persisted
electricity_hourly_coarse_relation_001,250,300,17251,17500,17101,17400,0.6000,stable,stable,dominant_stable,dominant_stable,0.0080,-0.0080,0.0000,persisted
electricity_hourly_coarse_relation_001,250,300,17501,17750,17401,17700,0.8000,stable,stable,dominant_stable,dominant_stable,0.0007,0.0000,-0.0007,persisted
electricity_hourly_coarse_relation_001,250,300,17751,18000,17701,18000,1.0000,stable,stable,dominant_stable,dominant_stable,-0.0013,-0.0020,0.0033,persisted
electricity_hourly_coarse_relation_001,250,300,18001,18250,18001,18300,1.0000,stable,stable,dominant_stable,dominant_stable,-0.0020,0.0067,-0.0047,persisted
electricity_hourly_coarse_relation_001,250,300,18251,18500,18301,18600,0.8000,stable,stable,dominant_stable,dominant_stable,0.0020,-0.0020,0.0000,persisted
electricity_hourly_coarse_relation_001,250,300,18501,18750,18601,18900,0.6000,stable,stable,dominant_stable,dominant_stable,-0.0100,0.0100,0.0000,persisted
electricity_hourly_coarse_relation_001,250,300,18751,19000,18601,18900,0.6000,stable,stable,dominant_stable,dominant_stable,-0.0020,0.0020,0.0000,persisted
electricity_hourly_coarse_relation_001,250,300,19001,19250,18901,19200,0.8000,stable,stable,dominant_stable,dominant_stable,0.0120,-0.0120,0.0000,persisted
electricity_hourly_coarse_relation_001,250,300,19251,19500,19201,19500,1.0000,stable,stable,dominant_stable,dominant_stable,0.0040,-0.0040,0.0000,persisted
electricity_hourly_coarse_relation_001,250,300,19501,19750,19501,19800,1.0000,stable,stable,dominant_stable,dominant_stable,0.0000,0.0000,0.0000,persisted
electricity_hourly_coarse_relation_001,250,300,19751,20000,19801,20100,0.8000,stable,stable,dominant_stable,dominant_stable,0.0120,-0.0120,0.0000,persisted
electricity_hourly_coarse_relation_001,250,300,20001,20250,20101,20400,0.6000,stable,stable,dominant_stable,dominant_stable,-0.0100,0.0100,0.0000,persisted
electricity_hourly_coarse_relation_001,250,300,20251,20500,20101,20400,0.6000,stable,stable,dominant_stable,dominant_stable,-0.0100,0.0100,0.0000,persisted
electricity_hourly_coarse_relation_001,250,300,20501,20750,20401,20700,0.8000,stable,stable,dominant_stable,dominant_stable,0.0000,0.0000,0.0000,persisted
electricity_hourly_coarse_relation_001,250,300,20751,21000,20701,21000,1.0000,stable,stable,dominant_stable,dominant_stable,0.0120,-0.0120,0.0000,persisted
electricity_hourly_coarse_relation_001,250,300,21001,21250,21001,21300,1.0000,stable,stable,dominant_stable,dominant_stable,-0.0020,0.0020,0.0000,persisted
electricity_hourly_coarse_relation_001,250,300,21251,21500,21301,21600,0.8000,stable,stable,dominant_stable,dominant_stable,0.0000,0.0000,0.0000,persisted
electricity_hourly_coarse_relation_001,250,300,21501,21750,21601,21900,0.6000,stable,stable,dominant_stable,dominant_stable,-0.0100,0.0100,0.0000,persisted
electricity_hourly_coarse_relation_001,250,300,21751,22000,21601,21900,0.6000,stable,stable,dominant_stable,dominant_stable,-0.0060,0.0100,-0.0040,persisted
electricity_hourly_coarse_relation_001,250,300,22001,22250,21901,22200,0.8000,stable,stable,dominant_stable,dominant_stable,0.0020,-0.0020,0.0000,persisted
electricity_hourly_coarse_relation_001,250,300,22251,22500,22201,22500,1.0000,stable,stable,dominant_stable,dominant_stable,0.0000,0.0000,0.0000,persisted
electricity_hourly_coarse_relation_001,250,300,22501,22750,22501,22800,1.0000,stable,stable,dominant_stable,dominant_stable,0.0007,0.0000,-0.0007,persisted
electricity_hourly_coarse_relation_001,250,300,22751,23000,22801,23100,0.8000,stable,stable,dominant_stable,dominant_stable,0.0007,0.0000,-0.0007,persisted
electricity_hourly_coarse_relation_001,250,300,23001,23250,23101,23400,0.6000,stable,stable,dominant_stable,dominant_stable,-0.0033,0.0000,0.0033,persisted
electricity_hourly_coarse_relation_001,250,300,23251,23500,23101,23400,0.6000,stable,stable,dominant_stable,dominant_stable,0.0007,0.0000,-0.0007,persisted
electricity_hourly_coarse_relation_001,250,300,23501,23750,23401,23700,0.8000,stable,stable,dominant_stable,dominant_stable,0.0000,0.0000,0.0000,persisted
electricity_hourly_coarse_relation_001,250,300,23751,24000,23701,24000,1.0000,stable,stable,dominant_stable,dominant_stable,0.0000,0.0000,0.0000,persisted
electricity_hourly_coarse_relation_001,250,300,24001,24250,24001,24300,1.0000,stable,stable,dominant_stable,dominant_stable,0.0000,0.0000,0.0000,persisted
electricity_hourly_coarse_relation_001,250,300,24251,24500,24301,24600,0.8000,stable,stable,dominant_stable,dominant_stable,0.0000,0.0000,0.0000,persisted
electricity_hourly_coarse_relation_001,250,300,24501,24750,24601,24900,0.6000,stable,stable,dominant_stable,dominant_stable,0.0000,0.0000,0.0000,persisted
electricity_hourly_coarse_relation_001,250,300,24751,25000,24601,24900,0.6000,stable,stable,dominant_stable,dominant_stable,0.0000,0.0000,0.0000,persisted
electricity_hourly_coarse_relation_001,250,300,25001,25250,24901,25200,0.8000,stable,stable,dominant_stable,dominant_stable,-0.0027,0.0067,-0.0040,persisted
electricity_hourly_coarse_relation_001,250,300,25251,25500,25201,25500,1.0000,stable,stable,dominant_stable,dominant_stable,0.0013,-0.0013,0.0000,persisted
electricity_hourly_coarse_relation_001,250,300,25501,25750,25501,25800,1.0000,stable,stable,dominant_stable,dominant_stable,0.0007,0.0000,-0.0007,persisted
electricity_hourly_coarse_relation_001,250,300,25751,26000,25801,26100,0.8000,stable,stable,dominant_stable,dominant_stable,-0.0027,0.0067,-0.0040,persisted
electricity_hourly_coarse_relation_001,250,300,26001,26250,26101,26304,0.7353,stable,stable,dominant_stable,dominant_stable,0.0031,-0.0080,0.0049,persisted
electricity_hourly_coarse_relation_001,250,300,26251,26304,26101,26304,1.0000,stable,stable,dominant_stable,dominant_stable,-0.0049,0.0000,0.0049,persisted
electricity_hourly_coarse_relation_001,300,375,1,300,1,375,1.0000,stable,stable,dominant_stable,dominant_stable,0.0000,0.0000,0.0000,persisted
electricity_hourly_coarse_relation_001,300,375,301,600,376,750,0.7500,stable,stable,dominant_stable,dominant_stable,0.0000,0.0000,0.0000,persisted
electricity_hourly_coarse_relation_001,300,375,601,900,376,750,0.5000,stable,stable,dominant_stable,dominant_stable,0.0000,0.0000,0.0000,persisted
electricity_hourly_coarse_relation_001,300,375,901,1200,751,1125,0.7500,stable,stable,dominant_stable,dominant_stable,0.0067,-0.0067,0.0000,persisted
electricity_hourly_coarse_relation_001,300,375,1201,1500,1126,1500,1.0000,stable,stable,dominant_stable,dominant_stable,0.0013,-0.0013,0.0000,persisted
electricity_hourly_coarse_relation_001,300,375,1501,1800,1501,1875,1.0000,stable,stable,dominant_stable,dominant_stable,0.0000,0.0000,0.0000,persisted
electricity_hourly_coarse_relation_001,300,375,1801,2100,1876,2250,0.7500,stable,stable,dominant_stable,dominant_stable,0.0000,0.0000,0.0000,persisted
electricity_hourly_coarse_relation_001,300,375,2101,2400,1876,2250,0.5000,stable,stable,dominant_stable,dominant_stable,0.0000,0.0000,0.0000,persisted
electricity_hourly_coarse_relation_001,300,375,2401,2700,2251,2625,0.7500,stable,stable,dominant_stable,dominant_stable,0.0000,0.0000,0.0000,persisted
electricity_hourly_coarse_relation_001,300,375,2701,3000,2626,3000,1.0000,stable,stable,dominant_stable,dominant_stable,0.0000,0.0000,0.0000,persisted
electricity_hourly_coarse_relation_001,300,375,3001,3300,3001,3375,1.0000,stable,stable,dominant_stable,dominant_stable,0.0000,0.0000,0.0000,persisted
electricity_hourly_coarse_relation_001,300,375,3301,3600,3376,3750,0.7500,stable,stable,dominant_stable,dominant_stable,0.0000,0.0000,0.0000,persisted
electricity_hourly_coarse_relation_001,300,375,3601,3900,3376,3750,0.5000,stable,stable,dominant_stable,dominant_stable,0.0000,0.0000,0.0000,persisted
electricity_hourly_coarse_relation_001,300,375,3901,4200,3751,4125,0.7500,stable,stable,dominant_stable,dominant_stable,0.0000,0.0000,0.0000,persisted
electricity_hourly_coarse_relation_001,300,375,4201,4500,4126,4500,1.0000,stable,stable,dominant_stable,dominant_stable,0.0000,0.0000,0.0000,persisted
electricity_hourly_coarse_relation_001,300,375,4501,4800,4501,4875,1.0000,stable,stable,dominant_stable,dominant_stable,0.0000,0.0000,0.0000,persisted
electricity_hourly_coarse_relation_001,300,375,4801,5100,4876,5250,0.7500,stable,stable,dominant_stable,dominant_stable,-0.0080,0.0080,0.0000,persisted
electricity_hourly_coarse_relation_001,300,375,5101,5400,4876,5250,0.5000,stable,stable,dominant_stable,dominant_stable,-0.0047,0.0080,-0.0033,persisted
electricity_hourly_coarse_relation_001,300,375,5401,5700,5251,5625,0.7500,stable,stable,dominant_stable,dominant_stable,-0.0027,0.0000,0.0027,persisted
electricity_hourly_coarse_relation_001,300,375,5701,6000,5626,6000,1.0000,stable,stable,dominant_stable,dominant_stable,0.0020,-0.0020,0.0000,persisted
electricity_hourly_coarse_relation_001,300,375,6001,6300,6001,6375,1.0000,stable,stable,dominant_stable,dominant_stable,0.0100,-0.0100,0.0000,persisted
electricity_hourly_coarse_relation_001,300,375,6301,6600,6376,6750,0.7500,stable,stable,dominant_stable,dominant_stable,0.0000,0.0000,0.0000,persisted
electricity_hourly_coarse_relation_001,300,375,6601,6900,6376,6750,0.5000,stable,stable,dominant_stable,dominant_stable,0.0000,0.0000,0.0000,persisted
electricity_hourly_coarse_relation_001,300,375,6901,7200,6751,7125,0.7500,stable,stable,dominant_stable,dominant_stable,0.0000,0.0000,0.0000,persisted
electricity_hourly_coarse_relation_001,300,375,7201,7500,7126,7500,1.0000,stable,stable,dominant_stable,dominant_stable,0.0000,0.0000,0.0000,persisted
electricity_hourly_coarse_relation_001,300,375,7501,7800,7501,7875,1.0000,stable,stable,dominant_stable,dominant_stable,0.0000,0.0000,0.0000,persisted
electricity_hourly_coarse_relation_001,300,375,7801,8100,7876,8250,0.7500,stable,stable,dominant_stable,dominant_stable,0.0100,-0.0100,0.0000,persisted
electricity_hourly_coarse_relation_001,300,375,8101,8400,7876,8250,0.5000,stable,stable,dominant_stable,dominant_stable,0.0000,0.0000,0.0000,persisted
electricity_hourly_coarse_relation_001,300,375,8401,8700,8251,8625,0.7500,stable,stable,dominant_stable,dominant_stable,0.0000,0.0000,0.0000,persisted
electricity_hourly_coarse_relation_001,300,375,8701,9000,8626,9000,1.0000,stable,stable,dominant_stable,dominant_stable,-0.0020,0.0053,-0.0033,persisted
electricity_hourly_coarse_relation_001,300,375,9001,9300,9001,9375,1.0000,stable,stable,dominant_stable,dominant_stable,0.0007,0.0000,-0.0007,persisted
electricity_hourly_coarse_relation_001,300,375,9301,9600,9376,9750,0.7500,stable,stable,dominant_stable,dominant_stable,0.0000,0.0000,0.0000,persisted
electricity_hourly_coarse_relation_001,300,375,9601,9900,9376,9750,0.5000,stable,stable,dominant_stable,dominant_stable,0.0000,0.0000,0.0000,persisted
electricity_hourly_coarse_relation_001,300,375,9901,10200,9751,10125,0.7500,stable,stable,dominant_stable,dominant_stable,0.0000,0.0000,0.0000,persisted
electricity_hourly_coarse_relation_001,300,375,10201,10500,10126,10500,1.0000,stable,stable,dominant_stable,dominant_stable,0.0007,0.0000,-0.0007,persisted
electricity_hourly_coarse_relation_001,300,375,10501,10800,10501,10875,1.0000,stable,stable,dominant_stable,dominant_stable,0.0000,0.0000,0.0000,persisted
electricity_hourly_coarse_relation_001,300,375,10801,11100,10876,11250,0.7500,stable,stable,dominant_stable,dominant_stable,0.0000,0.0000,0.0000,persisted
electricity_hourly_coarse_relation_001,300,375,11101,11400,10876,11250,0.5000,stable,stable,dominant_stable,dominant_stable,0.0100,-0.0100,0.0000,persisted
electricity_hourly_coarse_relation_001,300,375,11401,11700,11251,11625,0.7500,stable,stable,dominant_stable,dominant_stable,0.0000,0.0000,0.0000,persisted
electricity_hourly_coarse_relation_001,300,375,11701,12000,11626,12000,1.0000,stable,stable,dominant_stable,dominant_stable,0.0000,0.0000,0.0000,persisted
electricity_hourly_coarse_relation_001,300,375,12001,12300,12001,12375,1.0000,stable,stable,dominant_stable,dominant_stable,0.0020,-0.0020,0.0000,persisted
electricity_hourly_coarse_relation_001,300,375,12301,12600,12376,12750,0.7500,stable,stable,dominant_stable,dominant_stable,0.0000,0.0000,0.0000,persisted
electricity_hourly_coarse_relation_001,300,375,12601,12900,12376,12750,0.5000,stable,stable,dominant_stable,dominant_stable,0.0000,0.0000,0.0000,persisted
electricity_hourly_coarse_relation_001,300,375,12901,13200,12751,13125,0.7500,stable,stable,dominant_stable,dominant_stable,0.0000,0.0000,0.0000,persisted
electricity_hourly_coarse_relation_001,300,375,13201,13500,13126,13500,1.0000,stable,stable,dominant_stable,dominant_stable,0.0000,0.0000,0.0000,persisted
electricity_hourly_coarse_relation_001,300,375,13501,13800,13501,13875,1.0000,stable,stable,dominant_stable,dominant_stable,0.0000,0.0000,0.0000,persisted
electricity_hourly_coarse_relation_001,300,375,13801,14100,13876,14250,0.7500,stable,stable,dominant_stable,dominant_stable,0.0000,0.0000,0.0000,persisted
electricity_hourly_coarse_relation_001,300,375,14101,14400,13876,14250,0.5000,stable,stable,dominant_stable,dominant_stable,0.0000,0.0000,0.0000,persisted
electricity_hourly_coarse_relation_001,300,375,14401,14700,14251,14625,0.7500,stable,stable,dominant_stable,dominant_stable,0.0000,0.0000,0.0000,persisted
electricity_hourly_coarse_relation_001,300,375,14701,15000,14626,15000,1.0000,stable,stable,dominant_stable,dominant_stable,0.0000,0.0000,0.0000,persisted
electricity_hourly_coarse_relation_001,300,375,15001,15300,15001,15375,1.0000,stable,stable,dominant_stable,dominant_stable,0.0000,0.0000,0.0000,persisted
electricity_hourly_coarse_relation_001,300,375,15301,15600,15376,15750,0.7500,stable,stable,dominant_stable,dominant_stable,0.0000,0.0000,0.0000,persisted
electricity_hourly_coarse_relation_001,300,375,15601,15900,15376,15750,0.5000,stable,stable,dominant_stable,dominant_stable,0.0000,0.0000,0.0000,persisted
electricity_hourly_coarse_relation_001,300,375,15901,16200,15751,16125,0.7500,stable,stable,dominant_stable,dominant_stable,0.0000,0.0000,0.0000,persisted
electricity_hourly_coarse_relation_001,300,375,16201,16500,16126,16500,1.0000,stable,stable,dominant_stable,dominant_stable,0.0000,0.0000,0.0000,persisted
electricity_hourly_coarse_relation_001,300,375,16501,16800,16501,16875,1.0000,stable,stable,dominant_stable,dominant_stable,-0.0007,0.0013,-0.0007,persisted
electricity_hourly_coarse_relation_001,300,375,16801,17100,16876,17250,0.7500,stable,stable,dominant_stable,dominant_stable,-0.0047,0.0080,-0.0033,persisted
electricity_hourly_coarse_relation_001,300,375,17101,17400,16876,17250,0.5000,stable,stable,dominant_stable,dominant_stable,-0.0080,0.0080,0.0000,persisted
electricity_hourly_coarse_relation_001,300,375,17401,17700,17251,17625,0.7500,stable,stable,dominant_stable,dominant_stable,-0.0047,0.0080,-0.0033,persisted
electricity_hourly_coarse_relation_001,300,375,17701,18000,17626,18000,1.0000,stable,stable,dominant_stable,dominant_stable,-0.0027,0.0060,-0.0033,persisted
electricity_hourly_coarse_relation_001,300,375,18001,18300,18001,18375,1.0000,stable,stable,dominant_stable,dominant_stable,0.0020,-0.0013,-0.0007,persisted
electricity_hourly_coarse_relation_001,300,375,18301,18600,18376,18750,0.7500,stable,stable,dominant_stable,dominant_stable,0.0100,-0.0100,0.0000,persisted
electricity_hourly_coarse_relation_001,300,375,18601,18900,18376,18750,0.5000,stable,stable,dominant_stable,dominant_stable,0.0100,-0.0100,0.0000,persisted
electricity_hourly_coarse_relation_001,300,375,18901,19200,18751,19125,0.7500,stable,stable,dominant_stable,dominant_stable,0.0000,0.0000,0.0000,persisted
electricity_hourly_coarse_relation_001,300,375,19201,19500,19126,19500,1.0000,stable,stable,dominant_stable,dominant_stable,0.0120,-0.0120,0.0000,persisted
electricity_hourly_coarse_relation_001,300,375,19501,19800,19501,19875,1.0000,stable,stable,dominant_stable,dominant_stable,-0.0053,0.0053,0.0000,persisted
electricity_hourly_coarse_relation_001,300,375,19801,20100,19876,20250,0.7500,stable,stable,dominant_stable,dominant_stable,0.0000,0.0000,0.0000,persisted
electricity_hourly_coarse_relation_001,300,375,20101,20400,19876,20250,0.5000,stable,stable,dominant_stable,dominant_stable,0.0100,-0.0100,0.0000,persisted
electricity_hourly_coarse_relation_001,300,375,20401,20700,20251,20625,0.7500,stable,stable,dominant_stable,dominant_stable,0.0000,0.0000,0.0000,persisted
electricity_hourly_coarse_relation_001,300,375,20701,21000,20626,21000,1.0000,stable,stable,dominant_stable,dominant_stable,0.0000,0.0000,0.0000,persisted
electricity_hourly_coarse_relation_001,300,375,21001,21300,21001,21375,1.0000,stable,stable,dominant_stable,dominant_stable,0.0100,-0.0100,0.0000,persisted
electricity_hourly_coarse_relation_001,300,375,21301,21600,21376,21750,0.7500,stable,stable,dominant_stable,dominant_stable,0.0000,0.0000,0.0000,persisted
electricity_hourly_coarse_relation_001,300,375,21601,21900,21376,21750,0.5000,stable,stable,dominant_stable,dominant_stable,0.0100,-0.0100,0.0000,persisted
electricity_hourly_coarse_relation_001,300,375,21901,22200,21751,22125,0.7500,stable,stable,dominant_stable,dominant_stable,0.0020,-0.0020,0.0000,persisted
electricity_hourly_coarse_relation_001,300,375,22201,22500,22126,22500,1.0000,stable,stable,dominant_stable,dominant_stable,-0.0027,0.0000,0.0027,persisted
electricity_hourly_coarse_relation_001,300,375,22501,22800,22501,22875,1.0000,stable,stable,dominant_stable,dominant_stable,-0.0020,0.0053,-0.0033,persisted
electricity_hourly_coarse_relation_001,300,375,22801,23100,22876,23250,0.7500,stable,stable,dominant_stable,dominant_stable,0.0033,0.0000,-0.0033,persisted
electricity_hourly_coarse_relation_001,300,375,23101,23400,22876,23250,0.5000,stable,stable,dominant_stable,dominant_stable,0.0033,0.0000,-0.0033,persisted
electricity_hourly_coarse_relation_001,300,375,23401,23700,23251,23625,0.7500,stable,stable,dominant_stable,dominant_stable,-0.0027,0.0000,0.0027,persisted
electricity_hourly_coarse_relation_001,300,375,23701,24000,23626,24000,1.0000,stable,stable,dominant_stable,dominant_stable,0.0000,0.0000,0.0000,persisted
electricity_hourly_coarse_relation_001,300,375,24001,24300,24001,24375,1.0000,stable,stable,dominant_stable,dominant_stable,0.0000,0.0000,0.0000,persisted
electricity_hourly_coarse_relation_001,300,375,24301,24600,24376,24750,0.7500,stable,stable,dominant_stable,dominant_stable,0.0000,0.0000,0.0000,persisted
electricity_hourly_coarse_relation_001,300,375,24601,24900,24376,24750,0.5000,stable,stable,dominant_stable,dominant_stable,0.0000,0.0000,0.0000,persisted
electricity_hourly_coarse_relation_001,300,375,24901,25200,24751,25125,0.7500,stable,stable,dominant_stable,dominant_stable,0.0067,-0.0067,0.0000,persisted
electricity_hourly_coarse_relation_001,300,375,25201,25500,25126,25500,1.0000,stable,stable,dominant_stable,dominant_stable,0.0013,-0.0013,0.0000,persisted
electricity_hourly_coarse_relation_001,300,375,25501,25800,25501,25875,1.0000,stable,stable,dominant_stable,dominant_stable,0.0007,0.0000,-0.0007,persisted
electricity_hourly_coarse_relation_001,300,375,25801,26100,25876,26250,0.7500,stable,stable,dominant_stable,dominant_stable,-0.0013,0.0013,0.0000,persisted
electricity_hourly_coarse_relation_001,300,375,26101,26304,26251,26304,1.0000,stable,stable,dominant_stable,dominant_stable,0.0049,0.0000,-0.0049,persisted
electricity_hourly_coarse_relation_001,375,500,1,375,1,500,1.0000,stable,stable,dominant_stable,dominant_stable,0.0000,0.0000,0.0000,persisted
electricity_hourly_coarse_relation_001,375,500,376,750,501,1000,0.6667,stable,stable,dominant_stable,dominant_stable,0.0000,0.0000,0.0000,persisted
electricity_hourly_coarse_relation_001,375,500,751,1125,501,1000,0.6667,stable,stable,dominant_stable,dominant_stable,0.0000,0.0000,0.0000,persisted
electricity_hourly_coarse_relation_001,375,500,1126,1500,1001,1500,1.0000,stable,stable,dominant_stable,dominant_stable,0.0013,-0.0013,0.0000,persisted
electricity_hourly_coarse_relation_001,375,500,1501,1875,1501,2000,1.0000,stable,stable,dominant_stable,dominant_stable,0.0000,0.0000,0.0000,persisted
electricity_hourly_coarse_relation_001,375,500,1876,2250,2001,2500,0.6667,stable,stable,dominant_stable,dominant_stable,0.0000,0.0000,0.0000,persisted
electricity_hourly_coarse_relation_001,375,500,2251,2625,2001,2500,0.6667,stable,stable,dominant_stable,dominant_stable,0.0000,0.0000,0.0000,persisted
electricity_hourly_coarse_relation_001,375,500,2626,3000,2501,3000,1.0000,stable,stable,dominant_stable,dominant_stable,0.0000,0.0000,0.0000,persisted
electricity_hourly_coarse_relation_001,375,500,3001,3375,3001,3500,1.0000,stable,stable,dominant_stable,dominant_stable,0.0000,0.0000,0.0000,persisted
electricity_hourly_coarse_relation_001,375,500,3376,3750,3501,4000,0.6667,stable,stable,dominant_stable,dominant_stable,0.0000,0.0000,0.0000,persisted
electricity_hourly_coarse_relation_001,375,500,3751,4125,3501,4000,0.6667,stable,stable,dominant_stable,dominant_stable,0.0000,0.0000,0.0000,persisted
electricity_hourly_coarse_relation_001,375,500,4126,4500,4001,4500,1.0000,stable,stable,dominant_stable,dominant_stable,0.0000,0.0000,0.0000,persisted
electricity_hourly_coarse_relation_001,375,500,4501,4875,4501,5000,1.0000,stable,stable,dominant_stable,dominant_stable,0.0000,0.0000,0.0000,persisted
electricity_hourly_coarse_relation_001,375,500,4876,5250,5001,5500,0.6667,stable,stable,dominant_stable,dominant_stable,0.0040,-0.0040,0.0000,persisted
electricity_hourly_coarse_relation_001,375,500,5251,5625,5001,5500,0.6667,stable,stable,dominant_stable,dominant_stable,-0.0013,0.0040,-0.0027,persisted
electricity_hourly_coarse_relation_001,375,500,5626,6000,5501,6000,1.0000,stable,stable,dominant_stable,dominant_stable,0.0020,-0.0020,0.0000,persisted
electricity_hourly_coarse_relation_001,375,500,6001,6375,6001,6500,1.0000,stable,stable,dominant_stable,dominant_stable,0.0000,0.0000,0.0000,persisted
electricity_hourly_coarse_relation_001,375,500,6376,6750,6501,7000,0.6667,stable,stable,dominant_stable,dominant_stable,0.0000,0.0000,0.0000,persisted
electricity_hourly_coarse_relation_001,375,500,6751,7125,6501,7000,0.6667,stable,stable,dominant_stable,dominant_stable,0.0000,0.0000,0.0000,persisted
electricity_hourly_coarse_relation_001,375,500,7126,7500,7001,7500,1.0000,stable,stable,dominant_stable,dominant_stable,0.0000,0.0000,0.0000,persisted
electricity_hourly_coarse_relation_001,375,500,7501,7875,7501,8000,1.0000,stable,stable,dominant_stable,dominant_stable,0.0000,0.0000,0.0000,persisted
electricity_hourly_coarse_relation_001,375,500,7876,8250,8001,8500,0.6667,stable,stable,dominant_stable,dominant_stable,0.0000,0.0000,0.0000,persisted
electricity_hourly_coarse_relation_001,375,500,8251,8625,8001,8500,0.6667,stable,stable,dominant_stable,dominant_stable,0.0000,0.0000,0.0000,persisted
electricity_hourly_coarse_relation_001,375,500,8626,9000,8501,9000,1.0000,stable,stable,dominant_stable,dominant_stable,0.0053,-0.0053,0.0000,persisted
electricity_hourly_coarse_relation_001,375,500,9001,9375,9001,9500,1.0000,stable,stable,dominant_stable,dominant_stable,0.0007,0.0000,-0.0007,persisted
electricity_hourly_coarse_relation_001,375,500,9376,9750,9501,10000,0.6667,stable,stable,dominant_stable,dominant_stable,0.0000,0.0000,0.0000,persisted
electricity_hourly_coarse_relation_001,375,500,9751,10125,9501,10000,0.6667,stable,stable,dominant_stable,dominant_stable,0.0000,0.0000,0.0000,persisted
electricity_hourly_coarse_relation_001,375,500,10126,10500,10001,10500,1.0000,stable,stable,dominant_stable,dominant_stable,0.0007,0.0000,-0.0007,persisted
electricity_hourly_coarse_relation_001,375,500,10501,10875,10501,11000,1.0000,stable,stable,dominant_stable,dominant_stable,-0.0060,0.0060,0.0000,persisted
electricity_hourly_coarse_relation_001,375,500,10876,11250,11001,11500,0.6667,stable,stable,dominant_stable,dominant_stable,0.0000,0.0000,0.0000,persisted
electricity_hourly_coarse_relation_001,375,500,11251,11625,11001,11500,0.6667,stable,stable,dominant_stable,dominant_stable,0.0000,0.0000,0.0000,persisted
electricity_hourly_coarse_relation_001,375,500,11626,12000,11501,12000,1.0000,stable,stable,dominant_stable,dominant_stable,0.0000,0.0000,0.0000,persisted
electricity_hourly_coarse_relation_001,375,500,12001,12375,12001,12500,1.0000,stable,stable,dominant_stable,dominant_stable,0.0080,-0.0080,0.0000,persisted
electricity_hourly_coarse_relation_001,375,500,12376,12750,12501,13000,0.6667,stable,stable,dominant_stable,dominant_stable,0.0000,0.0000,0.0000,persisted
electricity_hourly_coarse_relation_001,375,500,12751,13125,12501,13000,0.6667,stable,stable,dominant_stable,dominant_stable,0.0000,0.0000,0.0000,persisted
electricity_hourly_coarse_relation_001,375,500,13126,13500,13001,13500,1.0000,stable,stable,dominant_stable,dominant_stable,0.0000,0.0000,0.0000,persisted
electricity_hourly_coarse_relation_001,375,500,13501,13875,13501,14000,1.0000,stable,stable,dominant_stable,dominant_stable,0.0000,0.0000,0.0000,persisted
electricity_hourly_coarse_relation_001,375,500,13876,14250,14001,14500,0.6667,stable,stable,dominant_stable,dominant_stable,0.0000,0.0000,0.0000,persisted
electricity_hourly_coarse_relation_001,375,500,14251,14625,14001,14500,0.6667,stable,stable,dominant_stable,dominant_stable,0.0000,0.0000,0.0000,persisted
electricity_hourly_coarse_relation_001,375,500,14626,15000,14501,15000,1.0000,stable,stable,dominant_stable,dominant_stable,0.0000,0.0000,0.0000,persisted
electricity_hourly_coarse_relation_001,375,500,15001,15375,15001,15500,1.0000,stable,stable,dominant_stable,dominant_stable,0.0000,0.0000,0.0000,persisted
electricity_hourly_coarse_relation_001,375,500,15376,15750,15501,16000,0.6667,stable,stable,dominant_stable,dominant_stable,0.0000,0.0000,0.0000,persisted
electricity_hourly_coarse_relation_001,375,500,15751,16125,15501,16000,0.6667,stable,stable,dominant_stable,dominant_stable,0.0000,0.0000,0.0000,persisted
electricity_hourly_coarse_relation_001,375,500,16126,16500,16001,16500,1.0000,stable,stable,dominant_stable,dominant_stable,0.0000,0.0000,0.0000,persisted
electricity_hourly_coarse_relation_001,375,500,16501,16875,16501,17000,1.0000,stable,stable,dominant_stable,dominant_stable,0.0087,-0.0080,-0.0007,persisted
electricity_hourly_coarse_relation_001,375,500,16876,17250,17001,17500,0.6667,stable,stable,dominant_stable,dominant_stable,0.0080,-0.0080,0.0000,persisted
electricity_hourly_coarse_relation_001,375,500,17251,17625,17001,17500,0.6667,stable,stable,dominant_stable,dominant_stable,0.0080,-0.0080,0.0000,persisted
electricity_hourly_coarse_relation_001,375,500,17626,18000,17501,18000,1.0000,stable,stable,dominant_stable,dominant_stable,0.0160,-0.0160,0.0000,persisted
electricity_hourly_coarse_relation_001,375,500,18001,18375,18001,18500,1.0000,stable,stable,dominant_stable,dominant_stable,0.0060,-0.0053,-0.0007,persisted
electricity_hourly_coarse_relation_001,375,500,18376,18750,18501,19000,0.6667,stable,stable,dominant_stable,dominant_stable,0.0000,0.0000,0.0000,persisted
electricity_hourly_coarse_relation_001,375,500,18751,19125,18501,19000,0.6667,stable,stable,dominant_stable,dominant_stable,0.0000,0.0000,0.0000,persisted
electricity_hourly_coarse_relation_001,375,500,19126,19500,19001,19500,1.0000,stable,stable,dominant_stable,dominant_stable,0.0020,-0.0020,0.0000,persisted
electricity_hourly_coarse_relation_001,375,500,19501,19875,19501,20000,1.0000,stable,stable,dominant_stable,dominant_stable,-0.0007,0.0007,0.0000,persisted
electricity_hourly_coarse_relation_001,375,500,19876,20250,20001,20500,0.6667,stable,stable,dominant_stable,dominant_stable,0.0000,0.0000,0.0000,persisted
electricity_hourly_coarse_relation_001,375,500,20251,20625,20001,20500,0.6667,stable,stable,dominant_stable,dominant_stable,0.0000,0.0000,0.0000,persisted
electricity_hourly_coarse_relation_001,375,500,20626,21000,20501,21000,1.0000,stable,stable,dominant_stable,dominant_stable,0.0000,0.0000,0.0000,persisted
electricity_hourly_coarse_relation_001,375,500,21001,21375,21001,21500,1.0000,stable,stable,dominant_stable,dominant_stable,0.0000,0.0000,0.0000,persisted
electricity_hourly_coarse_relation_001,375,500,21376,21750,21501,22000,0.6667,stable,stable,dominant_stable,dominant_stable,0.0000,0.0000,0.0000,persisted
electricity_hourly_coarse_relation_001,375,500,21751,22125,21501,22000,0.6667,stable,stable,dominant_stable,dominant_stable,0.0080,-0.0080,0.0000,persisted
electricity_hourly_coarse_relation_001,375,500,22126,22500,22001,22500,1.0000,stable,stable,dominant_stable,dominant_stable,-0.0033,0.0060,-0.0027,persisted
electricity_hourly_coarse_relation_001,375,500,22501,22875,22501,23000,1.0000,stable,stable,dominant_stable,dominant_stable,0.0013,-0.0013,0.0000,persisted
electricity_hourly_coarse_relation_001,375,500,22876,23250,23001,23500,0.6667,stable,stable,dominant_stable,dominant_stable,-0.0020,0.0000,0.0020,persisted
electricity_hourly_coarse_relation_001,375,500,23251,23625,23001,23500,0.6667,stable,stable,dominant_stable,dominant_stable,0.0007,0.0000,-0.0007,persisted
electricity_hourly_coarse_relation_001,375,500,23626,24000,23501,24000,1.0000,stable,stable,dominant_stable,dominant_stable,0.0000,0.0000,0.0000,persisted
electricity_hourly_coarse_relation_001,375,500,24001,24375,24001,24500,1.0000,stable,stable,dominant_stable,dominant_stable,0.0000,0.0000,0.0000,persisted
electricity_hourly_coarse_relation_001,375,500,24376,24750,24501,25000,0.6667,stable,stable,dominant_stable,dominant_stable,0.0000,0.0000,0.0000,persisted
electricity_hourly_coarse_relation_001,375,500,24751,25125,24501,25000,0.6667,stable,stable,dominant_stable,dominant_stable,0.0000,0.0000,0.0000,persisted
electricity_hourly_coarse_relation_001,375,500,25126,25500,25001,25500,1.0000,stable,stable,dominant_stable,dominant_stable,-0.0007,0.0007,0.0000,persisted
electricity_hourly_coarse_relation_001,375,500,25501,25875,25501,26000,1.0000,stable,stable,dominant_stable,dominant_stable,-0.0013,0.0040,-0.0027,persisted
electricity_hourly_coarse_relation_001,375,500,25876,26250,26001,26304,0.8224,stable,stable,dominant_stable,dominant_stable,0.0014,-0.0014,0.0000,persisted
electricity_hourly_coarse_relation_001,375,500,26251,26304,26001,26304,1.0000,stable,stable,dominant_stable,dominant_stable,-0.0066,0.0066,0.0000,persisted
electricity_hourly_coarse_relation_001,500,625,1,500,1,625,1.0000,stable,stable,dominant_stable,dominant_stable,0.0000,0.0000,0.0000,persisted
electricity_hourly_coarse_relation_001,500,625,501,1000,626,1250,0.7500,stable,stable,dominant_stable,dominant_stable,0.0000,0.0000,0.0000,persisted
electricity_hourly_coarse_relation_001,500,625,1001,1500,626,1250,0.5000,stable,stable,dominant_stable,dominant_stable,0.0040,-0.0040,0.0000,persisted
electricity_hourly_coarse_relation_001,500,625,1501,2000,1251,1875,0.7500,stable,stable,dominant_stable,dominant_stable,0.0000,0.0000,0.0000,persisted
electricity_hourly_coarse_relation_001,500,625,2001,2500,1876,2500,1.0000,stable,stable,dominant_stable,dominant_stable,0.0000,0.0000,0.0000,persisted
electricity_hourly_coarse_relation_001,500,625,2501,3000,2501,3125,1.0000,stable,stable,dominant_stable,dominant_stable,0.0000,0.0000,0.0000,persisted
electricity_hourly_coarse_relation_001,500,625,3001,3500,3126,3750,0.7500,stable,stable,dominant_stable,dominant_stable,0.0000,0.0000,0.0000,persisted
electricity_hourly_coarse_relation_001,500,625,3501,4000,3126,3750,0.5000,stable,stable,dominant_stable,dominant_stable,0.0000,0.0000,0.0000,persisted
electricity_hourly_coarse_relation_001,500,625,4001,4500,3751,4375,0.7500,stable,stable,dominant_stable,dominant_stable,0.0000,0.0000,0.0000,persisted
electricity_hourly_coarse_relation_001,500,625,4501,5000,4376,5000,1.0000,stable,stable,dominant_stable,dominant_stable,0.0000,0.0000,0.0000,persisted
electricity_hourly_coarse_relation_001,500,625,5001,5500,5001,5625,1.0000,stable,stable,dominant_stable,dominant_stable,0.0008,-0.0008,0.0000,persisted
electricity_hourly_coarse_relation_001,500,625,5501,6000,5626,6250,0.7500,stable,stable,dominant_stable,dominant_stable,0.0060,-0.0060,0.0000,persisted
electricity_hourly_coarse_relation_001,500,625,6001,6500,5626,6250,0.5000,stable,stable,dominant_stable,dominant_stable,0.0000,0.0000,0.0000,persisted
electricity_hourly_coarse_relation_001,500,625,6501,7000,6251,6875,0.7500,stable,stable,dominant_stable,dominant_stable,0.0000,0.0000,0.0000,persisted
electricity_hourly_coarse_relation_001,500,625,7001,7500,6876,7500,1.0000,stable,stable,dominant_stable,dominant_stable,0.0000,0.0000,0.0000,persisted
electricity_hourly_coarse_relation_001,500,625,7501,8000,7501,8125,1.0000,stable,stable,dominant_stable,dominant_stable,0.0000,0.0000,0.0000,persisted
electricity_hourly_coarse_relation_001,500,625,8001,8500,8126,8750,0.7500,stable,stable,dominant_stable,dominant_stable,0.0000,0.0000,0.0000,persisted
electricity_hourly_coarse_relation_001,500,625,8501,9000,8126,8750,0.5000,stable,stable,dominant_stable,dominant_stable,0.0000,0.0000,0.0000,persisted
electricity_hourly_coarse_relation_001,500,625,9001,9500,8751,9375,0.7500,stable,stable,dominant_stable,dominant_stable,0.0004,0.0000,-0.0004,persisted
electricity_hourly_coarse_relation_001,500,625,9501,10000,9376,10000,1.0000,stable,stable,dominant_stable,dominant_stable,0.0000,0.0000,0.0000,persisted
electricity_hourly_coarse_relation_001,500,625,10001,10500,10001,10625,1.0000,stable,stable,dominant_stable,dominant_stable,0.0004,0.0000,-0.0004,persisted
electricity_hourly_coarse_relation_001,500,625,10501,11000,10626,11250,0.7500,stable,stable,dominant_stable,dominant_stable,0.0060,-0.0060,0.0000,persisted
electricity_hourly_coarse_relation_001,500,625,11001,11500,10626,11250,0.5000,stable,stable,dominant_stable,dominant_stable,0.0000,0.0000,0.0000,persisted
electricity_hourly_coarse_relation_001,500,625,11501,12000,11251,11875,0.7500,stable,stable,dominant_stable,dominant_stable,0.0000,0.0000,0.0000,persisted
electricity_hourly_coarse_relation_001,500,625,12001,12500,11876,12500,1.0000,stable,stable,dominant_stable,dominant_stable,0.0000,0.0000,0.0000,persisted
electricity_hourly_coarse_relation_001,500,625,12501,13000,12501,13125,1.0000,stable,stable,dominant_stable,dominant_stable,0.0000,0.0000,0.0000,persisted
electricity_hourly_coarse_relation_001,500,625,13001,13500,13126,13750,0.7500,stable,stable,dominant_stable,dominant_stable,0.0000,0.0000,0.0000,persisted
electricity_hourly_coarse_relation_001,500,625,13501,14000,13126,13750,0.5000,stable,stable,dominant_stable,dominant_stable,0.0000,0.0000,0.0000,persisted
electricity_hourly_coarse_relation_001,500,625,14001,14500,13751,14375,0.7500,stable,stable,dominant_stable,dominant_stable,0.0000,0.0000,0.0000,persisted
electricity_hourly_coarse_relation_001,500,625,14501,15000,14376,15000,1.0000,stable,stable,dominant_stable,dominant_stable,0.0000,0.0000,0.0000,persisted
electricity_hourly_coarse_relation_001,500,625,15001,15500,15001,15625,1.0000,stable,stable,dominant_stable,dominant_stable,0.0000,0.0000,0.0000,persisted
electricity_hourly_coarse_relation_001,500,625,15501,16000,15626,16250,0.7500,stable,stable,dominant_stable,dominant_stable,0.0000,0.0000,0.0000,persisted
electricity_hourly_coarse_relation_001,500,625,16001,16500,15626,16250,0.5000,stable,stable,dominant_stable,dominant_stable,0.0000,0.0000,0.0000,persisted
electricity_hourly_coarse_relation_001,500,625,16501,17000,16251,16875,0.7500,stable,stable,dominant_stable,dominant_stable,0.0020,0.0000,-0.0020,persisted
electricity_hourly_coarse_relation_001,500,625,17001,17500,16876,17500,1.0000,stable,stable,dominant_stable,dominant_stable,0.0000,0.0000,0.0000,persisted
electricity_hourly_coarse_relation_001,500,625,17501,18000,17501,18125,1.0000,stable,stable,dominant_stable,dominant_stable,0.0000,0.0000,0.0000,persisted
electricity_hourly_coarse_relation_001,500,625,18001,18500,18126,18750,0.7500,stable,stable,dominant_stable,dominant_stable,0.0020,0.0000,-0.0020,persisted
electricity_hourly_coarse_relation_001,500,625,18501,19000,18126,18750,0.5000,stable,stable,dominant_stable,dominant_stable,0.0000,0.0000,0.0000,persisted
electricity_hourly_coarse_relation_001,500,625,19001,19500,18751,19375,0.7500,stable,stable,dominant_stable,dominant_stable,0.0028,-0.0028,0.0000,persisted
electricity_hourly_coarse_relation_001,500,625,19501,20000,19376,20000,1.0000,stable,stable,dominant_stable,dominant_stable,0.0060,-0.0060,0.0000,persisted
electricity_hourly_coarse_relation_001,500,625,20001,20500,20001,20625,1.0000,stable,stable,dominant_stable,dominant_stable,0.0000,0.0000,0.0000,persisted
electricity_hourly_coarse_relation_001,500,625,20501,21000,20626,21250,0.7500,stable,stable,dominant_stable,dominant_stable,0.0000,0.0000,0.0000,persisted
electricity_hourly_coarse_relation_001,500,625,21001,21500,20626,21250,0.5000,stable,stable,dominant_stable,dominant_stable,0.0000,0.0000,0.0000,persisted
electricity_hourly_coarse_relation_001,500,625,21501,22000,21251,21875,0.7500,stable,stable,dominant_stable,dominant_stable,0.0000,0.0000,0.0000,persisted
electricity_hourly_coarse_relation_001,500,625,22001,22500,21876,22500,1.0000,stable,stable,dominant_stable,dominant_stable,0.0012,-0.0012,0.0000,persisted
electricity_hourly_coarse_relation_001,500,625,22501,23000,22501,23125,1.0000,stable,stable,dominant_stable,dominant_stable,0.0008,-0.0008,0.0000,persisted
electricity_hourly_coarse_relation_001,500,625,23001,23500,23126,23750,0.7500,stable,stable,dominant_stable,dominant_stable,0.0004,0.0000,-0.0004,persisted
electricity_hourly_coarse_relation_001,500,625,23501,24000,23126,23750,0.5000,stable,stable,dominant_stable,dominant_stable,-0.0016,0.0000,0.0016,persisted
electricity_hourly_coarse_relation_001,500,625,24001,24500,23751,24375,0.7500,stable,stable,dominant_stable,dominant_stable,0.0000,0.0000,0.0000,persisted
electricity_hourly_coarse_relation_001,500,625,24501,25000,24376,25000,1.0000,stable,stable,dominant_stable,dominant_stable,0.0000,0.0000,0.0000,persisted
electricity_hourly_coarse_relation_001,500,625,25001,25500,25001,25625,1.0000,stable,stable,dominant_stable,dominant_stable,0.0012,-0.0012,0.0000,persisted
electricity_hourly_coarse_relation_001,500,625,25501,26000,25626,26250,0.7500,stable,stable,dominant_stable,dominant_stable,-0.0008,0.0008,0.0000,persisted
electricity_hourly_coarse_relation_001,500,625,26001,26304,26251,26304,1.0000,stable,stable,dominant_stable,dominant_stable,0.0066,-0.0066,0.0000,persisted
electricity_hourly_coarse_relation_001,625,750,1,625,1,750,1.0000,stable,stable,dominant_stable,dominant_stable,0.0000,0.0000,0.0000,persisted
electricity_hourly_coarse_relation_001,625,750,626,1250,751,1500,0.8000,stable,stable,dominant_stable,dominant_stable,0.0000,0.0000,0.0000,persisted
electricity_hourly_coarse_relation_001,625,750,1251,1875,1501,2250,0.6000,stable,stable,dominant_stable,dominant_stable,0.0000,0.0000,0.0000,persisted
electricity_hourly_coarse_relation_001,625,750,1876,2500,1501,2250,0.6000,stable,stable,dominant_stable,dominant_stable,0.0000,0.0000,0.0000,persisted
electricity_hourly_coarse_relation_001,625,750,2501,3125,2251,3000,0.8000,stable,stable,dominant_stable,dominant_stable,0.0000,0.0000,0.0000,persisted
electricity_hourly_coarse_relation_001,625,750,3126,3750,3001,3750,1.0000,stable,stable,dominant_stable,dominant_stable,0.0000,0.0000,0.0000,persisted
electricity_hourly_coarse_relation_001,625,750,3751,4375,3751,4500,1.0000,stable,stable,dominant_stable,dominant_stable,0.0000,0.0000,0.0000,persisted
electricity_hourly_coarse_relation_001,625,750,4376,5000,4501,5250,0.8000,stable,stable,dominant_stable,dominant_stable,0.0000,0.0000,0.0000,persisted
electricity_hourly_coarse_relation_001,625,750,5001,5625,5251,6000,0.6000,stable,stable,dominant_stable,dominant_stable,0.0032,-0.0032,0.0000,persisted
electricity_hourly_coarse_relation_001,625,750,5626,6250,5251,6000,0.6000,stable,stable,dominant_stable,dominant_stable,0.0000,0.0000,0.0000,persisted
electricity_hourly_coarse_relation_001,625,750,6251,6875,6001,6750,0.8000,stable,stable,dominant_stable,dominant_stable,0.0000,0.0000,0.0000,persisted
electricity_hourly_coarse_relation_001,625,750,6876,7500,6751,7500,1.0000,stable,stable,dominant_stable,dominant_stable,0.0000,0.0000,0.0000,persisted
electricity_hourly_coarse_relation_001,625,750,7501,8125,7501,8250,1.0000,stable,stable,dominant_stable,dominant_stable,0.0000,0.0000,0.0000,persisted
electricity_hourly_coarse_relation_001,625,750,8126,8750,8251,9000,0.8000,stable,stable,dominant_stable,dominant_stable,0.0000,0.0000,0.0000,persisted
electricity_hourly_coarse_relation_001,625,750,8751,9375,9001,9750,0.6000,stable,stable,dominant_stable,dominant_stable,0.0003,0.0000,-0.0003,persisted
electricity_hourly_coarse_relation_001,625,750,9376,10000,9001,9750,0.6000,stable,stable,dominant_stable,dominant_stable,-0.0013,0.0000,0.0013,persisted
electricity_hourly_coarse_relation_001,625,750,10001,10625,9751,10500,0.8000,stable,stable,dominant_stable,dominant_stable,0.0003,0.0000,-0.0003,persisted
electricity_hourly_coarse_relation_001,625,750,10626,11250,10501,11250,1.0000,stable,stable,dominant_stable,dominant_stable,0.0000,0.0000,0.0000,persisted
electricity_hourly_coarse_relation_001,625,750,11251,11875,11251,12000,1.0000,stable,stable,dominant_stable,dominant_stable,0.0000,0.0000,0.0000,persisted
electricity_hourly_coarse_relation_001,625,750,11876,12500,12001,12750,0.8000,stable,stable,dominant_stable,dominant_stable,0.0000,0.0000,0.0000,persisted
electricity_hourly_coarse_relation_001,625,750,12501,13125,12751,13500,0.6000,stable,stable,dominant_stable,dominant_stable,0.0000,0.0000,0.0000,persisted
electricity_hourly_coarse_relation_001,625,750,13126,13750,12751,13500,0.6000,stable,stable,dominant_stable,dominant_stable,0.0000,0.0000,0.0000,persisted
electricity_hourly_coarse_relation_001,625,750,13751,14375,13501,14250,0.8000,stable,stable,dominant_stable,dominant_stable,0.0000,0.0000,0.0000,persisted
electricity_hourly_coarse_relation_001,625,750,14376,15000,14251,15000,1.0000,stable,stable,dominant_stable,dominant_stable,0.0000,0.0000,0.0000,persisted
electricity_hourly_coarse_relation_001,625,750,15001,15625,15001,15750,1.0000,stable,stable,dominant_stable,dominant_stable,0.0000,0.0000,0.0000,persisted
electricity_hourly_coarse_relation_001,625,750,15626,16250,15751,16500,0.8000,stable,stable,dominant_stable,dominant_stable,0.0000,0.0000,0.0000,persisted
electricity_hourly_coarse_relation_001,625,750,16251,16875,16501,17250,0.6000,stable,stable,dominant_stable,dominant_stable,0.0000,0.0000,0.0000,persisted
electricity_hourly_coarse_relation_001,625,750,16876,17500,16501,17250,0.6000,stable,stable,dominant_stable,dominant_stable,0.0000,0.0000,0.0000,persisted
electricity_hourly_coarse_relation_001,625,750,17501,18125,17251,18000,0.8000,stable,stable,dominant_stable,dominant_stable,0.0000,0.0000,0.0000,persisted
electricity_hourly_coarse_relation_001,625,750,18126,18750,18001,18750,1.0000,stable,stable,dominant_stable,dominant_stable,-0.0013,0.0000,0.0013,persisted
electricity_hourly_coarse_relation_001,625,750,18751,19375,18751,19500,1.0000,stable,stable,dominant_stable,dominant_stable,-0.0008,0.0008,0.0000,persisted
electricity_hourly_coarse_relation_001,625,750,19376,20000,19501,20250,0.8000,stable,stable,dominant_stable,dominant_stable,0.0000,0.0000,0.0000,persisted
electricity_hourly_coarse_relation_001,625,750,20001,20625,20251,21000,0.6000,stable,stable,dominant_stable,dominant_stable,0.0000,0.0000,0.0000,persisted
electricity_hourly_coarse_relation_001,625,750,20626,21250,20251,21000,0.6000,stable,stable,dominant_stable,dominant_stable,0.0000,0.0000,0.0000,persisted
electricity_hourly_coarse_relation_001,625,750,21251,21875,21001,21750,0.8000,stable,stable,dominant_stable,dominant_stable,0.0000,0.0000,0.0000,persisted
electricity_hourly_coarse_relation_001,625,750,21876,22500,21751,22500,1.0000,stable,stable,dominant_stable,dominant_stable,0.0048,-0.0048,0.0000,persisted
electricity_hourly_coarse_relation_001,625,750,22501,23125,22501,23250,1.0000,stable,stable,dominant_stable,dominant_stable,0.0005,-0.0005,0.0000,persisted
electricity_hourly_coarse_relation_001,625,750,23126,23750,23251,24000,0.8000,stable,stable,dominant_stable,dominant_stable,0.0016,0.0000,-0.0016,persisted
electricity_hourly_coarse_relation_001,625,750,23751,24375,24001,24750,0.6000,stable,stable,dominant_stable,dominant_stable,0.0000,0.0000,0.0000,persisted
electricity_hourly_coarse_relation_001,625,750,24376,25000,24001,24750,0.6000,stable,stable,dominant_stable,dominant_stable,0.0000,0.0000,0.0000,persisted
electricity_hourly_coarse_relation_001,625,750,25001,25625,24751,25500,0.8000,stable,stable,dominant_stable,dominant_stable,0.0048,-0.0048,0.0000,persisted
electricity_hourly_coarse_relation_001,625,750,25626,26250,25501,26250,1.0000,stable,stable,dominant_stable,dominant_stable,0.0048,-0.0048,0.0000,persisted
electricity_hourly_coarse_relation_001,625,750,26251,26304,26251,26304,1.0000,stable,stable,dominant_stable,dominant_stable,0.0000,0.0000,0.0000,persisted
electricity_hourly_coarse_relation_001,750,875,1,750,1,875,1.0000,stable,stable,dominant_stable,dominant_stable,0.0000,0.0000,0.0000,persisted
electricity_hourly_coarse_relation_001,750,875,751,1500,876,1750,0.8333,stable,stable,dominant_stable,dominant_stable,0.0000,0.0000,0.0000,persisted
electricity_hourly_coarse_relation_001,750,875,1501,2250,1751,2625,0.6667,stable,stable,dominant_stable,dominant_stable,0.0000,0.0000,0.0000,persisted
electricity_hourly_coarse_relation_001,750,875,2251,3000,1751,2625,0.5000,stable,stable,dominant_stable,dominant_stable,0.0000,0.0000,0.0000,persisted
electricity_hourly_coarse_relation_001,750,875,3001,3750,2626,3500,0.6667,stable,stable,dominant_stable,dominant_stable,0.0000,0.0000,0.0000,persisted
electricity_hourly_coarse_relation_001,750,875,3751,4500,3501,4375,0.8333,stable,stable,dominant_stable,dominant_stable,0.0000,0.0000,0.0000,persisted
electricity_hourly_coarse_relation_001,750,875,4501,5250,4376,5250,1.0000,stable,stable,dominant_stable,dominant_stable,0.0000,0.0000,0.0000,persisted
electricity_hourly_coarse_relation_001,750,875,5251,6000,5251,6125,1.0000,stable,stable,dominant_stable,dominant_stable,0.0000,0.0000,0.0000,persisted
electricity_hourly_coarse_relation_001,750,875,6001,6750,6126,7000,0.8333,stable,stable,dominant_stable,dominant_stable,0.0000,0.0000,0.0000,persisted
electricity_hourly_coarse_relation_001,750,875,6751,7500,7001,7875,0.6667,stable,stable,dominant_stable,dominant_stable,0.0000,0.0000,0.0000,persisted
electricity_hourly_coarse_relation_001,750,875,7501,8250,7001,7875,0.5000,stable,stable,dominant_stable,dominant_stable,0.0000,0.0000,0.0000,persisted
electricity_hourly_coarse_relation_001,750,875,8251,9000,7876,8750,0.6667,stable,stable,dominant_stable,dominant_stable,0.0000,0.0000,0.0000,persisted
electricity_hourly_coarse_relation_001,750,875,9001,9750,8751,9625,0.8333,stable,stable,dominant_stable,dominant_stable,0.0002,0.0000,-0.0002,persisted
electricity_hourly_coarse_relation_001,750,875,9751,10500,9626,10500,1.0000,stable,stable,dominant_stable,dominant_stable,0.0002,0.0000,-0.0002,persisted
electricity_hourly_coarse_relation_001,750,875,10501,11250,10501,11375,1.0000,stable,stable,dominant_stable,dominant_stable,-0.0023,0.0023,0.0000,persisted
electricity_hourly_coarse_relation_001,750,875,11251,12000,11376,12250,0.8333,stable,stable,dominant_stable,dominant_stable,0.0000,0.0000,0.0000,persisted
electricity_hourly_coarse_relation_001,750,875,12001,12750,12251,13125,0.6667,stable,stable,dominant_stable,dominant_stable,0.0000,0.0000,0.0000,persisted
electricity_hourly_coarse_relation_001,750,875,12751,13500,12251,13125,0.5000,stable,stable,dominant_stable,dominant_stable,0.0000,0.0000,0.0000,persisted
electricity_hourly_coarse_relation_001,750,875,13501,14250,13126,14000,0.6667,stable,stable,dominant_stable,dominant_stable,0.0000,0.0000,0.0000,persisted
electricity_hourly_coarse_relation_001,750,875,14251,15000,14001,14875,0.8333,stable,stable,dominant_stable,dominant_stable,0.0000,0.0000,0.0000,persisted
electricity_hourly_coarse_relation_001,750,875,15001,15750,14876,15750,1.0000,stable,stable,dominant_stable,dominant_stable,0.0000,0.0000,0.0000,persisted
electricity_hourly_coarse_relation_001,750,875,15751,16500,15751,16625,1.0000,stable,stable,dominant_stable,dominant_stable,0.0000,0.0000,0.0000,persisted
electricity_hourly_coarse_relation_001,750,875,16501,17250,16626,17500,0.8333,stable,stable,dominant_stable,dominant_stable,0.0000,0.0000,0.0000,persisted
electricity_hourly_coarse_relation_001,750,875,17251,18000,17501,18375,0.6667,stable,stable,dominant_stable,dominant_stable,0.0000,0.0000,0.0000,persisted
electricity_hourly_coarse_relation_001,750,875,18001,18750,17501,18375,0.5000,stable,stable,dominant_stable,dominant_stable,0.0013,0.0000,-0.0013,persisted
electricity_hourly_coarse_relation_001,750,875,18751,19500,18376,19250,0.6667,stable,stable,dominant_stable,dominant_stable,0.0040,-0.0040,0.0000,persisted
electricity_hourly_coarse_relation_001,750,875,19501,20250,19251,20125,0.8333,stable,stable,dominant_stable,dominant_stable,0.0000,0.0000,0.0000,persisted
electricity_hourly_coarse_relation_001,750,875,20251,21000,20126,21000,1.0000,stable,stable,dominant_stable,dominant_stable,0.0000,0.0000,0.0000,persisted
electricity_hourly_coarse_relation_001,750,875,21001,21750,21001,21875,1.0000,stable,stable,dominant_stable,dominant_stable,0.0000,0.0000,0.0000,persisted
electricity_hourly_coarse_relation_001,750,875,21751,22500,21876,22750,0.8333,stable,stable,dominant_stable,dominant_stable,0.0000,0.0000,0.0000,persisted
electricity_hourly_coarse_relation_001,750,875,22501,23250,22751,23625,0.6667,stable,stable,dominant_stable,dominant_stable,0.0004,-0.0004,0.0000,persisted
electricity_hourly_coarse_relation_001,750,875,23251,24000,22751,23625,0.5000,stable,stable,dominant_stable,dominant_stable,-0.0023,0.0023,0.0000,persisted
electricity_hourly_coarse_relation_001,750,875,24001,24750,23626,24500,0.6667,stable,stable,dominant_stable,dominant_stable,0.0000,0.0000,0.0000,persisted
electricity_hourly_coarse_relation_001,750,875,24751,25500,24501,25375,0.8333,stable,stable,dominant_stable,dominant_stable,0.0000,0.0000,0.0000,persisted
electricity_hourly_coarse_relation_001,750,875,25501,26250,25376,26250,1.0000,stable,stable,dominant_stable,dominant_stable,0.0000,0.0000,0.0000,persisted
electricity_hourly_coarse_relation_001,750,875,26251,26304,26251,26304,1.0000,stable,stable,dominant_stable,dominant_stable,0.0000,0.0000,0.0000,persisted
electricity_hourly_coarse_relation_001,875,1000,1,875,1,1000,1.0000,stable,stable,dominant_stable,dominant_stable,0.0000,0.0000,0.0000,persisted
electricity_hourly_coarse_relation_001,875,1000,876,1750,1001,2000,0.8571,stable,stable,dominant_stable,dominant_stable,0.0000,0.0000,0.0000,persisted
electricity_hourly_coarse_relation_001,875,1000,1751,2625,2001,3000,0.7143,stable,stable,dominant_stable,dominant_stable,0.0000,0.0000,0.0000,persisted
electricity_hourly_coarse_relation_001,875,1000,2626,3500,3001,4000,0.5714,stable,stable,dominant_stable,dominant_stable,0.0000,0.0000,0.0000,persisted
electricity_hourly_coarse_relation_001,875,1000,3501,4375,3001,4000,0.5714,stable,stable,dominant_stable,dominant_stable,0.0000,0.0000,0.0000,persisted
electricity_hourly_coarse_relation_001,875,1000,4376,5250,4001,5000,0.7143,stable,stable,dominant_stable,dominant_stable,0.0000,0.0000,0.0000,persisted
electricity_hourly_coarse_relation_001,875,1000,5251,6125,5001,6000,0.8571,stable,stable,dominant_stable,dominant_stable,0.0000,0.0000,0.0000,persisted
electricity_hourly_coarse_relation_001,875,1000,6126,7000,6001,7000,1.0000,stable,stable,dominant_stable,dominant_stable,0.0000,0.0000,0.0000,persisted
electricity_hourly_coarse_relation_001,875,1000,7001,7875,7001,8000,1.0000,stable,stable,dominant_stable,dominant_stable,0.0000,0.0000,0.0000,persisted
electricity_hourly_coarse_relation_001,875,1000,7876,8750,8001,9000,0.8571,stable,stable,dominant_stable,dominant_stable,0.0000,0.0000,0.0000,persisted
electricity_hourly_coarse_relation_001,875,1000,8751,9625,9001,10000,0.7143,stable,stable,dominant_stable,dominant_stable,0.0001,0.0000,-0.0001,persisted
electricity_hourly_coarse_relation_001,875,1000,9626,10500,10001,11000,0.5714,stable,stable,dominant_stable,dominant_stable,0.0011,0.0000,-0.0011,persisted
electricity_hourly_coarse_relation_001,875,1000,10501,11375,10001,11000,0.5714,stable,stable,dominant_stable,dominant_stable,0.0023,-0.0023,0.0000,persisted
electricity_hourly_coarse_relation_001,875,1000,11376,12250,11001,12000,0.7143,stable,stable,dominant_stable,dominant_stable,0.0000,0.0000,0.0000,persisted
electricity_hourly_coarse_relation_001,875,1000,12251,13125,12001,13000,0.8571,stable,stable,dominant_stable,dominant_stable,0.0000,0.0000,0.0000,persisted
electricity_hourly_coarse_relation_001,875,1000,13126,14000,13001,14000,1.0000,stable,stable,dominant_stable,dominant_stable,0.0000,0.0000,0.0000,persisted
electricity_hourly_coarse_relation_001,875,1000,14001,14875,14001,15000,1.0000,stable,stable,dominant_stable,dominant_stable,0.0000,0.0000,0.0000,persisted
electricity_hourly_coarse_relation_001,875,1000,14876,15750,15001,16000,0.8571,stable,stable,dominant_stable,dominant_stable,0.0000,0.0000,0.0000,persisted
electricity_hourly_coarse_relation_001,875,1000,15751,16625,16001,17000,0.7143,stable,stable,dominant_stable,dominant_stable,0.0000,0.0000,0.0000,persisted
electricity_hourly_coarse_relation_001,875,1000,16626,17500,17001,18000,0.5714,stable,stable,dominant_stable,dominant_stable,0.0000,0.0000,0.0000,persisted
electricity_hourly_coarse_relation_001,875,1000,17501,18375,17001,18000,0.5714,stable,stable,dominant_stable,dominant_stable,0.0000,0.0000,0.0000,persisted
electricity_hourly_coarse_relation_001,875,1000,18376,19250,18001,19000,0.7143,stable,stable,dominant_stable,dominant_stable,-0.0010,0.0000,0.0010,persisted
electricity_hourly_coarse_relation_001,875,1000,19251,20125,19001,20000,0.8571,stable,stable,dominant_stable,dominant_stable,0.0000,0.0000,0.0000,persisted
electricity_hourly_coarse_relation_001,875,1000,20126,21000,20001,21000,1.0000,stable,stable,dominant_stable,dominant_stable,0.0000,0.0000,0.0000,persisted
electricity_hourly_coarse_relation_001,875,1000,21001,21875,21001,22000,1.0000,stable,stable,dominant_stable,dominant_stable,0.0000,0.0000,0.0000,persisted
electricity_hourly_coarse_relation_001,875,1000,21876,22750,22001,23000,0.8571,stable,stable,dominant_stable,dominant_stable,0.0000,0.0000,0.0000,persisted
electricity_hourly_coarse_relation_001,875,1000,22751,23625,23001,24000,0.7143,stable,stable,dominant_stable,dominant_stable,0.0023,-0.0023,0.0000,persisted
electricity_hourly_coarse_relation_001,875,1000,23626,24500,24001,25000,0.5714,stable,stable,dominant_stable,dominant_stable,0.0000,0.0000,0.0000,persisted
electricity_hourly_coarse_relation_001,875,1000,24501,25375,24001,25000,0.5714,stable,stable,dominant_stable,dominant_stable,0.0000,0.0000,0.0000,persisted
electricity_hourly_coarse_relation_001,875,1000,25376,26250,26001,26304,0.8224,stable,stable,dominant_stable,dominant_stable,-0.0066,0.0066,0.0000,persisted
electricity_hourly_coarse_relation_001,875,1000,26251,26304,26001,26304,1.0000,stable,stable,dominant_stable,dominant_stable,-0.0066,0.0066,0.0000,persisted
