window_size,window_id,line_start,line_end,lines,stable_lines,middle_lines,residual_lines,stable_share,middle_share,residual_share,residual_self_adjacent,residual_near_stable,residual_near_middle,residual_self_adjacent_share,residual_near_stable_share,dominant_residual_family_share,dominant_residual_family,local_residue_posture
10,window_001,1,10,10,4,0,6,0.4,0.0,0.6,5,4,0,0.8333,0.6667,0.1667,WHITE_NOISE_uniq_0001_xray_37_node,stable_attached_residual
10,window_002,11,20,10,4,0,6,0.4,0.0,0.6,5,3,0,0.8333,0.5,0.1667,WHITE_NOISE_uniq_0011_xray_407_node,stable_attached_residual
10,window_003,21,30,10,3,0,7,0.3,0.0,0.7,7,3,0,1.0,0.4286,0.1429,WHITE_NOISE_uniq_0021_xray_777_node,partial_residual_cluster
10,window_004,31,40,10,4,0,6,0.4,0.0,0.6,4,6,0,0.6667,1.0,0.1667,WHITE_NOISE_uniq_0031_xray_150_node,stable_attached_residual
10,window_005,41,50,10,4,0,6,0.4,0.0,0.6,6,6,0,1.0,1.0,0.1667,WHITE_NOISE_uniq_0041_xray_520_node,stable_attached_residual
10,window_006,51,60,10,5,0,5,0.5,0.0,0.5,4,4,0,0.8,0.8,0.2,WHITE_NOISE_uniq_0052_xray_927_node,stable_attached_residual
10,window_007,61,70,10,4,0,6,0.4,0.0,0.6,6,2,0,1.0,0.3333,0.1667,WHITE_NOISE_uniq_0061_xray_263_node,partial_residual_cluster
10,window_008,71,80,10,3,0,7,0.3,0.0,0.7,7,2,0,1.0,0.2857,0.1429,WHITE_NOISE_uniq_0071_xray_633_node,partial_residual_cluster
10,window_009,81,90,10,1,0,9,0.1,0.0,0.9,9,3,0,1.0,0.3333,0.1111,WHITE_NOISE_uniq_0081_xray_6_node,partial_residual_cluster
10,window_010,91,100,10,4,0,6,0.4,0.0,0.6,5,4,0,0.8333,0.6667,0.1667,WHITE_NOISE_uniq_0093_xray_450_node,stable_attached_residual
10,window_011,101,110,10,5,0,5,0.5,0.0,0.5,4,4,0,0.8,0.8,0.2,WHITE_NOISE_uniq_0101_xray_746_node,stable_attached_residual
10,window_012,111,120,10,6,0,4,0.6,0.0,0.4,2,4,0,0.5,1.0,0.25,WHITE_NOISE_uniq_0112_xray_156_node,stable_attached_residual
10,window_013,121,130,10,3,0,7,0.3,0.0,0.7,6,4,0,0.8571,0.5714,0.1429,WHITE_NOISE_uniq_0121_xray_489_node,stable_attached_residual
10,window_014,131,140,10,0,0,10,0.0,0.0,1.0,10,1,0,1.0,0.1,0.1,WHITE_NOISE_uniq_0131_xray_859_node,residual_island
10,window_015,141,150,10,3,0,7,0.3,0.0,0.7,6,5,0,0.8571,0.7143,0.1429,WHITE_NOISE_uniq_0142_xray_269_node,stable_attached_residual
10,window_016,151,160,10,3,0,7,0.3,0.0,0.7,6,4,0,0.8571,0.5714,0.1429,WHITE_NOISE_uniq_0152_xray_639_node,stable_attached_residual
10,window_017,161,170,10,3,0,7,0.3,0.0,0.7,6,4,0,0.8571,0.5714,0.1429,WHITE_NOISE_uniq_0161_xray_972_node,stable_attached_residual
10,window_018,171,180,10,5,0,5,0.5,0.0,0.5,2,5,0,0.4,1.0,0.2,WHITE_NOISE_uniq_0172_xray_382_node,stable_attached_residual
10,window_019,181,190,10,6,0,4,0.6,0.0,0.4,3,3,0,0.75,0.75,0.25,WHITE_NOISE_uniq_0182_xray_752_node,stable_attached_residual
10,window_020,191,200,10,3,0,7,0.3,0.0,0.7,6,6,0,0.8571,0.8571,0.1429,WHITE_NOISE_uniq_0191_xray_88_node,stable_attached_residual
10,window_021,201,210,10,2,0,8,0.2,0.0,0.8,7,4,0,0.875,0.5,0.125,WHITE_NOISE_uniq_0201_xray_458_node,stable_attached_residual
10,window_022,211,220,10,3,0,7,0.3,0.0,0.7,6,4,0,0.8571,0.5714,0.1429,WHITE_NOISE_uniq_0212_xray_865_node,stable_attached_residual
10,window_023,221,230,10,2,0,8,0.2,0.0,0.8,8,1,0,1.0,0.125,0.125,WHITE_NOISE_uniq_0221_xray_201_node,residual_island
10,window_024,231,240,10,2,0,8,0.2,0.0,0.8,7,5,0,0.875,0.625,0.125,WHITE_NOISE_uniq_0231_xray_571_node,stable_attached_residual
10,window_025,241,250,10,4,0,6,0.4,0.0,0.6,5,3,0,0.8333,0.5,0.1667,WHITE_NOISE_uniq_0243_xray_18_node,stable_attached_residual
10,window_026,251,260,10,3,0,7,0.3,0.0,0.7,7,5,0,1.0,0.7143,0.1429,WHITE_NOISE_uniq_0251_xray_314_node,stable_attached_residual
10,window_027,261,270,10,5,0,5,0.5,0.0,0.5,4,2,0,0.8,0.4,0.2,WHITE_NOISE_uniq_0261_xray_684_node,partial_residual_cluster
10,window_028,271,280,10,2,0,8,0.2,0.0,0.8,8,5,0,1.0,0.625,0.125,WHITE_NOISE_uniq_0271_xray_57_node,stable_attached_residual
10,window_029,281,290,10,0,0,10,0.0,0.0,1.0,10,1,0,1.0,0.1,0.1,WHITE_NOISE_uniq_0281_xray_427_node,residual_island
10,window_030,291,300,10,6,0,4,0.6,0.0,0.4,3,3,0,0.75,0.75,0.25,WHITE_NOISE_uniq_0293_xray_871_node,stable_attached_residual
10,window_031,301,310,10,5,0,5,0.5,0.0,0.5,2,5,0,0.4,1.0,0.2,WHITE_NOISE_uniq_0302_xray_207_node,stable_attached_residual
10,window_032,311,320,10,5,0,5,0.5,0.0,0.5,3,4,0,0.6,0.8,0.2,WHITE_NOISE_uniq_0312_xray_577_node,stable_attached_residual
10,window_033,321,330,10,6,0,4,0.6,0.0,0.4,2,4,0,0.5,1.0,0.25,WHITE_NOISE_uniq_0321_xray_910_node,stable_attached_residual
10,window_034,331,340,10,2,0,8,0.2,0.0,0.8,7,5,0,0.875,0.625,0.125,WHITE_NOISE_uniq_0331_xray_283_node,stable_attached_residual
10,window_035,341,350,10,6,0,4,0.6,0.0,0.4,3,3,0,0.75,0.75,0.25,WHITE_NOISE_uniq_0342_xray_690_node,stable_attached_residual
10,window_036,351,360,10,5,0,5,0.5,0.0,0.5,3,4,0,0.6,0.8,0.2,WHITE_NOISE_uniq_0352_xray_63_node,stable_attached_residual
10,window_037,361,370,10,6,0,4,0.6,0.0,0.4,4,3,0,1.0,0.75,0.25,WHITE_NOISE_uniq_0363_xray_470_node,stable_attached_residual
10,window_038,371,380,10,5,0,5,0.5,0.0,0.5,3,4,0,0.6,0.8,0.2,WHITE_NOISE_uniq_0371_xray_766_node,stable_attached_residual
10,window_039,381,390,10,4,0,6,0.4,0.0,0.6,4,5,0,0.6667,0.8333,0.1667,WHITE_NOISE_uniq_0381_xray_139_node,stable_attached_residual
10,window_040,391,400,10,4,0,6,0.4,0.0,0.6,6,4,0,1.0,0.6667,0.1667,WHITE_NOISE_uniq_0391_xray_509_node,stable_attached_residual
10,window_041,401,410,10,0,0,10,0.0,0.0,1.0,10,1,0,1.0,0.1,0.1,WHITE_NOISE_uniq_0401_xray_879_node,residual_island
10,window_042,411,420,10,1,0,9,0.1,0.0,0.9,9,2,0,1.0,0.2222,0.1111,WHITE_NOISE_uniq_0411_xray_252_node,residual_island
10,window_043,421,430,10,3,0,7,0.3,0.0,0.7,6,2,0,0.8571,0.2857,0.1429,WHITE_NOISE_uniq_0421_xray_622_node,partial_residual_cluster
10,window_044,431,440,10,2,0,8,0.2,0.0,0.8,8,4,0,1.0,0.5,0.125,WHITE_NOISE_uniq_0431_xray_992_node,stable_attached_residual
10,window_045,441,450,10,5,0,5,0.5,0.0,0.5,4,3,0,0.8,0.6,0.2,WHITE_NOISE_uniq_0442_xray_402_node,stable_attached_residual
10,window_046,451,460,10,5,0,5,0.5,0.0,0.5,2,5,0,0.4,1.0,0.2,WHITE_NOISE_uniq_0451_xray_735_node,stable_attached_residual
10,window_047,461,470,10,2,0,8,0.2,0.0,0.8,7,2,0,0.875,0.25,0.125,WHITE_NOISE_uniq_0462_xray_145_node,partial_residual_cluster
10,window_048,471,480,10,1,0,9,0.1,0.0,0.9,9,2,0,1.0,0.2222,0.1111,WHITE_NOISE_uniq_0471_xray_478_node,residual_island
10,window_049,481,490,10,3,0,7,0.3,0.0,0.7,7,3,0,1.0,0.4286,0.1429,WHITE_NOISE_uniq_0481_xray_848_node,partial_residual_cluster
10,window_050,491,500,10,3,0,7,0.3,0.0,0.7,6,3,0,0.8571,0.4286,0.1429,WHITE_NOISE_uniq_0491_xray_221_node,partial_residual_cluster
10,window_051,501,510,10,3,0,7,0.3,0.0,0.7,6,4,0,0.8571,0.5714,0.1429,WHITE_NOISE_uniq_0501_xray_591_node,stable_attached_residual
10,window_052,511,520,10,6,0,4,0.6,0.0,0.4,4,3,0,1.0,0.75,0.25,WHITE_NOISE_uniq_0511_xray_961_node,stable_attached_residual
10,window_053,521,530,10,3,0,7,0.3,0.0,0.7,6,4,0,0.8571,0.5714,0.1429,WHITE_NOISE_uniq_0522_xray_371_node,stable_attached_residual
10,window_054,531,540,10,1,0,9,0.1,0.0,0.9,9,2,0,1.0,0.2222,0.1111,WHITE_NOISE_uniq_0531_xray_704_node,residual_island
10,window_055,541,550,10,1,0,9,0.1,0.0,0.9,9,3,0,1.0,0.3333,0.1111,WHITE_NOISE_uniq_0541_xray_77_node,partial_residual_cluster
10,window_056,551,560,10,7,0,3,0.7,0.0,0.3,0,3,0,0.0,1.0,0.3333,WHITE_NOISE_uniq_0555_xray_595_node,stable_attached_residual
10,window_057,561,570,10,3,0,7,0.3,0.0,0.7,7,6,0,1.0,0.8571,0.1429,WHITE_NOISE_uniq_0561_xray_817_node,stable_attached_residual
10,window_058,571,580,10,5,0,5,0.5,0.0,0.5,4,5,0,0.8,1.0,0.2,WHITE_NOISE_uniq_0572_xray_227_node,stable_attached_residual
10,window_059,581,590,10,1,0,9,0.1,0.0,0.9,9,4,0,1.0,0.4444,0.1111,WHITE_NOISE_uniq_0581_xray_560_node,partial_residual_cluster
10,window_060,591,600,10,6,0,4,0.6,0.0,0.4,0,4,0,0.0,1.0,0.25,WHITE_NOISE_uniq_0592_xray_967_node,stable_attached_residual
10,window_061,601,610,10,2,0,8,0.2,0.0,0.8,8,3,0,1.0,0.375,0.125,WHITE_NOISE_uniq_0602_xray_340_node,partial_residual_cluster
10,window_062,611,620,10,1,0,9,0.1,0.0,0.9,9,2,0,1.0,0.2222,0.1111,WHITE_NOISE_uniq_0611_xray_673_node,residual_island
10,window_063,621,630,10,3,0,7,0.3,0.0,0.7,6,3,0,0.8571,0.4286,0.1429,WHITE_NOISE_uniq_0621_xray_46_node,partial_residual_cluster
10,window_064,631,640,10,5,0,5,0.5,0.0,0.5,4,5,0,0.8,1.0,0.2,WHITE_NOISE_uniq_0631_xray_416_node,stable_attached_residual
10,window_065,641,650,10,2,0,8,0.2,0.0,0.8,8,2,0,1.0,0.25,0.125,WHITE_NOISE_uniq_0641_xray_786_node,partial_residual_cluster
10,window_066,651,660,10,2,0,8,0.2,0.0,0.8,8,4,0,1.0,0.5,0.125,WHITE_NOISE_uniq_0651_xray_159_node,stable_attached_residual
10,window_067,661,670,10,5,0,5,0.5,0.0,0.5,4,3,0,0.8,0.6,0.2,WHITE_NOISE_uniq_0661_xray_529_node,stable_attached_residual
10,window_068,671,680,10,5,0,5,0.5,0.0,0.5,4,5,0,0.8,1.0,0.2,WHITE_NOISE_uniq_0671_xray_899_node,stable_attached_residual
10,window_069,681,690,10,2,0,8,0.2,0.0,0.8,8,4,0,1.0,0.5,0.125,WHITE_NOISE_uniq_0681_xray_272_node,stable_attached_residual
10,window_070,691,700,10,2,0,8,0.2,0.0,0.8,8,3,0,1.0,0.375,0.125,WHITE_NOISE_uniq_0691_xray_642_node,partial_residual_cluster
10,window_071,701,710,10,2,0,8,0.2,0.0,0.8,7,4,0,0.875,0.5,0.125,WHITE_NOISE_uniq_0701_xray_15_node,stable_attached_residual
10,window_072,711,720,10,1,0,9,0.1,0.0,0.9,9,1,0,1.0,0.1111,0.1111,WHITE_NOISE_uniq_0711_xray_385_node,residual_island
10,window_073,721,730,10,2,0,8,0.2,0.0,0.8,7,5,0,0.875,0.625,0.125,WHITE_NOISE_uniq_0721_xray_755_node,stable_attached_residual
10,window_074,731,740,10,4,0,6,0.4,0.0,0.6,5,6,0,0.8333,1.0,0.1667,WHITE_NOISE_uniq_0732_xray_165_node,stable_attached_residual
10,window_075,741,750,10,4,0,6,0.4,0.0,0.6,5,3,0,0.8333,0.5,0.1667,WHITE_NOISE_uniq_0741_xray_498_node,stable_attached_residual
10,window_076,751,760,10,5,0,5,0.5,0.0,0.5,3,5,0,0.6,1.0,0.2,WHITE_NOISE_uniq_0751_xray_868_node,stable_attached_residual
10,window_077,761,770,10,2,0,8,0.2,0.0,0.8,7,4,0,0.875,0.5,0.125,WHITE_NOISE_uniq_0761_xray_241_node,stable_attached_residual
10,window_078,771,780,10,2,0,8,0.2,0.0,0.8,8,5,0,1.0,0.625,0.125,WHITE_NOISE_uniq_0771_xray_611_node,stable_attached_residual
10,window_079,781,790,10,3,0,7,0.3,0.0,0.7,7,5,0,1.0,0.7143,0.1429,WHITE_NOISE_uniq_0782_xray_21_node,stable_attached_residual
10,window_080,791,800,10,3,0,7,0.3,0.0,0.7,7,4,0,1.0,0.5714,0.1429,WHITE_NOISE_uniq_0791_xray_354_node,stable_attached_residual
10,window_081,801,810,10,3,0,7,0.3,0.0,0.7,7,3,0,1.0,0.4286,0.1429,WHITE_NOISE_uniq_0801_xray_724_node,partial_residual_cluster
10,window_082,811,820,10,3,0,7,0.3,0.0,0.7,6,6,0,0.8571,0.8571,0.1429,WHITE_NOISE_uniq_0811_xray_97_node,stable_attached_residual
10,window_083,821,830,10,3,0,7,0.3,0.0,0.7,7,4,0,1.0,0.5714,0.1429,WHITE_NOISE_uniq_0821_xray_467_node,stable_attached_residual
10,window_084,831,840,10,2,0,8,0.2,0.0,0.8,8,4,0,1.0,0.5,0.125,WHITE_NOISE_uniq_0831_xray_837_node,stable_attached_residual
10,window_085,841,850,10,3,0,7,0.3,0.0,0.7,7,5,0,1.0,0.7143,0.1429,WHITE_NOISE_uniq_0841_xray_210_node,stable_attached_residual
10,window_086,851,860,10,2,0,8,0.2,0.0,0.8,8,6,0,1.0,0.75,0.125,WHITE_NOISE_uniq_0851_xray_580_node,stable_attached_residual
10,window_087,861,870,10,3,0,7,0.3,0.0,0.7,6,2,0,0.8571,0.2857,0.1429,WHITE_NOISE_uniq_0862_xray_987_node,partial_residual_cluster
10,window_088,871,880,10,4,0,6,0.4,0.0,0.6,5,5,0,0.8333,0.8333,0.1667,WHITE_NOISE_uniq_0871_xray_323_node,stable_attached_residual
10,window_089,881,890,10,3,0,7,0.3,0.0,0.7,7,6,0,1.0,0.8571,0.1429,WHITE_NOISE_uniq_0881_xray_693_node,stable_attached_residual
10,window_090,891,900,10,5,0,5,0.5,0.0,0.5,1,5,0,0.2,1.0,0.2,WHITE_NOISE_uniq_0891_xray_66_node,stable_attached_residual
10,window_091,901,910,10,5,0,5,0.5,0.0,0.5,4,5,0,0.8,1.0,0.2,WHITE_NOISE_uniq_0902_xray_473_node,stable_attached_residual
10,window_092,911,920,10,5,0,5,0.5,0.0,0.5,5,5,0,1.0,1.0,0.2,WHITE_NOISE_uniq_0913_xray_880_node,stable_attached_residual
10,window_093,921,930,10,4,0,6,0.4,0.0,0.6,5,5,0,0.8333,0.8333,0.1667,WHITE_NOISE_uniq_0921_xray_179_node,stable_attached_residual
10,window_094,931,940,10,3,0,7,0.3,0.0,0.7,7,2,0,1.0,0.2857,0.1429,WHITE_NOISE_uniq_0931_xray_549_node,partial_residual_cluster
10,window_095,941,950,10,4,0,6,0.4,0.0,0.6,5,4,0,0.8333,0.6667,0.1667,WHITE_NOISE_uniq_0941_xray_919_node,stable_attached_residual
10,window_096,951,960,10,3,0,7,0.3,0.0,0.7,6,4,0,0.8571,0.5714,0.1429,WHITE_NOISE_uniq_0951_xray_292_node,stable_attached_residual
10,window_097,961,970,10,2,0,8,0.2,0.0,0.8,7,4,0,0.875,0.5,0.125,WHITE_NOISE_uniq_0961_xray_662_node,stable_attached_residual
10,window_098,971,980,10,4,0,6,0.4,0.0,0.6,5,6,0,0.8333,1.0,0.1667,WHITE_NOISE_uniq_0972_xray_72_node,stable_attached_residual
10,window_099,981,990,10,6,0,4,0.6,0.0,0.4,4,3,0,1.0,0.75,0.25,WHITE_NOISE_uniq_0981_xray_405_node,stable_attached_residual
10,window_100,991,1000,10,3,0,7,0.3,0.0,0.7,6,2,0,0.8571,0.2857,0.1429,WHITE_NOISE_uniq_0992_xray_812_node,partial_residual_cluster
10,window_101,1001,1010,10,4,0,6,0.4,0.0,0.6,3,4,0,0.5,0.6667,0.1667,WHITE_NOISE_uniq_1001_xray_148_node,stable_attached_residual
10,window_102,1011,1020,10,4,0,6,0.4,0.0,0.6,5,5,0,0.8333,0.8333,0.1667,WHITE_NOISE_uniq_1011_xray_518_node,stable_attached_residual
10,window_103,1021,1030,10,4,0,6,0.4,0.0,0.6,4,6,0,0.6667,1.0,0.1667,WHITE_NOISE_uniq_1021_xray_888_node,stable_attached_residual
10,window_104,1031,1040,10,6,0,4,0.6,0.0,0.4,0,4,0,0.0,1.0,0.25,WHITE_NOISE_uniq_1031_xray_261_node,stable_attached_residual
10,window_105,1041,1050,10,4,0,6,0.4,0.0,0.6,5,6,0,0.8333,1.0,0.1667,WHITE_NOISE_uniq_1042_xray_668_node,stable_attached_residual
10,window_106,1051,1060,10,4,0,6,0.4,0.0,0.6,6,3,0,1.0,0.5,0.1667,WHITE_NOISE_uniq_1051_xray_4_node,stable_attached_residual
10,window_107,1061,1070,10,4,0,6,0.4,0.0,0.6,5,5,0,0.8333,0.8333,0.1667,WHITE_NOISE_uniq_1061_xray_374_node,stable_attached_residual
10,window_108,1071,1080,10,5,0,5,0.5,0.0,0.5,3,4,0,0.6,0.8,0.2,WHITE_NOISE_uniq_1073_xray_818_node,stable_attached_residual
10,window_109,1081,1090,10,6,0,4,0.6,0.0,0.4,4,3,0,1.0,0.75,0.25,WHITE_NOISE_uniq_1086_xray_302_node,stable_attached_residual
10,window_110,1091,1100,10,3,0,7,0.3,0.0,0.7,6,4,0,0.8571,0.5714,0.1429,WHITE_NOISE_uniq_1091_xray_487_node,stable_attached_residual
10,window_111,1101,1110,10,3,0,7,0.3,0.0,0.7,7,3,0,1.0,0.4286,0.1429,WHITE_NOISE_uniq_1102_xray_894_node,partial_residual_cluster
10,window_112,1111,1120,10,1,0,9,0.1,0.0,0.9,9,2,0,1.0,0.2222,0.1111,WHITE_NOISE_uniq_1111_xray_230_node,residual_island
10,window_113,1121,1130,10,2,0,8,0.2,0.0,0.8,8,2,0,1.0,0.25,0.125,WHITE_NOISE_uniq_1121_xray_600_node,partial_residual_cluster
10,window_114,1131,1140,10,0,0,10,0.0,0.0,1.0,10,1,0,1.0,0.1,0.1,WHITE_NOISE_uniq_1131_xray_970_node,residual_island
10,window_115,1141,1150,10,2,0,8,0.2,0.0,0.8,8,1,0,1.0,0.125,0.125,WHITE_NOISE_uniq_1143_xray_417_node,residual_island
10,window_116,1151,1160,10,1,0,9,0.1,0.0,0.9,9,2,0,1.0,0.2222,0.1111,WHITE_NOISE_uniq_1151_xray_713_node,residual_island
10,window_117,1161,1170,10,3,0,7,0.3,0.0,0.7,7,4,0,1.0,0.5714,0.1429,WHITE_NOISE_uniq_1161_xray_86_node,stable_attached_residual
10,window_118,1171,1180,10,4,0,6,0.4,0.0,0.6,4,5,0,0.6667,0.8333,0.1667,WHITE_NOISE_uniq_1171_xray_456_node,stable_attached_residual
10,window_119,1181,1190,10,5,0,5,0.5,0.0,0.5,4,3,0,0.8,0.6,0.2,WHITE_NOISE_uniq_1182_xray_863_node,stable_attached_residual
10,window_120,1191,1200,10,2,0,8,0.2,0.0,0.8,7,4,0,0.875,0.5,0.125,WHITE_NOISE_uniq_1191_xray_199_node,stable_attached_residual
10,window_121,1201,1210,10,4,0,6,0.4,0.0,0.6,6,3,0,1.0,0.5,0.1667,WHITE_NOISE_uniq_1201_xray_569_node,stable_attached_residual
10,window_122,1211,1220,10,2,0,8,0.2,0.0,0.8,8,4,0,1.0,0.5,0.125,WHITE_NOISE_uniq_1211_xray_939_node,stable_attached_residual
10,window_123,1221,1230,10,6,0,4,0.6,0.0,0.4,0,4,0,0.0,1.0,0.25,WHITE_NOISE_uniq_1222_xray_349_node,stable_attached_residual
10,window_124,1231,1240,10,5,0,5,0.5,0.0,0.5,5,5,0,1.0,1.0,0.2,WHITE_NOISE_uniq_1232_xray_719_node,stable_attached_residual
10,window_125,1241,1250,10,2,0,8,0.2,0.0,0.8,8,4,0,1.0,0.5,0.125,WHITE_NOISE_uniq_1241_xray_55_node,stable_attached_residual
10,window_126,1251,1260,10,3,0,7,0.3,0.0,0.7,6,3,0,0.8571,0.4286,0.1429,WHITE_NOISE_uniq_1251_xray_425_node,partial_residual_cluster
10,window_127,1261,1270,10,7,0,3,0.7,0.0,0.3,1,3,0,0.3333,1.0,0.3333,WHITE_NOISE_uniq_1261_xray_795_node,stable_attached_residual
10,window_128,1271,1280,10,4,0,6,0.4,0.0,0.6,6,4,0,1.0,0.6667,0.1667,WHITE_NOISE_uniq_1272_xray_205_node,stable_attached_residual
10,window_129,1281,1290,10,3,0,7,0.3,0.0,0.7,6,5,0,0.8571,0.7143,0.1429,WHITE_NOISE_uniq_1282_xray_575_node,stable_attached_residual
10,window_130,1291,1300,10,5,0,5,0.5,0.0,0.5,5,3,0,1.0,0.6,0.2,WHITE_NOISE_uniq_1292_xray_945_node,stable_attached_residual
10,window_131,1301,1310,10,4,0,6,0.4,0.0,0.6,3,4,0,0.5,0.6667,0.1667,WHITE_NOISE_uniq_1301_xray_281_node,stable_attached_residual
10,window_132,1311,1320,10,7,0,3,0.7,0.0,0.3,2,3,0,0.6667,1.0,0.3333,WHITE_NOISE_uniq_1312_xray_688_node,stable_attached_residual
10,window_133,1321,1330,10,2,0,8,0.2,0.0,0.8,6,3,0,0.75,0.375,0.125,WHITE_NOISE_uniq_1321_xray_24_node,partial_residual_cluster
10,window_134,1331,1340,10,5,0,5,0.5,0.0,0.5,4,4,0,0.8,0.8,0.2,WHITE_NOISE_uniq_1331_xray_394_node,stable_attached_residual
10,window_135,1341,1350,10,7,0,3,0.7,0.0,0.3,2,3,0,0.6667,1.0,0.3333,WHITE_NOISE_uniq_1343_xray_838_node,stable_attached_residual
10,window_136,1351,1360,10,4,0,6,0.4,0.0,0.6,3,6,0,0.5,1.0,0.1667,WHITE_NOISE_uniq_1351_xray_137_node,stable_attached_residual
10,window_137,1361,1370,10,4,0,6,0.4,0.0,0.6,5,4,0,0.8333,0.6667,0.1667,WHITE_NOISE_uniq_1361_xray_507_node,stable_attached_residual
10,window_138,1371,1380,10,2,0,8,0.2,0.0,0.8,8,3,0,1.0,0.375,0.125,WHITE_NOISE_uniq_1372_xray_914_node,partial_residual_cluster
10,window_139,1381,1390,10,3,0,7,0.3,0.0,0.7,6,4,0,0.8571,0.5714,0.1429,WHITE_NOISE_uniq_1381_xray_250_node,stable_attached_residual
10,window_140,1391,1400,10,5,0,5,0.5,0.0,0.5,4,5,0,0.8,1.0,0.2,WHITE_NOISE_uniq_1391_xray_620_node,stable_attached_residual
10,window_141,1401,1410,10,3,0,7,0.3,0.0,0.7,6,4,0,0.8571,0.5714,0.1429,WHITE_NOISE_uniq_1402_xray_30_node,stable_attached_residual
10,window_142,1411,1420,10,4,0,6,0.4,0.0,0.6,5,4,0,0.8333,0.6667,0.1667,WHITE_NOISE_uniq_1411_xray_363_node,stable_attached_residual
10,window_143,1421,1430,10,3,0,7,0.3,0.0,0.7,7,3,0,1.0,0.4286,0.1429,WHITE_NOISE_uniq_1423_xray_807_node,partial_residual_cluster
10,window_144,1431,1440,10,1,0,9,0.1,0.0,0.9,9,3,0,1.0,0.3333,0.1111,WHITE_NOISE_uniq_1431_xray_106_node,partial_residual_cluster
10,window_145,1441,1450,10,3,0,7,0.3,0.0,0.7,7,2,0,1.0,0.2857,0.1429,WHITE_NOISE_uniq_1443_xray_550_node,partial_residual_cluster
10,window_146,1451,1460,10,1,0,9,0.1,0.0,0.9,9,4,0,1.0,0.4444,0.1111,WHITE_NOISE_uniq_1451_xray_846_node,partial_residual_cluster
10,window_147,1461,1470,10,5,0,5,0.5,0.0,0.5,4,5,0,0.8,1.0,0.2,WHITE_NOISE_uniq_1463_xray_293_node,stable_attached_residual
10,window_148,1471,1480,10,4,0,6,0.4,0.0,0.6,5,5,0,0.8333,0.8333,0.1667,WHITE_NOISE_uniq_1472_xray_626_node,stable_attached_residual
10,window_149,1481,1490,10,3,0,7,0.3,0.0,0.7,7,3,0,1.0,0.4286,0.1429,WHITE_NOISE_uniq_1483_xray_36_node,partial_residual_cluster
10,window_150,1491,1500,10,4,0,6,0.4,0.0,0.6,6,3,0,1.0,0.5,0.1667,WHITE_NOISE_uniq_1491_xray_332_node,stable_attached_residual
10,window_151,1501,1510,10,4,0,6,0.4,0.0,0.6,5,5,0,0.8333,0.8333,0.1667,WHITE_NOISE_uniq_1502_xray_739_node,stable_attached_residual
10,window_152,1511,1520,10,4,0,6,0.4,0.0,0.6,4,5,0,0.6667,0.8333,0.1667,WHITE_NOISE_uniq_1512_xray_112_node,stable_attached_residual
10,window_153,1521,1530,10,2,0,8,0.2,0.0,0.8,8,3,0,1.0,0.375,0.125,WHITE_NOISE_uniq_1521_xray_445_node,partial_residual_cluster
10,window_154,1531,1540,10,3,0,7,0.3,0.0,0.7,7,6,0,1.0,0.8571,0.1429,WHITE_NOISE_uniq_1531_xray_815_node,stable_attached_residual
10,window_155,1541,1550,10,4,0,6,0.4,0.0,0.6,5,2,0,0.8333,0.3333,0.1667,WHITE_NOISE_uniq_1542_xray_225_node,partial_residual_cluster
10,window_156,1551,1560,10,6,0,4,0.6,0.0,0.4,3,4,0,0.75,1.0,0.25,WHITE_NOISE_uniq_1551_xray_558_node,stable_attached_residual
10,window_157,1561,1570,10,3,0,7,0.3,0.0,0.7,7,6,0,1.0,0.8571,0.1429,WHITE_NOISE_uniq_1561_xray_928_node,stable_attached_residual
10,window_158,1571,1580,10,2,0,8,0.2,0.0,0.8,8,4,0,1.0,0.5,0.125,WHITE_NOISE_uniq_1571_xray_301_node,stable_attached_residual
10,window_159,1581,1590,10,2,0,8,0.2,0.0,0.8,8,3,0,1.0,0.375,0.125,WHITE_NOISE_uniq_1582_xray_708_node,partial_residual_cluster
10,window_160,1591,1600,10,5,0,5,0.5,0.0,0.5,3,5,0,0.6,1.0,0.2,WHITE_NOISE_uniq_1591_xray_44_node,stable_attached_residual
10,window_161,1601,1610,10,3,0,7,0.3,0.0,0.7,6,5,0,0.8571,0.7143,0.1429,WHITE_NOISE_uniq_1601_xray_414_node,stable_attached_residual
10,window_162,1611,1620,10,4,0,6,0.4,0.0,0.6,5,4,0,0.8333,0.6667,0.1667,WHITE_NOISE_uniq_1613_xray_858_node,stable_attached_residual
10,window_163,1621,1630,10,2,0,8,0.2,0.0,0.8,8,4,0,1.0,0.5,0.125,WHITE_NOISE_uniq_1621_xray_157_node,stable_attached_residual
10,window_164,1631,1640,10,3,0,7,0.3,0.0,0.7,7,4,0,1.0,0.5714,0.1429,WHITE_NOISE_uniq_1631_xray_527_node,stable_attached_residual
10,window_165,1641,1650,10,4,0,6,0.4,0.0,0.6,4,5,0,0.6667,0.8333,0.1667,WHITE_NOISE_uniq_1641_xray_897_node,stable_attached_residual
10,window_166,1651,1660,10,6,0,4,0.6,0.0,0.4,2,4,0,0.5,1.0,0.25,WHITE_NOISE_uniq_1654_xray_381_node,stable_attached_residual
10,window_167,1661,1670,10,4,0,6,0.4,0.0,0.6,4,4,0,0.6667,0.6667,0.1667,WHITE_NOISE_uniq_1661_xray_640_node,stable_attached_residual
10,window_168,1671,1680,10,3,0,7,0.3,0.0,0.7,6,4,0,0.8571,0.5714,0.1429,WHITE_NOISE_uniq_1672_xray_50_node,stable_attached_residual
10,window_169,1681,1690,10,4,0,6,0.4,0.0,0.6,5,6,0,0.8333,1.0,0.1667,WHITE_NOISE_uniq_1681_xray_383_node,stable_attached_residual
10,window_170,1691,1700,10,3,0,7,0.3,0.0,0.7,6,6,0,0.8571,0.8571,0.1429,WHITE_NOISE_uniq_1691_xray_753_node,stable_attached_residual
10,window_171,1701,1710,10,4,0,6,0.4,0.0,0.6,5,4,0,0.8333,0.6667,0.1667,WHITE_NOISE_uniq_1701_xray_126_node,stable_attached_residual
10,window_172,1711,1720,10,3,0,7,0.3,0.0,0.7,7,3,0,1.0,0.4286,0.1429,WHITE_NOISE_uniq_1712_xray_533_node,partial_residual_cluster
10,window_173,1721,1730,10,4,0,6,0.4,0.0,0.6,3,6,0,0.5,1.0,0.1667,WHITE_NOISE_uniq_1721_xray_866_node,stable_attached_residual
10,window_174,1731,1740,10,5,0,5,0.5,0.0,0.5,4,4,0,0.8,0.8,0.2,WHITE_NOISE_uniq_1732_xray_276_node,stable_attached_residual
10,window_175,1741,1750,10,2,0,8,0.2,0.0,0.8,8,3,0,1.0,0.375,0.125,WHITE_NOISE_uniq_1741_xray_609_node,partial_residual_cluster
10,window_176,1751,1760,10,4,0,6,0.4,0.0,0.6,6,2,0,1.0,0.3333,0.1667,WHITE_NOISE_uniq_1755_xray_130_node,partial_residual_cluster
10,window_177,1761,1770,10,3,0,7,0.3,0.0,0.7,7,3,0,1.0,0.4286,0.1429,WHITE_NOISE_uniq_1763_xray_426_node,partial_residual_cluster
10,window_178,1771,1780,10,3,0,7,0.3,0.0,0.7,7,3,0,1.0,0.4286,0.1429,WHITE_NOISE_uniq_1771_xray_722_node,partial_residual_cluster
10,window_179,1781,1790,10,4,0,6,0.4,0.0,0.6,6,5,0,1.0,0.8333,0.1667,WHITE_NOISE_uniq_1781_xray_95_node,stable_attached_residual
10,window_180,1791,1800,10,0,0,10,0.0,0.0,1.0,10,1,0,1.0,0.1,0.1,WHITE_NOISE_uniq_1791_xray_465_node,residual_island
10,window_181,1801,1810,10,8,0,2,0.8,0.0,0.2,0,2,0,0.0,1.0,0.5,WHITE_NOISE_uniq_1806_xray_23_node,stable_attached_residual
10,window_182,1811,1820,10,5,0,5,0.5,0.0,0.5,5,5,0,1.0,1.0,0.2,WHITE_NOISE_uniq_1813_xray_282_node,stable_attached_residual
10,window_183,1821,1830,10,4,0,6,0.4,0.0,0.6,6,3,0,1.0,0.5,0.1667,WHITE_NOISE_uniq_1821_xray_578_node,stable_attached_residual
10,window_184,1831,1840,10,4,0,6,0.4,0.0,0.6,6,3,0,1.0,0.5,0.1667,WHITE_NOISE_uniq_1832_xray_985_node,stable_attached_residual
10,window_185,1841,1850,10,2,0,8,0.2,0.0,0.8,8,3,0,1.0,0.375,0.125,WHITE_NOISE_uniq_1841_xray_321_node,partial_residual_cluster
10,window_186,1851,1860,10,3,0,7,0.3,0.0,0.7,6,2,0,0.8571,0.2857,0.1429,WHITE_NOISE_uniq_1853_xray_765_node,partial_residual_cluster
10,window_187,1861,1870,10,3,0,7,0.3,0.0,0.7,6,5,0,0.8571,0.7143,0.1429,WHITE_NOISE_uniq_1861_xray_64_node,stable_attached_residual
10,window_188,1871,1880,10,2,0,8,0.2,0.0,0.8,8,5,0,1.0,0.625,0.125,WHITE_NOISE_uniq_1871_xray_434_node,stable_attached_residual
10,window_189,1881,1890,10,6,0,4,0.6,0.0,0.4,2,4,0,0.5,1.0,0.25,WHITE_NOISE_uniq_1882_xray_841_node,stable_attached_residual
10,window_190,1891,1900,10,4,0,6,0.4,0.0,0.6,5,5,0,0.8333,0.8333,0.1667,WHITE_NOISE_uniq_1893_xray_251_node,stable_attached_residual
10,window_191,1901,1910,10,5,0,5,0.5,0.0,0.5,4,3,0,0.8,0.6,0.2,WHITE_NOISE_uniq_1902_xray_584_node,stable_attached_residual
10,window_192,1911,1920,10,4,0,6,0.4,0.0,0.6,3,5,0,0.5,0.8333,0.1667,WHITE_NOISE_uniq_1911_xray_917_node,stable_attached_residual
10,window_193,1921,1930,10,4,0,6,0.4,0.0,0.6,4,5,0,0.6667,0.8333,0.1667,WHITE_NOISE_uniq_1922_xray_327_node,stable_attached_residual
10,window_194,1931,1940,10,4,0,6,0.4,0.0,0.6,4,4,0,0.6667,0.6667,0.1667,WHITE_NOISE_uniq_1931_xray_660_node,stable_attached_residual
10,window_195,1941,1950,10,3,0,7,0.3,0.0,0.7,7,4,0,1.0,0.5714,0.1429,WHITE_NOISE_uniq_1941_xray_33_node,stable_attached_residual
10,window_196,1951,1960,10,2,0,8,0.2,0.0,0.8,8,2,0,1.0,0.25,0.125,WHITE_NOISE_uniq_1951_xray_403_node,partial_residual_cluster
10,window_197,1961,1970,10,3,0,7,0.3,0.0,0.7,6,4,0,0.8571,0.5714,0.1429,WHITE_NOISE_uniq_1961_xray_773_node,stable_attached_residual
10,window_198,1971,1980,10,3,0,7,0.3,0.0,0.7,6,5,0,0.8571,0.7143,0.1429,WHITE_NOISE_uniq_1971_xray_146_node,stable_attached_residual
10,window_199,1981,1990,10,4,0,6,0.4,0.0,0.6,5,6,0,0.8333,1.0,0.1667,WHITE_NOISE_uniq_1982_xray_553_node,stable_attached_residual
10,window_200,1991,2000,10,3,0,7,0.3,0.0,0.7,6,2,0,0.8571,0.2857,0.1429,WHITE_NOISE_uniq_1991_xray_886_node,partial_residual_cluster
15,window_001,1,15,15,6,0,9,0.4,0.0,0.6,7,6,0,0.7778,0.6667,0.1111,WHITE_NOISE_uniq_0001_xray_37_node,stable_attached_residual
15,window_002,16,30,15,5,0,10,0.3333,0.0,0.6667,10,4,0,1.0,0.4,0.1,WHITE_NOISE_uniq_0018_xray_666_node,partial_residual_cluster
15,window_003,31,45,15,5,0,10,0.3333,0.0,0.6667,8,10,0,0.8,1.0,0.1,WHITE_NOISE_uniq_0031_xray_150_node,stable_attached_residual
15,window_004,46,60,15,8,0,7,0.5333,0.0,0.4667,6,6,0,0.8571,0.8571,0.1429,WHITE_NOISE_uniq_0049_xray_816_node,stable_attached_residual
15,window_005,61,75,15,4,0,11,0.2667,0.0,0.7333,11,3,0,1.0,0.2727,0.0909,WHITE_NOISE_uniq_0061_xray_263_node,partial_residual_cluster
15,window_006,76,90,15,4,0,11,0.2667,0.0,0.7333,11,4,0,1.0,0.3636,0.0909,WHITE_NOISE_uniq_0079_xray_929_node,partial_residual_cluster
15,window_007,91,105,15,6,0,9,0.4,0.0,0.6,8,6,0,0.8889,0.6667,0.1111,WHITE_NOISE_uniq_0093_xray_450_node,stable_attached_residual
15,window_008,106,120,15,9,0,6,0.6,0.0,0.4,3,6,0,0.5,1.0,0.1667,WHITE_NOISE_uniq_0106_xray_931_node,stable_attached_residual
15,window_009,121,135,15,3,0,12,0.2,0.0,0.8,11,4,0,0.9167,0.3333,0.0833,WHITE_NOISE_uniq_0121_xray_489_node,partial_residual_cluster
15,window_010,136,150,15,3,0,12,0.2,0.0,0.8,11,6,0,0.9167,0.5,0.0833,WHITE_NOISE_uniq_0136_xray_47_node,stable_attached_residual
15,window_011,151,165,15,4,0,11,0.2667,0.0,0.7333,10,5,0,0.9091,0.4545,0.0909,WHITE_NOISE_uniq_0152_xray_639_node,partial_residual_cluster
15,window_012,166,180,15,7,0,8,0.4667,0.0,0.5333,4,8,0,0.5,1.0,0.125,WHITE_NOISE_uniq_0167_xray_197_node,stable_attached_residual
15,window_013,181,195,15,7,0,8,0.4667,0.0,0.5333,6,6,0,0.75,0.75,0.125,WHITE_NOISE_uniq_0182_xray_752_node,stable_attached_residual
15,window_014,196,210,15,4,0,11,0.2667,0.0,0.7333,10,7,0,0.9091,0.6364,0.0909,WHITE_NOISE_uniq_0197_xray_310_node,stable_attached_residual
15,window_015,211,225,15,3,0,12,0.2,0.0,0.8,11,4,0,0.9167,0.3333,0.0833,WHITE_NOISE_uniq_0212_xray_865_node,partial_residual_cluster
15,window_016,226,240,15,4,0,11,0.2667,0.0,0.7333,10,6,0,0.9091,0.5455,0.0909,WHITE_NOISE_uniq_0226_xray_386_node,stable_attached_residual
15,window_017,241,255,15,5,0,10,0.3333,0.0,0.6667,9,7,0,0.9,0.7,0.1,WHITE_NOISE_uniq_0243_xray_18_node,stable_attached_residual
15,window_018,256,270,15,7,0,8,0.4667,0.0,0.5333,7,3,0,0.875,0.375,0.125,WHITE_NOISE_uniq_0258_xray_573_node,partial_residual_cluster
15,window_019,271,285,15,2,0,13,0.1333,0.0,0.8667,13,5,0,1.0,0.3846,0.0769,WHITE_NOISE_uniq_0271_xray_57_node,partial_residual_cluster
15,window_020,286,300,15,6,0,9,0.4,0.0,0.6,8,4,0,0.8889,0.4444,0.1111,WHITE_NOISE_uniq_0286_xray_612_node,partial_residual_cluster
15,window_021,301,315,15,7,0,8,0.4667,0.0,0.5333,5,7,0,0.625,0.875,0.125,WHITE_NOISE_uniq_0302_xray_207_node,stable_attached_residual
15,window_022,316,330,15,9,0,6,0.6,0.0,0.4,2,6,0,0.3333,1.0,0.1667,WHITE_NOISE_uniq_0316_xray_725_node,stable_attached_residual
15,window_023,331,345,15,6,0,9,0.4,0.0,0.6,7,6,0,0.7778,0.6667,0.1111,WHITE_NOISE_uniq_0331_xray_283_node,stable_attached_residual
15,window_024,346,360,15,7,0,8,0.4667,0.0,0.5333,6,6,0,0.75,0.75,0.125,WHITE_NOISE_uniq_0347_xray_875_node,stable_attached_residual
15,window_025,361,375,15,9,0,6,0.6,0.0,0.4,6,4,0,1.0,0.6667,0.1667,WHITE_NOISE_uniq_0363_xray_470_node,stable_attached_residual
15,window_026,376,390,15,6,0,9,0.4,0.0,0.6,5,8,0,0.5556,0.8889,0.1111,WHITE_NOISE_uniq_0376_xray_951_node,stable_attached_residual
15,window_027,391,405,15,4,0,11,0.2667,0.0,0.7333,11,5,0,1.0,0.4545,0.0909,WHITE_NOISE_uniq_0391_xray_509_node,partial_residual_cluster
15,window_028,406,420,15,1,0,14,0.0667,0.0,0.9333,14,2,0,1.0,0.1429,0.0714,WHITE_NOISE_uniq_0406_xray_67_node,residual_island
15,window_029,421,435,15,3,0,12,0.2,0.0,0.8,11,3,0,0.9167,0.25,0.0833,WHITE_NOISE_uniq_0421_xray_622_node,partial_residual_cluster
15,window_030,436,450,15,7,0,8,0.4667,0.0,0.5333,7,6,0,0.875,0.75,0.125,WHITE_NOISE_uniq_0436_xray_180_node,stable_attached_residual
15,window_031,451,465,15,7,0,8,0.4667,0.0,0.5333,4,7,0,0.5,0.875,0.125,WHITE_NOISE_uniq_0451_xray_735_node,stable_attached_residual
15,window_032,466,480,15,1,0,14,0.0667,0.0,0.9333,14,2,0,1.0,0.1429,0.0714,WHITE_NOISE_uniq_0466_xray_293_node,residual_island
15,window_033,481,495,15,4,0,11,0.2667,0.0,0.7333,10,5,0,0.9091,0.4545,0.0909,WHITE_NOISE_uniq_0481_xray_848_node,partial_residual_cluster
15,window_034,496,510,15,5,0,10,0.3333,0.0,0.6667,9,5,0,0.9,0.5,0.1,WHITE_NOISE_uniq_0496_xray_406_node,stable_attached_residual
15,window_035,511,525,15,8,0,7,0.5333,0.0,0.4667,7,5,0,1.0,0.7143,0.1429,WHITE_NOISE_uniq_0511_xray_961_node,stable_attached_residual
15,window_036,526,540,15,2,0,13,0.1333,0.0,0.8667,12,4,0,0.9231,0.3077,0.0769,WHITE_NOISE_uniq_0526_xray_519_node,partial_residual_cluster
15,window_037,541,555,15,5,0,10,0.3333,0.0,0.6667,9,4,0,0.9,0.4,0.1,WHITE_NOISE_uniq_0541_xray_77_node,partial_residual_cluster
15,window_038,556,570,15,6,0,9,0.4,0.0,0.6,7,8,0,0.7778,0.8889,0.1111,WHITE_NOISE_uniq_0557_xray_669_node,stable_attached_residual
15,window_039,571,585,15,5,0,10,0.3333,0.0,0.6667,9,6,0,0.9,0.6,0.1,WHITE_NOISE_uniq_0572_xray_227_node,stable_attached_residual
15,window_040,586,600,15,7,0,8,0.4667,0.0,0.5333,4,7,0,0.5,0.875,0.125,WHITE_NOISE_uniq_0586_xray_745_node,stable_attached_residual
15,window_041,601,615,15,2,0,13,0.1333,0.0,0.8667,13,3,0,1.0,0.2308,0.0769,WHITE_NOISE_uniq_0602_xray_340_node,residual_island
15,window_042,616,630,15,4,0,11,0.2667,0.0,0.7333,10,5,0,0.9091,0.4545,0.0909,WHITE_NOISE_uniq_0616_xray_858_node,partial_residual_cluster
15,window_043,631,645,15,5,0,10,0.3333,0.0,0.6667,9,5,0,0.9,0.5,0.1,WHITE_NOISE_uniq_0631_xray_416_node,stable_attached_residual
15,window_044,646,660,15,4,0,11,0.2667,0.0,0.7333,11,6,0,1.0,0.5455,0.0909,WHITE_NOISE_uniq_0646_xray_971_node,stable_attached_residual
15,window_045,661,675,15,8,0,7,0.5333,0.0,0.4667,6,5,0,0.8571,0.7143,0.1429,WHITE_NOISE_uniq_0661_xray_529_node,stable_attached_residual
15,window_046,676,690,15,4,0,11,0.2667,0.0,0.7333,10,7,0,0.9091,0.6364,0.0909,WHITE_NOISE_uniq_0676_xray_87_node,stable_attached_residual
15,window_047,691,705,15,2,0,13,0.1333,0.0,0.8667,13,4,0,1.0,0.3077,0.0769,WHITE_NOISE_uniq_0691_xray_642_node,partial_residual_cluster
15,window_048,706,720,15,3,0,12,0.2,0.0,0.8,11,4,0,0.9167,0.3333,0.0833,WHITE_NOISE_uniq_0706_xray_200_node,partial_residual_cluster
15,window_049,721,735,15,4,0,11,0.2667,0.0,0.7333,9,8,0,0.8182,0.7273,0.0909,WHITE_NOISE_uniq_0721_xray_755_node,stable_attached_residual
15,window_050,736,750,15,6,0,9,0.4,0.0,0.6,8,6,0,0.8889,0.6667,0.1111,WHITE_NOISE_uniq_0737_xray_350_node,stable_attached_residual
15,window_051,751,765,15,6,0,9,0.4,0.0,0.6,6,7,0,0.6667,0.7778,0.1111,WHITE_NOISE_uniq_0751_xray_868_node,stable_attached_residual
15,window_052,766,780,15,3,0,12,0.2,0.0,0.8,12,7,0,1.0,0.5833,0.0833,WHITE_NOISE_uniq_0766_xray_426_node,stable_attached_residual
15,window_053,781,795,15,5,0,10,0.3333,0.0,0.6667,10,7,0,1.0,0.7,0.1,WHITE_NOISE_uniq_0782_xray_21_node,stable_attached_residual
15,window_054,796,810,15,4,0,11,0.2667,0.0,0.7333,11,5,0,1.0,0.4545,0.0909,WHITE_NOISE_uniq_0796_xray_539_node,partial_residual_cluster
15,window_055,811,825,15,5,0,10,0.3333,0.0,0.6667,9,9,0,0.9,0.9,0.1,WHITE_NOISE_uniq_0811_xray_97_node,stable_attached_residual
15,window_056,826,840,15,3,0,12,0.2,0.0,0.8,12,5,0,1.0,0.4167,0.0833,WHITE_NOISE_uniq_0827_xray_689_node,partial_residual_cluster
15,window_057,841,855,15,4,0,11,0.2667,0.0,0.7333,11,9,0,1.0,0.8182,0.0909,WHITE_NOISE_uniq_0841_xray_210_node,stable_attached_residual
15,window_058,856,870,15,4,0,11,0.2667,0.0,0.7333,10,4,0,0.9091,0.3636,0.0909,WHITE_NOISE_uniq_0857_xray_802_node,partial_residual_cluster
15,window_059,871,885,15,6,0,9,0.4,0.0,0.6,8,8,0,0.8889,0.8889,0.1111,WHITE_NOISE_uniq_0871_xray_323_node,stable_attached_residual
15,window_060,886,900,15,6,0,9,0.4,0.0,0.6,5,8,0,0.5556,0.8889,0.1111,WHITE_NOISE_uniq_0886_xray_878_node,stable_attached_residual
15,window_061,901,915,15,8,0,7,0.5333,0.0,0.4667,6,7,0,0.8571,1.0,0.1429,WHITE_NOISE_uniq_0902_xray_473_node,stable_attached_residual
15,window_062,916,930,15,6,0,9,0.4,0.0,0.6,8,8,0,0.8889,0.8889,0.1111,WHITE_NOISE_uniq_0916_xray_991_node,stable_attached_residual
15,window_063,931,945,15,4,0,11,0.2667,0.0,0.7333,11,4,0,1.0,0.3636,0.0909,WHITE_NOISE_uniq_0931_xray_549_node,partial_residual_cluster
15,window_064,946,960,15,6,0,9,0.4,0.0,0.6,7,6,0,0.7778,0.6667,0.1111,WHITE_NOISE_uniq_0946_xray_107_node,stable_attached_residual
15,window_065,961,975,15,4,0,11,0.2667,0.0,0.7333,10,7,0,0.9091,0.6364,0.0909,WHITE_NOISE_uniq_0961_xray_662_node,stable_attached_residual
15,window_066,976,990,15,8,0,7,0.5333,0.0,0.4667,6,6,0,0.8571,0.8571,0.1429,WHITE_NOISE_uniq_0976_xray_220_node,stable_attached_residual
15,window_067,991,1005,15,4,0,11,0.2667,0.0,0.7333,9,4,0,0.8182,0.3636,0.0909,WHITE_NOISE_uniq_0992_xray_812_node,partial_residual_cluster
15,window_068,1006,1020,15,7,0,8,0.4667,0.0,0.5333,5,7,0,0.625,0.875,0.125,WHITE_NOISE_uniq_1007_xray_370_node,stable_attached_residual
15,window_069,1021,1035,15,7,0,8,0.4667,0.0,0.5333,4,8,0,0.5,1.0,0.125,WHITE_NOISE_uniq_1021_xray_888_node,stable_attached_residual
15,window_070,1036,1050,15,7,0,8,0.4667,0.0,0.5333,5,8,0,0.625,1.0,0.125,WHITE_NOISE_uniq_1037_xray_483_node,stable_attached_residual
15,window_071,1051,1065,15,5,0,10,0.3333,0.0,0.6667,10,6,0,1.0,0.6,0.1,WHITE_NOISE_uniq_1051_xray_4_node,stable_attached_residual
15,window_072,1066,1080,15,8,0,7,0.5333,0.0,0.4667,4,6,0,0.5714,0.8571,0.1429,WHITE_NOISE_uniq_1066_xray_559_node,stable_attached_residual
15,window_073,1081,1095,15,7,0,8,0.4667,0.0,0.5333,8,4,0,1.0,0.5,0.125,WHITE_NOISE_uniq_1086_xray_302_node,stable_attached_residual
15,window_074,1096,1110,15,5,0,10,0.3333,0.0,0.6667,9,6,0,0.9,0.6,0.1,WHITE_NOISE_uniq_1096_xray_672_node,stable_attached_residual
15,window_075,1111,1125,15,2,0,13,0.1333,0.0,0.8667,13,3,0,1.0,0.2308,0.0769,WHITE_NOISE_uniq_1111_xray_230_node,residual_island
15,window_076,1126,1140,15,1,0,14,0.0667,0.0,0.9333,14,2,0,1.0,0.1429,0.0714,WHITE_NOISE_uniq_1127_xray_822_node,residual_island
15,window_077,1141,1155,15,3,0,12,0.2,0.0,0.8,12,3,0,1.0,0.25,0.0833,WHITE_NOISE_uniq_1143_xray_417_node,partial_residual_cluster
15,window_078,1156,1170,15,3,0,12,0.2,0.0,0.8,12,4,0,1.0,0.3333,0.0833,WHITE_NOISE_uniq_1156_xray_898_node,partial_residual_cluster
15,window_079,1171,1185,15,7,0,8,0.4667,0.0,0.5333,5,7,0,0.625,0.875,0.125,WHITE_NOISE_uniq_1171_xray_456_node,stable_attached_residual
15,window_080,1186,1200,15,4,0,11,0.2667,0.0,0.7333,10,5,0,0.9091,0.4545,0.0909,WHITE_NOISE_uniq_1186_xray_14_node,partial_residual_cluster
15,window_081,1201,1215,15,5,0,10,0.3333,0.0,0.6667,10,6,0,1.0,0.6,0.1,WHITE_NOISE_uniq_1201_xray_569_node,stable_attached_residual
15,window_082,1216,1230,15,7,0,8,0.4667,0.0,0.5333,4,5,0,0.5,0.625,0.125,WHITE_NOISE_uniq_1216_xray_127_node,stable_attached_residual
15,window_083,1231,1245,15,6,0,9,0.4,0.0,0.6,9,8,0,1.0,0.8889,0.1111,WHITE_NOISE_uniq_1232_xray_719_node,stable_attached_residual
15,window_084,1246,1260,15,4,0,11,0.2667,0.0,0.7333,10,4,0,0.9091,0.3636,0.0909,WHITE_NOISE_uniq_1247_xray_277_node,partial_residual_cluster
15,window_085,1261,1275,15,9,0,6,0.6,0.0,0.4,4,5,0,0.6667,0.8333,0.1667,WHITE_NOISE_uniq_1261_xray_795_node,stable_attached_residual
15,window_086,1276,1290,15,5,0,10,0.3333,0.0,0.6667,9,7,0,0.9,0.7,0.1,WHITE_NOISE_uniq_1278_xray_427_node,stable_attached_residual
15,window_087,1291,1305,15,7,0,8,0.4667,0.0,0.5333,8,4,0,1.0,0.5,0.125,WHITE_NOISE_uniq_1292_xray_945_node,stable_attached_residual
15,window_088,1306,1320,15,9,0,6,0.6,0.0,0.4,2,6,0,0.3333,1.0,0.1667,WHITE_NOISE_uniq_1306_xray_466_node,stable_attached_residual
15,window_089,1321,1335,15,4,0,11,0.2667,0.0,0.7333,8,5,0,0.7273,0.4545,0.0909,WHITE_NOISE_uniq_1321_xray_24_node,partial_residual_cluster
15,window_090,1336,1350,15,10,0,5,0.6667,0.0,0.3333,4,5,0,0.8,1.0,0.2,WHITE_NOISE_uniq_1338_xray_653_node,stable_attached_residual
15,window_091,1351,1365,15,5,0,10,0.3333,0.0,0.6667,6,8,0,0.6,0.8,0.1,WHITE_NOISE_uniq_1351_xray_137_node,stable_attached_residual
15,window_092,1366,1380,15,5,0,10,0.3333,0.0,0.6667,10,5,0,1.0,0.5,0.1,WHITE_NOISE_uniq_1368_xray_766_node,stable_attached_residual
15,window_093,1381,1395,15,4,0,11,0.2667,0.0,0.7333,10,8,0,0.9091,0.7273,0.0909,WHITE_NOISE_uniq_1381_xray_250_node,stable_attached_residual
15,window_094,1396,1410,15,7,0,8,0.4667,0.0,0.5333,6,5,0,0.75,0.625,0.125,WHITE_NOISE_uniq_1400_xray_953_node,stable_attached_residual
15,window_095,1411,1425,15,6,0,9,0.4,0.0,0.6,8,5,0,0.8889,0.5556,0.1111,WHITE_NOISE_uniq_1411_xray_363_node,stable_attached_residual
15,window_096,1426,1440,15,2,0,13,0.1333,0.0,0.8667,13,5,0,1.0,0.3846,0.0769,WHITE_NOISE_uniq_1426_xray_918_node,partial_residual_cluster
15,window_097,1441,1455,15,3,0,12,0.2,0.0,0.8,12,4,0,1.0,0.3333,0.0833,WHITE_NOISE_uniq_1443_xray_550_node,partial_residual_cluster
15,window_098,1456,1470,15,6,0,9,0.4,0.0,0.6,8,7,0,0.8889,0.7778,0.1111,WHITE_NOISE_uniq_1457_xray_71_node,stable_attached_residual
15,window_099,1471,1485,15,6,0,9,0.4,0.0,0.6,8,6,0,0.8889,0.6667,0.1111,WHITE_NOISE_uniq_1472_xray_626_node,stable_attached_residual
15,window_100,1486,1500,15,5,0,10,0.3333,0.0,0.6667,10,5,0,1.0,0.5,0.1,WHITE_NOISE_uniq_1486_xray_147_node,stable_attached_residual
15,window_101,1501,1515,15,6,0,9,0.4,0.0,0.6,7,8,0,0.7778,0.8889,0.1111,WHITE_NOISE_uniq_1502_xray_739_node,stable_attached_residual
15,window_102,1516,1530,15,4,0,11,0.2667,0.0,0.7333,10,5,0,0.9091,0.4545,0.0909,WHITE_NOISE_uniq_1517_xray_297_node,partial_residual_cluster
15,window_103,1531,1545,15,7,0,8,0.4667,0.0,0.5333,7,7,0,0.875,0.875,0.125,WHITE_NOISE_uniq_1531_xray_815_node,stable_attached_residual
15,window_104,1546,1560,15,6,0,9,0.4,0.0,0.6,8,5,0,0.8889,0.5556,0.1111,WHITE_NOISE_uniq_1546_xray_373_node,stable_attached_residual
15,window_105,1561,1575,15,5,0,10,0.3333,0.0,0.6667,10,8,0,1.0,0.8,0.1,WHITE_NOISE_uniq_1561_xray_928_node,stable_attached_residual
15,window_106,1576,1590,15,2,0,13,0.1333,0.0,0.8667,13,5,0,1.0,0.3846,0.0769,WHITE_NOISE_uniq_1576_xray_486_node,partial_residual_cluster
15,window_107,1591,1605,15,7,0,8,0.4667,0.0,0.5333,5,8,0,0.625,1.0,0.125,WHITE_NOISE_uniq_1591_xray_44_node,stable_attached_residual
15,window_108,1606,1620,15,5,0,10,0.3333,0.0,0.6667,9,6,0,0.9,0.6,0.1,WHITE_NOISE_uniq_1606_xray_599_node,stable_attached_residual
15,window_109,1621,1635,15,4,0,11,0.2667,0.0,0.7333,11,7,0,1.0,0.6364,0.0909,WHITE_NOISE_uniq_1621_xray_157_node,stable_attached_residual
15,window_110,1636,1650,15,5,0,10,0.3333,0.0,0.6667,8,6,0,0.8,0.6,0.1,WHITE_NOISE_uniq_1637_xray_749_node,stable_attached_residual
15,window_111,1651,1665,15,7,0,8,0.4667,0.0,0.5333,6,6,0,0.75,0.75,0.125,WHITE_NOISE_uniq_1654_xray_381_node,stable_attached_residual
15,window_112,1666,1680,15,6,0,9,0.4,0.0,0.6,6,6,0,0.6667,0.6667,0.1111,WHITE_NOISE_uniq_1667_xray_862_node,stable_attached_residual
15,window_113,1681,1695,15,5,0,10,0.3333,0.0,0.6667,9,10,0,0.9,1.0,0.1,WHITE_NOISE_uniq_1681_xray_383_node,stable_attached_residual
15,window_114,1696,1710,15,6,0,9,0.4,0.0,0.6,7,6,0,0.7778,0.6667,0.1111,WHITE_NOISE_uniq_1697_xray_975_node,stable_attached_residual
15,window_115,1711,1725,15,5,0,10,0.3333,0.0,0.6667,9,6,0,0.9,0.6,0.1,WHITE_NOISE_uniq_1712_xray_533_node,stable_attached_residual
15,window_116,1726,1740,15,7,0,8,0.4667,0.0,0.5333,5,7,0,0.625,0.875,0.125,WHITE_NOISE_uniq_1726_xray_54_node,stable_attached_residual
15,window_117,1741,1755,15,6,0,9,0.4,0.0,0.6,9,4,0,1.0,0.4444,0.1111,WHITE_NOISE_uniq_1741_xray_609_node,partial_residual_cluster
15,window_118,1756,1770,15,3,0,12,0.2,0.0,0.8,12,4,0,1.0,0.3333,0.0833,WHITE_NOISE_uniq_1756_xray_167_node,partial_residual_cluster
15,window_119,1771,1785,15,5,0,10,0.3333,0.0,0.6667,10,5,0,1.0,0.5,0.1,WHITE_NOISE_uniq_1771_xray_722_node,stable_attached_residual
15,window_120,1786,1800,15,2,0,13,0.1333,0.0,0.8667,13,4,0,1.0,0.3077,0.0769,WHITE_NOISE_uniq_1786_xray_280_node,partial_residual_cluster
15,window_121,1801,1815,15,11,0,4,0.7333,0.0,0.2667,2,4,0,0.5,1.0,0.25,WHITE_NOISE_uniq_1806_xray_23_node,stable_attached_residual
15,window_122,1816,1830,15,6,0,9,0.4,0.0,0.6,9,6,0,1.0,0.6667,0.1111,WHITE_NOISE_uniq_1816_xray_393_node,stable_attached_residual
15,window_123,1831,1845,15,5,0,10,0.3333,0.0,0.6667,10,4,0,1.0,0.4,0.1,WHITE_NOISE_uniq_1832_xray_985_node,partial_residual_cluster
15,window_124,1846,1860,15,4,0,11,0.2667,0.0,0.7333,10,4,0,0.9091,0.3636,0.0909,WHITE_NOISE_uniq_1846_xray_506_node,partial_residual_cluster
15,window_125,1861,1875,15,4,0,11,0.2667,0.0,0.7333,10,7,0,0.9091,0.6364,0.0909,WHITE_NOISE_uniq_1861_xray_64_node,stable_attached_residual
15,window_126,1876,1890,15,7,0,8,0.4667,0.0,0.5333,6,7,0,0.75,0.875,0.125,WHITE_NOISE_uniq_1876_xray_619_node,stable_attached_residual
15,window_127,1891,1905,15,5,0,10,0.3333,0.0,0.6667,9,7,0,0.9,0.7,0.1,WHITE_NOISE_uniq_1893_xray_251_node,stable_attached_residual
15,window_128,1906,1920,15,8,0,7,0.5333,0.0,0.4667,3,6,0,0.4286,0.8571,0.1429,WHITE_NOISE_uniq_1908_xray_806_node,stable_attached_residual
15,window_129,1921,1935,15,6,0,9,0.4,0.0,0.6,6,7,0,0.6667,0.7778,0.1111,WHITE_NOISE_uniq_1922_xray_327_node,stable_attached_residual
15,window_130,1936,1950,15,5,0,10,0.3333,0.0,0.6667,9,6,0,0.9,0.6,0.1,WHITE_NOISE_uniq_1936_xray_845_node,stable_attached_residual
15,window_131,1951,1965,15,3,0,12,0.2,0.0,0.8,12,3,0,1.0,0.25,0.0833,WHITE_NOISE_uniq_1951_xray_403_node,partial_residual_cluster
15,window_132,1966,1980,15,5,0,10,0.3333,0.0,0.6667,8,8,0,0.8,0.8,0.1,WHITE_NOISE_uniq_1966_xray_958_node,stable_attached_residual
15,window_133,1981,1995,15,4,0,11,0.2667,0.0,0.7333,10,6,0,0.9091,0.5455,0.0909,WHITE_NOISE_uniq_1982_xray_553_node,stable_attached_residual
15,window_134,1996,2000,5,3,0,2,0.6,0.0,0.4,1,2,0,0.5,1.0,0.5,WHITE_NOISE_uniq_1996_xray_74_node,stable_attached_residual
20,window_001,1,20,20,8,0,12,0.4,0.0,0.6,10,7,0,0.8333,0.5833,0.0833,WHITE_NOISE_uniq_0001_xray_37_node,stable_attached_residual
20,window_002,21,40,20,7,0,13,0.35,0.0,0.65,11,9,0,0.8462,0.6923,0.0769,WHITE_NOISE_uniq_0021_xray_777_node,stable_attached_residual
20,window_003,41,60,20,9,0,11,0.45,0.0,0.55,10,10,0,0.9091,0.9091,0.0909,WHITE_NOISE_uniq_0041_xray_520_node,stable_attached_residual
20,window_004,61,80,20,7,0,13,0.35,0.0,0.65,13,4,0,1.0,0.3077,0.0769,WHITE_NOISE_uniq_0061_xray_263_node,partial_residual_cluster
20,window_005,81,100,20,5,0,15,0.25,0.0,0.75,14,7,0,0.9333,0.4667,0.0667,WHITE_NOISE_uniq_0081_xray_6_node,partial_residual_cluster
20,window_006,101,120,20,11,0,9,0.55,0.0,0.45,6,8,0,0.6667,0.8889,0.1111,WHITE_NOISE_uniq_0101_xray_746_node,stable_attached_residual
20,window_007,121,140,20,3,0,17,0.15,0.0,0.85,16,5,0,0.9412,0.2941,0.0588,WHITE_NOISE_uniq_0121_xray_489_node,partial_residual_cluster
20,window_008,141,160,20,6,0,14,0.3,0.0,0.7,12,9,0,0.8571,0.6429,0.0714,WHITE_NOISE_uniq_0142_xray_269_node,stable_attached_residual
20,window_009,161,180,20,8,0,12,0.4,0.0,0.6,8,9,0,0.6667,0.75,0.0833,WHITE_NOISE_uniq_0161_xray_972_node,stable_attached_residual
20,window_010,181,200,20,9,0,11,0.45,0.0,0.55,9,9,0,0.8182,0.8182,0.0909,WHITE_NOISE_uniq_0182_xray_752_node,stable_attached_residual
20,window_011,201,220,20,5,0,15,0.25,0.0,0.75,13,8,0,0.8667,0.5333,0.0667,WHITE_NOISE_uniq_0201_xray_458_node,stable_attached_residual
20,window_012,221,240,20,4,0,16,0.2,0.0,0.8,15,6,0,0.9375,0.375,0.0625,WHITE_NOISE_uniq_0221_xray_201_node,partial_residual_cluster
20,window_013,241,260,20,7,0,13,0.35,0.0,0.65,12,8,0,0.9231,0.6154,0.0769,WHITE_NOISE_uniq_0243_xray_18_node,stable_attached_residual
20,window_014,261,280,20,7,0,13,0.35,0.0,0.65,12,7,0,0.9231,0.5385,0.0769,WHITE_NOISE_uniq_0261_xray_684_node,stable_attached_residual
20,window_015,281,300,20,6,0,14,0.3,0.0,0.7,13,4,0,0.9286,0.2857,0.0714,WHITE_NOISE_uniq_0281_xray_427_node,partial_residual_cluster
20,window_016,301,320,20,10,0,10,0.5,0.0,0.5,5,9,0,0.5,0.9,0.1,WHITE_NOISE_uniq_0302_xray_207_node,stable_attached_residual
20,window_017,321,340,20,8,0,12,0.4,0.0,0.6,9,9,0,0.75,0.75,0.0833,WHITE_NOISE_uniq_0321_xray_910_node,stable_attached_residual
20,window_018,341,360,20,11,0,9,0.55,0.0,0.45,6,7,0,0.6667,0.7778,0.1111,WHITE_NOISE_uniq_0342_xray_690_node,stable_attached_residual
20,window_019,361,380,20,11,0,9,0.55,0.0,0.45,7,7,0,0.7778,0.7778,0.1111,WHITE_NOISE_uniq_0363_xray_470_node,stable_attached_residual
20,window_020,381,400,20,8,0,12,0.4,0.0,0.6,10,9,0,0.8333,0.75,0.0833,WHITE_NOISE_uniq_0381_xray_139_node,stable_attached_residual
20,window_021,401,420,20,1,0,19,0.05,0.0,0.95,19,3,0,1.0,0.1579,0.0526,WHITE_NOISE_uniq_0401_xray_879_node,residual_island
20,window_022,421,440,20,5,0,15,0.25,0.0,0.75,14,6,0,0.9333,0.4,0.0667,WHITE_NOISE_uniq_0421_xray_622_node,partial_residual_cluster
20,window_023,441,460,20,10,0,10,0.5,0.0,0.5,6,8,0,0.6,0.8,0.1,WHITE_NOISE_uniq_0442_xray_402_node,stable_attached_residual
20,window_024,461,480,20,3,0,17,0.15,0.0,0.85,16,4,0,0.9412,0.2353,0.0588,WHITE_NOISE_uniq_0462_xray_145_node,residual_island
20,window_025,481,500,20,6,0,14,0.3,0.0,0.7,13,6,0,0.9286,0.4286,0.0714,WHITE_NOISE_uniq_0481_xray_848_node,partial_residual_cluster
20,window_026,501,520,20,9,0,11,0.45,0.0,0.55,10,7,0,0.9091,0.6364,0.0909,WHITE_NOISE_uniq_0501_xray_591_node,stable_attached_residual
20,window_027,521,540,20,4,0,16,0.2,0.0,0.8,15,6,0,0.9375,0.375,0.0625,WHITE_NOISE_uniq_0522_xray_371_node,partial_residual_cluster
20,window_028,541,560,20,8,0,12,0.4,0.0,0.6,9,6,0,0.75,0.5,0.0833,WHITE_NOISE_uniq_0541_xray_77_node,stable_attached_residual
20,window_029,561,580,20,8,0,12,0.4,0.0,0.6,11,11,0,0.9167,0.9167,0.0833,WHITE_NOISE_uniq_0561_xray_817_node,stable_attached_residual
20,window_030,581,600,20,7,0,13,0.35,0.0,0.65,9,8,0,0.6923,0.6154,0.0769,WHITE_NOISE_uniq_0581_xray_560_node,stable_attached_residual
20,window_031,601,620,20,3,0,17,0.15,0.0,0.85,17,5,0,1.0,0.2941,0.0588,WHITE_NOISE_uniq_0602_xray_340_node,partial_residual_cluster
20,window_032,621,640,20,8,0,12,0.4,0.0,0.6,10,8,0,0.8333,0.6667,0.0833,WHITE_NOISE_uniq_0621_xray_46_node,stable_attached_residual
20,window_033,641,660,20,4,0,16,0.2,0.0,0.8,16,6,0,1.0,0.375,0.0625,WHITE_NOISE_uniq_0641_xray_786_node,partial_residual_cluster
20,window_034,661,680,20,10,0,10,0.5,0.0,0.5,8,8,0,0.8,0.8,0.1,WHITE_NOISE_uniq_0661_xray_529_node,stable_attached_residual
20,window_035,681,700,20,4,0,16,0.2,0.0,0.8,16,7,0,1.0,0.4375,0.0625,WHITE_NOISE_uniq_0681_xray_272_node,partial_residual_cluster
20,window_036,701,720,20,3,0,17,0.15,0.0,0.85,16,5,0,0.9412,0.2941,0.0588,WHITE_NOISE_uniq_0701_xray_15_node,partial_residual_cluster
20,window_037,721,740,20,6,0,14,0.3,0.0,0.7,12,11,0,0.8571,0.7857,0.0714,WHITE_NOISE_uniq_0721_xray_755_node,stable_attached_residual
20,window_038,741,760,20,9,0,11,0.45,0.0,0.55,8,8,0,0.7273,0.7273,0.0909,WHITE_NOISE_uniq_0741_xray_498_node,stable_attached_residual
20,window_039,761,780,20,4,0,16,0.2,0.0,0.8,15,9,0,0.9375,0.5625,0.0625,WHITE_NOISE_uniq_0761_xray_241_node,stable_attached_residual
20,window_040,781,800,20,6,0,14,0.3,0.0,0.7,14,9,0,1.0,0.6429,0.0714,WHITE_NOISE_uniq_0782_xray_21_node,stable_attached_residual
20,window_041,801,820,20,6,0,14,0.3,0.0,0.7,13,9,0,0.9286,0.6429,0.0714,WHITE_NOISE_uniq_0801_xray_724_node,stable_attached_residual
20,window_042,821,840,20,5,0,15,0.25,0.0,0.75,15,8,0,1.0,0.5333,0.0667,WHITE_NOISE_uniq_0821_xray_467_node,stable_attached_residual
20,window_043,841,860,20,5,0,15,0.25,0.0,0.75,15,11,0,1.0,0.7333,0.0667,WHITE_NOISE_uniq_0841_xray_210_node,stable_attached_residual
20,window_044,861,880,20,7,0,13,0.35,0.0,0.65,11,7,0,0.8462,0.5385,0.0769,WHITE_NOISE_uniq_0862_xray_987_node,stable_attached_residual
20,window_045,881,900,20,8,0,12,0.4,0.0,0.6,8,11,0,0.6667,0.9167,0.0833,WHITE_NOISE_uniq_0881_xray_693_node,stable_attached_residual
20,window_046,901,920,20,10,0,10,0.5,0.0,0.5,9,10,0,0.9,1.0,0.1,WHITE_NOISE_uniq_0902_xray_473_node,stable_attached_residual
20,window_047,921,940,20,7,0,13,0.35,0.0,0.65,12,7,0,0.9231,0.5385,0.0769,WHITE_NOISE_uniq_0921_xray_179_node,stable_attached_residual
20,window_048,941,960,20,7,0,13,0.35,0.0,0.65,11,8,0,0.8462,0.6154,0.0769,WHITE_NOISE_uniq_0941_xray_919_node,stable_attached_residual
20,window_049,961,980,20,6,0,14,0.3,0.0,0.7,12,10,0,0.8571,0.7143,0.0714,WHITE_NOISE_uniq_0961_xray_662_node,stable_attached_residual
20,window_050,981,1000,20,9,0,11,0.45,0.0,0.55,10,5,0,0.9091,0.4545,0.0909,WHITE_NOISE_uniq_0981_xray_405_node,partial_residual_cluster
20,window_051,1001,1020,20,8,0,12,0.4,0.0,0.6,8,9,0,0.6667,0.75,0.0833,WHITE_NOISE_uniq_1001_xray_148_node,stable_attached_residual
20,window_052,1021,1040,20,10,0,10,0.5,0.0,0.5,4,10,0,0.4,1.0,0.1,WHITE_NOISE_uniq_1021_xray_888_node,stable_attached_residual
20,window_053,1041,1060,20,8,0,12,0.4,0.0,0.6,11,9,0,0.9167,0.75,0.0833,WHITE_NOISE_uniq_1042_xray_668_node,stable_attached_residual
20,window_054,1061,1080,20,9,0,11,0.45,0.0,0.55,8,9,0,0.7273,0.8182,0.0909,WHITE_NOISE_uniq_1061_xray_374_node,stable_attached_residual
20,window_055,1081,1100,20,9,0,11,0.45,0.0,0.55,10,7,0,0.9091,0.6364,0.0909,WHITE_NOISE_uniq_1086_xray_302_node,stable_attached_residual
20,window_056,1101,1120,20,4,0,16,0.2,0.0,0.8,16,5,0,1.0,0.3125,0.0625,WHITE_NOISE_uniq_1102_xray_894_node,partial_residual_cluster
20,window_057,1121,1140,20,2,0,18,0.1,0.0,0.9,18,3,0,1.0,0.1667,0.0556,WHITE_NOISE_uniq_1121_xray_600_node,residual_island
20,window_058,1141,1160,20,3,0,17,0.15,0.0,0.85,17,3,0,1.0,0.1765,0.0588,WHITE_NOISE_uniq_1143_xray_417_node,residual_island
20,window_059,1161,1180,20,7,0,13,0.35,0.0,0.65,11,9,0,0.8462,0.6923,0.0769,WHITE_NOISE_uniq_1161_xray_86_node,stable_attached_residual
20,window_060,1181,1200,20,7,0,13,0.35,0.0,0.65,11,7,0,0.8462,0.5385,0.0769,WHITE_NOISE_uniq_1182_xray_863_node,stable_attached_residual
20,window_061,1201,1220,20,6,0,14,0.3,0.0,0.7,14,7,0,1.0,0.5,0.0714,WHITE_NOISE_uniq_1201_xray_569_node,stable_attached_residual
20,window_062,1221,1240,20,11,0,9,0.55,0.0,0.45,5,9,0,0.5556,1.0,0.1111,WHITE_NOISE_uniq_1222_xray_349_node,stable_attached_residual
20,window_063,1241,1260,20,5,0,15,0.25,0.0,0.75,14,7,0,0.9333,0.4667,0.0667,WHITE_NOISE_uniq_1241_xray_55_node,partial_residual_cluster
20,window_064,1261,1280,20,11,0,9,0.55,0.0,0.45,7,7,0,0.7778,0.7778,0.1111,WHITE_NOISE_uniq_1261_xray_795_node,stable_attached_residual
20,window_065,1281,1300,20,8,0,12,0.4,0.0,0.6,11,8,0,0.9167,0.6667,0.0833,WHITE_NOISE_uniq_1282_xray_575_node,stable_attached_residual
20,window_066,1301,1320,20,11,0,9,0.55,0.0,0.45,5,7,0,0.5556,0.7778,0.1111,WHITE_NOISE_uniq_1301_xray_281_node,stable_attached_residual
20,window_067,1321,1340,20,7,0,13,0.35,0.0,0.65,10,7,0,0.7692,0.5385,0.0769,WHITE_NOISE_uniq_1321_xray_24_node,stable_attached_residual
20,window_068,1341,1360,20,11,0,9,0.55,0.0,0.45,5,9,0,0.5556,1.0,0.1111,WHITE_NOISE_uniq_1343_xray_838_node,stable_attached_residual
20,window_069,1361,1380,20,6,0,14,0.3,0.0,0.7,13,7,0,0.9286,0.5,0.0714,WHITE_NOISE_uniq_1361_xray_507_node,stable_attached_residual
20,window_070,1381,1400,20,8,0,12,0.4,0.0,0.6,10,9,0,0.8333,0.75,0.0833,WHITE_NOISE_uniq_1381_xray_250_node,stable_attached_residual
20,window_071,1401,1420,20,7,0,13,0.35,0.0,0.65,11,8,0,0.8462,0.6154,0.0769,WHITE_NOISE_uniq_1402_xray_30_node,stable_attached_residual
20,window_072,1421,1440,20,4,0,16,0.2,0.0,0.8,16,6,0,1.0,0.375,0.0625,WHITE_NOISE_uniq_1423_xray_807_node,partial_residual_cluster
20,window_073,1441,1460,20,4,0,16,0.2,0.0,0.8,16,6,0,1.0,0.375,0.0625,WHITE_NOISE_uniq_1443_xray_550_node,partial_residual_cluster
20,window_074,1461,1480,20,9,0,11,0.45,0.0,0.55,9,10,0,0.8182,0.9091,0.0909,WHITE_NOISE_uniq_1463_xray_293_node,stable_attached_residual
20,window_075,1481,1500,20,7,0,13,0.35,0.0,0.65,13,6,0,1.0,0.4615,0.0769,WHITE_NOISE_uniq_1483_xray_36_node,partial_residual_cluster
20,window_076,1501,1520,20,8,0,12,0.4,0.0,0.6,9,10,0,0.75,0.8333,0.0833,WHITE_NOISE_uniq_1502_xray_739_node,stable_attached_residual
20,window_077,1521,1540,20,5,0,15,0.25,0.0,0.75,15,9,0,1.0,0.6,0.0667,WHITE_NOISE_uniq_1521_xray_445_node,stable_attached_residual
20,window_078,1541,1560,20,10,0,10,0.5,0.0,0.5,8,6,0,0.8,0.6,0.1,WHITE_NOISE_uniq_1542_xray_225_node,stable_attached_residual
20,window_079,1561,1580,20,5,0,15,0.25,0.0,0.75,15,10,0,1.0,0.6667,0.0667,WHITE_NOISE_uniq_1561_xray_928_node,stable_attached_residual
20,window_080,1581,1600,20,7,0,13,0.35,0.0,0.65,11,8,0,0.8462,0.6154,0.0769,WHITE_NOISE_uniq_1582_xray_708_node,stable_attached_residual
20,window_081,1601,1620,20,7,0,13,0.35,0.0,0.65,11,9,0,0.8462,0.6923,0.0769,WHITE_NOISE_uniq_1601_xray_414_node,stable_attached_residual
20,window_082,1621,1640,20,5,0,15,0.25,0.0,0.75,15,8,0,1.0,0.5333,0.0667,WHITE_NOISE_uniq_1621_xray_157_node,stable_attached_residual
20,window_083,1641,1660,20,10,0,10,0.5,0.0,0.5,6,9,0,0.6,0.9,0.1,WHITE_NOISE_uniq_1641_xray_897_node,stable_attached_residual
20,window_084,1661,1680,20,7,0,13,0.35,0.0,0.65,10,8,0,0.7692,0.6154,0.0769,WHITE_NOISE_uniq_1661_xray_640_node,stable_attached_residual
20,window_085,1681,1700,20,7,0,13,0.35,0.0,0.65,11,12,0,0.8462,0.9231,0.0769,WHITE_NOISE_uniq_1681_xray_383_node,stable_attached_residual
20,window_086,1701,1720,20,7,0,13,0.35,0.0,0.65,12,7,0,0.9231,0.5385,0.0769,WHITE_NOISE_uniq_1701_xray_126_node,stable_attached_residual
20,window_087,1721,1740,20,9,0,11,0.45,0.0,0.55,7,10,0,0.6364,0.9091,0.0909,WHITE_NOISE_uniq_1721_xray_866_node,stable_attached_residual
20,window_088,1741,1760,20,6,0,14,0.3,0.0,0.7,14,5,0,1.0,0.3571,0.0714,WHITE_NOISE_uniq_1741_xray_609_node,partial_residual_cluster
20,window_089,1761,1780,20,6,0,14,0.3,0.0,0.7,14,6,0,1.0,0.4286,0.0714,WHITE_NOISE_uniq_1763_xray_426_node,partial_residual_cluster
20,window_090,1781,1800,20,4,0,16,0.2,0.0,0.8,16,6,0,1.0,0.375,0.0625,WHITE_NOISE_uniq_1781_xray_95_node,partial_residual_cluster
20,window_091,1801,1820,20,13,0,7,0.65,0.0,0.35,5,7,0,0.7143,1.0,0.1429,WHITE_NOISE_uniq_1806_xray_23_node,stable_attached_residual
20,window_092,1821,1840,20,8,0,12,0.4,0.0,0.6,12,6,0,1.0,0.5,0.0833,WHITE_NOISE_uniq_1821_xray_578_node,stable_attached_residual
20,window_093,1841,1860,20,5,0,15,0.25,0.0,0.75,14,5,0,0.9333,0.3333,0.0667,WHITE_NOISE_uniq_1841_xray_321_node,partial_residual_cluster
20,window_094,1861,1880,20,5,0,15,0.25,0.0,0.75,14,10,0,0.9333,0.6667,0.0667,WHITE_NOISE_uniq_1861_xray_64_node,stable_attached_residual
20,window_095,1881,1900,20,10,0,10,0.5,0.0,0.5,7,9,0,0.7,0.9,0.1,WHITE_NOISE_uniq_1882_xray_841_node,stable_attached_residual
20,window_096,1901,1920,20,9,0,11,0.45,0.0,0.55,7,8,0,0.6364,0.7273,0.0909,WHITE_NOISE_uniq_1902_xray_584_node,stable_attached_residual
20,window_097,1921,1940,20,8,0,12,0.4,0.0,0.6,8,9,0,0.6667,0.75,0.0833,WHITE_NOISE_uniq_1922_xray_327_node,stable_attached_residual
20,window_098,1941,1960,20,5,0,15,0.25,0.0,0.75,15,6,0,1.0,0.4,0.0667,WHITE_NOISE_uniq_1941_xray_33_node,partial_residual_cluster
20,window_099,1961,1980,20,6,0,14,0.3,0.0,0.7,12,9,0,0.8571,0.6429,0.0714,WHITE_NOISE_uniq_1961_xray_773_node,stable_attached_residual
20,window_100,1981,2000,20,7,0,13,0.35,0.0,0.65,11,8,0,0.8462,0.6154,0.0769,WHITE_NOISE_uniq_1982_xray_553_node,stable_attached_residual
25,window_001,1,25,25,9,0,16,0.36,0.0,0.64,14,9,0,0.875,0.5625,0.0625,WHITE_NOISE_uniq_0001_xray_37_node,stable_attached_residual
25,window_002,26,50,25,10,0,15,0.4,0.0,0.6,13,13,0,0.8667,0.8667,0.0667,WHITE_NOISE_uniq_0026_xray_962_node,stable_attached_residual
25,window_003,51,75,25,9,0,16,0.36,0.0,0.64,15,7,0,0.9375,0.4375,0.0625,WHITE_NOISE_uniq_0052_xray_927_node,partial_residual_cluster
25,window_004,76,100,25,8,0,17,0.32,0.0,0.68,16,8,0,0.9412,0.4706,0.0588,WHITE_NOISE_uniq_0079_xray_929_node,partial_residual_cluster
25,window_005,101,125,25,11,0,14,0.44,0.0,0.56,11,10,0,0.7857,0.7143,0.0714,WHITE_NOISE_uniq_0101_xray_746_node,stable_attached_residual
25,window_006,126,150,25,6,0,19,0.24,0.0,0.76,17,8,0,0.8947,0.4211,0.0526,WHITE_NOISE_uniq_0127_xray_711_node,partial_residual_cluster
25,window_007,151,175,25,9,0,16,0.36,0.0,0.64,14,10,0,0.875,0.625,0.0625,WHITE_NOISE_uniq_0152_xray_639_node,stable_attached_residual
25,window_008,176,200,25,11,0,14,0.44,0.0,0.56,9,12,0,0.6429,0.8571,0.0714,WHITE_NOISE_uniq_0176_xray_530_node,stable_attached_residual
25,window_009,201,225,25,5,0,20,0.2,0.0,0.8,18,8,0,0.9,0.4,0.05,WHITE_NOISE_uniq_0201_xray_458_node,partial_residual_cluster
25,window_010,226,250,25,8,0,17,0.32,0.0,0.68,15,9,0,0.8824,0.5294,0.0588,WHITE_NOISE_uniq_0226_xray_386_node,stable_attached_residual
25,window_011,251,275,25,9,0,16,0.36,0.0,0.64,15,10,0,0.9375,0.625,0.0625,WHITE_NOISE_uniq_0251_xray_314_node,stable_attached_residual
25,window_012,276,300,25,7,0,18,0.28,0.0,0.72,17,6,0,0.9444,0.3333,0.0556,WHITE_NOISE_uniq_0276_xray_242_node,partial_residual_cluster
25,window_013,301,325,25,13,0,12,0.52,0.0,0.48,7,11,0,0.5833,0.9167,0.0833,WHITE_NOISE_uniq_0302_xray_207_node,stable_attached_residual
25,window_014,326,350,25,11,0,14,0.44,0.0,0.56,10,10,0,0.7143,0.7143,0.0714,WHITE_NOISE_uniq_0326_xray_98_node,stable_attached_residual
25,window_015,351,375,25,14,0,11,0.56,0.0,0.44,9,8,0,0.8182,0.7273,0.0909,WHITE_NOISE_uniq_0352_xray_63_node,stable_attached_residual
25,window_016,376,400,25,10,0,15,0.4,0.0,0.6,11,12,0,0.7333,0.8,0.0667,WHITE_NOISE_uniq_0376_xray_951_node,stable_attached_residual
25,window_017,401,425,25,1,0,24,0.04,0.0,0.96,24,3,0,1.0,0.125,0.0417,WHITE_NOISE_uniq_0401_xray_879_node,residual_island
25,window_018,426,450,25,10,0,15,0.4,0.0,0.6,13,9,0,0.8667,0.6,0.0667,WHITE_NOISE_uniq_0426_xray_807_node,stable_attached_residual
25,window_019,451,475,25,7,0,18,0.28,0.0,0.72,14,7,0,0.7778,0.3889,0.0556,WHITE_NOISE_uniq_0451_xray_735_node,partial_residual_cluster
25,window_020,476,500,25,7,0,18,0.28,0.0,0.72,17,8,0,0.9444,0.4444,0.0556,WHITE_NOISE_uniq_0476_xray_663_node,partial_residual_cluster
25,window_021,501,525,25,11,0,14,0.44,0.0,0.56,13,9,0,0.9286,0.6429,0.0714,WHITE_NOISE_uniq_0501_xray_591_node,stable_attached_residual
25,window_022,526,550,25,3,0,22,0.12,0.0,0.88,21,7,0,0.9545,0.3182,0.0455,WHITE_NOISE_uniq_0526_xray_519_node,partial_residual_cluster
25,window_023,551,575,25,13,0,12,0.52,0.0,0.48,8,11,0,0.6667,0.9167,0.0833,WHITE_NOISE_uniq_0555_xray_595_node,stable_attached_residual
25,window_024,576,600,25,9,0,16,0.36,0.0,0.64,12,11,0,0.75,0.6875,0.0625,WHITE_NOISE_uniq_0576_xray_375_node,stable_attached_residual
25,window_025,601,625,25,6,0,19,0.24,0.0,0.76,18,7,0,0.9474,0.3684,0.0526,WHITE_NOISE_uniq_0602_xray_340_node,partial_residual_cluster
25,window_026,626,650,25,7,0,18,0.28,0.0,0.72,17,8,0,0.9444,0.4444,0.0556,WHITE_NOISE_uniq_0626_xray_231_node,partial_residual_cluster
25,window_027,651,675,25,10,0,15,0.4,0.0,0.6,14,9,0,0.9333,0.6,0.0667,WHITE_NOISE_uniq_0651_xray_159_node,stable_attached_residual
25,window_028,676,700,25,6,0,19,0.24,0.0,0.76,18,10,0,0.9474,0.5263,0.0526,WHITE_NOISE_uniq_0676_xray_87_node,stable_attached_residual
25,window_029,701,725,25,3,0,22,0.12,0.0,0.88,21,7,0,0.9545,0.3182,0.0455,WHITE_NOISE_uniq_0701_xray_15_node,partial_residual_cluster
25,window_030,726,750,25,10,0,15,0.4,0.0,0.6,12,12,0,0.8,0.8,0.0667,WHITE_NOISE_uniq_0727_xray_977_node,stable_attached_residual
25,window_031,751,775,25,8,0,17,0.32,0.0,0.68,14,11,0,0.8235,0.6471,0.0588,WHITE_NOISE_uniq_0751_xray_868_node,stable_attached_residual
25,window_032,776,800,25,7,0,18,0.28,0.0,0.72,18,12,0,1.0,0.6667,0.0556,WHITE_NOISE_uniq_0776_xray_796_node,stable_attached_residual
25,window_033,801,825,25,8,0,17,0.32,0.0,0.68,16,12,0,0.9412,0.7059,0.0588,WHITE_NOISE_uniq_0801_xray_724_node,stable_attached_residual
25,window_034,826,850,25,6,0,19,0.24,0.0,0.76,19,10,0,1.0,0.5263,0.0526,WHITE_NOISE_uniq_0827_xray_689_node,stable_attached_residual
25,window_035,851,875,25,7,0,18,0.28,0.0,0.72,16,10,0,0.8889,0.5556,0.0556,WHITE_NOISE_uniq_0851_xray_580_node,stable_attached_residual
25,window_036,876,900,25,10,0,15,0.4,0.0,0.6,11,14,0,0.7333,0.9333,0.0667,WHITE_NOISE_uniq_0877_xray_545_node,stable_attached_residual
25,window_037,901,925,25,12,0,13,0.48,0.0,0.52,12,12,0,0.9231,0.9231,0.0769,WHITE_NOISE_uniq_0902_xray_473_node,stable_attached_residual
25,window_038,926,950,25,9,0,16,0.36,0.0,0.64,14,9,0,0.875,0.5625,0.0625,WHITE_NOISE_uniq_0926_xray_364_node,stable_attached_residual
25,window_039,951,975,25,7,0,18,0.28,0.0,0.72,16,11,0,0.8889,0.6111,0.0556,WHITE_NOISE_uniq_0951_xray_292_node,stable_attached_residual
25,window_040,976,1000,25,11,0,14,0.44,0.0,0.56,12,8,0,0.8571,0.5714,0.0714,WHITE_NOISE_uniq_0976_xray_220_node,stable_attached_residual
25,window_041,1001,1025,25,10,0,15,0.4,0.0,0.6,10,12,0,0.6667,0.8,0.0667,WHITE_NOISE_uniq_1001_xray_148_node,stable_attached_residual
25,window_042,1026,1050,25,12,0,13,0.48,0.0,0.52,7,13,0,0.5385,1.0,0.0769,WHITE_NOISE_uniq_1026_xray_76_node,stable_attached_residual
25,window_043,1051,1075,25,11,0,14,0.44,0.0,0.56,12,10,0,0.8571,0.7143,0.0714,WHITE_NOISE_uniq_1051_xray_4_node,stable_attached_residual
25,window_044,1076,1100,25,11,0,14,0.44,0.0,0.56,12,9,0,0.8571,0.6429,0.0714,WHITE_NOISE_uniq_1076_xray_929_node,stable_attached_residual
25,window_045,1101,1125,25,5,0,20,0.2,0.0,0.8,20,6,0,1.0,0.3,0.05,WHITE_NOISE_uniq_1102_xray_894_node,partial_residual_cluster
25,window_046,1126,1150,25,3,0,22,0.12,0.0,0.88,22,3,0,1.0,0.1364,0.0455,WHITE_NOISE_uniq_1127_xray_822_node,residual_island
25,window_047,1151,1175,25,6,0,19,0.24,0.0,0.76,18,8,0,0.9474,0.4211,0.0526,WHITE_NOISE_uniq_1151_xray_713_node,partial_residual_cluster
25,window_048,1176,1200,25,9,0,16,0.36,0.0,0.64,13,10,0,0.8125,0.625,0.0625,WHITE_NOISE_uniq_1176_xray_641_node,stable_attached_residual
25,window_049,1201,1225,25,9,0,16,0.36,0.0,0.64,14,9,0,0.875,0.5625,0.0625,WHITE_NOISE_uniq_1201_xray_569_node,stable_attached_residual
25,window_050,1226,1250,25,10,0,15,0.4,0.0,0.6,13,11,0,0.8667,0.7333,0.0667,WHITE_NOISE_uniq_1226_xray_497_node,stable_attached_residual
25,window_051,1251,1275,25,12,0,13,0.48,0.0,0.52,10,8,0,0.7692,0.6154,0.0769,WHITE_NOISE_uniq_1251_xray_425_node,stable_attached_residual
25,window_052,1276,1300,25,10,0,15,0.4,0.0,0.6,14,10,0,0.9333,0.6667,0.0667,WHITE_NOISE_uniq_1278_xray_427_node,stable_attached_residual
25,window_053,1301,1325,25,13,0,12,0.52,0.0,0.48,6,10,0,0.5,0.8333,0.0833,WHITE_NOISE_uniq_1301_xray_281_node,stable_attached_residual
25,window_054,1326,1350,25,12,0,13,0.48,0.0,0.52,11,7,0,0.8462,0.5385,0.0769,WHITE_NOISE_uniq_1326_xray_209_node,stable_attached_residual
25,window_055,1351,1375,25,9,0,16,0.36,0.0,0.64,12,11,0,0.75,0.6875,0.0625,WHITE_NOISE_uniq_1351_xray_137_node,stable_attached_residual
25,window_056,1376,1400,25,9,0,16,0.36,0.0,0.64,14,11,0,0.875,0.6875,0.0625,WHITE_NOISE_uniq_1376_xray_65_node,stable_attached_residual
25,window_057,1401,1425,25,9,0,16,0.36,0.0,0.64,14,9,0,0.875,0.5625,0.0625,WHITE_NOISE_uniq_1402_xray_30_node,stable_attached_residual
25,window_058,1426,1450,25,5,0,20,0.2,0.0,0.8,20,7,0,1.0,0.35,0.05,WHITE_NOISE_uniq_1426_xray_918_node,partial_residual_cluster
25,window_059,1451,1475,25,8,0,17,0.32,0.0,0.68,16,11,0,0.9412,0.6471,0.0588,WHITE_NOISE_uniq_1451_xray_846_node,stable_attached_residual
25,window_060,1476,1500,25,9,0,16,0.36,0.0,0.64,15,9,0,0.9375,0.5625,0.0625,WHITE_NOISE_uniq_1477_xray_811_node,stable_attached_residual
25,window_061,1501,1525,25,9,0,16,0.36,0.0,0.64,13,12,0,0.8125,0.75,0.0625,WHITE_NOISE_uniq_1502_xray_739_node,stable_attached_residual
25,window_062,1526,1550,25,8,0,17,0.32,0.0,0.68,16,9,0,0.9412,0.5294,0.0588,WHITE_NOISE_uniq_1526_xray_630_node,stable_attached_residual
25,window_063,1551,1575,25,11,0,14,0.44,0.0,0.56,13,12,0,0.9286,0.8571,0.0714,WHITE_NOISE_uniq_1551_xray_558_node,stable_attached_residual
25,window_064,1576,1600,25,7,0,18,0.28,0.0,0.72,16,10,0,0.8889,0.5556,0.0556,WHITE_NOISE_uniq_1576_xray_486_node,stable_attached_residual
25,window_065,1601,1625,25,8,0,17,0.32,0.0,0.68,15,11,0,0.8824,0.6471,0.0588,WHITE_NOISE_uniq_1601_xray_414_node,stable_attached_residual
25,window_066,1626,1650,25,8,0,17,0.32,0.0,0.68,15,11,0,0.8824,0.6471,0.0588,WHITE_NOISE_uniq_1626_xray_342_node,stable_attached_residual
25,window_067,1651,1675,25,12,0,13,0.48,0.0,0.52,8,10,0,0.6154,0.7692,0.0769,WHITE_NOISE_uniq_1654_xray_381_node,stable_attached_residual
25,window_068,1676,1700,25,8,0,17,0.32,0.0,0.68,15,14,0,0.8824,0.8235,0.0588,WHITE_NOISE_uniq_1676_xray_198_node,stable_attached_residual
25,window_069,1701,1725,25,9,0,16,0.36,0.0,0.64,14,10,0,0.875,0.625,0.0625,WHITE_NOISE_uniq_1701_xray_126_node,stable_attached_residual
25,window_070,1726,1750,25,9,0,16,0.36,0.0,0.64,13,10,0,0.8125,0.625,0.0625,WHITE_NOISE_uniq_1726_xray_54_node,stable_attached_residual
25,window_071,1751,1775,25,9,0,16,0.36,0.0,0.64,16,7,0,1.0,0.4375,0.0625,WHITE_NOISE_uniq_1755_xray_130_node,partial_residual_cluster
25,window_072,1776,1800,25,5,0,20,0.2,0.0,0.8,20,7,0,1.0,0.35,0.05,WHITE_NOISE_uniq_1776_xray_907_node,partial_residual_cluster
25,window_073,1801,1825,25,14,0,11,0.56,0.0,0.44,9,9,0,0.8182,0.8182,0.0909,WHITE_NOISE_uniq_1806_xray_23_node,stable_attached_residual
25,window_074,1826,1850,25,9,0,16,0.36,0.0,0.64,16,7,0,1.0,0.4375,0.0625,WHITE_NOISE_uniq_1826_xray_763_node,partial_residual_cluster
25,window_075,1851,1875,25,7,0,18,0.28,0.0,0.72,16,9,0,0.8889,0.5,0.0556,WHITE_NOISE_uniq_1853_xray_765_node,stable_attached_residual
25,window_076,1876,1900,25,11,0,14,0.44,0.0,0.56,11,12,0,0.7857,0.8571,0.0714,WHITE_NOISE_uniq_1876_xray_619_node,stable_attached_residual
25,window_077,1901,1925,25,11,0,14,0.44,0.0,0.56,9,11,0,0.6429,0.7857,0.0714,WHITE_NOISE_uniq_1902_xray_584_node,stable_attached_residual
25,window_078,1926,1950,25,9,0,16,0.36,0.0,0.64,13,10,0,0.8125,0.625,0.0625,WHITE_NOISE_uniq_1927_xray_512_node,stable_attached_residual
25,window_079,1951,1975,25,7,0,18,0.28,0.0,0.72,17,8,0,0.9444,0.4444,0.0556,WHITE_NOISE_uniq_1951_xray_403_node,partial_residual_cluster
25,window_080,1976,2000,25,8,0,17,0.32,0.0,0.68,14,11,0,0.8235,0.6471,0.0588,WHITE_NOISE_uniq_1976_xray_331_node,stable_attached_residual
30,window_001,1,30,30,11,0,19,0.3667,0.0,0.6333,17,10,0,0.8947,0.5263,0.0526,WHITE_NOISE_uniq_0001_xray_37_node,stable_attached_residual
30,window_002,31,60,30,13,0,17,0.4333,0.0,0.5667,14,16,0,0.8235,0.9412,0.0588,WHITE_NOISE_uniq_0031_xray_150_node,stable_attached_residual
30,window_003,61,90,30,8,0,22,0.2667,0.0,0.7333,22,7,0,1.0,0.3182,0.0455,WHITE_NOISE_uniq_0061_xray_263_node,partial_residual_cluster
30,window_004,91,120,30,15,0,15,0.5,0.0,0.5,11,12,0,0.7333,0.8,0.0667,WHITE_NOISE_uniq_0093_xray_450_node,stable_attached_residual
30,window_005,121,150,30,6,0,24,0.2,0.0,0.8,22,10,0,0.9167,0.4167,0.0417,WHITE_NOISE_uniq_0121_xray_489_node,partial_residual_cluster
30,window_006,151,180,30,11,0,19,0.3667,0.0,0.6333,14,13,0,0.7368,0.6842,0.0526,WHITE_NOISE_uniq_0152_xray_639_node,stable_attached_residual
30,window_007,181,210,30,11,0,19,0.3667,0.0,0.6333,16,13,0,0.8421,0.6842,0.0526,WHITE_NOISE_uniq_0182_xray_752_node,stable_attached_residual
30,window_008,211,240,30,7,0,23,0.2333,0.0,0.7667,21,10,0,0.913,0.4348,0.0435,WHITE_NOISE_uniq_0212_xray_865_node,partial_residual_cluster
30,window_009,241,270,30,12,0,18,0.4,0.0,0.6,16,10,0,0.8889,0.5556,0.0556,WHITE_NOISE_uniq_0243_xray_18_node,stable_attached_residual
30,window_010,271,300,30,8,0,22,0.2667,0.0,0.7333,21,9,0,0.9545,0.4091,0.0455,WHITE_NOISE_uniq_0271_xray_57_node,partial_residual_cluster
30,window_011,301,330,30,16,0,14,0.5333,0.0,0.4667,7,13,0,0.5,0.9286,0.0714,WHITE_NOISE_uniq_0302_xray_207_node,stable_attached_residual
30,window_012,331,360,30,13,0,17,0.4333,0.0,0.5667,13,12,0,0.7647,0.7059,0.0588,WHITE_NOISE_uniq_0331_xray_283_node,stable_attached_residual
30,window_013,361,390,30,15,0,15,0.5,0.0,0.5,11,12,0,0.7333,0.8,0.0667,WHITE_NOISE_uniq_0363_xray_470_node,stable_attached_residual
30,window_014,391,420,30,5,0,25,0.1667,0.0,0.8333,25,7,0,1.0,0.28,0.04,WHITE_NOISE_uniq_0391_xray_509_node,partial_residual_cluster
30,window_015,421,450,30,10,0,20,0.3333,0.0,0.6667,18,9,0,0.9,0.45,0.05,WHITE_NOISE_uniq_0421_xray_622_node,partial_residual_cluster
30,window_016,451,480,30,8,0,22,0.2667,0.0,0.7333,18,9,0,0.8182,0.4091,0.0455,WHITE_NOISE_uniq_0451_xray_735_node,partial_residual_cluster
30,window_017,481,510,30,9,0,21,0.3,0.0,0.7,19,10,0,0.9048,0.4762,0.0476,WHITE_NOISE_uniq_0481_xray_848_node,partial_residual_cluster
30,window_018,511,540,30,10,0,20,0.3333,0.0,0.6667,19,9,0,0.95,0.45,0.05,WHITE_NOISE_uniq_0511_xray_961_node,partial_residual_cluster
30,window_019,541,570,30,11,0,19,0.3667,0.0,0.6333,16,12,0,0.8421,0.6316,0.0526,WHITE_NOISE_uniq_0541_xray_77_node,stable_attached_residual
30,window_020,571,600,30,12,0,18,0.4,0.0,0.6,13,13,0,0.7222,0.7222,0.0556,WHITE_NOISE_uniq_0572_xray_227_node,stable_attached_residual
30,window_021,601,630,30,6,0,24,0.2,0.0,0.8,23,8,0,0.9583,0.3333,0.0417,WHITE_NOISE_uniq_0602_xray_340_node,partial_residual_cluster
30,window_022,631,660,30,9,0,21,0.3,0.0,0.7,20,11,0,0.9524,0.5238,0.0476,WHITE_NOISE_uniq_0631_xray_416_node,stable_attached_residual
30,window_023,661,690,30,12,0,18,0.4,0.0,0.6,16,12,0,0.8889,0.6667,0.0556,WHITE_NOISE_uniq_0661_xray_529_node,stable_attached_residual
30,window_024,691,720,30,5,0,25,0.1667,0.0,0.8333,24,8,0,0.96,0.32,0.04,WHITE_NOISE_uniq_0691_xray_642_node,partial_residual_cluster
30,window_025,721,750,30,10,0,20,0.3333,0.0,0.6667,17,14,0,0.85,0.7,0.05,WHITE_NOISE_uniq_0721_xray_755_node,stable_attached_residual
30,window_026,751,780,30,9,0,21,0.3,0.0,0.7,18,14,0,0.8571,0.6667,0.0476,WHITE_NOISE_uniq_0751_xray_868_node,stable_attached_residual
30,window_027,781,810,30,9,0,21,0.3,0.0,0.7,21,12,0,1.0,0.5714,0.0476,WHITE_NOISE_uniq_0782_xray_21_node,stable_attached_residual
30,window_028,811,840,30,8,0,22,0.2667,0.0,0.7333,21,14,0,0.9545,0.6364,0.0455,WHITE_NOISE_uniq_0811_xray_97_node,stable_attached_residual
30,window_029,841,870,30,8,0,22,0.2667,0.0,0.7333,21,13,0,0.9545,0.5909,0.0455,WHITE_NOISE_uniq_0841_xray_210_node,stable_attached_residual
30,window_030,871,900,30,12,0,18,0.4,0.0,0.6,13,16,0,0.7222,0.8889,0.0556,WHITE_NOISE_uniq_0871_xray_323_node,stable_attached_residual
30,window_031,901,930,30,14,0,16,0.4667,0.0,0.5333,14,15,0,0.875,0.9375,0.0625,WHITE_NOISE_uniq_0902_xray_473_node,stable_attached_residual
30,window_032,931,960,30,10,0,20,0.3333,0.0,0.6667,18,10,0,0.9,0.5,0.05,WHITE_NOISE_uniq_0931_xray_549_node,stable_attached_residual
30,window_033,961,990,30,12,0,18,0.4,0.0,0.6,16,13,0,0.8889,0.7222,0.0556,WHITE_NOISE_uniq_0961_xray_662_node,stable_attached_residual
30,window_034,991,1020,30,11,0,19,0.3667,0.0,0.6333,14,11,0,0.7368,0.5789,0.0526,WHITE_NOISE_uniq_0992_xray_812_node,stable_attached_residual
30,window_035,1021,1050,30,14,0,16,0.4667,0.0,0.5333,9,16,0,0.5625,1.0,0.0625,WHITE_NOISE_uniq_1021_xray_888_node,stable_attached_residual
30,window_036,1051,1080,30,13,0,17,0.4333,0.0,0.5667,14,12,0,0.8235,0.7059,0.0588,WHITE_NOISE_uniq_1051_xray_4_node,stable_attached_residual
30,window_037,1081,1110,30,12,0,18,0.4,0.0,0.6,17,10,0,0.9444,0.5556,0.0556,WHITE_NOISE_uniq_1086_xray_302_node,stable_attached_residual
30,window_038,1111,1140,30,3,0,27,0.1,0.0,0.9,27,5,0,1.0,0.1852,0.037,WHITE_NOISE_uniq_1111_xray_230_node,residual_island
30,window_039,1141,1170,30,6,0,24,0.2,0.0,0.8,24,7,0,1.0,0.2917,0.0417,WHITE_NOISE_uniq_1143_xray_417_node,partial_residual_cluster
30,window_040,1171,1200,30,11,0,19,0.3667,0.0,0.6333,15,12,0,0.7895,0.6316,0.0526,WHITE_NOISE_uniq_1171_xray_456_node,stable_attached_residual
30,window_041,1201,1230,30,12,0,18,0.4,0.0,0.6,14,11,0,0.7778,0.6111,0.0556,WHITE_NOISE_uniq_1201_xray_569_node,stable_attached_residual
30,window_042,1231,1260,30,10,0,20,0.3333,0.0,0.6667,19,12,0,0.95,0.6,0.05,WHITE_NOISE_uniq_1232_xray_719_node,stable_attached_residual
30,window_043,1261,1290,30,14,0,16,0.4667,0.0,0.5333,13,12,0,0.8125,0.75,0.0625,WHITE_NOISE_uniq_1261_xray_795_node,stable_attached_residual
30,window_044,1291,1320,30,16,0,14,0.5333,0.0,0.4667,10,10,0,0.7143,0.7143,0.0714,WHITE_NOISE_uniq_1292_xray_945_node,stable_attached_residual
30,window_045,1321,1350,30,14,0,16,0.4667,0.0,0.5333,12,10,0,0.75,0.625,0.0625,WHITE_NOISE_uniq_1321_xray_24_node,stable_attached_residual
30,window_046,1351,1380,30,10,0,20,0.3333,0.0,0.6667,16,13,0,0.8,0.65,0.05,WHITE_NOISE_uniq_1351_xray_137_node,stable_attached_residual
30,window_047,1381,1410,30,11,0,19,0.3667,0.0,0.6333,16,13,0,0.8421,0.6842,0.0526,WHITE_NOISE_uniq_1381_xray_250_node,stable_attached_residual
30,window_048,1411,1440,30,8,0,22,0.2667,0.0,0.7333,21,10,0,0.9545,0.4545,0.0455,WHITE_NOISE_uniq_1411_xray_363_node,partial_residual_cluster
30,window_049,1441,1470,30,9,0,21,0.3,0.0,0.7,20,11,0,0.9524,0.5238,0.0476,WHITE_NOISE_uniq_1443_xray_550_node,stable_attached_residual
30,window_050,1471,1500,30,11,0,19,0.3667,0.0,0.6333,18,11,0,0.9474,0.5789,0.0526,WHITE_NOISE_uniq_1472_xray_626_node,stable_attached_residual
30,window_051,1501,1530,30,10,0,20,0.3333,0.0,0.6667,17,13,0,0.85,0.65,0.05,WHITE_NOISE_uniq_1502_xray_739_node,stable_attached_residual
30,window_052,1531,1560,30,13,0,17,0.4333,0.0,0.5667,15,12,0,0.8824,0.7059,0.0588,WHITE_NOISE_uniq_1531_xray_815_node,stable_attached_residual
30,window_053,1561,1590,30,7,0,23,0.2333,0.0,0.7667,23,13,0,1.0,0.5652,0.0435,WHITE_NOISE_uniq_1561_xray_928_node,stable_attached_residual
30,window_054,1591,1620,30,12,0,18,0.4,0.0,0.6,14,14,0,0.7778,0.7778,0.0556,WHITE_NOISE_uniq_1591_xray_44_node,stable_attached_residual
30,window_055,1621,1650,30,9,0,21,0.3,0.0,0.7,19,13,0,0.9048,0.619,0.0476,WHITE_NOISE_uniq_1621_xray_157_node,stable_attached_residual
30,window_056,1651,1680,30,13,0,17,0.4333,0.0,0.5667,12,12,0,0.7059,0.7059,0.0588,WHITE_NOISE_uniq_1654_xray_381_node,stable_attached_residual
30,window_057,1681,1710,30,11,0,19,0.3667,0.0,0.6333,16,16,0,0.8421,0.8421,0.0526,WHITE_NOISE_uniq_1681_xray_383_node,stable_attached_residual
30,window_058,1711,1740,30,12,0,18,0.4,0.0,0.6,14,13,0,0.7778,0.7222,0.0556,WHITE_NOISE_uniq_1712_xray_533_node,stable_attached_residual
30,window_059,1741,1770,30,9,0,21,0.3,0.0,0.7,21,8,0,1.0,0.381,0.0476,WHITE_NOISE_uniq_1741_xray_609_node,partial_residual_cluster
30,window_060,1771,1800,30,7,0,23,0.2333,0.0,0.7667,23,9,0,1.0,0.3913,0.0435,WHITE_NOISE_uniq_1771_xray_722_node,partial_residual_cluster
30,window_061,1801,1830,30,17,0,13,0.5667,0.0,0.4333,11,10,0,0.8462,0.7692,0.0769,WHITE_NOISE_uniq_1806_xray_23_node,stable_attached_residual
30,window_062,1831,1860,30,9,0,21,0.3,0.0,0.7,20,8,0,0.9524,0.381,0.0476,WHITE_NOISE_uniq_1832_xray_985_node,partial_residual_cluster
30,window_063,1861,1890,30,11,0,19,0.3667,0.0,0.6333,16,14,0,0.8421,0.7368,0.0526,WHITE_NOISE_uniq_1861_xray_64_node,stable_attached_residual
30,window_064,1891,1920,30,13,0,17,0.4333,0.0,0.5667,12,13,0,0.7059,0.7647,0.0588,WHITE_NOISE_uniq_1893_xray_251_node,stable_attached_residual
30,window_065,1921,1950,30,11,0,19,0.3667,0.0,0.6333,15,13,0,0.7895,0.6842,0.0526,WHITE_NOISE_uniq_1922_xray_327_node,stable_attached_residual
30,window_066,1951,1980,30,8,0,22,0.2667,0.0,0.7333,20,11,0,0.9091,0.5,0.0455,WHITE_NOISE_uniq_1951_xray_403_node,stable_attached_residual
30,window_067,1981,2000,20,7,0,13,0.35,0.0,0.65,11,8,0,0.8462,0.6154,0.0769,WHITE_NOISE_uniq_1982_xray_553_node,stable_attached_residual
40,window_001,1,40,40,15,0,25,0.375,0.0,0.625,21,16,0,0.84,0.64,0.04,WHITE_NOISE_uniq_0001_xray_37_node,stable_attached_residual
40,window_002,41,80,40,16,0,24,0.4,0.0,0.6,23,14,0,0.9583,0.5833,0.0417,WHITE_NOISE_uniq_0041_xray_520_node,stable_attached_residual
40,window_003,81,120,40,16,0,24,0.4,0.0,0.6,20,15,0,0.8333,0.625,0.0417,WHITE_NOISE_uniq_0081_xray_6_node,stable_attached_residual
40,window_004,121,160,40,9,0,31,0.225,0.0,0.775,28,14,0,0.9032,0.4516,0.0323,WHITE_NOISE_uniq_0121_xray_489_node,partial_residual_cluster
40,window_005,161,200,40,17,0,23,0.425,0.0,0.575,17,18,0,0.7391,0.7826,0.0435,WHITE_NOISE_uniq_0161_xray_972_node,stable_attached_residual
40,window_006,201,240,40,9,0,31,0.225,0.0,0.775,28,14,0,0.9032,0.4516,0.0323,WHITE_NOISE_uniq_0201_xray_458_node,partial_residual_cluster
40,window_007,241,280,40,14,0,26,0.35,0.0,0.65,24,15,0,0.9231,0.5769,0.0385,WHITE_NOISE_uniq_0243_xray_18_node,stable_attached_residual
40,window_008,281,320,40,16,0,24,0.4,0.0,0.6,18,13,0,0.75,0.5417,0.0417,WHITE_NOISE_uniq_0281_xray_427_node,stable_attached_residual
40,window_009,321,360,40,19,0,21,0.475,0.0,0.525,15,16,0,0.7143,0.7619,0.0476,WHITE_NOISE_uniq_0321_xray_910_node,stable_attached_residual
40,window_010,361,400,40,19,0,21,0.475,0.0,0.525,17,16,0,0.8095,0.7619,0.0476,WHITE_NOISE_uniq_0363_xray_470_node,stable_attached_residual
40,window_011,401,440,40,6,0,34,0.15,0.0,0.85,33,9,0,0.9706,0.2647,0.0294,WHITE_NOISE_uniq_0401_xray_879_node,partial_residual_cluster
40,window_012,441,480,40,13,0,27,0.325,0.0,0.675,22,12,0,0.8148,0.4444,0.037,WHITE_NOISE_uniq_0442_xray_402_node,partial_residual_cluster
40,window_013,481,520,40,15,0,25,0.375,0.0,0.625,23,13,0,0.92,0.52,0.04,WHITE_NOISE_uniq_0481_xray_848_node,stable_attached_residual
40,window_014,521,560,40,12,0,28,0.3,0.0,0.7,24,12,0,0.8571,0.4286,0.0357,WHITE_NOISE_uniq_0522_xray_371_node,partial_residual_cluster
40,window_015,561,600,40,15,0,25,0.375,0.0,0.625,20,19,0,0.8,0.76,0.04,WHITE_NOISE_uniq_0561_xray_817_node,stable_attached_residual
40,window_016,601,640,40,11,0,29,0.275,0.0,0.725,27,13,0,0.931,0.4483,0.0345,WHITE_NOISE_uniq_0602_xray_340_node,partial_residual_cluster
40,window_017,641,680,40,14,0,26,0.35,0.0,0.65,24,14,0,0.9231,0.5385,0.0385,WHITE_NOISE_uniq_0641_xray_786_node,stable_attached_residual
40,window_018,681,720,40,7,0,33,0.175,0.0,0.825,32,12,0,0.9697,0.3636,0.0303,WHITE_NOISE_uniq_0681_xray_272_node,partial_residual_cluster
40,window_019,721,760,40,15,0,25,0.375,0.0,0.625,20,19,0,0.8,0.76,0.04,WHITE_NOISE_uniq_0721_xray_755_node,stable_attached_residual
40,window_020,761,800,40,10,0,30,0.25,0.0,0.75,29,18,0,0.9667,0.6,0.0333,WHITE_NOISE_uniq_0761_xray_241_node,stable_attached_residual
40,window_021,801,840,40,11,0,29,0.275,0.0,0.725,28,17,0,0.9655,0.5862,0.0345,WHITE_NOISE_uniq_0801_xray_724_node,stable_attached_residual
40,window_022,841,880,40,12,0,28,0.3,0.0,0.7,26,18,0,0.9286,0.6429,0.0357,WHITE_NOISE_uniq_0841_xray_210_node,stable_attached_residual
40,window_023,881,920,40,18,0,22,0.45,0.0,0.55,17,21,0,0.7727,0.9545,0.0455,WHITE_NOISE_uniq_0881_xray_693_node,stable_attached_residual
40,window_024,921,960,40,14,0,26,0.35,0.0,0.65,23,15,0,0.8846,0.5769,0.0385,WHITE_NOISE_uniq_0921_xray_179_node,stable_attached_residual
40,window_025,961,1000,40,15,0,25,0.375,0.0,0.625,22,15,0,0.88,0.6,0.04,WHITE_NOISE_uniq_0961_xray_662_node,stable_attached_residual
40,window_026,1001,1040,40,18,0,22,0.45,0.0,0.55,12,19,0,0.5455,0.8636,0.0455,WHITE_NOISE_uniq_1001_xray_148_node,stable_attached_residual
40,window_027,1041,1080,40,17,0,23,0.425,0.0,0.575,19,18,0,0.8261,0.7826,0.0435,WHITE_NOISE_uniq_1042_xray_668_node,stable_attached_residual
40,window_028,1081,1120,40,13,0,27,0.325,0.0,0.675,26,12,0,0.963,0.4444,0.037,WHITE_NOISE_uniq_1086_xray_302_node,partial_residual_cluster
40,window_029,1121,1160,40,5,0,35,0.125,0.0,0.875,35,6,0,1.0,0.1714,0.0286,WHITE_NOISE_uniq_1121_xray_600_node,residual_island
40,window_030,1161,1200,40,14,0,26,0.35,0.0,0.65,22,16,0,0.8462,0.6154,0.0385,WHITE_NOISE_uniq_1161_xray_86_node,stable_attached_residual
40,window_031,1201,1240,40,17,0,23,0.425,0.0,0.575,19,16,0,0.8261,0.6957,0.0435,WHITE_NOISE_uniq_1201_xray_569_node,stable_attached_residual
40,window_032,1241,1280,40,16,0,24,0.4,0.0,0.6,21,14,0,0.875,0.5833,0.0417,WHITE_NOISE_uniq_1241_xray_55_node,stable_attached_residual
40,window_033,1281,1320,40,19,0,21,0.475,0.0,0.525,16,15,0,0.7619,0.7143,0.0476,WHITE_NOISE_uniq_1282_xray_575_node,stable_attached_residual
40,window_034,1321,1360,40,18,0,22,0.45,0.0,0.55,15,16,0,0.6818,0.7273,0.0455,WHITE_NOISE_uniq_1321_xray_24_node,stable_attached_residual
40,window_035,1361,1400,40,14,0,26,0.35,0.0,0.65,23,16,0,0.8846,0.6154,0.0385,WHITE_NOISE_uniq_1361_xray_507_node,stable_attached_residual
40,window_036,1401,1440,40,11,0,29,0.275,0.0,0.725,27,14,0,0.931,0.4828,0.0345,WHITE_NOISE_uniq_1402_xray_30_node,partial_residual_cluster
40,window_037,1441,1480,40,13,0,27,0.325,0.0,0.675,25,16,0,0.9259,0.5926,0.037,WHITE_NOISE_uniq_1443_xray_550_node,stable_attached_residual
40,window_038,1481,1520,40,15,0,25,0.375,0.0,0.625,22,16,0,0.88,0.64,0.04,WHITE_NOISE_uniq_1483_xray_36_node,stable_attached_residual
40,window_039,1521,1560,40,15,0,25,0.375,0.0,0.625,23,15,0,0.92,0.6,0.04,WHITE_NOISE_uniq_1521_xray_445_node,stable_attached_residual
40,window_040,1561,1600,40,12,0,28,0.3,0.0,0.7,26,18,0,0.9286,0.6429,0.0357,WHITE_NOISE_uniq_1561_xray_928_node,stable_attached_residual
40,window_041,1601,1640,40,12,0,28,0.3,0.0,0.7,26,17,0,0.9286,0.6071,0.0357,WHITE_NOISE_uniq_1601_xray_414_node,stable_attached_residual
40,window_042,1641,1680,40,17,0,23,0.425,0.0,0.575,16,17,0,0.6957,0.7391,0.0435,WHITE_NOISE_uniq_1641_xray_897_node,stable_attached_residual
40,window_043,1681,1720,40,14,0,26,0.35,0.0,0.65,23,19,0,0.8846,0.7308,0.0385,WHITE_NOISE_uniq_1681_xray_383_node,stable_attached_residual
40,window_044,1721,1760,40,15,0,25,0.375,0.0,0.625,21,15,0,0.84,0.6,0.04,WHITE_NOISE_uniq_1721_xray_866_node,stable_attached_residual
40,window_045,1761,1800,40,10,0,30,0.25,0.0,0.75,30,12,0,1.0,0.4,0.0333,WHITE_NOISE_uniq_1763_xray_426_node,partial_residual_cluster
40,window_046,1801,1840,40,21,0,19,0.525,0.0,0.475,17,13,0,0.8947,0.6842,0.0526,WHITE_NOISE_uniq_1806_xray_23_node,stable_attached_residual
40,window_047,1841,1880,40,10,0,30,0.25,0.0,0.75,28,15,0,0.9333,0.5,0.0333,WHITE_NOISE_uniq_1841_xray_321_node,stable_attached_residual
40,window_048,1881,1920,40,19,0,21,0.475,0.0,0.525,14,17,0,0.6667,0.8095,0.0476,WHITE_NOISE_uniq_1882_xray_841_node,stable_attached_residual
40,window_049,1921,1960,40,13,0,27,0.325,0.0,0.675,23,15,0,0.8519,0.5556,0.037,WHITE_NOISE_uniq_1922_xray_327_node,stable_attached_residual
40,window_050,1961,2000,40,13,0,27,0.325,0.0,0.675,23,17,0,0.8519,0.6296,0.037,WHITE_NOISE_uniq_1961_xray_773_node,stable_attached_residual
50,window_001,1,50,50,19,0,31,0.38,0.0,0.62,27,22,0,0.871,0.7097,0.0323,WHITE_NOISE_uniq_0001_xray_37_node,stable_attached_residual
50,window_002,51,100,50,17,0,33,0.34,0.0,0.66,31,15,0,0.9394,0.4545,0.0303,WHITE_NOISE_uniq_0052_xray_927_node,partial_residual_cluster
50,window_003,101,150,50,17,0,33,0.34,0.0,0.66,28,18,0,0.8485,0.5455,0.0303,WHITE_NOISE_uniq_0101_xray_746_node,stable_attached_residual
50,window_004,151,200,50,20,0,30,0.4,0.0,0.6,23,22,0,0.7667,0.7333,0.0333,WHITE_NOISE_uniq_0152_xray_639_node,stable_attached_residual
50,window_005,201,250,50,13,0,37,0.26,0.0,0.74,33,17,0,0.8919,0.4595,0.027,WHITE_NOISE_uniq_0201_xray_458_node,partial_residual_cluster
50,window_006,251,300,50,16,0,34,0.32,0.0,0.68,32,16,0,0.9412,0.4706,0.0294,WHITE_NOISE_uniq_0251_xray_314_node,partial_residual_cluster
50,window_007,301,350,50,24,0,26,0.48,0.0,0.52,17,21,0,0.6538,0.8077,0.0385,WHITE_NOISE_uniq_0302_xray_207_node,stable_attached_residual
50,window_008,351,400,50,24,0,26,0.48,0.0,0.52,20,20,0,0.7692,0.7692,0.0385,WHITE_NOISE_uniq_0352_xray_63_node,stable_attached_residual
50,window_009,401,450,50,11,0,39,0.22,0.0,0.78,37,12,0,0.9487,0.3077,0.0256,WHITE_NOISE_uniq_0401_xray_879_node,partial_residual_cluster
50,window_010,451,500,50,14,0,36,0.28,0.0,0.72,31,15,0,0.8611,0.4167,0.0278,WHITE_NOISE_uniq_0451_xray_735_node,partial_residual_cluster
50,window_011,501,550,50,14,0,36,0.28,0.0,0.72,34,16,0,0.9444,0.4444,0.0278,WHITE_NOISE_uniq_0501_xray_591_node,partial_residual_cluster
50,window_012,551,600,50,22,0,28,0.44,0.0,0.56,20,22,0,0.7143,0.7857,0.0357,WHITE_NOISE_uniq_0555_xray_595_node,stable_attached_residual
50,window_013,601,650,50,13,0,37,0.26,0.0,0.74,35,15,0,0.9459,0.4054,0.027,WHITE_NOISE_uniq_0602_xray_340_node,partial_residual_cluster
50,window_014,651,700,50,16,0,34,0.32,0.0,0.68,32,19,0,0.9412,0.5588,0.0294,WHITE_NOISE_uniq_0651_xray_159_node,stable_attached_residual
50,window_015,701,750,50,13,0,37,0.26,0.0,0.74,33,19,0,0.8919,0.5135,0.027,WHITE_NOISE_uniq_0701_xray_15_node,stable_attached_residual
50,window_016,751,800,50,15,0,35,0.3,0.0,0.7,32,23,0,0.9143,0.6571,0.0286,WHITE_NOISE_uniq_0751_xray_868_node,stable_attached_residual
50,window_017,801,850,50,14,0,36,0.28,0.0,0.72,35,22,0,0.9722,0.6111,0.0278,WHITE_NOISE_uniq_0801_xray_724_node,stable_attached_residual
50,window_018,851,900,50,17,0,33,0.34,0.0,0.66,27,24,0,0.8182,0.7273,0.0303,WHITE_NOISE_uniq_0851_xray_580_node,stable_attached_residual
50,window_019,901,950,50,21,0,29,0.42,0.0,0.58,26,21,0,0.8966,0.7241,0.0345,WHITE_NOISE_uniq_0902_xray_473_node,stable_attached_residual
50,window_020,951,1000,50,18,0,32,0.36,0.0,0.64,28,19,0,0.875,0.5938,0.0312,WHITE_NOISE_uniq_0951_xray_292_node,stable_attached_residual
50,window_021,1001,1050,50,22,0,28,0.44,0.0,0.56,17,25,0,0.6071,0.8929,0.0357,WHITE_NOISE_uniq_1001_xray_148_node,stable_attached_residual
50,window_022,1051,1100,50,22,0,28,0.44,0.0,0.56,24,19,0,0.8571,0.6786,0.0357,WHITE_NOISE_uniq_1051_xray_4_node,stable_attached_residual
50,window_023,1101,1150,50,8,0,42,0.16,0.0,0.84,42,9,0,1.0,0.2143,0.0238,WHITE_NOISE_uniq_1102_xray_894_node,residual_island
50,window_024,1151,1200,50,15,0,35,0.3,0.0,0.7,31,18,0,0.8857,0.5143,0.0286,WHITE_NOISE_uniq_1151_xray_713_node,stable_attached_residual
50,window_025,1201,1250,50,19,0,31,0.38,0.0,0.62,27,20,0,0.871,0.6452,0.0323,WHITE_NOISE_uniq_1201_xray_569_node,stable_attached_residual
50,window_026,1251,1300,50,22,0,28,0.44,0.0,0.56,24,18,0,0.8571,0.6429,0.0357,WHITE_NOISE_uniq_1251_xray_425_node,stable_attached_residual
50,window_027,1301,1350,50,25,0,25,0.5,0.0,0.5,17,17,0,0.68,0.68,0.04,WHITE_NOISE_uniq_1301_xray_281_node,stable_attached_residual
50,window_028,1351,1400,50,18,0,32,0.36,0.0,0.64,26,22,0,0.8125,0.6875,0.0312,WHITE_NOISE_uniq_1351_xray_137_node,stable_attached_residual
50,window_029,1401,1450,50,14,0,36,0.28,0.0,0.72,34,16,0,0.9444,0.4444,0.0278,WHITE_NOISE_uniq_1402_xray_30_node,partial_residual_cluster
50,window_030,1451,1500,50,17,0,33,0.34,0.0,0.66,31,20,0,0.9394,0.6061,0.0303,WHITE_NOISE_uniq_1451_xray_846_node,stable_attached_residual
50,window_031,1501,1550,50,17,0,33,0.34,0.0,0.66,29,21,0,0.8788,0.6364,0.0303,WHITE_NOISE_uniq_1502_xray_739_node,stable_attached_residual
50,window_032,1551,1600,50,18,0,32,0.36,0.0,0.64,29,22,0,0.9062,0.6875,0.0312,WHITE_NOISE_uniq_1551_xray_558_node,stable_attached_residual
50,window_033,1601,1650,50,16,0,34,0.32,0.0,0.68,30,22,0,0.8824,0.6471,0.0294,WHITE_NOISE_uniq_1601_xray_414_node,stable_attached_residual
50,window_034,1651,1700,50,20,0,30,0.4,0.0,0.6,23,24,0,0.7667,0.8,0.0333,WHITE_NOISE_uniq_1654_xray_381_node,stable_attached_residual
50,window_035,1701,1750,50,18,0,32,0.36,0.0,0.64,27,20,0,0.8438,0.625,0.0312,WHITE_NOISE_uniq_1701_xray_126_node,stable_attached_residual
50,window_036,1751,1800,50,14,0,36,0.28,0.0,0.72,36,14,0,1.0,0.3889,0.0278,WHITE_NOISE_uniq_1755_xray_130_node,partial_residual_cluster
50,window_037,1801,1850,50,23,0,27,0.46,0.0,0.54,25,16,0,0.9259,0.5926,0.037,WHITE_NOISE_uniq_1806_xray_23_node,stable_attached_residual
50,window_038,1851,1900,50,18,0,32,0.36,0.0,0.64,27,21,0,0.8438,0.6562,0.0312,WHITE_NOISE_uniq_1853_xray_765_node,stable_attached_residual
50,window_039,1901,1950,50,20,0,30,0.4,0.0,0.6,22,21,0,0.7333,0.7,0.0333,WHITE_NOISE_uniq_1902_xray_584_node,stable_attached_residual
50,window_040,1951,2000,50,15,0,35,0.3,0.0,0.7,31,19,0,0.8857,0.5429,0.0286,WHITE_NOISE_uniq_1951_xray_403_node,stable_attached_residual
75,window_001,1,75,75,28,0,47,0.3733,0.0,0.6267,42,29,0,0.8936,0.617,0.0213,WHITE_NOISE_uniq_0001_xray_37_node,stable_attached_residual
75,window_002,76,150,75,25,0,50,0.3333,0.0,0.6667,44,26,0,0.88,0.52,0.02,WHITE_NOISE_uniq_0079_xray_929_node,stable_attached_residual
75,window_003,151,225,75,25,0,50,0.3333,0.0,0.6667,41,30,0,0.82,0.6,0.02,WHITE_NOISE_uniq_0152_xray_639_node,stable_attached_residual
75,window_004,226,300,75,24,0,51,0.32,0.0,0.68,47,25,0,0.9216,0.4902,0.0196,WHITE_NOISE_uniq_0226_xray_386_node,partial_residual_cluster
75,window_005,301,375,75,38,0,37,0.5067,0.0,0.4933,26,29,0,0.7027,0.7838,0.027,WHITE_NOISE_uniq_0302_xray_207_node,stable_attached_residual
75,window_006,376,450,75,21,0,54,0.28,0.0,0.72,48,24,0,0.8889,0.4444,0.0185,WHITE_NOISE_uniq_0376_xray_951_node,partial_residual_cluster
75,window_007,451,525,75,25,0,50,0.3333,0.0,0.6667,44,24,0,0.88,0.48,0.02,WHITE_NOISE_uniq_0451_xray_735_node,partial_residual_cluster
75,window_008,526,600,75,25,0,50,0.3333,0.0,0.6667,41,29,0,0.82,0.58,0.02,WHITE_NOISE_uniq_0526_xray_519_node,stable_attached_residual
75,window_009,601,675,75,23,0,52,0.3067,0.0,0.6933,49,24,0,0.9423,0.4615,0.0192,WHITE_NOISE_uniq_0602_xray_340_node,partial_residual_cluster
75,window_010,676,750,75,19,0,56,0.2533,0.0,0.7467,51,29,0,0.9107,0.5179,0.0179,WHITE_NOISE_uniq_0676_xray_87_node,stable_attached_residual
75,window_011,751,825,75,23,0,52,0.3067,0.0,0.6933,48,35,0,0.9231,0.6731,0.0192,WHITE_NOISE_uniq_0751_xray_868_node,stable_attached_residual
75,window_012,826,900,75,23,0,52,0.3067,0.0,0.6933,46,34,0,0.8846,0.6538,0.0192,WHITE_NOISE_uniq_0827_xray_689_node,stable_attached_residual
75,window_013,901,975,75,28,0,47,0.3733,0.0,0.6267,42,32,0,0.8936,0.6809,0.0213,WHITE_NOISE_uniq_0902_xray_473_node,stable_attached_residual
75,window_014,976,1050,75,33,0,42,0.44,0.0,0.56,29,33,0,0.6905,0.7857,0.0238,WHITE_NOISE_uniq_0976_xray_220_node,stable_attached_residual
75,window_015,1051,1125,75,27,0,48,0.36,0.0,0.64,44,25,0,0.9167,0.5208,0.0208,WHITE_NOISE_uniq_1051_xray_4_node,stable_attached_residual
75,window_016,1126,1200,75,18,0,57,0.24,0.0,0.76,53,21,0,0.9298,0.3684,0.0175,WHITE_NOISE_uniq_1127_xray_822_node,partial_residual_cluster
75,window_017,1201,1275,75,31,0,44,0.4133,0.0,0.5867,37,28,0,0.8409,0.6364,0.0227,WHITE_NOISE_uniq_1201_xray_569_node,stable_attached_residual
75,window_018,1276,1350,75,35,0,40,0.4667,0.0,0.5333,31,27,0,0.775,0.675,0.025,WHITE_NOISE_uniq_1278_xray_427_node,stable_attached_residual
75,window_019,1351,1425,75,27,0,48,0.36,0.0,0.64,40,31,0,0.8333,0.6458,0.0208,WHITE_NOISE_uniq_1351_xray_137_node,stable_attached_residual
75,window_020,1426,1500,75,22,0,53,0.2933,0.0,0.7067,51,27,0,0.9623,0.5094,0.0189,WHITE_NOISE_uniq_1426_xray_918_node,stable_attached_residual
75,window_021,1501,1575,75,28,0,47,0.3733,0.0,0.6267,42,33,0,0.8936,0.7021,0.0213,WHITE_NOISE_uniq_1502_xray_739_node,stable_attached_residual
75,window_022,1576,1650,75,23,0,52,0.3067,0.0,0.6933,46,32,0,0.8846,0.6154,0.0192,WHITE_NOISE_uniq_1576_xray_486_node,stable_attached_residual
75,window_023,1651,1725,75,29,0,46,0.3867,0.0,0.6133,37,34,0,0.8043,0.7391,0.0217,WHITE_NOISE_uniq_1654_xray_381_node,stable_attached_residual
75,window_024,1726,1800,75,23,0,52,0.3067,0.0,0.6933,49,24,0,0.9423,0.4615,0.0192,WHITE_NOISE_uniq_1726_xray_54_node,partial_residual_cluster
75,window_025,1801,1875,75,30,0,45,0.4,0.0,0.6,41,25,0,0.9111,0.5556,0.0222,WHITE_NOISE_uniq_1806_xray_23_node,stable_attached_residual
75,window_026,1876,1950,75,31,0,44,0.4133,0.0,0.5867,33,33,0,0.75,0.75,0.0227,WHITE_NOISE_uniq_1876_xray_619_node,stable_attached_residual
75,window_027,1951,2000,50,15,0,35,0.3,0.0,0.7,31,19,0,0.8857,0.5429,0.0286,WHITE_NOISE_uniq_1951_xray_403_node,stable_attached_residual
100,window_001,1,100,100,36,0,64,0.36,0.0,0.64,58,37,0,0.9062,0.5781,0.0156,WHITE_NOISE_uniq_0001_xray_37_node,stable_attached_residual
100,window_002,101,200,100,37,0,63,0.37,0.0,0.63,51,40,0,0.8095,0.6349,0.0159,WHITE_NOISE_uniq_0101_xray_746_node,stable_attached_residual
100,window_003,201,300,100,29,0,71,0.29,0.0,0.71,65,33,0,0.9155,0.4648,0.0141,WHITE_NOISE_uniq_0201_xray_458_node,partial_residual_cluster
100,window_004,301,400,100,48,0,52,0.48,0.0,0.52,37,41,0,0.7115,0.7885,0.0192,WHITE_NOISE_uniq_0302_xray_207_node,stable_attached_residual
100,window_005,401,500,100,25,0,75,0.25,0.0,0.75,68,27,0,0.9067,0.36,0.0133,WHITE_NOISE_uniq_0401_xray_879_node,partial_residual_cluster
100,window_006,501,600,100,36,0,64,0.36,0.0,0.64,54,38,0,0.8438,0.5938,0.0156,WHITE_NOISE_uniq_0501_xray_591_node,stable_attached_residual
100,window_007,601,700,100,29,0,71,0.29,0.0,0.71,67,34,0,0.9437,0.4789,0.0141,WHITE_NOISE_uniq_0602_xray_340_node,partial_residual_cluster
100,window_008,701,800,100,28,0,72,0.28,0.0,0.72,65,42,0,0.9028,0.5833,0.0139,WHITE_NOISE_uniq_0701_xray_15_node,stable_attached_residual
100,window_009,801,900,100,31,0,69,0.31,0.0,0.69,62,46,0,0.8986,0.6667,0.0145,WHITE_NOISE_uniq_0801_xray_724_node,stable_attached_residual
100,window_010,901,1000,100,39,0,61,0.39,0.0,0.61,54,40,0,0.8852,0.6557,0.0164,WHITE_NOISE_uniq_0902_xray_473_node,stable_attached_residual
100,window_011,1001,1100,100,44,0,56,0.44,0.0,0.56,41,44,0,0.7321,0.7857,0.0179,WHITE_NOISE_uniq_1001_xray_148_node,stable_attached_residual
100,window_012,1101,1200,100,23,0,77,0.23,0.0,0.77,73,27,0,0.9481,0.3506,0.013,WHITE_NOISE_uniq_1102_xray_894_node,partial_residual_cluster
100,window_013,1201,1300,100,41,0,59,0.41,0.0,0.59,51,38,0,0.8644,0.6441,0.0169,WHITE_NOISE_uniq_1201_xray_569_node,stable_attached_residual
100,window_014,1301,1400,100,43,0,57,0.43,0.0,0.57,43,39,0,0.7544,0.6842,0.0175,WHITE_NOISE_uniq_1301_xray_281_node,stable_attached_residual
100,window_015,1401,1500,100,31,0,69,0.31,0.0,0.69,65,36,0,0.942,0.5217,0.0145,WHITE_NOISE_uniq_1402_xray_30_node,stable_attached_residual
100,window_016,1501,1600,100,35,0,65,0.35,0.0,0.65,58,43,0,0.8923,0.6615,0.0154,WHITE_NOISE_uniq_1502_xray_739_node,stable_attached_residual
100,window_017,1601,1700,100,36,0,64,0.36,0.0,0.64,53,46,0,0.8281,0.7188,0.0156,WHITE_NOISE_uniq_1601_xray_414_node,stable_attached_residual
100,window_018,1701,1800,100,32,0,68,0.32,0.0,0.68,63,34,0,0.9265,0.5,0.0147,WHITE_NOISE_uniq_1701_xray_126_node,stable_attached_residual
100,window_019,1801,1900,100,41,0,59,0.41,0.0,0.59,52,37,0,0.8814,0.6271,0.0169,WHITE_NOISE_uniq_1806_xray_23_node,stable_attached_residual
100,window_020,1901,2000,100,35,0,65,0.35,0.0,0.65,53,40,0,0.8154,0.6154,0.0154,WHITE_NOISE_uniq_1902_xray_584_node,stable_attached_residual
125,window_001,1,125,125,47,0,78,0.376,0.0,0.624,69,47,0,0.8846,0.6026,0.0128,WHITE_NOISE_uniq_0001_xray_37_node,stable_attached_residual
125,window_002,126,250,125,39,0,86,0.312,0.0,0.688,73,47,0,0.8488,0.5465,0.0116,WHITE_NOISE_uniq_0127_xray_711_node,stable_attached_residual
125,window_003,251,375,125,54,0,71,0.432,0.0,0.568,58,45,0,0.8169,0.6338,0.0141,WHITE_NOISE_uniq_0251_xray_314_node,stable_attached_residual
125,window_004,376,500,125,35,0,90,0.28,0.0,0.72,79,39,0,0.8778,0.4333,0.0111,WHITE_NOISE_uniq_0376_xray_951_node,partial_residual_cluster
125,window_005,501,625,125,42,0,83,0.336,0.0,0.664,72,45,0,0.8675,0.5422,0.012,WHITE_NOISE_uniq_0501_xray_591_node,stable_attached_residual
125,window_006,626,750,125,36,0,89,0.288,0.0,0.712,82,46,0,0.9213,0.5169,0.0112,WHITE_NOISE_uniq_0626_xray_231_node,stable_attached_residual
125,window_007,751,875,125,36,0,89,0.288,0.0,0.712,83,55,0,0.9326,0.618,0.0112,WHITE_NOISE_uniq_0751_xray_868_node,stable_attached_residual
125,window_008,876,1000,125,49,0,76,0.392,0.0,0.608,65,54,0,0.8553,0.7105,0.0132,WHITE_NOISE_uniq_0877_xray_545_node,stable_attached_residual
125,window_009,1001,1125,125,49,0,76,0.392,0.0,0.608,61,50,0,0.8026,0.6579,0.0132,WHITE_NOISE_uniq_1001_xray_148_node,stable_attached_residual
125,window_010,1126,1250,125,37,0,88,0.296,0.0,0.704,80,41,0,0.9091,0.4659,0.0114,WHITE_NOISE_uniq_1127_xray_822_node,partial_residual_cluster
125,window_011,1251,1375,125,56,0,69,0.448,0.0,0.552,53,46,0,0.7681,0.6667,0.0145,WHITE_NOISE_uniq_1251_xray_425_node,stable_attached_residual
125,window_012,1376,1500,125,40,0,85,0.32,0.0,0.68,79,47,0,0.9294,0.5529,0.0118,WHITE_NOISE_uniq_1376_xray_65_node,stable_attached_residual
125,window_013,1501,1625,125,43,0,82,0.344,0.0,0.656,73,54,0,0.8902,0.6585,0.0122,WHITE_NOISE_uniq_1502_xray_739_node,stable_attached_residual
125,window_014,1626,1750,125,46,0,79,0.368,0.0,0.632,65,55,0,0.8228,0.6962,0.0127,WHITE_NOISE_uniq_1626_xray_342_node,stable_attached_residual
125,window_015,1751,1875,125,44,0,81,0.352,0.0,0.648,77,39,0,0.9506,0.4815,0.0123,WHITE_NOISE_uniq_1755_xray_130_node,partial_residual_cluster
125,window_016,1876,2000,125,46,0,79,0.368,0.0,0.632,64,52,0,0.8101,0.6582,0.0127,WHITE_NOISE_uniq_1876_xray_619_node,stable_attached_residual
150,window_001,1,150,150,53,0,97,0.3533,0.0,0.6467,86,55,0,0.8866,0.567,0.0103,WHITE_NOISE_uniq_0001_xray_37_node,stable_attached_residual
150,window_002,151,300,150,49,0,101,0.3267,0.0,0.6733,88,55,0,0.8713,0.5446,0.0099,WHITE_NOISE_uniq_0152_xray_639_node,stable_attached_residual
150,window_003,301,450,150,59,0,91,0.3933,0.0,0.6067,74,53,0,0.8132,0.5824,0.011,WHITE_NOISE_uniq_0302_xray_207_node,stable_attached_residual
150,window_004,451,600,150,50,0,100,0.3333,0.0,0.6667,85,53,0,0.85,0.53,0.01,WHITE_NOISE_uniq_0451_xray_735_node,stable_attached_residual
150,window_005,601,750,150,42,0,108,0.28,0.0,0.72,100,53,0,0.9259,0.4907,0.0093,WHITE_NOISE_uniq_0602_xray_340_node,partial_residual_cluster
150,window_006,751,900,150,46,0,104,0.3067,0.0,0.6933,94,69,0,0.9038,0.6635,0.0096,WHITE_NOISE_uniq_0751_xray_868_node,stable_attached_residual
150,window_007,901,1050,150,61,0,89,0.4067,0.0,0.5933,71,65,0,0.7978,0.7303,0.0112,WHITE_NOISE_uniq_0902_xray_473_node,stable_attached_residual
150,window_008,1051,1200,150,45,0,105,0.3,0.0,0.7,97,46,0,0.9238,0.4381,0.0095,WHITE_NOISE_uniq_1051_xray_4_node,partial_residual_cluster
150,window_009,1201,1350,150,66,0,84,0.44,0.0,0.56,68,55,0,0.8095,0.6548,0.0119,WHITE_NOISE_uniq_1201_xray_569_node,stable_attached_residual
150,window_010,1351,1500,150,49,0,101,0.3267,0.0,0.6733,91,58,0,0.901,0.5743,0.0099,WHITE_NOISE_uniq_1351_xray_137_node,stable_attached_residual
150,window_011,1501,1650,150,51,0,99,0.34,0.0,0.66,88,65,0,0.8889,0.6566,0.0101,WHITE_NOISE_uniq_1502_xray_739_node,stable_attached_residual
150,window_012,1651,1800,150,52,0,98,0.3467,0.0,0.6533,86,58,0,0.8776,0.5918,0.0102,WHITE_NOISE_uniq_1654_xray_381_node,stable_attached_residual
150,window_013,1801,1950,150,61,0,89,0.4067,0.0,0.5933,74,58,0,0.8315,0.6517,0.0112,WHITE_NOISE_uniq_1806_xray_23_node,stable_attached_residual
150,window_014,1951,2000,50,15,0,35,0.3,0.0,0.7,31,19,0,0.8857,0.5429,0.0286,WHITE_NOISE_uniq_1951_xray_403_node,stable_attached_residual
175,window_001,1,175,175,62,0,113,0.3543,0.0,0.6457,100,65,0,0.885,0.5752,0.0088,WHITE_NOISE_uniq_0001_xray_37_node,stable_attached_residual
175,window_002,176,350,175,64,0,111,0.3657,0.0,0.6343,91,66,0,0.8198,0.5946,0.009,WHITE_NOISE_uniq_0176_xray_530_node,stable_attached_residual
175,window_003,351,525,175,60,0,115,0.3429,0.0,0.6571,101,56,0,0.8783,0.487,0.0087,WHITE_NOISE_uniq_0352_xray_63_node,partial_residual_cluster
175,window_004,526,700,175,54,0,121,0.3086,0.0,0.6914,108,63,0,0.8926,0.5207,0.0083,WHITE_NOISE_uniq_0526_xray_519_node,stable_attached_residual
175,window_005,701,875,175,49,0,126,0.28,0.0,0.72,116,74,0,0.9206,0.5873,0.0079,WHITE_NOISE_uniq_0701_xray_15_node,stable_attached_residual
175,window_006,876,1050,175,71,0,104,0.4057,0.0,0.5943,82,79,0,0.7885,0.7596,0.0096,WHITE_NOISE_uniq_0877_xray_545_node,stable_attached_residual
175,window_007,1051,1225,175,54,0,121,0.3086,0.0,0.6914,111,55,0,0.9174,0.4545,0.0083,WHITE_NOISE_uniq_1051_xray_4_node,partial_residual_cluster
175,window_008,1226,1400,175,75,0,100,0.4286,0.0,0.5714,80,68,0,0.8,0.68,0.01,WHITE_NOISE_uniq_1226_xray_497_node,stable_attached_residual
175,window_009,1401,1575,175,59,0,116,0.3371,0.0,0.6629,107,69,0,0.9224,0.5948,0.0086,WHITE_NOISE_uniq_1402_xray_30_node,stable_attached_residual
175,window_010,1576,1750,175,61,0,114,0.3486,0.0,0.6514,96,76,0,0.8421,0.6667,0.0088,WHITE_NOISE_uniq_1576_xray_486_node,stable_attached_residual
175,window_011,1751,1925,175,66,0,109,0.3771,0.0,0.6229,97,62,0,0.8899,0.5688,0.0092,WHITE_NOISE_uniq_1755_xray_130_node,stable_attached_residual
175,window_012,1926,2000,75,24,0,51,0.32,0.0,0.68,44,29,0,0.8627,0.5686,0.0196,WHITE_NOISE_uniq_1927_xray_512_node,stable_attached_residual
200,window_001,1,200,200,73,0,127,0.365,0.0,0.635,109,77,0,0.8583,0.6063,0.0079,WHITE_NOISE_uniq_0001_xray_37_node,stable_attached_residual
200,window_002,201,400,200,77,0,123,0.385,0.0,0.615,102,74,0,0.8293,0.6016,0.0081,WHITE_NOISE_uniq_0201_xray_458_node,stable_attached_residual
200,window_003,401,600,200,61,0,139,0.305,0.0,0.695,122,65,0,0.8777,0.4676,0.0072,WHITE_NOISE_uniq_0401_xray_879_node,partial_residual_cluster
200,window_004,601,800,200,57,0,143,0.285,0.0,0.715,132,76,0,0.9231,0.5315,0.007,WHITE_NOISE_uniq_0602_xray_340_node,stable_attached_residual
200,window_005,801,1000,200,70,0,130,0.35,0.0,0.65,116,86,0,0.8923,0.6615,0.0077,WHITE_NOISE_uniq_0801_xray_724_node,stable_attached_residual
200,window_006,1001,1200,200,67,0,133,0.335,0.0,0.665,114,71,0,0.8571,0.5338,0.0075,WHITE_NOISE_uniq_1001_xray_148_node,stable_attached_residual
200,window_007,1201,1400,200,84,0,116,0.42,0.0,0.58,94,77,0,0.8103,0.6638,0.0086,WHITE_NOISE_uniq_1201_xray_569_node,stable_attached_residual
200,window_008,1401,1600,200,66,0,134,0.33,0.0,0.67,123,79,0,0.9179,0.5896,0.0075,WHITE_NOISE_uniq_1402_xray_30_node,stable_attached_residual
200,window_009,1601,1800,200,68,0,132,0.34,0.0,0.66,116,80,0,0.8788,0.6061,0.0076,WHITE_NOISE_uniq_1601_xray_414_node,stable_attached_residual
200,window_010,1801,2000,200,76,0,124,0.38,0.0,0.62,105,77,0,0.8468,0.621,0.0081,WHITE_NOISE_uniq_1806_xray_23_node,stable_attached_residual
225,window_001,1,225,225,78,0,147,0.3467,0.0,0.6533,127,85,0,0.8639,0.5782,0.0068,WHITE_NOISE_uniq_0001_xray_37_node,stable_attached_residual
225,window_002,226,450,225,83,0,142,0.3689,0.0,0.6311,121,78,0,0.8521,0.5493,0.007,WHITE_NOISE_uniq_0226_xray_386_node,stable_attached_residual
225,window_003,451,675,225,73,0,152,0.3244,0.0,0.6756,134,77,0,0.8816,0.5066,0.0066,WHITE_NOISE_uniq_0451_xray_735_node,stable_attached_residual
225,window_004,676,900,225,65,0,160,0.2889,0.0,0.7111,145,98,0,0.9062,0.6125,0.0063,WHITE_NOISE_uniq_0676_xray_87_node,stable_attached_residual
225,window_005,901,1125,225,88,0,137,0.3911,0.0,0.6089,115,90,0,0.8394,0.6569,0.0073,WHITE_NOISE_uniq_0902_xray_473_node,stable_attached_residual
225,window_006,1126,1350,225,84,0,141,0.3733,0.0,0.6267,121,76,0,0.8582,0.539,0.0071,WHITE_NOISE_uniq_1127_xray_822_node,stable_attached_residual
225,window_007,1351,1575,225,77,0,148,0.3422,0.0,0.6578,133,91,0,0.8986,0.6149,0.0068,WHITE_NOISE_uniq_1351_xray_137_node,stable_attached_residual
225,window_008,1576,1800,225,75,0,150,0.3333,0.0,0.6667,132,90,0,0.88,0.6,0.0067,WHITE_NOISE_uniq_1576_xray_486_node,stable_attached_residual
225,window_009,1801,2000,200,76,0,124,0.38,0.0,0.62,105,77,0,0.8468,0.621,0.0081,WHITE_NOISE_uniq_1806_xray_23_node,stable_attached_residual
250,window_001,1,250,250,86,0,164,0.344,0.0,0.656,142,94,0,0.8659,0.5732,0.0061,WHITE_NOISE_uniq_0001_xray_37_node,stable_attached_residual
250,window_002,251,500,250,89,0,161,0.356,0.0,0.644,137,84,0,0.8509,0.5217,0.0062,WHITE_NOISE_uniq_0251_xray_314_node,stable_attached_residual
250,window_003,501,750,250,78,0,172,0.312,0.0,0.688,154,91,0,0.8953,0.5291,0.0058,WHITE_NOISE_uniq_0501_xray_591_node,stable_attached_residual
250,window_004,751,1000,250,85,0,165,0.34,0.0,0.66,148,109,0,0.897,0.6606,0.0061,WHITE_NOISE_uniq_0751_xray_868_node,stable_attached_residual
250,window_005,1001,1250,250,86,0,164,0.344,0.0,0.656,141,91,0,0.8598,0.5549,0.0061,WHITE_NOISE_uniq_1001_xray_148_node,stable_attached_residual
250,window_006,1251,1500,250,96,0,154,0.384,0.0,0.616,132,93,0,0.8571,0.6039,0.0065,WHITE_NOISE_uniq_1251_xray_425_node,stable_attached_residual
250,window_007,1501,1750,250,89,0,161,0.356,0.0,0.644,138,109,0,0.8571,0.677,0.0062,WHITE_NOISE_uniq_1502_xray_739_node,stable_attached_residual
250,window_008,1751,2000,250,90,0,160,0.36,0.0,0.64,141,91,0,0.8812,0.5687,0.0063,WHITE_NOISE_uniq_1755_xray_130_node,stable_attached_residual
300,window_001,1,300,300,102,0,198,0.34,0.0,0.66,174,110,0,0.8788,0.5556,0.0051,WHITE_NOISE_uniq_0001_xray_37_node,stable_attached_residual
300,window_002,301,600,300,109,0,191,0.3633,0.0,0.6367,159,106,0,0.8325,0.555,0.0052,WHITE_NOISE_uniq_0302_xray_207_node,stable_attached_residual
300,window_003,601,900,300,88,0,212,0.2933,0.0,0.7067,194,122,0,0.9151,0.5755,0.0047,WHITE_NOISE_uniq_0602_xray_340_node,stable_attached_residual
300,window_004,901,1200,300,106,0,194,0.3533,0.0,0.6467,168,111,0,0.866,0.5722,0.0052,WHITE_NOISE_uniq_0902_xray_473_node,stable_attached_residual
300,window_005,1201,1500,300,115,0,185,0.3833,0.0,0.6167,159,113,0,0.8595,0.6108,0.0054,WHITE_NOISE_uniq_1201_xray_569_node,stable_attached_residual
300,window_006,1501,1800,300,103,0,197,0.3433,0.0,0.6567,174,123,0,0.8832,0.6244,0.0051,WHITE_NOISE_uniq_1502_xray_739_node,stable_attached_residual
300,window_007,1801,2000,200,76,0,124,0.38,0.0,0.62,105,77,0,0.8468,0.621,0.0081,WHITE_NOISE_uniq_1806_xray_23_node,stable_attached_residual
350,window_001,1,350,350,126,0,224,0.36,0.0,0.64,191,131,0,0.8527,0.5848,0.0045,WHITE_NOISE_uniq_0001_xray_37_node,stable_attached_residual
350,window_002,351,700,350,114,0,236,0.3257,0.0,0.6743,209,119,0,0.8856,0.5042,0.0042,WHITE_NOISE_uniq_0352_xray_63_node,stable_attached_residual
350,window_003,701,1050,350,120,0,230,0.3429,0.0,0.6571,198,153,0,0.8609,0.6652,0.0043,WHITE_NOISE_uniq_0701_xray_15_node,stable_attached_residual
350,window_004,1051,1400,350,129,0,221,0.3686,0.0,0.6314,191,123,0,0.8643,0.5566,0.0045,WHITE_NOISE_uniq_1051_xray_4_node,stable_attached_residual
350,window_005,1401,1750,350,120,0,230,0.3429,0.0,0.6571,203,145,0,0.8826,0.6304,0.0043,WHITE_NOISE_uniq_1402_xray_30_node,stable_attached_residual
350,window_006,1751,2000,250,90,0,160,0.36,0.0,0.64,141,91,0,0.8812,0.5687,0.0063,WHITE_NOISE_uniq_1755_xray_130_node,stable_attached_residual
400,window_001,1,400,400,150,0,250,0.375,0.0,0.625,211,151,0,0.844,0.604,0.004,WHITE_NOISE_uniq_0001_xray_37_node,stable_attached_residual
400,window_002,401,800,400,118,0,282,0.295,0.0,0.705,254,141,0,0.9007,0.5,0.0035,WHITE_NOISE_uniq_0401_xray_879_node,stable_attached_residual
400,window_003,801,1200,400,137,0,263,0.3425,0.0,0.6575,230,157,0,0.8745,0.597,0.0038,WHITE_NOISE_uniq_0801_xray_724_node,stable_attached_residual
400,window_004,1201,1600,400,150,0,250,0.375,0.0,0.625,217,156,0,0.868,0.624,0.004,WHITE_NOISE_uniq_1201_xray_569_node,stable_attached_residual
400,window_005,1601,2000,400,144,0,256,0.36,0.0,0.64,221,157,0,0.8633,0.6133,0.0039,WHITE_NOISE_uniq_1601_xray_414_node,stable_attached_residual
450,window_001,1,450,450,161,0,289,0.3578,0.0,0.6422,248,163,0,0.8581,0.564,0.0035,WHITE_NOISE_uniq_0001_xray_37_node,stable_attached_residual
450,window_002,451,900,450,138,0,312,0.3067,0.0,0.6933,279,175,0,0.8942,0.5609,0.0032,WHITE_NOISE_uniq_0451_xray_735_node,stable_attached_residual
450,window_003,901,1350,450,172,0,278,0.3822,0.0,0.6178,236,166,0,0.8489,0.5971,0.0036,WHITE_NOISE_uniq_0902_xray_473_node,stable_attached_residual
450,window_004,1351,1800,450,152,0,298,0.3378,0.0,0.6622,265,181,0,0.8893,0.6074,0.0034,WHITE_NOISE_uniq_1351_xray_137_node,stable_attached_residual
450,window_005,1801,2000,200,76,0,124,0.38,0.0,0.62,105,77,0,0.8468,0.621,0.0081,WHITE_NOISE_uniq_1806_xray_23_node,stable_attached_residual
500,window_001,1,500,500,175,0,325,0.35,0.0,0.65,279,178,0,0.8585,0.5477,0.0031,WHITE_NOISE_uniq_0001_xray_37_node,stable_attached_residual
500,window_002,501,1000,500,163,0,337,0.326,0.0,0.674,302,200,0,0.8961,0.5935,0.003,WHITE_NOISE_uniq_0501_xray_591_node,stable_attached_residual
500,window_003,1001,1500,500,182,0,318,0.364,0.0,0.636,273,184,0,0.8585,0.5786,0.0031,WHITE_NOISE_uniq_1001_xray_148_node,stable_attached_residual
500,window_004,1501,2000,500,179,0,321,0.358,0.0,0.642,279,200,0,0.8692,0.6231,0.0031,WHITE_NOISE_uniq_1502_xray_739_node,stable_attached_residual
550,window_001,1,550,550,189,0,361,0.3436,0.0,0.6564,313,194,0,0.867,0.5374,0.0028,WHITE_NOISE_uniq_0001_xray_37_node,stable_attached_residual
550,window_002,551,1100,550,193,0,357,0.3509,0.0,0.6491,309,228,0,0.8655,0.6387,0.0028,WHITE_NOISE_uniq_0555_xray_595_node,stable_attached_residual
550,window_003,1101,1650,550,189,0,361,0.3436,0.0,0.6564,320,205,0,0.8864,0.5679,0.0028,WHITE_NOISE_uniq_1102_xray_894_node,stable_attached_residual
550,window_004,1651,2000,350,128,0,222,0.3657,0.0,0.6343,191,135,0,0.8604,0.6081,0.0045,WHITE_NOISE_uniq_1654_xray_381_node,stable_attached_residual
600,window_001,1,600,600,211,0,389,0.3517,0.0,0.6483,333,216,0,0.856,0.5553,0.0026,WHITE_NOISE_uniq_0001_xray_37_node,stable_attached_residual
600,window_002,601,1200,600,194,0,406,0.3233,0.0,0.6767,362,233,0,0.8916,0.5739,0.0025,WHITE_NOISE_uniq_0602_xray_340_node,stable_attached_residual
600,window_003,1201,1800,600,218,0,382,0.3633,0.0,0.6367,333,236,0,0.8717,0.6178,0.0026,WHITE_NOISE_uniq_1201_xray_569_node,stable_attached_residual
600,window_004,1801,2000,200,76,0,124,0.38,0.0,0.62,105,77,0,0.8468,0.621,0.0081,WHITE_NOISE_uniq_1806_xray_23_node,stable_attached_residual
650,window_001,1,650,650,224,0,426,0.3446,0.0,0.6554,368,231,0,0.8638,0.5423,0.0023,WHITE_NOISE_uniq_0001_xray_37_node,stable_attached_residual
650,window_002,651,1300,650,222,0,428,0.3415,0.0,0.6585,378,256,0,0.8832,0.5981,0.0023,WHITE_NOISE_uniq_0651_xray_159_node,stable_attached_residual
650,window_003,1301,1950,650,238,0,412,0.3662,0.0,0.6338,356,256,0,0.8641,0.6214,0.0024,WHITE_NOISE_uniq_1301_xray_281_node,stable_attached_residual
650,window_004,1951,2000,50,15,0,35,0.3,0.0,0.7,31,19,0,0.8857,0.5429,0.0286,WHITE_NOISE_uniq_1951_xray_403_node,stable_attached_residual
700,window_001,1,700,700,240,0,460,0.3429,0.0,0.6571,400,250,0,0.8696,0.5435,0.0022,WHITE_NOISE_uniq_0001_xray_37_node,stable_attached_residual
700,window_002,701,1400,700,249,0,451,0.3557,0.0,0.6443,389,276,0,0.8625,0.612,0.0022,WHITE_NOISE_uniq_0701_xray_15_node,stable_attached_residual
700,window_003,1401,2000,600,210,0,390,0.35,0.0,0.65,344,236,0,0.8821,0.6051,0.0026,WHITE_NOISE_uniq_1402_xray_30_node,stable_attached_residual
750,window_001,1,750,750,253,0,497,0.3373,0.0,0.6627,433,269,0,0.8712,0.5412,0.002,WHITE_NOISE_uniq_0001_xray_37_node,stable_attached_residual
750,window_002,751,1500,750,267,0,483,0.356,0.0,0.644,421,293,0,0.8716,0.6066,0.0021,WHITE_NOISE_uniq_0751_xray_868_node,stable_attached_residual
750,window_003,1501,2000,500,179,0,321,0.358,0.0,0.642,279,200,0,0.8692,0.6231,0.0031,WHITE_NOISE_uniq_1502_xray_739_node,stable_attached_residual
800,window_001,1,800,800,268,0,532,0.335,0.0,0.665,465,292,0,0.8741,0.5489,0.0019,WHITE_NOISE_uniq_0001_xray_37_node,stable_attached_residual
800,window_002,801,1600,800,287,0,513,0.3588,0.0,0.6412,447,313,0,0.8713,0.6101,0.0019,WHITE_NOISE_uniq_0801_xray_724_node,stable_attached_residual
800,window_003,1601,2000,400,144,0,256,0.36,0.0,0.64,221,157,0,0.8633,0.6133,0.0039,WHITE_NOISE_uniq_1601_xray_414_node,stable_attached_residual
850,window_001,1,850,850,282,0,568,0.3318,0.0,0.6682,500,314,0,0.8803,0.5528,0.0018,WHITE_NOISE_uniq_0001_xray_37_node,stable_attached_residual
850,window_002,851,1700,850,309,0,541,0.3635,0.0,0.6365,465,337,0,0.8595,0.6229,0.0018,WHITE_NOISE_uniq_0851_xray_580_node,stable_attached_residual
850,window_003,1701,2000,300,108,0,192,0.36,0.0,0.64,168,111,0,0.875,0.5781,0.0052,WHITE_NOISE_uniq_1701_xray_126_node,stable_attached_residual
900,window_001,1,900,900,299,0,601,0.3322,0.0,0.6678,527,338,0,0.8769,0.5624,0.0017,WHITE_NOISE_uniq_0001_xray_37_node,stable_attached_residual
900,window_002,901,1800,900,324,0,576,0.36,0.0,0.64,501,347,0,0.8698,0.6024,0.0017,WHITE_NOISE_uniq_0902_xray_473_node,stable_attached_residual
900,window_003,1801,2000,200,76,0,124,0.38,0.0,0.62,105,77,0,0.8468,0.621,0.0081,WHITE_NOISE_uniq_1806_xray_23_node,stable_attached_residual
950,window_001,1,950,950,320,0,630,0.3368,0.0,0.6632,553,359,0,0.8778,0.5698,0.0016,WHITE_NOISE_uniq_0001_xray_37_node,stable_attached_residual
950,window_002,951,1900,950,344,0,606,0.3621,0.0,0.6379,527,363,0,0.8696,0.599,0.0017,WHITE_NOISE_uniq_0951_xray_292_node,stable_attached_residual
950,window_003,1901,2000,100,35,0,65,0.35,0.0,0.65,53,40,0,0.8154,0.6154,0.0154,WHITE_NOISE_uniq_1902_xray_584_node,stable_attached_residual
1000,window_001,1,1000,1000,338,0,662,0.338,0.0,0.662,581,378,0,0.8776,0.571,0.0015,WHITE_NOISE_uniq_0001_xray_37_node,stable_attached_residual
1000,window_002,1001,2000,1000,361,0,639,0.361,0.0,0.639,552,384,0,0.8638,0.6009,0.0016,WHITE_NOISE_uniq_1001_xray_148_node,stable_attached_residual
