t=0001 eta drift low carrier_field
t=0002 eta drift low carrier_field
t=0003 eta drift low carrier_field
t=0004 eta drift low carrier_field
t=0005 eta drift low carrier_field
t=0006 eta drift low carrier_field
t=0007 eta drift low carrier_field
t=0008 eta drift low carrier_field
t=0009 eta drift low carrier_field
t=0010 eta drift low carrier_field
t=0011 eta drift low carrier_field
t=0012 eta drift low carrier_field
t=0013 eta drift low carrier_field
t=0014 eta drift low carrier_field
t=0015 eta drift low carrier_field
t=0016 eta drift low carrier_field
t=0017 eta drift low carrier_field
t=0018 eta drift low carrier_field
t=0019 eta drift low carrier_field
t=0020 eta drift low carrier_field
t=0021 eta drift low carrier_field
t=0022 eta drift low carrier_field
t=0023 eta drift low carrier_field
t=0024 eta drift low carrier_field
t=0025 eta drift low carrier_field
t=0026 eta drift low carrier_field
t=0027 eta drift low carrier_field
t=0028 eta drift low carrier_field
t=0029 eta drift low carrier_field
t=0030 eta drift low zeta pulse fall nested_burst
t=0031 eta drift low mu local flicker nested_burst
t=0032 eta drift low mu local flicker nested_burst
t=0033 eta drift low epsilon pulse rise nested_burst
t=0034 eta drift low zeta pulse fall nested_burst
t=0035 eta drift low epsilon pulse rise nested_burst
t=0036 eta drift low epsilon pulse rise nested_burst
t=0037 eta drift low zeta pulse fall nested_burst
t=0038 eta drift low epsilon pulse rise nested_burst
t=0039 eta drift low epsilon pulse rise nested_burst
t=0040 eta drift low iota boundary thin nested_burst
t=0041 eta drift low iota boundary thin nested_burst
t=0042 eta drift low iota boundary thin nested_burst
t=0043 eta drift low mu local flicker nested_burst
t=0044 eta drift low gamma seam shift nested_burst
t=0045 eta drift low gamma seam shift nested_burst
t=0046 eta drift low iota boundary thin nested_burst
t=0047 eta drift low gamma seam shift nested_burst
t=0048 eta drift low iota boundary thin nested_burst
t=0049 eta drift low zeta pulse fall nested_burst
t=0050 eta drift low iota boundary thin nested_burst
t=0051 eta drift low gamma seam shift nested_burst
t=0052 eta drift low gamma seam shift nested_burst
t=0053 eta drift low epsilon pulse rise nested_burst
t=0054 eta drift low iota boundary thin nested_burst
t=0055 eta drift low iota boundary thin nested_burst
t=0056 eta drift low iota boundary thin nested_burst
t=0057 eta drift low mu local flicker nested_burst
t=0058 eta drift low gamma seam shift nested_burst
t=0059 eta drift low iota boundary thin nested_burst
t=0060 eta drift low gamma seam shift nested_burst
t=0061 eta drift low gamma seam shift nested_burst
t=0062 eta drift low iota boundary thin nested_burst
t=0063 eta drift low iota boundary thin nested_burst
t=0064 eta drift low gamma seam shift nested_burst
t=0065 eta drift low carrier_field
t=0066 eta drift low carrier_field
t=0067 eta drift low carrier_field
t=0068 eta drift low carrier_field
t=0069 eta drift low carrier_field
t=0070 eta drift low carrier_field
t=0071 eta drift low carrier_field
t=0072 eta drift low carrier_field
t=0073 eta drift low carrier_field
t=0074 eta drift low carrier_field
t=0075 eta drift low carrier_field
t=0076 eta drift low carrier_field
t=0077 eta drift low carrier_field
t=0078 eta drift low carrier_field
t=0079 eta drift low carrier_field
t=0080 eta drift low carrier_field
t=0081 eta drift low carrier_field
t=0082 eta drift low carrier_field
t=0083 eta drift low carrier_field
t=0084 eta drift low carrier_field
t=0085 eta drift low carrier_field
t=0086 eta drift low carrier_field
t=0087 eta drift low carrier_field
t=0088 eta drift low carrier_field
t=0089 eta drift low carrier_field
t=0090 eta drift low carrier_field
t=0091 eta drift low carrier_field
t=0092 eta drift low carrier_field
t=0093 eta drift low carrier_field
t=0094 eta drift low carrier_field
t=0095 eta drift low carrier_field
t=0096 eta drift low carrier_field
t=0097 eta drift low carrier_field
t=0098 eta drift low carrier_field
t=0099 eta drift low carrier_field
t=0100 eta drift low carrier_field
t=0101 eta drift low carrier_field
t=0102 eta drift low carrier_field
t=0103 eta drift low carrier_field
t=0104 eta drift low carrier_field
t=0105 eta drift low carrier_field
t=0106 eta drift low carrier_field
t=0107 eta drift low carrier_field
t=0108 eta drift low carrier_field
t=0109 eta drift low carrier_field
t=0110 eta drift low carrier_field
t=0111 eta drift low carrier_field
t=0112 eta drift low carrier_field
t=0113 eta drift low carrier_field
t=0114 eta drift low carrier_field
t=0115 eta drift low carrier_field
t=0116 eta drift low carrier_field
t=0117 eta drift low carrier_field
t=0118 eta drift low carrier_field
t=0119 eta drift low carrier_field
t=0120 delta carrier stable carrier_field
t=0121 delta carrier stable carrier_field
t=0122 delta carrier stable carrier_field
t=0123 delta carrier stable carrier_field
t=0124 delta carrier stable carrier_field
t=0125 delta carrier stable carrier_field
t=0126 delta carrier stable carrier_field
t=0127 delta carrier stable carrier_field
t=0128 delta carrier stable carrier_field
t=0129 delta carrier stable carrier_field
t=0130 delta carrier stable carrier_field
t=0131 delta carrier stable carrier_field
t=0132 delta carrier stable carrier_field
t=0133 delta carrier stable carrier_field
t=0134 delta carrier stable carrier_field
t=0135 delta carrier stable carrier_field
t=0136 delta carrier stable carrier_field
t=0137 delta carrier stable carrier_field
t=0138 delta carrier stable carrier_field
t=0139 delta carrier stable carrier_field
t=0140 delta carrier stable carrier_field
t=0141 delta carrier stable carrier_field
t=0142 delta carrier stable carrier_field
t=0143 delta carrier stable carrier_field
t=0144 delta carrier stable carrier_field
t=0145 delta carrier stable carrier_field
t=0146 delta carrier stable carrier_field
t=0147 delta carrier stable carrier_field
t=0148 delta carrier stable carrier_field
t=0149 delta carrier stable carrier_field
t=0150 delta carrier stable carrier_field
t=0151 delta carrier stable carrier_field
t=0152 delta carrier stable carrier_field
t=0153 delta carrier stable carrier_field
t=0154 delta carrier stable carrier_field
t=0155 delta carrier stable carrier_field
t=0156 delta carrier stable carrier_field
t=0157 delta carrier stable carrier_field
t=0158 delta carrier stable carrier_field
t=0159 delta carrier stable carrier_field
t=0160 delta carrier stable carrier_field
t=0161 delta carrier stable carrier_field
t=0162 delta carrier stable carrier_field
t=0163 delta carrier stable carrier_field
t=0164 delta carrier stable carrier_field
t=0165 delta carrier stable carrier_field
t=0166 delta carrier stable carrier_field
t=0167 delta carrier stable carrier_field
t=0168 delta carrier stable carrier_field
t=0169 delta carrier stable carrier_field
t=0170 delta carrier stable carrier_field
t=0171 delta carrier stable carrier_field
t=0172 delta carrier stable carrier_field
t=0173 delta carrier stable carrier_field
t=0174 delta carrier stable carrier_field
t=0175 delta carrier stable carrier_field
t=0176 delta carrier stable carrier_field
t=0177 delta carrier stable carrier_field
t=0178 delta carrier stable carrier_field
t=0179 delta carrier stable carrier_field
t=0180 delta carrier stable carrier_field
t=0181 delta carrier stable carrier_field
t=0182 delta carrier stable carrier_field
t=0183 delta carrier stable carrier_field
t=0184 delta carrier stable carrier_field
t=0185 delta carrier stable carrier_field
t=0186 delta carrier stable carrier_field
t=0187 delta carrier stable carrier_field
t=0188 delta carrier stable carrier_field
t=0189 delta carrier stable carrier_field
t=0190 delta carrier stable carrier_field
t=0191 delta carrier stable carrier_field
t=0192 delta carrier stable carrier_field
t=0193 delta carrier stable carrier_field
t=0194 delta carrier stable carrier_field
t=0195 delta carrier stable carrier_field
t=0196 delta carrier stable carrier_field
t=0197 delta carrier stable carrier_field
t=0198 delta carrier stable carrier_field
t=0199 delta carrier stable carrier_field
t=0200 delta carrier stable carrier_field
t=0201 delta carrier stable carrier_field
t=0202 delta carrier stable carrier_field
t=0203 delta carrier stable carrier_field
t=0204 delta carrier stable carrier_field
t=0205 delta carrier stable carrier_field
t=0206 delta carrier stable carrier_field
t=0207 delta carrier stable carrier_field
t=0208 delta carrier stable carrier_field
t=0209 delta carrier stable carrier_field
t=0210 delta carrier stable epsilon pulse rise nested_burst
t=0211 delta carrier stable zeta pulse fall nested_burst
t=0212 delta carrier stable zeta pulse fall nested_burst
t=0213 delta carrier stable zeta pulse fall nested_burst
t=0214 delta carrier stable mu local flicker nested_burst
t=0215 delta carrier stable mu local flicker nested_burst
t=0216 delta carrier stable zeta pulse fall nested_burst
t=0217 delta carrier stable zeta pulse fall nested_burst
t=0218 delta carrier stable epsilon pulse rise nested_burst
t=0219 delta carrier stable epsilon pulse rise nested_burst
t=0220 delta carrier stable zeta pulse fall nested_burst
t=0221 delta carrier stable mu local flicker nested_burst
t=0222 delta carrier stable epsilon pulse rise nested_burst
t=0223 delta carrier stable epsilon pulse rise nested_burst
t=0224 delta carrier stable mu local flicker nested_burst
t=0225 delta carrier stable zeta pulse fall nested_burst
t=0226 delta carrier stable zeta pulse fall nested_burst
t=0227 delta carrier stable mu local flicker nested_burst
t=0228 delta carrier stable zeta pulse fall nested_burst
t=0229 delta carrier stable zeta pulse fall nested_burst
t=0230 delta carrier stable epsilon pulse rise nested_burst
t=0231 delta carrier stable mu local flicker nested_burst
t=0232 delta carrier stable mu local flicker nested_burst
t=0233 delta carrier stable mu local flicker nested_burst
t=0234 delta carrier stable mu local flicker nested_burst
t=0235 delta carrier stable zeta pulse fall nested_burst
t=0236 delta carrier stable mu local flicker nested_burst
t=0237 delta carrier stable mu local flicker nested_burst
t=0238 delta carrier stable epsilon pulse rise nested_burst
t=0239 delta carrier stable epsilon pulse rise nested_burst
t=0240 delta carrier stable epsilon pulse rise nested_burst
t=0241 delta carrier stable epsilon pulse rise nested_burst
t=0242 delta carrier stable zeta pulse fall nested_burst
t=0243 delta carrier stable zeta pulse fall nested_burst
t=0244 delta carrier stable mu local flicker nested_burst
t=0245 delta carrier stable carrier_field
t=0246 delta carrier stable carrier_field
t=0247 delta carrier stable carrier_field
t=0248 delta carrier stable carrier_field
t=0249 delta carrier stable carrier_field
t=0250 delta carrier stable carrier_field
t=0251 delta carrier stable carrier_field
t=0252 delta carrier stable carrier_field
t=0253 delta carrier stable carrier_field
t=0254 delta carrier stable carrier_field
t=0255 delta carrier stable carrier_field
t=0256 delta carrier stable carrier_field
t=0257 delta carrier stable carrier_field
t=0258 delta carrier stable carrier_field
t=0259 delta carrier stable carrier_field
t=0260 delta carrier stable carrier_field
t=0261 delta carrier stable carrier_field
t=0262 delta carrier stable carrier_field
t=0263 delta carrier stable carrier_field
t=0264 delta carrier stable carrier_field
t=0265 delta carrier stable carrier_field
t=0266 delta carrier stable carrier_field
t=0267 delta carrier stable carrier_field
t=0268 delta carrier stable carrier_field
t=0269 delta carrier stable carrier_field
t=0270 delta carrier stable carrier_field
t=0271 delta carrier stable carrier_field
t=0272 delta carrier stable carrier_field
t=0273 delta carrier stable carrier_field
t=0274 delta carrier stable carrier_field
t=0275 delta carrier stable carrier_field
t=0276 delta carrier stable carrier_field
t=0277 delta carrier stable carrier_field
t=0278 delta carrier stable carrier_field
t=0279 delta carrier stable carrier_field
t=0280 delta carrier stable carrier_field
t=0281 delta carrier stable carrier_field
t=0282 delta carrier stable carrier_field
t=0283 delta carrier stable carrier_field
t=0284 delta carrier stable carrier_field
t=0285 delta carrier stable carrier_field
t=0286 delta carrier stable carrier_field
t=0287 delta carrier stable carrier_field
t=0288 delta carrier stable carrier_field
t=0289 delta carrier stable carrier_field
t=0290 delta carrier stable carrier_field
t=0291 delta carrier stable carrier_field
t=0292 delta carrier stable carrier_field
t=0293 delta carrier stable carrier_field
t=0294 delta carrier stable carrier_field
t=0295 delta carrier stable carrier_field
t=0296 delta carrier stable carrier_field
t=0297 delta carrier stable carrier_field
t=0298 delta carrier stable carrier_field
t=0299 delta carrier stable carrier_field
t=0300 delta carrier stable carrier_field
t=0301 delta carrier stable carrier_field
t=0302 delta carrier stable carrier_field
t=0303 delta carrier stable carrier_field
t=0304 delta carrier stable carrier_field
t=0305 delta carrier stable carrier_field
t=0306 delta carrier stable carrier_field
t=0307 delta carrier stable carrier_field
t=0308 delta carrier stable carrier_field
t=0309 delta carrier stable carrier_field
t=0310 delta carrier stable carrier_field
t=0311 delta carrier stable carrier_field
t=0312 delta carrier stable carrier_field
t=0313 delta carrier stable carrier_field
t=0314 delta carrier stable carrier_field
t=0315 delta carrier stable carrier_field
t=0316 delta carrier stable carrier_field
t=0317 delta carrier stable carrier_field
t=0318 delta carrier stable carrier_field
t=0319 delta carrier stable carrier_field
t=0320 delta carrier stable carrier_field
t=0321 delta carrier stable carrier_field
t=0322 delta carrier stable carrier_field
t=0323 delta carrier stable carrier_field
t=0324 delta carrier stable carrier_field
t=0325 delta carrier stable carrier_field
t=0326 delta carrier stable carrier_field
t=0327 delta carrier stable carrier_field
t=0328 delta carrier stable carrier_field
t=0329 delta carrier stable carrier_field
t=0330 delta carrier stable carrier_field
t=0331 delta carrier stable carrier_field
t=0332 delta carrier stable carrier_field
t=0333 delta carrier stable carrier_field
t=0334 delta carrier stable carrier_field
t=0335 delta carrier stable carrier_field
t=0336 delta carrier stable carrier_field
t=0337 delta carrier stable carrier_field
t=0338 delta carrier stable carrier_field
t=0339 delta carrier stable carrier_field
t=0340 delta carrier stable carrier_field
t=0341 delta carrier stable carrier_field
t=0342 delta carrier stable carrier_field
t=0343 delta carrier stable carrier_field
t=0344 delta carrier stable carrier_field
t=0345 delta carrier stable carrier_field
t=0346 delta carrier stable carrier_field
t=0347 delta carrier stable carrier_field
t=0348 delta carrier stable carrier_field
t=0349 delta carrier stable carrier_field
t=0350 delta carrier stable carrier_field
t=0351 delta carrier stable carrier_field
t=0352 delta carrier stable carrier_field
t=0353 delta carrier stable carrier_field
t=0354 delta carrier stable carrier_field
t=0355 delta carrier stable carrier_field
t=0356 delta carrier stable carrier_field
t=0357 delta carrier stable carrier_field
t=0358 delta carrier stable carrier_field
t=0359 delta carrier stable carrier_field
t=0360 delta carrier stable carrier_field
t=0361 delta carrier stable carrier_field
t=0362 delta carrier stable carrier_field
t=0363 delta carrier stable carrier_field
t=0364 delta carrier stable carrier_field
t=0365 delta carrier stable carrier_field
t=0366 delta carrier stable carrier_field
t=0367 delta carrier stable carrier_field
t=0368 delta carrier stable carrier_field
t=0369 delta carrier stable carrier_field
t=0370 delta carrier stable carrier_field
t=0371 delta carrier stable carrier_field
t=0372 delta carrier stable carrier_field
t=0373 delta carrier stable carrier_field
t=0374 delta carrier stable carrier_field
t=0375 delta carrier stable carrier_field
t=0376 delta carrier stable carrier_field
t=0377 delta carrier stable carrier_field
t=0378 delta carrier stable carrier_field
t=0379 delta carrier stable carrier_field
t=0380 delta carrier stable carrier_field
t=0381 delta carrier stable carrier_field
t=0382 delta carrier stable carrier_field
t=0383 delta carrier stable carrier_field
t=0384 delta carrier stable carrier_field
t=0385 delta carrier stable carrier_field
t=0386 delta carrier stable carrier_field
t=0387 delta carrier stable carrier_field
t=0388 delta carrier stable carrier_field
t=0389 delta carrier stable carrier_field
t=0390 delta carrier stable mu local flicker nested_burst
t=0391 delta carrier stable mu local flicker nested_burst
t=0392 delta carrier stable zeta pulse fall nested_burst
t=0393 delta carrier stable epsilon pulse rise nested_burst
t=0394 delta carrier stable zeta pulse fall nested_burst
t=0395 delta carrier stable epsilon pulse rise nested_burst
t=0396 delta carrier stable epsilon pulse rise nested_burst
t=0397 delta carrier stable zeta pulse fall nested_burst
t=0398 delta carrier stable mu local flicker nested_burst
t=0399 delta carrier stable zeta pulse fall nested_burst
t=0400 delta carrier stable epsilon pulse rise nested_burst
t=0401 delta carrier stable epsilon pulse rise nested_burst
t=0402 delta carrier stable mu local flicker nested_burst
t=0403 delta carrier stable epsilon pulse rise nested_burst
t=0404 delta carrier stable epsilon pulse rise nested_burst
t=0405 delta carrier stable mu local flicker nested_burst
t=0406 delta carrier stable zeta pulse fall nested_burst
t=0407 delta carrier stable zeta pulse fall nested_burst
t=0408 delta carrier stable zeta pulse fall nested_burst
t=0409 delta carrier stable zeta pulse fall nested_burst
t=0410 delta carrier stable zeta pulse fall nested_burst
t=0411 delta carrier stable zeta pulse fall nested_burst
t=0412 delta carrier stable zeta pulse fall nested_burst
t=0413 delta carrier stable mu local flicker nested_burst
t=0414 delta carrier stable mu local flicker nested_burst
t=0415 delta carrier stable zeta pulse fall nested_burst
t=0416 delta carrier stable mu local flicker nested_burst
t=0417 delta carrier stable zeta pulse fall nested_burst
t=0418 delta carrier stable mu local flicker nested_burst
t=0419 delta carrier stable zeta pulse fall nested_burst
t=0420 eta drift low epsilon pulse rise nested_burst
t=0421 eta drift low zeta pulse fall nested_burst
t=0422 eta drift low epsilon pulse rise nested_burst
t=0423 eta drift low zeta pulse fall nested_burst
t=0424 eta drift low zeta pulse fall nested_burst
t=0425 eta drift low carrier_field
t=0426 eta drift low carrier_field
t=0427 eta drift low carrier_field
t=0428 eta drift low carrier_field
t=0429 eta drift low carrier_field
t=0430 eta drift low carrier_field
t=0431 eta drift low carrier_field
t=0432 eta drift low carrier_field
t=0433 eta drift low carrier_field
t=0434 eta drift low carrier_field
t=0435 eta drift low carrier_field
t=0436 eta drift low carrier_field
t=0437 eta drift low carrier_field
t=0438 eta drift low carrier_field
t=0439 eta drift low carrier_field
t=0440 eta drift low carrier_field
t=0441 eta drift low carrier_field
t=0442 eta drift low carrier_field
t=0443 eta drift low carrier_field
t=0444 eta drift low carrier_field
t=0445 eta drift low carrier_field
t=0446 eta drift low carrier_field
t=0447 eta drift low carrier_field
t=0448 eta drift low carrier_field
t=0449 eta drift low carrier_field
t=0450 eta drift low carrier_field
t=0451 eta drift low carrier_field
t=0452 eta drift low carrier_field
t=0453 eta drift low carrier_field
t=0454 eta drift low carrier_field
t=0455 eta drift low carrier_field
t=0456 eta drift low carrier_field
t=0457 eta drift low carrier_field
t=0458 eta drift low carrier_field
t=0459 eta drift low carrier_field
t=0460 eta drift low carrier_field
t=0461 eta drift low carrier_field
t=0462 eta drift low carrier_field
t=0463 eta drift low carrier_field
t=0464 eta drift low carrier_field
t=0465 eta drift low carrier_field
t=0466 eta drift low carrier_field
t=0467 eta drift low carrier_field
t=0468 eta drift low carrier_field
t=0469 eta drift low carrier_field
t=0470 eta drift low carrier_field
t=0471 eta drift low carrier_field
t=0472 eta drift low carrier_field
t=0473 eta drift low carrier_field
t=0474 eta drift low carrier_field
t=0475 eta drift low carrier_field
t=0476 eta drift low carrier_field
t=0477 eta drift low carrier_field
t=0478 eta drift low carrier_field
t=0479 eta drift low carrier_field
t=0480 eta drift low carrier_field
t=0481 eta drift low carrier_field
t=0482 eta drift low carrier_field
t=0483 eta drift low carrier_field
t=0484 eta drift low carrier_field
t=0485 eta drift low carrier_field
t=0486 eta drift low carrier_field
t=0487 eta drift low carrier_field
t=0488 eta drift low carrier_field
t=0489 eta drift low carrier_field
t=0490 eta drift low carrier_field
t=0491 eta drift low carrier_field
t=0492 eta drift low carrier_field
t=0493 eta drift low carrier_field
t=0494 eta drift low carrier_field
t=0495 eta drift low carrier_field
t=0496 eta drift low carrier_field
t=0497 eta drift low carrier_field
t=0498 eta drift low carrier_field
t=0499 eta drift low carrier_field
t=0500 gamma seam shift recomposition_pocket
t=0501 beta gate hold recomposition_pocket
t=0502 beta gate hold recomposition_pocket
t=0503 gamma seam shift recomposition_pocket
t=0504 gamma seam shift recomposition_pocket
t=0505 beta gate hold recomposition_pocket
t=0506 gamma seam shift recomposition_pocket
t=0507 beta gate hold recomposition_pocket
t=0508 gamma seam shift recomposition_pocket
t=0509 beta gate hold recomposition_pocket
t=0510 gamma seam shift recomposition_pocket
t=0511 gamma seam shift recomposition_pocket
t=0512 gamma seam shift recomposition_pocket
t=0513 beta gate hold recomposition_pocket
t=0514 gamma seam shift recomposition_pocket
t=0515 gamma seam shift recomposition_pocket
t=0516 beta gate hold recomposition_pocket
t=0517 gamma seam shift recomposition_pocket
t=0518 gamma seam shift recomposition_pocket
t=0519 gamma seam shift recomposition_pocket
t=0520 beta gate hold recomposition_pocket
t=0521 gamma seam shift recomposition_pocket
t=0522 gamma seam shift recomposition_pocket
t=0523 gamma seam shift recomposition_pocket
t=0524 gamma seam shift recomposition_pocket
t=0525 gamma seam shift recomposition_pocket
t=0526 gamma seam shift recomposition_pocket
t=0527 beta gate hold recomposition_pocket
t=0528 gamma seam shift recomposition_pocket
t=0529 gamma seam shift recomposition_pocket
t=0530 beta gate hold recomposition_pocket
t=0531 gamma seam shift recomposition_pocket
t=0532 gamma seam shift recomposition_pocket
t=0533 beta gate hold recomposition_pocket
t=0534 gamma seam shift recomposition_pocket
t=0535 gamma seam shift recomposition_pocket
t=0536 gamma seam shift recomposition_pocket
t=0537 beta gate hold recomposition_pocket
t=0538 gamma seam shift recomposition_pocket
t=0539 gamma seam shift recomposition_pocket
t=0540 gamma seam shift recomposition_pocket
t=0541 beta gate hold recomposition_pocket
t=0542 beta gate hold recomposition_pocket
t=0543 beta gate hold recomposition_pocket
t=0544 beta gate hold recomposition_pocket
t=0545 gamma seam shift recomposition_pocket
t=0546 beta gate hold recomposition_pocket
t=0547 beta gate hold recomposition_pocket
t=0548 beta gate hold recomposition_pocket
t=0549 beta gate hold recomposition_pocket
t=0550 gamma seam shift recomposition_pocket
t=0551 beta gate hold recomposition_pocket
t=0552 gamma seam shift recomposition_pocket
t=0553 beta gate hold recomposition_pocket
t=0554 beta gate hold recomposition_pocket
t=0555 gamma seam shift recomposition_pocket
t=0556 beta gate hold recomposition_pocket
t=0557 beta gate hold recomposition_pocket
t=0558 beta gate hold recomposition_pocket
t=0559 beta gate hold recomposition_pocket
t=0560 gamma seam shift recomposition_pocket
t=0561 beta gate hold recomposition_pocket
t=0562 beta gate hold recomposition_pocket
t=0563 beta gate hold recomposition_pocket
t=0564 gamma seam shift recomposition_pocket
t=0565 gamma seam shift recomposition_pocket
t=0566 beta gate hold recomposition_pocket
t=0567 gamma seam shift recomposition_pocket
t=0568 gamma seam shift recomposition_pocket
t=0569 gamma seam shift recomposition_pocket
t=0570 eta drift low epsilon pulse rise nested_burst
t=0571 eta drift low mu local flicker nested_burst
t=0572 eta drift low zeta pulse fall nested_burst
t=0573 eta drift low zeta pulse fall nested_burst
t=0574 eta drift low zeta pulse fall nested_burst
t=0575 eta drift low epsilon pulse rise nested_burst
t=0576 eta drift low mu local flicker nested_burst
t=0577 eta drift low mu local flicker nested_burst
t=0578 eta drift low mu local flicker nested_burst
t=0579 eta drift low mu local flicker nested_burst
t=0580 eta drift low gamma seam shift nested_burst
t=0581 eta drift low iota boundary thin nested_burst
t=0582 eta drift low gamma seam shift nested_burst
t=0583 eta drift low mu local flicker nested_burst
t=0584 eta drift low mu local flicker nested_burst
t=0585 eta drift low mu local flicker nested_burst
t=0586 eta drift low gamma seam shift nested_burst
t=0587 eta drift low iota boundary thin nested_burst
t=0588 eta drift low gamma seam shift nested_burst
t=0589 eta drift low iota boundary thin nested_burst
t=0590 eta drift low gamma seam shift nested_burst
t=0591 eta drift low gamma seam shift nested_burst
t=0592 eta drift low iota boundary thin nested_burst
t=0593 eta drift low zeta pulse fall nested_burst
t=0594 eta drift low gamma seam shift nested_burst
t=0595 eta drift low iota boundary thin nested_burst
t=0596 eta drift low iota boundary thin nested_burst
t=0597 eta drift low gamma seam shift nested_burst
t=0598 eta drift low epsilon pulse rise nested_burst
t=0599 eta drift low gamma seam shift nested_burst
t=0600 eta drift low gamma seam shift nested_burst
t=0601 eta drift low epsilon pulse rise nested_burst
t=0602 eta drift low gamma seam shift nested_burst
t=0603 eta drift low mu local flicker nested_burst
t=0604 eta drift low mu local flicker nested_burst
t=0605 gamma seam shift recomposition_pocket
t=0606 gamma seam shift recomposition_pocket
t=0607 gamma seam shift recomposition_pocket
t=0608 gamma seam shift recomposition_pocket
t=0609 gamma seam shift recomposition_pocket
t=0610 beta gate hold recomposition_pocket
t=0611 beta gate hold recomposition_pocket
t=0612 gamma seam shift recomposition_pocket
t=0613 gamma seam shift recomposition_pocket
t=0614 beta gate hold recomposition_pocket
t=0615 beta gate hold recomposition_pocket
t=0616 beta gate hold recomposition_pocket
t=0617 beta gate hold recomposition_pocket
t=0618 beta gate hold recomposition_pocket
t=0619 beta gate hold recomposition_pocket
t=0620 eta drift low carrier_field
t=0621 eta drift low carrier_field
t=0622 eta drift low carrier_field
t=0623 eta drift low carrier_field
t=0624 eta drift low carrier_field
t=0625 eta drift low carrier_field
t=0626 eta drift low carrier_field
t=0627 eta drift low carrier_field
t=0628 eta drift low carrier_field
t=0629 eta drift low carrier_field
t=0630 eta drift low carrier_field
t=0631 eta drift low carrier_field
t=0632 eta drift low carrier_field
t=0633 eta drift low carrier_field
t=0634 eta drift low carrier_field
t=0635 eta drift low carrier_field
t=0636 eta drift low carrier_field
t=0637 eta drift low carrier_field
t=0638 eta drift low carrier_field
t=0639 eta drift low carrier_field
t=0640 eta drift low carrier_field
t=0641 eta drift low carrier_field
t=0642 eta drift low carrier_field
t=0643 eta drift low carrier_field
t=0644 eta drift low carrier_field
t=0645 eta drift low carrier_field
t=0646 eta drift low carrier_field
t=0647 eta drift low carrier_field
t=0648 eta drift low carrier_field
t=0649 eta drift low carrier_field
t=0650 eta drift low carrier_field
t=0651 eta drift low carrier_field
t=0652 eta drift low carrier_field
t=0653 eta drift low carrier_field
t=0654 eta drift low carrier_field
t=0655 eta drift low carrier_field
t=0656 eta drift low carrier_field
t=0657 eta drift low carrier_field
t=0658 eta drift low carrier_field
t=0659 eta drift low carrier_field
t=0660 eta drift low carrier_field
t=0661 eta drift low carrier_field
t=0662 eta drift low carrier_field
t=0663 eta drift low carrier_field
t=0664 eta drift low carrier_field
t=0665 eta drift low carrier_field
t=0666 eta drift low carrier_field
t=0667 eta drift low carrier_field
t=0668 eta drift low carrier_field
t=0669 eta drift low carrier_field
t=0670 eta drift low carrier_field
t=0671 eta drift low carrier_field
t=0672 eta drift low carrier_field
t=0673 eta drift low carrier_field
t=0674 eta drift low carrier_field
t=0675 eta drift low carrier_field
t=0676 eta drift low carrier_field
t=0677 eta drift low carrier_field
t=0678 eta drift low carrier_field
t=0679 eta drift low carrier_field
t=0680 eta drift low carrier_field
t=0681 eta drift low carrier_field
t=0682 eta drift low carrier_field
t=0683 eta drift low carrier_field
t=0684 eta drift low carrier_field
t=0685 eta drift low carrier_field
t=0686 eta drift low carrier_field
t=0687 eta drift low carrier_field
t=0688 eta drift low carrier_field
t=0689 eta drift low carrier_field
t=0690 eta drift low carrier_field
t=0691 eta drift low carrier_field
t=0692 eta drift low carrier_field
t=0693 eta drift low carrier_field
t=0694 eta drift low carrier_field
t=0695 eta drift low carrier_field
t=0696 eta drift low carrier_field
t=0697 eta drift low carrier_field
t=0698 eta drift low carrier_field
t=0699 eta drift low carrier_field
t=0700 eta drift low carrier_field
t=0701 eta drift low carrier_field
t=0702 eta drift low carrier_field
t=0703 eta drift low carrier_field
t=0704 eta drift low carrier_field
t=0705 eta drift low carrier_field
t=0706 eta drift low carrier_field
t=0707 eta drift low carrier_field
t=0708 eta drift low carrier_field
t=0709 eta drift low carrier_field
t=0710 eta drift low carrier_field
t=0711 eta drift low carrier_field
t=0712 eta drift low carrier_field
t=0713 eta drift low carrier_field
t=0714 eta drift low carrier_field
t=0715 eta drift low carrier_field
t=0716 eta drift low carrier_field
t=0717 eta drift low carrier_field
t=0718 eta drift low carrier_field
t=0719 eta drift low carrier_field
t=0720 eta drift low carrier_field
t=0721 eta drift low carrier_field
t=0722 eta drift low carrier_field
t=0723 eta drift low carrier_field
t=0724 eta drift low carrier_field
t=0725 eta drift low carrier_field
t=0726 eta drift low carrier_field
t=0727 eta drift low carrier_field
t=0728 eta drift low carrier_field
t=0729 eta drift low carrier_field
t=0730 eta drift low carrier_field
t=0731 eta drift low carrier_field
t=0732 eta drift low carrier_field
t=0733 eta drift low carrier_field
t=0734 eta drift low carrier_field
t=0735 eta drift low carrier_field
t=0736 eta drift low carrier_field
t=0737 eta drift low carrier_field
t=0738 eta drift low carrier_field
t=0739 eta drift low carrier_field
t=0740 eta drift low carrier_field
t=0741 eta drift low carrier_field
t=0742 eta drift low carrier_field
t=0743 eta drift low carrier_field
t=0744 eta drift low carrier_field
t=0745 eta drift low carrier_field
t=0746 eta drift low carrier_field
t=0747 eta drift low carrier_field
t=0748 eta drift low carrier_field
t=0749 eta drift low carrier_field
t=0750 eta drift low zeta pulse fall nested_burst
t=0751 eta drift low mu local flicker nested_burst
t=0752 eta drift low epsilon pulse rise nested_burst
t=0753 eta drift low epsilon pulse rise nested_burst
t=0754 eta drift low mu local flicker nested_burst
t=0755 eta drift low epsilon pulse rise nested_burst
t=0756 eta drift low mu local flicker nested_burst
t=0757 eta drift low epsilon pulse rise nested_burst
t=0758 eta drift low epsilon pulse rise nested_burst
t=0759 eta drift low mu local flicker nested_burst
t=0760 eta drift low mu local flicker nested_burst
t=0761 eta drift low epsilon pulse rise nested_burst
t=0762 eta drift low mu local flicker nested_burst
t=0763 eta drift low epsilon pulse rise nested_burst
t=0764 eta drift low epsilon pulse rise nested_burst
t=0765 eta drift low zeta pulse fall nested_burst
t=0766 eta drift low zeta pulse fall nested_burst
t=0767 eta drift low epsilon pulse rise nested_burst
t=0768 eta drift low mu local flicker nested_burst
t=0769 eta drift low zeta pulse fall nested_burst
t=0770 eta drift low epsilon pulse rise nested_burst
t=0771 eta drift low mu local flicker nested_burst
t=0772 eta drift low epsilon pulse rise nested_burst
t=0773 eta drift low zeta pulse fall nested_burst
t=0774 eta drift low epsilon pulse rise nested_burst
t=0775 eta drift low zeta pulse fall nested_burst
t=0776 eta drift low zeta pulse fall nested_burst
t=0777 eta drift low epsilon pulse rise nested_burst
t=0778 eta drift low mu local flicker nested_burst
t=0779 eta drift low mu local flicker nested_burst
t=0780 eta drift low zeta pulse fall nested_burst
t=0781 eta drift low epsilon pulse rise nested_burst
t=0782 eta drift low epsilon pulse rise nested_burst
t=0783 eta drift low zeta pulse fall nested_burst
t=0784 eta drift low mu local flicker nested_burst
t=0785 eta drift low carrier_field
t=0786 eta drift low carrier_field
t=0787 eta drift low carrier_field
t=0788 eta drift low carrier_field
t=0789 eta drift low carrier_field
t=0790 eta drift low carrier_field
t=0791 eta drift low carrier_field
t=0792 eta drift low carrier_field
t=0793 eta drift low carrier_field
t=0794 eta drift low carrier_field
t=0795 eta drift low carrier_field
t=0796 eta drift low carrier_field
t=0797 eta drift low carrier_field
t=0798 eta drift low carrier_field
t=0799 eta drift low carrier_field
t=0800 eta drift low carrier_field
t=0801 eta drift low carrier_field
t=0802 eta drift low carrier_field
t=0803 eta drift low carrier_field
t=0804 eta drift low carrier_field
t=0805 eta drift low carrier_field
t=0806 eta drift low carrier_field
t=0807 eta drift low carrier_field
t=0808 eta drift low carrier_field
t=0809 eta drift low carrier_field
t=0810 eta drift low carrier_field
t=0811 eta drift low carrier_field
t=0812 eta drift low carrier_field
t=0813 eta drift low carrier_field
t=0814 eta drift low carrier_field
t=0815 eta drift low carrier_field
t=0816 eta drift low carrier_field
t=0817 eta drift low carrier_field
t=0818 eta drift low carrier_field
t=0819 eta drift low carrier_field
t=0820 delta carrier stable carrier_field
t=0821 delta carrier stable carrier_field
t=0822 delta carrier stable carrier_field
t=0823 delta carrier stable carrier_field
t=0824 delta carrier stable carrier_field
t=0825 delta carrier stable carrier_field
t=0826 delta carrier stable carrier_field
t=0827 delta carrier stable carrier_field
t=0828 delta carrier stable carrier_field
t=0829 delta carrier stable carrier_field
t=0830 delta carrier stable carrier_field
t=0831 delta carrier stable carrier_field
t=0832 delta carrier stable carrier_field
t=0833 delta carrier stable carrier_field
t=0834 delta carrier stable carrier_field
t=0835 delta carrier stable carrier_field
t=0836 delta carrier stable carrier_field
t=0837 delta carrier stable carrier_field
t=0838 delta carrier stable carrier_field
t=0839 delta carrier stable carrier_field
t=0840 delta carrier stable carrier_field
t=0841 delta carrier stable carrier_field
t=0842 delta carrier stable carrier_field
t=0843 delta carrier stable carrier_field
t=0844 delta carrier stable carrier_field
t=0845 delta carrier stable carrier_field
t=0846 delta carrier stable carrier_field
t=0847 delta carrier stable carrier_field
t=0848 delta carrier stable carrier_field
t=0849 delta carrier stable carrier_field
t=0850 delta carrier stable carrier_field
t=0851 delta carrier stable carrier_field
t=0852 delta carrier stable carrier_field
t=0853 delta carrier stable carrier_field
t=0854 delta carrier stable carrier_field
t=0855 delta carrier stable carrier_field
t=0856 delta carrier stable carrier_field
t=0857 delta carrier stable carrier_field
t=0858 delta carrier stable carrier_field
t=0859 delta carrier stable carrier_field
t=0860 delta carrier stable carrier_field
t=0861 delta carrier stable carrier_field
t=0862 delta carrier stable carrier_field
t=0863 delta carrier stable carrier_field
t=0864 delta carrier stable carrier_field
t=0865 delta carrier stable carrier_field
t=0866 delta carrier stable carrier_field
t=0867 delta carrier stable carrier_field
t=0868 delta carrier stable carrier_field
t=0869 delta carrier stable carrier_field
t=0870 delta carrier stable carrier_field
t=0871 delta carrier stable carrier_field
t=0872 delta carrier stable carrier_field
t=0873 delta carrier stable carrier_field
t=0874 delta carrier stable carrier_field
t=0875 delta carrier stable carrier_field
t=0876 delta carrier stable carrier_field
t=0877 delta carrier stable carrier_field
t=0878 delta carrier stable carrier_field
t=0879 delta carrier stable carrier_field
t=0880 delta carrier stable carrier_field
t=0881 delta carrier stable carrier_field
t=0882 delta carrier stable carrier_field
t=0883 delta carrier stable carrier_field
t=0884 delta carrier stable carrier_field
t=0885 delta carrier stable carrier_field
t=0886 delta carrier stable carrier_field
t=0887 delta carrier stable carrier_field
t=0888 delta carrier stable carrier_field
t=0889 delta carrier stable carrier_field
t=0890 delta carrier stable carrier_field
t=0891 delta carrier stable carrier_field
t=0892 delta carrier stable carrier_field
t=0893 delta carrier stable carrier_field
t=0894 delta carrier stable carrier_field
t=0895 delta carrier stable carrier_field
t=0896 delta carrier stable carrier_field
t=0897 delta carrier stable carrier_field
t=0898 delta carrier stable carrier_field
t=0899 delta carrier stable carrier_field
t=0900 delta carrier stable carrier_field
t=0901 delta carrier stable carrier_field
t=0902 delta carrier stable carrier_field
t=0903 delta carrier stable carrier_field
t=0904 delta carrier stable carrier_field
t=0905 delta carrier stable carrier_field
t=0906 delta carrier stable carrier_field
t=0907 delta carrier stable carrier_field
t=0908 delta carrier stable carrier_field
t=0909 delta carrier stable carrier_field
t=0910 delta carrier stable carrier_field
t=0911 delta carrier stable carrier_field
t=0912 delta carrier stable carrier_field
t=0913 delta carrier stable carrier_field
t=0914 delta carrier stable carrier_field
t=0915 delta carrier stable carrier_field
t=0916 delta carrier stable carrier_field
t=0917 delta carrier stable carrier_field
t=0918 delta carrier stable carrier_field
t=0919 delta carrier stable carrier_field
t=0920 delta carrier stable carrier_field
t=0921 delta carrier stable carrier_field
t=0922 delta carrier stable carrier_field
t=0923 delta carrier stable carrier_field
t=0924 delta carrier stable carrier_field
t=0925 delta carrier stable carrier_field
t=0926 delta carrier stable carrier_field
t=0927 delta carrier stable carrier_field
t=0928 delta carrier stable carrier_field
t=0929 delta carrier stable carrier_field
t=0930 delta carrier stable mu local flicker nested_burst
t=0931 delta carrier stable zeta pulse fall nested_burst
t=0932 delta carrier stable mu local flicker nested_burst
t=0933 delta carrier stable zeta pulse fall nested_burst
t=0934 delta carrier stable epsilon pulse rise nested_burst
t=0935 delta carrier stable epsilon pulse rise nested_burst
t=0936 delta carrier stable zeta pulse fall nested_burst
t=0937 delta carrier stable mu local flicker nested_burst
t=0938 delta carrier stable epsilon pulse rise nested_burst
t=0939 delta carrier stable mu local flicker nested_burst
t=0940 delta carrier stable epsilon pulse rise nested_burst
t=0941 delta carrier stable epsilon pulse rise nested_burst
t=0942 delta carrier stable mu local flicker nested_burst
t=0943 delta carrier stable epsilon pulse rise nested_burst
t=0944 delta carrier stable mu local flicker nested_burst
t=0945 delta carrier stable mu local flicker nested_burst
t=0946 delta carrier stable zeta pulse fall nested_burst
t=0947 delta carrier stable epsilon pulse rise nested_burst
t=0948 delta carrier stable mu local flicker nested_burst
t=0949 delta carrier stable zeta pulse fall nested_burst
t=0950 delta carrier stable zeta pulse fall nested_burst
t=0951 delta carrier stable zeta pulse fall nested_burst
t=0952 delta carrier stable zeta pulse fall nested_burst
t=0953 delta carrier stable mu local flicker nested_burst
t=0954 delta carrier stable mu local flicker nested_burst
t=0955 delta carrier stable mu local flicker nested_burst
t=0956 delta carrier stable zeta pulse fall nested_burst
t=0957 delta carrier stable epsilon pulse rise nested_burst
t=0958 delta carrier stable epsilon pulse rise nested_burst
t=0959 delta carrier stable epsilon pulse rise nested_burst
t=0960 delta carrier stable epsilon pulse rise nested_burst
t=0961 delta carrier stable zeta pulse fall nested_burst
t=0962 delta carrier stable zeta pulse fall nested_burst
t=0963 delta carrier stable mu local flicker nested_burst
t=0964 delta carrier stable zeta pulse fall nested_burst
t=0965 delta carrier stable carrier_field
t=0966 delta carrier stable carrier_field
t=0967 delta carrier stable carrier_field
t=0968 delta carrier stable carrier_field
t=0969 delta carrier stable carrier_field
t=0970 delta carrier stable carrier_field
t=0971 delta carrier stable carrier_field
t=0972 delta carrier stable carrier_field
t=0973 delta carrier stable carrier_field
t=0974 delta carrier stable carrier_field
t=0975 delta carrier stable carrier_field
t=0976 delta carrier stable carrier_field
t=0977 delta carrier stable carrier_field
t=0978 delta carrier stable carrier_field
t=0979 delta carrier stable carrier_field
t=0980 delta carrier stable carrier_field
t=0981 delta carrier stable carrier_field
t=0982 delta carrier stable carrier_field
t=0983 delta carrier stable carrier_field
t=0984 delta carrier stable carrier_field
t=0985 delta carrier stable carrier_field
t=0986 delta carrier stable carrier_field
t=0987 delta carrier stable carrier_field
t=0988 delta carrier stable carrier_field
t=0989 delta carrier stable carrier_field
t=0990 delta carrier stable carrier_field
t=0991 delta carrier stable carrier_field
t=0992 delta carrier stable carrier_field
t=0993 delta carrier stable carrier_field
t=0994 delta carrier stable carrier_field
t=0995 delta carrier stable carrier_field
t=0996 delta carrier stable carrier_field
t=0997 delta carrier stable carrier_field
t=0998 delta carrier stable carrier_field
t=0999 delta carrier stable carrier_field
t=1000 lambda return path carrier_field
t=1001 lambda return path carrier_field
t=1002 lambda return path carrier_field
t=1003 lambda return path carrier_field
t=1004 lambda return path carrier_field
t=1005 lambda return path carrier_field
t=1006 lambda return path carrier_field
t=1007 lambda return path carrier_field
t=1008 lambda return path carrier_field
t=1009 lambda return path carrier_field
t=1010 lambda return path carrier_field
t=1011 lambda return path carrier_field
t=1012 lambda return path carrier_field
t=1013 lambda return path carrier_field
t=1014 lambda return path carrier_field
t=1015 lambda return path carrier_field
t=1016 lambda return path carrier_field
t=1017 lambda return path carrier_field
t=1018 lambda return path carrier_field
t=1019 lambda return path carrier_field
t=1020 lambda return path carrier_field
t=1021 lambda return path carrier_field
t=1022 lambda return path carrier_field
t=1023 lambda return path carrier_field
t=1024 lambda return path carrier_field
t=1025 lambda return path carrier_field
t=1026 lambda return path carrier_field
t=1027 lambda return path carrier_field
t=1028 lambda return path carrier_field
t=1029 lambda return path carrier_field
t=1030 lambda return path carrier_field
t=1031 lambda return path carrier_field
t=1032 lambda return path carrier_field
t=1033 lambda return path carrier_field
t=1034 lambda return path carrier_field
t=1035 lambda return path carrier_field
t=1036 lambda return path carrier_field
t=1037 lambda return path carrier_field
t=1038 lambda return path carrier_field
t=1039 lambda return path carrier_field
t=1040 lambda return path carrier_field
t=1041 lambda return path carrier_field
t=1042 lambda return path carrier_field
t=1043 lambda return path carrier_field
t=1044 lambda return path carrier_field
t=1045 lambda return path carrier_field
t=1046 lambda return path carrier_field
t=1047 lambda return path carrier_field
t=1048 lambda return path carrier_field
t=1049 lambda return path carrier_field
t=1050 lambda return path carrier_field
t=1051 lambda return path carrier_field
t=1052 lambda return path carrier_field
t=1053 lambda return path carrier_field
t=1054 lambda return path carrier_field
t=1055 lambda return path carrier_field
t=1056 lambda return path carrier_field
t=1057 lambda return path carrier_field
t=1058 lambda return path carrier_field
t=1059 lambda return path carrier_field
t=1060 lambda return path carrier_field
t=1061 lambda return path carrier_field
t=1062 lambda return path carrier_field
t=1063 lambda return path carrier_field
t=1064 lambda return path carrier_field
t=1065 lambda return path carrier_field
t=1066 lambda return path carrier_field
t=1067 lambda return path carrier_field
t=1068 lambda return path carrier_field
t=1069 lambda return path carrier_field
t=1070 lambda return path carrier_field
t=1071 lambda return path carrier_field
t=1072 lambda return path carrier_field
t=1073 lambda return path carrier_field
t=1074 lambda return path carrier_field
t=1075 lambda return path carrier_field
t=1076 lambda return path carrier_field
t=1077 lambda return path carrier_field
t=1078 lambda return path carrier_field
t=1079 lambda return path carrier_field
t=1080 lambda return path carrier_field
t=1081 lambda return path carrier_field
t=1082 lambda return path carrier_field
t=1083 lambda return path carrier_field
t=1084 lambda return path carrier_field
t=1085 lambda return path carrier_field
t=1086 lambda return path carrier_field
t=1087 lambda return path carrier_field
t=1088 lambda return path carrier_field
t=1089 lambda return path carrier_field
t=1090 lambda return path carrier_field
t=1091 lambda return path carrier_field
t=1092 lambda return path carrier_field
t=1093 lambda return path carrier_field
t=1094 lambda return path carrier_field
t=1095 lambda return path carrier_field
t=1096 lambda return path carrier_field
t=1097 lambda return path carrier_field
t=1098 lambda return path carrier_field
t=1099 lambda return path carrier_field
t=1100 lambda return path carrier_field
t=1101 lambda return path carrier_field
t=1102 lambda return path carrier_field
t=1103 lambda return path carrier_field
t=1104 lambda return path carrier_field
t=1105 lambda return path carrier_field
t=1106 lambda return path carrier_field
t=1107 lambda return path carrier_field
t=1108 lambda return path carrier_field
t=1109 lambda return path carrier_field
t=1110 lambda return path zeta pulse fall nested_burst
t=1111 lambda return path mu local flicker nested_burst
t=1112 lambda return path zeta pulse fall nested_burst
t=1113 lambda return path mu local flicker nested_burst
t=1114 lambda return path epsilon pulse rise nested_burst
t=1115 lambda return path zeta pulse fall nested_burst
t=1116 lambda return path mu local flicker nested_burst
t=1117 lambda return path zeta pulse fall nested_burst
t=1118 lambda return path epsilon pulse rise nested_burst
t=1119 lambda return path mu local flicker nested_burst
t=1120 eta drift low iota boundary thin nested_burst
t=1121 eta drift low zeta pulse fall nested_burst
t=1122 eta drift low zeta pulse fall nested_burst
t=1123 eta drift low gamma seam shift nested_burst
t=1124 eta drift low gamma seam shift nested_burst
t=1125 eta drift low epsilon pulse rise nested_burst
t=1126 eta drift low epsilon pulse rise nested_burst
t=1127 eta drift low iota boundary thin nested_burst
t=1128 eta drift low iota boundary thin nested_burst
t=1129 eta drift low iota boundary thin nested_burst
t=1130 eta drift low zeta pulse fall nested_burst
t=1131 eta drift low gamma seam shift nested_burst
t=1132 eta drift low mu local flicker nested_burst
t=1133 eta drift low epsilon pulse rise nested_burst
t=1134 eta drift low gamma seam shift nested_burst
t=1135 eta drift low zeta pulse fall nested_burst
t=1136 eta drift low iota boundary thin nested_burst
t=1137 eta drift low gamma seam shift nested_burst
t=1138 eta drift low iota boundary thin nested_burst
t=1139 eta drift low iota boundary thin nested_burst
t=1140 eta drift low iota boundary thin nested_burst
t=1141 eta drift low iota boundary thin nested_burst
t=1142 eta drift low epsilon pulse rise nested_burst
t=1143 eta drift low iota boundary thin nested_burst
t=1144 eta drift low zeta pulse fall nested_burst
t=1145 eta drift low carrier_field
t=1146 eta drift low carrier_field
t=1147 eta drift low carrier_field
t=1148 eta drift low carrier_field
t=1149 eta drift low carrier_field
t=1150 eta drift low carrier_field
t=1151 eta drift low carrier_field
t=1152 eta drift low carrier_field
t=1153 eta drift low carrier_field
t=1154 eta drift low carrier_field
t=1155 eta drift low carrier_field
t=1156 eta drift low carrier_field
t=1157 eta drift low carrier_field
t=1158 eta drift low carrier_field
t=1159 eta drift low carrier_field
t=1160 eta drift low carrier_field
t=1161 eta drift low carrier_field
t=1162 eta drift low carrier_field
t=1163 eta drift low carrier_field
t=1164 eta drift low carrier_field
t=1165 eta drift low carrier_field
t=1166 eta drift low carrier_field
t=1167 eta drift low carrier_field
t=1168 eta drift low carrier_field
t=1169 eta drift low carrier_field
t=1170 eta drift low carrier_field
t=1171 eta drift low carrier_field
t=1172 eta drift low carrier_field
t=1173 eta drift low carrier_field
t=1174 eta drift low carrier_field
t=1175 eta drift low carrier_field
t=1176 eta drift low carrier_field
t=1177 eta drift low carrier_field
t=1178 eta drift low carrier_field
t=1179 eta drift low carrier_field
t=1180 eta drift low carrier_field
t=1181 eta drift low carrier_field
t=1182 eta drift low carrier_field
t=1183 eta drift low carrier_field
t=1184 eta drift low carrier_field
t=1185 eta drift low carrier_field
t=1186 eta drift low carrier_field
t=1187 eta drift low carrier_field
t=1188 eta drift low carrier_field
t=1189 eta drift low carrier_field
t=1190 eta drift low carrier_field
t=1191 eta drift low carrier_field
t=1192 eta drift low carrier_field
t=1193 eta drift low carrier_field
t=1194 eta drift low carrier_field
t=1195 eta drift low carrier_field
t=1196 eta drift low carrier_field
t=1197 eta drift low carrier_field
t=1198 eta drift low carrier_field
t=1199 eta drift low carrier_field
t=1200 eta drift low carrier_field
t=1201 eta drift low carrier_field
t=1202 eta drift low carrier_field
t=1203 eta drift low carrier_field
t=1204 eta drift low carrier_field
t=1205 eta drift low carrier_field
t=1206 eta drift low carrier_field
t=1207 eta drift low carrier_field
t=1208 eta drift low carrier_field
t=1209 eta drift low carrier_field
t=1210 eta drift low carrier_field
t=1211 eta drift low carrier_field
t=1212 eta drift low carrier_field
t=1213 eta drift low carrier_field
t=1214 eta drift low carrier_field
t=1215 eta drift low carrier_field
t=1216 eta drift low carrier_field
t=1217 eta drift low carrier_field
t=1218 eta drift low carrier_field
t=1219 eta drift low carrier_field
t=1220 eta drift low carrier_field
t=1221 eta drift low carrier_field
t=1222 eta drift low carrier_field
t=1223 eta drift low carrier_field
t=1224 eta drift low carrier_field
t=1225 eta drift low carrier_field
t=1226 eta drift low carrier_field
t=1227 eta drift low carrier_field
t=1228 eta drift low carrier_field
t=1229 eta drift low carrier_field
t=1230 eta drift low carrier_field
t=1231 eta drift low carrier_field
t=1232 eta drift low carrier_field
t=1233 eta drift low carrier_field
t=1234 eta drift low carrier_field
t=1235 eta drift low carrier_field
t=1236 eta drift low carrier_field
t=1237 eta drift low carrier_field
t=1238 eta drift low carrier_field
t=1239 eta drift low carrier_field
t=1240 eta drift low carrier_field
t=1241 eta drift low carrier_field
t=1242 eta drift low carrier_field
t=1243 eta drift low carrier_field
t=1244 eta drift low carrier_field
t=1245 eta drift low carrier_field
t=1246 eta drift low carrier_field
t=1247 eta drift low carrier_field
t=1248 eta drift low carrier_field
t=1249 eta drift low carrier_field
t=1250 eta drift low carrier_field
t=1251 eta drift low carrier_field
t=1252 eta drift low carrier_field
t=1253 eta drift low carrier_field
t=1254 eta drift low carrier_field
t=1255 eta drift low carrier_field
t=1256 eta drift low carrier_field
t=1257 eta drift low carrier_field
t=1258 eta drift low carrier_field
t=1259 eta drift low carrier_field
t=1260 eta drift low carrier_field
t=1261 eta drift low carrier_field
t=1262 eta drift low carrier_field
t=1263 eta drift low carrier_field
t=1264 eta drift low carrier_field
t=1265 eta drift low carrier_field
t=1266 eta drift low carrier_field
t=1267 eta drift low carrier_field
t=1268 eta drift low carrier_field
t=1269 eta drift low carrier_field
t=1270 eta drift low carrier_field
t=1271 eta drift low carrier_field
t=1272 eta drift low carrier_field
t=1273 eta drift low carrier_field
t=1274 eta drift low carrier_field
t=1275 eta drift low carrier_field
t=1276 eta drift low carrier_field
t=1277 eta drift low carrier_field
t=1278 eta drift low carrier_field
t=1279 eta drift low carrier_field
t=1280 eta drift low carrier_field
t=1281 eta drift low carrier_field
t=1282 eta drift low carrier_field
t=1283 eta drift low carrier_field
t=1284 eta drift low carrier_field
t=1285 eta drift low carrier_field
t=1286 eta drift low carrier_field
t=1287 eta drift low carrier_field
t=1288 eta drift low carrier_field
t=1289 eta drift low carrier_field
t=1290 eta drift low zeta pulse fall nested_burst
t=1291 eta drift low epsilon pulse rise nested_burst
t=1292 eta drift low epsilon pulse rise nested_burst
t=1293 eta drift low zeta pulse fall nested_burst
t=1294 eta drift low epsilon pulse rise nested_burst
t=1295 eta drift low zeta pulse fall nested_burst
t=1296 eta drift low epsilon pulse rise nested_burst
t=1297 eta drift low epsilon pulse rise nested_burst
t=1298 eta drift low epsilon pulse rise nested_burst
t=1299 eta drift low mu local flicker nested_burst
t=1300 eta drift low epsilon pulse rise nested_burst
t=1301 eta drift low epsilon pulse rise nested_burst
t=1302 eta drift low zeta pulse fall nested_burst
t=1303 eta drift low zeta pulse fall nested_burst
t=1304 eta drift low mu local flicker nested_burst
t=1305 eta drift low mu local flicker nested_burst
t=1306 eta drift low epsilon pulse rise nested_burst
t=1307 eta drift low epsilon pulse rise nested_burst
t=1308 eta drift low mu local flicker nested_burst
t=1309 eta drift low mu local flicker nested_burst
t=1310 eta drift low epsilon pulse rise nested_burst
t=1311 eta drift low zeta pulse fall nested_burst
t=1312 eta drift low epsilon pulse rise nested_burst
t=1313 eta drift low mu local flicker nested_burst
t=1314 eta drift low zeta pulse fall nested_burst
t=1315 eta drift low mu local flicker nested_burst
t=1316 eta drift low epsilon pulse rise nested_burst
t=1317 eta drift low epsilon pulse rise nested_burst
t=1318 eta drift low epsilon pulse rise nested_burst
t=1319 eta drift low epsilon pulse rise nested_burst
t=1320 eta drift low mu local flicker nested_burst
t=1321 eta drift low zeta pulse fall nested_burst
t=1322 eta drift low mu local flicker nested_burst
t=1323 eta drift low mu local flicker nested_burst
t=1324 eta drift low mu local flicker nested_burst
t=1325 eta drift low carrier_field
t=1326 eta drift low carrier_field
t=1327 eta drift low carrier_field
t=1328 eta drift low carrier_field
t=1329 eta drift low carrier_field
t=1330 eta drift low carrier_field
t=1331 eta drift low carrier_field
t=1332 eta drift low carrier_field
t=1333 eta drift low carrier_field
t=1334 eta drift low carrier_field
t=1335 eta drift low carrier_field
t=1336 eta drift low carrier_field
t=1337 eta drift low carrier_field
t=1338 eta drift low carrier_field
t=1339 eta drift low carrier_field
t=1340 eta drift low carrier_field
t=1341 eta drift low carrier_field
t=1342 eta drift low carrier_field
t=1343 eta drift low carrier_field
t=1344 eta drift low carrier_field
t=1345 eta drift low carrier_field
t=1346 eta drift low carrier_field
t=1347 eta drift low carrier_field
t=1348 eta drift low carrier_field
t=1349 eta drift low carrier_field
t=1350 eta drift low carrier_field
t=1351 eta drift low carrier_field
t=1352 eta drift low carrier_field
t=1353 eta drift low carrier_field
t=1354 eta drift low carrier_field
t=1355 eta drift low carrier_field
t=1356 eta drift low carrier_field
t=1357 eta drift low carrier_field
t=1358 eta drift low carrier_field
t=1359 eta drift low carrier_field
t=1360 eta drift low carrier_field
t=1361 eta drift low carrier_field
t=1362 eta drift low carrier_field
t=1363 eta drift low carrier_field
t=1364 eta drift low carrier_field
t=1365 eta drift low carrier_field
t=1366 eta drift low carrier_field
t=1367 eta drift low carrier_field
t=1368 eta drift low carrier_field
t=1369 eta drift low carrier_field
t=1370 eta drift low carrier_field
t=1371 eta drift low carrier_field
t=1372 eta drift low carrier_field
t=1373 eta drift low carrier_field
t=1374 eta drift low carrier_field
t=1375 eta drift low carrier_field
t=1376 eta drift low carrier_field
t=1377 eta drift low carrier_field
t=1378 eta drift low carrier_field
t=1379 eta drift low carrier_field
t=1380 eta drift low carrier_field
t=1381 eta drift low carrier_field
t=1382 eta drift low carrier_field
t=1383 eta drift low carrier_field
t=1384 eta drift low carrier_field
t=1385 eta drift low carrier_field
t=1386 eta drift low carrier_field
t=1387 eta drift low carrier_field
t=1388 eta drift low carrier_field
t=1389 eta drift low carrier_field
t=1390 eta drift low carrier_field
t=1391 eta drift low carrier_field
t=1392 eta drift low carrier_field
t=1393 eta drift low carrier_field
t=1394 eta drift low carrier_field
t=1395 eta drift low carrier_field
t=1396 eta drift low carrier_field
t=1397 eta drift low carrier_field
t=1398 eta drift low carrier_field
t=1399 eta drift low carrier_field
t=1400 eta drift low carrier_field
t=1401 eta drift low carrier_field
t=1402 eta drift low carrier_field
t=1403 eta drift low carrier_field
t=1404 eta drift low carrier_field
t=1405 eta drift low carrier_field
t=1406 eta drift low carrier_field
t=1407 eta drift low carrier_field
t=1408 eta drift low carrier_field
t=1409 eta drift low carrier_field
t=1410 eta drift low carrier_field
t=1411 eta drift low carrier_field
t=1412 eta drift low carrier_field
t=1413 eta drift low carrier_field
t=1414 eta drift low carrier_field
t=1415 eta drift low carrier_field
t=1416 eta drift low carrier_field
t=1417 eta drift low carrier_field
t=1418 eta drift low carrier_field
t=1419 eta drift low carrier_field
t=1420 eta drift low carrier_field
t=1421 eta drift low carrier_field
t=1422 eta drift low carrier_field
t=1423 eta drift low carrier_field
t=1424 eta drift low carrier_field
t=1425 eta drift low carrier_field
t=1426 eta drift low carrier_field
t=1427 eta drift low carrier_field
t=1428 eta drift low carrier_field
t=1429 eta drift low carrier_field
t=1430 eta drift low carrier_field
t=1431 eta drift low carrier_field
t=1432 eta drift low carrier_field
t=1433 eta drift low carrier_field
t=1434 eta drift low carrier_field
t=1435 eta drift low carrier_field
t=1436 eta drift low carrier_field
t=1437 eta drift low carrier_field
t=1438 eta drift low carrier_field
t=1439 eta drift low carrier_field
t=1440 eta drift low carrier_field
t=1441 eta drift low carrier_field
t=1442 eta drift low carrier_field
t=1443 eta drift low carrier_field
t=1444 eta drift low carrier_field
t=1445 eta drift low carrier_field
t=1446 eta drift low carrier_field
t=1447 eta drift low carrier_field
t=1448 eta drift low carrier_field
t=1449 eta drift low carrier_field
t=1450 beta gate hold recomposition_pocket
t=1451 gamma seam shift recomposition_pocket
t=1452 gamma seam shift recomposition_pocket
t=1453 gamma seam shift recomposition_pocket
t=1454 beta gate hold recomposition_pocket
t=1455 gamma seam shift recomposition_pocket
t=1456 beta gate hold recomposition_pocket
t=1457 gamma seam shift recomposition_pocket
t=1458 gamma seam shift recomposition_pocket
t=1459 beta gate hold recomposition_pocket
t=1460 beta gate hold recomposition_pocket
t=1461 beta gate hold recomposition_pocket
t=1462 beta gate hold recomposition_pocket
t=1463 beta gate hold recomposition_pocket
t=1464 gamma seam shift recomposition_pocket
t=1465 beta gate hold recomposition_pocket
t=1466 beta gate hold recomposition_pocket
t=1467 beta gate hold recomposition_pocket
t=1468 beta gate hold recomposition_pocket
t=1469 beta gate hold recomposition_pocket
t=1470 eta drift low mu local flicker nested_burst
t=1471 eta drift low epsilon pulse rise nested_burst
t=1472 eta drift low zeta pulse fall nested_burst
t=1473 eta drift low mu local flicker nested_burst
t=1474 eta drift low mu local flicker nested_burst
t=1475 eta drift low epsilon pulse rise nested_burst
t=1476 eta drift low zeta pulse fall nested_burst
t=1477 eta drift low mu local flicker nested_burst
t=1478 eta drift low zeta pulse fall nested_burst
t=1479 eta drift low zeta pulse fall nested_burst
t=1480 eta drift low epsilon pulse rise nested_burst
t=1481 eta drift low zeta pulse fall nested_burst
t=1482 eta drift low mu local flicker nested_burst
t=1483 eta drift low mu local flicker nested_burst
t=1484 eta drift low epsilon pulse rise nested_burst
t=1485 eta drift low zeta pulse fall nested_burst
t=1486 eta drift low zeta pulse fall nested_burst
t=1487 eta drift low epsilon pulse rise nested_burst
t=1488 eta drift low mu local flicker nested_burst
t=1489 eta drift low epsilon pulse rise nested_burst
t=1490 eta drift low mu local flicker nested_burst
t=1491 eta drift low zeta pulse fall nested_burst
t=1492 eta drift low zeta pulse fall nested_burst
t=1493 eta drift low mu local flicker nested_burst
t=1494 eta drift low epsilon pulse rise nested_burst
t=1495 eta drift low zeta pulse fall nested_burst
t=1496 eta drift low mu local flicker nested_burst
t=1497 eta drift low zeta pulse fall nested_burst
t=1498 eta drift low epsilon pulse rise nested_burst
t=1499 eta drift low mu local flicker nested_burst
t=1500 eta drift low mu local flicker nested_burst
t=1501 eta drift low zeta pulse fall nested_burst
t=1502 eta drift low mu local flicker nested_burst
t=1503 eta drift low zeta pulse fall nested_burst
t=1504 eta drift low zeta pulse fall nested_burst
t=1505 gamma seam shift recomposition_pocket
t=1506 beta gate hold recomposition_pocket
t=1507 beta gate hold recomposition_pocket
t=1508 gamma seam shift recomposition_pocket
t=1509 gamma seam shift recomposition_pocket
t=1510 gamma seam shift recomposition_pocket
t=1511 beta gate hold recomposition_pocket
t=1512 gamma seam shift recomposition_pocket
t=1513 gamma seam shift recomposition_pocket
t=1514 beta gate hold recomposition_pocket
t=1515 gamma seam shift recomposition_pocket
t=1516 beta gate hold recomposition_pocket
t=1517 beta gate hold recomposition_pocket
t=1518 beta gate hold recomposition_pocket
t=1519 beta gate hold recomposition_pocket
t=1520 beta gate hold recomposition_pocket
t=1521 beta gate hold recomposition_pocket
t=1522 beta gate hold recomposition_pocket
t=1523 beta gate hold recomposition_pocket
t=1524 beta gate hold recomposition_pocket
t=1525 gamma seam shift recomposition_pocket
t=1526 beta gate hold recomposition_pocket
t=1527 beta gate hold recomposition_pocket
t=1528 beta gate hold recomposition_pocket
t=1529 gamma seam shift recomposition_pocket
t=1530 beta gate hold recomposition_pocket
t=1531 beta gate hold recomposition_pocket
t=1532 gamma seam shift recomposition_pocket
t=1533 beta gate hold recomposition_pocket
t=1534 beta gate hold recomposition_pocket
t=1535 gamma seam shift recomposition_pocket
t=1536 gamma seam shift recomposition_pocket
t=1537 gamma seam shift recomposition_pocket
t=1538 gamma seam shift recomposition_pocket
t=1539 gamma seam shift recomposition_pocket
t=1540 gamma seam shift recomposition_pocket
t=1541 gamma seam shift recomposition_pocket
t=1542 gamma seam shift recomposition_pocket
t=1543 beta gate hold recomposition_pocket
t=1544 gamma seam shift recomposition_pocket
t=1545 beta gate hold recomposition_pocket
t=1546 gamma seam shift recomposition_pocket
t=1547 beta gate hold recomposition_pocket
t=1548 gamma seam shift recomposition_pocket
t=1549 beta gate hold recomposition_pocket
t=1550 gamma seam shift recomposition_pocket
t=1551 beta gate hold recomposition_pocket
t=1552 beta gate hold recomposition_pocket
t=1553 gamma seam shift recomposition_pocket
t=1554 gamma seam shift recomposition_pocket
t=1555 beta gate hold recomposition_pocket
t=1556 beta gate hold recomposition_pocket
t=1557 gamma seam shift recomposition_pocket
t=1558 gamma seam shift recomposition_pocket
t=1559 beta gate hold recomposition_pocket
t=1560 gamma seam shift recomposition_pocket
t=1561 gamma seam shift recomposition_pocket
t=1562 beta gate hold recomposition_pocket
t=1563 gamma seam shift recomposition_pocket
t=1564 beta gate hold recomposition_pocket
t=1565 gamma seam shift recomposition_pocket
t=1566 gamma seam shift recomposition_pocket
t=1567 gamma seam shift recomposition_pocket
t=1568 gamma seam shift recomposition_pocket
t=1569 gamma seam shift recomposition_pocket
t=1570 theta drift high carrier_field
t=1571 theta drift high carrier_field
t=1572 theta drift high carrier_field
t=1573 theta drift high carrier_field
t=1574 theta drift high carrier_field
t=1575 theta drift high carrier_field
t=1576 theta drift high carrier_field
t=1577 theta drift high carrier_field
t=1578 theta drift high carrier_field
t=1579 theta drift high carrier_field
t=1580 theta drift high carrier_field
t=1581 theta drift high carrier_field
t=1582 theta drift high carrier_field
t=1583 theta drift high carrier_field
t=1584 theta drift high carrier_field
t=1585 theta drift high carrier_field
t=1586 theta drift high carrier_field
t=1587 theta drift high carrier_field
t=1588 theta drift high carrier_field
t=1589 theta drift high carrier_field
t=1590 theta drift high carrier_field
t=1591 theta drift high carrier_field
t=1592 theta drift high carrier_field
t=1593 theta drift high carrier_field
t=1594 theta drift high carrier_field
t=1595 theta drift high carrier_field
t=1596 theta drift high carrier_field
t=1597 theta drift high carrier_field
t=1598 theta drift high carrier_field
t=1599 theta drift high carrier_field
t=1600 theta drift high carrier_field
t=1601 theta drift high carrier_field
t=1602 theta drift high carrier_field
t=1603 theta drift high carrier_field
t=1604 theta drift high carrier_field
t=1605 theta drift high carrier_field
t=1606 theta drift high carrier_field
t=1607 theta drift high carrier_field
t=1608 theta drift high carrier_field
t=1609 theta drift high carrier_field
t=1610 theta drift high carrier_field
t=1611 theta drift high carrier_field
t=1612 theta drift high carrier_field
t=1613 theta drift high carrier_field
t=1614 theta drift high carrier_field
t=1615 theta drift high carrier_field
t=1616 theta drift high carrier_field
t=1617 theta drift high carrier_field
t=1618 theta drift high carrier_field
t=1619 theta drift high carrier_field
t=1620 theta drift high carrier_field
t=1621 theta drift high carrier_field
t=1622 theta drift high carrier_field
t=1623 theta drift high carrier_field
t=1624 theta drift high carrier_field
t=1625 theta drift high carrier_field
t=1626 theta drift high carrier_field
t=1627 theta drift high carrier_field
t=1628 theta drift high carrier_field
t=1629 theta drift high carrier_field
t=1630 theta drift high carrier_field
t=1631 theta drift high carrier_field
t=1632 theta drift high carrier_field
t=1633 theta drift high carrier_field
t=1634 theta drift high carrier_field
t=1635 theta drift high carrier_field
t=1636 theta drift high carrier_field
t=1637 theta drift high carrier_field
t=1638 theta drift high carrier_field
t=1639 theta drift high carrier_field
t=1640 theta drift high carrier_field
t=1641 theta drift high carrier_field
t=1642 theta drift high carrier_field
t=1643 theta drift high carrier_field
t=1644 theta drift high carrier_field
t=1645 theta drift high carrier_field
t=1646 theta drift high carrier_field
t=1647 theta drift high carrier_field
t=1648 theta drift high carrier_field
t=1649 theta drift high carrier_field
t=1650 theta drift high mu local flicker nested_burst
t=1651 theta drift high epsilon pulse rise nested_burst
t=1652 theta drift high epsilon pulse rise nested_burst
t=1653 theta drift high epsilon pulse rise nested_burst
t=1654 theta drift high zeta pulse fall nested_burst
t=1655 theta drift high zeta pulse fall nested_burst
t=1656 theta drift high mu local flicker nested_burst
t=1657 theta drift high mu local flicker nested_burst
t=1658 theta drift high mu local flicker nested_burst
t=1659 theta drift high epsilon pulse rise nested_burst
t=1660 theta drift high iota boundary thin nested_burst
t=1661 theta drift high gamma seam shift nested_burst
t=1662 theta drift high mu local flicker nested_burst
t=1663 theta drift high gamma seam shift nested_burst
t=1664 theta drift high mu local flicker nested_burst
t=1665 theta drift high iota boundary thin nested_burst
t=1666 theta drift high epsilon pulse rise nested_burst
t=1667 theta drift high iota boundary thin nested_burst
t=1668 theta drift high iota boundary thin nested_burst
t=1669 theta drift high iota boundary thin nested_burst
t=1670 theta drift high zeta pulse fall nested_burst
t=1671 theta drift high gamma seam shift nested_burst
t=1672 theta drift high iota boundary thin nested_burst
t=1673 theta drift high epsilon pulse rise nested_burst
t=1674 theta drift high iota boundary thin nested_burst
t=1675 theta drift high mu local flicker nested_burst
t=1676 theta drift high gamma seam shift nested_burst
t=1677 theta drift high mu local flicker nested_burst
t=1678 theta drift high gamma seam shift nested_burst
t=1679 theta drift high gamma seam shift nested_burst
t=1680 theta drift high epsilon pulse rise nested_burst
t=1681 theta drift high gamma seam shift nested_burst
t=1682 theta drift high mu local flicker nested_burst
t=1683 theta drift high gamma seam shift nested_burst
t=1684 theta drift high gamma seam shift nested_burst
t=1685 theta drift high carrier_field
t=1686 theta drift high carrier_field
t=1687 theta drift high carrier_field
t=1688 theta drift high carrier_field
t=1689 theta drift high carrier_field
t=1690 theta drift high carrier_field
t=1691 theta drift high carrier_field
t=1692 theta drift high carrier_field
t=1693 theta drift high carrier_field
t=1694 theta drift high carrier_field
t=1695 theta drift high carrier_field
t=1696 theta drift high carrier_field
t=1697 theta drift high carrier_field
t=1698 theta drift high carrier_field
t=1699 theta drift high carrier_field
t=1700 theta drift high carrier_field
t=1701 theta drift high carrier_field
t=1702 theta drift high carrier_field
t=1703 theta drift high carrier_field
t=1704 theta drift high carrier_field
t=1705 theta drift high carrier_field
t=1706 theta drift high carrier_field
t=1707 theta drift high carrier_field
t=1708 theta drift high carrier_field
t=1709 theta drift high carrier_field
t=1710 theta drift high carrier_field
t=1711 theta drift high carrier_field
t=1712 theta drift high carrier_field
t=1713 theta drift high carrier_field
t=1714 theta drift high carrier_field
t=1715 theta drift high carrier_field
t=1716 theta drift high carrier_field
t=1717 theta drift high carrier_field
t=1718 theta drift high carrier_field
t=1719 theta drift high carrier_field
t=1720 theta drift high carrier_field
t=1721 theta drift high carrier_field
t=1722 theta drift high carrier_field
t=1723 theta drift high carrier_field
t=1724 theta drift high carrier_field
t=1725 theta drift high carrier_field
t=1726 theta drift high carrier_field
t=1727 theta drift high carrier_field
t=1728 theta drift high carrier_field
t=1729 theta drift high carrier_field
t=1730 theta drift high carrier_field
t=1731 theta drift high carrier_field
t=1732 theta drift high carrier_field
t=1733 theta drift high carrier_field
t=1734 theta drift high carrier_field
t=1735 theta drift high carrier_field
t=1736 theta drift high carrier_field
t=1737 theta drift high carrier_field
t=1738 theta drift high carrier_field
t=1739 theta drift high carrier_field
t=1740 theta drift high carrier_field
t=1741 theta drift high carrier_field
t=1742 theta drift high carrier_field
t=1743 theta drift high carrier_field
t=1744 theta drift high carrier_field
t=1745 theta drift high carrier_field
t=1746 theta drift high carrier_field
t=1747 theta drift high carrier_field
t=1748 theta drift high carrier_field
t=1749 theta drift high carrier_field
t=1750 theta drift high carrier_field
t=1751 theta drift high carrier_field
t=1752 theta drift high carrier_field
t=1753 theta drift high carrier_field
t=1754 theta drift high carrier_field
t=1755 theta drift high carrier_field
t=1756 theta drift high carrier_field
t=1757 theta drift high carrier_field
t=1758 theta drift high carrier_field
t=1759 theta drift high carrier_field
t=1760 theta drift high carrier_field
t=1761 theta drift high carrier_field
t=1762 theta drift high carrier_field
t=1763 theta drift high carrier_field
t=1764 theta drift high carrier_field
t=1765 theta drift high carrier_field
t=1766 theta drift high carrier_field
t=1767 theta drift high carrier_field
t=1768 theta drift high carrier_field
t=1769 theta drift high carrier_field
t=1770 theta drift high carrier_field
t=1771 theta drift high carrier_field
t=1772 theta drift high carrier_field
t=1773 theta drift high carrier_field
t=1774 theta drift high carrier_field
t=1775 theta drift high carrier_field
t=1776 theta drift high carrier_field
t=1777 theta drift high carrier_field
t=1778 theta drift high carrier_field
t=1779 theta drift high carrier_field
t=1780 theta drift high carrier_field
t=1781 theta drift high carrier_field
t=1782 theta drift high carrier_field
t=1783 theta drift high carrier_field
t=1784 theta drift high carrier_field
t=1785 theta drift high carrier_field
t=1786 theta drift high carrier_field
t=1787 theta drift high carrier_field
t=1788 theta drift high carrier_field
t=1789 theta drift high carrier_field
t=1790 theta drift high carrier_field
t=1791 theta drift high carrier_field
t=1792 theta drift high carrier_field
t=1793 theta drift high carrier_field
t=1794 theta drift high carrier_field
t=1795 theta drift high carrier_field
t=1796 theta drift high carrier_field
t=1797 theta drift high carrier_field
t=1798 theta drift high carrier_field
t=1799 theta drift high carrier_field
t=1800 theta drift high carrier_field
t=1801 theta drift high carrier_field
t=1802 theta drift high carrier_field
t=1803 theta drift high carrier_field
t=1804 theta drift high carrier_field
t=1805 theta drift high carrier_field
t=1806 theta drift high carrier_field
t=1807 theta drift high carrier_field
t=1808 theta drift high carrier_field
t=1809 theta drift high carrier_field
t=1810 theta drift high carrier_field
t=1811 theta drift high carrier_field
t=1812 theta drift high carrier_field
t=1813 theta drift high carrier_field
t=1814 theta drift high carrier_field
t=1815 theta drift high carrier_field
t=1816 theta drift high carrier_field
t=1817 theta drift high carrier_field
t=1818 theta drift high carrier_field
t=1819 theta drift high carrier_field
t=1820 eta drift low carrier_field
t=1821 eta drift low carrier_field
t=1822 eta drift low carrier_field
t=1823 eta drift low carrier_field
t=1824 eta drift low carrier_field
t=1825 eta drift low carrier_field
t=1826 eta drift low carrier_field
t=1827 eta drift low carrier_field
t=1828 eta drift low carrier_field
t=1829 eta drift low carrier_field
t=1830 eta drift low epsilon pulse rise nested_burst
t=1831 eta drift low zeta pulse fall nested_burst
t=1832 eta drift low zeta pulse fall nested_burst
t=1833 eta drift low epsilon pulse rise nested_burst
t=1834 eta drift low mu local flicker nested_burst
t=1835 eta drift low mu local flicker nested_burst
t=1836 eta drift low mu local flicker nested_burst
t=1837 eta drift low zeta pulse fall nested_burst
t=1838 eta drift low mu local flicker nested_burst
t=1839 eta drift low mu local flicker nested_burst
t=1840 eta drift low epsilon pulse rise nested_burst
t=1841 eta drift low epsilon pulse rise nested_burst
t=1842 eta drift low zeta pulse fall nested_burst
t=1843 eta drift low zeta pulse fall nested_burst
t=1844 eta drift low epsilon pulse rise nested_burst
t=1845 eta drift low mu local flicker nested_burst
t=1846 eta drift low epsilon pulse rise nested_burst
t=1847 eta drift low epsilon pulse rise nested_burst
t=1848 eta drift low epsilon pulse rise nested_burst
t=1849 eta drift low mu local flicker nested_burst
t=1850 eta drift low mu local flicker nested_burst
t=1851 eta drift low mu local flicker nested_burst
t=1852 eta drift low zeta pulse fall nested_burst
t=1853 eta drift low epsilon pulse rise nested_burst
t=1854 eta drift low epsilon pulse rise nested_burst
t=1855 eta drift low mu local flicker nested_burst
t=1856 eta drift low epsilon pulse rise nested_burst
t=1857 eta drift low mu local flicker nested_burst
t=1858 eta drift low zeta pulse fall nested_burst
t=1859 eta drift low epsilon pulse rise nested_burst
t=1860 eta drift low mu local flicker nested_burst
t=1861 eta drift low zeta pulse fall nested_burst
t=1862 eta drift low epsilon pulse rise nested_burst
t=1863 eta drift low zeta pulse fall nested_burst
t=1864 eta drift low epsilon pulse rise nested_burst
t=1865 eta drift low carrier_field
t=1866 eta drift low carrier_field
t=1867 eta drift low carrier_field
t=1868 eta drift low carrier_field
t=1869 eta drift low carrier_field
t=1870 eta drift low carrier_field
t=1871 eta drift low carrier_field
t=1872 eta drift low carrier_field
t=1873 eta drift low carrier_field
t=1874 eta drift low carrier_field
t=1875 eta drift low carrier_field
t=1876 eta drift low carrier_field
t=1877 eta drift low carrier_field
t=1878 eta drift low carrier_field
t=1879 eta drift low carrier_field
t=1880 eta drift low carrier_field
t=1881 eta drift low carrier_field
t=1882 eta drift low carrier_field
t=1883 eta drift low carrier_field
t=1884 eta drift low carrier_field
t=1885 eta drift low carrier_field
t=1886 eta drift low carrier_field
t=1887 eta drift low carrier_field
t=1888 eta drift low carrier_field
t=1889 eta drift low carrier_field
t=1890 eta drift low carrier_field
t=1891 eta drift low carrier_field
t=1892 eta drift low carrier_field
t=1893 eta drift low carrier_field
t=1894 eta drift low carrier_field
t=1895 eta drift low carrier_field
t=1896 eta drift low carrier_field
t=1897 eta drift low carrier_field
t=1898 eta drift low carrier_field
t=1899 eta drift low carrier_field
t=1900 eta drift low carrier_field
t=1901 eta drift low carrier_field
t=1902 eta drift low carrier_field
t=1903 eta drift low carrier_field
t=1904 eta drift low carrier_field
t=1905 eta drift low carrier_field
t=1906 eta drift low carrier_field
t=1907 eta drift low carrier_field
t=1908 eta drift low carrier_field
t=1909 eta drift low carrier_field
t=1910 eta drift low carrier_field
t=1911 eta drift low carrier_field
t=1912 eta drift low carrier_field
t=1913 eta drift low carrier_field
t=1914 eta drift low carrier_field
t=1915 eta drift low carrier_field
t=1916 eta drift low carrier_field
t=1917 eta drift low carrier_field
t=1918 eta drift low carrier_field
t=1919 eta drift low carrier_field
t=1920 eta drift low carrier_field
t=1921 eta drift low carrier_field
t=1922 eta drift low carrier_field
t=1923 eta drift low carrier_field
t=1924 eta drift low carrier_field
t=1925 eta drift low carrier_field
t=1926 eta drift low carrier_field
t=1927 eta drift low carrier_field
t=1928 eta drift low carrier_field
t=1929 eta drift low carrier_field
t=1930 eta drift low carrier_field
t=1931 eta drift low carrier_field
t=1932 eta drift low carrier_field
t=1933 eta drift low carrier_field
t=1934 eta drift low carrier_field
t=1935 eta drift low carrier_field
t=1936 eta drift low carrier_field
t=1937 eta drift low carrier_field
t=1938 eta drift low carrier_field
t=1939 eta drift low carrier_field
t=1940 eta drift low carrier_field
t=1941 eta drift low carrier_field
t=1942 eta drift low carrier_field
t=1943 eta drift low carrier_field
t=1944 eta drift low carrier_field
t=1945 eta drift low carrier_field
t=1946 eta drift low carrier_field
t=1947 eta drift low carrier_field
t=1948 eta drift low carrier_field
t=1949 eta drift low carrier_field
t=1950 eta drift low carrier_field
t=1951 eta drift low carrier_field
t=1952 eta drift low carrier_field
t=1953 eta drift low carrier_field
t=1954 eta drift low carrier_field
t=1955 eta drift low carrier_field
t=1956 eta drift low carrier_field
t=1957 eta drift low carrier_field
t=1958 eta drift low carrier_field
t=1959 eta drift low carrier_field
t=1960 eta drift low carrier_field
t=1961 eta drift low carrier_field
t=1962 eta drift low carrier_field
t=1963 eta drift low carrier_field
t=1964 eta drift low carrier_field
t=1965 eta drift low carrier_field
t=1966 eta drift low carrier_field
t=1967 eta drift low carrier_field
t=1968 eta drift low carrier_field
t=1969 eta drift low carrier_field
t=1970 eta drift low carrier_field
t=1971 eta drift low carrier_field
t=1972 eta drift low carrier_field
t=1973 eta drift low carrier_field
t=1974 eta drift low carrier_field
t=1975 eta drift low carrier_field
t=1976 eta drift low carrier_field
t=1977 eta drift low carrier_field
t=1978 eta drift low carrier_field
t=1979 eta drift low carrier_field
t=1980 eta drift low carrier_field
t=1981 eta drift low carrier_field
t=1982 eta drift low carrier_field
t=1983 eta drift low carrier_field
t=1984 eta drift low carrier_field
t=1985 eta drift low carrier_field
t=1986 eta drift low carrier_field
t=1987 eta drift low carrier_field
t=1988 eta drift low carrier_field
t=1989 eta drift low carrier_field
t=1990 eta drift low carrier_field
t=1991 eta drift low carrier_field
t=1992 eta drift low carrier_field
t=1993 eta drift low carrier_field
t=1994 eta drift low carrier_field
t=1995 eta drift low carrier_field
t=1996 eta drift low carrier_field
t=1997 eta drift low carrier_field
t=1998 eta drift low carrier_field
t=1999 eta drift low carrier_field
t=2000 eta drift low carrier_field
t=2001 eta drift low carrier_field
t=2002 eta drift low carrier_field
t=2003 eta drift low carrier_field
t=2004 eta drift low carrier_field
t=2005 eta drift low carrier_field
t=2006 eta drift low carrier_field
t=2007 eta drift low carrier_field
t=2008 eta drift low carrier_field
t=2009 eta drift low carrier_field
t=2010 eta drift low epsilon pulse rise nested_burst
t=2011 eta drift low epsilon pulse rise nested_burst
t=2012 eta drift low zeta pulse fall nested_burst
t=2013 eta drift low zeta pulse fall nested_burst
t=2014 eta drift low epsilon pulse rise nested_burst
t=2015 eta drift low zeta pulse fall nested_burst
t=2016 eta drift low epsilon pulse rise nested_burst
t=2017 eta drift low mu local flicker nested_burst
t=2018 eta drift low epsilon pulse rise nested_burst
t=2019 eta drift low zeta pulse fall nested_burst
t=2020 eta drift low epsilon pulse rise nested_burst
t=2021 eta drift low epsilon pulse rise nested_burst
t=2022 eta drift low epsilon pulse rise nested_burst
t=2023 eta drift low mu local flicker nested_burst
t=2024 eta drift low mu local flicker nested_burst
t=2025 eta drift low epsilon pulse rise nested_burst
t=2026 eta drift low mu local flicker nested_burst
t=2027 eta drift low epsilon pulse rise nested_burst
t=2028 eta drift low zeta pulse fall nested_burst
t=2029 eta drift low epsilon pulse rise nested_burst
t=2030 eta drift low mu local flicker nested_burst
t=2031 eta drift low epsilon pulse rise nested_burst
t=2032 eta drift low mu local flicker nested_burst
t=2033 eta drift low zeta pulse fall nested_burst
t=2034 eta drift low mu local flicker nested_burst
t=2035 eta drift low mu local flicker nested_burst
t=2036 eta drift low mu local flicker nested_burst
t=2037 eta drift low epsilon pulse rise nested_burst
t=2038 eta drift low zeta pulse fall nested_burst
t=2039 eta drift low epsilon pulse rise nested_burst
t=2040 eta drift low mu local flicker nested_burst
t=2041 eta drift low mu local flicker nested_burst
t=2042 eta drift low zeta pulse fall nested_burst
t=2043 eta drift low mu local flicker nested_burst
t=2044 eta drift low zeta pulse fall nested_burst
t=2045 eta drift low carrier_field
t=2046 eta drift low carrier_field
t=2047 eta drift low carrier_field
t=2048 eta drift low carrier_field
t=2049 eta drift low carrier_field
t=2050 eta drift low carrier_field
t=2051 eta drift low carrier_field
t=2052 eta drift low carrier_field
t=2053 eta drift low carrier_field
t=2054 eta drift low carrier_field
t=2055 eta drift low carrier_field
t=2056 eta drift low carrier_field
t=2057 eta drift low carrier_field
t=2058 eta drift low carrier_field
t=2059 eta drift low carrier_field
t=2060 eta drift low carrier_field
t=2061 eta drift low carrier_field
t=2062 eta drift low carrier_field
t=2063 eta drift low carrier_field
t=2064 eta drift low carrier_field
t=2065 eta drift low carrier_field
t=2066 eta drift low carrier_field
t=2067 eta drift low carrier_field
t=2068 eta drift low carrier_field
t=2069 eta drift low carrier_field
t=2070 eta drift low carrier_field
t=2071 eta drift low carrier_field
t=2072 eta drift low carrier_field
t=2073 eta drift low carrier_field
t=2074 eta drift low carrier_field
t=2075 eta drift low carrier_field
t=2076 eta drift low carrier_field
t=2077 eta drift low carrier_field
t=2078 eta drift low carrier_field
t=2079 eta drift low carrier_field
t=2080 eta drift low carrier_field
t=2081 eta drift low carrier_field
t=2082 eta drift low carrier_field
t=2083 eta drift low carrier_field
t=2084 eta drift low carrier_field
t=2085 eta drift low carrier_field
t=2086 eta drift low carrier_field
t=2087 eta drift low carrier_field
t=2088 eta drift low carrier_field
t=2089 eta drift low carrier_field
t=2090 eta drift low carrier_field
t=2091 eta drift low carrier_field
t=2092 eta drift low carrier_field
t=2093 eta drift low carrier_field
t=2094 eta drift low carrier_field
t=2095 eta drift low carrier_field
t=2096 eta drift low carrier_field
t=2097 eta drift low carrier_field
t=2098 eta drift low carrier_field
t=2099 eta drift low carrier_field
t=2100 eta drift low carrier_field
t=2101 eta drift low carrier_field
t=2102 eta drift low carrier_field
t=2103 eta drift low carrier_field
t=2104 eta drift low carrier_field
t=2105 eta drift low carrier_field
t=2106 eta drift low carrier_field
t=2107 eta drift low carrier_field
t=2108 eta drift low carrier_field
t=2109 eta drift low carrier_field
t=2110 eta drift low carrier_field
t=2111 eta drift low carrier_field
t=2112 eta drift low carrier_field
t=2113 eta drift low carrier_field
t=2114 eta drift low carrier_field
t=2115 eta drift low carrier_field
t=2116 eta drift low carrier_field
t=2117 eta drift low carrier_field
t=2118 eta drift low carrier_field
t=2119 eta drift low carrier_field
t=2120 eta drift low carrier_field
t=2121 eta drift low carrier_field
t=2122 eta drift low carrier_field
t=2123 eta drift low carrier_field
t=2124 eta drift low carrier_field
t=2125 eta drift low carrier_field
t=2126 eta drift low carrier_field
t=2127 eta drift low carrier_field
t=2128 eta drift low carrier_field
t=2129 eta drift low carrier_field
t=2130 eta drift low carrier_field
t=2131 eta drift low carrier_field
t=2132 eta drift low carrier_field
t=2133 eta drift low carrier_field
t=2134 eta drift low carrier_field
t=2135 eta drift low carrier_field
t=2136 eta drift low carrier_field
t=2137 eta drift low carrier_field
t=2138 eta drift low carrier_field
t=2139 eta drift low carrier_field
t=2140 eta drift low carrier_field
t=2141 eta drift low carrier_field
t=2142 eta drift low carrier_field
t=2143 eta drift low carrier_field
t=2144 eta drift low carrier_field
t=2145 eta drift low carrier_field
t=2146 eta drift low carrier_field
t=2147 eta drift low carrier_field
t=2148 eta drift low carrier_field
t=2149 eta drift low carrier_field
t=2150 eta drift low carrier_field
t=2151 eta drift low carrier_field
t=2152 eta drift low carrier_field
t=2153 eta drift low carrier_field
t=2154 eta drift low carrier_field
t=2155 eta drift low carrier_field
t=2156 eta drift low carrier_field
t=2157 eta drift low carrier_field
t=2158 eta drift low carrier_field
t=2159 eta drift low carrier_field
t=2160 eta drift low carrier_field
t=2161 eta drift low carrier_field
t=2162 eta drift low carrier_field
t=2163 eta drift low carrier_field
t=2164 eta drift low carrier_field
t=2165 eta drift low carrier_field
t=2166 eta drift low carrier_field
t=2167 eta drift low carrier_field
t=2168 eta drift low carrier_field
t=2169 eta drift low carrier_field
t=2170 eta drift low carrier_field
t=2171 eta drift low carrier_field
t=2172 eta drift low carrier_field
t=2173 eta drift low carrier_field
t=2174 eta drift low carrier_field
t=2175 eta drift low carrier_field
t=2176 eta drift low carrier_field
t=2177 eta drift low carrier_field
t=2178 eta drift low carrier_field
t=2179 eta drift low carrier_field
t=2180 eta drift low carrier_field
t=2181 eta drift low carrier_field
t=2182 eta drift low carrier_field
t=2183 eta drift low carrier_field
t=2184 eta drift low carrier_field
t=2185 eta drift low carrier_field
t=2186 eta drift low carrier_field
t=2187 eta drift low carrier_field
t=2188 eta drift low carrier_field
t=2189 eta drift low carrier_field
t=2190 eta drift low zeta pulse fall nested_burst
t=2191 eta drift low epsilon pulse rise nested_burst
t=2192 eta drift low epsilon pulse rise nested_burst
t=2193 eta drift low epsilon pulse rise nested_burst
t=2194 eta drift low mu local flicker nested_burst
t=2195 eta drift low zeta pulse fall nested_burst
t=2196 eta drift low mu local flicker nested_burst
t=2197 eta drift low zeta pulse fall nested_burst
t=2198 eta drift low zeta pulse fall nested_burst
t=2199 eta drift low zeta pulse fall nested_burst
t=2200 eta drift low gamma seam shift nested_burst
t=2201 eta drift low zeta pulse fall nested_burst
t=2202 eta drift low gamma seam shift nested_burst
t=2203 eta drift low mu local flicker nested_burst
t=2204 eta drift low gamma seam shift nested_burst
t=2205 eta drift low gamma seam shift nested_burst
t=2206 eta drift low epsilon pulse rise nested_burst
t=2207 eta drift low iota boundary thin nested_burst
t=2208 eta drift low mu local flicker nested_burst
t=2209 eta drift low zeta pulse fall nested_burst
t=2210 eta drift low iota boundary thin nested_burst
t=2211 eta drift low iota boundary thin nested_burst
t=2212 eta drift low epsilon pulse rise nested_burst
t=2213 eta drift low gamma seam shift nested_burst
t=2214 eta drift low gamma seam shift nested_burst
t=2215 eta drift low gamma seam shift nested_burst
t=2216 eta drift low gamma seam shift nested_burst
t=2217 eta drift low iota boundary thin nested_burst
t=2218 eta drift low iota boundary thin nested_burst
t=2219 eta drift low iota boundary thin nested_burst
t=2220 delta carrier stable iota boundary thin nested_burst
t=2221 delta carrier stable iota boundary thin nested_burst
t=2222 delta carrier stable iota boundary thin nested_burst
t=2223 delta carrier stable iota boundary thin nested_burst
t=2224 delta carrier stable iota boundary thin nested_burst
t=2225 delta carrier stable carrier_field
t=2226 delta carrier stable carrier_field
t=2227 delta carrier stable carrier_field
t=2228 delta carrier stable carrier_field
t=2229 delta carrier stable carrier_field
t=2230 delta carrier stable carrier_field
t=2231 delta carrier stable carrier_field
t=2232 delta carrier stable carrier_field
t=2233 delta carrier stable carrier_field
t=2234 delta carrier stable carrier_field
t=2235 delta carrier stable carrier_field
t=2236 delta carrier stable carrier_field
t=2237 delta carrier stable carrier_field
t=2238 delta carrier stable carrier_field
t=2239 delta carrier stable carrier_field
t=2240 delta carrier stable carrier_field
t=2241 delta carrier stable carrier_field
t=2242 delta carrier stable carrier_field
t=2243 delta carrier stable carrier_field
t=2244 delta carrier stable carrier_field
t=2245 delta carrier stable carrier_field
t=2246 delta carrier stable carrier_field
t=2247 delta carrier stable carrier_field
t=2248 delta carrier stable carrier_field
t=2249 delta carrier stable carrier_field
t=2250 delta carrier stable carrier_field
t=2251 delta carrier stable carrier_field
t=2252 delta carrier stable carrier_field
t=2253 delta carrier stable carrier_field
t=2254 delta carrier stable carrier_field
t=2255 delta carrier stable carrier_field
t=2256 delta carrier stable carrier_field
t=2257 delta carrier stable carrier_field
t=2258 delta carrier stable carrier_field
t=2259 delta carrier stable carrier_field
t=2260 delta carrier stable carrier_field
t=2261 delta carrier stable carrier_field
t=2262 delta carrier stable carrier_field
t=2263 delta carrier stable carrier_field
t=2264 delta carrier stable carrier_field
t=2265 delta carrier stable carrier_field
t=2266 delta carrier stable carrier_field
t=2267 delta carrier stable carrier_field
t=2268 delta carrier stable carrier_field
t=2269 delta carrier stable carrier_field
t=2270 delta carrier stable carrier_field
t=2271 delta carrier stable carrier_field
t=2272 delta carrier stable carrier_field
t=2273 delta carrier stable carrier_field
t=2274 delta carrier stable carrier_field
t=2275 delta carrier stable carrier_field
t=2276 delta carrier stable carrier_field
t=2277 delta carrier stable carrier_field
t=2278 delta carrier stable carrier_field
t=2279 delta carrier stable carrier_field
t=2280 delta carrier stable carrier_field
t=2281 delta carrier stable carrier_field
t=2282 delta carrier stable carrier_field
t=2283 delta carrier stable carrier_field
t=2284 delta carrier stable carrier_field
t=2285 delta carrier stable carrier_field
t=2286 delta carrier stable carrier_field
t=2287 delta carrier stable carrier_field
t=2288 delta carrier stable carrier_field
t=2289 delta carrier stable carrier_field
t=2290 delta carrier stable carrier_field
t=2291 delta carrier stable carrier_field
t=2292 delta carrier stable carrier_field
t=2293 delta carrier stable carrier_field
t=2294 delta carrier stable carrier_field
t=2295 delta carrier stable carrier_field
t=2296 delta carrier stable carrier_field
t=2297 delta carrier stable carrier_field
t=2298 delta carrier stable carrier_field
t=2299 delta carrier stable carrier_field
t=2300 delta carrier stable carrier_field
t=2301 delta carrier stable carrier_field
t=2302 delta carrier stable carrier_field
t=2303 delta carrier stable carrier_field
t=2304 delta carrier stable carrier_field
t=2305 delta carrier stable carrier_field
t=2306 delta carrier stable carrier_field
t=2307 delta carrier stable carrier_field
t=2308 delta carrier stable carrier_field
t=2309 delta carrier stable carrier_field
t=2310 delta carrier stable carrier_field
t=2311 delta carrier stable carrier_field
t=2312 delta carrier stable carrier_field
t=2313 delta carrier stable carrier_field
t=2314 delta carrier stable carrier_field
t=2315 delta carrier stable carrier_field
t=2316 delta carrier stable carrier_field
t=2317 delta carrier stable carrier_field
t=2318 delta carrier stable carrier_field
t=2319 delta carrier stable carrier_field
t=2320 delta carrier stable carrier_field
t=2321 delta carrier stable carrier_field
t=2322 delta carrier stable carrier_field
t=2323 delta carrier stable carrier_field
t=2324 delta carrier stable carrier_field
t=2325 delta carrier stable carrier_field
t=2326 delta carrier stable carrier_field
t=2327 delta carrier stable carrier_field
t=2328 delta carrier stable carrier_field
t=2329 delta carrier stable carrier_field
t=2330 delta carrier stable carrier_field
t=2331 delta carrier stable carrier_field
t=2332 delta carrier stable carrier_field
t=2333 delta carrier stable carrier_field
t=2334 delta carrier stable carrier_field
t=2335 delta carrier stable carrier_field
t=2336 delta carrier stable carrier_field
t=2337 delta carrier stable carrier_field
t=2338 delta carrier stable carrier_field
t=2339 delta carrier stable carrier_field
t=2340 delta carrier stable carrier_field
t=2341 delta carrier stable carrier_field
t=2342 delta carrier stable carrier_field
t=2343 delta carrier stable carrier_field
t=2344 delta carrier stable carrier_field
t=2345 delta carrier stable carrier_field
t=2346 delta carrier stable carrier_field
t=2347 delta carrier stable carrier_field
t=2348 delta carrier stable carrier_field
t=2349 delta carrier stable carrier_field
t=2350 delta carrier stable carrier_field
t=2351 delta carrier stable carrier_field
t=2352 delta carrier stable carrier_field
t=2353 delta carrier stable carrier_field
t=2354 delta carrier stable carrier_field
t=2355 delta carrier stable carrier_field
t=2356 delta carrier stable carrier_field
t=2357 delta carrier stable carrier_field
t=2358 delta carrier stable carrier_field
t=2359 delta carrier stable carrier_field
t=2360 delta carrier stable carrier_field
t=2361 delta carrier stable carrier_field
t=2362 delta carrier stable carrier_field
t=2363 delta carrier stable carrier_field
t=2364 delta carrier stable carrier_field
t=2365 delta carrier stable carrier_field
t=2366 delta carrier stable carrier_field
t=2367 delta carrier stable carrier_field
t=2368 delta carrier stable carrier_field
t=2369 delta carrier stable carrier_field
t=2370 delta carrier stable epsilon pulse rise nested_burst
t=2371 delta carrier stable zeta pulse fall nested_burst
t=2372 delta carrier stable mu local flicker nested_burst
t=2373 delta carrier stable zeta pulse fall nested_burst
t=2374 delta carrier stable epsilon pulse rise nested_burst
t=2375 delta carrier stable epsilon pulse rise nested_burst
t=2376 delta carrier stable epsilon pulse rise nested_burst
t=2377 delta carrier stable epsilon pulse rise nested_burst
t=2378 delta carrier stable mu local flicker nested_burst
t=2379 delta carrier stable zeta pulse fall nested_burst
t=2380 delta carrier stable mu local flicker nested_burst
t=2381 delta carrier stable zeta pulse fall nested_burst
t=2382 delta carrier stable mu local flicker nested_burst
t=2383 delta carrier stable zeta pulse fall nested_burst
t=2384 delta carrier stable zeta pulse fall nested_burst
t=2385 delta carrier stable zeta pulse fall nested_burst
t=2386 delta carrier stable zeta pulse fall nested_burst
t=2387 delta carrier stable zeta pulse fall nested_burst
t=2388 delta carrier stable epsilon pulse rise nested_burst
t=2389 delta carrier stable mu local flicker nested_burst
t=2390 delta carrier stable zeta pulse fall nested_burst
t=2391 delta carrier stable epsilon pulse rise nested_burst
t=2392 delta carrier stable mu local flicker nested_burst
t=2393 delta carrier stable mu local flicker nested_burst
t=2394 delta carrier stable mu local flicker nested_burst
t=2395 delta carrier stable epsilon pulse rise nested_burst
t=2396 delta carrier stable mu local flicker nested_burst
t=2397 delta carrier stable mu local flicker nested_burst
t=2398 delta carrier stable mu local flicker nested_burst
t=2399 delta carrier stable zeta pulse fall nested_burst
t=2400 delta carrier stable mu local flicker nested_burst
t=2401 delta carrier stable zeta pulse fall nested_burst
t=2402 delta carrier stable epsilon pulse rise nested_burst
t=2403 delta carrier stable zeta pulse fall nested_burst
t=2404 delta carrier stable epsilon pulse rise nested_burst
t=2405 gamma seam shift recomposition_pocket
t=2406 gamma seam shift recomposition_pocket
t=2407 beta gate hold recomposition_pocket
t=2408 beta gate hold recomposition_pocket
t=2409 beta gate hold recomposition_pocket
t=2410 beta gate hold recomposition_pocket
t=2411 beta gate hold recomposition_pocket
t=2412 gamma seam shift recomposition_pocket
t=2413 beta gate hold recomposition_pocket
t=2414 beta gate hold recomposition_pocket
t=2415 beta gate hold recomposition_pocket
t=2416 beta gate hold recomposition_pocket
t=2417 beta gate hold recomposition_pocket
t=2418 gamma seam shift recomposition_pocket
t=2419 gamma seam shift recomposition_pocket
t=2420 gamma seam shift recomposition_pocket
t=2421 beta gate hold recomposition_pocket
t=2422 gamma seam shift recomposition_pocket
t=2423 beta gate hold recomposition_pocket
t=2424 beta gate hold recomposition_pocket
t=2425 beta gate hold recomposition_pocket
t=2426 beta gate hold recomposition_pocket
t=2427 gamma seam shift recomposition_pocket
t=2428 gamma seam shift recomposition_pocket
t=2429 gamma seam shift recomposition_pocket
t=2430 beta gate hold recomposition_pocket
t=2431 beta gate hold recomposition_pocket
t=2432 gamma seam shift recomposition_pocket
t=2433 gamma seam shift recomposition_pocket
t=2434 beta gate hold recomposition_pocket
t=2435 beta gate hold recomposition_pocket
t=2436 beta gate hold recomposition_pocket
t=2437 beta gate hold recomposition_pocket
t=2438 gamma seam shift recomposition_pocket
t=2439 beta gate hold recomposition_pocket
t=2440 beta gate hold recomposition_pocket
t=2441 gamma seam shift recomposition_pocket
t=2442 beta gate hold recomposition_pocket
t=2443 beta gate hold recomposition_pocket
t=2444 gamma seam shift recomposition_pocket
t=2445 gamma seam shift recomposition_pocket
t=2446 beta gate hold recomposition_pocket
t=2447 beta gate hold recomposition_pocket
t=2448 gamma seam shift recomposition_pocket
t=2449 beta gate hold recomposition_pocket
t=2450 beta gate hold recomposition_pocket
t=2451 gamma seam shift recomposition_pocket
t=2452 beta gate hold recomposition_pocket
t=2453 beta gate hold recomposition_pocket
t=2454 beta gate hold recomposition_pocket
t=2455 beta gate hold recomposition_pocket
t=2456 gamma seam shift recomposition_pocket
t=2457 beta gate hold recomposition_pocket
t=2458 gamma seam shift recomposition_pocket
t=2459 gamma seam shift recomposition_pocket
t=2460 beta gate hold recomposition_pocket
t=2461 gamma seam shift recomposition_pocket
t=2462 gamma seam shift recomposition_pocket
t=2463 gamma seam shift recomposition_pocket
t=2464 gamma seam shift recomposition_pocket
t=2465 gamma seam shift recomposition_pocket
t=2466 beta gate hold recomposition_pocket
t=2467 beta gate hold recomposition_pocket
t=2468 beta gate hold recomposition_pocket
t=2469 beta gate hold recomposition_pocket
t=2470 gamma seam shift recomposition_pocket
t=2471 beta gate hold recomposition_pocket
t=2472 beta gate hold recomposition_pocket
t=2473 beta gate hold recomposition_pocket
t=2474 beta gate hold recomposition_pocket
t=2475 gamma seam shift recomposition_pocket
t=2476 gamma seam shift recomposition_pocket
t=2477 gamma seam shift recomposition_pocket
t=2478 beta gate hold recomposition_pocket
t=2479 gamma seam shift recomposition_pocket
t=2480 beta gate hold recomposition_pocket
t=2481 gamma seam shift recomposition_pocket
t=2482 beta gate hold recomposition_pocket
t=2483 gamma seam shift recomposition_pocket
t=2484 beta gate hold recomposition_pocket
t=2485 gamma seam shift recomposition_pocket
t=2486 gamma seam shift recomposition_pocket
t=2487 gamma seam shift recomposition_pocket
t=2488 gamma seam shift recomposition_pocket
t=2489 beta gate hold recomposition_pocket
t=2490 gamma seam shift recomposition_pocket
t=2491 gamma seam shift recomposition_pocket
t=2492 beta gate hold recomposition_pocket
t=2493 beta gate hold recomposition_pocket
t=2494 gamma seam shift recomposition_pocket
t=2495 beta gate hold recomposition_pocket
t=2496 beta gate hold recomposition_pocket
t=2497 gamma seam shift recomposition_pocket
t=2498 gamma seam shift recomposition_pocket
t=2499 gamma seam shift recomposition_pocket
t=2500 gamma seam shift recomposition_pocket
t=2501 gamma seam shift recomposition_pocket
t=2502 gamma seam shift recomposition_pocket
t=2503 gamma seam shift recomposition_pocket
t=2504 beta gate hold recomposition_pocket
t=2505 beta gate hold recomposition_pocket
t=2506 gamma seam shift recomposition_pocket
t=2507 gamma seam shift recomposition_pocket
t=2508 gamma seam shift recomposition_pocket
t=2509 gamma seam shift recomposition_pocket
t=2510 beta gate hold recomposition_pocket
t=2511 gamma seam shift recomposition_pocket
t=2512 beta gate hold recomposition_pocket
t=2513 beta gate hold recomposition_pocket
t=2514 gamma seam shift recomposition_pocket
t=2515 gamma seam shift recomposition_pocket
t=2516 gamma seam shift recomposition_pocket
t=2517 gamma seam shift recomposition_pocket
t=2518 gamma seam shift recomposition_pocket
t=2519 gamma seam shift recomposition_pocket
t=2520 eta drift low carrier_field
t=2521 eta drift low carrier_field
t=2522 eta drift low carrier_field
t=2523 eta drift low carrier_field
t=2524 eta drift low carrier_field
t=2525 eta drift low carrier_field
t=2526 eta drift low carrier_field
t=2527 eta drift low carrier_field
t=2528 eta drift low carrier_field
t=2529 eta drift low carrier_field
t=2530 eta drift low carrier_field
t=2531 eta drift low carrier_field
t=2532 eta drift low carrier_field
t=2533 eta drift low carrier_field
t=2534 eta drift low carrier_field
t=2535 eta drift low carrier_field
t=2536 eta drift low carrier_field
t=2537 eta drift low carrier_field
t=2538 eta drift low carrier_field
t=2539 eta drift low carrier_field
t=2540 eta drift low carrier_field
t=2541 eta drift low carrier_field
t=2542 eta drift low carrier_field
t=2543 eta drift low carrier_field
t=2544 eta drift low carrier_field
t=2545 eta drift low carrier_field
t=2546 eta drift low carrier_field
t=2547 eta drift low carrier_field
t=2548 eta drift low carrier_field
t=2549 eta drift low carrier_field
t=2550 eta drift low mu local flicker nested_burst
t=2551 eta drift low zeta pulse fall nested_burst
t=2552 eta drift low mu local flicker nested_burst
t=2553 eta drift low mu local flicker nested_burst
t=2554 eta drift low zeta pulse fall nested_burst
t=2555 eta drift low mu local flicker nested_burst
t=2556 eta drift low epsilon pulse rise nested_burst
t=2557 eta drift low epsilon pulse rise nested_burst
t=2558 eta drift low epsilon pulse rise nested_burst
t=2559 eta drift low mu local flicker nested_burst
t=2560 eta drift low epsilon pulse rise nested_burst
t=2561 eta drift low zeta pulse fall nested_burst
t=2562 eta drift low mu local flicker nested_burst
t=2563 eta drift low mu local flicker nested_burst
t=2564 eta drift low mu local flicker nested_burst
t=2565 eta drift low mu local flicker nested_burst
t=2566 eta drift low zeta pulse fall nested_burst
t=2567 eta drift low epsilon pulse rise nested_burst
t=2568 eta drift low epsilon pulse rise nested_burst
t=2569 eta drift low epsilon pulse rise nested_burst
t=2570 eta drift low mu local flicker nested_burst
t=2571 eta drift low mu local flicker nested_burst
t=2572 eta drift low zeta pulse fall nested_burst
t=2573 eta drift low zeta pulse fall nested_burst
t=2574 eta drift low mu local flicker nested_burst
t=2575 eta drift low epsilon pulse rise nested_burst
t=2576 eta drift low mu local flicker nested_burst
t=2577 eta drift low mu local flicker nested_burst
t=2578 eta drift low epsilon pulse rise nested_burst
t=2579 eta drift low mu local flicker nested_burst
t=2580 eta drift low zeta pulse fall nested_burst
t=2581 eta drift low mu local flicker nested_burst
t=2582 eta drift low epsilon pulse rise nested_burst
t=2583 eta drift low epsilon pulse rise nested_burst
t=2584 eta drift low zeta pulse fall nested_burst
t=2585 eta drift low carrier_field
t=2586 eta drift low carrier_field
t=2587 eta drift low carrier_field
t=2588 eta drift low carrier_field
t=2589 eta drift low carrier_field
t=2590 eta drift low carrier_field
t=2591 eta drift low carrier_field
t=2592 eta drift low carrier_field
t=2593 eta drift low carrier_field
t=2594 eta drift low carrier_field
t=2595 eta drift low carrier_field
t=2596 eta drift low carrier_field
t=2597 eta drift low carrier_field
t=2598 eta drift low carrier_field
t=2599 eta drift low carrier_field
t=2600 eta drift low carrier_field
t=2601 eta drift low carrier_field
t=2602 eta drift low carrier_field
t=2603 eta drift low carrier_field
t=2604 eta drift low carrier_field
t=2605 eta drift low carrier_field
t=2606 eta drift low carrier_field
t=2607 eta drift low carrier_field
t=2608 eta drift low carrier_field
t=2609 eta drift low carrier_field
t=2610 eta drift low carrier_field
t=2611 eta drift low carrier_field
t=2612 eta drift low carrier_field
t=2613 eta drift low carrier_field
t=2614 eta drift low carrier_field
t=2615 eta drift low carrier_field
t=2616 eta drift low carrier_field
t=2617 eta drift low carrier_field
t=2618 eta drift low carrier_field
t=2619 eta drift low carrier_field
t=2620 eta drift low carrier_field
t=2621 eta drift low carrier_field
t=2622 eta drift low carrier_field
t=2623 eta drift low carrier_field
t=2624 eta drift low carrier_field
t=2625 eta drift low carrier_field
t=2626 eta drift low carrier_field
t=2627 eta drift low carrier_field
t=2628 eta drift low carrier_field
t=2629 eta drift low carrier_field
t=2630 eta drift low carrier_field
t=2631 eta drift low carrier_field
t=2632 eta drift low carrier_field
t=2633 eta drift low carrier_field
t=2634 eta drift low carrier_field
t=2635 eta drift low carrier_field
t=2636 eta drift low carrier_field
t=2637 eta drift low carrier_field
t=2638 eta drift low carrier_field
t=2639 eta drift low carrier_field
t=2640 eta drift low carrier_field
t=2641 eta drift low carrier_field
t=2642 eta drift low carrier_field
t=2643 eta drift low carrier_field
t=2644 eta drift low carrier_field
t=2645 eta drift low carrier_field
t=2646 eta drift low carrier_field
t=2647 eta drift low carrier_field
t=2648 eta drift low carrier_field
t=2649 eta drift low carrier_field
t=2650 eta drift low carrier_field
t=2651 eta drift low carrier_field
t=2652 eta drift low carrier_field
t=2653 eta drift low carrier_field
t=2654 eta drift low carrier_field
t=2655 eta drift low carrier_field
t=2656 eta drift low carrier_field
t=2657 eta drift low carrier_field
t=2658 eta drift low carrier_field
t=2659 eta drift low carrier_field
t=2660 eta drift low carrier_field
t=2661 eta drift low carrier_field
t=2662 eta drift low carrier_field
t=2663 eta drift low carrier_field
t=2664 eta drift low carrier_field
t=2665 eta drift low carrier_field
t=2666 eta drift low carrier_field
t=2667 eta drift low carrier_field
t=2668 eta drift low carrier_field
t=2669 eta drift low carrier_field
t=2670 eta drift low carrier_field
t=2671 eta drift low carrier_field
t=2672 eta drift low carrier_field
t=2673 eta drift low carrier_field
t=2674 eta drift low carrier_field
t=2675 eta drift low carrier_field
t=2676 eta drift low carrier_field
t=2677 eta drift low carrier_field
t=2678 eta drift low carrier_field
t=2679 eta drift low carrier_field
t=2680 eta drift low carrier_field
t=2681 eta drift low carrier_field
t=2682 eta drift low carrier_field
t=2683 eta drift low carrier_field
t=2684 eta drift low carrier_field
t=2685 eta drift low carrier_field
t=2686 eta drift low carrier_field
t=2687 eta drift low carrier_field
t=2688 eta drift low carrier_field
t=2689 eta drift low carrier_field
t=2690 eta drift low carrier_field
t=2691 eta drift low carrier_field
t=2692 eta drift low carrier_field
t=2693 eta drift low carrier_field
t=2694 eta drift low carrier_field
t=2695 eta drift low carrier_field
t=2696 eta drift low carrier_field
t=2697 eta drift low carrier_field
t=2698 eta drift low carrier_field
t=2699 eta drift low carrier_field
t=2700 eta drift low carrier_field
t=2701 eta drift low carrier_field
t=2702 eta drift low carrier_field
t=2703 eta drift low carrier_field
t=2704 eta drift low carrier_field
t=2705 eta drift low carrier_field
t=2706 eta drift low carrier_field
t=2707 eta drift low carrier_field
t=2708 eta drift low carrier_field
t=2709 eta drift low carrier_field
t=2710 eta drift low carrier_field
t=2711 eta drift low carrier_field
t=2712 eta drift low carrier_field
t=2713 eta drift low carrier_field
t=2714 eta drift low carrier_field
t=2715 eta drift low carrier_field
t=2716 eta drift low carrier_field
t=2717 eta drift low carrier_field
t=2718 eta drift low carrier_field
t=2719 eta drift low carrier_field
t=2720 eta drift low carrier_field
t=2721 eta drift low carrier_field
t=2722 eta drift low carrier_field
t=2723 eta drift low carrier_field
t=2724 eta drift low carrier_field
t=2725 eta drift low carrier_field
t=2726 eta drift low carrier_field
t=2727 eta drift low carrier_field
t=2728 eta drift low carrier_field
t=2729 eta drift low carrier_field
t=2730 eta drift low zeta pulse fall nested_burst
t=2731 eta drift low zeta pulse fall nested_burst
t=2732 eta drift low mu local flicker nested_burst
t=2733 eta drift low zeta pulse fall nested_burst
t=2734 eta drift low epsilon pulse rise nested_burst
t=2735 eta drift low epsilon pulse rise nested_burst
t=2736 eta drift low mu local flicker nested_burst
t=2737 eta drift low mu local flicker nested_burst
t=2738 eta drift low mu local flicker nested_burst
t=2739 eta drift low mu local flicker nested_burst
t=2740 eta drift low zeta pulse fall nested_burst
t=2741 eta drift low iota boundary thin nested_burst
t=2742 eta drift low iota boundary thin nested_burst
t=2743 eta drift low iota boundary thin nested_burst
t=2744 eta drift low zeta pulse fall nested_burst
t=2745 eta drift low iota boundary thin nested_burst
t=2746 eta drift low iota boundary thin nested_burst
t=2747 eta drift low zeta pulse fall nested_burst
t=2748 eta drift low iota boundary thin nested_burst
t=2749 eta drift low iota boundary thin nested_burst
t=2750 eta drift low iota boundary thin nested_burst
t=2751 eta drift low zeta pulse fall nested_burst
t=2752 eta drift low iota boundary thin nested_burst
t=2753 eta drift low zeta pulse fall nested_burst
t=2754 eta drift low gamma seam shift nested_burst
t=2755 eta drift low iota boundary thin nested_burst
t=2756 eta drift low epsilon pulse rise nested_burst
t=2757 eta drift low iota boundary thin nested_burst
t=2758 eta drift low gamma seam shift nested_burst
t=2759 eta drift low zeta pulse fall nested_burst
t=2760 eta drift low mu local flicker nested_burst
t=2761 eta drift low mu local flicker nested_burst
t=2762 eta drift low gamma seam shift nested_burst
t=2763 eta drift low iota boundary thin nested_burst
t=2764 eta drift low gamma seam shift nested_burst
t=2765 eta drift low carrier_field
t=2766 eta drift low carrier_field
t=2767 eta drift low carrier_field
t=2768 eta drift low carrier_field
t=2769 eta drift low carrier_field
t=2770 eta drift low carrier_field
t=2771 eta drift low carrier_field
t=2772 eta drift low carrier_field
t=2773 eta drift low carrier_field
t=2774 eta drift low carrier_field
t=2775 eta drift low carrier_field
t=2776 eta drift low carrier_field
t=2777 eta drift low carrier_field
t=2778 eta drift low carrier_field
t=2779 eta drift low carrier_field
t=2780 eta drift low carrier_field
t=2781 eta drift low carrier_field
t=2782 eta drift low carrier_field
t=2783 eta drift low carrier_field
t=2784 eta drift low carrier_field
t=2785 eta drift low carrier_field
t=2786 eta drift low carrier_field
t=2787 eta drift low carrier_field
t=2788 eta drift low carrier_field
t=2789 eta drift low carrier_field
t=2790 eta drift low carrier_field
t=2791 eta drift low carrier_field
t=2792 eta drift low carrier_field
t=2793 eta drift low carrier_field
t=2794 eta drift low carrier_field
t=2795 eta drift low carrier_field
t=2796 eta drift low carrier_field
t=2797 eta drift low carrier_field
t=2798 eta drift low carrier_field
t=2799 eta drift low carrier_field
t=2800 eta drift low carrier_field
t=2801 eta drift low carrier_field
t=2802 eta drift low carrier_field
t=2803 eta drift low carrier_field
t=2804 eta drift low carrier_field
t=2805 eta drift low carrier_field
t=2806 eta drift low carrier_field
t=2807 eta drift low carrier_field
t=2808 eta drift low carrier_field
t=2809 eta drift low carrier_field
t=2810 eta drift low carrier_field
t=2811 eta drift low carrier_field
t=2812 eta drift low carrier_field
t=2813 eta drift low carrier_field
t=2814 eta drift low carrier_field
t=2815 eta drift low carrier_field
t=2816 eta drift low carrier_field
t=2817 eta drift low carrier_field
t=2818 eta drift low carrier_field
t=2819 eta drift low carrier_field
t=2820 eta drift low carrier_field
t=2821 eta drift low carrier_field
t=2822 eta drift low carrier_field
t=2823 eta drift low carrier_field
t=2824 eta drift low carrier_field
t=2825 eta drift low carrier_field
t=2826 eta drift low carrier_field
t=2827 eta drift low carrier_field
t=2828 eta drift low carrier_field
t=2829 eta drift low carrier_field
t=2830 eta drift low carrier_field
t=2831 eta drift low carrier_field
t=2832 eta drift low carrier_field
t=2833 eta drift low carrier_field
t=2834 eta drift low carrier_field
t=2835 eta drift low carrier_field
t=2836 eta drift low carrier_field
t=2837 eta drift low carrier_field
t=2838 eta drift low carrier_field
t=2839 eta drift low carrier_field
t=2840 eta drift low carrier_field
t=2841 eta drift low carrier_field
t=2842 eta drift low carrier_field
t=2843 eta drift low carrier_field
t=2844 eta drift low carrier_field
t=2845 eta drift low carrier_field
t=2846 eta drift low carrier_field
t=2847 eta drift low carrier_field
t=2848 eta drift low carrier_field
t=2849 eta drift low carrier_field
t=2850 eta drift low carrier_field
t=2851 eta drift low carrier_field
t=2852 eta drift low carrier_field
t=2853 eta drift low carrier_field
t=2854 eta drift low carrier_field
t=2855 eta drift low carrier_field
t=2856 eta drift low carrier_field
t=2857 eta drift low carrier_field
t=2858 eta drift low carrier_field
t=2859 eta drift low carrier_field
t=2860 eta drift low carrier_field
t=2861 eta drift low carrier_field
t=2862 eta drift low carrier_field
t=2863 eta drift low carrier_field
t=2864 eta drift low carrier_field
t=2865 eta drift low carrier_field
t=2866 eta drift low carrier_field
t=2867 eta drift low carrier_field
t=2868 eta drift low carrier_field
t=2869 eta drift low carrier_field
t=2870 eta drift low carrier_field
t=2871 eta drift low carrier_field
t=2872 eta drift low carrier_field
t=2873 eta drift low carrier_field
t=2874 eta drift low carrier_field
t=2875 eta drift low carrier_field
t=2876 eta drift low carrier_field
t=2877 eta drift low carrier_field
t=2878 eta drift low carrier_field
t=2879 eta drift low carrier_field
t=2880 eta drift low carrier_field
t=2881 eta drift low carrier_field
t=2882 eta drift low carrier_field
t=2883 eta drift low carrier_field
t=2884 eta drift low carrier_field
t=2885 eta drift low carrier_field
t=2886 eta drift low carrier_field
t=2887 eta drift low carrier_field
t=2888 eta drift low carrier_field
t=2889 eta drift low carrier_field
t=2890 eta drift low carrier_field
t=2891 eta drift low carrier_field
t=2892 eta drift low carrier_field
t=2893 eta drift low carrier_field
t=2894 eta drift low carrier_field
t=2895 eta drift low carrier_field
t=2896 eta drift low carrier_field
t=2897 eta drift low carrier_field
t=2898 eta drift low carrier_field
t=2899 eta drift low carrier_field
t=2900 eta drift low carrier_field
t=2901 eta drift low carrier_field
t=2902 eta drift low carrier_field
t=2903 eta drift low carrier_field
t=2904 eta drift low carrier_field
t=2905 eta drift low carrier_field
t=2906 eta drift low carrier_field
t=2907 eta drift low carrier_field
t=2908 eta drift low carrier_field
t=2909 eta drift low carrier_field
t=2910 eta drift low mu local flicker nested_burst
t=2911 eta drift low epsilon pulse rise nested_burst
t=2912 eta drift low zeta pulse fall nested_burst
t=2913 eta drift low zeta pulse fall nested_burst
t=2914 eta drift low mu local flicker nested_burst
t=2915 eta drift low epsilon pulse rise nested_burst
t=2916 eta drift low epsilon pulse rise nested_burst
t=2917 eta drift low zeta pulse fall nested_burst
t=2918 eta drift low epsilon pulse rise nested_burst
t=2919 eta drift low mu local flicker nested_burst
t=2920 delta carrier stable epsilon pulse rise nested_burst
t=2921 delta carrier stable zeta pulse fall nested_burst
t=2922 delta carrier stable mu local flicker nested_burst
t=2923 delta carrier stable mu local flicker nested_burst
t=2924 delta carrier stable zeta pulse fall nested_burst
t=2925 delta carrier stable mu local flicker nested_burst
t=2926 delta carrier stable epsilon pulse rise nested_burst
t=2927 delta carrier stable mu local flicker nested_burst
t=2928 delta carrier stable epsilon pulse rise nested_burst
t=2929 delta carrier stable zeta pulse fall nested_burst
t=2930 delta carrier stable epsilon pulse rise nested_burst
t=2931 delta carrier stable zeta pulse fall nested_burst
t=2932 delta carrier stable zeta pulse fall nested_burst
t=2933 delta carrier stable epsilon pulse rise nested_burst
t=2934 delta carrier stable mu local flicker nested_burst
t=2935 delta carrier stable zeta pulse fall nested_burst
t=2936 delta carrier stable zeta pulse fall nested_burst
t=2937 delta carrier stable epsilon pulse rise nested_burst
t=2938 delta carrier stable epsilon pulse rise nested_burst
t=2939 delta carrier stable mu local flicker nested_burst
t=2940 delta carrier stable zeta pulse fall nested_burst
t=2941 delta carrier stable epsilon pulse rise nested_burst
t=2942 delta carrier stable mu local flicker nested_burst
t=2943 delta carrier stable mu local flicker nested_burst
t=2944 delta carrier stable epsilon pulse rise nested_burst
t=2945 delta carrier stable carrier_field
t=2946 delta carrier stable carrier_field
t=2947 delta carrier stable carrier_field
t=2948 delta carrier stable carrier_field
t=2949 delta carrier stable carrier_field
t=2950 delta carrier stable carrier_field
t=2951 delta carrier stable carrier_field
t=2952 delta carrier stable carrier_field
t=2953 delta carrier stable carrier_field
t=2954 delta carrier stable carrier_field
t=2955 delta carrier stable carrier_field
t=2956 delta carrier stable carrier_field
t=2957 delta carrier stable carrier_field
t=2958 delta carrier stable carrier_field
t=2959 delta carrier stable carrier_field
t=2960 delta carrier stable carrier_field
t=2961 delta carrier stable carrier_field
t=2962 delta carrier stable carrier_field
t=2963 delta carrier stable carrier_field
t=2964 delta carrier stable carrier_field
t=2965 delta carrier stable carrier_field
t=2966 delta carrier stable carrier_field
t=2967 delta carrier stable carrier_field
t=2968 delta carrier stable carrier_field
t=2969 delta carrier stable carrier_field
t=2970 delta carrier stable carrier_field
t=2971 delta carrier stable carrier_field
t=2972 delta carrier stable carrier_field
t=2973 delta carrier stable carrier_field
t=2974 delta carrier stable carrier_field
t=2975 delta carrier stable carrier_field
t=2976 delta carrier stable carrier_field
t=2977 delta carrier stable carrier_field
t=2978 delta carrier stable carrier_field
t=2979 delta carrier stable carrier_field
t=2980 delta carrier stable carrier_field
t=2981 delta carrier stable carrier_field
t=2982 delta carrier stable carrier_field
t=2983 delta carrier stable carrier_field
t=2984 delta carrier stable carrier_field
t=2985 delta carrier stable carrier_field
t=2986 delta carrier stable carrier_field
t=2987 delta carrier stable carrier_field
t=2988 delta carrier stable carrier_field
t=2989 delta carrier stable carrier_field
t=2990 delta carrier stable carrier_field
t=2991 delta carrier stable carrier_field
t=2992 delta carrier stable carrier_field
t=2993 delta carrier stable carrier_field
t=2994 delta carrier stable carrier_field
t=2995 delta carrier stable carrier_field
t=2996 delta carrier stable carrier_field
t=2997 delta carrier stable carrier_field
t=2998 delta carrier stable carrier_field
t=2999 delta carrier stable carrier_field
t=3000 lambda return path carrier_field
t=3001 lambda return path carrier_field
t=3002 lambda return path carrier_field
t=3003 lambda return path carrier_field
t=3004 lambda return path carrier_field
t=3005 lambda return path carrier_field
t=3006 lambda return path carrier_field
t=3007 lambda return path carrier_field
t=3008 lambda return path carrier_field
t=3009 lambda return path carrier_field
t=3010 lambda return path carrier_field
t=3011 lambda return path carrier_field
t=3012 lambda return path carrier_field
t=3013 lambda return path carrier_field
t=3014 lambda return path carrier_field
t=3015 lambda return path carrier_field
t=3016 lambda return path carrier_field
t=3017 lambda return path carrier_field
t=3018 lambda return path carrier_field
t=3019 lambda return path carrier_field
t=3020 lambda return path carrier_field
t=3021 lambda return path carrier_field
t=3022 lambda return path carrier_field
t=3023 lambda return path carrier_field
t=3024 lambda return path carrier_field
t=3025 lambda return path carrier_field
t=3026 lambda return path carrier_field
t=3027 lambda return path carrier_field
t=3028 lambda return path carrier_field
t=3029 lambda return path carrier_field
t=3030 lambda return path carrier_field
t=3031 lambda return path carrier_field
t=3032 lambda return path carrier_field
t=3033 lambda return path carrier_field
t=3034 lambda return path carrier_field
t=3035 lambda return path carrier_field
t=3036 lambda return path carrier_field
t=3037 lambda return path carrier_field
t=3038 lambda return path carrier_field
t=3039 lambda return path carrier_field
t=3040 lambda return path carrier_field
t=3041 lambda return path carrier_field
t=3042 lambda return path carrier_field
t=3043 lambda return path carrier_field
t=3044 lambda return path carrier_field
t=3045 lambda return path carrier_field
t=3046 lambda return path carrier_field
t=3047 lambda return path carrier_field
t=3048 lambda return path carrier_field
t=3049 lambda return path carrier_field
t=3050 lambda return path carrier_field
t=3051 lambda return path carrier_field
t=3052 lambda return path carrier_field
t=3053 lambda return path carrier_field
t=3054 lambda return path carrier_field
t=3055 lambda return path carrier_field
t=3056 lambda return path carrier_field
t=3057 lambda return path carrier_field
t=3058 lambda return path carrier_field
t=3059 lambda return path carrier_field
t=3060 lambda return path carrier_field
t=3061 lambda return path carrier_field
t=3062 lambda return path carrier_field
t=3063 lambda return path carrier_field
t=3064 lambda return path carrier_field
t=3065 lambda return path carrier_field
t=3066 lambda return path carrier_field
t=3067 lambda return path carrier_field
t=3068 lambda return path carrier_field
t=3069 lambda return path carrier_field
t=3070 lambda return path carrier_field
t=3071 lambda return path carrier_field
t=3072 lambda return path carrier_field
t=3073 lambda return path carrier_field
t=3074 lambda return path carrier_field
t=3075 lambda return path carrier_field
t=3076 lambda return path carrier_field
t=3077 lambda return path carrier_field
t=3078 lambda return path carrier_field
t=3079 lambda return path carrier_field
t=3080 lambda return path carrier_field
t=3081 lambda return path carrier_field
t=3082 lambda return path carrier_field
t=3083 lambda return path carrier_field
t=3084 lambda return path carrier_field
t=3085 lambda return path carrier_field
t=3086 lambda return path carrier_field
t=3087 lambda return path carrier_field
t=3088 lambda return path carrier_field
t=3089 lambda return path carrier_field
t=3090 lambda return path mu local flicker nested_burst
t=3091 lambda return path mu local flicker nested_burst
t=3092 lambda return path epsilon pulse rise nested_burst
t=3093 lambda return path zeta pulse fall nested_burst
t=3094 lambda return path epsilon pulse rise nested_burst
t=3095 lambda return path epsilon pulse rise nested_burst
t=3096 lambda return path epsilon pulse rise nested_burst
t=3097 lambda return path zeta pulse fall nested_burst
t=3098 lambda return path epsilon pulse rise nested_burst
t=3099 lambda return path epsilon pulse rise nested_burst
t=3100 lambda return path zeta pulse fall nested_burst
t=3101 lambda return path zeta pulse fall nested_burst
t=3102 lambda return path mu local flicker nested_burst
t=3103 lambda return path mu local flicker nested_burst
t=3104 lambda return path zeta pulse fall nested_burst
t=3105 lambda return path zeta pulse fall nested_burst
t=3106 lambda return path epsilon pulse rise nested_burst
t=3107 lambda return path mu local flicker nested_burst
t=3108 lambda return path zeta pulse fall nested_burst
t=3109 lambda return path zeta pulse fall nested_burst
t=3110 lambda return path mu local flicker nested_burst
t=3111 lambda return path zeta pulse fall nested_burst
t=3112 lambda return path zeta pulse fall nested_burst
t=3113 lambda return path zeta pulse fall nested_burst
t=3114 lambda return path epsilon pulse rise nested_burst
t=3115 lambda return path epsilon pulse rise nested_burst
t=3116 lambda return path epsilon pulse rise nested_burst
t=3117 lambda return path zeta pulse fall nested_burst
t=3118 lambda return path epsilon pulse rise nested_burst
t=3119 lambda return path mu local flicker nested_burst
t=3120 lambda return path mu local flicker nested_burst
t=3121 lambda return path zeta pulse fall nested_burst
t=3122 lambda return path zeta pulse fall nested_burst
t=3123 lambda return path epsilon pulse rise nested_burst
t=3124 lambda return path zeta pulse fall nested_burst
t=3125 lambda return path carrier_field
t=3126 lambda return path carrier_field
t=3127 lambda return path carrier_field
t=3128 lambda return path carrier_field
t=3129 lambda return path carrier_field
t=3130 lambda return path carrier_field
t=3131 lambda return path carrier_field
t=3132 lambda return path carrier_field
t=3133 lambda return path carrier_field
t=3134 lambda return path carrier_field
t=3135 lambda return path carrier_field
t=3136 lambda return path carrier_field
t=3137 lambda return path carrier_field
t=3138 lambda return path carrier_field
t=3139 lambda return path carrier_field
t=3140 lambda return path carrier_field
t=3141 lambda return path carrier_field
t=3142 lambda return path carrier_field
t=3143 lambda return path carrier_field
t=3144 lambda return path carrier_field
t=3145 lambda return path carrier_field
t=3146 lambda return path carrier_field
t=3147 lambda return path carrier_field
t=3148 lambda return path carrier_field
t=3149 lambda return path carrier_field
t=3150 lambda return path carrier_field
t=3151 lambda return path carrier_field
t=3152 lambda return path carrier_field
t=3153 lambda return path carrier_field
t=3154 lambda return path carrier_field
t=3155 lambda return path carrier_field
t=3156 lambda return path carrier_field
t=3157 lambda return path carrier_field
t=3158 lambda return path carrier_field
t=3159 lambda return path carrier_field
t=3160 lambda return path carrier_field
t=3161 lambda return path carrier_field
t=3162 lambda return path carrier_field
t=3163 lambda return path carrier_field
t=3164 lambda return path carrier_field
t=3165 lambda return path carrier_field
t=3166 lambda return path carrier_field
t=3167 lambda return path carrier_field
t=3168 lambda return path carrier_field
t=3169 lambda return path carrier_field
t=3170 lambda return path carrier_field
t=3171 lambda return path carrier_field
t=3172 lambda return path carrier_field
t=3173 lambda return path carrier_field
t=3174 lambda return path carrier_field
t=3175 lambda return path carrier_field
t=3176 lambda return path carrier_field
t=3177 lambda return path carrier_field
t=3178 lambda return path carrier_field
t=3179 lambda return path carrier_field
t=3180 lambda return path carrier_field
t=3181 lambda return path carrier_field
t=3182 lambda return path carrier_field
t=3183 lambda return path carrier_field
t=3184 lambda return path carrier_field
t=3185 lambda return path carrier_field
t=3186 lambda return path carrier_field
t=3187 lambda return path carrier_field
t=3188 lambda return path carrier_field
t=3189 lambda return path carrier_field
t=3190 lambda return path carrier_field
t=3191 lambda return path carrier_field
t=3192 lambda return path carrier_field
t=3193 lambda return path carrier_field
t=3194 lambda return path carrier_field
t=3195 lambda return path carrier_field
t=3196 lambda return path carrier_field
t=3197 lambda return path carrier_field
t=3198 lambda return path carrier_field
t=3199 lambda return path carrier_field
t=3200 lambda return path carrier_field
t=3201 lambda return path carrier_field
t=3202 lambda return path carrier_field
t=3203 lambda return path carrier_field
t=3204 lambda return path carrier_field
t=3205 lambda return path carrier_field
t=3206 lambda return path carrier_field
t=3207 lambda return path carrier_field
t=3208 lambda return path carrier_field
t=3209 lambda return path carrier_field
t=3210 lambda return path carrier_field
t=3211 lambda return path carrier_field
t=3212 lambda return path carrier_field
t=3213 lambda return path carrier_field
t=3214 lambda return path carrier_field
t=3215 lambda return path carrier_field
t=3216 lambda return path carrier_field
t=3217 lambda return path carrier_field
t=3218 lambda return path carrier_field
t=3219 lambda return path carrier_field
t=3220 eta drift low carrier_field
t=3221 eta drift low carrier_field
t=3222 eta drift low carrier_field
t=3223 eta drift low carrier_field
t=3224 eta drift low carrier_field
t=3225 eta drift low carrier_field
t=3226 eta drift low carrier_field
t=3227 eta drift low carrier_field
t=3228 eta drift low carrier_field
t=3229 eta drift low carrier_field
t=3230 eta drift low carrier_field
t=3231 eta drift low carrier_field
t=3232 eta drift low carrier_field
t=3233 eta drift low carrier_field
t=3234 eta drift low carrier_field
t=3235 eta drift low carrier_field
t=3236 eta drift low carrier_field
t=3237 eta drift low carrier_field
t=3238 eta drift low carrier_field
t=3239 eta drift low carrier_field
t=3240 eta drift low carrier_field
t=3241 eta drift low carrier_field
t=3242 eta drift low carrier_field
t=3243 eta drift low carrier_field
t=3244 eta drift low carrier_field
t=3245 eta drift low carrier_field
t=3246 eta drift low carrier_field
t=3247 eta drift low carrier_field
t=3248 eta drift low carrier_field
t=3249 eta drift low carrier_field
t=3250 eta drift low carrier_field
t=3251 eta drift low carrier_field
t=3252 eta drift low carrier_field
t=3253 eta drift low carrier_field
t=3254 eta drift low carrier_field
t=3255 eta drift low carrier_field
t=3256 eta drift low carrier_field
t=3257 eta drift low carrier_field
t=3258 eta drift low carrier_field
t=3259 eta drift low carrier_field
t=3260 eta drift low carrier_field
t=3261 eta drift low carrier_field
t=3262 eta drift low carrier_field
t=3263 eta drift low carrier_field
t=3264 eta drift low carrier_field
t=3265 eta drift low carrier_field
t=3266 eta drift low carrier_field
t=3267 eta drift low carrier_field
t=3268 eta drift low carrier_field
t=3269 eta drift low carrier_field
t=3270 eta drift low epsilon pulse rise nested_burst
t=3271 eta drift low zeta pulse fall nested_burst
t=3272 eta drift low mu local flicker nested_burst
t=3273 eta drift low epsilon pulse rise nested_burst
t=3274 eta drift low mu local flicker nested_burst
t=3275 eta drift low epsilon pulse rise nested_burst
t=3276 eta drift low epsilon pulse rise nested_burst
t=3277 eta drift low zeta pulse fall nested_burst
t=3278 eta drift low mu local flicker nested_burst
t=3279 eta drift low mu local flicker nested_burst
t=3280 eta drift low epsilon pulse rise nested_burst
t=3281 eta drift low iota boundary thin nested_burst
t=3282 eta drift low gamma seam shift nested_burst
t=3283 eta drift low mu local flicker nested_burst
t=3284 eta drift low iota boundary thin nested_burst
t=3285 eta drift low mu local flicker nested_burst
t=3286 eta drift low mu local flicker nested_burst
t=3287 eta drift low iota boundary thin nested_burst
t=3288 eta drift low iota boundary thin nested_burst
t=3289 eta drift low zeta pulse fall nested_burst
t=3290 eta drift low mu local flicker nested_burst
t=3291 eta drift low mu local flicker nested_burst
t=3292 eta drift low zeta pulse fall nested_burst
t=3293 eta drift low iota boundary thin nested_burst
t=3294 eta drift low epsilon pulse rise nested_burst
t=3295 eta drift low gamma seam shift nested_burst
t=3296 eta drift low iota boundary thin nested_burst
t=3297 eta drift low gamma seam shift nested_burst
t=3298 eta drift low iota boundary thin nested_burst
t=3299 eta drift low iota boundary thin nested_burst
t=3300 eta drift low iota boundary thin nested_burst
t=3301 eta drift low gamma seam shift nested_burst
t=3302 eta drift low mu local flicker nested_burst
t=3303 eta drift low gamma seam shift nested_burst
t=3304 eta drift low gamma seam shift nested_burst
t=3305 eta drift low carrier_field
t=3306 eta drift low carrier_field
t=3307 eta drift low carrier_field
t=3308 eta drift low carrier_field
t=3309 eta drift low carrier_field
t=3310 eta drift low carrier_field
t=3311 eta drift low carrier_field
t=3312 eta drift low carrier_field
t=3313 eta drift low carrier_field
t=3314 eta drift low carrier_field
t=3315 eta drift low carrier_field
t=3316 eta drift low carrier_field
t=3317 eta drift low carrier_field
t=3318 eta drift low carrier_field
t=3319 eta drift low carrier_field
t=3320 eta drift low carrier_field
t=3321 eta drift low carrier_field
t=3322 eta drift low carrier_field
t=3323 eta drift low carrier_field
t=3324 eta drift low carrier_field
t=3325 eta drift low carrier_field
t=3326 eta drift low carrier_field
t=3327 eta drift low carrier_field
t=3328 eta drift low carrier_field
t=3329 eta drift low carrier_field
t=3330 eta drift low carrier_field
t=3331 eta drift low carrier_field
t=3332 eta drift low carrier_field
t=3333 eta drift low carrier_field
t=3334 eta drift low carrier_field
t=3335 eta drift low carrier_field
t=3336 eta drift low carrier_field
t=3337 eta drift low carrier_field
t=3338 eta drift low carrier_field
t=3339 eta drift low carrier_field
t=3340 eta drift low carrier_field
t=3341 eta drift low carrier_field
t=3342 eta drift low carrier_field
t=3343 eta drift low carrier_field
t=3344 eta drift low carrier_field
t=3345 eta drift low carrier_field
t=3346 eta drift low carrier_field
t=3347 eta drift low carrier_field
t=3348 eta drift low carrier_field
t=3349 eta drift low carrier_field
t=3350 beta gate hold recomposition_pocket
t=3351 gamma seam shift recomposition_pocket
t=3352 gamma seam shift recomposition_pocket
t=3353 beta gate hold recomposition_pocket
t=3354 beta gate hold recomposition_pocket
t=3355 gamma seam shift recomposition_pocket
t=3356 beta gate hold recomposition_pocket
t=3357 gamma seam shift recomposition_pocket
t=3358 beta gate hold recomposition_pocket
t=3359 beta gate hold recomposition_pocket
t=3360 beta gate hold recomposition_pocket
t=3361 beta gate hold recomposition_pocket
t=3362 beta gate hold recomposition_pocket
t=3363 beta gate hold recomposition_pocket
t=3364 gamma seam shift recomposition_pocket
t=3365 gamma seam shift recomposition_pocket
t=3366 gamma seam shift recomposition_pocket
t=3367 beta gate hold recomposition_pocket
t=3368 beta gate hold recomposition_pocket
t=3369 gamma seam shift recomposition_pocket
t=3370 gamma seam shift recomposition_pocket
t=3371 gamma seam shift recomposition_pocket
t=3372 gamma seam shift recomposition_pocket
t=3373 beta gate hold recomposition_pocket
t=3374 beta gate hold recomposition_pocket
t=3375 gamma seam shift recomposition_pocket
t=3376 gamma seam shift recomposition_pocket
t=3377 beta gate hold recomposition_pocket
t=3378 beta gate hold recomposition_pocket
t=3379 beta gate hold recomposition_pocket
t=3380 gamma seam shift recomposition_pocket
t=3381 gamma seam shift recomposition_pocket
t=3382 beta gate hold recomposition_pocket
t=3383 beta gate hold recomposition_pocket
t=3384 beta gate hold recomposition_pocket
t=3385 beta gate hold recomposition_pocket
t=3386 gamma seam shift recomposition_pocket
t=3387 gamma seam shift recomposition_pocket
t=3388 beta gate hold recomposition_pocket
t=3389 beta gate hold recomposition_pocket
t=3390 gamma seam shift recomposition_pocket
t=3391 beta gate hold recomposition_pocket
t=3392 beta gate hold recomposition_pocket
t=3393 gamma seam shift recomposition_pocket
t=3394 beta gate hold recomposition_pocket
t=3395 beta gate hold recomposition_pocket
t=3396 gamma seam shift recomposition_pocket
t=3397 gamma seam shift recomposition_pocket
t=3398 beta gate hold recomposition_pocket
t=3399 gamma seam shift recomposition_pocket
t=3400 gamma seam shift recomposition_pocket
t=3401 gamma seam shift recomposition_pocket
t=3402 beta gate hold recomposition_pocket
t=3403 gamma seam shift recomposition_pocket
t=3404 beta gate hold recomposition_pocket
t=3405 beta gate hold recomposition_pocket
t=3406 beta gate hold recomposition_pocket
t=3407 beta gate hold recomposition_pocket
t=3408 beta gate hold recomposition_pocket
t=3409 gamma seam shift recomposition_pocket
t=3410 beta gate hold recomposition_pocket
t=3411 gamma seam shift recomposition_pocket
t=3412 beta gate hold recomposition_pocket
t=3413 beta gate hold recomposition_pocket
t=3414 gamma seam shift recomposition_pocket
t=3415 gamma seam shift recomposition_pocket
t=3416 beta gate hold recomposition_pocket
t=3417 gamma seam shift recomposition_pocket
t=3418 gamma seam shift recomposition_pocket
t=3419 beta gate hold recomposition_pocket
t=3420 gamma seam shift recomposition_pocket
t=3421 beta gate hold recomposition_pocket
t=3422 beta gate hold recomposition_pocket
t=3423 gamma seam shift recomposition_pocket
t=3424 gamma seam shift recomposition_pocket
t=3425 beta gate hold recomposition_pocket
t=3426 beta gate hold recomposition_pocket
t=3427 gamma seam shift recomposition_pocket
t=3428 gamma seam shift recomposition_pocket
t=3429 gamma seam shift recomposition_pocket
t=3430 gamma seam shift recomposition_pocket
t=3431 beta gate hold recomposition_pocket
t=3432 beta gate hold recomposition_pocket
t=3433 gamma seam shift recomposition_pocket
t=3434 gamma seam shift recomposition_pocket
t=3435 beta gate hold recomposition_pocket
t=3436 gamma seam shift recomposition_pocket
t=3437 gamma seam shift recomposition_pocket
t=3438 beta gate hold recomposition_pocket
t=3439 gamma seam shift recomposition_pocket
t=3440 gamma seam shift recomposition_pocket
t=3441 gamma seam shift recomposition_pocket
t=3442 gamma seam shift recomposition_pocket
t=3443 beta gate hold recomposition_pocket
t=3444 gamma seam shift recomposition_pocket
t=3445 gamma seam shift recomposition_pocket
t=3446 beta gate hold recomposition_pocket
t=3447 beta gate hold recomposition_pocket
t=3448 gamma seam shift recomposition_pocket
t=3449 gamma seam shift recomposition_pocket
t=3450 eta drift low mu local flicker nested_burst
t=3451 eta drift low zeta pulse fall nested_burst
t=3452 eta drift low mu local flicker nested_burst
t=3453 eta drift low zeta pulse fall nested_burst
t=3454 eta drift low epsilon pulse rise nested_burst
t=3455 eta drift low zeta pulse fall nested_burst
t=3456 eta drift low epsilon pulse rise nested_burst
t=3457 eta drift low zeta pulse fall nested_burst
t=3458 eta drift low epsilon pulse rise nested_burst
t=3459 eta drift low mu local flicker nested_burst
t=3460 eta drift low mu local flicker nested_burst
t=3461 eta drift low zeta pulse fall nested_burst
t=3462 eta drift low mu local flicker nested_burst
t=3463 eta drift low epsilon pulse rise nested_burst
t=3464 eta drift low mu local flicker nested_burst
t=3465 eta drift low zeta pulse fall nested_burst
t=3466 eta drift low zeta pulse fall nested_burst
t=3467 eta drift low zeta pulse fall nested_burst
t=3468 eta drift low zeta pulse fall nested_burst
t=3469 eta drift low zeta pulse fall nested_burst
t=3470 eta drift low zeta pulse fall nested_burst
t=3471 eta drift low mu local flicker nested_burst
t=3472 eta drift low epsilon pulse rise nested_burst
t=3473 eta drift low mu local flicker nested_burst
t=3474 eta drift low zeta pulse fall nested_burst
t=3475 eta drift low mu local flicker nested_burst
t=3476 eta drift low epsilon pulse rise nested_burst
t=3477 eta drift low epsilon pulse rise nested_burst
t=3478 eta drift low epsilon pulse rise nested_burst
t=3479 eta drift low mu local flicker nested_burst
t=3480 eta drift low epsilon pulse rise nested_burst
t=3481 eta drift low zeta pulse fall nested_burst
t=3482 eta drift low mu local flicker nested_burst
t=3483 eta drift low epsilon pulse rise nested_burst
t=3484 eta drift low zeta pulse fall nested_burst
t=3485 eta drift low carrier_field
t=3486 eta drift low carrier_field
t=3487 eta drift low carrier_field
t=3488 eta drift low carrier_field
t=3489 eta drift low carrier_field
t=3490 eta drift low carrier_field
t=3491 eta drift low carrier_field
t=3492 eta drift low carrier_field
t=3493 eta drift low carrier_field
t=3494 eta drift low carrier_field
t=3495 eta drift low carrier_field
t=3496 eta drift low carrier_field
t=3497 eta drift low carrier_field
t=3498 eta drift low carrier_field
t=3499 eta drift low carrier_field
t=3500 eta drift low carrier_field
t=3501 eta drift low carrier_field
t=3502 eta drift low carrier_field
t=3503 eta drift low carrier_field
t=3504 eta drift low carrier_field
t=3505 eta drift low carrier_field
t=3506 eta drift low carrier_field
t=3507 eta drift low carrier_field
t=3508 eta drift low carrier_field
t=3509 eta drift low carrier_field
t=3510 eta drift low carrier_field
t=3511 eta drift low carrier_field
t=3512 eta drift low carrier_field
t=3513 eta drift low carrier_field
t=3514 eta drift low carrier_field
t=3515 eta drift low carrier_field
t=3516 eta drift low carrier_field
t=3517 eta drift low carrier_field
t=3518 eta drift low carrier_field
t=3519 eta drift low carrier_field
t=3520 eta drift low carrier_field
t=3521 eta drift low carrier_field
t=3522 eta drift low carrier_field
t=3523 eta drift low carrier_field
t=3524 eta drift low carrier_field
t=3525 eta drift low carrier_field
t=3526 eta drift low carrier_field
t=3527 eta drift low carrier_field
t=3528 eta drift low carrier_field
t=3529 eta drift low carrier_field
t=3530 eta drift low carrier_field
t=3531 eta drift low carrier_field
t=3532 eta drift low carrier_field
t=3533 eta drift low carrier_field
t=3534 eta drift low carrier_field
t=3535 eta drift low carrier_field
t=3536 eta drift low carrier_field
t=3537 eta drift low carrier_field
t=3538 eta drift low carrier_field
t=3539 eta drift low carrier_field
t=3540 eta drift low carrier_field
t=3541 eta drift low carrier_field
t=3542 eta drift low carrier_field
t=3543 eta drift low carrier_field
t=3544 eta drift low carrier_field
t=3545 eta drift low carrier_field
t=3546 eta drift low carrier_field
t=3547 eta drift low carrier_field
t=3548 eta drift low carrier_field
t=3549 eta drift low carrier_field
t=3550 eta drift low carrier_field
t=3551 eta drift low carrier_field
t=3552 eta drift low carrier_field
t=3553 eta drift low carrier_field
t=3554 eta drift low carrier_field
t=3555 eta drift low carrier_field
t=3556 eta drift low carrier_field
t=3557 eta drift low carrier_field
t=3558 eta drift low carrier_field
t=3559 eta drift low carrier_field
t=3560 eta drift low carrier_field
t=3561 eta drift low carrier_field
t=3562 eta drift low carrier_field
t=3563 eta drift low carrier_field
t=3564 eta drift low carrier_field
t=3565 eta drift low carrier_field
t=3566 eta drift low carrier_field
t=3567 eta drift low carrier_field
t=3568 eta drift low carrier_field
t=3569 eta drift low carrier_field
t=3570 eta drift low carrier_field
t=3571 eta drift low carrier_field
t=3572 eta drift low carrier_field
t=3573 eta drift low carrier_field
t=3574 eta drift low carrier_field
t=3575 eta drift low carrier_field
t=3576 eta drift low carrier_field
t=3577 eta drift low carrier_field
t=3578 eta drift low carrier_field
t=3579 eta drift low carrier_field
t=3580 eta drift low carrier_field
t=3581 eta drift low carrier_field
t=3582 eta drift low carrier_field
t=3583 eta drift low carrier_field
t=3584 eta drift low carrier_field
t=3585 eta drift low carrier_field
t=3586 eta drift low carrier_field
t=3587 eta drift low carrier_field
t=3588 eta drift low carrier_field
t=3589 eta drift low carrier_field
t=3590 eta drift low carrier_field
t=3591 eta drift low carrier_field
t=3592 eta drift low carrier_field
t=3593 eta drift low carrier_field
t=3594 eta drift low carrier_field
t=3595 eta drift low carrier_field
t=3596 eta drift low carrier_field
t=3597 eta drift low carrier_field
t=3598 eta drift low carrier_field
t=3599 eta drift low carrier_field
t=3600 eta drift low carrier_field
t=3601 eta drift low carrier_field
t=3602 eta drift low carrier_field
t=3603 eta drift low carrier_field
t=3604 eta drift low carrier_field
t=3605 eta drift low carrier_field
t=3606 eta drift low carrier_field
t=3607 eta drift low carrier_field
t=3608 eta drift low carrier_field
t=3609 eta drift low carrier_field
t=3610 eta drift low carrier_field
t=3611 eta drift low carrier_field
t=3612 eta drift low carrier_field
t=3613 eta drift low carrier_field
t=3614 eta drift low carrier_field
t=3615 eta drift low carrier_field
t=3616 eta drift low carrier_field
t=3617 eta drift low carrier_field
t=3618 eta drift low carrier_field
t=3619 eta drift low carrier_field
t=3620 theta drift high carrier_field
t=3621 theta drift high carrier_field
t=3622 theta drift high carrier_field
t=3623 theta drift high carrier_field
t=3624 theta drift high carrier_field
t=3625 theta drift high carrier_field
t=3626 theta drift high carrier_field
t=3627 theta drift high carrier_field
t=3628 theta drift high carrier_field
t=3629 theta drift high carrier_field
t=3630 theta drift high mu local flicker nested_burst
t=3631 theta drift high epsilon pulse rise nested_burst
t=3632 theta drift high epsilon pulse rise nested_burst
t=3633 theta drift high zeta pulse fall nested_burst
t=3634 theta drift high zeta pulse fall nested_burst
t=3635 theta drift high mu local flicker nested_burst
t=3636 theta drift high epsilon pulse rise nested_burst
t=3637 theta drift high zeta pulse fall nested_burst
t=3638 theta drift high zeta pulse fall nested_burst
t=3639 theta drift high zeta pulse fall nested_burst
t=3640 theta drift high epsilon pulse rise nested_burst
t=3641 theta drift high epsilon pulse rise nested_burst
t=3642 theta drift high zeta pulse fall nested_burst
t=3643 theta drift high zeta pulse fall nested_burst
t=3644 theta drift high mu local flicker nested_burst
t=3645 theta drift high zeta pulse fall nested_burst
t=3646 theta drift high mu local flicker nested_burst
t=3647 theta drift high epsilon pulse rise nested_burst
t=3648 theta drift high mu local flicker nested_burst
t=3649 theta drift high mu local flicker nested_burst
t=3650 theta drift high epsilon pulse rise nested_burst
t=3651 theta drift high mu local flicker nested_burst
t=3652 theta drift high epsilon pulse rise nested_burst
t=3653 theta drift high epsilon pulse rise nested_burst
t=3654 theta drift high zeta pulse fall nested_burst
t=3655 theta drift high mu local flicker nested_burst
t=3656 theta drift high epsilon pulse rise nested_burst
t=3657 theta drift high zeta pulse fall nested_burst
t=3658 theta drift high mu local flicker nested_burst
t=3659 theta drift high epsilon pulse rise nested_burst
t=3660 theta drift high mu local flicker nested_burst
t=3661 theta drift high mu local flicker nested_burst
t=3662 theta drift high zeta pulse fall nested_burst
t=3663 theta drift high mu local flicker nested_burst
t=3664 theta drift high mu local flicker nested_burst
t=3665 theta drift high carrier_field
t=3666 theta drift high carrier_field
t=3667 theta drift high carrier_field
t=3668 theta drift high carrier_field
t=3669 theta drift high carrier_field
t=3670 theta drift high carrier_field
t=3671 theta drift high carrier_field
t=3672 theta drift high carrier_field
t=3673 theta drift high carrier_field
t=3674 theta drift high carrier_field
t=3675 theta drift high carrier_field
t=3676 theta drift high carrier_field
t=3677 theta drift high carrier_field
t=3678 theta drift high carrier_field
t=3679 theta drift high carrier_field
t=3680 theta drift high carrier_field
t=3681 theta drift high carrier_field
t=3682 theta drift high carrier_field
t=3683 theta drift high carrier_field
t=3684 theta drift high carrier_field
t=3685 theta drift high carrier_field
t=3686 theta drift high carrier_field
t=3687 theta drift high carrier_field
t=3688 theta drift high carrier_field
t=3689 theta drift high carrier_field
t=3690 theta drift high carrier_field
t=3691 theta drift high carrier_field
t=3692 theta drift high carrier_field
t=3693 theta drift high carrier_field
t=3694 theta drift high carrier_field
t=3695 theta drift high carrier_field
t=3696 theta drift high carrier_field
t=3697 theta drift high carrier_field
t=3698 theta drift high carrier_field
t=3699 theta drift high carrier_field
t=3700 theta drift high carrier_field
t=3701 theta drift high carrier_field
t=3702 theta drift high carrier_field
t=3703 theta drift high carrier_field
t=3704 theta drift high carrier_field
t=3705 theta drift high carrier_field
t=3706 theta drift high carrier_field
t=3707 theta drift high carrier_field
t=3708 theta drift high carrier_field
t=3709 theta drift high carrier_field
t=3710 theta drift high carrier_field
t=3711 theta drift high carrier_field
t=3712 theta drift high carrier_field
t=3713 theta drift high carrier_field
t=3714 theta drift high carrier_field
t=3715 theta drift high carrier_field
t=3716 theta drift high carrier_field
t=3717 theta drift high carrier_field
t=3718 theta drift high carrier_field
t=3719 theta drift high carrier_field
t=3720 theta drift high carrier_field
t=3721 theta drift high carrier_field
t=3722 theta drift high carrier_field
t=3723 theta drift high carrier_field
t=3724 theta drift high carrier_field
t=3725 theta drift high carrier_field
t=3726 theta drift high carrier_field
t=3727 theta drift high carrier_field
t=3728 theta drift high carrier_field
t=3729 theta drift high carrier_field
t=3730 theta drift high carrier_field
t=3731 theta drift high carrier_field
t=3732 theta drift high carrier_field
t=3733 theta drift high carrier_field
t=3734 theta drift high carrier_field
t=3735 theta drift high carrier_field
t=3736 theta drift high carrier_field
t=3737 theta drift high carrier_field
t=3738 theta drift high carrier_field
t=3739 theta drift high carrier_field
t=3740 theta drift high carrier_field
t=3741 theta drift high carrier_field
t=3742 theta drift high carrier_field
t=3743 theta drift high carrier_field
t=3744 theta drift high carrier_field
t=3745 theta drift high carrier_field
t=3746 theta drift high carrier_field
t=3747 theta drift high carrier_field
t=3748 theta drift high carrier_field
t=3749 theta drift high carrier_field
t=3750 theta drift high carrier_field
t=3751 theta drift high carrier_field
t=3752 theta drift high carrier_field
t=3753 theta drift high carrier_field
t=3754 theta drift high carrier_field
t=3755 theta drift high carrier_field
t=3756 theta drift high carrier_field
t=3757 theta drift high carrier_field
t=3758 theta drift high carrier_field
t=3759 theta drift high carrier_field
t=3760 theta drift high carrier_field
t=3761 theta drift high carrier_field
t=3762 theta drift high carrier_field
t=3763 theta drift high carrier_field
t=3764 theta drift high carrier_field
t=3765 theta drift high carrier_field
t=3766 theta drift high carrier_field
t=3767 theta drift high carrier_field
t=3768 theta drift high carrier_field
t=3769 theta drift high carrier_field
t=3770 theta drift high carrier_field
t=3771 theta drift high carrier_field
t=3772 theta drift high carrier_field
t=3773 theta drift high carrier_field
t=3774 theta drift high carrier_field
t=3775 theta drift high carrier_field
t=3776 theta drift high carrier_field
t=3777 theta drift high carrier_field
t=3778 theta drift high carrier_field
t=3779 theta drift high carrier_field
t=3780 theta drift high carrier_field
t=3781 theta drift high carrier_field
t=3782 theta drift high carrier_field
t=3783 theta drift high carrier_field
t=3784 theta drift high carrier_field
t=3785 theta drift high carrier_field
t=3786 theta drift high carrier_field
t=3787 theta drift high carrier_field
t=3788 theta drift high carrier_field
t=3789 theta drift high carrier_field
t=3790 theta drift high carrier_field
t=3791 theta drift high carrier_field
t=3792 theta drift high carrier_field
t=3793 theta drift high carrier_field
t=3794 theta drift high carrier_field
t=3795 theta drift high carrier_field
t=3796 theta drift high carrier_field
t=3797 theta drift high carrier_field
t=3798 theta drift high carrier_field
t=3799 theta drift high carrier_field
t=3800 theta drift high carrier_field
t=3801 theta drift high carrier_field
t=3802 theta drift high carrier_field
t=3803 theta drift high carrier_field
t=3804 theta drift high carrier_field
t=3805 theta drift high carrier_field
t=3806 theta drift high carrier_field
t=3807 theta drift high carrier_field
t=3808 theta drift high carrier_field
t=3809 theta drift high carrier_field
t=3810 theta drift high epsilon pulse rise nested_burst
t=3811 theta drift high zeta pulse fall nested_burst
t=3812 theta drift high mu local flicker nested_burst
t=3813 theta drift high zeta pulse fall nested_burst
t=3814 theta drift high epsilon pulse rise nested_burst
t=3815 theta drift high epsilon pulse rise nested_burst
t=3816 theta drift high epsilon pulse rise nested_burst
t=3817 theta drift high zeta pulse fall nested_burst
t=3818 theta drift high zeta pulse fall nested_burst
t=3819 theta drift high zeta pulse fall nested_burst
t=3820 theta drift high zeta pulse fall nested_burst
t=3821 theta drift high iota boundary thin nested_burst
t=3822 theta drift high gamma seam shift nested_burst
t=3823 theta drift high iota boundary thin nested_burst
t=3824 theta drift high iota boundary thin nested_burst
t=3825 theta drift high iota boundary thin nested_burst
t=3826 theta drift high gamma seam shift nested_burst
t=3827 theta drift high gamma seam shift nested_burst
t=3828 theta drift high zeta pulse fall nested_burst
t=3829 theta drift high iota boundary thin nested_burst
t=3830 theta drift high iota boundary thin nested_burst
t=3831 theta drift high zeta pulse fall nested_burst
t=3832 theta drift high mu local flicker nested_burst
t=3833 theta drift high gamma seam shift nested_burst
t=3834 theta drift high gamma seam shift nested_burst
t=3835 theta drift high gamma seam shift nested_burst
t=3836 theta drift high gamma seam shift nested_burst
t=3837 theta drift high iota boundary thin nested_burst
t=3838 theta drift high iota boundary thin nested_burst
t=3839 theta drift high iota boundary thin nested_burst
t=3840 theta drift high iota boundary thin nested_burst
t=3841 theta drift high gamma seam shift nested_burst
t=3842 theta drift high mu local flicker nested_burst
t=3843 theta drift high iota boundary thin nested_burst
t=3844 theta drift high gamma seam shift nested_burst
t=3845 theta drift high carrier_field
t=3846 theta drift high carrier_field
t=3847 theta drift high carrier_field
t=3848 theta drift high carrier_field
t=3849 theta drift high carrier_field
t=3850 theta drift high carrier_field
t=3851 theta drift high carrier_field
t=3852 theta drift high carrier_field
t=3853 theta drift high carrier_field
t=3854 theta drift high carrier_field
t=3855 theta drift high carrier_field
t=3856 theta drift high carrier_field
t=3857 theta drift high carrier_field
t=3858 theta drift high carrier_field
t=3859 theta drift high carrier_field
t=3860 theta drift high carrier_field
t=3861 theta drift high carrier_field
t=3862 theta drift high carrier_field
t=3863 theta drift high carrier_field
t=3864 theta drift high carrier_field
t=3865 theta drift high carrier_field
t=3866 theta drift high carrier_field
t=3867 theta drift high carrier_field
t=3868 theta drift high carrier_field
t=3869 theta drift high carrier_field
t=3870 theta drift high carrier_field
t=3871 theta drift high carrier_field
t=3872 theta drift high carrier_field
t=3873 theta drift high carrier_field
t=3874 theta drift high carrier_field
t=3875 theta drift high carrier_field
t=3876 theta drift high carrier_field
t=3877 theta drift high carrier_field
t=3878 theta drift high carrier_field
t=3879 theta drift high carrier_field
t=3880 theta drift high carrier_field
t=3881 theta drift high carrier_field
t=3882 theta drift high carrier_field
t=3883 theta drift high carrier_field
t=3884 theta drift high carrier_field
t=3885 theta drift high carrier_field
t=3886 theta drift high carrier_field
t=3887 theta drift high carrier_field
t=3888 theta drift high carrier_field
t=3889 theta drift high carrier_field
t=3890 theta drift high carrier_field
t=3891 theta drift high carrier_field
t=3892 theta drift high carrier_field
t=3893 theta drift high carrier_field
t=3894 theta drift high carrier_field
t=3895 theta drift high carrier_field
t=3896 theta drift high carrier_field
t=3897 theta drift high carrier_field
t=3898 theta drift high carrier_field
t=3899 theta drift high carrier_field
t=3900 theta drift high carrier_field
t=3901 theta drift high carrier_field
t=3902 theta drift high carrier_field
t=3903 theta drift high carrier_field
t=3904 theta drift high carrier_field
t=3905 theta drift high carrier_field
t=3906 theta drift high carrier_field
t=3907 theta drift high carrier_field
t=3908 theta drift high carrier_field
t=3909 theta drift high carrier_field
t=3910 theta drift high carrier_field
t=3911 theta drift high carrier_field
t=3912 theta drift high carrier_field
t=3913 theta drift high carrier_field
t=3914 theta drift high carrier_field
t=3915 theta drift high carrier_field
t=3916 theta drift high carrier_field
t=3917 theta drift high carrier_field
t=3918 theta drift high carrier_field
t=3919 theta drift high carrier_field
t=3920 eta drift low carrier_field
t=3921 eta drift low carrier_field
t=3922 eta drift low carrier_field
t=3923 eta drift low carrier_field
t=3924 eta drift low carrier_field
t=3925 eta drift low carrier_field
t=3926 eta drift low carrier_field
t=3927 eta drift low carrier_field
t=3928 eta drift low carrier_field
t=3929 eta drift low carrier_field
t=3930 eta drift low carrier_field
t=3931 eta drift low carrier_field
t=3932 eta drift low carrier_field
t=3933 eta drift low carrier_field
t=3934 eta drift low carrier_field
t=3935 eta drift low carrier_field
t=3936 eta drift low carrier_field
t=3937 eta drift low carrier_field
t=3938 eta drift low carrier_field
t=3939 eta drift low carrier_field
t=3940 eta drift low carrier_field
t=3941 eta drift low carrier_field
t=3942 eta drift low carrier_field
t=3943 eta drift low carrier_field
t=3944 eta drift low carrier_field
t=3945 eta drift low carrier_field
t=3946 eta drift low carrier_field
t=3947 eta drift low carrier_field
t=3948 eta drift low carrier_field
t=3949 eta drift low carrier_field
t=3950 eta drift low carrier_field
t=3951 eta drift low carrier_field
t=3952 eta drift low carrier_field
t=3953 eta drift low carrier_field
t=3954 eta drift low carrier_field
t=3955 eta drift low carrier_field
t=3956 eta drift low carrier_field
t=3957 eta drift low carrier_field
t=3958 eta drift low carrier_field
t=3959 eta drift low carrier_field
t=3960 eta drift low carrier_field
t=3961 eta drift low carrier_field
t=3962 eta drift low carrier_field
t=3963 eta drift low carrier_field
t=3964 eta drift low carrier_field
t=3965 eta drift low carrier_field
t=3966 eta drift low carrier_field
t=3967 eta drift low carrier_field
t=3968 eta drift low carrier_field
t=3969 eta drift low carrier_field
t=3970 eta drift low carrier_field
t=3971 eta drift low carrier_field
t=3972 eta drift low carrier_field
t=3973 eta drift low carrier_field
t=3974 eta drift low carrier_field
t=3975 eta drift low carrier_field
t=3976 eta drift low carrier_field
t=3977 eta drift low carrier_field
t=3978 eta drift low carrier_field
t=3979 eta drift low carrier_field
t=3980 eta drift low carrier_field
t=3981 eta drift low carrier_field
t=3982 eta drift low carrier_field
t=3983 eta drift low carrier_field
t=3984 eta drift low carrier_field
t=3985 eta drift low carrier_field
t=3986 eta drift low carrier_field
t=3987 eta drift low carrier_field
t=3988 eta drift low carrier_field
t=3989 eta drift low carrier_field
t=3990 eta drift low mu local flicker nested_burst
t=3991 eta drift low mu local flicker nested_burst
t=3992 eta drift low mu local flicker nested_burst
t=3993 eta drift low mu local flicker nested_burst
t=3994 eta drift low epsilon pulse rise nested_burst
t=3995 eta drift low mu local flicker nested_burst
t=3996 eta drift low epsilon pulse rise nested_burst
t=3997 eta drift low mu local flicker nested_burst
t=3998 eta drift low zeta pulse fall nested_burst
t=3999 eta drift low mu local flicker nested_burst
t=4000 eta drift low zeta pulse fall nested_burst
