t=00001 quiet_field
t=00002 quiet_field
t=00003 quiet_field
t=00004 quiet_field
t=00005 quiet_field
t=00006 quiet_field
t=00007 quiet_field
t=00008 quiet_field
t=00009 quiet_field
t=00010 quiet_field
t=00011 quiet_field
t=00012 quiet_field
t=00013 quiet_field
t=00014 quiet_field
t=00015 quiet_field
t=00016 quiet_field
t=00017 quiet_field
t=00018 quiet_field
t=00019 quiet_field
t=00020 quiet_field
t=00021 quiet_field
t=00022 quiet_field
t=00023 quiet_field
t=00024 quiet_field
t=00025 quiet_field
t=00026 quiet_field
t=00027 quiet_field
t=00028 quiet_field
t=00029 quiet_field
t=00030 quiet_field
t=00031 quiet_field
t=00032 quiet_field
t=00033 quiet_field
t=00034 quiet_field
t=00035 quiet_field
t=00036 quiet_field
t=00037 quiet_field
t=00038 quiet_field
t=00039 quiet_field
t=00040 alpha weak rise beta weak fall local_echo
t=00041 alpha weak rise beta weak fall local_echo
t=00042 alpha weak rise beta weak fall local_echo
t=00043 alpha weak rise beta weak fall local_echo
t=00044 gamma soft pulse delta soft pulse local_echo
t=00045 alpha weak rise beta weak fall local_echo
t=00046 theta slight drift lambda slight drift local_echo
t=00047 gamma soft pulse delta soft pulse local_echo
t=00048 theta slight drift lambda slight drift local_echo
t=00049 alpha weak rise beta weak fall local_echo
t=00050 theta slight drift lambda slight drift local_echo
t=00051 theta slight drift lambda slight drift local_echo
t=00052 theta slight drift lambda slight drift local_echo
t=00053 gamma soft pulse delta soft pulse local_echo
t=00054 gamma soft pulse delta soft pulse local_echo
t=00055 gamma soft pulse delta soft pulse local_echo
t=00056 theta slight drift lambda slight drift local_echo
t=00057 alpha weak rise beta weak fall local_echo
t=00058 alpha weak rise beta weak fall local_echo
t=00059 gamma soft pulse delta soft pulse local_echo
t=00060 gamma soft pulse delta soft pulse local_echo
t=00061 alpha weak rise beta weak fall local_echo
t=00062 alpha weak rise beta weak fall local_echo
t=00063 gamma soft pulse delta soft pulse local_echo
t=00064 gamma soft pulse delta soft pulse local_echo
t=00065 theta slight drift lambda slight drift local_echo
t=00066 gamma soft pulse delta soft pulse local_echo
t=00067 gamma soft pulse delta soft pulse local_echo
t=00068 alpha weak rise beta weak fall local_echo
t=00069 alpha weak rise beta weak fall local_echo
t=00070 theta slight drift lambda slight drift local_echo
t=00071 gamma soft pulse delta soft pulse local_echo
t=00072 theta slight drift lambda slight drift local_echo
t=00073 alpha weak rise beta weak fall local_echo
t=00074 theta slight drift lambda slight drift local_echo
t=00075 theta slight drift lambda slight drift local_echo
t=00076 theta slight drift lambda slight drift local_echo
t=00077 alpha weak rise beta weak fall local_echo
t=00078 gamma soft pulse delta soft pulse local_echo
t=00079 theta slight drift lambda slight drift local_echo
t=00080 theta slight drift lambda slight drift local_echo
t=00081 gamma soft pulse delta soft pulse local_echo
t=00082 gamma soft pulse delta soft pulse local_echo
t=00083 alpha weak rise beta weak fall local_echo
t=00084 alpha weak rise beta weak fall local_echo
t=00085 gamma soft pulse delta soft pulse local_echo
t=00086 alpha weak rise beta weak fall local_echo
t=00087 theta slight drift lambda slight drift local_echo
t=00088 alpha weak rise beta weak fall local_echo
t=00089 theta slight drift lambda slight drift local_echo
t=00090 quiet_field
t=00091 quiet_field
t=00092 quiet_field
t=00093 quiet_field
t=00094 quiet_field
t=00095 quiet_field
t=00096 quiet_field
t=00097 quiet_field
t=00098 quiet_field
t=00099 quiet_field
t=00100 quiet_field
t=00101 quiet_field
t=00102 quiet_field
t=00103 quiet_field
t=00104 quiet_field
t=00105 quiet_field
t=00106 quiet_field
t=00107 quiet_field
t=00108 quiet_field
t=00109 quiet_field
t=00110 quiet_field
t=00111 quiet_field
t=00112 quiet_field
t=00113 quiet_field
t=00114 quiet_field
t=00115 quiet_field
t=00116 quiet_field
t=00117 quiet_field
t=00118 quiet_field
t=00119 quiet_field
t=00120 quiet_field
t=00121 quiet_field
t=00122 quiet_field
t=00123 quiet_field
t=00124 quiet_field
t=00125 quiet_field
t=00126 quiet_field
t=00127 quiet_field
t=00128 quiet_field
t=00129 quiet_field
t=00130 quiet_field
t=00131 quiet_field
t=00132 quiet_field
t=00133 quiet_field
t=00134 quiet_field
t=00135 quiet_field
t=00136 quiet_field
t=00137 quiet_field
t=00138 quiet_field
t=00139 quiet_field
t=00140 quiet_field
t=00141 quiet_field
t=00142 quiet_field
t=00143 quiet_field
t=00144 quiet_field
t=00145 quiet_field
t=00146 quiet_field
t=00147 quiet_field
t=00148 quiet_field
t=00149 quiet_field
t=00150 quiet_field
t=00151 quiet_field
t=00152 quiet_field
t=00153 quiet_field
t=00154 quiet_field
t=00155 quiet_field
t=00156 quiet_field
t=00157 quiet_field
t=00158 quiet_field
t=00159 quiet_field
t=00160 quiet_field
t=00161 quiet_field
t=00162 quiet_field
t=00163 quiet_field
t=00164 quiet_field
t=00165 quiet_field
t=00166 quiet_field
t=00167 quiet_field
t=00168 quiet_field
t=00169 quiet_field
t=00170 quiet_field
t=00171 quiet_field
t=00172 quiet_field
t=00173 quiet_field
t=00174 quiet_field
t=00175 quiet_field
t=00176 quiet_field
t=00177 quiet_field
t=00178 quiet_field
t=00179 quiet_field
t=00180 quiet_field
t=00181 quiet_field
t=00182 quiet_field
t=00183 quiet_field
t=00184 quiet_field
t=00185 quiet_field
t=00186 quiet_field
t=00187 quiet_field
t=00188 quiet_field
t=00189 quiet_field
t=00190 quiet_field
t=00191 quiet_field
t=00192 quiet_field
t=00193 quiet_field
t=00194 quiet_field
t=00195 quiet_field
t=00196 quiet_field
t=00197 quiet_field
t=00198 quiet_field
t=00199 quiet_field
t=00200 quiet_field
t=00201 quiet_field
t=00202 quiet_field
t=00203 quiet_field
t=00204 quiet_field
t=00205 quiet_field
t=00206 quiet_field
t=00207 quiet_field
t=00208 quiet_field
t=00209 quiet_field
t=00210 lambda slight drift theta slight drift partial_return
t=00211 beta weak fall alpha weak rise partial_return
t=00212 beta weak fall alpha weak rise partial_return
t=00213 beta weak fall alpha weak rise partial_return
t=00214 delta soft pulse gamma soft pulse partial_return
t=00215 delta soft pulse gamma soft pulse partial_return
t=00216 delta soft pulse gamma soft pulse partial_return
t=00217 lambda slight drift theta slight drift partial_return
t=00218 delta soft pulse gamma soft pulse partial_return
t=00219 delta soft pulse gamma soft pulse partial_return
t=00220 delta soft pulse gamma soft pulse partial_return
t=00221 delta soft pulse gamma soft pulse partial_return
t=00222 lambda slight drift theta slight drift partial_return
t=00223 delta soft pulse gamma soft pulse partial_return
t=00224 beta weak fall alpha weak rise partial_return
t=00225 lambda slight drift theta slight drift partial_return
t=00226 beta weak fall alpha weak rise partial_return
t=00227 delta soft pulse gamma soft pulse partial_return
t=00228 beta weak fall alpha weak rise partial_return
t=00229 delta soft pulse gamma soft pulse partial_return
t=00230 delta soft pulse gamma soft pulse partial_return
t=00231 lambda slight drift theta slight drift partial_return
t=00232 beta weak fall alpha weak rise partial_return
t=00233 lambda slight drift theta slight drift partial_return
t=00234 delta soft pulse gamma soft pulse partial_return
t=00235 delta soft pulse gamma soft pulse partial_return
t=00236 beta weak fall alpha weak rise partial_return
t=00237 delta soft pulse gamma soft pulse partial_return
t=00238 delta soft pulse gamma soft pulse partial_return
t=00239 beta weak fall alpha weak rise partial_return
t=00240 lambda slight drift theta slight drift partial_return
t=00241 delta soft pulse gamma soft pulse partial_return
t=00242 lambda slight drift theta slight drift partial_return
t=00243 beta weak fall alpha weak rise partial_return
t=00244 beta weak fall alpha weak rise partial_return
t=00245 delta soft pulse gamma soft pulse partial_return
t=00246 lambda slight drift theta slight drift partial_return
t=00247 delta soft pulse gamma soft pulse partial_return
t=00248 lambda slight drift theta slight drift partial_return
t=00249 lambda slight drift theta slight drift partial_return
t=00250 lambda slight drift theta slight drift partial_return
t=00251 delta soft pulse gamma soft pulse partial_return
t=00252 lambda slight drift theta slight drift partial_return
t=00253 lambda slight drift theta slight drift partial_return
t=00254 delta soft pulse gamma soft pulse partial_return
t=00255 quiet_field
t=00256 quiet_field
t=00257 quiet_field
t=00258 quiet_field
t=00259 quiet_field
t=00260 quiet_field
t=00261 quiet_field
t=00262 quiet_field
t=00263 quiet_field
t=00264 quiet_field
t=00265 quiet_field
t=00266 quiet_field
t=00267 quiet_field
t=00268 quiet_field
t=00269 quiet_field
t=00270 quiet_field
t=00271 quiet_field
t=00272 quiet_field
t=00273 quiet_field
t=00274 quiet_field
t=00275 quiet_field
t=00276 quiet_field
t=00277 quiet_field
t=00278 quiet_field
t=00279 quiet_field
t=00280 quiet_field
t=00281 quiet_field
t=00282 quiet_field
t=00283 quiet_field
t=00284 quiet_field
t=00285 quiet_field
t=00286 quiet_field
t=00287 quiet_field
t=00288 quiet_field
t=00289 quiet_field
t=00290 quiet_field
t=00291 quiet_field
t=00292 quiet_field
t=00293 quiet_field
t=00294 quiet_field
t=00295 quiet_field
t=00296 quiet_field
t=00297 quiet_field
t=00298 quiet_field
t=00299 quiet_field
t=00300 quiet_field
t=00301 quiet_field
t=00302 quiet_field
t=00303 quiet_field
t=00304 quiet_field
t=00305 quiet_field
t=00306 quiet_field
t=00307 quiet_field
t=00308 quiet_field
t=00309 quiet_field
t=00310 quiet_field
t=00311 quiet_field
t=00312 quiet_field
t=00313 quiet_field
t=00314 quiet_field
t=00315 quiet_field
t=00316 quiet_field
t=00317 quiet_field
t=00318 quiet_field
t=00319 quiet_field
t=00320 quiet_field
t=00321 quiet_field
t=00322 quiet_field
t=00323 quiet_field
t=00324 quiet_field
t=00325 quiet_field
t=00326 quiet_field
t=00327 quiet_field
t=00328 quiet_field
t=00329 quiet_field
t=00330 quiet_field
t=00331 quiet_field
t=00332 quiet_field
t=00333 quiet_field
t=00334 quiet_field
t=00335 quiet_field
t=00336 quiet_field
t=00337 quiet_field
t=00338 quiet_field
t=00339 quiet_field
t=00340 quiet_field
t=00341 quiet_field
t=00342 quiet_field
t=00343 quiet_field
t=00344 quiet_field
t=00345 quiet_field
t=00346 quiet_field
t=00347 quiet_field
t=00348 quiet_field
t=00349 quiet_field
t=00350 quiet_field
t=00351 quiet_field
t=00352 quiet_field
t=00353 quiet_field
t=00354 quiet_field
t=00355 quiet_field
t=00356 quiet_field
t=00357 quiet_field
t=00358 quiet_field
t=00359 quiet_field
t=00360 quiet_field
t=00361 quiet_field
t=00362 quiet_field
t=00363 quiet_field
t=00364 quiet_field
t=00365 quiet_field
t=00366 quiet_field
t=00367 quiet_field
t=00368 quiet_field
t=00369 quiet_field
t=00370 quiet_field
t=00371 quiet_field
t=00372 quiet_field
t=00373 quiet_field
t=00374 quiet_field
t=00375 quiet_field
t=00376 quiet_field
t=00377 quiet_field
t=00378 quiet_field
t=00379 quiet_field
t=00380 quiet_field
t=00381 quiet_field
t=00382 quiet_field
t=00383 quiet_field
t=00384 quiet_field
t=00385 quiet_field
t=00386 quiet_field
t=00387 quiet_field
t=00388 quiet_field
t=00389 quiet_field
t=00390 quiet_field
t=00391 quiet_field
t=00392 quiet_field
t=00393 quiet_field
t=00394 quiet_field
t=00395 quiet_field
t=00396 quiet_field
t=00397 quiet_field
t=00398 quiet_field
t=00399 quiet_field
t=00400 quiet_field
t=00401 quiet_field
t=00402 quiet_field
t=00403 quiet_field
t=00404 quiet_field
t=00405 quiet_field
t=00406 quiet_field
t=00407 quiet_field
t=00408 quiet_field
t=00409 quiet_field
t=00410 quiet_field
t=00411 quiet_field
t=00412 quiet_field
t=00413 quiet_field
t=00414 quiet_field
t=00415 quiet_field
t=00416 quiet_field
t=00417 quiet_field
t=00418 quiet_field
t=00419 quiet_field
t=00420 quiet_field
t=00421 quiet_field
t=00422 quiet_field
t=00423 quiet_field
t=00424 quiet_field
t=00425 quiet_field
t=00426 quiet_field
t=00427 quiet_field
t=00428 quiet_field
t=00429 quiet_field
t=00430 quiet_field
t=00431 quiet_field
t=00432 quiet_field
t=00433 quiet_field
t=00434 quiet_field
t=00435 quiet_field
t=00436 quiet_field
t=00437 quiet_field
t=00438 quiet_field
t=00439 quiet_field
t=00440 quiet_field
t=00441 quiet_field
t=00442 quiet_field
t=00443 quiet_field
t=00444 quiet_field
t=00445 quiet_field
t=00446 quiet_field
t=00447 quiet_field
t=00448 quiet_field
t=00449 quiet_field
t=00450 quiet_field
t=00451 quiet_field
t=00452 quiet_field
t=00453 quiet_field
t=00454 quiet_field
t=00455 quiet_field
t=00456 quiet_field
t=00457 quiet_field
t=00458 quiet_field
t=00459 quiet_field
t=00460 alpha weak rise beta weak fall local_echo
t=00461 alpha weak rise beta weak fall local_echo
t=00462 gamma soft pulse delta soft pulse local_echo
t=00463 alpha weak rise beta weak fall local_echo
t=00464 theta slight drift lambda slight drift local_echo
t=00465 gamma soft pulse delta soft pulse local_echo
t=00466 gamma soft pulse delta soft pulse local_echo
t=00467 alpha weak rise beta weak fall local_echo
t=00468 gamma soft pulse delta soft pulse local_echo
t=00469 theta slight drift lambda slight drift local_echo
t=00470 gamma soft pulse delta soft pulse local_echo
t=00471 gamma soft pulse delta soft pulse local_echo
t=00472 alpha weak rise beta weak fall local_echo
t=00473 theta slight drift lambda slight drift local_echo
t=00474 alpha weak rise beta weak fall local_echo
t=00475 gamma soft pulse delta soft pulse local_echo
t=00476 theta slight drift lambda slight drift local_echo
t=00477 theta slight drift lambda slight drift local_echo
t=00478 gamma soft pulse delta soft pulse local_echo
t=00479 alpha weak rise beta weak fall local_echo
t=00480 theta slight drift lambda slight drift local_echo
t=00481 theta slight drift lambda slight drift local_echo
t=00482 theta slight drift lambda slight drift local_echo
t=00483 gamma soft pulse delta soft pulse local_echo
t=00484 alpha weak rise beta weak fall local_echo
t=00485 theta slight drift lambda slight drift local_echo
t=00486 theta slight drift lambda slight drift local_echo
t=00487 theta slight drift lambda slight drift local_echo
t=00488 theta slight drift lambda slight drift local_echo
t=00489 theta slight drift lambda slight drift local_echo
t=00490 theta slight drift lambda slight drift local_echo
t=00491 gamma soft pulse delta soft pulse local_echo
t=00492 gamma soft pulse delta soft pulse local_echo
t=00493 gamma soft pulse delta soft pulse local_echo
t=00494 alpha weak rise beta weak fall local_echo
t=00495 gamma soft pulse delta soft pulse local_echo
t=00496 theta slight drift lambda slight drift local_echo
t=00497 gamma soft pulse delta soft pulse local_echo
t=00498 theta slight drift lambda slight drift local_echo
t=00499 theta slight drift lambda slight drift local_echo
t=00500 alpha weak rise reinforcement_candidate
t=00501 gamma soft pulse reinforcement_candidate
t=00502 alpha weak rise reinforcement_candidate
t=00503 alpha weak rise reinforcement_candidate
t=00504 alpha weak rise reinforcement_candidate
t=00505 alpha weak rise reinforcement_candidate
t=00506 gamma soft pulse reinforcement_candidate
t=00507 gamma soft pulse reinforcement_candidate
t=00508 gamma soft pulse reinforcement_candidate
t=00509 gamma soft pulse reinforcement_candidate
t=00510 alpha weak rise reinforcement_candidate
t=00511 gamma soft pulse reinforcement_candidate
t=00512 gamma soft pulse reinforcement_candidate
t=00513 gamma soft pulse reinforcement_candidate
t=00514 gamma soft pulse reinforcement_candidate
t=00515 alpha weak rise reinforcement_candidate
t=00516 alpha weak rise reinforcement_candidate
t=00517 alpha weak rise reinforcement_candidate
t=00518 gamma soft pulse reinforcement_candidate
t=00519 alpha weak rise reinforcement_candidate
t=00520 gamma soft pulse reinforcement_candidate
t=00521 alpha weak rise reinforcement_candidate
t=00522 alpha weak rise reinforcement_candidate
t=00523 alpha weak rise reinforcement_candidate
t=00524 alpha weak rise reinforcement_candidate
t=00525 gamma soft pulse reinforcement_candidate
t=00526 gamma soft pulse reinforcement_candidate
t=00527 gamma soft pulse reinforcement_candidate
t=00528 gamma soft pulse reinforcement_candidate
t=00529 alpha weak rise reinforcement_candidate
t=00530 alpha weak rise reinforcement_candidate
t=00531 gamma soft pulse reinforcement_candidate
t=00532 gamma soft pulse reinforcement_candidate
t=00533 alpha weak rise reinforcement_candidate
t=00534 alpha weak rise reinforcement_candidate
t=00535 alpha weak rise reinforcement_candidate
t=00536 gamma soft pulse reinforcement_candidate
t=00537 alpha weak rise reinforcement_candidate
t=00538 gamma soft pulse reinforcement_candidate
t=00539 alpha weak rise reinforcement_candidate
t=00540 quiet_field
t=00541 quiet_field
t=00542 quiet_field
t=00543 quiet_field
t=00544 quiet_field
t=00545 quiet_field
t=00546 quiet_field
t=00547 quiet_field
t=00548 quiet_field
t=00549 quiet_field
t=00550 quiet_field
t=00551 quiet_field
t=00552 quiet_field
t=00553 quiet_field
t=00554 quiet_field
t=00555 quiet_field
t=00556 quiet_field
t=00557 quiet_field
t=00558 quiet_field
t=00559 quiet_field
t=00560 quiet_field
t=00561 quiet_field
t=00562 quiet_field
t=00563 quiet_field
t=00564 quiet_field
t=00565 quiet_field
t=00566 quiet_field
t=00567 quiet_field
t=00568 quiet_field
t=00569 quiet_field
t=00570 quiet_field
t=00571 quiet_field
t=00572 quiet_field
t=00573 quiet_field
t=00574 quiet_field
t=00575 quiet_field
t=00576 quiet_field
t=00577 quiet_field
t=00578 quiet_field
t=00579 quiet_field
t=00580 quiet_field
t=00581 quiet_field
t=00582 quiet_field
t=00583 quiet_field
t=00584 quiet_field
t=00585 quiet_field
t=00586 quiet_field
t=00587 quiet_field
t=00588 quiet_field
t=00589 quiet_field
t=00590 quiet_field
t=00591 quiet_field
t=00592 quiet_field
t=00593 quiet_field
t=00594 quiet_field
t=00595 quiet_field
t=00596 quiet_field
t=00597 quiet_field
t=00598 quiet_field
t=00599 quiet_field
t=00600 quiet_field
t=00601 quiet_field
t=00602 quiet_field
t=00603 quiet_field
t=00604 quiet_field
t=00605 quiet_field
t=00606 quiet_field
t=00607 quiet_field
t=00608 quiet_field
t=00609 quiet_field
t=00610 quiet_field
t=00611 quiet_field
t=00612 quiet_field
t=00613 quiet_field
t=00614 quiet_field
t=00615 quiet_field
t=00616 quiet_field
t=00617 quiet_field
t=00618 quiet_field
t=00619 quiet_field
t=00620 quiet_field
t=00621 quiet_field
t=00622 quiet_field
t=00623 quiet_field
t=00624 quiet_field
t=00625 quiet_field
t=00626 quiet_field
t=00627 quiet_field
t=00628 quiet_field
t=00629 quiet_field
t=00630 quiet_field
t=00631 quiet_field
t=00632 quiet_field
t=00633 quiet_field
t=00634 quiet_field
t=00635 quiet_field
t=00636 quiet_field
t=00637 quiet_field
t=00638 quiet_field
t=00639 quiet_field
t=00640 quiet_field
t=00641 quiet_field
t=00642 quiet_field
t=00643 quiet_field
t=00644 quiet_field
t=00645 quiet_field
t=00646 quiet_field
t=00647 quiet_field
t=00648 quiet_field
t=00649 quiet_field
t=00650 quiet_field
t=00651 quiet_field
t=00652 quiet_field
t=00653 quiet_field
t=00654 quiet_field
t=00655 quiet_field
t=00656 quiet_field
t=00657 quiet_field
t=00658 quiet_field
t=00659 quiet_field
t=00660 quiet_field
t=00661 quiet_field
t=00662 quiet_field
t=00663 quiet_field
t=00664 quiet_field
t=00665 quiet_field
t=00666 quiet_field
t=00667 quiet_field
t=00668 quiet_field
t=00669 quiet_field
t=00670 quiet_field
t=00671 quiet_field
t=00672 quiet_field
t=00673 quiet_field
t=00674 quiet_field
t=00675 quiet_field
t=00676 quiet_field
t=00677 quiet_field
t=00678 quiet_field
t=00679 quiet_field
t=00680 quiet_field
t=00681 quiet_field
t=00682 quiet_field
t=00683 quiet_field
t=00684 quiet_field
t=00685 quiet_field
t=00686 quiet_field
t=00687 quiet_field
t=00688 quiet_field
t=00689 quiet_field
t=00690 quiet_field
t=00691 quiet_field
t=00692 quiet_field
t=00693 quiet_field
t=00694 quiet_field
t=00695 quiet_field
t=00696 quiet_field
t=00697 quiet_field
t=00698 quiet_field
t=00699 quiet_field
t=00700 quiet_field
t=00701 quiet_field
t=00702 quiet_field
t=00703 quiet_field
t=00704 quiet_field
t=00705 quiet_field
t=00706 quiet_field
t=00707 quiet_field
t=00708 quiet_field
t=00709 quiet_field
t=00710 quiet_field
t=00711 quiet_field
t=00712 quiet_field
t=00713 quiet_field
t=00714 quiet_field
t=00715 quiet_field
t=00716 quiet_field
t=00717 quiet_field
t=00718 quiet_field
t=00719 quiet_field
t=00720 quiet_field
t=00721 quiet_field
t=00722 quiet_field
t=00723 quiet_field
t=00724 quiet_field
t=00725 quiet_field
t=00726 quiet_field
t=00727 quiet_field
t=00728 quiet_field
t=00729 quiet_field
t=00730 quiet_field
t=00731 quiet_field
t=00732 quiet_field
t=00733 quiet_field
t=00734 quiet_field
t=00735 quiet_field
t=00736 quiet_field
t=00737 quiet_field
t=00738 quiet_field
t=00739 quiet_field
t=00740 quiet_field
t=00741 quiet_field
t=00742 quiet_field
t=00743 quiet_field
t=00744 quiet_field
t=00745 quiet_field
t=00746 quiet_field
t=00747 quiet_field
t=00748 quiet_field
t=00749 quiet_field
t=00750 quiet_field
t=00751 quiet_field
t=00752 quiet_field
t=00753 quiet_field
t=00754 quiet_field
t=00755 quiet_field
t=00756 quiet_field
t=00757 quiet_field
t=00758 quiet_field
t=00759 quiet_field
t=00760 quiet_field
t=00761 quiet_field
t=00762 quiet_field
t=00763 quiet_field
t=00764 quiet_field
t=00765 quiet_field
t=00766 quiet_field
t=00767 quiet_field
t=00768 quiet_field
t=00769 quiet_field
t=00770 quiet_field
t=00771 quiet_field
t=00772 quiet_field
t=00773 quiet_field
t=00774 quiet_field
t=00775 quiet_field
t=00776 quiet_field
t=00777 quiet_field
t=00778 quiet_field
t=00779 quiet_field
t=00780 quiet_field
t=00781 quiet_field
t=00782 quiet_field
t=00783 quiet_field
t=00784 quiet_field
t=00785 quiet_field
t=00786 quiet_field
t=00787 quiet_field
t=00788 quiet_field
t=00789 quiet_field
t=00790 quiet_field
t=00791 quiet_field
t=00792 quiet_field
t=00793 quiet_field
t=00794 quiet_field
t=00795 quiet_field
t=00796 quiet_field
t=00797 quiet_field
t=00798 quiet_field
t=00799 quiet_field
t=00800 quiet_field
t=00801 quiet_field
t=00802 quiet_field
t=00803 quiet_field
t=00804 quiet_field
t=00805 quiet_field
t=00806 quiet_field
t=00807 quiet_field
t=00808 quiet_field
t=00809 quiet_field
t=00810 quiet_field
t=00811 quiet_field
t=00812 quiet_field
t=00813 quiet_field
t=00814 quiet_field
t=00815 quiet_field
t=00816 quiet_field
t=00817 quiet_field
t=00818 quiet_field
t=00819 quiet_field
t=00820 quiet_field
t=00821 quiet_field
t=00822 quiet_field
t=00823 quiet_field
t=00824 quiet_field
t=00825 quiet_field
t=00826 quiet_field
t=00827 quiet_field
t=00828 quiet_field
t=00829 quiet_field
t=00830 quiet_field
t=00831 quiet_field
t=00832 quiet_field
t=00833 quiet_field
t=00834 quiet_field
t=00835 quiet_field
t=00836 quiet_field
t=00837 quiet_field
t=00838 quiet_field
t=00839 quiet_field
t=00840 quiet_field
t=00841 quiet_field
t=00842 quiet_field
t=00843 quiet_field
t=00844 quiet_field
t=00845 quiet_field
t=00846 quiet_field
t=00847 quiet_field
t=00848 quiet_field
t=00849 quiet_field
t=00850 quiet_field
t=00851 quiet_field
t=00852 quiet_field
t=00853 quiet_field
t=00854 quiet_field
t=00855 quiet_field
t=00856 quiet_field
t=00857 quiet_field
t=00858 quiet_field
t=00859 quiet_field
t=00860 quiet_field
t=00861 quiet_field
t=00862 quiet_field
t=00863 quiet_field
t=00864 quiet_field
t=00865 quiet_field
t=00866 quiet_field
t=00867 quiet_field
t=00868 quiet_field
t=00869 quiet_field
t=00870 quiet_field
t=00871 quiet_field
t=00872 quiet_field
t=00873 quiet_field
t=00874 quiet_field
t=00875 quiet_field
t=00876 quiet_field
t=00877 quiet_field
t=00878 quiet_field
t=00879 quiet_field
t=00880 gamma soft pulse delta soft pulse local_echo
t=00881 theta slight drift lambda slight drift local_echo
t=00882 gamma soft pulse delta soft pulse local_echo
t=00883 alpha weak rise beta weak fall local_echo
t=00884 theta slight drift lambda slight drift local_echo
t=00885 theta slight drift lambda slight drift local_echo
t=00886 theta slight drift lambda slight drift local_echo
t=00887 gamma soft pulse delta soft pulse local_echo
t=00888 gamma soft pulse delta soft pulse local_echo
t=00889 theta slight drift lambda slight drift local_echo
t=00890 alpha weak rise beta weak fall local_echo
t=00891 theta slight drift lambda slight drift local_echo
t=00892 theta slight drift lambda slight drift local_echo
t=00893 theta slight drift lambda slight drift local_echo
t=00894 gamma soft pulse delta soft pulse local_echo
t=00895 alpha weak rise beta weak fall local_echo
t=00896 gamma soft pulse delta soft pulse local_echo
t=00897 theta slight drift lambda slight drift local_echo
t=00898 alpha weak rise beta weak fall local_echo
t=00899 alpha weak rise beta weak fall local_echo
t=00900 sparse_flat_field
t=00901 sparse_flat_field
t=00902 sparse_flat_field
t=00903 sparse_flat_field
t=00904 sparse_flat_field
t=00905 sparse_flat_field
t=00906 sparse_flat_field
t=00907 sparse_flat_field
t=00908 sparse_flat_field
t=00909 sparse_flat_field
t=00910 sparse_flat_field
t=00911 sparse_flat_field
t=00912 sparse_flat_field
t=00913 sparse_flat_field
t=00914 sparse_flat_field
t=00915 sparse_flat_field
t=00916 sparse_flat_field
t=00917 sparse_flat_field
t=00918 sparse_flat_field
t=00919 sparse_flat_field
t=00920 sparse_flat_field
t=00921 sparse_flat_field
t=00922 sparse_flat_field
t=00923 sparse_flat_field
t=00924 sparse_flat_field
t=00925 sparse_flat_field
t=00926 sparse_flat_field
t=00927 sparse_flat_field
t=00928 sparse_flat_field
t=00929 sparse_flat_field
t=00930 sparse_flat_field
t=00931 sparse_flat_field
t=00932 sparse_flat_field
t=00933 sparse_flat_field
t=00934 sparse_flat_field
t=00935 sparse_flat_field
t=00936 sparse_flat_field
t=00937 sparse_flat_field
t=00938 sparse_flat_field
t=00939 sparse_flat_field
t=00940 sparse_flat_field
t=00941 sparse_flat_field
t=00942 sparse_flat_field
t=00943 sparse_flat_field
t=00944 sparse_flat_field
t=00945 sparse_flat_field
t=00946 sparse_flat_field
t=00947 sparse_flat_field
t=00948 sparse_flat_field
t=00949 sparse_flat_field
t=00950 sparse_flat_field
t=00951 sparse_flat_field
t=00952 sparse_flat_field
t=00953 sparse_flat_field
t=00954 sparse_flat_field
t=00955 sparse_flat_field
t=00956 sparse_flat_field
t=00957 sparse_flat_field
t=00958 sparse_flat_field
t=00959 sparse_flat_field
t=00960 sparse_flat_field
t=00961 sparse_flat_field
t=00962 sparse_flat_field
t=00963 sparse_flat_field
t=00964 sparse_flat_field
t=00965 sparse_flat_field
t=00966 sparse_flat_field
t=00967 sparse_flat_field
t=00968 sparse_flat_field
t=00969 sparse_flat_field
t=00970 sparse_flat_field
t=00971 sparse_flat_field
t=00972 sparse_flat_field
t=00973 sparse_flat_field
t=00974 sparse_flat_field
t=00975 sparse_flat_field
t=00976 sparse_flat_field
t=00977 sparse_flat_field
t=00978 sparse_flat_field
t=00979 sparse_flat_field
t=00980 sparse_flat_field
t=00981 sparse_flat_field
t=00982 sparse_flat_field
t=00983 sparse_flat_field
t=00984 sparse_flat_field
t=00985 sparse_flat_field
t=00986 sparse_flat_field
t=00987 sparse_flat_field
t=00988 sparse_flat_field
t=00989 sparse_flat_field
t=00990 sparse_flat_field
t=00991 sparse_flat_field
t=00992 sparse_flat_field
t=00993 sparse_flat_field
t=00994 sparse_flat_field
t=00995 sparse_flat_field
t=00996 sparse_flat_field
t=00997 sparse_flat_field
t=00998 sparse_flat_field
t=00999 sparse_flat_field
t=01000 sparse_flat_field
t=01001 sparse_flat_field
t=01002 sparse_flat_field
t=01003 sparse_flat_field
t=01004 sparse_flat_field
t=01005 sparse_flat_field
t=01006 sparse_flat_field
t=01007 sparse_flat_field
t=01008 sparse_flat_field
t=01009 sparse_flat_field
t=01010 sparse_flat_field
t=01011 sparse_flat_field
t=01012 sparse_flat_field
t=01013 sparse_flat_field
t=01014 sparse_flat_field
t=01015 sparse_flat_field
t=01016 sparse_flat_field
t=01017 sparse_flat_field
t=01018 sparse_flat_field
t=01019 sparse_flat_field
t=01020 sparse_flat_field
t=01021 sparse_flat_field
t=01022 sparse_flat_field
t=01023 sparse_flat_field
t=01024 sparse_flat_field
t=01025 sparse_flat_field
t=01026 sparse_flat_field
t=01027 sparse_flat_field
t=01028 sparse_flat_field
t=01029 sparse_flat_field
t=01030 sparse_flat_field
t=01031 sparse_flat_field
t=01032 sparse_flat_field
t=01033 sparse_flat_field
t=01034 sparse_flat_field
t=01035 sparse_flat_field
t=01036 sparse_flat_field
t=01037 sparse_flat_field
t=01038 sparse_flat_field
t=01039 sparse_flat_field
t=01040 sparse_flat_field
t=01041 sparse_flat_field
t=01042 sparse_flat_field
t=01043 sparse_flat_field
t=01044 sparse_flat_field
t=01045 sparse_flat_field
t=01046 sparse_flat_field
t=01047 sparse_flat_field
t=01048 sparse_flat_field
t=01049 sparse_flat_field
t=01050 sparse_flat_field
t=01051 sparse_flat_field
t=01052 sparse_flat_field
t=01053 sparse_flat_field
t=01054 sparse_flat_field
t=01055 sparse_flat_field
t=01056 sparse_flat_field
t=01057 sparse_flat_field
t=01058 sparse_flat_field
t=01059 sparse_flat_field
t=01060 sparse_flat_field
t=01061 sparse_flat_field
t=01062 sparse_flat_field
t=01063 sparse_flat_field
t=01064 sparse_flat_field
t=01065 sparse_flat_field
t=01066 sparse_flat_field
t=01067 sparse_flat_field
t=01068 sparse_flat_field
t=01069 sparse_flat_field
t=01070 sparse_flat_field
t=01071 sparse_flat_field
t=01072 sparse_flat_field
t=01073 sparse_flat_field
t=01074 sparse_flat_field
t=01075 sparse_flat_field
t=01076 sparse_flat_field
t=01077 sparse_flat_field
t=01078 sparse_flat_field
t=01079 sparse_flat_field
t=01080 sparse_flat_field
t=01081 sparse_flat_field
t=01082 sparse_flat_field
t=01083 sparse_flat_field
t=01084 sparse_flat_field
t=01085 sparse_flat_field
t=01086 sparse_flat_field
t=01087 sparse_flat_field
t=01088 sparse_flat_field
t=01089 sparse_flat_field
t=01090 sparse_flat_field
t=01091 sparse_flat_field
t=01092 sparse_flat_field
t=01093 sparse_flat_field
t=01094 sparse_flat_field
t=01095 sparse_flat_field
t=01096 sparse_flat_field
t=01097 sparse_flat_field
t=01098 sparse_flat_field
t=01099 sparse_flat_field
t=01100 sparse_flat_field
t=01101 sparse_flat_field
t=01102 sparse_flat_field
t=01103 sparse_flat_field
t=01104 sparse_flat_field
t=01105 sparse_flat_field
t=01106 sparse_flat_field
t=01107 sparse_flat_field
t=01108 sparse_flat_field
t=01109 sparse_flat_field
t=01110 sparse_flat_field
t=01111 sparse_flat_field
t=01112 sparse_flat_field
t=01113 sparse_flat_field
t=01114 sparse_flat_field
t=01115 sparse_flat_field
t=01116 sparse_flat_field
t=01117 sparse_flat_field
t=01118 sparse_flat_field
t=01119 sparse_flat_field
t=01120 sparse_flat_field
t=01121 sparse_flat_field
t=01122 sparse_flat_field
t=01123 sparse_flat_field
t=01124 sparse_flat_field
t=01125 sparse_flat_field
t=01126 sparse_flat_field
t=01127 sparse_flat_field
t=01128 sparse_flat_field
t=01129 sparse_flat_field
t=01130 sparse_flat_field
t=01131 sparse_flat_field
t=01132 sparse_flat_field
t=01133 sparse_flat_field
t=01134 sparse_flat_field
t=01135 sparse_flat_field
t=01136 sparse_flat_field
t=01137 sparse_flat_field
t=01138 sparse_flat_field
t=01139 sparse_flat_field
t=01140 sparse_flat_field
t=01141 sparse_flat_field
t=01142 sparse_flat_field
t=01143 sparse_flat_field
t=01144 sparse_flat_field
t=01145 sparse_flat_field
t=01146 sparse_flat_field
t=01147 sparse_flat_field
t=01148 sparse_flat_field
t=01149 sparse_flat_field
t=01150 sparse_flat_field
t=01151 sparse_flat_field
t=01152 sparse_flat_field
t=01153 sparse_flat_field
t=01154 sparse_flat_field
t=01155 sparse_flat_field
t=01156 sparse_flat_field
t=01157 sparse_flat_field
t=01158 sparse_flat_field
t=01159 sparse_flat_field
t=01160 sparse_flat_field
t=01161 sparse_flat_field
t=01162 sparse_flat_field
t=01163 sparse_flat_field
t=01164 sparse_flat_field
t=01165 sparse_flat_field
t=01166 sparse_flat_field
t=01167 sparse_flat_field
t=01168 sparse_flat_field
t=01169 sparse_flat_field
t=01170 sparse_flat_field
t=01171 sparse_flat_field
t=01172 sparse_flat_field
t=01173 sparse_flat_field
t=01174 sparse_flat_field
t=01175 sparse_flat_field
t=01176 sparse_flat_field
t=01177 sparse_flat_field
t=01178 sparse_flat_field
t=01179 sparse_flat_field
t=01180 sparse_flat_field
t=01181 sparse_flat_field
t=01182 sparse_flat_field
t=01183 sparse_flat_field
t=01184 sparse_flat_field
t=01185 sparse_flat_field
t=01186 sparse_flat_field
t=01187 sparse_flat_field
t=01188 sparse_flat_field
t=01189 sparse_flat_field
t=01190 sparse_flat_field
t=01191 sparse_flat_field
t=01192 sparse_flat_field
t=01193 sparse_flat_field
t=01194 sparse_flat_field
t=01195 sparse_flat_field
t=01196 sparse_flat_field
t=01197 sparse_flat_field
t=01198 sparse_flat_field
t=01199 sparse_flat_field
t=01200 sparse_flat_field
t=01201 sparse_flat_field
t=01202 sparse_flat_field
t=01203 sparse_flat_field
t=01204 sparse_flat_field
t=01205 sparse_flat_field
t=01206 sparse_flat_field
t=01207 sparse_flat_field
t=01208 sparse_flat_field
t=01209 sparse_flat_field
t=01210 sparse_flat_field
t=01211 sparse_flat_field
t=01212 sparse_flat_field
t=01213 sparse_flat_field
t=01214 sparse_flat_field
t=01215 sparse_flat_field
t=01216 sparse_flat_field
t=01217 sparse_flat_field
t=01218 sparse_flat_field
t=01219 sparse_flat_field
t=01220 sparse_flat_field
t=01221 sparse_flat_field
t=01222 sparse_flat_field
t=01223 sparse_flat_field
t=01224 sparse_flat_field
t=01225 sparse_flat_field
t=01226 sparse_flat_field
t=01227 sparse_flat_field
t=01228 sparse_flat_field
t=01229 sparse_flat_field
t=01230 sparse_flat_field
t=01231 sparse_flat_field
t=01232 sparse_flat_field
t=01233 sparse_flat_field
t=01234 sparse_flat_field
t=01235 sparse_flat_field
t=01236 sparse_flat_field
t=01237 sparse_flat_field
t=01238 sparse_flat_field
t=01239 sparse_flat_field
t=01240 sparse_flat_field
t=01241 sparse_flat_field
t=01242 sparse_flat_field
t=01243 sparse_flat_field
t=01244 sparse_flat_field
t=01245 sparse_flat_field
t=01246 sparse_flat_field
t=01247 sparse_flat_field
t=01248 sparse_flat_field
t=01249 sparse_flat_field
t=01250 quiet_field
t=01251 quiet_field
t=01252 quiet_field
t=01253 quiet_field
t=01254 quiet_field
t=01255 quiet_field
t=01256 quiet_field
t=01257 quiet_field
t=01258 quiet_field
t=01259 quiet_field
t=01260 quiet_field
t=01261 quiet_field
t=01262 quiet_field
t=01263 quiet_field
t=01264 quiet_field
t=01265 quiet_field
t=01266 quiet_field
t=01267 quiet_field
t=01268 quiet_field
t=01269 quiet_field
t=01270 quiet_field
t=01271 quiet_field
t=01272 quiet_field
t=01273 quiet_field
t=01274 quiet_field
t=01275 quiet_field
t=01276 quiet_field
t=01277 quiet_field
t=01278 quiet_field
t=01279 quiet_field
t=01280 quiet_field
t=01281 quiet_field
t=01282 quiet_field
t=01283 quiet_field
t=01284 quiet_field
t=01285 quiet_field
t=01286 quiet_field
t=01287 quiet_field
t=01288 quiet_field
t=01289 quiet_field
t=01290 quiet_field
t=01291 quiet_field
t=01292 quiet_field
t=01293 quiet_field
t=01294 quiet_field
t=01295 quiet_field
t=01296 quiet_field
t=01297 quiet_field
t=01298 quiet_field
t=01299 quiet_field
t=01300 theta slight drift lambda slight drift local_echo
t=01301 theta slight drift lambda slight drift local_echo
t=01302 theta slight drift lambda slight drift local_echo
t=01303 theta slight drift lambda slight drift local_echo
t=01304 theta slight drift lambda slight drift local_echo
t=01305 gamma soft pulse delta soft pulse local_echo
t=01306 gamma soft pulse delta soft pulse local_echo
t=01307 gamma soft pulse delta soft pulse local_echo
t=01308 alpha weak rise beta weak fall local_echo
t=01309 alpha weak rise beta weak fall local_echo
t=01310 theta slight drift lambda slight drift local_echo
t=01311 alpha weak rise beta weak fall local_echo
t=01312 gamma soft pulse delta soft pulse local_echo
t=01313 gamma soft pulse delta soft pulse local_echo
t=01314 theta slight drift lambda slight drift local_echo
t=01315 theta slight drift lambda slight drift local_echo
t=01316 gamma soft pulse delta soft pulse local_echo
t=01317 alpha weak rise beta weak fall local_echo
t=01318 alpha weak rise beta weak fall local_echo
t=01319 theta slight drift lambda slight drift local_echo
t=01320 gamma soft pulse delta soft pulse local_echo
t=01321 alpha weak rise beta weak fall local_echo
t=01322 alpha weak rise beta weak fall local_echo
t=01323 theta slight drift lambda slight drift local_echo
t=01324 gamma soft pulse delta soft pulse local_echo
t=01325 alpha weak rise beta weak fall local_echo
t=01326 theta slight drift lambda slight drift local_echo
t=01327 alpha weak rise beta weak fall local_echo
t=01328 gamma soft pulse delta soft pulse local_echo
t=01329 gamma soft pulse delta soft pulse local_echo
t=01330 alpha weak rise beta weak fall local_echo
t=01331 theta slight drift lambda slight drift local_echo
t=01332 gamma soft pulse delta soft pulse local_echo
t=01333 gamma soft pulse delta soft pulse local_echo
t=01334 theta slight drift lambda slight drift local_echo
t=01335 gamma soft pulse delta soft pulse local_echo
t=01336 gamma soft pulse delta soft pulse local_echo
t=01337 gamma soft pulse delta soft pulse local_echo
t=01338 gamma soft pulse delta soft pulse local_echo
t=01339 gamma soft pulse delta soft pulse local_echo
t=01340 theta slight drift lambda slight drift local_echo
t=01341 gamma soft pulse delta soft pulse local_echo
t=01342 theta slight drift lambda slight drift local_echo
t=01343 gamma soft pulse delta soft pulse local_echo
t=01344 theta slight drift lambda slight drift local_echo
t=01345 alpha weak rise beta weak fall local_echo
t=01346 theta slight drift lambda slight drift local_echo
t=01347 alpha weak rise beta weak fall local_echo
t=01348 gamma soft pulse delta soft pulse local_echo
t=01349 alpha weak rise beta weak fall local_echo
t=01350 quiet_field
t=01351 quiet_field
t=01352 quiet_field
t=01353 quiet_field
t=01354 quiet_field
t=01355 quiet_field
t=01356 quiet_field
t=01357 quiet_field
t=01358 quiet_field
t=01359 quiet_field
t=01360 quiet_field
t=01361 quiet_field
t=01362 quiet_field
t=01363 quiet_field
t=01364 quiet_field
t=01365 quiet_field
t=01366 quiet_field
t=01367 quiet_field
t=01368 quiet_field
t=01369 quiet_field
t=01370 quiet_field
t=01371 quiet_field
t=01372 quiet_field
t=01373 quiet_field
t=01374 quiet_field
t=01375 quiet_field
t=01376 quiet_field
t=01377 quiet_field
t=01378 quiet_field
t=01379 quiet_field
t=01380 quiet_field
t=01381 quiet_field
t=01382 quiet_field
t=01383 quiet_field
t=01384 quiet_field
t=01385 quiet_field
t=01386 quiet_field
t=01387 quiet_field
t=01388 quiet_field
t=01389 quiet_field
t=01390 quiet_field
t=01391 quiet_field
t=01392 quiet_field
t=01393 quiet_field
t=01394 quiet_field
t=01395 quiet_field
t=01396 quiet_field
t=01397 quiet_field
t=01398 quiet_field
t=01399 quiet_field
t=01400 quiet_field
t=01401 quiet_field
t=01402 quiet_field
t=01403 quiet_field
t=01404 quiet_field
t=01405 quiet_field
t=01406 quiet_field
t=01407 quiet_field
t=01408 quiet_field
t=01409 quiet_field
t=01410 quiet_field
t=01411 quiet_field
t=01412 quiet_field
t=01413 quiet_field
t=01414 quiet_field
t=01415 quiet_field
t=01416 quiet_field
t=01417 quiet_field
t=01418 quiet_field
t=01419 quiet_field
t=01420 quiet_field
t=01421 quiet_field
t=01422 quiet_field
t=01423 quiet_field
t=01424 quiet_field
t=01425 quiet_field
t=01426 quiet_field
t=01427 quiet_field
t=01428 quiet_field
t=01429 quiet_field
t=01430 quiet_field
t=01431 quiet_field
t=01432 quiet_field
t=01433 quiet_field
t=01434 quiet_field
t=01435 quiet_field
t=01436 quiet_field
t=01437 quiet_field
t=01438 quiet_field
t=01439 quiet_field
t=01440 quiet_field
t=01441 quiet_field
t=01442 quiet_field
t=01443 quiet_field
t=01444 quiet_field
t=01445 quiet_field
t=01446 quiet_field
t=01447 quiet_field
t=01448 quiet_field
t=01449 quiet_field
t=01450 quiet_field
t=01451 quiet_field
t=01452 quiet_field
t=01453 quiet_field
t=01454 quiet_field
t=01455 quiet_field
t=01456 quiet_field
t=01457 quiet_field
t=01458 quiet_field
t=01459 quiet_field
t=01460 quiet_field
t=01461 quiet_field
t=01462 quiet_field
t=01463 quiet_field
t=01464 quiet_field
t=01465 quiet_field
t=01466 quiet_field
t=01467 quiet_field
t=01468 quiet_field
t=01469 quiet_field
t=01470 quiet_field
t=01471 quiet_field
t=01472 quiet_field
t=01473 quiet_field
t=01474 quiet_field
t=01475 quiet_field
t=01476 quiet_field
t=01477 quiet_field
t=01478 quiet_field
t=01479 quiet_field
t=01480 quiet_field
t=01481 quiet_field
t=01482 quiet_field
t=01483 quiet_field
t=01484 quiet_field
t=01485 quiet_field
t=01486 quiet_field
t=01487 quiet_field
t=01488 quiet_field
t=01489 quiet_field
t=01490 quiet_field
t=01491 quiet_field
t=01492 quiet_field
t=01493 quiet_field
t=01494 quiet_field
t=01495 quiet_field
t=01496 quiet_field
t=01497 quiet_field
t=01498 quiet_field
t=01499 quiet_field
t=01500 quiet_field
t=01501 quiet_field
t=01502 quiet_field
t=01503 quiet_field
t=01504 quiet_field
t=01505 quiet_field
t=01506 quiet_field
t=01507 quiet_field
t=01508 quiet_field
t=01509 quiet_field
t=01510 quiet_field
t=01511 quiet_field
t=01512 quiet_field
t=01513 quiet_field
t=01514 quiet_field
t=01515 quiet_field
t=01516 quiet_field
t=01517 quiet_field
t=01518 quiet_field
t=01519 quiet_field
t=01520 quiet_field
t=01521 quiet_field
t=01522 quiet_field
t=01523 quiet_field
t=01524 quiet_field
t=01525 quiet_field
t=01526 quiet_field
t=01527 quiet_field
t=01528 quiet_field
t=01529 quiet_field
t=01530 quiet_field
t=01531 quiet_field
t=01532 quiet_field
t=01533 quiet_field
t=01534 quiet_field
t=01535 quiet_field
t=01536 quiet_field
t=01537 quiet_field
t=01538 quiet_field
t=01539 quiet_field
t=01540 quiet_field
t=01541 quiet_field
t=01542 quiet_field
t=01543 quiet_field
t=01544 quiet_field
t=01545 quiet_field
t=01546 quiet_field
t=01547 quiet_field
t=01548 quiet_field
t=01549 quiet_field
t=01550 quiet_field
t=01551 quiet_field
t=01552 quiet_field
t=01553 quiet_field
t=01554 quiet_field
t=01555 quiet_field
t=01556 quiet_field
t=01557 quiet_field
t=01558 quiet_field
t=01559 quiet_field
t=01560 quiet_field
t=01561 quiet_field
t=01562 quiet_field
t=01563 quiet_field
t=01564 quiet_field
t=01565 quiet_field
t=01566 quiet_field
t=01567 quiet_field
t=01568 quiet_field
t=01569 quiet_field
t=01570 quiet_field
t=01571 quiet_field
t=01572 quiet_field
t=01573 quiet_field
t=01574 quiet_field
t=01575 quiet_field
t=01576 quiet_field
t=01577 quiet_field
t=01578 quiet_field
t=01579 quiet_field
t=01580 quiet_field
t=01581 quiet_field
t=01582 quiet_field
t=01583 quiet_field
t=01584 quiet_field
t=01585 quiet_field
t=01586 quiet_field
t=01587 quiet_field
t=01588 quiet_field
t=01589 quiet_field
t=01590 quiet_field
t=01591 quiet_field
t=01592 quiet_field
t=01593 quiet_field
t=01594 quiet_field
t=01595 quiet_field
t=01596 quiet_field
t=01597 quiet_field
t=01598 quiet_field
t=01599 quiet_field
t=01600 alpha weak rise reinforcement_candidate
t=01601 alpha weak rise reinforcement_candidate
t=01602 gamma soft pulse reinforcement_candidate
t=01603 alpha weak rise reinforcement_candidate
t=01604 alpha weak rise reinforcement_candidate
t=01605 gamma soft pulse reinforcement_candidate
t=01606 alpha weak rise reinforcement_candidate
t=01607 alpha weak rise reinforcement_candidate
t=01608 gamma soft pulse reinforcement_candidate
t=01609 alpha weak rise reinforcement_candidate
t=01610 gamma soft pulse reinforcement_candidate
t=01611 alpha weak rise reinforcement_candidate
t=01612 gamma soft pulse reinforcement_candidate
t=01613 alpha weak rise reinforcement_candidate
t=01614 alpha weak rise reinforcement_candidate
t=01615 alpha weak rise reinforcement_candidate
t=01616 gamma soft pulse reinforcement_candidate
t=01617 alpha weak rise reinforcement_candidate
t=01618 alpha weak rise reinforcement_candidate
t=01619 alpha weak rise reinforcement_candidate
t=01620 alpha weak rise reinforcement_candidate
t=01621 alpha weak rise reinforcement_candidate
t=01622 alpha weak rise reinforcement_candidate
t=01623 alpha weak rise reinforcement_candidate
t=01624 gamma soft pulse reinforcement_candidate
t=01625 alpha weak rise reinforcement_candidate
t=01626 gamma soft pulse reinforcement_candidate
t=01627 gamma soft pulse reinforcement_candidate
t=01628 alpha weak rise reinforcement_candidate
t=01629 gamma soft pulse reinforcement_candidate
t=01630 alpha weak rise reinforcement_candidate
t=01631 alpha weak rise reinforcement_candidate
t=01632 alpha weak rise reinforcement_candidate
t=01633 gamma soft pulse reinforcement_candidate
t=01634 gamma soft pulse reinforcement_candidate
t=01635 gamma soft pulse reinforcement_candidate
t=01636 alpha weak rise reinforcement_candidate
t=01637 gamma soft pulse reinforcement_candidate
t=01638 alpha weak rise reinforcement_candidate
t=01639 alpha weak rise reinforcement_candidate
t=01640 quiet_field
t=01641 quiet_field
t=01642 quiet_field
t=01643 quiet_field
t=01644 quiet_field
t=01645 quiet_field
t=01646 quiet_field
t=01647 quiet_field
t=01648 quiet_field
t=01649 quiet_field
t=01650 quiet_field
t=01651 quiet_field
t=01652 quiet_field
t=01653 quiet_field
t=01654 quiet_field
t=01655 quiet_field
t=01656 quiet_field
t=01657 quiet_field
t=01658 quiet_field
t=01659 quiet_field
t=01660 quiet_field
t=01661 quiet_field
t=01662 quiet_field
t=01663 quiet_field
t=01664 quiet_field
t=01665 quiet_field
t=01666 quiet_field
t=01667 quiet_field
t=01668 quiet_field
t=01669 quiet_field
t=01670 quiet_field
t=01671 quiet_field
t=01672 quiet_field
t=01673 quiet_field
t=01674 quiet_field
t=01675 quiet_field
t=01676 quiet_field
t=01677 quiet_field
t=01678 quiet_field
t=01679 quiet_field
t=01680 quiet_field
t=01681 quiet_field
t=01682 quiet_field
t=01683 quiet_field
t=01684 quiet_field
t=01685 quiet_field
t=01686 quiet_field
t=01687 quiet_field
t=01688 quiet_field
t=01689 quiet_field
t=01690 quiet_field
t=01691 quiet_field
t=01692 quiet_field
t=01693 quiet_field
t=01694 quiet_field
t=01695 quiet_field
t=01696 quiet_field
t=01697 quiet_field
t=01698 quiet_field
t=01699 quiet_field
t=01700 quiet_field
t=01701 quiet_field
t=01702 quiet_field
t=01703 quiet_field
t=01704 quiet_field
t=01705 quiet_field
t=01706 quiet_field
t=01707 quiet_field
t=01708 quiet_field
t=01709 quiet_field
t=01710 quiet_field
t=01711 quiet_field
t=01712 quiet_field
t=01713 quiet_field
t=01714 quiet_field
t=01715 quiet_field
t=01716 quiet_field
t=01717 quiet_field
t=01718 quiet_field
t=01719 quiet_field
t=01720 gamma soft pulse delta soft pulse local_echo
t=01721 alpha weak rise beta weak fall local_echo
t=01722 gamma soft pulse delta soft pulse local_echo
t=01723 gamma soft pulse delta soft pulse local_echo
t=01724 gamma soft pulse delta soft pulse local_echo
t=01725 alpha weak rise beta weak fall local_echo
t=01726 alpha weak rise beta weak fall local_echo
t=01727 alpha weak rise beta weak fall local_echo
t=01728 alpha weak rise beta weak fall local_echo
t=01729 theta slight drift lambda slight drift local_echo
t=01730 lambda slight drift theta slight drift partial_return
t=01731 beta weak fall alpha weak rise partial_return
t=01732 lambda slight drift theta slight drift partial_return
t=01733 lambda slight drift theta slight drift partial_return
t=01734 lambda slight drift theta slight drift partial_return
t=01735 beta weak fall alpha weak rise partial_return
t=01736 lambda slight drift theta slight drift partial_return
t=01737 lambda slight drift theta slight drift partial_return
t=01738 delta soft pulse gamma soft pulse partial_return
t=01739 lambda slight drift theta slight drift partial_return
t=01740 beta weak fall alpha weak rise partial_return
t=01741 beta weak fall alpha weak rise partial_return
t=01742 delta soft pulse gamma soft pulse partial_return
t=01743 lambda slight drift theta slight drift partial_return
t=01744 delta soft pulse gamma soft pulse partial_return
t=01745 beta weak fall alpha weak rise partial_return
t=01746 lambda slight drift theta slight drift partial_return
t=01747 lambda slight drift theta slight drift partial_return
t=01748 delta soft pulse gamma soft pulse partial_return
t=01749 beta weak fall alpha weak rise partial_return
t=01750 beta weak fall alpha weak rise partial_return
t=01751 lambda slight drift theta slight drift partial_return
t=01752 delta soft pulse gamma soft pulse partial_return
t=01753 delta soft pulse gamma soft pulse partial_return
t=01754 beta weak fall alpha weak rise partial_return
t=01755 lambda slight drift theta slight drift partial_return
t=01756 lambda slight drift theta slight drift partial_return
t=01757 lambda slight drift theta slight drift partial_return
t=01758 beta weak fall alpha weak rise partial_return
t=01759 delta soft pulse gamma soft pulse partial_return
t=01760 beta weak fall alpha weak rise partial_return
t=01761 lambda slight drift theta slight drift partial_return
t=01762 beta weak fall alpha weak rise partial_return
t=01763 lambda slight drift theta slight drift partial_return
t=01764 beta weak fall alpha weak rise partial_return
t=01765 lambda slight drift theta slight drift partial_return
t=01766 beta weak fall alpha weak rise partial_return
t=01767 delta soft pulse gamma soft pulse partial_return
t=01768 delta soft pulse gamma soft pulse partial_return
t=01769 beta weak fall alpha weak rise partial_return
t=01770 delta soft pulse gamma soft pulse partial_return
t=01771 delta soft pulse gamma soft pulse partial_return
t=01772 delta soft pulse gamma soft pulse partial_return
t=01773 beta weak fall alpha weak rise partial_return
t=01774 delta soft pulse gamma soft pulse partial_return
t=01775 quiet_field
t=01776 quiet_field
t=01777 quiet_field
t=01778 quiet_field
t=01779 quiet_field
t=01780 quiet_field
t=01781 quiet_field
t=01782 quiet_field
t=01783 quiet_field
t=01784 quiet_field
t=01785 quiet_field
t=01786 quiet_field
t=01787 quiet_field
t=01788 quiet_field
t=01789 quiet_field
t=01790 quiet_field
t=01791 quiet_field
t=01792 quiet_field
t=01793 quiet_field
t=01794 quiet_field
t=01795 quiet_field
t=01796 quiet_field
t=01797 quiet_field
t=01798 quiet_field
t=01799 quiet_field
t=01800 quiet_field
t=01801 quiet_field
t=01802 quiet_field
t=01803 quiet_field
t=01804 quiet_field
t=01805 quiet_field
t=01806 quiet_field
t=01807 quiet_field
t=01808 quiet_field
t=01809 quiet_field
t=01810 quiet_field
t=01811 quiet_field
t=01812 quiet_field
t=01813 quiet_field
t=01814 quiet_field
t=01815 quiet_field
t=01816 quiet_field
t=01817 quiet_field
t=01818 quiet_field
t=01819 quiet_field
t=01820 quiet_field
t=01821 quiet_field
t=01822 quiet_field
t=01823 quiet_field
t=01824 quiet_field
t=01825 quiet_field
t=01826 quiet_field
t=01827 quiet_field
t=01828 quiet_field
t=01829 quiet_field
t=01830 quiet_field
t=01831 quiet_field
t=01832 quiet_field
t=01833 quiet_field
t=01834 quiet_field
t=01835 quiet_field
t=01836 quiet_field
t=01837 quiet_field
t=01838 quiet_field
t=01839 quiet_field
t=01840 quiet_field
t=01841 quiet_field
t=01842 quiet_field
t=01843 quiet_field
t=01844 quiet_field
t=01845 quiet_field
t=01846 quiet_field
t=01847 quiet_field
t=01848 quiet_field
t=01849 quiet_field
t=01850 quiet_field
t=01851 quiet_field
t=01852 quiet_field
t=01853 quiet_field
t=01854 quiet_field
t=01855 quiet_field
t=01856 quiet_field
t=01857 quiet_field
t=01858 quiet_field
t=01859 quiet_field
t=01860 quiet_field
t=01861 quiet_field
t=01862 quiet_field
t=01863 quiet_field
t=01864 quiet_field
t=01865 quiet_field
t=01866 quiet_field
t=01867 quiet_field
t=01868 quiet_field
t=01869 quiet_field
t=01870 quiet_field
t=01871 quiet_field
t=01872 quiet_field
t=01873 quiet_field
t=01874 quiet_field
t=01875 quiet_field
t=01876 quiet_field
t=01877 quiet_field
t=01878 quiet_field
t=01879 quiet_field
t=01880 quiet_field
t=01881 quiet_field
t=01882 quiet_field
t=01883 quiet_field
t=01884 quiet_field
t=01885 quiet_field
t=01886 quiet_field
t=01887 quiet_field
t=01888 quiet_field
t=01889 quiet_field
t=01890 quiet_field
t=01891 quiet_field
t=01892 quiet_field
t=01893 quiet_field
t=01894 quiet_field
t=01895 quiet_field
t=01896 quiet_field
t=01897 quiet_field
t=01898 quiet_field
t=01899 quiet_field
t=01900 quiet_field
t=01901 quiet_field
t=01902 quiet_field
t=01903 quiet_field
t=01904 quiet_field
t=01905 quiet_field
t=01906 quiet_field
t=01907 quiet_field
t=01908 quiet_field
t=01909 quiet_field
t=01910 quiet_field
t=01911 quiet_field
t=01912 quiet_field
t=01913 quiet_field
t=01914 quiet_field
t=01915 quiet_field
t=01916 quiet_field
t=01917 quiet_field
t=01918 quiet_field
t=01919 quiet_field
t=01920 quiet_field
t=01921 quiet_field
t=01922 quiet_field
t=01923 quiet_field
t=01924 quiet_field
t=01925 quiet_field
t=01926 quiet_field
t=01927 quiet_field
t=01928 quiet_field
t=01929 quiet_field
t=01930 quiet_field
t=01931 quiet_field
t=01932 quiet_field
t=01933 quiet_field
t=01934 quiet_field
t=01935 quiet_field
t=01936 quiet_field
t=01937 quiet_field
t=01938 quiet_field
t=01939 quiet_field
t=01940 quiet_field
t=01941 quiet_field
t=01942 quiet_field
t=01943 quiet_field
t=01944 quiet_field
t=01945 quiet_field
t=01946 quiet_field
t=01947 quiet_field
t=01948 quiet_field
t=01949 quiet_field
t=01950 quiet_field
t=01951 quiet_field
t=01952 quiet_field
t=01953 quiet_field
t=01954 quiet_field
t=01955 quiet_field
t=01956 quiet_field
t=01957 quiet_field
t=01958 quiet_field
t=01959 quiet_field
t=01960 quiet_field
t=01961 quiet_field
t=01962 quiet_field
t=01963 quiet_field
t=01964 quiet_field
t=01965 quiet_field
t=01966 quiet_field
t=01967 quiet_field
t=01968 quiet_field
t=01969 quiet_field
t=01970 quiet_field
t=01971 quiet_field
t=01972 quiet_field
t=01973 quiet_field
t=01974 quiet_field
t=01975 quiet_field
t=01976 quiet_field
t=01977 quiet_field
t=01978 quiet_field
t=01979 quiet_field
t=01980 quiet_field
t=01981 quiet_field
t=01982 quiet_field
t=01983 quiet_field
t=01984 quiet_field
t=01985 quiet_field
t=01986 quiet_field
t=01987 quiet_field
t=01988 quiet_field
t=01989 quiet_field
t=01990 quiet_field
t=01991 quiet_field
t=01992 quiet_field
t=01993 quiet_field
t=01994 quiet_field
t=01995 quiet_field
t=01996 quiet_field
t=01997 quiet_field
t=01998 quiet_field
t=01999 quiet_field
t=02000 quiet_field
t=02001 quiet_field
t=02002 quiet_field
t=02003 quiet_field
t=02004 quiet_field
t=02005 quiet_field
t=02006 quiet_field
t=02007 quiet_field
t=02008 quiet_field
t=02009 quiet_field
t=02010 quiet_field
t=02011 quiet_field
t=02012 quiet_field
t=02013 quiet_field
t=02014 quiet_field
t=02015 quiet_field
t=02016 quiet_field
t=02017 quiet_field
t=02018 quiet_field
t=02019 quiet_field
t=02020 quiet_field
t=02021 quiet_field
t=02022 quiet_field
t=02023 quiet_field
t=02024 quiet_field
t=02025 quiet_field
t=02026 quiet_field
t=02027 quiet_field
t=02028 quiet_field
t=02029 quiet_field
t=02030 quiet_field
t=02031 quiet_field
t=02032 quiet_field
t=02033 quiet_field
t=02034 quiet_field
t=02035 quiet_field
t=02036 quiet_field
t=02037 quiet_field
t=02038 quiet_field
t=02039 quiet_field
t=02040 quiet_field
t=02041 quiet_field
t=02042 quiet_field
t=02043 quiet_field
t=02044 quiet_field
t=02045 quiet_field
t=02046 quiet_field
t=02047 quiet_field
t=02048 quiet_field
t=02049 quiet_field
t=02050 quiet_field
t=02051 quiet_field
t=02052 quiet_field
t=02053 quiet_field
t=02054 quiet_field
t=02055 quiet_field
t=02056 quiet_field
t=02057 quiet_field
t=02058 quiet_field
t=02059 quiet_field
t=02060 quiet_field
t=02061 quiet_field
t=02062 quiet_field
t=02063 quiet_field
t=02064 quiet_field
t=02065 quiet_field
t=02066 quiet_field
t=02067 quiet_field
t=02068 quiet_field
t=02069 quiet_field
t=02070 quiet_field
t=02071 quiet_field
t=02072 quiet_field
t=02073 quiet_field
t=02074 quiet_field
t=02075 quiet_field
t=02076 quiet_field
t=02077 quiet_field
t=02078 quiet_field
t=02079 quiet_field
t=02080 quiet_field
t=02081 quiet_field
t=02082 quiet_field
t=02083 quiet_field
t=02084 quiet_field
t=02085 quiet_field
t=02086 quiet_field
t=02087 quiet_field
t=02088 quiet_field
t=02089 quiet_field
t=02090 quiet_field
t=02091 quiet_field
t=02092 quiet_field
t=02093 quiet_field
t=02094 quiet_field
t=02095 quiet_field
t=02096 quiet_field
t=02097 quiet_field
t=02098 quiet_field
t=02099 quiet_field
t=02100 quiet_field
t=02101 quiet_field
t=02102 quiet_field
t=02103 quiet_field
t=02104 quiet_field
t=02105 quiet_field
t=02106 quiet_field
t=02107 quiet_field
t=02108 quiet_field
t=02109 quiet_field
t=02110 quiet_field
t=02111 quiet_field
t=02112 quiet_field
t=02113 quiet_field
t=02114 quiet_field
t=02115 quiet_field
t=02116 quiet_field
t=02117 quiet_field
t=02118 quiet_field
t=02119 quiet_field
t=02120 quiet_field
t=02121 quiet_field
t=02122 quiet_field
t=02123 quiet_field
t=02124 quiet_field
t=02125 quiet_field
t=02126 quiet_field
t=02127 quiet_field
t=02128 quiet_field
t=02129 quiet_field
t=02130 quiet_field
t=02131 quiet_field
t=02132 quiet_field
t=02133 quiet_field
t=02134 quiet_field
t=02135 quiet_field
t=02136 quiet_field
t=02137 quiet_field
t=02138 quiet_field
t=02139 quiet_field
t=02140 alpha weak rise beta weak fall local_echo
t=02141 gamma soft pulse delta soft pulse local_echo
t=02142 theta slight drift lambda slight drift local_echo
t=02143 alpha weak rise beta weak fall local_echo
t=02144 theta slight drift lambda slight drift local_echo
t=02145 alpha weak rise beta weak fall local_echo
t=02146 alpha weak rise beta weak fall local_echo
t=02147 gamma soft pulse delta soft pulse local_echo
t=02148 gamma soft pulse delta soft pulse local_echo
t=02149 gamma soft pulse delta soft pulse local_echo
t=02150 alpha weak rise beta weak fall local_echo
t=02151 theta slight drift lambda slight drift local_echo
t=02152 alpha weak rise beta weak fall local_echo
t=02153 alpha weak rise beta weak fall local_echo
t=02154 theta slight drift lambda slight drift local_echo
t=02155 gamma soft pulse delta soft pulse local_echo
t=02156 theta slight drift lambda slight drift local_echo
t=02157 alpha weak rise beta weak fall local_echo
t=02158 alpha weak rise beta weak fall local_echo
t=02159 alpha weak rise beta weak fall local_echo
t=02160 gamma soft pulse delta soft pulse local_echo
t=02161 theta slight drift lambda slight drift local_echo
t=02162 alpha weak rise beta weak fall local_echo
t=02163 gamma soft pulse delta soft pulse local_echo
t=02164 gamma soft pulse delta soft pulse local_echo
t=02165 theta slight drift lambda slight drift local_echo
t=02166 theta slight drift lambda slight drift local_echo
t=02167 alpha weak rise beta weak fall local_echo
t=02168 theta slight drift lambda slight drift local_echo
t=02169 alpha weak rise beta weak fall local_echo
t=02170 gamma soft pulse delta soft pulse local_echo
t=02171 theta slight drift lambda slight drift local_echo
t=02172 gamma soft pulse delta soft pulse local_echo
t=02173 alpha weak rise beta weak fall local_echo
t=02174 alpha weak rise beta weak fall local_echo
t=02175 alpha weak rise beta weak fall local_echo
t=02176 gamma soft pulse delta soft pulse local_echo
t=02177 theta slight drift lambda slight drift local_echo
t=02178 alpha weak rise beta weak fall local_echo
t=02179 gamma soft pulse delta soft pulse local_echo
t=02180 alpha weak rise beta weak fall local_echo
t=02181 gamma soft pulse delta soft pulse local_echo
t=02182 alpha weak rise beta weak fall local_echo
t=02183 theta slight drift lambda slight drift local_echo
t=02184 alpha weak rise beta weak fall local_echo
t=02185 alpha weak rise beta weak fall local_echo
t=02186 theta slight drift lambda slight drift local_echo
t=02187 gamma soft pulse delta soft pulse local_echo
t=02188 theta slight drift lambda slight drift local_echo
t=02189 theta slight drift lambda slight drift local_echo
t=02190 quiet_field
t=02191 quiet_field
t=02192 quiet_field
t=02193 quiet_field
t=02194 quiet_field
t=02195 quiet_field
t=02196 quiet_field
t=02197 quiet_field
t=02198 quiet_field
t=02199 quiet_field
t=02200 quiet_field
t=02201 quiet_field
t=02202 quiet_field
t=02203 quiet_field
t=02204 quiet_field
t=02205 quiet_field
t=02206 quiet_field
t=02207 quiet_field
t=02208 quiet_field
t=02209 quiet_field
t=02210 quiet_field
t=02211 quiet_field
t=02212 quiet_field
t=02213 quiet_field
t=02214 quiet_field
t=02215 quiet_field
t=02216 quiet_field
t=02217 quiet_field
t=02218 quiet_field
t=02219 quiet_field
t=02220 quiet_field
t=02221 quiet_field
t=02222 quiet_field
t=02223 quiet_field
t=02224 quiet_field
t=02225 quiet_field
t=02226 quiet_field
t=02227 quiet_field
t=02228 quiet_field
t=02229 quiet_field
t=02230 quiet_field
t=02231 quiet_field
t=02232 quiet_field
t=02233 quiet_field
t=02234 quiet_field
t=02235 quiet_field
t=02236 quiet_field
t=02237 quiet_field
t=02238 quiet_field
t=02239 quiet_field
t=02240 quiet_field
t=02241 quiet_field
t=02242 quiet_field
t=02243 quiet_field
t=02244 quiet_field
t=02245 quiet_field
t=02246 quiet_field
t=02247 quiet_field
t=02248 quiet_field
t=02249 quiet_field
t=02250 quiet_field
t=02251 quiet_field
t=02252 quiet_field
t=02253 quiet_field
t=02254 quiet_field
t=02255 quiet_field
t=02256 quiet_field
t=02257 quiet_field
t=02258 quiet_field
t=02259 quiet_field
t=02260 quiet_field
t=02261 quiet_field
t=02262 quiet_field
t=02263 quiet_field
t=02264 quiet_field
t=02265 quiet_field
t=02266 quiet_field
t=02267 quiet_field
t=02268 quiet_field
t=02269 quiet_field
t=02270 quiet_field
t=02271 quiet_field
t=02272 quiet_field
t=02273 quiet_field
t=02274 quiet_field
t=02275 quiet_field
t=02276 quiet_field
t=02277 quiet_field
t=02278 quiet_field
t=02279 quiet_field
t=02280 quiet_field
t=02281 quiet_field
t=02282 quiet_field
t=02283 quiet_field
t=02284 quiet_field
t=02285 quiet_field
t=02286 quiet_field
t=02287 quiet_field
t=02288 quiet_field
t=02289 quiet_field
t=02290 quiet_field
t=02291 quiet_field
t=02292 quiet_field
t=02293 quiet_field
t=02294 quiet_field
t=02295 quiet_field
t=02296 quiet_field
t=02297 quiet_field
t=02298 quiet_field
t=02299 quiet_field
t=02300 quiet_field
t=02301 quiet_field
t=02302 quiet_field
t=02303 quiet_field
t=02304 quiet_field
t=02305 quiet_field
t=02306 quiet_field
t=02307 quiet_field
t=02308 quiet_field
t=02309 quiet_field
t=02310 quiet_field
t=02311 quiet_field
t=02312 quiet_field
t=02313 quiet_field
t=02314 quiet_field
t=02315 quiet_field
t=02316 quiet_field
t=02317 quiet_field
t=02318 quiet_field
t=02319 quiet_field
t=02320 quiet_field
t=02321 quiet_field
t=02322 quiet_field
t=02323 quiet_field
t=02324 quiet_field
t=02325 quiet_field
t=02326 quiet_field
t=02327 quiet_field
t=02328 quiet_field
t=02329 quiet_field
t=02330 quiet_field
t=02331 quiet_field
t=02332 quiet_field
t=02333 quiet_field
t=02334 quiet_field
t=02335 quiet_field
t=02336 quiet_field
t=02337 quiet_field
t=02338 quiet_field
t=02339 quiet_field
t=02340 quiet_field
t=02341 quiet_field
t=02342 quiet_field
t=02343 quiet_field
t=02344 quiet_field
t=02345 quiet_field
t=02346 quiet_field
t=02347 quiet_field
t=02348 quiet_field
t=02349 quiet_field
t=02350 quiet_field
t=02351 quiet_field
t=02352 quiet_field
t=02353 quiet_field
t=02354 quiet_field
t=02355 quiet_field
t=02356 quiet_field
t=02357 quiet_field
t=02358 quiet_field
t=02359 quiet_field
t=02360 quiet_field
t=02361 quiet_field
t=02362 quiet_field
t=02363 quiet_field
t=02364 quiet_field
t=02365 quiet_field
t=02366 quiet_field
t=02367 quiet_field
t=02368 quiet_field
t=02369 quiet_field
t=02370 quiet_field
t=02371 quiet_field
t=02372 quiet_field
t=02373 quiet_field
t=02374 quiet_field
t=02375 quiet_field
t=02376 quiet_field
t=02377 quiet_field
t=02378 quiet_field
t=02379 quiet_field
t=02380 quiet_field
t=02381 quiet_field
t=02382 quiet_field
t=02383 quiet_field
t=02384 quiet_field
t=02385 quiet_field
t=02386 quiet_field
t=02387 quiet_field
t=02388 quiet_field
t=02389 quiet_field
t=02390 quiet_field
t=02391 quiet_field
t=02392 quiet_field
t=02393 quiet_field
t=02394 quiet_field
t=02395 quiet_field
t=02396 quiet_field
t=02397 quiet_field
t=02398 quiet_field
t=02399 quiet_field
t=02400 sparse_flat_field
t=02401 sparse_flat_field
t=02402 sparse_flat_field
t=02403 sparse_flat_field
t=02404 sparse_flat_field
t=02405 sparse_flat_field
t=02406 sparse_flat_field
t=02407 sparse_flat_field
t=02408 sparse_flat_field
t=02409 sparse_flat_field
t=02410 sparse_flat_field
t=02411 sparse_flat_field
t=02412 sparse_flat_field
t=02413 sparse_flat_field
t=02414 sparse_flat_field
t=02415 sparse_flat_field
t=02416 sparse_flat_field
t=02417 sparse_flat_field
t=02418 sparse_flat_field
t=02419 sparse_flat_field
t=02420 sparse_flat_field
t=02421 sparse_flat_field
t=02422 sparse_flat_field
t=02423 sparse_flat_field
t=02424 sparse_flat_field
t=02425 sparse_flat_field
t=02426 sparse_flat_field
t=02427 sparse_flat_field
t=02428 sparse_flat_field
t=02429 sparse_flat_field
t=02430 sparse_flat_field
t=02431 sparse_flat_field
t=02432 sparse_flat_field
t=02433 sparse_flat_field
t=02434 sparse_flat_field
t=02435 sparse_flat_field
t=02436 sparse_flat_field
t=02437 sparse_flat_field
t=02438 sparse_flat_field
t=02439 sparse_flat_field
t=02440 sparse_flat_field
t=02441 sparse_flat_field
t=02442 sparse_flat_field
t=02443 sparse_flat_field
t=02444 sparse_flat_field
t=02445 sparse_flat_field
t=02446 sparse_flat_field
t=02447 sparse_flat_field
t=02448 sparse_flat_field
t=02449 sparse_flat_field
t=02450 sparse_flat_field
t=02451 sparse_flat_field
t=02452 sparse_flat_field
t=02453 sparse_flat_field
t=02454 sparse_flat_field
t=02455 sparse_flat_field
t=02456 sparse_flat_field
t=02457 sparse_flat_field
t=02458 sparse_flat_field
t=02459 sparse_flat_field
t=02460 sparse_flat_field
t=02461 sparse_flat_field
t=02462 sparse_flat_field
t=02463 sparse_flat_field
t=02464 sparse_flat_field
t=02465 sparse_flat_field
t=02466 sparse_flat_field
t=02467 sparse_flat_field
t=02468 sparse_flat_field
t=02469 sparse_flat_field
t=02470 sparse_flat_field
t=02471 sparse_flat_field
t=02472 sparse_flat_field
t=02473 sparse_flat_field
t=02474 sparse_flat_field
t=02475 sparse_flat_field
t=02476 sparse_flat_field
t=02477 sparse_flat_field
t=02478 sparse_flat_field
t=02479 sparse_flat_field
t=02480 sparse_flat_field
t=02481 sparse_flat_field
t=02482 sparse_flat_field
t=02483 sparse_flat_field
t=02484 sparse_flat_field
t=02485 sparse_flat_field
t=02486 sparse_flat_field
t=02487 sparse_flat_field
t=02488 sparse_flat_field
t=02489 sparse_flat_field
t=02490 sparse_flat_field
t=02491 sparse_flat_field
t=02492 sparse_flat_field
t=02493 sparse_flat_field
t=02494 sparse_flat_field
t=02495 sparse_flat_field
t=02496 sparse_flat_field
t=02497 sparse_flat_field
t=02498 sparse_flat_field
t=02499 sparse_flat_field
t=02500 sparse_flat_field
t=02501 sparse_flat_field
t=02502 sparse_flat_field
t=02503 sparse_flat_field
t=02504 sparse_flat_field
t=02505 sparse_flat_field
t=02506 sparse_flat_field
t=02507 sparse_flat_field
t=02508 sparse_flat_field
t=02509 sparse_flat_field
t=02510 sparse_flat_field
t=02511 sparse_flat_field
t=02512 sparse_flat_field
t=02513 sparse_flat_field
t=02514 sparse_flat_field
t=02515 sparse_flat_field
t=02516 sparse_flat_field
t=02517 sparse_flat_field
t=02518 sparse_flat_field
t=02519 sparse_flat_field
t=02520 sparse_flat_field
t=02521 sparse_flat_field
t=02522 sparse_flat_field
t=02523 sparse_flat_field
t=02524 sparse_flat_field
t=02525 sparse_flat_field
t=02526 sparse_flat_field
t=02527 sparse_flat_field
t=02528 sparse_flat_field
t=02529 sparse_flat_field
t=02530 sparse_flat_field
t=02531 sparse_flat_field
t=02532 sparse_flat_field
t=02533 sparse_flat_field
t=02534 sparse_flat_field
t=02535 sparse_flat_field
t=02536 sparse_flat_field
t=02537 sparse_flat_field
t=02538 sparse_flat_field
t=02539 sparse_flat_field
t=02540 sparse_flat_field
t=02541 sparse_flat_field
t=02542 sparse_flat_field
t=02543 sparse_flat_field
t=02544 sparse_flat_field
t=02545 sparse_flat_field
t=02546 sparse_flat_field
t=02547 sparse_flat_field
t=02548 sparse_flat_field
t=02549 sparse_flat_field
t=02550 sparse_flat_field
t=02551 sparse_flat_field
t=02552 sparse_flat_field
t=02553 sparse_flat_field
t=02554 sparse_flat_field
t=02555 sparse_flat_field
t=02556 sparse_flat_field
t=02557 sparse_flat_field
t=02558 sparse_flat_field
t=02559 sparse_flat_field
t=02560 sparse_flat_field
t=02561 sparse_flat_field
t=02562 sparse_flat_field
t=02563 sparse_flat_field
t=02564 sparse_flat_field
t=02565 sparse_flat_field
t=02566 sparse_flat_field
t=02567 sparse_flat_field
t=02568 sparse_flat_field
t=02569 sparse_flat_field
t=02570 sparse_flat_field
t=02571 sparse_flat_field
t=02572 sparse_flat_field
t=02573 sparse_flat_field
t=02574 sparse_flat_field
t=02575 sparse_flat_field
t=02576 sparse_flat_field
t=02577 sparse_flat_field
t=02578 sparse_flat_field
t=02579 sparse_flat_field
t=02580 sparse_flat_field
t=02581 sparse_flat_field
t=02582 sparse_flat_field
t=02583 sparse_flat_field
t=02584 sparse_flat_field
t=02585 sparse_flat_field
t=02586 sparse_flat_field
t=02587 sparse_flat_field
t=02588 sparse_flat_field
t=02589 sparse_flat_field
t=02590 sparse_flat_field
t=02591 sparse_flat_field
t=02592 sparse_flat_field
t=02593 sparse_flat_field
t=02594 sparse_flat_field
t=02595 sparse_flat_field
t=02596 sparse_flat_field
t=02597 sparse_flat_field
t=02598 sparse_flat_field
t=02599 sparse_flat_field
t=02600 sparse_flat_field
t=02601 sparse_flat_field
t=02602 sparse_flat_field
t=02603 sparse_flat_field
t=02604 sparse_flat_field
t=02605 sparse_flat_field
t=02606 sparse_flat_field
t=02607 sparse_flat_field
t=02608 sparse_flat_field
t=02609 sparse_flat_field
t=02610 sparse_flat_field
t=02611 sparse_flat_field
t=02612 sparse_flat_field
t=02613 sparse_flat_field
t=02614 sparse_flat_field
t=02615 sparse_flat_field
t=02616 sparse_flat_field
t=02617 sparse_flat_field
t=02618 sparse_flat_field
t=02619 sparse_flat_field
t=02620 sparse_flat_field
t=02621 sparse_flat_field
t=02622 sparse_flat_field
t=02623 sparse_flat_field
t=02624 sparse_flat_field
t=02625 sparse_flat_field
t=02626 sparse_flat_field
t=02627 sparse_flat_field
t=02628 sparse_flat_field
t=02629 sparse_flat_field
t=02630 sparse_flat_field
t=02631 sparse_flat_field
t=02632 sparse_flat_field
t=02633 sparse_flat_field
t=02634 sparse_flat_field
t=02635 sparse_flat_field
t=02636 sparse_flat_field
t=02637 sparse_flat_field
t=02638 sparse_flat_field
t=02639 sparse_flat_field
t=02640 sparse_flat_field
t=02641 sparse_flat_field
t=02642 sparse_flat_field
t=02643 sparse_flat_field
t=02644 sparse_flat_field
t=02645 sparse_flat_field
t=02646 sparse_flat_field
t=02647 sparse_flat_field
t=02648 sparse_flat_field
t=02649 sparse_flat_field
t=02650 sparse_flat_field
t=02651 sparse_flat_field
t=02652 sparse_flat_field
t=02653 sparse_flat_field
t=02654 sparse_flat_field
t=02655 sparse_flat_field
t=02656 sparse_flat_field
t=02657 sparse_flat_field
t=02658 sparse_flat_field
t=02659 sparse_flat_field
t=02660 sparse_flat_field
t=02661 sparse_flat_field
t=02662 sparse_flat_field
t=02663 sparse_flat_field
t=02664 sparse_flat_field
t=02665 sparse_flat_field
t=02666 sparse_flat_field
t=02667 sparse_flat_field
t=02668 sparse_flat_field
t=02669 sparse_flat_field
t=02670 sparse_flat_field
t=02671 sparse_flat_field
t=02672 sparse_flat_field
t=02673 sparse_flat_field
t=02674 sparse_flat_field
t=02675 sparse_flat_field
t=02676 sparse_flat_field
t=02677 sparse_flat_field
t=02678 sparse_flat_field
t=02679 sparse_flat_field
t=02680 sparse_flat_field
t=02681 sparse_flat_field
t=02682 sparse_flat_field
t=02683 sparse_flat_field
t=02684 sparse_flat_field
t=02685 sparse_flat_field
t=02686 sparse_flat_field
t=02687 sparse_flat_field
t=02688 sparse_flat_field
t=02689 sparse_flat_field
t=02690 sparse_flat_field
t=02691 sparse_flat_field
t=02692 sparse_flat_field
t=02693 sparse_flat_field
t=02694 sparse_flat_field
t=02695 sparse_flat_field
t=02696 sparse_flat_field
t=02697 sparse_flat_field
t=02698 sparse_flat_field
t=02699 sparse_flat_field
t=02700 sparse_flat_field
t=02701 sparse_flat_field
t=02702 sparse_flat_field
t=02703 sparse_flat_field
t=02704 sparse_flat_field
t=02705 sparse_flat_field
t=02706 sparse_flat_field
t=02707 sparse_flat_field
t=02708 sparse_flat_field
t=02709 sparse_flat_field
t=02710 sparse_flat_field
t=02711 sparse_flat_field
t=02712 sparse_flat_field
t=02713 sparse_flat_field
t=02714 sparse_flat_field
t=02715 sparse_flat_field
t=02716 sparse_flat_field
t=02717 sparse_flat_field
t=02718 sparse_flat_field
t=02719 sparse_flat_field
t=02720 sparse_flat_field
t=02721 sparse_flat_field
t=02722 sparse_flat_field
t=02723 sparse_flat_field
t=02724 sparse_flat_field
t=02725 sparse_flat_field
t=02726 sparse_flat_field
t=02727 sparse_flat_field
t=02728 sparse_flat_field
t=02729 sparse_flat_field
t=02730 sparse_flat_field
t=02731 sparse_flat_field
t=02732 sparse_flat_field
t=02733 sparse_flat_field
t=02734 sparse_flat_field
t=02735 sparse_flat_field
t=02736 sparse_flat_field
t=02737 sparse_flat_field
t=02738 sparse_flat_field
t=02739 sparse_flat_field
t=02740 sparse_flat_field
t=02741 sparse_flat_field
t=02742 sparse_flat_field
t=02743 sparse_flat_field
t=02744 sparse_flat_field
t=02745 sparse_flat_field
t=02746 sparse_flat_field
t=02747 sparse_flat_field
t=02748 sparse_flat_field
t=02749 sparse_flat_field
t=02750 quiet_field
t=02751 quiet_field
t=02752 quiet_field
t=02753 quiet_field
t=02754 quiet_field
t=02755 quiet_field
t=02756 quiet_field
t=02757 quiet_field
t=02758 quiet_field
t=02759 quiet_field
t=02760 quiet_field
t=02761 quiet_field
t=02762 quiet_field
t=02763 quiet_field
t=02764 quiet_field
t=02765 quiet_field
t=02766 quiet_field
t=02767 quiet_field
t=02768 quiet_field
t=02769 quiet_field
t=02770 quiet_field
t=02771 quiet_field
t=02772 quiet_field
t=02773 quiet_field
t=02774 quiet_field
t=02775 quiet_field
t=02776 quiet_field
t=02777 quiet_field
t=02778 quiet_field
t=02779 quiet_field
t=02780 quiet_field
t=02781 quiet_field
t=02782 quiet_field
t=02783 quiet_field
t=02784 quiet_field
t=02785 quiet_field
t=02786 quiet_field
t=02787 quiet_field
t=02788 quiet_field
t=02789 quiet_field
t=02790 quiet_field
t=02791 quiet_field
t=02792 quiet_field
t=02793 quiet_field
t=02794 quiet_field
t=02795 quiet_field
t=02796 quiet_field
t=02797 quiet_field
t=02798 quiet_field
t=02799 quiet_field
t=02800 quiet_field
t=02801 quiet_field
t=02802 quiet_field
t=02803 quiet_field
t=02804 quiet_field
t=02805 quiet_field
t=02806 quiet_field
t=02807 quiet_field
t=02808 quiet_field
t=02809 quiet_field
t=02810 quiet_field
t=02811 quiet_field
t=02812 quiet_field
t=02813 quiet_field
t=02814 quiet_field
t=02815 quiet_field
t=02816 quiet_field
t=02817 quiet_field
t=02818 quiet_field
t=02819 quiet_field
t=02820 quiet_field
t=02821 quiet_field
t=02822 quiet_field
t=02823 quiet_field
t=02824 quiet_field
t=02825 quiet_field
t=02826 quiet_field
t=02827 quiet_field
t=02828 quiet_field
t=02829 quiet_field
t=02830 quiet_field
t=02831 quiet_field
t=02832 quiet_field
t=02833 quiet_field
t=02834 quiet_field
t=02835 quiet_field
t=02836 quiet_field
t=02837 quiet_field
t=02838 quiet_field
t=02839 quiet_field
t=02840 quiet_field
t=02841 quiet_field
t=02842 quiet_field
t=02843 quiet_field
t=02844 quiet_field
t=02845 quiet_field
t=02846 quiet_field
t=02847 quiet_field
t=02848 quiet_field
t=02849 quiet_field
t=02850 quiet_field
t=02851 quiet_field
t=02852 quiet_field
t=02853 quiet_field
t=02854 quiet_field
t=02855 quiet_field
t=02856 quiet_field
t=02857 quiet_field
t=02858 quiet_field
t=02859 quiet_field
t=02860 quiet_field
t=02861 quiet_field
t=02862 quiet_field
t=02863 quiet_field
t=02864 quiet_field
t=02865 quiet_field
t=02866 quiet_field
t=02867 quiet_field
t=02868 quiet_field
t=02869 quiet_field
t=02870 quiet_field
t=02871 quiet_field
t=02872 quiet_field
t=02873 quiet_field
t=02874 quiet_field
t=02875 quiet_field
t=02876 quiet_field
t=02877 quiet_field
t=02878 quiet_field
t=02879 quiet_field
t=02880 quiet_field
t=02881 quiet_field
t=02882 quiet_field
t=02883 quiet_field
t=02884 quiet_field
t=02885 quiet_field
t=02886 quiet_field
t=02887 quiet_field
t=02888 quiet_field
t=02889 quiet_field
t=02890 quiet_field
t=02891 quiet_field
t=02892 quiet_field
t=02893 quiet_field
t=02894 quiet_field
t=02895 quiet_field
t=02896 quiet_field
t=02897 quiet_field
t=02898 quiet_field
t=02899 quiet_field
t=02900 quiet_field
t=02901 quiet_field
t=02902 quiet_field
t=02903 quiet_field
t=02904 quiet_field
t=02905 quiet_field
t=02906 quiet_field
t=02907 quiet_field
t=02908 quiet_field
t=02909 quiet_field
t=02910 quiet_field
t=02911 quiet_field
t=02912 quiet_field
t=02913 quiet_field
t=02914 quiet_field
t=02915 quiet_field
t=02916 quiet_field
t=02917 quiet_field
t=02918 quiet_field
t=02919 quiet_field
t=02920 quiet_field
t=02921 quiet_field
t=02922 quiet_field
t=02923 quiet_field
t=02924 quiet_field
t=02925 quiet_field
t=02926 quiet_field
t=02927 quiet_field
t=02928 quiet_field
t=02929 quiet_field
t=02930 quiet_field
t=02931 quiet_field
t=02932 quiet_field
t=02933 quiet_field
t=02934 quiet_field
t=02935 quiet_field
t=02936 quiet_field
t=02937 quiet_field
t=02938 quiet_field
t=02939 quiet_field
t=02940 quiet_field
t=02941 quiet_field
t=02942 quiet_field
t=02943 quiet_field
t=02944 quiet_field
t=02945 quiet_field
t=02946 quiet_field
t=02947 quiet_field
t=02948 quiet_field
t=02949 quiet_field
t=02950 quiet_field
t=02951 quiet_field
t=02952 quiet_field
t=02953 quiet_field
t=02954 quiet_field
t=02955 quiet_field
t=02956 quiet_field
t=02957 quiet_field
t=02958 quiet_field
t=02959 quiet_field
t=02960 quiet_field
t=02961 quiet_field
t=02962 quiet_field
t=02963 quiet_field
t=02964 quiet_field
t=02965 quiet_field
t=02966 quiet_field
t=02967 quiet_field
t=02968 quiet_field
t=02969 quiet_field
t=02970 quiet_field
t=02971 quiet_field
t=02972 quiet_field
t=02973 quiet_field
t=02974 quiet_field
t=02975 quiet_field
t=02976 quiet_field
t=02977 quiet_field
t=02978 quiet_field
t=02979 quiet_field
t=02980 gamma soft pulse delta soft pulse local_echo
t=02981 alpha weak rise beta weak fall local_echo
t=02982 theta slight drift lambda slight drift local_echo
t=02983 theta slight drift lambda slight drift local_echo
t=02984 alpha weak rise beta weak fall local_echo
t=02985 theta slight drift lambda slight drift local_echo
t=02986 alpha weak rise beta weak fall local_echo
t=02987 gamma soft pulse delta soft pulse local_echo
t=02988 alpha weak rise beta weak fall local_echo
t=02989 theta slight drift lambda slight drift local_echo
t=02990 gamma soft pulse delta soft pulse local_echo
t=02991 alpha weak rise beta weak fall local_echo
t=02992 gamma soft pulse delta soft pulse local_echo
t=02993 gamma soft pulse delta soft pulse local_echo
t=02994 gamma soft pulse delta soft pulse local_echo
t=02995 gamma soft pulse delta soft pulse local_echo
t=02996 gamma soft pulse delta soft pulse local_echo
t=02997 theta slight drift lambda slight drift local_echo
t=02998 alpha weak rise beta weak fall local_echo
t=02999 gamma soft pulse delta soft pulse local_echo
t=03000 theta slight drift lambda slight drift local_echo
t=03001 theta slight drift lambda slight drift local_echo
t=03002 alpha weak rise beta weak fall local_echo
t=03003 alpha weak rise beta weak fall local_echo
t=03004 gamma soft pulse delta soft pulse local_echo
t=03005 theta slight drift lambda slight drift local_echo
t=03006 alpha weak rise beta weak fall local_echo
t=03007 theta slight drift lambda slight drift local_echo
t=03008 alpha weak rise beta weak fall local_echo
t=03009 alpha weak rise beta weak fall local_echo
t=03010 alpha weak rise beta weak fall local_echo
t=03011 alpha weak rise beta weak fall local_echo
t=03012 alpha weak rise beta weak fall local_echo
t=03013 gamma soft pulse delta soft pulse local_echo
t=03014 alpha weak rise beta weak fall local_echo
t=03015 gamma soft pulse delta soft pulse local_echo
t=03016 gamma soft pulse delta soft pulse local_echo
t=03017 theta slight drift lambda slight drift local_echo
t=03018 alpha weak rise beta weak fall local_echo
t=03019 alpha weak rise beta weak fall local_echo
t=03020 theta slight drift lambda slight drift local_echo
t=03021 theta slight drift lambda slight drift local_echo
t=03022 alpha weak rise beta weak fall local_echo
t=03023 theta slight drift lambda slight drift local_echo
t=03024 alpha weak rise beta weak fall local_echo
t=03025 alpha weak rise beta weak fall local_echo
t=03026 theta slight drift lambda slight drift local_echo
t=03027 gamma soft pulse delta soft pulse local_echo
t=03028 theta slight drift lambda slight drift local_echo
t=03029 gamma soft pulse delta soft pulse local_echo
t=03030 quiet_field
t=03031 quiet_field
t=03032 quiet_field
t=03033 quiet_field
t=03034 quiet_field
t=03035 quiet_field
t=03036 quiet_field
t=03037 quiet_field
t=03038 quiet_field
t=03039 quiet_field
t=03040 quiet_field
t=03041 quiet_field
t=03042 quiet_field
t=03043 quiet_field
t=03044 quiet_field
t=03045 quiet_field
t=03046 quiet_field
t=03047 quiet_field
t=03048 quiet_field
t=03049 quiet_field
t=03050 quiet_field
t=03051 quiet_field
t=03052 quiet_field
t=03053 quiet_field
t=03054 quiet_field
t=03055 quiet_field
t=03056 quiet_field
t=03057 quiet_field
t=03058 quiet_field
t=03059 quiet_field
t=03060 quiet_field
t=03061 quiet_field
t=03062 quiet_field
t=03063 quiet_field
t=03064 quiet_field
t=03065 quiet_field
t=03066 quiet_field
t=03067 quiet_field
t=03068 quiet_field
t=03069 quiet_field
t=03070 quiet_field
t=03071 quiet_field
t=03072 quiet_field
t=03073 quiet_field
t=03074 quiet_field
t=03075 quiet_field
t=03076 quiet_field
t=03077 quiet_field
t=03078 quiet_field
t=03079 quiet_field
t=03080 quiet_field
t=03081 quiet_field
t=03082 quiet_field
t=03083 quiet_field
t=03084 quiet_field
t=03085 quiet_field
t=03086 quiet_field
t=03087 quiet_field
t=03088 quiet_field
t=03089 quiet_field
t=03090 quiet_field
t=03091 quiet_field
t=03092 quiet_field
t=03093 quiet_field
t=03094 quiet_field
t=03095 quiet_field
t=03096 quiet_field
t=03097 quiet_field
t=03098 quiet_field
t=03099 quiet_field
t=03100 quiet_field
t=03101 quiet_field
t=03102 quiet_field
t=03103 quiet_field
t=03104 quiet_field
t=03105 quiet_field
t=03106 quiet_field
t=03107 quiet_field
t=03108 quiet_field
t=03109 quiet_field
t=03110 quiet_field
t=03111 quiet_field
t=03112 quiet_field
t=03113 quiet_field
t=03114 quiet_field
t=03115 quiet_field
t=03116 quiet_field
t=03117 quiet_field
t=03118 quiet_field
t=03119 quiet_field
t=03120 quiet_field
t=03121 quiet_field
t=03122 quiet_field
t=03123 quiet_field
t=03124 quiet_field
t=03125 quiet_field
t=03126 quiet_field
t=03127 quiet_field
t=03128 quiet_field
t=03129 quiet_field
t=03130 quiet_field
t=03131 quiet_field
t=03132 quiet_field
t=03133 quiet_field
t=03134 quiet_field
t=03135 quiet_field
t=03136 quiet_field
t=03137 quiet_field
t=03138 quiet_field
t=03139 quiet_field
t=03140 quiet_field
t=03141 quiet_field
t=03142 quiet_field
t=03143 quiet_field
t=03144 quiet_field
t=03145 quiet_field
t=03146 quiet_field
t=03147 quiet_field
t=03148 quiet_field
t=03149 quiet_field
t=03150 quiet_field
t=03151 quiet_field
t=03152 quiet_field
t=03153 quiet_field
t=03154 quiet_field
t=03155 quiet_field
t=03156 quiet_field
t=03157 quiet_field
t=03158 quiet_field
t=03159 quiet_field
t=03160 quiet_field
t=03161 quiet_field
t=03162 quiet_field
t=03163 quiet_field
t=03164 quiet_field
t=03165 quiet_field
t=03166 quiet_field
t=03167 quiet_field
t=03168 quiet_field
t=03169 quiet_field
t=03170 quiet_field
t=03171 quiet_field
t=03172 quiet_field
t=03173 quiet_field
t=03174 quiet_field
t=03175 quiet_field
t=03176 quiet_field
t=03177 quiet_field
t=03178 quiet_field
t=03179 quiet_field
t=03180 quiet_field
t=03181 quiet_field
t=03182 quiet_field
t=03183 quiet_field
t=03184 quiet_field
t=03185 quiet_field
t=03186 quiet_field
t=03187 quiet_field
t=03188 quiet_field
t=03189 quiet_field
t=03190 quiet_field
t=03191 quiet_field
t=03192 quiet_field
t=03193 quiet_field
t=03194 quiet_field
t=03195 quiet_field
t=03196 quiet_field
t=03197 quiet_field
t=03198 quiet_field
t=03199 quiet_field
t=03200 quiet_field
t=03201 quiet_field
t=03202 quiet_field
t=03203 quiet_field
t=03204 quiet_field
t=03205 quiet_field
t=03206 quiet_field
t=03207 quiet_field
t=03208 quiet_field
t=03209 quiet_field
t=03210 quiet_field
t=03211 quiet_field
t=03212 quiet_field
t=03213 quiet_field
t=03214 quiet_field
t=03215 quiet_field
t=03216 quiet_field
t=03217 quiet_field
t=03218 quiet_field
t=03219 quiet_field
t=03220 quiet_field
t=03221 quiet_field
t=03222 quiet_field
t=03223 quiet_field
t=03224 quiet_field
t=03225 quiet_field
t=03226 quiet_field
t=03227 quiet_field
t=03228 quiet_field
t=03229 quiet_field
t=03230 quiet_field
t=03231 quiet_field
t=03232 quiet_field
t=03233 quiet_field
t=03234 quiet_field
t=03235 quiet_field
t=03236 quiet_field
t=03237 quiet_field
t=03238 quiet_field
t=03239 quiet_field
t=03240 quiet_field
t=03241 quiet_field
t=03242 quiet_field
t=03243 quiet_field
t=03244 quiet_field
t=03245 quiet_field
t=03246 quiet_field
t=03247 quiet_field
t=03248 quiet_field
t=03249 quiet_field
t=03250 delta soft pulse gamma soft pulse partial_return
t=03251 delta soft pulse gamma soft pulse partial_return
t=03252 beta weak fall alpha weak rise partial_return
t=03253 delta soft pulse gamma soft pulse partial_return
t=03254 beta weak fall alpha weak rise partial_return
t=03255 lambda slight drift theta slight drift partial_return
t=03256 beta weak fall alpha weak rise partial_return
t=03257 lambda slight drift theta slight drift partial_return
t=03258 beta weak fall alpha weak rise partial_return
t=03259 delta soft pulse gamma soft pulse partial_return
t=03260 delta soft pulse gamma soft pulse partial_return
t=03261 beta weak fall alpha weak rise partial_return
t=03262 delta soft pulse gamma soft pulse partial_return
t=03263 beta weak fall alpha weak rise partial_return
t=03264 beta weak fall alpha weak rise partial_return
t=03265 beta weak fall alpha weak rise partial_return
t=03266 lambda slight drift theta slight drift partial_return
t=03267 lambda slight drift theta slight drift partial_return
t=03268 beta weak fall alpha weak rise partial_return
t=03269 delta soft pulse gamma soft pulse partial_return
t=03270 delta soft pulse gamma soft pulse partial_return
t=03271 delta soft pulse gamma soft pulse partial_return
t=03272 beta weak fall alpha weak rise partial_return
t=03273 delta soft pulse gamma soft pulse partial_return
t=03274 delta soft pulse gamma soft pulse partial_return
t=03275 lambda slight drift theta slight drift partial_return
t=03276 lambda slight drift theta slight drift partial_return
t=03277 lambda slight drift theta slight drift partial_return
t=03278 lambda slight drift theta slight drift partial_return
t=03279 delta soft pulse gamma soft pulse partial_return
t=03280 beta weak fall alpha weak rise partial_return
t=03281 lambda slight drift theta slight drift partial_return
t=03282 delta soft pulse gamma soft pulse partial_return
t=03283 beta weak fall alpha weak rise partial_return
t=03284 lambda slight drift theta slight drift partial_return
t=03285 delta soft pulse gamma soft pulse partial_return
t=03286 beta weak fall alpha weak rise partial_return
t=03287 delta soft pulse gamma soft pulse partial_return
t=03288 delta soft pulse gamma soft pulse partial_return
t=03289 delta soft pulse gamma soft pulse partial_return
t=03290 lambda slight drift theta slight drift partial_return
t=03291 lambda slight drift theta slight drift partial_return
t=03292 delta soft pulse gamma soft pulse partial_return
t=03293 beta weak fall alpha weak rise partial_return
t=03294 beta weak fall alpha weak rise partial_return
t=03295 quiet_field
t=03296 quiet_field
t=03297 quiet_field
t=03298 quiet_field
t=03299 quiet_field
t=03300 quiet_field
t=03301 quiet_field
t=03302 quiet_field
t=03303 quiet_field
t=03304 quiet_field
t=03305 quiet_field
t=03306 quiet_field
t=03307 quiet_field
t=03308 quiet_field
t=03309 quiet_field
t=03310 quiet_field
t=03311 quiet_field
t=03312 quiet_field
t=03313 quiet_field
t=03314 quiet_field
t=03315 quiet_field
t=03316 quiet_field
t=03317 quiet_field
t=03318 quiet_field
t=03319 quiet_field
t=03320 quiet_field
t=03321 quiet_field
t=03322 quiet_field
t=03323 quiet_field
t=03324 quiet_field
t=03325 quiet_field
t=03326 quiet_field
t=03327 quiet_field
t=03328 quiet_field
t=03329 quiet_field
t=03330 quiet_field
t=03331 quiet_field
t=03332 quiet_field
t=03333 quiet_field
t=03334 quiet_field
t=03335 quiet_field
t=03336 quiet_field
t=03337 quiet_field
t=03338 quiet_field
t=03339 quiet_field
t=03340 quiet_field
t=03341 quiet_field
t=03342 quiet_field
t=03343 quiet_field
t=03344 quiet_field
t=03345 quiet_field
t=03346 quiet_field
t=03347 quiet_field
t=03348 quiet_field
t=03349 quiet_field
t=03350 quiet_field
t=03351 quiet_field
t=03352 quiet_field
t=03353 quiet_field
t=03354 quiet_field
t=03355 quiet_field
t=03356 quiet_field
t=03357 quiet_field
t=03358 quiet_field
t=03359 quiet_field
t=03360 quiet_field
t=03361 quiet_field
t=03362 quiet_field
t=03363 quiet_field
t=03364 quiet_field
t=03365 quiet_field
t=03366 quiet_field
t=03367 quiet_field
t=03368 quiet_field
t=03369 quiet_field
t=03370 quiet_field
t=03371 quiet_field
t=03372 quiet_field
t=03373 quiet_field
t=03374 quiet_field
t=03375 quiet_field
t=03376 quiet_field
t=03377 quiet_field
t=03378 quiet_field
t=03379 quiet_field
t=03380 quiet_field
t=03381 quiet_field
t=03382 quiet_field
t=03383 quiet_field
t=03384 quiet_field
t=03385 quiet_field
t=03386 quiet_field
t=03387 quiet_field
t=03388 quiet_field
t=03389 quiet_field
t=03390 quiet_field
t=03391 quiet_field
t=03392 quiet_field
t=03393 quiet_field
t=03394 quiet_field
t=03395 quiet_field
t=03396 quiet_field
t=03397 quiet_field
t=03398 quiet_field
t=03399 quiet_field
t=03400 gamma soft pulse delta soft pulse local_echo
t=03401 alpha weak rise beta weak fall local_echo
t=03402 theta slight drift lambda slight drift local_echo
t=03403 alpha weak rise beta weak fall local_echo
t=03404 theta slight drift lambda slight drift local_echo
t=03405 theta slight drift lambda slight drift local_echo
t=03406 theta slight drift lambda slight drift local_echo
t=03407 theta slight drift lambda slight drift local_echo
t=03408 theta slight drift lambda slight drift local_echo
t=03409 gamma soft pulse delta soft pulse local_echo
t=03410 alpha weak rise beta weak fall local_echo
t=03411 gamma soft pulse delta soft pulse local_echo
t=03412 theta slight drift lambda slight drift local_echo
t=03413 gamma soft pulse delta soft pulse local_echo
t=03414 gamma soft pulse delta soft pulse local_echo
t=03415 alpha weak rise beta weak fall local_echo
t=03416 alpha weak rise beta weak fall local_echo
t=03417 alpha weak rise beta weak fall local_echo
t=03418 gamma soft pulse delta soft pulse local_echo
t=03419 gamma soft pulse delta soft pulse local_echo
t=03420 theta slight drift lambda slight drift local_echo
t=03421 theta slight drift lambda slight drift local_echo
t=03422 alpha weak rise beta weak fall local_echo
t=03423 alpha weak rise beta weak fall local_echo
t=03424 alpha weak rise beta weak fall local_echo
t=03425 gamma soft pulse delta soft pulse local_echo
t=03426 alpha weak rise beta weak fall local_echo
t=03427 gamma soft pulse delta soft pulse local_echo
t=03428 theta slight drift lambda slight drift local_echo
t=03429 theta slight drift lambda slight drift local_echo
t=03430 alpha weak rise beta weak fall local_echo
t=03431 gamma soft pulse delta soft pulse local_echo
t=03432 alpha weak rise beta weak fall local_echo
t=03433 theta slight drift lambda slight drift local_echo
t=03434 theta slight drift lambda slight drift local_echo
t=03435 gamma soft pulse delta soft pulse local_echo
t=03436 theta slight drift lambda slight drift local_echo
t=03437 theta slight drift lambda slight drift local_echo
t=03438 gamma soft pulse delta soft pulse local_echo
t=03439 alpha weak rise beta weak fall local_echo
t=03440 theta slight drift lambda slight drift local_echo
t=03441 alpha weak rise beta weak fall local_echo
t=03442 theta slight drift lambda slight drift local_echo
t=03443 theta slight drift lambda slight drift local_echo
t=03444 alpha weak rise beta weak fall local_echo
t=03445 alpha weak rise beta weak fall local_echo
t=03446 gamma soft pulse delta soft pulse local_echo
t=03447 alpha weak rise beta weak fall local_echo
t=03448 theta slight drift lambda slight drift local_echo
t=03449 gamma soft pulse delta soft pulse local_echo
t=03450 quiet_field
t=03451 quiet_field
t=03452 quiet_field
t=03453 quiet_field
t=03454 quiet_field
t=03455 quiet_field
t=03456 quiet_field
t=03457 quiet_field
t=03458 quiet_field
t=03459 quiet_field
t=03460 quiet_field
t=03461 quiet_field
t=03462 quiet_field
t=03463 quiet_field
t=03464 quiet_field
t=03465 quiet_field
t=03466 quiet_field
t=03467 quiet_field
t=03468 quiet_field
t=03469 quiet_field
t=03470 quiet_field
t=03471 quiet_field
t=03472 quiet_field
t=03473 quiet_field
t=03474 quiet_field
t=03475 quiet_field
t=03476 quiet_field
t=03477 quiet_field
t=03478 quiet_field
t=03479 quiet_field
t=03480 quiet_field
t=03481 quiet_field
t=03482 quiet_field
t=03483 quiet_field
t=03484 quiet_field
t=03485 quiet_field
t=03486 quiet_field
t=03487 quiet_field
t=03488 quiet_field
t=03489 quiet_field
t=03490 quiet_field
t=03491 quiet_field
t=03492 quiet_field
t=03493 quiet_field
t=03494 quiet_field
t=03495 quiet_field
t=03496 quiet_field
t=03497 quiet_field
t=03498 quiet_field
t=03499 quiet_field
t=03500 quiet_field
t=03501 quiet_field
t=03502 quiet_field
t=03503 quiet_field
t=03504 quiet_field
t=03505 quiet_field
t=03506 quiet_field
t=03507 quiet_field
t=03508 quiet_field
t=03509 quiet_field
t=03510 quiet_field
t=03511 quiet_field
t=03512 quiet_field
t=03513 quiet_field
t=03514 quiet_field
t=03515 quiet_field
t=03516 quiet_field
t=03517 quiet_field
t=03518 quiet_field
t=03519 quiet_field
t=03520 quiet_field
t=03521 quiet_field
t=03522 quiet_field
t=03523 quiet_field
t=03524 quiet_field
t=03525 quiet_field
t=03526 quiet_field
t=03527 quiet_field
t=03528 quiet_field
t=03529 quiet_field
t=03530 quiet_field
t=03531 quiet_field
t=03532 quiet_field
t=03533 quiet_field
t=03534 quiet_field
t=03535 quiet_field
t=03536 quiet_field
t=03537 quiet_field
t=03538 quiet_field
t=03539 quiet_field
t=03540 quiet_field
t=03541 quiet_field
t=03542 quiet_field
t=03543 quiet_field
t=03544 quiet_field
t=03545 quiet_field
t=03546 quiet_field
t=03547 quiet_field
t=03548 quiet_field
t=03549 quiet_field
t=03550 quiet_field
t=03551 quiet_field
t=03552 quiet_field
t=03553 quiet_field
t=03554 quiet_field
t=03555 quiet_field
t=03556 quiet_field
t=03557 quiet_field
t=03558 quiet_field
t=03559 quiet_field
t=03560 quiet_field
t=03561 quiet_field
t=03562 quiet_field
t=03563 quiet_field
t=03564 quiet_field
t=03565 quiet_field
t=03566 quiet_field
t=03567 quiet_field
t=03568 quiet_field
t=03569 quiet_field
t=03570 quiet_field
t=03571 quiet_field
t=03572 quiet_field
t=03573 quiet_field
t=03574 quiet_field
t=03575 quiet_field
t=03576 quiet_field
t=03577 quiet_field
t=03578 quiet_field
t=03579 quiet_field
t=03580 quiet_field
t=03581 quiet_field
t=03582 quiet_field
t=03583 quiet_field
t=03584 quiet_field
t=03585 quiet_field
t=03586 quiet_field
t=03587 quiet_field
t=03588 quiet_field
t=03589 quiet_field
t=03590 quiet_field
t=03591 quiet_field
t=03592 quiet_field
t=03593 quiet_field
t=03594 quiet_field
t=03595 quiet_field
t=03596 quiet_field
t=03597 quiet_field
t=03598 quiet_field
t=03599 quiet_field
t=03600 quiet_field
t=03601 quiet_field
t=03602 quiet_field
t=03603 quiet_field
t=03604 quiet_field
t=03605 quiet_field
t=03606 quiet_field
t=03607 quiet_field
t=03608 quiet_field
t=03609 quiet_field
t=03610 quiet_field
t=03611 quiet_field
t=03612 quiet_field
t=03613 quiet_field
t=03614 quiet_field
t=03615 quiet_field
t=03616 quiet_field
t=03617 quiet_field
t=03618 quiet_field
t=03619 quiet_field
t=03620 quiet_field
t=03621 quiet_field
t=03622 quiet_field
t=03623 quiet_field
t=03624 quiet_field
t=03625 quiet_field
t=03626 quiet_field
t=03627 quiet_field
t=03628 quiet_field
t=03629 quiet_field
t=03630 quiet_field
t=03631 quiet_field
t=03632 quiet_field
t=03633 quiet_field
t=03634 quiet_field
t=03635 quiet_field
t=03636 quiet_field
t=03637 quiet_field
t=03638 quiet_field
t=03639 quiet_field
t=03640 quiet_field
t=03641 quiet_field
t=03642 quiet_field
t=03643 quiet_field
t=03644 quiet_field
t=03645 quiet_field
t=03646 quiet_field
t=03647 quiet_field
t=03648 quiet_field
t=03649 quiet_field
t=03650 quiet_field
t=03651 quiet_field
t=03652 quiet_field
t=03653 quiet_field
t=03654 quiet_field
t=03655 quiet_field
t=03656 quiet_field
t=03657 quiet_field
t=03658 quiet_field
t=03659 quiet_field
t=03660 quiet_field
t=03661 quiet_field
t=03662 quiet_field
t=03663 quiet_field
t=03664 quiet_field
t=03665 quiet_field
t=03666 quiet_field
t=03667 quiet_field
t=03668 quiet_field
t=03669 quiet_field
t=03670 quiet_field
t=03671 quiet_field
t=03672 quiet_field
t=03673 quiet_field
t=03674 quiet_field
t=03675 quiet_field
t=03676 quiet_field
t=03677 quiet_field
t=03678 quiet_field
t=03679 quiet_field
t=03680 quiet_field
t=03681 quiet_field
t=03682 quiet_field
t=03683 quiet_field
t=03684 quiet_field
t=03685 quiet_field
t=03686 quiet_field
t=03687 quiet_field
t=03688 quiet_field
t=03689 quiet_field
t=03690 quiet_field
t=03691 quiet_field
t=03692 quiet_field
t=03693 quiet_field
t=03694 quiet_field
t=03695 quiet_field
t=03696 quiet_field
t=03697 quiet_field
t=03698 quiet_field
t=03699 quiet_field
t=03700 quiet_field
t=03701 quiet_field
t=03702 quiet_field
t=03703 quiet_field
t=03704 quiet_field
t=03705 quiet_field
t=03706 quiet_field
t=03707 quiet_field
t=03708 quiet_field
t=03709 quiet_field
t=03710 quiet_field
t=03711 quiet_field
t=03712 quiet_field
t=03713 quiet_field
t=03714 quiet_field
t=03715 quiet_field
t=03716 quiet_field
t=03717 quiet_field
t=03718 quiet_field
t=03719 quiet_field
t=03720 quiet_field
t=03721 quiet_field
t=03722 quiet_field
t=03723 quiet_field
t=03724 quiet_field
t=03725 quiet_field
t=03726 quiet_field
t=03727 quiet_field
t=03728 quiet_field
t=03729 quiet_field
t=03730 quiet_field
t=03731 quiet_field
t=03732 quiet_field
t=03733 quiet_field
t=03734 quiet_field
t=03735 quiet_field
t=03736 quiet_field
t=03737 quiet_field
t=03738 quiet_field
t=03739 quiet_field
t=03740 quiet_field
t=03741 quiet_field
t=03742 quiet_field
t=03743 quiet_field
t=03744 quiet_field
t=03745 quiet_field
t=03746 quiet_field
t=03747 quiet_field
t=03748 quiet_field
t=03749 quiet_field
t=03750 quiet_field
t=03751 quiet_field
t=03752 quiet_field
t=03753 quiet_field
t=03754 quiet_field
t=03755 quiet_field
t=03756 quiet_field
t=03757 quiet_field
t=03758 quiet_field
t=03759 quiet_field
t=03760 quiet_field
t=03761 quiet_field
t=03762 quiet_field
t=03763 quiet_field
t=03764 quiet_field
t=03765 quiet_field
t=03766 quiet_field
t=03767 quiet_field
t=03768 quiet_field
t=03769 quiet_field
t=03770 quiet_field
t=03771 quiet_field
t=03772 quiet_field
t=03773 quiet_field
t=03774 quiet_field
t=03775 quiet_field
t=03776 quiet_field
t=03777 quiet_field
t=03778 quiet_field
t=03779 quiet_field
t=03780 quiet_field
t=03781 quiet_field
t=03782 quiet_field
t=03783 quiet_field
t=03784 quiet_field
t=03785 quiet_field
t=03786 quiet_field
t=03787 quiet_field
t=03788 quiet_field
t=03789 quiet_field
t=03790 quiet_field
t=03791 quiet_field
t=03792 quiet_field
t=03793 quiet_field
t=03794 quiet_field
t=03795 quiet_field
t=03796 quiet_field
t=03797 quiet_field
t=03798 quiet_field
t=03799 quiet_field
t=03800 gamma soft pulse reinforcement_candidate
t=03801 alpha weak rise reinforcement_candidate
t=03802 gamma soft pulse reinforcement_candidate
t=03803 alpha weak rise reinforcement_candidate
t=03804 gamma soft pulse reinforcement_candidate
t=03805 gamma soft pulse reinforcement_candidate
t=03806 alpha weak rise reinforcement_candidate
t=03807 gamma soft pulse reinforcement_candidate
t=03808 alpha weak rise reinforcement_candidate
t=03809 alpha weak rise reinforcement_candidate
t=03810 gamma soft pulse reinforcement_candidate
t=03811 gamma soft pulse reinforcement_candidate
t=03812 alpha weak rise reinforcement_candidate
t=03813 alpha weak rise reinforcement_candidate
t=03814 alpha weak rise reinforcement_candidate
t=03815 gamma soft pulse reinforcement_candidate
t=03816 gamma soft pulse reinforcement_candidate
t=03817 alpha weak rise reinforcement_candidate
t=03818 alpha weak rise reinforcement_candidate
t=03819 alpha weak rise reinforcement_candidate
t=03820 gamma soft pulse reinforcement_candidate
t=03821 alpha weak rise reinforcement_candidate
t=03822 alpha weak rise reinforcement_candidate
t=03823 gamma soft pulse reinforcement_candidate
t=03824 alpha weak rise reinforcement_candidate
t=03825 alpha weak rise reinforcement_candidate
t=03826 alpha weak rise reinforcement_candidate
t=03827 alpha weak rise reinforcement_candidate
t=03828 gamma soft pulse reinforcement_candidate
t=03829 gamma soft pulse reinforcement_candidate
t=03830 gamma soft pulse reinforcement_candidate
t=03831 alpha weak rise reinforcement_candidate
t=03832 gamma soft pulse reinforcement_candidate
t=03833 gamma soft pulse reinforcement_candidate
t=03834 gamma soft pulse reinforcement_candidate
t=03835 alpha weak rise reinforcement_candidate
t=03836 gamma soft pulse reinforcement_candidate
t=03837 alpha weak rise reinforcement_candidate
t=03838 gamma soft pulse reinforcement_candidate
t=03839 alpha weak rise reinforcement_candidate
t=03840 gamma soft pulse delta soft pulse local_echo
t=03841 gamma soft pulse delta soft pulse local_echo
t=03842 alpha weak rise beta weak fall local_echo
t=03843 gamma soft pulse delta soft pulse local_echo
t=03844 theta slight drift lambda slight drift local_echo
t=03845 alpha weak rise beta weak fall local_echo
t=03846 theta slight drift lambda slight drift local_echo
t=03847 alpha weak rise beta weak fall local_echo
t=03848 gamma soft pulse delta soft pulse local_echo
t=03849 alpha weak rise beta weak fall local_echo
t=03850 gamma soft pulse delta soft pulse local_echo
t=03851 theta slight drift lambda slight drift local_echo
t=03852 gamma soft pulse delta soft pulse local_echo
t=03853 theta slight drift lambda slight drift local_echo
t=03854 theta slight drift lambda slight drift local_echo
t=03855 alpha weak rise beta weak fall local_echo
t=03856 alpha weak rise beta weak fall local_echo
t=03857 theta slight drift lambda slight drift local_echo
t=03858 theta slight drift lambda slight drift local_echo
t=03859 gamma soft pulse delta soft pulse local_echo
t=03860 alpha weak rise beta weak fall local_echo
t=03861 gamma soft pulse delta soft pulse local_echo
t=03862 alpha weak rise beta weak fall local_echo
t=03863 alpha weak rise beta weak fall local_echo
t=03864 gamma soft pulse delta soft pulse local_echo
t=03865 theta slight drift lambda slight drift local_echo
t=03866 gamma soft pulse delta soft pulse local_echo
t=03867 alpha weak rise beta weak fall local_echo
t=03868 alpha weak rise beta weak fall local_echo
t=03869 gamma soft pulse delta soft pulse local_echo
t=03870 quiet_field
t=03871 quiet_field
t=03872 quiet_field
t=03873 quiet_field
t=03874 quiet_field
t=03875 quiet_field
t=03876 quiet_field
t=03877 quiet_field
t=03878 quiet_field
t=03879 quiet_field
t=03880 quiet_field
t=03881 quiet_field
t=03882 quiet_field
t=03883 quiet_field
t=03884 quiet_field
t=03885 quiet_field
t=03886 quiet_field
t=03887 quiet_field
t=03888 quiet_field
t=03889 quiet_field
t=03890 quiet_field
t=03891 quiet_field
t=03892 quiet_field
t=03893 quiet_field
t=03894 quiet_field
t=03895 quiet_field
t=03896 quiet_field
t=03897 quiet_field
t=03898 quiet_field
t=03899 quiet_field
t=03900 sparse_flat_field
t=03901 sparse_flat_field
t=03902 sparse_flat_field
t=03903 sparse_flat_field
t=03904 sparse_flat_field
t=03905 sparse_flat_field
t=03906 sparse_flat_field
t=03907 sparse_flat_field
t=03908 sparse_flat_field
t=03909 sparse_flat_field
t=03910 sparse_flat_field
t=03911 sparse_flat_field
t=03912 sparse_flat_field
t=03913 sparse_flat_field
t=03914 sparse_flat_field
t=03915 sparse_flat_field
t=03916 sparse_flat_field
t=03917 sparse_flat_field
t=03918 sparse_flat_field
t=03919 sparse_flat_field
t=03920 sparse_flat_field
t=03921 sparse_flat_field
t=03922 sparse_flat_field
t=03923 sparse_flat_field
t=03924 sparse_flat_field
t=03925 sparse_flat_field
t=03926 sparse_flat_field
t=03927 sparse_flat_field
t=03928 sparse_flat_field
t=03929 sparse_flat_field
t=03930 sparse_flat_field
t=03931 sparse_flat_field
t=03932 sparse_flat_field
t=03933 sparse_flat_field
t=03934 sparse_flat_field
t=03935 sparse_flat_field
t=03936 sparse_flat_field
t=03937 sparse_flat_field
t=03938 sparse_flat_field
t=03939 sparse_flat_field
t=03940 sparse_flat_field
t=03941 sparse_flat_field
t=03942 sparse_flat_field
t=03943 sparse_flat_field
t=03944 sparse_flat_field
t=03945 sparse_flat_field
t=03946 sparse_flat_field
t=03947 sparse_flat_field
t=03948 sparse_flat_field
t=03949 sparse_flat_field
t=03950 sparse_flat_field
t=03951 sparse_flat_field
t=03952 sparse_flat_field
t=03953 sparse_flat_field
t=03954 sparse_flat_field
t=03955 sparse_flat_field
t=03956 sparse_flat_field
t=03957 sparse_flat_field
t=03958 sparse_flat_field
t=03959 sparse_flat_field
t=03960 sparse_flat_field
t=03961 sparse_flat_field
t=03962 sparse_flat_field
t=03963 sparse_flat_field
t=03964 sparse_flat_field
t=03965 sparse_flat_field
t=03966 sparse_flat_field
t=03967 sparse_flat_field
t=03968 sparse_flat_field
t=03969 sparse_flat_field
t=03970 sparse_flat_field
t=03971 sparse_flat_field
t=03972 sparse_flat_field
t=03973 sparse_flat_field
t=03974 sparse_flat_field
t=03975 sparse_flat_field
t=03976 sparse_flat_field
t=03977 sparse_flat_field
t=03978 sparse_flat_field
t=03979 sparse_flat_field
t=03980 sparse_flat_field
t=03981 sparse_flat_field
t=03982 sparse_flat_field
t=03983 sparse_flat_field
t=03984 sparse_flat_field
t=03985 sparse_flat_field
t=03986 sparse_flat_field
t=03987 sparse_flat_field
t=03988 sparse_flat_field
t=03989 sparse_flat_field
t=03990 sparse_flat_field
t=03991 sparse_flat_field
t=03992 sparse_flat_field
t=03993 sparse_flat_field
t=03994 sparse_flat_field
t=03995 sparse_flat_field
t=03996 sparse_flat_field
t=03997 sparse_flat_field
t=03998 sparse_flat_field
t=03999 sparse_flat_field
t=04000 sparse_flat_field
t=04001 sparse_flat_field
t=04002 sparse_flat_field
t=04003 sparse_flat_field
t=04004 sparse_flat_field
t=04005 sparse_flat_field
t=04006 sparse_flat_field
t=04007 sparse_flat_field
t=04008 sparse_flat_field
t=04009 sparse_flat_field
t=04010 sparse_flat_field
t=04011 sparse_flat_field
t=04012 sparse_flat_field
t=04013 sparse_flat_field
t=04014 sparse_flat_field
t=04015 sparse_flat_field
t=04016 sparse_flat_field
t=04017 sparse_flat_field
t=04018 sparse_flat_field
t=04019 sparse_flat_field
t=04020 sparse_flat_field
t=04021 sparse_flat_field
t=04022 sparse_flat_field
t=04023 sparse_flat_field
t=04024 sparse_flat_field
t=04025 sparse_flat_field
t=04026 sparse_flat_field
t=04027 sparse_flat_field
t=04028 sparse_flat_field
t=04029 sparse_flat_field
t=04030 sparse_flat_field
t=04031 sparse_flat_field
t=04032 sparse_flat_field
t=04033 sparse_flat_field
t=04034 sparse_flat_field
t=04035 sparse_flat_field
t=04036 sparse_flat_field
t=04037 sparse_flat_field
t=04038 sparse_flat_field
t=04039 sparse_flat_field
t=04040 sparse_flat_field
t=04041 sparse_flat_field
t=04042 sparse_flat_field
t=04043 sparse_flat_field
t=04044 sparse_flat_field
t=04045 sparse_flat_field
t=04046 sparse_flat_field
t=04047 sparse_flat_field
t=04048 sparse_flat_field
t=04049 sparse_flat_field
t=04050 sparse_flat_field
t=04051 sparse_flat_field
t=04052 sparse_flat_field
t=04053 sparse_flat_field
t=04054 sparse_flat_field
t=04055 sparse_flat_field
t=04056 sparse_flat_field
t=04057 sparse_flat_field
t=04058 sparse_flat_field
t=04059 sparse_flat_field
t=04060 sparse_flat_field
t=04061 sparse_flat_field
t=04062 sparse_flat_field
t=04063 sparse_flat_field
t=04064 sparse_flat_field
t=04065 sparse_flat_field
t=04066 sparse_flat_field
t=04067 sparse_flat_field
t=04068 sparse_flat_field
t=04069 sparse_flat_field
t=04070 sparse_flat_field
t=04071 sparse_flat_field
t=04072 sparse_flat_field
t=04073 sparse_flat_field
t=04074 sparse_flat_field
t=04075 sparse_flat_field
t=04076 sparse_flat_field
t=04077 sparse_flat_field
t=04078 sparse_flat_field
t=04079 sparse_flat_field
t=04080 sparse_flat_field
t=04081 sparse_flat_field
t=04082 sparse_flat_field
t=04083 sparse_flat_field
t=04084 sparse_flat_field
t=04085 sparse_flat_field
t=04086 sparse_flat_field
t=04087 sparse_flat_field
t=04088 sparse_flat_field
t=04089 sparse_flat_field
t=04090 sparse_flat_field
t=04091 sparse_flat_field
t=04092 sparse_flat_field
t=04093 sparse_flat_field
t=04094 sparse_flat_field
t=04095 sparse_flat_field
t=04096 sparse_flat_field
t=04097 sparse_flat_field
t=04098 sparse_flat_field
t=04099 sparse_flat_field
t=04100 sparse_flat_field
t=04101 sparse_flat_field
t=04102 sparse_flat_field
t=04103 sparse_flat_field
t=04104 sparse_flat_field
t=04105 sparse_flat_field
t=04106 sparse_flat_field
t=04107 sparse_flat_field
t=04108 sparse_flat_field
t=04109 sparse_flat_field
t=04110 sparse_flat_field
t=04111 sparse_flat_field
t=04112 sparse_flat_field
t=04113 sparse_flat_field
t=04114 sparse_flat_field
t=04115 sparse_flat_field
t=04116 sparse_flat_field
t=04117 sparse_flat_field
t=04118 sparse_flat_field
t=04119 sparse_flat_field
t=04120 sparse_flat_field
t=04121 sparse_flat_field
t=04122 sparse_flat_field
t=04123 sparse_flat_field
t=04124 sparse_flat_field
t=04125 sparse_flat_field
t=04126 sparse_flat_field
t=04127 sparse_flat_field
t=04128 sparse_flat_field
t=04129 sparse_flat_field
t=04130 sparse_flat_field
t=04131 sparse_flat_field
t=04132 sparse_flat_field
t=04133 sparse_flat_field
t=04134 sparse_flat_field
t=04135 sparse_flat_field
t=04136 sparse_flat_field
t=04137 sparse_flat_field
t=04138 sparse_flat_field
t=04139 sparse_flat_field
t=04140 sparse_flat_field
t=04141 sparse_flat_field
t=04142 sparse_flat_field
t=04143 sparse_flat_field
t=04144 sparse_flat_field
t=04145 sparse_flat_field
t=04146 sparse_flat_field
t=04147 sparse_flat_field
t=04148 sparse_flat_field
t=04149 sparse_flat_field
t=04150 sparse_flat_field
t=04151 sparse_flat_field
t=04152 sparse_flat_field
t=04153 sparse_flat_field
t=04154 sparse_flat_field
t=04155 sparse_flat_field
t=04156 sparse_flat_field
t=04157 sparse_flat_field
t=04158 sparse_flat_field
t=04159 sparse_flat_field
t=04160 sparse_flat_field
t=04161 sparse_flat_field
t=04162 sparse_flat_field
t=04163 sparse_flat_field
t=04164 sparse_flat_field
t=04165 sparse_flat_field
t=04166 sparse_flat_field
t=04167 sparse_flat_field
t=04168 sparse_flat_field
t=04169 sparse_flat_field
t=04170 sparse_flat_field
t=04171 sparse_flat_field
t=04172 sparse_flat_field
t=04173 sparse_flat_field
t=04174 sparse_flat_field
t=04175 sparse_flat_field
t=04176 sparse_flat_field
t=04177 sparse_flat_field
t=04178 sparse_flat_field
t=04179 sparse_flat_field
t=04180 sparse_flat_field
t=04181 sparse_flat_field
t=04182 sparse_flat_field
t=04183 sparse_flat_field
t=04184 sparse_flat_field
t=04185 sparse_flat_field
t=04186 sparse_flat_field
t=04187 sparse_flat_field
t=04188 sparse_flat_field
t=04189 sparse_flat_field
t=04190 sparse_flat_field
t=04191 sparse_flat_field
t=04192 sparse_flat_field
t=04193 sparse_flat_field
t=04194 sparse_flat_field
t=04195 sparse_flat_field
t=04196 sparse_flat_field
t=04197 sparse_flat_field
t=04198 sparse_flat_field
t=04199 sparse_flat_field
t=04200 sparse_flat_field
t=04201 sparse_flat_field
t=04202 sparse_flat_field
t=04203 sparse_flat_field
t=04204 sparse_flat_field
t=04205 sparse_flat_field
t=04206 sparse_flat_field
t=04207 sparse_flat_field
t=04208 sparse_flat_field
t=04209 sparse_flat_field
t=04210 sparse_flat_field
t=04211 sparse_flat_field
t=04212 sparse_flat_field
t=04213 sparse_flat_field
t=04214 sparse_flat_field
t=04215 sparse_flat_field
t=04216 sparse_flat_field
t=04217 sparse_flat_field
t=04218 sparse_flat_field
t=04219 sparse_flat_field
t=04220 sparse_flat_field
t=04221 sparse_flat_field
t=04222 sparse_flat_field
t=04223 sparse_flat_field
t=04224 sparse_flat_field
t=04225 sparse_flat_field
t=04226 sparse_flat_field
t=04227 sparse_flat_field
t=04228 sparse_flat_field
t=04229 sparse_flat_field
t=04230 sparse_flat_field
t=04231 sparse_flat_field
t=04232 sparse_flat_field
t=04233 sparse_flat_field
t=04234 sparse_flat_field
t=04235 sparse_flat_field
t=04236 sparse_flat_field
t=04237 sparse_flat_field
t=04238 sparse_flat_field
t=04239 sparse_flat_field
t=04240 sparse_flat_field
t=04241 sparse_flat_field
t=04242 sparse_flat_field
t=04243 sparse_flat_field
t=04244 sparse_flat_field
t=04245 sparse_flat_field
t=04246 sparse_flat_field
t=04247 sparse_flat_field
t=04248 sparse_flat_field
t=04249 sparse_flat_field
t=04250 alpha weak rise beta weak fall local_echo
t=04251 theta slight drift lambda slight drift local_echo
t=04252 theta slight drift lambda slight drift local_echo
t=04253 alpha weak rise beta weak fall local_echo
t=04254 theta slight drift lambda slight drift local_echo
t=04255 theta slight drift lambda slight drift local_echo
t=04256 gamma soft pulse delta soft pulse local_echo
t=04257 gamma soft pulse delta soft pulse local_echo
t=04258 gamma soft pulse delta soft pulse local_echo
t=04259 gamma soft pulse delta soft pulse local_echo
t=04260 gamma soft pulse delta soft pulse local_echo
t=04261 alpha weak rise beta weak fall local_echo
t=04262 theta slight drift lambda slight drift local_echo
t=04263 alpha weak rise beta weak fall local_echo
t=04264 alpha weak rise beta weak fall local_echo
t=04265 alpha weak rise beta weak fall local_echo
t=04266 theta slight drift lambda slight drift local_echo
t=04267 alpha weak rise beta weak fall local_echo
t=04268 gamma soft pulse delta soft pulse local_echo
t=04269 alpha weak rise beta weak fall local_echo
t=04270 theta slight drift lambda slight drift local_echo
t=04271 theta slight drift lambda slight drift local_echo
t=04272 alpha weak rise beta weak fall local_echo
t=04273 alpha weak rise beta weak fall local_echo
t=04274 alpha weak rise beta weak fall local_echo
t=04275 gamma soft pulse delta soft pulse local_echo
t=04276 alpha weak rise beta weak fall local_echo
t=04277 alpha weak rise beta weak fall local_echo
t=04278 gamma soft pulse delta soft pulse local_echo
t=04279 gamma soft pulse delta soft pulse local_echo
t=04280 alpha weak rise beta weak fall local_echo
t=04281 theta slight drift lambda slight drift local_echo
t=04282 alpha weak rise beta weak fall local_echo
t=04283 alpha weak rise beta weak fall local_echo
t=04284 gamma soft pulse delta soft pulse local_echo
t=04285 theta slight drift lambda slight drift local_echo
t=04286 gamma soft pulse delta soft pulse local_echo
t=04287 gamma soft pulse delta soft pulse local_echo
t=04288 gamma soft pulse delta soft pulse local_echo
t=04289 alpha weak rise beta weak fall local_echo
t=04290 quiet_field
t=04291 quiet_field
t=04292 quiet_field
t=04293 quiet_field
t=04294 quiet_field
t=04295 quiet_field
t=04296 quiet_field
t=04297 quiet_field
t=04298 quiet_field
t=04299 quiet_field
t=04300 quiet_field
t=04301 quiet_field
t=04302 quiet_field
t=04303 quiet_field
t=04304 quiet_field
t=04305 quiet_field
t=04306 quiet_field
t=04307 quiet_field
t=04308 quiet_field
t=04309 quiet_field
t=04310 quiet_field
t=04311 quiet_field
t=04312 quiet_field
t=04313 quiet_field
t=04314 quiet_field
t=04315 quiet_field
t=04316 quiet_field
t=04317 quiet_field
t=04318 quiet_field
t=04319 quiet_field
t=04320 quiet_field
t=04321 quiet_field
t=04322 quiet_field
t=04323 quiet_field
t=04324 quiet_field
t=04325 quiet_field
t=04326 quiet_field
t=04327 quiet_field
t=04328 quiet_field
t=04329 quiet_field
t=04330 quiet_field
t=04331 quiet_field
t=04332 quiet_field
t=04333 quiet_field
t=04334 quiet_field
t=04335 quiet_field
t=04336 quiet_field
t=04337 quiet_field
t=04338 quiet_field
t=04339 quiet_field
t=04340 quiet_field
t=04341 quiet_field
t=04342 quiet_field
t=04343 quiet_field
t=04344 quiet_field
t=04345 quiet_field
t=04346 quiet_field
t=04347 quiet_field
t=04348 quiet_field
t=04349 quiet_field
t=04350 quiet_field
t=04351 quiet_field
t=04352 quiet_field
t=04353 quiet_field
t=04354 quiet_field
t=04355 quiet_field
t=04356 quiet_field
t=04357 quiet_field
t=04358 quiet_field
t=04359 quiet_field
t=04360 quiet_field
t=04361 quiet_field
t=04362 quiet_field
t=04363 quiet_field
t=04364 quiet_field
t=04365 quiet_field
t=04366 quiet_field
t=04367 quiet_field
t=04368 quiet_field
t=04369 quiet_field
t=04370 quiet_field
t=04371 quiet_field
t=04372 quiet_field
t=04373 quiet_field
t=04374 quiet_field
t=04375 quiet_field
t=04376 quiet_field
t=04377 quiet_field
t=04378 quiet_field
t=04379 quiet_field
t=04380 quiet_field
t=04381 quiet_field
t=04382 quiet_field
t=04383 quiet_field
t=04384 quiet_field
t=04385 quiet_field
t=04386 quiet_field
t=04387 quiet_field
t=04388 quiet_field
t=04389 quiet_field
t=04390 quiet_field
t=04391 quiet_field
t=04392 quiet_field
t=04393 quiet_field
t=04394 quiet_field
t=04395 quiet_field
t=04396 quiet_field
t=04397 quiet_field
t=04398 quiet_field
t=04399 quiet_field
t=04400 quiet_field
t=04401 quiet_field
t=04402 quiet_field
t=04403 quiet_field
t=04404 quiet_field
t=04405 quiet_field
t=04406 quiet_field
t=04407 quiet_field
t=04408 quiet_field
t=04409 quiet_field
t=04410 quiet_field
t=04411 quiet_field
t=04412 quiet_field
t=04413 quiet_field
t=04414 quiet_field
t=04415 quiet_field
t=04416 quiet_field
t=04417 quiet_field
t=04418 quiet_field
t=04419 quiet_field
t=04420 quiet_field
t=04421 quiet_field
t=04422 quiet_field
t=04423 quiet_field
t=04424 quiet_field
t=04425 quiet_field
t=04426 quiet_field
t=04427 quiet_field
t=04428 quiet_field
t=04429 quiet_field
t=04430 quiet_field
t=04431 quiet_field
t=04432 quiet_field
t=04433 quiet_field
t=04434 quiet_field
t=04435 quiet_field
t=04436 quiet_field
t=04437 quiet_field
t=04438 quiet_field
t=04439 quiet_field
t=04440 quiet_field
t=04441 quiet_field
t=04442 quiet_field
t=04443 quiet_field
t=04444 quiet_field
t=04445 quiet_field
t=04446 quiet_field
t=04447 quiet_field
t=04448 quiet_field
t=04449 quiet_field
t=04450 quiet_field
t=04451 quiet_field
t=04452 quiet_field
t=04453 quiet_field
t=04454 quiet_field
t=04455 quiet_field
t=04456 quiet_field
t=04457 quiet_field
t=04458 quiet_field
t=04459 quiet_field
t=04460 quiet_field
t=04461 quiet_field
t=04462 quiet_field
t=04463 quiet_field
t=04464 quiet_field
t=04465 quiet_field
t=04466 quiet_field
t=04467 quiet_field
t=04468 quiet_field
t=04469 quiet_field
t=04470 quiet_field
t=04471 quiet_field
t=04472 quiet_field
t=04473 quiet_field
t=04474 quiet_field
t=04475 quiet_field
t=04476 quiet_field
t=04477 quiet_field
t=04478 quiet_field
t=04479 quiet_field
t=04480 quiet_field
t=04481 quiet_field
t=04482 quiet_field
t=04483 quiet_field
t=04484 quiet_field
t=04485 quiet_field
t=04486 quiet_field
t=04487 quiet_field
t=04488 quiet_field
t=04489 quiet_field
t=04490 quiet_field
t=04491 quiet_field
t=04492 quiet_field
t=04493 quiet_field
t=04494 quiet_field
t=04495 quiet_field
t=04496 quiet_field
t=04497 quiet_field
t=04498 quiet_field
t=04499 quiet_field
t=04500 quiet_field
t=04501 quiet_field
t=04502 quiet_field
t=04503 quiet_field
t=04504 quiet_field
t=04505 quiet_field
t=04506 quiet_field
t=04507 quiet_field
t=04508 quiet_field
t=04509 quiet_field
t=04510 quiet_field
t=04511 quiet_field
t=04512 quiet_field
t=04513 quiet_field
t=04514 quiet_field
t=04515 quiet_field
t=04516 quiet_field
t=04517 quiet_field
t=04518 quiet_field
t=04519 quiet_field
t=04520 quiet_field
t=04521 quiet_field
t=04522 quiet_field
t=04523 quiet_field
t=04524 quiet_field
t=04525 quiet_field
t=04526 quiet_field
t=04527 quiet_field
t=04528 quiet_field
t=04529 quiet_field
t=04530 quiet_field
t=04531 quiet_field
t=04532 quiet_field
t=04533 quiet_field
t=04534 quiet_field
t=04535 quiet_field
t=04536 quiet_field
t=04537 quiet_field
t=04538 quiet_field
t=04539 quiet_field
t=04540 quiet_field
t=04541 quiet_field
t=04542 quiet_field
t=04543 quiet_field
t=04544 quiet_field
t=04545 quiet_field
t=04546 quiet_field
t=04547 quiet_field
t=04548 quiet_field
t=04549 quiet_field
t=04550 quiet_field
t=04551 quiet_field
t=04552 quiet_field
t=04553 quiet_field
t=04554 quiet_field
t=04555 quiet_field
t=04556 quiet_field
t=04557 quiet_field
t=04558 quiet_field
t=04559 quiet_field
t=04560 quiet_field
t=04561 quiet_field
t=04562 quiet_field
t=04563 quiet_field
t=04564 quiet_field
t=04565 quiet_field
t=04566 quiet_field
t=04567 quiet_field
t=04568 quiet_field
t=04569 quiet_field
t=04570 quiet_field
t=04571 quiet_field
t=04572 quiet_field
t=04573 quiet_field
t=04574 quiet_field
t=04575 quiet_field
t=04576 quiet_field
t=04577 quiet_field
t=04578 quiet_field
t=04579 quiet_field
t=04580 quiet_field
t=04581 quiet_field
t=04582 quiet_field
t=04583 quiet_field
t=04584 quiet_field
t=04585 quiet_field
t=04586 quiet_field
t=04587 quiet_field
t=04588 quiet_field
t=04589 quiet_field
t=04590 quiet_field
t=04591 quiet_field
t=04592 quiet_field
t=04593 quiet_field
t=04594 quiet_field
t=04595 quiet_field
t=04596 quiet_field
t=04597 quiet_field
t=04598 quiet_field
t=04599 quiet_field
t=04600 quiet_field
t=04601 quiet_field
t=04602 quiet_field
t=04603 quiet_field
t=04604 quiet_field
t=04605 quiet_field
t=04606 quiet_field
t=04607 quiet_field
t=04608 quiet_field
t=04609 quiet_field
t=04610 quiet_field
t=04611 quiet_field
t=04612 quiet_field
t=04613 quiet_field
t=04614 quiet_field
t=04615 quiet_field
t=04616 quiet_field
t=04617 quiet_field
t=04618 quiet_field
t=04619 quiet_field
t=04620 quiet_field
t=04621 quiet_field
t=04622 quiet_field
t=04623 quiet_field
t=04624 quiet_field
t=04625 quiet_field
t=04626 quiet_field
t=04627 quiet_field
t=04628 quiet_field
t=04629 quiet_field
t=04630 quiet_field
t=04631 quiet_field
t=04632 quiet_field
t=04633 quiet_field
t=04634 quiet_field
t=04635 quiet_field
t=04636 quiet_field
t=04637 quiet_field
t=04638 quiet_field
t=04639 quiet_field
t=04640 quiet_field
t=04641 quiet_field
t=04642 quiet_field
t=04643 quiet_field
t=04644 quiet_field
t=04645 quiet_field
t=04646 quiet_field
t=04647 quiet_field
t=04648 quiet_field
t=04649 quiet_field
t=04650 quiet_field
t=04651 quiet_field
t=04652 quiet_field
t=04653 quiet_field
t=04654 quiet_field
t=04655 quiet_field
t=04656 quiet_field
t=04657 quiet_field
t=04658 quiet_field
t=04659 quiet_field
t=04660 gamma soft pulse delta soft pulse local_echo
t=04661 alpha weak rise beta weak fall local_echo
t=04662 alpha weak rise beta weak fall local_echo
t=04663 theta slight drift lambda slight drift local_echo
t=04664 alpha weak rise beta weak fall local_echo
t=04665 alpha weak rise beta weak fall local_echo
t=04666 theta slight drift lambda slight drift local_echo
t=04667 alpha weak rise beta weak fall local_echo
t=04668 alpha weak rise beta weak fall local_echo
t=04669 theta slight drift lambda slight drift local_echo
t=04670 gamma soft pulse delta soft pulse local_echo
t=04671 theta slight drift lambda slight drift local_echo
t=04672 theta slight drift lambda slight drift local_echo
t=04673 gamma soft pulse delta soft pulse local_echo
t=04674 alpha weak rise beta weak fall local_echo
t=04675 gamma soft pulse delta soft pulse local_echo
t=04676 theta slight drift lambda slight drift local_echo
t=04677 gamma soft pulse delta soft pulse local_echo
t=04678 alpha weak rise beta weak fall local_echo
t=04679 alpha weak rise beta weak fall local_echo
t=04680 alpha weak rise beta weak fall local_echo
t=04681 gamma soft pulse delta soft pulse local_echo
t=04682 gamma soft pulse delta soft pulse local_echo
t=04683 theta slight drift lambda slight drift local_echo
t=04684 alpha weak rise beta weak fall local_echo
t=04685 theta slight drift lambda slight drift local_echo
t=04686 theta slight drift lambda slight drift local_echo
t=04687 gamma soft pulse delta soft pulse local_echo
t=04688 gamma soft pulse delta soft pulse local_echo
t=04689 theta slight drift lambda slight drift local_echo
t=04690 alpha weak rise beta weak fall local_echo
t=04691 theta slight drift lambda slight drift local_echo
t=04692 theta slight drift lambda slight drift local_echo
t=04693 theta slight drift lambda slight drift local_echo
t=04694 theta slight drift lambda slight drift local_echo
t=04695 theta slight drift lambda slight drift local_echo
t=04696 theta slight drift lambda slight drift local_echo
t=04697 alpha weak rise beta weak fall local_echo
t=04698 gamma soft pulse delta soft pulse local_echo
t=04699 alpha weak rise beta weak fall local_echo
t=04700 theta slight drift lambda slight drift local_echo
t=04701 theta slight drift lambda slight drift local_echo
t=04702 alpha weak rise beta weak fall local_echo
t=04703 gamma soft pulse delta soft pulse local_echo
t=04704 gamma soft pulse delta soft pulse local_echo
t=04705 theta slight drift lambda slight drift local_echo
t=04706 gamma soft pulse delta soft pulse local_echo
t=04707 gamma soft pulse delta soft pulse local_echo
t=04708 theta slight drift lambda slight drift local_echo
t=04709 theta slight drift lambda slight drift local_echo
t=04710 quiet_field
t=04711 quiet_field
t=04712 quiet_field
t=04713 quiet_field
t=04714 quiet_field
t=04715 quiet_field
t=04716 quiet_field
t=04717 quiet_field
t=04718 quiet_field
t=04719 quiet_field
t=04720 quiet_field
t=04721 quiet_field
t=04722 quiet_field
t=04723 quiet_field
t=04724 quiet_field
t=04725 quiet_field
t=04726 quiet_field
t=04727 quiet_field
t=04728 quiet_field
t=04729 quiet_field
t=04730 quiet_field
t=04731 quiet_field
t=04732 quiet_field
t=04733 quiet_field
t=04734 quiet_field
t=04735 quiet_field
t=04736 quiet_field
t=04737 quiet_field
t=04738 quiet_field
t=04739 quiet_field
t=04740 quiet_field
t=04741 quiet_field
t=04742 quiet_field
t=04743 quiet_field
t=04744 quiet_field
t=04745 quiet_field
t=04746 quiet_field
t=04747 quiet_field
t=04748 quiet_field
t=04749 quiet_field
t=04750 quiet_field
t=04751 quiet_field
t=04752 quiet_field
t=04753 quiet_field
t=04754 quiet_field
t=04755 quiet_field
t=04756 quiet_field
t=04757 quiet_field
t=04758 quiet_field
t=04759 quiet_field
t=04760 quiet_field
t=04761 quiet_field
t=04762 quiet_field
t=04763 quiet_field
t=04764 quiet_field
t=04765 quiet_field
t=04766 quiet_field
t=04767 quiet_field
t=04768 quiet_field
t=04769 quiet_field
t=04770 delta soft pulse gamma soft pulse partial_return
t=04771 beta weak fall alpha weak rise partial_return
t=04772 beta weak fall alpha weak rise partial_return
t=04773 beta weak fall alpha weak rise partial_return
t=04774 lambda slight drift theta slight drift partial_return
t=04775 beta weak fall alpha weak rise partial_return
t=04776 delta soft pulse gamma soft pulse partial_return
t=04777 lambda slight drift theta slight drift partial_return
t=04778 beta weak fall alpha weak rise partial_return
t=04779 delta soft pulse gamma soft pulse partial_return
t=04780 beta weak fall alpha weak rise partial_return
t=04781 lambda slight drift theta slight drift partial_return
t=04782 beta weak fall alpha weak rise partial_return
t=04783 beta weak fall alpha weak rise partial_return
t=04784 lambda slight drift theta slight drift partial_return
t=04785 delta soft pulse gamma soft pulse partial_return
t=04786 beta weak fall alpha weak rise partial_return
t=04787 lambda slight drift theta slight drift partial_return
t=04788 lambda slight drift theta slight drift partial_return
t=04789 beta weak fall alpha weak rise partial_return
t=04790 lambda slight drift theta slight drift partial_return
t=04791 delta soft pulse gamma soft pulse partial_return
t=04792 beta weak fall alpha weak rise partial_return
t=04793 delta soft pulse gamma soft pulse partial_return
t=04794 delta soft pulse gamma soft pulse partial_return
t=04795 delta soft pulse gamma soft pulse partial_return
t=04796 lambda slight drift theta slight drift partial_return
t=04797 delta soft pulse gamma soft pulse partial_return
t=04798 lambda slight drift theta slight drift partial_return
t=04799 delta soft pulse gamma soft pulse partial_return
t=04800 delta soft pulse gamma soft pulse partial_return
t=04801 beta weak fall alpha weak rise partial_return
t=04802 lambda slight drift theta slight drift partial_return
t=04803 beta weak fall alpha weak rise partial_return
t=04804 lambda slight drift theta slight drift partial_return
t=04805 lambda slight drift theta slight drift partial_return
t=04806 beta weak fall alpha weak rise partial_return
t=04807 lambda slight drift theta slight drift partial_return
t=04808 delta soft pulse gamma soft pulse partial_return
t=04809 lambda slight drift theta slight drift partial_return
t=04810 delta soft pulse gamma soft pulse partial_return
t=04811 delta soft pulse gamma soft pulse partial_return
t=04812 lambda slight drift theta slight drift partial_return
t=04813 lambda slight drift theta slight drift partial_return
t=04814 delta soft pulse gamma soft pulse partial_return
t=04815 quiet_field
t=04816 quiet_field
t=04817 quiet_field
t=04818 quiet_field
t=04819 quiet_field
t=04820 quiet_field
t=04821 quiet_field
t=04822 quiet_field
t=04823 quiet_field
t=04824 quiet_field
t=04825 quiet_field
t=04826 quiet_field
t=04827 quiet_field
t=04828 quiet_field
t=04829 quiet_field
t=04830 quiet_field
t=04831 quiet_field
t=04832 quiet_field
t=04833 quiet_field
t=04834 quiet_field
t=04835 quiet_field
t=04836 quiet_field
t=04837 quiet_field
t=04838 quiet_field
t=04839 quiet_field
t=04840 quiet_field
t=04841 quiet_field
t=04842 quiet_field
t=04843 quiet_field
t=04844 quiet_field
t=04845 quiet_field
t=04846 quiet_field
t=04847 quiet_field
t=04848 quiet_field
t=04849 quiet_field
t=04850 quiet_field
t=04851 quiet_field
t=04852 quiet_field
t=04853 quiet_field
t=04854 quiet_field
t=04855 quiet_field
t=04856 quiet_field
t=04857 quiet_field
t=04858 quiet_field
t=04859 quiet_field
t=04860 quiet_field
t=04861 quiet_field
t=04862 quiet_field
t=04863 quiet_field
t=04864 quiet_field
t=04865 quiet_field
t=04866 quiet_field
t=04867 quiet_field
t=04868 quiet_field
t=04869 quiet_field
t=04870 quiet_field
t=04871 quiet_field
t=04872 quiet_field
t=04873 quiet_field
t=04874 quiet_field
t=04875 quiet_field
t=04876 quiet_field
t=04877 quiet_field
t=04878 quiet_field
t=04879 quiet_field
t=04880 quiet_field
t=04881 quiet_field
t=04882 quiet_field
t=04883 quiet_field
t=04884 quiet_field
t=04885 quiet_field
t=04886 quiet_field
t=04887 quiet_field
t=04888 quiet_field
t=04889 quiet_field
t=04890 quiet_field
t=04891 quiet_field
t=04892 quiet_field
t=04893 quiet_field
t=04894 quiet_field
t=04895 quiet_field
t=04896 quiet_field
t=04897 quiet_field
t=04898 quiet_field
t=04899 quiet_field
t=04900 gamma soft pulse reinforcement_candidate
t=04901 gamma soft pulse reinforcement_candidate
t=04902 gamma soft pulse reinforcement_candidate
t=04903 alpha weak rise reinforcement_candidate
t=04904 gamma soft pulse reinforcement_candidate
t=04905 alpha weak rise reinforcement_candidate
t=04906 gamma soft pulse reinforcement_candidate
t=04907 alpha weak rise reinforcement_candidate
t=04908 gamma soft pulse reinforcement_candidate
t=04909 alpha weak rise reinforcement_candidate
t=04910 alpha weak rise reinforcement_candidate
t=04911 gamma soft pulse reinforcement_candidate
t=04912 alpha weak rise reinforcement_candidate
t=04913 gamma soft pulse reinforcement_candidate
t=04914 gamma soft pulse reinforcement_candidate
t=04915 gamma soft pulse reinforcement_candidate
t=04916 gamma soft pulse reinforcement_candidate
t=04917 gamma soft pulse reinforcement_candidate
t=04918 gamma soft pulse reinforcement_candidate
t=04919 alpha weak rise reinforcement_candidate
t=04920 alpha weak rise reinforcement_candidate
t=04921 alpha weak rise reinforcement_candidate
t=04922 alpha weak rise reinforcement_candidate
t=04923 alpha weak rise reinforcement_candidate
t=04924 alpha weak rise reinforcement_candidate
t=04925 gamma soft pulse reinforcement_candidate
t=04926 gamma soft pulse reinforcement_candidate
t=04927 alpha weak rise reinforcement_candidate
t=04928 alpha weak rise reinforcement_candidate
t=04929 gamma soft pulse reinforcement_candidate
t=04930 alpha weak rise reinforcement_candidate
t=04931 gamma soft pulse reinforcement_candidate
t=04932 gamma soft pulse reinforcement_candidate
t=04933 alpha weak rise reinforcement_candidate
t=04934 gamma soft pulse reinforcement_candidate
t=04935 gamma soft pulse reinforcement_candidate
t=04936 gamma soft pulse reinforcement_candidate
t=04937 alpha weak rise reinforcement_candidate
t=04938 gamma soft pulse reinforcement_candidate
t=04939 gamma soft pulse reinforcement_candidate
t=04940 quiet_field
t=04941 quiet_field
t=04942 quiet_field
t=04943 quiet_field
t=04944 quiet_field
t=04945 quiet_field
t=04946 quiet_field
t=04947 quiet_field
t=04948 quiet_field
t=04949 quiet_field
t=04950 quiet_field
t=04951 quiet_field
t=04952 quiet_field
t=04953 quiet_field
t=04954 quiet_field
t=04955 quiet_field
t=04956 quiet_field
t=04957 quiet_field
t=04958 quiet_field
t=04959 quiet_field
t=04960 quiet_field
t=04961 quiet_field
t=04962 quiet_field
t=04963 quiet_field
t=04964 quiet_field
t=04965 quiet_field
t=04966 quiet_field
t=04967 quiet_field
t=04968 quiet_field
t=04969 quiet_field
t=04970 quiet_field
t=04971 quiet_field
t=04972 quiet_field
t=04973 quiet_field
t=04974 quiet_field
t=04975 quiet_field
t=04976 quiet_field
t=04977 quiet_field
t=04978 quiet_field
t=04979 quiet_field
t=04980 quiet_field
t=04981 quiet_field
t=04982 quiet_field
t=04983 quiet_field
t=04984 quiet_field
t=04985 quiet_field
t=04986 quiet_field
t=04987 quiet_field
t=04988 quiet_field
t=04989 quiet_field
t=04990 quiet_field
t=04991 quiet_field
t=04992 quiet_field
t=04993 quiet_field
t=04994 quiet_field
t=04995 quiet_field
t=04996 quiet_field
t=04997 quiet_field
t=04998 quiet_field
t=04999 quiet_field
t=05000 quiet_field
