t=00001 quiet_field carrier
t=00002 quiet_field carrier
t=00003 quiet_field carrier
t=00004 quiet_field carrier
t=00005 quiet_field carrier
t=00006 quiet_field carrier
t=00007 quiet_field carrier
t=00008 quiet_field carrier
t=00009 quiet_field carrier
t=00010 quiet_field carrier
t=00011 quiet_field carrier
t=00012 quiet_field carrier
t=00013 quiet_field carrier
t=00014 quiet_field carrier
t=00015 quiet_field carrier
t=00016 quiet_field carrier
t=00017 quiet_field carrier
t=00018 quiet_field carrier
t=00019 quiet_field carrier
t=00020 quiet_field carrier
t=00021 quiet_field carrier
t=00022 quiet_field carrier
t=00023 quiet_field carrier
t=00024 quiet_field carrier
t=00025 quiet_field carrier
t=00026 quiet_field carrier
t=00027 quiet_field carrier
t=00028 quiet_field carrier
t=00029 quiet_field carrier
t=00030 quiet_field carrier
t=00031 quiet_field carrier
t=00032 quiet_field carrier
t=00033 quiet_field carrier
t=00034 quiet_field carrier
t=00035 quiet_field carrier
t=00036 quiet_field carrier
t=00037 quiet_field carrier
t=00038 quiet_field carrier
t=00039 quiet_field carrier
t=00040 alpha weak rise pseudo_cadence
t=00041 alpha weak rise pseudo_cadence
t=00042 alpha weak rise pseudo_cadence
t=00043 alpha weak rise pseudo_cadence
t=00044 alpha weak rise pseudo_cadence
t=00045 alpha weak rise pseudo_cadence
t=00046 alpha weak rise pseudo_cadence
t=00047 alpha weak rise pseudo_cadence
t=00048 alpha weak rise pseudo_cadence
t=00049 alpha weak rise pseudo_cadence
t=00050 alpha weak rise pseudo_cadence
t=00051 alpha weak rise pseudo_cadence
t=00052 alpha weak rise pseudo_cadence
t=00053 alpha weak rise pseudo_cadence
t=00054 alpha weak rise pseudo_cadence
t=00055 alpha weak rise pseudo_cadence
t=00056 alpha weak rise pseudo_cadence
t=00057 alpha weak rise pseudo_cadence
t=00058 alpha weak rise pseudo_cadence
t=00059 alpha weak rise pseudo_cadence
t=00060 alpha weak rise pseudo_cadence
t=00061 alpha weak rise pseudo_cadence
t=00062 alpha weak rise pseudo_cadence
t=00063 alpha weak rise pseudo_cadence
t=00064 alpha weak rise pseudo_cadence
t=00065 alpha weak rise pseudo_cadence
t=00066 alpha weak rise pseudo_cadence
t=00067 alpha weak rise pseudo_cadence
t=00068 alpha weak rise pseudo_cadence
t=00069 alpha weak rise pseudo_cadence
t=00070 beta weak fall pseudo_cadence
t=00071 beta weak fall pseudo_cadence
t=00072 beta weak fall pseudo_cadence
t=00073 beta weak fall pseudo_cadence
t=00074 beta weak fall pseudo_cadence
t=00075 beta weak fall pseudo_cadence
t=00076 beta weak fall pseudo_cadence
t=00077 beta weak fall pseudo_cadence
t=00078 beta weak fall pseudo_cadence
t=00079 beta weak fall pseudo_cadence
t=00080 beta weak fall pseudo_cadence
t=00081 beta weak fall pseudo_cadence
t=00082 beta weak fall pseudo_cadence
t=00083 beta weak fall pseudo_cadence
t=00084 beta weak fall pseudo_cadence
t=00085 beta weak fall pseudo_cadence
t=00086 beta weak fall pseudo_cadence
t=00087 beta weak fall pseudo_cadence
t=00088 beta weak fall pseudo_cadence
t=00089 beta weak fall pseudo_cadence
t=00090 beta weak fall pseudo_cadence
t=00091 beta weak fall pseudo_cadence
t=00092 beta weak fall pseudo_cadence
t=00093 beta weak fall pseudo_cadence
t=00094 beta weak fall pseudo_cadence
t=00095 beta weak fall pseudo_cadence
t=00096 beta weak fall pseudo_cadence
t=00097 beta weak fall pseudo_cadence
t=00098 beta weak fall pseudo_cadence
t=00099 beta weak fall pseudo_cadence
t=00100 alpha weak rise pseudo_cadence
t=00101 alpha weak rise pseudo_cadence
t=00102 alpha weak rise pseudo_cadence
t=00103 alpha weak rise pseudo_cadence
t=00104 alpha weak rise pseudo_cadence
t=00105 alpha weak rise pseudo_cadence
t=00106 alpha weak rise pseudo_cadence
t=00107 alpha weak rise pseudo_cadence
t=00108 alpha weak rise pseudo_cadence
t=00109 alpha weak rise pseudo_cadence
t=00110 alpha weak rise pseudo_cadence
t=00111 alpha weak rise pseudo_cadence
t=00112 alpha weak rise pseudo_cadence
t=00113 alpha weak rise pseudo_cadence
t=00114 alpha weak rise pseudo_cadence
t=00115 alpha weak rise pseudo_cadence
t=00116 alpha weak rise pseudo_cadence
t=00117 alpha weak rise pseudo_cadence
t=00118 alpha weak rise pseudo_cadence
t=00119 alpha weak rise pseudo_cadence
t=00120 alpha weak rise pseudo_cadence
t=00121 alpha weak rise pseudo_cadence
t=00122 alpha weak rise pseudo_cadence
t=00123 alpha weak rise pseudo_cadence
t=00124 alpha weak rise pseudo_cadence
t=00125 alpha weak rise pseudo_cadence
t=00126 alpha weak rise pseudo_cadence
t=00127 alpha weak rise pseudo_cadence
t=00128 alpha weak rise pseudo_cadence
t=00129 alpha weak rise pseudo_cadence
t=00130 gamma soft pulse pseudo_cadence
t=00131 gamma soft pulse pseudo_cadence
t=00132 gamma soft pulse pseudo_cadence
t=00133 gamma soft pulse pseudo_cadence
t=00134 gamma soft pulse pseudo_cadence
t=00135 gamma soft pulse pseudo_cadence
t=00136 gamma soft pulse pseudo_cadence
t=00137 gamma soft pulse pseudo_cadence
t=00138 gamma soft pulse pseudo_cadence
t=00139 gamma soft pulse pseudo_cadence
t=00140 gamma soft pulse pseudo_cadence
t=00141 gamma soft pulse pseudo_cadence
t=00142 gamma soft pulse pseudo_cadence
t=00143 gamma soft pulse pseudo_cadence
t=00144 gamma soft pulse pseudo_cadence
t=00145 gamma soft pulse pseudo_cadence
t=00146 gamma soft pulse pseudo_cadence
t=00147 gamma soft pulse pseudo_cadence
t=00148 gamma soft pulse pseudo_cadence
t=00149 gamma soft pulse pseudo_cadence
t=00150 gamma soft pulse pseudo_cadence
t=00151 gamma soft pulse pseudo_cadence
t=00152 gamma soft pulse pseudo_cadence
t=00153 gamma soft pulse pseudo_cadence
t=00154 gamma soft pulse pseudo_cadence
t=00155 gamma soft pulse pseudo_cadence
t=00156 gamma soft pulse pseudo_cadence
t=00157 gamma soft pulse pseudo_cadence
t=00158 gamma soft pulse pseudo_cadence
t=00159 gamma soft pulse pseudo_cadence
t=00160 quiet_field carrier
t=00161 quiet_field carrier
t=00162 quiet_field carrier
t=00163 quiet_field carrier
t=00164 quiet_field carrier
t=00165 quiet_field carrier
t=00166 quiet_field carrier
t=00167 quiet_field carrier
t=00168 quiet_field carrier
t=00169 quiet_field carrier
t=00170 quiet_field carrier
t=00171 quiet_field carrier
t=00172 quiet_field carrier
t=00173 quiet_field carrier
t=00174 quiet_field carrier
t=00175 quiet_field carrier
t=00176 quiet_field carrier
t=00177 quiet_field carrier
t=00178 quiet_field carrier
t=00179 quiet_field carrier
t=00180 quiet_field carrier
t=00181 quiet_field carrier
t=00182 quiet_field carrier
t=00183 quiet_field carrier
t=00184 quiet_field carrier
t=00185 quiet_field carrier
t=00186 quiet_field carrier
t=00187 quiet_field carrier
t=00188 quiet_field carrier
t=00189 quiet_field carrier
t=00190 quiet_field carrier
t=00191 quiet_field carrier
t=00192 quiet_field carrier
t=00193 quiet_field carrier
t=00194 quiet_field carrier
t=00195 quiet_field carrier
t=00196 quiet_field carrier
t=00197 quiet_field carrier
t=00198 quiet_field carrier
t=00199 quiet_field carrier
t=00200 quiet_field carrier
t=00201 quiet_field carrier
t=00202 quiet_field carrier
t=00203 quiet_field carrier
t=00204 quiet_field carrier
t=00205 quiet_field carrier
t=00206 quiet_field carrier
t=00207 quiet_field carrier
t=00208 quiet_field carrier
t=00209 quiet_field carrier
t=00210 quiet_field carrier
t=00211 quiet_field carrier
t=00212 quiet_field carrier
t=00213 quiet_field carrier
t=00214 quiet_field carrier
t=00215 quiet_field carrier
t=00216 quiet_field carrier
t=00217 quiet_field carrier
t=00218 quiet_field carrier
t=00219 quiet_field carrier
t=00220 delta soft pulse imperfect_echo
t=00221 delta soft pulse imperfect_echo
t=00222 delta soft pulse imperfect_echo
t=00223 delta soft pulse imperfect_echo
t=00224 delta soft pulse imperfect_echo
t=00225 delta soft pulse imperfect_echo
t=00226 delta soft pulse imperfect_echo
t=00227 delta soft pulse imperfect_echo
t=00228 delta soft pulse imperfect_echo
t=00229 delta soft pulse imperfect_echo
t=00230 delta soft pulse imperfect_echo
t=00231 delta soft pulse imperfect_echo
t=00232 delta soft pulse imperfect_echo
t=00233 delta soft pulse imperfect_echo
t=00234 delta soft pulse imperfect_echo
t=00235 delta soft pulse imperfect_echo
t=00236 delta soft pulse imperfect_echo
t=00237 delta soft pulse imperfect_echo
t=00238 delta soft pulse imperfect_echo
t=00239 delta soft pulse imperfect_echo
t=00240 delta soft pulse imperfect_echo
t=00241 delta soft pulse imperfect_echo
t=00242 delta soft pulse imperfect_echo
t=00243 delta soft pulse imperfect_echo
t=00244 delta soft pulse imperfect_echo
t=00245 delta soft pulse imperfect_echo
t=00246 delta soft pulse imperfect_echo
t=00247 delta soft pulse imperfect_echo
t=00248 delta soft pulse imperfect_echo
t=00249 delta soft pulse imperfect_echo
t=00250 theta slight drift imperfect_echo
t=00251 theta slight drift imperfect_echo
t=00252 theta slight drift imperfect_echo
t=00253 theta slight drift imperfect_echo
t=00254 theta slight drift imperfect_echo
t=00255 theta slight drift imperfect_echo
t=00256 theta slight drift imperfect_echo
t=00257 theta slight drift imperfect_echo
t=00258 theta slight drift imperfect_echo
t=00259 theta slight drift imperfect_echo
t=00260 theta slight drift imperfect_echo
t=00261 theta slight drift imperfect_echo
t=00262 theta slight drift imperfect_echo
t=00263 theta slight drift imperfect_echo
t=00264 theta slight drift imperfect_echo
t=00265 theta slight drift imperfect_echo
t=00266 theta slight drift imperfect_echo
t=00267 theta slight drift imperfect_echo
t=00268 theta slight drift imperfect_echo
t=00269 theta slight drift imperfect_echo
t=00270 theta slight drift imperfect_echo
t=00271 theta slight drift imperfect_echo
t=00272 theta slight drift imperfect_echo
t=00273 theta slight drift imperfect_echo
t=00274 theta slight drift imperfect_echo
t=00275 theta slight drift imperfect_echo
t=00276 theta slight drift imperfect_echo
t=00277 theta slight drift imperfect_echo
t=00278 theta slight drift imperfect_echo
t=00279 theta slight drift imperfect_echo
t=00280 lambda slight drift imperfect_echo
t=00281 lambda slight drift imperfect_echo
t=00282 lambda slight drift imperfect_echo
t=00283 lambda slight drift imperfect_echo
t=00284 lambda slight drift imperfect_echo
t=00285 lambda slight drift imperfect_echo
t=00286 lambda slight drift imperfect_echo
t=00287 lambda slight drift imperfect_echo
t=00288 lambda slight drift imperfect_echo
t=00289 lambda slight drift imperfect_echo
t=00290 lambda slight drift imperfect_echo
t=00291 lambda slight drift imperfect_echo
t=00292 lambda slight drift imperfect_echo
t=00293 lambda slight drift imperfect_echo
t=00294 lambda slight drift imperfect_echo
t=00295 lambda slight drift imperfect_echo
t=00296 lambda slight drift imperfect_echo
t=00297 lambda slight drift imperfect_echo
t=00298 lambda slight drift imperfect_echo
t=00299 lambda slight drift imperfect_echo
t=00300 lambda slight drift imperfect_echo
t=00301 lambda slight drift imperfect_echo
t=00302 lambda slight drift imperfect_echo
t=00303 lambda slight drift imperfect_echo
t=00304 lambda slight drift imperfect_echo
t=00305 lambda slight drift imperfect_echo
t=00306 lambda slight drift imperfect_echo
t=00307 lambda slight drift imperfect_echo
t=00308 lambda slight drift imperfect_echo
t=00309 lambda slight drift imperfect_echo
t=00310 theta slight drift imperfect_echo
t=00311 theta slight drift imperfect_echo
t=00312 theta slight drift imperfect_echo
t=00313 theta slight drift imperfect_echo
t=00314 theta slight drift imperfect_echo
t=00315 theta slight drift imperfect_echo
t=00316 theta slight drift imperfect_echo
t=00317 theta slight drift imperfect_echo
t=00318 theta slight drift imperfect_echo
t=00319 theta slight drift imperfect_echo
t=00320 theta slight drift imperfect_echo
t=00321 theta slight drift imperfect_echo
t=00322 theta slight drift imperfect_echo
t=00323 theta slight drift imperfect_echo
t=00324 theta slight drift imperfect_echo
t=00325 theta slight drift imperfect_echo
t=00326 theta slight drift imperfect_echo
t=00327 theta slight drift imperfect_echo
t=00328 theta slight drift imperfect_echo
t=00329 theta slight drift imperfect_echo
t=00330 theta slight drift imperfect_echo
t=00331 theta slight drift imperfect_echo
t=00332 theta slight drift imperfect_echo
t=00333 theta slight drift imperfect_echo
t=00334 theta slight drift imperfect_echo
t=00335 theta slight drift imperfect_echo
t=00336 theta slight drift imperfect_echo
t=00337 theta slight drift imperfect_echo
t=00338 theta slight drift imperfect_echo
t=00339 theta slight drift imperfect_echo
t=00340 quiet_field carrier
t=00341 quiet_field carrier
t=00342 quiet_field carrier
t=00343 quiet_field carrier
t=00344 quiet_field carrier
t=00345 quiet_field carrier
t=00346 quiet_field carrier
t=00347 quiet_field carrier
t=00348 quiet_field carrier
t=00349 quiet_field carrier
t=00350 quiet_field carrier
t=00351 quiet_field carrier
t=00352 quiet_field carrier
t=00353 quiet_field carrier
t=00354 quiet_field carrier
t=00355 quiet_field carrier
t=00356 quiet_field carrier
t=00357 quiet_field carrier
t=00358 quiet_field carrier
t=00359 quiet_field carrier
t=00360 quiet_field carrier
t=00361 quiet_field carrier
t=00362 quiet_field carrier
t=00363 quiet_field carrier
t=00364 quiet_field carrier
t=00365 quiet_field carrier
t=00366 quiet_field carrier
t=00367 quiet_field carrier
t=00368 quiet_field carrier
t=00369 quiet_field carrier
t=00370 quiet_field carrier
t=00371 quiet_field carrier
t=00372 quiet_field carrier
t=00373 quiet_field carrier
t=00374 quiet_field carrier
t=00375 quiet_field carrier
t=00376 quiet_field carrier
t=00377 quiet_field carrier
t=00378 quiet_field carrier
t=00379 quiet_field carrier
t=00380 quiet_field carrier
t=00381 quiet_field carrier
t=00382 quiet_field carrier
t=00383 quiet_field carrier
t=00384 quiet_field carrier
t=00385 quiet_field carrier
t=00386 quiet_field carrier
t=00387 quiet_field carrier
t=00388 quiet_field carrier
t=00389 quiet_field carrier
t=00390 quiet_field carrier
t=00391 quiet_field carrier
t=00392 quiet_field carrier
t=00393 quiet_field carrier
t=00394 quiet_field carrier
t=00395 quiet_field carrier
t=00396 quiet_field carrier
t=00397 quiet_field carrier
t=00398 quiet_field carrier
t=00399 quiet_field carrier
t=00400 quiet_field carrier
t=00401 quiet_field carrier
t=00402 quiet_field carrier
t=00403 quiet_field carrier
t=00404 quiet_field carrier
t=00405 quiet_field carrier
t=00406 quiet_field carrier
t=00407 quiet_field carrier
t=00408 quiet_field carrier
t=00409 quiet_field carrier
t=00410 quiet_field carrier
t=00411 quiet_field carrier
t=00412 quiet_field carrier
t=00413 quiet_field carrier
t=00414 quiet_field carrier
t=00415 quiet_field carrier
t=00416 quiet_field carrier
t=00417 quiet_field carrier
t=00418 quiet_field carrier
t=00419 quiet_field carrier
t=00420 quiet_field carrier
t=00421 quiet_field carrier
t=00422 quiet_field carrier
t=00423 quiet_field carrier
t=00424 quiet_field carrier
t=00425 quiet_field carrier
t=00426 quiet_field carrier
t=00427 quiet_field carrier
t=00428 quiet_field carrier
t=00429 quiet_field carrier
t=00430 quiet_field carrier
t=00431 quiet_field carrier
t=00432 quiet_field carrier
t=00433 quiet_field carrier
t=00434 quiet_field carrier
t=00435 quiet_field carrier
t=00436 quiet_field carrier
t=00437 quiet_field carrier
t=00438 quiet_field carrier
t=00439 quiet_field carrier
t=00440 quiet_field carrier
t=00441 quiet_field carrier
t=00442 quiet_field carrier
t=00443 quiet_field carrier
t=00444 quiet_field carrier
t=00445 quiet_field carrier
t=00446 quiet_field carrier
t=00447 quiet_field carrier
t=00448 quiet_field carrier
t=00449 quiet_field carrier
t=00450 quiet_field carrier
t=00451 quiet_field carrier
t=00452 quiet_field carrier
t=00453 quiet_field carrier
t=00454 quiet_field carrier
t=00455 quiet_field carrier
t=00456 quiet_field carrier
t=00457 quiet_field carrier
t=00458 quiet_field carrier
t=00459 quiet_field carrier
t=00460 quiet_field carrier
t=00461 quiet_field carrier
t=00462 quiet_field carrier
t=00463 quiet_field carrier
t=00464 quiet_field carrier
t=00465 quiet_field carrier
t=00466 quiet_field carrier
t=00467 quiet_field carrier
t=00468 quiet_field carrier
t=00469 quiet_field carrier
t=00470 quiet_field carrier
t=00471 quiet_field carrier
t=00472 quiet_field carrier
t=00473 quiet_field carrier
t=00474 quiet_field carrier
t=00475 quiet_field carrier
t=00476 quiet_field carrier
t=00477 quiet_field carrier
t=00478 quiet_field carrier
t=00479 quiet_field carrier
t=00480 quiet_field carrier
t=00481 quiet_field carrier
t=00482 quiet_field carrier
t=00483 quiet_field carrier
t=00484 quiet_field carrier
t=00485 quiet_field carrier
t=00486 quiet_field carrier
t=00487 quiet_field carrier
t=00488 quiet_field carrier
t=00489 quiet_field carrier
t=00490 quiet_field carrier
t=00491 quiet_field carrier
t=00492 quiet_field carrier
t=00493 quiet_field carrier
t=00494 quiet_field carrier
t=00495 quiet_field carrier
t=00496 quiet_field carrier
t=00497 quiet_field carrier
t=00498 quiet_field carrier
t=00499 quiet_field carrier
t=00500 quiet_field carrier
t=00501 quiet_field carrier
t=00502 quiet_field carrier
t=00503 quiet_field carrier
t=00504 quiet_field carrier
t=00505 quiet_field carrier
t=00506 quiet_field carrier
t=00507 quiet_field carrier
t=00508 quiet_field carrier
t=00509 quiet_field carrier
t=00510 quiet_field carrier
t=00511 quiet_field carrier
t=00512 quiet_field carrier
t=00513 quiet_field carrier
t=00514 quiet_field carrier
t=00515 quiet_field carrier
t=00516 quiet_field carrier
t=00517 quiet_field carrier
t=00518 quiet_field carrier
t=00519 quiet_field carrier
t=00520 quiet_field carrier
t=00521 quiet_field carrier
t=00522 quiet_field carrier
t=00523 quiet_field carrier
t=00524 quiet_field carrier
t=00525 quiet_field carrier
t=00526 quiet_field carrier
t=00527 quiet_field carrier
t=00528 quiet_field carrier
t=00529 quiet_field carrier
t=00530 quiet_field carrier
t=00531 quiet_field carrier
t=00532 quiet_field carrier
t=00533 quiet_field carrier
t=00534 quiet_field carrier
t=00535 quiet_field carrier
t=00536 quiet_field carrier
t=00537 quiet_field carrier
t=00538 quiet_field carrier
t=00539 quiet_field carrier
t=00540 theta slight drift pseudo_cadence
t=00541 theta slight drift pseudo_cadence
t=00542 theta slight drift pseudo_cadence
t=00543 theta slight drift pseudo_cadence
t=00544 theta slight drift pseudo_cadence
t=00545 theta slight drift pseudo_cadence
t=00546 theta slight drift pseudo_cadence
t=00547 theta slight drift pseudo_cadence
t=00548 theta slight drift pseudo_cadence
t=00549 theta slight drift pseudo_cadence
t=00550 theta slight drift pseudo_cadence
t=00551 theta slight drift pseudo_cadence
t=00552 theta slight drift pseudo_cadence
t=00553 theta slight drift pseudo_cadence
t=00554 theta slight drift pseudo_cadence
t=00555 theta slight drift pseudo_cadence
t=00556 theta slight drift pseudo_cadence
t=00557 theta slight drift pseudo_cadence
t=00558 theta slight drift pseudo_cadence
t=00559 theta slight drift pseudo_cadence
t=00560 theta slight drift pseudo_cadence
t=00561 theta slight drift pseudo_cadence
t=00562 theta slight drift pseudo_cadence
t=00563 theta slight drift pseudo_cadence
t=00564 theta slight drift pseudo_cadence
t=00565 theta slight drift pseudo_cadence
t=00566 theta slight drift pseudo_cadence
t=00567 theta slight drift pseudo_cadence
t=00568 theta slight drift pseudo_cadence
t=00569 theta slight drift pseudo_cadence
t=00570 lambda slight drift pseudo_cadence
t=00571 lambda slight drift pseudo_cadence
t=00572 lambda slight drift pseudo_cadence
t=00573 lambda slight drift pseudo_cadence
t=00574 lambda slight drift pseudo_cadence
t=00575 lambda slight drift pseudo_cadence
t=00576 lambda slight drift pseudo_cadence
t=00577 lambda slight drift pseudo_cadence
t=00578 lambda slight drift pseudo_cadence
t=00579 lambda slight drift pseudo_cadence
t=00580 lambda slight drift pseudo_cadence
t=00581 lambda slight drift pseudo_cadence
t=00582 lambda slight drift pseudo_cadence
t=00583 lambda slight drift pseudo_cadence
t=00584 lambda slight drift pseudo_cadence
t=00585 lambda slight drift pseudo_cadence
t=00586 lambda slight drift pseudo_cadence
t=00587 lambda slight drift pseudo_cadence
t=00588 lambda slight drift pseudo_cadence
t=00589 lambda slight drift pseudo_cadence
t=00590 lambda slight drift pseudo_cadence
t=00591 lambda slight drift pseudo_cadence
t=00592 lambda slight drift pseudo_cadence
t=00593 lambda slight drift pseudo_cadence
t=00594 lambda slight drift pseudo_cadence
t=00595 lambda slight drift pseudo_cadence
t=00596 lambda slight drift pseudo_cadence
t=00597 lambda slight drift pseudo_cadence
t=00598 lambda slight drift pseudo_cadence
t=00599 lambda slight drift pseudo_cadence
t=00600 theta slight drift pseudo_cadence
t=00601 theta slight drift pseudo_cadence
t=00602 theta slight drift pseudo_cadence
t=00603 theta slight drift pseudo_cadence
t=00604 theta slight drift pseudo_cadence
t=00605 theta slight drift pseudo_cadence
t=00606 theta slight drift pseudo_cadence
t=00607 theta slight drift pseudo_cadence
t=00608 theta slight drift pseudo_cadence
t=00609 theta slight drift pseudo_cadence
t=00610 theta slight drift pseudo_cadence
t=00611 theta slight drift pseudo_cadence
t=00612 theta slight drift pseudo_cadence
t=00613 theta slight drift pseudo_cadence
t=00614 theta slight drift pseudo_cadence
t=00615 theta slight drift pseudo_cadence
t=00616 theta slight drift pseudo_cadence
t=00617 theta slight drift pseudo_cadence
t=00618 theta slight drift pseudo_cadence
t=00619 theta slight drift pseudo_cadence
t=00620 theta slight drift pseudo_cadence
t=00621 theta slight drift pseudo_cadence
t=00622 theta slight drift pseudo_cadence
t=00623 theta slight drift pseudo_cadence
t=00624 theta slight drift pseudo_cadence
t=00625 theta slight drift pseudo_cadence
t=00626 theta slight drift pseudo_cadence
t=00627 theta slight drift pseudo_cadence
t=00628 theta slight drift pseudo_cadence
t=00629 theta slight drift pseudo_cadence
t=00630 delta soft pulse pseudo_cadence
t=00631 delta soft pulse pseudo_cadence
t=00632 delta soft pulse pseudo_cadence
t=00633 delta soft pulse pseudo_cadence
t=00634 delta soft pulse pseudo_cadence
t=00635 delta soft pulse pseudo_cadence
t=00636 delta soft pulse pseudo_cadence
t=00637 delta soft pulse pseudo_cadence
t=00638 delta soft pulse pseudo_cadence
t=00639 delta soft pulse pseudo_cadence
t=00640 delta soft pulse pseudo_cadence
t=00641 delta soft pulse pseudo_cadence
t=00642 delta soft pulse pseudo_cadence
t=00643 delta soft pulse pseudo_cadence
t=00644 delta soft pulse pseudo_cadence
t=00645 delta soft pulse pseudo_cadence
t=00646 delta soft pulse pseudo_cadence
t=00647 delta soft pulse pseudo_cadence
t=00648 delta soft pulse pseudo_cadence
t=00649 delta soft pulse pseudo_cadence
t=00650 delta soft pulse pseudo_cadence
t=00651 delta soft pulse pseudo_cadence
t=00652 delta soft pulse pseudo_cadence
t=00653 delta soft pulse pseudo_cadence
t=00654 delta soft pulse pseudo_cadence
t=00655 delta soft pulse pseudo_cadence
t=00656 delta soft pulse pseudo_cadence
t=00657 delta soft pulse pseudo_cadence
t=00658 delta soft pulse pseudo_cadence
t=00659 delta soft pulse pseudo_cadence
t=00660 theta slight drift reinforcement_candidate
t=00661 alpha weak rise reinforcement_candidate
t=00662 theta slight drift reinforcement_candidate
t=00663 alpha weak rise reinforcement_candidate
t=00664 theta slight drift reinforcement_candidate
t=00665 iota boundary hint reinforcement_candidate
t=00666 theta slight drift reinforcement_candidate
t=00667 theta slight drift reinforcement_candidate
t=00668 iota boundary hint reinforcement_candidate
t=00669 alpha weak rise reinforcement_candidate
t=00670 alpha weak rise reinforcement_candidate
t=00671 alpha weak rise reinforcement_candidate
t=00672 iota boundary hint reinforcement_candidate
t=00673 theta slight drift reinforcement_candidate
t=00674 alpha weak rise reinforcement_candidate
t=00675 alpha weak rise reinforcement_candidate
t=00676 alpha weak rise reinforcement_candidate
t=00677 alpha weak rise reinforcement_candidate
t=00678 theta slight drift reinforcement_candidate
t=00679 theta slight drift reinforcement_candidate
t=00680 quiet_field carrier
t=00681 quiet_field carrier
t=00682 quiet_field carrier
t=00683 quiet_field carrier
t=00684 quiet_field carrier
t=00685 quiet_field carrier
t=00686 quiet_field carrier
t=00687 quiet_field carrier
t=00688 quiet_field carrier
t=00689 quiet_field carrier
t=00690 quiet_field carrier
t=00691 quiet_field carrier
t=00692 quiet_field carrier
t=00693 quiet_field carrier
t=00694 quiet_field carrier
t=00695 quiet_field carrier
t=00696 quiet_field carrier
t=00697 quiet_field carrier
t=00698 quiet_field carrier
t=00699 quiet_field carrier
t=00700 quiet_field carrier
t=00701 quiet_field carrier
t=00702 quiet_field carrier
t=00703 quiet_field carrier
t=00704 quiet_field carrier
t=00705 quiet_field carrier
t=00706 quiet_field carrier
t=00707 quiet_field carrier
t=00708 quiet_field carrier
t=00709 quiet_field carrier
t=00710 quiet_field carrier
t=00711 quiet_field carrier
t=00712 quiet_field carrier
t=00713 quiet_field carrier
t=00714 quiet_field carrier
t=00715 quiet_field carrier
t=00716 quiet_field carrier
t=00717 quiet_field carrier
t=00718 quiet_field carrier
t=00719 quiet_field carrier
t=00720 quiet_field carrier
t=00721 quiet_field carrier
t=00722 quiet_field carrier
t=00723 quiet_field carrier
t=00724 quiet_field carrier
t=00725 quiet_field carrier
t=00726 quiet_field carrier
t=00727 quiet_field carrier
t=00728 quiet_field carrier
t=00729 quiet_field carrier
t=00730 quiet_field carrier
t=00731 quiet_field carrier
t=00732 quiet_field carrier
t=00733 quiet_field carrier
t=00734 quiet_field carrier
t=00735 quiet_field carrier
t=00736 quiet_field carrier
t=00737 quiet_field carrier
t=00738 quiet_field carrier
t=00739 quiet_field carrier
t=00740 quiet_field carrier
t=00741 quiet_field carrier
t=00742 quiet_field carrier
t=00743 quiet_field carrier
t=00744 quiet_field carrier
t=00745 quiet_field carrier
t=00746 quiet_field carrier
t=00747 quiet_field carrier
t=00748 quiet_field carrier
t=00749 quiet_field carrier
t=00750 quiet_field carrier
t=00751 quiet_field carrier
t=00752 quiet_field carrier
t=00753 quiet_field carrier
t=00754 quiet_field carrier
t=00755 quiet_field carrier
t=00756 quiet_field carrier
t=00757 quiet_field carrier
t=00758 quiet_field carrier
t=00759 quiet_field carrier
t=00760 quiet_field carrier
t=00761 quiet_field carrier
t=00762 quiet_field carrier
t=00763 quiet_field carrier
t=00764 quiet_field carrier
t=00765 quiet_field carrier
t=00766 quiet_field carrier
t=00767 quiet_field carrier
t=00768 quiet_field carrier
t=00769 quiet_field carrier
t=00770 quiet_field carrier
t=00771 quiet_field carrier
t=00772 quiet_field carrier
t=00773 quiet_field carrier
t=00774 quiet_field carrier
t=00775 quiet_field carrier
t=00776 quiet_field carrier
t=00777 quiet_field carrier
t=00778 quiet_field carrier
t=00779 quiet_field carrier
t=00780 quiet_field carrier
t=00781 quiet_field carrier
t=00782 quiet_field carrier
t=00783 quiet_field carrier
t=00784 quiet_field carrier
t=00785 quiet_field carrier
t=00786 quiet_field carrier
t=00787 quiet_field carrier
t=00788 quiet_field carrier
t=00789 quiet_field carrier
t=00790 quiet_field carrier
t=00791 quiet_field carrier
t=00792 quiet_field carrier
t=00793 quiet_field carrier
t=00794 quiet_field carrier
t=00795 quiet_field carrier
t=00796 quiet_field carrier
t=00797 quiet_field carrier
t=00798 quiet_field carrier
t=00799 quiet_field carrier
t=00800 quiet_field carrier
t=00801 quiet_field carrier
t=00802 quiet_field carrier
t=00803 quiet_field carrier
t=00804 quiet_field carrier
t=00805 quiet_field carrier
t=00806 quiet_field carrier
t=00807 quiet_field carrier
t=00808 quiet_field carrier
t=00809 quiet_field carrier
t=00810 quiet_field carrier
t=00811 quiet_field carrier
t=00812 quiet_field carrier
t=00813 quiet_field carrier
t=00814 quiet_field carrier
t=00815 quiet_field carrier
t=00816 quiet_field carrier
t=00817 quiet_field carrier
t=00818 quiet_field carrier
t=00819 quiet_field carrier
t=00820 quiet_field carrier
t=00821 quiet_field carrier
t=00822 quiet_field carrier
t=00823 quiet_field carrier
t=00824 quiet_field carrier
t=00825 quiet_field carrier
t=00826 quiet_field carrier
t=00827 quiet_field carrier
t=00828 quiet_field carrier
t=00829 quiet_field carrier
t=00830 quiet_field carrier
t=00831 quiet_field carrier
t=00832 quiet_field carrier
t=00833 quiet_field carrier
t=00834 quiet_field carrier
t=00835 quiet_field carrier
t=00836 quiet_field carrier
t=00837 quiet_field carrier
t=00838 quiet_field carrier
t=00839 quiet_field carrier
t=00840 quiet_field carrier
t=00841 quiet_field carrier
t=00842 quiet_field carrier
t=00843 quiet_field carrier
t=00844 quiet_field carrier
t=00845 quiet_field carrier
t=00846 quiet_field carrier
t=00847 quiet_field carrier
t=00848 quiet_field carrier
t=00849 quiet_field carrier
t=00850 quiet_field carrier
t=00851 quiet_field carrier
t=00852 quiet_field carrier
t=00853 quiet_field carrier
t=00854 quiet_field carrier
t=00855 quiet_field carrier
t=00856 quiet_field carrier
t=00857 quiet_field carrier
t=00858 quiet_field carrier
t=00859 quiet_field carrier
t=00860 quiet_field carrier
t=00861 quiet_field carrier
t=00862 quiet_field carrier
t=00863 quiet_field carrier
t=00864 quiet_field carrier
t=00865 quiet_field carrier
t=00866 quiet_field carrier
t=00867 quiet_field carrier
t=00868 quiet_field carrier
t=00869 quiet_field carrier
t=00870 quiet_field carrier
t=00871 quiet_field carrier
t=00872 quiet_field carrier
t=00873 quiet_field carrier
t=00874 quiet_field carrier
t=00875 quiet_field carrier
t=00876 quiet_field carrier
t=00877 quiet_field carrier
t=00878 quiet_field carrier
t=00879 quiet_field carrier
t=00880 quiet_field carrier
t=00881 quiet_field carrier
t=00882 quiet_field carrier
t=00883 quiet_field carrier
t=00884 quiet_field carrier
t=00885 quiet_field carrier
t=00886 quiet_field carrier
t=00887 quiet_field carrier
t=00888 quiet_field carrier
t=00889 quiet_field carrier
t=00890 quiet_field carrier
t=00891 quiet_field carrier
t=00892 quiet_field carrier
t=00893 quiet_field carrier
t=00894 quiet_field carrier
t=00895 quiet_field carrier
t=00896 quiet_field carrier
t=00897 quiet_field carrier
t=00898 quiet_field carrier
t=00899 quiet_field carrier
t=00900 quiet_field carrier divergence_zone
t=00901 unmatched shard c divergence_zone
t=00902 unmatched shard a divergence_zone
t=00903 unmatched shard a divergence_zone
t=00904 quiet_field carrier divergence_zone
t=00905 unmatched shard c divergence_zone
t=00906 unmatched shard c divergence_zone
t=00907 unmatched shard c divergence_zone
t=00908 unmatched shard c divergence_zone
t=00909 unmatched shard a divergence_zone
t=00910 unmatched shard a divergence_zone
t=00911 unmatched shard a divergence_zone
t=00912 unmatched shard a divergence_zone
t=00913 unmatched shard c divergence_zone
t=00914 quiet_field carrier divergence_zone
t=00915 unmatched shard a divergence_zone
t=00916 unmatched shard a divergence_zone
t=00917 unmatched shard a divergence_zone
t=00918 unmatched shard c divergence_zone
t=00919 unmatched shard c divergence_zone
t=00920 quiet_field carrier divergence_zone
t=00921 unmatched shard a divergence_zone
t=00922 unmatched shard a divergence_zone
t=00923 unmatched shard a divergence_zone
t=00924 quiet_field carrier divergence_zone
t=00925 unmatched shard c divergence_zone
t=00926 unmatched shard c divergence_zone
t=00927 unmatched shard b divergence_zone
t=00928 unmatched shard c divergence_zone
t=00929 unmatched shard a divergence_zone
t=00930 quiet_field carrier divergence_zone
t=00931 quiet_field carrier divergence_zone
t=00932 quiet_field carrier divergence_zone
t=00933 unmatched shard a divergence_zone
t=00934 unmatched shard a divergence_zone
t=00935 unmatched shard b divergence_zone
t=00936 unmatched shard a divergence_zone
t=00937 unmatched shard c divergence_zone
t=00938 unmatched shard a divergence_zone
t=00939 quiet_field carrier divergence_zone
t=00940 unmatched shard b divergence_zone
t=00941 unmatched shard b divergence_zone
t=00942 unmatched shard b divergence_zone
t=00943 unmatched shard a divergence_zone
t=00944 unmatched shard c divergence_zone
t=00945 mu local flicker imperfect_echo
t=00946 mu local flicker imperfect_echo
t=00947 mu local flicker imperfect_echo
t=00948 mu local flicker imperfect_echo
t=00949 mu local flicker imperfect_echo
t=00950 mu local flicker imperfect_echo
t=00951 mu local flicker imperfect_echo
t=00952 mu local flicker imperfect_echo
t=00953 mu local flicker imperfect_echo
t=00954 mu local flicker imperfect_echo
t=00955 mu local flicker imperfect_echo
t=00956 mu local flicker imperfect_echo
t=00957 mu local flicker imperfect_echo
t=00958 mu local flicker imperfect_echo
t=00959 mu local flicker imperfect_echo
t=00960 mu local flicker imperfect_echo
t=00961 mu local flicker imperfect_echo
t=00962 mu local flicker imperfect_echo
t=00963 mu local flicker imperfect_echo
t=00964 mu local flicker imperfect_echo
t=00965 mu local flicker imperfect_echo
t=00966 mu local flicker imperfect_echo
t=00967 mu local flicker imperfect_echo
t=00968 mu local flicker imperfect_echo
t=00969 mu local flicker imperfect_echo
t=00970 mu local flicker imperfect_echo
t=00971 mu local flicker imperfect_echo
t=00972 mu local flicker imperfect_echo
t=00973 mu local flicker imperfect_echo
t=00974 mu local flicker imperfect_echo
t=00975 iota boundary hint imperfect_echo
t=00976 iota boundary hint imperfect_echo
t=00977 iota boundary hint imperfect_echo
t=00978 iota boundary hint imperfect_echo
t=00979 iota boundary hint imperfect_echo
t=00980 iota boundary hint imperfect_echo
t=00981 iota boundary hint imperfect_echo
t=00982 iota boundary hint imperfect_echo
t=00983 iota boundary hint imperfect_echo
t=00984 iota boundary hint imperfect_echo
t=00985 iota boundary hint imperfect_echo
t=00986 iota boundary hint imperfect_echo
t=00987 iota boundary hint imperfect_echo
t=00988 iota boundary hint imperfect_echo
t=00989 iota boundary hint imperfect_echo
t=00990 iota boundary hint imperfect_echo
t=00991 iota boundary hint imperfect_echo
t=00992 iota boundary hint imperfect_echo
t=00993 iota boundary hint imperfect_echo
t=00994 iota boundary hint imperfect_echo
t=00995 iota boundary hint imperfect_echo
t=00996 iota boundary hint imperfect_echo
t=00997 iota boundary hint imperfect_echo
t=00998 iota boundary hint imperfect_echo
t=00999 iota boundary hint imperfect_echo
t=01000 iota boundary hint imperfect_echo
t=01001 iota boundary hint imperfect_echo
t=01002 iota boundary hint imperfect_echo
t=01003 iota boundary hint imperfect_echo
t=01004 iota boundary hint imperfect_echo
t=01005 kappa boundary hint imperfect_echo
t=01006 kappa boundary hint imperfect_echo
t=01007 kappa boundary hint imperfect_echo
t=01008 kappa boundary hint imperfect_echo
t=01009 kappa boundary hint imperfect_echo
t=01010 kappa boundary hint imperfect_echo
t=01011 kappa boundary hint imperfect_echo
t=01012 kappa boundary hint imperfect_echo
t=01013 kappa boundary hint imperfect_echo
t=01014 kappa boundary hint imperfect_echo
t=01015 kappa boundary hint imperfect_echo
t=01016 kappa boundary hint imperfect_echo
t=01017 kappa boundary hint imperfect_echo
t=01018 kappa boundary hint imperfect_echo
t=01019 kappa boundary hint imperfect_echo
t=01020 kappa boundary hint imperfect_echo
t=01021 kappa boundary hint imperfect_echo
t=01022 kappa boundary hint imperfect_echo
t=01023 kappa boundary hint imperfect_echo
t=01024 kappa boundary hint imperfect_echo
t=01025 kappa boundary hint imperfect_echo
t=01026 kappa boundary hint imperfect_echo
t=01027 kappa boundary hint imperfect_echo
t=01028 kappa boundary hint imperfect_echo
t=01029 kappa boundary hint imperfect_echo
t=01030 kappa boundary hint imperfect_echo
t=01031 kappa boundary hint imperfect_echo
t=01032 kappa boundary hint imperfect_echo
t=01033 kappa boundary hint imperfect_echo
t=01034 kappa boundary hint imperfect_echo
t=01035 iota boundary hint imperfect_echo
t=01036 iota boundary hint imperfect_echo
t=01037 iota boundary hint imperfect_echo
t=01038 iota boundary hint imperfect_echo
t=01039 iota boundary hint imperfect_echo
t=01040 iota boundary hint pseudo_cadence
t=01041 iota boundary hint pseudo_cadence
t=01042 iota boundary hint pseudo_cadence
t=01043 iota boundary hint pseudo_cadence
t=01044 iota boundary hint pseudo_cadence
t=01045 iota boundary hint pseudo_cadence
t=01046 iota boundary hint pseudo_cadence
t=01047 iota boundary hint pseudo_cadence
t=01048 iota boundary hint pseudo_cadence
t=01049 iota boundary hint pseudo_cadence
t=01050 iota boundary hint pseudo_cadence
t=01051 iota boundary hint pseudo_cadence
t=01052 iota boundary hint pseudo_cadence
t=01053 iota boundary hint pseudo_cadence
t=01054 iota boundary hint pseudo_cadence
t=01055 iota boundary hint pseudo_cadence
t=01056 iota boundary hint pseudo_cadence
t=01057 iota boundary hint pseudo_cadence
t=01058 iota boundary hint pseudo_cadence
t=01059 iota boundary hint pseudo_cadence
t=01060 iota boundary hint pseudo_cadence
t=01061 iota boundary hint pseudo_cadence
t=01062 iota boundary hint pseudo_cadence
t=01063 iota boundary hint pseudo_cadence
t=01064 iota boundary hint pseudo_cadence
t=01065 iota boundary hint pseudo_cadence
t=01066 iota boundary hint pseudo_cadence
t=01067 iota boundary hint pseudo_cadence
t=01068 iota boundary hint pseudo_cadence
t=01069 iota boundary hint pseudo_cadence
t=01070 kappa boundary hint pseudo_cadence
t=01071 kappa boundary hint pseudo_cadence
t=01072 kappa boundary hint pseudo_cadence
t=01073 kappa boundary hint pseudo_cadence
t=01074 kappa boundary hint pseudo_cadence
t=01075 kappa boundary hint pseudo_cadence
t=01076 kappa boundary hint pseudo_cadence
t=01077 kappa boundary hint pseudo_cadence
t=01078 kappa boundary hint pseudo_cadence
t=01079 kappa boundary hint pseudo_cadence
t=01080 kappa boundary hint pseudo_cadence
t=01081 kappa boundary hint pseudo_cadence
t=01082 kappa boundary hint pseudo_cadence
t=01083 kappa boundary hint pseudo_cadence
t=01084 kappa boundary hint pseudo_cadence
t=01085 kappa boundary hint pseudo_cadence
t=01086 kappa boundary hint pseudo_cadence
t=01087 kappa boundary hint pseudo_cadence
t=01088 kappa boundary hint pseudo_cadence
t=01089 kappa boundary hint pseudo_cadence
t=01090 kappa boundary hint pseudo_cadence
t=01091 kappa boundary hint pseudo_cadence
t=01092 kappa boundary hint pseudo_cadence
t=01093 kappa boundary hint pseudo_cadence
t=01094 kappa boundary hint pseudo_cadence
t=01095 kappa boundary hint pseudo_cadence
t=01096 kappa boundary hint pseudo_cadence
t=01097 kappa boundary hint pseudo_cadence
t=01098 kappa boundary hint pseudo_cadence
t=01099 kappa boundary hint pseudo_cadence
t=01100 iota boundary hint pseudo_cadence
t=01101 iota boundary hint pseudo_cadence
t=01102 iota boundary hint pseudo_cadence
t=01103 iota boundary hint pseudo_cadence
t=01104 iota boundary hint pseudo_cadence
t=01105 iota boundary hint pseudo_cadence
t=01106 iota boundary hint pseudo_cadence
t=01107 iota boundary hint pseudo_cadence
t=01108 iota boundary hint pseudo_cadence
t=01109 iota boundary hint pseudo_cadence
t=01110 iota boundary hint pseudo_cadence
t=01111 iota boundary hint pseudo_cadence
t=01112 iota boundary hint pseudo_cadence
t=01113 iota boundary hint pseudo_cadence
t=01114 iota boundary hint pseudo_cadence
t=01115 iota boundary hint pseudo_cadence
t=01116 iota boundary hint pseudo_cadence
t=01117 iota boundary hint pseudo_cadence
t=01118 iota boundary hint pseudo_cadence
t=01119 iota boundary hint pseudo_cadence
t=01120 iota boundary hint pseudo_cadence
t=01121 iota boundary hint pseudo_cadence
t=01122 iota boundary hint pseudo_cadence
t=01123 iota boundary hint pseudo_cadence
t=01124 iota boundary hint pseudo_cadence
t=01125 iota boundary hint pseudo_cadence
t=01126 iota boundary hint pseudo_cadence
t=01127 iota boundary hint pseudo_cadence
t=01128 iota boundary hint pseudo_cadence
t=01129 iota boundary hint pseudo_cadence
t=01130 mu local flicker pseudo_cadence
t=01131 mu local flicker pseudo_cadence
t=01132 mu local flicker pseudo_cadence
t=01133 mu local flicker pseudo_cadence
t=01134 mu local flicker pseudo_cadence
t=01135 mu local flicker pseudo_cadence
t=01136 mu local flicker pseudo_cadence
t=01137 mu local flicker pseudo_cadence
t=01138 mu local flicker pseudo_cadence
t=01139 mu local flicker pseudo_cadence
t=01140 mu local flicker pseudo_cadence
t=01141 mu local flicker pseudo_cadence
t=01142 mu local flicker pseudo_cadence
t=01143 mu local flicker pseudo_cadence
t=01144 mu local flicker pseudo_cadence
t=01145 mu local flicker pseudo_cadence
t=01146 mu local flicker pseudo_cadence
t=01147 mu local flicker pseudo_cadence
t=01148 mu local flicker pseudo_cadence
t=01149 mu local flicker pseudo_cadence
t=01150 mu local flicker pseudo_cadence
t=01151 mu local flicker pseudo_cadence
t=01152 mu local flicker pseudo_cadence
t=01153 mu local flicker pseudo_cadence
t=01154 mu local flicker pseudo_cadence
t=01155 mu local flicker pseudo_cadence
t=01156 mu local flicker pseudo_cadence
t=01157 mu local flicker pseudo_cadence
t=01158 mu local flicker pseudo_cadence
t=01159 mu local flicker pseudo_cadence
t=01160 quiet_field carrier divergence_zone
t=01161 quiet_field carrier divergence_zone
t=01162 unmatched shard c divergence_zone
t=01163 unmatched shard b divergence_zone
t=01164 quiet_field carrier divergence_zone
t=01165 unmatched shard b divergence_zone
t=01166 unmatched shard b divergence_zone
t=01167 quiet_field carrier divergence_zone
t=01168 unmatched shard b divergence_zone
t=01169 unmatched shard b divergence_zone
t=01170 unmatched shard b divergence_zone
t=01171 unmatched shard a divergence_zone
t=01172 unmatched shard c divergence_zone
t=01173 unmatched shard b divergence_zone
t=01174 unmatched shard a divergence_zone
t=01175 unmatched shard b divergence_zone
t=01176 unmatched shard a divergence_zone
t=01177 quiet_field carrier divergence_zone
t=01178 unmatched shard a divergence_zone
t=01179 quiet_field carrier divergence_zone
t=01180 quiet_field carrier
t=01181 quiet_field carrier
t=01182 quiet_field carrier
t=01183 quiet_field carrier
t=01184 quiet_field carrier
t=01185 quiet_field carrier
t=01186 quiet_field carrier
t=01187 quiet_field carrier
t=01188 quiet_field carrier
t=01189 quiet_field carrier
t=01190 quiet_field carrier
t=01191 quiet_field carrier
t=01192 quiet_field carrier
t=01193 quiet_field carrier
t=01194 quiet_field carrier
t=01195 quiet_field carrier
t=01196 quiet_field carrier
t=01197 quiet_field carrier
t=01198 quiet_field carrier
t=01199 quiet_field carrier
t=01200 quiet_field carrier
t=01201 quiet_field carrier
t=01202 quiet_field carrier
t=01203 quiet_field carrier
t=01204 quiet_field carrier
t=01205 quiet_field carrier
t=01206 quiet_field carrier
t=01207 quiet_field carrier
t=01208 quiet_field carrier
t=01209 quiet_field carrier
t=01210 quiet_field carrier
t=01211 quiet_field carrier
t=01212 quiet_field carrier
t=01213 quiet_field carrier
t=01214 quiet_field carrier
t=01215 quiet_field carrier
t=01216 quiet_field carrier
t=01217 quiet_field carrier
t=01218 quiet_field carrier
t=01219 quiet_field carrier
t=01220 quiet_field carrier
t=01221 quiet_field carrier
t=01222 quiet_field carrier
t=01223 quiet_field carrier
t=01224 quiet_field carrier
t=01225 quiet_field carrier
t=01226 quiet_field carrier
t=01227 quiet_field carrier
t=01228 quiet_field carrier
t=01229 quiet_field carrier
t=01230 quiet_field carrier
t=01231 quiet_field carrier
t=01232 quiet_field carrier
t=01233 quiet_field carrier
t=01234 quiet_field carrier
t=01235 quiet_field carrier
t=01236 quiet_field carrier
t=01237 quiet_field carrier
t=01238 quiet_field carrier
t=01239 quiet_field carrier
t=01240 quiet_field carrier
t=01241 quiet_field carrier
t=01242 quiet_field carrier
t=01243 quiet_field carrier
t=01244 quiet_field carrier
t=01245 quiet_field carrier
t=01246 quiet_field carrier
t=01247 quiet_field carrier
t=01248 quiet_field carrier
t=01249 quiet_field carrier
t=01250 quiet_field carrier
t=01251 quiet_field carrier
t=01252 quiet_field carrier
t=01253 quiet_field carrier
t=01254 quiet_field carrier
t=01255 quiet_field carrier
t=01256 quiet_field carrier
t=01257 quiet_field carrier
t=01258 quiet_field carrier
t=01259 quiet_field carrier
t=01260 quiet_field carrier
t=01261 quiet_field carrier
t=01262 quiet_field carrier
t=01263 quiet_field carrier
t=01264 quiet_field carrier
t=01265 quiet_field carrier
t=01266 quiet_field carrier
t=01267 quiet_field carrier
t=01268 quiet_field carrier
t=01269 quiet_field carrier
t=01270 quiet_field carrier
t=01271 quiet_field carrier
t=01272 quiet_field carrier
t=01273 quiet_field carrier
t=01274 quiet_field carrier
t=01275 quiet_field carrier
t=01276 quiet_field carrier
t=01277 quiet_field carrier
t=01278 quiet_field carrier
t=01279 quiet_field carrier
t=01280 quiet_field carrier
t=01281 quiet_field carrier
t=01282 quiet_field carrier
t=01283 quiet_field carrier
t=01284 quiet_field carrier
t=01285 quiet_field carrier
t=01286 quiet_field carrier
t=01287 quiet_field carrier
t=01288 quiet_field carrier
t=01289 quiet_field carrier
t=01290 quiet_field carrier
t=01291 quiet_field carrier
t=01292 quiet_field carrier
t=01293 quiet_field carrier
t=01294 quiet_field carrier
t=01295 quiet_field carrier
t=01296 quiet_field carrier
t=01297 quiet_field carrier
t=01298 quiet_field carrier
t=01299 quiet_field carrier
t=01300 quiet_field carrier
t=01301 quiet_field carrier
t=01302 quiet_field carrier
t=01303 quiet_field carrier
t=01304 quiet_field carrier
t=01305 quiet_field carrier
t=01306 quiet_field carrier
t=01307 quiet_field carrier
t=01308 quiet_field carrier
t=01309 quiet_field carrier
t=01310 quiet_field carrier
t=01311 quiet_field carrier
t=01312 quiet_field carrier
t=01313 quiet_field carrier
t=01314 quiet_field carrier
t=01315 quiet_field carrier
t=01316 quiet_field carrier
t=01317 quiet_field carrier
t=01318 quiet_field carrier
t=01319 quiet_field carrier
t=01320 quiet_field carrier
t=01321 quiet_field carrier
t=01322 quiet_field carrier
t=01323 quiet_field carrier
t=01324 quiet_field carrier
t=01325 quiet_field carrier
t=01326 quiet_field carrier
t=01327 quiet_field carrier
t=01328 quiet_field carrier
t=01329 quiet_field carrier
t=01330 quiet_field carrier
t=01331 quiet_field carrier
t=01332 quiet_field carrier
t=01333 quiet_field carrier
t=01334 quiet_field carrier
t=01335 quiet_field carrier
t=01336 quiet_field carrier
t=01337 quiet_field carrier
t=01338 quiet_field carrier
t=01339 quiet_field carrier
t=01340 quiet_field carrier
t=01341 quiet_field carrier
t=01342 quiet_field carrier
t=01343 quiet_field carrier
t=01344 quiet_field carrier
t=01345 quiet_field carrier
t=01346 quiet_field carrier
t=01347 quiet_field carrier
t=01348 quiet_field carrier
t=01349 quiet_field carrier
t=01350 quiet_field carrier
t=01351 quiet_field carrier
t=01352 quiet_field carrier
t=01353 quiet_field carrier
t=01354 quiet_field carrier
t=01355 quiet_field carrier
t=01356 quiet_field carrier
t=01357 quiet_field carrier
t=01358 quiet_field carrier
t=01359 quiet_field carrier
t=01360 quiet_field carrier
t=01361 quiet_field carrier
t=01362 quiet_field carrier
t=01363 quiet_field carrier
t=01364 quiet_field carrier
t=01365 quiet_field carrier
t=01366 quiet_field carrier
t=01367 quiet_field carrier
t=01368 quiet_field carrier
t=01369 quiet_field carrier
t=01370 quiet_field carrier
t=01371 quiet_field carrier
t=01372 quiet_field carrier
t=01373 quiet_field carrier
t=01374 quiet_field carrier
t=01375 quiet_field carrier
t=01376 quiet_field carrier
t=01377 quiet_field carrier
t=01378 quiet_field carrier
t=01379 quiet_field carrier
t=01380 quiet_field carrier
t=01381 quiet_field carrier
t=01382 quiet_field carrier
t=01383 quiet_field carrier
t=01384 quiet_field carrier
t=01385 quiet_field carrier
t=01386 quiet_field carrier
t=01387 quiet_field carrier
t=01388 quiet_field carrier
t=01389 quiet_field carrier
t=01390 quiet_field carrier
t=01391 quiet_field carrier
t=01392 quiet_field carrier
t=01393 quiet_field carrier
t=01394 quiet_field carrier
t=01395 quiet_field carrier
t=01396 quiet_field carrier
t=01397 quiet_field carrier
t=01398 quiet_field carrier
t=01399 quiet_field carrier
t=01400 quiet_field carrier
t=01401 quiet_field carrier
t=01402 quiet_field carrier
t=01403 quiet_field carrier
t=01404 quiet_field carrier
t=01405 quiet_field carrier
t=01406 quiet_field carrier
t=01407 quiet_field carrier
t=01408 quiet_field carrier
t=01409 quiet_field carrier
t=01410 quiet_field carrier
t=01411 quiet_field carrier
t=01412 quiet_field carrier
t=01413 quiet_field carrier
t=01414 quiet_field carrier
t=01415 quiet_field carrier
t=01416 quiet_field carrier
t=01417 quiet_field carrier
t=01418 quiet_field carrier
t=01419 quiet_field carrier
t=01420 quiet_field carrier
t=01421 quiet_field carrier
t=01422 quiet_field carrier
t=01423 quiet_field carrier
t=01424 quiet_field carrier
t=01425 quiet_field carrier
t=01426 quiet_field carrier
t=01427 quiet_field carrier
t=01428 quiet_field carrier
t=01429 quiet_field carrier
t=01430 quiet_field carrier
t=01431 quiet_field carrier
t=01432 quiet_field carrier
t=01433 quiet_field carrier
t=01434 quiet_field carrier
t=01435 quiet_field carrier
t=01436 quiet_field carrier
t=01437 quiet_field carrier
t=01438 quiet_field carrier
t=01439 quiet_field carrier
t=01440 quiet_field carrier
t=01441 quiet_field carrier
t=01442 quiet_field carrier
t=01443 quiet_field carrier
t=01444 quiet_field carrier
t=01445 quiet_field carrier
t=01446 quiet_field carrier
t=01447 quiet_field carrier
t=01448 quiet_field carrier
t=01449 quiet_field carrier
t=01450 quiet_field carrier
t=01451 quiet_field carrier
t=01452 quiet_field carrier
t=01453 quiet_field carrier
t=01454 quiet_field carrier
t=01455 quiet_field carrier
t=01456 quiet_field carrier
t=01457 quiet_field carrier
t=01458 quiet_field carrier
t=01459 quiet_field carrier
t=01460 quiet_field carrier
t=01461 quiet_field carrier
t=01462 quiet_field carrier
t=01463 quiet_field carrier
t=01464 quiet_field carrier
t=01465 quiet_field carrier
t=01466 quiet_field carrier
t=01467 quiet_field carrier
t=01468 quiet_field carrier
t=01469 quiet_field carrier
t=01470 quiet_field carrier
t=01471 quiet_field carrier
t=01472 quiet_field carrier
t=01473 quiet_field carrier
t=01474 quiet_field carrier
t=01475 quiet_field carrier
t=01476 quiet_field carrier
t=01477 quiet_field carrier
t=01478 quiet_field carrier
t=01479 quiet_field carrier
t=01480 quiet_field carrier
t=01481 quiet_field carrier
t=01482 quiet_field carrier
t=01483 quiet_field carrier
t=01484 quiet_field carrier
t=01485 quiet_field carrier
t=01486 quiet_field carrier
t=01487 quiet_field carrier
t=01488 quiet_field carrier
t=01489 quiet_field carrier
t=01490 quiet_field carrier
t=01491 quiet_field carrier
t=01492 quiet_field carrier
t=01493 quiet_field carrier
t=01494 quiet_field carrier
t=01495 quiet_field carrier
t=01496 quiet_field carrier
t=01497 quiet_field carrier
t=01498 quiet_field carrier
t=01499 quiet_field carrier
t=01500 quiet_field carrier
t=01501 quiet_field carrier
t=01502 quiet_field carrier
t=01503 quiet_field carrier
t=01504 quiet_field carrier
t=01505 quiet_field carrier
t=01506 quiet_field carrier
t=01507 quiet_field carrier
t=01508 quiet_field carrier
t=01509 quiet_field carrier
t=01510 quiet_field carrier
t=01511 quiet_field carrier
t=01512 quiet_field carrier
t=01513 quiet_field carrier
t=01514 quiet_field carrier
t=01515 quiet_field carrier
t=01516 quiet_field carrier
t=01517 quiet_field carrier
t=01518 quiet_field carrier
t=01519 quiet_field carrier
t=01520 quiet_field carrier
t=01521 quiet_field carrier
t=01522 quiet_field carrier
t=01523 quiet_field carrier
t=01524 quiet_field carrier
t=01525 quiet_field carrier
t=01526 quiet_field carrier
t=01527 quiet_field carrier
t=01528 quiet_field carrier
t=01529 quiet_field carrier
t=01530 quiet_field carrier
t=01531 quiet_field carrier
t=01532 quiet_field carrier
t=01533 quiet_field carrier
t=01534 quiet_field carrier
t=01535 quiet_field carrier
t=01536 quiet_field carrier
t=01537 quiet_field carrier
t=01538 quiet_field carrier
t=01539 quiet_field carrier
t=01540 alpha weak rise pseudo_cadence
t=01541 alpha weak rise pseudo_cadence
t=01542 alpha weak rise pseudo_cadence
t=01543 alpha weak rise pseudo_cadence
t=01544 alpha weak rise pseudo_cadence
t=01545 alpha weak rise pseudo_cadence
t=01546 alpha weak rise pseudo_cadence
t=01547 alpha weak rise pseudo_cadence
t=01548 alpha weak rise pseudo_cadence
t=01549 alpha weak rise pseudo_cadence
t=01550 alpha weak rise pseudo_cadence
t=01551 alpha weak rise pseudo_cadence
t=01552 alpha weak rise pseudo_cadence
t=01553 alpha weak rise pseudo_cadence
t=01554 alpha weak rise pseudo_cadence
t=01555 alpha weak rise pseudo_cadence
t=01556 alpha weak rise pseudo_cadence
t=01557 alpha weak rise pseudo_cadence
t=01558 alpha weak rise pseudo_cadence
t=01559 alpha weak rise pseudo_cadence
t=01560 alpha weak rise pseudo_cadence
t=01561 alpha weak rise pseudo_cadence
t=01562 alpha weak rise pseudo_cadence
t=01563 alpha weak rise pseudo_cadence
t=01564 alpha weak rise pseudo_cadence
t=01565 alpha weak rise pseudo_cadence
t=01566 alpha weak rise pseudo_cadence
t=01567 alpha weak rise pseudo_cadence
t=01568 alpha weak rise pseudo_cadence
t=01569 alpha weak rise pseudo_cadence
t=01570 beta weak fall pseudo_cadence
t=01571 beta weak fall pseudo_cadence
t=01572 beta weak fall pseudo_cadence
t=01573 beta weak fall pseudo_cadence
t=01574 beta weak fall pseudo_cadence
t=01575 beta weak fall pseudo_cadence
t=01576 beta weak fall pseudo_cadence
t=01577 beta weak fall pseudo_cadence
t=01578 beta weak fall pseudo_cadence
t=01579 beta weak fall pseudo_cadence
t=01580 beta weak fall pseudo_cadence
t=01581 beta weak fall pseudo_cadence
t=01582 beta weak fall pseudo_cadence
t=01583 beta weak fall pseudo_cadence
t=01584 beta weak fall pseudo_cadence
t=01585 beta weak fall pseudo_cadence
t=01586 beta weak fall pseudo_cadence
t=01587 beta weak fall pseudo_cadence
t=01588 beta weak fall pseudo_cadence
t=01589 beta weak fall pseudo_cadence
t=01590 beta weak fall pseudo_cadence
t=01591 beta weak fall pseudo_cadence
t=01592 beta weak fall pseudo_cadence
t=01593 beta weak fall pseudo_cadence
t=01594 beta weak fall pseudo_cadence
t=01595 beta weak fall pseudo_cadence
t=01596 beta weak fall pseudo_cadence
t=01597 beta weak fall pseudo_cadence
t=01598 beta weak fall pseudo_cadence
t=01599 beta weak fall pseudo_cadence
t=01600 alpha weak rise pseudo_cadence
t=01601 alpha weak rise pseudo_cadence
t=01602 alpha weak rise pseudo_cadence
t=01603 alpha weak rise pseudo_cadence
t=01604 alpha weak rise pseudo_cadence
t=01605 alpha weak rise pseudo_cadence
t=01606 alpha weak rise pseudo_cadence
t=01607 alpha weak rise pseudo_cadence
t=01608 alpha weak rise pseudo_cadence
t=01609 alpha weak rise pseudo_cadence
t=01610 alpha weak rise pseudo_cadence
t=01611 alpha weak rise pseudo_cadence
t=01612 alpha weak rise pseudo_cadence
t=01613 alpha weak rise pseudo_cadence
t=01614 alpha weak rise pseudo_cadence
t=01615 alpha weak rise pseudo_cadence
t=01616 alpha weak rise pseudo_cadence
t=01617 alpha weak rise pseudo_cadence
t=01618 alpha weak rise pseudo_cadence
t=01619 alpha weak rise pseudo_cadence
t=01620 alpha weak rise pseudo_cadence
t=01621 alpha weak rise pseudo_cadence
t=01622 alpha weak rise pseudo_cadence
t=01623 alpha weak rise pseudo_cadence
t=01624 alpha weak rise pseudo_cadence
t=01625 alpha weak rise pseudo_cadence
t=01626 alpha weak rise pseudo_cadence
t=01627 alpha weak rise pseudo_cadence
t=01628 alpha weak rise pseudo_cadence
t=01629 alpha weak rise pseudo_cadence
t=01630 gamma soft pulse pseudo_cadence
t=01631 gamma soft pulse pseudo_cadence
t=01632 gamma soft pulse pseudo_cadence
t=01633 gamma soft pulse pseudo_cadence
t=01634 gamma soft pulse pseudo_cadence
t=01635 gamma soft pulse pseudo_cadence
t=01636 gamma soft pulse pseudo_cadence
t=01637 gamma soft pulse pseudo_cadence
t=01638 gamma soft pulse pseudo_cadence
t=01639 gamma soft pulse pseudo_cadence
t=01640 gamma soft pulse pseudo_cadence
t=01641 gamma soft pulse pseudo_cadence
t=01642 gamma soft pulse pseudo_cadence
t=01643 gamma soft pulse pseudo_cadence
t=01644 gamma soft pulse pseudo_cadence
t=01645 gamma soft pulse pseudo_cadence
t=01646 gamma soft pulse pseudo_cadence
t=01647 gamma soft pulse pseudo_cadence
t=01648 gamma soft pulse pseudo_cadence
t=01649 gamma soft pulse pseudo_cadence
t=01650 gamma soft pulse pseudo_cadence
t=01651 gamma soft pulse pseudo_cadence
t=01652 gamma soft pulse pseudo_cadence
t=01653 gamma soft pulse pseudo_cadence
t=01654 gamma soft pulse pseudo_cadence
t=01655 gamma soft pulse pseudo_cadence
t=01656 gamma soft pulse pseudo_cadence
t=01657 gamma soft pulse pseudo_cadence
t=01658 gamma soft pulse pseudo_cadence
t=01659 gamma soft pulse pseudo_cadence
t=01660 alpha weak rise reinforcement_candidate
t=01661 alpha weak rise reinforcement_candidate
t=01662 alpha weak rise reinforcement_candidate
t=01663 iota boundary hint reinforcement_candidate
t=01664 iota boundary hint reinforcement_candidate
t=01665 theta slight drift reinforcement_candidate
t=01666 alpha weak rise reinforcement_candidate
t=01667 iota boundary hint reinforcement_candidate
t=01668 theta slight drift reinforcement_candidate
t=01669 theta slight drift reinforcement_candidate
t=01670 gamma soft pulse imperfect_echo
t=01671 gamma soft pulse imperfect_echo
t=01672 gamma soft pulse imperfect_echo
t=01673 gamma soft pulse imperfect_echo
t=01674 gamma soft pulse imperfect_echo
t=01675 gamma soft pulse imperfect_echo
t=01676 gamma soft pulse imperfect_echo
t=01677 gamma soft pulse imperfect_echo
t=01678 gamma soft pulse imperfect_echo
t=01679 gamma soft pulse imperfect_echo
t=01680 gamma soft pulse imperfect_echo
t=01681 gamma soft pulse imperfect_echo
t=01682 gamma soft pulse imperfect_echo
t=01683 gamma soft pulse imperfect_echo
t=01684 gamma soft pulse imperfect_echo
t=01685 gamma soft pulse imperfect_echo
t=01686 gamma soft pulse imperfect_echo
t=01687 gamma soft pulse imperfect_echo
t=01688 gamma soft pulse imperfect_echo
t=01689 gamma soft pulse imperfect_echo
t=01690 gamma soft pulse imperfect_echo
t=01691 gamma soft pulse imperfect_echo
t=01692 gamma soft pulse imperfect_echo
t=01693 gamma soft pulse imperfect_echo
t=01694 gamma soft pulse imperfect_echo
t=01695 gamma soft pulse imperfect_echo
t=01696 gamma soft pulse imperfect_echo
t=01697 gamma soft pulse imperfect_echo
t=01698 gamma soft pulse imperfect_echo
t=01699 gamma soft pulse imperfect_echo
t=01700 alpha weak rise imperfect_echo
t=01701 alpha weak rise imperfect_echo
t=01702 alpha weak rise imperfect_echo
t=01703 alpha weak rise imperfect_echo
t=01704 alpha weak rise imperfect_echo
t=01705 alpha weak rise imperfect_echo
t=01706 alpha weak rise imperfect_echo
t=01707 alpha weak rise imperfect_echo
t=01708 alpha weak rise imperfect_echo
t=01709 alpha weak rise imperfect_echo
t=01710 alpha weak rise imperfect_echo
t=01711 alpha weak rise imperfect_echo
t=01712 alpha weak rise imperfect_echo
t=01713 alpha weak rise imperfect_echo
t=01714 alpha weak rise imperfect_echo
t=01715 alpha weak rise imperfect_echo
t=01716 alpha weak rise imperfect_echo
t=01717 alpha weak rise imperfect_echo
t=01718 alpha weak rise imperfect_echo
t=01719 alpha weak rise imperfect_echo
t=01720 alpha weak rise imperfect_echo
t=01721 alpha weak rise imperfect_echo
t=01722 alpha weak rise imperfect_echo
t=01723 alpha weak rise imperfect_echo
t=01724 alpha weak rise imperfect_echo
t=01725 alpha weak rise imperfect_echo
t=01726 alpha weak rise imperfect_echo
t=01727 alpha weak rise imperfect_echo
t=01728 alpha weak rise imperfect_echo
t=01729 alpha weak rise imperfect_echo
t=01730 beta weak fall imperfect_echo
t=01731 beta weak fall imperfect_echo
t=01732 beta weak fall imperfect_echo
t=01733 beta weak fall imperfect_echo
t=01734 beta weak fall imperfect_echo
t=01735 beta weak fall imperfect_echo
t=01736 beta weak fall imperfect_echo
t=01737 beta weak fall imperfect_echo
t=01738 beta weak fall imperfect_echo
t=01739 beta weak fall imperfect_echo
t=01740 beta weak fall imperfect_echo
t=01741 beta weak fall imperfect_echo
t=01742 beta weak fall imperfect_echo
t=01743 beta weak fall imperfect_echo
t=01744 beta weak fall imperfect_echo
t=01745 beta weak fall imperfect_echo
t=01746 beta weak fall imperfect_echo
t=01747 beta weak fall imperfect_echo
t=01748 beta weak fall imperfect_echo
t=01749 beta weak fall imperfect_echo
t=01750 beta weak fall imperfect_echo
t=01751 beta weak fall imperfect_echo
t=01752 beta weak fall imperfect_echo
t=01753 beta weak fall imperfect_echo
t=01754 beta weak fall imperfect_echo
t=01755 beta weak fall imperfect_echo
t=01756 beta weak fall imperfect_echo
t=01757 beta weak fall imperfect_echo
t=01758 beta weak fall imperfect_echo
t=01759 beta weak fall imperfect_echo
t=01760 alpha weak rise imperfect_echo
t=01761 alpha weak rise imperfect_echo
t=01762 alpha weak rise imperfect_echo
t=01763 alpha weak rise imperfect_echo
t=01764 alpha weak rise imperfect_echo
t=01765 alpha weak rise imperfect_echo
t=01766 alpha weak rise imperfect_echo
t=01767 alpha weak rise imperfect_echo
t=01768 alpha weak rise imperfect_echo
t=01769 alpha weak rise imperfect_echo
t=01770 alpha weak rise imperfect_echo
t=01771 alpha weak rise imperfect_echo
t=01772 alpha weak rise imperfect_echo
t=01773 alpha weak rise imperfect_echo
t=01774 alpha weak rise imperfect_echo
t=01775 alpha weak rise imperfect_echo
t=01776 alpha weak rise imperfect_echo
t=01777 alpha weak rise imperfect_echo
t=01778 alpha weak rise imperfect_echo
t=01779 alpha weak rise imperfect_echo
t=01780 alpha weak rise imperfect_echo
t=01781 alpha weak rise imperfect_echo
t=01782 alpha weak rise imperfect_echo
t=01783 alpha weak rise imperfect_echo
t=01784 alpha weak rise imperfect_echo
t=01785 alpha weak rise imperfect_echo
t=01786 alpha weak rise imperfect_echo
t=01787 alpha weak rise imperfect_echo
t=01788 alpha weak rise imperfect_echo
t=01789 alpha weak rise imperfect_echo
t=01790 quiet_field carrier
t=01791 quiet_field carrier
t=01792 quiet_field carrier
t=01793 quiet_field carrier
t=01794 quiet_field carrier
t=01795 quiet_field carrier
t=01796 quiet_field carrier
t=01797 quiet_field carrier
t=01798 quiet_field carrier
t=01799 quiet_field carrier
t=01800 quiet_field carrier
t=01801 quiet_field carrier
t=01802 quiet_field carrier
t=01803 quiet_field carrier
t=01804 quiet_field carrier
t=01805 quiet_field carrier
t=01806 quiet_field carrier
t=01807 quiet_field carrier
t=01808 quiet_field carrier
t=01809 quiet_field carrier
t=01810 quiet_field carrier
t=01811 quiet_field carrier
t=01812 quiet_field carrier
t=01813 quiet_field carrier
t=01814 quiet_field carrier
t=01815 quiet_field carrier
t=01816 quiet_field carrier
t=01817 quiet_field carrier
t=01818 quiet_field carrier
t=01819 quiet_field carrier
t=01820 quiet_field carrier
t=01821 quiet_field carrier
t=01822 quiet_field carrier
t=01823 quiet_field carrier
t=01824 quiet_field carrier
t=01825 quiet_field carrier
t=01826 quiet_field carrier
t=01827 quiet_field carrier
t=01828 quiet_field carrier
t=01829 quiet_field carrier
t=01830 quiet_field carrier
t=01831 quiet_field carrier
t=01832 quiet_field carrier
t=01833 quiet_field carrier
t=01834 quiet_field carrier
t=01835 quiet_field carrier
t=01836 quiet_field carrier
t=01837 quiet_field carrier
t=01838 quiet_field carrier
t=01839 quiet_field carrier
t=01840 quiet_field carrier
t=01841 quiet_field carrier
t=01842 quiet_field carrier
t=01843 quiet_field carrier
t=01844 quiet_field carrier
t=01845 quiet_field carrier
t=01846 quiet_field carrier
t=01847 quiet_field carrier
t=01848 quiet_field carrier
t=01849 quiet_field carrier
t=01850 quiet_field carrier
t=01851 quiet_field carrier
t=01852 quiet_field carrier
t=01853 quiet_field carrier
t=01854 quiet_field carrier
t=01855 quiet_field carrier
t=01856 quiet_field carrier
t=01857 quiet_field carrier
t=01858 quiet_field carrier
t=01859 quiet_field carrier
t=01860 quiet_field carrier
t=01861 quiet_field carrier
t=01862 quiet_field carrier
t=01863 quiet_field carrier
t=01864 quiet_field carrier
t=01865 quiet_field carrier
t=01866 quiet_field carrier
t=01867 quiet_field carrier
t=01868 quiet_field carrier
t=01869 quiet_field carrier
t=01870 quiet_field carrier
t=01871 quiet_field carrier
t=01872 quiet_field carrier
t=01873 quiet_field carrier
t=01874 quiet_field carrier
t=01875 quiet_field carrier
t=01876 quiet_field carrier
t=01877 quiet_field carrier
t=01878 quiet_field carrier
t=01879 quiet_field carrier
t=01880 quiet_field carrier
t=01881 quiet_field carrier
t=01882 quiet_field carrier
t=01883 quiet_field carrier
t=01884 quiet_field carrier
t=01885 quiet_field carrier
t=01886 quiet_field carrier
t=01887 quiet_field carrier
t=01888 quiet_field carrier
t=01889 quiet_field carrier
t=01890 quiet_field carrier
t=01891 quiet_field carrier
t=01892 quiet_field carrier
t=01893 quiet_field carrier
t=01894 quiet_field carrier
t=01895 quiet_field carrier
t=01896 quiet_field carrier
t=01897 quiet_field carrier
t=01898 quiet_field carrier
t=01899 quiet_field carrier
t=01900 quiet_field carrier
t=01901 quiet_field carrier
t=01902 quiet_field carrier
t=01903 quiet_field carrier
t=01904 quiet_field carrier
t=01905 quiet_field carrier
t=01906 quiet_field carrier
t=01907 quiet_field carrier
t=01908 quiet_field carrier
t=01909 quiet_field carrier
t=01910 quiet_field carrier
t=01911 quiet_field carrier
t=01912 quiet_field carrier
t=01913 quiet_field carrier
t=01914 quiet_field carrier
t=01915 quiet_field carrier
t=01916 quiet_field carrier
t=01917 quiet_field carrier
t=01918 quiet_field carrier
t=01919 quiet_field carrier
t=01920 quiet_field carrier
t=01921 quiet_field carrier
t=01922 quiet_field carrier
t=01923 quiet_field carrier
t=01924 quiet_field carrier
t=01925 quiet_field carrier
t=01926 quiet_field carrier
t=01927 quiet_field carrier
t=01928 quiet_field carrier
t=01929 quiet_field carrier
t=01930 quiet_field carrier
t=01931 quiet_field carrier
t=01932 quiet_field carrier
t=01933 quiet_field carrier
t=01934 quiet_field carrier
t=01935 quiet_field carrier
t=01936 quiet_field carrier
t=01937 quiet_field carrier
t=01938 quiet_field carrier
t=01939 quiet_field carrier
t=01940 quiet_field carrier
t=01941 quiet_field carrier
t=01942 quiet_field carrier
t=01943 quiet_field carrier
t=01944 quiet_field carrier
t=01945 quiet_field carrier
t=01946 quiet_field carrier
t=01947 quiet_field carrier
t=01948 quiet_field carrier
t=01949 quiet_field carrier
t=01950 quiet_field carrier
t=01951 quiet_field carrier
t=01952 quiet_field carrier
t=01953 quiet_field carrier
t=01954 quiet_field carrier
t=01955 quiet_field carrier
t=01956 quiet_field carrier
t=01957 quiet_field carrier
t=01958 quiet_field carrier
t=01959 quiet_field carrier
t=01960 quiet_field carrier
t=01961 quiet_field carrier
t=01962 quiet_field carrier
t=01963 quiet_field carrier
t=01964 quiet_field carrier
t=01965 quiet_field carrier
t=01966 quiet_field carrier
t=01967 quiet_field carrier
t=01968 quiet_field carrier
t=01969 quiet_field carrier
t=01970 quiet_field carrier
t=01971 quiet_field carrier
t=01972 quiet_field carrier
t=01973 quiet_field carrier
t=01974 quiet_field carrier
t=01975 quiet_field carrier
t=01976 quiet_field carrier
t=01977 quiet_field carrier
t=01978 quiet_field carrier
t=01979 quiet_field carrier
t=01980 quiet_field carrier
t=01981 quiet_field carrier
t=01982 quiet_field carrier
t=01983 quiet_field carrier
t=01984 quiet_field carrier
t=01985 quiet_field carrier
t=01986 quiet_field carrier
t=01987 quiet_field carrier
t=01988 quiet_field carrier
t=01989 quiet_field carrier
t=01990 quiet_field carrier
t=01991 quiet_field carrier
t=01992 quiet_field carrier
t=01993 quiet_field carrier
t=01994 quiet_field carrier
t=01995 quiet_field carrier
t=01996 quiet_field carrier
t=01997 quiet_field carrier
t=01998 quiet_field carrier
t=01999 quiet_field carrier
t=02000 quiet_field carrier
t=02001 quiet_field carrier
t=02002 quiet_field carrier
t=02003 quiet_field carrier
t=02004 quiet_field carrier
t=02005 quiet_field carrier
t=02006 quiet_field carrier
t=02007 quiet_field carrier
t=02008 quiet_field carrier
t=02009 quiet_field carrier
t=02010 quiet_field carrier
t=02011 quiet_field carrier
t=02012 quiet_field carrier
t=02013 quiet_field carrier
t=02014 quiet_field carrier
t=02015 quiet_field carrier
t=02016 quiet_field carrier
t=02017 quiet_field carrier
t=02018 quiet_field carrier
t=02019 quiet_field carrier
t=02020 quiet_field carrier
t=02021 quiet_field carrier
t=02022 quiet_field carrier
t=02023 quiet_field carrier
t=02024 quiet_field carrier
t=02025 quiet_field carrier
t=02026 quiet_field carrier
t=02027 quiet_field carrier
t=02028 quiet_field carrier
t=02029 quiet_field carrier
t=02030 quiet_field carrier
t=02031 quiet_field carrier
t=02032 quiet_field carrier
t=02033 quiet_field carrier
t=02034 quiet_field carrier
t=02035 quiet_field carrier
t=02036 quiet_field carrier
t=02037 quiet_field carrier
t=02038 quiet_field carrier
t=02039 quiet_field carrier
t=02040 theta slight drift pseudo_cadence
t=02041 theta slight drift pseudo_cadence
t=02042 theta slight drift pseudo_cadence
t=02043 theta slight drift pseudo_cadence
t=02044 theta slight drift pseudo_cadence
t=02045 theta slight drift pseudo_cadence
t=02046 theta slight drift pseudo_cadence
t=02047 theta slight drift pseudo_cadence
t=02048 theta slight drift pseudo_cadence
t=02049 theta slight drift pseudo_cadence
t=02050 theta slight drift pseudo_cadence
t=02051 theta slight drift pseudo_cadence
t=02052 theta slight drift pseudo_cadence
t=02053 theta slight drift pseudo_cadence
t=02054 theta slight drift pseudo_cadence
t=02055 theta slight drift pseudo_cadence
t=02056 theta slight drift pseudo_cadence
t=02057 theta slight drift pseudo_cadence
t=02058 theta slight drift pseudo_cadence
t=02059 theta slight drift pseudo_cadence
t=02060 theta slight drift pseudo_cadence
t=02061 theta slight drift pseudo_cadence
t=02062 theta slight drift pseudo_cadence
t=02063 theta slight drift pseudo_cadence
t=02064 theta slight drift pseudo_cadence
t=02065 theta slight drift pseudo_cadence
t=02066 theta slight drift pseudo_cadence
t=02067 theta slight drift pseudo_cadence
t=02068 theta slight drift pseudo_cadence
t=02069 theta slight drift pseudo_cadence
t=02070 lambda slight drift pseudo_cadence
t=02071 lambda slight drift pseudo_cadence
t=02072 lambda slight drift pseudo_cadence
t=02073 lambda slight drift pseudo_cadence
t=02074 lambda slight drift pseudo_cadence
t=02075 lambda slight drift pseudo_cadence
t=02076 lambda slight drift pseudo_cadence
t=02077 lambda slight drift pseudo_cadence
t=02078 lambda slight drift pseudo_cadence
t=02079 lambda slight drift pseudo_cadence
t=02080 lambda slight drift pseudo_cadence
t=02081 lambda slight drift pseudo_cadence
t=02082 lambda slight drift pseudo_cadence
t=02083 lambda slight drift pseudo_cadence
t=02084 lambda slight drift pseudo_cadence
t=02085 lambda slight drift pseudo_cadence
t=02086 lambda slight drift pseudo_cadence
t=02087 lambda slight drift pseudo_cadence
t=02088 lambda slight drift pseudo_cadence
t=02089 lambda slight drift pseudo_cadence
t=02090 lambda slight drift pseudo_cadence
t=02091 lambda slight drift pseudo_cadence
t=02092 lambda slight drift pseudo_cadence
t=02093 lambda slight drift pseudo_cadence
t=02094 lambda slight drift pseudo_cadence
t=02095 lambda slight drift pseudo_cadence
t=02096 lambda slight drift pseudo_cadence
t=02097 lambda slight drift pseudo_cadence
t=02098 lambda slight drift pseudo_cadence
t=02099 lambda slight drift pseudo_cadence
t=02100 theta slight drift pseudo_cadence
t=02101 theta slight drift pseudo_cadence
t=02102 theta slight drift pseudo_cadence
t=02103 theta slight drift pseudo_cadence
t=02104 theta slight drift pseudo_cadence
t=02105 theta slight drift pseudo_cadence
t=02106 theta slight drift pseudo_cadence
t=02107 theta slight drift pseudo_cadence
t=02108 theta slight drift pseudo_cadence
t=02109 theta slight drift pseudo_cadence
t=02110 theta slight drift pseudo_cadence
t=02111 theta slight drift pseudo_cadence
t=02112 theta slight drift pseudo_cadence
t=02113 theta slight drift pseudo_cadence
t=02114 theta slight drift pseudo_cadence
t=02115 theta slight drift pseudo_cadence
t=02116 theta slight drift pseudo_cadence
t=02117 theta slight drift pseudo_cadence
t=02118 theta slight drift pseudo_cadence
t=02119 theta slight drift pseudo_cadence
t=02120 theta slight drift pseudo_cadence
t=02121 theta slight drift pseudo_cadence
t=02122 theta slight drift pseudo_cadence
t=02123 theta slight drift pseudo_cadence
t=02124 theta slight drift pseudo_cadence
t=02125 theta slight drift pseudo_cadence
t=02126 theta slight drift pseudo_cadence
t=02127 theta slight drift pseudo_cadence
t=02128 theta slight drift pseudo_cadence
t=02129 theta slight drift pseudo_cadence
t=02130 delta soft pulse pseudo_cadence
t=02131 delta soft pulse pseudo_cadence
t=02132 delta soft pulse pseudo_cadence
t=02133 delta soft pulse pseudo_cadence
t=02134 delta soft pulse pseudo_cadence
t=02135 delta soft pulse pseudo_cadence
t=02136 delta soft pulse pseudo_cadence
t=02137 delta soft pulse pseudo_cadence
t=02138 delta soft pulse pseudo_cadence
t=02139 delta soft pulse pseudo_cadence
t=02140 delta soft pulse pseudo_cadence
t=02141 delta soft pulse pseudo_cadence
t=02142 delta soft pulse pseudo_cadence
t=02143 delta soft pulse pseudo_cadence
t=02144 delta soft pulse pseudo_cadence
t=02145 delta soft pulse pseudo_cadence
t=02146 delta soft pulse pseudo_cadence
t=02147 delta soft pulse pseudo_cadence
t=02148 delta soft pulse pseudo_cadence
t=02149 delta soft pulse pseudo_cadence
t=02150 delta soft pulse pseudo_cadence
t=02151 delta soft pulse pseudo_cadence
t=02152 delta soft pulse pseudo_cadence
t=02153 delta soft pulse pseudo_cadence
t=02154 delta soft pulse pseudo_cadence
t=02155 delta soft pulse pseudo_cadence
t=02156 delta soft pulse pseudo_cadence
t=02157 delta soft pulse pseudo_cadence
t=02158 delta soft pulse pseudo_cadence
t=02159 delta soft pulse pseudo_cadence
t=02160 quiet_field carrier
t=02161 quiet_field carrier
t=02162 quiet_field carrier
t=02163 quiet_field carrier
t=02164 quiet_field carrier
t=02165 quiet_field carrier
t=02166 quiet_field carrier
t=02167 quiet_field carrier
t=02168 quiet_field carrier
t=02169 quiet_field carrier
t=02170 quiet_field carrier
t=02171 quiet_field carrier
t=02172 quiet_field carrier
t=02173 quiet_field carrier
t=02174 quiet_field carrier
t=02175 quiet_field carrier
t=02176 quiet_field carrier
t=02177 quiet_field carrier
t=02178 quiet_field carrier
t=02179 quiet_field carrier
t=02180 quiet_field carrier
t=02181 quiet_field carrier
t=02182 quiet_field carrier
t=02183 quiet_field carrier
t=02184 quiet_field carrier
t=02185 quiet_field carrier
t=02186 quiet_field carrier
t=02187 quiet_field carrier
t=02188 quiet_field carrier
t=02189 quiet_field carrier
t=02190 quiet_field carrier
t=02191 quiet_field carrier
t=02192 quiet_field carrier
t=02193 quiet_field carrier
t=02194 quiet_field carrier
t=02195 quiet_field carrier
t=02196 quiet_field carrier
t=02197 quiet_field carrier
t=02198 quiet_field carrier
t=02199 quiet_field carrier
t=02200 quiet_field carrier
t=02201 quiet_field carrier
t=02202 quiet_field carrier
t=02203 quiet_field carrier
t=02204 quiet_field carrier
t=02205 quiet_field carrier
t=02206 quiet_field carrier
t=02207 quiet_field carrier
t=02208 quiet_field carrier
t=02209 quiet_field carrier
t=02210 quiet_field carrier
t=02211 quiet_field carrier
t=02212 quiet_field carrier
t=02213 quiet_field carrier
t=02214 quiet_field carrier
t=02215 quiet_field carrier
t=02216 quiet_field carrier
t=02217 quiet_field carrier
t=02218 quiet_field carrier
t=02219 quiet_field carrier
t=02220 quiet_field carrier
t=02221 quiet_field carrier
t=02222 quiet_field carrier
t=02223 quiet_field carrier
t=02224 quiet_field carrier
t=02225 quiet_field carrier
t=02226 quiet_field carrier
t=02227 quiet_field carrier
t=02228 quiet_field carrier
t=02229 quiet_field carrier
t=02230 quiet_field carrier
t=02231 quiet_field carrier
t=02232 quiet_field carrier
t=02233 quiet_field carrier
t=02234 quiet_field carrier
t=02235 quiet_field carrier
t=02236 quiet_field carrier
t=02237 quiet_field carrier
t=02238 quiet_field carrier
t=02239 quiet_field carrier
t=02240 quiet_field carrier
t=02241 quiet_field carrier
t=02242 quiet_field carrier
t=02243 quiet_field carrier
t=02244 quiet_field carrier
t=02245 quiet_field carrier
t=02246 quiet_field carrier
t=02247 quiet_field carrier
t=02248 quiet_field carrier
t=02249 quiet_field carrier
t=02250 quiet_field carrier
t=02251 quiet_field carrier
t=02252 quiet_field carrier
t=02253 quiet_field carrier
t=02254 quiet_field carrier
t=02255 quiet_field carrier
t=02256 quiet_field carrier
t=02257 quiet_field carrier
t=02258 quiet_field carrier
t=02259 quiet_field carrier
t=02260 quiet_field carrier
t=02261 quiet_field carrier
t=02262 quiet_field carrier
t=02263 quiet_field carrier
t=02264 quiet_field carrier
t=02265 quiet_field carrier
t=02266 quiet_field carrier
t=02267 quiet_field carrier
t=02268 quiet_field carrier
t=02269 quiet_field carrier
t=02270 quiet_field carrier
t=02271 quiet_field carrier
t=02272 quiet_field carrier
t=02273 quiet_field carrier
t=02274 quiet_field carrier
t=02275 quiet_field carrier
t=02276 quiet_field carrier
t=02277 quiet_field carrier
t=02278 quiet_field carrier
t=02279 quiet_field carrier
t=02280 quiet_field carrier
t=02281 quiet_field carrier
t=02282 quiet_field carrier
t=02283 quiet_field carrier
t=02284 quiet_field carrier
t=02285 quiet_field carrier
t=02286 quiet_field carrier
t=02287 quiet_field carrier
t=02288 quiet_field carrier
t=02289 quiet_field carrier
t=02290 quiet_field carrier
t=02291 quiet_field carrier
t=02292 quiet_field carrier
t=02293 quiet_field carrier
t=02294 quiet_field carrier
t=02295 quiet_field carrier
t=02296 quiet_field carrier
t=02297 quiet_field carrier
t=02298 quiet_field carrier
t=02299 quiet_field carrier
t=02300 unmatched shard a divergence_zone
t=02301 unmatched shard c divergence_zone
t=02302 unmatched shard a divergence_zone
t=02303 unmatched shard a divergence_zone
t=02304 unmatched shard a divergence_zone
t=02305 unmatched shard b divergence_zone
t=02306 quiet_field carrier divergence_zone
t=02307 unmatched shard b divergence_zone
t=02308 unmatched shard c divergence_zone
t=02309 unmatched shard b divergence_zone
t=02310 quiet_field carrier divergence_zone
t=02311 quiet_field carrier divergence_zone
t=02312 unmatched shard c divergence_zone
t=02313 unmatched shard c divergence_zone
t=02314 unmatched shard b divergence_zone
t=02315 unmatched shard b divergence_zone
t=02316 unmatched shard c divergence_zone
t=02317 unmatched shard b divergence_zone
t=02318 unmatched shard c divergence_zone
t=02319 unmatched shard b divergence_zone
t=02320 unmatched shard c divergence_zone
t=02321 unmatched shard c divergence_zone
t=02322 unmatched shard b divergence_zone
t=02323 unmatched shard b divergence_zone
t=02324 unmatched shard b divergence_zone
t=02325 unmatched shard a divergence_zone
t=02326 unmatched shard a divergence_zone
t=02327 quiet_field carrier divergence_zone
t=02328 quiet_field carrier divergence_zone
t=02329 unmatched shard c divergence_zone
t=02330 unmatched shard b divergence_zone
t=02331 quiet_field carrier divergence_zone
t=02332 unmatched shard a divergence_zone
t=02333 unmatched shard a divergence_zone
t=02334 unmatched shard c divergence_zone
t=02335 unmatched shard c divergence_zone
t=02336 quiet_field carrier divergence_zone
t=02337 unmatched shard a divergence_zone
t=02338 unmatched shard c divergence_zone
t=02339 unmatched shard a divergence_zone
t=02340 unmatched shard c divergence_zone
t=02341 unmatched shard c divergence_zone
t=02342 unmatched shard c divergence_zone
t=02343 unmatched shard a divergence_zone
t=02344 quiet_field carrier divergence_zone
t=02345 quiet_field carrier divergence_zone
t=02346 unmatched shard b divergence_zone
t=02347 unmatched shard c divergence_zone
t=02348 unmatched shard c divergence_zone
t=02349 unmatched shard b divergence_zone
t=02350 unmatched shard a divergence_zone
t=02351 unmatched shard b divergence_zone
t=02352 quiet_field carrier divergence_zone
t=02353 unmatched shard c divergence_zone
t=02354 unmatched shard c divergence_zone
t=02355 unmatched shard c divergence_zone
t=02356 unmatched shard b divergence_zone
t=02357 quiet_field carrier divergence_zone
t=02358 unmatched shard a divergence_zone
t=02359 unmatched shard a divergence_zone
t=02360 unmatched shard c divergence_zone
t=02361 unmatched shard c divergence_zone
t=02362 quiet_field carrier divergence_zone
t=02363 unmatched shard a divergence_zone
t=02364 quiet_field carrier divergence_zone
t=02365 unmatched shard c divergence_zone
t=02366 unmatched shard c divergence_zone
t=02367 unmatched shard c divergence_zone
t=02368 unmatched shard c divergence_zone
t=02369 unmatched shard b divergence_zone
t=02370 unmatched shard c divergence_zone
t=02371 quiet_field carrier divergence_zone
t=02372 quiet_field carrier divergence_zone
t=02373 unmatched shard c divergence_zone
t=02374 unmatched shard b divergence_zone
t=02375 unmatched shard b divergence_zone
t=02376 unmatched shard a divergence_zone
t=02377 unmatched shard c divergence_zone
t=02378 unmatched shard a divergence_zone
t=02379 unmatched shard b divergence_zone
t=02380 unmatched shard b divergence_zone
t=02381 unmatched shard b divergence_zone
t=02382 unmatched shard c divergence_zone
t=02383 unmatched shard b divergence_zone
t=02384 quiet_field carrier divergence_zone
t=02385 unmatched shard c divergence_zone
t=02386 unmatched shard a divergence_zone
t=02387 unmatched shard b divergence_zone
t=02388 unmatched shard c divergence_zone
t=02389 unmatched shard a divergence_zone
t=02390 unmatched shard c divergence_zone
t=02391 quiet_field carrier divergence_zone
t=02392 unmatched shard c divergence_zone
t=02393 unmatched shard a divergence_zone
t=02394 unmatched shard c divergence_zone
t=02395 delta soft pulse imperfect_echo
t=02396 delta soft pulse imperfect_echo
t=02397 delta soft pulse imperfect_echo
t=02398 delta soft pulse imperfect_echo
t=02399 delta soft pulse imperfect_echo
t=02400 delta soft pulse imperfect_echo
t=02401 delta soft pulse imperfect_echo
t=02402 delta soft pulse imperfect_echo
t=02403 delta soft pulse imperfect_echo
t=02404 delta soft pulse imperfect_echo
t=02405 delta soft pulse imperfect_echo
t=02406 delta soft pulse imperfect_echo
t=02407 delta soft pulse imperfect_echo
t=02408 delta soft pulse imperfect_echo
t=02409 delta soft pulse imperfect_echo
t=02410 delta soft pulse imperfect_echo
t=02411 delta soft pulse imperfect_echo
t=02412 delta soft pulse imperfect_echo
t=02413 delta soft pulse imperfect_echo
t=02414 delta soft pulse imperfect_echo
t=02415 delta soft pulse imperfect_echo
t=02416 delta soft pulse imperfect_echo
t=02417 delta soft pulse imperfect_echo
t=02418 delta soft pulse imperfect_echo
t=02419 delta soft pulse imperfect_echo
t=02420 delta soft pulse imperfect_echo
t=02421 delta soft pulse imperfect_echo
t=02422 delta soft pulse imperfect_echo
t=02423 delta soft pulse imperfect_echo
t=02424 delta soft pulse imperfect_echo
t=02425 theta slight drift imperfect_echo
t=02426 theta slight drift imperfect_echo
t=02427 theta slight drift imperfect_echo
t=02428 theta slight drift imperfect_echo
t=02429 theta slight drift imperfect_echo
t=02430 theta slight drift imperfect_echo
t=02431 theta slight drift imperfect_echo
t=02432 theta slight drift imperfect_echo
t=02433 theta slight drift imperfect_echo
t=02434 theta slight drift imperfect_echo
t=02435 theta slight drift imperfect_echo
t=02436 theta slight drift imperfect_echo
t=02437 theta slight drift imperfect_echo
t=02438 theta slight drift imperfect_echo
t=02439 theta slight drift imperfect_echo
t=02440 theta slight drift imperfect_echo
t=02441 theta slight drift imperfect_echo
t=02442 theta slight drift imperfect_echo
t=02443 theta slight drift imperfect_echo
t=02444 theta slight drift imperfect_echo
t=02445 theta slight drift imperfect_echo
t=02446 theta slight drift imperfect_echo
t=02447 theta slight drift imperfect_echo
t=02448 theta slight drift imperfect_echo
t=02449 theta slight drift imperfect_echo
t=02450 theta slight drift imperfect_echo
t=02451 theta slight drift imperfect_echo
t=02452 theta slight drift imperfect_echo
t=02453 theta slight drift imperfect_echo
t=02454 theta slight drift imperfect_echo
t=02455 lambda slight drift imperfect_echo
t=02456 lambda slight drift imperfect_echo
t=02457 lambda slight drift imperfect_echo
t=02458 lambda slight drift imperfect_echo
t=02459 lambda slight drift imperfect_echo
t=02460 lambda slight drift imperfect_echo
t=02461 lambda slight drift imperfect_echo
t=02462 lambda slight drift imperfect_echo
t=02463 lambda slight drift imperfect_echo
t=02464 lambda slight drift imperfect_echo
t=02465 lambda slight drift imperfect_echo
t=02466 lambda slight drift imperfect_echo
t=02467 lambda slight drift imperfect_echo
t=02468 lambda slight drift imperfect_echo
t=02469 lambda slight drift imperfect_echo
t=02470 lambda slight drift imperfect_echo
t=02471 lambda slight drift imperfect_echo
t=02472 lambda slight drift imperfect_echo
t=02473 lambda slight drift imperfect_echo
t=02474 lambda slight drift imperfect_echo
t=02475 lambda slight drift imperfect_echo
t=02476 lambda slight drift imperfect_echo
t=02477 lambda slight drift imperfect_echo
t=02478 lambda slight drift imperfect_echo
t=02479 lambda slight drift imperfect_echo
t=02480 lambda slight drift imperfect_echo
t=02481 lambda slight drift imperfect_echo
t=02482 lambda slight drift imperfect_echo
t=02483 lambda slight drift imperfect_echo
t=02484 lambda slight drift imperfect_echo
t=02485 theta slight drift imperfect_echo
t=02486 theta slight drift imperfect_echo
t=02487 theta slight drift imperfect_echo
t=02488 theta slight drift imperfect_echo
t=02489 theta slight drift imperfect_echo
t=02490 theta slight drift imperfect_echo
t=02491 theta slight drift imperfect_echo
t=02492 theta slight drift imperfect_echo
t=02493 theta slight drift imperfect_echo
t=02494 theta slight drift imperfect_echo
t=02495 theta slight drift imperfect_echo
t=02496 theta slight drift imperfect_echo
t=02497 theta slight drift imperfect_echo
t=02498 theta slight drift imperfect_echo
t=02499 theta slight drift imperfect_echo
t=02500 theta slight drift imperfect_echo
t=02501 theta slight drift imperfect_echo
t=02502 theta slight drift imperfect_echo
t=02503 theta slight drift imperfect_echo
t=02504 theta slight drift imperfect_echo
t=02505 theta slight drift imperfect_echo
t=02506 theta slight drift imperfect_echo
t=02507 theta slight drift imperfect_echo
t=02508 theta slight drift imperfect_echo
t=02509 theta slight drift imperfect_echo
t=02510 theta slight drift imperfect_echo
t=02511 theta slight drift imperfect_echo
t=02512 theta slight drift imperfect_echo
t=02513 theta slight drift imperfect_echo
t=02514 theta slight drift imperfect_echo
t=02515 quiet_field carrier divergence_zone
t=02516 unmatched shard c divergence_zone
t=02517 unmatched shard b divergence_zone
t=02518 unmatched shard b divergence_zone
t=02519 quiet_field carrier divergence_zone
t=02520 unmatched shard c divergence_zone
t=02521 quiet_field carrier divergence_zone
t=02522 unmatched shard a divergence_zone
t=02523 quiet_field carrier divergence_zone
t=02524 unmatched shard c divergence_zone
t=02525 unmatched shard a divergence_zone
t=02526 unmatched shard a divergence_zone
t=02527 unmatched shard b divergence_zone
t=02528 unmatched shard b divergence_zone
t=02529 unmatched shard c divergence_zone
t=02530 quiet_field carrier divergence_zone
t=02531 unmatched shard c divergence_zone
t=02532 unmatched shard c divergence_zone
t=02533 unmatched shard a divergence_zone
t=02534 quiet_field carrier divergence_zone
t=02535 unmatched shard a divergence_zone
t=02536 unmatched shard a divergence_zone
t=02537 unmatched shard a divergence_zone
t=02538 unmatched shard c divergence_zone
t=02539 unmatched shard a divergence_zone
t=02540 iota boundary hint pseudo_cadence
t=02541 iota boundary hint pseudo_cadence
t=02542 iota boundary hint pseudo_cadence
t=02543 iota boundary hint pseudo_cadence
t=02544 iota boundary hint pseudo_cadence
t=02545 iota boundary hint pseudo_cadence
t=02546 iota boundary hint pseudo_cadence
t=02547 iota boundary hint pseudo_cadence
t=02548 iota boundary hint pseudo_cadence
t=02549 iota boundary hint pseudo_cadence
t=02550 iota boundary hint pseudo_cadence
t=02551 iota boundary hint pseudo_cadence
t=02552 iota boundary hint pseudo_cadence
t=02553 iota boundary hint pseudo_cadence
t=02554 iota boundary hint pseudo_cadence
t=02555 iota boundary hint pseudo_cadence
t=02556 iota boundary hint pseudo_cadence
t=02557 iota boundary hint pseudo_cadence
t=02558 iota boundary hint pseudo_cadence
t=02559 iota boundary hint pseudo_cadence
t=02560 iota boundary hint pseudo_cadence
t=02561 iota boundary hint pseudo_cadence
t=02562 iota boundary hint pseudo_cadence
t=02563 iota boundary hint pseudo_cadence
t=02564 iota boundary hint pseudo_cadence
t=02565 iota boundary hint pseudo_cadence
t=02566 iota boundary hint pseudo_cadence
t=02567 iota boundary hint pseudo_cadence
t=02568 iota boundary hint pseudo_cadence
t=02569 iota boundary hint pseudo_cadence
t=02570 kappa boundary hint pseudo_cadence
t=02571 kappa boundary hint pseudo_cadence
t=02572 kappa boundary hint pseudo_cadence
t=02573 kappa boundary hint pseudo_cadence
t=02574 kappa boundary hint pseudo_cadence
t=02575 kappa boundary hint pseudo_cadence
t=02576 kappa boundary hint pseudo_cadence
t=02577 kappa boundary hint pseudo_cadence
t=02578 kappa boundary hint pseudo_cadence
t=02579 kappa boundary hint pseudo_cadence
t=02580 kappa boundary hint pseudo_cadence
t=02581 kappa boundary hint pseudo_cadence
t=02582 kappa boundary hint pseudo_cadence
t=02583 kappa boundary hint pseudo_cadence
t=02584 kappa boundary hint pseudo_cadence
t=02585 kappa boundary hint pseudo_cadence
t=02586 kappa boundary hint pseudo_cadence
t=02587 kappa boundary hint pseudo_cadence
t=02588 kappa boundary hint pseudo_cadence
t=02589 kappa boundary hint pseudo_cadence
t=02590 kappa boundary hint pseudo_cadence
t=02591 kappa boundary hint pseudo_cadence
t=02592 kappa boundary hint pseudo_cadence
t=02593 kappa boundary hint pseudo_cadence
t=02594 kappa boundary hint pseudo_cadence
t=02595 kappa boundary hint pseudo_cadence
t=02596 kappa boundary hint pseudo_cadence
t=02597 kappa boundary hint pseudo_cadence
t=02598 kappa boundary hint pseudo_cadence
t=02599 kappa boundary hint pseudo_cadence
t=02600 iota boundary hint pseudo_cadence
t=02601 iota boundary hint pseudo_cadence
t=02602 iota boundary hint pseudo_cadence
t=02603 iota boundary hint pseudo_cadence
t=02604 iota boundary hint pseudo_cadence
t=02605 iota boundary hint pseudo_cadence
t=02606 iota boundary hint pseudo_cadence
t=02607 iota boundary hint pseudo_cadence
t=02608 iota boundary hint pseudo_cadence
t=02609 iota boundary hint pseudo_cadence
t=02610 iota boundary hint pseudo_cadence
t=02611 iota boundary hint pseudo_cadence
t=02612 iota boundary hint pseudo_cadence
t=02613 iota boundary hint pseudo_cadence
t=02614 iota boundary hint pseudo_cadence
t=02615 iota boundary hint pseudo_cadence
t=02616 iota boundary hint pseudo_cadence
t=02617 iota boundary hint pseudo_cadence
t=02618 iota boundary hint pseudo_cadence
t=02619 iota boundary hint pseudo_cadence
t=02620 iota boundary hint pseudo_cadence
t=02621 iota boundary hint pseudo_cadence
t=02622 iota boundary hint pseudo_cadence
t=02623 iota boundary hint pseudo_cadence
t=02624 iota boundary hint pseudo_cadence
t=02625 iota boundary hint pseudo_cadence
t=02626 iota boundary hint pseudo_cadence
t=02627 iota boundary hint pseudo_cadence
t=02628 iota boundary hint pseudo_cadence
t=02629 iota boundary hint pseudo_cadence
t=02630 mu local flicker pseudo_cadence
t=02631 mu local flicker pseudo_cadence
t=02632 mu local flicker pseudo_cadence
t=02633 mu local flicker pseudo_cadence
t=02634 mu local flicker pseudo_cadence
t=02635 mu local flicker pseudo_cadence
t=02636 mu local flicker pseudo_cadence
t=02637 mu local flicker pseudo_cadence
t=02638 mu local flicker pseudo_cadence
t=02639 mu local flicker pseudo_cadence
t=02640 mu local flicker pseudo_cadence
t=02641 mu local flicker pseudo_cadence
t=02642 mu local flicker pseudo_cadence
t=02643 mu local flicker pseudo_cadence
t=02644 mu local flicker pseudo_cadence
t=02645 mu local flicker pseudo_cadence
t=02646 mu local flicker pseudo_cadence
t=02647 mu local flicker pseudo_cadence
t=02648 mu local flicker pseudo_cadence
t=02649 mu local flicker pseudo_cadence
t=02650 mu local flicker pseudo_cadence
t=02651 mu local flicker pseudo_cadence
t=02652 mu local flicker pseudo_cadence
t=02653 mu local flicker pseudo_cadence
t=02654 mu local flicker pseudo_cadence
t=02655 mu local flicker pseudo_cadence
t=02656 mu local flicker pseudo_cadence
t=02657 mu local flicker pseudo_cadence
t=02658 mu local flicker pseudo_cadence
t=02659 mu local flicker pseudo_cadence
t=02660 quiet_field carrier
t=02661 quiet_field carrier
t=02662 quiet_field carrier
t=02663 quiet_field carrier
t=02664 quiet_field carrier
t=02665 quiet_field carrier
t=02666 quiet_field carrier
t=02667 quiet_field carrier
t=02668 quiet_field carrier
t=02669 quiet_field carrier
t=02670 quiet_field carrier
t=02671 quiet_field carrier
t=02672 quiet_field carrier
t=02673 quiet_field carrier
t=02674 quiet_field carrier
t=02675 quiet_field carrier
t=02676 quiet_field carrier
t=02677 quiet_field carrier
t=02678 quiet_field carrier
t=02679 quiet_field carrier
t=02680 quiet_field carrier
t=02681 quiet_field carrier
t=02682 quiet_field carrier
t=02683 quiet_field carrier
t=02684 quiet_field carrier
t=02685 quiet_field carrier
t=02686 quiet_field carrier
t=02687 quiet_field carrier
t=02688 quiet_field carrier
t=02689 quiet_field carrier
t=02690 quiet_field carrier
t=02691 quiet_field carrier
t=02692 quiet_field carrier
t=02693 quiet_field carrier
t=02694 quiet_field carrier
t=02695 quiet_field carrier
t=02696 quiet_field carrier
t=02697 quiet_field carrier
t=02698 quiet_field carrier
t=02699 quiet_field carrier
t=02700 quiet_field carrier
t=02701 quiet_field carrier
t=02702 quiet_field carrier
t=02703 quiet_field carrier
t=02704 quiet_field carrier
t=02705 quiet_field carrier
t=02706 quiet_field carrier
t=02707 quiet_field carrier
t=02708 quiet_field carrier
t=02709 quiet_field carrier
t=02710 quiet_field carrier
t=02711 quiet_field carrier
t=02712 quiet_field carrier
t=02713 quiet_field carrier
t=02714 quiet_field carrier
t=02715 quiet_field carrier
t=02716 quiet_field carrier
t=02717 quiet_field carrier
t=02718 quiet_field carrier
t=02719 quiet_field carrier
t=02720 quiet_field carrier
t=02721 quiet_field carrier
t=02722 quiet_field carrier
t=02723 quiet_field carrier
t=02724 quiet_field carrier
t=02725 quiet_field carrier
t=02726 quiet_field carrier
t=02727 quiet_field carrier
t=02728 quiet_field carrier
t=02729 quiet_field carrier
t=02730 quiet_field carrier
t=02731 quiet_field carrier
t=02732 quiet_field carrier
t=02733 quiet_field carrier
t=02734 quiet_field carrier
t=02735 quiet_field carrier
t=02736 quiet_field carrier
t=02737 quiet_field carrier
t=02738 quiet_field carrier
t=02739 quiet_field carrier
t=02740 iota boundary hint reinforcement_candidate
t=02741 theta slight drift reinforcement_candidate
t=02742 theta slight drift reinforcement_candidate
t=02743 alpha weak rise reinforcement_candidate
t=02744 iota boundary hint reinforcement_candidate
t=02745 theta slight drift reinforcement_candidate
t=02746 iota boundary hint reinforcement_candidate
t=02747 alpha weak rise reinforcement_candidate
t=02748 theta slight drift reinforcement_candidate
t=02749 alpha weak rise reinforcement_candidate
t=02750 alpha weak rise reinforcement_candidate
t=02751 iota boundary hint reinforcement_candidate
t=02752 theta slight drift reinforcement_candidate
t=02753 iota boundary hint reinforcement_candidate
t=02754 alpha weak rise reinforcement_candidate
t=02755 theta slight drift reinforcement_candidate
t=02756 alpha weak rise reinforcement_candidate
t=02757 iota boundary hint reinforcement_candidate
t=02758 theta slight drift reinforcement_candidate
t=02759 alpha weak rise reinforcement_candidate
t=02760 theta slight drift reinforcement_candidate
t=02761 alpha weak rise reinforcement_candidate
t=02762 theta slight drift reinforcement_candidate
t=02763 iota boundary hint reinforcement_candidate
t=02764 iota boundary hint reinforcement_candidate
t=02765 iota boundary hint reinforcement_candidate
t=02766 alpha weak rise reinforcement_candidate
t=02767 theta slight drift reinforcement_candidate
t=02768 alpha weak rise reinforcement_candidate
t=02769 theta slight drift reinforcement_candidate
t=02770 iota boundary hint reinforcement_candidate
t=02771 iota boundary hint reinforcement_candidate
t=02772 alpha weak rise reinforcement_candidate
t=02773 iota boundary hint reinforcement_candidate
t=02774 alpha weak rise reinforcement_candidate
t=02775 iota boundary hint reinforcement_candidate
t=02776 alpha weak rise reinforcement_candidate
t=02777 alpha weak rise reinforcement_candidate
t=02778 theta slight drift reinforcement_candidate
t=02779 iota boundary hint reinforcement_candidate
t=02780 alpha weak rise reinforcement_candidate
t=02781 iota boundary hint reinforcement_candidate
t=02782 theta slight drift reinforcement_candidate
t=02783 alpha weak rise reinforcement_candidate
t=02784 alpha weak rise reinforcement_candidate
t=02785 theta slight drift reinforcement_candidate
t=02786 alpha weak rise reinforcement_candidate
t=02787 theta slight drift reinforcement_candidate
t=02788 alpha weak rise reinforcement_candidate
t=02789 iota boundary hint reinforcement_candidate
t=02790 alpha weak rise reinforcement_candidate
t=02791 alpha weak rise reinforcement_candidate
t=02792 alpha weak rise reinforcement_candidate
t=02793 alpha weak rise reinforcement_candidate
t=02794 iota boundary hint reinforcement_candidate
t=02795 alpha weak rise reinforcement_candidate
t=02796 alpha weak rise reinforcement_candidate
t=02797 alpha weak rise reinforcement_candidate
t=02798 alpha weak rise reinforcement_candidate
t=02799 alpha weak rise reinforcement_candidate
t=02800 alpha weak rise reinforcement_candidate
t=02801 iota boundary hint reinforcement_candidate
t=02802 alpha weak rise reinforcement_candidate
t=02803 alpha weak rise reinforcement_candidate
t=02804 iota boundary hint reinforcement_candidate
t=02805 theta slight drift reinforcement_candidate
t=02806 alpha weak rise reinforcement_candidate
t=02807 iota boundary hint reinforcement_candidate
t=02808 alpha weak rise reinforcement_candidate
t=02809 alpha weak rise reinforcement_candidate
t=02810 alpha weak rise reinforcement_candidate
t=02811 alpha weak rise reinforcement_candidate
t=02812 alpha weak rise reinforcement_candidate
t=02813 alpha weak rise reinforcement_candidate
t=02814 alpha weak rise reinforcement_candidate
t=02815 theta slight drift reinforcement_candidate
t=02816 alpha weak rise reinforcement_candidate
t=02817 alpha weak rise reinforcement_candidate
t=02818 iota boundary hint reinforcement_candidate
t=02819 iota boundary hint reinforcement_candidate
t=02820 iota boundary hint reinforcement_candidate
t=02821 iota boundary hint reinforcement_candidate
t=02822 alpha weak rise reinforcement_candidate
t=02823 iota boundary hint reinforcement_candidate
t=02824 alpha weak rise reinforcement_candidate
t=02825 alpha weak rise reinforcement_candidate
t=02826 alpha weak rise reinforcement_candidate
t=02827 alpha weak rise reinforcement_candidate
t=02828 iota boundary hint reinforcement_candidate
t=02829 alpha weak rise reinforcement_candidate
t=02830 iota boundary hint reinforcement_candidate
t=02831 iota boundary hint reinforcement_candidate
t=02832 theta slight drift reinforcement_candidate
t=02833 alpha weak rise reinforcement_candidate
t=02834 alpha weak rise reinforcement_candidate
t=02835 iota boundary hint reinforcement_candidate
t=02836 iota boundary hint reinforcement_candidate
t=02837 alpha weak rise reinforcement_candidate
t=02838 theta slight drift reinforcement_candidate
t=02839 alpha weak rise reinforcement_candidate
t=02840 theta slight drift reinforcement_candidate
t=02841 alpha weak rise reinforcement_candidate
t=02842 iota boundary hint reinforcement_candidate
t=02843 theta slight drift reinforcement_candidate
t=02844 alpha weak rise reinforcement_candidate
t=02845 alpha weak rise reinforcement_candidate
t=02846 iota boundary hint reinforcement_candidate
t=02847 iota boundary hint reinforcement_candidate
t=02848 alpha weak rise reinforcement_candidate
t=02849 theta slight drift reinforcement_candidate
t=02850 theta slight drift reinforcement_candidate
t=02851 alpha weak rise reinforcement_candidate
t=02852 alpha weak rise reinforcement_candidate
t=02853 theta slight drift reinforcement_candidate
t=02854 iota boundary hint reinforcement_candidate
t=02855 alpha weak rise reinforcement_candidate
t=02856 iota boundary hint reinforcement_candidate
t=02857 alpha weak rise reinforcement_candidate
t=02858 iota boundary hint reinforcement_candidate
t=02859 alpha weak rise reinforcement_candidate
t=02860 theta slight drift reinforcement_candidate
t=02861 alpha weak rise reinforcement_candidate
t=02862 alpha weak rise reinforcement_candidate
t=02863 alpha weak rise reinforcement_candidate
t=02864 alpha weak rise reinforcement_candidate
t=02865 theta slight drift reinforcement_candidate
t=02866 alpha weak rise reinforcement_candidate
t=02867 alpha weak rise reinforcement_candidate
t=02868 theta slight drift reinforcement_candidate
t=02869 alpha weak rise reinforcement_candidate
t=02870 alpha weak rise reinforcement_candidate
t=02871 alpha weak rise reinforcement_candidate
t=02872 alpha weak rise reinforcement_candidate
t=02873 alpha weak rise reinforcement_candidate
t=02874 iota boundary hint reinforcement_candidate
t=02875 alpha weak rise reinforcement_candidate
t=02876 theta slight drift reinforcement_candidate
t=02877 alpha weak rise reinforcement_candidate
t=02878 iota boundary hint reinforcement_candidate
t=02879 alpha weak rise reinforcement_candidate
t=02880 quiet_field carrier
t=02881 quiet_field carrier
t=02882 quiet_field carrier
t=02883 quiet_field carrier
t=02884 quiet_field carrier
t=02885 quiet_field carrier
t=02886 quiet_field carrier
t=02887 quiet_field carrier
t=02888 quiet_field carrier
t=02889 quiet_field carrier
t=02890 quiet_field carrier
t=02891 quiet_field carrier
t=02892 quiet_field carrier
t=02893 quiet_field carrier
t=02894 quiet_field carrier
t=02895 quiet_field carrier
t=02896 quiet_field carrier
t=02897 quiet_field carrier
t=02898 quiet_field carrier
t=02899 quiet_field carrier
t=02900 quiet_field carrier
t=02901 quiet_field carrier
t=02902 quiet_field carrier
t=02903 quiet_field carrier
t=02904 quiet_field carrier
t=02905 quiet_field carrier
t=02906 quiet_field carrier
t=02907 quiet_field carrier
t=02908 quiet_field carrier
t=02909 quiet_field carrier
t=02910 quiet_field carrier
t=02911 quiet_field carrier
t=02912 quiet_field carrier
t=02913 quiet_field carrier
t=02914 quiet_field carrier
t=02915 quiet_field carrier
t=02916 quiet_field carrier
t=02917 quiet_field carrier
t=02918 quiet_field carrier
t=02919 quiet_field carrier
t=02920 quiet_field carrier
t=02921 quiet_field carrier
t=02922 quiet_field carrier
t=02923 quiet_field carrier
t=02924 quiet_field carrier
t=02925 quiet_field carrier
t=02926 quiet_field carrier
t=02927 quiet_field carrier
t=02928 quiet_field carrier
t=02929 quiet_field carrier
t=02930 quiet_field carrier
t=02931 quiet_field carrier
t=02932 quiet_field carrier
t=02933 quiet_field carrier
t=02934 quiet_field carrier
t=02935 quiet_field carrier
t=02936 quiet_field carrier
t=02937 quiet_field carrier
t=02938 quiet_field carrier
t=02939 quiet_field carrier
t=02940 quiet_field carrier
t=02941 quiet_field carrier
t=02942 quiet_field carrier
t=02943 quiet_field carrier
t=02944 quiet_field carrier
t=02945 quiet_field carrier
t=02946 quiet_field carrier
t=02947 quiet_field carrier
t=02948 quiet_field carrier
t=02949 quiet_field carrier
t=02950 quiet_field carrier
t=02951 quiet_field carrier
t=02952 quiet_field carrier
t=02953 quiet_field carrier
t=02954 quiet_field carrier
t=02955 quiet_field carrier
t=02956 quiet_field carrier
t=02957 quiet_field carrier
t=02958 quiet_field carrier
t=02959 quiet_field carrier
t=02960 quiet_field carrier
t=02961 quiet_field carrier
t=02962 quiet_field carrier
t=02963 quiet_field carrier
t=02964 quiet_field carrier
t=02965 quiet_field carrier
t=02966 quiet_field carrier
t=02967 quiet_field carrier
t=02968 quiet_field carrier
t=02969 quiet_field carrier
t=02970 quiet_field carrier
t=02971 quiet_field carrier
t=02972 quiet_field carrier
t=02973 quiet_field carrier
t=02974 quiet_field carrier
t=02975 quiet_field carrier
t=02976 quiet_field carrier
t=02977 quiet_field carrier
t=02978 quiet_field carrier
t=02979 quiet_field carrier
t=02980 quiet_field carrier
t=02981 quiet_field carrier
t=02982 quiet_field carrier
t=02983 quiet_field carrier
t=02984 quiet_field carrier
t=02985 quiet_field carrier
t=02986 quiet_field carrier
t=02987 quiet_field carrier
t=02988 quiet_field carrier
t=02989 quiet_field carrier
t=02990 quiet_field carrier
t=02991 quiet_field carrier
t=02992 quiet_field carrier
t=02993 quiet_field carrier
t=02994 quiet_field carrier
t=02995 quiet_field carrier
t=02996 quiet_field carrier
t=02997 quiet_field carrier
t=02998 quiet_field carrier
t=02999 quiet_field carrier
t=03000 quiet_field carrier
t=03001 quiet_field carrier
t=03002 quiet_field carrier
t=03003 quiet_field carrier
t=03004 quiet_field carrier
t=03005 quiet_field carrier
t=03006 quiet_field carrier
t=03007 quiet_field carrier
t=03008 quiet_field carrier
t=03009 quiet_field carrier
t=03010 quiet_field carrier
t=03011 quiet_field carrier
t=03012 quiet_field carrier
t=03013 quiet_field carrier
t=03014 quiet_field carrier
t=03015 quiet_field carrier
t=03016 quiet_field carrier
t=03017 quiet_field carrier
t=03018 quiet_field carrier
t=03019 quiet_field carrier
t=03020 quiet_field carrier
t=03021 quiet_field carrier
t=03022 quiet_field carrier
t=03023 quiet_field carrier
t=03024 quiet_field carrier
t=03025 quiet_field carrier
t=03026 quiet_field carrier
t=03027 quiet_field carrier
t=03028 quiet_field carrier
t=03029 quiet_field carrier
t=03030 quiet_field carrier
t=03031 quiet_field carrier
t=03032 quiet_field carrier
t=03033 quiet_field carrier
t=03034 quiet_field carrier
t=03035 quiet_field carrier
t=03036 quiet_field carrier
t=03037 quiet_field carrier
t=03038 quiet_field carrier
t=03039 quiet_field carrier
t=03040 alpha weak rise pseudo_cadence
t=03041 alpha weak rise pseudo_cadence
t=03042 alpha weak rise pseudo_cadence
t=03043 alpha weak rise pseudo_cadence
t=03044 alpha weak rise pseudo_cadence
t=03045 alpha weak rise pseudo_cadence
t=03046 alpha weak rise pseudo_cadence
t=03047 alpha weak rise pseudo_cadence
t=03048 alpha weak rise pseudo_cadence
t=03049 alpha weak rise pseudo_cadence
t=03050 alpha weak rise pseudo_cadence
t=03051 alpha weak rise pseudo_cadence
t=03052 alpha weak rise pseudo_cadence
t=03053 alpha weak rise pseudo_cadence
t=03054 alpha weak rise pseudo_cadence
t=03055 alpha weak rise pseudo_cadence
t=03056 alpha weak rise pseudo_cadence
t=03057 alpha weak rise pseudo_cadence
t=03058 alpha weak rise pseudo_cadence
t=03059 alpha weak rise pseudo_cadence
t=03060 alpha weak rise pseudo_cadence
t=03061 alpha weak rise pseudo_cadence
t=03062 alpha weak rise pseudo_cadence
t=03063 alpha weak rise pseudo_cadence
t=03064 alpha weak rise pseudo_cadence
t=03065 alpha weak rise pseudo_cadence
t=03066 alpha weak rise pseudo_cadence
t=03067 alpha weak rise pseudo_cadence
t=03068 alpha weak rise pseudo_cadence
t=03069 alpha weak rise pseudo_cadence
t=03070 beta weak fall pseudo_cadence
t=03071 beta weak fall pseudo_cadence
t=03072 beta weak fall pseudo_cadence
t=03073 beta weak fall pseudo_cadence
t=03074 beta weak fall pseudo_cadence
t=03075 beta weak fall pseudo_cadence
t=03076 beta weak fall pseudo_cadence
t=03077 beta weak fall pseudo_cadence
t=03078 beta weak fall pseudo_cadence
t=03079 beta weak fall pseudo_cadence
t=03080 beta weak fall pseudo_cadence
t=03081 beta weak fall pseudo_cadence
t=03082 beta weak fall pseudo_cadence
t=03083 beta weak fall pseudo_cadence
t=03084 beta weak fall pseudo_cadence
t=03085 beta weak fall pseudo_cadence
t=03086 beta weak fall pseudo_cadence
t=03087 beta weak fall pseudo_cadence
t=03088 beta weak fall pseudo_cadence
t=03089 beta weak fall pseudo_cadence
t=03090 beta weak fall pseudo_cadence
t=03091 beta weak fall pseudo_cadence
t=03092 beta weak fall pseudo_cadence
t=03093 beta weak fall pseudo_cadence
t=03094 beta weak fall pseudo_cadence
t=03095 beta weak fall pseudo_cadence
t=03096 beta weak fall pseudo_cadence
t=03097 beta weak fall pseudo_cadence
t=03098 beta weak fall pseudo_cadence
t=03099 beta weak fall pseudo_cadence
t=03100 alpha weak rise pseudo_cadence
t=03101 alpha weak rise pseudo_cadence
t=03102 alpha weak rise pseudo_cadence
t=03103 alpha weak rise pseudo_cadence
t=03104 alpha weak rise pseudo_cadence
t=03105 alpha weak rise pseudo_cadence
t=03106 alpha weak rise pseudo_cadence
t=03107 alpha weak rise pseudo_cadence
t=03108 alpha weak rise pseudo_cadence
t=03109 alpha weak rise pseudo_cadence
t=03110 alpha weak rise pseudo_cadence
t=03111 alpha weak rise pseudo_cadence
t=03112 alpha weak rise pseudo_cadence
t=03113 alpha weak rise pseudo_cadence
t=03114 alpha weak rise pseudo_cadence
t=03115 alpha weak rise pseudo_cadence
t=03116 alpha weak rise pseudo_cadence
t=03117 alpha weak rise pseudo_cadence
t=03118 alpha weak rise pseudo_cadence
t=03119 alpha weak rise pseudo_cadence
t=03120 alpha weak rise pseudo_cadence
t=03121 alpha weak rise pseudo_cadence
t=03122 alpha weak rise pseudo_cadence
t=03123 alpha weak rise pseudo_cadence
t=03124 alpha weak rise pseudo_cadence
t=03125 alpha weak rise pseudo_cadence
t=03126 alpha weak rise pseudo_cadence
t=03127 alpha weak rise pseudo_cadence
t=03128 alpha weak rise pseudo_cadence
t=03129 alpha weak rise pseudo_cadence
t=03130 gamma soft pulse pseudo_cadence
t=03131 gamma soft pulse pseudo_cadence
t=03132 gamma soft pulse pseudo_cadence
t=03133 gamma soft pulse pseudo_cadence
t=03134 gamma soft pulse pseudo_cadence
t=03135 gamma soft pulse pseudo_cadence
t=03136 gamma soft pulse pseudo_cadence
t=03137 gamma soft pulse pseudo_cadence
t=03138 gamma soft pulse pseudo_cadence
t=03139 gamma soft pulse pseudo_cadence
t=03140 gamma soft pulse pseudo_cadence
t=03141 gamma soft pulse pseudo_cadence
t=03142 gamma soft pulse pseudo_cadence
t=03143 gamma soft pulse pseudo_cadence
t=03144 gamma soft pulse pseudo_cadence
t=03145 gamma soft pulse pseudo_cadence
t=03146 gamma soft pulse pseudo_cadence
t=03147 gamma soft pulse pseudo_cadence
t=03148 gamma soft pulse pseudo_cadence
t=03149 gamma soft pulse pseudo_cadence
t=03150 gamma soft pulse pseudo_cadence
t=03151 gamma soft pulse pseudo_cadence
t=03152 gamma soft pulse pseudo_cadence
t=03153 gamma soft pulse pseudo_cadence
t=03154 gamma soft pulse pseudo_cadence
t=03155 gamma soft pulse pseudo_cadence
t=03156 gamma soft pulse pseudo_cadence
t=03157 gamma soft pulse pseudo_cadence
t=03158 gamma soft pulse pseudo_cadence
t=03159 gamma soft pulse pseudo_cadence
t=03160 iota boundary hint imperfect_echo
t=03161 iota boundary hint imperfect_echo
t=03162 iota boundary hint imperfect_echo
t=03163 iota boundary hint imperfect_echo
t=03164 iota boundary hint imperfect_echo
t=03165 iota boundary hint imperfect_echo
t=03166 iota boundary hint imperfect_echo
t=03167 iota boundary hint imperfect_echo
t=03168 iota boundary hint imperfect_echo
t=03169 iota boundary hint imperfect_echo
t=03170 iota boundary hint imperfect_echo
t=03171 iota boundary hint imperfect_echo
t=03172 iota boundary hint imperfect_echo
t=03173 iota boundary hint imperfect_echo
t=03174 iota boundary hint imperfect_echo
t=03175 iota boundary hint imperfect_echo
t=03176 iota boundary hint imperfect_echo
t=03177 iota boundary hint imperfect_echo
t=03178 iota boundary hint imperfect_echo
t=03179 iota boundary hint imperfect_echo
t=03180 kappa boundary hint imperfect_echo
t=03181 kappa boundary hint imperfect_echo
t=03182 kappa boundary hint imperfect_echo
t=03183 kappa boundary hint imperfect_echo
t=03184 kappa boundary hint imperfect_echo
t=03185 kappa boundary hint imperfect_echo
t=03186 kappa boundary hint imperfect_echo
t=03187 kappa boundary hint imperfect_echo
t=03188 kappa boundary hint imperfect_echo
t=03189 kappa boundary hint imperfect_echo
t=03190 kappa boundary hint imperfect_echo
t=03191 kappa boundary hint imperfect_echo
t=03192 kappa boundary hint imperfect_echo
t=03193 kappa boundary hint imperfect_echo
t=03194 kappa boundary hint imperfect_echo
t=03195 kappa boundary hint imperfect_echo
t=03196 kappa boundary hint imperfect_echo
t=03197 kappa boundary hint imperfect_echo
t=03198 kappa boundary hint imperfect_echo
t=03199 kappa boundary hint imperfect_echo
t=03200 kappa boundary hint imperfect_echo
t=03201 kappa boundary hint imperfect_echo
t=03202 kappa boundary hint imperfect_echo
t=03203 kappa boundary hint imperfect_echo
t=03204 kappa boundary hint imperfect_echo
t=03205 kappa boundary hint imperfect_echo
t=03206 kappa boundary hint imperfect_echo
t=03207 kappa boundary hint imperfect_echo
t=03208 kappa boundary hint imperfect_echo
t=03209 kappa boundary hint imperfect_echo
t=03210 iota boundary hint imperfect_echo
t=03211 iota boundary hint imperfect_echo
t=03212 iota boundary hint imperfect_echo
t=03213 iota boundary hint imperfect_echo
t=03214 iota boundary hint imperfect_echo
t=03215 iota boundary hint imperfect_echo
t=03216 iota boundary hint imperfect_echo
t=03217 iota boundary hint imperfect_echo
t=03218 iota boundary hint imperfect_echo
t=03219 iota boundary hint imperfect_echo
t=03220 iota boundary hint imperfect_echo
t=03221 iota boundary hint imperfect_echo
t=03222 iota boundary hint imperfect_echo
t=03223 iota boundary hint imperfect_echo
t=03224 iota boundary hint imperfect_echo
t=03225 iota boundary hint imperfect_echo
t=03226 iota boundary hint imperfect_echo
t=03227 iota boundary hint imperfect_echo
t=03228 iota boundary hint imperfect_echo
t=03229 iota boundary hint imperfect_echo
t=03230 iota boundary hint imperfect_echo
t=03231 iota boundary hint imperfect_echo
t=03232 iota boundary hint imperfect_echo
t=03233 iota boundary hint imperfect_echo
t=03234 iota boundary hint imperfect_echo
t=03235 iota boundary hint imperfect_echo
t=03236 iota boundary hint imperfect_echo
t=03237 iota boundary hint imperfect_echo
t=03238 iota boundary hint imperfect_echo
t=03239 iota boundary hint imperfect_echo
t=03240 quiet_field carrier
t=03241 quiet_field carrier
t=03242 quiet_field carrier
t=03243 quiet_field carrier
t=03244 quiet_field carrier
t=03245 quiet_field carrier
t=03246 quiet_field carrier
t=03247 quiet_field carrier
t=03248 quiet_field carrier
t=03249 quiet_field carrier
t=03250 quiet_field carrier
t=03251 quiet_field carrier
t=03252 quiet_field carrier
t=03253 quiet_field carrier
t=03254 quiet_field carrier
t=03255 quiet_field carrier
t=03256 quiet_field carrier
t=03257 quiet_field carrier
t=03258 quiet_field carrier
t=03259 quiet_field carrier
t=03260 quiet_field carrier
t=03261 quiet_field carrier
t=03262 quiet_field carrier
t=03263 quiet_field carrier
t=03264 quiet_field carrier
t=03265 quiet_field carrier
t=03266 quiet_field carrier
t=03267 quiet_field carrier
t=03268 quiet_field carrier
t=03269 quiet_field carrier
t=03270 quiet_field carrier
t=03271 quiet_field carrier
t=03272 quiet_field carrier
t=03273 quiet_field carrier
t=03274 quiet_field carrier
t=03275 quiet_field carrier
t=03276 quiet_field carrier
t=03277 quiet_field carrier
t=03278 quiet_field carrier
t=03279 quiet_field carrier
t=03280 quiet_field carrier
t=03281 quiet_field carrier
t=03282 quiet_field carrier
t=03283 quiet_field carrier
t=03284 quiet_field carrier
t=03285 quiet_field carrier
t=03286 quiet_field carrier
t=03287 quiet_field carrier
t=03288 quiet_field carrier
t=03289 quiet_field carrier
t=03290 quiet_field carrier
t=03291 quiet_field carrier
t=03292 quiet_field carrier
t=03293 quiet_field carrier
t=03294 quiet_field carrier
t=03295 quiet_field carrier
t=03296 quiet_field carrier
t=03297 quiet_field carrier
t=03298 quiet_field carrier
t=03299 quiet_field carrier
t=03300 quiet_field carrier
t=03301 quiet_field carrier
t=03302 quiet_field carrier
t=03303 quiet_field carrier
t=03304 quiet_field carrier
t=03305 quiet_field carrier
t=03306 quiet_field carrier
t=03307 quiet_field carrier
t=03308 quiet_field carrier
t=03309 quiet_field carrier
t=03310 quiet_field carrier
t=03311 quiet_field carrier
t=03312 quiet_field carrier
t=03313 quiet_field carrier
t=03314 quiet_field carrier
t=03315 quiet_field carrier
t=03316 quiet_field carrier
t=03317 quiet_field carrier
t=03318 quiet_field carrier
t=03319 quiet_field carrier
t=03320 quiet_field carrier
t=03321 quiet_field carrier
t=03322 quiet_field carrier
t=03323 quiet_field carrier
t=03324 quiet_field carrier
t=03325 quiet_field carrier
t=03326 quiet_field carrier
t=03327 quiet_field carrier
t=03328 quiet_field carrier
t=03329 quiet_field carrier
t=03330 quiet_field carrier
t=03331 quiet_field carrier
t=03332 quiet_field carrier
t=03333 quiet_field carrier
t=03334 quiet_field carrier
t=03335 quiet_field carrier
t=03336 quiet_field carrier
t=03337 quiet_field carrier
t=03338 quiet_field carrier
t=03339 quiet_field carrier
t=03340 quiet_field carrier
t=03341 quiet_field carrier
t=03342 quiet_field carrier
t=03343 quiet_field carrier
t=03344 quiet_field carrier
t=03345 quiet_field carrier
t=03346 quiet_field carrier
t=03347 quiet_field carrier
t=03348 quiet_field carrier
t=03349 quiet_field carrier
t=03350 quiet_field carrier
t=03351 quiet_field carrier
t=03352 quiet_field carrier
t=03353 quiet_field carrier
t=03354 quiet_field carrier
t=03355 quiet_field carrier
t=03356 quiet_field carrier
t=03357 quiet_field carrier
t=03358 quiet_field carrier
t=03359 quiet_field carrier
t=03360 quiet_field carrier
t=03361 quiet_field carrier
t=03362 quiet_field carrier
t=03363 quiet_field carrier
t=03364 quiet_field carrier
t=03365 quiet_field carrier
t=03366 quiet_field carrier
t=03367 quiet_field carrier
t=03368 quiet_field carrier
t=03369 quiet_field carrier
t=03370 quiet_field carrier
t=03371 quiet_field carrier
t=03372 quiet_field carrier
t=03373 quiet_field carrier
t=03374 quiet_field carrier
t=03375 quiet_field carrier
t=03376 quiet_field carrier
t=03377 quiet_field carrier
t=03378 quiet_field carrier
t=03379 quiet_field carrier
t=03380 quiet_field carrier
t=03381 quiet_field carrier
t=03382 quiet_field carrier
t=03383 quiet_field carrier
t=03384 quiet_field carrier
t=03385 quiet_field carrier
t=03386 quiet_field carrier
t=03387 quiet_field carrier
t=03388 quiet_field carrier
t=03389 quiet_field carrier
t=03390 quiet_field carrier
t=03391 quiet_field carrier
t=03392 quiet_field carrier
t=03393 quiet_field carrier
t=03394 quiet_field carrier
t=03395 quiet_field carrier
t=03396 quiet_field carrier
t=03397 quiet_field carrier
t=03398 quiet_field carrier
t=03399 quiet_field carrier
t=03400 quiet_field carrier
t=03401 quiet_field carrier
t=03402 quiet_field carrier
t=03403 quiet_field carrier
t=03404 quiet_field carrier
t=03405 quiet_field carrier
t=03406 quiet_field carrier
t=03407 quiet_field carrier
t=03408 quiet_field carrier
t=03409 quiet_field carrier
t=03410 quiet_field carrier
t=03411 quiet_field carrier
t=03412 quiet_field carrier
t=03413 quiet_field carrier
t=03414 quiet_field carrier
t=03415 quiet_field carrier
t=03416 quiet_field carrier
t=03417 quiet_field carrier
t=03418 quiet_field carrier
t=03419 quiet_field carrier
t=03420 quiet_field carrier
t=03421 quiet_field carrier
t=03422 quiet_field carrier
t=03423 quiet_field carrier
t=03424 quiet_field carrier
t=03425 quiet_field carrier
t=03426 quiet_field carrier
t=03427 quiet_field carrier
t=03428 quiet_field carrier
t=03429 quiet_field carrier
t=03430 quiet_field carrier
t=03431 quiet_field carrier
t=03432 quiet_field carrier
t=03433 quiet_field carrier
t=03434 quiet_field carrier
t=03435 quiet_field carrier
t=03436 quiet_field carrier
t=03437 quiet_field carrier
t=03438 quiet_field carrier
t=03439 quiet_field carrier
t=03440 quiet_field carrier
t=03441 quiet_field carrier
t=03442 quiet_field carrier
t=03443 quiet_field carrier
t=03444 quiet_field carrier
t=03445 quiet_field carrier
t=03446 quiet_field carrier
t=03447 quiet_field carrier
t=03448 quiet_field carrier
t=03449 quiet_field carrier
t=03450 quiet_field carrier
t=03451 quiet_field carrier
t=03452 quiet_field carrier
t=03453 quiet_field carrier
t=03454 quiet_field carrier
t=03455 quiet_field carrier
t=03456 quiet_field carrier
t=03457 quiet_field carrier
t=03458 quiet_field carrier
t=03459 quiet_field carrier
t=03460 quiet_field carrier
t=03461 quiet_field carrier
t=03462 quiet_field carrier
t=03463 quiet_field carrier
t=03464 quiet_field carrier
t=03465 quiet_field carrier
t=03466 quiet_field carrier
t=03467 quiet_field carrier
t=03468 quiet_field carrier
t=03469 quiet_field carrier
t=03470 quiet_field carrier
t=03471 quiet_field carrier
t=03472 quiet_field carrier
t=03473 quiet_field carrier
t=03474 quiet_field carrier
t=03475 quiet_field carrier
t=03476 quiet_field carrier
t=03477 quiet_field carrier
t=03478 quiet_field carrier
t=03479 quiet_field carrier
t=03480 quiet_field carrier
t=03481 quiet_field carrier
t=03482 quiet_field carrier
t=03483 quiet_field carrier
t=03484 quiet_field carrier
t=03485 quiet_field carrier
t=03486 quiet_field carrier
t=03487 quiet_field carrier
t=03488 quiet_field carrier
t=03489 quiet_field carrier
t=03490 quiet_field carrier
t=03491 quiet_field carrier
t=03492 quiet_field carrier
t=03493 quiet_field carrier
t=03494 quiet_field carrier
t=03495 quiet_field carrier
t=03496 quiet_field carrier
t=03497 quiet_field carrier
t=03498 quiet_field carrier
t=03499 quiet_field carrier
t=03500 quiet_field carrier
t=03501 quiet_field carrier
t=03502 quiet_field carrier
t=03503 quiet_field carrier
t=03504 quiet_field carrier
t=03505 quiet_field carrier
t=03506 quiet_field carrier
t=03507 quiet_field carrier
t=03508 quiet_field carrier
t=03509 quiet_field carrier
t=03510 quiet_field carrier
t=03511 quiet_field carrier
t=03512 quiet_field carrier
t=03513 quiet_field carrier
t=03514 quiet_field carrier
t=03515 quiet_field carrier
t=03516 quiet_field carrier
t=03517 quiet_field carrier
t=03518 quiet_field carrier
t=03519 quiet_field carrier
t=03520 quiet_field carrier
t=03521 quiet_field carrier
t=03522 quiet_field carrier
t=03523 quiet_field carrier
t=03524 quiet_field carrier
t=03525 quiet_field carrier
t=03526 quiet_field carrier
t=03527 quiet_field carrier
t=03528 quiet_field carrier
t=03529 quiet_field carrier
t=03530 quiet_field carrier
t=03531 quiet_field carrier
t=03532 quiet_field carrier
t=03533 quiet_field carrier
t=03534 quiet_field carrier
t=03535 quiet_field carrier
t=03536 quiet_field carrier
t=03537 quiet_field carrier
t=03538 quiet_field carrier
t=03539 quiet_field carrier
t=03540 theta slight drift pseudo_cadence
t=03541 theta slight drift pseudo_cadence
t=03542 theta slight drift pseudo_cadence
t=03543 theta slight drift pseudo_cadence
t=03544 theta slight drift pseudo_cadence
t=03545 theta slight drift pseudo_cadence
t=03546 theta slight drift pseudo_cadence
t=03547 theta slight drift pseudo_cadence
t=03548 theta slight drift pseudo_cadence
t=03549 theta slight drift pseudo_cadence
t=03550 theta slight drift pseudo_cadence
t=03551 theta slight drift pseudo_cadence
t=03552 theta slight drift pseudo_cadence
t=03553 theta slight drift pseudo_cadence
t=03554 theta slight drift pseudo_cadence
t=03555 theta slight drift pseudo_cadence
t=03556 theta slight drift pseudo_cadence
t=03557 theta slight drift pseudo_cadence
t=03558 theta slight drift pseudo_cadence
t=03559 theta slight drift pseudo_cadence
t=03560 theta slight drift pseudo_cadence
t=03561 theta slight drift pseudo_cadence
t=03562 theta slight drift pseudo_cadence
t=03563 theta slight drift pseudo_cadence
t=03564 theta slight drift pseudo_cadence
t=03565 theta slight drift pseudo_cadence
t=03566 theta slight drift pseudo_cadence
t=03567 theta slight drift pseudo_cadence
t=03568 theta slight drift pseudo_cadence
t=03569 theta slight drift pseudo_cadence
t=03570 lambda slight drift pseudo_cadence
t=03571 lambda slight drift pseudo_cadence
t=03572 lambda slight drift pseudo_cadence
t=03573 lambda slight drift pseudo_cadence
t=03574 lambda slight drift pseudo_cadence
t=03575 lambda slight drift pseudo_cadence
t=03576 lambda slight drift pseudo_cadence
t=03577 lambda slight drift pseudo_cadence
t=03578 lambda slight drift pseudo_cadence
t=03579 lambda slight drift pseudo_cadence
t=03580 lambda slight drift pseudo_cadence
t=03581 lambda slight drift pseudo_cadence
t=03582 lambda slight drift pseudo_cadence
t=03583 lambda slight drift pseudo_cadence
t=03584 lambda slight drift pseudo_cadence
t=03585 lambda slight drift pseudo_cadence
t=03586 lambda slight drift pseudo_cadence
t=03587 lambda slight drift pseudo_cadence
t=03588 lambda slight drift pseudo_cadence
t=03589 lambda slight drift pseudo_cadence
t=03590 lambda slight drift pseudo_cadence
t=03591 lambda slight drift pseudo_cadence
t=03592 lambda slight drift pseudo_cadence
t=03593 lambda slight drift pseudo_cadence
t=03594 lambda slight drift pseudo_cadence
t=03595 lambda slight drift pseudo_cadence
t=03596 lambda slight drift pseudo_cadence
t=03597 lambda slight drift pseudo_cadence
t=03598 lambda slight drift pseudo_cadence
t=03599 lambda slight drift pseudo_cadence
t=03600 theta slight drift pseudo_cadence
t=03601 theta slight drift pseudo_cadence
t=03602 theta slight drift pseudo_cadence
t=03603 theta slight drift pseudo_cadence
t=03604 theta slight drift pseudo_cadence
t=03605 theta slight drift pseudo_cadence
t=03606 theta slight drift pseudo_cadence
t=03607 theta slight drift pseudo_cadence
t=03608 theta slight drift pseudo_cadence
t=03609 theta slight drift pseudo_cadence
t=03610 theta slight drift pseudo_cadence
t=03611 theta slight drift pseudo_cadence
t=03612 theta slight drift pseudo_cadence
t=03613 theta slight drift pseudo_cadence
t=03614 theta slight drift pseudo_cadence
t=03615 theta slight drift pseudo_cadence
t=03616 theta slight drift pseudo_cadence
t=03617 theta slight drift pseudo_cadence
t=03618 theta slight drift pseudo_cadence
t=03619 theta slight drift pseudo_cadence
t=03620 theta slight drift pseudo_cadence
t=03621 theta slight drift pseudo_cadence
t=03622 theta slight drift pseudo_cadence
t=03623 theta slight drift pseudo_cadence
t=03624 theta slight drift pseudo_cadence
t=03625 theta slight drift pseudo_cadence
t=03626 theta slight drift pseudo_cadence
t=03627 theta slight drift pseudo_cadence
t=03628 theta slight drift pseudo_cadence
t=03629 theta slight drift pseudo_cadence
t=03630 delta soft pulse pseudo_cadence
t=03631 delta soft pulse pseudo_cadence
t=03632 delta soft pulse pseudo_cadence
t=03633 delta soft pulse pseudo_cadence
t=03634 delta soft pulse pseudo_cadence
t=03635 delta soft pulse pseudo_cadence
t=03636 delta soft pulse pseudo_cadence
t=03637 delta soft pulse pseudo_cadence
t=03638 delta soft pulse pseudo_cadence
t=03639 delta soft pulse pseudo_cadence
t=03640 delta soft pulse pseudo_cadence
t=03641 delta soft pulse pseudo_cadence
t=03642 delta soft pulse pseudo_cadence
t=03643 delta soft pulse pseudo_cadence
t=03644 delta soft pulse pseudo_cadence
t=03645 delta soft pulse pseudo_cadence
t=03646 delta soft pulse pseudo_cadence
t=03647 delta soft pulse pseudo_cadence
t=03648 delta soft pulse pseudo_cadence
t=03649 delta soft pulse pseudo_cadence
t=03650 delta soft pulse pseudo_cadence
t=03651 delta soft pulse pseudo_cadence
t=03652 delta soft pulse pseudo_cadence
t=03653 delta soft pulse pseudo_cadence
t=03654 delta soft pulse pseudo_cadence
t=03655 delta soft pulse pseudo_cadence
t=03656 delta soft pulse pseudo_cadence
t=03657 delta soft pulse pseudo_cadence
t=03658 delta soft pulse pseudo_cadence
t=03659 delta soft pulse pseudo_cadence
t=03660 quiet_field carrier
t=03661 quiet_field carrier
t=03662 quiet_field carrier
t=03663 quiet_field carrier
t=03664 quiet_field carrier
t=03665 quiet_field carrier
t=03666 quiet_field carrier
t=03667 quiet_field carrier
t=03668 quiet_field carrier
t=03669 quiet_field carrier
t=03670 quiet_field carrier
t=03671 quiet_field carrier
t=03672 quiet_field carrier
t=03673 quiet_field carrier
t=03674 quiet_field carrier
t=03675 quiet_field carrier
t=03676 quiet_field carrier
t=03677 quiet_field carrier
t=03678 quiet_field carrier
t=03679 quiet_field carrier
t=03680 quiet_field carrier
t=03681 quiet_field carrier
t=03682 quiet_field carrier
t=03683 quiet_field carrier
t=03684 quiet_field carrier
t=03685 quiet_field carrier
t=03686 quiet_field carrier
t=03687 quiet_field carrier
t=03688 quiet_field carrier
t=03689 quiet_field carrier
t=03690 quiet_field carrier
t=03691 quiet_field carrier
t=03692 quiet_field carrier
t=03693 quiet_field carrier
t=03694 quiet_field carrier
t=03695 quiet_field carrier
t=03696 quiet_field carrier
t=03697 quiet_field carrier
t=03698 quiet_field carrier
t=03699 quiet_field carrier
t=03700 unmatched shard a divergence_zone
t=03701 unmatched shard b divergence_zone
t=03702 unmatched shard b divergence_zone
t=03703 unmatched shard b divergence_zone
t=03704 unmatched shard c divergence_zone
t=03705 quiet_field carrier divergence_zone
t=03706 unmatched shard c divergence_zone
t=03707 quiet_field carrier divergence_zone
t=03708 quiet_field carrier divergence_zone
t=03709 unmatched shard c divergence_zone
t=03710 unmatched shard a divergence_zone
t=03711 unmatched shard b divergence_zone
t=03712 unmatched shard b divergence_zone
t=03713 quiet_field carrier divergence_zone
t=03714 quiet_field carrier divergence_zone
t=03715 quiet_field carrier divergence_zone
t=03716 unmatched shard a divergence_zone
t=03717 unmatched shard a divergence_zone
t=03718 quiet_field carrier divergence_zone
t=03719 quiet_field carrier divergence_zone
t=03720 unmatched shard b divergence_zone
t=03721 unmatched shard a divergence_zone
t=03722 quiet_field carrier divergence_zone
t=03723 unmatched shard a divergence_zone
t=03724 unmatched shard c divergence_zone
t=03725 quiet_field carrier divergence_zone
t=03726 unmatched shard a divergence_zone
t=03727 unmatched shard c divergence_zone
t=03728 unmatched shard b divergence_zone
t=03729 quiet_field carrier divergence_zone
t=03730 unmatched shard b divergence_zone
t=03731 unmatched shard c divergence_zone
t=03732 unmatched shard c divergence_zone
t=03733 unmatched shard a divergence_zone
t=03734 quiet_field carrier divergence_zone
t=03735 unmatched shard a divergence_zone
t=03736 unmatched shard b divergence_zone
t=03737 unmatched shard b divergence_zone
t=03738 unmatched shard a divergence_zone
t=03739 unmatched shard c divergence_zone
t=03740 unmatched shard a divergence_zone
t=03741 unmatched shard c divergence_zone
t=03742 quiet_field carrier divergence_zone
t=03743 unmatched shard a divergence_zone
t=03744 unmatched shard c divergence_zone
t=03745 unmatched shard b divergence_zone
t=03746 unmatched shard c divergence_zone
t=03747 quiet_field carrier divergence_zone
t=03748 unmatched shard b divergence_zone
t=03749 unmatched shard c divergence_zone
t=03750 unmatched shard b divergence_zone
t=03751 quiet_field carrier divergence_zone
t=03752 quiet_field carrier divergence_zone
t=03753 quiet_field carrier divergence_zone
t=03754 unmatched shard c divergence_zone
t=03755 quiet_field carrier divergence_zone
t=03756 unmatched shard c divergence_zone
t=03757 unmatched shard c divergence_zone
t=03758 unmatched shard a divergence_zone
t=03759 unmatched shard b divergence_zone
t=03760 unmatched shard b divergence_zone
t=03761 unmatched shard b divergence_zone
t=03762 unmatched shard c divergence_zone
t=03763 quiet_field carrier divergence_zone
t=03764 unmatched shard b divergence_zone
t=03765 unmatched shard b divergence_zone
t=03766 unmatched shard c divergence_zone
t=03767 unmatched shard c divergence_zone
t=03768 quiet_field carrier divergence_zone
t=03769 unmatched shard b divergence_zone
t=03770 unmatched shard b divergence_zone
t=03771 unmatched shard a divergence_zone
t=03772 quiet_field carrier divergence_zone
t=03773 unmatched shard a divergence_zone
t=03774 unmatched shard a divergence_zone
t=03775 unmatched shard a divergence_zone
t=03776 quiet_field carrier divergence_zone
t=03777 unmatched shard c divergence_zone
t=03778 unmatched shard a divergence_zone
t=03779 quiet_field carrier divergence_zone
t=03780 unmatched shard b divergence_zone
t=03781 quiet_field carrier divergence_zone
t=03782 quiet_field carrier divergence_zone
t=03783 quiet_field carrier divergence_zone
t=03784 unmatched shard b divergence_zone
t=03785 unmatched shard b divergence_zone
t=03786 quiet_field carrier divergence_zone
t=03787 unmatched shard a divergence_zone
t=03788 unmatched shard b divergence_zone
t=03789 unmatched shard b divergence_zone
t=03790 unmatched shard a divergence_zone
t=03791 unmatched shard c divergence_zone
t=03792 unmatched shard a divergence_zone
t=03793 unmatched shard b divergence_zone
t=03794 quiet_field carrier divergence_zone
t=03795 unmatched shard b divergence_zone
t=03796 unmatched shard a divergence_zone
t=03797 unmatched shard a divergence_zone
t=03798 unmatched shard a divergence_zone
t=03799 unmatched shard b divergence_zone
t=03800 quiet_field carrier divergence_zone
t=03801 unmatched shard b divergence_zone
t=03802 quiet_field carrier divergence_zone
t=03803 quiet_field carrier divergence_zone
t=03804 quiet_field carrier divergence_zone
t=03805 unmatched shard c divergence_zone
t=03806 unmatched shard a divergence_zone
t=03807 unmatched shard b divergence_zone
t=03808 unmatched shard b divergence_zone
t=03809 quiet_field carrier divergence_zone
t=03810 quiet_field carrier divergence_zone
t=03811 quiet_field carrier divergence_zone
t=03812 unmatched shard b divergence_zone
t=03813 unmatched shard b divergence_zone
t=03814 unmatched shard c divergence_zone
t=03815 unmatched shard a divergence_zone
t=03816 unmatched shard c divergence_zone
t=03817 quiet_field carrier divergence_zone
t=03818 unmatched shard b divergence_zone
t=03819 unmatched shard b divergence_zone
t=03820 quiet_field carrier divergence_zone
t=03821 unmatched shard a divergence_zone
t=03822 unmatched shard a divergence_zone
t=03823 quiet_field carrier divergence_zone
t=03824 unmatched shard c divergence_zone
t=03825 unmatched shard b divergence_zone
t=03826 unmatched shard a divergence_zone
t=03827 unmatched shard b divergence_zone
t=03828 unmatched shard c divergence_zone
t=03829 unmatched shard a divergence_zone
t=03830 quiet_field carrier divergence_zone
t=03831 unmatched shard c divergence_zone
t=03832 unmatched shard c divergence_zone
t=03833 quiet_field carrier divergence_zone
t=03834 unmatched shard b divergence_zone
t=03835 quiet_field carrier divergence_zone
t=03836 unmatched shard c divergence_zone
t=03837 unmatched shard a divergence_zone
t=03838 unmatched shard b divergence_zone
t=03839 quiet_field carrier divergence_zone
t=03840 theta slight drift reinforcement_candidate
t=03841 iota boundary hint reinforcement_candidate
t=03842 alpha weak rise reinforcement_candidate
t=03843 alpha weak rise reinforcement_candidate
t=03844 alpha weak rise reinforcement_candidate
t=03845 gamma soft pulse imperfect_echo
t=03846 gamma soft pulse imperfect_echo
t=03847 gamma soft pulse imperfect_echo
t=03848 gamma soft pulse imperfect_echo
t=03849 gamma soft pulse imperfect_echo
t=03850 gamma soft pulse imperfect_echo
t=03851 gamma soft pulse imperfect_echo
t=03852 gamma soft pulse imperfect_echo
t=03853 gamma soft pulse imperfect_echo
t=03854 gamma soft pulse imperfect_echo
t=03855 gamma soft pulse imperfect_echo
t=03856 gamma soft pulse imperfect_echo
t=03857 gamma soft pulse imperfect_echo
t=03858 gamma soft pulse imperfect_echo
t=03859 gamma soft pulse imperfect_echo
t=03860 gamma soft pulse imperfect_echo
t=03861 gamma soft pulse imperfect_echo
t=03862 gamma soft pulse imperfect_echo
t=03863 gamma soft pulse imperfect_echo
t=03864 gamma soft pulse imperfect_echo
t=03865 gamma soft pulse imperfect_echo
t=03866 gamma soft pulse imperfect_echo
t=03867 gamma soft pulse imperfect_echo
t=03868 gamma soft pulse imperfect_echo
t=03869 gamma soft pulse imperfect_echo
t=03870 gamma soft pulse imperfect_echo
t=03871 gamma soft pulse imperfect_echo
t=03872 gamma soft pulse imperfect_echo
t=03873 gamma soft pulse imperfect_echo
t=03874 gamma soft pulse imperfect_echo
t=03875 alpha weak rise imperfect_echo
t=03876 alpha weak rise imperfect_echo
t=03877 alpha weak rise imperfect_echo
t=03878 alpha weak rise imperfect_echo
t=03879 alpha weak rise imperfect_echo
t=03880 alpha weak rise imperfect_echo
t=03881 alpha weak rise imperfect_echo
t=03882 alpha weak rise imperfect_echo
t=03883 alpha weak rise imperfect_echo
t=03884 alpha weak rise imperfect_echo
t=03885 alpha weak rise imperfect_echo
t=03886 alpha weak rise imperfect_echo
t=03887 alpha weak rise imperfect_echo
t=03888 alpha weak rise imperfect_echo
t=03889 alpha weak rise imperfect_echo
t=03890 alpha weak rise imperfect_echo
t=03891 alpha weak rise imperfect_echo
t=03892 alpha weak rise imperfect_echo
t=03893 alpha weak rise imperfect_echo
t=03894 alpha weak rise imperfect_echo
t=03895 alpha weak rise imperfect_echo
t=03896 alpha weak rise imperfect_echo
t=03897 alpha weak rise imperfect_echo
t=03898 alpha weak rise imperfect_echo
t=03899 alpha weak rise imperfect_echo
t=03900 alpha weak rise imperfect_echo
t=03901 alpha weak rise imperfect_echo
t=03902 alpha weak rise imperfect_echo
t=03903 alpha weak rise imperfect_echo
t=03904 alpha weak rise imperfect_echo
t=03905 beta weak fall imperfect_echo
t=03906 beta weak fall imperfect_echo
t=03907 beta weak fall imperfect_echo
t=03908 beta weak fall imperfect_echo
t=03909 beta weak fall imperfect_echo
t=03910 beta weak fall imperfect_echo
t=03911 beta weak fall imperfect_echo
t=03912 beta weak fall imperfect_echo
t=03913 beta weak fall imperfect_echo
t=03914 beta weak fall imperfect_echo
t=03915 beta weak fall imperfect_echo
t=03916 beta weak fall imperfect_echo
t=03917 beta weak fall imperfect_echo
t=03918 beta weak fall imperfect_echo
t=03919 beta weak fall imperfect_echo
t=03920 beta weak fall imperfect_echo
t=03921 beta weak fall imperfect_echo
t=03922 beta weak fall imperfect_echo
t=03923 beta weak fall imperfect_echo
t=03924 beta weak fall imperfect_echo
t=03925 beta weak fall imperfect_echo
t=03926 beta weak fall imperfect_echo
t=03927 beta weak fall imperfect_echo
t=03928 beta weak fall imperfect_echo
t=03929 beta weak fall imperfect_echo
t=03930 beta weak fall imperfect_echo
t=03931 beta weak fall imperfect_echo
t=03932 beta weak fall imperfect_echo
t=03933 beta weak fall imperfect_echo
t=03934 beta weak fall imperfect_echo
t=03935 alpha weak rise imperfect_echo
t=03936 alpha weak rise imperfect_echo
t=03937 alpha weak rise imperfect_echo
t=03938 alpha weak rise imperfect_echo
t=03939 alpha weak rise imperfect_echo
t=03940 alpha weak rise imperfect_echo
t=03941 alpha weak rise imperfect_echo
t=03942 alpha weak rise imperfect_echo
t=03943 alpha weak rise imperfect_echo
t=03944 alpha weak rise imperfect_echo
t=03945 alpha weak rise imperfect_echo
t=03946 alpha weak rise imperfect_echo
t=03947 alpha weak rise imperfect_echo
t=03948 alpha weak rise imperfect_echo
t=03949 alpha weak rise imperfect_echo
t=03950 alpha weak rise imperfect_echo
t=03951 alpha weak rise imperfect_echo
t=03952 alpha weak rise imperfect_echo
t=03953 alpha weak rise imperfect_echo
t=03954 alpha weak rise imperfect_echo
t=03955 alpha weak rise imperfect_echo
t=03956 alpha weak rise imperfect_echo
t=03957 alpha weak rise imperfect_echo
t=03958 alpha weak rise imperfect_echo
t=03959 alpha weak rise imperfect_echo
t=03960 alpha weak rise imperfect_echo
t=03961 alpha weak rise imperfect_echo
t=03962 alpha weak rise imperfect_echo
t=03963 alpha weak rise imperfect_echo
t=03964 alpha weak rise imperfect_echo
t=03965 alpha weak rise reinforcement_candidate
t=03966 iota boundary hint reinforcement_candidate
t=03967 alpha weak rise reinforcement_candidate
t=03968 theta slight drift reinforcement_candidate
t=03969 alpha weak rise reinforcement_candidate
t=03970 theta slight drift reinforcement_candidate
t=03971 alpha weak rise reinforcement_candidate
t=03972 alpha weak rise reinforcement_candidate
t=03973 alpha weak rise reinforcement_candidate
t=03974 theta slight drift reinforcement_candidate
t=03975 alpha weak rise reinforcement_candidate
t=03976 alpha weak rise reinforcement_candidate
t=03977 theta slight drift reinforcement_candidate
t=03978 alpha weak rise reinforcement_candidate
t=03979 iota boundary hint reinforcement_candidate
t=03980 quiet_field carrier
t=03981 quiet_field carrier
t=03982 quiet_field carrier
t=03983 quiet_field carrier
t=03984 quiet_field carrier
t=03985 quiet_field carrier
t=03986 quiet_field carrier
t=03987 quiet_field carrier
t=03988 quiet_field carrier
t=03989 quiet_field carrier
t=03990 quiet_field carrier
t=03991 quiet_field carrier
t=03992 quiet_field carrier
t=03993 quiet_field carrier
t=03994 quiet_field carrier
t=03995 quiet_field carrier
t=03996 quiet_field carrier
t=03997 quiet_field carrier
t=03998 quiet_field carrier
t=03999 quiet_field carrier
t=04000 quiet_field carrier
t=04001 quiet_field carrier
t=04002 quiet_field carrier
t=04003 quiet_field carrier
t=04004 quiet_field carrier
t=04005 quiet_field carrier
t=04006 quiet_field carrier
t=04007 quiet_field carrier
t=04008 quiet_field carrier
t=04009 quiet_field carrier
t=04010 quiet_field carrier
t=04011 quiet_field carrier
t=04012 quiet_field carrier
t=04013 quiet_field carrier
t=04014 quiet_field carrier
t=04015 quiet_field carrier
t=04016 quiet_field carrier
t=04017 quiet_field carrier
t=04018 quiet_field carrier
t=04019 quiet_field carrier
t=04020 quiet_field carrier
t=04021 quiet_field carrier
t=04022 quiet_field carrier
t=04023 quiet_field carrier
t=04024 quiet_field carrier
t=04025 quiet_field carrier
t=04026 quiet_field carrier
t=04027 quiet_field carrier
t=04028 quiet_field carrier
t=04029 quiet_field carrier
t=04030 quiet_field carrier
t=04031 quiet_field carrier
t=04032 quiet_field carrier
t=04033 quiet_field carrier
t=04034 quiet_field carrier
t=04035 quiet_field carrier
t=04036 quiet_field carrier
t=04037 quiet_field carrier
t=04038 quiet_field carrier
t=04039 quiet_field carrier
t=04040 iota boundary hint pseudo_cadence
t=04041 iota boundary hint pseudo_cadence
t=04042 iota boundary hint pseudo_cadence
t=04043 iota boundary hint pseudo_cadence
t=04044 iota boundary hint pseudo_cadence
t=04045 iota boundary hint pseudo_cadence
t=04046 iota boundary hint pseudo_cadence
t=04047 iota boundary hint pseudo_cadence
t=04048 iota boundary hint pseudo_cadence
t=04049 iota boundary hint pseudo_cadence
t=04050 iota boundary hint pseudo_cadence
t=04051 iota boundary hint pseudo_cadence
t=04052 iota boundary hint pseudo_cadence
t=04053 iota boundary hint pseudo_cadence
t=04054 iota boundary hint pseudo_cadence
t=04055 iota boundary hint pseudo_cadence
t=04056 iota boundary hint pseudo_cadence
t=04057 iota boundary hint pseudo_cadence
t=04058 iota boundary hint pseudo_cadence
t=04059 iota boundary hint pseudo_cadence
t=04060 iota boundary hint pseudo_cadence
t=04061 iota boundary hint pseudo_cadence
t=04062 iota boundary hint pseudo_cadence
t=04063 iota boundary hint pseudo_cadence
t=04064 iota boundary hint pseudo_cadence
t=04065 iota boundary hint pseudo_cadence
t=04066 iota boundary hint pseudo_cadence
t=04067 iota boundary hint pseudo_cadence
t=04068 iota boundary hint pseudo_cadence
t=04069 iota boundary hint pseudo_cadence
t=04070 kappa boundary hint pseudo_cadence
t=04071 kappa boundary hint pseudo_cadence
t=04072 kappa boundary hint pseudo_cadence
t=04073 kappa boundary hint pseudo_cadence
t=04074 kappa boundary hint pseudo_cadence
t=04075 kappa boundary hint pseudo_cadence
t=04076 kappa boundary hint pseudo_cadence
t=04077 kappa boundary hint pseudo_cadence
t=04078 kappa boundary hint pseudo_cadence
t=04079 kappa boundary hint pseudo_cadence
t=04080 kappa boundary hint pseudo_cadence
t=04081 kappa boundary hint pseudo_cadence
t=04082 kappa boundary hint pseudo_cadence
t=04083 kappa boundary hint pseudo_cadence
t=04084 kappa boundary hint pseudo_cadence
t=04085 kappa boundary hint pseudo_cadence
t=04086 kappa boundary hint pseudo_cadence
t=04087 kappa boundary hint pseudo_cadence
t=04088 kappa boundary hint pseudo_cadence
t=04089 kappa boundary hint pseudo_cadence
t=04090 kappa boundary hint pseudo_cadence
t=04091 kappa boundary hint pseudo_cadence
t=04092 kappa boundary hint pseudo_cadence
t=04093 kappa boundary hint pseudo_cadence
t=04094 kappa boundary hint pseudo_cadence
t=04095 kappa boundary hint pseudo_cadence
t=04096 kappa boundary hint pseudo_cadence
t=04097 kappa boundary hint pseudo_cadence
t=04098 kappa boundary hint pseudo_cadence
t=04099 kappa boundary hint pseudo_cadence
t=04100 iota boundary hint pseudo_cadence
t=04101 iota boundary hint pseudo_cadence
t=04102 iota boundary hint pseudo_cadence
t=04103 iota boundary hint pseudo_cadence
t=04104 iota boundary hint pseudo_cadence
t=04105 iota boundary hint pseudo_cadence
t=04106 iota boundary hint pseudo_cadence
t=04107 iota boundary hint pseudo_cadence
t=04108 iota boundary hint pseudo_cadence
t=04109 iota boundary hint pseudo_cadence
t=04110 iota boundary hint pseudo_cadence
t=04111 iota boundary hint pseudo_cadence
t=04112 iota boundary hint pseudo_cadence
t=04113 iota boundary hint pseudo_cadence
t=04114 iota boundary hint pseudo_cadence
t=04115 iota boundary hint pseudo_cadence
t=04116 iota boundary hint pseudo_cadence
t=04117 iota boundary hint pseudo_cadence
t=04118 iota boundary hint pseudo_cadence
t=04119 iota boundary hint pseudo_cadence
t=04120 iota boundary hint pseudo_cadence
t=04121 iota boundary hint pseudo_cadence
t=04122 iota boundary hint pseudo_cadence
t=04123 iota boundary hint pseudo_cadence
t=04124 iota boundary hint pseudo_cadence
t=04125 iota boundary hint pseudo_cadence
t=04126 iota boundary hint pseudo_cadence
t=04127 iota boundary hint pseudo_cadence
t=04128 iota boundary hint pseudo_cadence
t=04129 iota boundary hint pseudo_cadence
t=04130 mu local flicker pseudo_cadence
t=04131 mu local flicker pseudo_cadence
t=04132 mu local flicker pseudo_cadence
t=04133 mu local flicker pseudo_cadence
t=04134 mu local flicker pseudo_cadence
t=04135 mu local flicker pseudo_cadence
t=04136 mu local flicker pseudo_cadence
t=04137 mu local flicker pseudo_cadence
t=04138 mu local flicker pseudo_cadence
t=04139 mu local flicker pseudo_cadence
t=04140 mu local flicker pseudo_cadence
t=04141 mu local flicker pseudo_cadence
t=04142 mu local flicker pseudo_cadence
t=04143 mu local flicker pseudo_cadence
t=04144 mu local flicker pseudo_cadence
t=04145 mu local flicker pseudo_cadence
t=04146 mu local flicker pseudo_cadence
t=04147 mu local flicker pseudo_cadence
t=04148 mu local flicker pseudo_cadence
t=04149 mu local flicker pseudo_cadence
t=04150 mu local flicker pseudo_cadence
t=04151 mu local flicker pseudo_cadence
t=04152 mu local flicker pseudo_cadence
t=04153 mu local flicker pseudo_cadence
t=04154 mu local flicker pseudo_cadence
t=04155 mu local flicker pseudo_cadence
t=04156 mu local flicker pseudo_cadence
t=04157 mu local flicker pseudo_cadence
t=04158 mu local flicker pseudo_cadence
t=04159 mu local flicker pseudo_cadence
t=04160 quiet_field carrier
t=04161 quiet_field carrier
t=04162 quiet_field carrier
t=04163 quiet_field carrier
t=04164 quiet_field carrier
t=04165 quiet_field carrier
t=04166 quiet_field carrier
t=04167 quiet_field carrier
t=04168 quiet_field carrier
t=04169 quiet_field carrier
t=04170 quiet_field carrier
t=04171 quiet_field carrier
t=04172 quiet_field carrier
t=04173 quiet_field carrier
t=04174 quiet_field carrier
t=04175 quiet_field carrier
t=04176 quiet_field carrier
t=04177 quiet_field carrier
t=04178 quiet_field carrier
t=04179 quiet_field carrier
t=04180 quiet_field carrier
t=04181 quiet_field carrier
t=04182 quiet_field carrier
t=04183 quiet_field carrier
t=04184 quiet_field carrier
t=04185 quiet_field carrier
t=04186 quiet_field carrier
t=04187 quiet_field carrier
t=04188 quiet_field carrier
t=04189 quiet_field carrier
t=04190 quiet_field carrier
t=04191 quiet_field carrier
t=04192 quiet_field carrier
t=04193 quiet_field carrier
t=04194 quiet_field carrier
t=04195 quiet_field carrier
t=04196 quiet_field carrier
t=04197 quiet_field carrier
t=04198 quiet_field carrier
t=04199 quiet_field carrier
t=04200 quiet_field carrier
t=04201 quiet_field carrier
t=04202 quiet_field carrier
t=04203 quiet_field carrier
t=04204 quiet_field carrier
t=04205 quiet_field carrier
t=04206 quiet_field carrier
t=04207 quiet_field carrier
t=04208 quiet_field carrier
t=04209 quiet_field carrier
t=04210 quiet_field carrier
t=04211 quiet_field carrier
t=04212 quiet_field carrier
t=04213 quiet_field carrier
t=04214 quiet_field carrier
t=04215 quiet_field carrier
t=04216 quiet_field carrier
t=04217 quiet_field carrier
t=04218 quiet_field carrier
t=04219 quiet_field carrier
t=04220 quiet_field carrier
t=04221 quiet_field carrier
t=04222 quiet_field carrier
t=04223 quiet_field carrier
t=04224 quiet_field carrier
t=04225 quiet_field carrier
t=04226 quiet_field carrier
t=04227 quiet_field carrier
t=04228 quiet_field carrier
t=04229 quiet_field carrier
t=04230 quiet_field carrier
t=04231 quiet_field carrier
t=04232 quiet_field carrier
t=04233 quiet_field carrier
t=04234 quiet_field carrier
t=04235 quiet_field carrier
t=04236 quiet_field carrier
t=04237 quiet_field carrier
t=04238 quiet_field carrier
t=04239 quiet_field carrier
t=04240 quiet_field carrier
t=04241 quiet_field carrier
t=04242 quiet_field carrier
t=04243 quiet_field carrier
t=04244 quiet_field carrier
t=04245 quiet_field carrier
t=04246 quiet_field carrier
t=04247 quiet_field carrier
t=04248 quiet_field carrier
t=04249 quiet_field carrier
t=04250 quiet_field carrier
t=04251 quiet_field carrier
t=04252 quiet_field carrier
t=04253 quiet_field carrier
t=04254 quiet_field carrier
t=04255 quiet_field carrier
t=04256 quiet_field carrier
t=04257 quiet_field carrier
t=04258 quiet_field carrier
t=04259 quiet_field carrier
t=04260 quiet_field carrier
t=04261 quiet_field carrier
t=04262 quiet_field carrier
t=04263 quiet_field carrier
t=04264 quiet_field carrier
t=04265 quiet_field carrier
t=04266 quiet_field carrier
t=04267 quiet_field carrier
t=04268 quiet_field carrier
t=04269 quiet_field carrier
t=04270 quiet_field carrier
t=04271 quiet_field carrier
t=04272 quiet_field carrier
t=04273 quiet_field carrier
t=04274 quiet_field carrier
t=04275 quiet_field carrier
t=04276 quiet_field carrier
t=04277 quiet_field carrier
t=04278 quiet_field carrier
t=04279 quiet_field carrier
t=04280 quiet_field carrier
t=04281 quiet_field carrier
t=04282 quiet_field carrier
t=04283 quiet_field carrier
t=04284 quiet_field carrier
t=04285 quiet_field carrier
t=04286 quiet_field carrier
t=04287 quiet_field carrier
t=04288 quiet_field carrier
t=04289 quiet_field carrier
t=04290 quiet_field carrier
t=04291 quiet_field carrier
t=04292 quiet_field carrier
t=04293 quiet_field carrier
t=04294 quiet_field carrier
t=04295 quiet_field carrier
t=04296 quiet_field carrier
t=04297 quiet_field carrier
t=04298 quiet_field carrier
t=04299 quiet_field carrier
t=04300 quiet_field carrier
t=04301 quiet_field carrier
t=04302 quiet_field carrier
t=04303 quiet_field carrier
t=04304 quiet_field carrier
t=04305 quiet_field carrier
t=04306 quiet_field carrier
t=04307 quiet_field carrier
t=04308 quiet_field carrier
t=04309 quiet_field carrier
t=04310 quiet_field carrier
t=04311 quiet_field carrier
t=04312 quiet_field carrier
t=04313 quiet_field carrier
t=04314 quiet_field carrier
t=04315 quiet_field carrier
t=04316 quiet_field carrier
t=04317 quiet_field carrier
t=04318 quiet_field carrier
t=04319 quiet_field carrier
t=04320 quiet_field carrier
t=04321 quiet_field carrier
t=04322 quiet_field carrier
t=04323 quiet_field carrier
t=04324 quiet_field carrier
t=04325 quiet_field carrier
t=04326 quiet_field carrier
t=04327 quiet_field carrier
t=04328 quiet_field carrier
t=04329 quiet_field carrier
t=04330 quiet_field carrier
t=04331 quiet_field carrier
t=04332 quiet_field carrier
t=04333 quiet_field carrier
t=04334 quiet_field carrier
t=04335 quiet_field carrier
t=04336 quiet_field carrier
t=04337 quiet_field carrier
t=04338 quiet_field carrier
t=04339 quiet_field carrier
t=04340 quiet_field carrier
t=04341 quiet_field carrier
t=04342 quiet_field carrier
t=04343 quiet_field carrier
t=04344 quiet_field carrier
t=04345 quiet_field carrier
t=04346 quiet_field carrier
t=04347 quiet_field carrier
t=04348 quiet_field carrier
t=04349 quiet_field carrier
t=04350 quiet_field carrier
t=04351 quiet_field carrier
t=04352 quiet_field carrier
t=04353 quiet_field carrier
t=04354 quiet_field carrier
t=04355 quiet_field carrier
t=04356 quiet_field carrier
t=04357 quiet_field carrier
t=04358 quiet_field carrier
t=04359 quiet_field carrier
t=04360 quiet_field carrier
t=04361 quiet_field carrier
t=04362 quiet_field carrier
t=04363 quiet_field carrier
t=04364 quiet_field carrier
t=04365 quiet_field carrier
t=04366 quiet_field carrier
t=04367 quiet_field carrier
t=04368 quiet_field carrier
t=04369 quiet_field carrier
t=04370 quiet_field carrier
t=04371 quiet_field carrier
t=04372 quiet_field carrier
t=04373 quiet_field carrier
t=04374 quiet_field carrier
t=04375 quiet_field carrier
t=04376 quiet_field carrier
t=04377 quiet_field carrier
t=04378 quiet_field carrier
t=04379 quiet_field carrier
t=04380 quiet_field carrier
t=04381 quiet_field carrier
t=04382 quiet_field carrier
t=04383 quiet_field carrier
t=04384 quiet_field carrier
t=04385 quiet_field carrier
t=04386 quiet_field carrier
t=04387 quiet_field carrier
t=04388 quiet_field carrier
t=04389 quiet_field carrier
t=04390 quiet_field carrier
t=04391 quiet_field carrier
t=04392 quiet_field carrier
t=04393 quiet_field carrier
t=04394 quiet_field carrier
t=04395 quiet_field carrier
t=04396 quiet_field carrier
t=04397 quiet_field carrier
t=04398 quiet_field carrier
t=04399 quiet_field carrier
t=04400 quiet_field carrier
t=04401 quiet_field carrier
t=04402 quiet_field carrier
t=04403 quiet_field carrier
t=04404 quiet_field carrier
t=04405 quiet_field carrier
t=04406 quiet_field carrier
t=04407 quiet_field carrier
t=04408 quiet_field carrier
t=04409 quiet_field carrier
t=04410 quiet_field carrier
t=04411 quiet_field carrier
t=04412 quiet_field carrier
t=04413 quiet_field carrier
t=04414 quiet_field carrier
t=04415 quiet_field carrier
t=04416 quiet_field carrier
t=04417 quiet_field carrier
t=04418 quiet_field carrier
t=04419 quiet_field carrier
t=04420 quiet_field carrier
t=04421 quiet_field carrier
t=04422 quiet_field carrier
t=04423 quiet_field carrier
t=04424 quiet_field carrier
t=04425 quiet_field carrier
t=04426 quiet_field carrier
t=04427 quiet_field carrier
t=04428 quiet_field carrier
t=04429 quiet_field carrier
t=04430 quiet_field carrier
t=04431 quiet_field carrier
t=04432 quiet_field carrier
t=04433 quiet_field carrier
t=04434 quiet_field carrier
t=04435 quiet_field carrier
t=04436 quiet_field carrier
t=04437 quiet_field carrier
t=04438 quiet_field carrier
t=04439 quiet_field carrier
t=04440 quiet_field carrier
t=04441 quiet_field carrier
t=04442 quiet_field carrier
t=04443 quiet_field carrier
t=04444 quiet_field carrier
t=04445 quiet_field carrier
t=04446 quiet_field carrier
t=04447 quiet_field carrier
t=04448 quiet_field carrier
t=04449 quiet_field carrier
t=04450 quiet_field carrier
t=04451 quiet_field carrier
t=04452 quiet_field carrier
t=04453 quiet_field carrier
t=04454 quiet_field carrier
t=04455 quiet_field carrier
t=04456 quiet_field carrier
t=04457 quiet_field carrier
t=04458 quiet_field carrier
t=04459 quiet_field carrier
t=04460 quiet_field carrier
t=04461 quiet_field carrier
t=04462 quiet_field carrier
t=04463 quiet_field carrier
t=04464 quiet_field carrier
t=04465 quiet_field carrier
t=04466 quiet_field carrier
t=04467 quiet_field carrier
t=04468 quiet_field carrier
t=04469 quiet_field carrier
t=04470 quiet_field carrier
t=04471 quiet_field carrier
t=04472 quiet_field carrier
t=04473 quiet_field carrier
t=04474 quiet_field carrier
t=04475 quiet_field carrier
t=04476 quiet_field carrier
t=04477 quiet_field carrier
t=04478 quiet_field carrier
t=04479 quiet_field carrier
t=04480 quiet_field carrier
t=04481 quiet_field carrier
t=04482 quiet_field carrier
t=04483 quiet_field carrier
t=04484 quiet_field carrier
t=04485 quiet_field carrier
t=04486 quiet_field carrier
t=04487 quiet_field carrier
t=04488 quiet_field carrier
t=04489 quiet_field carrier
t=04490 quiet_field carrier
t=04491 quiet_field carrier
t=04492 quiet_field carrier
t=04493 quiet_field carrier
t=04494 quiet_field carrier
t=04495 quiet_field carrier
t=04496 quiet_field carrier
t=04497 quiet_field carrier
t=04498 quiet_field carrier
t=04499 quiet_field carrier
t=04500 quiet_field carrier
t=04501 quiet_field carrier
t=04502 quiet_field carrier
t=04503 quiet_field carrier
t=04504 quiet_field carrier
t=04505 quiet_field carrier
t=04506 quiet_field carrier
t=04507 quiet_field carrier
t=04508 quiet_field carrier
t=04509 quiet_field carrier
t=04510 quiet_field carrier
t=04511 quiet_field carrier
t=04512 quiet_field carrier
t=04513 quiet_field carrier
t=04514 quiet_field carrier
t=04515 quiet_field carrier
t=04516 quiet_field carrier
t=04517 quiet_field carrier
t=04518 quiet_field carrier
t=04519 quiet_field carrier
t=04520 quiet_field carrier
t=04521 quiet_field carrier
t=04522 quiet_field carrier
t=04523 quiet_field carrier
t=04524 quiet_field carrier
t=04525 quiet_field carrier
t=04526 quiet_field carrier
t=04527 quiet_field carrier
t=04528 quiet_field carrier
t=04529 quiet_field carrier
t=04530 quiet_field carrier
t=04531 quiet_field carrier
t=04532 quiet_field carrier
t=04533 quiet_field carrier
t=04534 quiet_field carrier
t=04535 quiet_field carrier
t=04536 quiet_field carrier
t=04537 quiet_field carrier
t=04538 quiet_field carrier
t=04539 quiet_field carrier
t=04540 alpha weak rise pseudo_cadence
t=04541 alpha weak rise pseudo_cadence
t=04542 alpha weak rise pseudo_cadence
t=04543 alpha weak rise pseudo_cadence
t=04544 alpha weak rise pseudo_cadence
t=04545 alpha weak rise pseudo_cadence
t=04546 alpha weak rise pseudo_cadence
t=04547 alpha weak rise pseudo_cadence
t=04548 alpha weak rise pseudo_cadence
t=04549 alpha weak rise pseudo_cadence
t=04550 alpha weak rise pseudo_cadence
t=04551 alpha weak rise pseudo_cadence
t=04552 alpha weak rise pseudo_cadence
t=04553 alpha weak rise pseudo_cadence
t=04554 alpha weak rise pseudo_cadence
t=04555 alpha weak rise pseudo_cadence
t=04556 alpha weak rise pseudo_cadence
t=04557 alpha weak rise pseudo_cadence
t=04558 alpha weak rise pseudo_cadence
t=04559 alpha weak rise pseudo_cadence
t=04560 alpha weak rise pseudo_cadence
t=04561 alpha weak rise pseudo_cadence
t=04562 alpha weak rise pseudo_cadence
t=04563 alpha weak rise pseudo_cadence
t=04564 alpha weak rise pseudo_cadence
t=04565 alpha weak rise pseudo_cadence
t=04566 alpha weak rise pseudo_cadence
t=04567 alpha weak rise pseudo_cadence
t=04568 alpha weak rise pseudo_cadence
t=04569 alpha weak rise pseudo_cadence
t=04570 beta weak fall pseudo_cadence
t=04571 beta weak fall pseudo_cadence
t=04572 beta weak fall pseudo_cadence
t=04573 beta weak fall pseudo_cadence
t=04574 beta weak fall pseudo_cadence
t=04575 beta weak fall pseudo_cadence
t=04576 beta weak fall pseudo_cadence
t=04577 beta weak fall pseudo_cadence
t=04578 beta weak fall pseudo_cadence
t=04579 beta weak fall pseudo_cadence
t=04580 beta weak fall pseudo_cadence
t=04581 beta weak fall pseudo_cadence
t=04582 beta weak fall pseudo_cadence
t=04583 beta weak fall pseudo_cadence
t=04584 beta weak fall pseudo_cadence
t=04585 beta weak fall pseudo_cadence
t=04586 beta weak fall pseudo_cadence
t=04587 beta weak fall pseudo_cadence
t=04588 beta weak fall pseudo_cadence
t=04589 beta weak fall pseudo_cadence
t=04590 beta weak fall pseudo_cadence
t=04591 beta weak fall pseudo_cadence
t=04592 beta weak fall pseudo_cadence
t=04593 beta weak fall pseudo_cadence
t=04594 beta weak fall pseudo_cadence
t=04595 beta weak fall pseudo_cadence
t=04596 beta weak fall pseudo_cadence
t=04597 beta weak fall pseudo_cadence
t=04598 beta weak fall pseudo_cadence
t=04599 beta weak fall pseudo_cadence
t=04600 alpha weak rise pseudo_cadence
t=04601 alpha weak rise pseudo_cadence
t=04602 alpha weak rise pseudo_cadence
t=04603 alpha weak rise pseudo_cadence
t=04604 alpha weak rise pseudo_cadence
t=04605 alpha weak rise pseudo_cadence
t=04606 alpha weak rise pseudo_cadence
t=04607 alpha weak rise pseudo_cadence
t=04608 alpha weak rise pseudo_cadence
t=04609 alpha weak rise pseudo_cadence
t=04610 alpha weak rise pseudo_cadence
t=04611 alpha weak rise pseudo_cadence
t=04612 alpha weak rise pseudo_cadence
t=04613 alpha weak rise pseudo_cadence
t=04614 alpha weak rise pseudo_cadence
t=04615 alpha weak rise pseudo_cadence
t=04616 alpha weak rise pseudo_cadence
t=04617 alpha weak rise pseudo_cadence
t=04618 alpha weak rise pseudo_cadence
t=04619 alpha weak rise pseudo_cadence
t=04620 alpha weak rise pseudo_cadence
t=04621 alpha weak rise pseudo_cadence
t=04622 alpha weak rise pseudo_cadence
t=04623 alpha weak rise pseudo_cadence
t=04624 alpha weak rise pseudo_cadence
t=04625 alpha weak rise pseudo_cadence
t=04626 alpha weak rise pseudo_cadence
t=04627 alpha weak rise pseudo_cadence
t=04628 alpha weak rise pseudo_cadence
t=04629 alpha weak rise pseudo_cadence
t=04630 gamma soft pulse pseudo_cadence
t=04631 gamma soft pulse pseudo_cadence
t=04632 gamma soft pulse pseudo_cadence
t=04633 gamma soft pulse pseudo_cadence
t=04634 gamma soft pulse pseudo_cadence
t=04635 gamma soft pulse pseudo_cadence
t=04636 gamma soft pulse pseudo_cadence
t=04637 gamma soft pulse pseudo_cadence
t=04638 gamma soft pulse pseudo_cadence
t=04639 gamma soft pulse pseudo_cadence
t=04640 gamma soft pulse pseudo_cadence
t=04641 gamma soft pulse pseudo_cadence
t=04642 gamma soft pulse pseudo_cadence
t=04643 gamma soft pulse pseudo_cadence
t=04644 gamma soft pulse pseudo_cadence
t=04645 gamma soft pulse pseudo_cadence
t=04646 gamma soft pulse pseudo_cadence
t=04647 gamma soft pulse pseudo_cadence
t=04648 gamma soft pulse pseudo_cadence
t=04649 gamma soft pulse pseudo_cadence
t=04650 gamma soft pulse pseudo_cadence
t=04651 gamma soft pulse pseudo_cadence
t=04652 gamma soft pulse pseudo_cadence
t=04653 gamma soft pulse pseudo_cadence
t=04654 gamma soft pulse pseudo_cadence
t=04655 gamma soft pulse pseudo_cadence
t=04656 gamma soft pulse pseudo_cadence
t=04657 gamma soft pulse pseudo_cadence
t=04658 gamma soft pulse pseudo_cadence
t=04659 gamma soft pulse pseudo_cadence
t=04660 theta slight drift imperfect_echo
t=04661 theta slight drift imperfect_echo
t=04662 theta slight drift imperfect_echo
t=04663 theta slight drift imperfect_echo
t=04664 theta slight drift imperfect_echo
t=04665 theta slight drift imperfect_echo
t=04666 theta slight drift imperfect_echo
t=04667 theta slight drift imperfect_echo
t=04668 theta slight drift imperfect_echo
t=04669 theta slight drift imperfect_echo
t=04670 theta slight drift imperfect_echo
t=04671 theta slight drift imperfect_echo
t=04672 theta slight drift imperfect_echo
t=04673 theta slight drift imperfect_echo
t=04674 theta slight drift imperfect_echo
t=04675 theta slight drift imperfect_echo
t=04676 theta slight drift imperfect_echo
t=04677 theta slight drift imperfect_echo
t=04678 theta slight drift imperfect_echo
t=04679 theta slight drift imperfect_echo
t=04680 theta slight drift imperfect_echo
t=04681 theta slight drift imperfect_echo
t=04682 theta slight drift imperfect_echo
t=04683 theta slight drift imperfect_echo
t=04684 theta slight drift imperfect_echo
t=04685 theta slight drift imperfect_echo
t=04686 theta slight drift imperfect_echo
t=04687 theta slight drift imperfect_echo
t=04688 theta slight drift imperfect_echo
t=04689 theta slight drift imperfect_echo
t=04690 quiet_field carrier
t=04691 quiet_field carrier
t=04692 quiet_field carrier
t=04693 quiet_field carrier
t=04694 quiet_field carrier
t=04695 quiet_field carrier
t=04696 quiet_field carrier
t=04697 quiet_field carrier
t=04698 quiet_field carrier
t=04699 quiet_field carrier
t=04700 quiet_field carrier
t=04701 quiet_field carrier
t=04702 quiet_field carrier
t=04703 quiet_field carrier
t=04704 quiet_field carrier
t=04705 quiet_field carrier
t=04706 quiet_field carrier
t=04707 quiet_field carrier
t=04708 quiet_field carrier
t=04709 quiet_field carrier
t=04710 quiet_field carrier
t=04711 quiet_field carrier
t=04712 quiet_field carrier
t=04713 quiet_field carrier
t=04714 quiet_field carrier
t=04715 quiet_field carrier
t=04716 quiet_field carrier
t=04717 quiet_field carrier
t=04718 quiet_field carrier
t=04719 quiet_field carrier
t=04720 quiet_field carrier
t=04721 quiet_field carrier
t=04722 quiet_field carrier
t=04723 quiet_field carrier
t=04724 quiet_field carrier
t=04725 quiet_field carrier
t=04726 quiet_field carrier
t=04727 quiet_field carrier
t=04728 quiet_field carrier
t=04729 quiet_field carrier
t=04730 quiet_field carrier
t=04731 quiet_field carrier
t=04732 quiet_field carrier
t=04733 quiet_field carrier
t=04734 quiet_field carrier
t=04735 quiet_field carrier
t=04736 quiet_field carrier
t=04737 quiet_field carrier
t=04738 quiet_field carrier
t=04739 quiet_field carrier
t=04740 quiet_field carrier
t=04741 quiet_field carrier
t=04742 quiet_field carrier
t=04743 quiet_field carrier
t=04744 quiet_field carrier
t=04745 quiet_field carrier
t=04746 quiet_field carrier
t=04747 quiet_field carrier
t=04748 quiet_field carrier
t=04749 quiet_field carrier
t=04750 quiet_field carrier
t=04751 quiet_field carrier
t=04752 quiet_field carrier
t=04753 quiet_field carrier
t=04754 quiet_field carrier
t=04755 quiet_field carrier
t=04756 quiet_field carrier
t=04757 quiet_field carrier
t=04758 quiet_field carrier
t=04759 quiet_field carrier
t=04760 quiet_field carrier
t=04761 quiet_field carrier
t=04762 quiet_field carrier
t=04763 quiet_field carrier
t=04764 quiet_field carrier
t=04765 quiet_field carrier
t=04766 quiet_field carrier
t=04767 quiet_field carrier
t=04768 quiet_field carrier
t=04769 quiet_field carrier
t=04770 quiet_field carrier
t=04771 quiet_field carrier
t=04772 quiet_field carrier
t=04773 quiet_field carrier
t=04774 quiet_field carrier
t=04775 quiet_field carrier
t=04776 quiet_field carrier
t=04777 quiet_field carrier
t=04778 quiet_field carrier
t=04779 quiet_field carrier
t=04780 quiet_field carrier
t=04781 quiet_field carrier
t=04782 quiet_field carrier
t=04783 quiet_field carrier
t=04784 quiet_field carrier
t=04785 quiet_field carrier
t=04786 quiet_field carrier
t=04787 quiet_field carrier
t=04788 quiet_field carrier
t=04789 quiet_field carrier
t=04790 quiet_field carrier
t=04791 quiet_field carrier
t=04792 quiet_field carrier
t=04793 quiet_field carrier
t=04794 quiet_field carrier
t=04795 quiet_field carrier
t=04796 quiet_field carrier
t=04797 quiet_field carrier
t=04798 quiet_field carrier
t=04799 quiet_field carrier
t=04800 quiet_field carrier
t=04801 quiet_field carrier
t=04802 quiet_field carrier
t=04803 quiet_field carrier
t=04804 quiet_field carrier
t=04805 quiet_field carrier
t=04806 quiet_field carrier
t=04807 quiet_field carrier
t=04808 quiet_field carrier
t=04809 quiet_field carrier
t=04810 quiet_field carrier
t=04811 quiet_field carrier
t=04812 quiet_field carrier
t=04813 quiet_field carrier
t=04814 quiet_field carrier
t=04815 quiet_field carrier
t=04816 quiet_field carrier
t=04817 quiet_field carrier
t=04818 quiet_field carrier
t=04819 quiet_field carrier
t=04820 quiet_field carrier
t=04821 quiet_field carrier
t=04822 quiet_field carrier
t=04823 quiet_field carrier
t=04824 quiet_field carrier
t=04825 quiet_field carrier
t=04826 quiet_field carrier
t=04827 quiet_field carrier
t=04828 quiet_field carrier
t=04829 quiet_field carrier
t=04830 quiet_field carrier
t=04831 quiet_field carrier
t=04832 quiet_field carrier
t=04833 quiet_field carrier
t=04834 quiet_field carrier
t=04835 quiet_field carrier
t=04836 quiet_field carrier
t=04837 quiet_field carrier
t=04838 quiet_field carrier
t=04839 quiet_field carrier
t=04840 quiet_field carrier
t=04841 quiet_field carrier
t=04842 quiet_field carrier
t=04843 quiet_field carrier
t=04844 quiet_field carrier
t=04845 quiet_field carrier
t=04846 quiet_field carrier
t=04847 quiet_field carrier
t=04848 quiet_field carrier
t=04849 quiet_field carrier
t=04850 quiet_field carrier
t=04851 quiet_field carrier
t=04852 quiet_field carrier
t=04853 quiet_field carrier
t=04854 quiet_field carrier
t=04855 quiet_field carrier
t=04856 quiet_field carrier
t=04857 quiet_field carrier
t=04858 quiet_field carrier
t=04859 quiet_field carrier
t=04860 quiet_field carrier
t=04861 quiet_field carrier
t=04862 quiet_field carrier
t=04863 quiet_field carrier
t=04864 quiet_field carrier
t=04865 quiet_field carrier
t=04866 quiet_field carrier
t=04867 quiet_field carrier
t=04868 quiet_field carrier
t=04869 quiet_field carrier
t=04870 quiet_field carrier
t=04871 quiet_field carrier
t=04872 quiet_field carrier
t=04873 quiet_field carrier
t=04874 quiet_field carrier
t=04875 quiet_field carrier
t=04876 quiet_field carrier
t=04877 quiet_field carrier
t=04878 quiet_field carrier
t=04879 quiet_field carrier
t=04880 quiet_field carrier
t=04881 quiet_field carrier
t=04882 quiet_field carrier
t=04883 quiet_field carrier
t=04884 quiet_field carrier
t=04885 quiet_field carrier
t=04886 quiet_field carrier
t=04887 quiet_field carrier
t=04888 quiet_field carrier
t=04889 quiet_field carrier
t=04890 quiet_field carrier
t=04891 quiet_field carrier
t=04892 quiet_field carrier
t=04893 quiet_field carrier
t=04894 quiet_field carrier
t=04895 quiet_field carrier
t=04896 quiet_field carrier
t=04897 quiet_field carrier
t=04898 quiet_field carrier
t=04899 quiet_field carrier
t=04900 quiet_field carrier
t=04901 quiet_field carrier
t=04902 quiet_field carrier
t=04903 quiet_field carrier
t=04904 quiet_field carrier
t=04905 quiet_field carrier
t=04906 quiet_field carrier
t=04907 quiet_field carrier
t=04908 quiet_field carrier
t=04909 quiet_field carrier
t=04910 quiet_field carrier
t=04911 quiet_field carrier
t=04912 quiet_field carrier
t=04913 quiet_field carrier
t=04914 quiet_field carrier
t=04915 quiet_field carrier
t=04916 quiet_field carrier
t=04917 quiet_field carrier
t=04918 quiet_field carrier
t=04919 quiet_field carrier
t=04920 quiet_field carrier
t=04921 quiet_field carrier
t=04922 quiet_field carrier
t=04923 quiet_field carrier
t=04924 quiet_field carrier
t=04925 quiet_field carrier
t=04926 quiet_field carrier
t=04927 quiet_field carrier
t=04928 quiet_field carrier
t=04929 quiet_field carrier
t=04930 quiet_field carrier
t=04931 quiet_field carrier
t=04932 quiet_field carrier
t=04933 quiet_field carrier
t=04934 quiet_field carrier
t=04935 quiet_field carrier
t=04936 quiet_field carrier
t=04937 quiet_field carrier
t=04938 quiet_field carrier
t=04939 quiet_field carrier
t=04940 iota boundary hint reinforcement_candidate
t=04941 alpha weak rise reinforcement_candidate
t=04942 alpha weak rise reinforcement_candidate
t=04943 theta slight drift reinforcement_candidate
t=04944 theta slight drift reinforcement_candidate
t=04945 alpha weak rise reinforcement_candidate
t=04946 theta slight drift reinforcement_candidate
t=04947 alpha weak rise reinforcement_candidate
t=04948 alpha weak rise reinforcement_candidate
t=04949 alpha weak rise reinforcement_candidate
t=04950 iota boundary hint reinforcement_candidate
t=04951 alpha weak rise reinforcement_candidate
t=04952 iota boundary hint reinforcement_candidate
t=04953 alpha weak rise reinforcement_candidate
t=04954 alpha weak rise reinforcement_candidate
t=04955 theta slight drift reinforcement_candidate
t=04956 alpha weak rise reinforcement_candidate
t=04957 alpha weak rise reinforcement_candidate
t=04958 iota boundary hint reinforcement_candidate
t=04959 alpha weak rise reinforcement_candidate
t=04960 alpha weak rise reinforcement_candidate
t=04961 alpha weak rise reinforcement_candidate
t=04962 alpha weak rise reinforcement_candidate
t=04963 alpha weak rise reinforcement_candidate
t=04964 iota boundary hint reinforcement_candidate
t=04965 alpha weak rise reinforcement_candidate
t=04966 alpha weak rise reinforcement_candidate
t=04967 alpha weak rise reinforcement_candidate
t=04968 alpha weak rise reinforcement_candidate
t=04969 alpha weak rise reinforcement_candidate
t=04970 alpha weak rise reinforcement_candidate
t=04971 iota boundary hint reinforcement_candidate
t=04972 alpha weak rise reinforcement_candidate
t=04973 iota boundary hint reinforcement_candidate
t=04974 alpha weak rise reinforcement_candidate
t=04975 theta slight drift reinforcement_candidate
t=04976 alpha weak rise reinforcement_candidate
t=04977 alpha weak rise reinforcement_candidate
t=04978 iota boundary hint reinforcement_candidate
t=04979 alpha weak rise reinforcement_candidate
t=04980 alpha weak rise reinforcement_candidate
t=04981 theta slight drift reinforcement_candidate
t=04982 alpha weak rise reinforcement_candidate
t=04983 theta slight drift reinforcement_candidate
t=04984 theta slight drift reinforcement_candidate
t=04985 alpha weak rise reinforcement_candidate
t=04986 alpha weak rise reinforcement_candidate
t=04987 iota boundary hint reinforcement_candidate
t=04988 theta slight drift reinforcement_candidate
t=04989 alpha weak rise reinforcement_candidate
t=04990 alpha weak rise reinforcement_candidate
t=04991 theta slight drift reinforcement_candidate
t=04992 alpha weak rise reinforcement_candidate
t=04993 theta slight drift reinforcement_candidate
t=04994 alpha weak rise reinforcement_candidate
t=04995 alpha weak rise reinforcement_candidate
t=04996 iota boundary hint reinforcement_candidate
t=04997 alpha weak rise reinforcement_candidate
t=04998 iota boundary hint reinforcement_candidate
t=04999 alpha weak rise reinforcement_candidate
t=05000 alpha weak rise reinforcement_candidate
